2025-07-15 21:00:20,999 - INFO - 시스템 초기화 완료
2025-07-15 21:08:01,445 - INFO - 시스템 초기화 완료
2025-07-15 21:08:01,897 - INFO - 프로세스 시작
2025-07-15 21:08:01,897 - INFO - 인기도 분석 (뉴스+블로그) 시작
2025-07-15 21:08:01,940 - INFO - CSV 파일 로드: 138개 행
2025-07-15 21:08:01,979 - INFO - 메뉴 항목 생성: 381개
2025-07-15 21:08:01,980 - INFO - 분석: 제육볶음
2025-07-15 21:08:02,968 - INFO - 완료: 제육볶음 (점수: 0.00)
2025-07-15 21:08:03,368 - INFO - 분석: 매운제육볶음
2025-07-15 21:08:04,629 - INFO - 완료: 매운제육볶음 (점수: 12.39)
2025-07-15 21:08:05,081 - INFO - 분석: 두부제육볶음
2025-07-15 21:08:06,013 - INFO - 완료: 두부제육볶음 (점수: 0.00)
2025-07-15 21:08:06,279 - INFO - 분석: 된장찌개
2025-07-15 21:08:07,256 - INFO - 완료: 된장찌개 (점수: 0.00)
2025-07-15 21:08:07,483 - INFO - 분석: 김치찌개
2025-07-15 21:08:08,466 - INFO - 완료: 김치찌개 (점수: 0.00)
2025-07-15 21:08:08,954 - INFO - 분석: 청국장찌개
2025-07-15 21:08:09,897 - INFO - 완료: 청국장찌개 (점수: 0.00)
2025-07-15 21:08:10,151 - INFO - 분석: 콩나물무침
2025-07-15 21:08:11,101 - INFO - 완료: 콩나물무침 (점수: 0.00)
2025-07-15 21:08:11,474 - INFO - 분석: 시금치나물
2025-07-15 21:08:12,936 - INFO - 완료: 시금치나물 (점수: 44.79)
2025-07-15 21:08:13,401 - INFO - 분석: 도라지무침
2025-07-15 21:08:14,617 - INFO - 완료: 도라지무침 (점수: 8.58)
2025-07-15 21:08:15,112 - INFO - 분석: 계란말이
2025-07-15 21:08:16,042 - INFO - 완료: 계란말이 (점수: 0.00)
2025-07-15 21:08:16,290 - INFO - 분석: 계란찜
2025-07-15 21:08:17,277 - INFO - 완료: 계란찜 (점수: 0.00)
2025-07-15 21:08:17,758 - INFO - 분석: 스크램블에그
2025-07-15 21:08:18,924 - INFO - 완료: 스크램블에그 (점수: 7.62)
2025-07-15 21:08:19,192 - INFO - 분석: 미역국
2025-07-15 21:08:20,100 - INFO - 완료: 미역국 (점수: 0.00)
2025-07-15 21:08:20,555 - INFO - 분석: 무국
2025-07-15 21:08:21,692 - INFO - 완료: 무국 (점수: 14.29)
2025-07-15 21:08:21,915 - INFO - 분석: 콩나물국
2025-07-15 21:08:22,896 - INFO - 완료: 콩나물국 (점수: 0.00)
2025-07-15 21:08:23,289 - INFO - 분석: 부대찌개
2025-07-15 21:08:24,304 - INFO - 완료: 부대찌개 (점수: 0.00)
2025-07-15 21:08:24,786 - INFO - 분석: 햄부대찌개
2025-07-15 21:08:25,718 - INFO - 완료: 햄부대찌개 (점수: 0.00)
2025-07-15 21:08:26,094 - INFO - 분석: 치즈부대찌개
2025-07-15 21:08:27,066 - INFO - 완료: 치즈부대찌개 (점수: 0.00)
2025-07-15 21:08:27,346 - INFO - 분석: 감자탕
2025-07-15 21:08:28,253 - INFO - 완료: 감자탕 (점수: 0.00)
2025-07-15 21:08:28,717 - INFO - 분석: 뼈해장국
2025-07-15 21:08:29,619 - INFO - 완료: 뼈해장국 (점수: 0.00)
2025-07-15 21:08:30,040 - INFO - 분석: 등뼈찜
2025-07-15 21:08:31,216 - INFO - 완료: 등뼈찜 (점수: 1.91)
2025-07-15 21:08:31,623 - INFO - 분석: 순두부찌개
2025-07-15 21:08:32,501 - INFO - 완료: 순두부찌개 (점수: 0.00)
2025-07-15 21:08:32,780 - INFO - 분석: 해물순두부찌개
2025-07-15 21:08:34,206 - INFO - 완료: 해물순두부찌개 (점수: 13.34)
2025-07-15 21:08:34,459 - INFO - 분석: 버섯순두부찌개
2025-07-15 21:08:35,638 - INFO - 완료: 버섯순두부찌개 (점수: 5.72)
2025-07-15 21:08:35,990 - INFO - 분석: 설렁탕
2025-07-15 21:08:36,909 - INFO - 완료: 설렁탕 (점수: 0.00)
2025-07-15 21:08:37,372 - INFO - 분석: 곰탕
2025-07-15 21:08:38,300 - INFO - 완료: 곰탕 (점수: 0.00)
2025-07-15 21:08:38,644 - INFO - 분석: 갈비탕
2025-07-15 21:08:39,575 - INFO - 완료: 갈비탕 (점수: 0.00)
2025-07-15 21:08:39,858 - INFO - 분석: 삼계탕
2025-07-15 21:08:40,770 - INFO - 완료: 삼계탕 (점수: 0.00)
2025-07-15 21:08:41,222 - INFO - 분석: 육개장
2025-07-15 21:08:42,138 - INFO - 완료: 육개장 (점수: 0.00)
2025-07-15 21:08:42,541 - INFO - 분석: 닭개장
2025-07-15 21:08:43,563 - INFO - 완료: 닭개장 (점수: 0.00)
2025-07-15 21:08:43,799 - INFO - 분석: 콩나물해장국
2025-07-15 21:08:44,659 - INFO - 완료: 콩나물해장국 (점수: 0.00)
2025-07-15 21:08:44,896 - INFO - 분석: 냉채족발
2025-07-15 21:08:46,022 - INFO - 완료: 냉채족발 (점수: 4.76)
2025-07-15 21:08:46,264 - INFO - 분석: 불족발
2025-07-15 21:08:47,392 - INFO - 완료: 불족발 (점수: 1.91)
2025-07-15 21:08:47,822 - INFO - 분석: 마늘족발
2025-07-15 21:08:48,981 - INFO - 완료: 마늘족발 (점수: 17.15)
2025-07-15 21:08:49,408 - INFO - 분석: 마늘보쌈
2025-07-15 21:08:51,043 - INFO - 완료: 마늘보쌈 (점수: 17.15)
2025-07-15 21:08:51,554 - INFO - 분석: 굴보쌈
2025-07-15 21:08:52,766 - INFO - 완료: 굴보쌈 (점수: 7.62)
2025-07-15 21:08:53,136 - INFO - 분석: 회보쌈
2025-07-15 21:08:54,956 - INFO - 완료: 회보쌈 (점수: 1.38)
2025-07-15 21:08:55,226 - INFO - 분석: 편육
2025-07-15 21:08:56,278 - INFO - 완료: 편육 (점수: 0.00)
2025-07-15 21:08:56,656 - INFO - 분석: 수육
2025-07-15 21:08:57,675 - INFO - 완료: 수육 (점수: 0.00)
2025-07-15 21:08:57,954 - INFO - 분석: 막국수
2025-07-15 21:08:58,909 - INFO - 완료: 막국수 (점수: 0.00)
2025-07-15 21:08:59,354 - INFO - 분석: 냉면
2025-07-15 21:09:00,366 - INFO - 완료: 냉면 (점수: 0.00)
2025-07-15 21:09:00,606 - INFO - 분석: 온면
2025-07-15 21:09:01,797 - INFO - 완료: 온면 (점수: 14.29)
2025-07-15 21:09:02,246 - INFO - 분석: 전복죽
2025-07-15 21:09:03,140 - INFO - 완료: 전복죽 (점수: 0.00)
2025-07-15 21:09:03,607 - INFO - 분석: 전복버터구이
2025-07-15 21:09:05,030 - INFO - 완료: 전복버터구이 (점수: 18.11)
2025-07-15 21:09:05,458 - INFO - 분석: 소고기야채죽
2025-07-15 21:09:06,644 - INFO - 완료: 소고기야채죽 (점수: 1.91)
2025-07-15 21:09:07,089 - INFO - 분석: 닭죽
2025-07-15 21:09:07,977 - INFO - 완료: 닭죽 (점수: 0.00)
2025-07-15 21:09:08,245 - INFO - 분석: 삼계죽
2025-07-15 21:09:09,287 - INFO - 완료: 삼계죽 (점수: 0.95)
2025-07-15 21:09:09,737 - INFO - 분석: 단호박죽
2025-07-15 21:09:10,891 - INFO - 완료: 단호박죽 (점수: 0.95)
2025-07-15 21:09:11,276 - INFO - 분석: 녹두죽
2025-07-15 21:09:12,721 - INFO - 완료: 녹두죽 (점수: 23.82)
2025-07-15 21:09:13,141 - INFO - 분석: 팥죽
2025-07-15 21:09:14,069 - INFO - 완료: 팥죽 (점수: 0.00)
2025-07-15 21:09:14,316 - INFO - 분석: 제육도시락
2025-07-15 21:09:15,290 - INFO - 완료: 제육도시락 (점수: 0.00)
2025-07-15 21:09:15,625 - INFO - 분석: 불고기도시락
2025-07-15 21:09:16,535 - INFO - 완료: 불고기도시락 (점수: 0.00)
2025-07-15 21:09:16,910 - INFO - 분석: 생선구이도시락
2025-07-15 21:09:18,138 - INFO - 완료: 생선구이도시락 (점수: 4.76)
2025-07-15 21:09:18,446 - INFO - 분석: 국물떡볶이
2025-07-15 21:09:19,420 - INFO - 완료: 국물떡볶이 (점수: 0.00)
2025-07-15 21:09:19,715 - INFO - 분석: 로제떡볶이
2025-07-15 21:09:20,586 - INFO - 완료: 로제떡볶이 (점수: 0.00)
2025-07-15 21:09:20,832 - INFO - 분석: 치즈떡볶이
2025-07-15 21:09:21,784 - INFO - 완료: 치즈떡볶이 (점수: 0.00)
2025-07-15 21:09:22,264 - INFO - 분석: 참치김밥
2025-07-15 21:09:23,241 - INFO - 완료: 참치김밥 (점수: 0.00)
2025-07-15 21:09:23,673 - INFO - 분석: 불고기김밥
2025-07-15 21:09:24,623 - INFO - 완료: 불고기김밥 (점수: 0.00)
2025-07-15 21:09:25,107 - INFO - 분석: 야채김밥
2025-07-15 21:09:26,064 - INFO - 완료: 야채김밥 (점수: 0.00)
2025-07-15 21:09:26,560 - INFO - 분석: 오징어튀김
2025-07-15 21:09:27,573 - INFO - 완료: 오징어튀김 (점수: 0.00)
2025-07-15 21:09:27,856 - INFO - 분석: 야채튀김
2025-07-15 21:09:28,867 - INFO - 완료: 야채튀김 (점수: 0.00)
2025-07-15 21:09:29,236 - INFO - 분석: 만두
2025-07-15 21:09:30,146 - INFO - 완료: 만두 (점수: 0.00)
2025-07-15 21:09:30,400 - INFO - 분석: 잔치국수
2025-07-15 21:09:31,375 - INFO - 완료: 잔치국수 (점수: 0.00)
2025-07-15 21:09:31,647 - INFO - 분석: 멸치국수
2025-07-15 21:09:32,555 - INFO - 완료: 멸치국수 (점수: 0.00)
2025-07-15 21:09:32,986 - INFO - 분석: 온면
2025-07-15 21:09:34,006 - INFO - 완료: 온면 (점수: 14.29)
2025-07-15 21:09:34,482 - INFO - 분석: 삼겹살
2025-07-15 21:09:35,411 - INFO - 완료: 삼겹살 (점수: 0.00)
2025-07-15 21:09:35,856 - INFO - 분석: 목살
2025-07-15 21:09:36,890 - INFO - 완료: 목살 (점수: 0.00)
2025-07-15 21:09:37,181 - INFO - 분석: 항정살
2025-07-15 21:09:38,163 - INFO - 완료: 항정살 (점수: 0.00)
2025-07-15 21:09:38,453 - INFO - 분석: LA갈비
2025-07-15 21:09:39,414 - INFO - 완료: LA갈비 (점수: 0.00)
2025-07-15 21:09:39,889 - INFO - 분석: 돼지갈비
2025-07-15 21:09:40,884 - INFO - 완료: 돼지갈비 (점수: 0.00)
2025-07-15 21:09:41,353 - INFO - 분석: 생갈비
2025-07-15 21:09:42,312 - INFO - 완료: 생갈비 (점수: 0.00)
2025-07-15 21:09:42,680 - INFO - 분석: 불고기
2025-07-15 21:09:43,635 - INFO - 완료: 불고기 (점수: 0.00)
2025-07-15 21:09:43,904 - INFO - 분석: 닭불고기
2025-07-15 21:09:44,795 - INFO - 완료: 닭불고기 (점수: 0.00)
2025-07-15 21:09:45,007 - INFO - 분석: 오징어불고기
2025-07-15 21:09:45,940 - INFO - 완료: 오징어불고기 (점수: 0.00)
2025-07-15 21:09:46,187 - INFO - 분석: 닭갈비
2025-07-15 21:09:47,173 - INFO - 완료: 닭갈비 (점수: 0.00)
2025-07-15 21:09:47,654 - INFO - 분석: 닭발
2025-07-15 21:09:48,593 - INFO - 완료: 닭발 (점수: 0.00)
2025-07-15 21:09:48,862 - INFO - 분석: 찜닭
2025-07-15 21:09:49,768 - INFO - 완료: 찜닭 (점수: 0.00)
2025-07-15 21:09:50,254 - INFO - 분석: 고등어구이
2025-07-15 21:09:51,259 - INFO - 완료: 고등어구이 (점수: 0.00)
2025-07-15 21:09:51,580 - INFO - 분석: 갈치구이
2025-07-15 21:09:52,608 - INFO - 완료: 갈치구이 (점수: 0.00)
2025-07-15 21:09:53,056 - INFO - 분석: 삼치구이
2025-07-15 21:09:54,478 - INFO - 완료: 삼치구이 (점수: 23.82)
2025-07-15 21:09:54,932 - INFO - 분석: 조기구이
2025-07-15 21:09:55,877 - INFO - 완료: 조기구이 (점수: 0.00)
2025-07-15 21:09:56,109 - INFO - 분석: 아귀찜
2025-07-15 21:09:57,038 - INFO - 완료: 아귀찜 (점수: 0.00)
2025-07-15 21:09:57,274 - INFO - 분석: 대게찜
2025-07-15 21:09:58,465 - INFO - 완료: 대게찜 (점수: 8.58)
2025-07-15 21:09:58,802 - INFO - 분석: 킹크랩
2025-07-15 21:09:59,794 - INFO - 완료: 킹크랩 (점수: 0.00)
2025-07-15 21:10:00,075 - INFO - 분석: 생선회
2025-07-15 21:10:01,057 - INFO - 완료: 생선회 (점수: 0.00)
2025-07-15 21:10:01,539 - INFO - 분석: 물회
2025-07-15 21:10:02,417 - INFO - 완료: 물회 (점수: 0.00)
2025-07-15 21:10:02,806 - INFO - 분석: 회덮밥
2025-07-15 21:10:03,681 - INFO - 완료: 회덮밥 (점수: 0.00)
2025-07-15 21:10:04,073 - INFO - 분석: 조개구이
2025-07-15 21:10:05,099 - INFO - 완료: 조개구이 (점수: 0.00)
2025-07-15 21:10:05,540 - INFO - 분석: 키조개
2025-07-15 21:10:06,529 - INFO - 완료: 키조개 (점수: 0.00)
2025-07-15 21:10:06,791 - INFO - 분석: 가리비
2025-07-15 21:10:07,735 - INFO - 완료: 가리비 (점수: 0.00)
2025-07-15 21:10:08,207 - INFO - 분석: 파전
2025-07-15 21:10:09,069 - INFO - 완료: 파전 (점수: 0.00)
2025-07-15 21:10:09,574 - INFO - 분석: 김치전
2025-07-15 21:10:10,486 - INFO - 완료: 김치전 (점수: 0.00)
2025-07-15 21:10:10,722 - INFO - 분석: 해물전
2025-07-15 21:10:11,852 - INFO - 완료: 해물전 (점수: 3.81)
2025-07-15 21:10:12,241 - INFO - 분석: 골뱅이무침
2025-07-15 21:10:13,479 - INFO - 완료: 골뱅이무침 (점수: 11.44)
2025-07-15 21:10:13,840 - INFO - 분석: 오징어무침
2025-07-15 21:10:14,843 - INFO - 완료: 오징어무침 (점수: 0.00)
2025-07-15 21:10:15,057 - INFO - 분석: 멍게무침
2025-07-15 21:10:16,207 - INFO - 완료: 멍게무침 (점수: 7.62)
2025-07-15 21:10:16,589 - INFO - 분석: 곱창
2025-07-15 21:10:17,468 - INFO - 완료: 곱창 (점수: 0.00)
2025-07-15 21:10:17,857 - INFO - 분석: 막창
2025-07-15 21:10:18,752 - INFO - 완료: 막창 (점수: 0.00)
2025-07-15 21:10:19,023 - INFO - 분석: 순대
2025-07-15 21:10:20,035 - INFO - 완료: 순대 (점수: 0.00)
2025-07-15 21:10:20,305 - INFO - 분석: 마른오징어
2025-07-15 21:10:21,461 - INFO - 완료: 마른오징어 (점수: 5.72)
2025-07-15 21:10:21,942 - INFO - 분석: 육포
2025-07-15 21:10:22,888 - INFO - 완료: 육포 (점수: 0.00)
2025-07-15 21:10:23,157 - INFO - 분석: 땅콩
2025-07-15 21:10:24,091 - INFO - 완료: 땅콩 (점수: 0.00)
2025-07-15 21:10:24,405 - INFO - 분석: 신라면
2025-07-15 21:10:25,313 - INFO - 완료: 신라면 (점수: 0.00)
2025-07-15 21:10:25,672 - INFO - 분석: 너구리
2025-07-15 21:10:26,621 - INFO - 완료: 너구리 (점수: 0.00)
2025-07-15 21:10:26,934 - INFO - 분석: 짜파게티
2025-07-15 21:10:27,868 - INFO - 완료: 짜파게티 (점수: 0.00)
2025-07-15 21:10:28,228 - INFO - 분석: 컵라면
2025-07-15 21:10:29,188 - INFO - 완료: 컵라면 (점수: 0.00)
2025-07-15 21:10:29,668 - INFO - 분석: 용기면
2025-07-15 21:10:30,952 - INFO - 완료: 용기면 (점수: 0.28)
2025-07-15 21:10:31,274 - INFO - 분석: 생라면
2025-07-15 21:10:32,374 - INFO - 완료: 생라면 (점수: 0.95)
2025-07-15 21:10:32,638 - INFO - 분석: 쫄면
2025-07-15 21:10:33,512 - INFO - 완료: 쫄면 (점수: 0.00)
2025-07-15 21:10:33,741 - INFO - 분석: 냉라면
2025-07-15 21:10:34,856 - INFO - 완료: 냉라면 (점수: 6.67)
2025-07-15 21:10:35,222 - INFO - 분석: 라멘
2025-07-15 21:10:36,164 - INFO - 완료: 라멘 (점수: 0.00)
2025-07-15 21:10:36,588 - INFO - 분석: 우동
2025-07-15 21:10:37,524 - INFO - 완료: 우동 (점수: 0.00)
2025-07-15 21:10:37,950 - INFO - 분석: 소바
2025-07-15 21:10:38,913 - INFO - 완료: 소바 (점수: 0.00)
2025-07-15 21:10:39,425 - INFO - 분석: 짜장면
2025-07-15 21:10:40,330 - INFO - 완료: 짜장면 (점수: 0.00)
2025-07-15 21:10:40,749 - INFO - 분석: 삼선짜장
2025-07-15 21:10:41,906 - INFO - 완료: 삼선짜장 (점수: 21.92)
2025-07-15 21:10:42,136 - INFO - 분석: 유니짜장
2025-07-15 21:10:43,070 - INFO - 완료: 유니짜장 (점수: 0.00)
2025-07-15 21:10:43,309 - INFO - 분석: 짬뽕
2025-07-15 21:10:44,226 - INFO - 완료: 짬뽕 (점수: 0.00)
2025-07-15 21:10:44,635 - INFO - 분석: 삼선짬뽕
2025-07-15 21:10:46,054 - INFO - 완료: 삼선짬뽕 (점수: 40.03)
2025-07-15 21:10:46,395 - INFO - 분석: 고추짬뽕
2025-07-15 21:10:47,266 - INFO - 완료: 고추짬뽕 (점수: 0.00)
2025-07-15 21:10:47,638 - INFO - 분석: 볶음짬뽕
2025-07-15 21:10:48,543 - INFO - 완료: 볶음짬뽕 (점수: 0.00)
2025-07-15 21:10:49,053 - INFO - 분석: 간짜장
2025-07-15 21:10:49,942 - INFO - 완료: 간짜장 (점수: 0.00)
2025-07-15 21:10:50,435 - INFO - 분석: 유니볶음면
2025-07-15 21:10:51,602 - INFO - 완료: 유니볶음면 (점수: 27.64)
2025-07-15 21:10:52,055 - INFO - 분석: 냉짬뽕
2025-07-15 21:10:53,162 - INFO - 완료: 냉짬뽕 (점수: 0.95)
2025-07-15 21:10:53,541 - INFO - 분석: 비빔냉면
2025-07-15 21:10:54,424 - INFO - 완료: 비빔냉면 (점수: 0.00)
2025-07-15 21:10:54,794 - INFO - 분석: 물냉면
2025-07-15 21:10:55,730 - INFO - 완료: 물냉면 (점수: 0.00)
2025-07-15 21:10:56,015 - INFO - 분석: 새우볶음밥
2025-07-15 21:10:57,011 - INFO - 완료: 새우볶음밥 (점수: 0.00)
2025-07-15 21:10:57,438 - INFO - 분석: 계란볶음밥
2025-07-15 21:10:59,029 - INFO - 완료: 계란볶음밥 (점수: 0.00)
2025-07-15 21:10:59,444 - INFO - 분석: 차돌볶음밥
2025-07-15 21:11:00,615 - INFO - 완료: 차돌볶음밥 (점수: 4.76)
2025-07-15 21:11:00,985 - INFO - 분석: 잡채밥
2025-07-15 21:11:02,146 - INFO - 완료: 잡채밥 (점수: 8.58)
2025-07-15 21:11:02,591 - INFO - 분석: 마파두부밥
2025-07-15 21:11:04,052 - INFO - 완료: 마파두부밥 (점수: 7.19)
2025-07-15 21:11:04,414 - INFO - 분석: 유산슬밥
2025-07-15 21:11:05,772 - INFO - 완료: 유산슬밥 (점수: 4.81)
2025-07-15 21:11:06,029 - INFO - 분석: 해물볶음밥
2025-07-15 21:11:06,949 - INFO - 완료: 해물볶음밥 (점수: 0.00)
2025-07-15 21:11:07,417 - INFO - 분석: 오징어볶음밥
2025-07-15 21:11:08,413 - INFO - 완료: 오징어볶음밥 (점수: 0.00)
2025-07-15 21:11:08,781 - INFO - 분석: 산라탕
2025-07-15 21:11:09,629 - INFO - 완료: 산라탕 (점수: 0.00)
2025-07-15 21:11:10,078 - INFO - 분석: 계란탕
2025-07-15 21:11:11,267 - INFO - 완료: 계란탕 (점수: 0.95)
2025-07-15 21:11:11,672 - INFO - 분석: 옥수수탕
2025-07-15 21:11:13,232 - INFO - 완료: 옥수수탕 (점수: 1.14)
2025-07-15 21:11:13,552 - INFO - 분석: 어향탕
2025-07-15 21:11:14,483 - INFO - 완료: 어향탕 (점수: 0.05)
2025-07-15 21:11:14,956 - INFO - 분석: 해물탕
2025-07-15 21:11:15,881 - INFO - 완료: 해물탕 (점수: 0.00)
2025-07-15 21:11:16,201 - INFO - 분석: 완자탕
2025-07-15 21:11:17,362 - INFO - 완료: 완자탕 (점수: 1.91)
2025-07-15 21:11:17,601 - INFO - 분석: 탕수육
2025-07-15 21:11:18,589 - INFO - 완료: 탕수육 (점수: 0.00)
2025-07-15 21:11:18,861 - INFO - 분석: 새콤달콤탕수육
2025-07-15 21:11:20,067 - INFO - 완료: 새콤달콤탕수육 (점수: 1.91)
2025-07-15 21:11:20,400 - INFO - 분석: 깐풍기
2025-07-15 21:11:21,341 - INFO - 완료: 깐풍기 (점수: 0.00)
2025-07-15 21:11:21,597 - INFO - 분석: 라조기
2025-07-15 21:11:22,746 - INFO - 완료: 라조기 (점수: 7.62)
2025-07-15 21:11:23,187 - INFO - 분석: 깐쇼새우
2025-07-15 21:11:24,107 - INFO - 완료: 깐쇼새우 (점수: 0.00)
2025-07-15 21:11:24,572 - INFO - 분석: 마요새우
2025-07-15 21:11:25,770 - INFO - 완료: 마요새우 (점수: 16.20)
2025-07-15 21:11:26,187 - INFO - 분석: 칠리새우
2025-07-15 21:11:27,147 - INFO - 완료: 칠리새우 (점수: 0.00)
2025-07-15 21:11:27,611 - INFO - 분석: 유린기
2025-07-15 21:11:28,514 - INFO - 완료: 유린기 (점수: 0.00)
2025-07-15 21:11:28,884 - INFO - 분석: 깐풍새우
2025-07-15 21:11:30,033 - INFO - 완료: 깐풍새우 (점수: 2.86)
2025-07-15 21:11:30,288 - INFO - 분석: 깐풍오징어
2025-07-15 21:11:31,521 - INFO - 완료: 깐풍오징어 (점수: 1.91)
2025-07-15 21:11:31,751 - INFO - 분석: 마라탕
2025-07-15 21:11:32,711 - INFO - 완료: 마라탕 (점수: 0.00)
2025-07-15 21:11:33,000 - INFO - 분석: 마라샹궈
2025-07-15 21:11:34,090 - INFO - 완료: 마라샹궈 (점수: 0.00)
2025-07-15 21:11:34,345 - INFO - 분석: 훠궈
2025-07-15 21:11:35,211 - INFO - 완료: 훠궈 (점수: 0.00)
2025-07-15 21:11:35,622 - INFO - 분석: 탄탄면
2025-07-15 21:11:37,003 - INFO - 완료: 탄탄면 (점수: 30.50)
2025-07-15 21:11:37,353 - INFO - 분석: 마라면
2025-07-15 21:11:38,522 - INFO - 완료: 마라면 (점수: 0.95)
2025-07-15 21:11:38,982 - INFO - 분석: 사천면
2025-07-15 21:11:40,085 - INFO - 완료: 사천면 (점수: 2.86)
2025-07-15 21:11:40,309 - INFO - 분석: 마라룽샤
2025-07-15 21:11:41,442 - INFO - 완료: 마라룽샤 (점수: 2.86)
2025-07-15 21:11:41,893 - INFO - 분석: 마라두부
2025-07-15 21:11:42,828 - INFO - 완료: 마라두부 (점수: 0.00)
2025-07-15 21:11:43,065 - INFO - 분석: 마라닭발
2025-07-15 21:11:44,214 - INFO - 완료: 마라닭발 (점수: 9.53)
2025-07-15 21:11:44,614 - INFO - 분석: 군만두
2025-07-15 21:11:45,497 - INFO - 완료: 군만두 (점수: 0.00)
2025-07-15 21:11:45,769 - INFO - 분석: 물만두
2025-07-15 21:11:47,041 - INFO - 완료: 물만두 (점수: 22.87)
2025-07-15 21:11:47,475 - INFO - 분석: 왕만두
2025-07-15 21:11:48,360 - INFO - 완료: 왕만두 (점수: 0.00)
2025-07-15 21:11:48,612 - INFO - 분석: 샤오롱바오
2025-07-15 21:11:49,767 - INFO - 완료: 샤오롱바오 (점수: 5.72)
2025-07-15 21:11:49,991 - INFO - 분석: 하가우
2025-07-15 21:11:51,104 - INFO - 완료: 하가우 (점수: 4.76)
2025-07-15 21:11:51,513 - INFO - 분석: 슈마이
2025-07-15 21:11:52,597 - INFO - 완료: 슈마이 (점수: 0.95)
2025-07-15 21:11:52,967 - INFO - 분석: 짬짜면
2025-07-15 21:11:54,063 - INFO - 완료: 짬짜면 (점수: 9.53)
2025-07-15 21:11:54,272 - INFO - 분석: 탕짜면
2025-07-15 21:11:55,100 - INFO - 완료: 탕짜면 (점수: 0.00)
2025-07-15 21:11:55,546 - INFO - 분석: 우짬탕
2025-07-15 21:11:56,468 - INFO - 완료: 우짬탕 (점수: 0.14)
2025-07-15 21:11:56,685 - INFO - 분석: 볶음밥+탕수육
2025-07-15 21:11:57,727 - INFO - 완료: 볶음밥+탕수육 (점수: 0.00)
2025-07-15 21:11:58,030 - INFO - 분석: 덮밥세트
2025-07-15 21:11:58,948 - INFO - 완료: 덮밥세트 (점수: 0.00)
2025-07-15 21:11:59,166 - INFO - 분석: 연어초밥
2025-07-15 21:12:00,139 - INFO - 완료: 연어초밥 (점수: 0.00)
2025-07-15 21:12:00,523 - INFO - 분석: 참치초밥
2025-07-15 21:12:01,469 - INFO - 완료: 참치초밥 (점수: 0.00)
2025-07-15 21:12:01,718 - INFO - 분석: 장어초밥
2025-07-15 21:12:02,645 - INFO - 완료: 장어초밥 (점수: 0.00)
2025-07-15 21:12:02,947 - INFO - 분석: 참치사시미
2025-07-15 21:12:04,294 - INFO - 완료: 참치사시미 (점수: 2.86)
2025-07-15 21:12:04,696 - INFO - 분석: 연어사시미
2025-07-15 21:12:05,926 - INFO - 완료: 연어사시미 (점수: 4.76)
2025-07-15 21:12:06,230 - INFO - 분석: 모둠사시미
2025-07-15 21:12:07,434 - INFO - 완료: 모둠사시미 (점수: 5.72)
2025-07-15 21:12:07,876 - INFO - 분석: 연어덮밥
2025-07-15 21:12:09,357 - INFO - 완료: 연어덮밥 (점수: 24.78)
2025-07-15 21:12:09,620 - INFO - 분석: 장어덮밥
2025-07-15 21:12:10,484 - INFO - 완료: 장어덮밥 (점수: 0.00)
2025-07-15 21:12:10,753 - INFO - 분석: 김밥롤
2025-07-15 21:12:12,069 - INFO - 완료: 김밥롤 (점수: 1.38)
2025-07-15 21:12:12,287 - INFO - 분석: 캘리포니아롤
2025-07-15 21:12:13,408 - INFO - 완료: 캘리포니아롤 (점수: 4.76)
2025-07-15 21:12:13,696 - INFO - 분석: 필라델피아롤
2025-07-15 21:12:14,641 - INFO - 완료: 필라델피아롤 (점수: 0.00)
2025-07-15 21:12:14,930 - INFO - 분석: 돈코츠라멘
2025-07-15 21:12:15,792 - INFO - 완료: 돈코츠라멘 (점수: 0.00)
2025-07-15 21:12:16,304 - INFO - 분석: 차슈라멘
2025-07-15 21:12:17,219 - INFO - 완료: 차슈라멘 (점수: 0.00)
2025-07-15 21:12:17,446 - INFO - 분석: 미소라멘
2025-07-15 21:12:18,402 - INFO - 완료: 미소라멘 (점수: 0.00)
2025-07-15 21:12:18,659 - INFO - 분석: 쇼유라멘
2025-07-15 21:12:19,809 - INFO - 완료: 쇼유라멘 (점수: 9.53)
2025-07-15 21:12:20,289 - INFO - 분석: 시오라멘
2025-07-15 21:12:21,452 - INFO - 완료: 시오라멘 (점수: 15.25)
2025-07-15 21:12:21,692 - INFO - 분석: 맑은라멘
2025-07-15 21:12:22,862 - INFO - 완료: 맑은라멘 (점수: 6.67)
2025-07-15 21:12:23,101 - INFO - 분석: 매운라멘
2025-07-15 21:12:24,222 - INFO - 완료: 매운라멘 (점수: 17.15)
2025-07-15 21:12:24,462 - INFO - 분석: 마제소바
2025-07-15 21:12:25,808 - INFO - 완료: 마제소바 (점수: 68.62)
2025-07-15 21:12:26,159 - INFO - 분석: 매운미소
2025-07-15 21:12:27,182 - INFO - 완료: 매운미소 (점수: 0.00)
2025-07-15 21:12:27,535 - INFO - 분석: 츠케멘
2025-07-15 21:12:28,656 - INFO - 완료: 츠케멘 (점수: 1.91)
2025-07-15 21:12:29,043 - INFO - 분석: 아부라소바
2025-07-15 21:12:30,387 - INFO - 완료: 아부라소바 (점수: 25.73)
2025-07-15 21:12:30,644 - INFO - 분석: 탄탄멘
2025-07-15 21:12:31,826 - INFO - 완료: 탄탄멘 (점수: 3.81)
2025-07-15 21:12:32,151 - INFO - 분석: 가츠동
2025-07-15 21:12:33,338 - INFO - 완료: 가츠동 (점수: 4.76)
2025-07-15 21:12:33,715 - INFO - 분석: 규동
2025-07-15 21:12:35,145 - INFO - 완료: 규동 (점수: 41.93)
2025-07-15 21:12:35,656 - INFO - 분석: 오야코동
2025-07-15 21:12:36,498 - INFO - 완료: 오야코동 (점수: 0.00)
2025-07-15 21:12:36,774 - INFO - 분석: 텐동
2025-07-15 21:12:37,669 - INFO - 완료: 텐동 (점수: 0.00)
2025-07-15 21:12:38,037 - INFO - 분석: 가케우동
2025-07-15 21:12:39,154 - INFO - 완료: 가케우동 (점수: 2.86)
2025-07-15 21:12:39,443 - INFO - 분석: 텐푸라우동
2025-07-15 21:12:40,516 - INFO - 완료: 텐푸라우동 (점수: 0.95)
2025-07-15 21:12:40,979 - INFO - 분석: 카레우동
2025-07-15 21:12:41,922 - INFO - 완료: 카레우동 (점수: 0.00)
2025-07-15 21:12:42,338 - INFO - 분석: 자루소바
2025-07-15 21:12:43,539 - INFO - 완료: 자루소바 (점수: 1.91)
2025-07-15 21:12:43,983 - INFO - 분석: 온소바
2025-07-15 21:12:44,989 - INFO - 완료: 온소바 (점수: 0.00)
2025-07-15 21:12:45,489 - INFO - 분석: 메밀소바
2025-07-15 21:12:46,384 - INFO - 완료: 메밀소바 (점수: 0.00)
2025-07-15 21:12:46,688 - INFO - 분석: 돈까스
2025-07-15 21:12:47,621 - INFO - 완료: 돈까스 (점수: 0.00)
2025-07-15 21:12:47,994 - INFO - 분석: 치킨가츠
2025-07-15 21:12:49,168 - INFO - 완료: 치킨가츠 (점수: 2.86)
2025-07-15 21:12:49,546 - INFO - 분석: 생선까스
2025-07-15 21:12:50,709 - INFO - 완료: 생선까스 (점수: 11.44)
2025-07-15 21:12:50,917 - INFO - 분석: 새우텐푸라
2025-07-15 21:12:51,993 - INFO - 완료: 새우텐푸라 (점수: 1.91)
2025-07-15 21:12:52,339 - INFO - 분석: 야채텐푸라
2025-07-15 21:12:53,220 - INFO - 완료: 야채텐푸라 (점수: 0.00)
2025-07-15 21:12:53,469 - INFO - 분석: 모둠텐푸라
2025-07-15 21:12:54,520 - INFO - 완료: 모둠텐푸라 (점수: 0.23)
2025-07-15 21:12:54,925 - INFO - 분석: 가라아게
2025-07-15 21:12:55,806 - INFO - 완료: 가라아게 (점수: 0.00)
2025-07-15 21:12:56,044 - INFO - 분석: 치킨가라아게
2025-07-15 21:12:57,227 - INFO - 완료: 치킨가라아게 (점수: 14.29)
2025-07-15 21:12:57,641 - INFO - 분석: 닭튀김
2025-07-15 21:12:58,862 - INFO - 완료: 닭튀김 (점수: 8.58)
2025-07-15 21:12:59,196 - INFO - 분석: 야키니쿠
2025-07-15 21:13:00,123 - INFO - 완료: 야키니쿠 (점수: 0.00)
2025-07-15 21:13:00,599 - INFO - 분석: 구이고기
2025-07-15 21:13:01,602 - INFO - 완료: 구이고기 (점수: 0.00)
2025-07-15 21:13:01,865 - INFO - 분석: 샤브샤브
2025-07-15 21:13:02,831 - INFO - 완료: 샤브샤브 (점수: 0.00)
2025-07-15 21:13:03,179 - INFO - 분석: 스키야키
2025-07-15 21:13:04,128 - INFO - 완료: 스키야키 (점수: 0.00)
2025-07-15 21:13:04,580 - INFO - 분석: 나베
2025-07-15 21:13:05,526 - INFO - 완료: 나베 (점수: 0.00)
2025-07-15 21:13:05,922 - INFO - 분석: 오코노미야키
2025-07-15 21:13:06,818 - INFO - 완료: 오코노미야키 (점수: 0.00)
2025-07-15 21:13:07,215 - INFO - 분석: 야키소바
2025-07-15 21:13:08,637 - INFO - 완료: 야키소바 (점수: 8.58)
2025-07-15 21:13:09,134 - INFO - 분석: 타코야키
2025-07-15 21:13:10,357 - INFO - 완료: 타코야키 (점수: 38.12)
2025-07-15 21:13:10,719 - INFO - 분석: 까르보나라
2025-07-15 21:13:11,865 - INFO - 완료: 까르보나라 (점수: 10.48)
2025-07-15 21:13:12,187 - INFO - 분석: 알리오올리오
2025-07-15 21:13:13,322 - INFO - 완료: 알리오올리오 (점수: 14.29)
2025-07-15 21:13:13,781 - INFO - 분석: 아라비아따
2025-07-15 21:13:14,881 - INFO - 완료: 아라비아따 (점수: 0.95)
2025-07-15 21:13:15,295 - INFO - 분석: 마르게리타
2025-07-15 21:13:16,499 - INFO - 완료: 마르게리타 (점수: 5.72)
2025-07-15 21:13:16,868 - INFO - 분석: 하와이안
2025-07-15 21:13:17,764 - INFO - 완료: 하와이안 (점수: 0.00)
2025-07-15 21:13:18,239 - INFO - 분석: 해물리조또
2025-07-15 21:13:19,394 - INFO - 완료: 해물리조또 (점수: 1.91)
2025-07-15 21:13:19,904 - INFO - 분석: 버섯리조또
2025-07-15 21:13:21,211 - INFO - 완료: 버섯리조또 (점수: 6.67)
2025-07-15 21:13:21,596 - INFO - 분석: 치즈리조또
2025-07-15 21:13:23,035 - INFO - 완료: 치즈리조또 (점수: 11.44)
2025-07-15 21:13:23,354 - INFO - 분석: 라자냐
2025-07-15 21:13:24,252 - INFO - 완료: 라자냐 (점수: 0.00)
2025-07-15 21:13:24,473 - INFO - 분석: 베이크드파스타
2025-07-15 21:13:25,618 - INFO - 완료: 베이크드파스타 (점수: 2.86)
2025-07-15 21:13:26,001 - INFO - 분석: 그라탱
2025-07-15 21:13:27,105 - INFO - 완료: 그라탱 (점수: 2.86)
2025-07-15 21:13:27,486 - INFO - 분석: 립아이
2025-07-15 21:13:28,704 - INFO - 완료: 립아이 (점수: 7.62)
2025-07-15 21:13:29,104 - INFO - 분석: 등심
2025-07-15 21:13:30,062 - INFO - 완료: 등심 (점수: 0.00)
2025-07-15 21:13:30,558 - INFO - 분석: 안심
2025-07-15 21:13:31,502 - INFO - 완료: 안심 (점수: 0.00)
2025-07-15 21:13:31,866 - INFO - 분석: 스테이크와감자
2025-07-15 21:13:32,847 - INFO - 완료: 스테이크와감자 (점수: 0.00)
2025-07-15 21:13:33,103 - INFO - 분석: 스테이크와샐러드
2025-07-15 21:13:34,031 - INFO - 완료: 스테이크와샐러드 (점수: 0.00)
2025-07-15 21:13:34,270 - INFO - 분석: 크로크무슈
2025-07-15 21:13:35,376 - INFO - 완료: 크로크무슈 (점수: 3.81)
2025-07-15 21:13:35,719 - INFO - 분석: 크로크마담
2025-07-15 21:13:36,862 - INFO - 완료: 크로크마담 (점수: 0.85)
2025-07-15 21:13:37,172 - INFO - 분석: 양파수프
2025-07-15 21:13:38,481 - INFO - 완료: 양파수프 (점수: 11.44)
2025-07-15 21:13:38,785 - INFO - 분석: 크림수프
2025-07-15 21:13:39,703 - INFO - 완료: 크림수프 (점수: 0.00)
2025-07-15 21:13:40,144 - INFO - 분석: 와퍼
2025-07-15 21:13:41,285 - INFO - 완료: 와퍼 (점수: 6.67)
2025-07-15 21:13:41,582 - INFO - 분석: 치즈버거
2025-07-15 21:13:42,494 - INFO - 완료: 치즈버거 (점수: 0.00)
2025-07-15 21:13:42,976 - INFO - 분석: 베이컨버거
2025-07-15 21:13:43,972 - INFO - 완료: 베이컨버거 (점수: 0.00)
2025-07-15 21:13:44,398 - INFO - 분석: 클램차우더
2025-07-15 21:13:45,658 - INFO - 완료: 클램차우더 (점수: 4.76)
2025-07-15 21:13:45,981 - INFO - 분석: 치킨수프
2025-07-15 21:13:46,875 - INFO - 완료: 치킨수프 (점수: 0.00)
2025-07-15 21:13:47,257 - INFO - 분석: 바비큐립
2025-07-15 21:13:48,500 - INFO - 완료: 바비큐립 (점수: 2.86)
2025-07-15 21:13:48,995 - INFO - 분석: 풀드포크
2025-07-15 21:13:50,198 - INFO - 완료: 풀드포크 (점수: 3.81)
2025-07-15 21:13:50,547 - INFO - 분석: 브리스킷
2025-07-15 21:13:51,889 - INFO - 완료: 브리스킷 (점수: 16.20)
2025-07-15 21:13:52,209 - INFO - 분석: 타코
2025-07-15 21:13:53,093 - INFO - 완료: 타코 (점수: 0.00)
2025-07-15 21:13:53,552 - INFO - 분석: 부리또
2025-07-15 21:13:54,688 - INFO - 완료: 부리또 (점수: 15.25)
2025-07-15 21:13:54,961 - INFO - 분석: 나초
2025-07-15 21:13:56,136 - INFO - 완료: 나초 (점수: 5.72)
2025-07-15 21:13:56,524 - INFO - 분석: 케사디아
2025-07-15 21:13:57,958 - INFO - 완료: 케사디아 (점수: 4.56)
2025-07-15 21:13:58,198 - INFO - 분석: 엔칠라다
2025-07-15 21:13:59,334 - INFO - 완료: 엔칠라다 (점수: 18.11)
2025-07-15 21:13:59,763 - INFO - 분석: 파히타
2025-07-15 21:14:00,658 - INFO - 완료: 파히타 (점수: 0.00)
2025-07-15 21:14:00,990 - INFO - 분석: 감자튀김
2025-07-15 21:14:01,885 - INFO - 완료: 감자튀김 (점수: 0.00)
2025-07-15 21:14:02,379 - INFO - 분석: 소시지
2025-07-15 21:14:03,333 - INFO - 완료: 소시지 (점수: 0.00)
2025-07-15 21:14:03,826 - INFO - 분석: 피쉬앤칩스
2025-07-15 21:14:04,940 - INFO - 완료: 피쉬앤칩스 (점수: 0.95)
2025-07-15 21:14:05,411 - INFO - 분석: 생선튀김
2025-07-15 21:14:06,377 - INFO - 완료: 생선튀김 (점수: 0.00)
2025-07-15 21:14:06,785 - INFO - 분석: 에그베네딕트
2025-07-15 21:14:07,901 - INFO - 완료: 에그베네딕트 (점수: 11.44)
2025-07-15 21:14:08,222 - INFO - 분석: 스크램블
2025-07-15 21:14:09,391 - INFO - 완료: 스크램블 (점수: 15.25)
2025-07-15 21:14:09,680 - INFO - 분석: 오믈렛
2025-07-15 21:14:10,605 - INFO - 완료: 오믈렛 (점수: 0.00)
2025-07-15 21:14:10,862 - INFO - 분석: 팬케이크
2025-07-15 21:14:11,724 - INFO - 완료: 팬케이크 (점수: 0.00)
2025-07-15 21:14:11,964 - INFO - 분석: 프렌치토스트
2025-07-15 21:14:12,878 - INFO - 완료: 프렌치토스트 (점수: 0.00)
2025-07-15 21:14:13,291 - INFO - 분석: 시저샐러드
2025-07-15 21:14:14,428 - INFO - 완료: 시저샐러드 (점수: 4.76)
2025-07-15 21:14:14,731 - INFO - 분석: 코브샐러드
2025-07-15 21:14:16,447 - INFO - 완료: 코브샐러드 (점수: 5.56)
2025-07-15 21:14:16,953 - INFO - 분석: 양꼬치
2025-07-15 21:14:17,863 - INFO - 완료: 양꼬치 (점수: 0.00)
2025-07-15 21:14:18,319 - INFO - 분석: 꼬치구이
2025-07-15 21:14:19,278 - INFO - 완료: 꼬치구이 (점수: 0.00)
2025-07-15 21:14:19,781 - INFO - 분석: 바베큐
2025-07-15 21:14:20,644 - INFO - 완료: 바베큐 (점수: 0.00)
2025-07-15 21:14:21,157 - INFO - 분석: 딤섬
2025-07-15 21:14:22,054 - INFO - 완료: 딤섬 (점수: 0.00)
2025-07-15 21:14:22,453 - INFO - 분석: 찜 요리
2025-07-15 21:14:23,362 - INFO - 완료: 찜 요리 (점수: 0.00)
2025-07-15 21:14:23,861 - INFO - 분석: 쌀국수
2025-07-15 21:14:24,741 - INFO - 완료: 쌀국수 (점수: 0.00)
2025-07-15 21:14:25,188 - INFO - 분석: 분보
2025-07-15 21:14:26,292 - INFO - 완료: 분보 (점수: 0.52)
2025-07-15 21:14:26,564 - INFO - 분석: 분짜
2025-07-15 21:14:27,454 - INFO - 완료: 분짜 (점수: 0.00)
2025-07-15 21:14:27,765 - INFO - 분석: 월남쌈
2025-07-15 21:14:28,705 - INFO - 완료: 월남쌈 (점수: 0.00)
2025-07-15 21:14:28,993 - INFO - 분석: 고이쿤
2025-07-15 21:14:29,871 - INFO - 완료: 고이쿤 (점수: 0.19)
2025-07-15 21:14:30,159 - INFO - 분석: 반미
2025-07-15 21:14:31,053 - INFO - 완료: 반미 (점수: 0.00)
2025-07-15 21:14:31,389 - INFO - 분석: 바게트
2025-07-15 21:14:32,286 - INFO - 완료: 바게트 (점수: 0.00)
2025-07-15 21:14:32,784 - INFO - 분석: 팟타이
2025-07-15 21:14:33,716 - INFO - 완료: 팟타이 (점수: 0.00)
2025-07-15 21:14:34,052 - INFO - 분석: 태국볶음면
2025-07-15 21:14:35,188 - INFO - 완료: 태국볶음면 (점수: 10.48)
2025-07-15 21:14:35,651 - INFO - 분석: 그린커리
2025-07-15 21:14:36,770 - INFO - 완료: 그린커리 (점수: 8.58)
2025-07-15 21:14:37,237 - INFO - 분석: 레드커리
2025-07-15 21:14:38,439 - INFO - 완료: 레드커리 (점수: 4.76)
2025-07-15 21:14:38,675 - INFO - 분석: 팬낭커리
2025-07-15 21:14:39,292 - INFO - 완료: 팬낭커리 (점수: 0.00)
2025-07-15 21:14:39,669 - INFO - 분석: 똠얌꿍
2025-07-15 21:14:40,804 - INFO - 완료: 똠얌꿍 (점수: 13.34)
2025-07-15 21:14:41,320 - INFO - 분석: 똠얌갈비
2025-07-15 21:14:42,365 - INFO - 완료: 똠얌갈비 (점수: 0.95)
2025-07-15 21:14:42,747 - INFO - 분석: 새콤매운국물
2025-07-15 21:14:43,983 - INFO - 완료: 새콤매운국물 (점수: 8.58)
2025-07-15 21:14:44,489 - INFO - 분석: 치킨커리
2025-07-15 21:14:45,459 - INFO - 완료: 치킨커리 (점수: 0.00)
2025-07-15 21:14:45,946 - INFO - 분석: 양고기커리
2025-07-15 21:14:47,145 - INFO - 완료: 양고기커리 (점수: 7.62)
2025-07-15 21:14:47,499 - INFO - 분석: 달커리
2025-07-15 21:14:49,255 - INFO - 완료: 달커리 (점수: 2.23)
2025-07-15 21:14:49,517 - INFO - 분석: 난
2025-07-15 21:14:50,528 - INFO - 완료: 난 (점수: 0.00)
2025-07-15 21:14:50,925 - INFO - 분석: 파라타
2025-07-15 21:14:52,143 - INFO - 완료: 파라타 (점수: 0.80)
2025-07-15 21:14:52,493 - INFO - 분석: 탄두리치킨
2025-07-15 21:14:53,678 - INFO - 완료: 탄두리치킨 (점수: 0.95)
2025-07-15 21:14:53,903 - INFO - 분석: 케밥
2025-07-15 21:14:54,803 - INFO - 완료: 케밥 (점수: 0.00)
2025-07-15 21:14:55,219 - INFO - 분석: 구이
2025-07-15 21:14:56,235 - INFO - 완료: 구이 (점수: 0.00)
2025-07-15 21:14:56,649 - INFO - 분석: 나시고렝
2025-07-15 21:14:57,522 - INFO - 완료: 나시고렝 (점수: 0.00)
2025-07-15 21:14:57,751 - INFO - 분석: 미고렝
2025-07-15 21:14:58,682 - INFO - 완료: 미고렝 (점수: 0.00)
2025-07-15 21:14:58,940 - INFO - 분석: 사테
2025-07-15 21:15:00,067 - INFO - 완료: 사테 (점수: 9.53)
2025-07-15 21:15:00,372 - INFO - 분석: 락사
2025-07-15 21:15:01,562 - INFO - 완료: 락사 (점수: 0.95)
2025-07-15 21:15:01,949 - INFO - 분석: 렌당
2025-07-15 21:15:03,397 - INFO - 완료: 렌당 (점수: 1.61)
2025-07-15 21:15:03,670 - INFO - 분석: 후라이드치킨
2025-07-15 21:15:04,574 - INFO - 완료: 후라이드치킨 (점수: 0.00)
2025-07-15 21:15:05,081 - INFO - 분석: 바삭치킨
2025-07-15 21:15:06,042 - INFO - 완료: 바삭치킨 (점수: 0.00)
2025-07-15 21:15:06,449 - INFO - 분석: 달콤양념
2025-07-15 21:15:07,394 - INFO - 완료: 달콤양념 (점수: 0.00)
2025-07-15 21:15:07,807 - INFO - 분석: 매운양념
2025-07-15 21:15:08,739 - INFO - 완료: 매운양념 (점수: 0.00)
2025-07-15 21:15:09,043 - INFO - 분석: 간장치킨
2025-07-15 21:15:09,959 - INFO - 완료: 간장치킨 (점수: 0.00)
2025-07-15 21:15:10,166 - INFO - 분석: 마늘치킨
2025-07-15 21:15:11,114 - INFO - 완료: 마늘치킨 (점수: 0.00)
2025-07-15 21:15:11,466 - INFO - 분석: 허니머스타드
2025-07-15 21:15:12,622 - INFO - 완료: 허니머스타드 (점수: 1.91)
2025-07-15 21:15:12,897 - INFO - 분석: 뿌링클
2025-07-15 21:15:13,805 - INFO - 완료: 뿌링클 (점수: 0.00)
2025-07-15 21:15:14,035 - INFO - 분석: 치즈가루
2025-07-15 21:15:14,938 - INFO - 완료: 치즈가루 (점수: 0.00)
2025-07-15 21:15:15,323 - INFO - 분석: 어니언
2025-07-15 21:15:16,217 - INFO - 완료: 어니언 (점수: 0.00)
2025-07-15 21:15:16,622 - INFO - 분석: 순살치킨
2025-07-15 21:15:17,623 - INFO - 완료: 순살치킨 (점수: 0.00)
2025-07-15 21:15:17,972 - INFO - 분석: 팝콘치킨
2025-07-15 21:15:18,876 - INFO - 완료: 팝콘치킨 (점수: 0.00)
2025-07-15 21:15:19,124 - INFO - 분석: 치킨텐더
2025-07-15 21:15:20,328 - INFO - 완료: 치킨텐더 (점수: 12.39)
2025-07-15 21:15:20,689 - INFO - 분석: 윙
2025-07-15 21:15:21,641 - INFO - 완료: 윙 (점수: 0.00)
2025-07-15 21:15:21,939 - INFO - 분석: 다리
2025-07-15 21:15:22,901 - INFO - 완료: 다리 (점수: 0.00)
2025-07-15 21:15:23,371 - INFO - 분석: 가슴살
2025-07-15 21:15:24,394 - INFO - 완료: 가슴살 (점수: 0.00)
2025-07-15 21:15:24,888 - INFO - 분석: 마르게리타
2025-07-15 21:15:25,795 - INFO - 완료: 마르게리타 (점수: 5.72)
2025-07-15 21:15:26,220 - INFO - 분석: 콤비네이션
2025-07-15 21:15:27,428 - INFO - 완료: 콤비네이션 (점수: 0.95)
2025-07-15 21:15:27,906 - INFO - 분석: 고구마피자
2025-07-15 21:15:28,844 - INFO - 완료: 고구마피자 (점수: 0.00)
2025-07-15 21:15:29,073 - INFO - 분석: 포테이토피자
2025-07-15 21:15:29,976 - INFO - 완료: 포테이토피자 (점수: 0.00)
2025-07-15 21:15:30,223 - INFO - 분석: 화이트피자
2025-07-15 21:15:31,178 - INFO - 완료: 화이트피자 (점수: 0.00)
2025-07-15 21:15:31,405 - INFO - 분석: 불고기피자
2025-07-15 21:15:32,313 - INFO - 완료: 불고기피자 (점수: 0.00)
2025-07-15 21:15:32,737 - INFO - 분석: 갈비피자
2025-07-15 21:15:33,696 - INFO - 완료: 갈비피자 (점수: 0.00)
2025-07-15 21:15:33,990 - INFO - 분석: 한국식피자
2025-07-15 21:15:35,406 - INFO - 완료: 한국식피자 (점수: 21.92)
2025-07-15 21:15:35,807 - INFO - 분석: 시카고피자
2025-07-15 21:15:36,911 - INFO - 완료: 시카고피자 (점수: 7.62)
2025-07-15 21:15:37,257 - INFO - 분석: 딥디쉬
2025-07-15 21:15:38,083 - INFO - 완료: 딥디쉬 (점수: 0.00)
2025-07-15 21:15:38,408 - INFO - 분석: 두꺼운피자
2025-07-15 21:15:39,661 - INFO - 완료: 두꺼운피자 (점수: 2.86)
2025-07-15 21:15:40,059 - INFO - 분석: 씬크러스트
2025-07-15 21:15:40,972 - INFO - 완료: 씬크러스트 (점수: 0.00)
2025-07-15 21:15:41,364 - INFO - 분석: 얇은피자
2025-07-15 21:15:42,514 - INFO - 완료: 얇은피자 (점수: 4.76)
2025-07-15 21:15:42,803 - INFO - 분석: 크리스피
2025-07-15 21:15:43,729 - INFO - 완료: 크리스피 (점수: 0.00)
2025-07-15 21:15:44,203 - INFO - 분석: 아메리카노
2025-07-15 21:15:45,206 - INFO - 완료: 아메리카노 (점수: 0.00)
2025-07-15 21:15:45,467 - INFO - 분석: 에스프레소
2025-07-15 21:15:46,383 - INFO - 완료: 에스프레소 (점수: 0.00)
2025-07-15 21:15:46,604 - INFO - 분석: 롱블랙
2025-07-15 21:15:47,667 - INFO - 완료: 롱블랙 (점수: 0.95)
2025-07-15 21:15:47,974 - INFO - 분석: 카페라떼
2025-07-15 21:15:48,986 - INFO - 완료: 카페라떼 (점수: 0.00)
2025-07-15 21:15:49,271 - INFO - 분석: 카푸치노
2025-07-15 21:15:50,455 - INFO - 완료: 카푸치노 (점수: 9.53)
2025-07-15 21:15:50,804 - INFO - 분석: 마끼아또
2025-07-15 21:15:51,758 - INFO - 완료: 마끼아또 (점수: 0.00)
2025-07-15 21:15:52,024 - INFO - 분석: 바닐라라떼
2025-07-15 21:15:52,947 - INFO - 완료: 바닐라라떼 (점수: 0.00)
2025-07-15 21:15:53,236 - INFO - 분석: 카라멜마끼아또
2025-07-15 21:15:54,108 - INFO - 완료: 카라멜마끼아또 (점수: 0.00)
2025-07-15 21:15:54,496 - INFO - 분석: 헤이즐넛
2025-07-15 21:15:55,392 - INFO - 완료: 헤이즐넛 (점수: 0.00)
2025-07-15 21:15:55,656 - INFO - 분석: 얼그레이
2025-07-15 21:15:56,536 - INFO - 완료: 얼그레이 (점수: 0.00)
2025-07-15 21:15:56,885 - INFO - 분석: 허브티
2025-07-15 21:15:57,943 - INFO - 완료: 허브티 (점수: 1.91)
2025-07-15 21:15:58,286 - INFO - 분석: 녹차라떼
2025-07-15 21:15:59,386 - INFO - 완료: 녹차라떼 (점수: 15.25)
2025-07-15 21:15:59,656 - INFO - 분석: 카페프라페
2025-07-15 21:16:00,786 - INFO - 완료: 카페프라페 (점수: 2.86)
2025-07-15 21:16:01,059 - INFO - 분석: 초콜릿프라페
2025-07-15 21:16:02,310 - INFO - 완료: 초콜릿프라페 (점수: 5.72)
2025-07-15 21:16:02,602 - INFO - 분석: 딸기프라페
2025-07-15 21:16:03,696 - INFO - 완료: 딸기프라페 (점수: 10.48)
2025-07-15 21:16:04,124 - INFO - 분석: 레몬에이드
2025-07-15 21:16:04,994 - INFO - 완료: 레몬에이드 (점수: 0.00)
2025-07-15 21:16:05,224 - INFO - 분석: 자몽에이드
2025-07-15 21:16:06,460 - INFO - 완료: 자몽에이드 (점수: 3.81)
2025-07-15 21:16:06,825 - INFO - 분석: 탄산음료
2025-07-15 21:16:07,897 - INFO - 완료: 탄산음료 (점수: 0.00)
2025-07-15 21:16:08,125 - INFO - 분석: 치즈케이크
2025-07-15 21:16:09,192 - INFO - 완료: 치즈케이크 (점수: 0.00)
2025-07-15 21:16:09,530 - INFO - 분석: 초콜릿케이크
2025-07-15 21:16:10,413 - INFO - 완료: 초콜릿케이크 (점수: 0.00)
2025-07-15 21:16:10,692 - INFO - 분석: 생크림케이크
2025-07-15 21:16:11,632 - INFO - 완료: 생크림케이크 (점수: 0.00)
2025-07-15 21:16:12,072 - INFO - 분석: 크루아상
2025-07-15 21:16:12,975 - INFO - 완료: 크루아상 (점수: 0.00)
2025-07-15 21:16:13,374 - INFO - 분석: 베이글
2025-07-15 21:16:14,304 - INFO - 완료: 베이글 (점수: 0.00)
2025-07-15 21:16:14,719 - INFO - 분석: 머핀
2025-07-15 21:16:15,864 - INFO - 완료: 머핀 (점수: 13.34)
2025-07-15 21:16:16,304 - INFO - 분석: 팥빙수
2025-07-15 21:16:17,189 - INFO - 완료: 팥빙수 (점수: 0.00)
2025-07-15 21:16:17,543 - INFO - 분석: 망고빙수
2025-07-15 21:16:18,479 - INFO - 완료: 망고빙수 (점수: 0.00)
2025-07-15 21:16:18,761 - INFO - 분석: 인절미빙수
2025-07-15 21:16:19,945 - INFO - 완료: 인절미빙수 (점수: 0.95)
2025-07-15 21:16:20,275 - INFO - 분석: 마카롱
2025-07-15 21:16:21,195 - INFO - 완료: 마카롱 (점수: 0.00)
2025-07-15 21:16:21,507 - INFO - 분석: 쿠키
2025-07-15 21:16:22,432 - INFO - 완료: 쿠키 (점수: 0.00)
2025-07-15 21:16:22,657 - INFO - 분석: 마라파스타
2025-07-15 21:16:24,128 - INFO - 완료: 마라파스타 (점수: 55.27)
2025-07-15 21:16:24,363 - INFO - 분석: 불닭파스타
2025-07-15 21:16:25,497 - INFO - 완료: 불닭파스타 (점수: 2.86)
2025-07-15 21:16:25,884 - INFO - 분석: 김치파스타
2025-07-15 21:16:26,871 - INFO - 완료: 김치파스타 (점수: 0.00)
2025-07-15 21:16:27,226 - INFO - 분석: 김치볶음밥
2025-07-15 21:16:28,250 - INFO - 완료: 김치볶음밥 (점수: 0.00)
2025-07-15 21:16:28,471 - INFO - 분석: 한식덮밥
2025-07-15 21:16:29,449 - INFO - 완료: 한식덮밥 (점수: 0.00)
2025-07-15 21:16:29,731 - INFO - 분석: 스시버거
2025-07-15 21:16:30,874 - INFO - 완료: 스시버거 (점수: 19.06)
2025-07-15 21:16:31,219 - INFO - 분석: 라멘버거
2025-07-15 21:16:32,379 - INFO - 완료: 라멘버거 (점수: 0.95)
2025-07-15 21:16:32,833 - INFO - 분석: 돈까스버거
2025-07-15 21:16:33,722 - INFO - 완료: 돈까스버거 (점수: 0.00)
2025-07-15 21:16:33,994 - INFO - 분석: 일식파스타
2025-07-15 21:16:34,921 - INFO - 완료: 일식파스타 (점수: 0.00)
2025-07-15 21:16:35,380 - INFO - 분석: 우동파스타
2025-07-15 21:16:36,358 - INFO - 완료: 우동파스타 (점수: 0.00)
2025-07-15 21:16:36,779 - INFO - 분석: 한식뷔페
2025-07-15 21:16:37,719 - INFO - 완료: 한식뷔페 (점수: 0.00)
2025-07-15 21:16:38,182 - INFO - 분석: 무한리필
2025-07-15 21:16:39,113 - INFO - 완료: 무한리필 (점수: 0.00)
2025-07-15 21:16:39,396 - INFO - 분석: 샐러드바
2025-07-15 21:16:40,417 - INFO - 완료: 샐러드바 (점수: 0.00)
2025-07-15 21:16:40,673 - INFO - 분석: 샐러드뷔페
2025-07-15 21:16:41,624 - INFO - 완료: 샐러드뷔페 (점수: 0.00)
2025-07-15 21:16:41,945 - INFO - 분석: 호텔뷔페
2025-07-15 21:16:42,899 - INFO - 완료: 호텔뷔페 (점수: 0.00)
2025-07-15 21:16:43,145 - INFO - 분석: 브런치뷔페
2025-07-15 21:16:44,378 - INFO - 완료: 브런치뷔페 (점수: 20.97)
2025-07-15 21:16:44,745 - INFO - 분석: 비건버거
2025-07-15 21:16:45,905 - INFO - 완료: 비건버거 (점수: 12.39)
2025-07-15 21:16:46,327 - INFO - 분석: 두부스테이크
2025-07-15 21:16:47,273 - INFO - 완료: 두부스테이크 (점수: 0.00)
2025-07-15 21:16:47,507 - INFO - 분석: 템페
2025-07-15 21:16:48,395 - INFO - 완료: 템페 (점수: 0.00)
2025-07-15 21:16:48,864 - INFO - 분석: 비건케이크
2025-07-15 21:16:49,794 - INFO - 완료: 비건케이크 (점수: 0.00)
2025-07-15 21:16:50,175 - INFO - 분석: 두유아이스크림
2025-07-15 21:16:51,372 - INFO - 완료: 두유아이스크림 (점수: 2.86)
2025-07-15 21:16:51,669 - INFO - 분석: 닭가슴살샐러드
2025-07-15 21:16:52,637 - INFO - 완료: 닭가슴살샐러드 (점수: 0.00)
2025-07-15 21:16:53,122 - INFO - 분석: 퀴노아볼
2025-07-15 21:16:54,278 - INFO - 완료: 퀴노아볼 (점수: 1.91)
2025-07-15 21:16:54,551 - INFO - 분석: 프로틴볼
2025-07-15 21:16:55,481 - INFO - 완료: 프로틴볼 (점수: 0.00)
2025-07-15 21:16:55,925 - INFO - 분석: 그릭요거트
2025-07-15 21:16:56,911 - INFO - 완료: 그릭요거트 (점수: 0.00)
2025-07-15 21:16:57,168 - INFO - 1단계 완료: 성공 381, 실패 0
2025-07-15 21:16:57,170 - INFO - 할당량 계산 시작
2025-07-15 21:16:57,172 - INFO - 유효 분석: 381개
2025-07-15 21:16:57,172 - INFO - 총 점수: 1386.12
2025-07-15 21:16:57,174 - INFO - 기본 할당: 1524개
2025-07-15 21:16:57,176 - INFO - 비례 할당: 6476개
2025-07-15 21:16:57,177 - INFO - 최고 할당: 마제소바 (점수: 68.62)
2025-07-15 21:16:57,179 - INFO - 2단계 완료: 총 7,923개 할당
2025-07-15 21:16:57,179 - INFO - 이미지 수집 (시점 무관) 시작
2025-07-15 21:16:57,182 - INFO - 수집: 마제소바 (할당: 324개)
2025-07-15 21:16:58,481 - INFO - 완료: 마제소바 (324개, 100.0%)
2025-07-15 21:16:58,899 - INFO - 수집: 마라파스타 (할당: 262개)
2025-07-15 21:16:59,917 - INFO - 완료: 마라파스타 (262개, 100.0%)
2025-07-15 21:17:00,226 - INFO - 수집: 시금치나물 (할당: 213개)
2025-07-15 21:17:01,259 - INFO - 완료: 시금치나물 (213개, 100.0%)
2025-07-15 21:17:01,484 - INFO - 수집: 규동 (할당: 199개)
2025-07-15 21:17:02,130 - INFO - 완료: 규동 (199개, 100.0%)
2025-07-15 21:17:02,438 - INFO - 수집: 삼선짬뽕 (할당: 191개)
2025-07-15 21:17:03,131 - INFO - 완료: 삼선짬뽕 (191개, 100.0%)
2025-07-15 21:17:03,586 - INFO - 수집: 타코야키 (할당: 182개)
2025-07-15 21:17:04,266 - INFO - 완료: 타코야키 (182개, 100.0%)
2025-07-15 21:17:04,618 - INFO - 수집: 탄탄면 (할당: 146개)
2025-07-15 21:17:05,265 - INFO - 완료: 탄탄면 (146개, 100.0%)
2025-07-15 21:17:05,717 - INFO - 수집: 유니볶음면 (할당: 133개)
2025-07-15 21:17:06,429 - INFO - 완료: 유니볶음면 (133개, 100.0%)
2025-07-15 21:17:06,896 - INFO - 수집: 아부라소바 (할당: 124개)
2025-07-15 21:17:07,528 - INFO - 완료: 아부라소바 (124개, 100.0%)
2025-07-15 21:17:07,969 - INFO - 수집: 연어덮밥 (할당: 119개)
2025-07-15 21:17:08,675 - INFO - 완료: 연어덮밥 (119개, 100.0%)
2025-07-15 21:17:09,047 - INFO - 수집: 녹두죽 (할당: 115개)
2025-07-15 21:17:09,663 - INFO - 완료: 녹두죽 (115개, 100.0%)
2025-07-15 21:17:09,984 - INFO - 수집: 삼치구이 (할당: 115개)
2025-07-15 21:17:10,713 - INFO - 완료: 삼치구이 (115개, 100.0%)
2025-07-15 21:17:10,940 - INFO - 수집: 물만두 (할당: 110개)
2025-07-15 21:17:11,566 - INFO - 완료: 물만두 (110개, 100.0%)
2025-07-15 21:17:12,020 - INFO - 수집: 삼선짜장 (할당: 106개)
2025-07-15 21:17:12,661 - INFO - 완료: 삼선짜장 (106개, 100.0%)
2025-07-15 21:17:13,136 - INFO - 수집: 한국식피자 (할당: 106개)
2025-07-15 21:17:13,813 - INFO - 완료: 한국식피자 (106개, 100.0%)
2025-07-15 21:17:14,052 - INFO - 수집: 브런치뷔페 (할당: 101개)
2025-07-15 21:17:14,762 - INFO - 완료: 브런치뷔페 (101개, 100.0%)
2025-07-15 21:17:15,075 - INFO - 수집: 스시버거 (할당: 93개)
2025-07-15 21:17:15,425 - INFO - 완료: 스시버거 (93개, 100.0%)
2025-07-15 21:17:15,798 - INFO - 수집: 전복버터구이 (할당: 88개)
2025-07-15 21:17:16,140 - INFO - 완료: 전복버터구이 (88개, 100.0%)
2025-07-15 21:17:16,510 - INFO - 수집: 엔칠라다 (할당: 88개)
2025-07-15 21:17:16,816 - INFO - 완료: 엔칠라다 (88개, 100.0%)
2025-07-15 21:17:17,239 - INFO - 수집: 마늘족발 (할당: 84개)
2025-07-15 21:17:17,564 - INFO - 완료: 마늘족발 (84개, 100.0%)
2025-07-15 21:17:17,967 - INFO - 수집: 마늘보쌈 (할당: 84개)
2025-07-15 21:17:18,291 - INFO - 완료: 마늘보쌈 (84개, 100.0%)
2025-07-15 21:17:18,744 - INFO - 수집: 매운라멘 (할당: 84개)
2025-07-15 21:17:19,096 - INFO - 완료: 매운라멘 (84개, 100.0%)
2025-07-15 21:17:19,373 - INFO - 수집: 마요새우 (할당: 79개)
2025-07-15 21:17:19,730 - INFO - 완료: 마요새우 (79개, 100.0%)
2025-07-15 21:17:20,181 - INFO - 수집: 브리스킷 (할당: 79개)
2025-07-15 21:17:20,518 - INFO - 완료: 브리스킷 (79개, 100.0%)
2025-07-15 21:17:20,990 - INFO - 수집: 시오라멘 (할당: 75개)
2025-07-15 21:17:21,312 - INFO - 완료: 시오라멘 (75개, 100.0%)
2025-07-15 21:17:21,681 - INFO - 수집: 부리또 (할당: 75개)
2025-07-15 21:17:21,991 - INFO - 완료: 부리또 (75개, 100.0%)
2025-07-15 21:17:22,498 - INFO - 수집: 스크램블 (할당: 75개)
2025-07-15 21:17:22,795 - INFO - 완료: 스크램블 (75개, 100.0%)
2025-07-15 21:17:23,009 - INFO - 수집: 녹차라떼 (할당: 75개)
2025-07-15 21:17:23,348 - INFO - 완료: 녹차라떼 (75개, 100.0%)
2025-07-15 21:17:23,752 - INFO - 수집: 무국 (할당: 70개)
2025-07-15 21:17:24,091 - INFO - 완료: 무국 (70개, 100.0%)
2025-07-15 21:17:24,448 - INFO - 수집: 온면 (할당: 70개)
2025-07-15 21:17:24,783 - INFO - 완료: 온면 (70개, 100.0%)
2025-07-15 21:17:25,188 - INFO - 수집: 치킨가라아게 (할당: 70개)
2025-07-15 21:17:25,547 - INFO - 완료: 치킨가라아게 (70개, 100.0%)
2025-07-15 21:17:26,016 - INFO - 수집: 알리오올리오 (할당: 70개)
2025-07-15 21:17:26,337 - INFO - 완료: 알리오올리오 (70개, 100.0%)
2025-07-15 21:17:26,792 - INFO - 수집: 해물순두부찌개 (할당: 66개)
2025-07-15 21:17:27,146 - INFO - 완료: 해물순두부찌개 (66개, 100.0%)
2025-07-15 21:17:27,470 - INFO - 수집: 똠얌꿍 (할당: 66개)
2025-07-15 21:17:27,762 - INFO - 완료: 똠얌꿍 (66개, 100.0%)
2025-07-15 21:17:28,044 - INFO - 수집: 머핀 (할당: 66개)
2025-07-15 21:17:28,388 - INFO - 완료: 머핀 (66개, 100.0%)
2025-07-15 21:17:28,691 - INFO - 수집: 매운제육볶음 (할당: 61개)
2025-07-15 21:17:29,049 - INFO - 완료: 매운제육볶음 (61개, 100.0%)
2025-07-15 21:17:29,314 - INFO - 수집: 치킨텐더 (할당: 61개)
2025-07-15 21:17:29,651 - INFO - 완료: 치킨텐더 (61개, 100.0%)
2025-07-15 21:17:30,030 - INFO - 수집: 비건버거 (할당: 61개)
2025-07-15 21:17:30,365 - INFO - 완료: 비건버거 (61개, 100.0%)
2025-07-15 21:17:30,731 - INFO - 수집: 골뱅이무침 (할당: 57개)
2025-07-15 21:17:31,055 - INFO - 완료: 골뱅이무침 (57개, 100.0%)
2025-07-15 21:17:31,489 - INFO - 수집: 생선까스 (할당: 57개)
2025-07-15 21:17:31,866 - INFO - 완료: 생선까스 (57개, 100.0%)
2025-07-15 21:17:32,177 - INFO - 수집: 치즈리조또 (할당: 57개)
2025-07-15 21:17:32,528 - INFO - 완료: 치즈리조또 (57개, 100.0%)
2025-07-15 21:17:32,850 - INFO - 수집: 양파수프 (할당: 57개)
2025-07-15 21:17:33,172 - INFO - 완료: 양파수프 (57개, 100.0%)
2025-07-15 21:17:33,531 - INFO - 수집: 에그베네딕트 (할당: 57개)
2025-07-15 21:17:33,851 - INFO - 완료: 에그베네딕트 (57개, 100.0%)
2025-07-15 21:17:34,305 - INFO - 수집: 까르보나라 (할당: 52개)
2025-07-15 21:17:34,613 - INFO - 완료: 까르보나라 (52개, 100.0%)
2025-07-15 21:17:34,869 - INFO - 수집: 태국볶음면 (할당: 52개)
2025-07-15 21:17:35,239 - INFO - 완료: 태국볶음면 (52개, 100.0%)
2025-07-15 21:17:35,582 - INFO - 수집: 딸기프라페 (할당: 52개)
2025-07-15 21:17:35,936 - INFO - 완료: 딸기프라페 (52개, 100.0%)
2025-07-15 21:17:36,273 - INFO - 수집: 마라닭발 (할당: 48개)
2025-07-15 21:17:36,594 - INFO - 완료: 마라닭발 (48개, 100.0%)
2025-07-15 21:17:37,021 - INFO - 수집: 짬짜면 (할당: 48개)
2025-07-15 21:17:37,342 - INFO - 완료: 짬짜면 (48개, 100.0%)
2025-07-15 21:17:37,615 - INFO - 수집: 쇼유라멘 (할당: 48개)
2025-07-15 21:17:37,941 - INFO - 완료: 쇼유라멘 (48개, 100.0%)
2025-07-15 21:17:38,230 - INFO - 수집: 사테 (할당: 48개)
2025-07-15 21:17:38,549 - INFO - 완료: 사테 (48개, 100.0%)
2025-07-15 21:17:38,977 - INFO - 수집: 카푸치노 (할당: 48개)
2025-07-15 21:17:39,327 - INFO - 완료: 카푸치노 (48개, 100.0%)
2025-07-15 21:17:39,717 - INFO - 수집: 도라지무침 (할당: 44개)
2025-07-15 21:17:40,026 - INFO - 완료: 도라지무침 (44개, 100.0%)
2025-07-15 21:17:40,527 - INFO - 수집: 대게찜 (할당: 44개)
2025-07-15 21:17:40,882 - INFO - 완료: 대게찜 (44개, 100.0%)
2025-07-15 21:17:41,124 - INFO - 수집: 잡채밥 (할당: 44개)
2025-07-15 21:17:41,430 - INFO - 완료: 잡채밥 (44개, 100.0%)
2025-07-15 21:17:41,787 - INFO - 수집: 닭튀김 (할당: 44개)
2025-07-15 21:17:42,174 - INFO - 완료: 닭튀김 (44개, 100.0%)
2025-07-15 21:17:42,674 - INFO - 수집: 야키소바 (할당: 44개)
2025-07-15 21:17:42,996 - INFO - 완료: 야키소바 (44개, 100.0%)
2025-07-15 21:17:43,255 - INFO - 수집: 그린커리 (할당: 44개)
2025-07-15 21:17:43,596 - INFO - 완료: 그린커리 (44개, 100.0%)
2025-07-15 21:17:43,981 - INFO - 수집: 새콤매운국물 (할당: 44개)
2025-07-15 21:17:44,338 - INFO - 완료: 새콤매운국물 (44개, 100.0%)
2025-07-15 21:17:44,597 - INFO - 수집: 스크램블에그 (할당: 39개)
2025-07-15 21:17:44,916 - INFO - 완료: 스크램블에그 (39개, 100.0%)
2025-07-15 21:17:45,179 - INFO - 수집: 굴보쌈 (할당: 39개)
2025-07-15 21:17:45,514 - INFO - 완료: 굴보쌈 (39개, 100.0%)
2025-07-15 21:17:46,020 - INFO - 수집: 멍게무침 (할당: 39개)
2025-07-15 21:17:46,326 - INFO - 완료: 멍게무침 (39개, 100.0%)
2025-07-15 21:17:46,765 - INFO - 수집: 라조기 (할당: 39개)
2025-07-15 21:17:47,052 - INFO - 완료: 라조기 (39개, 100.0%)
2025-07-15 21:17:47,375 - INFO - 수집: 립아이 (할당: 39개)
2025-07-15 21:17:47,726 - INFO - 완료: 립아이 (39개, 100.0%)
2025-07-15 21:17:47,991 - INFO - 수집: 양고기커리 (할당: 39개)
2025-07-15 21:17:48,377 - INFO - 완료: 양고기커리 (39개, 100.0%)
2025-07-15 21:17:48,790 - INFO - 수집: 시카고피자 (할당: 39개)
2025-07-15 21:17:49,137 - INFO - 완료: 시카고피자 (39개, 100.0%)
2025-07-15 21:17:49,511 - INFO - 수집: 마파두부밥 (할당: 37개)
2025-07-15 21:17:49,863 - INFO - 완료: 마파두부밥 (37개, 100.0%)
2025-07-15 21:17:50,155 - INFO - 수집: 냉라면 (할당: 35개)
2025-07-15 21:17:50,466 - INFO - 완료: 냉라면 (35개, 100.0%)
2025-07-15 21:17:50,804 - INFO - 수집: 맑은라멘 (할당: 35개)
2025-07-15 21:17:51,129 - INFO - 완료: 맑은라멘 (35개, 100.0%)
2025-07-15 21:17:51,563 - INFO - 수집: 버섯리조또 (할당: 35개)
2025-07-15 21:17:51,930 - INFO - 완료: 버섯리조또 (35개, 100.0%)
2025-07-15 21:17:52,337 - INFO - 수집: 와퍼 (할당: 35개)
2025-07-15 21:17:52,630 - INFO - 완료: 와퍼 (35개, 100.0%)
2025-07-15 21:17:52,887 - INFO - 수집: 버섯순두부찌개 (할당: 30개)
2025-07-15 21:17:53,260 - INFO - 완료: 버섯순두부찌개 (30개, 100.0%)
2025-07-15 21:17:53,683 - INFO - 수집: 마른오징어 (할당: 30개)
2025-07-15 21:17:54,008 - INFO - 완료: 마른오징어 (30개, 100.0%)
2025-07-15 21:17:54,486 - INFO - 수집: 샤오롱바오 (할당: 30개)
2025-07-15 21:17:54,794 - INFO - 완료: 샤오롱바오 (30개, 100.0%)
2025-07-15 21:17:55,263 - INFO - 수집: 모둠사시미 (할당: 30개)
2025-07-15 21:17:55,648 - INFO - 완료: 모둠사시미 (30개, 100.0%)
2025-07-15 21:17:56,054 - INFO - 수집: 마르게리타 (할당: 30개)
2025-07-15 21:17:56,362 - INFO - 완료: 마르게리타 (30개, 100.0%)
2025-07-15 21:17:56,634 - INFO - 수집: 나초 (할당: 30개)
2025-07-15 21:17:56,959 - INFO - 완료: 나초 (30개, 100.0%)
2025-07-15 21:17:57,362 - INFO - 수집: 초콜릿프라페 (할당: 30개)
2025-07-15 21:17:57,681 - INFO - 완료: 초콜릿프라페 (30개, 100.0%)
2025-07-15 21:17:58,106 - INFO - 수집: 코브샐러드 (할당: 29개)
2025-07-15 21:17:58,415 - INFO - 완료: 코브샐러드 (29개, 100.0%)
2025-07-15 21:17:58,864 - INFO - 수집: 냉채족발 (할당: 26개)
2025-07-15 21:17:59,222 - INFO - 완료: 냉채족발 (26개, 100.0%)
2025-07-15 21:17:59,483 - INFO - 수집: 생선구이도시락 (할당: 26개)
2025-07-15 21:17:59,866 - INFO - 완료: 생선구이도시락 (26개, 100.0%)
2025-07-15 21:18:00,255 - INFO - 수집: 차돌볶음밥 (할당: 26개)
2025-07-15 21:18:00,580 - INFO - 완료: 차돌볶음밥 (26개, 100.0%)
2025-07-15 21:18:00,901 - INFO - 수집: 유산슬밥 (할당: 26개)
2025-07-15 21:18:01,227 - INFO - 완료: 유산슬밥 (26개, 100.0%)
2025-07-15 21:18:01,696 - INFO - 수집: 하가우 (할당: 26개)
2025-07-15 21:18:01,997 - INFO - 완료: 하가우 (26개, 100.0%)
2025-07-15 21:18:02,373 - INFO - 수집: 연어사시미 (할당: 26개)
2025-07-15 21:18:02,891 - INFO - 완료: 연어사시미 (26개, 100.0%)
2025-07-15 21:18:03,133 - INFO - 수집: 캘리포니아롤 (할당: 26개)
2025-07-15 21:18:03,470 - INFO - 완료: 캘리포니아롤 (26개, 100.0%)
2025-07-15 21:18:03,747 - INFO - 수집: 가츠동 (할당: 26개)
2025-07-15 21:18:04,067 - INFO - 완료: 가츠동 (26개, 100.0%)
2025-07-15 21:18:04,472 - INFO - 수집: 클램차우더 (할당: 26개)
2025-07-15 21:18:04,799 - INFO - 완료: 클램차우더 (26개, 100.0%)
2025-07-15 21:18:05,128 - INFO - 수집: 시저샐러드 (할당: 26개)
2025-07-15 21:18:05,474 - INFO - 완료: 시저샐러드 (26개, 100.0%)
2025-07-15 21:18:05,830 - INFO - 수집: 레드커리 (할당: 26개)
2025-07-15 21:18:06,166 - INFO - 완료: 레드커리 (26개, 100.0%)
2025-07-15 21:18:06,414 - INFO - 수집: 얇은피자 (할당: 26개)
2025-07-15 21:18:06,765 - INFO - 완료: 얇은피자 (26개, 100.0%)
2025-07-15 21:18:07,281 - INFO - 수집: 케사디아 (할당: 25개)
2025-07-15 21:18:07,687 - INFO - 완료: 케사디아 (25개, 100.0%)
2025-07-15 21:18:08,030 - INFO - 수집: 해물전 (할당: 21개)
2025-07-15 21:18:08,415 - INFO - 완료: 해물전 (21개, 100.0%)
2025-07-15 21:18:08,723 - INFO - 수집: 탄탄멘 (할당: 21개)
2025-07-15 21:18:09,031 - INFO - 완료: 탄탄멘 (21개, 100.0%)
2025-07-15 21:18:09,514 - INFO - 수집: 크로크무슈 (할당: 21개)
2025-07-15 21:18:09,821 - INFO - 완료: 크로크무슈 (21개, 100.0%)
2025-07-15 21:18:10,098 - INFO - 수집: 풀드포크 (할당: 21개)
2025-07-15 21:18:10,434 - INFO - 완료: 풀드포크 (21개, 100.0%)
2025-07-15 21:18:10,710 - INFO - 수집: 자몽에이드 (할당: 21개)
2025-07-15 21:18:11,061 - INFO - 완료: 자몽에이드 (21개, 100.0%)
2025-07-15 21:18:11,325 - INFO - 수집: 깐풍새우 (할당: 17개)
2025-07-15 21:18:11,633 - INFO - 완료: 깐풍새우 (17개, 100.0%)
2025-07-15 21:18:12,130 - INFO - 수집: 사천면 (할당: 17개)
2025-07-15 21:18:12,486 - INFO - 완료: 사천면 (17개, 100.0%)
2025-07-15 21:18:12,875 - INFO - 수집: 마라룽샤 (할당: 17개)
2025-07-15 21:18:13,163 - INFO - 완료: 마라룽샤 (17개, 100.0%)
2025-07-15 21:18:13,555 - INFO - 수집: 참치사시미 (할당: 17개)
2025-07-15 21:18:13,894 - INFO - 완료: 참치사시미 (17개, 100.0%)
2025-07-15 21:18:14,332 - INFO - 수집: 가케우동 (할당: 17개)
2025-07-15 21:18:14,649 - INFO - 완료: 가케우동 (17개, 100.0%)
2025-07-15 21:18:15,015 - INFO - 수집: 치킨가츠 (할당: 17개)
2025-07-15 21:18:15,333 - INFO - 완료: 치킨가츠 (17개, 100.0%)
2025-07-15 21:18:15,621 - INFO - 수집: 베이크드파스타 (할당: 17개)
2025-07-15 21:18:15,931 - INFO - 완료: 베이크드파스타 (17개, 100.0%)
2025-07-15 21:18:16,196 - INFO - 수집: 그라탱 (할당: 17개)
2025-07-15 21:18:16,517 - INFO - 완료: 그라탱 (17개, 100.0%)
2025-07-15 21:18:17,018 - INFO - 수집: 바비큐립 (할당: 17개)
2025-07-15 21:18:17,333 - INFO - 완료: 바비큐립 (17개, 100.0%)
2025-07-15 21:18:17,634 - INFO - 수집: 두꺼운피자 (할당: 17개)
2025-07-15 21:18:17,940 - INFO - 완료: 두꺼운피자 (17개, 100.0%)
2025-07-15 21:18:18,348 - INFO - 수집: 카페프라페 (할당: 17개)
2025-07-15 21:18:18,693 - INFO - 완료: 카페프라페 (17개, 100.0%)
2025-07-15 21:18:19,099 - INFO - 수집: 불닭파스타 (할당: 17개)
2025-07-15 21:18:19,448 - INFO - 완료: 불닭파스타 (17개, 100.0%)
2025-07-15 21:18:19,873 - INFO - 수집: 두유아이스크림 (할당: 17개)
2025-07-15 21:18:20,214 - INFO - 완료: 두유아이스크림 (17개, 100.0%)
2025-07-15 21:18:20,730 - INFO - 수집: 달커리 (할당: 14개)
2025-07-15 21:18:21,066 - INFO - 완료: 달커리 (14개, 100.0%)
2025-07-15 21:18:21,312 - INFO - 수집: 등뼈찜 (할당: 12개)
2025-07-15 21:18:21,630 - INFO - 완료: 등뼈찜 (12개, 100.0%)
2025-07-15 21:18:21,990 - INFO - 수집: 불족발 (할당: 12개)
2025-07-15 21:18:22,314 - INFO - 완료: 불족발 (12개, 100.0%)
2025-07-15 21:18:22,765 - INFO - 수집: 소고기야채죽 (할당: 12개)
2025-07-15 21:18:23,167 - INFO - 완료: 소고기야채죽 (12개, 100.0%)
2025-07-15 21:18:23,583 - INFO - 수집: 완자탕 (할당: 12개)
2025-07-15 21:18:23,914 - INFO - 완료: 완자탕 (12개, 100.0%)
2025-07-15 21:18:24,367 - INFO - 수집: 새콤달콤탕수육 (할당: 12개)
2025-07-15 21:18:24,687 - INFO - 완료: 새콤달콤탕수육 (12개, 100.0%)
2025-07-15 21:18:24,932 - INFO - 수집: 깐풍오징어 (할당: 12개)
2025-07-15 21:18:25,252 - INFO - 완료: 깐풍오징어 (12개, 100.0%)
2025-07-15 21:18:25,593 - INFO - 수집: 츠케멘 (할당: 12개)
2025-07-15 21:18:25,916 - INFO - 완료: 츠케멘 (12개, 100.0%)
2025-07-15 21:18:26,349 - INFO - 수집: 자루소바 (할당: 12개)
2025-07-15 21:18:26,677 - INFO - 완료: 자루소바 (12개, 100.0%)
2025-07-15 21:18:27,141 - INFO - 수집: 새우텐푸라 (할당: 12개)
2025-07-15 21:18:27,484 - INFO - 완료: 새우텐푸라 (12개, 100.0%)
2025-07-15 21:18:27,716 - INFO - 수집: 해물리조또 (할당: 12개)
2025-07-15 21:18:28,049 - INFO - 완료: 해물리조또 (12개, 100.0%)
2025-07-15 21:18:28,483 - INFO - 수집: 허니머스타드 (할당: 12개)
2025-07-15 21:18:28,789 - INFO - 완료: 허니머스타드 (12개, 100.0%)
2025-07-15 21:18:29,099 - INFO - 수집: 허브티 (할당: 12개)
2025-07-15 21:18:29,471 - INFO - 완료: 허브티 (12개, 100.0%)
2025-07-15 21:18:29,867 - INFO - 수집: 퀴노아볼 (할당: 12개)
2025-07-15 21:18:30,185 - INFO - 완료: 퀴노아볼 (12개, 100.0%)
2025-07-15 21:18:30,495 - INFO - 수집: 렌당 (할당: 11개)
2025-07-15 21:18:30,816 - INFO - 완료: 렌당 (11개, 100.0%)
2025-07-15 21:18:31,261 - INFO - 수집: 회보쌈 (할당: 10개)
2025-07-15 21:18:31,616 - INFO - 완료: 회보쌈 (10개, 100.0%)
2025-07-15 21:18:31,968 - INFO - 수집: 김밥롤 (할당: 10개)
2025-07-15 21:18:32,294 - INFO - 완료: 김밥롤 (10개, 100.0%)
2025-07-15 21:18:32,733 - INFO - 수집: 옥수수탕 (할당: 9개)
2025-07-15 21:18:33,037 - INFO - 완료: 옥수수탕 (9개, 100.0%)
2025-07-15 21:18:33,489 - INFO - 수집: 삼계죽 (할당: 8개)
2025-07-15 21:18:33,799 - INFO - 완료: 삼계죽 (8개, 100.0%)
2025-07-15 21:18:34,249 - INFO - 수집: 단호박죽 (할당: 8개)
2025-07-15 21:18:34,575 - INFO - 완료: 단호박죽 (8개, 100.0%)
2025-07-15 21:18:35,032 - INFO - 수집: 생라면 (할당: 8개)
2025-07-15 21:18:35,333 - INFO - 완료: 생라면 (8개, 100.0%)
2025-07-15 21:18:35,733 - INFO - 수집: 냉짬뽕 (할당: 8개)
2025-07-15 21:18:36,051 - INFO - 완료: 냉짬뽕 (8개, 100.0%)
2025-07-15 21:18:36,531 - INFO - 수집: 계란탕 (할당: 8개)
2025-07-15 21:18:36,850 - INFO - 완료: 계란탕 (8개, 100.0%)
2025-07-15 21:18:37,267 - INFO - 수집: 마라면 (할당: 8개)
2025-07-15 21:18:37,575 - INFO - 완료: 마라면 (8개, 100.0%)
2025-07-15 21:18:37,995 - INFO - 수집: 슈마이 (할당: 8개)
2025-07-15 21:18:38,316 - INFO - 완료: 슈마이 (8개, 100.0%)
2025-07-15 21:18:38,530 - INFO - 수집: 텐푸라우동 (할당: 8개)
2025-07-15 21:18:38,861 - INFO - 완료: 텐푸라우동 (8개, 100.0%)
2025-07-15 21:18:39,300 - INFO - 수집: 아라비아따 (할당: 8개)
2025-07-15 21:18:39,635 - INFO - 완료: 아라비아따 (8개, 100.0%)
2025-07-15 21:18:39,883 - INFO - 수집: 피쉬앤칩스 (할당: 8개)
2025-07-15 21:18:40,234 - INFO - 완료: 피쉬앤칩스 (8개, 100.0%)
2025-07-15 21:18:40,532 - INFO - 수집: 똠얌갈비 (할당: 8개)
2025-07-15 21:18:40,851 - INFO - 완료: 똠얌갈비 (8개, 100.0%)
2025-07-15 21:18:41,099 - INFO - 수집: 탄두리치킨 (할당: 8개)
2025-07-15 21:18:41,429 - INFO - 완료: 탄두리치킨 (8개, 100.0%)
2025-07-15 21:18:41,790 - INFO - 수집: 락사 (할당: 8개)
2025-07-15 21:18:42,116 - INFO - 완료: 락사 (8개, 100.0%)
2025-07-15 21:18:42,602 - INFO - 수집: 콤비네이션 (할당: 8개)
2025-07-15 21:18:42,932 - INFO - 완료: 콤비네이션 (8개, 100.0%)
2025-07-15 21:18:43,190 - INFO - 수집: 롱블랙 (할당: 8개)
2025-07-15 21:18:43,583 - INFO - 완료: 롱블랙 (8개, 100.0%)
2025-07-15 21:18:43,900 - INFO - 수집: 인절미빙수 (할당: 8개)
2025-07-15 21:18:44,230 - INFO - 완료: 인절미빙수 (8개, 100.0%)
2025-07-15 21:18:44,568 - INFO - 수집: 라멘버거 (할당: 8개)
2025-07-15 21:18:44,912 - INFO - 완료: 라멘버거 (8개, 100.0%)
2025-07-15 21:18:45,174 - INFO - 수집: 크로크마담 (할당: 7개)
2025-07-15 21:18:45,483 - INFO - 완료: 크로크마담 (7개, 100.0%)
2025-07-15 21:18:45,934 - INFO - 수집: 파라타 (할당: 7개)
2025-07-15 21:18:46,255 - INFO - 완료: 파라타 (7개, 100.0%)
2025-07-15 21:18:46,757 - INFO - 수집: 분보 (할당: 6개)
2025-07-15 21:18:47,065 - INFO - 완료: 분보 (6개, 100.0%)
2025-07-15 21:18:47,568 - INFO - 수집: 용기면 (할당: 5개)
2025-07-15 21:18:47,905 - INFO - 완료: 용기면 (5개, 100.0%)
2025-07-15 21:18:48,262 - INFO - 수집: 모둠텐푸라 (할당: 5개)
2025-07-15 21:18:48,566 - INFO - 완료: 모둠텐푸라 (5개, 100.0%)
2025-07-15 21:18:48,824 - INFO - 수집: 제육볶음 (할당: 4개)
2025-07-15 21:18:49,182 - INFO - 완료: 제육볶음 (4개, 100.0%)
2025-07-15 21:18:49,634 - INFO - 수집: 두부제육볶음 (할당: 4개)
2025-07-15 21:18:50,000 - INFO - 완료: 두부제육볶음 (4개, 100.0%)
2025-07-15 21:18:50,350 - INFO - 수집: 된장찌개 (할당: 4개)
2025-07-15 21:18:50,733 - INFO - 완료: 된장찌개 (4개, 100.0%)
2025-07-15 21:18:51,202 - INFO - 수집: 김치찌개 (할당: 4개)
2025-07-15 21:18:51,633 - INFO - 완료: 김치찌개 (4개, 100.0%)
2025-07-15 21:18:52,132 - INFO - 수집: 청국장찌개 (할당: 4개)
2025-07-15 21:18:52,467 - INFO - 완료: 청국장찌개 (4개, 100.0%)
2025-07-15 21:18:52,849 - INFO - 수집: 콩나물무침 (할당: 4개)
2025-07-15 21:18:53,216 - INFO - 완료: 콩나물무침 (4개, 100.0%)
2025-07-15 21:18:53,484 - INFO - 수집: 계란말이 (할당: 4개)
2025-07-15 21:18:53,817 - INFO - 완료: 계란말이 (4개, 100.0%)
2025-07-15 21:18:54,166 - INFO - 수집: 계란찜 (할당: 4개)
2025-07-15 21:18:54,550 - INFO - 완료: 계란찜 (4개, 100.0%)
2025-07-15 21:18:54,834 - INFO - 수집: 미역국 (할당: 4개)
2025-07-15 21:18:55,234 - INFO - 완료: 미역국 (4개, 100.0%)
2025-07-15 21:18:55,617 - INFO - 수집: 콩나물국 (할당: 4개)
2025-07-15 21:18:55,967 - INFO - 완료: 콩나물국 (4개, 100.0%)
2025-07-15 21:18:56,467 - INFO - 수집: 부대찌개 (할당: 4개)
2025-07-15 21:18:56,849 - INFO - 완료: 부대찌개 (4개, 100.0%)
2025-07-15 21:18:57,283 - INFO - 수집: 햄부대찌개 (할당: 4개)
2025-07-15 21:18:57,667 - INFO - 완료: 햄부대찌개 (4개, 100.0%)
2025-07-15 21:18:57,884 - INFO - 수집: 치즈부대찌개 (할당: 4개)
2025-07-15 21:18:58,299 - INFO - 완료: 치즈부대찌개 (4개, 100.0%)
2025-07-15 21:18:58,517 - INFO - 수집: 감자탕 (할당: 4개)
2025-07-15 21:18:58,867 - INFO - 완료: 감자탕 (4개, 100.0%)
2025-07-15 21:18:59,335 - INFO - 수집: 뼈해장국 (할당: 4개)
2025-07-15 21:18:59,701 - INFO - 완료: 뼈해장국 (4개, 100.0%)
2025-07-15 21:19:00,152 - INFO - 수집: 순두부찌개 (할당: 4개)
2025-07-15 21:19:00,501 - INFO - 완료: 순두부찌개 (4개, 100.0%)
2025-07-15 21:19:00,986 - INFO - 수집: 설렁탕 (할당: 4개)
2025-07-15 21:19:01,334 - INFO - 완료: 설렁탕 (4개, 100.0%)
2025-07-15 21:19:01,685 - INFO - 수집: 곰탕 (할당: 4개)
2025-07-15 21:19:02,032 - INFO - 완료: 곰탕 (4개, 100.0%)
2025-07-15 21:19:02,515 - INFO - 수집: 갈비탕 (할당: 4개)
2025-07-15 21:19:02,862 - INFO - 완료: 갈비탕 (4개, 100.0%)
2025-07-15 21:19:03,209 - INFO - 수집: 삼계탕 (할당: 4개)
2025-07-15 21:19:03,567 - INFO - 완료: 삼계탕 (4개, 100.0%)
2025-07-15 21:19:03,950 - INFO - 수집: 육개장 (할당: 4개)
2025-07-15 21:19:04,268 - INFO - 완료: 육개장 (4개, 100.0%)
2025-07-15 21:19:04,501 - INFO - 수집: 닭개장 (할당: 4개)
2025-07-15 21:19:04,819 - INFO - 완료: 닭개장 (4개, 100.0%)
2025-07-15 21:19:05,099 - INFO - 수집: 콩나물해장국 (할당: 4개)
2025-07-15 21:19:05,435 - INFO - 완료: 콩나물해장국 (4개, 100.0%)
2025-07-15 21:19:05,685 - INFO - 수집: 편육 (할당: 4개)
2025-07-15 21:19:05,998 - INFO - 완료: 편육 (4개, 100.0%)
2025-07-15 21:19:06,453 - INFO - 수집: 수육 (할당: 4개)
2025-07-15 21:19:06,819 - INFO - 완료: 수육 (4개, 100.0%)
2025-07-15 21:19:07,137 - INFO - 수집: 막국수 (할당: 4개)
2025-07-15 21:19:07,518 - INFO - 완료: 막국수 (4개, 100.0%)
2025-07-15 21:19:07,756 - INFO - 수집: 냉면 (할당: 4개)
2025-07-15 21:19:08,148 - INFO - 완료: 냉면 (4개, 100.0%)
2025-07-15 21:19:08,582 - INFO - 수집: 전복죽 (할당: 4개)
2025-07-15 21:19:08,919 - INFO - 완료: 전복죽 (4개, 100.0%)
2025-07-15 21:19:09,265 - INFO - 수집: 닭죽 (할당: 4개)
2025-07-15 21:19:09,619 - INFO - 완료: 닭죽 (4개, 100.0%)
2025-07-15 21:19:10,049 - INFO - 수집: 팥죽 (할당: 4개)
2025-07-15 21:19:10,396 - INFO - 완료: 팥죽 (4개, 100.0%)
2025-07-15 21:19:10,712 - INFO - 수집: 제육도시락 (할당: 4개)
2025-07-15 21:19:11,035 - INFO - 완료: 제육도시락 (4개, 100.0%)
2025-07-15 21:19:11,415 - INFO - 수집: 불고기도시락 (할당: 4개)
2025-07-15 21:19:11,797 - INFO - 완료: 불고기도시락 (4개, 100.0%)
2025-07-15 21:19:12,085 - INFO - 수집: 국물떡볶이 (할당: 4개)
2025-07-15 21:19:12,451 - INFO - 완료: 국물떡볶이 (4개, 100.0%)
2025-07-15 21:19:12,735 - INFO - 수집: 로제떡볶이 (할당: 4개)
2025-07-15 21:19:13,120 - INFO - 완료: 로제떡볶이 (4개, 100.0%)
2025-07-15 21:19:13,452 - INFO - 수집: 치즈떡볶이 (할당: 4개)
2025-07-15 21:19:13,820 - INFO - 완료: 치즈떡볶이 (4개, 100.0%)
2025-07-15 21:19:14,216 - INFO - 수집: 참치김밥 (할당: 4개)
2025-07-15 21:19:14,577 - INFO - 완료: 참치김밥 (4개, 100.0%)
2025-07-15 21:19:15,040 - INFO - 수집: 불고기김밥 (할당: 4개)
2025-07-15 21:19:15,414 - INFO - 완료: 불고기김밥 (4개, 100.0%)
2025-07-15 21:19:15,684 - INFO - 수집: 야채김밥 (할당: 4개)
2025-07-15 21:19:16,067 - INFO - 완료: 야채김밥 (4개, 100.0%)
2025-07-15 21:19:16,436 - INFO - 수집: 오징어튀김 (할당: 4개)
2025-07-15 21:19:16,802 - INFO - 완료: 오징어튀김 (4개, 100.0%)
2025-07-15 21:19:17,116 - INFO - 수집: 야채튀김 (할당: 4개)
2025-07-15 21:19:17,506 - INFO - 완료: 야채튀김 (4개, 100.0%)
2025-07-15 21:19:17,981 - INFO - 수집: 만두 (할당: 4개)
2025-07-15 21:19:18,415 - INFO - 완료: 만두 (4개, 100.0%)
2025-07-15 21:19:18,767 - INFO - 수집: 잔치국수 (할당: 4개)
2025-07-15 21:19:19,114 - INFO - 완료: 잔치국수 (4개, 100.0%)
2025-07-15 21:19:19,583 - INFO - 수집: 멸치국수 (할당: 4개)
2025-07-15 21:19:19,920 - INFO - 완료: 멸치국수 (4개, 100.0%)
2025-07-15 21:19:20,180 - INFO - 수집: 삼겹살 (할당: 4개)
2025-07-15 21:19:20,651 - INFO - 완료: 삼겹살 (4개, 100.0%)
2025-07-15 21:19:21,018 - INFO - 수집: 목살 (할당: 4개)
2025-07-15 21:19:21,388 - INFO - 완료: 목살 (4개, 100.0%)
2025-07-15 21:19:21,802 - INFO - 수집: 항정살 (할당: 4개)
2025-07-15 21:19:22,102 - INFO - 완료: 항정살 (4개, 100.0%)
2025-07-15 21:19:22,520 - INFO - 수집: LA갈비 (할당: 4개)
2025-07-15 21:19:22,886 - INFO - 완료: LA갈비 (4개, 100.0%)
2025-07-15 21:19:23,267 - INFO - 수집: 돼지갈비 (할당: 4개)
2025-07-15 21:19:23,748 - INFO - 완료: 돼지갈비 (4개, 100.0%)
2025-07-15 21:19:23,969 - INFO - 수집: 생갈비 (할당: 4개)
2025-07-15 21:19:24,312 - INFO - 완료: 생갈비 (4개, 100.0%)
2025-07-15 21:19:24,782 - INFO - 수집: 불고기 (할당: 4개)
2025-07-15 21:19:25,215 - INFO - 완료: 불고기 (4개, 100.0%)
2025-07-15 21:19:25,436 - INFO - 수집: 닭불고기 (할당: 4개)
2025-07-15 21:19:25,782 - INFO - 완료: 닭불고기 (4개, 100.0%)
2025-07-15 21:19:26,033 - INFO - 수집: 오징어불고기 (할당: 4개)
2025-07-15 21:19:26,399 - INFO - 완료: 오징어불고기 (4개, 100.0%)
2025-07-15 21:19:26,699 - INFO - 수집: 닭갈비 (할당: 4개)
2025-07-15 21:19:27,037 - INFO - 완료: 닭갈비 (4개, 100.0%)
2025-07-15 21:19:27,516 - INFO - 수집: 닭발 (할당: 4개)
2025-07-15 21:19:27,851 - INFO - 완료: 닭발 (4개, 100.0%)
2025-07-15 21:19:28,118 - INFO - 수집: 찜닭 (할당: 4개)
2025-07-15 21:19:28,453 - INFO - 완료: 찜닭 (4개, 100.0%)
2025-07-15 21:19:28,881 - INFO - 수집: 고등어구이 (할당: 4개)
2025-07-15 21:19:29,235 - INFO - 완료: 고등어구이 (4개, 100.0%)
2025-07-15 21:19:29,502 - INFO - 수집: 갈치구이 (할당: 4개)
2025-07-15 21:19:29,868 - INFO - 완료: 갈치구이 (4개, 100.0%)
2025-07-15 21:19:30,120 - INFO - 수집: 조기구이 (할당: 4개)
2025-07-15 21:19:30,451 - INFO - 완료: 조기구이 (4개, 100.0%)
2025-07-15 21:19:30,792 - INFO - 수집: 아귀찜 (할당: 4개)
2025-07-15 21:19:31,121 - INFO - 완료: 아귀찜 (4개, 100.0%)
2025-07-15 21:19:31,596 - INFO - 수집: 킹크랩 (할당: 4개)
2025-07-15 21:19:31,941 - INFO - 완료: 킹크랩 (4개, 100.0%)
2025-07-15 21:19:32,402 - INFO - 수집: 생선회 (할당: 4개)
2025-07-15 21:19:32,783 - INFO - 완료: 생선회 (4개, 100.0%)
2025-07-15 21:19:33,215 - INFO - 수집: 물회 (할당: 4개)
2025-07-15 21:19:33,600 - INFO - 완료: 물회 (4개, 100.0%)
2025-07-15 21:19:33,951 - INFO - 수집: 회덮밥 (할당: 4개)
2025-07-15 21:19:34,286 - INFO - 완료: 회덮밥 (4개, 100.0%)
2025-07-15 21:19:34,567 - INFO - 수집: 조개구이 (할당: 4개)
2025-07-15 21:19:34,935 - INFO - 완료: 조개구이 (4개, 100.0%)
2025-07-15 21:19:35,352 - INFO - 수집: 키조개 (할당: 4개)
2025-07-15 21:19:35,661 - INFO - 완료: 키조개 (4개, 100.0%)
2025-07-15 21:19:36,049 - INFO - 수집: 가리비 (할당: 4개)
2025-07-15 21:19:36,367 - INFO - 완료: 가리비 (4개, 100.0%)
2025-07-15 21:19:36,598 - INFO - 수집: 파전 (할당: 4개)
2025-07-15 21:19:36,919 - INFO - 완료: 파전 (4개, 100.0%)
2025-07-15 21:19:37,197 - INFO - 수집: 김치전 (할당: 4개)
2025-07-15 21:19:37,567 - INFO - 완료: 김치전 (4개, 100.0%)
2025-07-15 21:19:37,900 - INFO - 수집: 오징어무침 (할당: 4개)
2025-07-15 21:19:38,221 - INFO - 완료: 오징어무침 (4개, 100.0%)
2025-07-15 21:19:38,501 - INFO - 수집: 곱창 (할당: 4개)
2025-07-15 21:19:38,904 - INFO - 완료: 곱창 (4개, 100.0%)
2025-07-15 21:19:39,401 - INFO - 수집: 막창 (할당: 4개)
2025-07-15 21:19:39,783 - INFO - 완료: 막창 (4개, 100.0%)
2025-07-15 21:19:40,236 - INFO - 수집: 순대 (할당: 4개)
2025-07-15 21:19:40,636 - INFO - 완료: 순대 (4개, 100.0%)
2025-07-15 21:19:40,896 - INFO - 수집: 육포 (할당: 4개)
2025-07-15 21:19:41,198 - INFO - 완료: 육포 (4개, 100.0%)
2025-07-15 21:19:41,713 - INFO - 수집: 땅콩 (할당: 4개)
2025-07-15 21:19:42,083 - INFO - 완료: 땅콩 (4개, 100.0%)
2025-07-15 21:19:42,451 - INFO - 수집: 신라면 (할당: 4개)
2025-07-15 21:19:42,814 - INFO - 완료: 신라면 (4개, 100.0%)
2025-07-15 21:19:43,184 - INFO - 수집: 너구리 (할당: 4개)
2025-07-15 21:19:43,535 - INFO - 완료: 너구리 (4개, 100.0%)
2025-07-15 21:19:43,752 - INFO - 수집: 짜파게티 (할당: 4개)
2025-07-15 21:19:44,067 - INFO - 완료: 짜파게티 (4개, 100.0%)
2025-07-15 21:19:44,537 - INFO - 수집: 컵라면 (할당: 4개)
2025-07-15 21:19:44,870 - INFO - 완료: 컵라면 (4개, 100.0%)
2025-07-15 21:19:45,188 - INFO - 수집: 쫄면 (할당: 4개)
2025-07-15 21:19:45,500 - INFO - 완료: 쫄면 (4개, 100.0%)
2025-07-15 21:19:45,936 - INFO - 수집: 라멘 (할당: 4개)
2025-07-15 21:19:46,298 - INFO - 완료: 라멘 (4개, 100.0%)
2025-07-15 21:19:46,615 - INFO - 수집: 우동 (할당: 4개)
2025-07-15 21:19:46,993 - INFO - 완료: 우동 (4개, 100.0%)
2025-07-15 21:19:47,219 - INFO - 수집: 소바 (할당: 4개)
2025-07-15 21:19:47,583 - INFO - 완료: 소바 (4개, 100.0%)
2025-07-15 21:19:47,968 - INFO - 수집: 짜장면 (할당: 4개)
2025-07-15 21:19:48,337 - INFO - 완료: 짜장면 (4개, 100.0%)
2025-07-15 21:19:48,553 - INFO - 수집: 유니짜장 (할당: 4개)
2025-07-15 21:19:48,917 - INFO - 완료: 유니짜장 (4개, 100.0%)
2025-07-15 21:19:49,222 - INFO - 수집: 짬뽕 (할당: 4개)
2025-07-15 21:19:49,617 - INFO - 완료: 짬뽕 (4개, 100.0%)
2025-07-15 21:19:49,970 - INFO - 수집: 고추짬뽕 (할당: 4개)
2025-07-15 21:19:50,287 - INFO - 완료: 고추짬뽕 (4개, 100.0%)
2025-07-15 21:19:50,754 - INFO - 수집: 볶음짬뽕 (할당: 4개)
2025-07-15 21:19:51,101 - INFO - 완료: 볶음짬뽕 (4개, 100.0%)
2025-07-15 21:19:51,471 - INFO - 수집: 간짜장 (할당: 4개)
2025-07-15 21:19:51,816 - INFO - 완료: 간짜장 (4개, 100.0%)
2025-07-15 21:19:52,081 - INFO - 수집: 비빔냉면 (할당: 4개)
2025-07-15 21:19:52,399 - INFO - 완료: 비빔냉면 (4개, 100.0%)
2025-07-15 21:19:52,720 - INFO - 수집: 물냉면 (할당: 4개)
2025-07-15 21:19:53,022 - INFO - 완료: 물냉면 (4개, 100.0%)
2025-07-15 21:19:53,418 - INFO - 수집: 새우볶음밥 (할당: 4개)
2025-07-15 21:19:53,767 - INFO - 완료: 새우볶음밥 (4개, 100.0%)
2025-07-15 21:19:54,010 - INFO - 수집: 계란볶음밥 (할당: 4개)
2025-07-15 21:19:54,338 - INFO - 완료: 계란볶음밥 (4개, 100.0%)
2025-07-15 21:19:54,769 - INFO - 수집: 해물볶음밥 (할당: 4개)
2025-07-15 21:19:55,187 - INFO - 완료: 해물볶음밥 (4개, 100.0%)
2025-07-15 21:19:55,638 - INFO - 수집: 오징어볶음밥 (할당: 4개)
2025-07-15 21:19:55,983 - INFO - 완료: 오징어볶음밥 (4개, 100.0%)
2025-07-15 21:19:56,369 - INFO - 수집: 산라탕 (할당: 4개)
2025-07-15 21:19:56,684 - INFO - 완료: 산라탕 (4개, 100.0%)
2025-07-15 21:19:57,161 - INFO - 수집: 어향탕 (할당: 4개)
2025-07-15 21:19:57,369 - INFO - 완료: 어향탕 (4개, 100.0%)
2025-07-15 21:19:57,879 - INFO - 수집: 해물탕 (할당: 4개)
2025-07-15 21:19:58,237 - INFO - 완료: 해물탕 (4개, 100.0%)
2025-07-15 21:19:58,516 - INFO - 수집: 탕수육 (할당: 4개)
2025-07-15 21:19:58,921 - INFO - 완료: 탕수육 (4개, 100.0%)
2025-07-15 21:19:59,371 - INFO - 수집: 깐풍기 (할당: 4개)
2025-07-15 21:19:59,722 - INFO - 완료: 깐풍기 (4개, 100.0%)
2025-07-15 21:20:00,085 - INFO - 수집: 깐쇼새우 (할당: 4개)
2025-07-15 21:20:00,413 - INFO - 완료: 깐쇼새우 (4개, 100.0%)
2025-07-15 21:20:00,837 - INFO - 수집: 칠리새우 (할당: 4개)
2025-07-15 21:20:01,153 - INFO - 완료: 칠리새우 (4개, 100.0%)
2025-07-15 21:20:01,622 - INFO - 수집: 유린기 (할당: 4개)
2025-07-15 21:20:01,931 - INFO - 완료: 유린기 (4개, 100.0%)
2025-07-15 21:20:02,388 - INFO - 수집: 마라탕 (할당: 4개)
2025-07-15 21:20:02,785 - INFO - 완료: 마라탕 (4개, 100.0%)
2025-07-15 21:20:03,290 - INFO - 수집: 마라샹궈 (할당: 4개)
2025-07-15 21:20:03,621 - INFO - 완료: 마라샹궈 (4개, 100.0%)
2025-07-15 21:20:04,102 - INFO - 수집: 훠궈 (할당: 4개)
2025-07-15 21:20:04,467 - INFO - 완료: 훠궈 (4개, 100.0%)
2025-07-15 21:20:04,971 - INFO - 수집: 마라두부 (할당: 4개)
2025-07-15 21:20:05,301 - INFO - 완료: 마라두부 (4개, 100.0%)
2025-07-15 21:20:05,751 - INFO - 수집: 군만두 (할당: 4개)
2025-07-15 21:20:06,238 - INFO - 완료: 군만두 (4개, 100.0%)
2025-07-15 21:20:06,531 - INFO - 수집: 왕만두 (할당: 4개)
2025-07-15 21:20:06,854 - INFO - 완료: 왕만두 (4개, 100.0%)
2025-07-15 21:20:07,254 - INFO - 수집: 탕짜면 (할당: 4개)
2025-07-15 21:20:07,571 - INFO - 완료: 탕짜면 (4개, 100.0%)
2025-07-15 21:20:07,884 - INFO - 수집: 우짬탕 (할당: 4개)
2025-07-15 21:20:08,104 - INFO - 완료: 우짬탕 (4개, 100.0%)
2025-07-15 21:20:08,553 - INFO - 수집: 볶음밥+탕수육 (할당: 4개)
2025-07-15 21:20:08,871 - INFO - 완료: 볶음밥+탕수육 (4개, 100.0%)
2025-07-15 21:20:09,280 - INFO - 수집: 덮밥세트 (할당: 4개)
2025-07-15 21:20:09,622 - INFO - 완료: 덮밥세트 (4개, 100.0%)
2025-07-15 21:20:10,006 - INFO - 수집: 연어초밥 (할당: 4개)
2025-07-15 21:20:10,368 - INFO - 완료: 연어초밥 (4개, 100.0%)
2025-07-15 21:20:10,620 - INFO - 수집: 참치초밥 (할당: 4개)
2025-07-15 21:20:10,988 - INFO - 완료: 참치초밥 (4개, 100.0%)
2025-07-15 21:20:11,400 - INFO - 수집: 장어초밥 (할당: 4개)
2025-07-15 21:20:11,772 - INFO - 완료: 장어초밥 (4개, 100.0%)
2025-07-15 21:20:12,225 - INFO - 수집: 장어덮밥 (할당: 4개)
2025-07-15 21:20:12,563 - INFO - 완료: 장어덮밥 (4개, 100.0%)
2025-07-15 21:20:13,068 - INFO - 수집: 필라델피아롤 (할당: 4개)
2025-07-15 21:20:13,403 - INFO - 완료: 필라델피아롤 (4개, 100.0%)
2025-07-15 21:20:13,617 - INFO - 수집: 돈코츠라멘 (할당: 4개)
2025-07-15 21:20:13,950 - INFO - 완료: 돈코츠라멘 (4개, 100.0%)
2025-07-15 21:20:14,423 - INFO - 수집: 차슈라멘 (할당: 4개)
2025-07-15 21:20:14,770 - INFO - 완료: 차슈라멘 (4개, 100.0%)
2025-07-15 21:20:15,138 - INFO - 수집: 미소라멘 (할당: 4개)
2025-07-15 21:20:15,454 - INFO - 완료: 미소라멘 (4개, 100.0%)
2025-07-15 21:20:15,735 - INFO - 수집: 매운미소 (할당: 4개)
2025-07-15 21:20:16,070 - INFO - 완료: 매운미소 (4개, 100.0%)
2025-07-15 21:20:16,388 - INFO - 수집: 오야코동 (할당: 4개)
2025-07-15 21:20:16,685 - INFO - 완료: 오야코동 (4개, 100.0%)
2025-07-15 21:20:17,185 - INFO - 수집: 텐동 (할당: 4개)
2025-07-15 21:20:17,496 - INFO - 완료: 텐동 (4개, 100.0%)
2025-07-15 21:20:17,903 - INFO - 수집: 카레우동 (할당: 4개)
2025-07-15 21:20:18,254 - INFO - 완료: 카레우동 (4개, 100.0%)
2025-07-15 21:20:18,712 - INFO - 수집: 온소바 (할당: 4개)
2025-07-15 21:20:19,138 - INFO - 완료: 온소바 (4개, 100.0%)
2025-07-15 21:20:19,422 - INFO - 수집: 메밀소바 (할당: 4개)
2025-07-15 21:20:19,779 - INFO - 완료: 메밀소바 (4개, 100.0%)
2025-07-15 21:20:20,023 - INFO - 수집: 돈까스 (할당: 4개)
2025-07-15 21:20:20,423 - INFO - 완료: 돈까스 (4개, 100.0%)
2025-07-15 21:20:20,703 - INFO - 수집: 야채텐푸라 (할당: 4개)
2025-07-15 21:20:21,038 - INFO - 완료: 야채텐푸라 (4개, 100.0%)
2025-07-15 21:20:21,352 - INFO - 수집: 가라아게 (할당: 4개)
2025-07-15 21:20:21,675 - INFO - 완료: 가라아게 (4개, 100.0%)
2025-07-15 21:20:21,969 - INFO - 수집: 야키니쿠 (할당: 4개)
2025-07-15 21:20:22,269 - INFO - 완료: 야키니쿠 (4개, 100.0%)
2025-07-15 21:20:22,670 - INFO - 수집: 구이고기 (할당: 4개)
2025-07-15 21:20:23,122 - INFO - 완료: 구이고기 (4개, 100.0%)
2025-07-15 21:20:23,482 - INFO - 수집: 샤브샤브 (할당: 4개)
2025-07-15 21:20:23,901 - INFO - 완료: 샤브샤브 (4개, 100.0%)
2025-07-15 21:20:24,190 - INFO - 수집: 스키야키 (할당: 4개)
2025-07-15 21:20:24,509 - INFO - 완료: 스키야키 (4개, 100.0%)
2025-07-15 21:20:24,953 - INFO - 수집: 나베 (할당: 4개)
2025-07-15 21:20:25,285 - INFO - 완료: 나베 (4개, 100.0%)
2025-07-15 21:20:25,739 - INFO - 수집: 오코노미야키 (할당: 4개)
2025-07-15 21:20:26,069 - INFO - 완료: 오코노미야키 (4개, 100.0%)
2025-07-15 21:20:26,321 - INFO - 수집: 하와이안 (할당: 4개)
2025-07-15 21:20:26,639 - INFO - 완료: 하와이안 (4개, 100.0%)
2025-07-15 21:20:27,086 - INFO - 수집: 라자냐 (할당: 4개)
2025-07-15 21:20:27,416 - INFO - 완료: 라자냐 (4개, 100.0%)
2025-07-15 21:20:27,785 - INFO - 수집: 등심 (할당: 4개)
2025-07-15 21:20:28,137 - INFO - 완료: 등심 (4개, 100.0%)
2025-07-15 21:20:28,486 - INFO - 수집: 안심 (할당: 4개)
2025-07-15 21:20:28,854 - INFO - 완료: 안심 (4개, 100.0%)
2025-07-15 21:20:29,239 - INFO - 수집: 스테이크와감자 (할당: 4개)
2025-07-15 21:20:29,567 - INFO - 완료: 스테이크와감자 (4개, 100.0%)
2025-07-15 21:20:29,864 - INFO - 수집: 스테이크와샐러드 (할당: 4개)
2025-07-15 21:20:30,248 - INFO - 완료: 스테이크와샐러드 (4개, 100.0%)
2025-07-15 21:20:30,542 - INFO - 수집: 크림수프 (할당: 4개)
2025-07-15 21:20:30,989 - INFO - 완료: 크림수프 (4개, 100.0%)
2025-07-15 21:20:31,374 - INFO - 수집: 치즈버거 (할당: 4개)
2025-07-15 21:20:31,752 - INFO - 완료: 치즈버거 (4개, 100.0%)
2025-07-15 21:20:32,067 - INFO - 수집: 베이컨버거 (할당: 4개)
2025-07-15 21:20:32,386 - INFO - 완료: 베이컨버거 (4개, 100.0%)
2025-07-15 21:20:32,901 - INFO - 수집: 치킨수프 (할당: 4개)
2025-07-15 21:20:33,217 - INFO - 완료: 치킨수프 (4개, 100.0%)
2025-07-15 21:20:33,522 - INFO - 수집: 타코 (할당: 4개)
2025-07-15 21:20:33,869 - INFO - 완료: 타코 (4개, 100.0%)
2025-07-15 21:20:34,194 - INFO - 수집: 파히타 (할당: 4개)
2025-07-15 21:20:34,540 - INFO - 완료: 파히타 (4개, 100.0%)
2025-07-15 21:20:34,917 - INFO - 수집: 감자튀김 (할당: 4개)
2025-07-15 21:20:35,303 - INFO - 완료: 감자튀김 (4개, 100.0%)
2025-07-15 21:20:35,561 - INFO - 수집: 소시지 (할당: 4개)
2025-07-15 21:20:35,933 - INFO - 완료: 소시지 (4개, 100.0%)
2025-07-15 21:20:36,170 - INFO - 수집: 생선튀김 (할당: 4개)
2025-07-15 21:20:36,539 - INFO - 완료: 생선튀김 (4개, 100.0%)
2025-07-15 21:20:36,763 - INFO - 수집: 오믈렛 (할당: 4개)
2025-07-15 21:20:37,101 - INFO - 완료: 오믈렛 (4개, 100.0%)
2025-07-15 21:20:37,326 - INFO - 수집: 팬케이크 (할당: 4개)
2025-07-15 21:20:37,707 - INFO - 완료: 팬케이크 (4개, 100.0%)
2025-07-15 21:20:38,013 - INFO - 수집: 프렌치토스트 (할당: 4개)
2025-07-15 21:20:38,371 - INFO - 완료: 프렌치토스트 (4개, 100.0%)
2025-07-15 21:20:38,806 - INFO - 수집: 양꼬치 (할당: 4개)
2025-07-15 21:20:39,189 - INFO - 완료: 양꼬치 (4개, 100.0%)
2025-07-15 21:20:39,642 - INFO - 수집: 꼬치구이 (할당: 4개)
2025-07-15 21:20:40,002 - INFO - 완료: 꼬치구이 (4개, 100.0%)
2025-07-15 21:20:40,291 - INFO - 수집: 바베큐 (할당: 4개)
2025-07-15 21:20:40,689 - INFO - 완료: 바베큐 (4개, 100.0%)
2025-07-15 21:20:41,036 - INFO - 수집: 딤섬 (할당: 4개)
2025-07-15 21:20:41,353 - INFO - 완료: 딤섬 (4개, 100.0%)
2025-07-15 21:20:41,728 - INFO - 수집: 찜 요리 (할당: 4개)
2025-07-15 21:20:42,151 - INFO - 완료: 찜 요리 (4개, 100.0%)
2025-07-15 21:20:42,603 - INFO - 수집: 쌀국수 (할당: 4개)
2025-07-15 21:20:42,972 - INFO - 완료: 쌀국수 (4개, 100.0%)
2025-07-15 21:20:43,247 - INFO - 수집: 분짜 (할당: 4개)
2025-07-15 21:20:43,558 - INFO - 완료: 분짜 (4개, 100.0%)
2025-07-15 21:20:43,974 - INFO - 수집: 월남쌈 (할당: 4개)
2025-07-15 21:20:44,331 - INFO - 완료: 월남쌈 (4개, 100.0%)
2025-07-15 21:20:44,613 - INFO - 수집: 고이쿤 (할당: 4개)
2025-07-15 21:20:44,884 - INFO - 실패: 고이쿤
2025-07-15 21:20:45,301 - INFO - 수집: 반미 (할당: 4개)
2025-07-15 21:20:45,658 - INFO - 완료: 반미 (4개, 100.0%)
2025-07-15 21:20:46,043 - INFO - 수집: 바게트 (할당: 4개)
2025-07-15 21:20:46,446 - INFO - 완료: 바게트 (4개, 100.0%)
2025-07-15 21:20:46,836 - INFO - 수집: 팟타이 (할당: 4개)
2025-07-15 21:20:47,157 - INFO - 완료: 팟타이 (4개, 100.0%)
2025-07-15 21:20:47,434 - INFO - 수집: 팬낭커리 (할당: 4개)
2025-07-15 21:20:47,690 - INFO - 완료: 팬낭커리 (4개, 100.0%)
2025-07-15 21:20:47,918 - INFO - 수집: 치킨커리 (할당: 4개)
2025-07-15 21:20:48,273 - INFO - 완료: 치킨커리 (4개, 100.0%)
2025-07-15 21:20:48,499 - INFO - 수집: 난 (할당: 4개)
2025-07-15 21:20:48,888 - INFO - 완료: 난 (4개, 100.0%)
2025-07-15 21:20:49,191 - INFO - 수집: 케밥 (할당: 4개)
2025-07-15 21:20:49,535 - INFO - 완료: 케밥 (4개, 100.0%)
2025-07-15 21:20:49,808 - INFO - 수집: 구이 (할당: 4개)
2025-07-15 21:20:50,266 - INFO - 완료: 구이 (4개, 100.0%)
2025-07-15 21:20:50,498 - INFO - 수집: 나시고렝 (할당: 4개)
2025-07-15 21:20:50,823 - INFO - 완료: 나시고렝 (4개, 100.0%)
2025-07-15 21:20:51,198 - INFO - 수집: 미고렝 (할당: 4개)
2025-07-15 21:20:51,507 - INFO - 완료: 미고렝 (4개, 100.0%)
2025-07-15 21:20:51,907 - INFO - 수집: 후라이드치킨 (할당: 4개)
2025-07-15 21:20:52,345 - INFO - 완료: 후라이드치킨 (4개, 100.0%)
2025-07-15 21:20:52,830 - INFO - 수집: 바삭치킨 (할당: 4개)
2025-07-15 21:20:53,153 - INFO - 완료: 바삭치킨 (4개, 100.0%)
2025-07-15 21:20:53,505 - INFO - 수집: 달콤양념 (할당: 4개)
2025-07-15 21:20:53,849 - INFO - 완료: 달콤양념 (4개, 100.0%)
2025-07-15 21:20:54,091 - INFO - 수집: 매운양념 (할당: 4개)
2025-07-15 21:20:54,429 - INFO - 완료: 매운양념 (4개, 100.0%)
2025-07-15 21:20:54,867 - INFO - 수집: 간장치킨 (할당: 4개)
2025-07-15 21:20:55,224 - INFO - 완료: 간장치킨 (4개, 100.0%)
2025-07-15 21:20:55,541 - INFO - 수집: 마늘치킨 (할당: 4개)
2025-07-15 21:20:55,890 - INFO - 완료: 마늘치킨 (4개, 100.0%)
2025-07-15 21:20:56,257 - INFO - 수집: 뿌링클 (할당: 4개)
2025-07-15 21:20:56,590 - INFO - 완료: 뿌링클 (4개, 100.0%)
2025-07-15 21:20:57,000 - INFO - 수집: 치즈가루 (할당: 4개)
2025-07-15 21:20:57,356 - INFO - 완료: 치즈가루 (4개, 100.0%)
2025-07-15 21:20:57,757 - INFO - 수집: 어니언 (할당: 4개)
2025-07-15 21:20:58,082 - INFO - 완료: 어니언 (4개, 100.0%)
2025-07-15 21:20:58,534 - INFO - 수집: 순살치킨 (할당: 4개)
2025-07-15 21:20:58,876 - INFO - 완료: 순살치킨 (4개, 100.0%)
2025-07-15 21:20:59,262 - INFO - 수집: 팝콘치킨 (할당: 4개)
2025-07-15 21:20:59,619 - INFO - 완료: 팝콘치킨 (4개, 100.0%)
2025-07-15 21:21:00,135 - INFO - 수집: 윙 (할당: 4개)
2025-07-15 21:21:00,508 - INFO - 완료: 윙 (4개, 100.0%)
2025-07-15 21:21:00,951 - INFO - 수집: 다리 (할당: 4개)
2025-07-15 21:21:01,437 - INFO - 완료: 다리 (4개, 100.0%)
2025-07-15 21:21:01,707 - INFO - 수집: 가슴살 (할당: 4개)
2025-07-15 21:21:02,133 - INFO - 완료: 가슴살 (4개, 100.0%)
2025-07-15 21:21:02,626 - INFO - 수집: 고구마피자 (할당: 4개)
2025-07-15 21:21:02,954 - INFO - 완료: 고구마피자 (4개, 100.0%)
2025-07-15 21:21:03,451 - INFO - 수집: 포테이토피자 (할당: 4개)
2025-07-15 21:21:03,789 - INFO - 완료: 포테이토피자 (4개, 100.0%)
2025-07-15 21:21:04,196 - INFO - 수집: 화이트피자 (할당: 4개)
2025-07-15 21:21:04,559 - INFO - 완료: 화이트피자 (4개, 100.0%)
2025-07-15 21:21:05,042 - INFO - 수집: 불고기피자 (할당: 4개)
2025-07-15 21:21:05,388 - INFO - 완료: 불고기피자 (4개, 100.0%)
2025-07-15 21:21:05,854 - INFO - 수집: 갈비피자 (할당: 4개)
2025-07-15 21:21:06,215 - INFO - 완료: 갈비피자 (4개, 100.0%)
2025-07-15 21:21:06,671 - INFO - 수집: 딥디쉬 (할당: 4개)
2025-07-15 21:21:07,008 - INFO - 완료: 딥디쉬 (4개, 100.0%)
2025-07-15 21:21:07,268 - INFO - 수집: 씬크러스트 (할당: 4개)
2025-07-15 21:21:07,576 - INFO - 완료: 씬크러스트 (4개, 100.0%)
2025-07-15 21:21:07,981 - INFO - 수집: 크리스피 (할당: 4개)
2025-07-15 21:21:08,334 - INFO - 완료: 크리스피 (4개, 100.0%)
2025-07-15 21:21:08,843 - INFO - 수집: 아메리카노 (할당: 4개)
2025-07-15 21:21:09,208 - INFO - 완료: 아메리카노 (4개, 100.0%)
2025-07-15 21:21:09,524 - INFO - 수집: 에스프레소 (할당: 4개)
2025-07-15 21:21:09,906 - INFO - 완료: 에스프레소 (4개, 100.0%)
2025-07-15 21:21:10,157 - INFO - 수집: 카페라떼 (할당: 4개)
2025-07-15 21:21:10,563 - INFO - 완료: 카페라떼 (4개, 100.0%)
2025-07-15 21:21:10,982 - INFO - 수집: 마끼아또 (할당: 4개)
2025-07-15 21:21:11,290 - INFO - 완료: 마끼아또 (4개, 100.0%)
2025-07-15 21:21:11,513 - INFO - 수집: 바닐라라떼 (할당: 4개)
2025-07-15 21:21:11,889 - INFO - 완료: 바닐라라떼 (4개, 100.0%)
2025-07-15 21:21:12,342 - INFO - 수집: 카라멜마끼아또 (할당: 4개)
2025-07-15 21:21:12,678 - INFO - 완료: 카라멜마끼아또 (4개, 100.0%)
2025-07-15 21:21:13,051 - INFO - 수집: 헤이즐넛 (할당: 4개)
2025-07-15 21:21:13,357 - INFO - 완료: 헤이즐넛 (4개, 100.0%)
2025-07-15 21:21:13,619 - INFO - 수집: 얼그레이 (할당: 4개)
2025-07-15 21:21:13,942 - INFO - 완료: 얼그레이 (4개, 100.0%)
2025-07-15 21:21:14,166 - INFO - 수집: 레몬에이드 (할당: 4개)
2025-07-15 21:21:14,522 - INFO - 완료: 레몬에이드 (4개, 100.0%)
2025-07-15 21:21:14,907 - INFO - 수집: 탄산음료 (할당: 4개)
2025-07-15 21:21:15,275 - INFO - 완료: 탄산음료 (4개, 100.0%)
2025-07-15 21:21:15,660 - INFO - 수집: 치즈케이크 (할당: 4개)
2025-07-15 21:21:16,096 - INFO - 완료: 치즈케이크 (4개, 100.0%)
2025-07-15 21:21:16,324 - INFO - 수집: 초콜릿케이크 (할당: 4개)
2025-07-15 21:21:16,708 - INFO - 완료: 초콜릿케이크 (4개, 100.0%)
2025-07-15 21:21:16,971 - INFO - 수집: 생크림케이크 (할당: 4개)
2025-07-15 21:21:17,342 - INFO - 완료: 생크림케이크 (4개, 100.0%)
2025-07-15 21:21:17,647 - INFO - 수집: 크루아상 (할당: 4개)
2025-07-15 21:21:17,992 - INFO - 완료: 크루아상 (4개, 100.0%)
2025-07-15 21:21:18,408 - INFO - 수집: 베이글 (할당: 4개)
2025-07-15 21:21:18,806 - INFO - 완료: 베이글 (4개, 100.0%)
2025-07-15 21:21:19,088 - INFO - 수집: 팥빙수 (할당: 4개)
2025-07-15 21:21:19,426 - INFO - 완료: 팥빙수 (4개, 100.0%)
2025-07-15 21:21:19,901 - INFO - 수집: 망고빙수 (할당: 4개)
2025-07-15 21:21:20,272 - INFO - 완료: 망고빙수 (4개, 100.0%)
2025-07-15 21:21:20,657 - INFO - 수집: 마카롱 (할당: 4개)
2025-07-15 21:21:21,026 - INFO - 완료: 마카롱 (4개, 100.0%)
2025-07-15 21:21:21,375 - INFO - 수집: 쿠키 (할당: 4개)
2025-07-15 21:21:21,747 - INFO - 완료: 쿠키 (4개, 100.0%)
2025-07-15 21:21:21,986 - INFO - 수집: 김치파스타 (할당: 4개)
2025-07-15 21:21:22,362 - INFO - 완료: 김치파스타 (4개, 100.0%)
2025-07-15 21:21:22,575 - INFO - 수집: 김치볶음밥 (할당: 4개)
2025-07-15 21:21:22,960 - INFO - 완료: 김치볶음밥 (4개, 100.0%)
2025-07-15 21:21:23,222 - INFO - 수집: 한식덮밥 (할당: 4개)
2025-07-15 21:21:23,556 - INFO - 완료: 한식덮밥 (4개, 100.0%)
2025-07-15 21:21:23,867 - INFO - 수집: 돈까스버거 (할당: 4개)
2025-07-15 21:21:24,208 - INFO - 완료: 돈까스버거 (4개, 100.0%)
2025-07-15 21:21:24,591 - INFO - 수집: 일식파스타 (할당: 4개)
2025-07-15 21:21:24,916 - INFO - 완료: 일식파스타 (4개, 100.0%)
2025-07-15 21:21:25,387 - INFO - 수집: 우동파스타 (할당: 4개)
2025-07-15 21:21:25,743 - INFO - 완료: 우동파스타 (4개, 100.0%)
2025-07-15 21:21:25,968 - INFO - 수집: 한식뷔페 (할당: 4개)
2025-07-15 21:21:26,326 - INFO - 완료: 한식뷔페 (4개, 100.0%)
2025-07-15 21:21:26,777 - INFO - 수집: 무한리필 (할당: 4개)
2025-07-15 21:21:27,147 - INFO - 완료: 무한리필 (4개, 100.0%)
2025-07-15 21:21:27,407 - INFO - 수집: 샐러드바 (할당: 4개)
2025-07-15 21:21:27,793 - INFO - 완료: 샐러드바 (4개, 100.0%)
2025-07-15 21:21:28,292 - INFO - 수집: 샐러드뷔페 (할당: 4개)
2025-07-15 21:21:28,649 - INFO - 완료: 샐러드뷔페 (4개, 100.0%)
2025-07-15 21:21:29,007 - INFO - 수집: 호텔뷔페 (할당: 4개)
2025-07-15 21:21:29,410 - INFO - 완료: 호텔뷔페 (4개, 100.0%)
2025-07-15 21:21:29,894 - INFO - 수집: 두부스테이크 (할당: 4개)
2025-07-15 21:21:30,241 - INFO - 완료: 두부스테이크 (4개, 100.0%)
2025-07-15 21:21:30,736 - INFO - 수집: 템페 (할당: 4개)
2025-07-15 21:21:31,058 - INFO - 완료: 템페 (4개, 100.0%)
2025-07-15 21:21:31,558 - INFO - 수집: 비건케이크 (할당: 4개)
2025-07-15 21:21:31,912 - INFO - 완료: 비건케이크 (4개, 100.0%)
2025-07-15 21:21:32,189 - INFO - 수집: 닭가슴살샐러드 (할당: 4개)
2025-07-15 21:21:32,575 - INFO - 완료: 닭가슴살샐러드 (4개, 100.0%)
2025-07-15 21:21:33,027 - INFO - 수집: 프로틴볼 (할당: 4개)
2025-07-15 21:21:33,370 - INFO - 완료: 프로틴볼 (4개, 100.0%)
2025-07-15 21:21:33,725 - INFO - 수집: 그릭요거트 (할당: 4개)
2025-07-15 21:21:34,061 - INFO - 완료: 그릭요거트 (4개, 100.0%)
2025-07-15 21:21:34,340 - INFO - 3단계 완료: 총 7,819개 수집
2025-07-15 21:21:34,340 - INFO - 결과 저장 중...
2025-07-15 21:21:38,621 - INFO - 결과 저장 완료: menu_images_result_20250715_212134.xlsx
2025-07-15 21:42:55,033 - INFO - 시스템 초기화 완료
2025-07-15 21:42:55,675 - INFO - 프로세스 시작
2025-07-15 21:42:55,678 - INFO - 인기도 분석 (뉴스+블로그) 시작
2025-07-15 21:42:55,702 - INFO - CSV 파일 로드: 138개 행
2025-07-15 21:42:55,728 - INFO - 메뉴 항목 생성: 381개
2025-07-15 21:42:55,731 - INFO - 분석: 제육볶음
2025-07-15 21:42:57,832 - INFO - 완료: 제육볶음 (점수: 0.00)
2025-07-15 21:42:58,220 - INFO - 분석: 매운제육볶음
2025-07-15 21:43:00,640 - INFO - 완료: 매운제육볶음 (점수: 6.67)
2025-07-15 21:43:00,957 - INFO - 분석: 두부제육볶음
2025-07-15 21:43:04,200 - INFO - 완료: 두부제육볶음 (점수: 161.06)
2025-07-15 21:43:04,522 - INFO - 분석: 된장찌개
2025-07-15 21:43:07,096 - INFO - 완료: 된장찌개 (점수: 0.00)
2025-07-15 21:43:07,359 - INFO - 분석: 김치찌개
2025-07-15 21:43:09,302 - INFO - 완료: 김치찌개 (점수: 0.00)
2025-07-15 21:43:09,573 - INFO - 분석: 청국장찌개
2025-07-15 21:43:12,138 - INFO - 완료: 청국장찌개 (점수: 79.10)
2025-07-15 21:43:12,376 - INFO - 분석: 콩나물무침
2025-07-15 21:43:14,662 - INFO - 완료: 콩나물무침 (점수: 14.29)
2025-07-15 21:43:15,149 - INFO - 분석: 시금치나물
2025-07-15 21:43:17,330 - INFO - 완료: 시금치나물 (점수: 15.25)
2025-07-15 21:43:17,706 - INFO - 분석: 도라지무침
2025-07-15 21:43:19,931 - INFO - 완료: 도라지무침 (점수: 23.82)
2025-07-15 21:43:20,419 - INFO - 분석: 계란말이
2025-07-15 21:43:22,901 - INFO - 완료: 계란말이 (점수: 86.72)
2025-07-15 21:43:23,399 - INFO - 분석: 계란찜
2025-07-15 21:43:25,756 - INFO - 완료: 계란찜 (점수: 42.88)
2025-07-15 21:43:26,025 - INFO - 분석: 스크램블에그
2025-07-15 21:43:28,171 - INFO - 완료: 스크램블에그 (점수: 6.67)
2025-07-15 21:43:28,411 - INFO - 분석: 미역국
2025-07-15 21:43:30,375 - INFO - 완료: 미역국 (점수: 0.00)
2025-07-15 21:43:30,816 - INFO - 분석: 무국
2025-07-15 21:43:33,121 - INFO - 완료: 무국 (점수: 6.67)
2025-07-15 21:43:33,391 - INFO - 분석: 콩나물국
2025-07-15 21:43:35,628 - INFO - 완료: 콩나물국 (점수: 11.44)
2025-07-15 21:43:35,957 - INFO - 분석: 부대찌개
2025-07-15 21:43:37,859 - INFO - 완료: 부대찌개 (점수: 0.00)
2025-07-15 21:43:38,367 - INFO - 분석: 햄부대찌개
2025-07-15 21:43:40,652 - INFO - 완료: 햄부대찌개 (점수: 9.53)
2025-07-15 21:43:40,940 - INFO - 분석: 치즈부대찌개
2025-07-15 21:43:43,224 - INFO - 완료: 치즈부대찌개 (점수: 29.54)
2025-07-15 21:43:43,640 - INFO - 분석: 감자탕
2025-07-15 21:43:45,697 - INFO - 완료: 감자탕 (점수: 0.00)
2025-07-15 21:43:45,960 - INFO - 분석: 뼈해장국
2025-07-15 21:43:48,399 - INFO - 완료: 뼈해장국 (점수: 50.51)
2025-07-15 21:43:48,628 - INFO - 분석: 등뼈찜
2025-07-15 21:43:51,569 - INFO - 완료: 등뼈찜 (점수: 4.77)
2025-07-15 21:43:51,795 - INFO - 분석: 순두부찌개
2025-07-15 21:43:54,252 - INFO - 완료: 순두부찌개 (점수: 57.18)
2025-07-15 21:43:54,690 - INFO - 분석: 해물순두부찌개
2025-07-15 21:43:56,923 - INFO - 완료: 해물순두부찌개 (점수: 40.98)
2025-07-15 21:43:57,386 - INFO - 분석: 버섯순두부찌개
2025-07-15 21:43:59,687 - INFO - 완료: 버섯순두부찌개 (점수: 67.66)
2025-07-15 21:43:59,960 - INFO - 분석: 설렁탕
2025-07-15 21:44:01,999 - INFO - 완료: 설렁탕 (점수: 0.00)
2025-07-15 21:44:02,229 - INFO - 분석: 곰탕
2025-07-15 21:44:04,195 - INFO - 완료: 곰탕 (점수: 0.00)
2025-07-15 21:44:04,637 - INFO - 분석: 갈비탕
2025-07-15 21:44:06,670 - INFO - 완료: 갈비탕 (점수: 0.00)
2025-07-15 21:44:06,944 - INFO - 분석: 삼계탕
2025-07-15 21:44:08,920 - INFO - 완료: 삼계탕 (점수: 0.00)
2025-07-15 21:44:09,324 - INFO - 분석: 육개장
2025-07-15 21:44:11,287 - INFO - 완료: 육개장 (점수: 0.00)
2025-07-15 21:44:11,519 - INFO - 분석: 닭개장
2025-07-15 21:44:13,795 - INFO - 완료: 닭개장 (점수: 4.76)
2025-07-15 21:44:14,298 - INFO - 분석: 콩나물해장국
2025-07-15 21:44:16,794 - INFO - 완료: 콩나물해장국 (점수: 74.33)
2025-07-15 21:44:17,112 - INFO - 분석: 냉채족발
2025-07-15 21:44:19,296 - INFO - 완료: 냉채족발 (점수: 3.81)
2025-07-15 21:44:19,768 - INFO - 분석: 불족발
2025-07-15 21:44:21,987 - INFO - 완료: 불족발 (점수: 25.73)
2025-07-15 21:44:22,332 - INFO - 분석: 마늘족발
2025-07-15 21:44:24,833 - INFO - 완료: 마늘족발 (점수: 19.06)
2025-07-15 21:44:25,056 - INFO - 분석: 마늘보쌈
2025-07-15 21:44:27,327 - INFO - 완료: 마늘보쌈 (점수: 10.48)
2025-07-15 21:44:27,645 - INFO - 분석: 굴보쌈
2025-07-15 21:44:29,881 - INFO - 완료: 굴보쌈 (점수: 20.97)
2025-07-15 21:44:30,349 - INFO - 분석: 회보쌈
2025-07-15 21:44:35,125 - INFO - 완료: 회보쌈 (점수: 7.46)
2025-07-15 21:44:35,350 - INFO - 분석: 편육
2025-07-15 21:44:37,530 - INFO - 완료: 편육 (점수: 26.68)
2025-07-15 21:44:37,754 - INFO - 분석: 수육
2025-07-15 21:44:39,728 - INFO - 완료: 수육 (점수: 0.00)
2025-07-15 21:44:40,196 - INFO - 분석: 막국수
2025-07-15 21:44:42,139 - INFO - 완료: 막국수 (점수: 0.00)
2025-07-15 21:44:42,382 - INFO - 분석: 냉면
2025-07-15 21:44:44,401 - INFO - 완료: 냉면 (점수: 0.00)
2025-07-15 21:44:44,800 - INFO - 분석: 온면
2025-07-15 21:44:46,987 - INFO - 완료: 온면 (점수: 20.01)
2025-07-15 21:44:47,378 - INFO - 분석: 전복죽
2025-07-15 21:44:49,853 - INFO - 완료: 전복죽 (점수: 29.54)
2025-07-15 21:44:50,130 - INFO - 분석: 전복버터구이
2025-07-15 21:44:52,630 - INFO - 완료: 전복버터구이 (점수: 19.06)
2025-07-15 21:44:52,904 - INFO - 분석: 소고기야채죽
2025-07-15 21:44:55,844 - INFO - 완료: 소고기야채죽 (점수: 73.76)
2025-07-15 21:44:56,193 - INFO - 분석: 닭죽
2025-07-15 21:44:58,973 - INFO - 완료: 닭죽 (점수: 55.78)
2025-07-15 21:44:59,468 - INFO - 분석: 삼계죽
2025-07-15 21:45:02,319 - INFO - 완료: 삼계죽 (점수: 7.12)
2025-07-15 21:45:02,644 - INFO - 분석: 단호박죽
2025-07-15 21:45:05,451 - INFO - 완료: 단호박죽 (점수: 94.86)
2025-07-15 21:45:05,971 - INFO - 분석: 녹두죽
2025-07-15 21:45:08,770 - INFO - 완료: 녹두죽 (점수: 20.68)
2025-07-15 21:45:08,985 - INFO - 분석: 팥죽
2025-07-15 21:45:11,157 - INFO - 완료: 팥죽 (점수: 54.32)
2025-07-15 21:45:11,446 - INFO - 분석: 제육도시락
2025-07-15 21:45:13,740 - INFO - 완료: 제육도시락 (점수: 39.07)
2025-07-15 21:45:14,158 - INFO - 분석: 불고기도시락
2025-07-15 21:45:16,702 - INFO - 완료: 불고기도시락 (점수: 16.20)
2025-07-15 21:45:17,204 - INFO - 분석: 생선구이도시락
2025-07-15 21:45:19,546 - INFO - 완료: 생선구이도시락 (점수: 20.97)
2025-07-15 21:45:19,863 - INFO - 분석: 국물떡볶이
2025-07-15 21:45:22,463 - INFO - 완료: 국물떡볶이 (점수: 82.91)
2025-07-15 21:45:22,810 - INFO - 분석: 로제떡볶이
2025-07-15 21:45:25,463 - INFO - 완료: 로제떡볶이 (점수: 15.25)
2025-07-15 21:45:25,894 - INFO - 분석: 치즈떡볶이
2025-07-15 21:45:28,421 - INFO - 완료: 치즈떡볶이 (점수: 78.15)
2025-07-15 21:45:28,859 - INFO - 분석: 참치김밥
2025-07-15 21:45:31,357 - INFO - 완료: 참치김밥 (점수: 50.51)
2025-07-15 21:45:31,795 - INFO - 분석: 불고기김밥
2025-07-15 21:45:34,018 - INFO - 완료: 불고기김밥 (점수: 51.46)
2025-07-15 21:45:34,443 - INFO - 분석: 야채김밥
2025-07-15 21:45:36,743 - INFO - 완료: 야채김밥 (점수: 23.82)
2025-07-15 21:45:37,080 - INFO - 분석: 오징어튀김
2025-07-15 21:45:39,538 - INFO - 완료: 오징어튀김 (점수: 76.24)
2025-07-15 21:45:39,913 - INFO - 분석: 야채튀김
2025-07-15 21:45:42,478 - INFO - 완료: 야채튀김 (점수: 31.45)
2025-07-15 21:45:42,877 - INFO - 분석: 만두
2025-07-15 21:45:44,880 - INFO - 완료: 만두 (점수: 0.00)
2025-07-15 21:45:45,210 - INFO - 분석: 잔치국수
2025-07-15 21:45:47,604 - INFO - 완료: 잔치국수 (점수: 53.37)
2025-07-15 21:45:47,961 - INFO - 분석: 멸치국수
2025-07-15 21:45:50,211 - INFO - 완료: 멸치국수 (점수: 35.26)
2025-07-15 21:45:50,451 - INFO - 분석: 온면
2025-07-15 21:45:52,038 - INFO - 완료: 온면 (점수: 20.01)
2025-07-15 21:45:52,291 - INFO - 분석: 삼겹살
2025-07-15 21:45:54,438 - INFO - 완료: 삼겹살 (점수: 0.00)
2025-07-15 21:45:54,912 - INFO - 분석: 목살
2025-07-15 21:45:57,040 - INFO - 완료: 목살 (점수: 0.00)
2025-07-15 21:45:57,350 - INFO - 분석: 항정살
2025-07-15 21:45:59,887 - INFO - 완료: 항정살 (점수: 63.85)
2025-07-15 21:46:00,223 - INFO - 분석: LA갈비
2025-07-15 21:46:02,730 - INFO - 완료: LA갈비 (점수: 47.65)
2025-07-15 21:46:03,198 - INFO - 분석: 돼지갈비
2025-07-15 21:46:05,277 - INFO - 완료: 돼지갈비 (점수: 0.00)
2025-07-15 21:46:05,614 - INFO - 분석: 생갈비
2025-07-15 21:46:08,061 - INFO - 완료: 생갈비 (점수: 47.65)
2025-07-15 21:46:08,333 - INFO - 분석: 불고기
2025-07-15 21:46:10,322 - INFO - 완료: 불고기 (점수: 0.00)
2025-07-15 21:46:10,676 - INFO - 분석: 닭불고기
2025-07-15 21:46:12,751 - INFO - 완료: 닭불고기 (점수: 0.00)
2025-07-15 21:46:13,200 - INFO - 분석: 오징어불고기
2025-07-15 21:46:15,497 - INFO - 완료: 오징어불고기 (점수: 32.40)
2025-07-15 21:46:15,895 - INFO - 분석: 닭갈비
2025-07-15 21:46:17,945 - INFO - 완료: 닭갈비 (점수: 0.00)
2025-07-15 21:46:18,332 - INFO - 분석: 닭발
2025-07-15 21:46:20,302 - INFO - 완료: 닭발 (점수: 0.00)
2025-07-15 21:46:20,728 - INFO - 분석: 찜닭
2025-07-15 21:46:23,510 - INFO - 완료: 찜닭 (점수: 36.21)
2025-07-15 21:46:23,958 - INFO - 분석: 고등어구이
2025-07-15 21:46:26,437 - INFO - 완료: 고등어구이 (점수: 81.00)
2025-07-15 21:46:26,676 - INFO - 분석: 갈치구이
2025-07-15 21:46:28,688 - INFO - 완료: 갈치구이 (점수: 0.00)
2025-07-15 21:46:29,093 - INFO - 분석: 삼치구이
2025-07-15 21:46:31,339 - INFO - 완료: 삼치구이 (점수: 9.53)
2025-07-15 21:46:31,588 - INFO - 분석: 조기구이
2025-07-15 21:46:34,003 - INFO - 완료: 조기구이 (점수: 41.93)
2025-07-15 21:46:34,399 - INFO - 분석: 아귀찜
2025-07-15 21:46:36,828 - INFO - 완료: 아귀찜 (점수: 134.37)
2025-07-15 21:46:37,102 - INFO - 분석: 대게찜
2025-07-15 21:46:39,274 - INFO - 완료: 대게찜 (점수: 20.01)
2025-07-15 21:46:39,729 - INFO - 분석: 킹크랩
2025-07-15 21:46:41,949 - INFO - 완료: 킹크랩 (점수: 22.87)
2025-07-15 21:46:42,442 - INFO - 분석: 생선회
2025-07-15 21:46:44,683 - INFO - 완료: 생선회 (점수: 49.56)
2025-07-15 21:46:45,048 - INFO - 분석: 물회
2025-07-15 21:46:47,039 - INFO - 완료: 물회 (점수: 0.00)
2025-07-15 21:46:47,445 - INFO - 분석: 회덮밥
2025-07-15 21:46:49,579 - INFO - 완료: 회덮밥 (점수: 38.12)
2025-07-15 21:46:50,044 - INFO - 분석: 조개구이
2025-07-15 21:46:51,996 - INFO - 완료: 조개구이 (점수: 0.00)
2025-07-15 21:46:52,415 - INFO - 분석: 키조개
2025-07-15 21:46:54,562 - INFO - 완료: 키조개 (점수: 30.50)
2025-07-15 21:46:54,820 - INFO - 분석: 가리비
2025-07-15 21:46:56,813 - INFO - 완료: 가리비 (점수: 0.00)
2025-07-15 21:46:57,151 - INFO - 분석: 파전
2025-07-15 21:46:59,110 - INFO - 완료: 파전 (점수: 0.00)
2025-07-15 21:46:59,578 - INFO - 분석: 김치전
2025-07-15 21:47:02,099 - INFO - 완료: 김치전 (점수: 101.97)
2025-07-15 21:47:02,578 - INFO - 분석: 해물전
2025-07-15 21:47:05,401 - INFO - 완료: 해물전 (점수: 13.40)
2025-07-15 21:47:05,895 - INFO - 분석: 골뱅이무침
2025-07-15 21:47:08,453 - INFO - 완료: 골뱅이무침 (점수: 26.68)
2025-07-15 21:47:08,881 - INFO - 분석: 오징어무침
2025-07-15 21:47:11,184 - INFO - 완료: 오징어무침 (점수: 22.87)
2025-07-15 21:47:11,545 - INFO - 분석: 멍게무침
2025-07-15 21:47:13,831 - INFO - 완료: 멍게무침 (점수: 28.59)
2025-07-15 21:47:14,120 - INFO - 분석: 곱창
2025-07-15 21:47:16,215 - INFO - 완료: 곱창 (점수: 0.00)
2025-07-15 21:47:16,670 - INFO - 분석: 막창
2025-07-15 21:47:18,666 - INFO - 완료: 막창 (점수: 0.00)
2025-07-15 21:47:19,145 - INFO - 분석: 순대
2025-07-15 21:47:21,174 - INFO - 완료: 순대 (점수: 0.00)
2025-07-15 21:47:21,597 - INFO - 분석: 마른오징어
2025-07-15 21:47:23,762 - INFO - 완료: 마른오징어 (점수: 7.62)
2025-07-15 21:47:24,104 - INFO - 분석: 육포
2025-07-15 21:47:26,548 - INFO - 완료: 육포 (점수: 83.86)
2025-07-15 21:47:26,903 - INFO - 분석: 땅콩
2025-07-15 21:47:29,293 - INFO - 완료: 땅콩 (점수: 0.00)
2025-07-15 21:47:29,612 - INFO - 분석: 신라면
2025-07-15 21:47:31,688 - INFO - 완료: 신라면 (점수: 0.00)
2025-07-15 21:47:32,101 - INFO - 분석: 너구리
2025-07-15 21:47:34,177 - INFO - 완료: 너구리 (점수: 0.00)
2025-07-15 21:47:34,648 - INFO - 분석: 짜파게티
2025-07-15 21:47:36,598 - INFO - 완료: 짜파게티 (점수: 0.00)
2025-07-15 21:47:37,083 - INFO - 분석: 컵라면
2025-07-15 21:47:39,024 - INFO - 완료: 컵라면 (점수: 0.00)
2025-07-15 21:47:39,441 - INFO - 분석: 용기면
2025-07-15 21:47:43,165 - INFO - 완료: 용기면 (점수: 8.68)
2025-07-15 21:47:43,469 - INFO - 분석: 생라면
2025-07-15 21:47:46,207 - INFO - 완료: 생라면 (점수: 17.30)
2025-07-15 21:47:46,697 - INFO - 분석: 쫄면
2025-07-15 21:47:48,620 - INFO - 완료: 쫄면 (점수: 0.00)
2025-07-15 21:47:49,017 - INFO - 분석: 냉라면
2025-07-15 21:47:51,149 - INFO - 완료: 냉라면 (점수: 1.91)
2025-07-15 21:47:51,436 - INFO - 분석: 라멘
2025-07-15 21:47:53,318 - INFO - 완료: 라멘 (점수: 0.00)
2025-07-15 21:47:53,589 - INFO - 분석: 우동
2025-07-15 21:47:55,726 - INFO - 완료: 우동 (점수: 0.00)
2025-07-15 21:47:55,958 - INFO - 분석: 소바
2025-07-15 21:47:57,886 - INFO - 완료: 소바 (점수: 0.00)
2025-07-15 21:47:58,221 - INFO - 분석: 짜장면
2025-07-15 21:48:00,367 - INFO - 완료: 짜장면 (점수: 0.00)
2025-07-15 21:48:00,690 - INFO - 분석: 삼선짜장
2025-07-15 21:48:02,915 - INFO - 완료: 삼선짜장 (점수: 24.78)
2025-07-15 21:48:03,141 - INFO - 분석: 유니짜장
2025-07-15 21:48:05,505 - INFO - 완료: 유니짜장 (점수: 76.24)
2025-07-15 21:48:05,967 - INFO - 분석: 짬뽕
2025-07-15 21:48:07,995 - INFO - 완료: 짬뽕 (점수: 0.00)
2025-07-15 21:48:08,211 - INFO - 분석: 삼선짬뽕
2025-07-15 21:48:10,523 - INFO - 완료: 삼선짬뽕 (점수: 23.82)
2025-07-15 21:48:10,776 - INFO - 분석: 고추짬뽕
2025-07-15 21:48:13,053 - INFO - 완료: 고추짬뽕 (점수: 35.26)
2025-07-15 21:48:13,501 - INFO - 분석: 볶음짬뽕
2025-07-15 21:48:15,699 - INFO - 완료: 볶음짬뽕 (점수: 10.48)
2025-07-15 21:48:16,149 - INFO - 분석: 간짜장
2025-07-15 21:48:17,985 - INFO - 완료: 간짜장 (점수: 0.00)
2025-07-15 21:48:18,306 - INFO - 분석: 유니볶음면
2025-07-15 21:48:20,544 - INFO - 완료: 유니볶음면 (점수: 4.76)
2025-07-15 21:48:20,922 - INFO - 분석: 냉짬뽕
2025-07-15 21:48:23,035 - INFO - 완료: 냉짬뽕 (점수: 1.91)
2025-07-15 21:48:23,417 - INFO - 분석: 비빔냉면
2025-07-15 21:48:25,398 - INFO - 완료: 비빔냉면 (점수: 0.00)
2025-07-15 21:48:25,691 - INFO - 분석: 물냉면
2025-07-15 21:48:27,635 - INFO - 완료: 물냉면 (점수: 0.00)
2025-07-15 21:48:28,019 - INFO - 분석: 새우볶음밥
2025-07-15 21:48:30,062 - INFO - 완료: 새우볶음밥 (점수: 0.00)
2025-07-15 21:48:30,486 - INFO - 분석: 계란볶음밥
2025-07-15 21:48:33,094 - INFO - 완료: 계란볶음밥 (점수: 49.56)
2025-07-15 21:48:33,451 - INFO - 분석: 차돌볶음밥
2025-07-15 21:48:36,252 - INFO - 완료: 차돌볶음밥 (점수: 79.10)
2025-07-15 21:48:36,671 - INFO - 분석: 잡채밥
2025-07-15 21:48:38,859 - INFO - 완료: 잡채밥 (점수: 19.06)
2025-07-15 21:48:39,110 - INFO - 분석: 마파두부밥
2025-07-15 21:48:42,179 - INFO - 완료: 마파두부밥 (점수: 33.13)
2025-07-15 21:48:42,682 - INFO - 분석: 유산슬밥
2025-07-15 21:48:45,549 - INFO - 완료: 유산슬밥 (점수: 37.31)
2025-07-15 21:48:45,842 - INFO - 분석: 해물볶음밥
2025-07-15 21:48:48,484 - INFO - 완료: 해물볶음밥 (점수: 40.03)
2025-07-15 21:48:48,935 - INFO - 분석: 오징어볶음밥
2025-07-15 21:48:51,252 - INFO - 완료: 오징어볶음밥 (점수: 23.82)
2025-07-15 21:48:51,730 - INFO - 분석: 산라탕
2025-07-15 21:48:54,515 - INFO - 완료: 산라탕 (점수: 5.69)
2025-07-15 21:48:54,839 - INFO - 분석: 계란탕
2025-07-15 21:48:57,066 - INFO - 완료: 계란탕 (점수: 22.87)
2025-07-15 21:48:57,360 - INFO - 분석: 옥수수탕
2025-07-15 21:48:59,405 - INFO - 완료: 옥수수탕 (점수: 2.21)
2025-07-15 21:48:59,772 - INFO - 분석: 어향탕
2025-07-15 21:49:01,209 - INFO - 완료: 어향탕 (점수: 0.05)
2025-07-15 21:49:01,589 - INFO - 분석: 해물탕
2025-07-15 21:49:04,018 - INFO - 완료: 해물탕 (점수: 37.17)
2025-07-15 21:49:04,404 - INFO - 분석: 완자탕
2025-07-15 21:49:07,175 - INFO - 완료: 완자탕 (점수: 10.77)
2025-07-15 21:49:07,604 - INFO - 분석: 탕수육
2025-07-15 21:49:09,466 - INFO - 완료: 탕수육 (점수: 0.00)
2025-07-15 21:49:09,820 - INFO - 분석: 새콤달콤탕수육
2025-07-15 21:49:11,740 - INFO - 완료: 새콤달콤탕수육 (점수: 0.00)
2025-07-15 21:49:11,969 - INFO - 분석: 깐풍기
2025-07-15 21:49:14,133 - INFO - 완료: 깐풍기 (점수: 18.11)
2025-07-15 21:49:14,379 - INFO - 분석: 라조기
2025-07-15 21:49:17,086 - INFO - 완료: 라조기 (점수: 6.71)
2025-07-15 21:49:17,343 - INFO - 분석: 깐쇼새우
2025-07-15 21:49:19,469 - INFO - 완료: 깐쇼새우 (점수: 63.85)
2025-07-15 21:49:19,853 - INFO - 분석: 마요새우
2025-07-15 21:49:22,196 - INFO - 완료: 마요새우 (점수: 17.15)
2025-07-15 21:49:22,621 - INFO - 분석: 칠리새우
2025-07-15 21:49:25,081 - INFO - 완료: 칠리새우 (점수: 76.24)
2025-07-15 21:49:25,440 - INFO - 분석: 유린기
2025-07-15 21:49:27,680 - INFO - 완료: 유린기 (점수: 21.92)
2025-07-15 21:49:28,136 - INFO - 분석: 깐풍새우
2025-07-15 21:49:30,298 - INFO - 완료: 깐풍새우 (점수: 43.84)
2025-07-15 21:49:30,752 - INFO - 분석: 깐풍오징어
2025-07-15 21:49:33,586 - INFO - 완료: 깐풍오징어 (점수: 23.96)
2025-07-15 21:49:33,843 - INFO - 분석: 마라탕
2025-07-15 21:49:36,233 - INFO - 완료: 마라탕 (점수: 58.13)
2025-07-15 21:49:36,543 - INFO - 분석: 마라샹궈
2025-07-15 21:49:38,744 - INFO - 완료: 마라샹궈 (점수: 41.93)
2025-07-15 21:49:38,996 - INFO - 분석: 훠궈
2025-07-15 21:49:41,309 - INFO - 완료: 훠궈 (점수: 0.00)
2025-07-15 21:49:41,706 - INFO - 분석: 탄탄면
2025-07-15 21:49:43,895 - INFO - 완료: 탄탄면 (점수: 12.39)
2025-07-15 21:49:44,210 - INFO - 분석: 마라면
2025-07-15 21:49:48,538 - INFO - 완료: 마라면 (점수: 10.96)
2025-07-15 21:49:48,780 - INFO - 분석: 사천면
2025-07-15 21:49:51,251 - INFO - 완료: 사천면 (점수: 2.65)
2025-07-15 21:49:51,673 - INFO - 분석: 마라룽샤
2025-07-15 21:49:54,408 - INFO - 완료: 마라룽샤 (점수: 5.29)
2025-07-15 21:49:54,872 - INFO - 분석: 마라두부
2025-07-15 21:49:57,285 - INFO - 완료: 마라두부 (점수: 30.50)
2025-07-15 21:49:57,628 - INFO - 분석: 마라닭발
2025-07-15 21:50:00,010 - INFO - 완료: 마라닭발 (점수: 17.15)
2025-07-15 21:50:00,503 - INFO - 분석: 군만두
2025-07-15 21:50:03,014 - INFO - 완료: 군만두 (점수: 50.51)
2025-07-15 21:50:03,248 - INFO - 분석: 물만두
2025-07-15 21:50:05,798 - INFO - 완료: 물만두 (점수: 107.69)
2025-07-15 21:50:06,048 - INFO - 분석: 왕만두
2025-07-15 21:50:08,412 - INFO - 완료: 왕만두 (점수: 27.64)
2025-07-15 21:50:08,742 - INFO - 분석: 샤오롱바오
2025-07-15 21:50:10,916 - INFO - 완료: 샤오롱바오 (점수: 36.21)
2025-07-15 21:50:11,422 - INFO - 분석: 하가우
2025-07-15 21:50:13,599 - INFO - 완료: 하가우 (점수: 59.09)
2025-07-15 21:50:13,866 - INFO - 분석: 슈마이
2025-07-15 21:50:16,004 - INFO - 완료: 슈마이 (점수: 13.34)
2025-07-15 21:50:16,247 - INFO - 분석: 짬짜면
2025-07-15 21:50:18,390 - INFO - 완료: 짬짜면 (점수: 45.74)
2025-07-15 21:50:18,632 - INFO - 분석: 탕짜면
2025-07-15 21:50:21,124 - INFO - 완료: 탕짜면 (점수: 2.16)
2025-07-15 21:50:21,542 - INFO - 분석: 우짬탕
2025-07-15 21:50:23,126 - INFO - 완료: 우짬탕 (점수: 0.23)
2025-07-15 21:50:23,542 - INFO - 분석: 볶음밥+탕수육
2025-07-15 21:50:25,778 - INFO - 완료: 볶음밥+탕수육 (점수: 32.40)
2025-07-15 21:50:26,128 - INFO - 분석: 덮밥세트
2025-07-15 21:50:28,379 - INFO - 완료: 덮밥세트 (점수: 29.54)
2025-07-15 21:50:28,825 - INFO - 분석: 연어초밥
2025-07-15 21:50:31,251 - INFO - 완료: 연어초밥 (점수: 17.15)
2025-07-15 21:50:31,628 - INFO - 분석: 참치초밥
2025-07-15 21:50:33,930 - INFO - 완료: 참치초밥 (점수: 35.26)
2025-07-15 21:50:34,295 - INFO - 분석: 장어초밥
2025-07-15 21:50:36,757 - INFO - 완료: 장어초밥 (점수: 7.62)
2025-07-15 21:50:37,112 - INFO - 분석: 참치사시미
2025-07-15 21:50:39,769 - INFO - 완료: 참치사시미 (점수: 73.38)
2025-07-15 21:50:40,113 - INFO - 분석: 연어사시미
2025-07-15 21:50:42,599 - INFO - 완료: 연어사시미 (점수: 60.99)
2025-07-15 21:50:42,815 - INFO - 분석: 모둠사시미
2025-07-15 21:50:45,339 - INFO - 완료: 모둠사시미 (점수: 12.39)
2025-07-15 21:50:45,810 - INFO - 분석: 연어덮밥
2025-07-15 21:50:48,497 - INFO - 완료: 연어덮밥 (점수: 146.76)
2025-07-15 21:50:49,004 - INFO - 분석: 장어덮밥
2025-07-15 21:50:51,254 - INFO - 완료: 장어덮밥 (점수: 26.68)
2025-07-15 21:50:51,737 - INFO - 분석: 김밥롤
2025-07-15 21:50:54,150 - INFO - 완료: 김밥롤 (점수: 4.74)
2025-07-15 21:50:54,643 - INFO - 분석: 캘리포니아롤
2025-07-15 21:50:57,375 - INFO - 완료: 캘리포니아롤 (점수: 198.22)
2025-07-15 21:50:57,823 - INFO - 분석: 필라델피아롤
2025-07-15 21:51:01,041 - INFO - 완료: 필라델피아롤 (점수: 17.71)
2025-07-15 21:51:01,523 - INFO - 분석: 돈코츠라멘
2025-07-15 21:51:04,011 - INFO - 완료: 돈코츠라멘 (점수: 80.05)
2025-07-15 21:51:04,316 - INFO - 분석: 차슈라멘
2025-07-15 21:51:06,530 - INFO - 완료: 차슈라멘 (점수: 20.01)
2025-07-15 21:51:07,021 - INFO - 분석: 미소라멘
2025-07-15 21:51:09,480 - INFO - 완료: 미소라멘 (점수: 25.73)
2025-07-15 21:51:09,907 - INFO - 분석: 쇼유라멘
2025-07-15 21:51:12,138 - INFO - 완료: 쇼유라멘 (점수: 14.29)
2025-07-15 21:51:12,449 - INFO - 분석: 시오라멘
2025-07-15 21:51:14,919 - INFO - 완료: 시오라멘 (점수: 21.92)
2025-07-15 21:51:15,401 - INFO - 분석: 맑은라멘
2025-07-15 21:51:17,600 - INFO - 완료: 맑은라멘 (점수: 42.88)
2025-07-15 21:51:18,091 - INFO - 분석: 매운라멘
2025-07-15 21:51:20,507 - INFO - 완료: 매운라멘 (점수: 9.53)
2025-07-15 21:51:20,990 - INFO - 분석: 마제소바
2025-07-15 21:51:23,276 - INFO - 완료: 마제소바 (점수: 17.15)
2025-07-15 21:51:23,580 - INFO - 분석: 매운미소
2025-07-15 21:51:25,896 - INFO - 완료: 매운미소 (점수: 19.06)
2025-07-15 21:51:26,373 - INFO - 분석: 츠케멘
2025-07-15 21:51:28,529 - INFO - 완료: 츠케멘 (점수: 3.81)
2025-07-15 21:51:28,947 - INFO - 분석: 아부라소바
2025-07-15 21:51:31,108 - INFO - 완료: 아부라소바 (점수: 47.65)
2025-07-15 21:51:31,465 - INFO - 분석: 탄탄멘
2025-07-15 21:51:33,719 - INFO - 완료: 탄탄멘 (점수: 24.78)
2025-07-15 21:51:34,094 - INFO - 분석: 가츠동
2025-07-15 21:51:36,249 - INFO - 완료: 가츠동 (점수: 25.73)
2025-07-15 21:51:36,595 - INFO - 분석: 규동
2025-07-15 21:51:38,864 - INFO - 완료: 규동 (점수: 34.31)
2025-07-15 21:51:39,167 - INFO - 분석: 오야코동
2025-07-15 21:51:42,193 - INFO - 완료: 오야코동 (점수: 5.56)
2025-07-15 21:51:42,466 - INFO - 분석: 텐동
2025-07-15 21:51:44,893 - INFO - 완료: 텐동 (점수: 38.12)
2025-07-15 21:51:45,265 - INFO - 분석: 가케우동
2025-07-15 21:51:48,461 - INFO - 완료: 가케우동 (점수: 7.98)
2025-07-15 21:51:48,765 - INFO - 분석: 텐푸라우동
2025-07-15 21:51:51,297 - INFO - 완료: 텐푸라우동 (점수: 2.21)
2025-07-15 21:51:51,646 - INFO - 분석: 카레우동
2025-07-15 21:51:54,298 - INFO - 완료: 카레우동 (점수: 194.41)
2025-07-15 21:51:54,646 - INFO - 분석: 자루소바
2025-07-15 21:51:56,852 - INFO - 완료: 자루소바 (점수: 2.86)
2025-07-15 21:51:57,280 - INFO - 분석: 온소바
2025-07-15 21:51:59,511 - INFO - 완료: 온소바 (점수: 24.78)
2025-07-15 21:51:59,946 - INFO - 분석: 메밀소바
2025-07-15 21:52:02,197 - INFO - 완료: 메밀소바 (점수: 16.20)
2025-07-15 21:52:02,434 - INFO - 분석: 돈까스
2025-07-15 21:52:04,394 - INFO - 완료: 돈까스 (점수: 0.00)
2025-07-15 21:52:04,733 - INFO - 분석: 치킨가츠
2025-07-15 21:52:07,121 - INFO - 완료: 치킨가츠 (점수: 1.00)
2025-07-15 21:52:07,624 - INFO - 분석: 생선까스
2025-07-15 21:52:09,852 - INFO - 완료: 생선까스 (점수: 4.76)
2025-07-15 21:52:10,276 - INFO - 분석: 새우텐푸라
2025-07-15 21:52:12,761 - INFO - 완료: 새우텐푸라 (점수: 2.21)
2025-07-15 21:52:13,070 - INFO - 분석: 야채텐푸라
2025-07-15 21:52:17,026 - INFO - 완료: 야채텐푸라 (점수: 7.94)
2025-07-15 21:52:17,417 - INFO - 분석: 모둠텐푸라
2025-07-15 21:52:21,475 - INFO - 완료: 모둠텐푸라 (점수: 4.18)
2025-07-15 21:52:21,815 - INFO - 분석: 가라아게
2025-07-15 21:52:24,082 - INFO - 완료: 가라아게 (점수: 7.62)
2025-07-15 21:52:24,320 - INFO - 분석: 치킨가라아게
2025-07-15 21:52:27,029 - INFO - 완료: 치킨가라아게 (점수: 25.97)
2025-07-15 21:52:27,396 - INFO - 분석: 닭튀김
2025-07-15 21:52:29,565 - INFO - 완료: 닭튀김 (점수: 12.39)
2025-07-15 21:52:29,813 - INFO - 분석: 야키니쿠
2025-07-15 21:52:32,263 - INFO - 완료: 야키니쿠 (점수: 63.85)
2025-07-15 21:52:32,555 - INFO - 분석: 구이고기
2025-07-15 21:52:34,681 - INFO - 완료: 구이고기 (점수: 0.00)
2025-07-15 21:52:34,986 - INFO - 분석: 샤브샤브
2025-07-15 21:52:36,939 - INFO - 완료: 샤브샤브 (점수: 0.00)
2025-07-15 21:52:37,397 - INFO - 분석: 스키야키
2025-07-15 21:52:39,648 - INFO - 완료: 스키야키 (점수: 28.59)
2025-07-15 21:52:40,125 - INFO - 분석: 나베
2025-07-15 21:52:42,378 - INFO - 완료: 나베 (점수: 50.51)
2025-07-15 21:52:42,799 - INFO - 분석: 오코노미야키
2025-07-15 21:52:45,337 - INFO - 완료: 오코노미야키 (점수: 78.15)
2025-07-15 21:52:45,636 - INFO - 분석: 야키소바
2025-07-15 21:52:48,249 - INFO - 완료: 야키소바 (점수: 110.55)
2025-07-15 21:52:48,488 - INFO - 분석: 타코야키
2025-07-15 21:52:51,027 - INFO - 완료: 타코야키 (점수: 38.12)
2025-07-15 21:52:51,420 - INFO - 분석: 까르보나라
2025-07-15 21:52:53,689 - INFO - 완료: 까르보나라 (점수: 8.58)
2025-07-15 21:52:53,941 - INFO - 분석: 알리오올리오
2025-07-15 21:52:56,249 - INFO - 완료: 알리오올리오 (점수: 12.39)
2025-07-15 21:52:56,729 - INFO - 분석: 아라비아따
2025-07-15 21:52:59,537 - INFO - 완료: 아라비아따 (점수: 61.95)
2025-07-15 21:52:59,852 - INFO - 분석: 마르게리타
2025-07-15 21:53:02,044 - INFO - 완료: 마르게리타 (점수: 4.76)
2025-07-15 21:53:02,416 - INFO - 분석: 하와이안
2025-07-15 21:53:04,591 - INFO - 완료: 하와이안 (점수: 16.20)
2025-07-15 21:53:04,985 - INFO - 분석: 해물리조또
2025-07-15 21:53:07,137 - INFO - 완료: 해물리조또 (점수: 7.62)
2025-07-15 21:53:07,500 - INFO - 분석: 버섯리조또
2025-07-15 21:53:09,811 - INFO - 완료: 버섯리조또 (점수: 3.81)
2025-07-15 21:53:10,025 - INFO - 분석: 치즈리조또
2025-07-15 21:53:12,387 - INFO - 완료: 치즈리조또 (점수: 34.31)
2025-07-15 21:53:12,837 - INFO - 분석: 라자냐
2025-07-15 21:53:15,175 - INFO - 완료: 라자냐 (점수: 66.71)
2025-07-15 21:53:15,505 - INFO - 분석: 베이크드파스타
2025-07-15 21:53:18,478 - INFO - 완료: 베이크드파스타 (점수: 12.63)
2025-07-15 21:53:18,899 - INFO - 분석: 그라탱
2025-07-15 21:53:22,103 - INFO - 완료: 그라탱 (점수: 10.14)
2025-07-15 21:53:22,490 - INFO - 분석: 립아이
2025-07-15 21:53:24,716 - INFO - 완료: 립아이 (점수: 2.86)
2025-07-15 21:53:25,103 - INFO - 분석: 등심
2025-07-15 21:53:27,177 - INFO - 완료: 등심 (점수: 0.00)
2025-07-15 21:53:27,562 - INFO - 분석: 안심
2025-07-15 21:53:29,531 - INFO - 완료: 안심 (점수: 0.00)
2025-07-15 21:53:29,881 - INFO - 분석: 스테이크와감자
2025-07-15 21:53:32,543 - INFO - 완료: 스테이크와감자 (점수: 51.46)
2025-07-15 21:53:32,985 - INFO - 분석: 스테이크와샐러드
2025-07-15 21:53:35,638 - INFO - 완료: 스테이크와샐러드 (점수: 0.00)
2025-07-15 21:53:35,906 - INFO - 분석: 크로크무슈
2025-07-15 21:53:38,293 - INFO - 완료: 크로크무슈 (점수: 49.56)
2025-07-15 21:53:38,669 - INFO - 분석: 크로크마담
2025-07-15 21:53:42,514 - INFO - 완료: 크로크마담 (점수: 4.56)
2025-07-15 21:53:42,932 - INFO - 분석: 양파수프
2025-07-15 21:53:45,271 - INFO - 완료: 양파수프 (점수: 5.72)
2025-07-15 21:53:45,494 - INFO - 분석: 크림수프
2025-07-15 21:53:47,897 - INFO - 완료: 크림수프 (점수: 16.20)
2025-07-15 21:53:48,239 - INFO - 분석: 와퍼
2025-07-15 21:53:50,427 - INFO - 완료: 와퍼 (점수: 2.86)
2025-07-15 21:53:50,689 - INFO - 분석: 치즈버거
2025-07-15 21:53:52,710 - INFO - 완료: 치즈버거 (점수: 0.00)
2025-07-15 21:53:53,198 - INFO - 분석: 베이컨버거
2025-07-15 21:53:55,540 - INFO - 완료: 베이컨버거 (점수: 35.26)
2025-07-15 21:53:55,805 - INFO - 분석: 클램차우더
2025-07-15 21:53:58,224 - INFO - 완료: 클램차우더 (점수: 20.97)
2025-07-15 21:53:58,477 - INFO - 분석: 치킨수프
2025-07-15 21:54:01,018 - INFO - 완료: 치킨수프 (점수: 11.58)
2025-07-15 21:54:01,435 - INFO - 분석: 바비큐립
2025-07-15 21:54:04,731 - INFO - 완료: 바비큐립 (점수: 18.88)
2025-07-15 21:54:05,105 - INFO - 분석: 풀드포크
2025-07-15 21:54:07,245 - INFO - 완료: 풀드포크 (점수: 2.86)
2025-07-15 21:54:07,606 - INFO - 분석: 브리스킷
2025-07-15 21:54:09,841 - INFO - 완료: 브리스킷 (점수: 1.91)
2025-07-15 21:54:10,149 - INFO - 분석: 타코
2025-07-15 21:54:12,600 - INFO - 완료: 타코 (점수: 59.09)
2025-07-15 21:54:13,000 - INFO - 분석: 부리또
2025-07-15 21:54:15,210 - INFO - 완료: 부리또 (점수: 3.81)
2025-07-15 21:54:15,428 - INFO - 분석: 나초
2025-07-15 21:54:17,676 - INFO - 완료: 나초 (점수: 7.62)
2025-07-15 21:54:17,992 - INFO - 분석: 케사디아
2025-07-15 21:54:22,592 - INFO - 완료: 케사디아 (점수: 7.45)
2025-07-15 21:54:22,971 - INFO - 분석: 엔칠라다
2025-07-15 21:54:25,255 - INFO - 완료: 엔칠라다 (점수: 2.86)
2025-07-15 21:54:25,766 - INFO - 분석: 파히타
2025-07-15 21:54:28,105 - INFO - 완료: 파히타 (점수: 43.84)
2025-07-15 21:54:28,521 - INFO - 분석: 감자튀김
2025-07-15 21:54:30,661 - INFO - 완료: 감자튀김 (점수: 0.00)
2025-07-15 21:54:31,056 - INFO - 분석: 소시지
2025-07-15 21:54:33,037 - INFO - 완료: 소시지 (점수: 0.00)
2025-07-15 21:54:33,347 - INFO - 분석: 피쉬앤칩스
2025-07-15 21:54:35,606 - INFO - 완료: 피쉬앤칩스 (점수: 17.15)
2025-07-15 21:54:35,829 - INFO - 분석: 생선튀김
2025-07-15 21:54:37,896 - INFO - 완료: 생선튀김 (점수: 0.00)
2025-07-15 21:54:38,382 - INFO - 분석: 에그베네딕트
2025-07-15 21:54:40,751 - INFO - 완료: 에그베네딕트 (점수: 34.31)
2025-07-15 21:54:40,979 - INFO - 분석: 스크램블
2025-07-15 21:54:43,188 - INFO - 완료: 스크램블 (점수: 11.44)
2025-07-15 21:54:43,635 - INFO - 분석: 오믈렛
2025-07-15 21:54:45,884 - INFO - 완료: 오믈렛 (점수: 20.97)
2025-07-15 21:54:46,266 - INFO - 분석: 팬케이크
2025-07-15 21:54:48,239 - INFO - 완료: 팬케이크 (점수: 0.00)
2025-07-15 21:54:48,542 - INFO - 분석: 프렌치토스트
2025-07-15 21:54:50,887 - INFO - 완료: 프렌치토스트 (점수: 31.45)
2025-07-15 21:54:51,153 - INFO - 분석: 시저샐러드
2025-07-15 21:54:53,518 - INFO - 완료: 시저샐러드 (점수: 7.62)
2025-07-15 21:54:53,795 - INFO - 분석: 코브샐러드
2025-07-15 21:54:58,262 - INFO - 완료: 코브샐러드 (점수: 10.32)
2025-07-15 21:54:58,480 - INFO - 분석: 양꼬치
2025-07-15 21:55:00,715 - INFO - 완료: 양꼬치 (점수: 12.39)
2025-07-15 21:55:01,139 - INFO - 분석: 꼬치구이
2025-07-15 21:55:03,585 - INFO - 완료: 꼬치구이 (점수: 20.97)
2025-07-15 21:55:04,086 - INFO - 분석: 바베큐
2025-07-15 21:55:06,639 - INFO - 완료: 바베큐 (점수: 51.46)
2025-07-15 21:55:07,104 - INFO - 분석: 딤섬
2025-07-15 21:55:09,263 - INFO - 완료: 딤섬 (점수: 0.00)
2025-07-15 21:55:09,514 - INFO - 분석: 찜 요리
2025-07-15 21:55:11,804 - INFO - 완료: 찜 요리 (점수: 0.00)
2025-07-15 21:55:12,143 - INFO - 분석: 쌀국수
2025-07-15 21:55:14,133 - INFO - 완료: 쌀국수 (점수: 0.00)
2025-07-15 21:55:14,434 - INFO - 분석: 분보
2025-07-15 21:55:18,441 - INFO - 완료: 분보 (점수: 8.83)
2025-07-15 21:55:18,697 - INFO - 분석: 분짜
2025-07-15 21:55:21,088 - INFO - 완료: 분짜 (점수: 6.67)
2025-07-15 21:55:21,553 - INFO - 분석: 월남쌈
2025-07-15 21:55:23,963 - INFO - 완료: 월남쌈 (점수: 25.73)
2025-07-15 21:55:24,262 - INFO - 분석: 고이쿤
2025-07-15 21:55:25,814 - INFO - 완료: 고이쿤 (점수: 0.38)
2025-07-15 21:55:26,193 - INFO - 분석: 반미
2025-07-15 21:55:28,437 - INFO - 완료: 반미 (점수: 7.62)
2025-07-15 21:55:28,706 - INFO - 분석: 바게트
2025-07-15 21:55:30,716 - INFO - 완료: 바게트 (점수: 0.00)
2025-07-15 21:55:30,948 - INFO - 분석: 팟타이
2025-07-15 21:55:33,419 - INFO - 완료: 팟타이 (점수: 28.59)
2025-07-15 21:55:33,713 - INFO - 분석: 태국볶음면
2025-07-15 21:55:36,140 - INFO - 완료: 태국볶음면 (점수: 7.62)
2025-07-15 21:55:36,445 - INFO - 분석: 그린커리
2025-07-15 21:55:38,735 - INFO - 완료: 그린커리 (점수: 2.86)
2025-07-15 21:55:38,982 - INFO - 분석: 레드커리
2025-07-15 21:55:41,580 - INFO - 완료: 레드커리 (점수: 36.21)
2025-07-15 21:55:41,927 - INFO - 분석: 팬낭커리
2025-07-15 21:55:43,125 - INFO - 완료: 팬낭커리 (점수: 0.00)
2025-07-15 21:55:43,460 - INFO - 분석: 똠얌꿍
2025-07-15 21:55:45,672 - INFO - 완료: 똠얌꿍 (점수: 33.35)
2025-07-15 21:55:45,899 - INFO - 분석: 똠얌갈비
2025-07-15 21:55:49,589 - INFO - 완료: 똠얌갈비 (점수: 7.98)
2025-07-15 21:55:50,023 - INFO - 분석: 새콤매운국물
2025-07-15 21:55:52,706 - INFO - 완료: 새콤매운국물 (점수: 5.72)
2025-07-15 21:55:53,206 - INFO - 분석: 치킨커리
2025-07-15 21:55:55,662 - INFO - 완료: 치킨커리 (점수: 0.33)
2025-07-15 21:55:55,901 - INFO - 분석: 양고기커리
2025-07-15 21:55:58,231 - INFO - 완료: 양고기커리 (점수: 18.11)
2025-07-15 21:55:58,578 - INFO - 분석: 달커리
2025-07-15 21:56:01,295 - INFO - 완료: 달커리 (점수: 2.88)
2025-07-15 21:56:01,612 - INFO - 분석: 난
2025-07-15 21:56:03,887 - INFO - 완료: 난 (점수: 0.00)
2025-07-15 21:56:04,401 - INFO - 분석: 파라타
2025-07-15 21:56:07,793 - INFO - 완료: 파라타 (점수: 2.58)
2025-07-15 21:56:08,145 - INFO - 분석: 탄두리치킨
2025-07-15 21:56:10,440 - INFO - 완료: 탄두리치킨 (점수: 26.68)
2025-07-15 21:56:10,844 - INFO - 분석: 케밥
2025-07-15 21:56:13,049 - INFO - 완료: 케밥 (점수: 3.81)
2025-07-15 21:56:13,478 - INFO - 분석: 구이
2025-07-15 21:56:15,597 - INFO - 완료: 구이 (점수: 0.00)
2025-07-15 21:56:16,006 - INFO - 분석: 나시고렝
2025-07-15 21:56:18,410 - INFO - 완료: 나시고렝 (점수: 24.78)
2025-07-15 21:56:18,811 - INFO - 분석: 미고렝
2025-07-15 21:56:22,006 - INFO - 완료: 미고렝 (점수: 101.52)
2025-07-15 21:56:22,411 - INFO - 분석: 사테
2025-07-15 21:56:24,681 - INFO - 완료: 사테 (점수: 36.21)
2025-07-15 21:56:24,918 - INFO - 분석: 락사
2025-07-15 21:56:27,259 - INFO - 완료: 락사 (점수: 16.20)
2025-07-15 21:56:27,516 - INFO - 분석: 렌당
2025-07-15 21:56:31,369 - INFO - 완료: 렌당 (점수: 15.85)
2025-07-15 21:56:31,766 - INFO - 분석: 후라이드치킨
2025-07-15 21:56:34,296 - INFO - 완료: 후라이드치킨 (점수: 13.34)
2025-07-15 21:56:34,756 - INFO - 분석: 바삭치킨
2025-07-15 21:56:38,675 - INFO - 완료: 바삭치킨 (점수: 27.64)
2025-07-15 21:56:38,941 - INFO - 분석: 달콤양념
2025-07-15 21:56:41,285 - INFO - 완료: 달콤양념 (점수: 27.64)
2025-07-15 21:56:41,771 - INFO - 분석: 매운양념
2025-07-15 21:56:44,349 - INFO - 완료: 매운양념 (점수: 0.00)
2025-07-15 21:56:44,641 - INFO - 분석: 간장치킨
2025-07-15 21:56:46,991 - INFO - 완료: 간장치킨 (점수: 0.00)
2025-07-15 21:56:47,381 - INFO - 분석: 마늘치킨
2025-07-15 21:56:49,695 - INFO - 완료: 마늘치킨 (점수: 0.00)
2025-07-15 21:56:50,071 - INFO - 분석: 허니머스타드
2025-07-15 21:56:52,109 - INFO - 완료: 허니머스타드 (점수: 0.00)
2025-07-15 21:56:52,369 - INFO - 분석: 뿌링클
2025-07-15 21:56:54,759 - INFO - 완료: 뿌링클 (점수: 14.29)
2025-07-15 21:56:55,243 - INFO - 분석: 치즈가루
2025-07-15 21:56:57,855 - INFO - 완료: 치즈가루 (점수: 101.97)
2025-07-15 21:56:58,274 - INFO - 분석: 어니언
2025-07-15 21:57:00,560 - INFO - 완료: 어니언 (점수: 39.07)
2025-07-15 21:57:01,059 - INFO - 분석: 순살치킨
2025-07-15 21:57:03,210 - INFO - 완료: 순살치킨 (점수: 0.00)
2025-07-15 21:57:03,607 - INFO - 분석: 팝콘치킨
2025-07-15 21:57:05,917 - INFO - 완료: 팝콘치킨 (점수: 38.12)
2025-07-15 21:57:06,175 - INFO - 분석: 치킨텐더
2025-07-15 21:57:08,855 - INFO - 완료: 치킨텐더 (점수: 6.05)
2025-07-15 21:57:09,146 - INFO - 분석: 윙
2025-07-15 21:57:11,479 - INFO - 완료: 윙 (점수: 34.31)
2025-07-15 21:57:11,977 - INFO - 분석: 다리
2025-07-15 21:57:14,162 - INFO - 완료: 다리 (점수: 0.00)
2025-07-15 21:57:14,417 - INFO - 분석: 가슴살
2025-07-15 21:57:16,530 - INFO - 완료: 가슴살 (점수: 0.00)
2025-07-15 21:57:16,759 - INFO - 분석: 마르게리타
2025-07-15 21:57:19,025 - INFO - 완료: 마르게리타 (점수: 4.76)
2025-07-15 21:57:19,351 - INFO - 분석: 콤비네이션
2025-07-15 21:57:21,698 - INFO - 완료: 콤비네이션 (점수: 5.72)
2025-07-15 21:57:22,059 - INFO - 분석: 고구마피자
2025-07-15 21:57:24,476 - INFO - 완료: 고구마피자 (점수: 14.29)
2025-07-15 21:57:24,826 - INFO - 분석: 포테이토피자
2025-07-15 21:57:27,414 - INFO - 완료: 포테이토피자 (점수: 4.76)
2025-07-15 21:57:27,766 - INFO - 분석: 화이트피자
2025-07-15 21:57:30,281 - INFO - 완료: 화이트피자 (점수: 35.26)
2025-07-15 21:57:30,526 - INFO - 분석: 불고기피자
2025-07-15 21:57:32,678 - INFO - 완료: 불고기피자 (점수: 0.00)
2025-07-15 21:57:32,923 - INFO - 분석: 갈비피자
2025-07-15 21:57:35,350 - INFO - 완료: 갈비피자 (점수: 37.17)
2025-07-15 21:57:35,745 - INFO - 분석: 한국식피자
2025-07-15 21:57:38,194 - INFO - 완료: 한국식피자 (점수: 5.72)
2025-07-15 21:57:38,577 - INFO - 분석: 시카고피자
2025-07-15 21:57:40,803 - INFO - 완료: 시카고피자 (점수: 5.72)
2025-07-15 21:57:41,135 - INFO - 분석: 딥디쉬
2025-07-15 21:57:45,552 - INFO - 완료: 딥디쉬 (점수: 81.02)
2025-07-15 21:57:45,805 - INFO - 분석: 두꺼운피자
2025-07-15 21:57:48,099 - INFO - 완료: 두꺼운피자 (점수: 11.44)
2025-07-15 21:57:48,603 - INFO - 분석: 씬크러스트
2025-07-15 21:57:52,445 - INFO - 완료: 씬크러스트 (점수: 77.37)
2025-07-15 21:57:52,910 - INFO - 분석: 얇은피자
2025-07-15 21:57:55,269 - INFO - 완료: 얇은피자 (점수: 43.84)
2025-07-15 21:57:55,695 - INFO - 분석: 크리스피
2025-07-15 21:57:58,289 - INFO - 완료: 크리스피 (점수: 42.88)
2025-07-15 21:57:58,745 - INFO - 분석: 아메리카노
2025-07-15 21:58:00,853 - INFO - 완료: 아메리카노 (점수: 0.00)
2025-07-15 21:58:01,271 - INFO - 분석: 에스프레소
2025-07-15 21:58:03,242 - INFO - 완료: 에스프레소 (점수: 0.00)
2025-07-15 21:58:03,575 - INFO - 분석: 롱블랙
2025-07-15 21:58:05,754 - INFO - 완료: 롱블랙 (점수: 19.06)
2025-07-15 21:58:06,225 - INFO - 분석: 카페라떼
2025-07-15 21:58:08,174 - INFO - 완료: 카페라떼 (점수: 0.00)
2025-07-15 21:58:08,431 - INFO - 분석: 카푸치노
2025-07-15 21:58:10,684 - INFO - 완료: 카푸치노 (점수: 8.58)
2025-07-15 21:58:11,116 - INFO - 분석: 마끼아또
2025-07-15 21:58:14,596 - INFO - 완료: 마끼아또 (점수: 89.58)
2025-07-15 21:58:14,900 - INFO - 분석: 바닐라라떼
2025-07-15 21:58:17,131 - INFO - 완료: 바닐라라떼 (점수: 31.45)
2025-07-15 21:58:17,592 - INFO - 분석: 카라멜마끼아또
2025-07-15 21:58:19,771 - INFO - 완료: 카라멜마끼아또 (점수: 36.21)
2025-07-15 21:58:20,071 - INFO - 분석: 헤이즐넛
2025-07-15 21:58:22,297 - INFO - 완료: 헤이즐넛 (점수: 21.92)
2025-07-15 21:58:22,613 - INFO - 분석: 얼그레이
2025-07-15 21:58:25,152 - INFO - 완료: 얼그레이 (점수: 79.10)
2025-07-15 21:58:25,608 - INFO - 분석: 허브티
2025-07-15 21:58:27,593 - INFO - 완료: 허브티 (점수: 0.00)
2025-07-15 21:58:27,824 - INFO - 분석: 녹차라떼
2025-07-15 21:58:30,107 - INFO - 완료: 녹차라떼 (점수: 5.72)
2025-07-15 21:58:30,556 - INFO - 분석: 카페프라페
2025-07-15 21:58:32,942 - INFO - 완료: 카페프라페 (점수: 5.72)
2025-07-15 21:58:33,353 - INFO - 분석: 초콜릿프라페
2025-07-15 21:58:36,168 - INFO - 완료: 초콜릿프라페 (점수: 37.68)
2025-07-15 21:58:36,504 - INFO - 분석: 딸기프라페
2025-07-15 21:58:39,037 - INFO - 완료: 딸기프라페 (점수: 111.50)
2025-07-15 21:58:39,528 - INFO - 분석: 레몬에이드
2025-07-15 21:58:41,836 - INFO - 완료: 레몬에이드 (점수: 11.44)
2025-07-15 21:58:42,181 - INFO - 분석: 자몽에이드
2025-07-15 21:58:44,472 - INFO - 완료: 자몽에이드 (점수: 4.76)
2025-07-15 21:58:44,705 - INFO - 분석: 탄산음료
2025-07-15 21:58:47,349 - INFO - 완료: 탄산음료 (점수: 46.70)
2025-07-15 21:58:47,651 - INFO - 분석: 치즈케이크
2025-07-15 21:58:49,679 - INFO - 완료: 치즈케이크 (점수: 0.00)
2025-07-15 21:58:50,121 - INFO - 분석: 초콜릿케이크
2025-07-15 21:58:52,336 - INFO - 완료: 초콜릿케이크 (점수: 0.00)
2025-07-15 21:58:52,784 - INFO - 분석: 생크림케이크
2025-07-15 21:58:54,796 - INFO - 완료: 생크림케이크 (점수: 0.00)
2025-07-15 21:58:55,124 - INFO - 분석: 크루아상
2025-07-15 21:58:57,066 - INFO - 완료: 크루아상 (점수: 0.00)
2025-07-15 21:58:57,381 - INFO - 분석: 베이글
2025-07-15 21:58:59,338 - INFO - 완료: 베이글 (점수: 0.00)
2025-07-15 21:58:59,684 - INFO - 분석: 머핀
2025-07-15 21:59:01,829 - INFO - 완료: 머핀 (점수: 1.91)
2025-07-15 21:59:02,067 - INFO - 분석: 팥빙수
2025-07-15 21:59:04,381 - INFO - 완료: 팥빙수 (점수: 30.50)
2025-07-15 21:59:04,765 - INFO - 분석: 망고빙수
2025-07-15 21:59:07,299 - INFO - 완료: 망고빙수 (점수: 12.39)
2025-07-15 21:59:07,693 - INFO - 분석: 인절미빙수
2025-07-15 21:59:09,991 - INFO - 완료: 인절미빙수 (점수: 4.76)
2025-07-15 21:59:10,295 - INFO - 분석: 마카롱
2025-07-15 21:59:12,903 - INFO - 완료: 마카롱 (점수: 145.81)
2025-07-15 21:59:13,353 - INFO - 분석: 쿠키
2025-07-15 21:59:15,392 - INFO - 완료: 쿠키 (점수: 0.00)
2025-07-15 21:59:15,647 - INFO - 분석: 마라파스타
2025-07-15 21:59:17,964 - INFO - 완료: 마라파스타 (점수: 9.53)
2025-07-15 21:59:18,218 - INFO - 분석: 불닭파스타
2025-07-15 21:59:20,611 - INFO - 완료: 불닭파스타 (점수: 6.67)
2025-07-15 21:59:20,883 - INFO - 분석: 김치파스타
2025-07-15 21:59:23,570 - INFO - 완료: 김치파스타 (점수: 49.56)
2025-07-15 21:59:23,884 - INFO - 분석: 김치볶음밥
2025-07-15 21:59:25,976 - INFO - 완료: 김치볶음밥 (점수: 0.00)
2025-07-15 21:59:26,433 - INFO - 분석: 한식덮밥
2025-07-15 21:59:28,880 - INFO - 완료: 한식덮밥 (점수: 25.73)
2025-07-15 21:59:29,131 - INFO - 분석: 스시버거
2025-07-15 21:59:31,386 - INFO - 완료: 스시버거 (점수: 10.48)
2025-07-15 21:59:31,899 - INFO - 분석: 라멘버거
2025-07-15 21:59:34,108 - INFO - 완료: 라멘버거 (점수: 11.44)
2025-07-15 21:59:34,380 - INFO - 분석: 돈까스버거
2025-07-15 21:59:36,634 - INFO - 완료: 돈까스버거 (점수: 11.44)
2025-07-15 21:59:36,875 - INFO - 분석: 일식파스타
2025-07-15 21:59:39,178 - INFO - 완료: 일식파스타 (점수: 22.87)
2025-07-15 21:59:39,580 - INFO - 분석: 우동파스타
2025-07-15 21:59:41,926 - INFO - 완료: 우동파스타 (점수: 28.59)
2025-07-15 21:59:42,436 - INFO - 분석: 한식뷔페
2025-07-15 21:59:45,052 - INFO - 완료: 한식뷔페 (점수: 41.93)
2025-07-15 21:59:45,500 - INFO - 분석: 무한리필
2025-07-15 21:59:47,565 - INFO - 완료: 무한리필 (점수: 0.00)
2025-07-15 21:59:47,932 - INFO - 분석: 샐러드바
2025-07-15 21:59:50,087 - INFO - 완료: 샐러드바 (점수: 0.00)
2025-07-15 21:59:50,350 - INFO - 분석: 샐러드뷔페
2025-07-15 21:59:52,899 - INFO - 완료: 샐러드뷔페 (점수: 36.21)
2025-07-15 21:59:53,307 - INFO - 분석: 호텔뷔페
2025-07-15 21:59:55,402 - INFO - 완료: 호텔뷔페 (점수: 0.00)
2025-07-15 21:59:55,845 - INFO - 분석: 브런치뷔페
2025-07-15 21:59:58,941 - INFO - 완료: 브런치뷔페 (점수: 9.53)
2025-07-15 21:59:59,202 - INFO - 분석: 비건버거
2025-07-15 22:00:01,869 - INFO - 완료: 비건버거 (점수: 18.11)
2025-07-15 22:00:02,332 - INFO - 분석: 두부스테이크
2025-07-15 22:00:04,676 - INFO - 완료: 두부스테이크 (점수: 35.26)
2025-07-15 22:00:05,033 - INFO - 분석: 템페
2025-07-15 22:00:07,897 - INFO - 완료: 템페 (점수: 17.50)
2025-07-15 22:00:08,314 - INFO - 분석: 비건케이크
2025-07-15 22:00:10,744 - INFO - 완료: 비건케이크 (점수: 31.45)
2025-07-15 22:00:11,236 - INFO - 분석: 두유아이스크림
2025-07-15 22:00:13,553 - INFO - 완료: 두유아이스크림 (점수: 3.81)
2025-07-15 22:00:13,802 - INFO - 분석: 닭가슴살샐러드
2025-07-15 22:00:16,203 - INFO - 완료: 닭가슴살샐러드 (점수: 16.20)
2025-07-15 22:00:16,503 - INFO - 분석: 퀴노아볼
2025-07-15 22:00:19,444 - INFO - 완료: 퀴노아볼 (점수: 43.61)
2025-07-15 22:00:19,769 - INFO - 분석: 프로틴볼
2025-07-15 22:00:21,994 - INFO - 완료: 프로틴볼 (점수: 16.20)
2025-07-15 22:00:22,419 - INFO - 분석: 그릭요거트
2025-07-15 22:00:24,937 - INFO - 완료: 그릭요거트 (점수: 26.68)
2025-07-15 22:00:25,370 - WARNING - 콘텐츠 비율 불균형 감지: 실제 2.7:1, 기대 20.5:1
2025-07-15 22:00:25,372 - INFO - 콘텐츠 비율: 뉴스 9305, 블로그 3509 (비율 2.7:1)
2025-07-15 22:00:25,372 - INFO - 1단계 완료: 성공 381, 실패 0
2025-07-15 22:00:25,372 - INFO - 할당량 계산 시작
2025-07-15 22:00:25,372 - INFO - 유효 분석: 381개
2025-07-15 22:00:25,381 - INFO - 총 점수: 9032.47
2025-07-15 22:00:25,384 - INFO - 2단계 완료: 총 7,861개 할당
2025-07-15 22:00:25,387 - INFO - 이미지 수집 (시점 무관) 시작
2025-07-15 22:00:25,387 - INFO - 수집: 캘리포니아롤 (할당: 146개)
2025-07-15 22:00:26,071 - INFO - 완료: 캘리포니아롤 (146개, 100.0%)
2025-07-15 22:00:26,391 - INFO - 수집: 카레우동 (할당: 143개)
2025-07-15 22:00:27,070 - INFO - 완료: 카레우동 (143개, 100.0%)
2025-07-15 22:00:27,282 - INFO - 수집: 두부제육볶음 (할당: 119개)
2025-07-15 22:00:28,039 - INFO - 완료: 두부제육볶음 (119개, 100.0%)
2025-07-15 22:00:28,428 - INFO - 수집: 연어덮밥 (할당: 109개)
2025-07-15 22:00:29,155 - INFO - 완료: 연어덮밥 (109개, 100.0%)
2025-07-15 22:00:29,452 - INFO - 수집: 마카롱 (할당: 108개)
2025-07-15 22:00:30,189 - INFO - 완료: 마카롱 (108개, 100.0%)
2025-07-15 22:00:30,629 - INFO - 수집: 아귀찜 (할당: 100개)
2025-07-15 22:00:30,966 - INFO - 완료: 아귀찜 (100개, 100.0%)
2025-07-15 22:00:31,255 - INFO - 수집: 야키소바 (할당: 83개)
2025-07-15 22:00:31,581 - INFO - 완료: 야키소바 (83개, 100.0%)
2025-07-15 22:00:31,985 - INFO - 수집: 딸기프라페 (할당: 83개)
2025-07-15 22:00:32,300 - INFO - 완료: 딸기프라페 (83개, 100.0%)
2025-07-15 22:00:32,714 - INFO - 수집: 물만두 (할당: 81개)
2025-07-15 22:00:33,052 - INFO - 완료: 물만두 (81개, 100.0%)
2025-07-15 22:00:33,537 - INFO - 수집: 김치전 (할당: 77개)
2025-07-15 22:00:33,920 - INFO - 완료: 김치전 (77개, 100.0%)
2025-07-15 22:00:34,260 - INFO - 수집: 치즈가루 (할당: 77개)
2025-07-15 22:00:34,628 - INFO - 완료: 치즈가루 (77개, 100.0%)
2025-07-15 22:00:35,037 - INFO - 수집: 미고렝 (할당: 76개)
2025-07-15 22:00:35,387 - INFO - 완료: 미고렝 (76개, 100.0%)
2025-07-15 22:00:35,767 - INFO - 수집: 단호박죽 (할당: 72개)
2025-07-15 22:00:36,100 - INFO - 완료: 단호박죽 (72개, 100.0%)
2025-07-15 22:00:36,475 - INFO - 수집: 마끼아또 (할당: 68개)
2025-07-15 22:00:36,821 - INFO - 완료: 마끼아또 (68개, 100.0%)
2025-07-15 22:00:37,052 - INFO - 수집: 계란말이 (할당: 66개)
2025-07-15 22:00:37,400 - INFO - 완료: 계란말이 (66개, 100.0%)
2025-07-15 22:00:37,632 - INFO - 수집: 육포 (할당: 64개)
2025-07-15 22:00:37,950 - INFO - 완료: 육포 (64개, 100.0%)
2025-07-15 22:00:38,385 - INFO - 수집: 국물떡볶이 (할당: 63개)
2025-07-15 22:00:38,752 - INFO - 완료: 국물떡볶이 (63개, 100.0%)
2025-07-15 22:00:39,164 - INFO - 수집: 고등어구이 (할당: 62개)
2025-07-15 22:00:39,533 - INFO - 완료: 고등어구이 (62개, 100.0%)
2025-07-15 22:00:39,882 - INFO - 수집: 딥디쉬 (할당: 62개)
2025-07-15 22:00:40,203 - INFO - 완료: 딥디쉬 (62개, 100.0%)
2025-07-15 22:00:40,668 - INFO - 수집: 돈코츠라멘 (할당: 61개)
2025-07-15 22:00:40,994 - INFO - 완료: 돈코츠라멘 (61개, 100.0%)
2025-07-15 22:00:41,352 - INFO - 수집: 청국장찌개 (할당: 60개)
2025-07-15 22:00:41,688 - INFO - 완료: 청국장찌개 (60개, 100.0%)
2025-07-15 22:00:42,034 - INFO - 수집: 치즈떡볶이 (할당: 60개)
2025-07-15 22:00:42,437 - INFO - 완료: 치즈떡볶이 (60개, 100.0%)
2025-07-15 22:00:42,684 - INFO - 수집: 차돌볶음밥 (할당: 60개)
2025-07-15 22:00:43,034 - INFO - 완료: 차돌볶음밥 (60개, 100.0%)
2025-07-15 22:00:43,274 - INFO - 수집: 오코노미야키 (할당: 60개)
2025-07-15 22:00:43,620 - INFO - 완료: 오코노미야키 (60개, 100.0%)
2025-07-15 22:00:44,123 - INFO - 수집: 얼그레이 (할당: 60개)
2025-07-15 22:00:44,489 - INFO - 완료: 얼그레이 (60개, 100.0%)
2025-07-15 22:00:44,854 - INFO - 수집: 씬크러스트 (할당: 59개)
2025-07-15 22:00:45,203 - INFO - 완료: 씬크러스트 (59개, 100.0%)
2025-07-15 22:00:45,413 - INFO - 수집: 오징어튀김 (할당: 58개)
2025-07-15 22:00:45,786 - INFO - 완료: 오징어튀김 (58개, 100.0%)
2025-07-15 22:00:46,123 - INFO - 수집: 유니짜장 (할당: 58개)
2025-07-15 22:00:46,453 - INFO - 완료: 유니짜장 (58개, 100.0%)
2025-07-15 22:00:46,737 - INFO - 수집: 칠리새우 (할당: 58개)
2025-07-15 22:00:47,070 - INFO - 완료: 칠리새우 (58개, 100.0%)
2025-07-15 22:00:47,435 - INFO - 수집: 콩나물해장국 (할당: 57개)
2025-07-15 22:00:47,754 - INFO - 완료: 콩나물해장국 (57개, 100.0%)
2025-07-15 22:00:48,171 - INFO - 수집: 소고기야채죽 (할당: 56개)
2025-07-15 22:00:48,556 - INFO - 완료: 소고기야채죽 (56개, 100.0%)
2025-07-15 22:00:48,838 - INFO - 수집: 참치사시미 (할당: 56개)
2025-07-15 22:00:49,186 - INFO - 완료: 참치사시미 (56개, 100.0%)
2025-07-15 22:00:49,651 - INFO - 수집: 버섯순두부찌개 (할당: 52개)
2025-07-15 22:00:50,024 - INFO - 완료: 버섯순두부찌개 (52개, 100.0%)
2025-07-15 22:00:50,249 - INFO - 수집: 라자냐 (할당: 51개)
2025-07-15 22:00:50,603 - INFO - 완료: 라자냐 (51개, 100.0%)
2025-07-15 22:00:51,078 - INFO - 수집: 항정살 (할당: 49개)
2025-07-15 22:00:51,403 - INFO - 완료: 항정살 (49개, 100.0%)
2025-07-15 22:00:51,887 - INFO - 수집: 깐쇼새우 (할당: 49개)
2025-07-15 22:00:52,205 - INFO - 완료: 깐쇼새우 (49개, 100.0%)
2025-07-15 22:00:52,437 - INFO - 수집: 야키니쿠 (할당: 49개)
2025-07-15 22:00:52,772 - INFO - 완료: 야키니쿠 (49개, 100.0%)
2025-07-15 22:00:53,077 - INFO - 수집: 아라비아따 (할당: 48개)
2025-07-15 22:00:53,405 - INFO - 완료: 아라비아따 (48개, 100.0%)
2025-07-15 22:00:53,632 - INFO - 수집: 연어사시미 (할당: 47개)
2025-07-15 22:00:53,987 - INFO - 완료: 연어사시미 (47개, 100.0%)
2025-07-15 22:00:54,383 - INFO - 수집: 하가우 (할당: 46개)
2025-07-15 22:00:54,703 - INFO - 완료: 하가우 (46개, 100.0%)
2025-07-15 22:00:55,035 - INFO - 수집: 타코 (할당: 46개)
2025-07-15 22:00:55,405 - INFO - 완료: 타코 (46개, 100.0%)
2025-07-15 22:00:55,847 - INFO - 수집: 마라탕 (할당: 45개)
2025-07-15 22:00:56,240 - INFO - 완료: 마라탕 (45개, 100.0%)
2025-07-15 22:00:56,721 - INFO - 수집: 순두부찌개 (할당: 44개)
2025-07-15 22:00:57,084 - INFO - 완료: 순두부찌개 (44개, 100.0%)
2025-07-15 22:00:57,498 - INFO - 수집: 닭죽 (할당: 43개)
2025-07-15 22:00:57,853 - INFO - 완료: 닭죽 (43개, 100.0%)
2025-07-15 22:00:58,222 - INFO - 수집: 팥죽 (할당: 42개)
2025-07-15 22:00:58,521 - INFO - 완료: 팥죽 (42개, 100.0%)
2025-07-15 22:00:58,756 - INFO - 수집: 잔치국수 (할당: 42개)
2025-07-15 22:00:59,137 - INFO - 완료: 잔치국수 (42개, 100.0%)
2025-07-15 22:00:59,636 - INFO - 수집: 뼈해장국 (할당: 40개)
2025-07-15 22:01:00,004 - INFO - 완료: 뼈해장국 (40개, 100.0%)
2025-07-15 22:01:00,422 - INFO - 수집: 참치김밥 (할당: 40개)
2025-07-15 22:01:00,805 - INFO - 완료: 참치김밥 (40개, 100.0%)
2025-07-15 22:01:01,135 - INFO - 수집: 불고기김밥 (할당: 40개)
2025-07-15 22:01:01,499 - INFO - 완료: 불고기김밥 (40개, 100.0%)
2025-07-15 22:01:01,803 - INFO - 수집: 군만두 (할당: 40개)
2025-07-15 22:01:02,218 - INFO - 완료: 군만두 (40개, 100.0%)
2025-07-15 22:01:02,703 - INFO - 수집: 나베 (할당: 40개)
2025-07-15 22:01:03,094 - INFO - 완료: 나베 (40개, 100.0%)
2025-07-15 22:01:03,369 - INFO - 수집: 스테이크와감자 (할당: 40개)
2025-07-15 22:01:03,780 - INFO - 완료: 스테이크와감자 (40개, 100.0%)
2025-07-15 22:01:04,108 - INFO - 수집: 바베큐 (할당: 40개)
2025-07-15 22:01:04,549 - INFO - 완료: 바베큐 (40개, 100.0%)
2025-07-15 22:01:04,918 - INFO - 수집: 생선회 (할당: 39개)
2025-07-15 22:01:05,296 - INFO - 완료: 생선회 (39개, 100.0%)
2025-07-15 22:01:05,755 - INFO - 수집: 계란볶음밥 (할당: 39개)
2025-07-15 22:01:06,109 - INFO - 완료: 계란볶음밥 (39개, 100.0%)
2025-07-15 22:01:06,419 - INFO - 수집: 크로크무슈 (할당: 39개)
2025-07-15 22:01:06,757 - INFO - 완료: 크로크무슈 (39개, 100.0%)
2025-07-15 22:01:07,114 - INFO - 수집: 김치파스타 (할당: 39개)
2025-07-15 22:01:07,470 - INFO - 완료: 김치파스타 (39개, 100.0%)
2025-07-15 22:01:07,938 - INFO - 수집: LA갈비 (할당: 38개)
2025-07-15 22:01:08,289 - INFO - 완료: LA갈비 (38개, 100.0%)
2025-07-15 22:01:08,594 - INFO - 수집: 생갈비 (할당: 38개)
2025-07-15 22:01:08,972 - INFO - 완료: 생갈비 (38개, 100.0%)
2025-07-15 22:01:09,467 - INFO - 수집: 아부라소바 (할당: 38개)
2025-07-15 22:01:09,804 - INFO - 완료: 아부라소바 (38개, 100.0%)
2025-07-15 22:01:10,018 - INFO - 수집: 탄산음료 (할당: 37개)
2025-07-15 22:01:10,385 - INFO - 완료: 탄산음료 (37개, 100.0%)
2025-07-15 22:01:10,757 - INFO - 수집: 짬짜면 (할당: 36개)
2025-07-15 22:01:11,082 - INFO - 완료: 짬짜면 (36개, 100.0%)
2025-07-15 22:01:11,419 - INFO - 수집: 깐풍새우 (할당: 35개)
2025-07-15 22:01:11,743 - INFO - 완료: 깐풍새우 (35개, 100.0%)
2025-07-15 22:01:12,221 - INFO - 수집: 파히타 (할당: 35개)
2025-07-15 22:01:12,540 - INFO - 완료: 파히타 (35개, 100.0%)
2025-07-15 22:01:12,953 - INFO - 수집: 얇은피자 (할당: 35개)
2025-07-15 22:01:13,285 - INFO - 완료: 얇은피자 (35개, 100.0%)
2025-07-15 22:01:13,819 - INFO - 수집: 퀴노아볼 (할당: 35개)
2025-07-15 22:01:14,152 - INFO - 완료: 퀴노아볼 (35개, 100.0%)
2025-07-15 22:01:14,564 - INFO - 수집: 계란찜 (할당: 34개)
2025-07-15 22:01:14,931 - INFO - 완료: 계란찜 (34개, 100.0%)
2025-07-15 22:01:15,153 - INFO - 수집: 조기구이 (할당: 34개)
2025-07-15 22:01:15,500 - INFO - 완료: 조기구이 (34개, 100.0%)
2025-07-15 22:01:15,815 - INFO - 수집: 마라샹궈 (할당: 34개)
2025-07-15 22:01:16,131 - INFO - 완료: 마라샹궈 (34개, 100.0%)
2025-07-15 22:01:16,386 - INFO - 수집: 맑은라멘 (할당: 34개)
2025-07-15 22:01:16,704 - INFO - 완료: 맑은라멘 (34개, 100.0%)
2025-07-15 22:01:17,180 - INFO - 수집: 크리스피 (할당: 34개)
2025-07-15 22:01:17,513 - INFO - 완료: 크리스피 (34개, 100.0%)
2025-07-15 22:01:17,751 - INFO - 수집: 한식뷔페 (할당: 34개)
2025-07-15 22:01:18,118 - INFO - 완료: 한식뷔페 (34개, 100.0%)
2025-07-15 22:01:18,342 - INFO - 수집: 해물순두부찌개 (할당: 33개)
2025-07-15 22:01:18,723 - INFO - 완료: 해물순두부찌개 (33개, 100.0%)
2025-07-15 22:01:19,090 - INFO - 수집: 제육도시락 (할당: 32개)
2025-07-15 22:01:19,409 - INFO - 완료: 제육도시락 (32개, 100.0%)
2025-07-15 22:01:19,759 - INFO - 수집: 해물볶음밥 (할당: 32개)
2025-07-15 22:01:20,139 - INFO - 완료: 해물볶음밥 (32개, 100.0%)
2025-07-15 22:01:20,598 - INFO - 수집: 어니언 (할당: 32개)
2025-07-15 22:01:20,916 - INFO - 완료: 어니언 (32개, 100.0%)
2025-07-15 22:01:21,345 - INFO - 수집: 회덮밥 (할당: 31개)
2025-07-15 22:01:21,695 - INFO - 완료: 회덮밥 (31개, 100.0%)
2025-07-15 22:01:22,156 - INFO - 수집: 텐동 (할당: 31개)
2025-07-15 22:01:22,474 - INFO - 완료: 텐동 (31개, 100.0%)
2025-07-15 22:01:22,839 - INFO - 수집: 타코야키 (할당: 31개)
2025-07-15 22:01:23,158 - INFO - 완료: 타코야키 (31개, 100.0%)
2025-07-15 22:01:23,618 - INFO - 수집: 팝콘치킨 (할당: 31개)
2025-07-15 22:01:23,951 - INFO - 완료: 팝콘치킨 (31개, 100.0%)
2025-07-15 22:01:24,253 - INFO - 수집: 초콜릿프라페 (할당: 31개)
2025-07-15 22:01:24,587 - INFO - 완료: 초콜릿프라페 (31개, 100.0%)
2025-07-15 22:01:24,859 - INFO - 수집: 유산슬밥 (할당: 30개)
2025-07-15 22:01:25,191 - INFO - 완료: 유산슬밥 (30개, 100.0%)
2025-07-15 22:01:25,505 - INFO - 수집: 해물탕 (할당: 30개)
2025-07-15 22:01:25,806 - INFO - 완료: 해물탕 (30개, 100.0%)
2025-07-15 22:01:26,107 - INFO - 수집: 갈비피자 (할당: 30개)
2025-07-15 22:01:26,458 - INFO - 완료: 갈비피자 (30개, 100.0%)
2025-07-15 22:01:26,807 - INFO - 수집: 멸치국수 (할당: 29개)
2025-07-15 22:01:27,189 - INFO - 완료: 멸치국수 (29개, 100.0%)
2025-07-15 22:01:27,477 - INFO - 수집: 찜닭 (할당: 29개)
2025-07-15 22:01:27,827 - INFO - 완료: 찜닭 (29개, 100.0%)
2025-07-15 22:01:28,254 - INFO - 수집: 고추짬뽕 (할당: 29개)
2025-07-15 22:01:28,586 - INFO - 완료: 고추짬뽕 (29개, 100.0%)
2025-07-15 22:01:28,828 - INFO - 수집: 샤오롱바오 (할당: 29개)
2025-07-15 22:01:29,166 - INFO - 완료: 샤오롱바오 (29개, 100.0%)
2025-07-15 22:01:29,659 - INFO - 수집: 참치초밥 (할당: 29개)
2025-07-15 22:01:30,027 - INFO - 완료: 참치초밥 (29개, 100.0%)
2025-07-15 22:01:30,506 - INFO - 수집: 베이컨버거 (할당: 29개)
2025-07-15 22:01:30,841 - INFO - 완료: 베이컨버거 (29개, 100.0%)
2025-07-15 22:01:31,129 - INFO - 수집: 레드커리 (할당: 29개)
2025-07-15 22:01:31,480 - INFO - 완료: 레드커리 (29개, 100.0%)
2025-07-15 22:01:31,799 - INFO - 수집: 사테 (할당: 29개)
2025-07-15 22:01:32,101 - INFO - 완료: 사테 (29개, 100.0%)
2025-07-15 22:01:32,498 - INFO - 수집: 화이트피자 (할당: 29개)
2025-07-15 22:01:32,847 - INFO - 완료: 화이트피자 (29개, 100.0%)
2025-07-15 22:01:33,079 - INFO - 수집: 카라멜마끼아또 (할당: 29개)
2025-07-15 22:01:33,414 - INFO - 완료: 카라멜마끼아또 (29개, 100.0%)
2025-07-15 22:01:33,782 - INFO - 수집: 샐러드뷔페 (할당: 29개)
2025-07-15 22:01:34,146 - INFO - 완료: 샐러드뷔페 (29개, 100.0%)
2025-07-15 22:01:34,575 - INFO - 수집: 두부스테이크 (할당: 29개)
2025-07-15 22:01:34,927 - INFO - 완료: 두부스테이크 (29개, 100.0%)
2025-07-15 22:01:35,246 - INFO - 수집: 규동 (할당: 28개)
2025-07-15 22:01:35,565 - INFO - 완료: 규동 (28개, 100.0%)
2025-07-15 22:01:35,938 - INFO - 수집: 치즈리조또 (할당: 28개)
2025-07-15 22:01:36,303 - INFO - 완료: 치즈리조또 (28개, 100.0%)
2025-07-15 22:01:36,654 - INFO - 수집: 에그베네딕트 (할당: 28개)
2025-07-15 22:01:36,973 - INFO - 완료: 에그베네딕트 (28개, 100.0%)
2025-07-15 22:01:37,438 - INFO - 수집: 윙 (할당: 28개)
2025-07-15 22:01:37,822 - INFO - 완료: 윙 (28개, 100.0%)
2025-07-15 22:01:38,094 - INFO - 수집: 오징어불고기 (할당: 27개)
2025-07-15 22:01:38,429 - INFO - 완료: 오징어불고기 (27개, 100.0%)
2025-07-15 22:01:38,638 - INFO - 수집: 마파두부밥 (할당: 27개)
2025-07-15 22:01:38,991 - INFO - 완료: 마파두부밥 (27개, 100.0%)
2025-07-15 22:01:39,393 - INFO - 수집: 볶음밥+탕수육 (할당: 27개)
2025-07-15 22:01:39,714 - INFO - 완료: 볶음밥+탕수육 (27개, 100.0%)
2025-07-15 22:01:39,939 - INFO - 수집: 똠얌꿍 (할당: 27개)
2025-07-15 22:01:40,243 - INFO - 완료: 똠얌꿍 (27개, 100.0%)
2025-07-15 22:01:40,708 - INFO - 수집: 야채튀김 (할당: 26개)
2025-07-15 22:01:41,074 - INFO - 완료: 야채튀김 (26개, 100.0%)
2025-07-15 22:01:41,441 - INFO - 수집: 프렌치토스트 (할당: 26개)
2025-07-15 22:01:41,779 - INFO - 완료: 프렌치토스트 (26개, 100.0%)
2025-07-15 22:01:42,067 - INFO - 수집: 바닐라라떼 (할당: 26개)
2025-07-15 22:01:42,403 - INFO - 완료: 바닐라라떼 (26개, 100.0%)
2025-07-15 22:01:42,854 - INFO - 수집: 비건케이크 (할당: 26개)
2025-07-15 22:01:43,190 - INFO - 완료: 비건케이크 (26개, 100.0%)
2025-07-15 22:01:43,479 - INFO - 수집: 치즈부대찌개 (할당: 25개)
2025-07-15 22:01:43,848 - INFO - 완료: 치즈부대찌개 (25개, 100.0%)
2025-07-15 22:01:44,233 - INFO - 수집: 전복죽 (할당: 25개)
2025-07-15 22:01:44,586 - INFO - 완료: 전복죽 (25개, 100.0%)
2025-07-15 22:01:44,859 - INFO - 수집: 키조개 (할당: 25개)
2025-07-15 22:01:45,180 - INFO - 완료: 키조개 (25개, 100.0%)
2025-07-15 22:01:45,499 - INFO - 수집: 마라두부 (할당: 25개)
2025-07-15 22:01:45,835 - INFO - 완료: 마라두부 (25개, 100.0%)
2025-07-15 22:01:46,253 - INFO - 수집: 덮밥세트 (할당: 25개)
2025-07-15 22:01:46,588 - INFO - 완료: 덮밥세트 (25개, 100.0%)
2025-07-15 22:01:47,004 - INFO - 수집: 팥빙수 (할당: 25개)
2025-07-15 22:01:47,355 - INFO - 완료: 팥빙수 (25개, 100.0%)
2025-07-15 22:01:47,640 - INFO - 수집: 멍게무침 (할당: 24개)
2025-07-15 22:01:47,971 - INFO - 완료: 멍게무침 (24개, 100.0%)
2025-07-15 22:01:48,300 - INFO - 수집: 스키야키 (할당: 24개)
2025-07-15 22:01:48,622 - INFO - 완료: 스키야키 (24개, 100.0%)
2025-07-15 22:01:48,955 - INFO - 수집: 팟타이 (할당: 24개)
2025-07-15 22:01:49,272 - INFO - 완료: 팟타이 (24개, 100.0%)
2025-07-15 22:01:49,771 - INFO - 수집: 우동파스타 (할당: 24개)
2025-07-15 22:01:50,123 - INFO - 완료: 우동파스타 (24개, 100.0%)
2025-07-15 22:01:50,474 - INFO - 수집: 편육 (할당: 23개)
2025-07-15 22:01:50,801 - INFO - 완료: 편육 (23개, 100.0%)
2025-07-15 22:01:51,222 - INFO - 수집: 골뱅이무침 (할당: 23개)
2025-07-15 22:01:51,556 - INFO - 완료: 골뱅이무침 (23개, 100.0%)
2025-07-15 22:01:51,906 - INFO - 수집: 왕만두 (할당: 23개)
2025-07-15 22:01:52,354 - INFO - 완료: 왕만두 (23개, 100.0%)
2025-07-15 22:01:52,703 - INFO - 수집: 장어덮밥 (할당: 23개)
2025-07-15 22:01:53,059 - INFO - 완료: 장어덮밥 (23개, 100.0%)
2025-07-15 22:01:53,474 - INFO - 수집: 탄두리치킨 (할당: 23개)
2025-07-15 22:01:53,805 - INFO - 완료: 탄두리치킨 (23개, 100.0%)
2025-07-15 22:01:54,219 - INFO - 수집: 바삭치킨 (할당: 23개)
2025-07-15 22:01:54,554 - INFO - 완료: 바삭치킨 (23개, 100.0%)
2025-07-15 22:01:54,906 - INFO - 수집: 달콤양념 (할당: 23개)
2025-07-15 22:01:55,240 - INFO - 완료: 달콤양념 (23개, 100.0%)
2025-07-15 22:01:55,522 - INFO - 수집: 그릭요거트 (할당: 23개)
2025-07-15 22:01:55,911 - INFO - 완료: 그릭요거트 (23개, 100.0%)
2025-07-15 22:01:56,225 - INFO - 수집: 불족발 (할당: 22개)
2025-07-15 22:01:56,738 - INFO - 완료: 불족발 (22개, 100.0%)
2025-07-15 22:01:57,056 - INFO - 수집: 미소라멘 (할당: 22개)
2025-07-15 22:01:57,376 - INFO - 완료: 미소라멘 (22개, 100.0%)
2025-07-15 22:01:57,775 - INFO - 수집: 가츠동 (할당: 22개)
2025-07-15 22:01:58,079 - INFO - 완료: 가츠동 (22개, 100.0%)
2025-07-15 22:01:58,398 - INFO - 수집: 치킨가라아게 (할당: 22개)
2025-07-15 22:01:58,724 - INFO - 완료: 치킨가라아게 (22개, 100.0%)
2025-07-15 22:01:58,954 - INFO - 수집: 월남쌈 (할당: 22개)
2025-07-15 22:01:59,265 - INFO - 완료: 월남쌈 (22개, 100.0%)
2025-07-15 22:01:59,665 - INFO - 수집: 한식덮밥 (할당: 22개)
2025-07-15 22:02:00,007 - INFO - 완료: 한식덮밥 (22개, 100.0%)
2025-07-15 22:02:00,439 - INFO - 수집: 도라지무침 (할당: 21개)
2025-07-15 22:02:00,791 - INFO - 완료: 도라지무침 (21개, 100.0%)
2025-07-15 22:02:01,073 - INFO - 수집: 야채김밥 (할당: 21개)
2025-07-15 22:02:01,404 - INFO - 완료: 야채김밥 (21개, 100.0%)
2025-07-15 22:02:01,832 - INFO - 수집: 삼선짜장 (할당: 21개)
2025-07-15 22:02:02,168 - INFO - 완료: 삼선짜장 (21개, 100.0%)
2025-07-15 22:02:02,566 - INFO - 수집: 삼선짬뽕 (할당: 21개)
2025-07-15 22:02:02,888 - INFO - 완료: 삼선짬뽕 (21개, 100.0%)
2025-07-15 22:02:03,335 - INFO - 수집: 오징어볶음밥 (할당: 21개)
2025-07-15 22:02:03,681 - INFO - 완료: 오징어볶음밥 (21개, 100.0%)
2025-07-15 22:02:04,151 - INFO - 수집: 깐풍오징어 (할당: 21개)
2025-07-15 22:02:04,466 - INFO - 완료: 깐풍오징어 (21개, 100.0%)
2025-07-15 22:02:04,755 - INFO - 수집: 탄탄멘 (할당: 21개)
2025-07-15 22:02:05,075 - INFO - 완료: 탄탄멘 (21개, 100.0%)
2025-07-15 22:02:05,425 - INFO - 수집: 온소바 (할당: 21개)
2025-07-15 22:02:05,788 - INFO - 완료: 온소바 (21개, 100.0%)
2025-07-15 22:02:06,005 - INFO - 수집: 나시고렝 (할당: 21개)
2025-07-15 22:02:06,342 - INFO - 완료: 나시고렝 (21개, 100.0%)
2025-07-15 22:02:06,548 - INFO - 수집: 킹크랩 (할당: 20개)
2025-07-15 22:02:06,884 - INFO - 완료: 킹크랩 (20개, 100.0%)
2025-07-15 22:02:07,140 - INFO - 수집: 오징어무침 (할당: 20개)
2025-07-15 22:02:07,474 - INFO - 완료: 오징어무침 (20개, 100.0%)
2025-07-15 22:02:07,698 - INFO - 수집: 계란탕 (할당: 20개)
2025-07-15 22:02:08,025 - INFO - 완료: 계란탕 (20개, 100.0%)
2025-07-15 22:02:08,254 - INFO - 수집: 일식파스타 (할당: 20개)
2025-07-15 22:02:08,633 - INFO - 완료: 일식파스타 (20개, 100.0%)
2025-07-15 22:02:09,060 - INFO - 수집: 굴보쌈 (할당: 19개)
2025-07-15 22:02:09,407 - INFO - 완료: 굴보쌈 (19개, 100.0%)
2025-07-15 22:02:09,770 - INFO - 수집: 생선구이도시락 (할당: 19개)
2025-07-15 22:02:10,188 - INFO - 완료: 생선구이도시락 (19개, 100.0%)
2025-07-15 22:02:10,525 - INFO - 수집: 유린기 (할당: 19개)
2025-07-15 22:02:10,861 - INFO - 완료: 유린기 (19개, 100.0%)
2025-07-15 22:02:11,114 - INFO - 수집: 시오라멘 (할당: 19개)
2025-07-15 22:02:11,453 - INFO - 완료: 시오라멘 (19개, 100.0%)
2025-07-15 22:02:11,892 - INFO - 수집: 클램차우더 (할당: 19개)
2025-07-15 22:02:12,209 - INFO - 완료: 클램차우더 (19개, 100.0%)
2025-07-15 22:02:12,482 - INFO - 수집: 오믈렛 (할당: 19개)
2025-07-15 22:02:12,816 - INFO - 완료: 오믈렛 (19개, 100.0%)
2025-07-15 22:02:13,208 - INFO - 수집: 꼬치구이 (할당: 19개)
2025-07-15 22:02:13,576 - INFO - 완료: 꼬치구이 (19개, 100.0%)
2025-07-15 22:02:13,822 - INFO - 수집: 헤이즐넛 (할당: 19개)
2025-07-15 22:02:14,126 - INFO - 완료: 헤이즐넛 (19개, 100.0%)
2025-07-15 22:02:14,375 - INFO - 수집: 온면 (할당: 18개)
2025-07-15 22:02:14,692 - INFO - 완료: 온면 (18개, 100.0%)
2025-07-15 22:02:14,942 - INFO - 수집: 녹두죽 (할당: 18개)
2025-07-15 22:02:15,275 - INFO - 완료: 녹두죽 (18개, 100.0%)
2025-07-15 22:02:15,775 - INFO - 수집: 대게찜 (할당: 18개)
2025-07-15 22:02:16,125 - INFO - 완료: 대게찜 (18개, 100.0%)
2025-07-15 22:02:16,609 - INFO - 수집: 차슈라멘 (할당: 18개)
2025-07-15 22:02:16,944 - INFO - 완료: 차슈라멘 (18개, 100.0%)
2025-07-15 22:02:17,447 - INFO - 수집: 마늘족발 (할당: 17개)
2025-07-15 22:02:17,777 - INFO - 완료: 마늘족발 (17개, 100.0%)
2025-07-15 22:02:18,076 - INFO - 수집: 전복버터구이 (할당: 17개)
2025-07-15 22:02:18,476 - INFO - 완료: 전복버터구이 (17개, 100.0%)
2025-07-15 22:02:18,941 - INFO - 수집: 잡채밥 (할당: 17개)
2025-07-15 22:02:19,285 - INFO - 완료: 잡채밥 (17개, 100.0%)
2025-07-15 22:02:19,766 - INFO - 수집: 매운미소 (할당: 17개)
2025-07-15 22:02:20,086 - INFO - 완료: 매운미소 (17개, 100.0%)
2025-07-15 22:02:20,309 - INFO - 수집: 바비큐립 (할당: 17개)
2025-07-15 22:02:20,640 - INFO - 완료: 바비큐립 (17개, 100.0%)
2025-07-15 22:02:21,106 - INFO - 수집: 롱블랙 (할당: 17개)
2025-07-15 22:02:21,491 - INFO - 완료: 롱블랙 (17개, 100.0%)
2025-07-15 22:02:21,997 - INFO - 수집: 생라면 (할당: 16개)
2025-07-15 22:02:22,305 - INFO - 완료: 생라면 (16개, 100.0%)
2025-07-15 22:02:22,531 - INFO - 수집: 깐풍기 (할당: 16개)
2025-07-15 22:02:22,834 - INFO - 완료: 깐풍기 (16개, 100.0%)
2025-07-15 22:02:23,074 - INFO - 수집: 마요새우 (할당: 16개)
2025-07-15 22:02:23,396 - INFO - 완료: 마요새우 (16개, 100.0%)
2025-07-15 22:02:23,741 - INFO - 수집: 마라닭발 (할당: 16개)
2025-07-15 22:02:24,078 - INFO - 완료: 마라닭발 (16개, 100.0%)
2025-07-15 22:02:24,544 - INFO - 수집: 연어초밥 (할당: 16개)
2025-07-15 22:02:24,896 - INFO - 완료: 연어초밥 (16개, 100.0%)
2025-07-15 22:02:25,327 - INFO - 수집: 필라델피아롤 (할당: 16개)
2025-07-15 22:02:25,646 - INFO - 완료: 필라델피아롤 (16개, 100.0%)
2025-07-15 22:02:25,952 - INFO - 수집: 마제소바 (할당: 16개)
2025-07-15 22:02:26,271 - INFO - 완료: 마제소바 (16개, 100.0%)
2025-07-15 22:02:26,768 - INFO - 수집: 피쉬앤칩스 (할당: 16개)
2025-07-15 22:02:27,134 - INFO - 완료: 피쉬앤칩스 (16개, 100.0%)
2025-07-15 22:02:27,440 - INFO - 수집: 양고기커리 (할당: 16개)
2025-07-15 22:02:27,837 - INFO - 완료: 양고기커리 (16개, 100.0%)
2025-07-15 22:02:28,141 - INFO - 수집: 비건버거 (할당: 16개)
2025-07-15 22:02:28,476 - INFO - 완료: 비건버거 (16개, 100.0%)
2025-07-15 22:02:28,765 - INFO - 수집: 템페 (할당: 16개)
2025-07-15 22:02:29,086 - INFO - 완료: 템페 (16개, 100.0%)
2025-07-15 22:02:29,550 - INFO - 수집: 불고기도시락 (할당: 15개)
2025-07-15 22:02:29,885 - INFO - 완료: 불고기도시락 (15개, 100.0%)
2025-07-15 22:02:30,270 - INFO - 수집: 메밀소바 (할당: 15개)
2025-07-15 22:02:30,606 - INFO - 완료: 메밀소바 (15개, 100.0%)
2025-07-15 22:02:30,880 - INFO - 수집: 하와이안 (할당: 15개)
2025-07-15 22:02:31,233 - INFO - 완료: 하와이안 (15개, 100.0%)
2025-07-15 22:02:31,457 - INFO - 수집: 크림수프 (할당: 15개)
2025-07-15 22:02:31,778 - INFO - 완료: 크림수프 (15개, 100.0%)
2025-07-15 22:02:32,144 - INFO - 수집: 락사 (할당: 15개)
2025-07-15 22:02:32,464 - INFO - 완료: 락사 (15개, 100.0%)
2025-07-15 22:02:32,957 - INFO - 수집: 렌당 (할당: 15개)
2025-07-15 22:02:33,037 - INFO - API 제한으로 5초 대기
2025-07-15 22:02:38,115 - INFO - API 제한으로 10초 대기
2025-07-15 22:02:48,211 - INFO - API 제한으로 20초 대기
2025-07-15 22:03:08,311 - INFO - API 제한으로 5초 대기
2025-07-15 22:03:13,377 - INFO - API 제한으로 10초 대기
2025-07-15 22:03:23,465 - INFO - API 제한으로 20초 대기
2025-07-15 22:03:43,536 - INFO - API 제한으로 5초 대기
2025-07-15 22:03:48,619 - INFO - API 제한으로 10초 대기
2025-07-15 22:03:58,758 - INFO - API 제한으로 20초 대기
2025-07-15 22:04:18,762 - INFO - 실패: 렌당
2025-07-15 22:04:19,233 - INFO - 수집: 닭가슴살샐러드 (할당: 15개)
2025-07-15 22:04:19,329 - INFO - API 제한으로 5초 대기
2025-07-15 22:04:24,413 - INFO - API 제한으로 10초 대기
2025-07-15 22:04:34,503 - INFO - API 제한으로 20초 대기
2025-07-15 22:04:54,605 - INFO - API 제한으로 5초 대기
2025-07-15 22:04:59,687 - INFO - API 제한으로 10초 대기
2025-07-15 22:05:09,759 - INFO - API 제한으로 20초 대기
2025-07-15 22:05:29,828 - INFO - API 제한으로 5초 대기
2025-07-15 22:05:34,895 - INFO - API 제한으로 10초 대기
2025-07-15 22:05:44,968 - INFO - API 제한으로 20초 대기
2025-07-15 22:06:04,974 - INFO - 실패: 닭가슴살샐러드
2025-07-15 22:06:05,478 - INFO - 수집: 프로틴볼 (할당: 15개)
2025-07-15 22:06:05,542 - INFO - API 제한으로 5초 대기
2025-07-15 22:06:10,704 - INFO - API 제한으로 10초 대기
2025-07-15 22:06:20,812 - INFO - API 제한으로 20초 대기
2025-07-15 22:06:40,910 - INFO - API 제한으로 5초 대기
2025-07-15 22:06:46,007 - INFO - API 제한으로 10초 대기
2025-07-15 22:06:56,101 - INFO - API 제한으로 20초 대기
2025-07-15 22:07:16,183 - INFO - API 제한으로 5초 대기
2025-07-15 22:07:21,276 - INFO - API 제한으로 10초 대기
2025-07-15 22:07:31,442 - INFO - API 제한으로 20초 대기
2025-07-15 22:07:51,458 - INFO - 실패: 프로틴볼
2025-07-15 22:07:51,674 - INFO - 수집: 콩나물무침 (할당: 14개)
2025-07-15 22:07:51,834 - INFO - API 제한으로 5초 대기
2025-07-15 22:07:56,951 - INFO - API 제한으로 10초 대기
2025-07-15 22:08:07,077 - INFO - API 제한으로 20초 대기
2025-07-15 22:08:27,179 - INFO - API 제한으로 5초 대기
2025-07-15 22:08:32,264 - INFO - API 제한으로 10초 대기
2025-07-15 22:08:42,362 - INFO - API 제한으로 20초 대기
2025-07-15 22:09:02,432 - INFO - API 제한으로 5초 대기
2025-07-15 22:09:07,520 - INFO - API 제한으로 10초 대기
2025-07-15 22:09:17,608 - INFO - API 제한으로 20초 대기
2025-07-15 22:09:37,627 - INFO - 실패: 콩나물무침
2025-07-15 22:09:37,897 - INFO - 수집: 시금치나물 (할당: 14개)
2025-07-15 22:09:37,969 - INFO - API 제한으로 5초 대기
2025-07-15 22:09:43,073 - INFO - API 제한으로 10초 대기
2025-07-15 22:09:53,146 - INFO - API 제한으로 20초 대기
2025-07-15 22:10:13,235 - INFO - API 제한으로 5초 대기
2025-07-15 22:10:18,315 - INFO - API 제한으로 10초 대기
2025-07-15 22:10:28,422 - INFO - API 제한으로 20초 대기
2025-07-15 22:10:48,516 - INFO - API 제한으로 5초 대기
2025-07-15 22:10:53,606 - INFO - API 제한으로 10초 대기
2025-07-15 22:11:03,704 - INFO - API 제한으로 20초 대기
2025-07-15 22:11:23,715 - INFO - 실패: 시금치나물
2025-07-15 22:11:24,216 - INFO - 수집: 로제떡볶이 (할당: 14개)
2025-07-15 22:11:24,280 - INFO - API 제한으로 5초 대기
2025-07-15 22:11:29,369 - INFO - API 제한으로 10초 대기
2025-07-15 22:11:39,448 - INFO - API 제한으로 20초 대기
2025-07-15 22:11:59,560 - INFO - API 제한으로 5초 대기
2025-07-15 22:12:04,635 - INFO - API 제한으로 10초 대기
2025-07-15 22:12:14,713 - INFO - API 제한으로 20초 대기
2025-07-15 22:12:34,788 - INFO - API 제한으로 5초 대기
2025-07-15 22:12:39,885 - INFO - API 제한으로 10초 대기
2025-07-15 22:12:49,966 - INFO - API 제한으로 20초 대기
2025-07-15 22:13:09,978 - INFO - 실패: 로제떡볶이
2025-07-15 22:13:10,289 - INFO - 수집: 쇼유라멘 (할당: 14개)
2025-07-15 22:13:10,337 - INFO - API 제한으로 5초 대기
2025-07-15 22:13:15,435 - INFO - API 제한으로 10초 대기
2025-07-15 22:13:25,556 - INFO - API 제한으로 20초 대기
2025-07-15 22:13:45,627 - INFO - API 제한으로 5초 대기
2025-07-15 22:13:50,711 - INFO - API 제한으로 10초 대기
2025-07-15 22:14:00,772 - INFO - API 제한으로 20초 대기
2025-07-15 22:14:20,878 - INFO - API 제한으로 5초 대기
2025-07-15 22:14:25,984 - INFO - API 제한으로 10초 대기
2025-07-15 22:14:36,078 - INFO - API 제한으로 20초 대기
2025-07-15 22:14:56,091 - INFO - 실패: 쇼유라멘
2025-07-15 22:14:56,426 - INFO - 수집: 뿌링클 (할당: 14개)
2025-07-15 22:14:56,505 - INFO - API 제한으로 5초 대기
2025-07-15 22:15:01,588 - INFO - API 제한으로 10초 대기
2025-07-15 22:15:11,767 - INFO - API 제한으로 20초 대기
2025-07-15 22:15:31,866 - INFO - API 제한으로 5초 대기
2025-07-15 22:15:36,957 - INFO - API 제한으로 10초 대기
2025-07-15 22:15:47,017 - INFO - API 제한으로 20초 대기
2025-07-15 22:16:07,110 - INFO - API 제한으로 5초 대기
2025-07-15 22:16:12,189 - INFO - API 제한으로 10초 대기
2025-07-15 22:16:22,327 - INFO - API 제한으로 20초 대기
2025-07-15 22:16:42,336 - INFO - 실패: 뿌링클
2025-07-15 22:16:42,635 - INFO - 수집: 고구마피자 (할당: 14개)
2025-07-15 22:16:42,732 - INFO - API 제한으로 5초 대기
2025-07-15 22:16:47,794 - INFO - API 제한으로 10초 대기
2025-07-15 22:16:57,871 - INFO - API 제한으로 20초 대기
2025-07-15 22:17:17,963 - INFO - API 제한으로 5초 대기
2025-07-15 22:17:23,075 - INFO - API 제한으로 10초 대기
2025-07-15 22:17:33,151 - INFO - API 제한으로 20초 대기
2025-07-15 22:17:53,240 - INFO - API 제한으로 5초 대기
2025-07-15 22:17:58,321 - INFO - API 제한으로 10초 대기
2025-07-15 22:18:08,396 - INFO - API 제한으로 20초 대기
2025-07-15 22:18:28,422 - INFO - 실패: 고구마피자
2025-07-15 22:18:28,666 - INFO - 수집: 해물전 (할당: 13개)
2025-07-15 22:18:28,730 - INFO - API 제한으로 5초 대기
2025-07-15 22:18:33,821 - INFO - API 제한으로 10초 대기
2025-07-15 22:18:43,906 - INFO - API 제한으로 20초 대기
2025-07-15 22:19:03,992 - INFO - API 제한으로 5초 대기
2025-07-15 22:19:09,082 - INFO - API 제한으로 10초 대기
2025-07-15 22:19:19,182 - INFO - API 제한으로 20초 대기
2025-07-15 22:19:39,257 - INFO - API 제한으로 5초 대기
2025-07-15 22:19:44,353 - INFO - API 제한으로 10초 대기
2025-07-15 22:19:54,426 - INFO - API 제한으로 20초 대기
2025-07-15 22:20:14,443 - INFO - 실패: 해물전
2025-07-15 22:20:14,892 - INFO - 수집: 슈마이 (할당: 13개)
2025-07-15 22:20:14,965 - INFO - API 제한으로 5초 대기
2025-07-15 22:20:20,032 - INFO - API 제한으로 10초 대기
2025-07-15 22:20:30,111 - INFO - API 제한으로 20초 대기
2025-07-15 22:20:52,708 - INFO - API 제한으로 5초 대기
2025-07-15 22:20:57,786 - INFO - API 제한으로 10초 대기
2025-07-15 22:21:07,859 - INFO - API 제한으로 20초 대기
2025-07-15 22:21:27,948 - INFO - API 제한으로 5초 대기
2025-07-15 22:21:33,034 - INFO - API 제한으로 10초 대기
2025-07-15 22:21:43,093 - INFO - API 제한으로 20초 대기
2025-07-15 22:22:03,116 - INFO - 실패: 슈마이
2025-07-15 22:22:03,610 - INFO - 수집: 베이크드파스타 (할당: 13개)
2025-07-15 22:22:03,674 - INFO - API 제한으로 5초 대기
2025-07-15 22:22:08,811 - INFO - API 제한으로 10초 대기
2025-07-15 22:22:18,881 - INFO - API 제한으로 20초 대기
2025-07-15 22:22:38,948 - INFO - API 제한으로 5초 대기
2025-07-15 22:22:44,121 - INFO - API 제한으로 10초 대기
2025-07-15 22:22:54,203 - INFO - API 제한으로 20초 대기
2025-07-15 22:23:14,310 - INFO - API 제한으로 5초 대기
2025-07-15 22:23:19,489 - INFO - API 제한으로 10초 대기
2025-07-15 22:23:29,561 - INFO - API 제한으로 20초 대기
2025-07-15 22:23:49,575 - INFO - 실패: 베이크드파스타
2025-07-15 22:23:50,043 - INFO - 수집: 후라이드치킨 (할당: 13개)
2025-07-15 22:23:50,106 - INFO - API 제한으로 5초 대기
2025-07-15 22:23:55,185 - INFO - API 제한으로 10초 대기
2025-07-15 22:24:05,266 - INFO - API 제한으로 20초 대기
2025-07-16 06:04:00,969 - INFO - 완료: 후라이드치킨 (13개, 100.0%)
2025-07-16 06:04:01,336 - INFO - 수집: 콩나물국 (할당: 12개)
2025-07-16 06:04:01,702 - INFO - 완료: 콩나물국 (12개, 100.0%)
2025-07-16 06:04:01,972 - INFO - 수집: 탄탄면 (할당: 12개)
2025-07-16 06:04:02,307 - INFO - 완료: 탄탄면 (12개, 100.0%)
2025-07-16 06:04:02,608 - INFO - 수집: 모둠사시미 (할당: 12개)
2025-07-16 06:04:02,916 - INFO - 완료: 모둠사시미 (12개, 100.0%)
2025-07-16 06:04:03,172 - INFO - 수집: 닭튀김 (할당: 12개)
2025-07-16 06:04:03,538 - INFO - 완료: 닭튀김 (12개, 100.0%)
2025-07-16 06:04:03,951 - INFO - 수집: 알리오올리오 (할당: 12개)
2025-07-16 06:04:04,252 - INFO - 완료: 알리오올리오 (12개, 100.0%)
2025-07-16 06:04:04,632 - INFO - 수집: 치킨수프 (할당: 12개)
2025-07-16 06:04:04,950 - INFO - 완료: 치킨수프 (12개, 100.0%)
2025-07-16 06:04:05,237 - INFO - 수집: 스크램블 (할당: 12개)
2025-07-16 06:04:05,539 - INFO - 완료: 스크램블 (12개, 100.0%)
2025-07-16 06:04:06,031 - INFO - 수집: 양꼬치 (할당: 12개)
2025-07-16 06:04:06,378 - INFO - 완료: 양꼬치 (12개, 100.0%)
2025-07-16 06:04:06,681 - INFO - 수집: 두꺼운피자 (할당: 12개)
2025-07-16 06:04:07,015 - INFO - 완료: 두꺼운피자 (12개, 100.0%)
2025-07-16 06:04:07,302 - INFO - 수집: 레몬에이드 (할당: 12개)
2025-07-16 06:04:07,668 - INFO - 완료: 레몬에이드 (12개, 100.0%)
2025-07-16 06:04:07,874 - INFO - 수집: 망고빙수 (할당: 12개)
2025-07-16 06:04:08,201 - INFO - 완료: 망고빙수 (12개, 100.0%)
2025-07-16 06:04:08,451 - INFO - 수집: 라멘버거 (할당: 12개)
2025-07-16 06:04:08,768 - INFO - 완료: 라멘버거 (12개, 100.0%)
2025-07-16 06:04:09,019 - INFO - 수집: 돈까스버거 (할당: 12개)
2025-07-16 06:04:09,353 - INFO - 완료: 돈까스버거 (12개, 100.0%)
2025-07-16 06:04:09,752 - INFO - 수집: 마늘보쌈 (할당: 11개)
2025-07-16 06:04:10,070 - INFO - 완료: 마늘보쌈 (11개, 100.0%)
2025-07-16 06:04:10,521 - INFO - 수집: 볶음짬뽕 (할당: 11개)
2025-07-16 06:04:10,870 - INFO - 완료: 볶음짬뽕 (11개, 100.0%)
2025-07-16 06:04:11,186 - INFO - 수집: 완자탕 (할당: 11개)
2025-07-16 06:04:11,487 - INFO - 완료: 완자탕 (11개, 100.0%)
2025-07-16 06:04:11,729 - INFO - 수집: 마라면 (할당: 11개)
2025-07-16 06:04:12,032 - INFO - 완료: 마라면 (11개, 100.0%)
2025-07-16 06:04:12,335 - INFO - 수집: 그라탱 (할당: 11개)
2025-07-16 06:04:12,641 - INFO - 완료: 그라탱 (11개, 100.0%)
2025-07-16 06:04:13,080 - INFO - 수집: 코브샐러드 (할당: 11개)
2025-07-16 06:04:13,382 - INFO - 완료: 코브샐러드 (11개, 100.0%)
2025-07-16 06:04:13,814 - INFO - 수집: 스시버거 (할당: 11개)
2025-07-16 06:04:14,147 - INFO - 완료: 스시버거 (11개, 100.0%)
2025-07-16 06:04:14,579 - INFO - 수집: 햄부대찌개 (할당: 10개)
2025-07-16 06:04:14,947 - INFO - 완료: 햄부대찌개 (10개, 100.0%)
2025-07-16 06:04:15,426 - INFO - 수집: 삼치구이 (할당: 10개)
2025-07-16 06:04:15,762 - INFO - 완료: 삼치구이 (10개, 100.0%)
2025-07-16 06:04:16,145 - INFO - 수집: 용기면 (할당: 10개)
2025-07-16 06:04:16,480 - INFO - 완료: 용기면 (10개, 100.0%)
2025-07-16 06:04:16,994 - INFO - 수집: 매운라멘 (할당: 10개)
2025-07-16 06:04:17,361 - INFO - 완료: 매운라멘 (10개, 100.0%)
2025-07-16 06:04:17,826 - INFO - 수집: 까르보나라 (할당: 10개)
2025-07-16 06:04:18,163 - INFO - 완료: 까르보나라 (10개, 100.0%)
2025-07-16 06:04:18,496 - INFO - 수집: 분보 (할당: 10개)
2025-07-16 06:04:18,817 - INFO - 완료: 분보 (10개, 100.0%)
2025-07-16 06:04:19,151 - INFO - 수집: 카푸치노 (할당: 10개)
2025-07-16 06:04:19,488 - INFO - 완료: 카푸치노 (10개, 100.0%)
2025-07-16 06:04:19,759 - INFO - 수집: 마라파스타 (할당: 10개)
2025-07-16 06:04:20,112 - INFO - 완료: 마라파스타 (10개, 100.0%)
2025-07-16 06:04:20,608 - INFO - 수집: 브런치뷔페 (할당: 10개)
2025-07-16 06:04:20,977 - INFO - 완료: 브런치뷔페 (10개, 100.0%)
2025-07-16 06:04:21,216 - INFO - 수집: 회보쌈 (할당: 9개)
2025-07-16 06:04:21,535 - INFO - 완료: 회보쌈 (9개, 100.0%)
2025-07-16 06:04:21,952 - INFO - 수집: 삼계죽 (할당: 9개)
2025-07-16 06:04:22,272 - INFO - 완료: 삼계죽 (9개, 100.0%)
2025-07-16 06:04:22,543 - INFO - 수집: 마른오징어 (할당: 9개)
2025-07-16 06:04:22,862 - INFO - 완료: 마른오징어 (9개, 100.0%)
2025-07-16 06:04:23,134 - INFO - 수집: 장어초밥 (할당: 9개)
2025-07-16 06:04:23,469 - INFO - 완료: 장어초밥 (9개, 100.0%)
2025-07-16 06:04:23,692 - INFO - 수집: 가케우동 (할당: 9개)
2025-07-16 06:04:24,013 - INFO - 완료: 가케우동 (9개, 100.0%)
2025-07-16 06:04:24,379 - INFO - 수집: 야채텐푸라 (할당: 9개)
2025-07-16 06:04:24,681 - INFO - 완료: 야채텐푸라 (9개, 100.0%)
2025-07-16 06:04:25,128 - INFO - 수집: 가라아게 (할당: 9개)
2025-07-16 06:04:25,448 - INFO - 완료: 가라아게 (9개, 100.0%)
2025-07-16 06:04:25,656 - INFO - 수집: 해물리조또 (할당: 9개)
2025-07-16 06:04:25,992 - INFO - 완료: 해물리조또 (9개, 100.0%)
2025-07-16 06:04:26,249 - INFO - 수집: 나초 (할당: 9개)
2025-07-16 06:04:26,580 - INFO - 완료: 나초 (9개, 100.0%)
2025-07-16 06:04:26,837 - INFO - 수집: 케사디아 (할당: 9개)
2025-07-16 06:04:27,139 - INFO - 완료: 케사디아 (9개, 100.0%)
2025-07-16 06:04:27,649 - INFO - 수집: 시저샐러드 (할당: 9개)
2025-07-16 06:04:27,985 - INFO - 완료: 시저샐러드 (9개, 100.0%)
2025-07-16 06:04:28,384 - INFO - 수집: 반미 (할당: 9개)
2025-07-16 06:04:28,719 - INFO - 완료: 반미 (9개, 100.0%)
2025-07-16 06:04:29,215 - INFO - 수집: 태국볶음면 (할당: 9개)
2025-07-16 06:04:29,629 - INFO - 완료: 태국볶음면 (9개, 100.0%)
2025-07-16 06:04:29,981 - INFO - 수집: 똠얌갈비 (할당: 9개)
2025-07-16 06:04:30,300 - INFO - 완료: 똠얌갈비 (9개, 100.0%)
2025-07-16 06:04:30,541 - INFO - 수집: 매운제육볶음 (할당: 8개)
2025-07-16 06:04:30,922 - INFO - 완료: 매운제육볶음 (8개, 100.0%)
2025-07-16 06:04:31,258 - INFO - 수집: 스크램블에그 (할당: 8개)
2025-07-16 06:04:31,595 - INFO - 완료: 스크램블에그 (8개, 100.0%)
2025-07-16 06:04:31,916 - INFO - 수집: 무국 (할당: 8개)
2025-07-16 06:04:32,267 - INFO - 완료: 무국 (8개, 100.0%)
2025-07-16 06:04:32,524 - INFO - 수집: 산라탕 (할당: 8개)
2025-07-16 06:04:32,843 - INFO - 완료: 산라탕 (8개, 100.0%)
2025-07-16 06:04:33,180 - INFO - 수집: 라조기 (할당: 8개)
2025-07-16 06:04:33,499 - INFO - 완료: 라조기 (8개, 100.0%)
2025-07-16 06:04:33,724 - INFO - 수집: 양파수프 (할당: 8개)
2025-07-16 06:04:34,043 - INFO - 완료: 양파수프 (8개, 100.0%)
2025-07-16 06:04:34,284 - INFO - 수집: 분짜 (할당: 8개)
2025-07-16 06:04:34,619 - INFO - 완료: 분짜 (8개, 100.0%)
2025-07-16 06:04:35,038 - INFO - 수집: 새콤매운국물 (할당: 8개)
2025-07-16 06:04:35,374 - INFO - 완료: 새콤매운국물 (8개, 100.0%)
2025-07-16 06:04:35,823 - INFO - 수집: 치킨텐더 (할당: 8개)
2025-07-16 06:04:36,157 - INFO - 완료: 치킨텐더 (8개, 100.0%)
2025-07-16 06:04:36,426 - INFO - 수집: 콤비네이션 (할당: 8개)
2025-07-16 06:04:36,779 - INFO - 완료: 콤비네이션 (8개, 100.0%)
2025-07-16 06:04:37,242 - INFO - 수집: 한국식피자 (할당: 8개)
2025-07-16 06:04:37,562 - INFO - 완료: 한국식피자 (8개, 100.0%)
2025-07-16 06:04:37,834 - INFO - 수집: 시카고피자 (할당: 8개)
2025-07-16 06:04:38,154 - INFO - 완료: 시카고피자 (8개, 100.0%)
2025-07-16 06:04:38,476 - INFO - 수집: 녹차라떼 (할당: 8개)
2025-07-16 06:04:38,796 - INFO - 완료: 녹차라떼 (8개, 100.0%)
2025-07-16 06:04:39,132 - INFO - 수집: 카페프라페 (할당: 8개)
2025-07-16 06:04:39,466 - INFO - 완료: 카페프라페 (8개, 100.0%)
2025-07-16 06:04:39,947 - INFO - 수집: 불닭파스타 (할당: 8개)
2025-07-16 06:04:40,266 - INFO - 완료: 불닭파스타 (8개, 100.0%)
2025-07-16 06:04:40,680 - INFO - 수집: 등뼈찜 (할당: 7개)
2025-07-16 06:04:40,999 - INFO - 완료: 등뼈찜 (7개, 100.0%)
2025-07-16 06:04:41,415 - INFO - 수집: 닭개장 (할당: 7개)
2025-07-16 06:04:41,702 - INFO - 완료: 닭개장 (7개, 100.0%)
2025-07-16 06:04:42,167 - INFO - 수집: 유니볶음면 (할당: 7개)
2025-07-16 06:04:42,549 - INFO - 완료: 유니볶음면 (7개, 100.0%)
2025-07-16 06:04:42,854 - INFO - 수집: 마라룽샤 (할당: 7개)
2025-07-16 06:04:43,190 - INFO - 완료: 마라룽샤 (7개, 100.0%)
2025-07-16 06:04:43,543 - INFO - 수집: 김밥롤 (할당: 7개)
2025-07-16 06:04:43,880 - INFO - 완료: 김밥롤 (7개, 100.0%)
2025-07-16 06:04:44,104 - INFO - 수집: 오야코동 (할당: 7개)
2025-07-16 06:04:44,423 - INFO - 완료: 오야코동 (7개, 100.0%)
2025-07-16 06:04:44,757 - INFO - 수집: 생선까스 (할당: 7개)
2025-07-16 06:04:45,078 - INFO - 완료: 생선까스 (7개, 100.0%)
2025-07-16 06:04:45,574 - INFO - 수집: 마르게리타 (할당: 7개)
2025-07-16 06:04:45,877 - INFO - 완료: 마르게리타 (7개, 100.0%)
2025-07-16 06:04:46,086 - INFO - 수집: 크로크마담 (할당: 7개)
2025-07-16 06:04:46,390 - INFO - 완료: 크로크마담 (7개, 100.0%)
2025-07-16 06:04:46,790 - INFO - 수집: 포테이토피자 (할당: 7개)
2025-07-16 06:04:47,125 - INFO - 완료: 포테이토피자 (7개, 100.0%)
2025-07-16 06:04:47,493 - INFO - 수집: 자몽에이드 (할당: 7개)
2025-07-16 06:04:47,828 - INFO - 완료: 자몽에이드 (7개, 100.0%)
2025-07-16 06:04:48,182 - INFO - 수집: 인절미빙수 (할당: 7개)
2025-07-16 06:04:48,502 - INFO - 완료: 인절미빙수 (7개, 100.0%)
2025-07-16 06:04:48,994 - INFO - 수집: 냉채족발 (할당: 6개)
2025-07-16 06:04:49,298 - INFO - 완료: 냉채족발 (6개, 100.0%)
2025-07-16 06:04:49,773 - INFO - 수집: 츠케멘 (할당: 6개)
2025-07-16 06:04:50,107 - INFO - 완료: 츠케멘 (6개, 100.0%)
2025-07-16 06:04:50,555 - INFO - 수집: 자루소바 (할당: 6개)
2025-07-16 06:04:50,859 - INFO - 완료: 자루소바 (6개, 100.0%)
2025-07-16 06:04:51,261 - INFO - 수집: 모둠텐푸라 (할당: 6개)
2025-07-16 06:04:51,563 - INFO - 완료: 모둠텐푸라 (6개, 100.0%)
2025-07-16 06:04:51,866 - INFO - 수집: 버섯리조또 (할당: 6개)
2025-07-16 06:04:52,220 - INFO - 완료: 버섯리조또 (6개, 100.0%)
2025-07-16 06:04:52,587 - INFO - 수집: 립아이 (할당: 6개)
2025-07-16 06:04:52,941 - INFO - 완료: 립아이 (6개, 100.0%)
2025-07-16 06:04:53,310 - INFO - 수집: 와퍼 (할당: 6개)
2025-07-16 06:04:53,678 - INFO - 완료: 와퍼 (6개, 100.0%)
2025-07-16 06:04:54,079 - INFO - 수집: 풀드포크 (할당: 6개)
2025-07-16 06:04:54,416 - INFO - 완료: 풀드포크 (6개, 100.0%)
2025-07-16 06:04:54,671 - INFO - 수집: 부리또 (할당: 6개)
2025-07-16 06:04:54,990 - INFO - 완료: 부리또 (6개, 100.0%)
2025-07-16 06:04:55,278 - INFO - 수집: 엔칠라다 (할당: 6개)
2025-07-16 06:04:55,596 - INFO - 완료: 엔칠라다 (6개, 100.0%)
2025-07-16 06:04:56,061 - INFO - 수집: 그린커리 (할당: 6개)
2025-07-16 06:04:56,381 - INFO - 완료: 그린커리 (6개, 100.0%)
2025-07-16 06:04:56,809 - INFO - 수집: 달커리 (할당: 6개)
2025-07-16 06:04:57,112 - INFO - 완료: 달커리 (6개, 100.0%)
2025-07-16 06:04:57,369 - INFO - 수집: 케밥 (할당: 6개)
2025-07-16 06:04:57,703 - INFO - 완료: 케밥 (6개, 100.0%)
2025-07-16 06:04:57,928 - INFO - 수집: 두유아이스크림 (할당: 6개)
2025-07-16 06:04:58,246 - INFO - 완료: 두유아이스크림 (6개, 100.0%)
2025-07-16 06:04:58,600 - INFO - 수집: 냉라면 (할당: 5개)
2025-07-16 06:04:58,937 - INFO - 완료: 냉라면 (5개, 100.0%)
2025-07-16 06:04:59,146 - INFO - 수집: 냉짬뽕 (할당: 5개)
2025-07-16 06:04:59,466 - INFO - 완료: 냉짬뽕 (5개, 100.0%)
2025-07-16 06:04:59,928 - INFO - 수집: 옥수수탕 (할당: 5개)
2025-07-16 06:05:00,246 - INFO - 완료: 옥수수탕 (5개, 100.0%)
2025-07-16 06:05:00,581 - INFO - 수집: 사천면 (할당: 5개)
2025-07-16 06:05:00,884 - INFO - 완료: 사천면 (5개, 100.0%)
2025-07-16 06:05:01,188 - INFO - 수집: 탕짜면 (할당: 5개)
2025-07-16 06:05:01,492 - INFO - 완료: 탕짜면 (5개, 100.0%)
2025-07-16 06:05:01,828 - INFO - 수집: 텐푸라우동 (할당: 5개)
2025-07-16 06:05:02,149 - INFO - 완료: 텐푸라우동 (5개, 100.0%)
2025-07-16 06:05:02,470 - INFO - 수집: 새우텐푸라 (할당: 5개)
2025-07-16 06:05:02,790 - INFO - 완료: 새우텐푸라 (5개, 100.0%)
2025-07-16 06:05:03,080 - INFO - 수집: 브리스킷 (할당: 5개)
2025-07-16 06:05:03,399 - INFO - 완료: 브리스킷 (5개, 100.0%)
2025-07-16 06:05:03,639 - INFO - 수집: 파라타 (할당: 5개)
2025-07-16 06:05:03,973 - INFO - 완료: 파라타 (5개, 100.0%)
2025-07-16 06:05:04,456 - INFO - 수집: 머핀 (할당: 5개)
2025-07-16 06:05:04,822 - INFO - 완료: 머핀 (5개, 100.0%)
2025-07-16 06:05:05,289 - INFO - 수집: 제육볶음 (할당: 4개)
2025-07-16 06:05:05,639 - INFO - 완료: 제육볶음 (4개, 100.0%)
2025-07-16 06:05:05,959 - INFO - 수집: 된장찌개 (할당: 4개)
2025-07-16 06:05:06,327 - INFO - 완료: 된장찌개 (4개, 100.0%)
2025-07-16 06:05:06,584 - INFO - 수집: 김치찌개 (할당: 4개)
2025-07-16 06:05:06,968 - INFO - 완료: 김치찌개 (4개, 100.0%)
2025-07-16 06:05:07,321 - INFO - 수집: 미역국 (할당: 4개)
2025-07-16 06:05:07,641 - INFO - 완료: 미역국 (4개, 100.0%)
2025-07-16 06:05:07,896 - INFO - 수집: 부대찌개 (할당: 4개)
2025-07-16 06:05:08,264 - INFO - 완료: 부대찌개 (4개, 100.0%)
2025-07-16 06:05:08,633 - INFO - 수집: 감자탕 (할당: 4개)
2025-07-16 06:05:09,001 - INFO - 완료: 감자탕 (4개, 100.0%)
2025-07-16 06:05:09,497 - INFO - 수집: 설렁탕 (할당: 4개)
2025-07-16 06:05:09,832 - INFO - 완료: 설렁탕 (4개, 100.0%)
2025-07-16 06:05:10,054 - INFO - 수집: 곰탕 (할당: 4개)
2025-07-16 06:05:10,372 - INFO - 완료: 곰탕 (4개, 100.0%)
2025-07-16 06:05:10,724 - INFO - 수집: 갈비탕 (할당: 4개)
2025-07-16 06:05:11,061 - INFO - 완료: 갈비탕 (4개, 100.0%)
2025-07-16 06:05:11,398 - INFO - 수집: 삼계탕 (할당: 4개)
2025-07-16 06:05:11,733 - INFO - 완료: 삼계탕 (4개, 100.0%)
2025-07-16 06:05:11,959 - INFO - 수집: 육개장 (할당: 4개)
2025-07-16 06:05:12,280 - INFO - 완료: 육개장 (4개, 100.0%)
2025-07-16 06:05:12,681 - INFO - 수집: 수육 (할당: 4개)
2025-07-16 06:05:13,049 - INFO - 완료: 수육 (4개, 100.0%)
2025-07-16 06:05:13,352 - INFO - 수집: 막국수 (할당: 4개)
2025-07-16 06:05:13,688 - INFO - 완료: 막국수 (4개, 100.0%)
2025-07-16 06:05:13,993 - INFO - 수집: 냉면 (할당: 4개)
2025-07-16 06:05:14,329 - INFO - 완료: 냉면 (4개, 100.0%)
2025-07-16 06:05:14,649 - INFO - 수집: 만두 (할당: 4개)
2025-07-16 06:05:15,033 - INFO - 완료: 만두 (4개, 100.0%)
2025-07-16 06:05:15,274 - INFO - 수집: 삼겹살 (할당: 4개)
2025-07-16 06:05:15,734 - INFO - 완료: 삼겹살 (4개, 100.0%)
2025-07-16 06:05:16,054 - INFO - 수집: 목살 (할당: 4개)
2025-07-16 06:05:16,406 - INFO - 완료: 목살 (4개, 100.0%)
2025-07-16 06:05:16,662 - INFO - 수집: 돼지갈비 (할당: 4개)
2025-07-16 06:05:17,063 - INFO - 완료: 돼지갈비 (4개, 100.0%)
2025-07-16 06:05:17,416 - INFO - 수집: 불고기 (할당: 4개)
2025-07-16 06:05:17,814 - INFO - 완료: 불고기 (4개, 100.0%)
2025-07-16 06:05:18,087 - INFO - 수집: 닭불고기 (할당: 4개)
2025-07-16 06:05:18,456 - INFO - 완료: 닭불고기 (4개, 100.0%)
2025-07-16 06:05:18,727 - INFO - 수집: 닭갈비 (할당: 4개)
2025-07-16 06:05:19,096 - INFO - 완료: 닭갈비 (4개, 100.0%)
2025-07-16 06:05:19,546 - INFO - 수집: 닭발 (할당: 4개)
2025-07-16 06:05:19,913 - INFO - 완료: 닭발 (4개, 100.0%)
2025-07-16 06:05:20,407 - INFO - 수집: 갈치구이 (할당: 4개)
2025-07-16 06:05:20,727 - INFO - 완료: 갈치구이 (4개, 100.0%)
2025-07-16 06:05:21,063 - INFO - 수집: 물회 (할당: 4개)
2025-07-16 06:05:21,398 - INFO - 완료: 물회 (4개, 100.0%)
2025-07-16 06:05:21,639 - INFO - 수집: 조개구이 (할당: 4개)
2025-07-16 06:05:22,008 - INFO - 완료: 조개구이 (4개, 100.0%)
2025-07-16 06:05:22,473 - INFO - 수집: 가리비 (할당: 4개)
2025-07-16 06:05:22,808 - INFO - 완료: 가리비 (4개, 100.0%)
2025-07-16 06:05:23,258 - INFO - 수집: 파전 (할당: 4개)
2025-07-16 06:05:23,594 - INFO - 완료: 파전 (4개, 100.0%)
2025-07-16 06:05:24,092 - INFO - 수집: 곱창 (할당: 4개)
2025-07-16 06:05:24,490 - INFO - 완료: 곱창 (4개, 100.0%)
2025-07-16 06:05:24,826 - INFO - 수집: 막창 (할당: 4개)
2025-07-16 06:05:25,223 - INFO - 완료: 막창 (4개, 100.0%)
2025-07-16 06:05:25,721 - INFO - 수집: 순대 (할당: 4개)
2025-07-16 06:05:26,105 - INFO - 완료: 순대 (4개, 100.0%)
2025-07-16 06:05:26,425 - INFO - 수집: 땅콩 (할당: 4개)
2025-07-16 06:05:26,808 - INFO - 완료: 땅콩 (4개, 100.0%)
2025-07-16 06:05:27,080 - INFO - 수집: 신라면 (할당: 4개)
2025-07-16 06:05:27,433 - INFO - 완료: 신라면 (4개, 100.0%)
2025-07-16 06:05:27,801 - INFO - 수집: 너구리 (할당: 4개)
2025-07-16 06:05:28,186 - INFO - 완료: 너구리 (4개, 100.0%)
2025-07-16 06:05:28,474 - INFO - 수집: 짜파게티 (할당: 4개)
2025-07-16 06:05:28,794 - INFO - 완료: 짜파게티 (4개, 100.0%)
2025-07-16 06:05:29,098 - INFO - 수집: 컵라면 (할당: 4개)
2025-07-16 06:05:29,466 - INFO - 완료: 컵라면 (4개, 100.0%)
2025-07-16 06:05:29,738 - INFO - 수집: 쫄면 (할당: 4개)
2025-07-16 06:05:30,059 - INFO - 완료: 쫄면 (4개, 100.0%)
2025-07-16 06:05:30,412 - INFO - 수집: 라멘 (할당: 4개)
2025-07-16 06:05:30,874 - INFO - 완료: 라멘 (4개, 100.0%)
2025-07-16 06:05:31,305 - INFO - 수집: 우동 (할당: 4개)
2025-07-16 06:05:31,705 - INFO - 완료: 우동 (4개, 100.0%)
2025-07-16 06:05:31,979 - INFO - 수집: 소바 (할당: 4개)
2025-07-16 06:05:32,331 - INFO - 완료: 소바 (4개, 100.0%)
2025-07-16 06:05:32,636 - INFO - 수집: 짜장면 (할당: 4개)
2025-07-16 06:05:33,021 - INFO - 완료: 짜장면 (4개, 100.0%)
2025-07-16 06:05:33,453 - INFO - 수집: 짬뽕 (할당: 4개)
2025-07-16 06:05:33,822 - INFO - 완료: 짬뽕 (4개, 100.0%)
2025-07-16 06:05:34,095 - INFO - 수집: 간짜장 (할당: 4개)
2025-07-16 06:05:34,416 - INFO - 완료: 간짜장 (4개, 100.0%)
2025-07-16 06:05:34,784 - INFO - 수집: 비빔냉면 (할당: 4개)
2025-07-16 06:05:35,152 - INFO - 완료: 비빔냉면 (4개, 100.0%)
2025-07-16 06:05:35,376 - INFO - 수집: 물냉면 (할당: 4개)
2025-07-16 06:05:35,729 - INFO - 완료: 물냉면 (4개, 100.0%)
2025-07-16 06:05:36,081 - INFO - 수집: 새우볶음밥 (할당: 4개)
2025-07-16 06:05:36,434 - INFO - 완료: 새우볶음밥 (4개, 100.0%)
2025-07-16 06:05:36,800 - INFO - 수집: 어향탕 (할당: 4개)
2025-07-16 06:05:37,054 - INFO - 완료: 어향탕 (4개, 100.0%)
2025-07-16 06:05:37,438 - INFO - 수집: 탕수육 (할당: 4개)
2025-07-16 06:05:37,821 - INFO - 완료: 탕수육 (4개, 100.0%)
2025-07-16 06:05:38,254 - INFO - 수집: 새콤달콤탕수육 (할당: 4개)
2025-07-16 06:05:38,557 - INFO - 완료: 새콤달콤탕수육 (4개, 100.0%)
2025-07-16 06:05:38,911 - INFO - 수집: 훠궈 (할당: 4개)
2025-07-16 06:05:39,264 - INFO - 완료: 훠궈 (4개, 100.0%)
2025-07-16 06:05:39,747 - INFO - 수집: 우짬탕 (할당: 4개)
2025-07-16 06:05:39,987 - INFO - 완료: 우짬탕 (4개, 100.0%)
2025-07-16 06:05:40,404 - INFO - 수집: 돈까스 (할당: 4개)
2025-07-16 06:05:40,817 - INFO - 완료: 돈까스 (4개, 100.0%)
2025-07-16 06:05:41,313 - INFO - 수집: 치킨가츠 (할당: 4개)
2025-07-16 06:05:41,633 - INFO - 완료: 치킨가츠 (4개, 100.0%)
2025-07-16 06:05:42,142 - INFO - 수집: 구이고기 (할당: 4개)
2025-07-16 06:05:42,591 - INFO - 완료: 구이고기 (4개, 100.0%)
2025-07-16 06:05:43,026 - INFO - 수집: 샤브샤브 (할당: 4개)
2025-07-16 06:05:43,411 - INFO - 완료: 샤브샤브 (4개, 100.0%)
2025-07-16 06:05:43,637 - INFO - 수집: 등심 (할당: 4개)
2025-07-16 06:05:43,988 - INFO - 완료: 등심 (4개, 100.0%)
2025-07-16 06:05:44,246 - INFO - 수집: 안심 (할당: 4개)
2025-07-16 06:05:44,599 - INFO - 완료: 안심 (4개, 100.0%)
2025-07-16 06:05:44,841 - INFO - 수집: 스테이크와샐러드 (할당: 4개)
2025-07-16 06:05:45,208 - INFO - 완료: 스테이크와샐러드 (4개, 100.0%)
2025-07-16 06:05:45,578 - INFO - 수집: 치즈버거 (할당: 4개)
2025-07-16 06:05:45,947 - INFO - 완료: 치즈버거 (4개, 100.0%)
2025-07-16 06:05:46,395 - INFO - 수집: 감자튀김 (할당: 4개)
2025-07-16 06:05:46,764 - INFO - 완료: 감자튀김 (4개, 100.0%)
2025-07-16 06:05:47,182 - INFO - 수집: 소시지 (할당: 4개)
2025-07-16 06:05:47,533 - INFO - 완료: 소시지 (4개, 100.0%)
2025-07-16 06:05:47,821 - INFO - 수집: 생선튀김 (할당: 4개)
2025-07-16 06:05:48,173 - INFO - 완료: 생선튀김 (4개, 100.0%)
2025-07-16 06:05:48,655 - INFO - 수집: 팬케이크 (할당: 4개)
2025-07-16 06:05:49,023 - INFO - 완료: 팬케이크 (4개, 100.0%)
2025-07-16 06:05:49,517 - INFO - 수집: 딤섬 (할당: 4개)
2025-07-16 06:05:49,837 - INFO - 완료: 딤섬 (4개, 100.0%)
2025-07-16 06:05:50,045 - INFO - 수집: 찜 요리 (할당: 4개)
2025-07-16 06:05:50,461 - INFO - 완료: 찜 요리 (4개, 100.0%)
2025-07-16 06:05:50,909 - INFO - 수집: 쌀국수 (할당: 4개)
2025-07-16 06:05:51,243 - INFO - 완료: 쌀국수 (4개, 100.0%)
2025-07-16 06:05:51,484 - INFO - 수집: 고이쿤 (할당: 4개)
2025-07-16 06:05:51,764 - INFO - 실패: 고이쿤
2025-07-16 06:05:52,171 - INFO - 수집: 바게트 (할당: 4개)
2025-07-16 06:05:52,538 - INFO - 완료: 바게트 (4개, 100.0%)
2025-07-16 06:05:52,762 - INFO - 수집: 팬낭커리 (할당: 4개)
2025-07-16 06:05:53,002 - INFO - 완료: 팬낭커리 (4개, 100.0%)
2025-07-16 06:05:53,404 - INFO - 수집: 치킨커리 (할당: 4개)
2025-07-16 06:05:53,740 - INFO - 완료: 치킨커리 (4개, 100.0%)
2025-07-16 06:05:53,965 - INFO - 수집: 난 (할당: 4개)
2025-07-16 06:05:54,348 - INFO - 완료: 난 (4개, 100.0%)
2025-07-16 06:05:54,813 - INFO - 수집: 구이 (할당: 4개)
2025-07-16 06:05:55,307 - INFO - 완료: 구이 (4개, 100.0%)
2025-07-16 06:05:55,676 - INFO - 수집: 매운양념 (할당: 4개)
2025-07-16 06:05:56,011 - INFO - 완료: 매운양념 (4개, 100.0%)
2025-07-16 06:05:56,300 - INFO - 수집: 간장치킨 (할당: 4개)
2025-07-16 06:05:56,651 - INFO - 완료: 간장치킨 (4개, 100.0%)
2025-07-16 06:05:56,987 - INFO - 수집: 마늘치킨 (할당: 4개)
2025-07-16 06:05:57,308 - INFO - 완료: 마늘치킨 (4개, 100.0%)
2025-07-16 06:05:57,644 - INFO - 수집: 허니머스타드 (할당: 4개)
2025-07-16 06:05:57,931 - INFO - 완료: 허니머스타드 (4개, 100.0%)
2025-07-16 06:05:58,205 - INFO - 수집: 순살치킨 (할당: 4개)
2025-07-16 06:05:58,572 - INFO - 완료: 순살치킨 (4개, 100.0%)
2025-07-16 06:05:58,829 - INFO - 수집: 다리 (할당: 4개)
2025-07-16 06:05:59,294 - INFO - 완료: 다리 (4개, 100.0%)
2025-07-16 06:05:59,663 - INFO - 수집: 가슴살 (할당: 4개)
2025-07-16 06:06:00,014 - INFO - 완료: 가슴살 (4개, 100.0%)
2025-07-16 06:06:00,350 - INFO - 수집: 불고기피자 (할당: 4개)
2025-07-16 06:06:00,716 - INFO - 완료: 불고기피자 (4개, 100.0%)
2025-07-16 06:06:01,145 - INFO - 수집: 아메리카노 (할당: 4개)
2025-07-16 06:06:01,511 - INFO - 완료: 아메리카노 (4개, 100.0%)
2025-07-16 06:06:01,751 - INFO - 수집: 에스프레소 (할당: 4개)
2025-07-16 06:06:02,151 - INFO - 완료: 에스프레소 (4개, 100.0%)
2025-07-16 06:06:02,503 - INFO - 수집: 카페라떼 (할당: 4개)
2025-07-16 06:06:02,886 - INFO - 완료: 카페라떼 (4개, 100.0%)
2025-07-16 06:06:03,108 - INFO - 수집: 허브티 (할당: 4개)
2025-07-16 06:06:03,444 - INFO - 완료: 허브티 (4개, 100.0%)
2025-07-16 06:06:03,765 - INFO - 수집: 치즈케이크 (할당: 4개)
2025-07-16 06:06:04,197 - INFO - 완료: 치즈케이크 (4개, 100.0%)
2025-07-16 06:06:04,533 - INFO - 수집: 초콜릿케이크 (할당: 4개)
2025-07-16 06:06:04,901 - INFO - 완료: 초콜릿케이크 (4개, 100.0%)
2025-07-16 06:06:05,222 - INFO - 수집: 생크림케이크 (할당: 4개)
2025-07-16 06:06:05,591 - INFO - 완료: 생크림케이크 (4개, 100.0%)
2025-07-16 06:06:05,846 - INFO - 수집: 크루아상 (할당: 4개)
2025-07-16 06:06:06,166 - INFO - 완료: 크루아상 (4개, 100.0%)
2025-07-16 06:06:06,616 - INFO - 수집: 베이글 (할당: 4개)
2025-07-16 06:06:06,969 - INFO - 완료: 베이글 (4개, 100.0%)
2025-07-16 06:06:07,241 - INFO - 수집: 쿠키 (할당: 4개)
2025-07-16 06:06:07,626 - INFO - 완료: 쿠키 (4개, 100.0%)
2025-07-16 06:06:08,121 - INFO - 수집: 김치볶음밥 (할당: 4개)
2025-07-16 06:06:08,488 - INFO - 완료: 김치볶음밥 (4개, 100.0%)
2025-07-16 06:06:09,001 - INFO - 수집: 무한리필 (할당: 4개)
2025-07-16 06:06:09,368 - INFO - 완료: 무한리필 (4개, 100.0%)
2025-07-16 06:06:09,624 - INFO - 수집: 샐러드바 (할당: 4개)
2025-07-16 06:06:10,006 - INFO - 완료: 샐러드바 (4개, 100.0%)
2025-07-16 06:06:10,438 - INFO - 수집: 호텔뷔페 (할당: 4개)
2025-07-16 06:06:10,889 - INFO - 완료: 호텔뷔페 (4개, 100.0%)
2025-07-16 06:06:11,281 - INFO - 3단계 완료: 총 7,664개 수집
2025-07-16 06:06:11,281 - INFO - 결과 저장 중...
2025-07-16 06:06:13,955 - INFO - 결과 저장 완료: menu_images_2025Q1_20250716_060611.xlsx
2025-07-16 06:52:23,281 - INFO - 설정 변경: 2025년 2분기, 목표 8,000개
2025-07-16 06:59:16,120 - INFO - 시스템 초기화 완료
2025-07-16 06:59:16,795 - INFO - 프로세스 시작
2025-07-16 06:59:16,803 - INFO - 인기도 분석 (뉴스+블로그) 시작
2025-07-16 06:59:16,818 - INFO - CSV 파일 로드: 138개 행
2025-07-16 06:59:16,856 - INFO - 메뉴 항목 생성: 381개
2025-07-16 06:59:16,858 - INFO - 분석: 제육볶음
2025-07-16 06:59:18,850 - INFO - 완료: 제육볶음 (점수: 0.00)
2025-07-16 06:59:19,274 - INFO - 분석: 매운제육볶음
2025-07-16 06:59:21,465 - INFO - 완료: 매운제육볶음 (점수: 6.67)
2025-07-16 06:59:21,960 - INFO - 분석: 두부제육볶음
2025-07-16 06:59:24,571 - INFO - 완료: 두부제육볶음 (점수: 160.10)
2025-07-16 06:59:24,965 - INFO - 분석: 된장찌개
2025-07-16 06:59:26,977 - INFO - 완료: 된장찌개 (점수: 0.00)
2025-07-16 06:59:27,298 - INFO - 분석: 김치찌개
2025-07-16 06:59:29,318 - INFO - 완료: 김치찌개 (점수: 0.00)
2025-07-16 06:59:29,794 - INFO - 분석: 청국장찌개
2025-07-16 06:59:30,063 - INFO - 설정 변경: 2025년 2분기, 목표 8,000개
2025-07-16 06:59:32,190 - INFO - 완료: 청국장찌개 (점수: 39.07)
2025-07-16 06:59:32,501 - INFO - 분석: 콩나물무침
2025-07-16 06:59:34,772 - INFO - 완료: 콩나물무침 (점수: 13.34)
2025-07-16 06:59:35,132 - INFO - 분석: 시금치나물
2025-07-16 06:59:38,293 - INFO - 완료: 시금치나물 (점수: 106.05)
2025-07-16 06:59:38,569 - INFO - 분석: 도라지무침
2025-07-16 06:59:41,589 - INFO - 완료: 도라지무침 (점수: 35.84)
2025-07-16 06:59:41,903 - INFO - 분석: 계란말이
2025-07-16 06:59:44,161 - INFO - 완료: 계란말이 (점수: 51.46)
2025-07-16 06:59:44,421 - INFO - 분석: 계란찜
2025-07-16 06:59:46,938 - INFO - 완료: 계란찜 (점수: 220.14)
2025-07-16 06:59:47,365 - INFO - 분석: 스크램블에그
2025-07-16 06:59:49,825 - INFO - 완료: 스크램블에그 (점수: 103.88)
2025-07-16 06:59:50,122 - INFO - 분석: 미역국
2025-07-16 06:59:52,483 - INFO - 완료: 미역국 (점수: 92.44)
2025-07-16 06:59:52,900 - INFO - 분석: 무국
2025-07-16 06:59:55,426 - INFO - 완료: 무국 (점수: 246.83)
2025-07-16 06:59:55,882 - INFO - 분석: 콩나물국
2025-07-16 06:59:58,128 - INFO - 완료: 콩나물국 (점수: 27.64)
2025-07-16 06:59:58,386 - INFO - 분석: 부대찌개
2025-07-16 07:00:01,134 - INFO - 완료: 부대찌개 (점수: 148.67)
2025-07-16 07:00:01,372 - INFO - 분석: 햄부대찌개
2025-07-16 07:00:04,052 - INFO - 완료: 햄부대찌개 (점수: 206.80)
2025-07-16 07:00:04,307 - INFO - 분석: 치즈부대찌개
2025-07-16 07:00:06,502 - INFO - 완료: 치즈부대찌개 (점수: 48.60)
2025-07-16 07:00:06,819 - INFO - 분석: 감자탕
2025-07-16 07:00:09,761 - INFO - 완료: 감자탕 (점수: 312.58)
2025-07-16 07:00:10,008 - INFO - 분석: 뼈해장국
2025-07-16 07:00:12,569 - INFO - 완료: 뼈해장국 (점수: 104.83)
2025-07-16 07:00:13,063 - INFO - 분석: 등뼈찜
2025-07-16 07:00:17,755 - INFO - 완료: 등뼈찜 (점수: 67.67)
2025-07-16 07:00:18,038 - INFO - 분석: 순두부찌개
2025-07-16 07:00:20,920 - INFO - 완료: 순두부찌개 (점수: 260.17)
2025-07-16 07:00:21,212 - INFO - 분석: 해물순두부찌개
2025-07-16 07:00:23,472 - INFO - 완료: 해물순두부찌개 (점수: 9.53)
2025-07-16 07:00:23,821 - INFO - 분석: 버섯순두부찌개
2025-07-16 07:00:26,032 - INFO - 완료: 버섯순두부찌개 (점수: 9.53)
2025-07-16 07:00:26,374 - INFO - 분석: 설렁탕
2025-07-16 07:00:28,793 - INFO - 완료: 설렁탕 (점수: 89.58)
2025-07-16 07:00:29,266 - INFO - 분석: 곰탕
2025-07-16 07:00:31,158 - INFO - 완료: 곰탕 (점수: 0.00)
2025-07-16 07:00:31,501 - INFO - 분석: 갈비탕
2025-07-16 07:00:34,086 - INFO - 완료: 갈비탕 (점수: 145.81)
2025-07-16 07:00:34,307 - INFO - 분석: 삼계탕
2025-07-16 07:00:36,120 - INFO - 완료: 삼계탕 (점수: 0.00)
2025-07-16 07:00:36,563 - WARNING - 콘텐츠 비율 불균형 감지: 실제 2.3:1, 기대 20.5:1
2025-07-16 07:00:36,643 - INFO - 콘텐츠 비율: 뉴스 2405, 블로그 1032 (비율 2.3:1)
2025-07-16 07:00:36,690 - INFO - 1단계 완료: 성공 23, 실패 0
2025-07-16 07:33:01,724 - INFO - 시스템 초기화 완료
2025-07-16 07:33:21,289 - INFO - 새 작업 초기화: 2025년 2분기
2025-07-16 07:33:28,843 - INFO - 프로세스 시작
2025-07-16 07:33:28,848 - INFO - 인기도 분석 (뉴스+블로그) 시작
2025-07-16 07:33:28,855 - INFO - CSV 파일 로드: 138개 행
2025-07-16 07:33:28,875 - INFO - 메뉴 항목 생성: 381개
2025-07-16 07:33:28,875 - INFO - 분석: 제육볶음
2025-07-16 07:33:31,422 - INFO - 완료: 제육볶음 (점수: 171.54)
2025-07-16 07:33:31,898 - INFO - 분석: 매운제육볶음
2025-07-16 07:33:34,442 - INFO - 완료: 매운제육볶음 (점수: 205.85)
2025-07-16 07:33:34,661 - INFO - 분석: 두부제육볶음
2025-07-16 07:33:36,873 - INFO - 완료: 두부제육볶음 (점수: 50.51)
2025-07-16 07:33:37,094 - INFO - 분석: 된장찌개
2025-07-16 07:33:39,820 - INFO - 완료: 된장찌개 (점수: 193.46)
2025-07-16 07:33:40,204 - INFO - 분석: 김치찌개
2025-07-16 07:33:42,723 - INFO - 완료: 김치찌개 (점수: 229.67)
2025-07-16 07:33:43,075 - INFO - 분석: 청국장찌개
2025-07-16 07:33:45,270 - INFO - 완료: 청국장찌개 (점수: 79.10)
2025-07-16 07:33:45,495 - INFO - 분석: 콩나물무침
2025-07-16 07:33:47,700 - INFO - 완료: 콩나물무침 (점수: 13.34)
2025-07-16 07:33:48,186 - INFO - 분석: 시금치나물
2025-07-16 07:33:51,291 - INFO - 완료: 시금치나물 (점수: 106.05)
2025-07-16 07:33:51,529 - INFO - 분석: 도라지무침
2025-07-16 07:33:54,500 - INFO - 완료: 도라지무침 (점수: 35.84)
2025-07-16 07:33:54,808 - INFO - 분석: 계란말이
2025-07-16 07:33:56,949 - INFO - 완료: 계란말이 (점수: 51.46)
2025-07-16 07:33:57,193 - INFO - 분석: 계란찜
2025-07-16 07:33:59,774 - INFO - 완료: 계란찜 (점수: 220.14)
2025-07-16 07:34:00,171 - INFO - 분석: 스크램블에그
2025-07-16 07:34:02,537 - INFO - 완료: 스크램블에그 (점수: 103.88)
2025-07-16 07:34:02,973 - INFO - 분석: 미역국
2025-07-16 07:34:05,708 - INFO - 완료: 미역국 (점수: 92.44)
2025-07-16 07:34:06,026 - INFO - 분석: 무국
2025-07-16 07:34:08,693 - INFO - 완료: 무국 (점수: 246.83)
2025-07-16 07:34:09,139 - INFO - 분석: 콩나물국
2025-07-16 07:34:11,403 - INFO - 완료: 콩나물국 (점수: 27.64)
2025-07-16 07:34:11,824 - INFO - 분석: 부대찌개
2025-07-16 07:34:14,297 - INFO - 완료: 부대찌개 (점수: 148.67)
2025-07-16 07:34:14,545 - INFO - 분석: 햄부대찌개
2025-07-16 07:34:17,258 - INFO - 완료: 햄부대찌개 (점수: 206.80)
2025-07-16 07:34:17,684 - INFO - 분석: 치즈부대찌개
2025-07-16 07:34:19,921 - INFO - 완료: 치즈부대찌개 (점수: 48.60)
2025-07-16 07:34:20,416 - INFO - 분석: 감자탕
2025-07-16 07:34:23,424 - INFO - 완료: 감자탕 (점수: 312.58)
2025-07-16 07:34:23,761 - INFO - 분석: 뼈해장국
2025-07-16 07:34:26,249 - INFO - 완료: 뼈해장국 (점수: 104.83)
2025-07-16 07:34:26,674 - INFO - 분석: 등뼈찜
2025-07-16 07:34:31,353 - INFO - 완료: 등뼈찜 (점수: 67.67)
2025-07-16 07:34:31,676 - INFO - 분석: 순두부찌개
2025-07-16 07:34:34,492 - INFO - 완료: 순두부찌개 (점수: 260.17)
2025-07-16 07:34:34,827 - INFO - 분석: 해물순두부찌개
2025-07-16 07:34:36,986 - INFO - 완료: 해물순두부찌개 (점수: 9.53)
2025-07-16 07:34:37,437 - INFO - 분석: 버섯순두부찌개
2025-07-16 07:34:39,642 - INFO - 완료: 버섯순두부찌개 (점수: 9.53)
2025-07-16 07:34:40,056 - INFO - 분석: 설렁탕
2025-07-16 07:34:42,522 - INFO - 완료: 설렁탕 (점수: 89.58)
2025-07-16 07:34:42,827 - INFO - 분석: 곰탕
2025-07-16 07:34:44,694 - INFO - 완료: 곰탕 (점수: 0.00)
2025-07-16 07:34:45,172 - INFO - 분석: 갈비탕
2025-07-16 07:34:47,656 - INFO - 완료: 갈비탕 (점수: 145.81)
2025-07-16 07:34:48,105 - INFO - 분석: 삼계탕
2025-07-16 07:34:49,971 - INFO - 완료: 삼계탕 (점수: 0.00)
2025-07-16 07:34:50,357 - INFO - 분석: 육개장
2025-07-16 07:34:52,823 - INFO - 완료: 육개장 (점수: 134.37)
2025-07-16 07:34:53,272 - INFO - 분석: 닭개장
2025-07-16 07:34:58,613 - INFO - 완료: 닭개장 (점수: 211.90)
2025-07-16 07:34:59,089 - INFO - 분석: 콩나물해장국
2025-07-16 07:35:01,322 - INFO - 완료: 콩나물해장국 (점수: 77.19)
2025-07-16 07:35:01,787 - INFO - 분석: 냉채족발
2025-07-16 07:35:04,660 - INFO - 완료: 냉채족발 (점수: 36.35)
2025-07-16 07:35:05,137 - INFO - 분석: 불족발
2025-07-16 07:35:08,120 - INFO - 완료: 불족발 (점수: 20.26)
2025-07-16 07:35:08,476 - INFO - 분석: 마늘족발
2025-07-16 07:35:10,726 - INFO - 완료: 마늘족발 (점수: 43.84)
2025-07-16 07:35:11,238 - INFO - 분석: 마늘보쌈
2025-07-16 07:35:14,687 - INFO - 완료: 마늘보쌈 (점수: 104.65)
2025-07-16 07:35:15,155 - INFO - 분석: 굴보쌈
2025-07-16 07:35:20,343 - INFO - 완료: 굴보쌈 (점수: 37.10)
2025-07-16 07:35:20,774 - INFO - 분석: 회보쌈
2025-07-16 07:35:23,762 - INFO - 완료: 회보쌈 (점수: 10.19)
2025-07-16 07:35:24,145 - INFO - 분석: 편육
2025-07-16 07:35:26,642 - INFO - 완료: 편육 (점수: 211.57)
2025-07-16 07:35:27,012 - INFO - 분석: 수육
2025-07-16 07:35:29,629 - INFO - 완료: 수육 (점수: 223.00)
2025-07-16 07:35:29,898 - INFO - 분석: 막국수
2025-07-16 07:35:31,853 - INFO - 완료: 막국수 (점수: 0.00)
2025-07-16 07:35:32,323 - INFO - 분석: 냉면
2025-07-16 07:35:34,329 - INFO - 완료: 냉면 (점수: 0.00)
2025-07-16 07:35:34,550 - INFO - 분석: 온면
2025-07-16 07:35:36,739 - INFO - 완료: 온면 (점수: 40.03)
2025-07-16 07:35:37,174 - INFO - 분석: 전복죽
2025-07-16 07:35:39,508 - INFO - 완료: 전복죽 (점수: 11.44)
2025-07-16 07:35:39,875 - INFO - 분석: 전복버터구이
2025-07-16 07:35:42,444 - INFO - 완료: 전복버터구이 (점수: 193.46)
2025-07-16 07:35:42,923 - INFO - 분석: 소고기야채죽
2025-07-16 07:35:45,550 - INFO - 완료: 소고기야채죽 (점수: 14.95)
2025-07-16 07:35:45,799 - INFO - 분석: 닭죽
2025-07-16 07:35:48,431 - INFO - 완료: 닭죽 (점수: 17.89)
2025-07-16 07:35:48,826 - INFO - 분석: 삼계죽
2025-07-16 07:35:53,435 - INFO - 완료: 삼계죽 (점수: 67.92)
2025-07-16 07:35:53,714 - INFO - 분석: 단호박죽
2025-07-16 07:35:56,233 - INFO - 완료: 단호박죽 (점수: 59.56)
2025-07-16 07:35:56,467 - INFO - 분석: 녹두죽
2025-07-16 07:36:01,176 - INFO - 완료: 녹두죽 (점수: 35.31)
2025-07-16 07:36:01,576 - INFO - 분석: 팥죽
2025-07-16 07:36:04,661 - INFO - 완료: 팥죽 (점수: 183.76)
2025-07-16 07:36:05,143 - INFO - 분석: 제육도시락
2025-07-16 07:36:07,699 - INFO - 완료: 제육도시락 (점수: 174.40)
2025-07-16 07:36:08,032 - INFO - 분석: 불고기도시락
2025-07-16 07:36:10,811 - INFO - 완료: 불고기도시락 (점수: 205.85)
2025-07-16 07:36:11,260 - INFO - 분석: 생선구이도시락
2025-07-16 07:36:15,796 - INFO - 완료: 생선구이도시락 (점수: 67.33)
2025-07-16 07:36:16,035 - INFO - 분석: 국물떡볶이
2025-07-16 07:36:19,307 - INFO - 완료: 국물떡볶이 (점수: 233.48)
2025-07-16 07:36:19,696 - INFO - 분석: 로제떡볶이
2025-07-16 07:36:21,829 - INFO - 완료: 로제떡볶이 (점수: 81.00)
2025-07-16 07:36:22,212 - INFO - 분석: 치즈떡볶이
2025-07-16 07:36:24,544 - INFO - 완료: 치즈떡볶이 (점수: 71.47)
2025-07-16 07:36:25,056 - INFO - 분석: 참치김밥
2025-07-16 07:36:27,922 - INFO - 완료: 참치김밥 (점수: 259.22)
2025-07-16 07:36:28,346 - INFO - 분석: 불고기김밥
2025-07-16 07:36:31,089 - INFO - 완료: 불고기김밥 (점수: 231.58)
2025-07-16 07:36:31,431 - INFO - 분석: 야채김밥
2025-07-16 07:36:34,032 - INFO - 완료: 야채김밥 (점수: 177.26)
2025-07-16 07:36:34,347 - INFO - 분석: 오징어튀김
2025-07-16 07:36:36,446 - INFO - 완료: 오징어튀김 (점수: 81.96)
2025-07-16 07:36:36,919 - INFO - 분석: 야채튀김
2025-07-16 07:36:39,443 - INFO - 완료: 야채튀김 (점수: 253.50)
2025-07-16 07:36:39,952 - INFO - 분석: 만두
2025-07-16 07:36:42,585 - INFO - 완료: 만두 (점수: 212.52)
2025-07-16 07:36:42,812 - INFO - 분석: 잔치국수
2025-07-16 07:36:45,628 - INFO - 완료: 잔치국수 (점수: 266.84)
2025-07-16 07:36:46,057 - INFO - 분석: 멸치국수
2025-07-16 07:36:48,564 - INFO - 완료: 멸치국수 (점수: 134.37)
2025-07-16 07:36:48,957 - INFO - 분석: 온면
2025-07-16 07:36:50,613 - INFO - 완료: 온면 (점수: 40.03)
2025-07-16 07:36:50,942 - INFO - 분석: 삼겹살
2025-07-16 07:36:52,867 - INFO - 완료: 삼겹살 (점수: 0.00)
2025-07-16 07:36:53,336 - INFO - 분석: 목살
2025-07-16 07:36:55,732 - INFO - 완료: 목살 (점수: 117.22)
2025-07-16 07:36:56,091 - INFO - 분석: 항정살
2025-07-16 07:36:58,862 - INFO - 완료: 항정살 (점수: 234.44)
2025-07-16 07:36:59,287 - INFO - 분석: LA갈비
2025-07-16 07:37:01,490 - INFO - 완료: LA갈비 (점수: 51.46)
2025-07-16 07:37:01,953 - INFO - 분석: 돼지갈비
2025-07-16 07:37:04,590 - INFO - 완료: 돼지갈비 (점수: 236.34)
2025-07-16 07:37:05,006 - INFO - 분석: 생갈비
2025-07-16 07:37:07,510 - INFO - 완료: 생갈비 (점수: 127.70)
2025-07-16 07:37:07,971 - INFO - 분석: 불고기
2025-07-16 07:37:09,889 - INFO - 완료: 불고기 (점수: 0.00)
2025-07-16 07:37:10,117 - INFO - 분석: 닭불고기
2025-07-16 07:37:12,652 - INFO - 완료: 닭불고기 (점수: 138.19)
2025-07-16 07:37:12,932 - INFO - 분석: 오징어불고기
2025-07-16 07:37:15,993 - INFO - 완료: 오징어불고기 (점수: 231.58)
2025-07-16 07:37:16,313 - INFO - 분석: 닭갈비
2025-07-16 07:37:18,858 - INFO - 완료: 닭갈비 (점수: 161.06)
2025-07-16 07:37:19,338 - INFO - 분석: 닭발
2025-07-16 07:37:21,681 - INFO - 완료: 닭발 (점수: 130.56)
2025-07-16 07:37:22,043 - INFO - 분석: 찜닭
2025-07-16 07:37:24,398 - INFO - 완료: 찜닭 (점수: 73.38)
2025-07-16 07:37:24,664 - INFO - 분석: 고등어구이
2025-07-16 07:37:26,980 - INFO - 완료: 고등어구이 (점수: 48.60)
2025-07-16 07:37:27,374 - INFO - 분석: 갈치구이
2025-07-16 07:37:30,179 - INFO - 완료: 갈치구이 (점수: 228.72)
2025-07-16 07:37:30,561 - INFO - 분석: 삼치구이
2025-07-16 07:37:33,749 - INFO - 완료: 삼치구이 (점수: 125.99)
2025-07-16 07:37:34,240 - INFO - 분석: 조기구이
2025-07-16 07:37:37,949 - INFO - 완료: 조기구이 (점수: 245.35)
2025-07-16 07:37:38,296 - INFO - 분석: 아귀찜
2025-07-16 07:37:41,095 - INFO - 완료: 아귀찜 (점수: 58.18)
2025-07-16 07:37:41,446 - INFO - 분석: 대게찜
2025-07-16 07:37:46,432 - INFO - 완료: 대게찜 (점수: 47.72)
2025-07-16 07:37:46,933 - INFO - 분석: 킹크랩
2025-07-16 07:37:50,248 - INFO - 완료: 킹크랩 (점수: 271.27)
2025-07-16 07:37:50,675 - INFO - 분석: 생선회
2025-07-16 07:37:52,923 - INFO - 완료: 생선회 (점수: 27.64)
2025-07-16 07:37:53,278 - INFO - 분석: 물회
2025-07-16 07:37:55,798 - INFO - 완료: 물회 (점수: 208.71)
2025-07-16 07:37:56,269 - INFO - 분석: 회덮밥
2025-07-16 07:37:58,803 - INFO - 완료: 회덮밥 (점수: 103.88)
2025-07-16 07:37:59,212 - INFO - 분석: 조개구이
2025-07-16 07:38:02,063 - INFO - 완료: 조개구이 (점수: 204.89)
2025-07-16 07:38:02,332 - INFO - 분석: 키조개
2025-07-16 07:38:05,040 - INFO - 완료: 키조개 (점수: 217.28)
2025-07-16 07:38:05,488 - INFO - 분석: 가리비
2025-07-16 07:38:08,624 - INFO - 완료: 가리비 (점수: 255.40)
2025-07-16 07:38:08,885 - INFO - 분석: 파전
2025-07-16 07:38:11,856 - INFO - 완료: 파전 (점수: 246.83)
2025-07-16 07:38:12,196 - INFO - 분석: 김치전
2025-07-16 07:38:14,319 - INFO - 완료: 김치전 (점수: 38.12)
2025-07-16 07:38:14,552 - INFO - 분석: 해물전
2025-07-16 07:38:19,186 - INFO - 완료: 해물전 (점수: 57.29)
2025-07-16 07:38:19,576 - INFO - 분석: 골뱅이무침
2025-07-16 07:38:21,739 - INFO - 완료: 골뱅이무침 (점수: 69.57)
2025-07-16 07:38:22,175 - INFO - 분석: 오징어무침
2025-07-16 07:38:25,066 - INFO - 완료: 오징어무침 (점수: 233.48)
2025-07-16 07:38:25,480 - INFO - 분석: 멍게무침
2025-07-16 07:38:28,411 - INFO - 완료: 멍게무침 (점수: 56.28)
2025-07-16 07:38:28,809 - INFO - 분석: 곱창
2025-07-16 07:38:31,303 - INFO - 완료: 곱창 (점수: 168.68)
2025-07-16 07:38:31,645 - INFO - 분석: 막창
2025-07-16 07:38:34,766 - INFO - 완료: 막창 (점수: 360.23)
2025-07-16 07:38:35,206 - INFO - 분석: 순대
2025-07-16 07:38:37,718 - INFO - 완료: 순대 (점수: 235.39)
2025-07-16 07:38:38,016 - INFO - 분석: 마른오징어
2025-07-16 07:38:41,455 - INFO - 완료: 마른오징어 (점수: 146.00)
2025-07-16 07:38:41,813 - INFO - 분석: 육포
2025-07-16 07:38:43,920 - INFO - 완료: 육포 (점수: 11.44)
2025-07-16 07:38:44,327 - INFO - 분석: 땅콩
2025-07-16 07:38:46,849 - INFO - 완료: 땅콩 (점수: 111.50)
2025-07-16 07:38:47,133 - INFO - 분석: 신라면
2025-07-16 07:38:49,523 - INFO - 완료: 신라면 (점수: 138.19)
2025-07-16 07:38:49,865 - INFO - 분석: 너구리
2025-07-16 07:38:52,226 - INFO - 완료: 너구리 (점수: 128.66)
2025-07-16 07:38:52,737 - INFO - 분석: 짜파게티
2025-07-16 07:38:55,691 - INFO - 완료: 짜파게티 (점수: 318.30)
2025-07-16 07:38:56,097 - INFO - 분석: 컵라면
2025-07-16 07:38:58,553 - INFO - 완료: 컵라면 (점수: 111.50)
2025-07-16 07:38:58,788 - INFO - 분석: 용기면
2025-07-16 07:39:04,355 - INFO - 완료: 용기면 (점수: 226.24)
2025-07-16 07:39:04,714 - INFO - 분석: 생라면
2025-07-16 07:39:10,706 - INFO - 완료: 생라면 (점수: 47.65)
2025-07-16 07:39:10,986 - INFO - 분석: 쫄면
2025-07-16 07:39:13,328 - INFO - 완료: 쫄면 (점수: 160.10)
2025-07-16 07:39:13,746 - INFO - 분석: 냉라면
2025-07-16 07:39:18,652 - INFO - 완료: 냉라면 (점수: 66.00)
2025-07-16 07:39:19,159 - INFO - 분석: 라멘
2025-07-16 07:39:21,695 - INFO - 완료: 라멘 (점수: 233.48)
2025-07-16 07:39:22,161 - INFO - 분석: 우동
2025-07-16 07:39:25,828 - INFO - 완료: 우동 (점수: 245.87)
2025-07-16 07:39:26,249 - INFO - 분석: 소바
2025-07-16 07:39:29,301 - INFO - 완료: 소바 (점수: 320.21)
2025-07-16 07:39:29,686 - INFO - 분석: 짜장면
2025-07-16 07:39:32,210 - INFO - 완료: 짜장면 (점수: 226.81)
2025-07-16 07:39:32,698 - INFO - 분석: 삼선짜장
2025-07-16 07:39:35,583 - INFO - 완료: 삼선짜장 (점수: 31.06)
2025-07-16 07:39:35,951 - INFO - 분석: 유니짜장
2025-07-16 07:39:39,151 - INFO - 완료: 유니짜장 (점수: 106.14)
2025-07-16 07:39:39,390 - INFO - 분석: 짬뽕
2025-07-16 07:39:42,364 - INFO - 완료: 짬뽕 (점수: 232.53)
2025-07-16 07:39:42,667 - INFO - 분석: 삼선짬뽕
2025-07-16 07:39:45,649 - INFO - 완료: 삼선짬뽕 (점수: 56.28)
2025-07-16 07:39:46,091 - INFO - 분석: 고추짬뽕
2025-07-16 07:39:48,567 - INFO - 완료: 고추짬뽕 (점수: 137.23)
2025-07-16 07:39:48,998 - INFO - 분석: 볶음짬뽕
2025-07-16 07:39:51,880 - INFO - 완료: 볶음짬뽕 (점수: 267.79)
2025-07-16 07:39:52,149 - INFO - 분석: 간짜장
2025-07-16 07:39:54,511 - INFO - 완료: 간짜장 (점수: 142.95)
2025-07-16 07:39:55,035 - INFO - 분석: 유니볶음면
2025-07-16 07:40:00,589 - INFO - 완료: 유니볶음면 (점수: 33.52)
2025-07-16 07:40:01,064 - INFO - 분석: 냉짬뽕
2025-07-16 07:40:03,913 - INFO - 완료: 냉짬뽕 (점수: 38.18)
2025-07-16 07:40:04,419 - INFO - 분석: 비빔냉면
2025-07-16 07:40:06,821 - INFO - 완료: 비빔냉면 (점수: 99.11)
2025-07-16 07:40:07,123 - INFO - 분석: 물냉면
2025-07-16 07:40:09,581 - INFO - 완료: 물냉면 (점수: 102.92)
2025-07-16 07:40:09,913 - INFO - 분석: 새우볶음밥
2025-07-16 07:48:16,946 - INFO - 완료: 새우볶음밥 (점수: 287.81)
2025-07-16 07:48:17,256 - INFO - 분석: 계란볶음밥
2025-07-16 07:48:20,722 - INFO - 완료: 계란볶음밥 (점수: 256.36)
2025-07-16 07:48:21,052 - INFO - 분석: 차돌볶음밥
2025-07-16 07:48:23,220 - INFO - 완료: 차돌볶음밥 (점수: 34.31)
2025-07-16 07:48:23,478 - INFO - 분석: 잡채밥
2025-07-16 07:48:26,611 - INFO - 완료: 잡채밥 (점수: 97.91)
2025-07-16 07:48:27,022 - INFO - 분석: 마파두부밥
2025-07-16 07:48:30,042 - INFO - 완료: 마파두부밥 (점수: 48.33)
2025-07-16 07:48:30,436 - INFO - 분석: 유산슬밥
2025-07-16 07:48:33,056 - INFO - 완료: 유산슬밥 (점수: 8.77)
2025-07-16 07:48:33,504 - INFO - 분석: 해물볶음밥
2025-07-16 07:48:36,299 - INFO - 완료: 해물볶음밥 (점수: 136.28)
2025-07-16 07:48:36,595 - INFO - 분석: 오징어볶음밥
2025-07-16 07:48:39,174 - INFO - 완료: 오징어볶음밥 (점수: 162.01)
2025-07-16 07:48:39,507 - INFO - 분석: 산라탕
2025-07-16 07:48:45,663 - INFO - 완료: 산라탕 (점수: 24.73)
2025-07-16 07:48:45,959 - INFO - 분석: 계란탕
2025-07-16 07:48:48,767 - INFO - 완료: 계란탕 (점수: 43.90)
2025-07-16 07:48:49,207 - INFO - 분석: 옥수수탕
2025-07-16 07:48:51,267 - INFO - 완료: 옥수수탕 (점수: 2.40)
2025-07-16 07:48:51,753 - INFO - 분석: 어향탕
2025-07-16 07:48:53,592 - INFO - 완료: 어향탕 (점수: 7.66)
2025-07-16 07:48:54,069 - INFO - 분석: 해물탕
2025-07-16 07:48:56,520 - INFO - 완료: 해물탕 (점수: 104.83)
2025-07-16 07:48:56,925 - INFO - 분석: 완자탕
2025-07-16 07:49:03,652 - INFO - 완료: 완자탕 (점수: 35.12)
2025-07-16 07:49:04,102 - INFO - 분석: 탕수육
2025-07-16 07:49:06,647 - INFO - 완료: 탕수육 (점수: 197.27)
2025-07-16 07:49:06,881 - INFO - 분석: 새콤달콤탕수육
2025-07-16 07:49:09,588 - INFO - 완료: 새콤달콤탕수육 (점수: 8.55)
2025-07-16 07:49:09,992 - INFO - 분석: 깐풍기
2025-07-16 07:49:12,356 - INFO - 완료: 깐풍기 (점수: 149.62)
2025-07-16 07:49:12,662 - INFO - 분석: 라조기
2025-07-16 07:49:17,857 - INFO - 완료: 라조기 (점수: 39.38)
2025-07-16 07:49:18,355 - INFO - 분석: 깐쇼새우
2025-07-16 07:49:21,471 - INFO - 완료: 깐쇼새우 (점수: 83.30)
2025-07-16 07:49:21,920 - INFO - 분석: 마요새우
2025-07-16 07:49:24,404 - INFO - 완료: 마요새우 (점수: 135.33)
2025-07-16 07:49:24,856 - INFO - 분석: 칠리새우
2025-07-16 07:49:27,306 - INFO - 완료: 칠리새우 (점수: 119.12)
2025-07-16 07:49:27,740 - INFO - 분석: 유린기
2025-07-16 07:49:30,117 - INFO - 완료: 유린기 (점수: 168.68)
2025-07-16 07:49:30,332 - INFO - 분석: 깐풍새우
2025-07-16 07:49:33,187 - INFO - 완료: 깐풍새우 (점수: 60.31)
2025-07-16 07:49:33,546 - INFO - 분석: 깐풍오징어
2025-07-16 07:49:39,609 - INFO - 완료: 깐풍오징어 (점수: 51.14)
2025-07-16 07:49:39,930 - INFO - 분석: 마라탕
2025-07-16 07:49:42,452 - INFO - 완료: 마라탕 (점수: 39.07)
2025-07-16 07:49:42,975 - INFO - 분석: 마라샹궈
2025-07-16 07:49:45,435 - INFO - 완료: 마라샹궈 (점수: 94.35)
2025-07-16 07:49:45,750 - INFO - 분석: 훠궈
2025-07-16 07:49:48,209 - INFO - 완료: 훠궈 (점수: 104.83)
2025-07-16 07:49:48,530 - INFO - 분석: 탄탄면
2025-07-16 07:49:51,666 - INFO - 완료: 탄탄면 (점수: 149.01)
2025-07-16 07:49:52,012 - INFO - 분석: 마라면
2025-07-16 07:49:56,599 - INFO - 완료: 마라면 (점수: 14.10)
2025-07-16 07:49:57,086 - INFO - 분석: 사천면
2025-07-16 07:50:02,534 - INFO - 완료: 사천면 (점수: 188.06)
2025-07-16 07:50:02,961 - INFO - 분석: 마라룽샤
2025-07-16 07:50:09,285 - INFO - 완료: 마라룽샤 (점수: 34.57)
2025-07-16 07:50:09,630 - INFO - 분석: 마라두부
2025-07-16 07:50:12,258 - INFO - 완료: 마라두부 (점수: 149.62)
2025-07-16 07:50:12,742 - INFO - 분석: 마라닭발
2025-07-16 07:50:14,904 - INFO - 완료: 마라닭발 (점수: 10.48)
2025-07-16 07:50:15,360 - INFO - 분석: 군만두
2025-07-16 07:50:18,156 - INFO - 완료: 군만두 (점수: 265.89)
2025-07-16 07:50:18,495 - INFO - 분석: 물만두
2025-07-16 07:50:20,680 - INFO - 완료: 물만두 (점수: 83.86)
2025-07-16 07:50:21,173 - INFO - 분석: 왕만두
2025-07-16 07:50:23,813 - INFO - 완료: 왕만두 (점수: 196.32)
2025-07-16 07:50:24,325 - INFO - 분석: 샤오롱바오
2025-07-16 07:50:26,774 - INFO - 완료: 샤오롱바오 (점수: 30.50)
2025-07-16 07:50:27,210 - INFO - 분석: 하가우
2025-07-16 07:50:30,177 - INFO - 완료: 하가우 (점수: 41.02)
2025-07-16 07:50:30,499 - INFO - 분석: 슈마이
2025-07-16 07:50:36,168 - INFO - 완료: 슈마이 (점수: 42.29)
2025-07-16 07:50:36,482 - INFO - 분석: 짬짜면
2025-07-16 07:50:40,825 - INFO - 완료: 짬짜면 (점수: 35.98)
2025-07-16 07:50:41,276 - INFO - 분석: 탕짜면
2025-07-16 07:50:47,694 - INFO - 완료: 탕짜면 (점수: 32.93)
2025-07-16 07:50:48,131 - INFO - 분석: 우짬탕
2025-07-16 07:50:49,644 - INFO - 완료: 우짬탕 (점수: 0.19)
2025-07-16 07:50:49,884 - INFO - 분석: 볶음밥+탕수육
2025-07-16 07:50:52,338 - INFO - 완료: 볶음밥+탕수육 (점수: 108.64)
2025-07-16 07:50:52,745 - INFO - 분석: 덮밥세트
2025-07-16 07:50:54,948 - INFO - 완료: 덮밥세트 (점수: 15.25)
2025-07-16 07:50:55,363 - INFO - 분석: 연어초밥
2025-07-16 07:50:58,215 - INFO - 완료: 연어초밥 (점수: 261.12)
2025-07-16 07:50:58,694 - INFO - 분석: 참치초밥
2025-07-16 07:51:01,248 - INFO - 완료: 참치초밥 (점수: 193.46)
2025-07-16 07:51:01,597 - INFO - 분석: 장어초밥
2025-07-16 07:51:03,938 - INFO - 완료: 장어초밥 (점수: 11.44)
2025-07-16 07:51:04,396 - INFO - 분석: 참치사시미
2025-07-16 07:51:06,661 - INFO - 완료: 참치사시미 (점수: 33.35)
2025-07-16 07:51:06,982 - INFO - 분석: 연어사시미
2025-07-16 07:51:09,278 - INFO - 완료: 연어사시미 (점수: 35.26)
2025-07-16 07:51:09,632 - INFO - 분석: 모둠사시미
2025-07-16 07:51:11,898 - INFO - 완료: 모둠사시미 (점수: 10.48)
2025-07-16 07:51:12,137 - INFO - 분석: 연어덮밥
2025-07-16 07:51:14,399 - INFO - 완료: 연어덮밥 (점수: 65.76)
2025-07-16 07:51:14,748 - INFO - 분석: 장어덮밥
2025-07-16 07:51:16,966 - INFO - 완료: 장어덮밥 (점수: 49.56)
2025-07-16 07:51:17,219 - INFO - 분석: 김밥롤
2025-07-16 07:51:19,610 - INFO - 완료: 김밥롤 (점수: 15.60)
2025-07-16 07:51:20,015 - INFO - 분석: 캘리포니아롤
2025-07-16 07:51:23,967 - INFO - 완료: 캘리포니아롤 (점수: 96.81)
2025-07-16 07:51:24,330 - INFO - 분석: 필라델피아롤
2025-07-16 07:51:29,113 - INFO - 완료: 필라델피아롤 (점수: 35.95)
2025-07-16 07:51:29,564 - INFO - 분석: 돈코츠라멘
2025-07-16 07:51:32,103 - INFO - 완료: 돈코츠라멘 (점수: 275.42)
2025-07-16 07:51:32,575 - INFO - 분석: 차슈라멘
2025-07-16 07:51:34,996 - INFO - 완료: 차슈라멘 (점수: 131.51)
2025-07-16 07:51:35,445 - INFO - 분석: 미소라멘
2025-07-16 07:51:39,190 - INFO - 완료: 미소라멘 (점수: 87.26)
2025-07-16 07:51:39,578 - INFO - 분석: 쇼유라멘
2025-07-16 07:51:43,964 - INFO - 완료: 쇼유라멘 (점수: 65.13)
2025-07-16 07:51:44,380 - INFO - 분석: 시오라멘
2025-07-16 07:51:47,936 - INFO - 완료: 시오라멘 (점수: 46.75)
2025-07-16 07:51:48,267 - INFO - 분석: 맑은라멘
2025-07-16 07:51:53,144 - INFO - 완료: 맑은라멘 (점수: 44.84)
2025-07-16 07:51:53,594 - INFO - 분석: 매운라멘
2025-07-16 07:51:56,062 - INFO - 완료: 매운라멘 (점수: 106.74)
2025-07-16 07:51:56,530 - INFO - 분석: 마제소바
2025-07-16 07:51:58,994 - INFO - 완료: 마제소바 (점수: 125.80)
2025-07-16 07:51:59,337 - INFO - 분석: 매운미소
2025-07-16 07:52:01,952 - INFO - 완료: 매운미소 (점수: 198.22)
2025-07-16 07:52:02,221 - INFO - 분석: 츠케멘
2025-07-16 07:52:04,377 - INFO - 완료: 츠케멘 (점수: 28.59)
2025-07-16 07:52:04,733 - INFO - 분석: 아부라소바
2025-07-16 07:52:07,629 - INFO - 완료: 아부라소바 (점수: 15.39)
2025-07-16 07:52:07,857 - INFO - 분석: 탄탄멘
2025-07-16 07:52:10,778 - INFO - 완료: 탄탄멘 (점수: 35.35)
2025-07-16 07:52:11,056 - INFO - 분석: 가츠동
2025-07-16 07:52:13,977 - INFO - 완료: 가츠동 (점수: 13.62)
2025-07-16 07:52:14,396 - INFO - 분석: 규동
2025-07-16 07:52:16,851 - INFO - 완료: 규동 (점수: 92.44)
2025-07-16 07:52:17,346 - INFO - 분석: 오야코동
2025-07-16 07:52:23,096 - INFO - 완료: 오야코동 (점수: 27.16)
2025-07-16 07:52:23,373 - INFO - 분석: 텐동
2025-07-16 07:52:25,513 - INFO - 완료: 텐동 (점수: 31.45)
2025-07-16 07:52:25,740 - INFO - 분석: 가케우동
2025-07-16 07:52:32,114 - INFO - 완료: 가케우동 (점수: 31.55)
2025-07-16 07:52:32,357 - INFO - 분석: 텐푸라우동
2025-07-16 07:52:38,668 - INFO - 완료: 텐푸라우동 (점수: 27.12)
2025-07-16 07:52:39,006 - INFO - 분석: 카레우동
2025-07-16 07:52:41,175 - INFO - 완료: 카레우동 (점수: 74.33)
2025-07-16 07:52:41,406 - INFO - 분석: 자루소바
2025-07-16 07:52:44,358 - INFO - 완료: 자루소바 (점수: 42.20)
2025-07-16 07:52:44,801 - INFO - 분석: 온소바
2025-07-16 07:52:47,387 - INFO - 완료: 온소바 (점수: 168.68)
2025-07-16 07:52:47,864 - INFO - 분석: 메밀소바
2025-07-16 07:52:50,624 - INFO - 완료: 메밀소바 (점수: 267.79)
2025-07-16 07:52:50,859 - INFO - 분석: 돈까스
2025-07-16 07:52:53,380 - INFO - 완료: 돈까스 (점수: 177.26)
2025-07-16 07:52:53,788 - INFO - 분석: 치킨가츠
2025-07-16 07:52:59,772 - INFO - 완료: 치킨가츠 (점수: 33.15)
2025-07-16 07:53:00,281 - INFO - 분석: 생선까스
2025-07-16 07:53:03,249 - INFO - 완료: 생선까스 (점수: 12.82)
2025-07-16 07:53:03,685 - INFO - 분석: 새우텐푸라
2025-07-16 07:53:09,504 - INFO - 완료: 새우텐푸라 (점수: 28.59)
2025-07-16 07:53:09,776 - INFO - 분석: 야채텐푸라
2025-07-16 07:53:14,828 - INFO - 완료: 야채텐푸라 (점수: 15.70)
2025-07-16 07:53:15,140 - INFO - 분석: 모둠텐푸라
2025-07-16 07:53:17,557 - INFO - 완료: 모둠텐푸라 (점수: 4.70)
2025-07-16 07:53:17,776 - INFO - 분석: 가라아게
2025-07-16 07:53:20,248 - INFO - 완료: 가라아게 (점수: 151.53)
2025-07-16 07:53:20,654 - INFO - 분석: 치킨가라아게
2025-07-16 07:53:23,195 - INFO - 완료: 치킨가라아게 (점수: 86.15)
2025-07-16 07:53:23,570 - INFO - 분석: 닭튀김
2025-07-16 07:53:26,088 - INFO - 완료: 닭튀김 (점수: 97.21)
2025-07-16 07:53:26,486 - INFO - 분석: 야키니쿠
2025-07-16 07:53:28,719 - INFO - 완료: 야키니쿠 (점수: 84.82)
2025-07-16 07:53:28,943 - INFO - 분석: 구이고기
2025-07-16 07:53:31,760 - INFO - 완료: 구이고기 (점수: 224.91)
2025-07-16 07:53:32,190 - INFO - 분석: 샤브샤브
2025-07-16 07:53:34,967 - INFO - 완료: 샤브샤브 (점수: 104.83)
2025-07-16 07:53:35,400 - INFO - 분석: 스키야키
2025-07-16 07:53:37,862 - INFO - 완료: 스키야키 (점수: 141.04)
2025-07-16 07:53:38,191 - INFO - 분석: 나베
2025-07-16 07:53:40,758 - INFO - 완료: 나베 (점수: 223.95)
2025-07-16 07:53:41,043 - INFO - 분석: 오코노미야키
2025-07-16 07:53:44,311 - INFO - 완료: 오코노미야키 (점수: 125.08)
2025-07-16 07:53:44,559 - INFO - 분석: 야키소바
2025-07-16 07:53:47,609 - INFO - 완료: 야키소바 (점수: 95.83)
2025-07-16 07:53:47,877 - INFO - 분석: 타코야키
2025-07-16 07:53:50,056 - INFO - 완료: 타코야키 (점수: 52.41)
2025-07-16 07:53:50,489 - INFO - 분석: 까르보나라
2025-07-16 07:53:52,909 - INFO - 완료: 까르보나라 (점수: 146.76)
2025-07-16 07:53:53,225 - INFO - 분석: 알리오올리오
2025-07-16 07:53:55,632 - INFO - 완료: 알리오올리오 (점수: 72.43)
2025-07-16 07:53:55,908 - INFO - 분석: 아라비아따
2025-07-16 07:54:00,429 - INFO - 완료: 아라비아따 (점수: 43.98)
2025-07-16 07:54:00,644 - INFO - 분석: 마르게리타
2025-07-16 07:54:03,778 - INFO - 완료: 마르게리타 (점수: 108.64)
2025-07-16 07:54:04,285 - INFO - 분석: 하와이안
2025-07-16 07:54:07,360 - INFO - 완료: 하와이안 (점수: 244.92)
2025-07-16 07:54:07,851 - INFO - 분석: 해물리조또
2025-07-16 07:54:10,887 - INFO - 완료: 해물리조또 (점수: 16.23)
2025-07-16 07:54:11,191 - INFO - 분석: 버섯리조또
2025-07-16 07:54:13,580 - INFO - 완료: 버섯리조또 (점수: 94.35)
2025-07-16 07:54:13,973 - INFO - 분석: 치즈리조또
2025-07-16 07:54:16,948 - INFO - 완료: 치즈리조또 (점수: 86.72)
2025-07-16 07:54:17,202 - INFO - 분석: 라자냐
2025-07-16 07:54:19,891 - INFO - 완료: 라자냐 (점수: 224.91)
2025-07-16 07:54:20,194 - INFO - 분석: 베이크드파스타
2025-07-16 07:54:26,541 - INFO - 완료: 베이크드파스타 (점수: 39.61)
2025-07-16 07:54:26,846 - INFO - 분석: 그라탱
2025-07-16 07:54:31,517 - INFO - 완료: 그라탱 (점수: 54.54)
2025-07-16 07:54:31,972 - INFO - 분석: 립아이
2025-07-16 08:23:49,135 - INFO - 완료: 립아이 (점수: 166.06)
2025-07-16 08:23:49,560 - INFO - 분석: 등심
2025-07-16 08:23:53,261 - INFO - 완료: 등심 (점수: 205.85)
2025-07-16 08:23:53,661 - INFO - 분석: 안심
2025-07-16 08:23:55,801 - INFO - 완료: 안심 (점수: 0.00)
2025-07-16 08:23:56,036 - INFO - 분석: 스테이크와감자
2025-07-16 08:23:59,081 - INFO - 완료: 스테이크와감자 (점수: 259.22)
2025-07-16 08:23:59,338 - INFO - 분석: 스테이크와샐러드
2025-07-16 08:24:02,443 - INFO - 완료: 스테이크와샐러드 (점수: 113.41)
2025-07-16 08:24:02,671 - INFO - 분석: 크로크무슈
2025-07-16 08:24:07,162 - INFO - 완료: 크로크무슈 (점수: 87.55)
2025-07-16 08:24:07,478 - INFO - 분석: 크로크마담
2025-07-16 08:24:11,233 - INFO - 완료: 크로크마담 (점수: 13.39)
2025-07-16 08:24:11,472 - INFO - 분석: 양파수프
2025-07-16 08:24:14,713 - INFO - 완료: 양파수프 (점수: 92.33)
2025-07-16 08:24:15,178 - INFO - 분석: 크림수프
2025-07-16 08:24:17,759 - INFO - 완료: 크림수프 (점수: 179.16)
2025-07-16 08:24:18,145 - INFO - 분석: 와퍼
2025-07-16 08:24:22,414 - INFO - 완료: 와퍼 (점수: 279.97)
2025-07-16 08:24:22,781 - INFO - 분석: 치즈버거
2025-07-16 08:24:25,310 - INFO - 완료: 치즈버거 (점수: 99.11)
2025-07-16 08:24:25,635 - INFO - 분석: 베이컨버거
2025-07-16 08:24:28,507 - INFO - 완료: 베이컨버거 (점수: 210.61)
2025-07-16 08:24:28,850 - INFO - 분석: 클램차우더
2025-07-16 08:24:33,987 - INFO - 완료: 클램차우더 (점수: 124.55)
2025-07-16 08:24:34,432 - INFO - 분석: 치킨수프
2025-07-16 08:24:37,272 - INFO - 완료: 치킨수프 (점수: 245.34)
2025-07-16 08:24:37,651 - INFO - 분석: 바비큐립
2025-07-16 08:24:42,183 - INFO - 완료: 바비큐립 (점수: 57.11)
2025-07-16 08:24:42,585 - INFO - 분석: 풀드포크
2025-07-16 08:24:47,235 - INFO - 완료: 풀드포크 (점수: 204.32)
2025-07-16 08:24:47,666 - INFO - 분석: 브리스킷
2025-07-16 08:24:52,645 - INFO - 완료: 브리스킷 (점수: 57.13)
2025-07-16 08:24:53,019 - INFO - 분석: 타코
2025-07-16 08:24:55,182 - INFO - 완료: 타코 (점수: 76.24)
2025-07-16 08:24:55,457 - INFO - 분석: 부리또
2025-07-16 08:24:57,940 - INFO - 완료: 부리또 (점수: 225.86)
2025-07-16 08:24:58,385 - INFO - 분석: 나초
2025-07-16 08:25:00,613 - INFO - 완료: 나초 (점수: 4.76)
2025-07-16 08:25:00,923 - INFO - 분석: 케사디아
2025-07-16 08:25:05,238 - INFO - 완료: 케사디아 (점수: 11.30)
2025-07-16 08:25:05,540 - INFO - 분석: 엔칠라다
2025-07-16 08:25:09,938 - INFO - 완료: 엔칠라다 (점수: 45.97)
2025-07-16 08:25:10,176 - INFO - 분석: 파히타
2025-07-16 08:25:13,071 - INFO - 완료: 파히타 (점수: 18.43)
2025-07-16 08:25:13,548 - INFO - 분석: 감자튀김
2025-07-16 08:25:15,997 - INFO - 완료: 감자튀김 (점수: 77.19)
2025-07-16 08:25:16,389 - INFO - 분석: 소시지
2025-07-16 08:25:18,761 - INFO - 완료: 소시지 (점수: 114.36)
2025-07-16 08:25:19,280 - INFO - 분석: 피쉬앤칩스
2025-07-16 08:25:22,201 - INFO - 완료: 피쉬앤칩스 (점수: 21.00)
2025-07-16 08:25:22,539 - INFO - 분석: 생선튀김
2025-07-16 08:25:25,598 - INFO - 완료: 생선튀김 (점수: 267.79)
2025-07-16 08:25:25,956 - INFO - 분석: 에그베네딕트
2025-07-16 08:25:28,845 - INFO - 완료: 에그베네딕트 (점수: 54.75)
2025-07-16 08:25:29,270 - INFO - 분석: 스크램블
2025-07-16 08:25:31,510 - INFO - 완료: 스크램블 (점수: 36.21)
2025-07-16 08:25:31,983 - INFO - 분석: 오믈렛
2025-07-16 08:25:34,735 - INFO - 완료: 오믈렛 (점수: 238.25)
2025-07-16 08:25:35,058 - INFO - 분석: 팬케이크
2025-07-16 08:25:37,482 - INFO - 완료: 팬케이크 (점수: 64.80)
2025-07-16 08:25:37,743 - INFO - 분석: 프렌치토스트
2025-07-16 08:25:40,227 - INFO - 완료: 프렌치토스트 (점수: 221.10)
2025-07-16 08:25:40,494 - INFO - 분석: 시저샐러드
2025-07-16 08:25:43,030 - INFO - 완료: 시저샐러드 (점수: 179.16)
2025-07-16 08:25:43,407 - INFO - 분석: 코브샐러드
2025-07-16 08:25:47,488 - INFO - 완료: 코브샐러드 (점수: 15.21)
2025-07-16 08:25:47,839 - INFO - 분석: 양꼬치
2025-07-16 08:25:50,317 - INFO - 완료: 양꼬치 (점수: 154.39)
2025-07-16 08:25:50,690 - INFO - 분석: 꼬치구이
2025-07-16 08:25:52,944 - INFO - 완료: 꼬치구이 (점수: 58.13)
2025-07-16 08:25:53,322 - INFO - 분석: 바베큐
2025-07-16 08:25:56,087 - INFO - 완료: 바베큐 (점수: 223.00)
2025-07-16 08:25:56,440 - INFO - 분석: 딤섬
2025-07-16 08:25:58,902 - INFO - 완료: 딤섬 (점수: 89.58)
2025-07-16 08:25:59,258 - INFO - 분석: 찜 요리
2025-07-16 08:26:01,806 - INFO - 완료: 찜 요리 (점수: 223.00)
2025-07-16 08:26:02,317 - INFO - 분석: 쌀국수
2025-07-16 08:26:04,910 - INFO - 완료: 쌀국수 (점수: 158.20)
2025-07-16 08:26:05,420 - INFO - 분석: 분보
2025-07-16 08:26:08,165 - INFO - 완료: 분보 (점수: 11.48)
2025-07-16 08:26:08,397 - INFO - 분석: 분짜
2025-07-16 08:26:10,937 - INFO - 완료: 분짜 (점수: 151.53)
2025-07-16 08:26:11,308 - INFO - 분석: 월남쌈
2025-07-16 08:26:13,758 - INFO - 완료: 월남쌈 (점수: 133.42)
2025-07-16 08:26:14,126 - INFO - 분석: 고이쿤
2025-07-16 08:26:16,300 - INFO - 완료: 고이쿤 (점수: 0.23)
2025-07-16 08:26:16,579 - INFO - 분석: 반미
2025-07-16 08:26:18,798 - INFO - 완료: 반미 (점수: 17.15)
2025-07-16 08:26:19,046 - INFO - 분석: 바게트
2025-07-16 08:26:21,465 - INFO - 완료: 바게트 (점수: 156.29)
2025-07-16 08:26:21,807 - INFO - 분석: 팟타이
2025-07-16 08:26:24,154 - INFO - 완료: 팟타이 (점수: 144.86)
2025-07-16 08:26:24,460 - INFO - 분석: 태국볶음면
2025-07-16 08:26:27,303 - INFO - 완료: 태국볶음면 (점수: 224.91)
2025-07-16 08:26:27,515 - INFO - 분석: 그린커리
2025-07-16 08:26:30,770 - INFO - 완료: 그린커리 (점수: 268.34)
2025-07-16 08:26:31,093 - INFO - 분석: 레드커리
2025-07-16 08:26:34,749 - INFO - 완료: 레드커리 (점수: 58.04)
2025-07-16 08:26:34,981 - INFO - 분석: 팬낭커리
2025-07-16 08:26:36,092 - INFO - 완료: 팬낭커리 (점수: 0.00)
2025-07-16 08:26:36,570 - INFO - 분석: 똠얌꿍
2025-07-16 08:26:39,373 - INFO - 완료: 똠얌꿍 (점수: 64.60)
2025-07-16 08:26:39,742 - INFO - 분석: 똠얌갈비
2025-07-16 08:26:43,154 - INFO - 완료: 똠얌갈비 (점수: 13.13)
2025-07-16 08:26:43,638 - INFO - 분석: 새콤매운국물
2025-07-16 08:26:46,156 - INFO - 완료: 새콤매운국물 (점수: 6.67)
2025-07-16 08:26:46,607 - INFO - 분석: 치킨커리
2025-07-16 08:26:49,559 - INFO - 완료: 치킨커리 (점수: 229.52)
2025-07-16 08:26:49,911 - INFO - 분석: 양고기커리
2025-07-16 08:26:52,162 - INFO - 완료: 양고기커리 (점수: 35.26)
2025-07-16 08:26:52,556 - INFO - 분석: 달커리
2025-07-16 08:26:54,680 - INFO - 완료: 달커리 (점수: 2.77)
2025-07-16 08:26:55,123 - INFO - 분석: 난
2025-07-16 08:26:57,203 - INFO - 완료: 난 (점수: 0.00)
2025-07-16 08:26:57,433 - INFO - 분석: 파라타
2025-07-16 08:27:02,994 - INFO - 완료: 파라타 (점수: 142.87)
2025-07-16 08:27:03,372 - INFO - 분석: 탄두리치킨
2025-07-16 08:27:06,399 - INFO - 완료: 탄두리치킨 (점수: 51.45)
2025-07-16 08:27:06,744 - INFO - 분석: 케밥
2025-07-16 08:27:09,983 - INFO - 완료: 케밥 (점수: 190.80)
2025-07-16 08:27:10,490 - INFO - 분석: 구이
2025-07-16 08:27:12,565 - INFO - 완료: 구이 (점수: 0.00)
2025-07-16 08:27:12,815 - INFO - 분석: 나시고렝
2025-07-16 08:27:17,836 - INFO - 완료: 나시고렝 (점수: 40.25)
2025-07-16 08:27:18,115 - INFO - 분석: 미고렝
2025-07-16 08:27:23,077 - INFO - 완료: 미고렝 (점수: 27.16)
2025-07-16 08:27:23,461 - INFO - 분석: 사테
2025-07-16 08:27:27,747 - INFO - 완료: 사테 (점수: 66.90)
2025-07-16 08:27:28,001 - INFO - 분석: 락사
2025-07-16 08:27:33,242 - INFO - 완료: 락사 (점수: 132.80)
2025-07-16 08:27:33,499 - INFO - 분석: 렌당
2025-07-16 08:27:38,799 - INFO - 완료: 렌당 (점수: 19.57)
2025-07-16 08:27:39,240 - INFO - 분석: 후라이드치킨
2025-07-16 08:27:41,449 - INFO - 완료: 후라이드치킨 (점수: 73.38)
2025-07-16 08:27:41,796 - INFO - 분석: 바삭치킨
2025-07-16 08:27:44,657 - INFO - 완료: 바삭치킨 (점수: 260.17)
2025-07-16 08:27:45,110 - INFO - 분석: 달콤양념
2025-07-16 08:27:47,944 - INFO - 완료: 달콤양념 (점수: 203.94)
2025-07-16 08:27:48,265 - INFO - 분석: 매운양념
2025-07-16 08:27:50,790 - INFO - 완료: 매운양념 (점수: 144.86)
2025-07-16 08:27:51,226 - INFO - 분석: 간장치킨
2025-07-16 08:27:53,745 - INFO - 완료: 간장치킨 (점수: 44.79)
2025-07-16 08:27:54,114 - INFO - 분석: 마늘치킨
2025-07-16 08:27:56,599 - INFO - 완료: 마늘치킨 (점수: 79.10)
2025-07-16 08:27:56,961 - INFO - 분석: 허니머스타드
2025-07-16 08:28:00,981 - INFO - 완료: 허니머스타드 (점수: 215.81)
2025-07-16 08:28:01,267 - INFO - 분석: 뿌링클
2025-07-16 08:28:03,425 - INFO - 완료: 뿌링클 (점수: 11.44)
2025-07-16 08:28:03,699 - INFO - 분석: 치즈가루
2025-07-16 08:28:06,558 - INFO - 완료: 치즈가루 (점수: 255.40)
2025-07-16 08:28:06,880 - INFO - 분석: 어니언
2025-07-16 08:28:09,729 - INFO - 완료: 어니언 (점수: 257.31)
2025-07-16 08:28:10,208 - INFO - 분석: 순살치킨
2025-07-16 08:28:12,632 - INFO - 완료: 순살치킨 (점수: 57.18)
2025-07-16 08:28:13,013 - INFO - 분석: 팝콘치킨
2025-07-16 08:28:15,218 - INFO - 완료: 팝콘치킨 (점수: 10.48)
2025-07-16 08:28:15,674 - INFO - 분석: 치킨텐더
2025-07-16 08:28:18,820 - INFO - 완료: 치킨텐더 (점수: 245.81)
2025-07-16 08:28:19,086 - INFO - 분석: 윙
2025-07-16 08:28:21,189 - INFO - 완료: 윙 (점수: 29.54)
2025-07-16 08:28:21,532 - INFO - 분석: 다리
2025-07-16 08:28:23,548 - INFO - 완료: 다리 (점수: 0.00)
2025-07-16 08:28:23,882 - INFO - 분석: 가슴살
2025-07-16 08:28:26,321 - INFO - 완료: 가슴살 (점수: 161.06)
2025-07-16 08:28:26,568 - INFO - 분석: 마르게리타
2025-07-16 08:28:29,789 - INFO - 완료: 마르게리타 (점수: 108.64)
2025-07-16 08:28:30,277 - INFO - 분석: 콤비네이션
2025-07-16 08:28:33,846 - INFO - 완료: 콤비네이션 (점수: 235.87)
2025-07-16 08:28:34,104 - INFO - 분석: 고구마피자
2025-07-16 08:28:36,724 - INFO - 완료: 고구마피자 (점수: 163.92)
2025-07-16 08:28:37,002 - INFO - 분석: 포테이토피자
2025-07-16 08:28:39,791 - INFO - 완료: 포테이토피자 (점수: 291.62)
2025-07-16 08:28:40,262 - INFO - 분석: 화이트피자
2025-07-16 08:28:43,204 - INFO - 완료: 화이트피자 (점수: 216.33)
2025-07-16 08:28:43,579 - INFO - 분석: 불고기피자
2025-07-16 08:28:46,607 - INFO - 완료: 불고기피자 (점수: 304.01)
2025-07-16 08:28:47,093 - INFO - 분석: 갈비피자
2025-07-16 08:28:50,022 - INFO - 완료: 갈비피자 (점수: 258.26)
2025-07-16 08:28:50,475 - INFO - 분석: 한국식피자
2025-07-16 08:28:55,686 - INFO - 완료: 한국식피자 (점수: 114.01)
2025-07-16 08:28:56,194 - INFO - 분석: 시카고피자
2025-07-16 08:28:59,993 - INFO - 완료: 시카고피자 (점수: 131.61)
2025-07-16 08:29:00,236 - INFO - 분석: 딥디쉬
2025-07-16 08:29:05,552 - INFO - 완료: 딥디쉬 (점수: 40.32)
2025-07-16 08:29:05,837 - INFO - 분석: 두꺼운피자
2025-07-16 08:29:08,820 - INFO - 완료: 두꺼운피자 (점수: 29.06)
2025-07-16 08:29:09,134 - INFO - 분석: 씬크러스트
2025-07-16 08:29:13,550 - INFO - 완료: 씬크러스트 (점수: 26.27)
2025-07-16 08:29:13,772 - INFO - 분석: 얇은피자
2025-07-16 08:29:16,037 - INFO - 완료: 얇은피자 (점수: 31.45)
2025-07-16 08:29:16,320 - INFO - 분석: 크리스피
2025-07-16 08:29:18,600 - INFO - 완료: 크리스피 (점수: 66.71)
2025-07-16 08:29:18,823 - INFO - 분석: 아메리카노
2025-07-16 08:29:21,417 - INFO - 완료: 아메리카노 (점수: 114.36)
2025-07-16 08:29:21,830 - INFO - 분석: 에스프레소
2025-07-16 08:29:24,311 - INFO - 완료: 에스프레소 (점수: 94.35)
2025-07-16 08:29:24,523 - INFO - 분석: 롱블랙
2025-07-16 08:29:28,945 - INFO - 완료: 롱블랙 (점수: 62.14)
2025-07-16 08:29:29,413 - INFO - 분석: 카페라떼
2025-07-16 08:29:31,958 - INFO - 완료: 카페라떼 (점수: 153.43)
2025-07-16 08:29:32,236 - INFO - 분석: 카푸치노
2025-07-16 08:29:34,997 - INFO - 완료: 카푸치노 (점수: 217.28)
2025-07-16 08:29:35,334 - INFO - 분석: 마끼아또
2025-07-16 08:29:39,650 - INFO - 완료: 마끼아또 (점수: 49.35)
2025-07-16 08:29:40,082 - INFO - 분석: 바닐라라떼
2025-07-16 08:29:42,224 - INFO - 완료: 바닐라라떼 (점수: 25.73)
2025-07-16 08:29:42,661 - INFO - 분석: 카라멜마끼아또
2025-07-16 08:29:47,000 - INFO - 완료: 카라멜마끼아또 (점수: 38.64)
2025-07-16 08:29:47,208 - INFO - 분석: 헤이즐넛
2025-07-16 08:29:50,027 - INFO - 완료: 헤이즐넛 (점수: 276.37)
2025-07-16 08:29:50,320 - INFO - 분석: 얼그레이
2025-07-16 08:29:53,198 - INFO - 완료: 얼그레이 (점수: 233.48)
2025-07-16 08:29:53,520 - INFO - 분석: 허브티
2025-07-16 08:29:56,744 - INFO - 완료: 허브티 (점수: 203.80)
2025-07-16 08:29:57,120 - INFO - 분석: 녹차라떼
2025-07-16 08:29:59,568 - INFO - 완료: 녹차라떼 (점수: 156.29)
2025-07-16 08:29:59,790 - INFO - 분석: 카페프라페
2025-07-16 08:30:02,204 - INFO - 완료: 카페프라페 (점수: 118.17)
2025-07-16 08:30:02,601 - INFO - 분석: 초콜릿프라페
2025-07-16 08:30:08,588 - INFO - 완료: 초콜릿프라페 (점수: 85.10)
2025-07-16 08:30:09,036 - INFO - 분석: 딸기프라페
2025-07-16 08:30:14,069 - INFO - 완료: 딸기프라페 (점수: 84.66)
2025-07-16 08:30:14,492 - INFO - 분석: 레몬에이드
2025-07-16 08:30:16,723 - INFO - 완료: 레몬에이드 (점수: 25.73)
2025-07-16 08:30:17,103 - INFO - 분석: 자몽에이드
2025-07-16 08:30:19,914 - INFO - 완료: 자몽에이드 (점수: 244.92)
2025-07-16 08:30:20,127 - INFO - 분석: 탄산음료
2025-07-16 08:30:22,388 - INFO - 완료: 탄산음료 (점수: 51.46)
2025-07-16 08:30:22,722 - INFO - 분석: 치즈케이크
2025-07-16 08:30:25,148 - INFO - 완료: 치즈케이크 (점수: 141.04)
2025-07-16 08:30:25,408 - INFO - 분석: 초콜릿케이크
2025-07-16 08:30:29,480 - INFO - 완료: 초콜릿케이크 (점수: 144.48)
2025-07-16 08:30:29,932 - INFO - 분석: 생크림케이크
2025-07-16 08:30:32,538 - INFO - 완료: 생크림케이크 (점수: 116.27)
2025-07-16 08:30:32,953 - INFO - 분석: 크루아상
2025-07-16 08:30:35,975 - INFO - 완료: 크루아상 (점수: 274.46)
2025-07-16 08:30:36,386 - INFO - 분석: 베이글
2025-07-16 08:30:38,907 - INFO - 완료: 베이글 (점수: 214.42)
2025-07-16 08:30:39,350 - INFO - 분석: 머핀
2025-07-16 08:30:41,480 - INFO - 완료: 머핀 (점수: 5.72)
2025-07-16 08:30:41,885 - INFO - 분석: 팥빙수
2025-07-16 08:30:44,070 - INFO - 완료: 팥빙수 (점수: 49.56)
2025-07-16 08:30:44,293 - INFO - 분석: 망고빙수
2025-07-16 08:30:46,607 - INFO - 완료: 망고빙수 (점수: 69.57)
2025-07-16 08:30:46,892 - INFO - 분석: 인절미빙수
2025-07-16 08:30:48,996 - INFO - 완료: 인절미빙수 (점수: 15.25)
2025-07-16 08:30:49,435 - INFO - 분석: 마카롱
2025-07-16 08:30:51,642 - INFO - 완료: 마카롱 (점수: 68.62)
2025-07-16 08:30:51,956 - INFO - 분석: 쿠키
2025-07-16 08:30:54,511 - INFO - 완료: 쿠키 (점수: 232.53)
2025-07-16 08:30:54,823 - INFO - 분석: 마라파스타
2025-07-16 08:30:57,340 - INFO - 완료: 마라파스타 (점수: 121.98)
2025-07-16 08:30:57,688 - INFO - 분석: 불닭파스타
2025-07-16 08:31:00,274 - INFO - 완료: 불닭파스타 (점수: 177.26)
2025-07-16 08:31:00,576 - INFO - 분석: 김치파스타
2025-07-16 08:31:03,471 - INFO - 완료: 김치파스타 (점수: 269.70)
2025-07-16 08:31:03,775 - INFO - 분석: 김치볶음밥
2025-07-16 08:31:06,147 - INFO - 완료: 김치볶음밥 (점수: 101.02)
2025-07-16 08:31:06,378 - INFO - 분석: 한식덮밥
2025-07-16 08:31:08,700 - INFO - 완료: 한식덮밥 (점수: 70.52)
2025-07-16 08:31:08,929 - INFO - 분석: 스시버거
2025-07-16 08:31:13,385 - INFO - 완료: 스시버거 (점수: 57.39)
2025-07-16 08:31:13,708 - INFO - 분석: 라멘버거
2025-07-16 08:31:15,801 - INFO - 완료: 라멘버거 (점수: 42.88)
2025-07-16 08:31:16,124 - INFO - 분석: 돈까스버거
2025-07-16 08:31:18,624 - INFO - 완료: 돈까스버거 (점수: 102.92)
2025-07-16 08:31:18,957 - INFO - 분석: 일식파스타
2025-07-16 08:31:21,501 - INFO - 완료: 일식파스타 (점수: 85.77)
2025-07-16 08:31:21,810 - INFO - 분석: 우동파스타
2025-07-16 08:31:24,793 - INFO - 완료: 우동파스타 (점수: 245.87)
2025-07-16 08:31:25,221 - INFO - 분석: 한식뷔페
2025-07-16 08:31:27,419 - INFO - 완료: 한식뷔페 (점수: 65.76)
2025-07-16 08:31:27,903 - INFO - 분석: 무한리필
2025-07-16 08:31:30,999 - INFO - 완료: 무한리필 (점수: 319.25)
2025-07-16 08:31:31,405 - INFO - 분석: 샐러드바
2025-07-16 08:31:34,084 - INFO - 완료: 샐러드바 (점수: 176.30)
2025-07-16 08:31:34,315 - INFO - 분석: 샐러드뷔페
2025-07-16 08:31:36,491 - INFO - 완료: 샐러드뷔페 (점수: 27.64)
2025-07-16 08:31:36,954 - INFO - 분석: 호텔뷔페
2025-07-16 08:31:39,421 - INFO - 완료: 호텔뷔페 (점수: 89.58)
2025-07-16 08:31:39,870 - INFO - 분석: 브런치뷔페
2025-07-16 08:31:43,153 - INFO - 완료: 브런치뷔페 (점수: 205.79)
2025-07-16 08:31:43,463 - INFO - 분석: 비건버거
2025-07-16 08:31:48,723 - INFO - 완료: 비건버거 (점수: 124.65)
2025-07-16 08:31:49,107 - INFO - 분석: 두부스테이크
2025-07-16 08:31:51,597 - INFO - 완료: 두부스테이크 (점수: 174.40)
2025-07-16 08:31:52,008 - INFO - 분석: 템페
2025-07-16 08:31:56,968 - INFO - 완료: 템페 (점수: 85.98)
2025-07-16 08:31:57,214 - INFO - 분석: 비건케이크
2025-07-16 08:32:00,426 - INFO - 완료: 비건케이크 (점수: 137.81)
2025-07-16 08:32:00,871 - INFO - 분석: 두유아이스크림
2025-07-16 08:32:03,446 - INFO - 완료: 두유아이스크림 (점수: 224.91)
2025-07-16 08:32:03,778 - INFO - 분석: 닭가슴살샐러드
2025-07-16 08:32:06,602 - INFO - 완료: 닭가슴살샐러드 (점수: 258.26)
2025-07-16 08:32:06,815 - INFO - 분석: 퀴노아볼
2025-07-16 08:32:12,357 - INFO - 완료: 퀴노아볼 (점수: 74.78)
2025-07-16 08:32:12,758 - INFO - 분석: 프로틴볼
2025-07-16 08:32:15,524 - INFO - 완료: 프로틴볼 (점수: 228.72)
2025-07-16 08:32:15,938 - INFO - 분석: 그릭요거트
2025-07-16 08:32:18,168 - INFO - 완료: 그릭요거트 (점수: 38.12)
2025-07-16 08:32:18,655 - WARNING - 콘텐츠 비율 불균형 감지: 실제 0.9:1, 기대 20.5:1
2025-07-16 08:32:18,655 - INFO - 콘텐츠 비율: 뉴스 43765, 블로그 47789 (비율 0.9:1)
2025-07-16 08:32:18,658 - INFO - 1단계 완료: 성공 381, 실패 0
2025-07-16 08:32:18,660 - INFO - 할당량 계산 시작
2025-07-16 08:32:18,663 - INFO - 유효 분석: 381개
2025-07-16 08:32:18,664 - INFO - 총 점수: 43954.02
2025-07-16 08:32:18,665 - INFO - 2단계 완료: 총 7,827개 할당
2025-07-16 08:32:18,666 - INFO - 이미지 수집 (시점 무관) 시작
2025-07-16 08:32:18,667 - INFO - 수집: 막창 (할당: 57개)
2025-07-16 08:32:19,028 - INFO - 완료: 막창 (57개, 100.0%)
2025-07-16 08:32:19,425 - INFO - 수집: 소바 (할당: 51개)
2025-07-16 08:32:19,776 - INFO - 완료: 소바 (51개, 100.0%)
2025-07-16 08:32:20,062 - INFO - 수집: 무한리필 (할당: 51개)
2025-07-16 08:32:20,443 - INFO - 완료: 무한리필 (51개, 100.0%)
2025-07-16 08:32:20,920 - INFO - 수집: 감자탕 (할당: 50개)
2025-07-16 08:32:21,289 - INFO - 완료: 감자탕 (50개, 100.0%)
2025-07-16 08:32:21,579 - INFO - 수집: 짜파게티 (할당: 50개)
2025-07-16 08:32:21,895 - INFO - 완료: 짜파게티 (50개, 100.0%)
2025-07-16 08:32:22,229 - INFO - 수집: 불고기피자 (할당: 48개)
2025-07-16 08:32:22,561 - INFO - 완료: 불고기피자 (48개, 100.0%)
2025-07-16 08:32:22,945 - INFO - 수집: 새우볶음밥 (할당: 46개)
2025-07-16 08:32:23,294 - INFO - 완료: 새우볶음밥 (46개, 100.0%)
2025-07-16 08:32:23,515 - INFO - 수집: 포테이토피자 (할당: 46개)
2025-07-16 08:32:23,829 - INFO - 완료: 포테이토피자 (46개, 100.0%)
2025-07-16 08:32:24,208 - INFO - 수집: 와퍼 (할당: 45개)
2025-07-16 08:32:24,513 - INFO - 완료: 와퍼 (45개, 100.0%)
2025-07-16 08:32:24,814 - INFO - 수집: 돈코츠라멘 (할당: 44개)
2025-07-16 08:32:25,160 - INFO - 완료: 돈코츠라멘 (44개, 100.0%)
2025-07-16 08:32:25,463 - INFO - 수집: 헤이즐넛 (할당: 44개)
2025-07-16 08:32:25,811 - INFO - 완료: 헤이즐넛 (44개, 100.0%)
2025-07-16 08:32:26,126 - INFO - 수집: 크루아상 (할당: 44개)
2025-07-16 08:32:26,460 - INFO - 완료: 크루아상 (44개, 100.0%)
2025-07-16 08:32:26,938 - INFO - 수집: 잔치국수 (할당: 43개)
2025-07-16 08:32:27,295 - INFO - 완료: 잔치국수 (43개, 100.0%)
2025-07-16 08:32:27,725 - INFO - 수집: 킹크랩 (할당: 43개)
2025-07-16 08:32:28,092 - INFO - 완료: 킹크랩 (43개, 100.0%)
2025-07-16 08:32:28,332 - INFO - 수집: 볶음짬뽕 (할당: 43개)
2025-07-16 08:32:28,676 - INFO - 완료: 볶음짬뽕 (43개, 100.0%)
2025-07-16 08:32:29,059 - INFO - 수집: 군만두 (할당: 43개)
2025-07-16 08:32:29,425 - INFO - 완료: 군만두 (43개, 100.0%)
2025-07-16 08:32:29,666 - INFO - 수집: 메밀소바 (할당: 43개)
2025-07-16 08:32:29,980 - INFO - 완료: 메밀소바 (43개, 100.0%)
2025-07-16 08:32:30,200 - INFO - 수집: 생선튀김 (할당: 43개)
2025-07-16 08:32:30,561 - INFO - 완료: 생선튀김 (43개, 100.0%)
2025-07-16 08:32:31,009 - INFO - 수집: 그린커리 (할당: 43개)
2025-07-16 08:32:31,376 - INFO - 완료: 그린커리 (43개, 100.0%)
2025-07-16 08:32:31,710 - INFO - 수집: 김치파스타 (할당: 43개)
2025-07-16 08:32:32,044 - INFO - 완료: 김치파스타 (43개, 100.0%)
2025-07-16 08:32:32,474 - INFO - 수집: 순두부찌개 (할당: 42개)
2025-07-16 08:32:32,843 - INFO - 완료: 순두부찌개 (42개, 100.0%)
2025-07-16 08:32:33,131 - INFO - 수집: 참치김밥 (할당: 42개)
2025-07-16 08:32:33,494 - INFO - 완료: 참치김밥 (42개, 100.0%)
2025-07-16 08:32:33,893 - INFO - 수집: 연어초밥 (할당: 42개)
2025-07-16 08:32:34,278 - INFO - 완료: 연어초밥 (42개, 100.0%)
2025-07-16 08:32:34,724 - INFO - 수집: 스테이크와감자 (할당: 42개)
2025-07-16 08:32:35,062 - INFO - 완료: 스테이크와감자 (42개, 100.0%)
2025-07-16 08:32:35,300 - INFO - 수집: 바삭치킨 (할당: 42개)
2025-07-16 08:32:35,630 - INFO - 완료: 바삭치킨 (42개, 100.0%)
2025-07-16 08:32:35,914 - INFO - 수집: 갈비피자 (할당: 42개)
2025-07-16 08:32:36,276 - INFO - 완료: 갈비피자 (42개, 100.0%)
2025-07-16 08:32:36,625 - INFO - 수집: 닭가슴살샐러드 (할당: 42개)
2025-07-16 08:32:36,994 - INFO - 완료: 닭가슴살샐러드 (42개, 100.0%)
2025-07-16 08:32:37,281 - INFO - 수집: 야채튀김 (할당: 41개)
2025-07-16 08:32:37,646 - INFO - 완료: 야채튀김 (41개, 100.0%)
2025-07-16 08:32:37,963 - INFO - 수집: 가리비 (할당: 41개)
2025-07-16 08:32:38,296 - INFO - 완료: 가리비 (41개, 100.0%)
2025-07-16 08:32:38,661 - INFO - 수집: 계란볶음밥 (할당: 41개)
2025-07-16 08:32:39,012 - INFO - 완료: 계란볶음밥 (41개, 100.0%)
2025-07-16 08:32:39,329 - INFO - 수집: 치즈가루 (할당: 41개)
2025-07-16 08:32:39,695 - INFO - 완료: 치즈가루 (41개, 100.0%)
2025-07-16 08:32:40,076 - INFO - 수집: 어니언 (할당: 41개)
2025-07-16 08:32:40,412 - INFO - 완료: 어니언 (41개, 100.0%)
2025-07-16 08:32:40,763 - INFO - 수집: 무국 (할당: 40개)
2025-07-16 08:32:41,081 - INFO - 완료: 무국 (40개, 100.0%)
2025-07-16 08:32:41,491 - INFO - 수집: 조기구이 (할당: 40개)
2025-07-16 08:32:41,826 - INFO - 완료: 조기구이 (40개, 100.0%)
2025-07-16 08:32:42,305 - INFO - 수집: 파전 (할당: 40개)
2025-07-16 08:32:42,646 - INFO - 완료: 파전 (40개, 100.0%)
2025-07-16 08:32:43,108 - INFO - 수집: 우동 (할당: 40개)
2025-07-16 08:32:43,494 - INFO - 완료: 우동 (40개, 100.0%)
2025-07-16 08:32:43,975 - INFO - 수집: 하와이안 (할당: 40개)
2025-07-16 08:32:44,311 - INFO - 완료: 하와이안 (40개, 100.0%)
2025-07-16 08:32:44,549 - INFO - 수집: 치킨수프 (할당: 40개)
2025-07-16 08:32:44,879 - INFO - 완료: 치킨수프 (40개, 100.0%)
2025-07-16 08:32:45,286 - INFO - 수집: 치킨텐더 (할당: 40개)
2025-07-16 08:32:45,612 - INFO - 완료: 치킨텐더 (40개, 100.0%)
2025-07-16 08:32:45,883 - INFO - 수집: 자몽에이드 (할당: 40개)
2025-07-16 08:32:46,213 - INFO - 완료: 자몽에이드 (40개, 100.0%)
2025-07-16 08:32:46,705 - INFO - 수집: 우동파스타 (할당: 40개)
2025-07-16 08:32:47,075 - INFO - 완료: 우동파스타 (40개, 100.0%)
2025-07-16 08:32:47,446 - INFO - 수집: 오믈렛 (할당: 39개)
2025-07-16 08:32:47,780 - INFO - 완료: 오믈렛 (39개, 100.0%)
2025-07-16 08:32:48,240 - INFO - 수집: 국물떡볶이 (할당: 38개)
2025-07-16 08:32:48,612 - INFO - 완료: 국물떡볶이 (38개, 100.0%)
2025-07-16 08:32:48,865 - INFO - 수집: 불고기김밥 (할당: 38개)
2025-07-16 08:32:49,193 - INFO - 완료: 불고기김밥 (38개, 100.0%)
2025-07-16 08:32:49,514 - INFO - 수집: 항정살 (할당: 38개)
2025-07-16 08:32:49,861 - INFO - 완료: 항정살 (38개, 100.0%)
2025-07-16 08:32:50,261 - INFO - 수집: 돼지갈비 (할당: 38개)
2025-07-16 08:32:50,677 - INFO - 완료: 돼지갈비 (38개, 100.0%)
2025-07-16 08:32:50,899 - INFO - 수집: 오징어불고기 (할당: 38개)
2025-07-16 08:32:51,230 - INFO - 완료: 오징어불고기 (38개, 100.0%)
2025-07-16 08:32:51,499 - INFO - 수집: 오징어무침 (할당: 38개)
2025-07-16 08:32:51,813 - INFO - 완료: 오징어무침 (38개, 100.0%)
2025-07-16 08:32:52,208 - INFO - 수집: 순대 (할당: 38개)
2025-07-16 08:32:52,578 - INFO - 완료: 순대 (38개, 100.0%)
2025-07-16 08:32:53,075 - INFO - 수집: 라멘 (할당: 38개)
2025-07-16 08:32:53,459 - INFO - 완료: 라멘 (38개, 100.0%)
2025-07-16 08:32:53,878 - INFO - 수집: 짬뽕 (할당: 38개)
2025-07-16 08:32:54,259 - INFO - 완료: 짬뽕 (38개, 100.0%)
2025-07-16 08:32:54,596 - INFO - 수집: 콤비네이션 (할당: 38개)
2025-07-16 08:32:54,929 - INFO - 완료: 콤비네이션 (38개, 100.0%)
2025-07-16 08:32:55,276 - INFO - 수집: 얼그레이 (할당: 38개)
2025-07-16 08:32:55,628 - INFO - 완료: 얼그레이 (38개, 100.0%)
2025-07-16 08:32:56,029 - INFO - 수집: 쿠키 (할당: 38개)
2025-07-16 08:32:56,425 - INFO - 완료: 쿠키 (38개, 100.0%)
2025-07-16 08:32:56,846 - INFO - 수집: 김치찌개 (할당: 37개)
2025-07-16 08:32:57,243 - INFO - 완료: 김치찌개 (37개, 100.0%)
2025-07-16 08:32:57,464 - INFO - 수집: 갈치구이 (할당: 37개)
2025-07-16 08:32:57,811 - INFO - 완료: 갈치구이 (37개, 100.0%)
2025-07-16 08:32:58,212 - INFO - 수집: 용기면 (할당: 37개)
2025-07-16 08:32:58,561 - INFO - 완료: 용기면 (37개, 100.0%)
2025-07-16 08:32:58,960 - INFO - 수집: 짜장면 (할당: 37개)
2025-07-16 08:32:59,327 - INFO - 완료: 짜장면 (37개, 100.0%)
2025-07-16 08:32:59,581 - INFO - 수집: 구이고기 (할당: 37개)
2025-07-16 08:33:00,041 - INFO - 완료: 구이고기 (37개, 100.0%)
2025-07-16 08:33:00,348 - INFO - 수집: 라자냐 (할당: 37개)
2025-07-16 08:33:00,696 - INFO - 완료: 라자냐 (37개, 100.0%)
2025-07-16 08:33:01,172 - INFO - 수집: 부리또 (할당: 37개)
2025-07-16 08:33:01,513 - INFO - 완료: 부리또 (37개, 100.0%)
2025-07-16 08:33:02,023 - INFO - 수집: 태국볶음면 (할당: 37개)
2025-07-16 08:33:02,442 - INFO - 완료: 태국볶음면 (37개, 100.0%)
2025-07-16 08:33:02,922 - INFO - 수집: 치킨커리 (할당: 37개)
2025-07-16 08:33:03,262 - INFO - 완료: 치킨커리 (37개, 100.0%)
2025-07-16 08:33:03,724 - INFO - 수집: 두유아이스크림 (할당: 37개)
2025-07-16 08:33:04,047 - INFO - 완료: 두유아이스크림 (37개, 100.0%)
2025-07-16 08:33:04,477 - INFO - 수집: 프로틴볼 (할당: 37개)
2025-07-16 08:33:04,782 - INFO - 완료: 프로틴볼 (37개, 100.0%)
2025-07-16 08:33:05,162 - INFO - 수집: 계란찜 (할당: 36개)
2025-07-16 08:33:05,531 - INFO - 완료: 계란찜 (36개, 100.0%)
2025-07-16 08:33:05,814 - INFO - 수집: 수육 (할당: 36개)
2025-07-16 08:33:06,178 - INFO - 완료: 수육 (36개, 100.0%)
2025-07-16 08:33:06,449 - INFO - 수집: 키조개 (할당: 36개)
2025-07-16 08:33:06,765 - INFO - 완료: 키조개 (36개, 100.0%)
2025-07-16 08:33:07,017 - INFO - 수집: 나베 (할당: 36개)
2025-07-16 08:33:07,347 - INFO - 완료: 나베 (36개, 100.0%)
2025-07-16 08:33:07,711 - INFO - 수집: 프렌치토스트 (할당: 36개)
2025-07-16 08:33:08,030 - INFO - 완료: 프렌치토스트 (36개, 100.0%)
2025-07-16 08:33:08,315 - INFO - 수집: 바베큐 (할당: 36개)
2025-07-16 08:33:08,712 - INFO - 완료: 바베큐 (36개, 100.0%)
2025-07-16 08:33:09,160 - INFO - 수집: 찜 요리 (할당: 36개)
2025-07-16 08:33:09,561 - INFO - 완료: 찜 요리 (36개, 100.0%)
2025-07-16 08:33:10,011 - INFO - 수집: 카푸치노 (할당: 36개)
2025-07-16 08:33:10,330 - INFO - 완료: 카푸치노 (36개, 100.0%)
2025-07-16 08:33:10,647 - INFO - 수집: 닭개장 (할당: 35개)
2025-07-16 08:33:10,949 - INFO - 완료: 닭개장 (35개, 100.0%)
2025-07-16 08:33:11,410 - INFO - 수집: 편육 (할당: 35개)
2025-07-16 08:33:11,748 - INFO - 완료: 편육 (35개, 100.0%)
2025-07-16 08:33:12,254 - INFO - 수집: 만두 (할당: 35개)
2025-07-16 08:33:12,658 - INFO - 완료: 만두 (35개, 100.0%)
2025-07-16 08:33:13,012 - INFO - 수집: 베이컨버거 (할당: 35개)
2025-07-16 08:33:13,490 - INFO - 완료: 베이컨버거 (35개, 100.0%)
2025-07-16 08:33:13,734 - INFO - 수집: 허니머스타드 (할당: 35개)
2025-07-16 08:33:14,048 - INFO - 완료: 허니머스타드 (35개, 100.0%)
2025-07-16 08:33:14,349 - INFO - 수집: 화이트피자 (할당: 35개)
2025-07-16 08:33:14,697 - INFO - 완료: 화이트피자 (35개, 100.0%)
2025-07-16 08:33:14,998 - INFO - 수집: 베이글 (할당: 35개)
2025-07-16 08:33:15,347 - INFO - 완료: 베이글 (35개, 100.0%)
2025-07-16 08:33:15,731 - INFO - 수집: 매운제육볶음 (할당: 34개)
2025-07-16 08:33:16,129 - INFO - 완료: 매운제육볶음 (34개, 100.0%)
2025-07-16 08:33:16,497 - INFO - 수집: 햄부대찌개 (할당: 34개)
2025-07-16 08:33:16,846 - INFO - 완료: 햄부대찌개 (34개, 100.0%)
2025-07-16 08:33:17,101 - INFO - 수집: 불고기도시락 (할당: 34개)
2025-07-16 08:33:17,464 - INFO - 완료: 불고기도시락 (34개, 100.0%)
2025-07-16 08:33:17,959 - INFO - 수집: 물회 (할당: 34개)
2025-07-16 08:33:18,294 - INFO - 완료: 물회 (34개, 100.0%)
2025-07-16 08:33:18,648 - INFO - 수집: 조개구이 (할당: 34개)
2025-07-16 08:33:19,029 - INFO - 완료: 조개구이 (34개, 100.0%)
2025-07-16 08:33:19,252 - INFO - 수집: 등심 (할당: 34개)
2025-07-16 08:33:19,598 - INFO - 완료: 등심 (34개, 100.0%)
2025-07-16 08:33:20,044 - INFO - 수집: 풀드포크 (할당: 34개)
2025-07-16 08:33:20,364 - INFO - 완료: 풀드포크 (34개, 100.0%)
2025-07-16 08:33:20,682 - INFO - 수집: 달콤양념 (할당: 34개)
2025-07-16 08:33:21,011 - INFO - 완료: 달콤양념 (34개, 100.0%)
2025-07-16 08:33:21,460 - INFO - 수집: 허브티 (할당: 34개)
2025-07-16 08:33:21,829 - INFO - 완료: 허브티 (34개, 100.0%)
2025-07-16 08:33:22,165 - INFO - 수집: 브런치뷔페 (할당: 34개)
2025-07-16 08:33:22,528 - INFO - 완료: 브런치뷔페 (34개, 100.0%)
2025-07-16 08:33:22,815 - INFO - 수집: 탕수육 (할당: 33개)
2025-07-16 08:33:23,164 - INFO - 완료: 탕수육 (33개, 100.0%)
2025-07-16 08:33:23,526 - INFO - 수집: 매운미소 (할당: 33개)
2025-07-16 08:33:23,848 - INFO - 완료: 매운미소 (33개, 100.0%)
2025-07-16 08:33:24,295 - INFO - 수집: 된장찌개 (할당: 32개)
2025-07-16 08:33:24,662 - INFO - 완료: 된장찌개 (32개, 100.0%)
2025-07-16 08:33:24,998 - INFO - 수집: 전복버터구이 (할당: 32개)
2025-07-16 08:33:25,379 - INFO - 완료: 전복버터구이 (32개, 100.0%)
2025-07-16 08:33:25,842 - INFO - 수집: 왕만두 (할당: 32개)
2025-07-16 08:33:26,181 - INFO - 완료: 왕만두 (32개, 100.0%)
2025-07-16 08:33:26,578 - INFO - 수집: 참치초밥 (할당: 32개)
2025-07-16 08:33:26,929 - INFO - 완료: 참치초밥 (32개, 100.0%)
2025-07-16 08:33:27,423 - INFO - 수집: 케밥 (할당: 32개)
2025-07-16 08:33:27,765 - INFO - 완료: 케밥 (32개, 100.0%)
2025-07-16 08:33:28,162 - INFO - 수집: 팥죽 (할당: 31개)
2025-07-16 08:33:28,481 - INFO - 완료: 팥죽 (31개, 100.0%)
2025-07-16 08:33:28,717 - INFO - 수집: 사천면 (할당: 31개)
2025-07-16 08:33:29,015 - INFO - 완료: 사천면 (31개, 100.0%)
2025-07-16 08:33:29,460 - INFO - 수집: 야채김밥 (할당: 30개)
2025-07-16 08:33:29,814 - INFO - 완료: 야채김밥 (30개, 100.0%)
2025-07-16 08:33:30,100 - INFO - 수집: 돈까스 (할당: 30개)
2025-07-16 08:33:30,492 - INFO - 완료: 돈까스 (30개, 100.0%)
2025-07-16 08:33:30,990 - INFO - 수집: 크림수프 (할당: 30개)
2025-07-16 08:33:31,314 - INFO - 완료: 크림수프 (30개, 100.0%)
2025-07-16 08:33:31,697 - INFO - 수집: 시저샐러드 (할당: 30개)
2025-07-16 08:33:32,016 - INFO - 완료: 시저샐러드 (30개, 100.0%)
2025-07-16 08:33:32,412 - INFO - 수집: 불닭파스타 (할당: 30개)
2025-07-16 08:33:32,729 - INFO - 완료: 불닭파스타 (30개, 100.0%)
2025-07-16 08:33:33,128 - INFO - 수집: 제육볶음 (할당: 29개)
2025-07-16 08:33:33,464 - INFO - 완료: 제육볶음 (29개, 100.0%)
2025-07-16 08:33:33,845 - INFO - 수집: 제육도시락 (할당: 29개)
2025-07-16 08:33:34,173 - INFO - 완료: 제육도시락 (29개, 100.0%)
2025-07-16 08:33:34,455 - INFO - 수집: 샐러드바 (할당: 29개)
2025-07-16 08:33:34,845 - INFO - 완료: 샐러드바 (29개, 100.0%)
2025-07-16 08:33:35,358 - INFO - 수집: 두부스테이크 (할당: 29개)
2025-07-16 08:33:35,696 - INFO - 완료: 두부스테이크 (29개, 100.0%)
2025-07-16 08:33:35,950 - INFO - 수집: 곱창 (할당: 28개)
2025-07-16 08:33:36,370 - INFO - 완료: 곱창 (28개, 100.0%)
2025-07-16 08:33:36,650 - INFO - 수집: 유린기 (할당: 28개)
2025-07-16 08:33:36,996 - INFO - 완료: 유린기 (28개, 100.0%)
2025-07-16 08:33:37,427 - INFO - 수집: 온소바 (할당: 28개)
2025-07-16 08:33:37,764 - INFO - 완료: 온소바 (28개, 100.0%)
2025-07-16 08:33:38,257 - INFO - 수집: 립아이 (할당: 28개)
2025-07-16 08:33:38,598 - INFO - 완료: 립아이 (28개, 100.0%)
2025-07-16 08:33:38,836 - INFO - 수집: 고구마피자 (할당: 28개)
2025-07-16 08:33:39,194 - INFO - 완료: 고구마피자 (28개, 100.0%)
2025-07-16 08:33:39,483 - INFO - 수집: 닭갈비 (할당: 27개)
2025-07-16 08:33:39,847 - INFO - 완료: 닭갈비 (27개, 100.0%)
2025-07-16 08:33:40,340 - INFO - 수집: 쫄면 (할당: 27개)
2025-07-16 08:33:40,681 - INFO - 완료: 쫄면 (27개, 100.0%)
2025-07-16 08:33:41,095 - INFO - 수집: 오징어볶음밥 (할당: 27개)
2025-07-16 08:33:41,447 - INFO - 완료: 오징어볶음밥 (27개, 100.0%)
2025-07-16 08:33:41,653 - INFO - 수집: 쌀국수 (할당: 27개)
2025-07-16 08:33:42,014 - INFO - 완료: 쌀국수 (27개, 100.0%)
2025-07-16 08:33:42,236 - INFO - 수집: 바게트 (할당: 27개)
2025-07-16 08:33:42,647 - INFO - 완료: 바게트 (27개, 100.0%)
2025-07-16 08:33:43,123 - INFO - 수집: 가슴살 (할당: 27개)
2025-07-16 08:33:43,496 - INFO - 완료: 가슴살 (27개, 100.0%)
2025-07-16 08:33:43,752 - INFO - 수집: 녹차라떼 (할당: 27개)
2025-07-16 08:33:44,113 - INFO - 완료: 녹차라떼 (27개, 100.0%)
2025-07-16 08:33:44,366 - INFO - 수집: 깐풍기 (할당: 26개)
2025-07-16 08:33:44,683 - INFO - 완료: 깐풍기 (26개, 100.0%)
2025-07-16 08:33:45,000 - INFO - 수집: 마라두부 (할당: 26개)
2025-07-16 08:33:45,363 - INFO - 완료: 마라두부 (26개, 100.0%)
2025-07-16 08:33:45,619 - INFO - 수집: 가라아게 (할당: 26개)
2025-07-16 08:33:45,949 - INFO - 완료: 가라아게 (26개, 100.0%)
2025-07-16 08:33:46,282 - INFO - 수집: 양꼬치 (할당: 26개)
2025-07-16 08:33:46,649 - INFO - 완료: 양꼬치 (26개, 100.0%)
2025-07-16 08:33:46,901 - INFO - 수집: 분짜 (할당: 26개)
2025-07-16 08:33:47,216 - INFO - 완료: 분짜 (26개, 100.0%)
2025-07-16 08:33:47,645 - INFO - 수집: 카페라떼 (할당: 26개)
2025-07-16 08:33:48,110 - INFO - 완료: 카페라떼 (26개, 100.0%)
2025-07-16 08:33:48,591 - INFO - 수집: 부대찌개 (할당: 25개)
2025-07-16 08:33:48,981 - INFO - 완료: 부대찌개 (25개, 100.0%)
2025-07-16 08:33:49,250 - INFO - 수집: 갈비탕 (할당: 25개)
2025-07-16 08:33:49,660 - INFO - 완료: 갈비탕 (25개, 100.0%)
2025-07-16 08:33:50,108 - INFO - 수집: 마른오징어 (할당: 25개)
2025-07-16 08:33:50,446 - INFO - 완료: 마른오징어 (25개, 100.0%)
2025-07-16 08:33:50,765 - INFO - 수집: 간짜장 (할당: 25개)
2025-07-16 08:33:51,084 - INFO - 완료: 간짜장 (25개, 100.0%)
2025-07-16 08:33:51,414 - INFO - 수집: 탄탄면 (할당: 25개)
2025-07-16 08:33:51,732 - INFO - 완료: 탄탄면 (25개, 100.0%)
2025-07-16 08:33:52,178 - INFO - 수집: 까르보나라 (할당: 25개)
2025-07-16 08:33:52,498 - INFO - 완료: 까르보나라 (25개, 100.0%)
2025-07-16 08:33:52,946 - INFO - 수집: 팟타이 (할당: 25개)
2025-07-16 08:33:53,264 - INFO - 완료: 팟타이 (25개, 100.0%)
2025-07-16 08:33:53,630 - INFO - 수집: 파라타 (할당: 25개)
2025-07-16 08:33:53,950 - INFO - 완료: 파라타 (25개, 100.0%)
2025-07-16 08:33:54,363 - INFO - 수집: 매운양념 (할당: 25개)
2025-07-16 08:33:54,715 - INFO - 완료: 매운양념 (25개, 100.0%)
2025-07-16 08:33:55,032 - INFO - 수집: 초콜릿케이크 (할당: 25개)
2025-07-16 08:33:55,397 - INFO - 완료: 초콜릿케이크 (25개, 100.0%)
2025-07-16 08:33:55,861 - INFO - 수집: 닭불고기 (할당: 24개)
2025-07-16 08:33:56,215 - INFO - 완료: 닭불고기 (24개, 100.0%)
2025-07-16 08:33:56,597 - INFO - 수집: 신라면 (할당: 24개)
2025-07-16 08:33:56,962 - INFO - 완료: 신라면 (24개, 100.0%)
2025-07-16 08:33:57,411 - INFO - 수집: 고추짬뽕 (할당: 24개)
2025-07-16 08:33:57,750 - INFO - 완료: 고추짬뽕 (24개, 100.0%)
2025-07-16 08:33:58,241 - INFO - 수집: 해물볶음밥 (할당: 24개)
2025-07-16 08:33:58,583 - INFO - 완료: 해물볶음밥 (24개, 100.0%)
2025-07-16 08:33:58,900 - INFO - 수집: 스키야키 (할당: 24개)
2025-07-16 08:33:59,248 - INFO - 완료: 스키야키 (24개, 100.0%)
2025-07-16 08:33:59,534 - INFO - 수집: 치즈케이크 (할당: 24개)
2025-07-16 08:33:59,976 - INFO - 완료: 치즈케이크 (24개, 100.0%)
2025-07-16 08:34:00,444 - INFO - 수집: 비건케이크 (할당: 24개)
2025-07-16 08:34:00,767 - INFO - 완료: 비건케이크 (24개, 100.0%)
2025-07-16 08:34:01,195 - INFO - 수집: 육개장 (할당: 23개)
2025-07-16 08:34:01,532 - INFO - 완료: 육개장 (23개, 100.0%)
2025-07-16 08:34:01,933 - INFO - 수집: 멸치국수 (할당: 23개)
2025-07-16 08:34:02,282 - INFO - 완료: 멸치국수 (23개, 100.0%)
2025-07-16 08:34:02,551 - INFO - 수집: 닭발 (할당: 23개)
2025-07-16 08:34:02,899 - INFO - 완료: 닭발 (23개, 100.0%)
2025-07-16 08:34:03,119 - INFO - 수집: 마요새우 (할당: 23개)
2025-07-16 08:34:03,480 - INFO - 완료: 마요새우 (23개, 100.0%)
2025-07-16 08:34:03,831 - INFO - 수집: 차슈라멘 (할당: 23개)
2025-07-16 08:34:04,166 - INFO - 완료: 차슈라멘 (23개, 100.0%)
2025-07-16 08:34:04,564 - INFO - 수집: 월남쌈 (할당: 23개)
2025-07-16 08:34:04,883 - INFO - 완료: 월남쌈 (23개, 100.0%)
2025-07-16 08:34:05,261 - INFO - 수집: 락사 (할당: 23개)
2025-07-16 08:34:05,615 - INFO - 완료: 락사 (23개, 100.0%)
2025-07-16 08:34:06,092 - INFO - 수집: 시카고피자 (할당: 23개)
2025-07-16 08:34:06,431 - INFO - 완료: 시카고피자 (23개, 100.0%)
2025-07-16 08:34:06,670 - INFO - 수집: 생갈비 (할당: 22개)
2025-07-16 08:34:07,001 - INFO - 완료: 생갈비 (22개, 100.0%)
2025-07-16 08:34:07,428 - INFO - 수집: 삼치구이 (할당: 22개)
2025-07-16 08:34:07,764 - INFO - 완료: 삼치구이 (22개, 100.0%)
2025-07-16 08:34:08,050 - INFO - 수집: 너구리 (할당: 22개)
2025-07-16 08:34:08,416 - INFO - 완료: 너구리 (22개, 100.0%)
2025-07-16 08:34:08,716 - INFO - 수집: 마제소바 (할당: 22개)
2025-07-16 08:34:09,049 - INFO - 완료: 마제소바 (22개, 100.0%)
2025-07-16 08:34:09,270 - INFO - 수집: 오코노미야키 (할당: 22개)
2025-07-16 08:34:09,663 - INFO - 완료: 오코노미야키 (22개, 100.0%)
2025-07-16 08:34:09,967 - INFO - 수집: 클램차우더 (할당: 22개)
2025-07-16 08:34:10,283 - INFO - 완료: 클램차우더 (22개, 100.0%)
2025-07-16 08:34:10,567 - INFO - 수집: 비건버거 (할당: 22개)
2025-07-16 08:34:10,900 - INFO - 완료: 비건버거 (22개, 100.0%)
2025-07-16 08:34:11,153 - INFO - 수집: 목살 (할당: 21개)
2025-07-16 08:34:11,514 - INFO - 완료: 목살 (21개, 100.0%)
2025-07-16 08:34:11,882 - INFO - 수집: 칠리새우 (할당: 21개)
2025-07-16 08:34:12,217 - INFO - 완료: 칠리새우 (21개, 100.0%)
2025-07-16 08:34:12,564 - INFO - 수집: 카페프라페 (할당: 21개)
2025-07-16 08:34:12,901 - INFO - 완료: 카페프라페 (21개, 100.0%)
2025-07-16 08:34:13,186 - INFO - 수집: 생크림케이크 (할당: 21개)
2025-07-16 08:34:13,531 - INFO - 완료: 생크림케이크 (21개, 100.0%)
2025-07-16 08:34:13,897 - INFO - 수집: 마라파스타 (할당: 21개)
2025-07-16 08:34:14,265 - INFO - 완료: 마라파스타 (21개, 100.0%)
2025-07-16 08:34:14,742 - INFO - 수집: 땅콩 (할당: 20개)
2025-07-16 08:34:15,131 - INFO - 완료: 땅콩 (20개, 100.0%)
2025-07-16 08:34:15,388 - INFO - 수집: 컵라면 (할당: 20개)
2025-07-16 08:34:15,732 - INFO - 완료: 컵라면 (20개, 100.0%)
2025-07-16 08:34:16,132 - INFO - 수집: 볶음밥+탕수육 (할당: 20개)
2025-07-16 08:34:16,483 - INFO - 완료: 볶음밥+탕수육 (20개, 100.0%)
2025-07-16 08:34:16,946 - INFO - 수집: 마르게리타 (할당: 20개)
2025-07-16 08:34:17,283 - INFO - 완료: 마르게리타 (20개, 100.0%)
2025-07-16 08:34:17,713 - INFO - 수집: 스테이크와샐러드 (할당: 20개)
2025-07-16 08:34:18,097 - INFO - 완료: 스테이크와샐러드 (20개, 100.0%)
2025-07-16 08:34:18,337 - INFO - 수집: 소시지 (할당: 20개)
2025-07-16 08:34:18,683 - INFO - 완료: 소시지 (20개, 100.0%)
2025-07-16 08:34:18,921 - INFO - 수집: 한국식피자 (할당: 20개)
2025-07-16 08:34:19,250 - INFO - 완료: 한국식피자 (20개, 100.0%)
2025-07-16 08:34:19,712 - INFO - 수집: 아메리카노 (할당: 20개)
2025-07-16 08:34:20,098 - INFO - 완료: 아메리카노 (20개, 100.0%)
2025-07-16 08:34:20,385 - INFO - 수집: 시금치나물 (할당: 19개)
2025-07-16 08:34:20,748 - INFO - 완료: 시금치나물 (19개, 100.0%)
2025-07-16 08:34:21,229 - INFO - 수집: 스크램블에그 (할당: 19개)
2025-07-16 08:34:21,566 - INFO - 완료: 스크램블에그 (19개, 100.0%)
2025-07-16 08:34:21,916 - INFO - 수집: 뼈해장국 (할당: 19개)
2025-07-16 08:34:22,234 - INFO - 완료: 뼈해장국 (19개, 100.0%)
2025-07-16 08:34:22,551 - INFO - 수집: 마늘보쌈 (할당: 19개)
2025-07-16 08:34:22,850 - INFO - 완료: 마늘보쌈 (19개, 100.0%)
2025-07-16 08:34:23,102 - INFO - 수집: 회덮밥 (할당: 19개)
2025-07-16 08:34:23,419 - INFO - 완료: 회덮밥 (19개, 100.0%)
2025-07-16 08:34:23,927 - INFO - 수집: 유니짜장 (할당: 19개)
2025-07-16 08:34:24,234 - INFO - 완료: 유니짜장 (19개, 100.0%)
2025-07-16 08:34:24,713 - INFO - 수집: 물냉면 (할당: 19개)
2025-07-16 08:34:25,033 - INFO - 완료: 물냉면 (19개, 100.0%)
2025-07-16 08:34:25,515 - INFO - 수집: 해물탕 (할당: 19개)
2025-07-16 08:34:25,833 - INFO - 완료: 해물탕 (19개, 100.0%)
2025-07-16 08:34:26,327 - INFO - 수집: 훠궈 (할당: 19개)
2025-07-16 08:34:26,683 - INFO - 완료: 훠궈 (19개, 100.0%)
2025-07-16 08:34:27,161 - INFO - 수집: 매운라멘 (할당: 19개)
2025-07-16 08:34:27,514 - INFO - 완료: 매운라멘 (19개, 100.0%)
2025-07-16 08:34:27,738 - INFO - 수집: 샤브샤브 (할당: 19개)
2025-07-16 08:34:28,132 - INFO - 완료: 샤브샤브 (19개, 100.0%)
2025-07-16 08:34:28,532 - INFO - 수집: 돈까스버거 (할당: 19개)
2025-07-16 08:34:28,867 - INFO - 완료: 돈까스버거 (19개, 100.0%)
2025-07-16 08:34:29,281 - INFO - 수집: 비빔냉면 (할당: 18개)
2025-07-16 08:34:29,619 - INFO - 완료: 비빔냉면 (18개, 100.0%)
2025-07-16 08:34:29,902 - INFO - 수집: 잡채밥 (할당: 18개)
2025-07-16 08:34:30,234 - INFO - 완료: 잡채밥 (18개, 100.0%)
2025-07-16 08:34:30,613 - INFO - 수집: 캘리포니아롤 (할당: 18개)
2025-07-16 08:34:30,934 - INFO - 완료: 캘리포니아롤 (18개, 100.0%)
2025-07-16 08:34:31,346 - INFO - 수집: 닭튀김 (할당: 18개)
2025-07-16 08:34:31,732 - INFO - 완료: 닭튀김 (18개, 100.0%)
2025-07-16 08:34:32,069 - INFO - 수집: 야키소바 (할당: 18개)
2025-07-16 08:34:32,399 - INFO - 완료: 야키소바 (18개, 100.0%)
2025-07-16 08:34:32,862 - INFO - 수집: 치즈버거 (할당: 18개)
2025-07-16 08:34:33,232 - INFO - 완료: 치즈버거 (18개, 100.0%)
2025-07-16 08:34:33,600 - INFO - 수집: 김치볶음밥 (할당: 18개)
2025-07-16 08:34:33,981 - INFO - 완료: 김치볶음밥 (18개, 100.0%)
2025-07-16 08:34:34,330 - INFO - 수집: 미역국 (할당: 17개)
2025-07-16 08:34:34,652 - INFO - 완료: 미역국 (17개, 100.0%)
2025-07-16 08:34:35,094 - INFO - 수집: 설렁탕 (할당: 17개)
2025-07-16 08:34:35,402 - INFO - 완료: 설렁탕 (17개, 100.0%)
2025-07-16 08:34:35,637 - INFO - 수집: 마라샹궈 (할당: 17개)
2025-07-16 08:34:35,999 - INFO - 완료: 마라샹궈 (17개, 100.0%)
2025-07-16 08:34:36,334 - INFO - 수집: 규동 (할당: 17개)
2025-07-16 08:34:36,668 - INFO - 완료: 규동 (17개, 100.0%)
2025-07-16 08:34:37,017 - INFO - 수집: 버섯리조또 (할당: 17개)
2025-07-16 08:34:37,333 - INFO - 완료: 버섯리조또 (17개, 100.0%)
2025-07-16 08:34:37,797 - INFO - 수집: 양파수프 (할당: 17개)
2025-07-16 08:34:38,103 - INFO - 완료: 양파수프 (17개, 100.0%)
2025-07-16 08:34:38,564 - INFO - 수집: 딤섬 (할당: 17개)
2025-07-16 08:34:38,885 - INFO - 완료: 딤섬 (17개, 100.0%)
2025-07-16 08:34:39,235 - INFO - 수집: 에스프레소 (할당: 17개)
2025-07-16 08:34:39,600 - INFO - 완료: 에스프레소 (17개, 100.0%)
2025-07-16 08:34:39,997 - INFO - 수집: 호텔뷔페 (할당: 17개)
2025-07-16 08:34:40,365 - INFO - 완료: 호텔뷔페 (17개, 100.0%)
2025-07-16 08:34:40,797 - INFO - 수집: 오징어튀김 (할당: 16개)
2025-07-16 08:34:41,179 - INFO - 완료: 오징어튀김 (16개, 100.0%)
2025-07-16 08:34:41,613 - INFO - 수집: 깐쇼새우 (할당: 16개)
2025-07-16 08:34:41,950 - INFO - 완료: 깐쇼새우 (16개, 100.0%)
2025-07-16 08:34:42,301 - INFO - 수집: 물만두 (할당: 16개)
2025-07-16 08:34:42,633 - INFO - 완료: 물만두 (16개, 100.0%)
2025-07-16 08:34:42,968 - INFO - 수집: 미소라멘 (할당: 16개)
2025-07-16 08:34:43,300 - INFO - 완료: 미소라멘 (16개, 100.0%)
2025-07-16 08:34:43,749 - INFO - 수집: 치킨가라아게 (할당: 16개)
2025-07-16 08:34:44,083 - INFO - 완료: 치킨가라아게 (16개, 100.0%)
2025-07-16 08:34:44,514 - INFO - 수집: 야키니쿠 (할당: 16개)
2025-07-16 08:34:44,834 - INFO - 완료: 야키니쿠 (16개, 100.0%)
2025-07-16 08:34:45,057 - INFO - 수집: 치즈리조또 (할당: 16개)
2025-07-16 08:34:45,416 - INFO - 완료: 치즈리조또 (16개, 100.0%)
2025-07-16 08:34:45,655 - INFO - 수집: 크로크무슈 (할당: 16개)
2025-07-16 08:34:45,970 - INFO - 완료: 크로크무슈 (16개, 100.0%)
2025-07-16 08:34:46,481 - INFO - 수집: 초콜릿프라페 (할당: 16개)
2025-07-16 08:34:46,802 - INFO - 완료: 초콜릿프라페 (16개, 100.0%)
2025-07-16 08:34:47,069 - INFO - 수집: 딸기프라페 (할당: 16개)
2025-07-16 08:34:47,402 - INFO - 완료: 딸기프라페 (16개, 100.0%)
2025-07-16 08:34:47,669 - INFO - 수집: 일식파스타 (할당: 16개)
2025-07-16 08:34:48,051 - INFO - 완료: 일식파스타 (16개, 100.0%)
2025-07-16 08:34:48,353 - INFO - 수집: 템페 (할당: 16개)
2025-07-16 08:34:48,685 - INFO - 완료: 템페 (16개, 100.0%)
2025-07-16 08:34:48,971 - INFO - 수집: 청국장찌개 (할당: 15개)
2025-07-16 08:34:49,285 - INFO - 완료: 청국장찌개 (15개, 100.0%)
2025-07-16 08:34:49,506 - INFO - 수집: 콩나물해장국 (할당: 15개)
2025-07-16 08:34:49,866 - INFO - 완료: 콩나물해장국 (15개, 100.0%)
2025-07-16 08:34:50,345 - INFO - 수집: 로제떡볶이 (할당: 15개)
2025-07-16 08:34:50,684 - INFO - 완료: 로제떡볶이 (15개, 100.0%)
2025-07-16 08:34:50,906 - INFO - 수집: 타코 (할당: 15개)
2025-07-16 08:34:51,268 - INFO - 완료: 타코 (15개, 100.0%)
2025-07-16 08:34:51,505 - INFO - 수집: 감자튀김 (할당: 15개)
2025-07-16 08:34:51,896 - INFO - 완료: 감자튀김 (15개, 100.0%)
2025-07-16 08:34:52,381 - INFO - 수집: 마늘치킨 (할당: 15개)
2025-07-16 08:34:52,726 - INFO - 완료: 마늘치킨 (15개, 100.0%)
2025-07-16 08:34:53,068 - INFO - 수집: 퀴노아볼 (할당: 15개)
2025-07-16 08:34:53,407 - INFO - 완료: 퀴노아볼 (15개, 100.0%)
2025-07-16 08:34:53,862 - INFO - 수집: 삼계죽 (할당: 14개)
2025-07-16 08:34:54,190 - INFO - 완료: 삼계죽 (14개, 100.0%)
2025-07-16 08:34:54,665 - INFO - 수집: 치즈떡볶이 (할당: 14개)
2025-07-16 08:34:55,011 - INFO - 완료: 치즈떡볶이 (14개, 100.0%)
2025-07-16 08:34:55,426 - INFO - 수집: 찜닭 (할당: 14개)
2025-07-16 08:34:55,774 - INFO - 완료: 찜닭 (14개, 100.0%)
2025-07-16 08:34:56,061 - INFO - 수집: 골뱅이무침 (할당: 14개)
2025-07-16 08:34:56,393 - INFO - 완료: 골뱅이무침 (14개, 100.0%)
2025-07-16 08:34:56,833 - INFO - 수집: 카레우동 (할당: 14개)
2025-07-16 08:34:57,177 - INFO - 완료: 카레우동 (14개, 100.0%)
2025-07-16 08:34:57,430 - INFO - 수집: 알리오올리오 (할당: 14개)
2025-07-16 08:34:57,784 - INFO - 완료: 알리오올리오 (14개, 100.0%)
2025-07-16 08:34:58,151 - INFO - 수집: 후라이드치킨 (할당: 14개)
2025-07-16 08:34:58,692 - INFO - 완료: 후라이드치킨 (14개, 100.0%)
2025-07-16 08:34:59,015 - INFO - 수집: 망고빙수 (할당: 14개)
2025-07-16 08:34:59,413 - INFO - 완료: 망고빙수 (14개, 100.0%)
2025-07-16 08:34:59,798 - INFO - 수집: 마카롱 (할당: 14개)
2025-07-16 08:35:00,194 - INFO - 완료: 마카롱 (14개, 100.0%)
2025-07-16 08:35:00,658 - INFO - 수집: 한식덮밥 (할당: 14개)
2025-07-16 08:35:01,008 - INFO - 완료: 한식덮밥 (14개, 100.0%)
2025-07-16 08:35:01,362 - INFO - 수집: 등뼈찜 (할당: 13개)
2025-07-16 08:35:01,848 - INFO - 완료: 등뼈찜 (13개, 100.0%)
2025-07-16 08:35:02,265 - INFO - 수집: 생선구이도시락 (할당: 13개)
2025-07-16 08:36:48,219 - INFO - 완료: 생선구이도시락 (13개, 100.0%)
2025-07-16 08:36:48,563 - INFO - 수집: 냉라면 (할당: 13개)
2025-07-16 08:36:49,108 - INFO - 완료: 냉라면 (13개, 100.0%)
2025-07-16 08:36:49,457 - INFO - 수집: 연어덮밥 (할당: 13개)
2025-07-16 08:36:49,812 - INFO - 완료: 연어덮밥 (13개, 100.0%)
2025-07-16 08:36:50,251 - INFO - 수집: 쇼유라멘 (할당: 13개)
2025-07-16 08:36:50,540 - INFO - 완료: 쇼유라멘 (13개, 100.0%)
2025-07-16 08:36:51,008 - INFO - 수집: 팬케이크 (할당: 13개)
2025-07-16 08:36:51,378 - INFO - 완료: 팬케이크 (13개, 100.0%)
2025-07-16 08:36:51,670 - INFO - 수집: 똠얌꿍 (할당: 13개)
2025-07-16 08:36:51,973 - INFO - 완료: 똠얌꿍 (13개, 100.0%)
2025-07-16 08:36:52,303 - INFO - 수집: 사테 (할당: 13개)
2025-07-16 08:36:52,607 - INFO - 완료: 사테 (13개, 100.0%)
2025-07-16 08:36:53,098 - INFO - 수집: 크리스피 (할당: 13개)
2025-07-16 08:36:53,438 - INFO - 완료: 크리스피 (13개, 100.0%)
2025-07-16 08:36:53,739 - INFO - 수집: 롱블랙 (할당: 13개)
2025-07-16 08:36:54,119 - INFO - 완료: 롱블랙 (13개, 100.0%)
2025-07-16 08:36:54,582 - INFO - 수집: 한식뷔페 (할당: 13개)
2025-07-16 08:36:54,938 - INFO - 완료: 한식뷔페 (13개, 100.0%)
2025-07-16 08:36:55,364 - INFO - 수집: 단호박죽 (할당: 12개)
2025-07-16 08:36:55,672 - INFO - 완료: 단호박죽 (12개, 100.0%)
2025-07-16 08:36:55,941 - INFO - 수집: 아귀찜 (할당: 12개)
2025-07-16 08:36:56,288 - INFO - 완료: 아귀찜 (12개, 100.0%)
2025-07-16 08:36:56,703 - INFO - 수집: 해물전 (할당: 12개)
2025-07-16 08:36:57,038 - INFO - 완료: 해물전 (12개, 100.0%)
2025-07-16 08:36:57,259 - INFO - 수집: 멍게무침 (할당: 12개)
2025-07-16 08:36:57,604 - INFO - 완료: 멍게무침 (12개, 100.0%)
2025-07-16 08:36:57,827 - INFO - 수집: 삼선짬뽕 (할당: 12개)
2025-07-16 08:36:58,155 - INFO - 완료: 삼선짬뽕 (12개, 100.0%)
2025-07-16 08:36:58,508 - INFO - 수집: 깐풍새우 (할당: 12개)
2025-07-16 08:36:58,837 - INFO - 완료: 깐풍새우 (12개, 100.0%)
2025-07-16 08:36:59,248 - INFO - 수집: 그라탱 (할당: 12개)
2025-07-16 08:36:59,556 - INFO - 완료: 그라탱 (12개, 100.0%)
2025-07-16 08:36:59,840 - INFO - 수집: 바비큐립 (할당: 12개)
2025-07-16 08:37:00,155 - INFO - 완료: 바비큐립 (12개, 100.0%)
2025-07-16 08:37:00,648 - INFO - 수집: 브리스킷 (할당: 12개)
2025-07-16 08:37:00,973 - INFO - 완료: 브리스킷 (12개, 100.0%)
2025-07-16 08:37:01,370 - INFO - 수집: 에그베네딕트 (할당: 12개)
2025-07-16 08:37:01,706 - INFO - 완료: 에그베네딕트 (12개, 100.0%)
2025-07-16 08:37:02,055 - INFO - 수집: 꼬치구이 (할당: 12개)
2025-07-16 08:37:02,435 - INFO - 완료: 꼬치구이 (12개, 100.0%)
2025-07-16 08:37:02,772 - INFO - 수집: 레드커리 (할당: 12개)
2025-07-16 08:37:03,090 - INFO - 완료: 레드커리 (12개, 100.0%)
2025-07-16 08:37:03,437 - INFO - 수집: 순살치킨 (할당: 12개)
2025-07-16 08:37:03,771 - INFO - 완료: 순살치킨 (12개, 100.0%)
2025-07-16 08:37:04,154 - INFO - 수집: 스시버거 (할당: 12개)
2025-07-16 08:37:04,487 - INFO - 완료: 스시버거 (12개, 100.0%)
2025-07-16 08:37:04,871 - INFO - 수집: 두부제육볶음 (할당: 11개)
2025-07-16 08:37:05,430 - INFO - 완료: 두부제육볶음 (11개, 100.0%)
2025-07-16 08:37:05,691 - INFO - 수집: 계란말이 (할당: 11개)
2025-07-16 08:37:06,071 - INFO - 완료: 계란말이 (11개, 100.0%)
2025-07-16 08:37:06,389 - INFO - 수집: 치즈부대찌개 (할당: 11개)
2025-07-16 08:37:06,769 - INFO - 완료: 치즈부대찌개 (11개, 100.0%)
2025-07-16 08:37:07,219 - INFO - 수집: LA갈비 (할당: 11개)
2025-07-16 08:37:07,539 - INFO - 완료: LA갈비 (11개, 100.0%)
2025-07-16 08:37:07,776 - INFO - 수집: 고등어구이 (할당: 11개)
2025-07-16 08:37:08,121 - INFO - 완료: 고등어구이 (11개, 100.0%)
2025-07-16 08:37:08,549 - INFO - 수집: 대게찜 (할당: 11개)
2025-07-16 08:37:08,874 - INFO - 완료: 대게찜 (11개, 100.0%)
2025-07-16 08:37:09,220 - INFO - 수집: 생라면 (할당: 11개)
2025-07-16 08:37:09,537 - INFO - 완료: 생라면 (11개, 100.0%)
2025-07-16 08:37:09,998 - INFO - 수집: 마파두부밥 (할당: 11개)
2025-07-16 08:37:10,371 - INFO - 완료: 마파두부밥 (11개, 100.0%)
2025-07-16 08:37:10,849 - INFO - 수집: 깐풍오징어 (할당: 11개)
2025-07-16 08:37:11,158 - INFO - 완료: 깐풍오징어 (11개, 100.0%)
2025-07-16 08:37:11,585 - INFO - 수집: 장어덮밥 (할당: 11개)
2025-07-16 08:37:11,921 - INFO - 완료: 장어덮밥 (11개, 100.0%)
2025-07-16 08:37:12,239 - INFO - 수집: 타코야키 (할당: 11개)
2025-07-16 08:37:12,555 - INFO - 완료: 타코야키 (11개, 100.0%)
2025-07-16 08:37:13,064 - INFO - 수집: 탄두리치킨 (할당: 11개)
2025-07-16 08:37:13,357 - INFO - 완료: 탄두리치킨 (11개, 100.0%)
2025-07-16 08:37:13,672 - INFO - 수집: 마끼아또 (할당: 11개)
2025-07-16 08:37:13,991 - INFO - 완료: 마끼아또 (11개, 100.0%)
2025-07-16 08:37:14,323 - INFO - 수집: 탄산음료 (할당: 11개)
2025-07-16 08:37:14,670 - INFO - 완료: 탄산음료 (11개, 100.0%)
2025-07-16 08:37:14,892 - INFO - 수집: 팥빙수 (할당: 11개)
2025-07-16 08:37:15,223 - INFO - 완료: 팥빙수 (11개, 100.0%)
2025-07-16 08:37:15,473 - INFO - 수집: 마늘족발 (할당: 10개)
2025-07-16 08:37:15,807 - INFO - 완료: 마늘족발 (10개, 100.0%)
2025-07-16 08:37:16,090 - INFO - 수집: 계란탕 (할당: 10개)
2025-07-16 08:37:16,389 - INFO - 완료: 계란탕 (10개, 100.0%)
2025-07-16 08:37:16,804 - INFO - 수집: 하가우 (할당: 10개)
2025-07-16 08:37:17,122 - INFO - 완료: 하가우 (10개, 100.0%)
2025-07-16 08:37:17,472 - INFO - 수집: 슈마이 (할당: 10개)
2025-07-16 08:37:17,791 - INFO - 완료: 슈마이 (10개, 100.0%)
2025-07-16 08:37:18,247 - INFO - 수집: 시오라멘 (할당: 10개)
2025-07-16 08:37:18,588 - INFO - 완료: 시오라멘 (10개, 100.0%)
2025-07-16 08:37:18,935 - INFO - 수집: 맑은라멘 (할당: 10개)
2025-07-16 08:37:19,239 - INFO - 완료: 맑은라멘 (10개, 100.0%)
2025-07-16 08:37:19,556 - INFO - 수집: 자루소바 (할당: 10개)
2025-07-16 08:37:19,857 - INFO - 완료: 자루소바 (10개, 100.0%)
2025-07-16 08:37:20,269 - INFO - 수집: 아라비아따 (할당: 10개)
2025-07-16 08:37:20,588 - INFO - 완료: 아라비아따 (10개, 100.0%)
2025-07-16 08:37:20,875 - INFO - 수집: 엔칠라다 (할당: 10개)
2025-07-16 08:37:21,190 - INFO - 완료: 엔칠라다 (10개, 100.0%)
2025-07-16 08:37:21,620 - INFO - 수집: 간장치킨 (할당: 10개)
2025-07-16 08:37:21,973 - INFO - 완료: 간장치킨 (10개, 100.0%)
2025-07-16 08:37:22,355 - INFO - 수집: 라멘버거 (할당: 10개)
2025-07-16 08:37:22,704 - INFO - 완료: 라멘버거 (10개, 100.0%)
2025-07-16 08:37:22,912 - INFO - 수집: 도라지무침 (할당: 9개)
2025-07-16 08:37:23,238 - INFO - 완료: 도라지무침 (9개, 100.0%)
2025-07-16 08:37:23,684 - INFO - 수집: 냉채족발 (할당: 9개)
2025-07-16 08:37:24,024 - INFO - 완료: 냉채족발 (9개, 100.0%)
2025-07-16 08:37:24,500 - INFO - 수집: 굴보쌈 (할당: 9개)
2025-07-16 08:37:24,838 - INFO - 완료: 굴보쌈 (9개, 100.0%)
2025-07-16 08:37:25,092 - INFO - 수집: 온면 (할당: 9개)
2025-07-16 08:37:25,422 - INFO - 완료: 온면 (9개, 100.0%)
2025-07-16 08:37:25,920 - INFO - 수집: 녹두죽 (할당: 9개)
2025-07-16 08:37:26,241 - INFO - 완료: 녹두죽 (9개, 100.0%)
2025-07-16 08:37:26,718 - INFO - 수집: 김치전 (할당: 9개)
2025-07-16 08:37:27,104 - INFO - 완료: 김치전 (9개, 100.0%)
2025-07-16 08:37:27,570 - INFO - 수집: 냉짬뽕 (할당: 9개)
2025-07-16 08:37:27,874 - INFO - 완료: 냉짬뽕 (9개, 100.0%)
2025-07-16 08:37:28,223 - INFO - 수집: 차돌볶음밥 (할당: 9개)
2025-07-16 08:37:28,557 - INFO - 완료: 차돌볶음밥 (9개, 100.0%)
2025-07-16 08:37:28,856 - INFO - 수집: 완자탕 (할당: 9개)
2025-07-16 08:37:29,158 - INFO - 완료: 완자탕 (9개, 100.0%)
2025-07-16 08:37:29,441 - INFO - 수집: 라조기 (할당: 9개)
2025-07-16 08:37:29,758 - INFO - 완료: 라조기 (9개, 100.0%)
2025-07-16 08:37:30,155 - INFO - 수집: 마라탕 (할당: 9개)
2025-07-16 08:37:30,538 - INFO - 완료: 마라탕 (9개, 100.0%)
2025-07-16 08:37:30,858 - INFO - 수집: 마라룽샤 (할당: 9개)
2025-07-16 08:37:31,174 - INFO - 완료: 마라룽샤 (9개, 100.0%)
2025-07-16 08:37:31,426 - INFO - 수집: 짬짜면 (할당: 9개)
2025-07-16 08:37:31,756 - INFO - 완료: 짬짜면 (9개, 100.0%)
2025-07-16 08:37:32,122 - INFO - 수집: 연어사시미 (할당: 9개)
2025-07-16 08:37:32,872 - INFO - 완료: 연어사시미 (9개, 100.0%)
2025-07-16 08:37:33,368 - INFO - 수집: 필라델피아롤 (할당: 9개)
2025-07-16 08:37:33,704 - INFO - 완료: 필라델피아롤 (9개, 100.0%)
2025-07-16 08:37:34,151 - INFO - 수집: 탄탄멘 (할당: 9개)
2025-07-16 08:37:34,458 - INFO - 완료: 탄탄멘 (9개, 100.0%)
2025-07-16 08:37:34,775 - INFO - 수집: 베이크드파스타 (할당: 9개)
2025-07-16 08:37:35,092 - INFO - 완료: 베이크드파스타 (9개, 100.0%)
2025-07-16 08:37:35,311 - INFO - 수집: 스크램블 (할당: 9개)
2025-07-16 08:37:35,624 - INFO - 완료: 스크램블 (9개, 100.0%)
2025-07-16 08:37:36,068 - INFO - 수집: 양고기커리 (할당: 9개)
2025-07-16 08:37:36,461 - INFO - 완료: 양고기커리 (9개, 100.0%)
2025-07-16 08:37:36,808 - INFO - 수집: 나시고렝 (할당: 9개)
2025-07-16 08:37:37,107 - INFO - 완료: 나시고렝 (9개, 100.0%)
2025-07-16 08:37:37,553 - INFO - 수집: 딥디쉬 (할당: 9개)
2025-07-16 08:37:37,858 - INFO - 완료: 딥디쉬 (9개, 100.0%)
2025-07-16 08:37:38,351 - INFO - 수집: 카라멜마끼아또 (할당: 9개)
2025-07-16 08:37:38,673 - INFO - 완료: 카라멜마끼아또 (9개, 100.0%)
2025-07-16 08:37:39,136 - INFO - 수집: 그릭요거트 (할당: 9개)
2025-07-16 08:37:39,472 - INFO - 완료: 그릭요거트 (9개, 100.0%)
2025-07-16 08:37:39,969 - INFO - 수집: 콩나물국 (할당: 8개)
2025-07-16 08:37:40,306 - INFO - 완료: 콩나물국 (8개, 100.0%)
2025-07-16 08:37:40,721 - INFO - 수집: 생선회 (할당: 8개)
2025-07-16 08:37:41,073 - INFO - 완료: 생선회 (8개, 100.0%)
2025-07-16 08:37:41,294 - INFO - 수집: 삼선짜장 (할당: 8개)
2025-07-16 08:37:41,622 - INFO - 완료: 삼선짜장 (8개, 100.0%)
2025-07-16 08:37:42,054 - INFO - 수집: 유니볶음면 (할당: 8개)
2025-07-16 08:37:42,405 - INFO - 완료: 유니볶음면 (8개, 100.0%)
2025-07-16 08:37:42,676 - INFO - 수집: 샤오롱바오 (할당: 8개)
2025-07-16 08:37:42,992 - INFO - 완료: 샤오롱바오 (8개, 100.0%)
2025-07-16 08:37:43,325 - INFO - 수집: 탕짜면 (할당: 8개)
2025-07-16 08:37:43,656 - INFO - 완료: 탕짜면 (8개, 100.0%)
2025-07-16 08:37:44,100 - INFO - 수집: 참치사시미 (할당: 8개)
2025-07-16 08:37:44,439 - INFO - 완료: 참치사시미 (8개, 100.0%)
2025-07-16 08:37:44,790 - INFO - 수집: 츠케멘 (할당: 8개)
2025-07-16 08:37:45,108 - INFO - 완료: 츠케멘 (8개, 100.0%)
2025-07-16 08:37:45,584 - INFO - 수집: 오야코동 (할당: 8개)
2025-07-16 08:37:45,907 - INFO - 완료: 오야코동 (8개, 100.0%)
2025-07-16 08:37:46,189 - INFO - 수집: 텐동 (할당: 8개)
2025-07-16 08:37:46,523 - INFO - 완료: 텐동 (8개, 100.0%)
2025-07-16 08:37:46,794 - INFO - 수집: 가케우동 (할당: 8개)
2025-07-16 08:37:47,108 - INFO - 완료: 가케우동 (8개, 100.0%)
2025-07-16 08:37:47,618 - INFO - 수집: 치킨가츠 (할당: 8개)
2025-07-16 08:37:47,940 - INFO - 완료: 치킨가츠 (8개, 100.0%)
2025-07-16 08:37:48,371 - INFO - 수집: 새우텐푸라 (할당: 8개)
2025-07-16 08:37:48,691 - INFO - 완료: 새우텐푸라 (8개, 100.0%)
2025-07-16 08:37:48,928 - INFO - 수집: 미고렝 (할당: 8개)
2025-07-16 08:37:49,243 - INFO - 완료: 미고렝 (8개, 100.0%)
2025-07-16 08:37:49,688 - INFO - 수집: 윙 (할당: 8개)
2025-07-16 08:37:50,037 - INFO - 완료: 윙 (8개, 100.0%)
2025-07-16 08:37:50,472 - INFO - 수집: 두꺼운피자 (할당: 8개)
2025-07-16 08:37:50,807 - INFO - 완료: 두꺼운피자 (8개, 100.0%)
2025-07-16 08:37:51,046 - INFO - 수집: 얇은피자 (할당: 8개)
2025-07-16 08:37:51,358 - INFO - 완료: 얇은피자 (8개, 100.0%)
2025-07-16 08:37:51,721 - INFO - 수집: 샐러드뷔페 (할당: 8개)
2025-07-16 08:37:52,073 - INFO - 완료: 샐러드뷔페 (8개, 100.0%)
2025-07-16 08:37:52,376 - INFO - 수집: 산라탕 (할당: 7개)
2025-07-16 08:37:52,692 - INFO - 완료: 산라탕 (7개, 100.0%)
2025-07-16 08:37:53,023 - INFO - 수집: 텐푸라우동 (할당: 7개)
2025-07-16 08:37:53,355 - INFO - 완료: 텐푸라우동 (7개, 100.0%)
2025-07-16 08:37:53,753 - INFO - 수집: 피쉬앤칩스 (할당: 7개)
2025-07-16 08:37:54,106 - INFO - 완료: 피쉬앤칩스 (7개, 100.0%)
2025-07-16 08:37:54,327 - INFO - 수집: 씬크러스트 (할당: 7개)
2025-07-16 08:37:54,642 - INFO - 완료: 씬크러스트 (7개, 100.0%)
2025-07-16 08:37:55,007 - INFO - 수집: 바닐라라떼 (할당: 7개)
2025-07-16 08:37:55,373 - INFO - 완료: 바닐라라떼 (7개, 100.0%)
2025-07-16 08:37:55,723 - INFO - 수집: 레몬에이드 (할당: 7개)
2025-07-16 08:37:56,059 - INFO - 완료: 레몬에이드 (7개, 100.0%)
2025-07-16 08:37:56,342 - INFO - 수집: 불족발 (할당: 6개)
2025-07-16 08:37:56,704 - INFO - 완료: 불족발 (6개, 100.0%)
2025-07-16 08:37:57,156 - INFO - 수집: 소고기야채죽 (할당: 6개)
2025-07-16 08:37:57,539 - INFO - 완료: 소고기야채죽 (6개, 100.0%)
2025-07-16 08:37:57,859 - INFO - 수집: 닭죽 (할당: 6개)
2025-07-16 08:37:58,176 - INFO - 완료: 닭죽 (6개, 100.0%)
2025-07-16 08:37:58,541 - INFO - 수집: 마라면 (할당: 6개)
2025-07-16 08:37:58,858 - INFO - 완료: 마라면 (6개, 100.0%)
2025-07-16 08:37:59,353 - INFO - 수집: 덮밥세트 (할당: 6개)
2025-07-16 08:37:59,724 - INFO - 완료: 덮밥세트 (6개, 100.0%)
2025-07-16 08:38:00,219 - INFO - 수집: 김밥롤 (할당: 6개)
2025-07-16 08:38:00,558 - INFO - 완료: 김밥롤 (6개, 100.0%)
2025-07-16 08:38:00,861 - INFO - 수집: 아부라소바 (할당: 6개)
2025-07-16 08:38:01,192 - INFO - 완료: 아부라소바 (6개, 100.0%)
2025-07-16 08:38:01,638 - INFO - 수집: 가츠동 (할당: 6개)
2025-07-16 08:38:01,958 - INFO - 완료: 가츠동 (6개, 100.0%)
2025-07-16 08:38:02,387 - INFO - 수집: 야채텐푸라 (할당: 6개)
2025-07-16 08:38:02,692 - INFO - 완료: 야채텐푸라 (6개, 100.0%)
2025-07-16 08:38:03,156 - INFO - 수집: 해물리조또 (할당: 6개)
2025-07-16 08:38:03,477 - INFO - 완료: 해물리조또 (6개, 100.0%)
2025-07-16 08:38:03,826 - INFO - 수집: 파히타 (할당: 6개)
2025-07-16 08:38:04,158 - INFO - 완료: 파히타 (6개, 100.0%)
2025-07-16 08:38:04,412 - INFO - 수집: 코브샐러드 (할당: 6개)
2025-07-16 08:38:04,726 - INFO - 완료: 코브샐러드 (6개, 100.0%)
2025-07-16 08:38:05,120 - INFO - 수집: 반미 (할당: 6개)
2025-07-16 08:38:05,427 - INFO - 완료: 반미 (6개, 100.0%)
2025-07-16 08:38:05,695 - INFO - 수집: 렌당 (할당: 6개)
2025-07-16 08:38:06,009 - INFO - 완료: 렌당 (6개, 100.0%)
2025-07-16 08:38:06,295 - INFO - 수집: 인절미빙수 (할당: 6개)
2025-07-16 08:38:06,627 - INFO - 완료: 인절미빙수 (6개, 100.0%)
2025-07-16 08:38:06,926 - INFO - 수집: 콩나물무침 (할당: 5개)
2025-07-16 08:38:07,242 - INFO - 완료: 콩나물무침 (5개, 100.0%)
2025-07-16 08:38:07,609 - INFO - 수집: 해물순두부찌개 (할당: 5개)
2025-07-16 08:38:07,974 - INFO - 완료: 해물순두부찌개 (5개, 100.0%)
2025-07-16 08:38:08,357 - INFO - 수집: 버섯순두부찌개 (할당: 5개)
2025-07-16 08:38:08,725 - INFO - 완료: 버섯순두부찌개 (5개, 100.0%)
2025-07-16 08:38:08,963 - INFO - 수집: 회보쌈 (할당: 5개)
2025-07-16 08:38:09,292 - INFO - 완료: 회보쌈 (5개, 100.0%)
2025-07-16 08:38:09,640 - INFO - 수집: 전복죽 (할당: 5개)
2025-07-16 08:38:10,008 - INFO - 완료: 전복죽 (5개, 100.0%)
2025-07-16 08:38:10,213 - INFO - 수집: 육포 (할당: 5개)
2025-07-16 08:38:10,526 - INFO - 완료: 육포 (5개, 100.0%)
2025-07-16 08:38:10,844 - INFO - 수집: 유산슬밥 (할당: 5개)
2025-07-16 08:38:11,161 - INFO - 완료: 유산슬밥 (5개, 100.0%)
2025-07-16 08:38:11,621 - INFO - 수집: 어향탕 (할당: 5개)
2025-07-16 08:38:11,862 - INFO - 완료: 어향탕 (5개, 100.0%)
2025-07-16 08:38:12,270 - INFO - 수집: 새콤달콤탕수육 (할당: 5개)
2025-07-16 08:38:12,607 - INFO - 완료: 새콤달콤탕수육 (5개, 100.0%)
2025-07-16 08:38:13,102 - INFO - 수집: 마라닭발 (할당: 5개)
2025-07-16 08:38:13,425 - INFO - 완료: 마라닭발 (5개, 100.0%)
2025-07-16 08:38:13,790 - INFO - 수집: 장어초밥 (할당: 5개)
2025-07-16 08:38:14,158 - INFO - 완료: 장어초밥 (5개, 100.0%)
2025-07-16 08:38:14,506 - INFO - 수집: 모둠사시미 (할당: 5개)
2025-07-16 08:38:14,827 - INFO - 완료: 모둠사시미 (5개, 100.0%)
2025-07-16 08:38:15,303 - INFO - 수집: 생선까스 (할당: 5개)
2025-07-16 08:38:15,611 - INFO - 완료: 생선까스 (5개, 100.0%)
2025-07-16 08:38:15,991 - INFO - 수집: 크로크마담 (할당: 5개)
2025-07-16 08:38:16,295 - INFO - 완료: 크로크마담 (5개, 100.0%)
2025-07-16 08:38:16,515 - INFO - 수집: 케사디아 (할당: 5개)
2025-07-16 08:38:16,827 - INFO - 완료: 케사디아 (5개, 100.0%)
2025-07-16 08:38:17,240 - INFO - 수집: 분보 (할당: 5개)
2025-07-16 08:38:17,573 - INFO - 완료: 분보 (5개, 100.0%)
2025-07-16 08:38:17,958 - INFO - 수집: 똠얌갈비 (할당: 5개)
2025-07-16 08:38:18,277 - INFO - 완료: 똠얌갈비 (5개, 100.0%)
2025-07-16 08:38:18,498 - INFO - 수집: 뿌링클 (할당: 5개)
2025-07-16 08:38:18,810 - INFO - 완료: 뿌링클 (5개, 100.0%)
2025-07-16 08:38:19,061 - INFO - 수집: 팝콘치킨 (할당: 5개)
2025-07-16 08:38:19,409 - INFO - 완료: 팝콘치킨 (5개, 100.0%)
2025-07-16 08:38:19,774 - INFO - 수집: 곰탕 (할당: 4개)
2025-07-16 08:38:20,140 - INFO - 완료: 곰탕 (4개, 100.0%)
2025-07-16 08:38:20,396 - INFO - 수집: 삼계탕 (할당: 4개)
2025-07-16 08:38:20,726 - INFO - 완료: 삼계탕 (4개, 100.0%)
2025-07-16 08:38:21,155 - INFO - 수집: 막국수 (할당: 4개)
2025-07-16 08:38:21,510 - INFO - 완료: 막국수 (4개, 100.0%)
2025-07-16 08:38:21,859 - INFO - 수집: 냉면 (할당: 4개)
2025-07-16 08:38:22,225 - INFO - 완료: 냉면 (4개, 100.0%)
2025-07-16 08:38:22,671 - INFO - 수집: 삼겹살 (할당: 4개)
2025-07-16 08:38:23,121 - INFO - 완료: 삼겹살 (4개, 100.0%)
2025-07-16 08:38:23,413 - INFO - 수집: 불고기 (할당: 4개)
2025-07-16 08:38:23,790 - INFO - 완료: 불고기 (4개, 100.0%)
2025-07-16 08:38:24,013 - INFO - 수집: 옥수수탕 (할당: 4개)
2025-07-16 08:38:24,325 - INFO - 완료: 옥수수탕 (4개, 100.0%)
2025-07-16 08:38:24,691 - INFO - 수집: 우짬탕 (할당: 4개)
2025-07-16 08:38:24,945 - INFO - 완료: 우짬탕 (4개, 100.0%)
2025-07-16 08:38:25,403 - INFO - 수집: 모둠텐푸라 (할당: 4개)
2025-07-16 08:38:25,709 - INFO - 완료: 모둠텐푸라 (4개, 100.0%)
2025-07-16 08:38:25,961 - INFO - 수집: 안심 (할당: 4개)
2025-07-16 08:38:26,322 - INFO - 완료: 안심 (4개, 100.0%)
2025-07-16 08:38:26,787 - INFO - 수집: 나초 (할당: 4개)
2025-07-16 08:38:27,109 - INFO - 완료: 나초 (4개, 100.0%)
2025-07-16 08:38:27,585 - INFO - 수집: 고이쿤 (할당: 4개)
2025-07-16 08:38:27,851 - INFO - 실패: 고이쿤
2025-07-16 08:38:28,144 - INFO - 수집: 팬낭커리 (할당: 4개)
2025-07-16 08:38:28,413 - INFO - 완료: 팬낭커리 (4개, 100.0%)
2025-07-16 08:38:28,791 - INFO - 수집: 새콤매운국물 (할당: 4개)
2025-07-16 08:38:29,126 - INFO - 완료: 새콤매운국물 (4개, 100.0%)
2025-07-16 08:38:29,394 - INFO - 수집: 달커리 (할당: 4개)
2025-07-16 08:38:29,726 - INFO - 완료: 달커리 (4개, 100.0%)
2025-07-16 08:38:29,979 - INFO - 수집: 난 (할당: 4개)
2025-07-16 08:38:30,373 - INFO - 완료: 난 (4개, 100.0%)
2025-07-16 08:38:30,598 - INFO - 수집: 구이 (할당: 4개)
2025-07-16 08:38:31,119 - INFO - 완료: 구이 (4개, 100.0%)
2025-07-16 08:38:31,494 - INFO - 수집: 다리 (할당: 4개)
2025-07-16 08:38:31,970 - INFO - 완료: 다리 (4개, 100.0%)
2025-07-16 08:38:32,325 - INFO - 수집: 머핀 (할당: 4개)
2025-07-16 08:38:32,660 - INFO - 완료: 머핀 (4개, 100.0%)
2025-07-16 08:38:33,100 - INFO - 3단계 수집 완료: 총 7,794개
2025-07-16 08:38:33,255 - INFO - 재수집 시작: 1개 메뉴
2025-07-16 08:38:33,255 - INFO - 재수집: 고이쿤 (할당: 4개)
2025-07-16 08:38:33,490 - INFO - 재수집 실패: 고이쿤
2025-07-16 08:38:33,936 - INFO - 재수집 완료: 0개 추가 수집, 성공 0, 실패 1
2025-07-16 08:38:33,938 - INFO - 결과 저장 중...
2025-07-16 08:38:37,812 - INFO - 결과 저장 완료: menu_images_2025Q2_20250716_083833.xlsx
2025-07-16 08:38:37,812 - INFO - 전체 프로세스 완료! 수집: 7,794개 (재수집: 0개)
