keyword,search_volume,title,image_url,thumbnail_url,domain,estimated_period,collected_at
갈비,10000,"한우 요리 :: 한우 요리,소갈비찜,치즈 고추장 한우갈비,한우,한우요리 :: 맛집 정보 검색 NO.1 사이트, 메뉴판닷컴 :: 맛집 정보가 가득",http://cfile221.uf.daum.net/image/181212484D73AABE04BD4E,https://search.pstatic.net/sunny/?type=b150&src=http://cfile221.uf.daum.net/image/181212484D73AABE04BD4E,cfile221.uf.daum.net,2024-06,2025-07-14T18:10:29.681916
김밥,10000,"매생이로 만들 수 있는 음식레시피 좀 가르.. :: 매생이,뚜뚜루,매생이 계란말이,매생이 두부 달걀 밥,매생이바지락국,매생이요리,매생이전...",http://cfile10.uf.tistory.com/image/2061E2444D2F19690D2E82,https://search.pstatic.net/sunny/?type=b150&src=http://cfile10.uf.tistory.com/image/2061E2444D2F19690D2E82,cfile10.uf.tistory.com,2024-06,2025-07-14T18:10:31.105710
김밥,10000,웹진 인벤 : 김밥이랑 제일 잘 어울리는 음식은? - 오픈이슈갤러리 김밥이랑 제일 잘 어울리는 음식은?,https://upload3.inven.co.kr/upload/2024/06/12/bbs/i1373777356.jpg?MW=800,https://search.pstatic.net/sunny/?type=b150&src=https://upload3.inven.co.kr/upload/2024/06/12/bbs/i1373777356.jpg?MW=800,upload3.inven.co.kr,2024-06,2025-07-14T18:10:31.105710
김밥,10000,호불호 갈리는 김밥 퓨전음식.JPG - 오픈이슈갤러리 - 인벤 호불호 갈리는 김밥 퓨전음식.JPG,https://upload3.inven.co.kr/upload/2024/05/15/bbs/i1578938239.jpg?MW=800,https://search.pstatic.net/sunny/?type=b150&src=https://upload3.inven.co.kr/upload/2024/05/15/bbs/i1578938239.jpg?MW=800,upload3.inven.co.kr,2024-06,2025-07-14T18:10:31.478999
김치,10000,바닷가재 맛이라는 매미 요리…'매미 김치' 만드는 법(영상),http://imgnews.naver.net/image/003/2024/05/10/NISI20240510_0001547201_web_20240510122515_20240510145703707.gif,https://search.pstatic.net/common/?type=b150&src=http://imgnews.naver.net/image/003/2024/05/10/NISI20240510_0001547201_web_20240510122515_20240510145703707.gif,imgnews.naver.net,2024-06,2025-07-14T18:10:34.804262
김치,10000,"파김치 담그는법 :: 간단한파김치,김치,노란장미,콩알맘,파김치,파김치 맛나게 담그기,파김치담구는 방법,파김치담그는법,Clare :: 맛집 정보...",http://cfile65.uf.daum.net/image/1473B6334CAE7A6F48454A,https://search.pstatic.net/sunny/?type=b150&src=http://cfile65.uf.daum.net/image/1473B6334CAE7A6F48454A,cfile65.uf.daum.net,2024-06,2025-07-14T18:10:34.804262
김치,10000,"[김남수의 면역음식] 항암식품 김치, 항암과일 아보카도 맛있는 변신",http://imgnews.naver.net/image/5454/2024/07/18/0000013025_001_20240718103616110.jpg,https://search.pstatic.net/common/?type=b150&src=http://imgnews.naver.net/image/5454/2024/07/18/0000013025_001_20240718103616110.jpg,imgnews.naver.net,2024-06,2025-07-14T18:10:34.806270
김치,10000,김치위에 '벌레'가 왜…사상 최대 규모 등장 예고에 美서 주목하는 것,http://imgnews.naver.net/image/277/2024/05/09/0005416386_002_20240510133808202.jpeg,https://search.pstatic.net/common/?type=b150&src=http://imgnews.naver.net/image/277/2024/05/09/0005416386_002_20240510133808202.jpeg,imgnews.naver.net,2024-06,2025-07-14T18:10:34.806270
김치,10000,"항암 성분 풍부한 된장, ‘이렇게’ 먹어야 효과 도루묵 안 된다[아미랑]",http://imgnews.naver.net/image/346/2024/08/27/0000079368_001_20240829135418672.jpg,https://search.pstatic.net/common/?type=b150&src=http://imgnews.naver.net/image/346/2024/08/27/0000079368_001_20240829135418672.jpg,imgnews.naver.net,2024-06,2025-07-14T18:10:35.243408
라면,10000,"요리, food, 음식, 라면, ramen, 사진,이미지,일러스트,캘리그라피 - Ncatplayhotel작가 크라우드픽 - 저작권 걱정 없는 상업용 이미지",https://cdn.crowdpic.net/detail-thumb/thumb_d_0F2321D9F34570E0E9BA836814E4CED0.jpg,https://search.pstatic.net/sunny/?type=b150&src=https://cdn.crowdpic.net/detail-thumb/thumb_d_0F2321D9F34570E0E9BA836814E4CED0.jpg,cdn.crowdpic.net,2025-06,2025-07-14T18:10:27.419069
라면,10000,"라면 요리의 신세계 ‘라르보나라’ 만들기 | 요리, 창의적인 음식, 음식 요리법",https://i.pinimg.com/originals/ca/e3/2d/cae32d5d030c662aac60208fd78c0091.jpg,https://search.pstatic.net/sunny/?type=b150&src=https://i.pinimg.com/originals/ca/e3/2d/cae32d5d030c662aac60208fd78c0091.jpg,i.pinimg.com,2025-06,2025-07-14T18:10:27.419069
라면,10000,"e-요리 - 이마트몰, 당신과 가장 가까운 이마트 [오늘은e-요리]고수 요리 / 고수 라면",http://ui.ssgcdn.com/cmpt/recipe/202001/23/edbfe0aab2c64bccf2e44331c3fd5e401.jpg,https://search.pstatic.net/sunny/?type=b150&src=http://ui.ssgcdn.com/cmpt/recipe/202001/23/edbfe0aab2c64bccf2e44331c3fd5e401.jpg,ui.ssgcdn.com,2025-06,2025-07-14T18:10:27.419069
라면,10000,라면으로 요리한 과학 : 알라딘,https://image.aladin.co.kr/product/101/76/cover500/8901074168_2.jpg,https://search.pstatic.net/sunny/?type=b150&src=https://image.aladin.co.kr/product/101/76/cover500/8901074168_2.jpg,image.aladin.co.kr,2025-06,2025-07-14T18:10:27.419069
라면,10000,"라면, 즉석라면, 캠핑요리, 음식, 라면요리, 사진,이미지,일러스트,캘리그라피 - MOTT작가 크라우드픽 - 저작권 걱정 없는 상업용 이미지",https://cdn.crowdpic.net/detail-thumb/thumb_d_736CE13FB641112EC71F6E19BBF4A3E4.jpg,https://search.pstatic.net/sunny/?type=b150&src=https://cdn.crowdpic.net/detail-thumb/thumb_d_736CE13FB641112EC71F6E19BBF4A3E4.jpg,cdn.crowdpic.net,2025-06,2025-07-14T18:10:27.419069
라면,10000,"사발, 요리, 식품, 중국말, 조리, 야채, 일본, 짭짤한, 수프, 누들, 아시아 음식, 먹기, 뜨거운, 채식주의 자, 즉시, 스파게티, 라면, 저녁...",https://c.pxhere.com/photos/bb/81/food_ramen_noodles_cooking_japan_hot_soup_vegetable-650820.jpg!d,https://search.pstatic.net/sunny/?type=b150&src=https://c.pxhere.com/photos/bb/81/food_ramen_noodles_cooking_japan_hot_soup_vegetable-650820.jpg!d,c.pxhere.com,2025-06,2025-07-14T18:10:27.419069
라면,10000,"Ramen Chinese noodles Instant noodle Mongolian beef Recipe, Shrimp and vegetables noodles, soup, food png | PNGEgg",https://e7.pngegg.com/pngimages/62/690/png-clipart-ramen-chinese-noodles-instant-noodle-mongolian-beef-recipe-shrimp-and-vegetables-noodles-soup-food.png,https://search.pstatic.net/sunny/?type=b150&src=https://e7.pngegg.com/pngimages/62/690/png-clipart-ramen-chinese-noodles-instant-noodle-mongolian-beef-recipe-shrimp-and-vegetables-noodles-soup-food.png,e7.pngegg.com,2025-06,2025-07-14T18:10:27.419069
라면,10000,발열제 불 없이 비화식 요리 음식 라면 도시락 캠핑 발열팩 6개 : 바잉바잉몰,http://shop1.phinf.naver.net/20250313_213/1741830533149xC8aL_PNG/17016985224785244_221333214.png,https://search.pstatic.net/common/?type=b150&src=http://shop1.phinf.naver.net/20250313_213/1741830533149xC8aL_PNG/17016985224785244_221333214.png,shop1.phinf.naver.net,2025-06,2025-07-14T18:10:27.419069
라면,10000,"Japanese Cuisine Traditional Dishes Vector Flat Icons Set Royalty Free SVG, Cliparts, Vectors, and Stock Illustration. Image...",https://previews.123rf.com/images/sonulkaster/sonulkaster1703/sonulkaster170300147/73141997-japanese-cuisine-traditional-dishes-vector-flat-icons-set.jpg,https://search.pstatic.net/sunny/?type=b150&src=https://previews.123rf.com/images/sonulkaster/sonulkaster1703/sonulkaster170300147/73141997-japanese-cuisine-traditional-dishes-vector-flat-icons-set.jpg,previews.123rf.com,2025-06,2025-07-14T18:10:27.419069
라면,10000,"한국인 대표 음식, 라면활용레시피 BEST5♡",https://recipe1.ezmember.co.kr/cache/recipe/2018/02/12/721f22234f8faf5b688527cab4163ef81.png,https://search.pstatic.net/sunny/?type=b150&src=https://recipe1.ezmember.co.kr/cache/recipe/2018/02/12/721f22234f8faf5b688527cab4163ef81.png,recipe1.ezmember.co.kr,2025-06,2025-07-14T18:10:27.419069
라면,10000,[리얼푸드]김치 인기에 해외서 뜨는 ‘퓨전 김치’ 레시피,http://imgnews.naver.net/image/5419/2022/03/18/20220318000257_0_20220318110802351.jpg,https://search.pstatic.net/common/?type=b150&src=http://imgnews.naver.net/image/5419/2022/03/18/20220318000257_0_20220318110802351.jpg,imgnews.naver.net,2025-06,2025-07-14T18:10:27.419069
라면,10000,"묘하게 중독되는 맛! ‘라면토스트’ 만들기 | 식품 아이디어, 음식, 요리",https://i.pinimg.com/originals/64/93/c3/6493c3895c2fafebf2c9a3a093dfccc6.jpg,https://search.pstatic.net/sunny/?type=b150&src=https://i.pinimg.com/originals/64/93/c3/6493c3895c2fafebf2c9a3a093dfccc6.jpg,i.pinimg.com,2025-06,2025-07-14T18:10:27.419069
라면,10000,생선 밥 PNG 일러스트 및 벡터 이미지 | 무료 다운로드 - Lovepik,https://img.lovepik.com/free-png/20211212/lovepik-barbecued-tempura-ramen-hamburger-meat-grilled-png-image_401538007_wh1200.png,https://search.pstatic.net/sunny/?type=b150&src=https://img.lovepik.com/free-png/20211212/lovepik-barbecued-tempura-ramen-hamburger-meat-grilled-png-image_401538007_wh1200.png,img.lovepik.com,2025-06,2025-07-14T18:10:27.419069
라면,10000,서진이네 분식 레시피.jpg - 요리 / 음식 - 네모판 서진이네 분식 레시피.jpg,https://www.nemopan.com/files/attach/images/1164049/311/286/017/5cd46f4bb64cf60bd0da6391a3d0688f.jpg,https://search.pstatic.net/sunny/?type=b150&src=https://www.nemopan.com/files/attach/images/1164049/311/286/017/5cd46f4bb64cf60bd0da6391a3d0688f.jpg,nemopan.com,2025-06,2025-07-14T18:10:27.419069
라면,10000,日서 선보인 ‘귀뚜라미’ 라면·‘딱정벌레 유충’ 요리…맛은?,http://imgnews.naver.net/image/022/2020/07/08/20200708511078_20200708134606814.jpg,https://search.pstatic.net/common/?type=b150&src=http://imgnews.naver.net/image/022/2020/07/08/20200708511078_20200708134606814.jpg,imgnews.naver.net,2025-06,2025-07-14T18:10:27.419069
라면,10000,‘치즈 듬뿍’ 라면 요리인줄…전자레인지 속 ‘대참사’ 음식의 정체,http://imgnews.naver.net/image/009/2023/04/24/0005120868_001_20230424153512300.jpg,https://search.pstatic.net/common/?type=b150&src=http://imgnews.naver.net/image/009/2023/04/24/0005120868_001_20230424153512300.jpg,imgnews.naver.net,2025-06,2025-07-14T18:10:27.419069
라면,10000,"flavorful, 고명, 국수, 김치, 나무 표면, 높은 경치, 단순한, 동양, 라면... 양파, 요리, 육수, 음식, 저녁 식사, 전통적인, 점심 식사, 젓가락...",https://images.pexels.com/photos/8477641/pexels-photo-8477641.jpeg?auto=compress&cs=tinysrgb&h=627&fit=crop&w=1200,https://search.pstatic.net/sunny/?type=b150&src=https://images.pexels.com/photos/8477641/pexels-photo-8477641.jpeg?auto=compress&cs=tinysrgb&h=627&fit=crop&w=1200,images.pexels.com,2025-06,2025-07-14T18:10:27.419069
라면,10000,[지엘 다이어트 요리] 아삭아삭 건강한 숙주라면,https://img1.daumcdn.net/thumb/R800x0/?fname=https%3A%2F%2Ft1.daumcdn.net%2Fcfile%2Ftistory%2F2570014F5905E4F00B,https://search.pstatic.net/sunny/?type=b150&src=https://img1.daumcdn.net/thumb/R800x0/?fname=https%3A%2F%2Ft1.daumcdn.net%2Fcfile%2Ftistory%2F2570014F5905E4F00B,img1.daumcdn.net,2025-06,2025-07-14T18:10:27.419069
라면,10000,즉석 라면 조리기 전기포트 여행용 냄비 세트 요리 음식 소녀 장난감 주방 어린이 액세서리 드 미니어처 인형 집 112 인스턴트 국수 가상...,http://shop1.phinf.naver.net/20230422_23/1682108807152v2Qqo_JPEG/1048486871035812_2018821254.jpg,https://search.pstatic.net/common/?type=b150&src=http://shop1.phinf.naver.net/20230422_23/1682108807152v2Qqo_JPEG/1048486871035812_2018821254.jpg,shop1.phinf.naver.net,2025-06,2025-07-14T18:10:27.419069
라면,10000,콩순이 짜장면가게 핫도그트럭 세트 요리 음식 만들기 장난감 : 새똥이꿀복이,http://shop1.phinf.naver.net/20201021_207/1603287483671XOO2x_PNG/4423372345314998_703089087.png,https://search.pstatic.net/common/?type=b150&src=http://shop1.phinf.naver.net/20201021_207/1603287483671XOO2x_PNG/4423372345314998_703089087.png,shop1.phinf.naver.net,2025-06,2025-07-14T18:10:27.419069
라면,10000,라면별 리조또 레시피.jpg - 요리 / 음식 - 네모판 라면별 리조또 레시피.jpg,https://www.nemopan.com/files/attach/images/1164049/108/229/017/b7782610991ebc9941a7c7c4376a8675.jpg,https://search.pstatic.net/sunny/?type=b150&src=https://www.nemopan.com/files/attach/images/1164049/108/229/017/b7782610991ebc9941a7c7c4376a8675.jpg,nemopan.com,2025-06,2025-07-14T18:10:27.419069
라면,10000,"삼겹살에 라면, 고추장찌개는 옛말?…차박 따라 먹방도 달라졌다",http://imgnews.naver.net/image/016/2020/11/20/20201120000199_0_20201120100831566.jpg,https://search.pstatic.net/common/?type=b150&src=http://imgnews.naver.net/image/016/2020/11/20/20201120000199_0_20201120100831566.jpg,imgnews.naver.net,2025-06,2025-07-14T18:10:27.419069
라면,10000,"국수, 칼국수, 음식, 라면, food, 사진,이미지,일러스트,캘리그라피 - neon0083작가 크라우드픽 - 저작권 걱정 없는 상업용 이미지",https://cdn.crowdpic.net/detail-thumb/thumb_d_5CE3BEF6E2FA5C8B9043E256D2104841.jpg,https://search.pstatic.net/sunny/?type=b150&src=https://cdn.crowdpic.net/detail-thumb/thumb_d_5CE3BEF6E2FA5C8B9043E256D2104841.jpg,cdn.crowdpic.net,2025-06,2025-07-14T18:10:27.419069
라면,10000,상추도 맛있어보이는 먹방의 표본 지브리 음식 모음 - 인스티즈(instiz) 이슈 카테고리,http://file.instiz.net/data/file/20140415/d/9/0/d9099ead6ef5002a5c31fa531002403c.gif,https://search.pstatic.net/sunny/?type=b150&src=http://file.instiz.net/data/file/20140415/d/9/0/d9099ead6ef5002a5c31fa531002403c.gif,file.instiz.net,2025-06,2025-07-14T18:10:27.419069
라면,10000,"[SR새상품] 풀무원, '생면식감 꼬불꼬불 물냉면'으로 여름 라면시장 공략",http://imgnews.naver.net/image/5589/2019/04/05/0000009648_002_20190405094414052.jpg,https://search.pstatic.net/common/?type=b150&src=http://imgnews.naver.net/image/5589/2019/04/05/0000009648_002_20190405094414052.jpg,imgnews.naver.net,2025-06,2025-07-14T18:10:27.419069
라면,10000,[라면과 아웃도어] 라면이 영양가 적다고? 요리하기 나름!,http://imgnews.naver.net/image/094/2024/09/24/0000012087_001_20240924075015310.jpg,https://search.pstatic.net/common/?type=b150&src=http://imgnews.naver.net/image/094/2024/09/24/0000012087_001_20240924075015310.jpg,imgnews.naver.net,2025-06,2025-07-14T18:10:27.419069
라면,10000,"Ramen Japanese Cuisine Onigiri Emoji Instant noodle, Emoji, food, sticker png | PNGEgg",https://e7.pngegg.com/pngimages/612/838/png-clipart-ramen-emoji-steaming-japanese-cuisine-emoticon-food-soup-food-thumbnail.png,https://search.pstatic.net/sunny/?type=b150&src=https://e7.pngegg.com/pngimages/612/838/png-clipart-ramen-emoji-steaming-japanese-cuisine-emoticon-food-soup-food-thumbnail.png,e7.pngegg.com,2025-06,2025-07-14T18:10:27.419069
라면,10000,라면 맛있게 끓이는법 콩나물 해장라면 콩나물요리,https://recipe1.ezmember.co.kr/cache/recipe/2023/01/12/8c6581ef0221a5f663a884a76f550f4d1.jpg,https://search.pstatic.net/sunny/?type=b150&src=https://recipe1.ezmember.co.kr/cache/recipe/2023/01/12/8c6581ef0221a5f663a884a76f550f4d1.jpg,recipe1.ezmember.co.kr,2025-06,2025-07-14T18:10:27.419069
라면,10000,식당용 음식 라면 찌게 요리 해수 염도계 염도측정기 // 농도계 가정용염도계 c2j : 에버드림,http://shop1.phinf.naver.net/20220630_17/1656589987799vU3CU_JPEG/v1.jpg,https://search.pstatic.net/common/?type=b150&src=http://shop1.phinf.naver.net/20220630_17/1656589987799vU3CU_JPEG/v1.jpg,shop1.phinf.naver.net,2025-06,2025-07-14T18:10:27.419069
라면,10000,세계여러나라가 ’이성을 유혹할때 사용하는 요리’는? - LIVE JAPAN ( 일본여행·추천명소·지역정보 ),https://rimage.gnst.jp/livejapan.com/public/article/detail/a/00/02/a0002918/img/basic/a0002918_main.jpg?20210116192221&q=80,https://search.pstatic.net/sunny/?type=b150&src=https://rimage.gnst.jp/livejapan.com/public/article/detail/a/00/02/a0002918/img/basic/a0002918_main.jpg?20210116192221&q=80,rimage.gnst.jp,2025-06,2025-07-14T18:10:27.419069
라면,10000,쌈장 요리 / 쌈장 라면,https://recipe1.ezmember.co.kr/cache/recipe/2021/04/27/4fc51b14513386c4d950ca91124ab5b01.jpg,https://search.pstatic.net/sunny/?type=b150&src=https://recipe1.ezmember.co.kr/cache/recipe/2021/04/27/4fc51b14513386c4d950ca91124ab5b01.jpg,recipe1.ezmember.co.kr,2025-06,2025-07-14T18:10:27.419069
라면,10000,지브리 애니 속 음식은 왜 맛있어 보일까? 설립자가 직접 밝힌 그 이유,https://cdn.eyesmag.com/content/uploads/posts/2021/04/16/secret-behind-studio-ghibli-iconic-food-animation-01-2fd250d4-a774-4838-815b-b4ff311045af.jpg,https://search.pstatic.net/sunny/?type=b150&src=https://cdn.eyesmag.com/content/uploads/posts/2021/04/16/secret-behind-studio-ghibli-iconic-food-animation-01-2fd250d4-a774-4838-815b-b4ff311045af.jpg,cdn.eyesmag.com,2025-06,2025-07-14T18:10:27.419069
라면,10000,라면사리랑 밥말아먹을때 원탑인 음식.JPG,http://down.humoruniv.com/hwiparambbs/data/pds/a_1611868713_16483400e97aeca0200650ed234c0bfa76a4f2e4.jpg,https://search.pstatic.net/sunny/?type=b150&src=http://down.humoruniv.com/hwiparambbs/data/pds/a_1611868713_16483400e97aeca0200650ed234c0bfa76a4f2e4.jpg,down.humoruniv.com,2025-06,2025-07-14T18:10:27.419069
라면,10000,멕시코서 라면 끓이는 BTS 뷔... 좌충우돌 '서진이네' 보니,http://imgnews.naver.net/image/469/2023/01/27/0000720305_002_20230127145503255.jpg,https://search.pstatic.net/common/?type=b150&src=http://imgnews.naver.net/image/469/2023/01/27/0000720305_002_20230127145503255.jpg,imgnews.naver.net,2025-06,2025-07-14T18:10:27.419069
라면,10000,동명 주말농장,"https://media.triple.guide/triple-cms/c_limit,f_auto,h_2048,w_2048/cba67aa9-7e9c-4a36-b5fe-7873065fe973.jpeg","https://search.pstatic.net/sunny/?type=b150&src=https://media.triple.guide/triple-cms/c_limit,f_auto,h_2048,w_2048/cba67aa9-7e9c-4a36-b5fe-7873065fe973.jpeg",media.triple.guide,2025-06,2025-07-14T18:10:27.419069
라면,10000,"“바다 지키는 청소부인데” 튀기고 끓여 먹는 인간들 [지구, 뭐래?]",http://imgnews.naver.net/image/016/2023/05/26/20230526000435_0_20230526135801387.jpg,https://search.pstatic.net/common/?type=b150&src=http://imgnews.naver.net/image/016/2023/05/26/20230526000435_0_20230526135801387.jpg,imgnews.naver.net,2025-06,2025-07-14T18:10:27.419069
라면,10000,"귀찮을 때 딱 좋은 초간단 레시피 모음 > bada - 해외 거주 한인 네트워크 바다 | 레시피, 음식 일기, 요리",https://i.pinimg.com/originals/c0/e6/31/c0e6310758ef2c2474c556749895c842.jpg,https://search.pstatic.net/sunny/?type=b150&src=https://i.pinimg.com/originals/c0/e6/31/c0e6310758ef2c2474c556749895c842.jpg,i.pinimg.com,2025-06,2025-07-14T18:10:27.419069
라면,10000,[영상]'힐링'이경규 '꽃중년 라면가게' 오픈..실수 가득 요리실력 '폭소',http://imgnews.naver.net/image/416/2015/07/07/30000486463_99_20150707003004.jpg,https://search.pstatic.net/common/?type=b150&src=http://imgnews.naver.net/image/416/2015/07/07/30000486463_99_20150707003004.jpg,imgnews.naver.net,2025-06,2025-07-14T18:10:27.419069
라면,10000,대충 원가 600원짜리 후랑크햄 만두 라면 | 음식 갤러리 대충 원가 600원짜리 후랑크햄 만두 라면 | 음식 갤러리 | 루리웹,https://i3.ruliweb.net/ori/20/03/26/17112db5fed4b13f6.gif,https://search.pstatic.net/sunny/?type=b150&src=https://i3.ruliweb.net/ori/20/03/26/17112db5fed4b13f6.gif,i3.ruliweb.net,2025-06,2025-07-14T18:10:27.419069
라면,10000,라면 요리왕 25 | Kube Rokuro - 교보문고,https://contents.kyobobook.co.kr/sih/fit-in/458x0/pdt/9788925253145.jpg,https://search.pstatic.net/sunny/?type=b150&src=https://contents.kyobobook.co.kr/sih/fit-in/458x0/pdt/9788925253145.jpg,contents.kyobobook.co.kr,2025-06,2025-07-14T18:10:27.419069
라면,10000,라면 :: 웃긴대학 요리 라면,http://down.humoruniv.com/hwiparambbs/data/editor/cook/e_s9154db001_6158695f4d56fa1532915fa659470fed51e5d1da.jpg,https://search.pstatic.net/sunny/?type=b150&src=http://down.humoruniv.com/hwiparambbs/data/editor/cook/e_s9154db001_6158695f4d56fa1532915fa659470fed51e5d1da.jpg,down.humoruniv.com,2025-06,2025-07-14T18:10:27.419069
라면,10000,라면 요리왕 22 | Kube Rokuro - 교보문고,https://contents.kyobobook.co.kr/sih/fit-in/458x0/pdt/9788925240817.jpg,https://search.pstatic.net/sunny/?type=b150&src=https://contents.kyobobook.co.kr/sih/fit-in/458x0/pdt/9788925240817.jpg,contents.kyobobook.co.kr,2025-06,2025-07-14T18:10:27.419069
라면,10000,"[트렌드줌인] 먹고 싶은 음식, 가상 세계에서 먼저 맛볼까",http://imgnews.naver.net/image/5516/2022/11/11/0000026660_001_20221111171602536.jpg,https://search.pstatic.net/common/?type=b150&src=http://imgnews.naver.net/image/5516/2022/11/11/0000026660_001_20221111171602536.jpg,imgnews.naver.net,2025-06,2025-07-14T18:10:27.419069
라면,10000,스압주의 집에서 만든 일본라멘 돈코츠 쇼유 라멘,https://i3.ruliweb.com/profile/19/05/09/16a98df9aff4f5a29.png,https://search.pstatic.net/sunny/?type=b150&src=https://i3.ruliweb.com/profile/19/05/09/16a98df9aff4f5a29.png,i3.ruliweb.com,2025-06,2025-07-14T18:10:27.419069
라면,10000,박찬일 셰프의 낭만적 음식기행 | 일부러 찾아 먹어본 세계의 최강 ‘괴식(怪食)’,http://imgnews.naver.net/image/5203/2014/10/17/05170210_99_20141017110114.jpg,https://search.pstatic.net/common/?type=b150&src=http://imgnews.naver.net/image/5203/2014/10/17/05170210_99_20141017110114.jpg,imgnews.naver.net,2025-06,2025-07-14T18:10:27.419069
라면,10000,"단체 군대 라면, 거대 솥에 나무국자로 휙휙 ‘몇 인분이야?’",http://imgnews.naver.net/image/5005/2013/07/19/art_1374236675_59_20130720012003.jpg,https://search.pstatic.net/common/?type=b150&src=http://imgnews.naver.net/image/5005/2013/07/19/art_1374236675_59_20130720012003.jpg,imgnews.naver.net,2025-06,2025-07-14T18:10:27.419069
라면,10000,「そくざ」の41万点のロイヤリティフリー画像、写真素材、絵 | Shutterstock,https://www.shutterstock.com/image-vector/noodle-icons-japanese-food-asian-260nw-2507677069.jpg,https://search.pstatic.net/sunny/?type=b150&src=https://www.shutterstock.com/image-vector/noodle-icons-japanese-food-asian-260nw-2507677069.jpg,shutterstock.com,2025-06,2025-07-14T18:10:27.419069
라면,10000,"정형돈 오빠게티, 멤버들 사로잡은 도니파파의 비장의 요리 '눈길'",http://imgnews.naver.net/image/416/2014/03/08/30000362155_59_20140308234102.jpg,https://search.pstatic.net/common/?type=b150&src=http://imgnews.naver.net/image/416/2014/03/08/30000362155_59_20140308234102.jpg,imgnews.naver.net,2025-06,2025-07-14T18:10:27.419069
라면,10000,"드라마 〈만복〉, 인스턴트 라면을 발명한 사업가 부부의 일생",http://imgnews.naver.net/image/5407/2022/07/27/0000014745_001_20220727150402100.jpg,https://search.pstatic.net/common/?type=b150&src=http://imgnews.naver.net/image/5407/2022/07/27/0000014745_001_20220727150402100.jpg,imgnews.naver.net,2025-06,2025-07-14T18:10:27.419069
라면,10000,업소용 음식 라면 찌게 요리 해수 염도계 염도측정기 // 굴절식염도계 농도계 셰프염도계 r3d : 에버드림,http://shop1.phinf.naver.net/20220717_108/1658050204582Xfyln_JPEG/v1.jpg,https://search.pstatic.net/common/?type=b150&src=http://shop1.phinf.naver.net/20220717_108/1658050204582Xfyln_JPEG/v1.jpg,shop1.phinf.naver.net,2025-06,2025-07-14T18:10:27.419069
라면,10000,싱크대 음식물거름망 음식쓰레기거름망 라면 국물요리 건더기 50P(거치대포함) : 착한쇼핑관,http://shop1.phinf.naver.net/20221117_291/1668673250494H9W7x_PNG/69809149130670850_1792513195.png,https://search.pstatic.net/common/?type=b150&src=http://shop1.phinf.naver.net/20221117_291/1668673250494H9W7x_PNG/69809149130670850_1792513195.png,shop1.phinf.naver.net,2025-06,2025-07-14T18:10:27.419069
라면,10000,"""오늘 점심은 파김치에 라면"" SNS에 등장한 '파',  '면'",http://imgnews.naver.net/image/661/2025/04/04/0000053083_002_20250404153909928.png,https://search.pstatic.net/common/?type=b150&src=http://imgnews.naver.net/image/661/2025/04/04/0000053083_002_20250404153909928.png,imgnews.naver.net,2025-06,2025-07-14T18:10:27.419069
라면,10000,"오뚜기 ""만능소스 라조장 한 큰 술, 요리 완성 뚝딱""",http://imgnews.naver.net/image/5364/2020/05/18/0000393568_001_20200518153103135.jpg,https://search.pstatic.net/common/?type=b150&src=http://imgnews.naver.net/image/5364/2020/05/18/0000393568_001_20200518153103135.jpg,imgnews.naver.net,2025-06,2025-07-14T18:10:27.419069
라면,10000,[셀프벨] 미니어처 음식 모형 3종 | 계란 | 달걀 | 라면 | 면발 : 셀프벨,http://shop1.phinf.naver.net/20201110_116/1604973933310GV8GK_PNG/6109828809959873_1881787290.png,https://search.pstatic.net/common/?type=b150&src=http://shop1.phinf.naver.net/20201110_116/1604973933310GV8GK_PNG/6109828809959873_1881787290.png,shop1.phinf.naver.net,2025-06,2025-07-14T18:10:27.419069
라면,10000,라면 떡볶이 김밥 우동 오뎅꼬치 움짤 gif - 인스티즈(instiz) 이슈 카테고리 라면 떡볶이 김밥 우동 오뎅꼬치 움짤 gif,http://file3.instiz.net/data/file3/2020/03/09/1/4/d/14da240abdfc52801cc9706865013af5.gif,https://search.pstatic.net/sunny/?type=b150&src=http://file3.instiz.net/data/file3/2020/03/09/1/4/d/14da240abdfc52801cc9706865013af5.gif,file3.instiz.net,2025-06,2025-07-14T18:10:27.419069
라면,10000,윤 파면 소식 환영한 누리꾼들…'#파면정식' 인증 챌린지까지,http://imgnews.naver.net/image/437/2025/04/04/0000435950_001_20250404170010711.jpg,https://search.pstatic.net/common/?type=b150&src=http://imgnews.naver.net/image/437/2025/04/04/0000435950_001_20250404170010711.jpg,imgnews.naver.net,2025-06,2025-07-14T18:10:27.419069
라면,10000,"'연중' 이제훈, ""요리는 전혀…최근 만든 음식은 라면""",http://imgnews.naver.net/image/5290/2017/09/23/0000087884_001_20170923022239699.jpg,https://search.pstatic.net/common/?type=b150&src=http://imgnews.naver.net/image/5290/2017/09/23/0000087884_001_20170923022239699.jpg,imgnews.naver.net,2025-06,2025-07-14T18:10:27.419069
라면,10000,"택시 김풍, 짬뽕 느낌나는 중화풍 라면 레시피 공개… ""냄새부터 다르다""",http://imgnews.naver.net/image/5122/2015/04/22/960976_522335_5916_99_20150422100004.jpg,https://search.pstatic.net/common/?type=b150&src=http://imgnews.naver.net/image/5122/2015/04/22/960976_522335_5916_99_20150422100004.jpg,imgnews.naver.net,2025-06,2025-07-14T18:10:27.419069
라면,10000,[파불루머 유재덕의 칼과 책] 요리명장 한복선의 맛있는 시 ‘밥 하는 여자’와 ‘조반은 드셨수’,http://imgnews.naver.net/image/144/2017/03/13/0000480795_001_20170313084813423.jpg,https://search.pstatic.net/common/?type=b150&src=http://imgnews.naver.net/image/144/2017/03/13/0000480795_001_20170313084813423.jpg,imgnews.naver.net,2025-06,2025-07-14T18:10:27.419069
라면,10000,두들라면은 전통적인 아시아 음식 그릇입니다.일본 요리면 스톡 벡터(로열티 프리) 2021437538 | Shutterstock,https://www.shutterstock.com/shutterstock/photos/2021437538/display_1500/stock-vector-doodle-ramen-noodles-traditional-asian-food-bowls-japanese-cuisine-noodle-soup-delicious-noodles-2021437538.jpg,https://search.pstatic.net/sunny/?type=b150&src=https://www.shutterstock.com/shutterstock/photos/2021437538/display_1500/stock-vector-doodle-ramen-noodles-traditional-asian-food-bowls-japanese-cuisine-noodle-soup-delicious-noodles-2021437538.jpg,shutterstock.com,2025-06,2025-07-14T18:10:27.419069
라면,10000,먹으면서 빼는 존맛 다이어트 죽 레시피 7개 - 지식사이트,https://i.pinimg.com/736x/df/a7/2f/dfa72f24a6eb8ee70c080ee61978a8e6.jpg,https://search.pstatic.net/sunny/?type=b150&src=https://i.pinimg.com/736x/df/a7/2f/dfa72f24a6eb8ee70c080ee61978a8e6.jpg,i.pinimg.com,2025-06,2025-07-14T18:10:27.419069
라면,10000,"정형돈 오빠게티 레시피 뭐길래? 네티즌 ""짜파구리 후 대박""",http://imgnews.naver.net/image/213/2014/03/09/20140308_1394273556_65847500_1_59_20140309230605.jpg,https://search.pstatic.net/common/?type=b150&src=http://imgnews.naver.net/image/213/2014/03/09/20140308_1394273556_65847500_1_59_20140309230605.jpg,imgnews.naver.net,2025-06,2025-07-14T18:10:27.419069
라면,10000,"윤아 짜계밥, 여신의 요리 ‘비주얼’ 최강…짜장라면 계보 이어가나",http://imgnews.naver.net/image/081/2013/06/10/BOO_20130610110613_V_59_20130610112726.jpg,https://search.pstatic.net/common/?type=b150&src=http://imgnews.naver.net/image/081/2013/06/10/BOO_20130610110613_V_59_20130610112726.jpg,imgnews.naver.net,2025-06,2025-07-14T18:10:27.419069
라면,10000,"[투데이TV]'국민음식' 백종원X규현, 오감 자극 라면 레시피 대결..군침 자극",http://imgnews.naver.net/image/112/2021/08/20/202108200955166741070_20210820095751_01_20210820095909295.jpg,https://search.pstatic.net/common/?type=b150&src=http://imgnews.naver.net/image/112/2021/08/20/202108200955166741070_20210820095751_01_20210820095909295.jpg,imgnews.naver.net,2025-06,2025-07-14T18:10:27.419069
라면,10000,"‘동상이몽2’소이현 인교진, 홍콩 음식에 반하다…동윤영부터 토마토 라면까지 ‘폭풍 흡입’",http://imgnews.naver.net/image/469/2018/10/02/0000331101_001_20181003044712528.jpg,https://search.pstatic.net/common/?type=b150&src=http://imgnews.naver.net/image/469/2018/10/02/0000331101_001_20181003044712528.jpg,imgnews.naver.net,2025-06,2025-07-14T18:10:27.419069
라면,10000,"‘편스토랑’ 이정현, 마장면+불닭매운면 꿀조합 발견 “대박이다”[오늘TV]",http://imgnews.naver.net/image/609/2020/03/27/202003271447381910_1_20200327144929973.jpg,https://search.pstatic.net/common/?type=b150&src=http://imgnews.naver.net/image/609/2020/03/27/202003271447381910_1_20200327144929973.jpg,imgnews.naver.net,2025-06,2025-07-14T18:10:27.419069
라면,10000,"'프리한19' 세계 시장 음식 19, 베트남 마늘 달팽이-대구시장 라면땅 핫도그-대만식 버거와 돼지갈비 튀김 (1)",http://imgnews.naver.net/image/5353/2023/04/24/0000881641_001_20230424221601776.jpg,https://search.pstatic.net/common/?type=b150&src=http://imgnews.naver.net/image/5353/2023/04/24/0000881641_001_20230424221601776.jpg,imgnews.naver.net,2025-06,2025-07-14T18:10:27.419069
라면,10000,"장동민 스프밥, ""중독성 있는 맛""",http://imgnews.naver.net/image/123/2012/06/29/20120629132500.jpg,https://search.pstatic.net/common/?type=b150&src=http://imgnews.naver.net/image/123/2012/06/29/20120629132500.jpg,imgnews.naver.net,2025-06,2025-07-14T18:10:27.419069
라면,10000,부대찌개 조아하는 형냐들? - 음식-기타,http://i1.ruliweb.daumcdn.net/uf/image/U01/ruliweb/563C3D2E4177060034,https://search.pstatic.net/sunny/?type=b150&src=http://i1.ruliweb.daumcdn.net/uf/image/U01/ruliweb/563C3D2E4177060034,i1.ruliweb.daumcdn.net,2025-06,2025-07-14T18:10:27.419069
라면,10000,"[싱글레시피] 5분컷 초간단 레시피, 색다른 야식 요리 '굴 소스 마요 라면'",http://imgnews.naver.net/image/5516/2020/05/20/0000011939_001_20200520141610274.jpg,https://search.pstatic.net/common/?type=b150&src=http://imgnews.naver.net/image/5516/2020/05/20/0000011939_001_20200520141610274.jpg,imgnews.naver.net,2025-06,2025-07-14T18:10:27.419069
라면,10000,다양한 라면요리 레시피 - 음식 / 과일 / 외식 - 네모판 다양한 라면요리 레시피,https://www.nemopan.com/files/attach/images/2578/476/039/011/94e9152601497f17260846955b28b5ea.jpg,https://search.pstatic.net/sunny/?type=b150&src=https://www.nemopan.com/files/attach/images/2578/476/039/011/94e9152601497f17260846955b28b5ea.jpg,nemopan.com,2025-06,2025-07-14T18:10:27.419069
라면,10000,요리집게 스테인레스 업소용 다용도 고기 튀김 라면 음식 : 언박스리빙,https://shop-phinf.pstatic.net/20250506_261/1746519323379PvR4k_JPEG/57812434416907066_566187382.jpg,https://search.pstatic.net/common/?type=b150&src=https://shop-phinf.pstatic.net/20250506_261/1746519323379PvR4k_JPEG/57812434416907066_566187382.jpg,shop-phinf.pstatic.net,2025-06,2025-07-14T18:10:27.419069
라면,10000,초 간단 냉라면,https://recipe1.ezmember.co.kr/cache/recipe/2019/07/24/a1b1269c2b2751eb170e0409be3d42c51.jpg,https://search.pstatic.net/sunny/?type=b150&src=https://recipe1.ezmember.co.kr/cache/recipe/2019/07/24/a1b1269c2b2751eb170e0409be3d42c51.jpg,recipe1.ezmember.co.kr,2025-06,2025-07-14T18:10:27.419069
라면,10000,"'나 혼자 산다' 김사랑, 수준급 요리 실력 선보여… 이시언이 빠질만해♥",http://imgnews.naver.net/image/5038/2017/07/04/0000372438_001_20170704160607452.jpg,https://search.pstatic.net/common/?type=b150&src=http://imgnews.naver.net/image/5038/2017/07/04/0000372438_001_20170704160607452.jpg,imgnews.naver.net,2025-06,2025-07-14T18:10:27.419069
라면,10000,"중국 국수 그릇, 국수, 중국, 라면 PNG 일러스트 및 이미지 에 대한 무료 다운로드 - Pngtree",https://png.pngtree.com/png-vector/20240407/ourlarge/pngtree-chinese-noodles-bowl-png-image_12271467.png,https://search.pstatic.net/sunny/?type=b150&src=https://png.pngtree.com/png-vector/20240407/ourlarge/pngtree-chinese-noodles-bowl-png-image_12271467.png,png.pngtree.com,2025-06,2025-07-14T18:10:27.419069
라면,10000,디너의여왕 - 라면과 가장 잘 어울리는 최애 라면 토핑은?!,https://ssproxy.ucloudbiz.olleh.com/v1/AUTH_e59809eb-bdc9-44d7-9d8f-2e7f0e47ba91/post_card/35995_1524184746_aAV4kcFO.jpg,https://search.pstatic.net/sunny/?type=b150&src=https://ssproxy.ucloudbiz.olleh.com/v1/AUTH_e59809eb-bdc9-44d7-9d8f-2e7f0e47ba91/post_card/35995_1524184746_aAV4kcFO.jpg,ssproxy.ucloudbiz.olleh.com,2025-06,2025-07-14T18:10:27.419069
라면,10000,'소시탐탐' 효연 끓인 아스파라거스 라면에 소녀시대 멤버들 '초토화',http://imgnews.naver.net/image/408/2022/08/02/0000163244_004_20220802233301579.jpg,https://search.pstatic.net/common/?type=b150&src=http://imgnews.naver.net/image/408/2022/08/02/0000163244_004_20220802233301579.jpg,imgnews.naver.net,2025-06,2025-07-14T18:10:27.419069
라면,10000,"농심, 신라면 30주년 맞아 '건강한 면요리 공모전' 개최",http://imgnews.naver.net/image/5362/2016/08/30/201660471472524664_99_20160830120004.jpg,https://search.pstatic.net/common/?type=b150&src=http://imgnews.naver.net/image/5362/2016/08/30/201660471472524664_99_20160830120004.jpg,imgnews.naver.net,2025-06,2025-07-14T18:10:27.419069
라면,10000,"라면, 요리, 식사, 음식, 한국음식, 사진,이미지,일러스트,캘리그라피 - jameshan3035작가 크라우드픽 - 저작권 걱정 없는 상업용 이미지",https://cdn.crowdpic.net/detail-thumb/thumb_d_FFC6F2E7FE618AE1044A94DB0EE83E1F.jpeg,https://search.pstatic.net/sunny/?type=b150&src=https://cdn.crowdpic.net/detail-thumb/thumb_d_FFC6F2E7FE618AE1044A94DB0EE83E1F.jpeg,cdn.crowdpic.net,2025-06,2025-07-14T18:10:27.419069
라면,10000,"라면별로 뽕뽑는 인생존맛 리조또 레시피 | 레시피, 요리, 밥",https://i.pinimg.com/736x/78/52/a6/7852a6b65a812bf94241d68e9129122a.jpg,https://search.pstatic.net/sunny/?type=b150&src=https://i.pinimg.com/736x/78/52/a6/7852a6b65a812bf94241d68e9129122a.jpg,i.pinimg.com,2025-06,2025-07-14T18:10:27.419069
라면,10000,"기안84, 충격의 '송편찌개' 완성…""짬뽕국물? 버리긴 아까워"" [종합]",http://imgnews.naver.net/image/117/2021/09/28/202109280951438458_1_20210928120713062.jpg,https://search.pstatic.net/common/?type=b150&src=http://imgnews.naver.net/image/117/2021/09/28/202109280951438458_1_20210928120713062.jpg,imgnews.naver.net,2025-06,2025-07-14T18:10:27.419069
라면,10000,‘신들의 만찬’ 속 요리 따라잡기,http://imgnews.naver.net/image/145/2012/04/05/20120405170809_4_dra_reci4.jpg,https://search.pstatic.net/common/?type=b150&src=http://imgnews.naver.net/image/145/2012/04/05/20120405170809_4_dra_reci4.jpg,imgnews.naver.net,2025-06,2025-07-14T18:10:27.419069
라면,10000,애니메이션 속 먹어보고 싶었던 음식들 쪼끔 뉴버전 - 인스티즈(instiz... 인티포털 [인티포털] 애니메이션 속 먹어보고 싶었던 음식들 쪼끔 뉴버전,http://25.media.tumblr.com/tumblr_lqnzf0D1rE1qjxm01o1_500.gif,https://search.pstatic.net/sunny/?type=b150&src=http://25.media.tumblr.com/tumblr_lqnzf0D1rE1qjxm01o1_500.gif,25.media.tumblr.com,2025-06,2025-07-14T18:10:27.419069
라면,10000,쌍용어드벤처빌리지 후기 (쌍용자동차 전용 캠핑장) | 보배드림 국산차게시판,https://file1.bobaedream.co.kr/national/2020/10/28/20/CA0U1603885075_401791532.jpg,https://search.pstatic.net/sunny/?type=b150&src=https://file1.bobaedream.co.kr/national/2020/10/28/20/CA0U1603885075_401791532.jpg,file1.bobaedream.co.kr,2025-06,2025-07-14T18:10:27.419069
라면,10000,라면 > 음식 | 이미지 사용조건이 까다롭지 않은 요리사진 100만컷,https://www.sk5.co.kr/neo/ns600/100/10014551.jpg,https://search.pstatic.net/sunny/?type=b150&src=https://www.sk5.co.kr/neo/ns600/100/10014551.jpg,sk5.co.kr,2025-06,2025-07-14T18:10:27.419069
라면,10000,라면 > 음식 | 이미지 사용조건이 까다롭지 않은 요리사진 100만컷,https://www.sk5.co.kr/neo/ns600/100/10014572.jpg,https://search.pstatic.net/sunny/?type=b150&src=https://www.sk5.co.kr/neo/ns600/100/10014572.jpg,sk5.co.kr,2025-06,2025-07-14T18:10:27.419069
라면,10000,"라면 맛있게 먹기 - 2021 | 간단한 조리법, 맛있는 음식 조리법, 요리",https://i.pinimg.com/originals/fe/15/ed/fe15ed25c628e24abaade00ea2b7a650.jpg,https://search.pstatic.net/sunny/?type=b150&src=https://i.pinimg.com/originals/fe/15/ed/fe15ed25c628e24abaade00ea2b7a650.jpg,i.pinimg.com,2025-06,2025-07-14T18:10:27.419069
라면,10000,"역대급 해장라면입니다. - 2023 | 요리, 식품 아이디어, 음식",https://i.pinimg.com/originals/b6/91/14/b6911428430b230375f1ec63076993ed.jpg,https://search.pstatic.net/sunny/?type=b150&src=https://i.pinimg.com/originals/b6/91/14/b6911428430b230375f1ec63076993ed.jpg,i.pinimg.com,2025-06,2025-07-14T18:10:27.419069
라면,10000,신라면 볶음면 | 음식 갤러리 신라면 볶음면 | 음식 갤러리 | 루리웹,https://i2.ruliweb.com/img/21/07/22/17acb0afbf261a7b.jpg,https://search.pstatic.net/sunny/?type=b150&src=https://i2.ruliweb.com/img/21/07/22/17acb0afbf261a7b.jpg,i2.ruliweb.com,2025-06,2025-07-14T18:10:27.419069
라면,10000,"샤이니 키, 순두부 라면+들깨 삼계탕 폭풍 먹방… ‘기범주’ 레시피는? (나혼산)",http://imgnews.naver.net/image/408/2021/07/16/0000128490_005_20210716132710641.jpg,https://search.pstatic.net/common/?type=b150&src=http://imgnews.naver.net/image/408/2021/07/16/0000128490_005_20210716132710641.jpg,imgnews.naver.net,2025-06,2025-07-14T18:10:27.419069
라면,10000,"영양, 요리, 음식 준비, 일몰, 자연, 자연광, 준비, 차, 캠핑, 캠핑 생활, 캠핑 식사, 캠핑 장비, 커틀러리, 편안한, 편안한 음식, 햇빛, 확대...",https://images.pexels.com/videos/9508894/adult-adventure-adventurer-ash-9508894.jpeg?auto=compress&cs=tinysrgb&h=627&fit=crop&w=1200,https://search.pstatic.net/sunny/?type=b150&src=https://images.pexels.com/videos/9508894/adult-adventure-adventurer-ash-9508894.jpeg?auto=compress&cs=tinysrgb&h=627&fit=crop&w=1200,images.pexels.com,2025-06,2025-07-14T18:10:27.419069
라면,10000,"정글의 법칙’ 최고의 음식 톱5…1위는 라면, 2위는 크레이피시",http://imgnews.naver.net/image/044/2014/09/05/20140905001262_0_99_20140905225003.jpg,https://search.pstatic.net/common/?type=b150&src=http://imgnews.naver.net/image/044/2014/09/05/20140905001262_0_99_20140905225003.jpg,imgnews.naver.net,2025-06,2025-07-14T18:10:27.419069
라면,10000,라면 > 음식 | 이미지 사용조건이 까다롭지 않은 요리사진 100만컷,https://www.sk5.co.kr/neo/ns600/100/10014552.jpg,https://search.pstatic.net/sunny/?type=b150&src=https://www.sk5.co.kr/neo/ns600/100/10014552.jpg,sk5.co.kr,2025-06,2025-07-14T18:10:27.419069
라면,10000,라면 > 음식 | 이미지 사용조건이 까다롭지 않은 요리사진 100만컷,http://www.sk5.co.kr/neo/ns600/100/10014560.jpg,https://search.pstatic.net/sunny/?type=b150&src=http://www.sk5.co.kr/neo/ns600/100/10014560.jpg,sk5.co.kr,2025-06,2025-07-14T18:10:27.419069
라면,10000,"분식점 라면 끓이는 비법snack bar ramen recipes - YouTube | 식품 아이디어, 음식 요리법, 요리",https://i.pinimg.com/originals/b2/b2/31/b2b2310ef3587764797af8df6b49a9aa.jpg,https://search.pstatic.net/sunny/?type=b150&src=https://i.pinimg.com/originals/b2/b2/31/b2b2310ef3587764797af8df6b49a9aa.jpg,i.pinimg.com,2025-06,2025-07-14T18:10:27.419069
라면,10000,"라면, 요리, 식사, 음식, 한국음식, 사진,이미지,일러스트,캘리그라피 - jameshan3035작가 크라우드픽 - 저작권 걱정 없는 상업용 이미지",https://cdn.crowdpic.net/detail-thumb/thumb_d_283C26BF66A1F7E5BCE94F49B0DEDA49.jpeg,https://search.pstatic.net/sunny/?type=b150&src=https://cdn.crowdpic.net/detail-thumb/thumb_d_283C26BF66A1F7E5BCE94F49B0DEDA49.jpeg,cdn.crowdpic.net,2025-06,2025-07-14T18:10:27.419069
라면,10000,꽃게찜외 라면요리 | 음식 갤러리 | 루리웹 모바일,http://i2.ruliweb.com/img/17/06/13/15ca18d964c3a4a80.jpg,https://search.pstatic.net/sunny/?type=b150&src=http://i2.ruliweb.com/img/17/06/13/15ca18d964c3a4a80.jpg,i2.ruliweb.com,2025-06,2025-07-14T18:10:27.419069
라면,10000,라면 > 음식 | 이미지 사용조건이 까다롭지 않은 요리사진 100만컷,http://www.sk5.co.kr/neo/ns600/100/10014804.jpg,https://search.pstatic.net/sunny/?type=b150&src=http://www.sk5.co.kr/neo/ns600/100/10014804.jpg,sk5.co.kr,2025-06,2025-07-14T18:10:27.419069
라면,10000,"지식사이트 Pin by 최은자 on 길거리 음식 | Food, Breakfast, Eggs",https://i.pinimg.com/736x/df/2c/d0/df2cd0dc7679932189234ec02e817968.jpg,https://search.pstatic.net/sunny/?type=b150&src=https://i.pinimg.com/736x/df/2c/d0/df2cd0dc7679932189234ec02e817968.jpg,i.pinimg.com,2025-06,2025-07-14T18:10:27.823915
라면,10000,"e-요리 - 이마트몰, 당신과 가장 가까운 이마트 [오늘은e-요리]이연복셰프의 간짜장라면 놀면뭐하니 인생라면만들기",http://ui.ssgcdn.com/cmpt/recipe/202003/03/39e581bbd0a85137f74d9dd3a9ac82791.jpg,https://search.pstatic.net/sunny/?type=b150&src=http://ui.ssgcdn.com/cmpt/recipe/202003/03/39e581bbd0a85137f74d9dd3a9ac82791.jpg,ui.ssgcdn.com,2025-06,2025-07-14T18:10:27.823915
라면,10000,라면 > 음식 | 이미지 사용조건이 까다롭지 않은 요리사진 100만컷,http://www.sk5.co.kr/neo/ns600/100/10014799.jpg,https://search.pstatic.net/sunny/?type=b150&src=http://www.sk5.co.kr/neo/ns600/100/10014799.jpg,sk5.co.kr,2025-06,2025-07-14T18:10:27.823915
라면,10000,"이렇게 하면 일반 라면도 3배 더 맛있게 끓일 수 있다고!? | 1boon | 음식 요리법, 식품 아이디어, 간단한 조리법",https://i.pinimg.com/736x/61/47/d7/6147d71bf369e762bbc2c4123581a7e1.jpg,https://search.pstatic.net/sunny/?type=b150&src=https://i.pinimg.com/736x/61/47/d7/6147d71bf369e762bbc2c4123581a7e1.jpg,i.pinimg.com,2025-06,2025-07-14T18:10:27.823915
라면,10000,"라면 :: 라면,된장라면,라면그라탕,사과 비빔라면,우유참깨버섯라면,해물라면 :: 맛집 정보 검색 NO.1 사이트, 메뉴판닷컴 :: 맛집 정보가 가득",http://cfile29.uf.tistory.com/image/201585014CE3B3912E706F,https://search.pstatic.net/sunny/?type=b150&src=http://cfile29.uf.tistory.com/image/201585014CE3B3912E706F,cfile29.uf.tistory.com,2024-06,2025-07-14T18:10:27.419069
라면,10000,간단한 라면요리 해장음식 황태라면 콩나물 해장라면 분식집라면,https://recipe1.ezmember.co.kr/cache/recipe/2024/04/05/396dc494d449ac63d80c1a9bcb31883e1.jpg,https://search.pstatic.net/sunny/?type=b150&src=https://recipe1.ezmember.co.kr/cache/recipe/2024/04/05/396dc494d449ac63d80c1a9bcb31883e1.jpg,recipe1.ezmember.co.kr,2024-06,2025-07-14T18:10:27.823915
치킨,10000,"로스트 치킨 프라이드 치킨 닭고기, 맛있는 요리 치킨, 음식, 동물, 레시피 png | PNGWing",https://w7.pngwing.com/pngs/379/654/png-transparent-roast-chicken-fried-chicken-chicken-meat-delicious-cooked-chicken-food-animals-recipe.png,https://search.pstatic.net/sunny/?type=b150&src=https://w7.pngwing.com/pngs/379/654/png-transparent-roast-chicken-fried-chicken-chicken-meat-delicious-cooked-chicken-food-animals-recipe.png,w7.pngwing.com,2025-06,2025-07-14T18:10:23.687704
치킨,10000,"무료 이미지 : 아시아 사람, 요리, 식사, 식품, 생기게 하다... 중국 음식, 치킨 라이스, 동남 아시아 음식 4864x3648 - - 816233 - 무료 이미지...",https://c.pxhere.com/photos/ec/ca/chicken_rice_food_asian_chicken_cuisine_sauce_chilli-589950.jpg!s2,https://search.pstatic.net/sunny/?type=b150&src=https://c.pxhere.com/photos/ec/ca/chicken_rice_food_asian_chicken_cuisine_sauce_chilli-589950.jpg!s2,c.pxhere.com,2025-06,2025-07-14T18:10:23.687704
치킨,10000,라면‧치킨 그나마 건강하게 먹는 법,http://imgnews.naver.net/image/346/2021/03/26/0000039067_001_20210326203111923.jpg,https://search.pstatic.net/common/?type=b150&src=http://imgnews.naver.net/image/346/2021/03/26/0000039067_001_20210326203111923.jpg,imgnews.naver.net,2025-06,2025-07-14T18:10:23.687704
치킨,10000,"파키스탄 요리 인도 요리 치킨 티카 마살라 외, 식품, 레시피, 기타 png | PNGWing",https://w7.pngwing.com/pngs/884/738/png-transparent-pakistani-cuisine-indian-cuisine-chicken-tikka-masala-others-food-recipe-sauces.png,https://search.pstatic.net/sunny/?type=b150&src=https://w7.pngwing.com/pngs/884/738/png-transparent-pakistani-cuisine-indian-cuisine-chicken-tikka-masala-others-food-recipe-sauces.png,w7.pngwing.com,2025-06,2025-07-14T18:10:23.687704
치킨,10000,"[카드뉴스][스토리N쿡]""어디까지 먹어봤니"" 세계의 닭고기 요리",http://imgnews.naver.net/image/421/2018/09/10/0003582165_001_20180910172614833.jpg,https://search.pstatic.net/common/?type=b150&src=http://imgnews.naver.net/image/421/2018/09/10/0003582165_001_20180910172614833.jpg,imgnews.naver.net,2025-06,2025-07-14T18:10:23.687704
치킨,10000,갈릭 치킨 가라아게 1kg : 야키팩토리,http://shop1.phinf.naver.net/20240920_74/1726799135116emAEB_JPEG/17152553131916283_1394119795.jpg,https://search.pstatic.net/common/?type=b150&src=http://shop1.phinf.naver.net/20240920_74/1726799135116emAEB_JPEG/17152553131916283_1394119795.jpg,shop1.phinf.naver.net,2025-06,2025-07-14T18:10:23.687704
치킨,10000,인쇄하기,https://cdn.san.chosun.com/news/photo/201701/10603_43663_4556.jpg,https://search.pstatic.net/sunny/?type=b150&src=https://cdn.san.chosun.com/news/photo/201701/10603_43663_4556.jpg,cdn.san.chosun.com,2025-06,2025-07-14T18:10:23.687704
치킨,10000,"Lo mai gai 딤섬 아침 식사 Zongzi Baozi, Free s 치킨 라이스 버클, 음식, 무료 로고 디자인 템플릿, 해물 png | PNGWing",https://w7.pngwing.com/pngs/852/455/png-transparent-the-musket-room-new-zealand-cuisine-fusion-cuisine-restaurant-chef-free-ham-meat-dishes-pull-s-food-free-logo-design-template-recipe-thumbnail.png,https://search.pstatic.net/sunny/?type=b150&src=https://w7.pngwing.com/pngs/852/455/png-transparent-the-musket-room-new-zealand-cuisine-fusion-cuisine-restaurant-chef-free-ham-meat-dishes-pull-s-food-free-logo-design-template-recipe-thumbnail.png,w7.pngwing.com,2025-06,2025-07-14T18:10:23.687704
치킨,10000,"Caesar salad Chicken salad Greek salad Stuffing, chicken, leaf Vegetable, food png | PNGEgg",https://e7.pngegg.com/pngimages/924/148/png-clipart-caesar-salad-chicken-salad-greek-salad-stuffing-chicken-leaf-vegetable-food.png,https://search.pstatic.net/sunny/?type=b150&src=https://e7.pngegg.com/pngimages/924/148/png-clipart-caesar-salad-chicken-salad-greek-salad-stuffing-chicken-leaf-vegetable-food.png,e7.pngegg.com,2025-06,2025-07-14T18:10:23.687704
치킨,10000,[인포그래픽] 배달음식 1위는 '치킨',http://imgnews.naver.net/image/5286/2014/01/01/20140101000078_59_20140101164001.jpg,https://search.pstatic.net/common/?type=b150&src=http://imgnews.naver.net/image/5286/2014/01/01/20140101000078_59_20140101164001.jpg,imgnews.naver.net,2025-06,2025-07-14T18:10:23.687704
치킨,10000,Pin on 치킨 요리,https://i.pinimg.com/originals/39/33/37/393337d5eee6d3f6c423c1a393c63c23.jpg,https://search.pstatic.net/sunny/?type=b150&src=https://i.pinimg.com/originals/39/33/37/393337d5eee6d3f6c423c1a393c63c23.jpg,i.pinimg.com,2025-06,2025-07-14T18:10:23.687704
치킨,10000,새까맣게 '탄 것' 아닌 '색'다른 메뉴…블랙에 빠진 외식업계,http://imgnews.naver.net/image/243/2021/10/28/0000017743_001_20211028090101435.jpg,https://search.pstatic.net/common/?type=b150&src=http://imgnews.naver.net/image/243/2021/10/28/0000017743_001_20211028090101435.jpg,imgnews.naver.net,2025-06,2025-07-14T18:10:23.687704
치킨,10000,"랩 치킨 샌드위치 햄버거 바베큐 치킨 채식 요리, 프라이드 치킨, 식품, 레시피, 미국 음식 png | PNGWing",https://w7.pngwing.com/pngs/236/974/png-transparent-wrap-chicken-sandwich-hamburger-barbecue-chicken-vegetarian-cuisine-fried-chicken-food-recipe-american-food.png,https://search.pstatic.net/sunny/?type=b150&src=https://w7.pngwing.com/pngs/236/974/png-transparent-wrap-chicken-sandwich-hamburger-barbecue-chicken-vegetarian-cuisine-fried-chicken-food-recipe-american-food.png,w7.pngwing.com,2025-06,2025-07-14T18:10:23.687704
치킨,10000,"레시피에 있는 은광 김님의 핀 - 2020 | 간단한 조리법, 요리, 음식 요리법",https://i.pinimg.com/originals/b7/a5/5d/b7a55dd5954194ee158aaf39170bf691.jpg,https://search.pstatic.net/sunny/?type=b150&src=https://i.pinimg.com/originals/b7/a5/5d/b7a55dd5954194ee158aaf39170bf691.jpg,i.pinimg.com,2025-06,2025-07-14T18:10:23.687704
치킨,10000,"간단하지만 특별한 한끼, 집들이 음식으로도 손색없는 싱가폴 하이난치킨라이스",https://recipe1.ezmember.co.kr/cache/recipe/2023/05/02/3eb01919c29b8d50a4860e2b29ff95321.jpg,https://search.pstatic.net/sunny/?type=b150&src=https://recipe1.ezmember.co.kr/cache/recipe/2023/05/02/3eb01919c29b8d50a4860e2b29ff95321.jpg,recipe1.ezmember.co.kr,2025-06,2025-07-14T18:10:23.687704
치킨,10000,"뽀로로 양념치킨 만들기 - 루피의 요리, 주방, 요리사 - Google Play 앱",https://play-lh.googleusercontent.com/YnCAPoThmGlzzBS2bGE199PVRnh4j2vPFOApGm25b0goajj6J7Ljrky2-wbz8c_vQGc,https://search.pstatic.net/sunny/?type=b150&src=https://play-lh.googleusercontent.com/YnCAPoThmGlzzBS2bGE199PVRnh4j2vPFOApGm25b0goajj6J7Ljrky2-wbz8c_vQGc,play-lh.googleusercontent.com,2025-06,2025-07-14T18:10:23.687704
치킨,10000,"치킨 65 프라이드 치킨 중국 요리 채식주의 식단, 프라이드 치킨, 식품, 레시피, 치킨 고기 png | PNGWing",https://w7.pngwing.com/pngs/91/436/png-transparent-chicken-65-fried-chicken-chinese-cuisine-vegetarian-cuisine-fried-chicken-food-recipe-chicken-meat.png,https://search.pstatic.net/sunny/?type=b150&src=https://w7.pngwing.com/pngs/91/436/png-transparent-chicken-65-fried-chicken-chinese-cuisine-vegetarian-cuisine-fried-chicken-food-recipe-chicken-meat.png,w7.pngwing.com,2025-06,2025-07-14T18:10:23.687704
치킨,10000,제너럴 쏘 치킨에서 도시락 볼까지…음식으로 보는 대만 정치와 정체성,http://imgnews.naver.net/image/5741/2024/01/05/0000007913_001_20240108163220605.jpg,https://search.pstatic.net/common/?type=b150&src=http://imgnews.naver.net/image/5741/2024/01/05/0000007913_001_20240108163220605.jpg,imgnews.naver.net,2025-06,2025-07-14T18:10:23.687704
치킨,10000,"쿵 파오 치킨 탕수육 중국 요리 치킨 너겟, 파인애플 고기, 음식, 레시피, 닭고기 고기 png | PNGWing",https://w7.pngwing.com/pngs/768/291/png-transparent-kung-pao-chicken-sweet-and-sour-pork-chinese-cuisine-chicken-nugget-pineapple-meat-food-recipe-chicken-meat.png,https://search.pstatic.net/sunny/?type=b150&src=https://w7.pngwing.com/pngs/768/291/png-transparent-kung-pao-chicken-sweet-and-sour-pork-chinese-cuisine-chicken-nugget-pineapple-meat-food-recipe-chicken-meat.png,w7.pngwing.com,2025-06,2025-07-14T18:10:23.687704
치킨,10000,Tex-Mex,https://upload.wikimedia.org/wikipedia/commons/f/f9/Flickr_elisart_324248450--Beef_and_chicken_fajitas.jpg,https://search.pstatic.net/sunny/?type=b150&src=https://upload.wikimedia.org/wikipedia/commons/f/f9/Flickr_elisart_324248450--Beef_and_chicken_fajitas.jpg,upload.wikimedia.org,2025-06,2025-07-14T18:10:23.687704
치킨,10000,"성시경도 반한 맛…괌 몰려간 한국인, 하와이식 덮밥에 빠졌다",http://imgnews.naver.net/image/025/2022/09/26/0003226321_004_20220926053735664.jpg,https://search.pstatic.net/common/?type=b150&src=http://imgnews.naver.net/image/025/2022/09/26/0003226321_004_20220926053735664.jpg,imgnews.naver.net,2025-06,2025-07-14T18:10:23.687704
치킨,10000,'프라이드 치킨 유래' 흑인 노예의 한서린 음식?,http://imgnews.naver.net/image/396/2014/11/19/20141118004408_0_99_20141119003025.jpg,https://search.pstatic.net/common/?type=b150&src=http://imgnews.naver.net/image/396/2014/11/19/20141118004408_0_99_20141119003025.jpg,imgnews.naver.net,2025-06,2025-07-14T18:10:23.687704
치킨,10000,Grill chicken PNG,http://pngimg.com/uploads/fried_chicken/fried_chicken_PNG14073.png,https://search.pstatic.net/sunny/?type=b150&src=http://pngimg.com/uploads/fried_chicken/fried_chicken_PNG14073.png,pngimg.com,2025-06,2025-07-14T18:10:23.687704
치킨,10000,주방 보드에 있는 생 치킨 스테이크신선하고 생고기 치킨 스테이크 생고기 사진 배경 및 무료 다운로드를위한 그림 - Pngtree,https://png.pngtree.com/background/20230405/original/pngtree-raw-chicken-steaks-on-a-kitchen-boardfresh-and-raw-meat-chicken-picture-image_2313409.jpg,https://search.pstatic.net/sunny/?type=b150&src=https://png.pngtree.com/background/20230405/original/pngtree-raw-chicken-steaks-on-a-kitchen-boardfresh-and-raw-meat-chicken-picture-image_2313409.jpg,png.pngtree.com,2025-06,2025-07-14T18:10:23.687704
치킨,10000,네이버 인플루언서 [네이버 인플루언서] 아이들이 좋아하는 덮밥요리 Best4,https://dthumb-phinf.pstatic.net/?src=%22https://mblogthumb-phinf.pstatic.net/MjAyMzA0MTZfMTg4/MDAxNjgxNjUwNDE5NDAz.0i8-REOb7ewhdxCbtVfzfJ89ki3oO45IwCHcPGuhaw0g.9xLEp5_d8RIG-FE_bREKMTVR1LkeN-BUJZ3FqDH9ytMg.PNG.yangcae12/20230416%25A3%25DF220604%25A3%25DF0000.png?type=w800%22&opts=2&twidth=700&theight=700,https://search.pstatic.net/sunny/?type=b150&src=https://dthumb-phinf.pstatic.net/?src=%22https://mblogthumb-phinf.pstatic.net/MjAyMzA0MTZfMTg4/MDAxNjgxNjUwNDE5NDAz.0i8-REOb7ewhdxCbtVfzfJ89ki3oO45IwCHcPGuhaw0g.9xLEp5_d8RIG-FE_bREKMTVR1LkeN-BUJZ3FqDH9ytMg.PNG.yangcae12/20230416%25A3%25DF220604%25A3%25DF0000.png?type=w800%22&opts=2&twidth=700&theight=700,dthumb-phinf.pstatic.net,2025-06,2025-07-14T18:10:23.687704
치킨,10000,diet food에 관한 50개의 최상의 Pinterest 이미지 diet food,https://i.pinimg.com/736x/d5/0f/1d/d50f1dc95700c7d588482fb3ffbbdd6b--cilantro-lime-sauce-cilantro-chicken.jpg,https://search.pstatic.net/sunny/?type=b150&src=https://i.pinimg.com/736x/d5/0f/1d/d50f1dc95700c7d588482fb3ffbbdd6b--cilantro-lime-sauce-cilantro-chicken.jpg,i.pinimg.com,2025-06,2025-07-14T18:10:23.687704
치킨,10000,"중국 요리 초이 섬 야채 볶음 튀김 피클 링, 맛있는 양배추 프라이드 치킨 기타, 기타, 잎 채소, 음식 png | PNGWing",https://w7.pngwing.com/pngs/500/322/png-transparent-chinese-cuisine-choy-sum-vegetable-stir-frying-pickling-a-delicious-cabbage-fried-chicken-miscellaneous-miscellaneous-leaf-vegetable-food.png,https://search.pstatic.net/sunny/?type=b150&src=https://w7.pngwing.com/pngs/500/322/png-transparent-chinese-cuisine-choy-sum-vegetable-stir-frying-pickling-a-delicious-cabbage-fried-chicken-miscellaneous-miscellaneous-leaf-vegetable-food.png,w7.pngwing.com,2025-06,2025-07-14T18:10:23.687704
치킨,10000,레몬 치킨 - 나무위키 레몬 치킨,https://i.namu.wiki/i/_Sy4EsZ779wezOFZEGoXi2BawPa8IhSLeZf7VucL-jTXanErlpsv5QJGAs-5biy-hTgvJIxbwaYlv8t4_LoejQ.webp,https://search.pstatic.net/sunny/?type=b150&src=https://i.namu.wiki/i/_Sy4EsZ779wezOFZEGoXi2BawPa8IhSLeZf7VucL-jTXanErlpsv5QJGAs-5biy-hTgvJIxbwaYlv8t4_LoejQ.webp,i.namu.wiki,2025-06,2025-07-14T18:10:23.687704
치킨,10000,주방 집게 소 뷔페 멀티 치킨 캠핑 얼음 : 데몰,http://shop1.phinf.naver.net/20250406_274/1743902251407a7CFS_JPEG/78035121530078354_452807198.jpg,https://search.pstatic.net/common/?type=b150&src=http://shop1.phinf.naver.net/20250406_274/1743902251407a7CFS_JPEG/78035121530078354_452807198.jpg,shop1.phinf.naver.net,2025-06,2025-07-14T18:10:23.687704
치킨,10000,[이야기를 담은 영화 속 요리]‘스탠리의 도시락’속 인도 전통 음식,http://imgnews.naver.net/image/145/2013/05/03/20130503162007_2_20130503_88_2_59_20130503182731.jpg,https://search.pstatic.net/common/?type=b150&src=http://imgnews.naver.net/image/145/2013/05/03/20130503162007_2_20130503_88_2_59_20130503182731.jpg,imgnews.naver.net,2025-06,2025-07-14T18:10:23.687704
치킨,10000,"조개 초밥 요리 새우, 커팅 보드에 요리 새우, 음식, 동물, 해산물 png | PNGWing",https://w7.pngwing.com/pngs/742/641/png-transparent-clam-sushi-cooking-shrimp-cooked-shrimp-on-a-cutting-board-food-animals-seafood.png,https://search.pstatic.net/sunny/?type=b150&src=https://w7.pngwing.com/pngs/742/641/png-transparent-clam-sushi-cooking-shrimp-cooked-shrimp-on-a-cutting-board-food-animals-seafood.png,w7.pngwing.com,2025-06,2025-07-14T18:10:23.687704
치킨,10000,중국요리의 세계사 - 왜 중국음식은 세계 어디서든 만날 수 있는 걸까(따비 음식학 5) | 영풍문고,https://cdn.ypbooks.co.kr/admin/image/product/202311/b69b8659-89f9-46cb-8bd5-fd2c1202e4a9.jpg,https://search.pstatic.net/sunny/?type=b150&src=https://cdn.ypbooks.co.kr/admin/image/product/202311/b69b8659-89f9-46cb-8bd5-fd2c1202e4a9.jpg,cdn.ypbooks.co.kr,2025-06,2025-07-14T18:10:23.687704
치킨,10000,국내산 집게 특왕대형 샐러드 면 돈까스 치킨 : 아사이앤씨,http://shop1.phinf.naver.net/20250415_72/1744657393962xxdKW_JPEG/54132521995311137_1748373392.jpg,https://search.pstatic.net/common/?type=b150&src=http://shop1.phinf.naver.net/20250415_72/1744657393962xxdKW_JPEG/54132521995311137_1748373392.jpg,shop1.phinf.naver.net,2025-06,2025-07-14T18:10:23.687704
치킨,10000,음식명언 유머명언 웃긴명언 치킨명언 | 웃긴,https://i.pinimg.com/736x/ee/39/07/ee39071791e4b5b3afcc2b1f80de450c.jpg,https://search.pstatic.net/sunny/?type=b150&src=https://i.pinimg.com/736x/ee/39/07/ee39071791e4b5b3afcc2b1f80de450c.jpg,i.pinimg.com,2025-06,2025-07-14T18:10:23.687704
치킨,10000,"음식으로 해삼 오징어 찐 닭고기 해산물, 구운 해삼 브로콜리, 음식, 레시피, 치킨 png | PNGWing",https://w7.pngwing.com/pngs/8/927/png-transparent-sea-cucumber-as-food-dezhou-braised-chicken-seafood-grilled-sea-cucumber-broccoli-food-recipe-chicken.png,https://search.pstatic.net/sunny/?type=b150&src=https://w7.pngwing.com/pngs/8/927/png-transparent-sea-cucumber-as-food-dezhou-braised-chicken-seafood-grilled-sea-cucumber-broccoli-food-recipe-chicken.png,w7.pngwing.com,2025-06,2025-07-14T18:10:23.687704
치킨,10000,"5:2에 관한 43개의 최상의 Pinterest 이미지 | 건강한 요리법, 물고기자리 및 건강에 좋은 음식 5:2",https://i.pinimg.com/736x/a6/c8/e0/a6c8e07246975bd16b60905e94cea854--spatchcock-chicken-chicken-piri-piri-portuguese.jpg,https://search.pstatic.net/sunny/?type=b150&src=https://i.pinimg.com/736x/a6/c8/e0/a6c8e07246975bd16b60905e94cea854--spatchcock-chicken-chicken-piri-piri-portuguese.jpg,i.pinimg.com,2025-06,2025-07-14T18:10:23.687704
치킨,10000,본인쟝 요리실력 | 유머 게시판 | 루리웹 l RULIWEB 본인쟝 요리실력 | 유머 게시판 | 루리웹,https://i2.ruliweb.com/img/21/03/17/1783c36ed2e1e9fd5.jpg,https://search.pstatic.net/sunny/?type=b150&src=https://i2.ruliweb.com/img/21/03/17/1783c36ed2e1e9fd5.jpg,i2.ruliweb.com,2025-06,2025-07-14T18:10:23.687704
치킨,10000,'인공 치킨' 첫 탄생…농장 아닌 실험실에서,http://imgnews.naver.net/image/055/2017/03/16/0000513669_001_20170316173113994.jpg,https://search.pstatic.net/common/?type=b150&src=http://imgnews.naver.net/image/055/2017/03/16/0000513669_001_20170316173113994.jpg,imgnews.naver.net,2025-06,2025-07-14T18:10:23.687704
치킨,10000,"Pioneer Woman에 관한 103개의 최상의 Pinterest 이미지 | 요리법, 음식 요리법 및 Ina garten Pioneer Woman",https://i.pinimg.com/736x/ed/54/07/ed54071065674d0d1e2b3594a4dfc27e--pioneer-women-the-pioneer-woman.jpg,https://search.pstatic.net/sunny/?type=b150&src=https://i.pinimg.com/736x/ed/54/07/ed54071065674d0d1e2b3594a4dfc27e--pioneer-women-the-pioneer-woman.jpg,i.pinimg.com,2025-06,2025-07-14T18:10:23.687704
치킨,10000,"나트륨 범벅 치킨은 이제 그만, 직접 해먹는 건강한 치킨 요리 모음",http://recipe.ezmember.co.kr/cache/recipe/2015/10/06/8ea690aea6d0c2b41c15bd8c9d14c0361.jpg,https://search.pstatic.net/sunny/?type=b150&src=http://recipe.ezmember.co.kr/cache/recipe/2015/10/06/8ea690aea6d0c2b41c15bd8c9d14c0361.jpg,recipe.ezmember.co.kr,2025-06,2025-07-14T18:10:23.687704
치킨,10000,또띠아롤 12월의 파티음식으로~ 또띠아요리,http://recipe1.ezmember.co.kr/cache/recipe/2019/12/09/77ea48f0a708a76fc863896aeb2427691.jpg,https://search.pstatic.net/sunny/?type=b150&src=http://recipe1.ezmember.co.kr/cache/recipe/2019/12/09/77ea48f0a708a76fc863896aeb2427691.jpg,recipe1.ezmember.co.kr,2025-06,2025-07-14T18:10:23.687704
치킨,10000,일본: 가라아게는 어떻게 '국민 음식'이 됐을까?,http://imgnews.naver.net/image/5741/2022/12/25/0000006491_001_20221227162215065.jpg,https://search.pstatic.net/common/?type=b150&src=http://imgnews.naver.net/image/5741/2022/12/25/0000006491_001_20221227162215065.jpg,imgnews.naver.net,2025-06,2025-07-14T18:10:23.687704
치킨,10000,블루 세라믹 접시에 프라이드 치킨과 감자 튀김 사진 – Unsplash의 무료 음식 이미지 Unsplash에 있는 Farhad Ibrahimzade의 사진,https://images.unsplash.com/photo-1625938146369-adc83368bda7?fm=jpg&q=60&w=3000&ixlib=rb-4.1.0&ixid=M3wxMjA3fDB8MHxwaG90by1yZWxhdGVkfDF8fHxlbnwwfHx8fHw%3D,https://search.pstatic.net/sunny/?type=b150&src=https://images.unsplash.com/photo-1625938146369-adc83368bda7?fm=jpg&q=60&w=3000&ixlib=rb-4.1.0&ixid=M3wxMjA3fDB8MHxwaG90by1yZWxhdGVkfDF8fHxlbnwwfHx8fHw%3D,images.unsplash.com,2025-06,2025-07-14T18:10:23.687704
치킨,10000,"사우디 음식들, 캅사·램 침샘 자극, 치킨 한국과 경쟁? [사우디 여행]",http://imgnews.naver.net/image/016/2023/01/10/20230106000757_0_20230110103705054.jpg,https://search.pstatic.net/common/?type=b150&src=http://imgnews.naver.net/image/016/2023/01/10/20230106000757_0_20230110103705054.jpg,imgnews.naver.net,2025-06,2025-07-14T18:10:23.687704
치킨,10000,Indigenous cuisine of the Americas,https://upload.wikimedia.org/wikipedia/commons/1/19/Jerk_chicken_plate.jpg,https://search.pstatic.net/sunny/?type=b150&src=https://upload.wikimedia.org/wikipedia/commons/1/19/Jerk_chicken_plate.jpg,upload.wikimedia.org,2025-06,2025-07-14T18:10:23.687704
치킨,10000,[간단 자취요리] 치킨 없어도 OK! 초 간단 치킨마요덮밥 만들기,https://recipe1.ezmember.co.kr/cache/recipe/2016/06/07/c4f237aa789ae941246cb4edc4e060691_f.jpg,https://search.pstatic.net/sunny/?type=b150&src=https://recipe1.ezmember.co.kr/cache/recipe/2016/06/07/c4f237aa789ae941246cb4edc4e060691_f.jpg,recipe1.ezmember.co.kr,2025-06,2025-07-14T18:10:23.687704
치킨,10000,"덴마크 요리 음식 메뉴 템플릿 PSD 다운로드, 디자인 자료 다운로드",https://png.pngtree.com/png-clipart/20221219/original/pngtree-danish-cuisine-food-menu-png-image_8779394.png,https://search.pstatic.net/sunny/?type=b150&src=https://png.pngtree.com/png-clipart/20221219/original/pngtree-danish-cuisine-food-menu-png-image_8779394.png,png.pngtree.com,2025-06,2025-07-14T18:10:23.687704
치킨,10000,"채식 요리 미국 중국 요리 말린 오징어 오징어 음식, 새우 간장 오징어, 음식, 해산물, 동물 png | PNGWing",https://w7.pngwing.com/pngs/223/1014/png-transparent-vegetarian-cuisine-american-chinese-cuisine-dried-shredded-squid-squid-as-food-shrimp-soy-squid-food-seafood-animals.png,https://search.pstatic.net/sunny/?type=b150&src=https://w7.pngwing.com/pngs/223/1014/png-transparent-vegetarian-cuisine-american-chinese-cuisine-dried-shredded-squid-squid-as-food-shrimp-soy-squid-food-seafood-animals.png,w7.pngwing.com,2025-06,2025-07-14T18:10:23.687704
치킨,10000,Food에 관한 11개의 최상의 Pinterest 이미지 Food,https://i.pinimg.com/736x/bd/38/ea/bd38ea31d20f17f0443955db62cf6b65--grilled-chicken-tacos-lime-chicken-recipes.jpg,https://search.pstatic.net/sunny/?type=b150&src=https://i.pinimg.com/736x/bd/38/ea/bd38ea31d20f17f0443955db62cf6b65--grilled-chicken-tacos-lime-chicken-recipes.jpg,i.pinimg.com,2025-06,2025-07-14T18:10:23.687704
치킨,10000,"인도요리, 인도음식, 탄두리치킨, 탄두리, 치킨, 사진,이미지,일러스트,캘리그라피 - 시엔슈작가 크라우드픽 - 저작권 걱정 없는 상업용 이미지",https://cdn.crowdpic.net/detail-thumb/thumb_d_7A381F32C79AAFE015172DFFFEF94940.jpg,https://search.pstatic.net/sunny/?type=b150&src=https://cdn.crowdpic.net/detail-thumb/thumb_d_7A381F32C79AAFE015172DFFFEF94940.jpg,cdn.crowdpic.net,2025-06,2025-07-14T18:10:23.687704
치킨,10000,揚げ物,https://upload.wikimedia.org/wikipedia/commons/1/17/Deep_frying_chicken_upper_wing.JPG,https://search.pstatic.net/sunny/?type=b150&src=https://upload.wikimedia.org/wikipedia/commons/1/17/Deep_frying_chicken_upper_wing.JPG,upload.wikimedia.org,2025-06,2025-07-14T18:10:23.687704
치킨,10000,닭 다리만 찾으면 퍽퍽 살은 누가 먹나…고민 큰 치킨업계,http://imgnews.naver.net/image/001/2020/10/20/PCM20201010000012030_P4_20201021161008015.jpg,https://search.pstatic.net/common/?type=b150&src=http://imgnews.naver.net/image/001/2020/10/20/PCM20201010000012030_P4_20201021161008015.jpg,imgnews.naver.net,2025-06,2025-07-14T18:10:23.687704
치킨,10000,중국의 자지보지,https://i2.ruliweb.com/img/23/04/12/1877306be9a4acb25.jpg,https://search.pstatic.net/sunny/?type=b150&src=https://i2.ruliweb.com/img/23/04/12/1877306be9a4acb25.jpg,i2.ruliweb.com,2025-06,2025-07-14T18:10:23.687704
치킨,10000,"grillig에 관한 14개의 최상의 Pinterest 이미지 | 그릴, 음료수 및 간식 grillig",https://i.pinimg.com/736x/25/32/e0/2532e0c9620d9514ece24f7da19cd77c--marinades-for-chicken-chicken-recipes.jpg,https://search.pstatic.net/sunny/?type=b150&src=https://i.pinimg.com/736x/25/32/e0/2532e0c9620d9514ece24f7da19cd77c--marinades-for-chicken-chicken-recipes.jpg,i.pinimg.com,2025-06,2025-07-14T18:10:23.687704
치킨,10000,크냉님표 칠리 치킨볼 미니 윙 후라이드,http://img2.ruliweb.com/img/img_link7/130/129928_6.jpg,https://search.pstatic.net/sunny/?type=b150&src=http://img2.ruliweb.com/img/img_link7/130/129928_6.jpg,img2.ruliweb.com,2025-06,2025-07-14T18:10:23.687704
치킨,10000,탉탉탉 - 함께하면 더 맛있는 즐거움 메티즌 - 함께하면 더 맛있는 즐거움,https://metizen.co.kr/wp-content/uploads/2022/10/%ED%83%89%ED%83%89%ED%83%89_%EA%B9%80%ED%98%9C%EC%A4%80_001.jpg,https://search.pstatic.net/sunny/?type=b150&src=https://metizen.co.kr/wp-content/uploads/2022/10/%ED%83%89%ED%83%89%ED%83%89_%EA%B9%80%ED%98%9C%EC%A4%80_001.jpg,metizen.co.kr,2025-06,2025-07-14T18:10:23.687704
치킨,10000,"3d 치킨 난 빵과 꼬치 케밥을 포함한 다양한 탄두리 요리, 탄두리 치킨 난 빵을 포함한 다양한 탄두리 요리 3d, 그리고 꼬치 케밥, 음식 PNG...",https://png.pngtree.com/png-vector/20240612/ourlarge/pngtree-d-an-array-of-tandoori-dishes-including-chicken-naan-bread-and-png-image_12706281.png,https://search.pstatic.net/sunny/?type=b150&src=https://png.pngtree.com/png-vector/20240612/ourlarge/pngtree-d-an-array-of-tandoori-dishes-including-chicken-naan-bread-and-png-image_12706281.png,png.pngtree.com,2025-06,2025-07-14T18:10:23.687704
치킨,10000,스텐 샐러드 집게 치킨 집게 소형 초밥 음식 : 이주의 아이템,http://shop1.phinf.naver.net/20250108_280/1736347018075TuSzw_JPEG/12834326209227417_623783280.jpg,https://search.pstatic.net/common/?type=b150&src=http://shop1.phinf.naver.net/20250108_280/1736347018075TuSzw_JPEG/12834326209227417_623783280.jpg,shop1.phinf.naver.net,2025-06,2025-07-14T18:10:23.687704
치킨,10000,음식 - Page 4 | Hypebeast Hypebeast.KR | 하입비스트,https://image-cdn.hypb.st/https%3A%2F%2Fkr.hypebeast.com%2Ffiles%2F2024%2F09%2F09%2Ftaste-atlas-best-chicken-dish-fried-chicken-ft.jpg?fit=max&cbr=1&q=90&w=750&h=500,https://search.pstatic.net/sunny/?type=b150&src=https://image-cdn.hypb.st/https%3A%2F%2Fkr.hypebeast.com%2Ffiles%2F2024%2F09%2F09%2Ftaste-atlas-best-chicken-dish-fried-chicken-ft.jpg?fit=max&cbr=1&q=90&w=750&h=500,image-cdn.hypb.st,2025-06,2025-07-14T18:10:23.687704
치킨,10000,조리기구 국내산 주방 스테인리스 요리 음식 치킨 간식 : 초롱마트231,https://shop-phinf.pstatic.net/20240826_228/1724678201943Sqq23_PNG/56256998885648906_1479335150.png,https://search.pstatic.net/common/?type=b150&src=https://shop-phinf.pstatic.net/20240826_228/1724678201943Sqq23_PNG/56256998885648906_1479335150.png,shop-phinf.pstatic.net,2025-06,2025-07-14T18:10:23.687704
치킨,10000,"프리진 - 스톡 이미지, 사진, 일러스트, 벡터, 웹디자인. 이미지 사이트",http://image.utoimage.com/preview/cp780416/2016/03/201603000358_500.jpg,https://search.pstatic.net/sunny/?type=b150&src=http://image.utoimage.com/preview/cp780416/2016/03/201603000358_500.jpg,image.utoimage.com,2025-06,2025-07-14T18:10:23.687704
치킨,10000,외국인이 좋아하는 한국음식… 한국식 치킨 >김치 >비빔밥,http://imgnews.naver.net/image/022/2021/01/08/20210107516500_20210108060525749.jpg,https://search.pstatic.net/common/?type=b150&src=http://imgnews.naver.net/image/022/2021/01/08/20210107516500_20210108060525749.jpg,imgnews.naver.net,2025-06,2025-07-14T18:10:23.687704
치킨,10000,"koreafood, food, 음식, chicken, 치킨, 사진,이미지,일러스트,캘리그라피 - 쏭월드작가 크라우드픽 - 저작권 걱정 없는 상업용 이미지",https://cdn.crowdpic.net/detail-thumb/thumb_d_5A2E4A2352E38FC8C505F4354919C110.jpg,https://search.pstatic.net/sunny/?type=b150&src=https://cdn.crowdpic.net/detail-thumb/thumb_d_5A2E4A2352E38FC8C505F4354919C110.jpg,cdn.crowdpic.net,2025-06,2025-07-14T18:10:23.687704
치킨,10000,User:FisherQueen/Archive13,https://upload.wikimedia.org/wikipedia/commons/2/2e/Chicken_Kiev.jpeg,https://search.pstatic.net/sunny/?type=b150&src=https://upload.wikimedia.org/wikipedia/commons/2/2e/Chicken_Kiev.jpeg,upload.wikimedia.org,2025-06,2025-07-14T18:10:23.687704
치킨,10000,토마토치킨스튜 - 우리의식탁 | 레시피,https://static.wtable.co.kr/image/production/service/recipe/322/023f54a1-893a-416e-9331-2a0e6215eed5.jpg?size=800x800,https://search.pstatic.net/sunny/?type=b150&src=https://static.wtable.co.kr/image/production/service/recipe/322/023f54a1-893a-416e-9331-2a0e6215eed5.jpg?size=800x800,static.wtable.co.kr,2025-06,2025-07-14T18:10:23.687704
치킨,10000,파키스탄 요리 - 나무위키 파키스탄 요리,https://i.namu.wiki/i/5_e6M7uFsMSat_ouLN2EI-yUUEt0RFiFMnP6SH5k9RXe3UgwquUR26fp0wVA6r2p_M6V4XjV5nme4_Q3ORwRvg.webp,https://search.pstatic.net/sunny/?type=b150&src=https://i.namu.wiki/i/5_e6M7uFsMSat_ouLN2EI-yUUEt0RFiFMnP6SH5k9RXe3UgwquUR26fp0wVA6r2p_M6V4XjV5nme4_Q3ORwRvg.webp,i.namu.wiki,2025-06,2025-07-14T18:10:23.687704
치킨,10000,수채화 음식 클립 아트-요리 냄비에 닭고기,https://st2.depositphotos.com/3246725/10210/i/450/depositphotos_102106416-stock-photo-watercolor-food-clipart-chicken-in.jpg,https://search.pstatic.net/sunny/?type=b150&src=https://st2.depositphotos.com/3246725/10210/i/450/depositphotos_102106416-stock-photo-watercolor-food-clipart-chicken-in.jpg,st2.depositphotos.com,2025-06,2025-07-14T18:10:23.687704
치킨,10000,"한국식 ""치킨 퀘사디아"" 만들기, 파티요리, 파티음식 한국식 '치킨 퀘사디아' 만들기, 파티요리, 파티음식",https://recipe1.ezmember.co.kr/cache/recipe/2016/07/25/eb9235f567e57d5f5b72c366a5b9b5cd1.jpg,https://search.pstatic.net/sunny/?type=b150&src=https://recipe1.ezmember.co.kr/cache/recipe/2016/07/25/eb9235f567e57d5f5b72c366a5b9b5cd1.jpg,recipe1.ezmember.co.kr,2025-06,2025-07-14T18:10:23.687704
치킨,10000,음식모형 장난감 음식장난감 소꼽놀이장난감 요리놀이장난감 주방놀이소품 햄버거 치킨 모형 : 라이프랩LIFELAB,http://shop1.phinf.naver.net/20221122_43/1669123256276frxFD_JPEG/30084170182437558_88079040.jpg,https://search.pstatic.net/common/?type=b150&src=http://shop1.phinf.naver.net/20221122_43/1669123256276frxFD_JPEG/30084170182437558_88079040.jpg,shop1.phinf.naver.net,2025-06,2025-07-14T18:10:23.687704
치킨,10000,캠프닉 푸드와 함께 하는 맛있는 봄나들이 먹거리는,http://imgnews.naver.net/image/417/2022/04/17/0000804580_001_20220417161501689.png,https://search.pstatic.net/common/?type=b150&src=http://imgnews.naver.net/image/417/2022/04/17/0000804580_001_20220417161501689.png,imgnews.naver.net,2025-06,2025-07-14T18:10:23.687704
치킨,10000,"dish, 요리, food, 음식, meal, 사진,이미지,일러스트,캘리그라피 - 히찌작가 크라우드픽 - 저작권 걱정 없는 상업용 이미지",https://cdn.crowdpic.net/detail-thumb/thumb_d_673502B810EC0258EF013E842F9FF6C0.jpg,https://search.pstatic.net/sunny/?type=b150&src=https://cdn.crowdpic.net/detail-thumb/thumb_d_673502B810EC0258EF013E842F9FF6C0.jpg,cdn.crowdpic.net,2025-06,2025-07-14T18:10:23.687704
치킨,10000,오늘의 자작요리!! | 음식 갤러리 오늘의 자작요리!! | 음식 갤러리 | 루리웹,https://i3.ruliweb.com/img/21/06/11/179fada1c7313b737.jpg,https://search.pstatic.net/sunny/?type=b150&src=https://i3.ruliweb.com/img/21/06/11/179fada1c7313b737.jpg,i3.ruliweb.com,2025-06,2025-07-14T18:10:23.687704
치킨,10000,"통풍에 좋은 음식 vs 나쁜 음식부터 원인과 증상, 치료법까지 - 닥터나우 통풍에 좋은 음식 vs 나쁜 음식부터 원인과 증상, 치료법까지",https://d2m9duoqjhyhsq.cloudfront.net/marketingContents/article/article53-04.jpg,https://search.pstatic.net/sunny/?type=b150&src=https://d2m9duoqjhyhsq.cloudfront.net/marketingContents/article/article53-04.jpg,d2m9duoqjhyhsq.cloudfront.net,2025-06,2025-07-14T18:10:23.687704
치킨,10000,기름 종이 페이퍼 한지 음식 생선 30매 치킨 튀김 요리 고기 고깃국 부침개 전 제거 잡화 : 캘네시,http://shop1.phinf.naver.net/20240302_270/1709312796991MBlSt_JPEG/5222768968291450_1352366027.jpg,https://search.pstatic.net/common/?type=b150&src=http://shop1.phinf.naver.net/20240302_270/1709312796991MBlSt_JPEG/5222768968291450_1352366027.jpg,shop1.phinf.naver.net,2025-06,2025-07-14T18:10:23.687704
치킨,10000,"07화 음식으로 시작해 공감으로 끝난다, 백수세끼",http://t1.daumcdn.net/brunch/service/user/9g6v/image/9dX2pq4KCbJbChxXdZR5kTyvIwM.jpg,https://search.pstatic.net/sunny/?type=b150&src=http://t1.daumcdn.net/brunch/service/user/9g6v/image/9dX2pq4KCbJbChxXdZR5kTyvIwM.jpg,t1.daumcdn.net,2025-06,2025-07-14T18:10:23.687704
치킨,10000,"그랜드 하얏트 서울 호텔, ‘추수감사절 투고 세트’ 선봬",http://imgnews.naver.net/image/215/2021/11/05/A202111050028_1_20211105074202573.jpg,https://search.pstatic.net/common/?type=b150&src=http://imgnews.naver.net/image/215/2021/11/05/A202111050028_1_20211105074202573.jpg,imgnews.naver.net,2025-06,2025-07-14T18:10:23.687704
치킨,10000,"천천히 요리하다, 튀기다, 편안한 음식, 포르투갈 치킨, 피리 피리, 향긋한, 허브 조미료, 혼합 채소, 홈메이드, 황금 갈색에 관한 무료 스톡...",https://images.pexels.com/photos/27643011/pexels-photo-27643011.jpeg?auto=compress&cs=tinysrgb&h=627&fit=crop&w=1200,https://search.pstatic.net/sunny/?type=b150&src=https://images.pexels.com/photos/27643011/pexels-photo-27643011.jpeg?auto=compress&cs=tinysrgb&h=627&fit=crop&w=1200,images.pexels.com,2025-06,2025-07-14T18:10:23.703720
치킨,10000,"무료 이미지 : 요리, 피쉬 앤 칩스, 슈니첼, 튀긴 음식, 감자 튀김, 성분, 치킨 앤 칩스, Cotoletta, 어린이 식사, 패스트 푸드...",https://c.pxhere.com/photos/d8/f6/chicken_close_up_cuisine_delicious_dinner_dish_epicure_food-1529869.jpg!d,https://search.pstatic.net/sunny/?type=b150&src=https://c.pxhere.com/photos/d8/f6/chicken_close_up_cuisine_delicious_dinner_dish_epicure_food-1529869.jpg!d,c.pxhere.com,2025-06,2025-07-14T18:10:23.703720
치킨,10000,포모스 후라이드 치킨 취향 1번 vs 2번 후라이드 치킨 취향 1번 vs 2번,https://image.fomos.kr/contents/images/board/2022/1110/1668070877330811.jpg,https://search.pstatic.net/sunny/?type=b150&src=https://image.fomos.kr/contents/images/board/2022/1110/1668070877330811.jpg,image.fomos.kr,2025-06,2025-07-14T18:10:23.703720
치킨,10000,"General Pictures, Images and Stock Photos - iStock",http://media.istockphoto.com/photos/eating-chinese-food-general-tsos-chicken-picture-id467912846?k=6&m=467912846&s=612x612&w=0&h=tBOAsSOPpHU6AjghTglAlTVi5XrmLJHIi5701c_AW6s=,https://search.pstatic.net/sunny/?type=b150&src=http://media.istockphoto.com/photos/eating-chinese-food-general-tsos-chicken-picture-id467912846?k=6&m=467912846&s=612x612&w=0&h=tBOAsSOPpHU6AjghTglAlTVi5XrmLJHIi5701c_AW6s=,media.istockphoto.com,2025-06,2025-07-14T18:10:23.703720
치킨,10000,세계의 만찬 싱가포르- ②하이난식 치킨라이스,http://imgnews.naver.net/image/109/2009/07/06/200907061031494100_1.jpg,https://search.pstatic.net/common/?type=b150&src=http://imgnews.naver.net/image/109/2009/07/06/200907061031494100_1.jpg,imgnews.naver.net,2025-06,2025-07-14T18:10:23.703720
치킨,10000,"Grill gadgets Cool  awesome stuff | 요리, 음식, 치킨",https://i.pinimg.com/736x/61/fe/40/61fe40ce280db9411a96fba8089127d4--cooking-gadgets-cooking-tips.jpg,https://search.pstatic.net/sunny/?type=b150&src=https://i.pinimg.com/736x/61/fe/40/61fe40ce280db9411a96fba8089127d4--cooking-gadgets-cooking-tips.jpg,i.pinimg.com,2025-06,2025-07-14T18:10:23.703720
치킨,10000,"마라롱샤, 가재음식, 민물가재, 붉은가재, 가재요리, 사진,이미지,일러스트,캘리그라피 - 액자탈출작가 크라우드픽 - 저작권 걱정 없는 상업용 이미지",https://cdn.crowdpic.net/detail-thumb/thumb_d_6C4CEAF8412C9FD17D221130B97C4D5B.jpg,https://search.pstatic.net/sunny/?type=b150&src=https://cdn.crowdpic.net/detail-thumb/thumb_d_6C4CEAF8412C9FD17D221130B97C4D5B.jpg,cdn.crowdpic.net,2025-06,2025-07-14T18:10:23.703720
치킨,10000,"food, 닭고기, 오븐요리, 집들이음식, 로스트치킨, 사진,이미지,일러스트,캘리그라피 - hyyn2작가 크라우드픽 - 저작권 걱정 없는 상업용 이미지",https://cdn.crowdpic.net/detail-thumb/thumb_d_5899409C1527A55E4830FCA0366BD186.jpeg,https://search.pstatic.net/sunny/?type=b150&src=https://cdn.crowdpic.net/detail-thumb/thumb_d_5899409C1527A55E4830FCA0366BD186.jpeg,cdn.crowdpic.net,2025-06,2025-07-14T18:10:23.703720
치킨,10000,사테 치킨 땅콩소스 태국 음식 - Pixabay의 무료 사진,https://cdn.pixabay.com/photo/2018/08/14/07/16/satay-chicken-3604856_1280.jpg,https://search.pstatic.net/sunny/?type=b150&src=https://cdn.pixabay.com/photo/2018/08/14/07/16/satay-chicken-3604856_1280.jpg,cdn.pixabay.com,2025-06,2025-07-14T18:10:23.703720
치킨,10000,[트렌드 키워드 속 환경 ㉘] 편리한데 쓰레기도 줄인다?...'원팬요리'의 환경 영향,http://imgnews.naver.net/image/5194/2020/12/08/0000093930_001_20201208104253426.jpg,https://search.pstatic.net/common/?type=b150&src=http://imgnews.naver.net/image/5194/2020/12/08/0000093930_001_20201208104253426.jpg,imgnews.naver.net,2025-06,2025-07-14T18:10:23.703720
치킨,10000,"집에서 만든 맛있는 구운 닭고기 평면도, 구운 바베큐, 구운 치킨, 식사 PNG 일러스트 및 이미지 에 대한 무료 다운로드 - Pngtree",https://png.pngtree.com/png-clipart/20240409/original/pngtree-homemade-tasty-grilled-chicken-top-view-png-image_14784185.png,https://search.pstatic.net/sunny/?type=b150&src=https://png.pngtree.com/png-clipart/20240409/original/pngtree-homemade-tasty-grilled-chicken-top-view-png-image_14784185.png,png.pngtree.com,2025-06,2025-07-14T18:10:23.703720
치킨,10000,< 한그릇요리 > 치킨볶음밥,https://recipe1.ezmember.co.kr/cache/recipe/2020/04/10/df5a51e84358a7aecb172a0937151cff1.jpg,https://search.pstatic.net/sunny/?type=b150&src=https://recipe1.ezmember.co.kr/cache/recipe/2020/04/10/df5a51e84358a7aecb172a0937151cff1.jpg,recipe1.ezmember.co.kr,2025-06,2025-07-14T18:10:23.703720
치킨,10000,"Chicken recipe Chicken recipe | 음식, 요리 음식, 치킨 카레",https://i.pinimg.com/736x/f1/72/e0/f172e0ca5dd9b01626d318f7a1e9cedc.jpg,https://search.pstatic.net/sunny/?type=b150&src=https://i.pinimg.com/736x/f1/72/e0/f172e0ca5dd9b01626d318f7a1e9cedc.jpg,i.pinimg.com,2025-06,2025-07-14T18:10:23.703720
치킨,10000,"냉면 히야시 츄 016bka Liangpi 핫 드라이면 치킨, 치킨 누들, 음식, 동물, 레시피 png | PNGWing",https://w7.pngwing.com/pngs/694/544/png-transparent-naengmyeon-hiyashi-chu016bka-liangpi-hot-dry-noodles-chicken-chicken-noodle-food-animals-recipe.png,https://search.pstatic.net/sunny/?type=b150&src=https://w7.pngwing.com/pngs/694/544/png-transparent-naengmyeon-hiyashi-chu016bka-liangpi-hot-dry-noodles-chicken-chicken-noodle-food-animals-recipe.png,w7.pngwing.com,2025-06,2025-07-14T18:10:23.703720
치킨,10000,"파키스탄 요리 치킨 카라 히 Gosht 인도 요리, 치킨 비리 야니, 식품, 레시피, 치킨 png | PNGWing",https://w7.pngwing.com/pngs/9/982/png-transparent-pakistani-cuisine-chicken-karahi-gosht-indian-cuisine-chicken-biriyani-food-recipe-chicken.png,https://search.pstatic.net/sunny/?type=b150&src=https://w7.pngwing.com/pngs/9/982/png-transparent-pakistani-cuisine-chicken-karahi-gosht-indian-cuisine-chicken-biriyani-food-recipe-chicken.png,w7.pngwing.com,2025-06,2025-07-14T18:10:23.703720
치킨,10000,"닭강정, 치킨, 양념, 음식, 그릇, 사진,이미지,일러스트,캘리그라피 - R디자인작가 크라우드픽 - 저작권 걱정 없는 상업용 이미지",https://cdn.crowdpic.net/detail-thumb/thumb_d_3612DED352A6CE26DF1EC0E32B30609B.jpg,https://search.pstatic.net/sunny/?type=b150&src=https://cdn.crowdpic.net/detail-thumb/thumb_d_3612DED352A6CE26DF1EC0E32B30609B.jpg,cdn.crowdpic.net,2025-06,2025-07-14T18:10:23.703720
치킨,10000,Jiwon Park on Flipboard | Women's News Jiwon Park,https://c-lj.gnst.jp/public/article/detail/a/00/01/a0001924/img/basic/a0001924_main.jpg?20190521125832,https://search.pstatic.net/sunny/?type=b150&src=https://c-lj.gnst.jp/public/article/detail/a/00/01/a0001924/img/basic/a0001924_main.jpg?20190521125832,c-lj.gnst.jp,2025-06,2025-07-14T18:10:23.703720
치킨,10000,"food, 음식, dish, 요리, meal, 사진,이미지,일러스트,캘리그라피 - blu E작가 크라우드픽 - 저작권 걱정 없는 상업용 이미지",https://cdn.crowdpic.net/detail-thumb/thumb_d_16E85EBB03F76CD5C5734C3458F65825.jpg,https://search.pstatic.net/sunny/?type=b150&src=https://cdn.crowdpic.net/detail-thumb/thumb_d_16E85EBB03F76CD5C5734C3458F65825.jpg,cdn.crowdpic.net,2025-06,2025-07-14T18:10:23.703720
치킨,10000,"2월 떠나기 좋은 오키나와 ""반드시 먹어봐야 할 요리 베스트 5""",http://imgnews.naver.net/image/5437/2018/02/16/0000008909_007_20180216060646658.jpg,https://search.pstatic.net/common/?type=b150&src=http://imgnews.naver.net/image/5437/2018/02/16/0000008909_007_20180216060646658.jpg,imgnews.naver.net,2025-06,2025-07-14T18:10:23.703720
치킨,10000,"chicken에 관한 23개의 최상의 Pinterest 이미지 | 건강한 요리법, 깔끔한 식사 및 닭 chicken",https://i.pinimg.com/736x/48/3c/ed/483ced95ac2fb60859496a5d595660ae--sunday-roast-parmesan-crusted.jpg,https://search.pstatic.net/sunny/?type=b150&src=https://i.pinimg.com/736x/48/3c/ed/483ced95ac2fb60859496a5d595660ae--sunday-roast-parmesan-crusted.jpg,i.pinimg.com,2025-06,2025-07-14T18:10:23.703720
치킨,10000,"12개의 치킨 아이디어 | 치킨, 요리, 음식",https://i.pinimg.com/videos/thumbnails/originals/95/d7/bd/95d7bd14eb84ebc483fc95bd2285505f.0000000.jpg,https://search.pstatic.net/sunny/?type=b150&src=https://i.pinimg.com/videos/thumbnails/originals/95/d7/bd/95d7bd14eb84ebc483fc95bd2285505f.0000000.jpg,i.pinimg.com,2025-06,2025-07-14T18:10:23.703720
치킨,10000,"둘 중 진짜 계란 요리는? 눈은 ""똑같다"" 혀와 코는 ""아니다""",http://imgnews.naver.net/image/023/2019/08/31/2019083002097_0_20190831091007574.jpg,https://search.pstatic.net/common/?type=b150&src=http://imgnews.naver.net/image/023/2019/08/31/2019083002097_0_20190831091007574.jpg,imgnews.naver.net,2025-06,2025-07-14T18:10:23.703720
치킨,10000,"두 번 익힌 돼지 고기 팻 시이오 중국 요리 사천 요리 채식주의 요리, 에메랄드 신선한 힘줄, 잎 야채, 음식, 쇠고기 png | PNGWing",https://w7.pngwing.com/pngs/582/525/png-transparent-twice-cooked-pork-phat-si-io-chinese-cuisine-sichuan-cuisine-vegetarian-cuisine-emerald-fresh-tendon-leaf-vegetable-food-beef.png,https://search.pstatic.net/sunny/?type=b150&src=https://w7.pngwing.com/pngs/582/525/png-transparent-twice-cooked-pork-phat-si-io-chinese-cuisine-sichuan-cuisine-vegetarian-cuisine-emerald-fresh-tendon-leaf-vegetable-food-beef.png,w7.pngwing.com,2025-06,2025-07-14T18:10:23.703720
치킨,10000,"음식에 있는 Jeeyeon Kim님의 핀 | 음식, 요리, 레시피",https://i.pinimg.com/originals/69/1d/3f/691d3f23ef21c4494a5a4d05e6f5053c.jpg,https://search.pstatic.net/sunny/?type=b150&src=https://i.pinimg.com/originals/69/1d/3f/691d3f23ef21c4494a5a4d05e6f5053c.jpg,i.pinimg.com,2025-06,2025-07-14T18:10:24.142823
치킨,10000,높은 각도의 맛있는 치킨 요리 | 무료 사진,https://img.freepik.com/free-photo/high-angle-delicious-chicken-dish_23-2148771293.jpg,https://search.pstatic.net/sunny/?type=b150&src=https://img.freepik.com/free-photo/high-angle-delicious-chicken-dish_23-2148771293.jpg,img.freepik.com,2025-06,2025-07-14T18:10:24.142823
치킨,10000,호불호 갈리는 미국 국민음식 - 오픈이슈갤러리 - 인벤 호불호 갈리는 미국 국민음식 - 오픈이슈갤러리,https://upload3.inven.co.kr/upload/2022/05/25/bbs/i15094753777.jpg?MW=800,https://search.pstatic.net/sunny/?type=b150&src=https://upload3.inven.co.kr/upload/2022/05/25/bbs/i15094753777.jpg?MW=800,upload3.inven.co.kr,2025-06,2025-07-14T18:10:24.142823
치킨,10000,"Chinese cuisine Fried Eggplant with Chinese chili sauce Braising, Braised eggplant, food, recipe png | PNGEgg",https://e7.pngegg.com/pngimages/837/648/png-clipart-chinese-cuisine-fried-eggplant-with-chinese-chili-sauce-braising-braised-eggplant-food-photography.png,https://search.pstatic.net/sunny/?type=b150&src=https://e7.pngegg.com/pngimages/837/648/png-clipart-chinese-cuisine-fried-eggplant-with-chinese-chili-sauce-braising-braised-eggplant-food-photography.png,e7.pngegg.com,2025-06,2025-07-14T18:10:24.142823
치킨,10000,치킨 요리,https://st.depositphotos.com/1037288/1291/i/450/depositphotos_12911068-stock-photo-chicken-dish.jpg,https://search.pstatic.net/sunny/?type=b150&src=https://st.depositphotos.com/1037288/1291/i/450/depositphotos_12911068-stock-photo-chicken-dish.jpg,st.depositphotos.com,2025-06,2025-07-14T18:10:24.142823
치킨,10000,2024 카레 맛집 10 - 함께하면 더 맛있는 즐거움 메티즌 - 함께하면 더 맛있는 즐거움,https://metizen.co.kr/wp-content/uploads/2024/12/%ED%83%88%EB%A6%AC-2_logo.jpg,https://search.pstatic.net/sunny/?type=b150&src=https://metizen.co.kr/wp-content/uploads/2024/12/%ED%83%88%EB%A6%AC-2_logo.jpg,metizen.co.kr,2025-06,2025-07-14T18:10:24.142823
치킨,10000,"인도 요리 벡터 배너 치킨 크림 수프 템플릿 PSD 다운로드, 디자인 자료 다운로드",https://png.pngtree.com/png-clipart/20220601/original/pngtree-indian-cuisine-vector-banners-chicken-cream-soup-png-image_7838884.png,https://search.pstatic.net/sunny/?type=b150&src=https://png.pngtree.com/png-clipart/20220601/original/pngtree-indian-cuisine-vector-banners-chicken-cream-soup-png-image_7838884.png,png.pngtree.com,2025-06,2025-07-14T18:10:24.142823
치킨,10000,"한국 요리 요리 음식 아시아 템플릿 PSD 다운로드, 디자인 자료 다운로드",https://png.pngtree.com/template/20221102/ourlarge/pngtree-korean-cuisine-dishes-food-asian-image_1848473.jpg,https://search.pstatic.net/sunny/?type=b150&src=https://png.pngtree.com/template/20221102/ourlarge/pngtree-korean-cuisine-dishes-food-asian-image_1848473.jpg,png.pngtree.com,2025-06,2025-07-14T18:10:24.142823
치킨,10000,"따라하기 쉬운 닭요리, 인도음식 탄두리치킨만들기",http://recipe.ezmember.co.kr/cache/recipe/2017/12/01/ef5ab0b5704c3fbf59e2dd6fdbf4c4231.jpg,https://search.pstatic.net/sunny/?type=b150&src=http://recipe.ezmember.co.kr/cache/recipe/2017/12/01/ef5ab0b5704c3fbf59e2dd6fdbf4c4231.jpg,recipe.ezmember.co.kr,2025-06,2025-07-14T18:10:24.142823
치킨,10000,경리단 소셜테이블 치킨요리 추천!! | 음식,https://i.pinimg.com/736x/4c/77/72/4c77725666607786fe5d9e47a1b7aaa5--food.jpg,https://search.pstatic.net/sunny/?type=b150&src=https://i.pinimg.com/736x/4c/77/72/4c77725666607786fe5d9e47a1b7aaa5--food.jpg,i.pinimg.com,2025-06,2025-07-14T18:10:24.142823
치킨,10000,콩고기 요리 채식주의 비건 음식 대체육 고기 대체 식물성 패티 스테이크 : 드림 아울렛,http://shop1.phinf.naver.net/20221010_72/1665381565694QBGyK_JPEG/66517345410530671_1411452114.jpg,https://search.pstatic.net/common/?type=b150&src=http://shop1.phinf.naver.net/20221010_72/1665381565694QBGyK_JPEG/66517345410530671_1411452114.jpg,shop1.phinf.naver.net,2025-06,2025-07-14T18:10:24.142823
치킨,10000,"I'm Hungry에 관한 60개의 최상의 Pinterest 이미지 | 간식, 부엌 및 건강한 요리법 I'm Hungry",https://i.pinimg.com/736x/34/f2/7f/34f27f5a36bec605e000d309144730f7--recipe-chicken-chicken-recipes.jpg,https://search.pstatic.net/sunny/?type=b150&src=https://i.pinimg.com/736x/34/f2/7f/34f27f5a36bec605e000d309144730f7--recipe-chicken-chicken-recipes.jpg,i.pinimg.com,2025-06,2025-07-14T18:10:24.142823
치킨,10000,다이어터들이 가장 먹고 싶어 하는 음식 ‘치킨’ | ZUM TV,https://thumb.tv.zumst.com/s/zum.tv-zum-cf/sbs/2022/09/15/01f02090ca9818cbbcd89461275c0487.jpg,https://search.pstatic.net/sunny/?type=b150&src=https://thumb.tv.zumst.com/s/zum.tv-zum-cf/sbs/2022/09/15/01f02090ca9818cbbcd89461275c0487.jpg,thumb.tv.zumst.com,2025-06,2025-07-14T18:10:24.142823
치킨,10000,"매콤고소 투움바치킨 | 요리법 - 2023 | 음식 요리법, 식품 아이디어, 쉬운 요리",https://i.pinimg.com/originals/49/f9/c6/49f9c62eeb384720c350dffd898897c3.jpg,https://search.pstatic.net/sunny/?type=b150&src=https://i.pinimg.com/originals/49/f9/c6/49f9c62eeb384720c350dffd898897c3.jpg,i.pinimg.com,2025-06,2025-07-14T18:10:24.142823
치킨,10000,"치킨 음식 요리 배경, 닭고기, 음식, 먹거리 배경 일러스트 및 사진 무료 다운로드 - Pngtree 치킨 음식 요리 배경",https://png.pngtree.com/background/20230414/original/pngtree-chicken-food-cooking-background-picture-image_2425407.jpg,https://search.pstatic.net/sunny/?type=b150&src=https://png.pngtree.com/background/20230414/original/pngtree-chicken-food-cooking-background-picture-image_2425407.jpg,png.pngtree.com,2025-06,2025-07-14T18:10:24.142823
치킨,10000,"치킨 MST_132, TMPHOTO, 사진, 음식, 오브젝트, 요리, 식품, 먹거리, 음식사진, 맛있는, 세계음식, 육류, 고기, 닭, 닭고기, 구이, 치킨...",https://i.pinimg.com/originals/84/3d/b2/843db291e3d0be4d4e73c00364187a6e.jpg,https://search.pstatic.net/sunny/?type=b150&src=https://i.pinimg.com/originals/84/3d/b2/843db291e3d0be4d4e73c00364187a6e.jpg,i.pinimg.com,2025-06,2025-07-14T18:10:24.142823
치킨,10000,치킨 > 음식 | 이미지 사용조건이 까다롭지 않은 요리사진 100만컷,https://www.sk5.co.kr/neo/ns600/100/10008224.jpg,https://search.pstatic.net/sunny/?type=b150&src=https://www.sk5.co.kr/neo/ns600/100/10008224.jpg,sk5.co.kr,2025-06,2025-07-14T18:10:24.142823
치킨,10000,간단별미 캠핑요리②로스트 치킨,http://imgnews.naver.net/image/020/2011/06/21/13069115570158.jpg,https://search.pstatic.net/common/?type=b150&src=http://imgnews.naver.net/image/020/2011/06/21/13069115570158.jpg,imgnews.naver.net,2025-06,2025-07-14T18:10:24.142823
치킨,10000,"kababs에 관한 57개의 최상의 Pinterest 이미지 | Rezepte, 부엌 및 요리법 kababs",https://i.pinimg.com/736x/27/92/47/279247c41409a093c7fb8174b87fb801--meatball-recipes-chicken-recipes.jpg,https://search.pstatic.net/sunny/?type=b150&src=https://i.pinimg.com/736x/27/92/47/279247c41409a093c7fb8174b87fb801--meatball-recipes-chicken-recipes.jpg,i.pinimg.com,2025-06,2025-07-14T18:10:24.142823
치킨,10000,부활절 2025 | 부활절에 뭐먹고 어디가야하냐구요? 부활절 명소&부활절 의미&부활절 음식,https://ak-d.tripcdn.com/images/1mj6v12000jn9bfxnCB68_Z_640_10000_R5.png_.webp?proc=autoorient&proc=source%2Ftrip,https://search.pstatic.net/sunny/?type=b150&src=https://ak-d.tripcdn.com/images/1mj6v12000jn9bfxnCB68_Z_640_10000_R5.png_.webp?proc=autoorient&proc=source%2Ftrip,ak-d.tripcdn.com,2025-06,2025-07-14T18:10:24.142823
치킨,10000,치킨 > 음식 | 이미지 사용조건이 까다롭지 않은 요리사진 100만컷,https://www.sk5.co.kr/neo/ns600/100/10008225.jpg,https://search.pstatic.net/sunny/?type=b150&src=https://www.sk5.co.kr/neo/ns600/100/10008225.jpg,sk5.co.kr,2025-06,2025-07-14T18:10:24.142823
치킨,10000,"교촌치킨 만들기-간장양념치킨 | 요리 음식, 음식, 식품 아이디어",https://i.pinimg.com/originals/93/15/f3/9315f397161835b5da7c011edc6b860b.jpg,https://search.pstatic.net/sunny/?type=b150&src=https://i.pinimg.com/originals/93/15/f3/9315f397161835b5da7c011edc6b860b.jpg,i.pinimg.com,2025-06,2025-07-14T18:10:24.142823
치킨,10000,바비큐 고기 그릴 불판 태망 석쇠 스텐 캠핑 삼겹살 BBQ 요리 주방 치킨 터키 가금류 바베큐 음식 맛 Baster 기 튜브 펌프 오일 스포이드 피펫...,https://shop-phinf.pstatic.net/20240718_243/1721269551817jREt8_JPEG/2981524864915152_352156884.jpg,https://search.pstatic.net/common/?type=b150&src=https://shop-phinf.pstatic.net/20240718_243/1721269551817jREt8_JPEG/2981524864915152_352156884.jpg,shop-phinf.pstatic.net,2025-06,2025-07-14T18:10:24.142823
치킨,10000,"e-요리 - 이마트몰, 당신과 가장 가까운 이마트 [오늘은e-요리]팝콘치킨으로 허니버터치킨 만들기",http://ui.ssgcdn.com/cmpt/recipe/201703/b75468e276d4d6aab2939ce601fe26d61.jpg,https://search.pstatic.net/sunny/?type=b150&src=http://ui.ssgcdn.com/cmpt/recipe/201703/b75468e276d4d6aab2939ce601fe26d61.jpg,ui.ssgcdn.com,2025-06,2025-07-14T18:10:24.142823
치킨,10000,"e-요리 - 이마트몰, 당신과 가장 가까운 이마트 [오늘은e-요리]남은 치킨으로 요리하기/카레맛",http://img.ssgcdn.com/trans.ssg?src=/cmpt/recipe/201905/03/74a35ac08435dbb657a55651334dae261.jpg&w=640&h=500&edit=c&t=53e033e83caa42df3407e83a2ab2cac840c5d6db,https://search.pstatic.net/sunny/?type=b150&src=http://img.ssgcdn.com/trans.ssg?src=/cmpt/recipe/201905/03/74a35ac08435dbb657a55651334dae261.jpg&w=640&h=500&edit=c&t=53e033e83caa42df3407e83a2ab2cac840c5d6db,img.ssgcdn.com,2025-06,2025-07-14T18:10:24.142823
치킨,10000,"치킨아니고요 치킨보다 맛있는 스콘입니다. [스콘 클래스] - YouTube - 2022 | 스콘, 요리, 음식",https://i.pinimg.com/originals/01/16/81/011681a5742e2dad0d21c11aac97c52b.jpg,https://search.pstatic.net/sunny/?type=b150&src=https://i.pinimg.com/originals/01/16/81/011681a5742e2dad0d21c11aac97c52b.jpg,i.pinimg.com,2025-06,2025-07-14T18:10:24.142823
치킨,10000,"아직도 치킨 시켜먹니?보인다...그 집의 통다리구이가! | 음식 요리법, 요리, 식품 아이디어",https://i.pinimg.com/originals/2f/f9/36/2ff9362b0b40b667877393c6fb02a7d7.jpg,https://search.pstatic.net/sunny/?type=b150&src=https://i.pinimg.com/originals/2f/f9/36/2ff9362b0b40b667877393c6fb02a7d7.jpg,i.pinimg.com,2025-06,2025-07-14T18:10:24.142823
치킨,10000,송승 키친더원 요리핀셋 집게 2P세트 25.5cm 골드 주방집게 음식집게 : 송승장구,http://shop1.phinf.naver.net/20241121_193/1732197750890VbSbJ_JPEG/13524048708096971_874560049.jpg,https://search.pstatic.net/common/?type=b150&src=http://shop1.phinf.naver.net/20241121_193/1732197750890VbSbJ_JPEG/13524048708096971_874560049.jpg,shop1.phinf.naver.net,2025-06,2025-07-14T18:10:24.142823
치킨,10000,치킨 > 음식 | 이미지 사용조건이 까다롭지 않은 요리사진 100만컷,https://www.sk5.co.kr/neo/ns600/100/10008223.jpg,https://search.pstatic.net/sunny/?type=b150&src=https://www.sk5.co.kr/neo/ns600/100/10008223.jpg,sk5.co.kr,2025-06,2025-07-14T18:10:24.142823
치킨,10000,"‘돈카츠’집 사위, 튀김을 과학으로 해부하다",http://imgnews.naver.net/image/032/2020/08/03/0003024598_001_20250530101954875.jpg,https://search.pstatic.net/common/?type=b150&src=http://imgnews.naver.net/image/032/2020/08/03/0003024598_001_20250530101954875.jpg,imgnews.naver.net,2025-06,2025-07-14T18:10:24.142823
치킨,10000,"[치킨마요덮밥] 남은치킨요리, 치킨마요 덮밥 만드는법",https://img.mimint.co.kr/food/bbs/2015/12/21/XVINSKTRLV04SR5HLUHV.jpg,https://search.pstatic.net/sunny/?type=b150&src=https://img.mimint.co.kr/food/bbs/2015/12/21/XVINSKTRLV04SR5HLUHV.jpg,img.mimint.co.kr,2025-06,2025-07-14T18:10:24.142823
치킨,10000,"남은 음식활용, 치킨마요덮밥 - kakaoTV 남은 음식활용, 치킨마요덮밥",http://img1.daumcdn.net/kakaotv/KAKAOACCOUNT/190663291/thumb/20220202192015,https://search.pstatic.net/sunny/?type=b150&src=http://img1.daumcdn.net/kakaotv/KAKAOACCOUNT/190663291/thumb/20220202192015,img1.daumcdn.net,2025-06,2025-07-14T18:10:24.142823
치킨,10000,[내요리] 에어프라이기 닭한마리🍗 웻지감자🍟 치킨 무🤍 - 인스티즈(instiz) 맛집/음식 카테고리,http://file3.instiz.net/data/cached_img/upload/2020/12/28/16/017392374eed9da68cd7e6a87639902d.jpg,https://search.pstatic.net/sunny/?type=b150&src=http://file3.instiz.net/data/cached_img/upload/2020/12/28/16/017392374eed9da68cd7e6a87639902d.jpg,file3.instiz.net,2025-06,2025-07-14T18:10:24.142823
치킨,10000,훈제치킨 > 음식 | 이미지 사용조건이 까다롭지 않은 요리사진 100만컷,https://www.sk5.co.kr/neo/ns600/100/10008499.jpg,https://search.pstatic.net/sunny/?type=b150&src=https://www.sk5.co.kr/neo/ns600/100/10008499.jpg,sk5.co.kr,2025-06,2025-07-14T18:10:24.154072
치킨,10000,"[마리텔 백종원 치킨]집에서 치킨만들기 양념치킨소스만들기 | 요리법 | 음식 요리법, 요리, 치킨",https://i.pinimg.com/736x/66/c2/8c/66c28c0a5c29b456a390d37e44375d56.jpg,https://search.pstatic.net/sunny/?type=b150&src=https://i.pinimg.com/736x/66/c2/8c/66c28c0a5c29b456a390d37e44375d56.jpg,i.pinimg.com,2025-06,2025-07-14T18:10:24.154072
치킨,10000,치키트 캠핑장 갓 튀겨먹는 치킨밀키트 튀김 요리 캠핑 음식 술 안주 펜션 야식 : 프라이킷,http://shop1.phinf.naver.net/20240530_184/1717047515067bnMY3_JPEG/118183357723030431_249938750.jpg,https://search.pstatic.net/common/?type=b150&src=http://shop1.phinf.naver.net/20240530_184/1717047515067bnMY3_JPEG/118183357723030431_249938750.jpg,shop1.phinf.naver.net,2025-06,2025-07-14T18:10:24.154072
치킨,10000,내가 만든 로스트치킨 - 음식-기타,http://dcimg2.dcinside.com/viewimage.php?id=2bb2df22&no=29bcc427b28677a16fb3dab004c86b6fae7cfdc6a7b48ad83ea3c0da3a3bee88669b3ec8f285dfbfc163506b7aa1b2c934cef41c17176563a0dcacc9268f85d60dcb7464b5f4773ce8dd,https://search.pstatic.net/sunny/?type=b150&src=http://dcimg2.dcinside.com/viewimage.php?id=2bb2df22&no=29bcc427b28677a16fb3dab004c86b6fae7cfdc6a7b48ad83ea3c0da3a3bee88669b3ec8f285dfbfc163506b7aa1b2c934cef41c17176563a0dcacc9268f85d60dcb7464b5f4773ce8dd,dcimg2.dcinside.com,2025-06,2025-07-14T18:10:24.154072
치킨,10000,치킨너겟 > 음식 | 이미지 사용조건이 까다롭지 않은 요리사진 100만컷,https://www.sk5.co.kr/neo/ns600/100/10008301.jpg,https://search.pstatic.net/sunny/?type=b150&src=https://www.sk5.co.kr/neo/ns600/100/10008301.jpg,sk5.co.kr,2025-06,2025-07-14T18:10:24.154072
치킨,10000,"Chicken tenders and fries | 음식, 요리",https://i.pinimg.com/736x/0b/f2/7d/0bf27d4720856fdd161ae1364b6ff5ac.jpg,https://search.pstatic.net/sunny/?type=b150&src=https://i.pinimg.com/736x/0b/f2/7d/0bf27d4720856fdd161ae1364b6ff5ac.jpg,i.pinimg.com,2025-06,2025-07-14T18:10:24.154072
치킨,10000,위미트 비건음식 콩고기 비건치킨 대체육 송이순살 버섯고기 간단한요리 건강한야식 : WEMEET,http://shop1.phinf.naver.net/20241106_291/1730892302624r3oMR_PNG/16741383129983146_1644735666.png,https://search.pstatic.net/common/?type=b150&src=http://shop1.phinf.naver.net/20241106_291/1730892302624r3oMR_PNG/16741383129983146_1644735666.png,shop1.phinf.naver.net,2025-06,2025-07-14T18:10:24.154072
치킨,10000,"이 방법 괜찮네~ :: 양념치킨소스 :: Korean Chicken Recipe - 2023 | 음식 요리법, 식품 아이디어, 양념 튀기지 않았는데 치킨이 바삭해요....",https://i.pinimg.com/originals/49/07/ed/4907ed90cc5e0f5b940726caded4ae52.jpg,https://search.pstatic.net/sunny/?type=b150&src=https://i.pinimg.com/originals/49/07/ed/4907ed90cc5e0f5b940726caded4ae52.jpg,i.pinimg.com,2025-06,2025-07-14T18:10:24.154072
치킨,10000,일본음식 - 마치 ”통닭 vs 치킨” 같은 닮았지만 다른 요리! - LIVE JAPAN ( 일본여행·추천명소·지역정보 ) 일본음식 - 마치  ”통닭 vs...,https://rimage.gnst.jp/livejapan.com/public/article/detail/a/00/02/a0002989/img/ko/a0002989_parts_5c64b8fdd6ae5.jpg?20190410132459&q=80,https://search.pstatic.net/sunny/?type=b150&src=https://rimage.gnst.jp/livejapan.com/public/article/detail/a/00/02/a0002989/img/ko/a0002989_parts_5c64b8fdd6ae5.jpg?20190410132459&q=80,rimage.gnst.jp,2025-06,2025-07-14T18:10:24.154072
치킨,10000,"치킨집에서 파는 치킨무 이렇게 만드세요! | 식품 아이디어, 음식 및 음료, 음식",https://i.pinimg.com/originals/3f/52/b1/3f52b1bb6215056e33b24ab6837d6e80.jpg,https://search.pstatic.net/sunny/?type=b150&src=https://i.pinimg.com/originals/3f/52/b1/3f52b1bb6215056e33b24ab6837d6e80.jpg,i.pinimg.com,2025-06,2025-07-14T18:10:24.154072
치킨,10000,요리 판 - 치킨!!,http://www.dogdrip.net/dvs/b/i/17/11/22/37396208/937/856/145/1c8b20ba080f5049a9b8acba05f3cc08.jpeg,https://search.pstatic.net/sunny/?type=b150&src=http://www.dogdrip.net/dvs/b/i/17/11/22/37396208/937/856/145/1c8b20ba080f5049a9b8acba05f3cc08.jpeg,dogdrip.net,2025-06,2025-07-14T18:10:24.154072
치킨,10000,"e-요리 - 이마트몰, 당신과 가장 가까운 이마트 [오늘은e-요리]해리포터 속 음식 만들기! 닭다리 오븐구이와 버터 맥주",http://ui.ssgcdn.com/cmpt/recipe/202009/22/a195f81e12add6dfa7f5f4f6070a257d1.jpg,https://search.pstatic.net/sunny/?type=b150&src=http://ui.ssgcdn.com/cmpt/recipe/202009/22/a195f81e12add6dfa7f5f4f6070a257d1.jpg,ui.ssgcdn.com,2025-06,2025-07-14T18:10:24.156088
치킨,10000,"#healthy #recipes #dinner #for #two25 Healthy Dinner Recipes for Two | 요리, 음식, 치킨",https://i.pinimg.com/originals/90/f6/05/90f605609785edd266bf661565c262da.jpg,https://search.pstatic.net/sunny/?type=b150&src=https://i.pinimg.com/originals/90/f6/05/90f605609785edd266bf661565c262da.jpg,i.pinimg.com,2025-06,2025-07-14T18:10:24.156088
치킨,10000,"[마리텔 백종원 치킨]집에서 치킨만들기 양념치킨소스만들기 | 요리법 | 음식 요리법, 요리, 식품 아이디어",https://i.pinimg.com/736x/9f/bb/e9/9fbbe904f5ed7cd5260749243240acbc.jpg,https://search.pstatic.net/sunny/?type=b150&src=https://i.pinimg.com/736x/9f/bb/e9/9fbbe904f5ed7cd5260749243240acbc.jpg,i.pinimg.com,2025-06,2025-07-14T18:10:24.156088
치킨,10000,"'여름방학' 최우식, 손님들도 감탄한 요리천재의 등장 [TV온에어]",http://imgnews.naver.net/image/5129/2020/09/19/1600443127_1558552_20200919061304371.jpg,https://search.pstatic.net/common/?type=b150&src=http://imgnews.naver.net/image/5129/2020/09/19/1600443127_1558552_20200919061304371.jpg,imgnews.naver.net,2025-06,2025-07-14T18:10:24.156088
치킨,10000,시판드레싱으로 후다닥 만드는 치킨샐러드 - 딸에게# /설음식활용요리,https://recipe1.ezmember.co.kr/cache/board/2013/02/24/315fc97c928fcf08f15ba8528ae85b5c.jpg,https://search.pstatic.net/sunny/?type=b150&src=https://recipe1.ezmember.co.kr/cache/board/2013/02/24/315fc97c928fcf08f15ba8528ae85b5c.jpg,recipe1.ezmember.co.kr,2025-06,2025-07-14T18:10:24.156088
치킨,10000,"교촌치킨 만들기 / kyochon chicken copycat recipe | Korea /n | Pinterest | 요리, 간단한 요리법 및 음식 Korea /n",https://i.pinimg.com/736x/98/4e/36/984e36385de92fc35725fba88dfa52ee--korean-recipes-korean-food.jpg,https://search.pstatic.net/sunny/?type=b150&src=https://i.pinimg.com/736x/98/4e/36/984e36385de92fc35725fba88dfa52ee--korean-recipes-korean-food.jpg,i.pinimg.com,2025-06,2025-07-14T18:10:24.156088
치킨,10000,6월 4일 무토 토무 기상캐스터 정규직 축하 총공 홍보왔습니다 - 고토 모에 마이너 갤러리,https://dcimg4.dcinside.co.kr/viewimage.php?id=39b2dd2bf0c637&no=24b0d769e1d32ca73ded8efa11d02831ee99512b64ee64d67099c224c4044eaee9a157f535917619ac08fc595913b24ec59fb773318cc6da15bfc3724bd8ccbf0085a5,https://search.pstatic.net/sunny/?type=b150&src=https://dcimg4.dcinside.co.kr/viewimage.php?id=39b2dd2bf0c637&no=24b0d769e1d32ca73ded8efa11d02831ee99512b64ee64d67099c224c4044eaee9a157f535917619ac08fc595913b24ec59fb773318cc6da15bfc3724bd8ccbf0085a5,dcimg4.dcinside.co.kr,2025-06,2025-07-14T18:10:24.156088
치킨,10000,"Chichen | 요리, 음식, 음식 사진",https://i.pinimg.com/736x/26/5c/f5/265cf5f39efe7ce362929d33525e77df--donna-derrico-hay.jpg,https://search.pstatic.net/sunny/?type=b150&src=https://i.pinimg.com/736x/26/5c/f5/265cf5f39efe7ce362929d33525e77df--donna-derrico-hay.jpg,i.pinimg.com,2025-06,2025-07-14T18:10:24.156088
치킨,10000,집에서 간편하게 즐기자! 취향대로 먹는 치킨 요리 - kakaoTV 집에서 간편하게 즐기자! 취향대로 먹는 치킨 요리,http://t1.daumcdn.net/tvpot/thumb/s97c9AjUhEsBhhWrWpZvSWU/thumb.png,https://search.pstatic.net/sunny/?type=b150&src=http://t1.daumcdn.net/tvpot/thumb/s97c9AjUhEsBhhWrWpZvSWU/thumb.png,t1.daumcdn.net,2025-06,2025-07-14T18:10:24.156088
치킨,10000,더리얼스 엠데코:대한민국 대표 플라워 종합쇼핑몰 [더리얼스 엠데코] 양면 칵테일 새우 모형 2.8cm 5개 세트 인조 쉬림프 음식모형 해산물 요리...,https://img.mdeco.kr/2023-12-01/20231125-029.jpg,https://search.pstatic.net/sunny/?type=b150&src=https://img.mdeco.kr/2023-12-01/20231125-029.jpg,img.mdeco.kr,2025-06,2025-07-14T18:10:24.156088
치킨,10000,모로코식 치킨 타진요리 만들기 - 요리 / 음식 - 네모판 모로코식 치킨 타진요리 만들기,https://www.nemopan.com/files/attach/images/1164049/827/997/016/7ab7a48d3d0254eee27d124cf26f286e.gif,https://search.pstatic.net/sunny/?type=b150&src=https://www.nemopan.com/files/attach/images/1164049/827/997/016/7ab7a48d3d0254eee27d124cf26f286e.gif,nemopan.com,2025-06,2025-07-14T18:10:24.156088
치킨,10000,[안양에서 맛보는 세계음식 기행]세계음식 다 모여라! 다양한 요리의 향연,http://imgnews.naver.net/image/5312/2019/08/22/0000142164_004_20190822082441317.jpg,https://search.pstatic.net/common/?type=b150&src=http://imgnews.naver.net/image/5312/2019/08/22/0000142164_004_20190822082441317.jpg,imgnews.naver.net,2025-06,2025-07-14T18:10:24.156088
치킨,10000,"Huli Huli Chicken | 음식, 요리법",https://i.pinimg.com/originals/75/81/b1/7581b1fda9a07f376be43bc8a62da27c.jpg,https://search.pstatic.net/sunny/?type=b150&src=https://i.pinimg.com/originals/75/81/b1/7581b1fda9a07f376be43bc8a62da27c.jpg,i.pinimg.com,2025-06,2025-07-14T18:10:24.156088
치킨,10000,"food, 음식, 치킨, 양념치킨, 닭요리, 사진,이미지,일러스트,캘리그라피 - SoheeManga작가 크라우드픽 - 저작권 걱정 없는 상업용 이미지",https://cdn.crowdpic.net/detail-thumb/thumb_d_332283B0374F450A1E0CAB7190A6107F.jpg,https://search.pstatic.net/sunny/?type=b150&src=https://cdn.crowdpic.net/detail-thumb/thumb_d_332283B0374F450A1E0CAB7190A6107F.jpg,cdn.crowdpic.net,2025-06,2025-07-14T18:10:24.156088
치킨,10000,[마리텔 백종원 치킨]집에서 치킨만들기 양념치킨소스만들기 [마리텔 백종원 치킨]집에서 치킨만들기 양념치킨소스만들기 | 요리법 | 음식 요리법...,https://i.pinimg.com/736x/30/55/aa/3055aa86374fbdde524391bb566bb13b.jpg,https://search.pstatic.net/sunny/?type=b150&src=https://i.pinimg.com/736x/30/55/aa/3055aa86374fbdde524391bb566bb13b.jpg,i.pinimg.com,2025-06,2025-07-14T18:10:24.158101
치킨,10000,"제철에 난 로컬 푸드로 만드는 영국 파커스 암스의 로스트치킨 | 식품 아이디어, 요리, 음식",https://i.pinimg.com/736x/0b/5c/16/0b5c16791048723271651a7e1365ba0d.jpg,https://search.pstatic.net/sunny/?type=b150&src=https://i.pinimg.com/736x/0b/5c/16/0b5c16791048723271651a7e1365ba0d.jpg,i.pinimg.com,2025-06,2025-07-14T18:10:24.158101
치킨,10000,치킨 > 음식 | 이미지 사용조건이 까다롭지 않은 요리사진 100만컷,https://www.sk5.co.kr/neo/ns600/100/10008229.jpg,https://search.pstatic.net/sunny/?type=b150&src=https://www.sk5.co.kr/neo/ns600/100/10008229.jpg,sk5.co.kr,2025-06,2025-07-14T18:10:24.158101
치킨,10000,"치킨 요리 in 2020 | Tandoori recipes, Indian food recipes, Spicy recipes",https://i.pinimg.com/736x/71/58/f7/7158f74eaa770720ac7786a9bf23e927.jpg,https://search.pstatic.net/sunny/?type=b150&src=https://i.pinimg.com/736x/71/58/f7/7158f74eaa770720ac7786a9bf23e927.jpg,i.pinimg.com,2025-06,2025-07-14T18:10:24.158101
치킨,10000,"치킨윙 - 우리의식탁 | 레시피 치킨윙 - 우리의식탁 | 레시피 | 요리법 | 치킨 윙, 요리, 음식",https://i.pinimg.com/474x/f3/a3/77/f3a3772668ea24f42f8f0fe7dcc91e14.jpg,https://search.pstatic.net/sunny/?type=b150&src=https://i.pinimg.com/474x/f3/a3/77/f3a3772668ea24f42f8f0fe7dcc91e14.jpg,i.pinimg.com,2025-06,2025-07-14T18:10:24.158101
치킨,10000,"음식 서양 음식 고수풀, 구운 치킨, 맛있는, 요리 PNG 일러스트 및 이미지 에 대한 무료 다운로드 - Pngtree",https://png.pngtree.com/png-clipart/20230430/original/pngtree-food-western-food-coriander-png-image_9124833.png,https://search.pstatic.net/sunny/?type=b150&src=https://png.pngtree.com/png-clipart/20230430/original/pngtree-food-western-food-coriander-png-image_9124833.png,png.pngtree.com,2025-06,2025-07-14T18:10:24.158101
치킨,10000,"파티에 로스트치킨이 빠질 수 없지, 에어프라이어 카레닭봉구이 | 요리법 - 2023 | 음식 요리법, 요리, 식품 아이디어",https://i.pinimg.com/originals/e6/83/09/e683095a219c1ef8c0af28a766be7d18.jpg,https://search.pstatic.net/sunny/?type=b150&src=https://i.pinimg.com/originals/e6/83/09/e683095a219c1ef8c0af28a766be7d18.jpg,i.pinimg.com,2025-06,2025-07-14T18:10:24.158101
치킨,10000,뽐뿌:자유게시판 - 먹다남은 치킨 요리 먹다남은 치킨 요리,http://cache.ppomppu.co.kr/zboard/data3/2016/1029/1477702638_7435_1477702529955.jpg,https://search.pstatic.net/sunny/?type=b150&src=http://cache.ppomppu.co.kr/zboard/data3/2016/1029/1477702638_7435_1477702529955.jpg,cache.ppomppu.co.kr,2025-06,2025-07-14T18:10:24.158101
치킨,10000,"요즘 떡상중인 치킨 소스랑 완전 똑같은 비밀레시피 대공개! | 1boon | 식품 아이디어, 요리, 음식",https://i.pinimg.com/736x/67/6b/39/676b39ba77095d98102d88464a62c449.jpg,https://search.pstatic.net/sunny/?type=b150&src=https://i.pinimg.com/736x/67/6b/39/676b39ba77095d98102d88464a62c449.jpg,i.pinimg.com,2025-06,2025-07-14T18:10:24.158101
치킨,10000,"Japanese Chicken Curry | 요리법(이미지 포함) | 요리, 치킨 카레, 음식",https://i.pinimg.com/originals/ed/d5/c9/edd5c903f6fe60116db72e2cfdeebe6e.jpg,https://search.pstatic.net/sunny/?type=b150&src=https://i.pinimg.com/originals/ed/d5/c9/edd5c903f6fe60116db72e2cfdeebe6e.jpg,i.pinimg.com,2025-06,2025-07-14T18:10:24.158101
치킨,10000,크리스마스 테이블을 위해 사과로 채워진 구운 구운 치킨 - 음식 사진 사진 무료 다운로드 - Lovepik 크리스마스 테이블을 위해 사과로 채워진...,https://img.lovepik.com/photo/20230422/medium/lovepik-roasted-baked-chicken-stuffed-with-apples-for-christmas-tablechristmas-food-christmas-photo-image_352376873.jpg,https://search.pstatic.net/sunny/?type=b150&src=https://img.lovepik.com/photo/20230422/medium/lovepik-roasted-baked-chicken-stuffed-with-apples-for-christmas-tablechristmas-food-christmas-photo-image_352376873.jpg,img.lovepik.com,2025-06,2025-07-14T18:10:24.158101
치킨,10000,우리의식탁 | 요리를 스타일하다,https://i.pinimg.com/736x/1f/72/c0/1f72c0230732f5ea49bb5bf566bfeacc.jpg,https://search.pstatic.net/sunny/?type=b150&src=https://i.pinimg.com/736x/1f/72/c0/1f72c0230732f5ea49bb5bf566bfeacc.jpg,i.pinimg.com,2025-06,2025-07-14T18:10:24.158101
치킨,10000,"[마리텔 백종원 치킨]집에서 치킨만들기 양념치킨소스만들기 | 요리법 - 2020 | 음식 요리법, 식품 아이디어, 레시피",https://i.pinimg.com/736x/00/4d/4b/004d4bfaa4e6a19c52ec67086cee3547.jpg,https://search.pstatic.net/sunny/?type=b150&src=https://i.pinimg.com/736x/00/4d/4b/004d4bfaa4e6a19c52ec67086cee3547.jpg,i.pinimg.com,2025-06,2025-07-14T18:10:24.158101
치킨,10000,치킨쿡 춘천식 숯불 구이 닭갈비 고추장 맛(610g) 캠핑 간편 요리 메뉴 음식 그리들 : 치킨쿡,http://shop1.phinf.naver.net/20220104_129/1641278010033hshjW_JPEG/42413898737831979_1644301120.jpg,https://search.pstatic.net/common/?type=b150&src=http://shop1.phinf.naver.net/20220104_129/1641278010033hshjW_JPEG/42413898737831979_1644301120.jpg,shop1.phinf.naver.net,2025-06,2025-07-14T18:10:24.158101
치킨,10000,남은치킨요리 황금레시피 모음,http://recipe.ezmember.co.kr/cache/recipe/2015/05/04/396535637e6fafaa7e836d6fd41fc5bc1.jpg,https://search.pstatic.net/sunny/?type=b150&src=http://recipe.ezmember.co.kr/cache/recipe/2015/05/04/396535637e6fafaa7e836d6fd41fc5bc1.jpg,recipe.ezmember.co.kr,2025-06,2025-07-14T18:10:24.158101
치킨,10000,크림허브치킨감자요리 > 음식 | 이미지 사용조건이 까다롭지 않은 요리사진 100만컷,https://www.sk5.co.kr/neo/ns600/100/10027396.jpg,https://search.pstatic.net/sunny/?type=b150&src=https://www.sk5.co.kr/neo/ns600/100/10027396.jpg,sk5.co.kr,2025-06,2025-07-14T18:10:24.158101
치킨,10000,1도 안 느끼한 치킨마요덮밥 치킨마요소스 황금레시피 - 남은치킨요리,https://recipe1.ezmember.co.kr/cache/recipe/2022/03/02/2e60f52a8df0de8757851d7aed77156b1_f.jpg,https://search.pstatic.net/sunny/?type=b150&src=https://recipe1.ezmember.co.kr/cache/recipe/2022/03/02/2e60f52a8df0de8757851d7aed77156b1_f.jpg,recipe1.ezmember.co.kr,2025-06,2025-07-14T18:10:24.158101
치킨,10000,"요리, food, 음식, 식사, 치킨샐러드, 사진,이미지,일러스트,캘리그라피 - Niaha13작가 크라우드픽 - 저작권 걱정 없는 상업용 이미지",https://cdn.crowdpic.net/detail-thumb/thumb_d_0F7F91F6EEE52C33231061AFBB758345.jpeg,https://search.pstatic.net/sunny/?type=b150&src=https://cdn.crowdpic.net/detail-thumb/thumb_d_0F7F91F6EEE52C33231061AFBB758345.jpeg,cdn.crowdpic.net,2025-06,2025-07-14T18:10:24.158101
치킨,10000,"Dak Gang-jeong (Crispy Chicken Nuggets) | Korean Recipes | 요리, 레시피, 음식",https://i.pinimg.com/originals/be/37/7f/be377ffb8b72c1da4040df445ceb710b.jpg,https://search.pstatic.net/sunny/?type=b150&src=https://i.pinimg.com/originals/be/37/7f/be377ffb8b72c1da4040df445ceb710b.jpg,i.pinimg.com,2025-06,2025-07-14T18:10:24.158101
치킨,10000,"hy, '편스토랑' 3번째 협업 밀키트 '사과치킨크림파스타' 선봬",http://imgnews.naver.net/image/421/2021/12/27/0005806982_001_20211227110401614.jpg,https://search.pstatic.net/common/?type=b150&src=http://imgnews.naver.net/image/421/2021/12/27/0005806982_001_20211227110401614.jpg,imgnews.naver.net,2025-06,2025-07-14T18:10:24.158101
치킨,10000,"음식, 요리, food, cooking, 치킨, 사진,이미지,일러스트,캘리그라피 - 작가 DREAM작가 크라우드픽 - 저작권 걱정 없는 상업용 이미지",https://cdn.crowdpic.net/detail-thumb/thumb_d_4B9A8A162E94B26B6D441F4D562C584B.jpg,https://search.pstatic.net/sunny/?type=b150&src=https://cdn.crowdpic.net/detail-thumb/thumb_d_4B9A8A162E94B26B6D441F4D562C584B.jpg,cdn.crowdpic.net,2025-06,2025-07-14T18:10:24.158101
치킨,10000,"야식, 치킨, 양념치킨, 닭요리, 음식, 사진,이미지,일러스트,캘리그라피 - sigisiging작가 크라우드픽 - 저작권 걱정 없는 상업용 이미지",https://cdn.crowdpic.net/detail-thumb/thumb_d_0E254C8A1196A8C5544339A8115FEED6.jpg,https://search.pstatic.net/sunny/?type=b150&src=https://cdn.crowdpic.net/detail-thumb/thumb_d_0E254C8A1196A8C5544339A8115FEED6.jpg,cdn.crowdpic.net,2025-06,2025-07-14T18:10:24.158101
치킨,10000,"치킨 요리 in 2020 | Meat jerky, Food, Meat",https://i.pinimg.com/736x/28/60/7a/28607a194dc98858fd9de6f48e6e21f9.jpg,https://search.pstatic.net/sunny/?type=b150&src=https://i.pinimg.com/736x/28/60/7a/28607a194dc98858fd9de6f48e6e21f9.jpg,i.pinimg.com,2025-06,2025-07-14T18:10:24.160111
치킨,10000,"[마리텔 백종원 치킨]집에서 치킨만들기 양념치킨소스만들기 | 요리법 - 2020 | 음식 요리법, 치킨, 레시피",https://i.pinimg.com/736x/6e/db/62/6edb625f13994c931fce7d21338563b1.jpg,https://search.pstatic.net/sunny/?type=b150&src=https://i.pinimg.com/736x/6e/db/62/6edb625f13994c931fce7d21338563b1.jpg,i.pinimg.com,2025-06,2025-07-14T18:10:24.160111
치킨,10000,"Easy Chicken Satay | 요리법 | 요리, 음식, 음식 및 음료",https://i.pinimg.com/originals/a1/8f/5b/a18f5b18ada39e4710b9af57ed129033.jpg,https://search.pstatic.net/sunny/?type=b150&src=https://i.pinimg.com/originals/a1/8f/5b/a18f5b18ada39e4710b9af57ed129033.jpg,i.pinimg.com,2025-06,2025-07-14T18:10:24.160111
치킨,10000,"범이연구소) 후라이드를 전문점 치킨으로 업그레이드 하는 방법(feat.범이연구소) | 음식 요리법, 식품 아이디어",https://i.pinimg.com/originals/08/91/ac/0891ac1330974d6338be03fc1e325d53.jpg,https://search.pstatic.net/sunny/?type=b150&src=https://i.pinimg.com/originals/08/91/ac/0891ac1330974d6338be03fc1e325d53.jpg,i.pinimg.com,2025-06,2025-07-14T18:10:24.160111
치킨,10000,"Air Fryer Herb Roasted Chicken Legs Air Fryer Recipes Archives - RecipeTeacher | 음식, 요리, 레시피",https://i.pinimg.com/736x/bb/4c/1c/bb4c1c3a1358aff34acd833402999999.jpg,https://search.pstatic.net/sunny/?type=b150&src=https://i.pinimg.com/736x/bb/4c/1c/bb4c1c3a1358aff34acd833402999999.jpg,i.pinimg.com,2025-06,2025-07-14T18:10:24.160111
치킨,10000,세계의 치킨요리,http://imgnews.naver.net/image/021/2011/04/15/2011041501031224186002_b.jpg,https://search.pstatic.net/common/?type=b150&src=http://imgnews.naver.net/image/021/2011/04/15/2011041501031224186002_b.jpg,imgnews.naver.net,2025-06,2025-07-14T18:10:24.160111
치킨,10000,"그림요리, 카레치킨구이",http://t1.daumcdn.net/brunch/service/user/1amS/image/vc_pCxAyXh-jdOrZ9P6vzKK0xyY.jpg,https://search.pstatic.net/sunny/?type=b150&src=http://t1.daumcdn.net/brunch/service/user/1amS/image/vc_pCxAyXh-jdOrZ9P6vzKK0xyY.jpg,t1.daumcdn.net,2025-06,2025-07-14T18:10:24.160111
치킨,10000,요거트 치킨 레시피 이달의식단 음식조리법 - 램프쿡,http://www.lampcook.com/wi_files/food_month/855/217774_MF_BIMG_01.jpg,https://search.pstatic.net/sunny/?type=b150&src=http://www.lampcook.com/wi_files/food_month/855/217774_MF_BIMG_01.jpg,lampcook.com,2025-06,2025-07-14T18:10:24.160111
치킨,10000,치킨 ♥ 치킨을 다양하게 만드는 방법 10가지 치킨요리모음 ♥ 야식의 꽃! 치킨 ♥ 치킨을 다양하게 만드는 방법 10가지 치킨요리모음 ♥,https://recipe1.ezmember.co.kr/cache/recipe/2020/05/22/fab9b98a7521800c60095e2c7df727ec1.jpg,https://search.pstatic.net/sunny/?type=b150&src=https://recipe1.ezmember.co.kr/cache/recipe/2020/05/22/fab9b98a7521800c60095e2c7df727ec1.jpg,recipe1.ezmember.co.kr,2025-06,2025-07-14T18:10:24.160111
치킨,10000,치킨은 맛이 없을 수 없는 요리입니다,https://i3.ruliweb.com/ori/22/04/22/1804ea0d0cb4b2a07.webp,https://search.pstatic.net/sunny/?type=b150&src=https://i3.ruliweb.com/ori/22/04/22/1804ea0d0cb4b2a07.webp,i3.ruliweb.com,2025-06,2025-07-14T18:10:24.160111
치킨,10000,해외여행 | 싱가포르 아지트 Cool Agit in Singapore,http://imgnews.naver.net/image/081/2015/03/09/SSI_20150309170647_V_99_20150309171106.jpg,https://search.pstatic.net/common/?type=b150&src=http://imgnews.naver.net/image/081/2015/03/09/SSI_20150309170647_V_99_20150309171106.jpg,imgnews.naver.net,2025-06,2025-07-14T18:10:24.160111
치킨,10000,로스트치킨 :: 웃긴대학 요리,http://timg.humoruniv.com/thumb_crop_resize.php?url=http://down.humoruniv.com/hwiparambbs/data/cook/a_w058493001_612ac80fd9dd6d0463105694658f08d3066556a7.jpg?SIZE=800x662,https://search.pstatic.net/sunny/?type=b150&src=http://timg.humoruniv.com/thumb_crop_resize.php?url=http://down.humoruniv.com/hwiparambbs/data/cook/a_w058493001_612ac80fd9dd6d0463105694658f08d3066556a7.jpg?SIZE=800x662,timg.humoruniv.com,2025-06,2025-07-14T18:10:24.160111
치킨,10000,치킨스테이크 > 음식 | 이미지 사용조건이 까다롭지 않은 요리사진 100만컷,https://www.sk5.co.kr/neo/ns600/100/10028462.jpg,https://search.pstatic.net/sunny/?type=b150&src=https://www.sk5.co.kr/neo/ns600/100/10028462.jpg,sk5.co.kr,2025-06,2025-07-14T18:10:24.160111
치킨,10000,먹다남은 치킨으로 만든 요리 2,http://recipe.ezmember.co.kr/cache/recipe/2016/08/05/272ae8c80ce36a9e3a5f7340029588e61.jpg,https://search.pstatic.net/sunny/?type=b150&src=http://recipe.ezmember.co.kr/cache/recipe/2016/08/05/272ae8c80ce36a9e3a5f7340029588e61.jpg,recipe.ezmember.co.kr,2025-06,2025-07-14T18:10:24.160111
치킨,10000,"바싹하고 부서지는 소리가 더 맛난 순살 프라이 치킨^^*– 레시피 | 요리, 음식 요리법, 음식",https://i.pinimg.com/736x/2d/c8/d6/2dc8d6154513ecba6f1d102f998ce4ed.jpg,https://search.pstatic.net/sunny/?type=b150&src=https://i.pinimg.com/736x/2d/c8/d6/2dc8d6154513ecba6f1d102f998ce4ed.jpg,i.pinimg.com,2025-06,2025-07-14T18:10:24.160111
치킨,10000,"│ 로스트치킨 만드는법 │ 하루한끼 p p o y a c o o k 살다 보면 특별한 날이 있기 마련이다. 생일이 그... | 요리, 식품 아이디어, 음식",https://i.pinimg.com/originals/7e/82/2f/7e822f538f66df9b62e33fde5ae98bb2.jpg,https://search.pstatic.net/sunny/?type=b150&src=https://i.pinimg.com/originals/7e/82/2f/7e822f538f66df9b62e33fde5ae98bb2.jpg,i.pinimg.com,2025-06,2025-07-14T18:10:24.160111
치킨,10000,치킨 > 음식 | 이미지 사용조건이 까다롭지 않은 요리사진 100만컷,https://www.sk5.co.kr/neo/ns600/100/10008222.jpg,https://search.pstatic.net/sunny/?type=b150&src=https://www.sk5.co.kr/neo/ns600/100/10008222.jpg,sk5.co.kr,2025-06,2025-07-14T18:10:24.160111
치킨,10000,치킨을넘어요리로~맵슐랭~ | 음식 갤러리 치킨을넘어요리로~맵슐랭~ | 음식 갤러리 | 루리웹,https://i1.ruliweb.com/img/20/08/11/173dd81752c556ba.jpg,https://search.pstatic.net/sunny/?type=b150&src=https://i1.ruliweb.com/img/20/08/11/173dd81752c556ba.jpg,i1.ruliweb.com,2025-06,2025-07-14T18:10:24.160111
치킨,10000,"[크리스마스 메뉴] 교촌치킨 만들기 | 식품 아이디어, 쉬운 요리, 음식 요리법",https://i.pinimg.com/736x/92/95/4c/92954c368fc8faf49c958df9246cacc6.jpg,https://search.pstatic.net/sunny/?type=b150&src=https://i.pinimg.com/736x/92/95/4c/92954c368fc8faf49c958df9246cacc6.jpg,i.pinimg.com,2025-06,2025-07-14T18:10:24.160111
치킨,10000,"음식, 요리, 일본, 일본음식, 치킨, 사진,이미지,일러스트,캘리그라피 - Nhominyaya작가 크라우드픽 - 저작권 걱정 없는 상업용 이미지",https://cdn.crowdpic.net/detail-thumb/thumb_d_6786B522784DF65DFC0E0F77E7012B6D.jpg,https://search.pstatic.net/sunny/?type=b150&src=https://cdn.crowdpic.net/detail-thumb/thumb_d_6786B522784DF65DFC0E0F77E7012B6D.jpg,cdn.crowdpic.net,2025-06,2025-07-14T18:10:24.160111
치킨,10000,"940만 유튜버 '치킨 월드컵'서 韓 양념치킨, 日 가라아게 꺾고 우승",http://imgnews.naver.net/image/469/2024/07/24/0000814022_001_20240724190112676.jpg,https://search.pstatic.net/common/?type=b150&src=http://imgnews.naver.net/image/469/2024/07/24/0000814022_001_20240724190112676.jpg,imgnews.naver.net,2024-06,2025-07-14T18:10:23.703720
피자,10000,에어프라이어요리 식빵피자 연말 홈파티 음식 1탄,https://recipe1.ezmember.co.kr/cache/recipe/2020/12/20/e77b6ea4875fff7d3f607bcc33ae82ae1.jpg,https://search.pstatic.net/sunny/?type=b150&src=https://recipe1.ezmember.co.kr/cache/recipe/2020/12/20/e77b6ea4875fff7d3f607bcc33ae82ae1.jpg,recipe1.ezmember.co.kr,2025-06,2025-07-14T18:10:25.571754
피자,10000,"음식, 맛, 요리, 피자, 양식, 사진,이미지,일러스트,캘리그라피 - 무지개꿈나무작가 크라우드픽 - 저작권 걱정 없는 상업용 이미지",https://cdn.crowdpic.net/detail-thumb/thumb_d_81345D22528DEFFB4A59CD1C9FC58425.jpg,https://search.pstatic.net/sunny/?type=b150&src=https://cdn.crowdpic.net/detail-thumb/thumb_d_81345D22528DEFFB4A59CD1C9FC58425.jpg,cdn.crowdpic.net,2025-06,2025-07-14T18:10:25.571754
피자,10000,어린이 역할놀이 음식모형소품 피자세트 유치원 자르기 요리장난감 썰기,http://shopping.phinf.naver.net/main_5381125/53811254799.20250327233053.jpg,https://search.pstatic.net/common/?type=b150&src=http://shopping.phinf.naver.net/main_5381125/53811254799.20250327233053.jpg,shopping.phinf.naver.net,2025-06,2025-07-14T18:10:25.571754
피자,10000,"무료 이미지 : 요리, 식사, 식품, 생기게 하다, 맛있는, 수제의, 바질, 피자, 퀴 토우 to토... 이탈리아 음식, 유럽 음식, 소금 경화 고기...",https://c.pxhere.com/photos/9d/39/pizza_homemade_food_italian_delicious_frisch_mozzarella_basil-1017809.jpg!d,https://search.pstatic.net/sunny/?type=b150&src=https://c.pxhere.com/photos/9d/39/pizza_homemade_food_italian_delicious_frisch_mozzarella_basil-1017809.jpg!d,c.pxhere.com,2025-06,2025-07-14T18:10:25.571754
피자,10000,당신의 선택을 묻고싶습니다 | 보배드림 유머게시판,http://file1.bobaedream.co.kr/multi_image/strange/2019/03/17/08/DQM5c8d8cdbd29e7.jpg,https://search.pstatic.net/sunny/?type=b150&src=http://file1.bobaedream.co.kr/multi_image/strange/2019/03/17/08/DQM5c8d8cdbd29e7.jpg,file1.bobaedream.co.kr,2025-06,2025-07-14T18:10:25.571754
피자,10000,장난감 음식 요리 식기 어린이 주방 가상 놀이 나무 피자 과일 야채 절단 게임 27 개 : 시아직구대행,http://shop1.phinf.naver.net/20230418_195/16818248181889wFD5_JPEG/82960597906216815_281470138.jpg,https://search.pstatic.net/common/?type=b150&src=http://shop1.phinf.naver.net/20230418_195/16818248181889wFD5_JPEG/82960597906216815_281470138.jpg,shop1.phinf.naver.net,2025-06,2025-07-14T18:10:25.571754
피자,10000,크리스마스파티를 위한 홈파티음식 레시피 ★,http://recipe1.ezmember.co.kr/cache/recipe/2019/12/19/b0339c1ba58da62c1ae5a968a5da1aef1.jpg,https://search.pstatic.net/sunny/?type=b150&src=http://recipe1.ezmember.co.kr/cache/recipe/2019/12/19/b0339c1ba58da62c1ae5a968a5da1aef1.jpg,recipe1.ezmember.co.kr,2025-06,2025-07-14T18:10:25.571754
피자,10000,소프트뱅크 투자 받은 로봇 피자 업체 '줌피자' 구조조정 발표,http://imgnews.naver.net/image/023/2020/01/09/2020010903033_1_20200109164402511.jpg,https://search.pstatic.net/common/?type=b150&src=http://imgnews.naver.net/image/023/2020/01/09/2020010903033_1_20200109164402511.jpg,imgnews.naver.net,2025-06,2025-07-14T18:10:25.571754
피자,10000,"밀가루, 오븐 다 필요 없는 콘치즈피자 만들기 밀가루, 오븐 다 필요 없는 콘치즈피자 만들기 | 요리, 쉬운 요리, 음식",https://i.pinimg.com/736x/7c/dd/57/7cdd57666ff0b3308c277d755ff62f7f.jpg,https://search.pstatic.net/sunny/?type=b150&src=https://i.pinimg.com/736x/7c/dd/57/7cdd57666ff0b3308c277d755ff62f7f.jpg,i.pinimg.com,2025-06,2025-07-14T18:10:25.571754
피자,10000,Best 콘웰 피자 맛집 - Tripadvisor,https://dynamic-media-cdn.tripadvisor.com/media/photo-o/18/6a/a7/37/pizza-delight.jpg?w=600&h=600&s=1,https://search.pstatic.net/sunny/?type=b150&src=https://dynamic-media-cdn.tripadvisor.com/media/photo-o/18/6a/a7/37/pizza-delight.jpg?w=600&h=600&s=1,dynamic-media-cdn.tripadvisor.com,2025-06,2025-07-14T18:10:25.571754
피자,10000,음식 양이 어마어마! 갑자기 갑론을박 일으킨 왕손예진 결혼 후 요리들.jpg,http://imgnews.naver.net/image/5027/2022/07/12/0000045577_005_20220712164601233.jpg,https://search.pstatic.net/common/?type=b150&src=http://imgnews.naver.net/image/5027/2022/07/12/0000045577_005_20220712164601233.jpg,imgnews.naver.net,2025-06,2025-07-14T18:10:25.571754
피자,10000,"피자, 푸드, 음식, 요리, 치즈, 사진,이미지,일러스트,캘리그라피 - 플라이EX작가 크라우드픽 - 저작권 걱정 없는 상업용 이미지",https://cdn.crowdpic.net/detail-thumb/thumb_d_D135972B88CCEBBD89BA4E198EFA9397.jpg,https://search.pstatic.net/sunny/?type=b150&src=https://cdn.crowdpic.net/detail-thumb/thumb_d_D135972B88CCEBBD89BA4E198EFA9397.jpg,cdn.crowdpic.net,2025-06,2025-07-14T18:10:25.571754
피자,10000,"패밀리 레스토랑  ‘에스닉 푸드’ 바람, 식탁위의 세계일주",http://imgnews.naver.net/image/144/2009/07/06/20090707.02500109000003.02L.jpg,https://search.pstatic.net/common/?type=b150&src=http://imgnews.naver.net/image/144/2009/07/06/20090707.02500109000003.02L.jpg,imgnews.naver.net,2025-06,2025-07-14T18:10:25.571754
피자,10000,Hot meal Photos - Free Images & Free stock photos - PxHere,https://c.pxhere.com/photos/20/96/pizza_hawaiian_pizza_plate_court_italian_food_pizza_pasta_dish_meal-807793.jpg!s1,https://search.pstatic.net/sunny/?type=b150&src=https://c.pxhere.com/photos/20/96/pizza_hawaiian_pizza_plate_court_italian_food_pizza_pasta_dish_meal-807793.jpg!s1,c.pxhere.com,2025-06,2025-07-14T18:10:25.571754
피자,10000,나폴리 피자(요리차원) - 나무위키 나폴리 피자(요리차원),https://i.namu.wiki/i/dNXgm9gBik2kqunI7mY0dN6CI-IPZoMBzCglVKSIlAz_Tgt6_5r5n1vYaypOX_oiPP_uWG5M6hdfOyi8sCEmKQ.webp,https://search.pstatic.net/sunny/?type=b150&src=https://i.namu.wiki/i/dNXgm9gBik2kqunI7mY0dN6CI-IPZoMBzCglVKSIlAz_Tgt6_5r5n1vYaypOX_oiPP_uWG5M6hdfOyi8sCEmKQ.webp,i.namu.wiki,2025-06,2025-07-14T18:10:25.571754
피자,10000,디자인프로세스가 마치 음식제조와 같다고 생각을 했었는데 딱 들어맞는 인포그래픽을 찾아보았습니다.,https://i.pinimg.com/736x/8b/51/17/8b5117cd1f2a7572ecaf163c5d3cbce7.jpg,https://search.pstatic.net/sunny/?type=b150&src=https://i.pinimg.com/736x/8b/51/17/8b5117cd1f2a7572ecaf163c5d3cbce7.jpg,i.pinimg.com,2025-06,2025-07-14T18:10:25.571754
피자,10000,Pitsa,https://upload.wikimedia.org/wikipedia/commons/a/a3/Eq_it-na_pizza-margherita_sep2005_sml.jpg,https://search.pstatic.net/sunny/?type=b150&src=https://upload.wikimedia.org/wikipedia/commons/a/a3/Eq_it-na_pizza-margherita_sep2005_sml.jpg,upload.wikimedia.org,2025-06,2025-07-14T18:10:25.571754
피자,10000,"손으로 그린 스케치 이탈리아 음식 Set.Vector 그림 로열티 무료 사진, 그림, 이미지 그리고 스톡포토그래피. Image 34692988.",https://us.123rf.com/450wm/pimonova/pimonova1412/pimonova141200114/34692988-%EC%86%90%EC%9C%BC%EB%A1%9C-%EA%B7%B8%EB%A6%B0%E2%80%8B%E2%80%8B-%EC%8A%A4%EC%BC%80%EC%B9%98-%EC%9D%B4%ED%83%88%EB%A6%AC%EC%95%84-%EC%9D%8C%EC%8B%9D-set-vector-%EA%B7%B8%EB%A6%BC.jpg?ver=6,https://search.pstatic.net/sunny/?type=b150&src=https://us.123rf.com/450wm/pimonova/pimonova1412/pimonova141200114/34692988-%EC%86%90%EC%9C%BC%EB%A1%9C-%EA%B7%B8%EB%A6%B0%E2%80%8B%E2%80%8B-%EC%8A%A4%EC%BC%80%EC%B9%98-%EC%9D%B4%ED%83%88%EB%A6%AC%EC%95%84-%EC%9D%8C%EC%8B%9D-set-vector-%EA%B7%B8%EB%A6%BC.jpg?ver=6,us.123rf.com,2025-06,2025-07-14T18:10:25.571754
피자,10000,THE 10 BEST Italian Restaurants in Camaguey Province (2024),https://dynamic-media-cdn.tripadvisor.com/media/photo-o/0d/0f/b9/42/nnnnn.jpg?w=600&h=600&s=1,https://search.pstatic.net/sunny/?type=b150&src=https://dynamic-media-cdn.tripadvisor.com/media/photo-o/0d/0f/b9/42/nnnnn.jpg?w=600&h=600&s=1,dynamic-media-cdn.tripadvisor.com,2025-06,2025-07-14T18:10:25.571754
피자,10000,"꽃길만 걷게 해줄 것 같은 ‘꽃피자’ 만들기 | Food, Cooking, Food recipes",https://i.pinimg.com/originals/f7/e2/5b/f7e25b5987cc6fbde01456d70ce15ce7.jpg,https://search.pstatic.net/sunny/?type=b150&src=https://i.pinimg.com/originals/f7/e2/5b/f7e25b5987cc6fbde01456d70ce15ce7.jpg,i.pinimg.com,2025-06,2025-07-14T18:10:25.571754
피자,10000,2025년 프랑스 La Terrasse 여행정보 - Tripadvisor - La Terrasse 여행,https://dynamic-media-cdn.tripadvisor.com/media/photo-o/2b/83/44/f3/pizza-napolitaine-broken.jpg?w=800&h=-1&s=1,https://search.pstatic.net/sunny/?type=b150&src=https://dynamic-media-cdn.tripadvisor.com/media/photo-o/2b/83/44/f3/pizza-napolitaine-broken.jpg?w=800&h=-1&s=1,dynamic-media-cdn.tripadvisor.com,2025-06,2025-07-14T18:10:25.576954
피자,10000,[싱글레시피] 명절 남은 음식을 활용한 '잡채 피자',http://imgnews.naver.net/image/5516/2017/10/10/25739_41424_3842_20171010190449285.JPG,https://search.pstatic.net/common/?type=b150&src=http://imgnews.naver.net/image/5516/2017/10/10/25739_41424_3842_20171010190449285.JPG,imgnews.naver.net,2025-06,2025-07-14T18:10:25.576954
피자,10000,"피자, 페페로니, 페페로니피자, 이탈리아음식, 이태리식당, 사진,이미지,일러스트,캘리그라피 - Nunayog72작가 크라우드픽 - 저작권 걱정 없는...",https://cdn.crowdpic.net/detail-thumb/thumb_d_9129DA97BD3FE121FE1FB67ADC865D5D.jpg,https://search.pstatic.net/sunny/?type=b150&src=https://cdn.crowdpic.net/detail-thumb/thumb_d_9129DA97BD3FE121FE1FB67ADC865D5D.jpg,cdn.crowdpic.net,2025-06,2025-07-14T18:10:25.576954
피자,10000,"매미열무국수, 매미쿠키, 매미피자... 미국의 이유 있는 열풍",http://imgnews.naver.net/image/047/2021/09/02/0002325307_004_20210902071006842.jpg,https://search.pstatic.net/common/?type=b150&src=http://imgnews.naver.net/image/047/2021/09/02/0002325307_004_20210902071006842.jpg,imgnews.naver.net,2025-06,2025-07-14T18:10:25.576954
피자,10000,Pizza Italian Cuisine Menu Card by seamartini | GraphicRiver Pizza Italian Cuisine Menu Card,https://image-gr.s3.envato.com/files/207185926/preview.jpg,https://search.pstatic.net/sunny/?type=b150&src=https://image-gr.s3.envato.com/files/207185926/preview.jpg,image-gr.s3.envato.com,2025-06,2025-07-14T18:10:25.576954
피자,10000,"Pasta dish, Italian cuisine Pizza Naporitan Spaghetti alla puttanesca Al dente, top view spaghetti bolognese, food, recipe png...",https://e7.pngegg.com/pngimages/642/1022/png-clipart-pasta-dish-italian-cuisine-pizza-naporitan-spaghetti-alla-puttanesca-al-dente-top-view-spaghetti-bolognese-food-recipe.png,https://search.pstatic.net/sunny/?type=b150&src=https://e7.pngegg.com/pngimages/642/1022/png-clipart-pasta-dish-italian-cuisine-pizza-naporitan-spaghetti-alla-puttanesca-al-dente-top-view-spaghetti-bolognese-food-recipe.png,e7.pngegg.com,2025-06,2025-07-14T18:10:25.576954
피자,10000,"밀가루, 오븐 다 필요 없는 콘치즈피자 만들기 - 2021 | 요리, 케이터링 음식, 음식",https://i.pinimg.com/736x/27/7b/55/277b5543566f42db15eee0e32eeef546.jpg,https://search.pstatic.net/sunny/?type=b150&src=https://i.pinimg.com/736x/27/7b/55/277b5543566f42db15eee0e32eeef546.jpg,i.pinimg.com,2025-06,2025-07-14T18:10:25.576954
피자,10000,검색 | 서울시 50플러스포털,https://www.50plus.or.kr/upload/im/2021/07/4a329f86-bb72-4254-86de-da4bca2b2275.jpg,https://search.pstatic.net/sunny/?type=b150&src=https://www.50plus.or.kr/upload/im/2021/07/4a329f86-bb72-4254-86de-da4bca2b2275.jpg,50plus.or.kr,2025-06,2025-07-14T18:10:25.576954
피자,10000,평면도에서 음식과 요리 모음 | 무료 벡터,https://img.freepik.com/free-vector/dishes-collection-with-food-top-view_23-2147856808.jpg,https://search.pstatic.net/sunny/?type=b150&src=https://img.freepik.com/free-vector/dishes-collection-with-food-top-view_23-2147856808.jpg,img.freepik.com,2025-06,2025-07-14T18:10:25.576954
피자,10000,캐스B 플레이 빅토리아피자파티 2138 모형 가게 놀이 자르기 주방 소품 요리 장난감 과일 역할 소꿉 그릇,http://shopping.phinf.naver.net/main_5321517/53215175845.20250225220104.jpg,https://search.pstatic.net/common/?type=b150&src=http://shopping.phinf.naver.net/main_5321517/53215175845.20250225220104.jpg,shopping.phinf.naver.net,2025-06,2025-07-14T18:10:25.576954
피자,10000,[요리] 또띠아로 피자를 해먹어 보자!! - DogDrip.Net 개드립,https://www.dogdrip.net/files/attach/images/19201543/357/727/029/d5a33a027208a6254968b521f7f8c3b4.jpg,https://search.pstatic.net/sunny/?type=b150&src=https://www.dogdrip.net/files/attach/images/19201543/357/727/029/d5a33a027208a6254968b521f7f8c3b4.jpg,dogdrip.net,2025-06,2025-07-14T18:10:25.578012
피자,10000,로마 현지 요리 베스트 10 - Go Guides,https://goguides.azureedge.net/media/1zef1ry5/6a596204-1119-4caf-9314-299aca7f0cc3.jpg?anchor=center&mode=crop&width=1600&height=1066&quality=50,https://search.pstatic.net/sunny/?type=b150&src=https://goguides.azureedge.net/media/1zef1ry5/6a596204-1119-4caf-9314-299aca7f0cc3.jpg?anchor=center&mode=crop&width=1600&height=1066&quality=50,goguides.azureedge.net,2025-06,2025-07-14T18:10:25.578012
피자,10000,DZ 512 3F | 3D Warehouse DZ 512 3F,https://3dwarehouse.sketchup.com/warehouse/v1.0/content/public/ae585957-b32d-4be9-a87d-5caaecef3cfa,https://search.pstatic.net/sunny/?type=b150&src=https://3dwarehouse.sketchup.com/warehouse/v1.0/content/public/ae585957-b32d-4be9-a87d-5caaecef3cfa,3dwarehouse.sketchup.com,2025-06,2025-07-14T18:10:25.578012
피자,10000,"e-요리 - 이마트몰, 당신과 가장 가까운 이마트 [오늘은e-요리]떠먹는 석류연어밥 피자",http://img.ssgcdn.com/trans.ssg?src=/cmpt/recipe/201703/c34fc677cbc895e06a64bbb6b81d03761.jpg&w=640&h=500&edit=c&t=e4bbaf3270ef23115f0c973d9ae3d3321aa1d5a8,https://search.pstatic.net/sunny/?type=b150&src=http://img.ssgcdn.com/trans.ssg?src=/cmpt/recipe/201703/c34fc677cbc895e06a64bbb6b81d03761.jpg&w=640&h=500&edit=c&t=e4bbaf3270ef23115f0c973d9ae3d3321aa1d5a8,img.ssgcdn.com,2025-06,2025-07-14T18:10:25.578012
피자,10000,음식 - Page 11 | Hypebeast Hypebeast.KR | 하입비스트,https://image-cdn.hypb.st/https%3A%2F%2Fkr.hypebeast.com%2Ffiles%2F2023%2F11%2Fpizza-hut-introduces-pie-topped-with-snake-meat-in-hong-kong-ft.jpg?fit=max&cbr=1&q=90&w=750&h=500,https://search.pstatic.net/sunny/?type=b150&src=https://image-cdn.hypb.st/https%3A%2F%2Fkr.hypebeast.com%2Ffiles%2F2023%2F11%2Fpizza-hut-introduces-pie-topped-with-snake-meat-in-hong-kong-ft.jpg?fit=max&cbr=1&q=90&w=750&h=500,image-cdn.hypb.st,2025-06,2025-07-14T18:10:25.578012
피자,10000,"투명 배경에 고립 된 페퍼로니 피자, 페퍼로니 피자 절연, 투명한 배경에, 피자 PNG 일러스트 및 이미지 에 대한 무료 다운로드 - Pngtree",https://png.pngtree.com/png-clipart/20240510/original/pngtree-pepperoni-pizza-isolated-on-transparent-background-png-image_15050835.png,https://search.pstatic.net/sunny/?type=b150&src=https://png.pngtree.com/png-clipart/20240510/original/pngtree-pepperoni-pizza-isolated-on-transparent-background-png-image_15050835.png,png.pngtree.com,2025-06,2025-07-14T18:10:25.578012
피자,10000,"식용금가루 효능, 맛, 요리법, 금박지 파는곳 : 그라디움",https://gradium.co.kr/wp-content/uploads/gold-leaf-1024x683.jpg,https://search.pstatic.net/sunny/?type=b150&src=https://gradium.co.kr/wp-content/uploads/gold-leaf-1024x683.jpg,gradium.co.kr,2025-06,2025-07-14T18:10:25.578012
피자,10000,버섯 요리 모둠 버섯 식빵피자 만드는 법 피자도 건강하게!,https://recipe1.ezmember.co.kr/cache/recipe/2023/03/23/f5e75875f00fc2ddde8c50c823eeec6f1_f.jpg,https://search.pstatic.net/sunny/?type=b150&src=https://recipe1.ezmember.co.kr/cache/recipe/2023/03/23/f5e75875f00fc2ddde8c50c823eeec6f1_f.jpg,recipe1.ezmember.co.kr,2025-06,2025-07-14T18:10:25.578012
피자,10000,"미키마우스와 중국요리의 만남, 상하이 디즈니랜드 메뉴",http://imgnews.naver.net/image/008/2016/04/22/2016042216168876735_1_99_20160422161807.jpg,https://search.pstatic.net/common/?type=b150&src=http://imgnews.naver.net/image/008/2016/04/22/2016042216168876735_1_99_20160422161807.jpg,imgnews.naver.net,2025-06,2025-07-14T18:10:25.578012
피자,10000,"음식, 요리, 빵, 피자, 과일, 사진,이미지,일러스트,캘리그라피 - skadbsgml92작가 크라우드픽 - 저작권 걱정 없는 상업용 이미지",https://cdn.crowdpic.net/detail-thumb/thumb_d_731D7F7C9A0DECCDA3250BFD81D16A07.jpg,https://search.pstatic.net/sunny/?type=b150&src=https://cdn.crowdpic.net/detail-thumb/thumb_d_731D7F7C9A0DECCDA3250BFD81D16A07.jpg,cdn.crowdpic.net,2025-06,2025-07-14T18:10:25.578012
피자,10000,"dish, 요리, food, 음식, meal, 사진,이미지,일러스트,캘리그라피 - BUM Art작가 크라우드픽 - 저작권 걱정 없는 상업용 이미지",https://cdn.crowdpic.net/detail-thumb/thumb_d_84387678B37D4B163717895BAD568293.jpg,https://search.pstatic.net/sunny/?type=b150&src=https://cdn.crowdpic.net/detail-thumb/thumb_d_84387678B37D4B163717895BAD568293.jpg,cdn.crowdpic.net,2025-06,2025-07-14T18:10:25.578012
피자,10000,팥피자 레시피 이달의식단 음식조리법 - 램프쿡,http://www.lampcook.com/wi_files/food_month/855/207948_MF_CIMG_08.jpg,https://search.pstatic.net/sunny/?type=b150&src=http://www.lampcook.com/wi_files/food_month/855/207948_MF_CIMG_08.jpg,lampcook.com,2025-06,2025-07-14T18:10:25.579078
피자,10000,"크리스마스 요리, 아이들도 좋아할 또띠아 트리 피자 만들기",https://recipe1.ezmember.co.kr/cache/recipe/2021/12/23/0a4272783c4fa0c5cfced2d1b95b0ad41.jpg,https://search.pstatic.net/sunny/?type=b150&src=https://recipe1.ezmember.co.kr/cache/recipe/2021/12/23/0a4272783c4fa0c5cfced2d1b95b0ad41.jpg,recipe1.ezmember.co.kr,2025-06,2025-07-14T18:10:25.579078
피자,10000,"올리브 오일 Harissa 성분, sis 케밥, 기타, 식품, 올리브 png | PNGWing",https://w7.pngwing.com/pngs/912/432/png-transparent-olive-oil-harissa-ingredient-sis-kebab-miscellaneous-food-olive.png,https://search.pstatic.net/sunny/?type=b150&src=https://w7.pngwing.com/pngs/912/432/png-transparent-olive-oil-harissa-ingredient-sis-kebab-miscellaneous-food-olive.png,w7.pngwing.com,2025-06,2025-07-14T18:10:25.579078
피자,10000,설날 남은 떡국떡으로 5분완성 초간단 떡국떡피자 만들기,https://i.pinimg.com/736x/bc/3c/37/bc3c378c44270a09187e1a455dbafa3e.jpg,https://search.pstatic.net/sunny/?type=b150&src=https://i.pinimg.com/736x/bc/3c/37/bc3c378c44270a09187e1a455dbafa3e.jpg,i.pinimg.com,2025-06,2025-07-14T18:10:25.579078
피자,10000,터키의 현지인이 추천하는 지역별 대표 음식,http://imgnews.naver.net/image/123/2019/10/08/0002212971_001_20191008090303250.jpg,https://search.pstatic.net/common/?type=b150&src=http://imgnews.naver.net/image/123/2019/10/08/0002212971_001_20191008090303250.jpg,imgnews.naver.net,2025-06,2025-07-14T18:10:25.579078
피자,10000,또띠아 사용한것보다 더 맛있는 초간단 계란 피자 만들기,https://i.pinimg.com/736x/3c/4b/b1/3c4bb1c6655b5b296f9e288b93799649.jpg,https://search.pstatic.net/sunny/?type=b150&src=https://i.pinimg.com/736x/3c/4b/b1/3c4bb1c6655b5b296f9e288b93799649.jpg,i.pinimg.com,2025-06,2025-07-14T18:10:25.579078
피자,10000,맛있는군만두 피자만들기 소개할께요~ 오븐에 지글지글 한번 더 구워내비주얼은 물론 맛보장 냉동만두 요리에요! 바삭하게 구워낸...,https://i.pinimg.com/736x/46/f2/bd/46f2bdc5d7cdf2e11fb8ffff89127bfd.jpg,https://search.pstatic.net/sunny/?type=b150&src=https://i.pinimg.com/736x/46/f2/bd/46f2bdc5d7cdf2e11fb8ffff89127bfd.jpg,i.pinimg.com,2025-06,2025-07-14T18:10:25.579078
피자,10000,"머스킷 룸 뉴질랜드 요리 퓨전 요리 레스토랑 요리사, 무료 햄 고기 요리 풀 S, 음식, 무료 로고 디자인 서식 파일, 레시피 png | PNGWing",https://w7.pngwing.com/pngs/676/399/png-transparent-pizza-salami-illustration-pizza-free-to-pull-natural-foods-free-logo-design-template-food-thumbnail.png,https://search.pstatic.net/sunny/?type=b150&src=https://w7.pngwing.com/pngs/676/399/png-transparent-pizza-salami-illustration-pizza-free-to-pull-natural-foods-free-logo-design-template-food-thumbnail.png,w7.pngwing.com,2025-06,2025-07-14T18:10:25.579078
피자,10000,"영천유아교육체험센터, 요리와 함께 후반기 놀이중심 체험놀이터 운영",http://imgnews.naver.net/image/5386/2018/09/10/0000191736_001_20180910194533377.jpg,https://search.pstatic.net/common/?type=b150&src=http://imgnews.naver.net/image/5386/2018/09/10/0000191736_001_20180910194533377.jpg,imgnews.naver.net,2025-06,2025-07-14T18:10:25.579078
피자,10000,겨울철 입맛 사로잡는 곱창 요리의 화려한 변신,http://imgnews.naver.net/image/022/2014/12/29/20141229000025_0_99_20141229011803.jpg,https://search.pstatic.net/common/?type=b150&src=http://imgnews.naver.net/image/022/2014/12/29/20141229000025_0_99_20141229011803.jpg,imgnews.naver.net,2025-06,2025-07-14T18:10:25.579078
피자,10000,강력밀가루(코끼리 20K)  식자재마트 대용량 업소용 밀가루 강력밀가루 강력분 포대 : 더착한푸드몰,https://shop-phinf.pstatic.net/20240808_300/1723100726013fUdpi_JPEG/39369220845947296_1081710776.jpg,https://search.pstatic.net/common/?type=b150&src=https://shop-phinf.pstatic.net/20240808_300/1723100726013fUdpi_JPEG/39369220845947296_1081710776.jpg,shop-phinf.pstatic.net,2025-06,2025-07-14T18:10:25.580141
피자,10000,Russian cuisine traditional food dishes set | Premium Vector,https://img.freepik.com/premium-vector/russian-cuisine-traditional-food-dishes-set_87689-1171.jpg,https://search.pstatic.net/sunny/?type=b150&src=https://img.freepik.com/premium-vector/russian-cuisine-traditional-food-dishes-set_87689-1171.jpg,img.freepik.com,2025-06,2025-07-14T18:10:25.580141
피자,10000,미트소스 만들어 식빵 피자 만들기. - 음식 영화방 - 대림동 대민산악회 미트소스 만들어 식빵 피자 만들기.,https://t1.daumcdn.net/cafeattach/1KmCK/0f8f193f7663a579bda922c67e7bbb96acb14a90,https://search.pstatic.net/sunny/?type=b150&src=https://t1.daumcdn.net/cafeattach/1KmCK/0f8f193f7663a579bda922c67e7bbb96acb14a90,t1.daumcdn.net,2025-06,2025-07-14T18:10:25.580141
피자,10000,셀엔드 피자만들기 놀이 역활놀이 요리놀이 1개,http://shopping.phinf.naver.net/main_4463507/44635073656.20231213153905.jpg,https://search.pstatic.net/common/?type=b150&src=http://shopping.phinf.naver.net/main_4463507/44635073656.20231213153905.jpg,shopping.phinf.naver.net,2025-06,2025-07-14T18:10:25.580141
피자,10000,젓갈 피자 (feat.오징어 젓 & 칵테일 새우) | 음식 갤러리 젓갈 피자 (feat.오징어 젓 & 칵테일 새우) | 음식 갤러리 | 루리웹,https://i2.ruliweb.com/img/20/02/12/17038586dde47f07d.jpg,https://search.pstatic.net/sunny/?type=b150&src=https://i2.ruliweb.com/img/20/02/12/17038586dde47f07d.jpg,i2.ruliweb.com,2025-06,2025-07-14T18:10:25.580141
피자,10000,뒤집개 스테인리스 대 피자 볶음 철판 요리 전 : foTWOmart,https://shop-phinf.pstatic.net/20240822_164/1724329673971aa5dx_PNG/11013538094363605_1756644672.png,https://search.pstatic.net/common/?type=b150&src=https://shop-phinf.pstatic.net/20240822_164/1724329673971aa5dx_PNG/11013538094363605_1756644672.png,shop-phinf.pstatic.net,2025-06,2025-07-14T18:10:25.580141
피자,10000,"음식, 요리, food, 파스타, 스파게티, 사진,이미지,일러스트,캘리그라피 - 또또처자작가 크라우드픽 - 저작권 걱정 없는 상업용 이미지",https://cdn.crowdpic.net/detail-thumb/thumb_d_A63F3F05F935D0BF8E31C33926703D61.jpg,https://search.pstatic.net/sunny/?type=b150&src=https://cdn.crowdpic.net/detail-thumb/thumb_d_A63F3F05F935D0BF8E31C33926703D61.jpg,cdn.crowdpic.net,2025-06,2025-07-14T18:10:25.580141
피자,10000,고환 피자,https://i2.ruliweb.com/img/21/07/23/17ad0c3c35637203f.jpg,https://search.pstatic.net/sunny/?type=b150&src=https://i2.ruliweb.com/img/21/07/23/17ad0c3c35637203f.jpg,i2.ruliweb.com,2025-06,2025-07-14T18:10:25.580141
피자,10000,"[리얼푸드]먹을수록 끌리는 바질, 음식 활용법 10가지",http://imgnews.naver.net/image/5419/2018/08/13/20180813000772_0_20180813161827793.jpg,https://search.pstatic.net/common/?type=b150&src=http://imgnews.naver.net/image/5419/2018/08/13/20180813000772_0_20180813161827793.jpg,imgnews.naver.net,2025-06,2025-07-14T18:10:25.580141
피자,10000,2025년 미국 오번 여행정보 - Tripadvisor - 오번 여행,https://dynamic-media-cdn.tripadvisor.com/media/photo-o/2a/aa/a6/d2/caption.jpg?w=800&h=600&s=1,https://search.pstatic.net/sunny/?type=b150&src=https://dynamic-media-cdn.tripadvisor.com/media/photo-o/2a/aa/a6/d2/caption.jpg?w=800&h=600&s=1,dynamic-media-cdn.tripadvisor.com,2025-06,2025-07-14T18:10:25.580141
피자,10000,[금주신상] 빚은 '청룡설기'·오뚜기 '타바스코 스콜피온 소스',http://imgnews.naver.net/image/001/2024/01/27/AKR20240126045300030_05_i_P4_20240127070116080.jpg,https://search.pstatic.net/common/?type=b150&src=http://imgnews.naver.net/image/001/2024/01/27/AKR20240126045300030_05_i_P4_20240127070116080.jpg,imgnews.naver.net,2025-06,2025-07-14T18:10:25.580141
피자,10000,"피자 레시피 | 요리, 음식",https://i.pinimg.com/originals/37/73/e9/3773e9103af569a1c39516c081447aa1.jpg,https://search.pstatic.net/sunny/?type=b150&src=https://i.pinimg.com/originals/37/73/e9/3773e9103af569a1c39516c081447aa1.jpg,i.pinimg.com,2025-06,2025-07-14T18:10:25.581189
피자,10000,피자 음식 요리 - Pixabay의 무료 사진,https://cdn.pixabay.com/photo/2023/03/20/04/09/pizza-7863716_1280.jpg,https://search.pstatic.net/sunny/?type=b150&src=https://cdn.pixabay.com/photo/2023/03/20/04/09/pizza-7863716_1280.jpg,cdn.pixabay.com,2025-06,2025-07-14T18:10:25.581189
피자,10000,달콤고소 치즈풍미가 입맛 돋우는 고르곤졸라 블루베리 치즈 피자 간단한 홈 파티 음식 메뉴 만들기~!,https://recipe1.ezmember.co.kr/cache/recipe/2018/02/28/cd0d7f13eb3065341dbc9bde99b18ae81.jpg,https://search.pstatic.net/sunny/?type=b150&src=https://recipe1.ezmember.co.kr/cache/recipe/2018/02/28/cd0d7f13eb3065341dbc9bde99b18ae81.jpg,recipe1.ezmember.co.kr,2025-06,2025-07-14T18:10:25.581189
피자,10000,배달먹 안정환 “축구선수 안했다면 셰프 했을 것”[결정적장면],http://imgnews.naver.net/image/609/2020/05/20/202005200005111110_2_20200520060116655.jpg,https://search.pstatic.net/common/?type=b150&src=http://imgnews.naver.net/image/609/2020/05/20/202005200005111110_2_20200520060116655.jpg,imgnews.naver.net,2025-06,2025-07-14T18:10:25.581189
피자,10000,이탈리아 요리 - 나무위키 이탈리아 요리,https://i.namu.wiki/i/mi_bkNG-UEq3UDhGsU4RqPg9JoGHdlFQqvysp3SQialTCPZp053YF9eJ5TuA20bdMds3Qm8EEWTunxPbFHBXeg.webp,https://search.pstatic.net/sunny/?type=b150&src=https://i.namu.wiki/i/mi_bkNG-UEq3UDhGsU4RqPg9JoGHdlFQqvysp3SQialTCPZp053YF9eJ5TuA20bdMds3Qm8EEWTunxPbFHBXeg.webp,i.namu.wiki,2025-06,2025-07-14T18:10:25.581189
피자,10000,[트랜D]손맛까지 카피하는 로봇 요리사...푸드테크의 진화,http://imgnews.naver.net/image/025/2021/05/19/0003102689_001_20241007081133008.jpg,https://search.pstatic.net/common/?type=b150&src=http://imgnews.naver.net/image/025/2021/05/19/0003102689_001_20241007081133008.jpg,imgnews.naver.net,2025-06,2025-07-14T18:10:25.581189
피자,10000,[웰빙맘 프로젝트] 임신 중 가려 먹어야 하는 음식 섭취 방법,http://imgnews.naver.net/image/5310/2018/02/07/0000010939_001_20250519194614549.jpg,https://search.pstatic.net/common/?type=b150&src=http://imgnews.naver.net/image/5310/2018/02/07/0000010939_001_20250519194614549.jpg,imgnews.naver.net,2025-06,2025-07-14T18:10:25.581189
피자,10000,"'임신' 손예진, 피자→버거까지 직접 만드는 요리 금손..♥현빈 입호강 하네",http://imgnews.naver.net/image/112/2022/07/12/202207112348153193356_20220712000051_01_20220712053101365.jpg,https://search.pstatic.net/common/?type=b150&src=http://imgnews.naver.net/image/112/2022/07/12/202207112348153193356_20220712000051_01_20220712053101365.jpg,imgnews.naver.net,2025-06,2025-07-14T18:10:25.581189
피자,10000,"한끼식사로도 좋은 감자피자 만들기 | 음식, 음식 요리법, 간단한 요리법",https://i.pinimg.com/originals/46/38/d0/4638d007d97237a28e34ec51f3a26e2b.jpg,https://search.pstatic.net/sunny/?type=b150&src=https://i.pinimg.com/originals/46/38/d0/4638d007d97237a28e34ec51f3a26e2b.jpg,i.pinimg.com,2025-06,2025-07-14T18:10:25.581189
피자,10000,"세트,수집,식사,식이요법,신선,에피타이저,요리,유기농,음식,잎,채소,초록색,컬러풀,콜라주,토마토,파스타,페스토,피자,합성이미지,해외포토,흰색",http://preview.clipartkorea.co.kr/2016/12/19/yaytg483994.jpg,https://search.pstatic.net/sunny/?type=b150&src=http://preview.clipartkorea.co.kr/2016/12/19/yaytg483994.jpg,preview.clipartkorea.co.kr,2025-06,2025-07-14T18:10:25.581189
피자,10000,"피자에 있는 Hazel님의 핀 | 요리, 음식, 브런치",https://i.pinimg.com/736x/39/20/63/392063686c1f5ebbb1688971242e014a.jpg,https://search.pstatic.net/sunny/?type=b150&src=https://i.pinimg.com/736x/39/20/63/392063686c1f5ebbb1688971242e014a.jpg,i.pinimg.com,2025-06,2025-07-14T18:10:25.582237
피자,10000,남은 피자 활용 레시피 - 요리 / 음식 - 네모판 남은 피자 활용 레시피,https://www.nemopan.com/files/attach/images/1164049/369/674/017/0c2f339beca97789651327ffa36efbeb.jpg,https://search.pstatic.net/sunny/?type=b150&src=https://www.nemopan.com/files/attach/images/1164049/369/674/017/0c2f339beca97789651327ffa36efbeb.jpg,nemopan.com,2025-06,2025-07-14T18:10:25.582237
피자,10000,"업비트, '피자데이' 맞아 1억원 상당 이벤트…2222명에게 쿠폰 증정",http://imgnews.naver.net/image/5785/2021/05/21/0000012253_001_20210521175020316.jpg,https://search.pstatic.net/common/?type=b150&src=http://imgnews.naver.net/image/5785/2021/05/21/0000012253_001_20210521175020316.jpg,imgnews.naver.net,2025-06,2025-07-14T18:10:25.582237
피자,10000,"‘지중해식 식단’ 따르는 여성, 심장병·사망·치매 위험 ‘뚝’",http://imgnews.naver.net/image/022/2023/03/17/20230317505417_20230317100603691.jpg,https://search.pstatic.net/common/?type=b150&src=http://imgnews.naver.net/image/022/2023/03/17/20230317505417_20230317100603691.jpg,imgnews.naver.net,2025-06,2025-07-14T18:10:25.582237
피자,10000,비버턴 피자 맛집 Best 10 - Tripadvisor,https://dynamic-media-cdn.tripadvisor.com/media/photo-o/07/54/c0/a7/pizza-time.jpg?w=600&h=600&s=1,https://search.pstatic.net/sunny/?type=b150&src=https://dynamic-media-cdn.tripadvisor.com/media/photo-o/07/54/c0/a7/pizza-time.jpg?w=600&h=600&s=1,dynamic-media-cdn.tripadvisor.com,2025-06,2025-07-14T18:10:25.582237
피자,10000,Pizza Vertical Banners by macrovector | GraphicRiver Pizza Vertical Banners,https://image-gr.s3.envato.com/files/218761451/preview.jpg,https://search.pstatic.net/sunny/?type=b150&src=https://image-gr.s3.envato.com/files/218761451/preview.jpg,image-gr.s3.envato.com,2025-06,2025-07-14T18:10:25.582237
피자,10000,"Chewy Pizza Bread 쫄깃한 피자빵 만들기 | Kkuume - YouTube - 2022 | 음식 요리법, 요리, 식품 아이디어",https://i.pinimg.com/originals/27/7e/a2/277ea2d886f6464244340caa8c57198d.jpg,https://search.pstatic.net/sunny/?type=b150&src=https://i.pinimg.com/originals/27/7e/a2/277ea2d886f6464244340caa8c57198d.jpg,i.pinimg.com,2025-06,2025-07-14T18:10:25.582237
피자,10000,토마토를 즐기는 50가지 요리법,http://imgnews.naver.net/image/469/2016/05/11/1d1350c613bb42e69b41d2dab2974faa_99_20160511091403.jpg,https://search.pstatic.net/common/?type=b150&src=http://imgnews.naver.net/image/469/2016/05/11/1d1350c613bb42e69b41d2dab2974faa_99_20160511091403.jpg,imgnews.naver.net,2025-06,2025-07-14T18:10:25.582237
피자,10000,Pizza Cheese 스톡 사진 및 일러스트 - iStock,https://media.istockphoto.com/vectors/italian-restaurant-set-vector-id941020966?k=6&m=941020966&s=612x612&w=0&h=rOc2Tz5uw_UPdHpOIBZrt8JVqI5t5OEMtQ7GpARWhxk=,https://search.pstatic.net/sunny/?type=b150&src=https://media.istockphoto.com/vectors/italian-restaurant-set-vector-id941020966?k=6&m=941020966&s=612x612&w=0&h=rOc2Tz5uw_UPdHpOIBZrt8JVqI5t5OEMtQ7GpARWhxk=,media.istockphoto.com,2025-06,2025-07-14T18:10:25.582237
피자,10000,홈파티음식 3인분 1200g 닭갈비밀키트 술안주 캠핑요리 닭심보감 : 닭심보감,http://shop1.phinf.naver.net/20221107_20/1667800134103fs4eR_JPEG/68935917761867804_1635840928.jpg,https://search.pstatic.net/common/?type=b150&src=http://shop1.phinf.naver.net/20221107_20/1667800134103fs4eR_JPEG/68935917761867804_1635840928.jpg,shop1.phinf.naver.net,2025-06,2025-07-14T18:10:25.582237
피자,10000,피자 > 음식 | 이미지 사용조건이 까다롭지 않은 요리사진 100만컷,https://www.sk5.co.kr/neo/ns600/100/10044763.jpg,https://search.pstatic.net/sunny/?type=b150&src=https://www.sk5.co.kr/neo/ns600/100/10044763.jpg,sk5.co.kr,2025-06,2025-07-14T18:10:25.582237
피자,10000,"28개의 피자도우 아이디어 | 음식, 요리, 피자",https://i.pinimg.com/videos/thumbnails/originals/e6/60/2c/e6602cc3c166e53844de80df8251c3ba-00001.jpg,https://search.pstatic.net/sunny/?type=b150&src=https://i.pinimg.com/videos/thumbnails/originals/e6/60/2c/e6602cc3c166e53844de80df8251c3ba-00001.jpg,i.pinimg.com,2025-06,2025-07-14T18:10:25.583300
피자,10000,유토이미지 | 페페로니콘피자,https://i.pinimg.com/736x/92/98/7f/92987f885dd9d4884507df6b35a1ddc7.jpg,https://search.pstatic.net/sunny/?type=b150&src=https://i.pinimg.com/736x/92/98/7f/92987f885dd9d4884507df6b35a1ddc7.jpg,i.pinimg.com,2025-06,2025-07-14T18:10:25.583300
피자,10000,"[요리 : 조리] 사랑하는 조카들을 위한 초간단 간식!! 만두피 피자 | 요리, 음식 요리법",https://i.pinimg.com/originals/29/cd/ea/29cdea700ed58cef8e5f3f83e56edc65.png,https://search.pstatic.net/sunny/?type=b150&src=https://i.pinimg.com/originals/29/cd/ea/29cdea700ed58cef8e5f3f83e56edc65.png,i.pinimg.com,2025-06,2025-07-14T18:10:25.583300
피자,10000,"310개의 피자 아이디어 - 2024 | 피자, 음식, 요리",https://i.pinimg.com/videos/thumbnails/originals/c3/dd/b6/c3ddb6fea1823b5a3a5934daeebe04b6.0000000.jpg,https://search.pstatic.net/sunny/?type=b150&src=https://i.pinimg.com/videos/thumbnails/originals/c3/dd/b6/c3ddb6fea1823b5a3a5934daeebe04b6.0000000.jpg,i.pinimg.com,2025-06,2025-07-14T18:10:25.583300
피자,10000,[내요리] 다이어터 피자 대체 레시피 - 인스티즈(instiz) 푸드/음식 카테고리,http://file3.instiz.net/data/cached_img/upload/2022/01/30/8/06d9f0d3a10aebc940abe8abfca07f93.jpg,https://search.pstatic.net/sunny/?type=b150&src=http://file3.instiz.net/data/cached_img/upload/2022/01/30/8/06d9f0d3a10aebc940abe8abfca07f93.jpg,file3.instiz.net,2025-06,2025-07-14T18:10:25.583300
피자,10000,"Vibes. Who’s down? Perfect Crust & Sauce recipe love in my cookbook. | 음식, 요리, 피자",https://i.pinimg.com/736x/04/7c/12/047c12241aeff89a62ebd972c68858f5.jpg,https://search.pstatic.net/sunny/?type=b150&src=https://i.pinimg.com/736x/04/7c/12/047c12241aeff89a62ebd972c68858f5.jpg,i.pinimg.com,2025-06,2025-07-14T18:10:25.583300
피자,10000,불고기피자 > 음식 | 이미지 사용조건이 까다롭지 않은 요리사진 100만컷,https://www.sk5.co.kr/neo/ns600/100/10044189.jpg,https://search.pstatic.net/sunny/?type=b150&src=https://www.sk5.co.kr/neo/ns600/100/10044189.jpg,sk5.co.kr,2025-06,2025-07-14T18:10:25.583300
피자,10000,"피자, 음식, 치즈, 빵, 요리, 사진,이미지,일러스트,캘리그라피 - queen9939작가 크라우드픽 - 저작권 걱정 없는 상업용 이미지",https://cdn.crowdpic.net/detail-thumb/thumb_d_BC778789B5773345419DB957199DD224.png,https://search.pstatic.net/sunny/?type=b150&src=https://cdn.crowdpic.net/detail-thumb/thumb_d_BC778789B5773345419DB957199DD224.png,cdn.crowdpic.net,2025-06,2025-07-14T18:10:25.583300
피자,10000,미니피자 > 음식 | 이미지 사용조건이 까다롭지 않은 요리사진 100만컷,http://www.sk5.co.kr/neo/ns600/100/10044019.jpg,https://search.pstatic.net/sunny/?type=b150&src=http://www.sk5.co.kr/neo/ns600/100/10044019.jpg,sk5.co.kr,2025-06,2025-07-14T18:10:25.583300
피자,10000,둥근 요리 피자 사진 – Unsplash의 무료 음식 이미지 Unsplash에 있는 Aurélien Lemasson-Théobald의 사진,https://images.unsplash.com/photo-1712652080841-9e480a2c43ec?fm=jpg&q=60&w=3000&ixlib=rb-4.1.0&ixid=M3wxMjA3fDB8MHxwaG90by1yZWxhdGVkfDIzfHx8ZW58MHx8fHx8,https://search.pstatic.net/sunny/?type=b150&src=https://images.unsplash.com/photo-1712652080841-9e480a2c43ec?fm=jpg&q=60&w=3000&ixlib=rb-4.1.0&ixid=M3wxMjA3fDB8MHxwaG90by1yZWxhdGVkfDIzfHx8ZW58MHx8fHx8,images.unsplash.com,2025-06,2025-07-14T18:10:25.583300
피자,10000,"피자 사람 일러스트 음식, 피자, 이탈리아 요리, 이탈리아 사람 PNG 일러스트 및 PSD 이미지 무료 다운로드 - Pngtree",https://png.pngtree.com/png-clipart/20220117/original/pngtree-slice-of-pizza-png-image_7129184.png,https://search.pstatic.net/sunny/?type=b150&src=https://png.pngtree.com/png-clipart/20220117/original/pngtree-slice-of-pizza-png-image_7129184.png,png.pngtree.com,2025-06,2025-07-14T18:10:25.583300
피자,10000,"피자 이탈리아 요리 요리사 그래픽, 피자, 음식, 요리 png | PNGEgg",https://e7.pngegg.com/pngimages/100/921/png-clipart-pizza-hut-italian-cuisine-take-out-restaurant-pizza-pizza-pie-food-pizza-logo-thumbnail.png,https://search.pstatic.net/sunny/?type=b150&src=https://e7.pngegg.com/pngimages/100/921/png-clipart-pizza-hut-italian-cuisine-take-out-restaurant-pizza-pizza-pie-food-pizza-logo-thumbnail.png,e7.pngegg.com,2025-06,2025-07-14T18:10:25.583300
피자,10000,"피자, 핏자, pizza, 요리, 음식, 사진,이미지,일러스트,캘리그라피 - 신바람김박사작가 크라우드픽 - 저작권 걱정 없는 상업용 이미지",https://cdn.crowdpic.net/detail-thumb/thumb_d_D9A47143DF7ACB41AEB0C11E978E2B97.jpg,https://search.pstatic.net/sunny/?type=b150&src=https://cdn.crowdpic.net/detail-thumb/thumb_d_D9A47143DF7ACB41AEB0C11E978E2B97.jpg,cdn.crowdpic.net,2025-06,2025-07-14T18:10:25.584358
피자,10000,"일본식 피자 요리, 피자, 일본어, 음식 PNG 일러스트 및 이미지 에 대한 무료 다운로드 - Pngtree",https://png.pngtree.com/png-vector/20230906/ourlarge/pngtree-japanese-pizza-dish-png-image_9990696.png,https://search.pstatic.net/sunny/?type=b150&src=https://png.pngtree.com/png-vector/20230906/ourlarge/pngtree-japanese-pizza-dish-png-image_9990696.png,png.pngtree.com,2025-06,2025-07-14T18:10:25.584358
피자,10000,"특별한 주말 저녁 메뉴 6가지(이미지 포함) | 음식 요리법, 식품 아이디어, 피자",https://i.pinimg.com/originals/f1/b5/91/f1b59142b3609835481fd43f4f45fa90.jpg,https://search.pstatic.net/sunny/?type=b150&src=https://i.pinimg.com/originals/f1/b5/91/f1b59142b3609835481fd43f4f45fa90.jpg,i.pinimg.com,2025-06,2025-07-14T18:10:25.974980
피자,10000,"صور طعام에 있는 talina .님의 핀 - 2024 | 음식, 요리, 피자",https://i.pinimg.com/736x/6f/19/f2/6f19f242223d55f47f62f39c9e92ff73.jpg,https://search.pstatic.net/sunny/?type=b150&src=https://i.pinimg.com/736x/6f/19/f2/6f19f242223d55f47f62f39c9e92ff73.jpg,i.pinimg.com,2025-06,2025-07-14T18:10:25.974980
피자,10000,소꿉 키즈 음식 요리 주방 피자 부엌 놀이 장난감 2개세트 : 하운백화점,https://shop-phinf.pstatic.net/20250615_198/1749940381471GgMxc_JPEG/4613468051464608_1797808274.jpg,https://search.pstatic.net/common/?type=b150&src=https://shop-phinf.pstatic.net/20250615_198/1749940381471GgMxc_JPEG/4613468051464608_1797808274.jpg,shop-phinf.pstatic.net,2025-06,2025-07-14T18:10:25.976666
피자,10000,제철 감자요리 감자채피자,https://recipe1.ezmember.co.kr/cache/recipe/2019/06/04/ad7a535d7f93313f6e922ee78b9093551_f.jpg,https://search.pstatic.net/sunny/?type=b150&src=https://recipe1.ezmember.co.kr/cache/recipe/2019/06/04/ad7a535d7f93313f6e922ee78b9093551_f.jpg,recipe1.ezmember.co.kr,2025-06,2025-07-14T18:10:25.976666
피자,10000,남편에게 슬픈 개구리 페페 피자를 구워줬습니다,https://i1.ruliweb.com/img/22/11/09/1845cbb4a7656456e.jpg,https://search.pstatic.net/sunny/?type=b150&src=https://i1.ruliweb.com/img/22/11/09/1845cbb4a7656456e.jpg,i1.ruliweb.com,2025-06,2025-07-14T18:10:25.976666
피자,10000,"food, 음식, pizza, 피자, 요리, 사진,이미지,일러스트,캘리그라피 - neon0083작가 크라우드픽 - 저작권 걱정 없는 상업용 이미지",https://cdn.crowdpic.net/detail-thumb/thumb_d_5C736FEFE6B08542ECDD875B7C33F807.jpg,https://search.pstatic.net/sunny/?type=b150&src=https://cdn.crowdpic.net/detail-thumb/thumb_d_5C736FEFE6B08542ECDD875B7C33F807.jpg,cdn.crowdpic.net,2025-06,2025-07-14T18:10:25.976666
피자,10000,"오븐 없이 아이들도 잘 먹는 가지 피자 만드는 방법 | 요리, 식품 아이디어, 건강 음식",https://i.pinimg.com/originals/f5/59/f0/f559f03193b8776b45dc441c1dd7d8b0.jpg,https://search.pstatic.net/sunny/?type=b150&src=https://i.pinimg.com/originals/f5/59/f0/f559f03193b8776b45dc441c1dd7d8b0.jpg,i.pinimg.com,2025-06,2025-07-14T18:10:25.976666
피자,10000,"매콤한데달콤해♥ 불닭고구마피자 | 요리법 - 2022 | 음식 요리법, 요리 음식, 식품 아이디어",https://i.pinimg.com/originals/70/1f/5c/701f5c7189ab7c8938b439930db72267.jpg,https://search.pstatic.net/sunny/?type=b150&src=https://i.pinimg.com/originals/70/1f/5c/701f5c7189ab7c8938b439930db72267.jpg,i.pinimg.com,2025-06,2025-07-14T18:10:25.976666
피자,10000,미니피자 > 음식 | 이미지 사용조건이 까다롭지 않은 요리사진 100만컷,http://www.sk5.co.kr/neo/ns600/100/10044020.jpg,https://search.pstatic.net/sunny/?type=b150&src=http://www.sk5.co.kr/neo/ns600/100/10044020.jpg,sk5.co.kr,2025-06,2025-07-14T18:10:25.976666
피자,10000,"food, 음식, pizza, 피자, 요리, 사진,이미지,일러스트,캘리그라피 - neon0083작가 크라우드픽 - 저작권 걱정 없는 상업용 이미지",https://cdn.crowdpic.net/detail-thumb/thumb_d_881C613287041BC09240F2818219B11C.jpg,https://search.pstatic.net/sunny/?type=b150&src=https://cdn.crowdpic.net/detail-thumb/thumb_d_881C613287041BC09240F2818219B11C.jpg,cdn.crowdpic.net,2025-06,2025-07-14T18:10:25.976666
피자,10000,"[오븐요리] 간식으로 좋은 또띠아피자만들기 | 음식, 식품 아이디어",https://i.pinimg.com/736x/bf/33/f8/bf33f8d30a2e7ebe75e811fe38cf4803.jpg,https://search.pstatic.net/sunny/?type=b150&src=https://i.pinimg.com/736x/bf/33/f8/bf33f8d30a2e7ebe75e811fe38cf4803.jpg,i.pinimg.com,2025-06,2025-07-14T18:10:25.976666
피자,10000,"피자, 파스타, 이탈리아 요리, 이탈리아 음식 스톡 벡터(로열티 프리) 1649890684 | Shutterstock",https://www.shutterstock.com/shutterstock/photos/1649890684/display_1500/stock-vector-pizza-and-pasta-italian-cuisine-italy-food-vector-prosciutto-and-tiramisu-spaghetti-balognese-1649890684.jpg,https://search.pstatic.net/sunny/?type=b150&src=https://www.shutterstock.com/shutterstock/photos/1649890684/display_1500/stock-vector-pizza-and-pasta-italian-cuisine-italy-food-vector-prosciutto-and-tiramisu-spaghetti-balognese-1649890684.jpg,shutterstock.com,2025-06,2025-07-14T18:10:25.976666
피자,10000,"고기가 없어도 맛있는...브로콜리 버섯피자. – 레시피 | 요리, 음식 요리법, 레시피",https://i.pinimg.com/originals/4f/67/1a/4f671a5855daa78abf39ac2b3cac43b0.jpg,https://search.pstatic.net/sunny/?type=b150&src=https://i.pinimg.com/originals/4f/67/1a/4f671a5855daa78abf39ac2b3cac43b0.jpg,i.pinimg.com,2025-06,2025-07-14T18:10:25.976666
피자,10000,"피자, pizza, 요리, 음식, 양식, 사진,이미지,일러스트,캘리그라피 - RAN2작가 크라우드픽 - 저작권 걱정 없는 상업용 이미지",https://cdn.crowdpic.net/detail-thumb/thumb_d_9575144D1B18BB2F5FAB7A48F343B3B7.jpg,https://search.pstatic.net/sunny/?type=b150&src=https://cdn.crowdpic.net/detail-thumb/thumb_d_9575144D1B18BB2F5FAB7A48F343B3B7.jpg,cdn.crowdpic.net,2025-06,2025-07-14T18:10:25.976666
피자,10000,과일피자 > 음식 | 이미지 사용조건이 까다롭지 않은 요리사진 100만컷,https://www.sk5.co.kr/neo/ns600/100/10043925.jpg,https://search.pstatic.net/sunny/?type=b150&src=https://www.sk5.co.kr/neo/ns600/100/10043925.jpg,sk5.co.kr,2025-06,2025-07-14T18:10:25.976666
피자,10000,피자 > 음식 | 이미지 사용조건이 까다롭지 않은 요리사진 100만컷,https://www.sk5.co.kr/neo/ns600/100/10044780.jpg,https://search.pstatic.net/sunny/?type=b150&src=https://www.sk5.co.kr/neo/ns600/100/10044780.jpg,sk5.co.kr,2025-06,2025-07-14T18:10:25.976666
피자,10000,"[요리][브런치]갈릭 고르곤졸라 피자 Garlic Gorgonzola Pizza | 음식, 브런치, 요리",https://i.pinimg.com/originals/89/61/d0/8961d0d4122db408e8fd7785d03a4ed0.jpg,https://search.pstatic.net/sunny/?type=b150&src=https://i.pinimg.com/originals/89/61/d0/8961d0d4122db408e8fd7785d03a4ed0.jpg,i.pinimg.com,2025-06,2025-07-14T18:10:25.976666
피자,10000,소시지피자 > 음식 | 이미지 사용조건이 까다롭지 않은 요리사진 100만컷,https://www.sk5.co.kr/neo/ns600/100/10044272.jpg,https://search.pstatic.net/sunny/?type=b150&src=https://www.sk5.co.kr/neo/ns600/100/10044272.jpg,sk5.co.kr,2025-06,2025-07-14T18:10:25.976666
피자,10000,매력적인 피자 음식 사진 사진 무료 다운로드 - Lovepik 매력적인 피자 음식 사진,https://watermark.lovepik.com/photo/20211124/large/lovepik-attractive-pizza-food-pictures-picture_500932258.jpg,https://search.pstatic.net/sunny/?type=b150&src=https://watermark.lovepik.com/photo/20211124/large/lovepik-attractive-pizza-food-pictures-picture_500932258.jpg,watermark.lovepik.com,2025-06,2025-07-14T18:10:25.976666
피자,10000,"dish, 요리, food, 음식, meal, 사진,이미지,일러스트,캘리그라피 - 가욤작가 크라우드픽 - 저작권 걱정 없는 상업용 이미지",https://cdn.crowdpic.net/detail-thumb/thumb_d_466C7992EF57F4057C53E1C40E612735.jpg,https://search.pstatic.net/sunny/?type=b150&src=https://cdn.crowdpic.net/detail-thumb/thumb_d_466C7992EF57F4057C53E1C40E612735.jpg,cdn.crowdpic.net,2025-06,2025-07-14T18:10:25.976666
피자,10000,불고기피자 > 음식 | 이미지 사용조건이 까다롭지 않은 요리사진 100만컷,http://www.sk5.co.kr/neo/ns600/100/10044171.jpg,https://search.pstatic.net/sunny/?type=b150&src=http://www.sk5.co.kr/neo/ns600/100/10044171.jpg,sk5.co.kr,2025-06,2025-07-14T18:10:25.976666
피자,10000,"pizza, 피자, food, 음식, 요리, 사진,이미지,일러스트,캘리그라피 - 윜닠작가 크라우드픽 - 저작권 걱정 없는 상업용 이미지",https://cdn.crowdpic.net/detail-thumb/thumb_d_32ADAD0E9C1F650AC81B1F8CB8ED065B.jpg,https://search.pstatic.net/sunny/?type=b150&src=https://cdn.crowdpic.net/detail-thumb/thumb_d_32ADAD0E9C1F650AC81B1F8CB8ED065B.jpg,cdn.crowdpic.net,2025-06,2025-07-14T18:10:25.976666
피자,10000,"e-요리 - 이마트몰, 당신과 가장 가까운 이마트 [오늘은e-요리]초스피드로 간단한 음식을먹고싶다면? 아삭달콤 초간단 피자 토스트",http://img.ssgcdn.com/trans.ssg?src=/cmpt/recipe/202108/26/9f534a5ff3232c2ac944370bb21152051.jpg&w=640&h=500&edit=c&t=b83c8e4d92d3642f6345b27f9e2e6902537d4b79,https://search.pstatic.net/sunny/?type=b150&src=http://img.ssgcdn.com/trans.ssg?src=/cmpt/recipe/202108/26/9f534a5ff3232c2ac944370bb21152051.jpg&w=640&h=500&edit=c&t=b83c8e4d92d3642f6345b27f9e2e6902537d4b79,img.ssgcdn.com,2025-06,2025-07-14T18:10:25.976666
피자,10000,"pizza, 피자, 음식, food, 요리, 사진,이미지,일러스트,캘리그라피 - yangpa작가 크라우드픽 - 저작권 걱정 없는 상업용 이미지",https://cdn.crowdpic.net/detail-thumb/thumb_d_74E5958CB8C22A6B05119DFA8BCCFDBF.jpg,https://search.pstatic.net/sunny/?type=b150&src=https://cdn.crowdpic.net/detail-thumb/thumb_d_74E5958CB8C22A6B05119DFA8BCCFDBF.jpg,cdn.crowdpic.net,2025-06,2025-07-14T18:10:25.976666
피자,10000,콤비네이션피자 > 음식 | 이미지 사용조건이 까다롭지 않은 요리사진 100만컷,https://www.sk5.co.kr/neo/ns600/100/10044606.jpg,https://search.pstatic.net/sunny/?type=b150&src=https://www.sk5.co.kr/neo/ns600/100/10044606.jpg,sk5.co.kr,2025-06,2025-07-14T18:10:25.976666
피자,10000,"밀가루 No! 오븐 No! 팬 하나면 충분한 바삭하고 쫀득한 신개념 감자 피자 만들기 - YouTube - 2020 | 음식, 요리, 식품 아이디어",https://i.pinimg.com/originals/9a/ed/13/9aed13182c6d2c9df703327db8717b7b.jpg,https://search.pstatic.net/sunny/?type=b150&src=https://i.pinimg.com/originals/9a/ed/13/9aed13182c6d2c9df703327db8717b7b.jpg,i.pinimg.com,2025-06,2025-07-14T18:10:25.976666
피자,10000,장난감 주방을 위한 커팅 놀이 음식 피자 세트 역할 요리 패스트 푸드 교육용 1344380,http://shopping.phinf.naver.net/main_5065716/50657165761.20241003225441.jpg,https://search.pstatic.net/common/?type=b150&src=http://shopping.phinf.naver.net/main_5065716/50657165761.20241003225441.jpg,shopping.phinf.naver.net,2025-06,2025-07-14T18:10:25.976666
피자,10000,불고기피자 > 음식 | 이미지 사용조건이 까다롭지 않은 요리사진 100만컷,https://www.sk5.co.kr/neo/ns600/100/10044193.jpg,https://search.pstatic.net/sunny/?type=b150&src=https://www.sk5.co.kr/neo/ns600/100/10044193.jpg,sk5.co.kr,2025-06,2025-07-14T18:10:25.976666
피자,10000,NO밀가루 다이어트 음식 맛있는 에어프라이어 요리 피자 3가지! 다이어트 저녁식단으로 강추! - kakaoTV NO밀가루 다이어트 음식 맛있는...,http://img1.daumcdn.net/kakaotv/KAKAOACCOUNT/1734608260/thumb/20191105084558,https://search.pstatic.net/sunny/?type=b150&src=http://img1.daumcdn.net/kakaotv/KAKAOACCOUNT/1734608260/thumb/20191105084558,img1.daumcdn.net,2025-06,2025-07-14T18:10:25.976666
피자,10000,스테이크피자 > 음식 | 이미지 사용조건이 까다롭지 않은 요리사진 100만컷,http://www.sk5.co.kr/neo/ns600/100/10044347.jpg,https://search.pstatic.net/sunny/?type=b150&src=http://www.sk5.co.kr/neo/ns600/100/10044347.jpg,sk5.co.kr,2025-06,2025-07-14T18:10:25.976666
피자,10000,불고기피자 > 음식 | 이미지 사용조건이 까다롭지 않은 요리사진 100만컷,https://www.sk5.co.kr/neo/ns600/100/10044156.jpg,https://search.pstatic.net/sunny/?type=b150&src=https://www.sk5.co.kr/neo/ns600/100/10044156.jpg,sk5.co.kr,2025-06,2025-07-14T18:10:25.976666
피자,10000,로인피자 > 음식 | 이미지 사용조건이 까다롭지 않은 요리사진 100만컷,http://www.sk5.co.kr/neo/ns600/100/10043978.jpg,https://search.pstatic.net/sunny/?type=b150&src=http://www.sk5.co.kr/neo/ns600/100/10043978.jpg,sk5.co.kr,2025-06,2025-07-14T18:10:25.976666
피자,10000,"피자, 난로피자, 캠핑음식, 난로, 난로요리, 사진,이미지,일러스트,캘리그라피 - lilllyy작가 크라우드픽 - 저작권 걱정 없는 상업용 이미지",https://cdn.crowdpic.net/detail-thumb/thumb_d_512E47C44C3E2035A53B3CDFC36C6CED.jpg,https://search.pstatic.net/sunny/?type=b150&src=https://cdn.crowdpic.net/detail-thumb/thumb_d_512E47C44C3E2035A53B3CDFC36C6CED.jpg,cdn.crowdpic.net,2025-06,2025-07-14T18:10:25.976666
피자,10000,"food, 음식, pizza, 피자, 요리, 사진,이미지,일러스트,캘리그라피 - 쏭이지오작가 크라우드픽 - 저작권 걱정 없는 상업용 이미지",https://cdn.crowdpic.net/detail-thumb/thumb_d_A85B40B069BEA764F387AC4DBB3A03B4.jpg,https://search.pstatic.net/sunny/?type=b150&src=https://cdn.crowdpic.net/detail-thumb/thumb_d_A85B40B069BEA764F387AC4DBB3A03B4.jpg,cdn.crowdpic.net,2025-06,2025-07-14T18:10:25.976666
피자,10000,불고기피자 > 음식 | 이미지 사용조건이 까다롭지 않은 요리사진 100만컷,https://www.sk5.co.kr/neo/ns600/100/10044153.jpg,https://search.pstatic.net/sunny/?type=b150&src=https://www.sk5.co.kr/neo/ns600/100/10044153.jpg,sk5.co.kr,2025-06,2025-07-14T18:10:25.976666
피자,10000,"피자컵떡볶이 - 우리의식탁 | 레시피 | 요리법 | 레시피, 음식, 요리",https://i.pinimg.com/736x/d2/7d/37/d27d3762c1c0f39e18812cd2c18d0b55.jpg,https://search.pstatic.net/sunny/?type=b150&src=https://i.pinimg.com/736x/d2/7d/37/d27d3762c1c0f39e18812cd2c18d0b55.jpg,i.pinimg.com,2025-06,2025-07-14T18:10:25.976666
피자,10000,"'삼시세끼 바다목장' 이서진, 설현 오기 전 피자 흡입 ""게스트 모르겠다""",http://imgnews.naver.net/image/5307/2017/09/08/0000188886_001_20170908222243649.jpg,https://search.pstatic.net/common/?type=b150&src=http://imgnews.naver.net/image/5307/2017/09/08/0000188886_001_20170908222243649.jpg,imgnews.naver.net,2025-06,2025-07-14T18:10:25.976666
피자,10000,"피자 유럽 요리 음식 요리사, 피자를 들고, 음식, 효과, 빵 굽기 png | PNGWing",https://w7.pngwing.com/pngs/625/813/png-transparent-pizza-european-cuisine-food-chef-holding-a-pizza-food-effect-baking.png,https://search.pstatic.net/sunny/?type=b150&src=https://w7.pngwing.com/pngs/625/813/png-transparent-pizza-european-cuisine-food-chef-holding-a-pizza-food-effect-baking.png,w7.pngwing.com,2025-06,2025-07-14T18:10:25.976666
피자,10000,"피자, pizza, 음식, food, 요리, 사진,이미지,일러스트,캘리그라피 - EyesOnU작가 크라우드픽 - 저작권 걱정 없는 상업용 이미지",https://cdn.crowdpic.net/detail-thumb/thumb_d_3302DB26FDC307B78A609F2750B9EF49.jpeg,https://search.pstatic.net/sunny/?type=b150&src=https://cdn.crowdpic.net/detail-thumb/thumb_d_3302DB26FDC307B78A609F2750B9EF49.jpeg,cdn.crowdpic.net,2025-06,2025-07-14T18:10:25.976666
피자,10000,피자와 함께 세계 음식의 날 배경 | 무료 벡터,https://img.freepik.com/free-vector/world-food-day-background-with-pizza_23-2147939036.jpg,https://search.pstatic.net/sunny/?type=b150&src=https://img.freepik.com/free-vector/world-food-day-background-with-pizza_23-2147939036.jpg,img.freepik.com,2025-06,2025-07-14T18:10:25.976666
피자,10000,"딸기피자 | 요리법 | 식품 아이디어, 음식, 식사",https://i.pinimg.com/originals/c2/c6/04/c2c6041ed70c84939d01f5c752c5070b.jpg,https://search.pstatic.net/sunny/?type=b150&src=https://i.pinimg.com/originals/c2/c6/04/c2c6041ed70c84939d01f5c752c5070b.jpg,i.pinimg.com,2025-06,2025-07-14T18:10:25.976666
피자,10000,"피자만들기, 홈메이드피자, 오븐요리, 홈파티, 파티음식, 사진,이미지,일러스트,캘리그라피 - 나냥작가 크라우드픽 - 저작권 걱정 없는 상업용 이미지",https://cdn.crowdpic.net/detail-thumb/thumb_d_E581E7C9209E68B613A2F7AD8AF6EFA8.jpg,https://search.pstatic.net/sunny/?type=b150&src=https://cdn.crowdpic.net/detail-thumb/thumb_d_E581E7C9209E68B613A2F7AD8AF6EFA8.jpg,cdn.crowdpic.net,2025-06,2025-07-14T18:10:25.976666
피자,10000,"음식, 피자, 요리, 이태리요리, 식사, 사진,이미지,일러스트,캘리그라피 - 꼬미GGOMI작가 크라우드픽 - 저작권 걱정 없는 상업용 이미지",https://cdn.crowdpic.net/detail-thumb/thumb_d_ED21CBDBF522611ECB7D05AE91E0814E.jpg,https://search.pstatic.net/sunny/?type=b150&src=https://cdn.crowdpic.net/detail-thumb/thumb_d_ED21CBDBF522611ECB7D05AE91E0814E.jpg,cdn.crowdpic.net,2025-06,2025-07-14T18:10:25.976666
피자,10000,피자 만들기 소녀들을 위한 게임 - 음식 유아용 게임 - Google Play 앱,https://play-lh.googleusercontent.com/tsT6vzVTCWcJAfgWz1YWqHsGiBYHAlOIA07yQPY8X83peBEBa-Z7JiimaSM4GtVSZcI,https://search.pstatic.net/sunny/?type=b150&src=https://play-lh.googleusercontent.com/tsT6vzVTCWcJAfgWz1YWqHsGiBYHAlOIA07yQPY8X83peBEBa-Z7JiimaSM4GtVSZcI,play-lh.googleusercontent.com,2025-06,2025-07-14T18:10:25.976666
피자,10000,"음식, 식사, 요리, 피자, food, 사진,이미지,일러스트,캘리그라피 - Dracula작가 크라우드픽 - 저작권 걱정 없는 상업용 이미지",https://cdn.crowdpic.net/detail-thumb/thumb_d_79D206796ECDF933A94E5EDD765A8642.jpg,https://search.pstatic.net/sunny/?type=b150&src=https://cdn.crowdpic.net/detail-thumb/thumb_d_79D206796ECDF933A94E5EDD765A8642.jpg,cdn.crowdpic.net,2025-06,2025-07-14T18:10:25.976666
피자,10000,"피자의 신세계, 또띠아롤 피자 만들기 - 요리 / 음식 - 네모판 피자의 신세계, 또띠아롤 피자 만들기",https://www.nemopan.com/files/attach/images/1164049/352/887/016/a759d23c0d6ce26743b51ad7e9786e85.gif,https://search.pstatic.net/sunny/?type=b150&src=https://www.nemopan.com/files/attach/images/1164049/352/887/016/a759d23c0d6ce26743b51ad7e9786e85.gif,nemopan.com,2025-06,2025-07-14T18:10:25.976666
피자,10000,"pizza, 피자, food, 음식, 요리, 사진,이미지,일러스트,캘리그라피 - neon0083작가 크라우드픽 - 저작권 걱정 없는 상업용 이미지",https://cdn.crowdpic.net/detail-thumb/thumb_d_7D0A4AD02088C22C207BB5F9C0ED4217.jpg,https://search.pstatic.net/sunny/?type=b150&src=https://cdn.crowdpic.net/detail-thumb/thumb_d_7D0A4AD02088C22C207BB5F9C0ED4217.jpg,cdn.crowdpic.net,2025-06,2025-07-14T18:10:25.976666
피자,10000,버섯피자 > 음식 | 이미지 사용조건이 까다롭지 않은 요리사진 100만컷,https://www.sk5.co.kr/neo/ns600/100/10044077.jpg,https://search.pstatic.net/sunny/?type=b150&src=https://www.sk5.co.kr/neo/ns600/100/10044077.jpg,sk5.co.kr,2025-06,2025-07-14T18:10:25.976666
피자,10000,고구마피자 > 음식 | 이미지 사용조건이 까다롭지 않은 요리사진 100만컷,https://www.sk5.co.kr/neo/ns600/100/10043914.jpg,https://search.pstatic.net/sunny/?type=b150&src=https://www.sk5.co.kr/neo/ns600/100/10043914.jpg,sk5.co.kr,2025-06,2025-07-14T18:10:25.976666
피자,10000,"피자 만들기 소녀들을 위한 게임 - 음식 유아용 게임 pc버전 다운로드,컴퓨터용 앱플레이어 - LD플레이어",https://play-lh.googleusercontent.com/RSLT93i4Tp31oQ7iU2_kShPU-1mu7tuB4_sebhqwj14v_XWdrjrA9Jp5zjoalvsZ4A=w2560-h1440-rw,https://search.pstatic.net/sunny/?type=b150&src=https://play-lh.googleusercontent.com/RSLT93i4Tp31oQ7iU2_kShPU-1mu7tuB4_sebhqwj14v_XWdrjrA9Jp5zjoalvsZ4A=w2560-h1440-rw,play-lh.googleusercontent.com,2025-06,2025-07-14T18:10:25.976666
피자,10000,"Four Cheese Pizza and Nomadland Four Cheese Pizza and Nomadland | 요리법 | 요리, 음식, 음식 요리법",https://i.pinimg.com/474x/e0/59/df/e059df00e6ee50429c0c37cf118057b1.jpg,https://search.pstatic.net/sunny/?type=b150&src=https://i.pinimg.com/474x/e0/59/df/e059df00e6ee50429c0c37cf118057b1.jpg,i.pinimg.com,2025-06,2025-07-14T18:10:25.976666
피자,10000,[GX8 + 1260] 음식사진 - 피자 - 파나소닉 Talk [GX8 + 1260] 음식사진 - 피자,https://www.popco.net/zboard/data/dica_forum_panasonic/2018/11/04/17164479665bdef6b283562.jpg,https://search.pstatic.net/sunny/?type=b150&src=https://www.popco.net/zboard/data/dica_forum_panasonic/2018/11/04/17164479665bdef6b283562.jpg,popco.net,2025-06,2025-07-14T18:10:25.976666
피자,10000,"피자와 함께 재미있는 기발한 다채로운 음식 스티커 세트 일러스트, 빙, 만화, 그래픽 PNG, 일러스트 및 벡터 에 대한 무료 다운로드 - Pngtree",https://png.pngtree.com/png-vector/20220607/ourlarge/pngtree-funny-quirky-colorful-food-stickers-set-with-pizza-png-image_4855784.png,https://search.pstatic.net/sunny/?type=b150&src=https://png.pngtree.com/png-vector/20220607/ourlarge/pngtree-funny-quirky-colorful-food-stickers-set-with-pizza-png-image_4855784.png,png.pngtree.com,2025-06,2025-07-14T18:10:25.976666
피자,10000,피자 > 음식 | 이미지 사용조건이 까다롭지 않은 요리사진 100만컷,https://www.sk5.co.kr/neo/ns600/100/10044762.jpg,https://search.pstatic.net/sunny/?type=b150&src=https://www.sk5.co.kr/neo/ns600/100/10044762.jpg,sk5.co.kr,2025-06,2025-07-14T18:10:25.976666
피자,10000,고구마피자 > 음식 | 이미지 사용조건이 까다롭지 않은 요리사진 100만컷,https://www.sk5.co.kr/neo/ns600/100/10043910.jpg,https://search.pstatic.net/sunny/?type=b150&src=https://www.sk5.co.kr/neo/ns600/100/10043910.jpg,sk5.co.kr,2025-06,2025-07-14T18:10:25.976666
피자,10000,샐러드피자 > 음식 | 이미지 사용조건이 까다롭지 않은 요리사진 100만컷,https://www.sk5.co.kr/neo/ns600/100/10044237.jpg,https://search.pstatic.net/sunny/?type=b150&src=https://www.sk5.co.kr/neo/ns600/100/10044237.jpg,sk5.co.kr,2025-06,2025-07-14T18:10:25.976666
피자,10000,"떠먹는고구마피자 - 아내의 식탁 | 음식 요리법, 식품 아이디어, 요리",https://i.pinimg.com/originals/6a/95/3d/6a953dfa08e97a23af37eab865f272dd.jpg,https://search.pstatic.net/sunny/?type=b150&src=https://i.pinimg.com/originals/6a/95/3d/6a953dfa08e97a23af37eab865f272dd.jpg,i.pinimg.com,2025-06,2025-07-14T18:10:25.976666
피자,10000,"피자 음식 크리스마스 트리 게임 만화 그림 만화 스타일 장식 패턴, 피자, 고급 음식, 미식 PNG 일러스트 및 PSD 이미지 무료 다운로드 - Pngtree",https://png.pngtree.com/png-clipart/20230322/ourlarge/pngtree-pizza-food-christmas-tree-game-cartoon-illustration-comic-style-decoration-pattern-png-image_6656979.png,https://search.pstatic.net/sunny/?type=b150&src=https://png.pngtree.com/png-clipart/20230322/ourlarge/pngtree-pizza-food-christmas-tree-game-cartoon-illustration-comic-style-decoration-pattern-png-image_6656979.png,png.pngtree.com,2025-06,2025-07-14T18:10:25.976666
피자,10000,"음식, food, 요리, 피자, 화덕피자, 사진,이미지,일러스트,캘리그라피 - Fresh Eggs작가 크라우드픽 - 저작권 걱정 없는 상업용 이미지",https://cdn.crowdpic.net/detail-thumb/thumb_d_87D3AB61CF18F9B1FEE168FCB7F2FA21.jpg,https://search.pstatic.net/sunny/?type=b150&src=https://cdn.crowdpic.net/detail-thumb/thumb_d_87D3AB61CF18F9B1FEE168FCB7F2FA21.jpg,cdn.crowdpic.net,2025-06,2025-07-14T18:10:25.976666
피자,10000,'백종원의 국민음식' 글로벌 음식 피자의 비밀은?,http://imgnews.naver.net/image/109/2021/08/12/0004454995_002_20210812140412871.jpg,https://search.pstatic.net/common/?type=b150&src=http://imgnews.naver.net/image/109/2021/08/12/0004454995_002_20210812140412871.jpg,imgnews.naver.net,2025-06,2025-07-14T18:10:25.976666
피자,10000,흑미피자 > 음식 | 이미지 사용조건이 까다롭지 않은 요리사진 100만컷,https://www.sk5.co.kr/neo/ns600/100/10044917.jpg,https://search.pstatic.net/sunny/?type=b150&src=https://www.sk5.co.kr/neo/ns600/100/10044917.jpg,sk5.co.kr,2025-06,2025-07-14T18:10:25.976666
피자,10000,"맛있는 음식 일러스트 피자, 맛있는, 음식, 디저트 PNG 일러스트 및 PSD 이미지 무료 다운로드 - Pngtree",https://png.pngtree.com/png-clipart/20210128/ourlarge/pngtree-delicious-food-pizza-png-image_2817659.jpg,https://search.pstatic.net/sunny/?type=b150&src=https://png.pngtree.com/png-clipart/20210128/ourlarge/pngtree-delicious-food-pizza-png-image_2817659.jpg,png.pngtree.com,2025-06,2025-07-14T18:10:25.976666
피자,10000,고구마피자 > 음식 | 이미지 사용조건이 까다롭지 않은 요리사진 100만컷,https://www.sk5.co.kr/neo/ns600/100/10043912.jpg,https://search.pstatic.net/sunny/?type=b150&src=https://www.sk5.co.kr/neo/ns600/100/10043912.jpg,sk5.co.kr,2025-06,2025-07-14T18:10:25.976666
피자,10000,"피자, 오미자, 음식, 요리, 먹거리, 사진,이미지,일러스트,캘리그라피 - carywoman작가 크라우드픽 - 저작권 걱정 없는 상업용 이미지",https://cdn.crowdpic.net/detail-thumb/thumb_d_744DD04FF8E1A221C6F18FAC7D9CCB00.jpg,https://search.pstatic.net/sunny/?type=b150&src=https://cdn.crowdpic.net/detail-thumb/thumb_d_744DD04FF8E1A221C6F18FAC7D9CCB00.jpg,cdn.crowdpic.net,2025-06,2025-07-14T18:10:25.976666
피자,10000,"피자, 음식, 서양 요리, 고 화질 음식 소재 배경 일러스트 및 사진 무료 다운로드 - Pngtree",https://png.pngtree.com/thumb_back/fw800/background/20220312/pngtree-pizza-image_1063241.jpg,https://search.pstatic.net/sunny/?type=b150&src=https://png.pngtree.com/thumb_back/fw800/background/20220312/pngtree-pizza-image_1063241.jpg,png.pngtree.com,2025-06,2025-07-14T18:10:25.976666
피자,10000,"오븐 없이 아이들도 잘 먹는 가지 피자 만드는 방법 | 음식, 간단한 요리법, 식품 아이디어",https://i.pinimg.com/736x/95/8d/9f/958d9f3ae8813b17e8d24965affc8923.jpg,https://search.pstatic.net/sunny/?type=b150&src=https://i.pinimg.com/736x/95/8d/9f/958d9f3ae8813b17e8d24965affc8923.jpg,i.pinimg.com,2025-06,2025-07-14T18:10:25.976666
피자,10000,"피자, 하와이언피자, 음식, 요리, 식사 사진, 이미지 - CHVRTG작가 가장 한국적인 스톡 사진 - 크라우드픽",https://cdn.crowdpic.net/detail-thumb/thumb_d_9C31F53FE5F7133D1BBFA7B25896309F.jpg,https://search.pstatic.net/sunny/?type=b150&src=https://cdn.crowdpic.net/detail-thumb/thumb_d_9C31F53FE5F7133D1BBFA7B25896309F.jpg,cdn.crowdpic.net,2025-06,2025-07-14T18:10:25.976666
피자,10000,피자! :: 웃긴대학 요리 피자!,http://timg.humoruniv.com/thumb_crop_resize.php?url=http://down.humoruniv.com/hwiparambbs/data/cook/a_7015272756_659a736f741a4c547c10a020a30cc417b9785553.jpg?SIZE=800x600,https://search.pstatic.net/sunny/?type=b150&src=http://timg.humoruniv.com/thumb_crop_resize.php?url=http://down.humoruniv.com/hwiparambbs/data/cook/a_7015272756_659a736f741a4c547c10a020a30cc417b9785553.jpg?SIZE=800x600,timg.humoruniv.com,2025-06,2025-07-14T18:10:25.976666
피자,10000,2024년 미국 웨스트콘쇼호켄 여행정보 - Tripadvisor - 웨스트콘쇼호켄 여행,https://dynamic-media-cdn.tripadvisor.com/media/photo-o/0f/52/1c/d8/photo1jpg.jpg?w=800&h=600&s=1,https://search.pstatic.net/sunny/?type=b150&src=https://dynamic-media-cdn.tripadvisor.com/media/photo-o/0f/52/1c/d8/photo1jpg.jpg?w=800&h=600&s=1,dynamic-media-cdn.tripadvisor.com,2025-06,2025-07-14T18:10:25.976666
피자,10000,"피자의 음식 사진 · 무료 스톡 사진 Engin Akyurt님의 사진, 출처: Pexels",https://images.pexels.com/photos/13730501/pexels-photo-13730501.jpeg?auto=compress&cs=tinysrgb&dpr=1&w=500,https://search.pstatic.net/sunny/?type=b150&src=https://images.pexels.com/photos/13730501/pexels-photo-13730501.jpeg?auto=compress&cs=tinysrgb&dpr=1&w=500,images.pexels.com,2025-06,2025-07-14T18:10:25.976666
피자,10000,"48개의 음식 아이디어 - 2025 | 음식, 레시피, 요리",https://i.pinimg.com/videos/thumbnails/originals/91/d0/31/91d03172a34172603333d278777dcbb7.0000000.jpg,https://search.pstatic.net/sunny/?type=b150&src=https://i.pinimg.com/videos/thumbnails/originals/91/d0/31/91d03172a34172603333d278777dcbb7.0000000.jpg,i.pinimg.com,2025-06,2025-07-14T18:10:25.976666
피자,10000,"미국에서 먹은 피자 미국에서 먹은 피자 | 요리, 음식, 피자",https://i.pinimg.com/736x/78/4c/35/784c358fba6c70f49a86aa3e58017bb2.jpg,https://search.pstatic.net/sunny/?type=b150&src=https://i.pinimg.com/736x/78/4c/35/784c358fba6c70f49a86aa3e58017bb2.jpg,i.pinimg.com,2025-06,2025-07-14T18:10:25.976666
피자,10000,"영화 보면서 먹기 딱! 좋은 나쵸피자 | 식품 아이디어, 음식, 요리 음식",https://i.pinimg.com/originals/0c/41/aa/0c41aa48486456a067c4ce0175449834.jpg,https://search.pstatic.net/sunny/?type=b150&src=https://i.pinimg.com/originals/0c/41/aa/0c41aa48486456a067c4ce0175449834.jpg,i.pinimg.com,2025-06,2025-07-14T18:10:25.976666
피자,10000,"요리에 있는 희진 김님의 핀 - 2021 | 요리, 피자",https://i.pinimg.com/736x/3c/2a/da/3c2ada65ab04e92c8ab729373b74b06d.jpg,https://search.pstatic.net/sunny/?type=b150&src=https://i.pinimg.com/736x/3c/2a/da/3c2ada65ab04e92c8ab729373b74b06d.jpg,i.pinimg.com,2025-06,2025-07-14T18:10:25.976666
피자,10000,"또띠아 사용한것보다 더 맛있는 초간단 계란 피자 만들기 | 식품 아이디어, 요리, 음식",https://i.pinimg.com/736x/03/11/8e/03118e3309ac8f9d0e880d26fbd0503f.jpg,https://search.pstatic.net/sunny/?type=b150&src=https://i.pinimg.com/736x/03/11/8e/03118e3309ac8f9d0e880d26fbd0503f.jpg,i.pinimg.com,2025-06,2025-07-14T18:10:25.976666
피자,10000,토스트피자 > 음식 | 이미지 사용조건이 까다롭지 않은 요리사진 100만컷,https://www.sk5.co.kr/neo/ns600/100/10044637.jpg,https://search.pstatic.net/sunny/?type=b150&src=https://www.sk5.co.kr/neo/ns600/100/10044637.jpg,sk5.co.kr,2025-06,2025-07-14T18:10:25.976666
피자,10000,피자와 다른 음식을 얹은 테이블 사진 – Unsplash의 무료 피자 이미지 Unsplash에 있는 Nahima Aparicio의 사진,https://images.unsplash.com/photo-1646257104060-309ba5c2e806?blend=000000&blend-alpha=10&blend-mode=normal&blend-w=1&crop=faces%2Cedges&h=630&mark=https%3A%2F%2Fimages.unsplash.com%2Fopengraph%2Flogo.png&mark-align=top%2Cleft&mark-pad=50&mark-w=64&w=1200&auto=format&fit=crop&q=60&ixid=M3wxMjA3fDB8MXxhbGx8fHx8fHx8fHwxNzIwNjkxNzY2fA&ixlib=rb-4.0.3,https://search.pstatic.net/sunny/?type=b150&src=https://images.unsplash.com/photo-1646257104060-309ba5c2e806?blend=000000&blend-alpha=10&blend-mode=normal&blend-w=1&crop=faces%2Cedges&h=630&mark=https%3A%2F%2Fimages.unsplash.com%2Fopengraph%2Flogo.png&mark-align=top%2Cleft&mark-pad=50&mark-w=64&w=1200&auto=format&fit=crop&q=60&ixid=M3wxMjA3fDB8MXxhbGx8fHx8fHx8fHwxNzIwNjkxNzY2fA&ixlib=rb-4.0.3,images.unsplash.com,2025-06,2025-07-14T18:10:25.976666
피자,10000,"상큼한 귤이 톡톡, 또띠아 귤 피자 : 네이버 포스트 | 요리, 식품 아이디어, 음식",https://i.pinimg.com/originals/79/ab/61/79ab61a49fc08a76da0cb652646b302e.jpg,https://search.pstatic.net/sunny/?type=b150&src=https://i.pinimg.com/originals/79/ab/61/79ab61a49fc08a76da0cb652646b302e.jpg,i.pinimg.com,2025-06,2025-07-14T18:10:25.976666
피자,10000,[내요리] 내가 만든 피자 보구갈래..? - 인스티즈(instiz) 푸드/음식 카테고리,http://file3.instiz.net/data/cached_img/upload/2021/02/05/9/3787f14eabf122a44d88d59b9ba10b8f.jpg,https://search.pstatic.net/sunny/?type=b150&src=http://file3.instiz.net/data/cached_img/upload/2021/02/05/9/3787f14eabf122a44d88d59b9ba10b8f.jpg,file3.instiz.net,2025-06,2025-07-14T18:10:25.976666
피자,10000,집에서 만든 피자 :: 웃긴대학 요리 집에서 만든 피자,http://timg.humoruniv.com/thumb_crop_resize.php?url=http://down.humoruniv.com//hwiparambbs/data/editor/cook/e_s69d3e7002_9540560818c31215243cdfbf0f683f4a76365154.jpg?SIZE=800x600,https://search.pstatic.net/sunny/?type=b150&src=http://timg.humoruniv.com/thumb_crop_resize.php?url=http://down.humoruniv.com//hwiparambbs/data/editor/cook/e_s69d3e7002_9540560818c31215243cdfbf0f683f4a76365154.jpg?SIZE=800x600,timg.humoruniv.com,2025-06,2025-07-14T18:10:25.976666
피자,10000,"피자, 음식, 요리, pizza, food, 사진,이미지,일러스트,캘리그라피 - HK작가 크라우드픽 - 저작권 걱정 없는 상업용 이미지",https://cdn.crowdpic.net/detail-thumb/thumb_d_4392A353AAF160EE56BBD3DBEF165344.jpg,https://search.pstatic.net/sunny/?type=b150&src=https://cdn.crowdpic.net/detail-thumb/thumb_d_4392A353AAF160EE56BBD3DBEF165344.jpg,cdn.crowdpic.net,2025-06,2025-07-14T18:10:25.976666
피자,10000,치즈피자 > 음식 | 이미지 사용조건이 까다롭지 않은 요리사진 100만컷,https://www.sk5.co.kr/neo/ns600/100/10044492.jpg,https://search.pstatic.net/sunny/?type=b150&src=https://www.sk5.co.kr/neo/ns600/100/10044492.jpg,sk5.co.kr,2025-06,2025-07-14T18:10:25.976666
피자,10000,12/31~1/2 해넘이 해맞이 캠핑 짧은 후기 - 뽐뿌:캠핑포럼 12/31~1/2 해넘이 해맞이 캠핑 짧은 후기,https://cdn2.ppomppu.co.kr/zboard/data3/2022/0103/20220103084718_hjgNjqVTQA.jpg,https://search.pstatic.net/sunny/?type=b150&src=https://cdn2.ppomppu.co.kr/zboard/data3/2022/0103/20220103084718_hjgNjqVTQA.jpg,cdn2.ppomppu.co.kr,2025-06,2025-07-14T18:10:25.976666
피자,10000,이탈리아 요리 목록 - 피자(pizza),https://dbscthumb-phinf.pstatic.net/2888_000_1/20140806184608470_03VMH4I7L.jpg/fb39_49_i2.jpg?type=m4500_4500_fst,https://search.pstatic.net/common/?type=b150&src=https://dbscthumb-phinf.pstatic.net/2888_000_1/20140806184608470_03VMH4I7L.jpg/fb39_49_i2.jpg?type=m4500_4500_fst,dbscthumb-phinf.pstatic.net,2025-06,2025-07-14T18:10:25.976666
피자,10000,치즈피자 > 음식 | 이미지 사용조건이 까다롭지 않은 요리사진 100만컷,http://www.sk5.co.kr/neo/ns600/100/10044522.jpg,https://search.pstatic.net/sunny/?type=b150&src=http://www.sk5.co.kr/neo/ns600/100/10044522.jpg,sk5.co.kr,2025-06,2025-07-14T18:10:25.976666
피자,10000,"피자, 음식, 화덕피자, 이탈리안음식, 요리, 사진,이미지,일러스트,캘리그라피 - 감성왕작가 크라우드픽 - 저작권 걱정 없는 상업용 이미지",https://cdn.crowdpic.net/detail-thumb/thumb_d_F46DE84FFC99026F2746C59868F9A29B.jpg,https://search.pstatic.net/sunny/?type=b150&src=https://cdn.crowdpic.net/detail-thumb/thumb_d_F46DE84FFC99026F2746C59868F9A29B.jpg,cdn.crowdpic.net,2025-06,2025-07-14T18:10:25.976666
피자,10000,"피자식빵, 피자, 음식, 요리, 식빵, 사진,이미지,일러스트,캘리그라피 - 댜터작가 크라우드픽 - 저작권 걱정 없는 상업용 이미지",https://cdn.crowdpic.net/detail-thumb/thumb_d_23A7B48903BF0CA7D95DE907DD2621D4.jpg,https://search.pstatic.net/sunny/?type=b150&src=https://cdn.crowdpic.net/detail-thumb/thumb_d_23A7B48903BF0CA7D95DE907DD2621D4.jpg,cdn.crowdpic.net,2025-06,2025-07-14T18:10:25.976666
피자,10000,"집에서 정성으로 만드는 피자~ 리코타치즈 얹은 피자 만들기! | 식품 아이디어, 음식, 요리",https://i.pinimg.com/originals/40/0e/78/400e7827fe71528252e2a12371689fab.jpg,https://search.pstatic.net/sunny/?type=b150&src=https://i.pinimg.com/originals/40/0e/78/400e7827fe71528252e2a12371689fab.jpg,i.pinimg.com,2025-06,2025-07-14T18:10:25.976666
피자,10000,우리 입맛에도 잘 맞는 다양한 인도 요리,http://imgnews.naver.net/image/5411/2018/08/07/0000001256_002_20180807095449096.jpg,https://search.pstatic.net/common/?type=b150&src=http://imgnews.naver.net/image/5411/2018/08/07/0000001256_002_20180807095449096.jpg,imgnews.naver.net,2025-06,2025-07-14T18:10:25.976666
피자,10000,"화덕피자, 겉바속촉, 시판용피자, 캠핑요리, 겨울캠핑, 사진,이미지,일러스트,캘리그라피 - sarang846작가 크라우드픽 - 저작권 걱정 없는...",https://cdn.crowdpic.net/detail-thumb/thumb_d_376591CA27E9E6DD4DC93389D7FA01AF.jpg,https://search.pstatic.net/sunny/?type=b150&src=https://cdn.crowdpic.net/detail-thumb/thumb_d_376591CA27E9E6DD4DC93389D7FA01AF.jpg,cdn.crowdpic.net,2025-06,2025-07-14T18:10:25.976666
피자,10000,"쉐프에게 배운 떠먹는 피자~^^*– 레시피 | 요리, 음식 요리법, 식품 아이디어",https://i.pinimg.com/736x/bd/84/8b/bd848b6f52903e468292b175e5fa1dfc.jpg,https://search.pstatic.net/sunny/?type=b150&src=https://i.pinimg.com/736x/bd/84/8b/bd848b6f52903e468292b175e5fa1dfc.jpg,i.pinimg.com,2025-06,2025-07-14T18:10:25.976666
피자,10000,"LG DIOS 광파오븐 활용, 여름철 별미 만들기 이벤트:: 보드나라 LG DIOS 광파오븐 활용, 여름철 별미 만들기 이벤트 :: 보드나라",https://file.bodnara.co.kr/logo/insidelogo.php?image=%2Fhttp%3A%2F%2Ffile.bodnara.co.kr%2Fwebedit%2Fnews%2F2015%2F1469154294-rhkdvk.jpg,https://search.pstatic.net/sunny/?type=b150&src=https://file.bodnara.co.kr/logo/insidelogo.php?image=%2Fhttp%3A%2F%2Ffile.bodnara.co.kr%2Fwebedit%2Fnews%2F2015%2F1469154294-rhkdvk.jpg,file.bodnara.co.kr,2025-06,2025-07-14T18:10:25.976666
피자,10000,"음식, food, 피자, 요리, pizza, 사진,이미지,일러스트,캘리그라피 - 갱미니작가 크라우드픽 - 저작권 걱정 없는 상업용 이미지",https://cdn.crowdpic.net/detail-thumb/thumb_d_97E25B6471A295417AFC8F4F8523AAC6.jpg,https://search.pstatic.net/sunny/?type=b150&src=https://cdn.crowdpic.net/detail-thumb/thumb_d_97E25B6471A295417AFC8F4F8523AAC6.jpg,cdn.crowdpic.net,2025-06,2025-07-14T18:10:25.976666
피자,10000,"12개의 피자 아이디어 | 피자, 음식, 요리",https://i.pinimg.com/videos/thumbnails/originals/b1/db/39/b1db3935cea1ae167244c587f9cf9a7c.0000000.jpg,https://search.pstatic.net/sunny/?type=b150&src=https://i.pinimg.com/videos/thumbnails/originals/b1/db/39/b1db3935cea1ae167244c587f9cf9a7c.0000000.jpg,i.pinimg.com,2025-06,2025-07-14T18:10:25.976666
피자,10000,"한국식 피자 - 2023 | 요리, 음식, 피자",https://i.pinimg.com/736x/95/e9/50/95e950486f2dce00bb05aa8b5ab4ed20.jpg,https://search.pstatic.net/sunny/?type=b150&src=https://i.pinimg.com/736x/95/e9/50/95e950486f2dce00bb05aa8b5ab4ed20.jpg,i.pinimg.com,2025-06,2025-07-14T18:10:25.976666
피자,10000,피자가 요리되고 있습니다 사진 – Unsplash의 무료 음식 이미지 Unsplash에 있는 Daniel의 사진,https://images.unsplash.com/photo-1651978595427-36d1b1ea3862?mark=https%3A%2F%2Fimages.unsplash.com%2Fopengraph%2Flogo.png&mark-w=64&mark-align=top%2Cleft&mark-pad=50&h=630&w=1200&crop=faces%2Cedges&blend-w=1&blend=000000&blend-mode=normal&blend-alpha=10&auto=format&fit=crop&q=60&ixid=M3wxMjA3fDB8MXxhbGx8fHx8fHx8fHwxNzQxODQ4NTUxfA&ixlib=rb-4.0.3,https://search.pstatic.net/sunny/?type=b150&src=https://images.unsplash.com/photo-1651978595427-36d1b1ea3862?mark=https%3A%2F%2Fimages.unsplash.com%2Fopengraph%2Flogo.png&mark-w=64&mark-align=top%2Cleft&mark-pad=50&h=630&w=1200&crop=faces%2Cedges&blend-w=1&blend=000000&blend-mode=normal&blend-alpha=10&auto=format&fit=crop&q=60&ixid=M3wxMjA3fDB8MXxhbGx8fHx8fHx8fHwxNzQxODQ4NTUxfA&ixlib=rb-4.0.3,images.unsplash.com,2025-06,2025-07-14T18:10:25.976666
피자,10000,"pizza, 피자, food, 음식, 요리, 사진,이미지,일러스트,캘리그라피 - 트랜디아트작가 크라우드픽 - 저작권 걱정 없는 상업용 이미지",https://cdn.crowdpic.net/detail-thumb/thumb_d_FC64C3DBAD269BC3052EE905C816C859.jpeg,https://search.pstatic.net/sunny/?type=b150&src=https://cdn.crowdpic.net/detail-thumb/thumb_d_FC64C3DBAD269BC3052EE905C816C859.jpeg,cdn.crowdpic.net,2025-06,2025-07-14T18:10:25.976666
피자,10000,밥도둑 밥피자 만들기 - 요리 / 음식 - 네모판 밥도둑 밥피자 만들기,https://www.nemopan.com/files/attach/images/1164049/168/925/016/5b3d6e42decc542e237f87de018f38ca.gif,https://search.pstatic.net/sunny/?type=b150&src=https://www.nemopan.com/files/attach/images/1164049/168/925/016/5b3d6e42decc542e237f87de018f38ca.gif,nemopan.com,2025-06,2025-07-14T18:10:25.976666
피자,10000,"하여 치즈랑 함께 떠 먹을 수 있도록 만들어 보았답니다. 입안에서 스르륵 녹는 떠먹는피자 주말 간식으로 어떠세요? 재료 : 고구마… | 요리, 레시피",https://i.pinimg.com/736x/62/60/ce/6260ceb915e2bca342bfd4ed7c1634a4.jpg,https://search.pstatic.net/sunny/?type=b150&src=https://i.pinimg.com/736x/62/60/ce/6260ceb915e2bca342bfd4ed7c1634a4.jpg,i.pinimg.com,2025-06,2025-07-14T18:10:25.976666
피자,10000,피자 음식 재료,https://st2.depositphotos.com/1177973/7348/i/450/depositphotos_73480935-stock-photo-food-ingredients-for-pizza.jpg,https://search.pstatic.net/sunny/?type=b150&src=https://st2.depositphotos.com/1177973/7348/i/450/depositphotos_73480935-stock-photo-food-ingredients-for-pizza.jpg,st2.depositphotos.com,2025-06,2025-07-14T18:10:25.976666
피자,10000,":: 간편한 요리.,간편 요리,계란 덮밥,고등어김치찜,남아있는 음식이용요,남은음식,냉장고정리요리,또띠아피자,뚜뚜루,미니피자,밥,볶음밥...",http://cfile4.uf.tistory.com/image/1565CB024C9072D8340211,https://search.pstatic.net/sunny/?type=b150&src=http://cfile4.uf.tistory.com/image/1565CB024C9072D8340211,cfile4.uf.tistory.com,2024-06,2025-07-14T18:10:25.571754
피자,10000,"임윤아, 최화정 레시피도 완벽 재현…요리도 얼굴만큼 예뻐 [N샷]",http://imgnews.naver.net/image/421/2024/08/24/0007747742_001_20240824111016124.jpg,https://search.pstatic.net/common/?type=b150&src=http://imgnews.naver.net/image/421/2024/08/24/0007747742_001_20240824111016124.jpg,imgnews.naver.net,2024-06,2025-07-14T18:10:25.579078
새우,8724,"“랍스타나 새우 같은 거죠”…미국, ‘매미 떼 1조마리’ 예고에 요리법도 주목",http://imgnews.naver.net/image/022/2024/05/10/20240510514127_20240510205402767.jpg,https://search.pstatic.net/common/?type=b150&src=http://imgnews.naver.net/image/022/2024/05/10/20240510514127_20240510205402767.jpg,imgnews.naver.net,2024-06,2025-07-14T18:10:40.338525
새우,8724,北海道먹방여행 4일: 미슐랭★ 函館 enoteca La RICOLMA (스압) | 음식 갤러리 | 루리웹 모바일,http://cfile204.uf.daum.net/image/9906D83A5B0DCC0D0C8043,https://search.pstatic.net/sunny/?type=b150&src=http://cfile204.uf.daum.net/image/9906D83A5B0DCC0D0C8043,cfile204.uf.daum.net,2024-06,2025-07-14T18:10:40.797796
떡볶이,8161,[내요리] 남편표 떡볶이 - 인스티즈(instiz) 푸드/음식 카테고리,http://file3.instiz.net/data/cached_img/upload/2024/05/17/17/0d2a709b8a9f0d467d0421c03e9141b6.jpg,https://search.pstatic.net/sunny/?type=b150&src=http://file3.instiz.net/data/cached_img/upload/2024/05/17/17/0d2a709b8a9f0d467d0421c03e9141b6.jpg,file3.instiz.net,2024-06,2025-07-14T18:10:44.070479
파스타,7693,"해물 파스타와 어울리는 메인요리 하나 추천부탁드려요. :: 파스타와 어울리는 요,.,닭가슴살샐러드,닭가슴살스테이크,뚜뚜루,메인요리,스테이크...",http://cfile237.uf.daum.net/image/1568D20C4A77A16F640969,https://search.pstatic.net/sunny/?type=b150&src=http://cfile237.uf.daum.net/image/1568D20C4A77A16F640969,cfile237.uf.daum.net,2024-06,2025-07-14T18:10:45.957660
파스타,7693,6000원 피자에 3000원 파스타…롯데마트 ‘요리하다’ 성수 팝업 가보니,http://imgnews.naver.net/image/011/2024/06/16/0004353635_001_20240616060111354.jpg,https://search.pstatic.net/common/?type=b150&src=http://imgnews.naver.net/image/011/2024/06/16/0004353635_001_20240616060111354.jpg,imgnews.naver.net,2024-06,2025-07-14T18:10:46.386623
스테이크,7673,음악보다 요리 사랑한 천재 작곡가가 빚어낸 '맛있는 클래식',http://imgnews.naver.net/image/5249/2024/08/01/0000171232_001_20240801152410376.jpg,https://search.pstatic.net/common/?type=b150&src=http://imgnews.naver.net/image/5249/2024/08/01/0000171232_001_20240801152410376.jpg,imgnews.naver.net,2024-06,2025-07-14T18:10:48.269168
초밥,6990,"아이가 키운 무순을 활용한 요리~! 손말이초밥 - 10만개의 레시피, 메뉴판키친 요리판",http://cfile230.uf.daum.net/image/164704134C2D15C63C83BB,https://search.pstatic.net/sunny/?type=b150&src=http://cfile230.uf.daum.net/image/164704134C2D15C63C83BB,cfile230.uf.daum.net,2024-06,2025-07-14T18:10:49.704371
초밥,6990,"골라먹는 재미,네모난 초밥 만들기",http://cfile209.uf.daum.net/image/1568531549A4B8EEA9A0C3,https://search.pstatic.net/sunny/?type=b150&src=http://cfile209.uf.daum.net/image/1568531549A4B8EEA9A0C3,cfile209.uf.daum.net,2024-06,2025-07-14T18:10:49.704371
냉면,6688,냉면육수 묵사발 만들기 도토리묵사발 묵밥 레시피 여름음식 묵요리,https://recipe1.ezmember.co.kr/cache/recipe/2024/07/30/fafd0943f36abb530015cf408341582c1_f.jpg,https://search.pstatic.net/sunny/?type=b150&src=https://recipe1.ezmember.co.kr/cache/recipe/2024/07/30/fafd0943f36abb530015cf408341582c1_f.jpg,recipe1.ezmember.co.kr,2024-06,2025-07-14T18:10:51.926504
짬뽕,6587,"이연복,  '푹 쉬면 다행이야' 무인도 섬 중식당 오픈…짜장면ㆍ짬뽕→난자완스까지 최상의 맛 선물",http://imgnews.naver.net/image/5352/2024/07/15/20240715144229_2051360_1001_1113_20240715210213248.jpg,https://search.pstatic.net/common/?type=b150&src=http://imgnews.naver.net/image/5352/2024/07/15/20240715144229_2051360_1001_1113_20240715210213248.jpg,imgnews.naver.net,2024-06,2025-07-14T18:10:53.326966
짬뽕,6587,비 오는 날엔 짬뽕! - 기타음식 갤러리,http://cfile10.uf.tistory.com/image/1540E0244A96927EB2897C,https://search.pstatic.net/sunny/?type=b150&src=http://cfile10.uf.tistory.com/image/1540E0244A96927EB2897C,cfile10.uf.tistory.com,2024-06,2025-07-14T18:10:53.695058
김치찌개,6115,참치 김치찌개 입니다. | 음식 갤러리 참치 김치찌개 입니다.  | 음식 갤러리 | 루리웹,http://cfile295.uf.daum.net/image/252A8C4654BBAEC8170255,https://search.pstatic.net/sunny/?type=b150&src=http://cfile295.uf.daum.net/image/252A8C4654BBAEC8170255,cfile295.uf.daum.net,2024-06,2025-07-14T18:10:55.539125
김치찌개,6115,외방커뮤니티 > 요리방 > 닭 김치찌개(?) 이 음식의 정체는!!,http://pds18.egloos.com/pds/201011/14/25/b0123825_4cdf879846ff8.jpg,https://search.pstatic.net/sunny/?type=b150&src=http://pds18.egloos.com/pds/201011/14/25/b0123825_4cdf879846ff8.jpg,pds18.egloos.com,2024-06,2025-07-14T18:10:55.539125
비빔밥,6085,"초간단 요리, 불없이 만든 열무비빔밥",https://recipe1.ezmember.co.kr/cache/recipe/2024/06/27/46bd4d1eec2a61973a2e38742cea06e71.jpg,https://search.pstatic.net/sunny/?type=b150&src=https://recipe1.ezmember.co.kr/cache/recipe/2024/06/27/46bd4d1eec2a61973a2e38742cea06e71.jpg,recipe1.ezmember.co.kr,2024-06,2025-07-14T18:10:56.959160
비빔밥,6085,식용유 사전,http://imgnews.naver.net/image/5640/2024/04/25/0000003793_001_20240425104602634.png,https://search.pstatic.net/common/?type=b150&src=http://imgnews.naver.net/image/5640/2024/04/25/0000003793_001_20240425104602634.png,imgnews.naver.net,2024-06,2025-07-14T18:10:56.959160
비빔밥,6085,BEMIL 아카이브 - BEMIL 군사세계 [해병대제공] 음식은 혼이다! 외곬인생 요리사 김원일,http://cfile6.uf.tistory.com/image/19031A524D37D91206C2C8,https://search.pstatic.net/sunny/?type=b150&src=http://cfile6.uf.tistory.com/image/19031A524D37D91206C2C8,cfile6.uf.tistory.com,2024-06,2025-07-14T18:10:56.959160
햄버거,5977,"구성환, 비빔국수→햄버거→랍스타... 삼시세끼 화려한 먹방에 '군침' [나혼자산다] [★밤TV]",http://imgnews.naver.net/image/108/2024/05/18/0003236301_001_20240518053503887.jpg,https://search.pstatic.net/common/?type=b150&src=http://imgnews.naver.net/image/108/2024/05/18/0003236301_001_20240518053503887.jpg,imgnews.naver.net,2024-06,2025-07-14T18:10:58.758181
햄버거,5977,만두로 만든 햄버거 - 기타음식 갤러리,http://cfile30.uf.tistory.com/image/01497F3A50CB9F890D6708,https://search.pstatic.net/sunny/?type=b150&src=http://cfile30.uf.tistory.com/image/01497F3A50CB9F890D6708,cfile30.uf.tistory.com,2024-06,2025-07-14T18:10:59.150321
햄버거,5977,[하빕]의 아지트요리 - 아지트리아 수제 평등햄버거 - 기타음식 갤러리,http://cfile27.uf.tistory.com/image/1578A2194A9DE3795A6F10,https://search.pstatic.net/sunny/?type=b150&src=http://cfile27.uf.tistory.com/image/1578A2194A9DE3795A6F10,cfile27.uf.tistory.com,2024-06,2025-07-14T18:10:59.150321
순대,5771,"집에서 순대를 이용한 색다른 요리 가르쳐주세요 :: 순대요리,순대,순대 요리,순대볶음,커리순대볶음 :: 맛집 정보 검색 NO.1 사이트, 메뉴판닷컴...",http://cfile204.uf.daum.net/image/14354A284CE12C3584E145,https://search.pstatic.net/sunny/?type=b150&src=http://cfile204.uf.daum.net/image/14354A284CE12C3584E145,cfile204.uf.daum.net,2024-06,2025-07-14T18:11:02.805579
짜장면,5621,홈메이드 짜장면 -  -  ::: 알찬살림 요리정보가득한 82cook.com,http://pds14.egloos.com/pmf/200902/12/17/a0102517_49940e06aa533.jpg,https://search.pstatic.net/sunny/?type=b150&src=http://pds14.egloos.com/pmf/200902/12/17/a0102517_49940e06aa533.jpg,pds14.egloos.com,2024-06,2025-07-14T18:11:04.205153
짜장면,5621,짜장면 | 검색결과 - ZUM 허브,http://static.hubzum.zumst.com/hubzum/2024/04/18/16/7946c23a010942259f8a294fc5e5ea86.jpg,https://search.pstatic.net/sunny/?type=b150&src=http://static.hubzum.zumst.com/hubzum/2024/04/18/16/7946c23a010942259f8a294fc5e5ea86.jpg,static.hubzum.zumst.com,2024-06,2025-07-14T18:11:04.205153
연어,4261,양지훈 쉐프표 행복가득 코스요리 ☆도산공원 맛집/압구정 레스토랑_크레아/CreA☆ - 압구정 지역 추천맛집 크레아 후기,http://cfile222.uf.daum.net/image/22717B395691EA780AA728,https://search.pstatic.net/sunny/?type=b150&src=http://cfile222.uf.daum.net/image/22717B395691EA780AA728,cfile222.uf.daum.net,2024-06,2025-07-14T18:11:08.142634
족발,4182,단골 음식점에서 배달시킨 족발입니다 ㅎㅎ | 음식 갤러리 단골 음식점에서 배달시킨 족발입니다 ㅎㅎ | 음식 갤러리 | 루리웹,http://cfile239.uf.daum.net/image/231AF74752A462CB06DA30,https://search.pstatic.net/sunny/?type=b150&src=http://cfile239.uf.daum.net/image/231AF74752A462CB06DA30,cfile239.uf.daum.net,2024-06,2025-07-14T18:11:09.538537
붕어빵,4007,[디저트] 크붕이: 크림 붕어빵ㅣ바삭한 크루아상에 부드러운 크림,https://cdn2.wadiz.kr/2024/06/18/491c08a1-36cc-480d-8800-d53ed3025121.jpg/wadiz/resize/1200/format/jpg/quality/80/,https://search.pstatic.net/sunny/?type=b150&src=https://cdn2.wadiz.kr/2024/06/18/491c08a1-36cc-480d-8800-d53ed3025121.jpg/wadiz/resize/1200/format/jpg/quality/80/,cdn2.wadiz.kr,2024-06,2025-07-14T18:11:11.313631
보쌈,3989,더우니까 삼겹살 수육에 김치 올려 한쌈~! 쉬운 수육 만들기 #삼겹살수육 #보쌈 #삼겹살의효능,https://recipe1.ezmember.co.kr/cache/recipe/2024/06/21/6da76c83c47531de70932f2b8d40b3fb1.png,https://search.pstatic.net/sunny/?type=b150&src=https://recipe1.ezmember.co.kr/cache/recipe/2024/06/21/6da76c83c47531de70932f2b8d40b3fb1.png,recipe1.ezmember.co.kr,2024-06,2025-07-14T18:11:13.075501
보쌈,3989,보쌈(大)+김치+야채 | 음식 갤러리 보쌈(大)+김치+야채 | 음식 갤러리 | 루리웹,http://cfile204.uf.daum.net/image/114BAC334F42D1510967C3,https://search.pstatic.net/sunny/?type=b150&src=http://cfile204.uf.daum.net/image/114BAC334F42D1510967C3,cfile204.uf.daum.net,2024-06,2025-07-14T18:11:13.075501
삼계탕,3877,"초복 요리, 건강한 보양식 전복 삼계탕 레시피",https://recipe1.ezmember.co.kr/cache/recipe/2024/07/16/fab6626c109a0dddd35f4f92ccf485a21.jpg,https://search.pstatic.net/sunny/?type=b150&src=https://recipe1.ezmember.co.kr/cache/recipe/2024/07/16/fab6626c109a0dddd35f4f92ccf485a21.jpg,recipe1.ezmember.co.kr,2024-06,2025-07-14T18:11:15.260101
삼계탕,3877,낙지 삼계탕 끓이는법 초복 음식 낙지 삼계탕 레시피,https://recipe1.ezmember.co.kr/cache/recipe/2024/07/14/c05d6ab3fbd93ca798c79d6811a7881d1.jpg,https://search.pstatic.net/sunny/?type=b150&src=https://recipe1.ezmember.co.kr/cache/recipe/2024/07/14/c05d6ab3fbd93ca798c79d6811a7881d1.jpg,recipe1.ezmember.co.kr,2024-06,2025-07-14T18:11:15.260101
삼계탕,3877,중복에 중복으로 먹을 뻔 했던 중복 삼계탕 | 음식 갤러리 중복에 중복으로 먹을 뻔 했던 중복 삼계탕 | 음식 갤러리 | 루리웹,http://cfile1.uf.tistory.com/image/155945134A6BDC38040666,https://search.pstatic.net/sunny/?type=b150&src=http://cfile1.uf.tistory.com/image/155945134A6BDC38040666,cfile1.uf.tistory.com,2024-06,2025-07-14T18:11:15.260101
된장찌개,3733,[리얼푸드] ‘이건 찌개야 국이야?’ 몰랐던 한식 국물 요리 구분법,http://imgnews.naver.net/image/5419/2024/07/02/20240702050198_0_20240702102008758.jpg,https://search.pstatic.net/common/?type=b150&src=http://imgnews.naver.net/image/5419/2024/07/02/20240702050198_0_20240702102008758.jpg,imgnews.naver.net,2024-06,2025-07-14T18:11:16.659618
닭갈비,3176,"마이리틀셰프, 새로운 한식 레스토랑 '숯불 닭갈비 전문점' 오픈",http://imgnews.naver.net/image/5434/2024/08/13/0000072810_001_20240813102815861.jpg,https://search.pstatic.net/common/?type=b150&src=http://imgnews.naver.net/image/5434/2024/08/13/0000072810_001_20240813102815861.jpg,imgnews.naver.net,2024-06,2025-07-14T18:11:20.223660
닭갈비,3176,외방커뮤니티 > 요리방 > 닭갈비 (스압),http://cfile230.uf.daum.net/image/2026AA4E4EC4D97910DA4B,https://search.pstatic.net/sunny/?type=b150&src=http://cfile230.uf.daum.net/image/2026AA4E4EC4D97910DA4B,cfile230.uf.daum.net,2024-06,2025-07-14T18:11:20.627826
부침개,2548,외방커뮤니티 > 요리방 > 비오는날 해먹은 부침개ㅎㅎ,http://pds23.egloos.com/pds/201207/03/07/a0063607_4ff1bc4b0725f.jpg/,https://search.pstatic.net/sunny/?type=b150&src=http://pds23.egloos.com/pds/201207/03/07/a0063607_4ff1bc4b0725f.jpg/,pds23.egloos.com,2024-06,2025-07-14T18:11:22.406084
부침개,2548,[자취생 요리] 맛보장 황금레시피 초간단 치즈 김치전 김치부침개 만들기 (feat. 비 오는 날 음식 추천),https://recipe1.ezmember.co.kr/cache/recipe/2024/07/11/c49973a02b3062e6893e7d3a1ba6f3ee1.jpg,https://search.pstatic.net/sunny/?type=b150&src=https://recipe1.ezmember.co.kr/cache/recipe/2024/07/11/c49973a02b3062e6893e7d3a1ba6f3ee1.jpg,recipe1.ezmember.co.kr,2024-06,2025-07-14T18:11:22.409605
순두부찌개,2396,"순두부요리 :: 순두부요리,간단한 순두부찌개,김치순두부찌개,맛조개 순두부 찌개,순두부,순두부 찌개,순두부비빔밥,순두부찌개,순두부활용...",http://cfile202.uf.daum.net/image/134493394D732DA612A240,https://search.pstatic.net/sunny/?type=b150&src=http://cfile202.uf.daum.net/image/134493394D732DA612A240,cfile202.uf.daum.net,2024-06,2025-07-14T18:11:23.801356
순두부찌개,2396,순두부찌개,https://recipe1.ezmember.co.kr/cache/recipe/2024/07/02/6c3cb9fa11190601b092c9568ca075031.png,https://search.pstatic.net/sunny/?type=b150&src=https://recipe1.ezmember.co.kr/cache/recipe/2024/07/02/6c3cb9fa11190601b092c9568ca075031.png,recipe1.ezmember.co.kr,2024-06,2025-07-14T18:11:23.801356
순두부찌개,2396,"조금만 바꾸어도 색다른 반찬이 된다- 순두부찌개, 두부구이&굴소스의 변신 -  -  ::: 알찬살림 요리정보가득한 82cook.com",http://pds15.egloos.com/pds/200907/20/26/d0064226_4a63aaee08f86.jpg,https://search.pstatic.net/sunny/?type=b150&src=http://pds15.egloos.com/pds/200907/20/26/d0064226_4a63aaee08f86.jpg,pds15.egloos.com,2024-06,2025-07-14T18:11:23.810084
순두부찌개,2396,비교할 수 없는 맛! 순두부찌개 초간단 맛내기~,https://recipe1.ezmember.co.kr/cache/recipe/2024/06/21/483b0303c020aea0df5d39caa5761d941_f.jpg,https://search.pstatic.net/sunny/?type=b150&src=https://recipe1.ezmember.co.kr/cache/recipe/2024/06/21/483b0303c020aea0df5d39caa5761d941_f.jpg,recipe1.ezmember.co.kr,2024-06,2025-07-14T18:11:24.172568
순두부찌개,2396,"모시조개 듬뿍넣어 순두부 찌게 끓였어요~~ - 10만개의 레시피, 메뉴판키친 요리판",http://cfile208.uf.daum.net/image/207B6A3D4D860D3F34EA20,https://search.pstatic.net/sunny/?type=b150&src=http://cfile208.uf.daum.net/image/207B6A3D4D860D3F34EA20,cfile208.uf.daum.net,2024-06,2025-07-14T18:11:24.178395
순두부찌개,2396,순두부찌개,https://recipe1.ezmember.co.kr/cache/recipe/2024/08/27/9d7cd245c7a19a736a90b973055ad3a91.jpg,https://search.pstatic.net/sunny/?type=b150&src=https://recipe1.ezmember.co.kr/cache/recipe/2024/08/27/9d7cd245c7a19a736a90b973055ad3a91.jpg,recipe1.ezmember.co.kr,2024-06,2025-07-14T18:11:24.178395
계란말이,2256,간단 아침반찬 팽이버섯요리 팽이버섯계란말이 달걀요리 버섯달걀말이,https://recipe1.ezmember.co.kr/cache/recipe/2024/05/03/e309c0aa11e077325fbc93d08ec2c9d21.jpg,https://search.pstatic.net/sunny/?type=b150&src=https://recipe1.ezmember.co.kr/cache/recipe/2024/05/03/e309c0aa11e077325fbc93d08ec2c9d21.jpg,recipe1.ezmember.co.kr,2024-06,2025-07-14T18:11:27.375773
계란말이,2256,외방커뮤니티 > 요리방 > 계란말이有,http://cfile8.uf.tistory.com/image/155162244C66B009B6FBC8,https://search.pstatic.net/sunny/?type=b150&src=http://cfile8.uf.tistory.com/image/155162244C66B009B6FBC8,cfile8.uf.tistory.com,2024-06,2025-07-14T18:11:27.845607
설렁탕,2236,"설렁탕 :: 설렁탕,설렁탕..,탕 :: 맛집 정보 검색 NO.1 사이트, 메뉴판닷컴 :: 맛집 정보가 가득",http://cfile64.uf.daum.net/image/171D85224C7B4876BC0C0C,https://search.pstatic.net/sunny/?type=b150&src=http://cfile64.uf.daum.net/image/171D85224C7B4876BC0C0C,cfile64.uf.daum.net,2024-06,2025-07-14T18:11:29.241792
설렁탕,2236,클럽에서 밤새고 아침에 먹은 꼬리곰탕~! | 음식 갤러리 성산동 덕이 설렁탕 - 클럽에서 밤새고 아침에 먹은 꼬리곰탕~! | 음식 갤러리 | 루리웹,http://cfile22.uf.tistory.com/image/146814204A62CF7A7317FC,https://search.pstatic.net/sunny/?type=b150&src=http://cfile22.uf.tistory.com/image/146814204A62CF7A7317FC,cfile22.uf.tistory.com,2024-06,2025-07-14T18:11:29.595262
호떡,2171,외방커뮤니티 > 요리방 > 겨울!! 하면 역시 호떡>_<,http://pds17.egloos.com/pds/200912/07/44/b0072944_4b1cde414f4b5.jpg,https://search.pstatic.net/sunny/?type=b150&src=http://pds17.egloos.com/pds/200912/07/44/b0072944_4b1cde414f4b5.jpg,pds17.egloos.com,2024-06,2025-07-14T18:11:31.004786
호떡,2171,외방커뮤니티 > 요리방 > 짜장짜장 호떡호떡,http://cfile1.uf.tistory.com/image/1742F63B4F5365143DFB4B,https://search.pstatic.net/sunny/?type=b150&src=http://cfile1.uf.tistory.com/image/1742F63B4F5365143DFB4B,cfile1.uf.tistory.com,2024-06,2025-07-14T18:11:31.004786
호떡,2171,"호떡 :: 호떡,잡채호떡 :: 맛집 정보 검색 NO.1 사이트, 메뉴판닷컴 :: 맛집 정보가 가득",http://cfile240.uf.daum.net/image/186E763D4D113A5438DF9E,https://search.pstatic.net/sunny/?type=b150&src=http://cfile240.uf.daum.net/image/186E763D4D113A5438DF9E,cfile240.uf.daum.net,2024-06,2025-07-14T18:11:31.396198
호떡,2171,11가지 '호떡' | MBC연예 | 만나면 좋은 친구 MBC 입맛 따라 취향 따라 골라 먹는 다채로운 속 재료를 품은 11가지 '호떡',https://talkimg.imbc.com/TVianUpload/tvian/TViews/image/2024/04/30/3cdc7c4b-e57d-47a8-bf9d-7e0af7be3054.jpg,https://search.pstatic.net/sunny/?type=b150&src=https://talkimg.imbc.com/TVianUpload/tvian/TViews/image/2024/04/30/3cdc7c4b-e57d-47a8-bf9d-7e0af7be3054.jpg,talkimg.imbc.com,2024-06,2025-07-14T18:11:31.411835
랍스터,1868,"[조방] 이런저런 요리, 음식, 반찬, 안주... - 기타음식 갤러리",http://cfile7.uf.tistory.com/original/200FD6464D3EC6D12769BB,https://search.pstatic.net/sunny/?type=b150&src=http://cfile7.uf.tistory.com/original/200FD6464D3EC6D12769BB,cfile7.uf.tistory.com,2024-06,2025-07-14T18:11:33.178155
타코야키,1430,외방커뮤니티 > 요리방 > 타코야키 좋아라하니? ㅋㅋㅋ,http://cfile23.uf.tistory.com/image/12437D344CE65B1530FDA7,https://search.pstatic.net/sunny/?type=b150&src=http://cfile23.uf.tistory.com/image/12437D344CE65B1530FDA7,cfile23.uf.tistory.com,2024-06,2025-07-14T18:11:34.558018
