keyword,target_period,period_query,title,image_url,thumbnail_url,popularity_score,search_method,collected_at,search_volume
갈비,2025-06,2025.06,"food, 음식, 고기, 맛있는, 돼지갈비, 사진,이미지,일러스트,캘리그라피 - ysk1202작가 크라우드픽 - 저작권 걱정 없는 상업용 이미지",https://cdn.crowdpic.net/detail-thumb/thumb_d_31EBEDDAD0AA6408B7BC1DAB6FF10657.jpg,https://search.pstatic.net/sunny/?type=b150&src=https://cdn.crowdpic.net/detail-thumb/thumb_d_31EBEDDAD0AA6408B7BC1DAB6FF10657.jpg,58,image_sim,2025-07-14T20:38:53.807202,11420886
라면,2024-06,2024년 6월,"해물라면, 해물요리, 해물음식, 음식, food, 사진,이미지,일러스트,캘리그라피 - 이이지작가 크라우드픽 - 저작권 걱정 없는 상업용 이미지",https://cdn.crowdpic.net/detail-thumb/thumb_d_A43C1759439ADCC1E4EA29C0ADE0BCF5.jpg,https://search.pstatic.net/sunny/?type=b150&src=https://cdn.crowdpic.net/detail-thumb/thumb_d_A43C1759439ADCC1E4EA29C0ADE0BCF5.jpg,56,image_sim,2025-07-14T20:38:36.305940,20473562
라면,2024-06,2024년 6월,"요리, food, 음식, 라면, 라멘, 사진,이미지,일러스트,캘리그라피 - taberudake작가 크라우드픽 - 저작권 걱정 없는 상업용 이미지",https://cdn.crowdpic.net/detail-thumb/thumb_d_D3E08CDC453DC5121D2888EE86681FA5.jpg,https://search.pstatic.net/sunny/?type=b150&src=https://cdn.crowdpic.net/detail-thumb/thumb_d_D3E08CDC453DC5121D2888EE86681FA5.jpg,56,image_sim,2025-07-14T20:38:36.305940,20473562
라면,2025-06,2025.06,"해물라면, 해물요리, 해물음식, 음식, food, 사진,이미지,일러스트,캘리그라피 - 이이지작가 크라우드픽 - 저작권 걱정 없는 상업용 이미지",https://cdn.crowdpic.net/detail-thumb/thumb_d_A43C1759439ADCC1E4EA29C0ADE0BCF5.jpg,https://search.pstatic.net/sunny/?type=b150&src=https://cdn.crowdpic.net/detail-thumb/thumb_d_A43C1759439ADCC1E4EA29C0ADE0BCF5.jpg,56,image_sim,2025-07-14T20:38:41.113411,20473562
라면,2025-06,2025.06,"요리, food, 음식, 라면, 라멘, 사진,이미지,일러스트,캘리그라피 - taberudake작가 크라우드픽 - 저작권 걱정 없는 상업용 이미지",https://cdn.crowdpic.net/detail-thumb/thumb_d_D3E08CDC453DC5121D2888EE86681FA5.jpg,https://search.pstatic.net/sunny/?type=b150&src=https://cdn.crowdpic.net/detail-thumb/thumb_d_D3E08CDC453DC5121D2888EE86681FA5.jpg,56,image_sim,2025-07-14T20:38:41.113411,20473562
피자,2024-06,2024.06,"음식, 피자, pizza, food, 요리, 사진,이미지,일러스트,캘리그라피 - 쏭쏭이의먹방일기작가 크라우드픽 - 저작권 걱정 없는 상업용 이미지",https://cdn.crowdpic.net/detail-thumb/thumb_d_33AB0E45B9E7A2E9C461AB4907A92C3C.jpg,https://search.pstatic.net/sunny/?type=b150&src=https://cdn.crowdpic.net/detail-thumb/thumb_d_33AB0E45B9E7A2E9C461AB4907A92C3C.jpg,56,image_sim,2025-07-14T20:38:44.366872,15782041
피자,2024-06,2024.06,"food, 음식, pizza, 피자, 요리, 사진,이미지,일러스트,캘리그라피 - 쏭이지오작가 크라우드픽 - 저작권 걱정 없는 상업용 이미지",https://cdn.crowdpic.net/detail-thumb/thumb_d_A85B40B069BEA764F387AC4DBB3A03B4.jpg,https://search.pstatic.net/sunny/?type=b150&src=https://cdn.crowdpic.net/detail-thumb/thumb_d_A85B40B069BEA764F387AC4DBB3A03B4.jpg,56,image_sim,2025-07-14T20:38:44.366872,15782041
피자,2024-06,2024.06,"pizza, 피자, food, 음식, 요리, 사진,이미지,일러스트,캘리그라피 - 윜닠작가 크라우드픽 - 저작권 걱정 없는 상업용 이미지",https://cdn.crowdpic.net/detail-thumb/thumb_d_32ADAD0E9C1F650AC81B1F8CB8ED065B.jpg,https://search.pstatic.net/sunny/?type=b150&src=https://cdn.crowdpic.net/detail-thumb/thumb_d_32ADAD0E9C1F650AC81B1F8CB8ED065B.jpg,56,image_sim,2025-07-14T20:38:44.366872,15782041
갈비,2025-06,2025.06,"dish, 요리, food, 음식, 갈비, 사진,이미지,일러스트,캘리그라피 - neon0083작가 크라우드픽 - 저작권 걱정 없는 상업용 이미지",https://cdn.crowdpic.net/detail-thumb/thumb_d_F7D25BAE42F155E3E0FD0531268CDA9E.jpg,https://search.pstatic.net/sunny/?type=b150&src=https://cdn.crowdpic.net/detail-thumb/thumb_d_F7D25BAE42F155E3E0FD0531268CDA9E.jpg,56,image_sim,2025-07-14T20:38:53.807202,11420886
라면,2024-06,2024년 6월,"음식, 요리, food, cooking, 라면, 사진,이미지,일러스트,캘리그라피 - 작가 DREAM작가 크라우드픽 - 저작권 걱정 없는 상업용 이미지",https://cdn.crowdpic.net/detail-thumb/thumb_d_ABD6E68E1F6C7F42F4B99E0AC8D90D85.jpg,https://search.pstatic.net/sunny/?type=b150&src=https://cdn.crowdpic.net/detail-thumb/thumb_d_ABD6E68E1F6C7F42F4B99E0AC8D90D85.jpg,55,image_sim,2025-07-14T20:38:36.305940,20473562
피자,2024-06,2024.06,"pizza, 피자, food, 음식, 맛있는, 사진,이미지,일러스트,캘리그라피 - lapin22작가 크라우드픽 - 저작권 걱정 없는 상업용 이미지",https://cdn.crowdpic.net/detail-thumb/thumb_d_F68257AF0EDC4794C9F96EFA192CAB6D.jpg,https://search.pstatic.net/sunny/?type=b150&src=https://cdn.crowdpic.net/detail-thumb/thumb_d_F68257AF0EDC4794C9F96EFA192CAB6D.jpg,55,image_sim,2025-07-14T20:38:44.366872,15782041
갈비,2025-06,2025.06,"음식, food, 요리, cooking, 갈비, 사진,이미지,일러스트,캘리그라피 - 작가 DREAM작가 크라우드픽 - 저작권 걱정 없는 상업용 이미지",https://cdn.crowdpic.net/detail-thumb/thumb_d_14C26DB4B14687EBDF14CF95A20F7A41.jpg,https://search.pstatic.net/sunny/?type=b150&src=https://cdn.crowdpic.net/detail-thumb/thumb_d_14C26DB4B14687EBDF14CF95A20F7A41.jpg,55,image_sim,2025-07-14T20:38:53.807202,11420886
갈비,2025-06,2025.06,"음식, food, 요리, cooking, 갈비, 사진,이미지,일러스트,캘리그라피 - 작가 DREAM작가 크라우드픽 - 저작권 걱정 없는 상업용 이미지",https://cdn.crowdpic.net/detail-thumb/thumb_d_00B060A3550EB0175E13AD4BD7F534AB.jpg,https://search.pstatic.net/sunny/?type=b150&src=https://cdn.crowdpic.net/detail-thumb/thumb_d_00B060A3550EB0175E13AD4BD7F534AB.jpg,55,image_sim,2025-07-14T20:38:53.807202,11420886
갈비,2025-06,2025.06,"음식, food, 요리, cooking, 갈비, 사진,이미지,일러스트,캘리그라피 - 작가 DREAM작가 크라우드픽 - 저작권 걱정 없는 상업용 이미지",https://cdn.crowdpic.net/detail-thumb/thumb_d_4B7302FF1DBA4E20CA1963C13DF91FF7.jpg,https://search.pstatic.net/sunny/?type=b150&src=https://cdn.crowdpic.net/detail-thumb/thumb_d_4B7302FF1DBA4E20CA1963C13DF91FF7.jpg,55,image_sim,2025-07-14T20:38:53.807202,11420886
갈비,2025-06,2025.06,"맛집, 갈비, 고기, 음식, food, 사진,이미지,일러스트,캘리그라피 - dbwlsdl091작가 크라우드픽 - 저작권 걱정 없는 상업용 이미지",https://cdn.crowdpic.net/detail-thumb/thumb_d_1C34BE158A9229BE2CBA1A9A16F66980.jpeg,https://search.pstatic.net/sunny/?type=b150&src=https://cdn.crowdpic.net/detail-thumb/thumb_d_1C34BE158A9229BE2CBA1A9A16F66980.jpeg,55,image_sim,2025-07-14T20:38:53.807202,11420886
치킨,2024-06,24년 6월,"피클 치킨 믹스 누들, 중국 요리, 중국 음식, 맛있는 PNG 일러스트 및 이미지 에 대한 무료 다운로드 - Pngtree",https://png.pngtree.com/png-vector/20220121/ourlarge/pngtree-pickled-pepper-chicken-mixed-noodles-png-image_4358090.png,https://search.pstatic.net/sunny/?type=b150&src=https://png.pngtree.com/png-vector/20220121/ourlarge/pngtree-pickled-pepper-chicken-mixed-noodles-png-image_4358090.png,54,image_sim,2025-07-14T20:38:29.946415,317241121
치킨,2024-06,24년 6월,"음식 일러스트 맛있는 치킨 롤, 중국 요리, 특별한 요리, 성분 PNG 일러스트 및 PSD 이미지 무료 다운로드 - Pngtree",https://png.pngtree.com/png-clipart/20190122/ourlarge/pngtree-food-delicious-chicken-chicken-roll-png-image_529234.jpg,https://search.pstatic.net/sunny/?type=b150&src=https://png.pngtree.com/png-clipart/20190122/ourlarge/pngtree-food-delicious-chicken-chicken-roll-png-image_529234.jpg,54,image_sim,2025-07-14T20:38:29.946415,317241121
치킨,2025-06,2025.06,"음식 일러스트 맛있는 치킨 롤, 중국 요리, 특별한 요리, 성분 PNG 일러스트 및 PSD 이미지 무료 다운로드 - Pngtree",https://png.pngtree.com/png-clipart/20190122/ourlarge/pngtree-food-delicious-chicken-chicken-roll-png-image_529234.jpg,https://search.pstatic.net/sunny/?type=b150&src=https://png.pngtree.com/png-clipart/20190122/ourlarge/pngtree-food-delicious-chicken-chicken-roll-png-image_529234.jpg,54,image_sim,2025-07-14T20:38:33.526927,317241121
치킨,2025-06,25년 6월,"피클 치킨 믹스 누들, 중국 요리, 중국 음식, 맛있는 PNG 일러스트 및 이미지 에 대한 무료 다운로드 - Pngtree",https://png.pngtree.com/png-vector/20220121/ourlarge/pngtree-pickled-pepper-chicken-mixed-noodles-png-image_4358090.png,https://search.pstatic.net/sunny/?type=b150&src=https://png.pngtree.com/png-vector/20220121/ourlarge/pngtree-pickled-pepper-chicken-mixed-noodles-png-image_4358090.png,54,image_sim,2025-07-14T20:38:34.177345,317241121
치킨,2024-06,2024년 6월,치킨 > 음식 | 이미지 사용조건이 까다롭지 않은 요리사진 100만컷,https://www.sk5.co.kr/neo/ns600/100/10008229.jpg,https://search.pstatic.net/sunny/?type=b150&src=https://www.sk5.co.kr/neo/ns600/100/10008229.jpg,53,image_sim,2025-07-14T20:38:28.760758,317241121
치킨,2024-06,2024년 6월,치킨 > 음식 | 이미지 사용조건이 까다롭지 않은 요리사진 100만컷,https://www.sk5.co.kr/neo/ns600/100/10008225.jpg,https://search.pstatic.net/sunny/?type=b150&src=https://www.sk5.co.kr/neo/ns600/100/10008225.jpg,53,image_sim,2025-07-14T20:38:28.760758,317241121
치킨,2024-06,2024년 6월,치킨 > 음식 | 이미지 사용조건이 까다롭지 않은 요리사진 100만컷,https://www.sk5.co.kr/neo/ns600/100/10008227.jpg,https://search.pstatic.net/sunny/?type=b150&src=https://www.sk5.co.kr/neo/ns600/100/10008227.jpg,53,image_sim,2025-07-14T20:38:28.760758,317241121
치킨,2024-06,2024년 6월,치킨 > 음식 | 이미지 사용조건이 까다롭지 않은 요리사진 100만컷,https://www.sk5.co.kr/neo/ns600/100/10008223.jpg,https://search.pstatic.net/sunny/?type=b150&src=https://www.sk5.co.kr/neo/ns600/100/10008223.jpg,53,image_sim,2025-07-14T20:38:28.760758,317241121
치킨,2024-06,2024년 6월,치킨 > 음식 | 이미지 사용조건이 까다롭지 않은 요리사진 100만컷,https://www.sk5.co.kr/neo/ns600/100/10008226.jpg,https://search.pstatic.net/sunny/?type=b150&src=https://www.sk5.co.kr/neo/ns600/100/10008226.jpg,53,image_sim,2025-07-14T20:38:28.760758,317241121
치킨,2024-06,2024년 6월,"치킨, chicken, 닭, 음식, food, 사진,이미지,일러스트,캘리그라피 - MY119작가 크라우드픽 - 저작권 걱정 없는 상업용 이미지",https://cdn.crowdpic.net/detail-thumb/thumb_d_A481F08D636D7D87E718C5DDD8C0FB33.png,https://search.pstatic.net/sunny/?type=b150&src=https://cdn.crowdpic.net/detail-thumb/thumb_d_A481F08D636D7D87E718C5DDD8C0FB33.png,53,image_sim,2025-07-14T20:38:28.762233,317241121
치킨,2024-06,2024년 6월,"음식, 식사, food, 치킨, 닭, 사진,이미지,일러스트,캘리그라피 - 모먼트111작가 크라우드픽 - 저작권 걱정 없는 상업용 이미지",https://cdn.crowdpic.net/detail-thumb/thumb_d_B7833B98CF26CAA9C91E131B177A7B9A.jpg,https://search.pstatic.net/sunny/?type=b150&src=https://cdn.crowdpic.net/detail-thumb/thumb_d_B7833B98CF26CAA9C91E131B177A7B9A.jpg,53,image_sim,2025-07-14T20:38:28.763913,317241121
치킨,2024-06,2024년 6월,"음식, food, 치킨, 후라이드, 요리, 사진,이미지,일러스트,캘리그라피 - cooki작가 크라우드픽 - 저작권 걱정 없는 상업용 이미지",https://cdn.crowdpic.net/detail-thumb/thumb_d_523380D22FBAFB90F9C8359089C419CC.jpeg,https://search.pstatic.net/sunny/?type=b150&src=https://cdn.crowdpic.net/detail-thumb/thumb_d_523380D22FBAFB90F9C8359089C419CC.jpeg,53,image_sim,2025-07-14T20:38:28.763913,317241121
치킨,2024-06,2024년 6월,간장치킨 > 음식 | 이미지 사용조건이 까다롭지 않은 요리사진 100만컷,https://www.sk5.co.kr/neo/ns600/100/10008257.jpg,https://search.pstatic.net/sunny/?type=b150&src=https://www.sk5.co.kr/neo/ns600/100/10008257.jpg,53,image_sim,2025-07-14T20:38:28.763913,317241121
치킨,2024-06,2024년 6월,"food, 음식, 떡볶이, 치킨, 치즈, 사진,이미지,일러스트,캘리그라피 - shj040113작가 크라우드픽 - 저작권 걱정 없는 상업용 이미지",https://cdn.crowdpic.net/detail-thumb/thumb_d_E58D8503CE4B63572BAF9EA00139DA38.jpg,https://search.pstatic.net/sunny/?type=b150&src=https://cdn.crowdpic.net/detail-thumb/thumb_d_E58D8503CE4B63572BAF9EA00139DA38.jpg,53,image_sim,2025-07-14T20:38:28.765050,317241121
치킨,2024-06,2024년 6월,"음식, food, 치킨, 통닭, 마늘통닭, 사진,이미지,일러스트,캘리그라피 - 쏭월드작가 크라우드픽 - 저작권 걱정 없는 상업용 이미지",https://cdn.crowdpic.net/detail-thumb/thumb_d_E34538ED4F8CBCFC71878BC7CDFF9D48.jpg,https://search.pstatic.net/sunny/?type=b150&src=https://cdn.crowdpic.net/detail-thumb/thumb_d_E34538ED4F8CBCFC71878BC7CDFF9D48.jpg,53,image_sim,2025-07-14T20:38:28.765050,317241121
치킨,2024-06,2024년 6월,치킨정식 > 음식 | 이미지 사용조건이 까다롭지 않은 요리사진 100만컷,https://www.sk5.co.kr/neo/ns600/100/10008331.jpg,https://search.pstatic.net/sunny/?type=b150&src=https://www.sk5.co.kr/neo/ns600/100/10008331.jpg,53,image_sim,2025-07-14T20:38:28.765050,317241121
치킨,2024-06,2024년 6월,"음식, food, 치킨, 통닭, 옛날통닭, 사진,이미지,일러스트,캘리그라피 - 백경이작가 크라우드픽 - 저작권 걱정 없는 상업용 이미지",https://cdn.crowdpic.net/detail-thumb/thumb_d_59E1D8E7A37008C397FFC5377CE0CC4C.jpeg,https://search.pstatic.net/sunny/?type=b150&src=https://cdn.crowdpic.net/detail-thumb/thumb_d_59E1D8E7A37008C397FFC5377CE0CC4C.jpeg,53,image_sim,2025-07-14T20:38:28.765050,317241121
치킨,2024-06,2024년 6월,"food, 음식, 중식, 닭, 치킨, 사진,이미지,일러스트,캘리그라피 - wookella작가 크라우드픽 - 저작권 걱정 없는 상업용 이미지",https://cdn.crowdpic.net/detail-thumb/thumb_d_E791AE7957E6FD3348E49EB5CF7DE309.jpg,https://search.pstatic.net/sunny/?type=b150&src=https://cdn.crowdpic.net/detail-thumb/thumb_d_E791AE7957E6FD3348E49EB5CF7DE309.jpg,53,image_sim,2025-07-14T20:38:28.765050,317241121
치킨,2024-06,2024년 6월,"치킨, 후라이드, 통닭, 음식, food, 사진,이미지,일러스트,캘리그라피 - RAN2작가 크라우드픽 - 저작권 걱정 없는 상업용 이미지",https://cdn.crowdpic.net/detail-thumb/thumb_d_64CB4E91978BA0CF393A425DF3F29F5E.jpeg,https://search.pstatic.net/sunny/?type=b150&src=https://cdn.crowdpic.net/detail-thumb/thumb_d_64CB4E91978BA0CF393A425DF3F29F5E.jpeg,53,image_sim,2025-07-14T20:38:28.765050,317241121
치킨,2024-06,2024년 6월,"food, 음식, 치킨, 닭, 후라이드, 사진,이미지,일러스트,캘리그라피 - verybin작가 크라우드픽 - 저작권 걱정 없는 상업용 이미지",https://cdn.crowdpic.net/detail-thumb/thumb_d_2E5B058A9797CEACD10760CB0CBF08E4.jpeg,https://search.pstatic.net/sunny/?type=b150&src=https://cdn.crowdpic.net/detail-thumb/thumb_d_2E5B058A9797CEACD10760CB0CBF08E4.jpeg,53,image_sim,2025-07-14T20:38:28.765050,317241121
치킨,2024-06,2024년 6월,"food, 음식, 치킨, 닭고기, 튀김, 사진,이미지,일러스트,캘리그라피 - bearsijk작가 크라우드픽 - 저작권 걱정 없는 상업용 이미지",https://cdn.crowdpic.net/detail-thumb/thumb_d_AAC8E90AF44B9D3FE4E1A4B64B5F5BB5.jpg,https://search.pstatic.net/sunny/?type=b150&src=https://cdn.crowdpic.net/detail-thumb/thumb_d_AAC8E90AF44B9D3FE4E1A4B64B5F5BB5.jpg,53,image_sim,2025-07-14T20:38:28.765050,317241121
치킨,2024-06,2024년 6월,"food, 음식, 치킨, 닭, 닭고기, 사진,이미지,일러스트,캘리그라피 - neon0083작가 크라우드픽 - 저작권 걱정 없는 상업용 이미지",https://cdn.crowdpic.net/detail-thumb/thumb_d_18B72C896CA6840D932BABDFD21891D8.jpg,https://search.pstatic.net/sunny/?type=b150&src=https://cdn.crowdpic.net/detail-thumb/thumb_d_18B72C896CA6840D932BABDFD21891D8.jpg,53,image_sim,2025-07-14T20:38:28.765050,317241121
치킨,2024-06,2024.06,"음식, 식사, food, 치킨, 닭, 사진,이미지,일러스트,캘리그라피 - 모먼트111작가 크라우드픽 - 저작권 걱정 없는 상업용 이미지",https://cdn.crowdpic.net/detail-thumb/thumb_d_AC7F7A3A9C285714EE1D1B24AC7D15BC.jpg,https://search.pstatic.net/sunny/?type=b150&src=https://cdn.crowdpic.net/detail-thumb/thumb_d_AC7F7A3A9C285714EE1D1B24AC7D15BC.jpg,53,image_sim,2025-07-14T20:38:29.337813,317241121
치킨,2024-06,2024.06,"음식, 식사, food, meal, 치킨, 사진,이미지,일러스트,캘리그라피 - Dracula작가 크라우드픽 - 저작권 걱정 없는 상업용 이미지",https://cdn.crowdpic.net/detail-thumb/thumb_d_1F31A2FFD581F7DDFD5ADC78E9B4CF7D.jpg,https://search.pstatic.net/sunny/?type=b150&src=https://cdn.crowdpic.net/detail-thumb/thumb_d_1F31A2FFD581F7DDFD5ADC78E9B4CF7D.jpg,53,image_sim,2025-07-14T20:38:29.337813,317241121
치킨,2024-06,2024.06,"치킨, 음식, 식사, food, meal, 사진,이미지,일러스트,캘리그라피 - WindPath작가 크라우드픽 - 저작권 걱정 없는 상업용 이미지",https://cdn.crowdpic.net/detail-thumb/thumb_d_F9FA0136A0EB76D2630EEE18F686A2CA.jpg,https://search.pstatic.net/sunny/?type=b150&src=https://cdn.crowdpic.net/detail-thumb/thumb_d_F9FA0136A0EB76D2630EEE18F686A2CA.jpg,53,image_sim,2025-07-14T20:38:29.337813,317241121
치킨,2024-06,2024.06,"food, meat, 음식, 고기, 치킨, 사진,이미지,일러스트,캘리그라피 - 콩22작가 크라우드픽 - 저작권 걱정 없는 상업용 이미지",https://cdn.crowdpic.net/detail-thumb/thumb_d_3841081D90BDE90DA731E308DADF3E6F.jpeg,https://search.pstatic.net/sunny/?type=b150&src=https://cdn.crowdpic.net/detail-thumb/thumb_d_3841081D90BDE90DA731E308DADF3E6F.jpeg,53,image_sim,2025-07-14T20:38:29.337813,317241121
치킨,2024-06,2024.06,"food, 음식, meat, 고기, 치킨, 사진,이미지,일러스트,캘리그라피 - Njms1643작가 크라우드픽 - 저작권 걱정 없는 상업용 이미지",https://cdn.crowdpic.net/detail-thumb/thumb_d_C5AB392D2DDDBD8EEF3489EA3F678736.jpeg,https://search.pstatic.net/sunny/?type=b150&src=https://cdn.crowdpic.net/detail-thumb/thumb_d_C5AB392D2DDDBD8EEF3489EA3F678736.jpeg,53,image_sim,2025-07-14T20:38:29.337813,317241121
치킨,2024-06,2024.06,"food, 음식, 식사, 치킨, 채소, 사진,이미지,일러스트,캘리그라피 - 사진의신작가 크라우드픽 - 저작권 걱정 없는 상업용 이미지",https://cdn.crowdpic.net/detail-thumb/thumb_d_689C0475E79E779CE690C2FB5C0E11BA.jpg,https://search.pstatic.net/sunny/?type=b150&src=https://cdn.crowdpic.net/detail-thumb/thumb_d_689C0475E79E779CE690C2FB5C0E11BA.jpg,53,image_sim,2025-07-14T20:38:29.337813,317241121
치킨,2024-06,2024.06,"food, 음식, 치킨, 방어, 푸드, 사진,이미지,일러스트,캘리그라피 - micky9393작가 크라우드픽 - 저작권 걱정 없는 상업용 이미지",https://cdn.crowdpic.net/detail-thumb/thumb_d_AD8181492EC5B59A77EBECE30BC62FC0.jpeg,https://search.pstatic.net/sunny/?type=b150&src=https://cdn.crowdpic.net/detail-thumb/thumb_d_AD8181492EC5B59A77EBECE30BC62FC0.jpeg,53,image_sim,2025-07-14T20:38:29.337813,317241121
치킨,2025-06,2025.06,"치킨, 음식, 식사, food, meal, 사진,이미지,일러스트,캘리그라피 - WindPath작가 크라우드픽 - 저작권 걱정 없는 상업용 이미지",https://cdn.crowdpic.net/detail-thumb/thumb_d_F9FA0136A0EB76D2630EEE18F686A2CA.jpg,https://search.pstatic.net/sunny/?type=b150&src=https://cdn.crowdpic.net/detail-thumb/thumb_d_F9FA0136A0EB76D2630EEE18F686A2CA.jpg,53,image_sim,2025-07-14T20:38:33.526927,317241121
치킨,2025-06,2025.06,"음식, 식사, food, meal, 치킨, 사진,이미지,일러스트,캘리그라피 - Dracula작가 크라우드픽 - 저작권 걱정 없는 상업용 이미지",https://cdn.crowdpic.net/detail-thumb/thumb_d_1F31A2FFD581F7DDFD5ADC78E9B4CF7D.jpg,https://search.pstatic.net/sunny/?type=b150&src=https://cdn.crowdpic.net/detail-thumb/thumb_d_1F31A2FFD581F7DDFD5ADC78E9B4CF7D.jpg,53,image_sim,2025-07-14T20:38:33.526927,317241121
치킨,2025-06,2025.06,치킨 > 음식 | 이미지 사용조건이 까다롭지 않은 요리사진 100만컷,https://www.sk5.co.kr/neo/ns600/100/10008229.jpg,https://search.pstatic.net/sunny/?type=b150&src=https://www.sk5.co.kr/neo/ns600/100/10008229.jpg,53,image_sim,2025-07-14T20:38:33.528936,317241121
치킨,2025-06,2025.06,치킨 > 음식 | 이미지 사용조건이 까다롭지 않은 요리사진 100만컷,https://www.sk5.co.kr/neo/ns600/100/10008227.jpg,https://search.pstatic.net/sunny/?type=b150&src=https://www.sk5.co.kr/neo/ns600/100/10008227.jpg,53,image_sim,2025-07-14T20:38:33.528936,317241121
치킨,2025-06,2025.06,치킨 > 음식 | 이미지 사용조건이 까다롭지 않은 요리사진 100만컷,https://www.sk5.co.kr/neo/ns600/100/10008225.jpg,https://search.pstatic.net/sunny/?type=b150&src=https://www.sk5.co.kr/neo/ns600/100/10008225.jpg,53,image_sim,2025-07-14T20:38:33.528936,317241121
치킨,2025-06,2025.06,치킨 > 음식 | 이미지 사용조건이 까다롭지 않은 요리사진 100만컷,https://www.sk5.co.kr/neo/ns600/100/10008223.jpg,https://search.pstatic.net/sunny/?type=b150&src=https://www.sk5.co.kr/neo/ns600/100/10008223.jpg,53,image_sim,2025-07-14T20:38:33.528936,317241121
치킨,2025-06,2025.06,치킨 > 음식 | 이미지 사용조건이 까다롭지 않은 요리사진 100만컷,https://www.sk5.co.kr/neo/ns600/100/10008226.jpg,https://search.pstatic.net/sunny/?type=b150&src=https://www.sk5.co.kr/neo/ns600/100/10008226.jpg,53,image_sim,2025-07-14T20:38:33.528936,317241121
라면,2024-06,2024년 6월,라면 > 음식 | 이미지 사용조건이 까다롭지 않은 요리사진 100만컷,https://www.sk5.co.kr/neo/ns600/100/10014551.jpg,https://search.pstatic.net/sunny/?type=b150&src=https://www.sk5.co.kr/neo/ns600/100/10014551.jpg,53,image_sim,2025-07-14T20:38:36.301919,20473562
라면,2024-06,2024년 6월,라면 > 음식 | 이미지 사용조건이 까다롭지 않은 요리사진 100만컷,https://www.sk5.co.kr/neo/ns600/100/10014572.jpg,https://search.pstatic.net/sunny/?type=b150&src=https://www.sk5.co.kr/neo/ns600/100/10014572.jpg,53,image_sim,2025-07-14T20:38:36.301919,20473562
라면,2024-06,2024년 6월,라면 > 음식 | 이미지 사용조건이 까다롭지 않은 요리사진 100만컷,https://www.sk5.co.kr/neo/ns600/100/10014559.jpg,https://search.pstatic.net/sunny/?type=b150&src=https://www.sk5.co.kr/neo/ns600/100/10014559.jpg,53,image_sim,2025-07-14T20:38:36.301919,20473562
라면,2024-06,2024년 6월,라면 > 음식 | 이미지 사용조건이 까다롭지 않은 요리사진 100만컷,https://www.sk5.co.kr/neo/ns600/100/10014552.jpg,https://search.pstatic.net/sunny/?type=b150&src=https://www.sk5.co.kr/neo/ns600/100/10014552.jpg,53,image_sim,2025-07-14T20:38:36.301919,20473562
라면,2024-06,2024년 6월,라면 > 음식 | 이미지 사용조건이 까다롭지 않은 요리사진 100만컷,https://www.sk5.co.kr/neo/ns600/100/10014558.jpg,https://search.pstatic.net/sunny/?type=b150&src=https://www.sk5.co.kr/neo/ns600/100/10014558.jpg,53,image_sim,2025-07-14T20:38:36.301919,20473562
라면,2024-06,2024년 6월,라면 > 음식 | 이미지 사용조건이 까다롭지 않은 요리사진 100만컷,https://www.sk5.co.kr/neo/ns600/100/10014554.jpg,https://search.pstatic.net/sunny/?type=b150&src=https://www.sk5.co.kr/neo/ns600/100/10014554.jpg,53,image_sim,2025-07-14T20:38:36.301919,20473562
라면,2024-06,2024년 6월,라면모듬 > 음식 | 이미지 사용조건이 까다롭지 않은 요리사진 100만컷,https://www.sk5.co.kr/neo/ns600/100/10014585.jpg,https://search.pstatic.net/sunny/?type=b150&src=https://www.sk5.co.kr/neo/ns600/100/10014585.jpg,53,image_sim,2025-07-14T20:38:36.301919,20473562
라면,2024-06,2024년 6월,"food, 음식, 요리, ramen, 라면, 사진,이미지,일러스트,캘리그라피 - ailankim작가 크라우드픽 - 저작권 걱정 없는 상업용 이미지",https://cdn.crowdpic.net/detail-thumb/thumb_d_B09A6C4E9EDF3E19263517EC6AAF7955.jpeg,https://search.pstatic.net/sunny/?type=b150&src=https://cdn.crowdpic.net/detail-thumb/thumb_d_B09A6C4E9EDF3E19263517EC6AAF7955.jpeg,53,image_sim,2025-07-14T20:38:36.303933,20473562
라면,2024-06,2024년 6월,"라면, food, 음식, 식사, meal, 사진,이미지,일러스트,캘리그라피 - Clark작가 크라우드픽 - 저작권 걱정 없는 상업용 이미지",https://cdn.crowdpic.net/detail-thumb/thumb_d_5FB104CCD4397E8F27D87AF7E08A3DA8.jpg,https://search.pstatic.net/sunny/?type=b150&src=https://cdn.crowdpic.net/detail-thumb/thumb_d_5FB104CCD4397E8F27D87AF7E08A3DA8.jpg,53,image_sim,2025-07-14T20:38:36.303933,20473562
라면,2024-06,2024년 6월,"라면, 한국음식, 양은냄비, food, 음식, 사진,이미지,일러스트,캘리그라피 - 댜냐작가 크라우드픽 - 저작권 걱정 없는 상업용 이미지",https://cdn.crowdpic.net/detail-thumb/thumb_d_65CDBD3238C301B7DC7AAD4E72885E47.png,https://search.pstatic.net/sunny/?type=b150&src=https://cdn.crowdpic.net/detail-thumb/thumb_d_65CDBD3238C301B7DC7AAD4E72885E47.png,53,image_sim,2025-07-14T20:38:36.303933,20473562
라면,2024-06,2024년 6월,"라면, 음식, food, 계란, egg, 사진,이미지,일러스트,캘리그라피 - sopy작가 크라우드픽 - 저작권 걱정 없는 상업용 이미지",https://cdn.crowdpic.net/detail-thumb/thumb_d_1695E9D81BA0A42D7E2D9B2D28D9F4E1.jpg,https://search.pstatic.net/sunny/?type=b150&src=https://cdn.crowdpic.net/detail-thumb/thumb_d_1695E9D81BA0A42D7E2D9B2D28D9F4E1.jpg,53,image_sim,2025-07-14T20:38:36.303933,20473562
라면,2024-06,2024년 6월,"food, 음식, 밀가루음식, 면음식, 라면, 사진,이미지,일러스트,캘리그라피 - 혜혜 s2작가 크라우드픽 - 저작권 걱정 없는 상업용 이미지",https://cdn.crowdpic.net/detail-thumb/thumb_d_E48F508546A3EAB39D83EEDA8039B4B7.jpg,https://search.pstatic.net/sunny/?type=b150&src=https://cdn.crowdpic.net/detail-thumb/thumb_d_E48F508546A3EAB39D83EEDA8039B4B7.jpg,53,image_sim,2025-07-14T20:38:36.303933,20473562
라면,2024-06,2024년 6월,냄비라면 > 음식 | 이미지 사용조건이 까다롭지 않은 요리사진 100만컷,https://www.sk5.co.kr/neo/ns600/100/10014496.jpg,https://search.pstatic.net/sunny/?type=b150&src=https://www.sk5.co.kr/neo/ns600/100/10014496.jpg,53,image_sim,2025-07-14T20:38:36.305940,20473562
라면,2024-06,2024년 6월,"food, 음식, 요리, 떡볶이, 라면, 사진,이미지,일러스트,캘리그라피 - 공공주작가 크라우드픽 - 저작권 걱정 없는 상업용 이미지",https://cdn.crowdpic.net/detail-thumb/thumb_d_5E768A231D8B589F982AF2536A892CFF.jpg,https://search.pstatic.net/sunny/?type=b150&src=https://cdn.crowdpic.net/detail-thumb/thumb_d_5E768A231D8B589F982AF2536A892CFF.jpg,53,image_sim,2025-07-14T20:38:36.305940,20473562
라면,2024-06,2024.06,라면 > 음식 | 이미지 사용조건이 까다롭지 않은 요리사진 100만컷,https://www.sk5.co.kr/neo/ns600/100/10014556.jpg,https://search.pstatic.net/sunny/?type=b150&src=https://www.sk5.co.kr/neo/ns600/100/10014556.jpg,53,image_sim,2025-07-14T20:38:36.854940,20473562
라면,2024-06,24년 6월,쑥갓라면 > 음식 | 이미지 사용조건이 까다롭지 않은 요리사진 100만컷,https://www.sk5.co.kr/neo/ns600/100/10014731.jpg,https://search.pstatic.net/sunny/?type=b150&src=https://www.sk5.co.kr/neo/ns600/100/10014731.jpg,53,image_sim,2025-07-14T20:38:37.414805,20473562
라면,2024-06,24년 6월,바지락라면 > 음식 | 이미지 사용조건이 까다롭지 않은 요리사진 100만컷,https://www.sk5.co.kr/neo/ns600/100/10014631.jpg,https://search.pstatic.net/sunny/?type=b150&src=https://www.sk5.co.kr/neo/ns600/100/10014631.jpg,53,image_sim,2025-07-14T20:38:37.414805,20473562
라면,2024-06,24년 6월,"라면, ramen, noodle, 음식, food, 사진,이미지,일러스트,캘리그라피 - 빈앤온작가 크라우드픽 - 저작권 걱정 없는 상업용 이미지",https://cdn.crowdpic.net/detail-thumb/thumb_d_2F5D1B6AEE6036BECA1D2BBE0EC45202.jpg,https://search.pstatic.net/sunny/?type=b150&src=https://cdn.crowdpic.net/detail-thumb/thumb_d_2F5D1B6AEE6036BECA1D2BBE0EC45202.jpg,53,image_sim,2025-07-14T20:38:37.414805,20473562
라면,2024-06,24년 6월,"라면, ramen, noodle, 음식, food, 사진,이미지,일러스트,캘리그라피 - 빈앤온작가 크라우드픽 - 저작권 걱정 없는 상업용 이미지",https://cdn.crowdpic.net/detail-thumb/thumb_d_763AFA777AD6FE346A8362BAC4D71DA1.jpg,https://search.pstatic.net/sunny/?type=b150&src=https://cdn.crowdpic.net/detail-thumb/thumb_d_763AFA777AD6FE346A8362BAC4D71DA1.jpg,53,image_sim,2025-07-14T20:38:37.414805,20473562
라면,2024-06,24년 6월,떡라면 > 음식 | 이미지 사용조건이 까다롭지 않은 요리사진 100만컷,https://www.sk5.co.kr/neo/ns600/100/10014528.jpg,https://search.pstatic.net/sunny/?type=b150&src=https://www.sk5.co.kr/neo/ns600/100/10014528.jpg,53,image_sim,2025-07-14T20:38:37.414805,20473562
라면,2024-06,24년 6월,떡라면 > 음식 | 이미지 사용조건이 까다롭지 않은 요리사진 100만컷,https://www.sk5.co.kr/neo/ns600/100/10014541.jpg,https://search.pstatic.net/sunny/?type=b150&src=https://www.sk5.co.kr/neo/ns600/100/10014541.jpg,53,image_sim,2025-07-14T20:38:37.414805,20473562
라면,2024-06,24년 6월,등심라면 > 음식 | 이미지 사용조건이 까다롭지 않은 요리사진 100만컷,https://www.sk5.co.kr/neo/ns600/100/10014523.jpg,https://search.pstatic.net/sunny/?type=b150&src=https://www.sk5.co.kr/neo/ns600/100/10014523.jpg,53,image_sim,2025-07-14T20:38:37.414805,20473562
라면,2024-06,24년 6월,등심라면 > 음식 | 이미지 사용조건이 까다롭지 않은 요리사진 100만컷,https://www.sk5.co.kr/neo/ns600/100/10014522.jpg,https://search.pstatic.net/sunny/?type=b150&src=https://www.sk5.co.kr/neo/ns600/100/10014522.jpg,53,image_sim,2025-07-14T20:38:37.414805,20473562
라면,2024-06,24년 6월,"라면, 음식, food, meel, 식사, 사진,이미지,일러스트,캘리그라피 - exit3968작가 크라우드픽 - 저작권 걱정 없는 상업용 이미지",https://cdn.crowdpic.net/detail-thumb/thumb_d_5B61A304BAA5C0FC889ACD23350493CF.jpg,https://search.pstatic.net/sunny/?type=b150&src=https://cdn.crowdpic.net/detail-thumb/thumb_d_5B61A304BAA5C0FC889ACD23350493CF.jpg,53,image_sim,2025-07-14T20:38:37.414805,20473562
라면,2024-06,24년 6월,깻잎라면 > 음식 | 이미지 사용조건이 까다롭지 않은 요리사진 100만컷,https://www.sk5.co.kr/neo/ns600/100/10014480.jpg,https://search.pstatic.net/sunny/?type=b150&src=https://www.sk5.co.kr/neo/ns600/100/10014480.jpg,53,image_sim,2025-07-14T20:38:37.414805,20473562
라면,2024-06,24년 6월,떡라면 > 음식 | 이미지 사용조건이 까다롭지 않은 요리사진 100만컷,https://www.sk5.co.kr/neo/ns600/100/10014529.jpg,https://search.pstatic.net/sunny/?type=b150&src=https://www.sk5.co.kr/neo/ns600/100/10014529.jpg,53,image_sim,2025-07-14T20:38:37.414805,20473562
라면,2024-06,24년 6월,해장라면 > 음식 | 이미지 사용조건이 까다롭지 않은 요리사진 100만컷,https://www.sk5.co.kr/neo/ns600/100/10014925.jpg,https://search.pstatic.net/sunny/?type=b150&src=https://www.sk5.co.kr/neo/ns600/100/10014925.jpg,53,image_sim,2025-07-14T20:38:37.414805,20473562
라면,2024-06,24년 6월,해장라면 > 음식 | 이미지 사용조건이 까다롭지 않은 요리사진 100만컷,https://www.sk5.co.kr/neo/ns600/100/10014928.jpg,https://search.pstatic.net/sunny/?type=b150&src=https://www.sk5.co.kr/neo/ns600/100/10014928.jpg,53,image_sim,2025-07-14T20:38:37.414805,20473562
라면,2024-06,24년 6월,냉라면 > 음식 | 이미지 사용조건이 까다롭지 않은 요리사진 100만컷,https://www.sk5.co.kr/neo/ns600/100/10014506.jpg,https://search.pstatic.net/sunny/?type=b150&src=https://www.sk5.co.kr/neo/ns600/100/10014506.jpg,53,image_sim,2025-07-14T20:38:37.414805,20473562
라면,2025-06,2025년 6월,"라면, 음식, food, 계란, egg, 사진,이미지,일러스트,캘리그라피 - sopy작가 크라우드픽 - 저작권 걱정 없는 상업용 이미지",https://cdn.crowdpic.net/detail-thumb/thumb_d_1695E9D81BA0A42D7E2D9B2D28D9F4E1.jpg,https://search.pstatic.net/sunny/?type=b150&src=https://cdn.crowdpic.net/detail-thumb/thumb_d_1695E9D81BA0A42D7E2D9B2D28D9F4E1.jpg,53,image_date,2025-07-14T20:38:40.009317,20473562
라면,2025-06,2025.06,라면 > 음식 | 이미지 사용조건이 까다롭지 않은 요리사진 100만컷,https://www.sk5.co.kr/neo/ns600/100/10014556.jpg,https://search.pstatic.net/sunny/?type=b150&src=https://www.sk5.co.kr/neo/ns600/100/10014556.jpg,53,image_sim,2025-07-14T20:38:41.113411,20473562
라면,2025-06,2025.06,라면 > 음식 | 이미지 사용조건이 까다롭지 않은 요리사진 100만컷,https://www.sk5.co.kr/neo/ns600/100/10014552.jpg,https://search.pstatic.net/sunny/?type=b150&src=https://www.sk5.co.kr/neo/ns600/100/10014552.jpg,53,image_sim,2025-07-14T20:38:41.113411,20473562
라면,2025-06,2025.06,라면 > 음식 | 이미지 사용조건이 까다롭지 않은 요리사진 100만컷,https://www.sk5.co.kr/neo/ns600/100/10014558.jpg,https://search.pstatic.net/sunny/?type=b150&src=https://www.sk5.co.kr/neo/ns600/100/10014558.jpg,53,image_sim,2025-07-14T20:38:41.113411,20473562
라면,2025-06,2025.06,라면 > 음식 | 이미지 사용조건이 까다롭지 않은 요리사진 100만컷,https://www.sk5.co.kr/neo/ns600/100/10014551.jpg,https://search.pstatic.net/sunny/?type=b150&src=https://www.sk5.co.kr/neo/ns600/100/10014551.jpg,53,image_sim,2025-07-14T20:38:41.113411,20473562
라면,2025-06,2025.06,라면 > 음식 | 이미지 사용조건이 까다롭지 않은 요리사진 100만컷,https://www.sk5.co.kr/neo/ns600/100/10014572.jpg,https://search.pstatic.net/sunny/?type=b150&src=https://www.sk5.co.kr/neo/ns600/100/10014572.jpg,53,image_sim,2025-07-14T20:38:41.113411,20473562
라면,2025-06,2025.06,라면 > 음식 | 이미지 사용조건이 까다롭지 않은 요리사진 100만컷,https://www.sk5.co.kr/neo/ns600/100/10014554.jpg,https://search.pstatic.net/sunny/?type=b150&src=https://www.sk5.co.kr/neo/ns600/100/10014554.jpg,53,image_sim,2025-07-14T20:38:41.113411,20473562
라면,2025-06,2025.06,라면모듬 > 음식 | 이미지 사용조건이 까다롭지 않은 요리사진 100만컷,https://www.sk5.co.kr/neo/ns600/100/10014585.jpg,https://search.pstatic.net/sunny/?type=b150&src=https://www.sk5.co.kr/neo/ns600/100/10014585.jpg,53,image_sim,2025-07-14T20:38:41.113411,20473562
라면,2025-06,2025.06,"food, 음식, 요리, ramen, 라면, 사진,이미지,일러스트,캘리그라피 - ailankim작가 크라우드픽 - 저작권 걱정 없는 상업용 이미지",https://cdn.crowdpic.net/detail-thumb/thumb_d_B09A6C4E9EDF3E19263517EC6AAF7955.jpeg,https://search.pstatic.net/sunny/?type=b150&src=https://cdn.crowdpic.net/detail-thumb/thumb_d_B09A6C4E9EDF3E19263517EC6AAF7955.jpeg,53,image_sim,2025-07-14T20:38:41.113411,20473562
라면,2025-06,2025.06,"라면, food, 음식, 식사, meal, 사진,이미지,일러스트,캘리그라피 - Clark작가 크라우드픽 - 저작권 걱정 없는 상업용 이미지",https://cdn.crowdpic.net/detail-thumb/thumb_d_5FB104CCD4397E8F27D87AF7E08A3DA8.jpg,https://search.pstatic.net/sunny/?type=b150&src=https://cdn.crowdpic.net/detail-thumb/thumb_d_5FB104CCD4397E8F27D87AF7E08A3DA8.jpg,53,image_sim,2025-07-14T20:38:41.113411,20473562
라면,2025-06,2025.06,"라면, 한국음식, 양은냄비, food, 음식, 사진,이미지,일러스트,캘리그라피 - 댜냐작가 크라우드픽 - 저작권 걱정 없는 상업용 이미지",https://cdn.crowdpic.net/detail-thumb/thumb_d_65CDBD3238C301B7DC7AAD4E72885E47.png,https://search.pstatic.net/sunny/?type=b150&src=https://cdn.crowdpic.net/detail-thumb/thumb_d_65CDBD3238C301B7DC7AAD4E72885E47.png,53,image_sim,2025-07-14T20:38:41.113411,20473562
라면,2025-06,2025.06,"food, 음식, 밀가루음식, 면음식, 라면, 사진,이미지,일러스트,캘리그라피 - 혜혜 s2작가 크라우드픽 - 저작권 걱정 없는 상업용 이미지",https://cdn.crowdpic.net/detail-thumb/thumb_d_E48F508546A3EAB39D83EEDA8039B4B7.jpg,https://search.pstatic.net/sunny/?type=b150&src=https://cdn.crowdpic.net/detail-thumb/thumb_d_E48F508546A3EAB39D83EEDA8039B4B7.jpg,53,image_sim,2025-07-14T20:38:41.113411,20473562
라면,2025-06,2025.06,냄비라면 > 음식 | 이미지 사용조건이 까다롭지 않은 요리사진 100만컷,https://www.sk5.co.kr/neo/ns600/100/10014496.jpg,https://search.pstatic.net/sunny/?type=b150&src=https://www.sk5.co.kr/neo/ns600/100/10014496.jpg,53,image_sim,2025-07-14T20:38:41.113411,20473562
라면,2025-06,2025.06,"food, 음식, 요리, 떡볶이, 라면, 사진,이미지,일러스트,캘리그라피 - 공공주작가 크라우드픽 - 저작권 걱정 없는 상업용 이미지",https://cdn.crowdpic.net/detail-thumb/thumb_d_5E768A231D8B589F982AF2536A892CFF.jpg,https://search.pstatic.net/sunny/?type=b150&src=https://cdn.crowdpic.net/detail-thumb/thumb_d_5E768A231D8B589F982AF2536A892CFF.jpg,53,image_sim,2025-07-14T20:38:41.113411,20473562
라면,2025-06,25년 6월,쑥갓라면 > 음식 | 이미지 사용조건이 까다롭지 않은 요리사진 100만컷,https://www.sk5.co.kr/neo/ns600/100/10014731.jpg,https://search.pstatic.net/sunny/?type=b150&src=https://www.sk5.co.kr/neo/ns600/100/10014731.jpg,53,image_sim,2025-07-14T20:38:41.707769,20473562
라면,2025-06,25년 6월,바지락라면 > 음식 | 이미지 사용조건이 까다롭지 않은 요리사진 100만컷,https://www.sk5.co.kr/neo/ns600/100/10014631.jpg,https://search.pstatic.net/sunny/?type=b150&src=https://www.sk5.co.kr/neo/ns600/100/10014631.jpg,53,image_sim,2025-07-14T20:38:41.707769,20473562
라면,2025-06,25년 6월,"라면, ramen, noodle, 음식, food, 사진,이미지,일러스트,캘리그라피 - 빈앤온작가 크라우드픽 - 저작권 걱정 없는 상업용 이미지",https://cdn.crowdpic.net/detail-thumb/thumb_d_763AFA777AD6FE346A8362BAC4D71DA1.jpg,https://search.pstatic.net/sunny/?type=b150&src=https://cdn.crowdpic.net/detail-thumb/thumb_d_763AFA777AD6FE346A8362BAC4D71DA1.jpg,53,image_sim,2025-07-14T20:38:41.707769,20473562
라면,2025-06,25년 6월,"라면, ramen, noodle, 음식, food, 사진,이미지,일러스트,캘리그라피 - 빈앤온작가 크라우드픽 - 저작권 걱정 없는 상업용 이미지",https://cdn.crowdpic.net/detail-thumb/thumb_d_2F5D1B6AEE6036BECA1D2BBE0EC45202.jpg,https://search.pstatic.net/sunny/?type=b150&src=https://cdn.crowdpic.net/detail-thumb/thumb_d_2F5D1B6AEE6036BECA1D2BBE0EC45202.jpg,53,image_sim,2025-07-14T20:38:41.707769,20473562
라면,2025-06,25년 6월,떡라면 > 음식 | 이미지 사용조건이 까다롭지 않은 요리사진 100만컷,https://www.sk5.co.kr/neo/ns600/100/10014528.jpg,https://search.pstatic.net/sunny/?type=b150&src=https://www.sk5.co.kr/neo/ns600/100/10014528.jpg,53,image_sim,2025-07-14T20:38:41.707769,20473562
라면,2025-06,25년 6월,떡라면 > 음식 | 이미지 사용조건이 까다롭지 않은 요리사진 100만컷,https://www.sk5.co.kr/neo/ns600/100/10014541.jpg,https://search.pstatic.net/sunny/?type=b150&src=https://www.sk5.co.kr/neo/ns600/100/10014541.jpg,53,image_sim,2025-07-14T20:38:41.707769,20473562
피자,2024-06,2024년 6월,피자 > 음식 | 이미지 사용조건이 까다롭지 않은 요리사진 100만컷,https://www.sk5.co.kr/neo/ns600/100/10044762.jpg,https://search.pstatic.net/sunny/?type=b150&src=https://www.sk5.co.kr/neo/ns600/100/10044762.jpg,53,image_sim,2025-07-14T20:38:43.807618,15782041
피자,2024-06,2024년 6월,피자 > 음식 | 이미지 사용조건이 까다롭지 않은 요리사진 100만컷,https://www.sk5.co.kr/neo/ns600/100/10044781.jpg,https://search.pstatic.net/sunny/?type=b150&src=https://www.sk5.co.kr/neo/ns600/100/10044781.jpg,53,image_sim,2025-07-14T20:38:43.807618,15782041
피자,2024-06,2024년 6월,피자 > 음식 | 이미지 사용조건이 까다롭지 않은 요리사진 100만컷,https://www.sk5.co.kr/neo/ns600/100/10044763.jpg,https://search.pstatic.net/sunny/?type=b150&src=https://www.sk5.co.kr/neo/ns600/100/10044763.jpg,53,image_sim,2025-07-14T20:38:43.807618,15782041
피자,2024-06,2024년 6월,피자 > 음식 | 이미지 사용조건이 까다롭지 않은 요리사진 100만컷,https://www.sk5.co.kr/neo/ns600/100/10044780.jpg,https://search.pstatic.net/sunny/?type=b150&src=https://www.sk5.co.kr/neo/ns600/100/10044780.jpg,53,image_sim,2025-07-14T20:38:43.807618,15782041
피자,2024-06,2024년 6월,"피자, pizza, 음식, food, 식사, 사진,이미지,일러스트,캘리그라피 - keeper작가 크라우드픽 - 저작권 걱정 없는 상업용 이미지",https://cdn.crowdpic.net/detail-thumb/thumb_d_EFE6741DDE9766F787C73DBD615BD39D.jpg,https://search.pstatic.net/sunny/?type=b150&src=https://cdn.crowdpic.net/detail-thumb/thumb_d_EFE6741DDE9766F787C73DBD615BD39D.jpg,53,image_sim,2025-07-14T20:38:43.807618,15782041
피자,2024-06,2024년 6월,"food, 음식, pizza, 피자, meal, 사진,이미지,일러스트,캘리그라피 - 웹곰작가 크라우드픽 - 저작권 걱정 없는 상업용 이미지",https://cdn.crowdpic.net/detail-thumb/thumb_d_341C4AFD52922DAD35DE3F968C26A0DD.jpg,https://search.pstatic.net/sunny/?type=b150&src=https://cdn.crowdpic.net/detail-thumb/thumb_d_341C4AFD52922DAD35DE3F968C26A0DD.jpg,53,image_sim,2025-07-14T20:38:43.807618,15782041
피자,2024-06,2024년 6월,"pizza, 피자, food, 음식, dish, 사진,이미지,일러스트,캘리그라피 - 고고밍작가 크라우드픽 - 저작권 걱정 없는 상업용 이미지",https://cdn.crowdpic.net/detail-thumb/thumb_d_37F7E5D9EF78DF1D226977EEE7CDD0A8.jpg,https://search.pstatic.net/sunny/?type=b150&src=https://cdn.crowdpic.net/detail-thumb/thumb_d_37F7E5D9EF78DF1D226977EEE7CDD0A8.jpg,53,image_sim,2025-07-14T20:38:43.807618,15782041
피자,2024-06,2024년 6월,"pizza, 피자, food, 음식, red, 사진,이미지,일러스트,캘리그라피 - na9804작가 크라우드픽 - 저작권 걱정 없는 상업용 이미지",https://cdn.crowdpic.net/detail-thumb/thumb_d_DE26C0BB7E6CCF05A6A4788AD351585C.jpg,https://search.pstatic.net/sunny/?type=b150&src=https://cdn.crowdpic.net/detail-thumb/thumb_d_DE26C0BB7E6CCF05A6A4788AD351585C.jpg,53,image_sim,2025-07-14T20:38:43.807618,15782041
피자,2024-06,2024년 6월,"pizza, 피자, food, 음식, dish, 사진,이미지,일러스트,캘리그라피 - 후이작가 크라우드픽 - 저작권 걱정 없는 상업용 이미지",https://cdn.crowdpic.net/detail-thumb/thumb_d_FDA20B9535594C4C4F3CAF7F0A84213E.jpg,https://search.pstatic.net/sunny/?type=b150&src=https://cdn.crowdpic.net/detail-thumb/thumb_d_FDA20B9535594C4C4F3CAF7F0A84213E.jpg,53,image_sim,2025-07-14T20:38:43.807618,15782041
피자,2024-06,2024년 6월,"food, 음식, pizza, 피자, meal, 사진,이미지,일러스트,캘리그라피 - goms작가 크라우드픽 - 저작권 걱정 없는 상업용 이미지",https://cdn.crowdpic.net/detail-thumb/thumb_d_5E5FCE977598F2A0BED5FD0B385A1B3F.jpg,https://search.pstatic.net/sunny/?type=b150&src=https://cdn.crowdpic.net/detail-thumb/thumb_d_5E5FCE977598F2A0BED5FD0B385A1B3F.jpg,53,image_sim,2025-07-14T20:38:43.807618,15782041
피자,2024-06,2024년 6월,"피자, pizza, 음식, food, meal, 사진,이미지,일러스트,캘리그라피 - 엉클죠작가 크라우드픽 - 저작권 걱정 없는 상업용 이미지",https://cdn.crowdpic.net/detail-thumb/thumb_d_04BAF1915FEBBEFFF9655CB5696C11F1.jpg,https://search.pstatic.net/sunny/?type=b150&src=https://cdn.crowdpic.net/detail-thumb/thumb_d_04BAF1915FEBBEFFF9655CB5696C11F1.jpg,53,image_sim,2025-07-14T20:38:43.807618,15782041
피자,2024-06,2024년 6월,"food, 음식, pizza, 피자, meal, 사진,이미지,일러스트,캘리그라피 - 라로셸작가 크라우드픽 - 저작권 걱정 없는 상업용 이미지",https://cdn.crowdpic.net/detail-thumb/thumb_d_6EB0FBC586F6AF331E056ECA5B0FB5BF.png,https://search.pstatic.net/sunny/?type=b150&src=https://cdn.crowdpic.net/detail-thumb/thumb_d_6EB0FBC586F6AF331E056ECA5B0FB5BF.png,53,image_sim,2025-07-14T20:38:43.807618,15782041
피자,2024-06,2024년 6월,"food, 음식, pizza, 피자, meal, 사진,이미지,일러스트,캘리그라피 - 일상사진들작가 크라우드픽 - 저작권 걱정 없는 상업용 이미지",https://cdn.crowdpic.net/detail-thumb/thumb_d_BE8865A0D20DE727A26DF33AAF8FF7D4.jpg,https://search.pstatic.net/sunny/?type=b150&src=https://cdn.crowdpic.net/detail-thumb/thumb_d_BE8865A0D20DE727A26DF33AAF8FF7D4.jpg,53,image_sim,2025-07-14T20:38:43.807618,15782041
피자,2024-06,2024년 6월,"pizza, 피자, food, 음식, dish, 사진,이미지,일러스트,캘리그라피 - SKS57작가 크라우드픽 - 저작권 걱정 없는 상업용 이미지",https://cdn.crowdpic.net/detail-thumb/thumb_d_444E6BB2CC73BAFEF6DD82AF5815DBA7.jpg,https://search.pstatic.net/sunny/?type=b150&src=https://cdn.crowdpic.net/detail-thumb/thumb_d_444E6BB2CC73BAFEF6DD82AF5815DBA7.jpg,53,image_sim,2025-07-14T20:38:43.807618,15782041
피자,2024-06,2024년 6월,"food, 음식, pizza, 피자, plate, 사진,이미지,일러스트,캘리그라피 - 콩쮸니작가 크라우드픽 - 저작권 걱정 없는 상업용 이미지",https://cdn.crowdpic.net/detail-thumb/thumb_d_83D782DE5BD15FCC4CB70AEBD82C724C.jpg,https://search.pstatic.net/sunny/?type=b150&src=https://cdn.crowdpic.net/detail-thumb/thumb_d_83D782DE5BD15FCC4CB70AEBD82C724C.jpg,53,image_sim,2025-07-14T20:38:43.807618,15782041
피자,2024-06,2024년 6월,"food, 음식, pizza, 피자, brunch, 사진,이미지,일러스트,캘리그라피 - 갓봄작가 크라우드픽 - 저작권 걱정 없는 상업용 이미지",https://cdn.crowdpic.net/detail-thumb/thumb_d_2AC0D3A5186D1057A77230E724F1FEFD.jpg,https://search.pstatic.net/sunny/?type=b150&src=https://cdn.crowdpic.net/detail-thumb/thumb_d_2AC0D3A5186D1057A77230E724F1FEFD.jpg,53,image_sim,2025-07-14T20:38:43.807618,15782041
피자,2024-06,2024.06,"food, 음식, pizza, oven, 피자, 사진,이미지,일러스트,캘리그라피 - 클리어작가 크라우드픽 - 저작권 걱정 없는 상업용 이미지",https://cdn.crowdpic.net/detail-thumb/thumb_d_1FB4CA0A4FCF20E61F45F2FBE4766367.jpg,https://search.pstatic.net/sunny/?type=b150&src=https://cdn.crowdpic.net/detail-thumb/thumb_d_1FB4CA0A4FCF20E61F45F2FBE4766367.jpg,53,image_sim,2025-07-14T20:38:44.366872,15782041
피자,2024-06,2024.06,"음식, 피자, 양식, pizza, food, 사진,이미지,일러스트,캘리그라피 - 다원작가 크라우드픽 - 저작권 걱정 없는 상업용 이미지",https://cdn.crowdpic.net/detail-thumb/thumb_d_1C03A4E393376087EDCB33F76BE1ABED.jpeg,https://search.pstatic.net/sunny/?type=b150&src=https://cdn.crowdpic.net/detail-thumb/thumb_d_1C03A4E393376087EDCB33F76BE1ABED.jpeg,53,image_sim,2025-07-14T20:38:44.366872,15782041
피자,2024-06,2024.06,"food, 음식, pizza, 피자, bread, 사진,이미지,일러스트,캘리그라피 - 메리작가 크라우드픽 - 저작권 걱정 없는 상업용 이미지",https://cdn.crowdpic.net/detail-thumb/thumb_d_0BF3697CCC4EA1E4F82B34B98EDD6341.jpg,https://search.pstatic.net/sunny/?type=b150&src=https://cdn.crowdpic.net/detail-thumb/thumb_d_0BF3697CCC4EA1E4F82B34B98EDD6341.jpg,53,image_sim,2025-07-14T20:38:44.366872,15782041
피자,2024-06,2024.06,"food, 음식, pizza, 피자, 식사, 사진,이미지,일러스트,캘리그라피 - god6745작가 크라우드픽 - 저작권 걱정 없는 상업용 이미지",https://cdn.crowdpic.net/detail-thumb/thumb_d_F8EA9A5FC3AE3842DC7B61D8CDD15774.jpg,https://search.pstatic.net/sunny/?type=b150&src=https://cdn.crowdpic.net/detail-thumb/thumb_d_F8EA9A5FC3AE3842DC7B61D8CDD15774.jpg,53,image_sim,2025-07-14T20:38:44.366872,15782041
피자,2024-06,2024.06,"음식, food, 피자, pizza, 식사, 사진,이미지,일러스트,캘리그라피 - 모먼트111작가 크라우드픽 - 저작권 걱정 없는 상업용 이미지",https://cdn.crowdpic.net/detail-thumb/thumb_d_66A92F69AD9F5DB9FBCAAFC0002FCAF9.jpg,https://search.pstatic.net/sunny/?type=b150&src=https://cdn.crowdpic.net/detail-thumb/thumb_d_66A92F69AD9F5DB9FBCAAFC0002FCAF9.jpg,53,image_sim,2025-07-14T20:38:44.366872,15782041
피자,2024-06,2024.06,"피자, 음식, pizza, food, 빵, 사진,이미지,일러스트,캘리그라피 - 꾸수작가 크라우드픽 - 저작권 걱정 없는 상업용 이미지",https://cdn.crowdpic.net/detail-thumb/thumb_d_EC8220405ADB4FDBC3C209C3CEFD5F3D.png,https://search.pstatic.net/sunny/?type=b150&src=https://cdn.crowdpic.net/detail-thumb/thumb_d_EC8220405ADB4FDBC3C209C3CEFD5F3D.png,53,image_sim,2025-07-14T20:38:44.366872,15782041
피자,2024-06,2024.06,"음식, 피자, food, pizza, 요리, 사진,이미지,일러스트,캘리그라피 - jessie522작가 크라우드픽 - 저작권 걱정 없는 상업용 이미지",https://cdn.crowdpic.net/detail-thumb/thumb_d_A24797AFAA18283CE11CE4E3BF258261.jpeg,https://search.pstatic.net/sunny/?type=b150&src=https://cdn.crowdpic.net/detail-thumb/thumb_d_A24797AFAA18283CE11CE4E3BF258261.jpeg,53,image_sim,2025-07-14T20:38:44.366872,15782041
피자,2024-06,2024.06,"pizza, 피자, food, 음식, 양식, 사진,이미지,일러스트,캘리그라피 - PTB작가 크라우드픽 - 저작권 걱정 없는 상업용 이미지",https://cdn.crowdpic.net/detail-thumb/thumb_d_EAFAF023313B4B189BA08470C734C8C6.jpg,https://search.pstatic.net/sunny/?type=b150&src=https://cdn.crowdpic.net/detail-thumb/thumb_d_EAFAF023313B4B189BA08470C734C8C6.jpg,53,image_sim,2025-07-14T20:38:44.366872,15782041
피자,2024-06,2024.06,"food, 음식, pizza, 피자, 요리, 사진,이미지,일러스트,캘리그라피 - neon0083작가 크라우드픽 - 저작권 걱정 없는 상업용 이미지",https://cdn.crowdpic.net/detail-thumb/thumb_d_5C736FEFE6B08542ECDD875B7C33F807.jpg,https://search.pstatic.net/sunny/?type=b150&src=https://cdn.crowdpic.net/detail-thumb/thumb_d_5C736FEFE6B08542ECDD875B7C33F807.jpg,53,image_sim,2025-07-14T20:38:44.366872,15782041
피자,2024-06,24년 6월,"음식, 피자 치즈, 유럽 음식, 즈 위벨 카헨 2967x1834 - - 648646 - 무료 이미지 - PxHere 무료 이미지 : 요리, 식품, 맛있는, 토마토, 빵 껍질...",https://c.pxhere.com/photos/c4/c5/pizza_cheese_olives_crust_delicious_tomato-648646.jpg!d,https://search.pstatic.net/sunny/?type=b150&src=https://c.pxhere.com/photos/c4/c5/pizza_cheese_olives_crust_delicious_tomato-648646.jpg!d,53,image_sim,2025-07-14T20:38:44.925442,15782041
피자,2024-06,24년 6월,"Pixabay의 무료 이미지 - Tarte Flambée, 그리스어, 피자, 오븐, 음식, 구이 | Food, Bread",https://i.pinimg.com/originals/bf/7f/b2/bf7fb25e3f3dbf50448a229fe1332cc5.jpg,https://search.pstatic.net/sunny/?type=b150&src=https://i.pinimg.com/originals/bf/7f/b2/bf7fb25e3f3dbf50448a229fe1332cc5.jpg,53,image_sim,2025-07-14T20:38:44.925442,15782041
피자,2024-06,24년 6월,"무료 이미지 : 과일, 식품, 야채, 레시피, 피자, 고명, 카나페, 채식주의 자 음식, 전원 공급 장치, 간식, 전채 요리, 손가락 음식...",https://c.pxhere.com/photos/71/51/esfiha_power_supply_pizza-1375834.jpg!d,https://search.pstatic.net/sunny/?type=b150&src=https://c.pxhere.com/photos/71/51/esfiha_power_supply_pizza-1375834.jpg!d,53,image_sim,2025-07-14T20:38:44.925442,15782041
피자,2025-06,2025년 6월,"pizza, 피자, 음식, food, 요리, 사진,이미지,일러스트,캘리그라피 - 아빠정영화작가 크라우드픽 - 저작권 걱정 없는 상업용 이미지",https://cdn.crowdpic.net/detail-thumb/thumb_d_DC97500C875935FBDE46F17D75F13D05.jpg,https://search.pstatic.net/sunny/?type=b150&src=https://cdn.crowdpic.net/detail-thumb/thumb_d_DC97500C875935FBDE46F17D75F13D05.jpg,53,image_date,2025-07-14T20:38:47.515862,15782041
피자,2025-06,2025년 6월,"음식, food, meal, 식사, 피자, 사진,이미지,일러스트,캘리그라피 - 초코구구작가 크라우드픽 - 저작권 걱정 없는 상업용 이미지",https://cdn.crowdpic.net/detail-thumb/thumb_d_B33D8860435BE958805437BCCFDCB88D.jpg,https://search.pstatic.net/sunny/?type=b150&src=https://cdn.crowdpic.net/detail-thumb/thumb_d_B33D8860435BE958805437BCCFDCB88D.jpg,53,image_date,2025-07-14T20:38:47.515862,15782041
피자,2025-06,2025년 6월,낙지피자 > 음식 | 이미지 사용조건이 까다롭지 않은 요리사진 100만컷,https://www.sk5.co.kr/neo/ns600/100/10043943.jpg,https://search.pstatic.net/sunny/?type=b150&src=https://www.sk5.co.kr/neo/ns600/100/10043943.jpg,53,image_date,2025-07-14T20:38:47.515862,15782041
피자,2025-06,2025.06,피자 > 음식 | 이미지 사용조건이 까다롭지 않은 요리사진 100만컷,https://www.sk5.co.kr/neo/ns600/100/10044762.jpg,https://search.pstatic.net/sunny/?type=b150&src=https://www.sk5.co.kr/neo/ns600/100/10044762.jpg,53,image_sim,2025-07-14T20:38:48.525376,15782041
피자,2025-06,2025.06,피자 > 음식 | 이미지 사용조건이 까다롭지 않은 요리사진 100만컷,https://www.sk5.co.kr/neo/ns600/100/10044781.jpg,https://search.pstatic.net/sunny/?type=b150&src=https://www.sk5.co.kr/neo/ns600/100/10044781.jpg,53,image_sim,2025-07-14T20:38:48.525376,15782041
피자,2025-06,2025.06,피자 > 음식 | 이미지 사용조건이 까다롭지 않은 요리사진 100만컷,https://www.sk5.co.kr/neo/ns600/100/10044763.jpg,https://search.pstatic.net/sunny/?type=b150&src=https://www.sk5.co.kr/neo/ns600/100/10044763.jpg,53,image_sim,2025-07-14T20:38:48.525376,15782041
피자,2025-06,2025.06,피자 > 음식 | 이미지 사용조건이 까다롭지 않은 요리사진 100만컷,https://www.sk5.co.kr/neo/ns600/100/10044780.jpg,https://search.pstatic.net/sunny/?type=b150&src=https://www.sk5.co.kr/neo/ns600/100/10044780.jpg,53,image_sim,2025-07-14T20:38:48.525376,15782041
피자,2025-06,2025.06,"피자, pizza, 음식, food, 식사, 사진,이미지,일러스트,캘리그라피 - keeper작가 크라우드픽 - 저작권 걱정 없는 상업용 이미지",https://cdn.crowdpic.net/detail-thumb/thumb_d_EFE6741DDE9766F787C73DBD615BD39D.jpg,https://search.pstatic.net/sunny/?type=b150&src=https://cdn.crowdpic.net/detail-thumb/thumb_d_EFE6741DDE9766F787C73DBD615BD39D.jpg,53,image_sim,2025-07-14T20:38:48.539531,15782041
피자,2025-06,2025.06,"food, 음식, pizza, 피자, meal, 사진,이미지,일러스트,캘리그라피 - 웹곰작가 크라우드픽 - 저작권 걱정 없는 상업용 이미지",https://cdn.crowdpic.net/detail-thumb/thumb_d_341C4AFD52922DAD35DE3F968C26A0DD.jpg,https://search.pstatic.net/sunny/?type=b150&src=https://cdn.crowdpic.net/detail-thumb/thumb_d_341C4AFD52922DAD35DE3F968C26A0DD.jpg,53,image_sim,2025-07-14T20:38:48.539531,15782041
피자,2025-06,2025.06,"pizza, 피자, food, 음식, dish, 사진,이미지,일러스트,캘리그라피 - 고고밍작가 크라우드픽 - 저작권 걱정 없는 상업용 이미지",https://cdn.crowdpic.net/detail-thumb/thumb_d_37F7E5D9EF78DF1D226977EEE7CDD0A8.jpg,https://search.pstatic.net/sunny/?type=b150&src=https://cdn.crowdpic.net/detail-thumb/thumb_d_37F7E5D9EF78DF1D226977EEE7CDD0A8.jpg,53,image_sim,2025-07-14T20:38:48.539531,15782041
피자,2025-06,2025.06,"pizza, 피자, food, 음식, dish, 사진,이미지,일러스트,캘리그라피 - 후이작가 크라우드픽 - 저작권 걱정 없는 상업용 이미지",https://cdn.crowdpic.net/detail-thumb/thumb_d_FDA20B9535594C4C4F3CAF7F0A84213E.jpg,https://search.pstatic.net/sunny/?type=b150&src=https://cdn.crowdpic.net/detail-thumb/thumb_d_FDA20B9535594C4C4F3CAF7F0A84213E.jpg,53,image_sim,2025-07-14T20:38:48.539531,15782041
피자,2025-06,2025.06,"food, 음식, pizza, 피자, meal, 사진,이미지,일러스트,캘리그라피 - goms작가 크라우드픽 - 저작권 걱정 없는 상업용 이미지",https://cdn.crowdpic.net/detail-thumb/thumb_d_5E5FCE977598F2A0BED5FD0B385A1B3F.jpg,https://search.pstatic.net/sunny/?type=b150&src=https://cdn.crowdpic.net/detail-thumb/thumb_d_5E5FCE977598F2A0BED5FD0B385A1B3F.jpg,53,image_sim,2025-07-14T20:38:48.539531,15782041
피자,2025-06,2025.06,"pizza, 피자, food, 음식, red, 사진,이미지,일러스트,캘리그라피 - na9804작가 크라우드픽 - 저작권 걱정 없는 상업용 이미지",https://cdn.crowdpic.net/detail-thumb/thumb_d_DE26C0BB7E6CCF05A6A4788AD351585C.jpg,https://search.pstatic.net/sunny/?type=b150&src=https://cdn.crowdpic.net/detail-thumb/thumb_d_DE26C0BB7E6CCF05A6A4788AD351585C.jpg,53,image_sim,2025-07-14T20:38:48.539531,15782041
피자,2025-06,2025.06,"피자, pizza, 음식, food, meal, 사진,이미지,일러스트,캘리그라피 - 엉클죠작가 크라우드픽 - 저작권 걱정 없는 상업용 이미지",https://cdn.crowdpic.net/detail-thumb/thumb_d_04BAF1915FEBBEFFF9655CB5696C11F1.jpg,https://search.pstatic.net/sunny/?type=b150&src=https://cdn.crowdpic.net/detail-thumb/thumb_d_04BAF1915FEBBEFFF9655CB5696C11F1.jpg,53,image_sim,2025-07-14T20:38:48.539531,15782041
피자,2025-06,2025.06,"food, 음식, pizza, 피자, meal, 사진,이미지,일러스트,캘리그라피 - 라로셸작가 크라우드픽 - 저작권 걱정 없는 상업용 이미지",https://cdn.crowdpic.net/detail-thumb/thumb_d_6EB0FBC586F6AF331E056ECA5B0FB5BF.png,https://search.pstatic.net/sunny/?type=b150&src=https://cdn.crowdpic.net/detail-thumb/thumb_d_6EB0FBC586F6AF331E056ECA5B0FB5BF.png,53,image_sim,2025-07-14T20:38:48.539531,15782041
피자,2025-06,2025.06,"food, 음식, pizza, 피자, plate, 사진,이미지,일러스트,캘리그라피 - 콩쮸니작가 크라우드픽 - 저작권 걱정 없는 상업용 이미지",https://cdn.crowdpic.net/detail-thumb/thumb_d_83D782DE5BD15FCC4CB70AEBD82C724C.jpg,https://search.pstatic.net/sunny/?type=b150&src=https://cdn.crowdpic.net/detail-thumb/thumb_d_83D782DE5BD15FCC4CB70AEBD82C724C.jpg,53,image_sim,2025-07-14T20:38:48.539531,15782041
피자,2025-06,2025.06,"food, 음식, pizza, 피자, meal, 사진,이미지,일러스트,캘리그라피 - 일상사진들작가 크라우드픽 - 저작권 걱정 없는 상업용 이미지",https://cdn.crowdpic.net/detail-thumb/thumb_d_BE8865A0D20DE727A26DF33AAF8FF7D4.jpg,https://search.pstatic.net/sunny/?type=b150&src=https://cdn.crowdpic.net/detail-thumb/thumb_d_BE8865A0D20DE727A26DF33AAF8FF7D4.jpg,53,image_sim,2025-07-14T20:38:48.539531,15782041
피자,2025-06,2025.06,"pizza, 피자, food, 음식, dish, 사진,이미지,일러스트,캘리그라피 - SKS57작가 크라우드픽 - 저작권 걱정 없는 상업용 이미지",https://cdn.crowdpic.net/detail-thumb/thumb_d_444E6BB2CC73BAFEF6DD82AF5815DBA7.jpg,https://search.pstatic.net/sunny/?type=b150&src=https://cdn.crowdpic.net/detail-thumb/thumb_d_444E6BB2CC73BAFEF6DD82AF5815DBA7.jpg,53,image_sim,2025-07-14T20:38:48.539531,15782041
피자,2025-06,2025.06,"food, 음식, pizza, 피자, brunch, 사진,이미지,일러스트,캘리그라피 - 갓봄작가 크라우드픽 - 저작권 걱정 없는 상업용 이미지",https://cdn.crowdpic.net/detail-thumb/thumb_d_2AC0D3A5186D1057A77230E724F1FEFD.jpg,https://search.pstatic.net/sunny/?type=b150&src=https://cdn.crowdpic.net/detail-thumb/thumb_d_2AC0D3A5186D1057A77230E724F1FEFD.jpg,53,image_sim,2025-07-14T20:38:48.539531,15782041
피자,2025-06,25년 6월,"음식, 피자 치즈, 유럽 음식, 즈 위벨 카헨 2967x1834 - - 648646 - 무료 이미지 - PxHere 무료 이미지 : 요리, 식품, 맛있는, 토마토, 빵 껍질...",https://c.pxhere.com/photos/c4/c5/pizza_cheese_olives_crust_delicious_tomato-648646.jpg!d,https://search.pstatic.net/sunny/?type=b150&src=https://c.pxhere.com/photos/c4/c5/pizza_cheese_olives_crust_delicious_tomato-648646.jpg!d,53,image_sim,2025-07-14T20:38:49.156030,15782041
피자,2025-06,25년 6월,"Pixabay의 무료 이미지 - Tarte Flambée, 그리스어, 피자, 오븐, 음식, 구이 | Food, Bread",https://i.pinimg.com/originals/bf/7f/b2/bf7fb25e3f3dbf50448a229fe1332cc5.jpg,https://search.pstatic.net/sunny/?type=b150&src=https://i.pinimg.com/originals/bf/7f/b2/bf7fb25e3f3dbf50448a229fe1332cc5.jpg,53,image_sim,2025-07-14T20:38:49.156030,15782041
피자,2025-06,25년 6월,"무료 이미지 : 과일, 식품, 야채, 레시피, 피자, 고명, 카나페, 채식주의 자 음식, 전원 공급 장치, 간식, 전채 요리, 손가락 음식...",https://c.pxhere.com/photos/71/51/esfiha_power_supply_pizza-1375834.jpg!d,https://search.pstatic.net/sunny/?type=b150&src=https://c.pxhere.com/photos/71/51/esfiha_power_supply_pizza-1375834.jpg!d,53,image_sim,2025-07-14T20:38:49.156030,15782041
갈비,2025-06,2025.06,"food, 음식, 갈비, 한국음식, 한식, 사진,이미지,일러스트,캘리그라피 - 수비작가 크라우드픽 - 저작권 걱정 없는 상업용 이미지",https://cdn.crowdpic.net/detail-thumb/thumb_d_85EED5DC3D78B5C07C9CD8175D8F9113.jpg,https://search.pstatic.net/sunny/?type=b150&src=https://cdn.crowdpic.net/detail-thumb/thumb_d_85EED5DC3D78B5C07C9CD8175D8F9113.jpg,53,image_sim,2025-07-14T20:38:53.807202,11420886
갈비,2025-06,2025.06,"요리, dish, food, 음식, 갈비, 사진,이미지,일러스트,캘리그라피 - 에이르작가 크라우드픽 - 저작권 걱정 없는 상업용 이미지",https://cdn.crowdpic.net/detail-thumb/thumb_d_366947359F6C94AF7819BFBED94A8561.jpg,https://search.pstatic.net/sunny/?type=b150&src=https://cdn.crowdpic.net/detail-thumb/thumb_d_366947359F6C94AF7819BFBED94A8561.jpg,53,image_sim,2025-07-14T20:38:53.807202,11420886
갈비,2025-06,2025.06,"meat, 음식, 고기, food, 갈비, 사진,이미지,일러스트,캘리그라피 - 로미버작가 크라우드픽 - 저작권 걱정 없는 상업용 이미지",https://cdn.crowdpic.net/detail-thumb/thumb_d_A01DACD4BA53AFD8B96321A4A15CF54A.jpeg,https://search.pstatic.net/sunny/?type=b150&src=https://cdn.crowdpic.net/detail-thumb/thumb_d_A01DACD4BA53AFD8B96321A4A15CF54A.jpeg,53,image_sim,2025-07-14T20:38:53.807202,11420886
갈비,2025-06,2025.06,"푸드, food, 음식, 식사, 갈비, 사진,이미지,일러스트,캘리그라피 - Nb-seo작가 크라우드픽 - 저작권 걱정 없는 상업용 이미지",https://cdn.crowdpic.net/detail-thumb/thumb_d_0E57077A7B2D6724C41CFED06EE747F3.jpg,https://search.pstatic.net/sunny/?type=b150&src=https://cdn.crowdpic.net/detail-thumb/thumb_d_0E57077A7B2D6724C41CFED06EE747F3.jpg,53,image_sim,2025-07-14T20:38:53.807202,11420886
갈비,2025-06,2025.06,"food, 음식, meat, 고기, 갈비, 사진,이미지,일러스트,캘리그라피 - neon0083작가 크라우드픽 - 저작권 걱정 없는 상업용 이미지",https://cdn.crowdpic.net/detail-thumb/thumb_d_E3317A5FFFB4B3790F70D9467513BDE3.jpg,https://search.pstatic.net/sunny/?type=b150&src=https://cdn.crowdpic.net/detail-thumb/thumb_d_E3317A5FFFB4B3790F70D9467513BDE3.jpg,53,image_sim,2025-07-14T20:38:53.807202,11420886
갈비,2025-06,2025.06,"갈비, meat, 음식, food, 고기, 사진,이미지,일러스트,캘리그라피 - J8ments작가 크라우드픽 - 저작권 걱정 없는 상업용 이미지",https://cdn.crowdpic.net/detail-thumb/thumb_d_C60FB7CF8AEB8FBC92FDB6D2A32364CC.jpg,https://search.pstatic.net/sunny/?type=b150&src=https://cdn.crowdpic.net/detail-thumb/thumb_d_C60FB7CF8AEB8FBC92FDB6D2A32364CC.jpg,53,image_sim,2025-07-14T20:38:53.807202,11420886
갈비,2025-06,2025.06,"갈비, 음식, 요리, food, 고기, 사진,이미지,일러스트,캘리그라피 - neon0083작가 크라우드픽 - 저작권 걱정 없는 상업용 이미지",https://cdn.crowdpic.net/detail-thumb/thumb_d_AD2F0B29D13C9A270609758F2D23767F.jpg,https://search.pstatic.net/sunny/?type=b150&src=https://cdn.crowdpic.net/detail-thumb/thumb_d_AD2F0B29D13C9A270609758F2D23767F.jpg,53,image_sim,2025-07-14T20:38:53.807202,11420886
갈비,2025-06,2025.06,"갈비, 고기, 음식, food, dish, 사진,이미지,일러스트,캘리그라피 - Nep920작가 크라우드픽 - 저작권 걱정 없는 상업용 이미지",https://cdn.crowdpic.net/detail-thumb/thumb_d_B158BB400DDF91315B62FC6C075B39AC.jpg,https://search.pstatic.net/sunny/?type=b150&src=https://cdn.crowdpic.net/detail-thumb/thumb_d_B158BB400DDF91315B62FC6C075B39AC.jpg,53,image_sim,2025-07-14T20:38:53.807202,11420886
갈비,2025-06,2025.06,"돼지갈비, 음식, meal, 식사, food, 사진,이미지,일러스트,캘리그라피 - 캘리스케치작가 크라우드픽 - 저작권 걱정 없는 상업용 이미지",https://cdn.crowdpic.net/detail-thumb/thumb_d_FFC4380594D989014AC5A57AAE681EEC.jpg,https://search.pstatic.net/sunny/?type=b150&src=https://cdn.crowdpic.net/detail-thumb/thumb_d_FFC4380594D989014AC5A57AAE681EEC.jpg,53,image_sim,2025-07-14T20:38:53.807202,11420886
갈비,2025-06,2025.06,"음식, food, 요리, 고기, 갈비, 사진,이미지,일러스트,캘리그라피 - hanhoy작가 크라우드픽 - 저작권 걱정 없는 상업용 이미지",https://cdn.crowdpic.net/detail-thumb/thumb_d_E15ED02B5F45253431673EB0926AA86E.jpg,https://search.pstatic.net/sunny/?type=b150&src=https://cdn.crowdpic.net/detail-thumb/thumb_d_E15ED02B5F45253431673EB0926AA86E.jpg,53,image_sim,2025-07-14T20:38:53.807202,11420886
갈비,2025-06,2025.06,"food, 음식, 식사, 고기, 갈비, 사진,이미지,일러스트,캘리그라피 - Npumaeunji작가 크라우드픽 - 저작권 걱정 없는 상업용 이미지",https://cdn.crowdpic.net/detail-thumb/thumb_d_F6CA931A2DC17D1D31F2FBAAF62D0801.jpg,https://search.pstatic.net/sunny/?type=b150&src=https://cdn.crowdpic.net/detail-thumb/thumb_d_F6CA931A2DC17D1D31F2FBAAF62D0801.jpg,53,image_sim,2025-07-14T20:38:53.807202,11420886
갈비,2025-06,2025.06,"식사, food, 음식, 갈비, 고기, 사진,이미지,일러스트,캘리그라피 - Npumaeunji작가 크라우드픽 - 저작권 걱정 없는 상업용 이미지",https://cdn.crowdpic.net/detail-thumb/thumb_d_18CDBB4980AF9DDE4EA13D3BDD04D52D.jpg,https://search.pstatic.net/sunny/?type=b150&src=https://cdn.crowdpic.net/detail-thumb/thumb_d_18CDBB4980AF9DDE4EA13D3BDD04D52D.jpg,53,image_sim,2025-07-14T20:38:53.807202,11420886
갈비,2025-06,2025.06,"요리, food, 음식, 식사, 소갈비, 사진,이미지,일러스트,캘리그라피 - 미미스튜디오작가 크라우드픽 - 저작권 걱정 없는 상업용 이미지",https://cdn.crowdpic.net/detail-thumb/thumb_d_16B4848AEE4AD5E082204A2645E0E149.jpg,https://search.pstatic.net/sunny/?type=b150&src=https://cdn.crowdpic.net/detail-thumb/thumb_d_16B4848AEE4AD5E082204A2645E0E149.jpg,53,image_sim,2025-07-14T20:38:53.807202,11420886
갈비,2025-06,2025.06,"요리, food, 음식, 식사, 소갈비, 사진,이미지,일러스트,캘리그라피 - 미미스튜디오작가 크라우드픽 - 저작권 걱정 없는 상업용 이미지",https://cdn.crowdpic.net/detail-thumb/thumb_d_281A4E5F54A276AF391A1F25FD071B75.jpg,https://search.pstatic.net/sunny/?type=b150&src=https://cdn.crowdpic.net/detail-thumb/thumb_d_281A4E5F54A276AF391A1F25FD071B75.jpg,53,image_sim,2025-07-14T20:38:53.807202,11420886
갈비,2025-06,2025.06,"갈비, 불고기, 소고기, 음식, food, 사진,이미지,일러스트,캘리그라피 - 엉클죠작가 크라우드픽 - 저작권 걱정 없는 상업용 이미지",https://cdn.crowdpic.net/detail-thumb/thumb_d_BDCEE9342EE2E0AC658E6023BF307982.jpg,https://search.pstatic.net/sunny/?type=b150&src=https://cdn.crowdpic.net/detail-thumb/thumb_d_BDCEE9342EE2E0AC658E6023BF307982.jpg,53,image_sim,2025-07-14T20:38:53.807202,11420886
갈비,2025-06,25년 6월,훈제갈비 > 음식 | 이미지 사용조건이 까다롭지 않은 요리사진 100만컷,https://www.sk5.co.kr/neo/ns600/100/10011140.jpg,https://search.pstatic.net/sunny/?type=b150&src=https://www.sk5.co.kr/neo/ns600/100/10011140.jpg,53,image_sim,2025-07-14T20:38:54.395503,11420886
갈비,2025-06,25년 6월,"갈비, 식사, 음식, food, dish, 사진,이미지,일러스트,캘리그라피 - 파이브작가 크라우드픽 - 저작권 걱정 없는 상업용 이미지",https://cdn.crowdpic.net/detail-thumb/thumb_d_2624E0AF2EC55D02FBD96DFDE4F835B7.jpeg,https://search.pstatic.net/sunny/?type=b150&src=https://cdn.crowdpic.net/detail-thumb/thumb_d_2624E0AF2EC55D02FBD96DFDE4F835B7.jpeg,53,image_sim,2025-07-14T20:38:54.395503,11420886
치킨,2024-06,2024년 6월,"음식, 요리, food, cooking, 치킨, 사진,이미지,일러스트,캘리그라피 - 작가 DREAM작가 크라우드픽 - 저작권 걱정 없는 상업용 이미지",https://cdn.crowdpic.net/detail-thumb/thumb_d_430FA1A492D747AD9B7E7F9121504E33.jpg,https://search.pstatic.net/sunny/?type=b150&src=https://cdn.crowdpic.net/detail-thumb/thumb_d_430FA1A492D747AD9B7E7F9121504E33.jpg,52,image_sim,2025-07-14T20:38:28.762233,317241121
치킨,2024-06,2024년 6월,"음식, 요리, food, cooking, 치킨, 사진,이미지,일러스트,캘리그라피 - 작가 DREAM작가 크라우드픽 - 저작권 걱정 없는 상업용 이미지",https://cdn.crowdpic.net/detail-thumb/thumb_d_B6C354A124E64EF739353D379C055022.jpg,https://search.pstatic.net/sunny/?type=b150&src=https://cdn.crowdpic.net/detail-thumb/thumb_d_B6C354A124E64EF739353D379C055022.jpg,52,image_sim,2025-07-14T20:38:28.762233,317241121
치킨,2025-06,2025.06,"음식, 요리, food, cooking, 치킨, 사진,이미지,일러스트,캘리그라피 - 작가 DREAM작가 크라우드픽 - 저작권 걱정 없는 상업용 이미지",https://cdn.crowdpic.net/detail-thumb/thumb_d_430FA1A492D747AD9B7E7F9121504E33.jpg,https://search.pstatic.net/sunny/?type=b150&src=https://cdn.crowdpic.net/detail-thumb/thumb_d_430FA1A492D747AD9B7E7F9121504E33.jpg,52,image_sim,2025-07-14T20:38:33.528936,317241121
라면,2024-06,2024년 6월,"음식, 요리, food, cooking, 라면, 사진,이미지,일러스트,캘리그라피 - 작가 DREAM작가 크라우드픽 - 저작권 걱정 없는 상업용 이미지",https://cdn.crowdpic.net/detail-thumb/thumb_d_C8773EA29F4494A1335AEEFE9842E128.jpg,https://search.pstatic.net/sunny/?type=b150&src=https://cdn.crowdpic.net/detail-thumb/thumb_d_C8773EA29F4494A1335AEEFE9842E128.jpg,52,image_sim,2025-07-14T20:38:36.305940,20473562
라면,2025-06,2025.06,"음식, 요리, food, cooking, 라면, 사진,이미지,일러스트,캘리그라피 - 작가 DREAM작가 크라우드픽 - 저작권 걱정 없는 상업용 이미지",https://cdn.crowdpic.net/detail-thumb/thumb_d_C8773EA29F4494A1335AEEFE9842E128.jpg,https://search.pstatic.net/sunny/?type=b150&src=https://cdn.crowdpic.net/detail-thumb/thumb_d_C8773EA29F4494A1335AEEFE9842E128.jpg,52,image_sim,2025-07-14T20:38:41.113411,20473562
피자,2024-06,2024년 6월,가지피자 색다르게 만드는 6월제철음식레시피,https://recipe1.ezmember.co.kr/cache/recipe/2017/06/07/85796c121bb3a67c73cbb447d28270e71.jpg,https://search.pstatic.net/sunny/?type=b150&src=https://recipe1.ezmember.co.kr/cache/recipe/2017/06/07/85796c121bb3a67c73cbb447d28270e71.jpg,52,image_sim,2025-07-14T20:38:43.807618,15782041
피자,2024-06,2024년 6월,"pizza, 피자, 음식, food, delicious, 사진,이미지,일러스트,캘리그라피 - 이노밍작가 크라우드픽 - 저작권 걱정 없는 상업용 이미지",https://cdn.crowdpic.net/detail-thumb/thumb_d_0F035839C2CAAA9A732CAA2EDA13A493.jpeg,https://search.pstatic.net/sunny/?type=b150&src=https://cdn.crowdpic.net/detail-thumb/thumb_d_0F035839C2CAAA9A732CAA2EDA13A493.jpeg,52,image_sim,2025-07-14T20:38:43.807618,15782041
피자,2025-06,2025년 6월,가지피자 색다르게 만드는 6월제철음식레시피,https://recipe1.ezmember.co.kr/cache/recipe/2017/06/07/aeb9e798b15190082791e2fcba58b5a01.jpg,https://search.pstatic.net/sunny/?type=b150&src=https://recipe1.ezmember.co.kr/cache/recipe/2017/06/07/aeb9e798b15190082791e2fcba58b5a01.jpg,52,image_sim,2025-07-14T20:38:46.782264,15782041
피자,2025-06,2025.06,"pizza, 피자, 음식, food, delicious, 사진,이미지,일러스트,캘리그라피 - 이노밍작가 크라우드픽 - 저작권 걱정 없는 상업용 이미지",https://cdn.crowdpic.net/detail-thumb/thumb_d_0F035839C2CAAA9A732CAA2EDA13A493.jpeg,https://search.pstatic.net/sunny/?type=b150&src=https://cdn.crowdpic.net/detail-thumb/thumb_d_0F035839C2CAAA9A732CAA2EDA13A493.jpeg,52,image_sim,2025-07-14T20:38:48.539531,15782041
갈비,2025-06,2025.06,"음식, food, 요리, cooking, 갈비, 사진,이미지,일러스트,캘리그라피 - 작가 DREAM작가 크라우드픽 - 저작권 걱정 없는 상업용 이미지",https://cdn.crowdpic.net/detail-thumb/thumb_d_94B2C86BA27ECA8598C38293116BA04B.jpg,https://search.pstatic.net/sunny/?type=b150&src=https://cdn.crowdpic.net/detail-thumb/thumb_d_94B2C86BA27ECA8598C38293116BA04B.jpg,52,image_sim,2025-07-14T20:38:53.807202,11420886
갈비,2025-06,2025.06,"음식, food, 요리, cooking, 갈비, 사진,이미지,일러스트,캘리그라피 - 작가 DREAM작가 크라우드픽 - 저작권 걱정 없는 상업용 이미지",https://cdn.crowdpic.net/detail-thumb/thumb_d_8C912B8270F95E21ED992B4E7743AD8E.jpg,https://search.pstatic.net/sunny/?type=b150&src=https://cdn.crowdpic.net/detail-thumb/thumb_d_8C912B8270F95E21ED992B4E7743AD8E.jpg,52,image_sim,2025-07-14T20:38:53.807202,11420886
갈비,2025-06,25년 6월,"Pin page • Food에 있는 핀 | 음식, 갈비",https://i.pinimg.com/736x/c8/36/1b/c8361b0b99314a996fe8c42fdd1a8f2d.jpg,https://search.pstatic.net/sunny/?type=b150&src=https://i.pinimg.com/736x/c8/36/1b/c8361b0b99314a996fe8c42fdd1a8f2d.jpg,52,image_sim,2025-07-14T20:38:54.393496,11420886
치킨,2024-06,2024년 6월,"치킨 스프링롤 아시아 음식 이미지, 치킨 스프링롤, 스프링 롤, 맛있는 음식 요리법 PNG 일러스트 및 이미지 에 대한 무료 다운로드 - Pngtree",https://png.pngtree.com/png-vector/20240813/ourlarge/pngtree-chicken-spring-rolls-asian-food-image-png-image_13466092.png,https://search.pstatic.net/sunny/?type=b150&src=https://png.pngtree.com/png-vector/20240813/ourlarge/pngtree-chicken-spring-rolls-asian-food-image-png-image_13466092.png,51,image_sim,2025-07-14T20:38:28.762233,317241121
치킨,2024-06,2024년 6월,"치킨, chicken, food, 음식, 양녕치킨, 사진,이미지,일러스트,캘리그라피 - 뉴요기작가 크라우드픽 - 저작권 걱정 없는 상업용 이미지",https://cdn.crowdpic.net/detail-thumb/thumb_d_3CF21F483292449EDF0A1F86ACE25B4A.jpg,https://search.pstatic.net/sunny/?type=b150&src=https://cdn.crowdpic.net/detail-thumb/thumb_d_3CF21F483292449EDF0A1F86ACE25B4A.jpg,51,image_sim,2025-07-14T20:38:28.762233,317241121
치킨,2024-06,2024년 6월,"food, 음식, 치킨, 통닭, 양념치킨, 사진,이미지,일러스트,캘리그라피 - mama작가 크라우드픽 - 저작권 걱정 없는 상업용 이미지",https://cdn.crowdpic.net/detail-thumb/thumb_d_A48315B3FF6AAE326BD68AC8E179EB38.jpg,https://search.pstatic.net/sunny/?type=b150&src=https://cdn.crowdpic.net/detail-thumb/thumb_d_A48315B3FF6AAE326BD68AC8E179EB38.jpg,51,image_sim,2025-07-14T20:38:28.763913,317241121
치킨,2024-06,2024년 6월,"치킨, 닭, 양념치킨, 음식, food, 사진,이미지,일러스트,캘리그라피 - 엔터키작가 크라우드픽 - 저작권 걱정 없는 상업용 이미지",https://cdn.crowdpic.net/detail-thumb/thumb_d_191BDFCEB5A841D35D57B72B3165F0B4.png,https://search.pstatic.net/sunny/?type=b150&src=https://cdn.crowdpic.net/detail-thumb/thumb_d_191BDFCEB5A841D35D57B72B3165F0B4.png,51,image_sim,2025-07-14T20:38:28.763913,317241121
치킨,2024-06,2024년 6월,"음식, food, 치킨, 후라이드치킨, 후라이드, 사진,이미지,일러스트,캘리그라피 - rimu작가 크라우드픽 - 저작권 걱정 없는 상업용 이미지",https://cdn.crowdpic.net/detail-thumb/thumb_d_42DE6823F4B2557CB12B7FAE9A4938DE.png,https://search.pstatic.net/sunny/?type=b150&src=https://cdn.crowdpic.net/detail-thumb/thumb_d_42DE6823F4B2557CB12B7FAE9A4938DE.png,51,image_sim,2025-07-14T20:38:28.763913,317241121
치킨,2024-06,2024년 6월,"치킨, 닭다리, 음식, food, 치킨다리, 사진,이미지,일러스트,캘리그라피 - 캣아이디어작가 크라우드픽 - 저작권 걱정 없는 상업용 이미지",https://cdn.crowdpic.net/detail-thumb/thumb_d_309A87CEBA29BB2550D3BD022B7706F3.jpg,https://search.pstatic.net/sunny/?type=b150&src=https://cdn.crowdpic.net/detail-thumb/thumb_d_309A87CEBA29BB2550D3BD022B7706F3.jpg,51,image_sim,2025-07-14T20:38:28.765050,317241121
치킨,2024-06,2024년 6월,"닭강정, 치킨, 음식, food, 양념치킨, 사진,이미지,일러스트,캘리그라피 - jahon7작가 크라우드픽 - 저작권 걱정 없는 상업용 이미지",https://cdn.crowdpic.net/detail-thumb/thumb_d_886B43F6BF8430D0637F0C6C96FCE39C.jpg,https://search.pstatic.net/sunny/?type=b150&src=https://cdn.crowdpic.net/detail-thumb/thumb_d_886B43F6BF8430D0637F0C6C96FCE39C.jpg,51,image_sim,2025-07-14T20:38:28.765050,317241121
치킨,2024-06,2024년 6월,"치킨샐러드, 치킨, 샐러드, 다이어트, 음식, 사진,이미지,일러스트,캘리그라피 - 먹방작가 크라우드픽 - 저작권 걱정 없는 상업용 이미지",https://cdn.crowdpic.net/detail-thumb/thumb_d_AB83BAE16B53E7ED26007A23A77C827F.jpeg,https://search.pstatic.net/sunny/?type=b150&src=https://cdn.crowdpic.net/detail-thumb/thumb_d_AB83BAE16B53E7ED26007A23A77C827F.jpeg,51,image_sim,2025-07-14T20:38:28.765050,317241121
치킨,2024-06,2024년 6월,"음식 서양 음식 과일, 황금, 구운 치킨, 맛있는 PNG 일러스트 및 이미지 에 대한 무료 다운로드 - Pngtree",https://png.pngtree.com/png-vector/20230423/ourlarge/pngtree-food-western-food-fruit-png-image_6724780.png,https://search.pstatic.net/sunny/?type=b150&src=https://png.pngtree.com/png-vector/20230423/ourlarge/pngtree-food-western-food-fruit-png-image_6724780.png,51,image_sim,2025-07-14T20:38:28.765050,317241121
치킨,2024-06,2024.06,"치킨 일러스트 프라이 Png, 치킨, 음식, 맛있는 PNG 일러스트 및 PSD 이미지 무료 다운로드 - Pngtree",https://png.pngtree.com/png-clipart/20210808/ourlarge/pngtree-chicken-fry-png-png-image_3787754.jpg,https://search.pstatic.net/sunny/?type=b150&src=https://png.pngtree.com/png-clipart/20210808/ourlarge/pngtree-chicken-fry-png-png-image_3787754.jpg,51,image_sim,2025-07-14T20:38:29.337813,317241121
치킨,2024-06,2024.06,"맛있는 로스트 치킨 요소 만화, 음식, 중국의 맛, 만화 PNG 일러스트 및 이미지 에 대한 무료 다운로드 - Pngtree",https://png.pngtree.com/png-vector/20190130/ourlarge/pngtree-cartoon-delicious-roast-chicken-elements-of-chinacartoonroast-chickenelement-png-image_579949.jpg,https://search.pstatic.net/sunny/?type=b150&src=https://png.pngtree.com/png-vector/20190130/ourlarge/pngtree-cartoon-delicious-roast-chicken-elements-of-chinacartoonroast-chickenelement-png-image_579949.jpg,51,image_sim,2025-07-14T20:38:29.337813,317241121
치킨,2024-06,2024.06,"구운 치킨, 구운 치킨, 음식, 맛있는 PNG 일러스트 및 이미지 에 대한 무료 다운로드 - Pngtree",https://png.pngtree.com/png-vector/20201129/ourlarge/pngtree-roast-chicken-png-image_2445525.jpg,https://search.pstatic.net/sunny/?type=b150&src=https://png.pngtree.com/png-vector/20201129/ourlarge/pngtree-roast-chicken-png-image_2445525.jpg,51,image_sim,2025-07-14T20:38:29.337813,317241121
치킨,2024-06,24년 6월,"치킨 드럼 스틱 패스트 푸드 맛있는 음식, 스타일, 전통, 유구하다 PNG 일러스트 및 이미지 에 대한 무료 다운로드 - Pngtree",https://png.pngtree.com/png-vector/20201222/ourlarge/pngtree-chicken-drumstick-fast-food-delicious-food-png-image_2615869.jpg,https://search.pstatic.net/sunny/?type=b150&src=https://png.pngtree.com/png-vector/20201222/ourlarge/pngtree-chicken-drumstick-fast-food-delicious-food-png-image_2615869.jpg,51,image_sim,2025-07-14T20:38:29.930607,317241121
치킨,2024-06,24년 6월,"꼬치 튀김 치킨 볶음 싱싱 맛있는 음식 일러스트, 튀김, 맛있는, 스낵 PNG 일러스트 및 PSD 이미지 무료 다운로드 - Pngtree",https://png.pngtree.com/element_our/20190529/ourlarge/pngtree-delicious-snack-food-fried-chicken-chops-image_1226174.jpg,https://search.pstatic.net/sunny/?type=b150&src=https://png.pngtree.com/element_our/20190529/ourlarge/pngtree-delicious-snack-food-fried-chicken-chops-image_1226174.jpg,51,image_sim,2025-07-14T20:38:29.946415,317241121
치킨,2025-06,2025.06,"치킨 일러스트 프라이 Png, 치킨, 음식, 맛있는 PNG 일러스트 및 PSD 이미지 무료 다운로드 - Pngtree",https://png.pngtree.com/png-clipart/20210808/ourlarge/pngtree-chicken-fry-png-png-image_3787754.jpg,https://search.pstatic.net/sunny/?type=b150&src=https://png.pngtree.com/png-clipart/20210808/ourlarge/pngtree-chicken-fry-png-png-image_3787754.jpg,51,image_sim,2025-07-14T20:38:33.522316,317241121
치킨,2025-06,2025.06,"맛있는 로스트 치킨 요소 만화, 음식, 중국의 맛, 만화 PNG 일러스트 및 이미지 에 대한 무료 다운로드 - Pngtree",https://png.pngtree.com/png-vector/20190130/ourlarge/pngtree-cartoon-delicious-roast-chicken-elements-of-chinacartoonroast-chickenelement-png-image_579949.jpg,https://search.pstatic.net/sunny/?type=b150&src=https://png.pngtree.com/png-vector/20190130/ourlarge/pngtree-cartoon-delicious-roast-chicken-elements-of-chinacartoonroast-chickenelement-png-image_579949.jpg,51,image_sim,2025-07-14T20:38:33.522316,317241121
치킨,2025-06,2025.06,"치킨 스프링롤 아시아 음식 이미지, 치킨 스프링롤, 스프링 롤, 맛있는 음식 요리법 PNG 일러스트 및 이미지 에 대한 무료 다운로드 - Pngtree",https://png.pngtree.com/png-vector/20240813/ourlarge/pngtree-chicken-spring-rolls-asian-food-image-png-image_13466092.png,https://search.pstatic.net/sunny/?type=b150&src=https://png.pngtree.com/png-vector/20240813/ourlarge/pngtree-chicken-spring-rolls-asian-food-image-png-image_13466092.png,51,image_sim,2025-07-14T20:38:33.526927,317241121
치킨,2025-06,2025.06,"구운 치킨, 구운 치킨, 음식, 맛있는 PNG 일러스트 및 이미지 에 대한 무료 다운로드 - Pngtree",https://png.pngtree.com/png-vector/20201129/ourlarge/pngtree-roast-chicken-png-image_2445525.jpg,https://search.pstatic.net/sunny/?type=b150&src=https://png.pngtree.com/png-vector/20201129/ourlarge/pngtree-roast-chicken-png-image_2445525.jpg,51,image_sim,2025-07-14T20:38:33.526927,317241121
치킨,2025-06,2025.06,"망고 이브닝 치킨 찹, 고급 음식, 미식, 요리법 PNG 일러스트 및 PSD 이미지 무료 다운로드 - Pngtree",https://png.pngtree.com/png-clipart/20230309/original/pngtree-mango-evening-chicken-chop-png-image_8977270.png,https://search.pstatic.net/sunny/?type=b150&src=https://png.pngtree.com/png-clipart/20230309/original/pngtree-mango-evening-chicken-chop-png-image_8977270.png,51,image_sim,2025-07-14T20:38:33.528936,317241121
치킨,2025-06,2025.06,"치킨, chicken, food, 음식, 양녕치킨, 사진,이미지,일러스트,캘리그라피 - 뉴요기작가 크라우드픽 - 저작권 걱정 없는 상업용 이미지",https://cdn.crowdpic.net/detail-thumb/thumb_d_3CF21F483292449EDF0A1F86ACE25B4A.jpg,https://search.pstatic.net/sunny/?type=b150&src=https://cdn.crowdpic.net/detail-thumb/thumb_d_3CF21F483292449EDF0A1F86ACE25B4A.jpg,51,image_sim,2025-07-14T20:38:33.528936,317241121
치킨,2025-06,25년 6월,"치킨 드럼 스틱 패스트 푸드 맛있는 음식, 스타일, 전통, 유구하다 PNG 일러스트 및 이미지 에 대한 무료 다운로드 - Pngtree",https://png.pngtree.com/png-vector/20201222/ourlarge/pngtree-chicken-drumstick-fast-food-delicious-food-png-image_2615869.jpg,https://search.pstatic.net/sunny/?type=b150&src=https://png.pngtree.com/png-vector/20201222/ourlarge/pngtree-chicken-drumstick-fast-food-delicious-food-png-image_2615869.jpg,51,image_sim,2025-07-14T20:38:34.177345,317241121
치킨,2025-06,25년 6월,"꼬치 튀김 치킨 볶음 싱싱 맛있는 음식 일러스트, 튀김, 맛있는, 스낵 PNG 일러스트 및 PSD 이미지 무료 다운로드 - Pngtree",https://png.pngtree.com/element_our/20190529/ourlarge/pngtree-delicious-snack-food-fried-chicken-chops-image_1226174.jpg,https://search.pstatic.net/sunny/?type=b150&src=https://png.pngtree.com/element_our/20190529/ourlarge/pngtree-delicious-snack-food-fried-chicken-chops-image_1226174.jpg,51,image_sim,2025-07-14T20:38:34.177345,317241121
치킨,2025-06,25년 6월,"크고 맛있는 닭 일러스트 다리 조각, 치킨, 다리조각, 음식 PNG 일러스트 및 PSD 이미지 무료 다운로드 - Pngtree",https://png.pngtree.com/png-clipart/20210716/ourlarge/pngtree-a-big-delicious-chicken-leg-piece-png-image_3606442.jpg,https://search.pstatic.net/sunny/?type=b150&src=https://png.pngtree.com/png-clipart/20210716/ourlarge/pngtree-a-big-delicious-chicken-leg-piece-png-image_3606442.jpg,51,image_sim,2025-07-14T20:38:34.177345,317241121
라면,2024-06,2024년 6월,"food, 음식, 식사, 라면, 해물라면, 사진,이미지,일러스트,캘리그라피 - 나니니뇨노작가 크라우드픽 - 저작권 걱정 없는 상업용 이미지",https://cdn.crowdpic.net/detail-thumb/thumb_d_6ACC43108D7572D5CD20F24E7BCE692F.jpg,https://search.pstatic.net/sunny/?type=b150&src=https://cdn.crowdpic.net/detail-thumb/thumb_d_6ACC43108D7572D5CD20F24E7BCE692F.jpg,51,image_sim,2025-07-14T20:38:36.303933,20473562
라면,2024-06,2024년 6월,오렌지 맛있는라면 취사 음식 포스터 이미지 _사진 465847322 무료 다운로드_lovepik.com 오렌지 맛있는라면 취사 음식 포스터,https://img.lovepik.com/free-template/20210110/bg/665fdeae4243e.png_detail.jpg!detail808,https://search.pstatic.net/sunny/?type=b150&src=https://img.lovepik.com/free-template/20210110/bg/665fdeae4243e.png_detail.jpg!detail808,51,image_sim,2025-07-14T20:38:36.303933,20473562
라면,2024-06,2024년 6월,"라면, 김치라면, food, 음식, 분식, 사진,이미지,일러스트,캘리그라피 - Ndany92작가 크라우드픽 - 저작권 걱정 없는 상업용 이미지",https://cdn.crowdpic.net/detail-thumb/thumb_d_9AAFD2147121F7583BAD2C7ED4C23CD7.jpeg,https://search.pstatic.net/sunny/?type=b150&src=https://cdn.crowdpic.net/detail-thumb/thumb_d_9AAFD2147121F7583BAD2C7ED4C23CD7.jpeg,51,image_sim,2025-07-14T20:38:36.303933,20473562
라면,2024-06,2024년 6월,"라면, 음식, 계란, 요리, 김치, 사진,이미지,일러스트,캘리그라피 - Juicy Life작가 크라우드픽 - 저작권 걱정 없는 상업용 이미지",https://cdn.crowdpic.net/detail-thumb/thumb_d_DD8B26CE8C1195371AF630F5154E72FB.jpg,https://search.pstatic.net/sunny/?type=b150&src=https://cdn.crowdpic.net/detail-thumb/thumb_d_DD8B26CE8C1195371AF630F5154E72FB.jpg,51,image_sim,2025-07-14T20:38:36.305940,20473562
라면,2024-06,2024년 6월,"음식, 라면, 요리, 면요리, 비빔면, 사진,이미지,일러스트,캘리그라피 - 솔리핑거작가 크라우드픽 - 저작권 걱정 없는 상업용 이미지",https://cdn.crowdpic.net/detail-thumb/thumb_d_106433CE3B6F2199CB0CE1E9DB60CE43.jpg,https://search.pstatic.net/sunny/?type=b150&src=https://cdn.crowdpic.net/detail-thumb/thumb_d_106433CE3B6F2199CB0CE1E9DB60CE43.jpg,51,image_sim,2025-07-14T20:38:36.305940,20473562
라면,2024-06,2024년 6월,"food, 음식, 해물라면, 라면, 해물, 사진,이미지,일러스트,캘리그라피 - 하하윰작가 크라우드픽 - 저작권 걱정 없는 상업용 이미지",https://cdn.crowdpic.net/detail-thumb/thumb_d_AB1B20C903FAC48C46CC5C97033FAA97.jpg,https://search.pstatic.net/sunny/?type=b150&src=https://cdn.crowdpic.net/detail-thumb/thumb_d_AB1B20C903FAC48C46CC5C97033FAA97.jpg,51,image_sim,2025-07-14T20:38:36.305940,20473562
라면,2024-06,2024년 6월,"food, 음식, 라면, 컵라면, 분식, 사진,이미지,일러스트,캘리그라피 - neon0083작가 크라우드픽 - 저작권 걱정 없는 상업용 이미지",https://cdn.crowdpic.net/detail-thumb/thumb_d_A869B16CDEA2444F62E5EB34F150D4AC.jpg,https://search.pstatic.net/sunny/?type=b150&src=https://cdn.crowdpic.net/detail-thumb/thumb_d_A869B16CDEA2444F62E5EB34F150D4AC.jpg,51,image_sim,2025-07-14T20:38:36.305940,20473562
라면,2024-06,2024년 6월,"라면, 음식, food, 요리, 고기라면, 사진,이미지,일러스트,캘리그라피 - yonggi작가 크라우드픽 - 저작권 걱정 없는 상업용 이미지",https://cdn.crowdpic.net/detail-thumb/thumb_d_895AE7A536A1E78C5B2F7485911BB851.jpg,https://search.pstatic.net/sunny/?type=b150&src=https://cdn.crowdpic.net/detail-thumb/thumb_d_895AE7A536A1E78C5B2F7485911BB851.jpg,51,image_sim,2025-07-14T20:38:36.305940,20473562
라면,2024-06,2024년 6월,"라면, 끓인라면, food, 음식, meal, 사진,이미지,일러스트,캘리그라피 - 베스트작가작가 크라우드픽 - 저작권 걱정 없는 상업용 이미지",https://cdn.crowdpic.net/detail-thumb/thumb_d_BE8427AC4658AF5B934D8BA2AA1E6306.jpg,https://search.pstatic.net/sunny/?type=b150&src=https://cdn.crowdpic.net/detail-thumb/thumb_d_BE8427AC4658AF5B934D8BA2AA1E6306.jpg,51,image_sim,2025-07-14T20:38:36.305940,20473562
라면,2024-06,24년 6월,"파 계란 쇠고기 국수 라면 일러스트 그릇, 음식, 계란, 맛있는 PNG 일러스트 및 PSD 이미지 무료 다운로드 - Pngtree",https://png.pngtree.com/png-clipart/20220111/ourlarge/pngtree-noodle-bowl-with-egg-and-beef-with-scallion-png-image_4291487.png,https://search.pstatic.net/sunny/?type=b150&src=https://png.pngtree.com/png-clipart/20220111/ourlarge/pngtree-noodle-bowl-with-egg-and-beef-with-scallion-png-image_4291487.png,51,image_sim,2025-07-14T20:38:37.414805,20473562
라면,2025-06,2025.06,"food, 음식, 식사, 라면, 해물라면, 사진,이미지,일러스트,캘리그라피 - 나니니뇨노작가 크라우드픽 - 저작권 걱정 없는 상업용 이미지",https://cdn.crowdpic.net/detail-thumb/thumb_d_6ACC43108D7572D5CD20F24E7BCE692F.jpg,https://search.pstatic.net/sunny/?type=b150&src=https://cdn.crowdpic.net/detail-thumb/thumb_d_6ACC43108D7572D5CD20F24E7BCE692F.jpg,51,image_sim,2025-07-14T20:38:41.113411,20473562
라면,2025-06,2025.06,오렌지 맛있는라면 취사 음식 포스터 이미지 _사진 465847322 무료 다운로드_lovepik.com 오렌지 맛있는라면 취사 음식 포스터,https://img.lovepik.com/free-template/20210110/bg/665fdeae4243e.png_detail.jpg!detail808,https://search.pstatic.net/sunny/?type=b150&src=https://img.lovepik.com/free-template/20210110/bg/665fdeae4243e.png_detail.jpg!detail808,51,image_sim,2025-07-14T20:38:41.113411,20473562
라면,2025-06,2025.06,"라면, 김치라면, food, 음식, 분식, 사진,이미지,일러스트,캘리그라피 - Ndany92작가 크라우드픽 - 저작권 걱정 없는 상업용 이미지",https://cdn.crowdpic.net/detail-thumb/thumb_d_9AAFD2147121F7583BAD2C7ED4C23CD7.jpeg,https://search.pstatic.net/sunny/?type=b150&src=https://cdn.crowdpic.net/detail-thumb/thumb_d_9AAFD2147121F7583BAD2C7ED4C23CD7.jpeg,51,image_sim,2025-07-14T20:38:41.113411,20473562
라면,2025-06,2025.06,"라면, 음식, 계란, 요리, 김치, 사진,이미지,일러스트,캘리그라피 - Juicy Life작가 크라우드픽 - 저작권 걱정 없는 상업용 이미지",https://cdn.crowdpic.net/detail-thumb/thumb_d_DD8B26CE8C1195371AF630F5154E72FB.jpg,https://search.pstatic.net/sunny/?type=b150&src=https://cdn.crowdpic.net/detail-thumb/thumb_d_DD8B26CE8C1195371AF630F5154E72FB.jpg,51,image_sim,2025-07-14T20:38:41.113411,20473562
라면,2025-06,2025.06,"음식, 라면, 요리, 면요리, 비빔면, 사진,이미지,일러스트,캘리그라피 - 솔리핑거작가 크라우드픽 - 저작권 걱정 없는 상업용 이미지",https://cdn.crowdpic.net/detail-thumb/thumb_d_106433CE3B6F2199CB0CE1E9DB60CE43.jpg,https://search.pstatic.net/sunny/?type=b150&src=https://cdn.crowdpic.net/detail-thumb/thumb_d_106433CE3B6F2199CB0CE1E9DB60CE43.jpg,51,image_sim,2025-07-14T20:38:41.113411,20473562
라면,2025-06,2025.06,"food, 음식, 해물라면, 라면, 해물, 사진,이미지,일러스트,캘리그라피 - 하하윰작가 크라우드픽 - 저작권 걱정 없는 상업용 이미지",https://cdn.crowdpic.net/detail-thumb/thumb_d_AB1B20C903FAC48C46CC5C97033FAA97.jpg,https://search.pstatic.net/sunny/?type=b150&src=https://cdn.crowdpic.net/detail-thumb/thumb_d_AB1B20C903FAC48C46CC5C97033FAA97.jpg,51,image_sim,2025-07-14T20:38:41.113411,20473562
라면,2025-06,2025.06,"food, 음식, 라면, 컵라면, 분식, 사진,이미지,일러스트,캘리그라피 - neon0083작가 크라우드픽 - 저작권 걱정 없는 상업용 이미지",https://cdn.crowdpic.net/detail-thumb/thumb_d_A869B16CDEA2444F62E5EB34F150D4AC.jpg,https://search.pstatic.net/sunny/?type=b150&src=https://cdn.crowdpic.net/detail-thumb/thumb_d_A869B16CDEA2444F62E5EB34F150D4AC.jpg,51,image_sim,2025-07-14T20:38:41.113411,20473562
라면,2025-06,2025.06,"라면, 음식, food, 요리, 고기라면, 사진,이미지,일러스트,캘리그라피 - yonggi작가 크라우드픽 - 저작권 걱정 없는 상업용 이미지",https://cdn.crowdpic.net/detail-thumb/thumb_d_895AE7A536A1E78C5B2F7485911BB851.jpg,https://search.pstatic.net/sunny/?type=b150&src=https://cdn.crowdpic.net/detail-thumb/thumb_d_895AE7A536A1E78C5B2F7485911BB851.jpg,51,image_sim,2025-07-14T20:38:41.113411,20473562
라면,2025-06,2025.06,"라면, 끓인라면, food, 음식, meal, 사진,이미지,일러스트,캘리그라피 - 베스트작가작가 크라우드픽 - 저작권 걱정 없는 상업용 이미지",https://cdn.crowdpic.net/detail-thumb/thumb_d_BE8427AC4658AF5B934D8BA2AA1E6306.jpg,https://search.pstatic.net/sunny/?type=b150&src=https://cdn.crowdpic.net/detail-thumb/thumb_d_BE8427AC4658AF5B934D8BA2AA1E6306.jpg,51,image_sim,2025-07-14T20:38:41.113411,20473562
라면,2025-06,25년 6월,"파 계란 쇠고기 국수 라면 일러스트 그릇, 음식, 계란, 맛있는 PNG 일러스트 및 PSD 이미지 무료 다운로드 - Pngtree",https://png.pngtree.com/png-clipart/20220111/ourlarge/pngtree-noodle-bowl-with-egg-and-beef-with-scallion-png-image_4291487.png,https://search.pstatic.net/sunny/?type=b150&src=https://png.pngtree.com/png-clipart/20220111/ourlarge/pngtree-noodle-bowl-with-egg-and-beef-with-scallion-png-image_4291487.png,51,image_sim,2025-07-14T20:38:41.707769,20473562
피자,2024-06,2024년 6월,"맛있는 음식 일러스트 피자, 맛있는, 음식, 디저트 PNG 일러스트 및 PSD 이미지 무료 다운로드 - Pngtree",https://png.pngtree.com/png-clipart/20210128/ourlarge/pngtree-delicious-food-pizza-png-image_2817659.jpg,https://search.pstatic.net/sunny/?type=b150&src=https://png.pngtree.com/png-clipart/20210128/ourlarge/pngtree-delicious-food-pizza-png-image_2817659.jpg,51,image_sim,2025-07-14T20:38:43.807618,15782041
피자,2024-06,2024.06,맛있는 피자 음식 소셜 미디어 게시물 이미지 _사진 450136715 무료 다운로드_lovepik.com 맛있는 피자 음식 소셜 미디어 게시물,https://img.lovepik.com/desgin_photo/45013/6715_detail.jpg,https://search.pstatic.net/sunny/?type=b150&src=https://img.lovepik.com/desgin_photo/45013/6715_detail.jpg,51,image_sim,2025-07-14T20:38:44.366872,15782041
피자,2024-06,2024.06,"pizza, 피자, 음식, food, 팬피자, 사진,이미지,일러스트,캘리그라피 - 민베리작가 크라우드픽 - 저작권 걱정 없는 상업용 이미지",https://cdn.crowdpic.net/detail-thumb/thumb_d_C469FC8B5CF726418EB5F2F3EF40DAD2.jpg,https://search.pstatic.net/sunny/?type=b150&src=https://cdn.crowdpic.net/detail-thumb/thumb_d_C469FC8B5CF726418EB5F2F3EF40DAD2.jpg,51,image_sim,2025-07-14T20:38:44.366872,15782041
피자,2024-06,24년 6월,"유럽 음식, 시칠리아 피자 1920x1440 - - 913515 - 무료 이미지 - PxHere 무료 이미지 : 요리, 식품, 맛있는, 토마토, 올리브, 이탈리아 사람...",https://c.pxhere.com/photos/f9/9b/pizza_olives_pizza_topping_tomatoes_delicious_italian_food-913515.jpg!d,https://search.pstatic.net/sunny/?type=b150&src=https://c.pxhere.com/photos/f9/9b/pizza_olives_pizza_topping_tomatoes_delicious_italian_food-913515.jpg!d,51,image_sim,2025-07-14T20:38:44.925442,15782041
피자,2024-06,24년 6월,"음식, 피자 스톤, 조리기구 및 빵집, 미국 음식, 고기, Take out food 2747x1819 - - 1520649 - 무료 이미지 - PxHere 무료 이미지 : 요리, 캘리포니아...",https://c.pxhere.com/photos/4d/12/cheese_cooking_cuisine_delicious_dinner_dish_eggs_epicure-1520649.jpg!d,https://search.pstatic.net/sunny/?type=b150&src=https://c.pxhere.com/photos/4d/12/cheese_cooking_cuisine_delicious_dinner_dish_eggs_epicure-1520649.jpg!d,51,image_sim,2025-07-14T20:38:44.925442,15782041
피자,2024-06,24년 6월,"무료 이미지 : 요리, 성분, 캘리포니아 스타일의 피자, 단 빵, 피자 치즈, 생기게 하다, 위안 식품, 이탈리아 음식, 레시피, 타르트 플랩...",https://c.pxhere.com/photos/b5/52/Foods_Pizza_Pizzas-1619951.jpg!d,https://search.pstatic.net/sunny/?type=b150&src=https://c.pxhere.com/photos/b5/52/Foods_Pizza_Pizzas-1619951.jpg!d,51,image_sim,2025-07-14T20:38:44.925442,15782041
피자,2025-06,2025년 6월,"food, 음식, pizza, 피자, 고구마피자, 사진,이미지,일러스트,캘리그라피 - 서매일작가 크라우드픽 - 저작권 걱정 없는 상업용 이미지",https://cdn.crowdpic.net/detail-thumb/thumb_d_979FAFECFDC2B27C06D2806C31494B66.jpg,https://search.pstatic.net/sunny/?type=b150&src=https://cdn.crowdpic.net/detail-thumb/thumb_d_979FAFECFDC2B27C06D2806C31494B66.jpg,51,image_date,2025-07-14T20:38:47.515862,15782041
피자,2025-06,2025.06,"맛있는 음식 일러스트 피자, 맛있는, 음식, 디저트 PNG 일러스트 및 PSD 이미지 무료 다운로드 - Pngtree",https://png.pngtree.com/png-clipart/20210128/ourlarge/pngtree-delicious-food-pizza-png-image_2817659.jpg,https://search.pstatic.net/sunny/?type=b150&src=https://png.pngtree.com/png-clipart/20210128/ourlarge/pngtree-delicious-food-pizza-png-image_2817659.jpg,51,image_sim,2025-07-14T20:38:48.539531,15782041
피자,2025-06,25년 6월,"유럽 음식, 시칠리아 피자 1920x1440 - - 913515 - 무료 이미지 - PxHere 무료 이미지 : 요리, 식품, 맛있는, 토마토, 올리브, 이탈리아 사람...",https://c.pxhere.com/photos/f9/9b/pizza_olives_pizza_topping_tomatoes_delicious_italian_food-913515.jpg!d,https://search.pstatic.net/sunny/?type=b150&src=https://c.pxhere.com/photos/f9/9b/pizza_olives_pizza_topping_tomatoes_delicious_italian_food-913515.jpg!d,51,image_sim,2025-07-14T20:38:49.156030,15782041
피자,2025-06,25년 6월,"음식, 피자 스톤, 조리기구 및 빵집, 미국 음식, 고기, Take out food 2747x1819 - - 1520649 - 무료 이미지 - PxHere 무료 이미지 : 요리, 캘리포니아...",https://c.pxhere.com/photos/4d/12/cheese_cooking_cuisine_delicious_dinner_dish_eggs_epicure-1520649.jpg!d,https://search.pstatic.net/sunny/?type=b150&src=https://c.pxhere.com/photos/4d/12/cheese_cooking_cuisine_delicious_dinner_dish_eggs_epicure-1520649.jpg!d,51,image_sim,2025-07-14T20:38:49.156030,15782041
피자,2025-06,25년 6월,"무료 이미지 : 요리, 성분, 캘리포니아 스타일의 피자, 단 빵, 피자 치즈, 생기게 하다, 위안 식품, 이탈리아 음식, 레시피, 타르트 플랩...",https://c.pxhere.com/photos/b5/52/Foods_Pizza_Pizzas-1619951.jpg!d,https://search.pstatic.net/sunny/?type=b150&src=https://c.pxhere.com/photos/b5/52/Foods_Pizza_Pizzas-1619951.jpg!d,51,image_sim,2025-07-14T20:38:49.158037,15782041
갈비,2025-06,2025년 6월,"석쇠, 요리, 구이, 음식, 돼지갈비, 사진,이미지,일러스트,캘리그라피 - 슈렉작가 크라우드픽 - 저작권 걱정 없는 상업용 이미지",https://cdn.crowdpic.net/detail-thumb/thumb_d_FA36E6FC66844E3AB70775A658F94DD6.jpg,https://search.pstatic.net/sunny/?type=b150&src=https://cdn.crowdpic.net/detail-thumb/thumb_d_FA36E6FC66844E3AB70775A658F94DD6.jpg,51,image_date,2025-07-14T20:38:52.797760,11420886
갈비,2025-06,2025년 6월,"바베큐, 요리, 음식, 양고기, 양갈비, 사진,이미지,일러스트,캘리그라피 - 빨간돼지작가 크라우드픽 - 저작권 걱정 없는 상업용 이미지",https://cdn.crowdpic.net/detail-thumb/thumb_d_D9677EB7BDA4132843B42BDA1CDC3E70.jpg,https://search.pstatic.net/sunny/?type=b150&src=https://cdn.crowdpic.net/detail-thumb/thumb_d_D9677EB7BDA4132843B42BDA1CDC3E70.jpg,51,image_date,2025-07-14T20:38:52.797760,11420886
갈비,2025-06,2025.06,"식사, food, 음식, 갈비, la갈비, 사진,이미지,일러스트,캘리그라피 - 우주캔디작가 크라우드픽 - 저작권 걱정 없는 상업용 이미지",https://cdn.crowdpic.net/detail-thumb/thumb_d_B2985620B4C946AFF55CB83FBA13A6B5.jpeg,https://search.pstatic.net/sunny/?type=b150&src=https://cdn.crowdpic.net/detail-thumb/thumb_d_B2985620B4C946AFF55CB83FBA13A6B5.jpeg,51,image_sim,2025-07-14T20:38:53.807202,11420886
갈비,2025-06,2025.06,"음식, 갈비, 요리, 식재료, 육류, 사진,이미지,일러스트,캘리그라피 - 스튜디오 CHALLA작가 크라우드픽 - 저작권 걱정 없는 상업용 이미지",https://cdn.crowdpic.net/detail-thumb/thumb_d_BA52AECBFE8696A677E051F867469CD0.jpg,https://search.pstatic.net/sunny/?type=b150&src=https://cdn.crowdpic.net/detail-thumb/thumb_d_BA52AECBFE8696A677E051F867469CD0.jpg,51,image_sim,2025-07-14T20:38:53.807202,11420886
갈비,2025-06,2025.06,"음식, food, 고기, 갈비, 매운갈비, 사진,이미지,일러스트,캘리그라피 - 쇼핑하는 고양이작가 크라우드픽 - 저작권 걱정 없는 상업용 이미지",https://cdn.crowdpic.net/detail-thumb/thumb_d_1863A441267CD54FD9C758CDDEBD02A7.jpg,https://search.pstatic.net/sunny/?type=b150&src=https://cdn.crowdpic.net/detail-thumb/thumb_d_1863A441267CD54FD9C758CDDEBD02A7.jpg,51,image_sim,2025-07-14T20:38:53.807202,11420886
갈비,2025-06,2025.06,"food, 음식, 고기, 갈비, 소갈비, 사진,이미지,일러스트,캘리그라피 - 쇼핑하는 고양이작가 크라우드픽 - 저작권 걱정 없는 상업용 이미지",https://cdn.crowdpic.net/detail-thumb/thumb_d_80DA24F0D1D04057BCF4FE9BC5FF8ACA.jpg,https://search.pstatic.net/sunny/?type=b150&src=https://cdn.crowdpic.net/detail-thumb/thumb_d_80DA24F0D1D04057BCF4FE9BC5FF8ACA.jpg,51,image_sim,2025-07-14T20:38:53.807202,11420886
갈비,2025-06,2025.06,"음식, 요리, 엘에이갈비, la갈비, food, 사진,이미지,일러스트,캘리그라피 - 작가 DREAM작가 크라우드픽 - 저작권 걱정 없는 상업용 이미지",https://cdn.crowdpic.net/detail-thumb/thumb_d_C4BB28C215F2B87CA9718F00F60CD63B.jpg,https://search.pstatic.net/sunny/?type=b150&src=https://cdn.crowdpic.net/detail-thumb/thumb_d_C4BB28C215F2B87CA9718F00F60CD63B.jpg,51,image_sim,2025-07-14T20:38:53.807202,11420886
갈비,2025-06,2025.06,"음식, 푸드, food, 갈비, 양념갈비, 사진,이미지,일러스트,캘리그라피 - RAN2작가 크라우드픽 - 저작권 걱정 없는 상업용 이미지",https://cdn.crowdpic.net/detail-thumb/thumb_d_4C9B411EC4C3E4D2239F34312BF3EA9C.jpg,https://search.pstatic.net/sunny/?type=b150&src=https://cdn.crowdpic.net/detail-thumb/thumb_d_4C9B411EC4C3E4D2239F34312BF3EA9C.jpg,51,image_sim,2025-07-14T20:38:53.807202,11420886
갈비,2025-06,2025.06,"food, 음식, 떡갈비, 갈비, 한식, 사진,이미지,일러스트,캘리그라피 - 나도찍는다작가 크라우드픽 - 저작권 걱정 없는 상업용 이미지",https://cdn.crowdpic.net/detail-thumb/thumb_d_1C29B3D80E97D404D5B1634DA6EAA3E5.jpg,https://search.pstatic.net/sunny/?type=b150&src=https://cdn.crowdpic.net/detail-thumb/thumb_d_1C29B3D80E97D404D5B1634DA6EAA3E5.jpg,51,image_sim,2025-07-14T20:38:53.807202,11420886
갈비,2025-06,2025.06,"고기, 갈비, 음식, food, 석갈비, 사진,이미지,일러스트,캘리그라피 - WinG작가 크라우드픽 - 저작권 걱정 없는 상업용 이미지",https://cdn.crowdpic.net/detail-thumb/thumb_d_C04495E2FED30E4CFFDAC6CB7E31E1F4.jpeg,https://search.pstatic.net/sunny/?type=b150&src=https://cdn.crowdpic.net/detail-thumb/thumb_d_C04495E2FED30E4CFFDAC6CB7E31E1F4.jpeg,51,image_sim,2025-07-14T20:38:53.807202,11420886
갈비,2025-06,2025.06,"갈비, la갈비, 요리, 음식, food, 사진,이미지,일러스트,캘리그라피 - Nlovebf123작가 크라우드픽 - 저작권 걱정 없는 상업용 이미지",https://cdn.crowdpic.net/detail-thumb/thumb_d_E504689BDAB37A0D3015D0E8B5AE9562.jpeg,https://search.pstatic.net/sunny/?type=b150&src=https://cdn.crowdpic.net/detail-thumb/thumb_d_E504689BDAB37A0D3015D0E8B5AE9562.jpeg,51,image_sim,2025-07-14T20:38:53.807202,11420886
갈비,2025-06,2025.06,"음식, food, 요리, 등갈비, 갈비, 사진,이미지,일러스트,캘리그라피 - hanhoy작가 크라우드픽 - 저작권 걱정 없는 상업용 이미지",https://cdn.crowdpic.net/detail-thumb/thumb_d_76864897E56A80F19360669E0995E6BE.jpg,https://search.pstatic.net/sunny/?type=b150&src=https://cdn.crowdpic.net/detail-thumb/thumb_d_76864897E56A80F19360669E0995E6BE.jpg,51,image_sim,2025-07-14T20:38:53.807202,11420886
갈비,2025-06,2025.06,"음식, 식사, food, 갈비살, 돼지갈비, 사진,이미지,일러스트,캘리그라피 - currere작가 크라우드픽 - 저작권 걱정 없는 상업용 이미지",https://cdn.crowdpic.net/detail-thumb/thumb_d_4DE3AA1FB4AA00D4F417A08DAC9DE5F9.jpg,https://search.pstatic.net/sunny/?type=b150&src=https://cdn.crowdpic.net/detail-thumb/thumb_d_4DE3AA1FB4AA00D4F417A08DAC9DE5F9.jpg,51,image_sim,2025-07-14T20:38:53.807202,11420886
갈비,2025-06,25년 6월,"한식, 요리, 음식, 식사, 갈비찜, 사진,이미지,일러스트,캘리그라피 - 사진속으로작가 크라우드픽 - 저작권 걱정 없는 상업용 이미지",https://cdn.crowdpic.net/detail-thumb/thumb_d_C9AEE190E16123E4F287B63E1C11A9CC.jpg,https://search.pstatic.net/sunny/?type=b150&src=https://cdn.crowdpic.net/detail-thumb/thumb_d_C9AEE190E16123E4F287B63E1C11A9CC.jpg,51,image_sim,2025-07-14T20:38:54.393496,11420886
갈비,2025-06,25년 6월,"음식, food, 갈비, 갈비찜, 한국음식, 사진,이미지,일러스트,캘리그라피 - 챔20260작가 크라우드픽 - 저작권 걱정 없는 상업용 이미지",https://cdn.crowdpic.net/detail-thumb/thumb_d_521D3C9FFF561D823D9A5BDC52D1A93B.jpeg,https://search.pstatic.net/sunny/?type=b150&src=https://cdn.crowdpic.net/detail-thumb/thumb_d_521D3C9FFF561D823D9A5BDC52D1A93B.jpeg,51,image_sim,2025-07-14T20:38:54.393496,11420886
치킨,2024-06,2024년 6월,"치킨, chicken, 음식, food, meal, 사진,이미지,일러스트,캘리그라피 - 하늘도쿄작가 크라우드픽 - 저작권 걱정 없는 상업용 이미지",https://cdn.crowdpic.net/detail-thumb/thumb_d_0053EDFEDBC84A643E1F6FF6F7CA5A1C.jpg,https://search.pstatic.net/sunny/?type=b150&src=https://cdn.crowdpic.net/detail-thumb/thumb_d_0053EDFEDBC84A643E1F6FF6F7CA5A1C.jpg,50,image_sim,2025-07-14T20:38:28.762233,317241121
치킨,2024-06,2024년 6월,"치킨, food, 닭, 음식, chicken, 사진,이미지,일러스트,캘리그라피 - Goro작가 크라우드픽 - 저작권 걱정 없는 상업용 이미지",https://cdn.crowdpic.net/detail-thumb/thumb_d_045360F75BB698C73FCE464D1868B3F3.jpg,https://search.pstatic.net/sunny/?type=b150&src=https://cdn.crowdpic.net/detail-thumb/thumb_d_045360F75BB698C73FCE464D1868B3F3.jpg,50,image_sim,2025-07-14T20:38:28.762233,317241121
치킨,2024-06,2024년 6월,"치킨, 음식, food, chicken, 닭, 사진,이미지,일러스트,캘리그라피 - jue_yone작가 크라우드픽 - 저작권 걱정 없는 상업용 이미지",https://cdn.crowdpic.net/detail-thumb/thumb_d_0BFFD7F20BACCD37D91C9D019506F398.jpeg,https://search.pstatic.net/sunny/?type=b150&src=https://cdn.crowdpic.net/detail-thumb/thumb_d_0BFFD7F20BACCD37D91C9D019506F398.jpeg,50,image_sim,2025-07-14T20:38:28.762233,317241121
치킨,2024-06,2024년 6월,"치킨, 통닭, 음식, food, chicken, 사진,이미지,일러스트,캘리그라피 - jeongdano작가 크라우드픽 - 저작권 걱정 없는 상업용 이미지",https://cdn.crowdpic.net/detail-thumb/thumb_d_86E6EAD2DC16B56CD7AF2606102CA428.jpg,https://search.pstatic.net/sunny/?type=b150&src=https://cdn.crowdpic.net/detail-thumb/thumb_d_86E6EAD2DC16B56CD7AF2606102CA428.jpg,50,image_sim,2025-07-14T20:38:28.762233,317241121
치킨,2024-06,2024년 6월,"food, 음식, chicken, 치킨, 닭, 사진,이미지,일러스트,캘리그라피 - neon0083작가 크라우드픽 - 저작권 걱정 없는 상업용 이미지",https://cdn.crowdpic.net/detail-thumb/thumb_d_0D54D79BAA0ECBA111DBA3588314049B.jpg,https://search.pstatic.net/sunny/?type=b150&src=https://cdn.crowdpic.net/detail-thumb/thumb_d_0D54D79BAA0ECBA111DBA3588314049B.jpg,50,image_sim,2025-07-14T20:38:28.762233,317241121
치킨,2024-06,2024년 6월,"food, 음식, 치즈, 통닭, 치킨, 사진,이미지,일러스트,캘리그라피 - Nwmr04059작가 크라우드픽 - 저작권 걱정 없는 상업용 이미지",https://cdn.crowdpic.net/detail-thumb/thumb_d_8D2F43FC9CF467993FB16183B6E89354.jpg,https://search.pstatic.net/sunny/?type=b150&src=https://cdn.crowdpic.net/detail-thumb/thumb_d_8D2F43FC9CF467993FB16183B6E89354.jpg,50,image_sim,2025-07-14T20:38:28.763913,317241121
치킨,2024-06,2024년 6월,"음식, 식사, food, dish, 양념치킨, 사진,이미지,일러스트,캘리그라피 - coolazrael작가 크라우드픽 - 저작권 걱정 없는 상업용 이미지",https://cdn.crowdpic.net/detail-thumb/thumb_d_BFAE118B6F48CA9C3E7A68A0742E79E3.jpeg,https://search.pstatic.net/sunny/?type=b150&src=https://cdn.crowdpic.net/detail-thumb/thumb_d_BFAE118B6F48CA9C3E7A68A0742E79E3.jpeg,50,image_sim,2025-07-14T20:38:28.763913,317241121
치킨,2024-06,2024년 6월,"음식, 식사, food, 치킨, 닭, 사진,이미지,일러스트,캘리그라피 - 모먼트111작가 크라우드픽 - 저작권 걱정 없는 상업용 이미지",https://cdn.crowdpic.net/detail-thumb/thumb_d_BF45580820E0E285E477326E3E8D0827.jpg,https://search.pstatic.net/sunny/?type=b150&src=https://cdn.crowdpic.net/detail-thumb/thumb_d_BF45580820E0E285E477326E3E8D0827.jpg,50,image_sim,2025-07-14T20:38:28.763913,317241121
치킨,2024-06,2024년 6월,"burger, 버거, food, 음식, 치킨, 사진,이미지,일러스트,캘리그라피 - mdstudio작가 크라우드픽 - 저작권 걱정 없는 상업용 이미지",https://cdn.crowdpic.net/detail-thumb/thumb_d_7DD3D9DD27C0402F5E434ADAD281CB24.jpg,https://search.pstatic.net/sunny/?type=b150&src=https://cdn.crowdpic.net/detail-thumb/thumb_d_7DD3D9DD27C0402F5E434ADAD281CB24.jpg,50,image_sim,2025-07-14T20:38:28.765050,317241121
치킨,2024-06,2024년 6월,"burger, 버거, food, 음식, 치킨, 사진,이미지,일러스트,캘리그라피 - mdstudio작가 크라우드픽 - 저작권 걱정 없는 상업용 이미지",https://cdn.crowdpic.net/detail-thumb/thumb_d_A2A3EF2E062C5528D211F9254BDFB38E.jpg,https://search.pstatic.net/sunny/?type=b150&src=https://cdn.crowdpic.net/detail-thumb/thumb_d_A2A3EF2E062C5528D211F9254BDFB38E.jpg,50,image_sim,2025-07-14T20:38:28.765050,317241121
치킨,2024-06,2024년 6월,"음식, food, 치킨, 옛날통닭, 후라이드, 사진,이미지,일러스트,캘리그라피 - hanhoy작가 크라우드픽 - 저작권 걱정 없는 상업용 이미지",https://cdn.crowdpic.net/detail-thumb/thumb_d_10238F45BF03A6743267DFC7A28E2748.jpg,https://search.pstatic.net/sunny/?type=b150&src=https://cdn.crowdpic.net/detail-thumb/thumb_d_10238F45BF03A6743267DFC7A28E2748.jpg,50,image_sim,2025-07-14T20:38:28.765050,317241121
치킨,2024-06,2024.06,"치킨, chicken, 닭, 음식, food, 사진,이미지,일러스트,캘리그라피 - MY119작가 크라우드픽 - 저작권 걱정 없는 상업용 이미지",https://cdn.crowdpic.net/detail-thumb/thumb_d_91E09D64F2191E14A81847A514B09DDC.png,https://search.pstatic.net/sunny/?type=b150&src=https://cdn.crowdpic.net/detail-thumb/thumb_d_91E09D64F2191E14A81847A514B09DDC.png,50,image_sim,2025-07-14T20:38:29.337813,317241121
치킨,2024-06,2024.06,"치킨, 음식, chicken, food, meal, 사진,이미지,일러스트,캘리그라피 - Ndany92작가 크라우드픽 - 저작권 걱정 없는 상업용 이미지",https://cdn.crowdpic.net/detail-thumb/thumb_d_F6CEA28A3C14EABEBD72DA1DEB53A459.jpeg,https://search.pstatic.net/sunny/?type=b150&src=https://cdn.crowdpic.net/detail-thumb/thumb_d_F6CEA28A3C14EABEBD72DA1DEB53A459.jpeg,50,image_sim,2025-07-14T20:38:29.337813,317241121
치킨,2024-06,2024.06,"음식, food, 식사, meal, 치킨, 사진,이미지,일러스트,캘리그라피 - Niamwinmir작가 크라우드픽 - 저작권 걱정 없는 상업용 이미지",https://cdn.crowdpic.net/detail-thumb/thumb_d_D73690AEA212BD81E2B24F3C73585EA9.jpg,https://search.pstatic.net/sunny/?type=b150&src=https://cdn.crowdpic.net/detail-thumb/thumb_d_D73690AEA212BD81E2B24F3C73585EA9.jpg,50,image_sim,2025-07-14T20:38:29.337813,317241121
치킨,2024-06,2024.06,"음식, food, 치킨, chicken, fries, 사진,이미지,일러스트,캘리그라피 - hyunjinee작가 크라우드픽 - 저작권 걱정 없는 상업용 이미지",https://cdn.crowdpic.net/detail-thumb/thumb_d_1ED31EF0781D3E49B9AC8544B40C68F4.jpg,https://search.pstatic.net/sunny/?type=b150&src=https://cdn.crowdpic.net/detail-thumb/thumb_d_1ED31EF0781D3E49B9AC8544B40C68F4.jpg,50,image_sim,2025-07-14T20:38:29.337813,317241121
치킨,2024-06,2024.06,"음식, 식사, food, meal, 치킨, 사진,이미지,일러스트,캘리그라피 - yosun0223작가 크라우드픽 - 저작권 걱정 없는 상업용 이미지",https://cdn.crowdpic.net/detail-thumb/thumb_d_DCC3BF04B378F8C81D7652C16C22B8F9.jpg,https://search.pstatic.net/sunny/?type=b150&src=https://cdn.crowdpic.net/detail-thumb/thumb_d_DCC3BF04B378F8C81D7652C16C22B8F9.jpg,50,image_sim,2025-07-14T20:38:29.337813,317241121
치킨,2024-06,2024.06,"음식, 식사, food, dish, 치킨, 사진,이미지,일러스트,캘리그라피 - coolazrael작가 크라우드픽 - 저작권 걱정 없는 상업용 이미지",https://cdn.crowdpic.net/detail-thumb/thumb_d_E0FD05E291CEB7DD73A8465D505A8865.jpeg,https://search.pstatic.net/sunny/?type=b150&src=https://cdn.crowdpic.net/detail-thumb/thumb_d_E0FD05E291CEB7DD73A8465D505A8865.jpeg,50,image_sim,2025-07-14T20:38:29.337813,317241121
치킨,2024-06,2024.06,"음식, 식사, food, dish, 치킨, 사진,이미지,일러스트,캘리그라피 - coolazrael작가 크라우드픽 - 저작권 걱정 없는 상업용 이미지",https://cdn.crowdpic.net/detail-thumb/thumb_d_05933C772B9ADBE72AFF3DE2205713F8.jpg,https://search.pstatic.net/sunny/?type=b150&src=https://cdn.crowdpic.net/detail-thumb/thumb_d_05933C772B9ADBE72AFF3DE2205713F8.jpg,50,image_sim,2025-07-14T20:38:29.337813,317241121
치킨,2024-06,2024.06,"음식, food, 식사, meal, 치킨, 사진,이미지,일러스트,캘리그라피 - hipjoy작가 크라우드픽 - 저작권 걱정 없는 상업용 이미지",https://cdn.crowdpic.net/detail-thumb/thumb_d_B78C072EC3975FC347AD9820734CC67E.jpeg,https://search.pstatic.net/sunny/?type=b150&src=https://cdn.crowdpic.net/detail-thumb/thumb_d_B78C072EC3975FC347AD9820734CC67E.jpeg,50,image_sim,2025-07-14T20:38:29.337813,317241121
치킨,2024-06,2024.06,"meal, 식사, food, 음식, 치킨, 사진,이미지,일러스트,캘리그라피 - Nwmr04059작가 크라우드픽 - 저작권 걱정 없는 상업용 이미지",https://cdn.crowdpic.net/detail-thumb/thumb_d_5A866D9471169F308DA3EF95586CFAFE.jpg,https://search.pstatic.net/sunny/?type=b150&src=https://cdn.crowdpic.net/detail-thumb/thumb_d_5A866D9471169F308DA3EF95586CFAFE.jpg,50,image_sim,2025-07-14T20:38:29.337813,317241121
치킨,2024-06,2024.06,"치킨, chicken, 음식, food, dish, 사진,이미지,일러스트,캘리그라피 - Dracula작가 크라우드픽 - 저작권 걱정 없는 상업용 이미지",https://cdn.crowdpic.net/detail-thumb/thumb_d_FBA293E193D0A2DA67A83FC984CFAB2D.jpg,https://search.pstatic.net/sunny/?type=b150&src=https://cdn.crowdpic.net/detail-thumb/thumb_d_FBA293E193D0A2DA67A83FC984CFAB2D.jpg,50,image_sim,2025-07-14T20:38:29.337813,317241121
치킨,2024-06,2024.06,"치킨, chicken, 음식, food, dish, 사진,이미지,일러스트,캘리그라피 - Dracula작가 크라우드픽 - 저작권 걱정 없는 상업용 이미지",https://cdn.crowdpic.net/detail-thumb/thumb_d_BF43347AD8E43E65E0CFF80CBD317CF8.jpg,https://search.pstatic.net/sunny/?type=b150&src=https://cdn.crowdpic.net/detail-thumb/thumb_d_BF43347AD8E43E65E0CFF80CBD317CF8.jpg,50,image_sim,2025-07-14T20:38:29.337813,317241121
치킨,2024-06,2024.06,"food, 음식, plate, 그릇, 치킨, 사진,이미지,일러스트,캘리그라피 - Niamwinmir작가 크라우드픽 - 저작권 걱정 없는 상업용 이미지",https://cdn.crowdpic.net/detail-thumb/thumb_d_35FF7A9DCA2DD590585562FD95B05FCA.jpg,https://search.pstatic.net/sunny/?type=b150&src=https://cdn.crowdpic.net/detail-thumb/thumb_d_35FF7A9DCA2DD590585562FD95B05FCA.jpg,50,image_sim,2025-07-14T20:38:29.337813,317241121
치킨,2024-06,2024.06,"food, 음식, plate, 그릇, 치킨, 사진,이미지,일러스트,캘리그라피 - Smartboard작가 크라우드픽 - 저작권 걱정 없는 상업용 이미지",https://cdn.crowdpic.net/detail-thumb/thumb_d_33E194E44A9D2615A381BAD834B7CDCF.jpeg,https://search.pstatic.net/sunny/?type=b150&src=https://cdn.crowdpic.net/detail-thumb/thumb_d_33E194E44A9D2615A381BAD834B7CDCF.jpeg,50,image_sim,2025-07-14T20:38:29.337813,317241121
치킨,2024-06,24년 6월,"무료 이미지 : 요리, 치킨, 버섯, 맛있는, 식품, 성분, 생기게... 태국 음식, 반찬, 해물, 브런치, 야채, 완두콩 6000x4000 - Jorel5...",https://c.pxhere.com/images/2e/e0/5643c333ca3f827de5f213d8f71a-1614092.jpg!d,https://search.pstatic.net/sunny/?type=b150&src=https://c.pxhere.com/images/2e/e0/5643c333ca3f827de5f213d8f71a-1614092.jpg!d,50,image_sim,2025-07-14T20:38:29.946415,317241121
치킨,2025-06,2025년 6월,"고추, 치킨, food, 음식, 감자, 사진,이미지,일러스트,캘리그라피 - siyoung1509작가 크라우드픽 - 저작권 걱정 없는 상업용 이미지",https://cdn.crowdpic.net/detail-thumb/thumb_d_3F694FFFCEEAECD11A27DD578480226E.jpg,https://search.pstatic.net/sunny/?type=b150&src=https://cdn.crowdpic.net/detail-thumb/thumb_d_3F694FFFCEEAECD11A27DD578480226E.jpg,50,image_date,2025-07-14T20:38:32.516649,317241121
치킨,2025-06,2025년 6월,"friedchicken, 닭튀김, food, 음식, 치킨, 사진,이미지,일러스트,캘리그라피 - Niamwinmir작가 크라우드픽 - 저작권 걱정 없는 상업용 이미지",https://cdn.crowdpic.net/detail-thumb/thumb_d_C0C27EF6445A2BA0E7D8B49D24A57F79.jpg,https://search.pstatic.net/sunny/?type=b150&src=https://cdn.crowdpic.net/detail-thumb/thumb_d_C0C27EF6445A2BA0E7D8B49D24A57F79.jpg,50,image_date,2025-07-14T20:38:32.516649,317241121
치킨,2025-06,2025.06,"치킨, 음식, chicken, food, meal, 사진,이미지,일러스트,캘리그라피 - Ndany92작가 크라우드픽 - 저작권 걱정 없는 상업용 이미지",https://cdn.crowdpic.net/detail-thumb/thumb_d_F6CEA28A3C14EABEBD72DA1DEB53A459.jpeg,https://search.pstatic.net/sunny/?type=b150&src=https://cdn.crowdpic.net/detail-thumb/thumb_d_F6CEA28A3C14EABEBD72DA1DEB53A459.jpeg,50,image_sim,2025-07-14T20:38:33.526927,317241121
치킨,2025-06,2025.06,"치킨, chicken, 음식, food, dish, 사진,이미지,일러스트,캘리그라피 - Dracula작가 크라우드픽 - 저작권 걱정 없는 상업용 이미지",https://cdn.crowdpic.net/detail-thumb/thumb_d_FBA293E193D0A2DA67A83FC984CFAB2D.jpg,https://search.pstatic.net/sunny/?type=b150&src=https://cdn.crowdpic.net/detail-thumb/thumb_d_FBA293E193D0A2DA67A83FC984CFAB2D.jpg,50,image_sim,2025-07-14T20:38:33.526927,317241121
치킨,2025-06,2025.06,"치킨, chicken, 음식, food, deepfry, 사진,이미지,일러스트,캘리그라피 - rlawlstjs30작가 크라우드픽 - 저작권 걱정 없는 상업용 이미지",https://cdn.crowdpic.net/detail-thumb/thumb_d_1ED3DE75E7B1D7A1D20C57F6E4E5E0C0.jpg,https://search.pstatic.net/sunny/?type=b150&src=https://cdn.crowdpic.net/detail-thumb/thumb_d_1ED3DE75E7B1D7A1D20C57F6E4E5E0C0.jpg,50,image_sim,2025-07-14T20:38:33.526927,317241121
치킨,2025-06,2025.06,"치킨, 음식, food, meal, burger, 사진,이미지,일러스트,캘리그라피 - mdstudio작가 크라우드픽 - 저작권 걱정 없는 상업용 이미지",https://cdn.crowdpic.net/detail-thumb/thumb_d_EEAF4294C2AD443E84A66AE58E00C015.jpg,https://search.pstatic.net/sunny/?type=b150&src=https://cdn.crowdpic.net/detail-thumb/thumb_d_EEAF4294C2AD443E84A66AE58E00C015.jpg,50,image_sim,2025-07-14T20:38:33.526927,317241121
치킨,2025-06,2025.06,"치킨, chicken, 음식, food, meal, 사진,이미지,일러스트,캘리그라피 - 하늘도쿄작가 크라우드픽 - 저작권 걱정 없는 상업용 이미지",https://cdn.crowdpic.net/detail-thumb/thumb_d_C7F3D00DBB2EF9A2BD33FFEE693D3054.jpg,https://search.pstatic.net/sunny/?type=b150&src=https://cdn.crowdpic.net/detail-thumb/thumb_d_C7F3D00DBB2EF9A2BD33FFEE693D3054.jpg,50,image_sim,2025-07-14T20:38:33.526927,317241121
치킨,2025-06,2025.06,"음식, food, 치킨, chicken, fries, 사진,이미지,일러스트,캘리그라피 - hyunjinee작가 크라우드픽 - 저작권 걱정 없는 상업용 이미지",https://cdn.crowdpic.net/detail-thumb/thumb_d_1ED31EF0781D3E49B9AC8544B40C68F4.jpg,https://search.pstatic.net/sunny/?type=b150&src=https://cdn.crowdpic.net/detail-thumb/thumb_d_1ED31EF0781D3E49B9AC8544B40C68F4.jpg,50,image_sim,2025-07-14T20:38:33.526927,317241121
치킨,2025-06,2025.06,"Wings에 관한 8개의 최상의 Pinterest 이미지 | 치킨 윙, 디저트 및 맛있는 음식 Wings",https://i.pinimg.com/736x/a7/2f/0f/a72f0f68a8d09ff53d0a952c43557643.jpg,https://search.pstatic.net/sunny/?type=b150&src=https://i.pinimg.com/736x/a7/2f/0f/a72f0f68a8d09ff53d0a952c43557643.jpg,50,image_sim,2025-07-14T20:38:33.526927,317241121
치킨,2025-06,2025.06,"음식, food, 식사, meal, 치킨, 사진,이미지,일러스트,캘리그라피 - Niamwinmir작가 크라우드픽 - 저작권 걱정 없는 상업용 이미지",https://cdn.crowdpic.net/detail-thumb/thumb_d_D73690AEA212BD81E2B24F3C73585EA9.jpg,https://search.pstatic.net/sunny/?type=b150&src=https://cdn.crowdpic.net/detail-thumb/thumb_d_D73690AEA212BD81E2B24F3C73585EA9.jpg,50,image_sim,2025-07-14T20:38:33.526927,317241121
치킨,2025-06,2025.06,"음식, 식사, food, dish, 치킨, 사진,이미지,일러스트,캘리그라피 - coolazrael작가 크라우드픽 - 저작권 걱정 없는 상업용 이미지",https://cdn.crowdpic.net/detail-thumb/thumb_d_05933C772B9ADBE72AFF3DE2205713F8.jpg,https://search.pstatic.net/sunny/?type=b150&src=https://cdn.crowdpic.net/detail-thumb/thumb_d_05933C772B9ADBE72AFF3DE2205713F8.jpg,50,image_sim,2025-07-14T20:38:33.528936,317241121
치킨,2025-06,2025.06,"음식, 식사, food, dish, 치킨, 사진,이미지,일러스트,캘리그라피 - coolazrael작가 크라우드픽 - 저작권 걱정 없는 상업용 이미지",https://cdn.crowdpic.net/detail-thumb/thumb_d_E0FD05E291CEB7DD73A8465D505A8865.jpeg,https://search.pstatic.net/sunny/?type=b150&src=https://cdn.crowdpic.net/detail-thumb/thumb_d_E0FD05E291CEB7DD73A8465D505A8865.jpeg,50,image_sim,2025-07-14T20:38:33.528936,317241121
치킨,2025-06,2025.06,"음식, 식사, food, meal, 치킨, 사진,이미지,일러스트,캘리그라피 - yosun0223작가 크라우드픽 - 저작권 걱정 없는 상업용 이미지",https://cdn.crowdpic.net/detail-thumb/thumb_d_CBFF8B58E1875C2FB92F1D20DDCA8F9C.jpg,https://search.pstatic.net/sunny/?type=b150&src=https://cdn.crowdpic.net/detail-thumb/thumb_d_CBFF8B58E1875C2FB92F1D20DDCA8F9C.jpg,50,image_sim,2025-07-14T20:38:33.528936,317241121
치킨,2025-06,2025.06,"음식, food, 식사, meal, 치킨, 사진,이미지,일러스트,캘리그라피 - hipjoy작가 크라우드픽 - 저작권 걱정 없는 상업용 이미지",https://cdn.crowdpic.net/detail-thumb/thumb_d_B78C072EC3975FC347AD9820734CC67E.jpeg,https://search.pstatic.net/sunny/?type=b150&src=https://cdn.crowdpic.net/detail-thumb/thumb_d_B78C072EC3975FC347AD9820734CC67E.jpeg,50,image_sim,2025-07-14T20:38:33.528936,317241121
치킨,2025-06,2025.06,"meal, 식사, food, 음식, 치킨, 사진,이미지,일러스트,캘리그라피 - Nwmr04059작가 크라우드픽 - 저작권 걱정 없는 상업용 이미지",https://cdn.crowdpic.net/detail-thumb/thumb_d_5A866D9471169F308DA3EF95586CFAFE.jpg,https://search.pstatic.net/sunny/?type=b150&src=https://cdn.crowdpic.net/detail-thumb/thumb_d_5A866D9471169F308DA3EF95586CFAFE.jpg,50,image_sim,2025-07-14T20:38:33.528936,317241121
치킨,2025-06,2025.06,"치킨, chicken, 닭, 음식, food, 사진,이미지,일러스트,캘리그라피 - MY119작가 크라우드픽 - 저작권 걱정 없는 상업용 이미지",https://cdn.crowdpic.net/detail-thumb/thumb_d_91E09D64F2191E14A81847A514B09DDC.png,https://search.pstatic.net/sunny/?type=b150&src=https://cdn.crowdpic.net/detail-thumb/thumb_d_91E09D64F2191E14A81847A514B09DDC.png,50,image_sim,2025-07-14T20:38:33.528936,317241121
치킨,2025-06,2025.06,"치킨, food, 닭, 음식, chicken, 사진,이미지,일러스트,캘리그라피 - Goro작가 크라우드픽 - 저작권 걱정 없는 상업용 이미지",https://cdn.crowdpic.net/detail-thumb/thumb_d_045360F75BB698C73FCE464D1868B3F3.jpg,https://search.pstatic.net/sunny/?type=b150&src=https://cdn.crowdpic.net/detail-thumb/thumb_d_045360F75BB698C73FCE464D1868B3F3.jpg,50,image_sim,2025-07-14T20:38:33.528936,317241121
치킨,2025-06,2025.06,"food, 음식, plate, 그릇, 치킨, 사진,이미지,일러스트,캘리그라피 - SoheeManga작가 크라우드픽 - 저작권 걱정 없는 상업용 이미지",https://cdn.crowdpic.net/detail-thumb/thumb_d_CB0CA3E062D58EF630BE7B73DD78C3B0.jpg,https://search.pstatic.net/sunny/?type=b150&src=https://cdn.crowdpic.net/detail-thumb/thumb_d_CB0CA3E062D58EF630BE7B73DD78C3B0.jpg,50,image_sim,2025-07-14T20:38:33.528936,317241121
치킨,2025-06,2025.06,"bread, 빵, food, 음식, 치킨, 사진,이미지,일러스트,캘리그라피 - Nwoun2kong작가 크라우드픽 - 저작권 걱정 없는 상업용 이미지",https://cdn.crowdpic.net/detail-thumb/thumb_d_E2EF11479F7279D84EC33AFA0FC88E17.jpg,https://search.pstatic.net/sunny/?type=b150&src=https://cdn.crowdpic.net/detail-thumb/thumb_d_E2EF11479F7279D84EC33AFA0FC88E17.jpg,50,image_sim,2025-07-14T20:38:33.528936,317241121
치킨,2025-06,2025.06,"food, 음식, plate, 그릇, 치킨, 사진,이미지,일러스트,캘리그라피 - Smartboard작가 크라우드픽 - 저작권 걱정 없는 상업용 이미지",https://cdn.crowdpic.net/detail-thumb/thumb_d_33E194E44A9D2615A381BAD834B7CDCF.jpeg,https://search.pstatic.net/sunny/?type=b150&src=https://cdn.crowdpic.net/detail-thumb/thumb_d_33E194E44A9D2615A381BAD834B7CDCF.jpeg,50,image_sim,2025-07-14T20:38:33.528936,317241121
치킨,2025-06,25년 6월,"무료 이미지 : 요리, 치킨, 버섯, 맛있는, 식품, 성분, 생기게... 태국 음식, 반찬, 해물, 브런치, 야채, 완두콩 6000x4000 - Jorel5...",https://c.pxhere.com/images/2e/e0/5643c333ca3f827de5f213d8f71a-1614092.jpg!d,https://search.pstatic.net/sunny/?type=b150&src=https://c.pxhere.com/images/2e/e0/5643c333ca3f827de5f213d8f71a-1614092.jpg!d,50,image_sim,2025-07-14T20:38:34.177345,317241121
라면,2024-06,2024년 6월,라면 > 음식 | 이미지 사용조건이 까다롭지 않은 요리사진 100만컷,http://www.sk5.co.kr/neo/ns600/100/10014799.jpg,https://search.pstatic.net/sunny/?type=b150&src=http://www.sk5.co.kr/neo/ns600/100/10014799.jpg,50,image_sim,2025-07-14T20:38:36.301919,20473562
라면,2024-06,2024년 6월,라면 > 음식 | 이미지 사용조건이 까다롭지 않은 요리사진 100만컷,http://www.sk5.co.kr/neo/ns600/100/10014804.jpg,https://search.pstatic.net/sunny/?type=b150&src=http://www.sk5.co.kr/neo/ns600/100/10014804.jpg,50,image_sim,2025-07-14T20:38:36.301919,20473562
라면,2024-06,2024년 6월,라면 > 음식 | 이미지 사용조건이 까다롭지 않은 요리사진 100만컷,http://www.sk5.co.kr/neo/ns600/100/10014560.jpg,https://search.pstatic.net/sunny/?type=b150&src=http://www.sk5.co.kr/neo/ns600/100/10014560.jpg,50,image_sim,2025-07-14T20:38:36.301919,20473562
라면,2024-06,2024년 6월,"food, 음식, 라면, ramen, japan, 사진,이미지,일러스트,캘리그라피 - Nook550작가 크라우드픽 - 저작권 걱정 없는 상업용 이미지",https://cdn.crowdpic.net/detail-thumb/thumb_d_C0D71E73A5438DF81459BE6480B46ACC.jpg,https://search.pstatic.net/sunny/?type=b150&src=https://cdn.crowdpic.net/detail-thumb/thumb_d_C0D71E73A5438DF81459BE6480B46ACC.jpg,50,image_sim,2025-07-14T20:38:36.301919,20473562
라면,2024-06,2024년 6월,"음식, food, 라면, 라멘, ramen, 사진,이미지,일러스트,캘리그라피 - Maoki작가 크라우드픽 - 저작권 걱정 없는 상업용 이미지",https://cdn.crowdpic.net/detail-thumb/thumb_d_61BB83AEE63390627A4B56198AC74138.jpeg,https://search.pstatic.net/sunny/?type=b150&src=https://cdn.crowdpic.net/detail-thumb/thumb_d_61BB83AEE63390627A4B56198AC74138.jpeg,50,image_sim,2025-07-14T20:38:36.303933,20473562
라면,2024-06,2024년 6월,"라면, 음식, 식사, 분식, food, 사진,이미지,일러스트,캘리그라피 - 부기작가 크라우드픽 - 저작권 걱정 없는 상업용 이미지",https://cdn.crowdpic.net/detail-thumb/thumb_d_07E8EA189831686349AECD9E2C68C32E.png,https://search.pstatic.net/sunny/?type=b150&src=https://cdn.crowdpic.net/detail-thumb/thumb_d_07E8EA189831686349AECD9E2C68C32E.png,50,image_sim,2025-07-14T20:38:36.303933,20473562
라면,2024-06,2024년 6월,"음식, 라멘, 라면, food, ramen, 사진,이미지,일러스트,캘리그라피 - Anncy작가 크라우드픽 - 저작권 걱정 없는 상업용 이미지",https://cdn.crowdpic.net/detail-thumb/thumb_d_F9F0BE2C05EB1650708D4634641FD2A0.jpg,https://search.pstatic.net/sunny/?type=b150&src=https://cdn.crowdpic.net/detail-thumb/thumb_d_F9F0BE2C05EB1650708D4634641FD2A0.jpg,50,image_sim,2025-07-14T20:38:36.303933,20473562
라면,2024-06,2024년 6월,"food, 음식, 식사, 라면, 계란, 사진,이미지,일러스트,캘리그라피 - rockbase2000작가 크라우드픽 - 저작권 걱정 없는 상업용 이미지",https://cdn.crowdpic.net/detail-thumb/thumb_d_D788720CEDA32A9885BA7961F7AF63AE.jpg,https://search.pstatic.net/sunny/?type=b150&src=https://cdn.crowdpic.net/detail-thumb/thumb_d_D788720CEDA32A9885BA7961F7AF63AE.jpg,50,image_sim,2025-07-14T20:38:36.305940,20473562
라면,2024-06,2024년 6월,"음식, 라멘, 라면, food, hot, 사진,이미지,일러스트,캘리그라피 - Ntnqls0010작가 크라우드픽 - 저작권 걱정 없는 상업용 이미지",https://cdn.crowdpic.net/detail-thumb/thumb_d_13A5BAC36AF9D2B8A4BBD2F529BAD344.jpeg,https://search.pstatic.net/sunny/?type=b150&src=https://cdn.crowdpic.net/detail-thumb/thumb_d_13A5BAC36AF9D2B8A4BBD2F529BAD344.jpeg,50,image_sim,2025-07-14T20:38:36.305940,20473562
라면,2024-06,2024년 6월,"음식, 비빔면, 누들, 라면, food, 사진,이미지,일러스트,캘리그라피 - 스튜디오작가 크라우드픽 - 저작권 걱정 없는 상업용 이미지",https://cdn.crowdpic.net/detail-thumb/thumb_d_629350A990035764CAD45909B66FAA3E.png,https://search.pstatic.net/sunny/?type=b150&src=https://cdn.crowdpic.net/detail-thumb/thumb_d_629350A990035764CAD45909B66FAA3E.png,50,image_sim,2025-07-14T20:38:36.305940,20473562
라면,2024-06,24년 6월,"라면, kfood, noodle, ramyun, 음식, 사진,이미지,일러스트,캘리그라피 - heeglepic작가 크라우드픽 - 저작권 걱정 없는 상업용 이미지",https://cdn.crowdpic.net/detail-thumb/thumb_d_19E40DE7F65B490A3E4F23038ACE44A3.jpg,https://search.pstatic.net/sunny/?type=b150&src=https://cdn.crowdpic.net/detail-thumb/thumb_d_19E40DE7F65B490A3E4F23038ACE44A3.jpg,50,image_sim,2025-07-14T20:38:37.414805,20473562
라면,2024-06,24년 6월,"라면, ramen, food, 음식, meal, 사진,이미지,일러스트,캘리그라피 - joonmmm작가 크라우드픽 - 저작권 걱정 없는 상업용 이미지",https://cdn.crowdpic.net/detail-thumb/thumb_d_113819CB7C8CF00D064B9E2CB517DAA7.jpeg,https://search.pstatic.net/sunny/?type=b150&src=https://cdn.crowdpic.net/detail-thumb/thumb_d_113819CB7C8CF00D064B9E2CB517DAA7.jpeg,50,image_sim,2025-07-14T20:38:37.414805,20473562
라면,2024-06,24년 6월,"food, 음식, ramen, 라면, mayonnaise, 사진,이미지,일러스트,캘리그라피 - 우니스튜디오작가 크라우드픽 - 저작권 걱정 없는 상업용 이미지",https://cdn.crowdpic.net/detail-thumb/thumb_d_FE70325EE5FB9F84B2D19F8474AF87E6.jpg,https://search.pstatic.net/sunny/?type=b150&src=https://cdn.crowdpic.net/detail-thumb/thumb_d_FE70325EE5FB9F84B2D19F8474AF87E6.jpg,50,image_sim,2025-07-14T20:38:37.414805,20473562
라면,2024-06,24년 6월,"라면, ramen, instantnoodles, 음식, food, 사진,이미지,일러스트,캘리그라피 - AnnepopArt작가 크라우드픽 - 저작권 걱정 없는 상업용...",https://cdn.crowdpic.net/detail-thumb/thumb_d_BFE53A70AAE1337D1A91F6EBE8756438.jpg,https://search.pstatic.net/sunny/?type=b150&src=https://cdn.crowdpic.net/detail-thumb/thumb_d_BFE53A70AAE1337D1A91F6EBE8756438.jpg,50,image_sim,2025-07-14T20:38:37.414805,20473562
라면,2024-06,24년 6월,"food, 음식, plate, 라면, 안주, 사진,이미지,일러스트,캘리그라피 - wls00670작가 크라우드픽 - 저작권 걱정 없는 상업용 이미지",https://cdn.crowdpic.net/detail-thumb/thumb_d_B5CF44E9DA7B43EF939466B0EC960475.jpeg,https://search.pstatic.net/sunny/?type=b150&src=https://cdn.crowdpic.net/detail-thumb/thumb_d_B5CF44E9DA7B43EF939466B0EC960475.jpeg,50,image_sim,2025-07-14T20:38:37.414805,20473562
라면,2025-06,2025년 6월,"food, 음식, 라면, 혼밥, noodie, 사진,이미지,일러스트,캘리그라피 - 쿠낭작가 크라우드픽 - 저작권 걱정 없는 상업용 이미지",https://cdn.crowdpic.net/detail-thumb/thumb_d_B3D6834D0097762858EEAE0B33B50357.jpg,https://search.pstatic.net/sunny/?type=b150&src=https://cdn.crowdpic.net/detail-thumb/thumb_d_B3D6834D0097762858EEAE0B33B50357.jpg,50,image_date,2025-07-14T20:38:40.020016,20473562
라면,2025-06,2025.06,라면 > 음식 | 이미지 사용조건이 까다롭지 않은 요리사진 100만컷,http://www.sk5.co.kr/neo/ns600/100/10014799.jpg,https://search.pstatic.net/sunny/?type=b150&src=http://www.sk5.co.kr/neo/ns600/100/10014799.jpg,50,image_sim,2025-07-14T20:38:41.113411,20473562
라면,2025-06,2025.06,라면 > 음식 | 이미지 사용조건이 까다롭지 않은 요리사진 100만컷,http://www.sk5.co.kr/neo/ns600/100/10014560.jpg,https://search.pstatic.net/sunny/?type=b150&src=http://www.sk5.co.kr/neo/ns600/100/10014560.jpg,50,image_sim,2025-07-14T20:38:41.113411,20473562
라면,2025-06,2025.06,라면 > 음식 | 이미지 사용조건이 까다롭지 않은 요리사진 100만컷,http://www.sk5.co.kr/neo/ns600/100/10014804.jpg,https://search.pstatic.net/sunny/?type=b150&src=http://www.sk5.co.kr/neo/ns600/100/10014804.jpg,50,image_sim,2025-07-14T20:38:41.113411,20473562
라면,2025-06,2025.06,"food, 음식, 라면, ramen, japan, 사진,이미지,일러스트,캘리그라피 - Nook550작가 크라우드픽 - 저작권 걱정 없는 상업용 이미지",https://cdn.crowdpic.net/detail-thumb/thumb_d_C0D71E73A5438DF81459BE6480B46ACC.jpg,https://search.pstatic.net/sunny/?type=b150&src=https://cdn.crowdpic.net/detail-thumb/thumb_d_C0D71E73A5438DF81459BE6480B46ACC.jpg,50,image_sim,2025-07-14T20:38:41.113411,20473562
라면,2025-06,2025.06,"음식, food, 라면, 라멘, ramen, 사진,이미지,일러스트,캘리그라피 - Maoki작가 크라우드픽 - 저작권 걱정 없는 상업용 이미지",https://cdn.crowdpic.net/detail-thumb/thumb_d_61BB83AEE63390627A4B56198AC74138.jpeg,https://search.pstatic.net/sunny/?type=b150&src=https://cdn.crowdpic.net/detail-thumb/thumb_d_61BB83AEE63390627A4B56198AC74138.jpeg,50,image_sim,2025-07-14T20:38:41.113411,20473562
라면,2025-06,2025.06,"라면, 음식, 식사, 분식, food, 사진,이미지,일러스트,캘리그라피 - 부기작가 크라우드픽 - 저작권 걱정 없는 상업용 이미지",https://cdn.crowdpic.net/detail-thumb/thumb_d_07E8EA189831686349AECD9E2C68C32E.png,https://search.pstatic.net/sunny/?type=b150&src=https://cdn.crowdpic.net/detail-thumb/thumb_d_07E8EA189831686349AECD9E2C68C32E.png,50,image_sim,2025-07-14T20:38:41.113411,20473562
라면,2025-06,2025.06,"음식, 라멘, 라면, food, ramen, 사진,이미지,일러스트,캘리그라피 - Anncy작가 크라우드픽 - 저작권 걱정 없는 상업용 이미지",https://cdn.crowdpic.net/detail-thumb/thumb_d_F9F0BE2C05EB1650708D4634641FD2A0.jpg,https://search.pstatic.net/sunny/?type=b150&src=https://cdn.crowdpic.net/detail-thumb/thumb_d_F9F0BE2C05EB1650708D4634641FD2A0.jpg,50,image_sim,2025-07-14T20:38:41.113411,20473562
라면,2025-06,2025.06,"food, 음식, 식사, 라면, 계란, 사진,이미지,일러스트,캘리그라피 - rockbase2000작가 크라우드픽 - 저작권 걱정 없는 상업용 이미지",https://cdn.crowdpic.net/detail-thumb/thumb_d_D788720CEDA32A9885BA7961F7AF63AE.jpg,https://search.pstatic.net/sunny/?type=b150&src=https://cdn.crowdpic.net/detail-thumb/thumb_d_D788720CEDA32A9885BA7961F7AF63AE.jpg,50,image_sim,2025-07-14T20:38:41.113411,20473562
라면,2025-06,2025.06,"음식, 라멘, 라면, food, hot, 사진,이미지,일러스트,캘리그라피 - Ntnqls0010작가 크라우드픽 - 저작권 걱정 없는 상업용 이미지",https://cdn.crowdpic.net/detail-thumb/thumb_d_13A5BAC36AF9D2B8A4BBD2F529BAD344.jpeg,https://search.pstatic.net/sunny/?type=b150&src=https://cdn.crowdpic.net/detail-thumb/thumb_d_13A5BAC36AF9D2B8A4BBD2F529BAD344.jpeg,50,image_sim,2025-07-14T20:38:41.113411,20473562
라면,2025-06,2025.06,"음식, 비빔면, 누들, 라면, food, 사진,이미지,일러스트,캘리그라피 - 스튜디오작가 크라우드픽 - 저작권 걱정 없는 상업용 이미지",https://cdn.crowdpic.net/detail-thumb/thumb_d_629350A990035764CAD45909B66FAA3E.png,https://search.pstatic.net/sunny/?type=b150&src=https://cdn.crowdpic.net/detail-thumb/thumb_d_629350A990035764CAD45909B66FAA3E.png,50,image_sim,2025-07-14T20:38:41.113411,20473562
라면,2025-06,2025.06,"food, 음식, pasta, 파스타, 라면, 사진,이미지,일러스트,캘리그라피 - urdesign작가 크라우드픽 - 저작권 걱정 없는 상업용 이미지",https://cdn.crowdpic.net/detail-thumb/thumb_d_568DF3CC9AB6C01715C17EB76A69D907.jpg,https://search.pstatic.net/sunny/?type=b150&src=https://cdn.crowdpic.net/detail-thumb/thumb_d_568DF3CC9AB6C01715C17EB76A69D907.jpg,50,image_sim,2025-07-14T20:38:41.113411,20473562
라면,2025-06,25년 6월,"라면, ramen, food, 음식, meal, 사진,이미지,일러스트,캘리그라피 - joonmmm작가 크라우드픽 - 저작권 걱정 없는 상업용 이미지",https://cdn.crowdpic.net/detail-thumb/thumb_d_113819CB7C8CF00D064B9E2CB517DAA7.jpeg,https://search.pstatic.net/sunny/?type=b150&src=https://cdn.crowdpic.net/detail-thumb/thumb_d_113819CB7C8CF00D064B9E2CB517DAA7.jpeg,50,image_sim,2025-07-14T20:38:41.707769,20473562
라면,2025-06,25년 6월,"food, 음식, ramen, 라면, mayonnaise, 사진,이미지,일러스트,캘리그라피 - 우니스튜디오작가 크라우드픽 - 저작권 걱정 없는 상업용 이미지",https://cdn.crowdpic.net/detail-thumb/thumb_d_FE70325EE5FB9F84B2D19F8474AF87E6.jpg,https://search.pstatic.net/sunny/?type=b150&src=https://cdn.crowdpic.net/detail-thumb/thumb_d_FE70325EE5FB9F84B2D19F8474AF87E6.jpg,50,image_sim,2025-07-14T20:38:41.707769,20473562
피자,2024-06,2024년 6월,"이미지: 사람 1명, 음식 | 음식, 식품 아이디어, 피자",https://i.pinimg.com/originals/b8/17/df/b817df0fafd14a22e7c7bdd586bb0f06.jpg,https://search.pstatic.net/sunny/?type=b150&src=https://i.pinimg.com/originals/b8/17/df/b817df0fafd14a22e7c7bdd586bb0f06.jpg,50,image_sim,2025-07-14T20:38:43.807618,15782041
피자,2024-06,2024년 6월,피자에 있는 한선 이님의 핀(이미지 포함) | 음식,https://i.pinimg.com/736x/db/ec/c9/dbecc9f8fd34fdec99f9b72fd613a455--i-love-pizza-pizza-pizza.jpg,https://search.pstatic.net/sunny/?type=b150&src=https://i.pinimg.com/736x/db/ec/c9/dbecc9f8fd34fdec99f9b72fd613a455--i-love-pizza-pizza-pizza.jpg,50,image_sim,2025-07-14T20:38:43.807618,15782041
피자,2024-06,2024년 6월,미니피자 > 음식 | 이미지 사용조건이 까다롭지 않은 요리사진 100만컷,http://www.sk5.co.kr/neo/ns600/100/10044020.jpg,https://search.pstatic.net/sunny/?type=b150&src=http://www.sk5.co.kr/neo/ns600/100/10044020.jpg,50,image_sim,2025-07-14T20:38:43.807618,15782041
피자,2024-06,2024년 6월,미니피자 > 음식 | 이미지 사용조건이 까다롭지 않은 요리사진 100만컷,http://www.sk5.co.kr/neo/ns600/100/10044019.jpg,https://search.pstatic.net/sunny/?type=b150&src=http://www.sk5.co.kr/neo/ns600/100/10044019.jpg,50,image_sim,2025-07-14T20:38:43.807618,15782041
피자,2024-06,2024년 6월,"피자, pizza, 음식, sweets, food, 사진,이미지,일러스트,캘리그라피 - 궁리작가 크라우드픽 - 저작권 걱정 없는 상업용 이미지",https://cdn.crowdpic.net/detail-thumb/thumb_d_55921276214AA98D114D9638D2C72DF5.png,https://search.pstatic.net/sunny/?type=b150&src=https://cdn.crowdpic.net/detail-thumb/thumb_d_55921276214AA98D114D9638D2C72DF5.png,50,image_sim,2025-07-14T20:38:43.807618,15782041
피자,2024-06,2024년 6월,"음식, food, pizza, 피자, meal, 사진,이미지,일러스트,캘리그라피 - 단미작가작가 크라우드픽 - 저작권 걱정 없는 상업용 이미지",https://cdn.crowdpic.net/detail-thumb/thumb_d_A1F4D43577D3297731716ABC4C135C3D.png,https://search.pstatic.net/sunny/?type=b150&src=https://cdn.crowdpic.net/detail-thumb/thumb_d_A1F4D43577D3297731716ABC4C135C3D.png,50,image_sim,2025-07-14T20:38:43.807618,15782041
피자,2024-06,2024년 6월,"pizza, 피자, food, 음식, fork, 사진,이미지,일러스트,캘리그라피 - 일상의 사진작가 크라우드픽 - 저작권 걱정 없는 상업용 이미지",https://cdn.crowdpic.net/detail-thumb/thumb_d_65FAEADB743D55234F3D7FE0BD8C92E1.jpeg,https://search.pstatic.net/sunny/?type=b150&src=https://cdn.crowdpic.net/detail-thumb/thumb_d_65FAEADB743D55234F3D7FE0BD8C92E1.jpeg,50,image_sim,2025-07-14T20:38:43.807618,15782041
피자,2024-06,2024년 6월,"food, 음식, pizza, 피자, meal, 사진,이미지,일러스트,캘리그라피 - 꿀림작가 크라우드픽 - 저작권 걱정 없는 상업용 이미지",https://cdn.crowdpic.net/detail-thumb/thumb_d_AAF0C3847FB39E4A65160643DF4650F0.jpg,https://search.pstatic.net/sunny/?type=b150&src=https://cdn.crowdpic.net/detail-thumb/thumb_d_AAF0C3847FB39E4A65160643DF4650F0.jpg,50,image_sim,2025-07-14T20:38:43.807618,15782041
피자,2024-06,2024년 6월,"food, 음식, pizza, 피자, meal, 사진,이미지,일러스트,캘리그라피 - 단미작가작가 크라우드픽 - 저작권 걱정 없는 상업용 이미지",https://cdn.crowdpic.net/detail-thumb/thumb_d_948461612FD2523816755758968D1022.png,https://search.pstatic.net/sunny/?type=b150&src=https://cdn.crowdpic.net/detail-thumb/thumb_d_948461612FD2523816755758968D1022.png,50,image_sim,2025-07-14T20:38:43.807618,15782041
피자,2024-06,2024년 6월,"피자, 음식, food, pizza, thinpizza, 사진,이미지,일러스트,캘리그라피 - IamGonna작가 크라우드픽 - 저작권 걱정 없는 상업용 이미지",https://cdn.crowdpic.net/detail-thumb/thumb_d_AFDF7A609A41A0E8FBBC5F294778D64B.jpg,https://search.pstatic.net/sunny/?type=b150&src=https://cdn.crowdpic.net/detail-thumb/thumb_d_AFDF7A609A41A0E8FBBC5F294778D64B.jpg,50,image_sim,2025-07-14T20:38:43.807618,15782041
피자,2024-06,2024년 6월,"피자, 음식, pizza, food, dish, 사진,이미지,일러스트,캘리그라피 - 여행토끼작가 크라우드픽 - 저작권 걱정 없는 상업용 이미지",https://cdn.crowdpic.net/detail-thumb/thumb_d_910DC5C9E64AA28B3DD42136291C4120.jpg,https://search.pstatic.net/sunny/?type=b150&src=https://cdn.crowdpic.net/detail-thumb/thumb_d_910DC5C9E64AA28B3DD42136291C4120.jpg,50,image_sim,2025-07-14T20:38:43.807618,15782041
피자,2024-06,2024년 6월,"food, 음식, pizza, 피자, restaurant, 사진,이미지,일러스트,캘리그라피 - Nzero960731작가 크라우드픽 - 저작권 걱정 없는 상업용 이미지",https://cdn.crowdpic.net/detail-thumb/thumb_d_262D30EE147B98E3AE6A059A1E929D7D.jpg,https://search.pstatic.net/sunny/?type=b150&src=https://cdn.crowdpic.net/detail-thumb/thumb_d_262D30EE147B98E3AE6A059A1E929D7D.jpg,50,image_sim,2025-07-14T20:38:43.807618,15782041
피자,2024-06,2024년 6월,"피자, pizza, 음식, food, 푸드, 사진,이미지,일러스트,캘리그라피 - JUNIVERSE작가 크라우드픽 - 저작권 걱정 없는 상업용 이미지",https://cdn.crowdpic.net/detail-thumb/thumb_d_8F4458DD0FC20A3072C9B27AC847B6B9.jpeg,https://search.pstatic.net/sunny/?type=b150&src=https://cdn.crowdpic.net/detail-thumb/thumb_d_8F4458DD0FC20A3072C9B27AC847B6B9.jpeg,50,image_sim,2025-07-14T20:38:43.807618,15782041
피자,2024-06,2024년 6월,"피자, pizza, food, 음식, meal, 사진,이미지,일러스트,캘리그라피 - 똔이작가 크라우드픽 - 저작권 걱정 없는 상업용 이미지",https://cdn.crowdpic.net/detail-thumb/thumb_d_05F8224361BB87EE3917723B0F8ABD11.jpg,https://search.pstatic.net/sunny/?type=b150&src=https://cdn.crowdpic.net/detail-thumb/thumb_d_05F8224361BB87EE3917723B0F8ABD11.jpg,50,image_sim,2025-07-14T20:38:43.807618,15782041
피자,2024-06,2024년 6월,"피자, pizza, food, 음식, 이색, 사진,이미지,일러스트,캘리그라피 - soling작가 크라우드픽 - 저작권 걱정 없는 상업용 이미지",https://cdn.crowdpic.net/detail-thumb/thumb_d_9A48BAD3216D380147F77B66ED04186A.jpg,https://search.pstatic.net/sunny/?type=b150&src=https://cdn.crowdpic.net/detail-thumb/thumb_d_9A48BAD3216D380147F77B66ED04186A.jpg,50,image_sim,2025-07-14T20:38:43.807618,15782041
피자,2024-06,2024년 6월,"food, 음식, pizza, 피자, meal, 사진,이미지,일러스트,캘리그라피 - 셀디픽작가 크라우드픽 - 저작권 걱정 없는 상업용 이미지",https://cdn.crowdpic.net/detail-thumb/thumb_d_0053F1C893DB88795FE70497B6A8D1C2.png,https://search.pstatic.net/sunny/?type=b150&src=https://cdn.crowdpic.net/detail-thumb/thumb_d_0053F1C893DB88795FE70497B6A8D1C2.png,50,image_sim,2025-07-14T20:38:43.807618,15782041
피자,2024-06,2024년 6월,"음식, 피자, food, pizza, lunch, 사진,이미지,일러스트,캘리그라피 - vygusgml9203작가 크라우드픽 - 저작권 걱정 없는 상업용 이미지",https://cdn.crowdpic.net/detail-thumb/thumb_d_2DAE4C7ACCA8E33588A9FE45A8D75ED0.jpeg,https://search.pstatic.net/sunny/?type=b150&src=https://cdn.crowdpic.net/detail-thumb/thumb_d_2DAE4C7ACCA8E33588A9FE45A8D75ED0.jpeg,50,image_sim,2025-07-14T20:38:43.807618,15782041
피자,2024-06,2024년 6월,"피자, pizza, 음식, 푸드, food, 사진,이미지,일러스트,캘리그라피 - Nmaldalri작가 크라우드픽 - 저작권 걱정 없는 상업용 이미지",https://cdn.crowdpic.net/detail-thumb/thumb_d_12E139E148D8D25E5EB5DD8199CF32F4.jpg,https://search.pstatic.net/sunny/?type=b150&src=https://cdn.crowdpic.net/detail-thumb/thumb_d_12E139E148D8D25E5EB5DD8199CF32F4.jpg,50,image_sim,2025-07-14T20:38:43.807618,15782041
피자,2024-06,2024년 6월,"food, 음식, pizza, margherita, 피자, 사진,이미지,일러스트,캘리그라피 - lagoudale작가 크라우드픽 - 저작권 걱정 없는 상업용 이미지",https://cdn.crowdpic.net/detail-thumb/thumb_d_844A1F65A46FAAEAA7AF038A66E85178.jpg,https://search.pstatic.net/sunny/?type=b150&src=https://cdn.crowdpic.net/detail-thumb/thumb_d_844A1F65A46FAAEAA7AF038A66E85178.jpg,50,image_sim,2025-07-14T20:38:43.807618,15782041
피자,2024-06,2024년 6월,"음식, food, pizza, 피자, taste, 사진,이미지,일러스트,캘리그라피 - LuNaR작가 크라우드픽 - 저작권 걱정 없는 상업용 이미지",https://cdn.crowdpic.net/detail-thumb/thumb_d_35DF1F2CB408B2BE99B6DEFA92A5E07D.jpg,https://search.pstatic.net/sunny/?type=b150&src=https://cdn.crowdpic.net/detail-thumb/thumb_d_35DF1F2CB408B2BE99B6DEFA92A5E07D.jpg,50,image_sim,2025-07-14T20:38:43.807618,15782041
피자,2024-06,2024년 6월,"피자, pizza, food, 음식, 카페, 사진,이미지,일러스트,캘리그라피 - 유뮤작가 크라우드픽 - 저작권 걱정 없는 상업용 이미지",https://cdn.crowdpic.net/detail-thumb/thumb_d_D08E0C951C1943A8435929D64F724EC4.jpeg,https://search.pstatic.net/sunny/?type=b150&src=https://cdn.crowdpic.net/detail-thumb/thumb_d_D08E0C951C1943A8435929D64F724EC4.jpeg,50,image_sim,2025-07-14T20:38:43.807618,15782041
피자,2024-06,2024년 6월,"pizza, 피자, food, 음식, plate, 사진,이미지,일러스트,캘리그라피 - eysh1638작가 크라우드픽 - 저작권 걱정 없는 상업용 이미지",https://cdn.crowdpic.net/detail-thumb/thumb_d_820B69C6D96C5FF13AFF709C356F0CAE.jpg,https://search.pstatic.net/sunny/?type=b150&src=https://cdn.crowdpic.net/detail-thumb/thumb_d_820B69C6D96C5FF13AFF709C356F0CAE.jpg,50,image_sim,2025-07-14T20:38:43.807618,15782041
피자,2024-06,2024년 6월,"pizza, 피자, food, 음식, dish, 사진,이미지,일러스트,캘리그라피 - Nlsh3634작가 크라우드픽 - 저작권 걱정 없는 상업용 이미지",https://cdn.crowdpic.net/detail-thumb/thumb_d_B46D0DE71B42AAAE2B373439AF5BB87E.jpg,https://search.pstatic.net/sunny/?type=b150&src=https://cdn.crowdpic.net/detail-thumb/thumb_d_B46D0DE71B42AAAE2B373439AF5BB87E.jpg,50,image_sim,2025-07-14T20:38:43.807618,15782041
피자,2024-06,2024년 6월,"food, 음식, pizza, 피자, plate, 사진,이미지,일러스트,캘리그라피 - yoonna작가 크라우드픽 - 저작권 걱정 없는 상업용 이미지",https://cdn.crowdpic.net/detail-thumb/thumb_d_58D079BC769C0BF7D4EB19C96607A1F1.jpg,https://search.pstatic.net/sunny/?type=b150&src=https://cdn.crowdpic.net/detail-thumb/thumb_d_58D079BC769C0BF7D4EB19C96607A1F1.jpg,50,image_sim,2025-07-14T20:38:43.807618,15782041
피자,2024-06,2024년 6월,"food, 음식, pizza, 피자, meat, 사진,이미지,일러스트,캘리그라피 - 제리베작가 크라우드픽 - 저작권 걱정 없는 상업용 이미지",https://cdn.crowdpic.net/detail-thumb/thumb_d_890DE58B572D64CDA59C2115D78188E9.jpg,https://search.pstatic.net/sunny/?type=b150&src=https://cdn.crowdpic.net/detail-thumb/thumb_d_890DE58B572D64CDA59C2115D78188E9.jpg,50,image_sim,2025-07-14T20:38:43.807618,15782041
피자,2024-06,2024년 6월,"피자, 레스토랑, pizza, food, 음식, 사진,이미지,일러스트,캘리그라피 - 0918작가 크라우드픽 - 저작권 걱정 없는 상업용 이미지",https://cdn.crowdpic.net/detail-thumb/thumb_d_590B00DE603E09930561552DC48D566D.jpg,https://search.pstatic.net/sunny/?type=b150&src=https://cdn.crowdpic.net/detail-thumb/thumb_d_590B00DE603E09930561552DC48D566D.jpg,50,image_sim,2025-07-14T20:38:43.807618,15782041
피자,2024-06,2024년 6월,"피자, food, 음식, pizza, tomato, 사진,이미지,일러스트,캘리그라피 - miphoto작가 크라우드픽 - 저작권 걱정 없는 상업용 이미지",https://cdn.crowdpic.net/detail-thumb/thumb_d_05752DE599BEC3EEED7E4889D31E6781.jpg,https://search.pstatic.net/sunny/?type=b150&src=https://cdn.crowdpic.net/detail-thumb/thumb_d_05752DE599BEC3EEED7E4889D31E6781.jpg,50,image_sim,2025-07-14T20:38:43.807618,15782041
피자,2024-06,2024.06,"food, 음식, pizza, 피자, meal, 사진,이미지,일러스트,캘리그라피 - sou0201k작가 크라우드픽 - 저작권 걱정 없는 상업용 이미지",https://cdn.crowdpic.net/detail-thumb/thumb_d_EB3DC0873D6CDA68A925D9A18B8B389D.jpg,https://search.pstatic.net/sunny/?type=b150&src=https://cdn.crowdpic.net/detail-thumb/thumb_d_EB3DC0873D6CDA68A925D9A18B8B389D.jpg,50,image_sim,2025-07-14T20:38:44.366872,15782041
피자,2024-06,2024.06,"food, 음식, pizza, 피자, brunch, 사진,이미지,일러스트,캘리그라피 - R112작가 크라우드픽 - 저작권 걱정 없는 상업용 이미지",https://cdn.crowdpic.net/detail-thumb/thumb_d_8CA4078D33FEF75EF235113177AB20CB.jpeg,https://search.pstatic.net/sunny/?type=b150&src=https://cdn.crowdpic.net/detail-thumb/thumb_d_8CA4078D33FEF75EF235113177AB20CB.jpeg,50,image_sim,2025-07-14T20:38:44.366872,15782041
피자,2024-06,2024.06,"food, 음식, pizza, 피자, 양식, 사진,이미지,일러스트,캘리그라피 - 유뮤작가 크라우드픽 - 저작권 걱정 없는 상업용 이미지",https://cdn.crowdpic.net/detail-thumb/thumb_d_B0E115147728AA3CB80182BDF914F379.jpeg,https://search.pstatic.net/sunny/?type=b150&src=https://cdn.crowdpic.net/detail-thumb/thumb_d_B0E115147728AA3CB80182BDF914F379.jpeg,50,image_sim,2025-07-14T20:38:44.366872,15782041
피자,2024-06,2024.06,"피자, pizza, 음식, food, 인스턴트, 사진,이미지,일러스트,캘리그라피 - 엘리k작가 크라우드픽 - 저작권 걱정 없는 상업용 이미지",https://cdn.crowdpic.net/detail-thumb/thumb_d_B270A6A157C414B029073AF3944E20F6.jpg,https://search.pstatic.net/sunny/?type=b150&src=https://cdn.crowdpic.net/detail-thumb/thumb_d_B270A6A157C414B029073AF3944E20F6.jpg,50,image_sim,2025-07-14T20:38:44.366872,15782041
피자,2024-06,2024.06,"food, 음식, 피자, pizza, vegetable, 사진,이미지,일러스트,캘리그라피 - daisy036작가 크라우드픽 - 저작권 걱정 없는 상업용 이미지",https://cdn.crowdpic.net/detail-thumb/thumb_d_0D6F17C5D49BC9A5EEF15A42DC69B540.jpg,https://search.pstatic.net/sunny/?type=b150&src=https://cdn.crowdpic.net/detail-thumb/thumb_d_0D6F17C5D49BC9A5EEF15A42DC69B540.jpg,50,image_sim,2025-07-14T20:38:44.366872,15782041
피자,2024-06,2024.06,"음식, 피자, 양식, pizza, food, 사진,이미지,일러스트,캘리그라피 - arini85작가 크라우드픽 - 저작권 걱정 없는 상업용 이미지",https://cdn.crowdpic.net/detail-thumb/thumb_d_7444DDDD49F4C09392481FA179AC26C9.jpeg,https://search.pstatic.net/sunny/?type=b150&src=https://cdn.crowdpic.net/detail-thumb/thumb_d_7444DDDD49F4C09392481FA179AC26C9.jpeg,50,image_sim,2025-07-14T20:38:44.366872,15782041
피자,2024-06,2024.06,"food, 음식, pizza, 피자, brunch, 사진,이미지,일러스트,캘리그라피 - vygusgml9203작가 크라우드픽 - 저작권 걱정 없는 상업용 이미지",https://cdn.crowdpic.net/detail-thumb/thumb_d_A5CB6A8A30097FB8314FADAF029E3160.jpg,https://search.pstatic.net/sunny/?type=b150&src=https://cdn.crowdpic.net/detail-thumb/thumb_d_A5CB6A8A30097FB8314FADAF029E3160.jpg,50,image_sim,2025-07-14T20:38:44.366872,15782041
피자,2024-06,2024.06,"food, 음식, 피자, pizza, cheese, 사진,이미지,일러스트,캘리그라피 - yosun0223작가 크라우드픽 - 저작권 걱정 없는 상업용 이미지",https://cdn.crowdpic.net/detail-thumb/thumb_d_73B500DFB6A84CA84A8DEB6B19529F3B.jpg,https://search.pstatic.net/sunny/?type=b150&src=https://cdn.crowdpic.net/detail-thumb/thumb_d_73B500DFB6A84CA84A8DEB6B19529F3B.jpg,50,image_sim,2025-07-14T20:38:44.366872,15782041
피자,2024-06,2024.06,"음식, food, 피자, pizza, westernfood, 사진,이미지,일러스트,캘리그라피 - J8ments작가 크라우드픽 - 저작권 걱정 없는 상업용 이미지",https://cdn.crowdpic.net/detail-thumb/thumb_d_FA1A00DC62A1A35DFFC6042BF1854646.jpg,https://search.pstatic.net/sunny/?type=b150&src=https://cdn.crowdpic.net/detail-thumb/thumb_d_FA1A00DC62A1A35DFFC6042BF1854646.jpg,50,image_sim,2025-07-14T20:38:44.366872,15782041
피자,2024-06,2024.06,"음식, food, 피자, pizza, westernfood, 사진,이미지,일러스트,캘리그라피 - J8ments작가 크라우드픽 - 저작권 걱정 없는 상업용 이미지",https://cdn.crowdpic.net/detail-thumb/thumb_d_0137AE6FAF6A94BD78940CC8BB77E2D3.jpg,https://search.pstatic.net/sunny/?type=b150&src=https://cdn.crowdpic.net/detail-thumb/thumb_d_0137AE6FAF6A94BD78940CC8BB77E2D3.jpg,50,image_sim,2025-07-14T20:38:44.366872,15782041
피자,2024-06,2024.06,"food, 음식, pizza, 피자, 요리, 사진,이미지,일러스트,캘리그라피 - neon0083작가 크라우드픽 - 저작권 걱정 없는 상업용 이미지",https://cdn.crowdpic.net/detail-thumb/thumb_d_881C613287041BC09240F2818219B11C.jpg,https://search.pstatic.net/sunny/?type=b150&src=https://cdn.crowdpic.net/detail-thumb/thumb_d_881C613287041BC09240F2818219B11C.jpg,50,image_sim,2025-07-14T20:38:44.366872,15782041
피자,2024-06,2024.06,"food, 음식, pizza, 피자, 양식, 사진,이미지,일러스트,캘리그라피 - aaminju0277작가 크라우드픽 - 저작권 걱정 없는 상업용 이미지",https://cdn.crowdpic.net/detail-thumb/thumb_d_DB38C79BAAB1D6C3B8AC458FCAECAF66.jpeg,https://search.pstatic.net/sunny/?type=b150&src=https://cdn.crowdpic.net/detail-thumb/thumb_d_DB38C79BAAB1D6C3B8AC458FCAECAF66.jpeg,50,image_sim,2025-07-14T20:38:44.366872,15782041
피자,2024-06,2024.06,"pizza, 피자, food, 음식, 양식, 사진,이미지,일러스트,캘리그라피 - 쥠작가 크라우드픽 - 저작권 걱정 없는 상업용 이미지",https://cdn.crowdpic.net/detail-thumb/thumb_d_4C071A2592E84B0489EA17D4E5779C6A.jpg,https://search.pstatic.net/sunny/?type=b150&src=https://cdn.crowdpic.net/detail-thumb/thumb_d_4C071A2592E84B0489EA17D4E5779C6A.jpg,50,image_sim,2025-07-14T20:38:44.366872,15782041
피자,2024-06,2024.06,"pizza, 피자, food, 음식, 치즈, 사진,이미지,일러스트,캘리그라피 - 스터 design작가 크라우드픽 - 저작권 걱정 없는 상업용 이미지",https://cdn.crowdpic.net/detail-thumb/thumb_d_C350FE04AC4DB4FBC840651084E0B293.jpeg,https://search.pstatic.net/sunny/?type=b150&src=https://cdn.crowdpic.net/detail-thumb/thumb_d_C350FE04AC4DB4FBC840651084E0B293.jpeg,50,image_sim,2025-07-14T20:38:44.366872,15782041
피자,2024-06,2024.06,"food, 음식, 피자, pizza, 배달음식, 사진,이미지,일러스트,캘리그라피 - shony작가 크라우드픽 - 저작권 걱정 없는 상업용 이미지",https://cdn.crowdpic.net/detail-thumb/thumb_d_8F7435F6F7CA732F0D5CA52904714428.jpg,https://search.pstatic.net/sunny/?type=b150&src=https://cdn.crowdpic.net/detail-thumb/thumb_d_8F7435F6F7CA732F0D5CA52904714428.jpg,50,image_sim,2025-07-14T20:38:44.366872,15782041
피자,2024-06,2024.06,"피자, pizza, 음식, food, 치즈, 사진,이미지,일러스트,캘리그라피 - miso1004작가 크라우드픽 - 저작권 걱정 없는 상업용 이미지",https://cdn.crowdpic.net/detail-thumb/thumb_d_36C7B8ED9F0EACD1B007D9402255D2CE.jpg,https://search.pstatic.net/sunny/?type=b150&src=https://cdn.crowdpic.net/detail-thumb/thumb_d_36C7B8ED9F0EACD1B007D9402255D2CE.jpg,50,image_sim,2025-07-14T20:38:44.366872,15782041
피자,2024-06,24년 6월,"무료 이미지 : 피자, 성분, 레시피, 요리, 혼합물, 생기게 하다... 이탈리아 음식, 흙, Karahi, groundcover, 케이준 음식, 꽃잎, 반찬...",https://c.pxhere.com/images/4d/27/7c260e705161760eafbf6e7e0573-1657792.jpg!d,https://search.pstatic.net/sunny/?type=b150&src=https://c.pxhere.com/images/4d/27/7c260e705161760eafbf6e7e0573-1657792.jpg!d,50,image_sim,2025-07-14T20:38:44.925442,15782041
피자,2024-06,24년 6월,"무료 이미지 : 요리, 식품, 아침 식사, 피자, 레스토랑, 전통적인... 아시아 음식, 코지도, 레시피 4608x3456 - Oleg Prokopenko - 1430203 - 무료...",https://c.pxhere.com/images/35/21/3f2d45e2e8744b07c016036fe165-1430203.jpg!d,https://search.pstatic.net/sunny/?type=b150&src=https://c.pxhere.com/images/35/21/3f2d45e2e8744b07c016036fe165-1430203.jpg!d,50,image_sim,2025-07-14T20:38:44.925442,15782041
피자,2025-06,2025년 6월,"음식, 식사, food, dish, 피자, 사진,이미지,일러스트,캘리그라피 - coolazrael작가 크라우드픽 - 저작권 걱정 없는 상업용 이미지",https://cdn.crowdpic.net/detail-thumb/thumb_d_EB29CB5F29DD0D1A450ADB8326B2C00A.jpeg,https://search.pstatic.net/sunny/?type=b150&src=https://cdn.crowdpic.net/detail-thumb/thumb_d_EB29CB5F29DD0D1A450ADB8326B2C00A.jpeg,50,image_date,2025-07-14T20:38:47.515862,15782041
피자,2025-06,2025.06,"이미지: 사람 1명, 음식 | 음식, 식품 아이디어, 피자",https://i.pinimg.com/originals/b8/17/df/b817df0fafd14a22e7c7bdd586bb0f06.jpg,https://search.pstatic.net/sunny/?type=b150&src=https://i.pinimg.com/originals/b8/17/df/b817df0fafd14a22e7c7bdd586bb0f06.jpg,50,image_sim,2025-07-14T20:38:48.525376,15782041
피자,2025-06,2025.06,피자에 있는 한선 이님의 핀(이미지 포함) | 음식,https://i.pinimg.com/736x/db/ec/c9/dbecc9f8fd34fdec99f9b72fd613a455--i-love-pizza-pizza-pizza.jpg,https://search.pstatic.net/sunny/?type=b150&src=https://i.pinimg.com/736x/db/ec/c9/dbecc9f8fd34fdec99f9b72fd613a455--i-love-pizza-pizza-pizza.jpg,50,image_sim,2025-07-14T20:38:48.525376,15782041
피자,2025-06,2025.06,미니피자 > 음식 | 이미지 사용조건이 까다롭지 않은 요리사진 100만컷,http://www.sk5.co.kr/neo/ns600/100/10044020.jpg,https://search.pstatic.net/sunny/?type=b150&src=http://www.sk5.co.kr/neo/ns600/100/10044020.jpg,50,image_sim,2025-07-14T20:38:48.525376,15782041
피자,2025-06,2025.06,미니피자 > 음식 | 이미지 사용조건이 까다롭지 않은 요리사진 100만컷,http://www.sk5.co.kr/neo/ns600/100/10044019.jpg,https://search.pstatic.net/sunny/?type=b150&src=http://www.sk5.co.kr/neo/ns600/100/10044019.jpg,50,image_sim,2025-07-14T20:38:48.525376,15782041
피자,2025-06,2025.06,"피자, pizza, 음식, sweets, food, 사진,이미지,일러스트,캘리그라피 - 궁리작가 크라우드픽 - 저작권 걱정 없는 상업용 이미지",https://cdn.crowdpic.net/detail-thumb/thumb_d_55921276214AA98D114D9638D2C72DF5.png,https://search.pstatic.net/sunny/?type=b150&src=https://cdn.crowdpic.net/detail-thumb/thumb_d_55921276214AA98D114D9638D2C72DF5.png,50,image_sim,2025-07-14T20:38:48.525376,15782041
피자,2025-06,2025.06,"음식, food, pizza, 피자, meal, 사진,이미지,일러스트,캘리그라피 - 단미작가작가 크라우드픽 - 저작권 걱정 없는 상업용 이미지",https://cdn.crowdpic.net/detail-thumb/thumb_d_A1F4D43577D3297731716ABC4C135C3D.png,https://search.pstatic.net/sunny/?type=b150&src=https://cdn.crowdpic.net/detail-thumb/thumb_d_A1F4D43577D3297731716ABC4C135C3D.png,50,image_sim,2025-07-14T20:38:48.525376,15782041
피자,2025-06,2025.06,"pizza, 피자, food, 음식, fork, 사진,이미지,일러스트,캘리그라피 - 일상의 사진작가 크라우드픽 - 저작권 걱정 없는 상업용 이미지",https://cdn.crowdpic.net/detail-thumb/thumb_d_65FAEADB743D55234F3D7FE0BD8C92E1.jpeg,https://search.pstatic.net/sunny/?type=b150&src=https://cdn.crowdpic.net/detail-thumb/thumb_d_65FAEADB743D55234F3D7FE0BD8C92E1.jpeg,50,image_sim,2025-07-14T20:38:48.525376,15782041
피자,2025-06,2025.06,"food, 음식, pizza, 피자, meal, 사진,이미지,일러스트,캘리그라피 - 꿀림작가 크라우드픽 - 저작권 걱정 없는 상업용 이미지",https://cdn.crowdpic.net/detail-thumb/thumb_d_AAF0C3847FB39E4A65160643DF4650F0.jpg,https://search.pstatic.net/sunny/?type=b150&src=https://cdn.crowdpic.net/detail-thumb/thumb_d_AAF0C3847FB39E4A65160643DF4650F0.jpg,50,image_sim,2025-07-14T20:38:48.539531,15782041
피자,2025-06,2025.06,"food, 음식, pizza, 피자, meal, 사진,이미지,일러스트,캘리그라피 - 단미작가작가 크라우드픽 - 저작권 걱정 없는 상업용 이미지",https://cdn.crowdpic.net/detail-thumb/thumb_d_948461612FD2523816755758968D1022.png,https://search.pstatic.net/sunny/?type=b150&src=https://cdn.crowdpic.net/detail-thumb/thumb_d_948461612FD2523816755758968D1022.png,50,image_sim,2025-07-14T20:38:48.539531,15782041
피자,2025-06,2025.06,"피자, 음식, food, pizza, thinpizza, 사진,이미지,일러스트,캘리그라피 - IamGonna작가 크라우드픽 - 저작권 걱정 없는 상업용 이미지",https://cdn.crowdpic.net/detail-thumb/thumb_d_8AA3A0363D20D6AC8821E1A35B3656AB.jpg,https://search.pstatic.net/sunny/?type=b150&src=https://cdn.crowdpic.net/detail-thumb/thumb_d_8AA3A0363D20D6AC8821E1A35B3656AB.jpg,50,image_sim,2025-07-14T20:38:48.539531,15782041
피자,2025-06,2025.06,"피자, 음식, pizza, food, dish, 사진,이미지,일러스트,캘리그라피 - 여행토끼작가 크라우드픽 - 저작권 걱정 없는 상업용 이미지",https://cdn.crowdpic.net/detail-thumb/thumb_d_910DC5C9E64AA28B3DD42136291C4120.jpg,https://search.pstatic.net/sunny/?type=b150&src=https://cdn.crowdpic.net/detail-thumb/thumb_d_910DC5C9E64AA28B3DD42136291C4120.jpg,50,image_sim,2025-07-14T20:38:48.539531,15782041
피자,2025-06,2025.06,"food, 음식, pizza, 피자, restaurant, 사진,이미지,일러스트,캘리그라피 - Nzero960731작가 크라우드픽 - 저작권 걱정 없는 상업용 이미지",https://cdn.crowdpic.net/detail-thumb/thumb_d_262D30EE147B98E3AE6A059A1E929D7D.jpg,https://search.pstatic.net/sunny/?type=b150&src=https://cdn.crowdpic.net/detail-thumb/thumb_d_262D30EE147B98E3AE6A059A1E929D7D.jpg,50,image_sim,2025-07-14T20:38:48.539531,15782041
피자,2025-06,2025.06,"피자, pizza, food, 음식, meal, 사진,이미지,일러스트,캘리그라피 - 똔이작가 크라우드픽 - 저작권 걱정 없는 상업용 이미지",https://cdn.crowdpic.net/detail-thumb/thumb_d_05F8224361BB87EE3917723B0F8ABD11.jpg,https://search.pstatic.net/sunny/?type=b150&src=https://cdn.crowdpic.net/detail-thumb/thumb_d_05F8224361BB87EE3917723B0F8ABD11.jpg,50,image_sim,2025-07-14T20:38:48.539531,15782041
피자,2025-06,2025.06,"food, 음식, pizza, 피자, meal, 사진,이미지,일러스트,캘리그라피 - 셀디픽작가 크라우드픽 - 저작권 걱정 없는 상업용 이미지",https://cdn.crowdpic.net/detail-thumb/thumb_d_0053F1C893DB88795FE70497B6A8D1C2.png,https://search.pstatic.net/sunny/?type=b150&src=https://cdn.crowdpic.net/detail-thumb/thumb_d_0053F1C893DB88795FE70497B6A8D1C2.png,50,image_sim,2025-07-14T20:38:48.539531,15782041
피자,2025-06,2025.06,"피자, pizza, 음식, food, 푸드, 사진,이미지,일러스트,캘리그라피 - JUNIVERSE작가 크라우드픽 - 저작권 걱정 없는 상업용 이미지",https://cdn.crowdpic.net/detail-thumb/thumb_d_8F4458DD0FC20A3072C9B27AC847B6B9.jpeg,https://search.pstatic.net/sunny/?type=b150&src=https://cdn.crowdpic.net/detail-thumb/thumb_d_8F4458DD0FC20A3072C9B27AC847B6B9.jpeg,50,image_sim,2025-07-14T20:38:48.539531,15782041
피자,2025-06,2025.06,"피자, pizza, food, 음식, 이색, 사진,이미지,일러스트,캘리그라피 - soling작가 크라우드픽 - 저작권 걱정 없는 상업용 이미지",https://cdn.crowdpic.net/detail-thumb/thumb_d_9A48BAD3216D380147F77B66ED04186A.jpg,https://search.pstatic.net/sunny/?type=b150&src=https://cdn.crowdpic.net/detail-thumb/thumb_d_9A48BAD3216D380147F77B66ED04186A.jpg,50,image_sim,2025-07-14T20:38:48.539531,15782041
피자,2025-06,2025.06,"음식, 피자, food, pizza, lunch, 사진,이미지,일러스트,캘리그라피 - vygusgml9203작가 크라우드픽 - 저작권 걱정 없는 상업용 이미지",https://cdn.crowdpic.net/detail-thumb/thumb_d_2DAE4C7ACCA8E33588A9FE45A8D75ED0.jpeg,https://search.pstatic.net/sunny/?type=b150&src=https://cdn.crowdpic.net/detail-thumb/thumb_d_2DAE4C7ACCA8E33588A9FE45A8D75ED0.jpeg,50,image_sim,2025-07-14T20:38:48.539531,15782041
피자,2025-06,2025.06,"음식, food, pizza, 피자, taste, 사진,이미지,일러스트,캘리그라피 - LuNaR작가 크라우드픽 - 저작권 걱정 없는 상업용 이미지",https://cdn.crowdpic.net/detail-thumb/thumb_d_35DF1F2CB408B2BE99B6DEFA92A5E07D.jpg,https://search.pstatic.net/sunny/?type=b150&src=https://cdn.crowdpic.net/detail-thumb/thumb_d_35DF1F2CB408B2BE99B6DEFA92A5E07D.jpg,50,image_sim,2025-07-14T20:38:48.539531,15782041
피자,2025-06,2025.06,"피자, pizza, 음식, 푸드, food, 사진,이미지,일러스트,캘리그라피 - Nmaldalri작가 크라우드픽 - 저작권 걱정 없는 상업용 이미지",https://cdn.crowdpic.net/detail-thumb/thumb_d_12E139E148D8D25E5EB5DD8199CF32F4.jpg,https://search.pstatic.net/sunny/?type=b150&src=https://cdn.crowdpic.net/detail-thumb/thumb_d_12E139E148D8D25E5EB5DD8199CF32F4.jpg,50,image_sim,2025-07-14T20:38:48.539531,15782041
피자,2025-06,2025.06,"food, 음식, pizza, margherita, 피자, 사진,이미지,일러스트,캘리그라피 - lagoudale작가 크라우드픽 - 저작권 걱정 없는 상업용 이미지",https://cdn.crowdpic.net/detail-thumb/thumb_d_844A1F65A46FAAEAA7AF038A66E85178.jpg,https://search.pstatic.net/sunny/?type=b150&src=https://cdn.crowdpic.net/detail-thumb/thumb_d_844A1F65A46FAAEAA7AF038A66E85178.jpg,50,image_sim,2025-07-14T20:38:48.539531,15782041
피자,2025-06,2025.06,"pizza, 피자, food, 음식, plate, 사진,이미지,일러스트,캘리그라피 - eysh1638작가 크라우드픽 - 저작권 걱정 없는 상업용 이미지",https://cdn.crowdpic.net/detail-thumb/thumb_d_820B69C6D96C5FF13AFF709C356F0CAE.jpg,https://search.pstatic.net/sunny/?type=b150&src=https://cdn.crowdpic.net/detail-thumb/thumb_d_820B69C6D96C5FF13AFF709C356F0CAE.jpg,50,image_sim,2025-07-14T20:38:48.539531,15782041
피자,2025-06,2025.06,"food, 음식, pizza, 피자, plate, 사진,이미지,일러스트,캘리그라피 - yoonna작가 크라우드픽 - 저작권 걱정 없는 상업용 이미지",https://cdn.crowdpic.net/detail-thumb/thumb_d_58D079BC769C0BF7D4EB19C96607A1F1.jpg,https://search.pstatic.net/sunny/?type=b150&src=https://cdn.crowdpic.net/detail-thumb/thumb_d_58D079BC769C0BF7D4EB19C96607A1F1.jpg,50,image_sim,2025-07-14T20:38:48.539531,15782041
피자,2025-06,2025.06,"food, 음식, pizza, 피자, meat, 사진,이미지,일러스트,캘리그라피 - 제리베작가 크라우드픽 - 저작권 걱정 없는 상업용 이미지",https://cdn.crowdpic.net/detail-thumb/thumb_d_890DE58B572D64CDA59C2115D78188E9.jpg,https://search.pstatic.net/sunny/?type=b150&src=https://cdn.crowdpic.net/detail-thumb/thumb_d_890DE58B572D64CDA59C2115D78188E9.jpg,50,image_sim,2025-07-14T20:38:48.539531,15782041
피자,2025-06,2025.06,"pizza, 피자, food, 음식, dish, 사진,이미지,일러스트,캘리그라피 - Nlsh3634작가 크라우드픽 - 저작권 걱정 없는 상업용 이미지",https://cdn.crowdpic.net/detail-thumb/thumb_d_B46D0DE71B42AAAE2B373439AF5BB87E.jpg,https://search.pstatic.net/sunny/?type=b150&src=https://cdn.crowdpic.net/detail-thumb/thumb_d_B46D0DE71B42AAAE2B373439AF5BB87E.jpg,50,image_sim,2025-07-14T20:38:48.539531,15782041
피자,2025-06,2025.06,"food, 음식, pizza, 피자, plate, 사진,이미지,일러스트,캘리그라피 - pana80작가 크라우드픽 - 저작권 걱정 없는 상업용 이미지",https://cdn.crowdpic.net/detail-thumb/thumb_d_A03EAC7EF4D2C9BD5828F099CEAF670D.jpg,https://search.pstatic.net/sunny/?type=b150&src=https://cdn.crowdpic.net/detail-thumb/thumb_d_A03EAC7EF4D2C9BD5828F099CEAF670D.jpg,50,image_sim,2025-07-14T20:38:48.539531,15782041
피자,2025-06,2025.06,"food, 음식, pizza, 피자, meal, 사진,이미지,일러스트,캘리그라피 - sou0201k작가 크라우드픽 - 저작권 걱정 없는 상업용 이미지",https://cdn.crowdpic.net/detail-thumb/thumb_d_EB3DC0873D6CDA68A925D9A18B8B389D.jpg,https://search.pstatic.net/sunny/?type=b150&src=https://cdn.crowdpic.net/detail-thumb/thumb_d_EB3DC0873D6CDA68A925D9A18B8B389D.jpg,50,image_sim,2025-07-14T20:38:48.539531,15782041
피자,2025-06,2025.06,"food, 음식, pizza, 피자, meal, 사진,이미지,일러스트,캘리그라피 - 픽쳐가든작가 크라우드픽 - 저작권 걱정 없는 상업용 이미지",https://cdn.crowdpic.net/detail-thumb/thumb_d_716991A2C8B03B49C76D1BF24399CB76.jpg,https://search.pstatic.net/sunny/?type=b150&src=https://cdn.crowdpic.net/detail-thumb/thumb_d_716991A2C8B03B49C76D1BF24399CB76.jpg,50,image_sim,2025-07-14T20:38:48.539531,15782041
피자,2025-06,25년 6월,"무료 이미지 : 피자, 성분, 레시피, 요리, 혼합물, 생기게 하다... 이탈리아 음식, 흙, Karahi, groundcover, 케이준 음식, 꽃잎, 반찬...",https://c.pxhere.com/images/4d/27/7c260e705161760eafbf6e7e0573-1657792.jpg!d,https://search.pstatic.net/sunny/?type=b150&src=https://c.pxhere.com/images/4d/27/7c260e705161760eafbf6e7e0573-1657792.jpg!d,50,image_sim,2025-07-14T20:38:49.156030,15782041
피자,2025-06,25년 6월,"무료 이미지 : 요리, 식품, 아침 식사, 피자, 레스토랑, 전통적인... 아시아 음식, 코지도, 레시피 4608x3456 - Oleg Prokopenko - 1430203 - 무료...",https://c.pxhere.com/images/35/21/3f2d45e2e8744b07c016036fe165-1430203.jpg!d,https://search.pstatic.net/sunny/?type=b150&src=https://c.pxhere.com/images/35/21/3f2d45e2e8744b07c016036fe165-1430203.jpg!d,50,image_sim,2025-07-14T20:38:49.158037,15782041
갈비,2025-06,2025년 6월,"food, 음식, 갈비찜, 갈비, 한식, 사진,이미지,일러스트,캘리그라피 - tastylog작가 크라우드픽 - 저작권 걱정 없는 상업용 이미지",https://cdn.crowdpic.net/detail-thumb/thumb_d_A15AEC4F5C566A84290B48334200D9CE.jpg,https://search.pstatic.net/sunny/?type=b150&src=https://cdn.crowdpic.net/detail-thumb/thumb_d_A15AEC4F5C566A84290B48334200D9CE.jpg,50,image_date,2025-07-14T20:38:52.797760,11420886
갈비,2025-06,2025.06,"food, 음식, 갈비, meat, beef, 사진,이미지,일러스트,캘리그라피 - Dracula작가 크라우드픽 - 저작권 걱정 없는 상업용 이미지",https://cdn.crowdpic.net/detail-thumb/thumb_d_C79420CB44231F62EAB0A348BD7D203F.jpg,https://search.pstatic.net/sunny/?type=b150&src=https://cdn.crowdpic.net/detail-thumb/thumb_d_C79420CB44231F62EAB0A348BD7D203F.jpg,50,image_sim,2025-07-14T20:38:53.807202,11420886
갈비,2025-06,2025.06,"음식, food, meal, 식사, 갈비, 사진,이미지,일러스트,캘리그라피 - Nwmr04059작가 크라우드픽 - 저작권 걱정 없는 상업용 이미지",https://cdn.crowdpic.net/detail-thumb/thumb_d_CA22ABA15DD0CAA57B8624340A9B5E87.jpg,https://search.pstatic.net/sunny/?type=b150&src=https://cdn.crowdpic.net/detail-thumb/thumb_d_CA22ABA15DD0CAA57B8624340A9B5E87.jpg,50,image_sim,2025-07-14T20:38:53.807202,11420886
갈비,2025-06,2025.06,"food, pork, 음식, 돼지갈비, 갈비, 사진,이미지,일러스트,캘리그라피 - 쏭쏭이의먹방일기작가 크라우드픽 - 저작권 걱정 없는 상업용 이미지",https://cdn.crowdpic.net/detail-thumb/thumb_d_0612B2BACEAB225473CB0930D4E59778.jpg,https://search.pstatic.net/sunny/?type=b150&src=https://cdn.crowdpic.net/detail-thumb/thumb_d_0612B2BACEAB225473CB0930D4E59778.jpg,50,image_sim,2025-07-14T20:38:53.807202,11420886
갈비,2025-06,2025.06,"돼지갈비, 음식, food, 식사, 고기, 사진,이미지,일러스트,캘리그라피 - 통통통이작가 크라우드픽 - 저작권 걱정 없는 상업용 이미지",https://cdn.crowdpic.net/detail-thumb/thumb_d_571367D7AC7AA902C4918D9C2214BA9F.jpg,https://search.pstatic.net/sunny/?type=b150&src=https://cdn.crowdpic.net/detail-thumb/thumb_d_571367D7AC7AA902C4918D9C2214BA9F.jpg,50,image_sim,2025-07-14T20:38:53.807202,11420886
갈비,2025-06,2025.06,"음식, food, 요리, 돼지고기, 돼지갈비, 사진,이미지,일러스트,캘리그라피 - taberudake작가 크라우드픽 - 저작권 걱정 없는 상업용 이미지",https://cdn.crowdpic.net/detail-thumb/thumb_d_9E136C790EC7D895AA93FD83066761AD.jpg,https://search.pstatic.net/sunny/?type=b150&src=https://cdn.crowdpic.net/detail-thumb/thumb_d_9E136C790EC7D895AA93FD83066761AD.jpg,50,image_sim,2025-07-14T20:38:53.807202,11420886
갈비,2025-06,2025.06,"갈비, 소고기, 맛집, 음식, beef, 사진,이미지,일러스트,캘리그라피 - khaia작가 크라우드픽 - 저작권 걱정 없는 상업용 이미지",https://cdn.crowdpic.net/detail-thumb/thumb_d_609E7AD1DFD7167EF10E355B6ED2CBAA.jpg,https://search.pstatic.net/sunny/?type=b150&src=https://cdn.crowdpic.net/detail-thumb/thumb_d_609E7AD1DFD7167EF10E355B6ED2CBAA.jpg,50,image_sim,2025-07-14T20:38:53.807202,11420886
치킨,2024-06,2024.06,"맛있는 로스트 치킨 일러스트 만화 레이션, 치킨, 고기, 음식 PNG 일러스트 및 PSD 이미지 무료 다운로드 - Pngtree",https://png.pngtree.com/element_our/20190603/ourlarge/pngtree-delicious-roast-chicken-cartoon-illustration-image_1449186.jpg,https://search.pstatic.net/sunny/?type=b150&src=https://png.pngtree.com/element_our/20190603/ourlarge/pngtree-delicious-roast-chicken-cartoon-illustration-image_1449186.jpg,49,image_sim,2025-07-14T20:38:29.337813,317241121
치킨,2024-06,2024.06,"맛있는 로스트 치킨 음식, 맛있는, 구운 치킨, 닭고기 PNG 일러스트 및 이미지 에 대한 무료 다운로드 - Pngtree",https://png.pngtree.com/png-vector/20230120/ourlarge/pngtree-delicious-roast-chicken-food-png-image_6183466.png,https://search.pstatic.net/sunny/?type=b150&src=https://png.pngtree.com/png-vector/20230120/ourlarge/pngtree-delicious-roast-chicken-food-png-image_6183466.png,49,image_sim,2025-07-14T20:38:29.337813,317241121
치킨,2024-06,2024.06,"맛있는 일러스트 로스트 치킨, 고기, 음식, 치킨 PNG 일러스트 및 PSD 이미지 무료 다운로드 - Pngtree",https://png.pngtree.com/element_our/20190604/ourlarge/pngtree-a-delicious-roast-chicken-illustration-image_1466776.jpg,https://search.pstatic.net/sunny/?type=b150&src=https://png.pngtree.com/element_our/20190604/ourlarge/pngtree-a-delicious-roast-chicken-illustration-image_1466776.jpg,49,image_sim,2025-07-14T20:38:29.337813,317241121
치킨,2024-06,24년 6월,"찹쌀 치킨, 음식, 광동어, 중국 요리 PNG 일러스트 및 이미지 에 대한 무료 다운로드 - Pngtree",https://png.pngtree.com/png-vector/20220120/ourlarge/pngtree-glutinous-rice-chicken-png-image_4353974.png,https://search.pstatic.net/sunny/?type=b150&src=https://png.pngtree.com/png-vector/20220120/ourlarge/pngtree-glutinous-rice-chicken-png-image_4353974.png,49,image_sim,2025-07-14T20:38:29.946415,317241121
치킨,2025-06,2025.06,"맛있는 로스트 치킨 일러스트 만화 레이션, 치킨, 고기, 음식 PNG 일러스트 및 PSD 이미지 무료 다운로드 - Pngtree",https://png.pngtree.com/element_our/20190603/ourlarge/pngtree-delicious-roast-chicken-cartoon-illustration-image_1449186.jpg,https://search.pstatic.net/sunny/?type=b150&src=https://png.pngtree.com/element_our/20190603/ourlarge/pngtree-delicious-roast-chicken-cartoon-illustration-image_1449186.jpg,49,image_sim,2025-07-14T20:38:33.522316,317241121
치킨,2025-06,2025.06,"맛있는 일러스트 로스트 치킨, 고기, 음식, 치킨 PNG 일러스트 및 PSD 이미지 무료 다운로드 - Pngtree",https://png.pngtree.com/element_our/20190604/ourlarge/pngtree-a-delicious-roast-chicken-illustration-image_1466776.jpg,https://search.pstatic.net/sunny/?type=b150&src=https://png.pngtree.com/element_our/20190604/ourlarge/pngtree-a-delicious-roast-chicken-illustration-image_1466776.jpg,49,image_sim,2025-07-14T20:38:33.522316,317241121
치킨,2025-06,2025.06,"맛있는 로스트 치킨 음식, 맛있는, 구운 치킨, 닭고기 PNG 일러스트 및 이미지 에 대한 무료 다운로드 - Pngtree",https://png.pngtree.com/png-vector/20230120/ourlarge/pngtree-delicious-roast-chicken-food-png-image_6183466.png,https://search.pstatic.net/sunny/?type=b150&src=https://png.pngtree.com/png-vector/20230120/ourlarge/pngtree-delicious-roast-chicken-food-png-image_6183466.png,49,image_sim,2025-07-14T20:38:33.526927,317241121
치킨,2025-06,2025.06,"치킨 일러스트 미식가, 치킨 잡화, 음식, 맛있는 PNG 일러스트 및 PSD 이미지 무료 다운로드 - Pngtree",https://png.pngtree.com/png-clipart/20210912/original/pngtree-chicken-gourmet-chicken-gourmet-png-image_6744740.jpg,https://search.pstatic.net/sunny/?type=b150&src=https://png.pngtree.com/png-clipart/20210912/original/pngtree-chicken-gourmet-chicken-gourmet-png-image_6744740.jpg,49,image_sim,2025-07-14T20:38:33.528936,317241121
치킨,2025-06,25년 6월,"찹쌀 치킨, 음식, 광동어, 중국 요리 PNG 일러스트 및 이미지 에 대한 무료 다운로드 - Pngtree",https://png.pngtree.com/png-vector/20220120/ourlarge/pngtree-glutinous-rice-chicken-png-image_4353974.png,https://search.pstatic.net/sunny/?type=b150&src=https://png.pngtree.com/png-vector/20220120/ourlarge/pngtree-glutinous-rice-chicken-png-image_4353974.png,49,image_sim,2025-07-14T20:38:34.177345,317241121
라면,2024-06,24년 6월,"라면 데친 계란 음식 일러스트, 음식 클립 아트, 간단하고 맛있는 일식, 라면 PNG 일러스트 및 PSD 이미지 무료 다운로드 - Pngtree",https://png.pngtree.com/element_our/20190604/ourlarge/pngtree-ramen-poached-egg-food-simple-and-delicious-japanese-food-image_1483315.jpg,https://search.pstatic.net/sunny/?type=b150&src=https://png.pngtree.com/element_our/20190604/ourlarge/pngtree-ramen-poached-egg-food-simple-and-delicious-japanese-food-image_1483315.jpg,49,image_sim,2025-07-14T20:38:37.414805,20473562
라면,2024-06,24년 6월,"맛있는 라면, 라면, 그릇, 음식 PNG 일러스트 및 PSD 이미지 무료 다운로드 - Pngtree",https://png.pngtree.com/png-clipart/20230626/ourlarge/pngtree-yummy-served-ramen-png-image_7321361.png,https://search.pstatic.net/sunny/?type=b150&src=https://png.pngtree.com/png-clipart/20230626/ourlarge/pngtree-yummy-served-ramen-png-image_7321361.png,49,image_sim,2025-07-14T20:38:37.414805,20473562
라면,2025-06,25년 6월,"라면 데친 계란 음식 일러스트, 음식 클립 아트, 간단하고 맛있는 일식, 라면 PNG 일러스트 및 PSD 이미지 무료 다운로드 - Pngtree",https://png.pngtree.com/element_our/20190604/ourlarge/pngtree-ramen-poached-egg-food-simple-and-delicious-japanese-food-image_1483315.jpg,https://search.pstatic.net/sunny/?type=b150&src=https://png.pngtree.com/element_our/20190604/ourlarge/pngtree-ramen-poached-egg-food-simple-and-delicious-japanese-food-image_1483315.jpg,49,image_sim,2025-07-14T20:38:41.707769,20473562
라면,2025-06,25년 6월,"맛있는 라면, 라면, 그릇, 음식 PNG 일러스트 및 PSD 이미지 무료 다운로드 - Pngtree",https://png.pngtree.com/png-clipart/20230626/ourlarge/pngtree-yummy-served-ramen-png-image_7321361.png,https://search.pstatic.net/sunny/?type=b150&src=https://png.pngtree.com/png-clipart/20230626/ourlarge/pngtree-yummy-served-ramen-png-image_7321361.png,49,image_sim,2025-07-14T20:38:41.707769,20473562
피자,2024-06,2024년 6월,"피자 사람 일러스트 음식, 피자, 이탈리아 요리, 이탈리아 사람 PNG 일러스트 및 PSD 이미지 무료 다운로드 - Pngtree",https://png.pngtree.com/png-clipart/20220112/ourlarge/pngtree-slice-of-pizza-png-image_4295782.png,https://search.pstatic.net/sunny/?type=b150&src=https://png.pngtree.com/png-clipart/20220112/ourlarge/pngtree-slice-of-pizza-png-image_4295782.png,49,image_sim,2025-07-14T20:38:43.807618,15782041
피자,2024-06,2024년 6월,"피자 이탈리안 맛있는, 피자, 정통 이탈리아, 음식 PNG 일러스트 및 이미지 에 대한 무료 다운로드 - Pngtree",https://png.pngtree.com/png-vector/20230413/ourlarge/pngtree-pizza-italian-delicious-png-image_6704572.png,https://search.pstatic.net/sunny/?type=b150&src=https://png.pngtree.com/png-vector/20230413/ourlarge/pngtree-pizza-italian-delicious-png-image_6704572.png,49,image_sim,2025-07-14T20:38:43.807618,15782041
피자,2024-06,2024.06,"음식, food, 피자, pizza, 맛집, 사진,이미지,일러스트,캘리그라피 - wotn7597작가 크라우드픽 - 저작권 걱정 없는 상업용 이미지",https://cdn.crowdpic.net/detail-thumb/thumb_d_FC320402D80C1328E2070C790D605C1C.jpg,https://search.pstatic.net/sunny/?type=b150&src=https://cdn.crowdpic.net/detail-thumb/thumb_d_FC320402D80C1328E2070C790D605C1C.jpg,49,image_sim,2025-07-14T20:38:44.366872,15782041
피자,2024-06,24년 6월,"무료 이미지 : 요리, 캘리포니아 스타일의 피자, 성분, 이탈리아 음식, 타르트 플랩 전자, 단 빵, 피자 치즈, Pajeon, 생기게 하다, 레시피...",https://c.pxhere.com/photos/8e/59/artesanal_pizza_cheese_close_up_cooking_crust_delicious_dinner_fastfood-1550519.jpg!d,https://search.pstatic.net/sunny/?type=b150&src=https://c.pxhere.com/photos/8e/59/artesanal_pizza_cheese_close_up_cooking_crust_delicious_dinner_fastfood-1550519.jpg!d,49,image_sim,2025-07-14T20:38:44.925442,15782041
피자,2024-06,24년 6월,"무료 이미지 : 요리, 피자 치즈, 캘리포니아 스타일의 피자, 성분... 이탈리아 음식, 생기게 하다, 레시피, 시칠리아 피자, 즈 위벨...",https://c.pxhere.com/photos/98/30/cheese_crust_cuisine_delicious_food_food_photography_italian_Italian_food-1528879.jpg!d,https://search.pstatic.net/sunny/?type=b150&src=https://c.pxhere.com/photos/98/30/cheese_crust_cuisine_delicious_food_food_photography_italian_Italian_food-1528879.jpg!d,49,image_sim,2025-07-14T20:38:44.925442,15782041
피자,2025-06,2025.06,"피자 사람 일러스트 음식, 피자, 이탈리아 요리, 이탈리아 사람 PNG 일러스트 및 PSD 이미지 무료 다운로드 - Pngtree",https://png.pngtree.com/png-clipart/20220112/ourlarge/pngtree-slice-of-pizza-png-image_4295782.png,https://search.pstatic.net/sunny/?type=b150&src=https://png.pngtree.com/png-clipart/20220112/ourlarge/pngtree-slice-of-pizza-png-image_4295782.png,49,image_sim,2025-07-14T20:38:48.525376,15782041
피자,2025-06,2025.06,"피자, 음식, 맛집, pizza, food, 사진,이미지,일러스트,캘리그라피 - Niblovemy작가 크라우드픽 - 저작권 걱정 없는 상업용 이미지",https://cdn.crowdpic.net/detail-thumb/thumb_d_72A044C0BD1F457E7F6052361C058596.jpg,https://search.pstatic.net/sunny/?type=b150&src=https://cdn.crowdpic.net/detail-thumb/thumb_d_72A044C0BD1F457E7F6052361C058596.jpg,49,image_sim,2025-07-14T20:38:48.539531,15782041
피자,2025-06,25년 6월,"무료 이미지 : 요리, 캘리포니아 스타일의 피자, 성분, 이탈리아 음식, 타르트 플랩 전자, 단 빵, 피자 치즈, Pajeon, 생기게 하다, 레시피...",https://c.pxhere.com/photos/8e/59/artesanal_pizza_cheese_close_up_cooking_crust_delicious_dinner_fastfood-1550519.jpg!d,https://search.pstatic.net/sunny/?type=b150&src=https://c.pxhere.com/photos/8e/59/artesanal_pizza_cheese_close_up_cooking_crust_delicious_dinner_fastfood-1550519.jpg!d,49,image_sim,2025-07-14T20:38:49.156030,15782041
피자,2025-06,25년 6월,"무료 이미지 : 요리, 피자 치즈, 캘리포니아 스타일의 피자, 성분... 이탈리아 음식, 생기게 하다, 레시피, 시칠리아 피자, 즈 위벨...",https://c.pxhere.com/photos/98/30/cheese_crust_cuisine_delicious_food_food_photography_italian_Italian_food-1528879.jpg!d,https://search.pstatic.net/sunny/?type=b150&src=https://c.pxhere.com/photos/98/30/cheese_crust_cuisine_delicious_food_food_photography_italian_Italian_food-1528879.jpg!d,49,image_sim,2025-07-14T20:38:49.156030,15782041
치킨,2024-06,2024년 6월,"1,932 치킨 음식 무료 다운로드 사진, 그림 및 배경 이미지 - Pngtree",https://png.pngtree.com/background/20211217/original/pngtree-food-and-gourmet-chicken-wings-rice-photography-picture-image_1559080.jpg,https://search.pstatic.net/sunny/?type=b150&src=https://png.pngtree.com/background/20211217/original/pngtree-food-and-gourmet-chicken-wings-rice-photography-picture-image_1559080.jpg,48,image_sim,2025-07-14T20:38:28.762233,317241121
치킨,2024-06,2024년 6월,"치킨, 음식, food, 후라이드치킨, chicken, 사진,이미지,일러스트,캘리그라피 - mozmood작가 크라우드픽 - 저작권 걱정 없는 상업용 이미지",https://cdn.crowdpic.net/detail-thumb/thumb_d_926AC805BBA0D2D36E21192A9CC85E94.jpg,https://search.pstatic.net/sunny/?type=b150&src=https://cdn.crowdpic.net/detail-thumb/thumb_d_926AC805BBA0D2D36E21192A9CC85E94.jpg,48,image_sim,2025-07-14T20:38:28.762233,317241121
치킨,2024-06,2024년 6월,"food, 음식, 치킨, 배달음식, 후라이드치킨, 사진,이미지,일러스트,캘리그라피 - JAK작가 크라우드픽 - 저작권 걱정 없는 상업용 이미지",https://cdn.crowdpic.net/detail-thumb/thumb_d_9C97BDB5D10429795279023AC7FBFD66.jpg,https://search.pstatic.net/sunny/?type=b150&src=https://cdn.crowdpic.net/detail-thumb/thumb_d_9C97BDB5D10429795279023AC7FBFD66.jpg,48,image_sim,2025-07-14T20:38:28.762233,317241121
치킨,2024-06,2024년 6월,"치킨, 통닭, 음식, 간식, chicken, 사진,이미지,일러스트,캘리그라피 - bgrn작가 크라우드픽 - 저작권 걱정 없는 상업용 이미지",https://cdn.crowdpic.net/detail-thumb/thumb_d_0D851DCC57D931B20552BB1FDFC549F0.png,https://search.pstatic.net/sunny/?type=b150&src=https://cdn.crowdpic.net/detail-thumb/thumb_d_0D851DCC57D931B20552BB1FDFC549F0.png,48,image_sim,2025-07-14T20:38:28.762233,317241121
치킨,2024-06,2024년 6월,"치킨, 양념치킨, 배달음식, chicken, food, 사진,이미지,일러스트,캘리그라피 - 닥터쵸파작가 크라우드픽 - 저작권 걱정 없는 상업용 이미지",https://cdn.crowdpic.net/detail-thumb/thumb_d_A5A57B9E7DE66D5CEDA890E38EBD494D.jpg,https://search.pstatic.net/sunny/?type=b150&src=https://cdn.crowdpic.net/detail-thumb/thumb_d_A5A57B9E7DE66D5CEDA890E38EBD494D.jpg,48,image_sim,2025-07-14T20:38:28.762233,317241121
치킨,2024-06,2024년 6월,"음식, food, 마요치킨, 치킨, chicken, 사진,이미지,일러스트,캘리그라피 - 엔피작가 크라우드픽 - 저작권 걱정 없는 상업용 이미지",https://cdn.crowdpic.net/detail-thumb/thumb_d_93AFF17D98231B9E741E7A2E9535CB48.jpg,https://search.pstatic.net/sunny/?type=b150&src=https://cdn.crowdpic.net/detail-thumb/thumb_d_93AFF17D98231B9E741E7A2E9535CB48.jpg,48,image_sim,2025-07-14T20:38:28.762233,317241121
치킨,2024-06,2024년 6월,"치킨, 음식, 양념치킨, food, meal, 사진,이미지,일러스트,캘리그라피 - Nk2moon96작가 크라우드픽 - 저작권 걱정 없는 상업용 이미지",https://cdn.crowdpic.net/detail-thumb/thumb_d_200CCD02C3676BBFAECDBFE8973E54E5.jpg,https://search.pstatic.net/sunny/?type=b150&src=https://cdn.crowdpic.net/detail-thumb/thumb_d_200CCD02C3676BBFAECDBFE8973E54E5.jpg,48,image_sim,2025-07-14T20:38:28.762233,317241121
치킨,2024-06,2024년 6월,"food, 음식, 치킨, chicken, 치킨쌈, 사진,이미지,일러스트,캘리그라피 - Odododo작가 크라우드픽 - 저작권 걱정 없는 상업용 이미지",https://cdn.crowdpic.net/detail-thumb/thumb_d_E50875FD9C8DFF66D49D36A923F53D95.jpeg,https://search.pstatic.net/sunny/?type=b150&src=https://cdn.crowdpic.net/detail-thumb/thumb_d_E50875FD9C8DFF66D49D36A923F53D95.jpeg,48,image_sim,2025-07-14T20:38:28.763913,317241121
치킨,2024-06,2024년 6월,"food, 음식, 크림치킨, 치킨, 닭, 사진,이미지,일러스트,캘리그라피 - 티유작가 크라우드픽 - 저작권 걱정 없는 상업용 이미지",https://cdn.crowdpic.net/detail-thumb/thumb_d_E452B58799327125C706668169671AC8.jpg,https://search.pstatic.net/sunny/?type=b150&src=https://cdn.crowdpic.net/detail-thumb/thumb_d_E452B58799327125C706668169671AC8.jpg,48,image_sim,2025-07-14T20:38:28.763913,317241121
치킨,2024-06,2024년 6월,"food, 음식, 고기, 치킨, 양념치킨, 사진,이미지,일러스트,캘리그라피 - 풍경 landscape작가 크라우드픽 - 저작권 걱정 없는 상업용 이미지",https://cdn.crowdpic.net/detail-thumb/thumb_d_A81565D9731BD5476B31E7B937F7BBAC.jpeg,https://search.pstatic.net/sunny/?type=b150&src=https://cdn.crowdpic.net/detail-thumb/thumb_d_A81565D9731BD5476B31E7B937F7BBAC.jpeg,48,image_sim,2025-07-14T20:38:28.763913,317241121
치킨,2024-06,2024년 6월,"food, 음식, 치킨, 양념치킨, 통닭, 사진,이미지,일러스트,캘리그라피 - SoheeManga작가 크라우드픽 - 저작권 걱정 없는 상업용 이미지",https://cdn.crowdpic.net/detail-thumb/thumb_d_3E06FE6A443DA4FCBBDC4FA66DB184C5.jpg,https://search.pstatic.net/sunny/?type=b150&src=https://cdn.crowdpic.net/detail-thumb/thumb_d_3E06FE6A443DA4FCBBDC4FA66DB184C5.jpg,48,image_sim,2025-07-14T20:38:28.763913,317241121
치킨,2024-06,2024년 6월,"food, 음식, 치킨, 후라이드치킨, 튀김, 사진,이미지,일러스트,캘리그라피 - aiks74작가 크라우드픽 - 저작권 걱정 없는 상업용 이미지",https://cdn.crowdpic.net/detail-thumb/thumb_d_9208912A7C729C19A9FD0C821F8FDA57.jpg,https://search.pstatic.net/sunny/?type=b150&src=https://cdn.crowdpic.net/detail-thumb/thumb_d_9208912A7C729C19A9FD0C821F8FDA57.jpg,48,image_sim,2025-07-14T20:38:28.763913,317241121
치킨,2024-06,2024년 6월,"치킨, 음식, 전기구이, 통닭, 길거리음식, 사진,이미지,일러스트,캘리그라피 - 순간포착작가 크라우드픽 - 저작권 걱정 없는 상업용 이미지",https://cdn.crowdpic.net/detail-thumb/thumb_d_F8CCB81975D16EB2504A7CB5BE3B9488.jpg,https://search.pstatic.net/sunny/?type=b150&src=https://cdn.crowdpic.net/detail-thumb/thumb_d_F8CCB81975D16EB2504A7CB5BE3B9488.jpg,48,image_sim,2025-07-14T20:38:28.765050,317241121
치킨,2024-06,2024년 6월,"치킨, 음식, 간식, 통닭, 후라이드, 사진,이미지,일러스트,캘리그라피 - openworld작가 크라우드픽 - 저작권 걱정 없는 상업용 이미지",https://cdn.crowdpic.net/detail-thumb/thumb_d_64CA24CD2872ADEA24776FEDFB828871.jpg,https://search.pstatic.net/sunny/?type=b150&src=https://cdn.crowdpic.net/detail-thumb/thumb_d_64CA24CD2872ADEA24776FEDFB828871.jpg,48,image_sim,2025-07-14T20:38:28.765050,317241121
치킨,2024-06,2024년 6월,"food, 음식, 치킨, 양념치킨, 순살치킨, 사진,이미지,일러스트,캘리그라피 - 에이스작가 크라우드픽 - 저작권 걱정 없는 상업용 이미지",https://cdn.crowdpic.net/detail-thumb/thumb_d_AF7B2DD8F1DA1038BB77352422AE532C.jpg,https://search.pstatic.net/sunny/?type=b150&src=https://cdn.crowdpic.net/detail-thumb/thumb_d_AF7B2DD8F1DA1038BB77352422AE532C.jpg,48,image_sim,2025-07-14T20:38:28.765050,317241121
치킨,2024-06,2024년 6월,"음식, 푸드, 식사, 닭, 치킨, 사진,이미지,일러스트,캘리그라피 - 스튜디오 CHALLA작가 크라우드픽 - 저작권 걱정 없는 상업용 이미지",https://cdn.crowdpic.net/detail-thumb/thumb_d_AEBB16613FD23F04FA97DF2C27778E52.jpg,https://search.pstatic.net/sunny/?type=b150&src=https://cdn.crowdpic.net/detail-thumb/thumb_d_AEBB16613FD23F04FA97DF2C27778E52.jpg,48,image_sim,2025-07-14T20:38:28.765050,317241121
치킨,2024-06,2024년 6월,"음식, 치킨, 맥주, 비어, beer, 사진,이미지,일러스트,캘리그라피 - rkem3090작가 크라우드픽 - 저작권 걱정 없는 상업용 이미지",https://cdn.crowdpic.net/detail-thumb/thumb_d_EDE36BF616D9B99713CF11AF0A4F4C58.jpg,https://search.pstatic.net/sunny/?type=b150&src=https://cdn.crowdpic.net/detail-thumb/thumb_d_EDE36BF616D9B99713CF11AF0A4F4C58.jpg,48,image_sim,2025-07-14T20:38:28.765050,317241121
치킨,2024-06,2024.06,"food, 음식, 치킨, 숯불치킨, chicken, 사진,이미지,일러스트,캘리그라피 - psyche8824작가 크라우드픽 - 저작권 걱정 없는 상업용 이미지",https://cdn.crowdpic.net/detail-thumb/thumb_d_DB6186D9BB9EF1DB000F83AD54117A03.jpg,https://search.pstatic.net/sunny/?type=b150&src=https://cdn.crowdpic.net/detail-thumb/thumb_d_DB6186D9BB9EF1DB000F83AD54117A03.jpg,48,image_sim,2025-07-14T20:38:29.337813,317241121
치킨,2024-06,24년 6월,"튀긴 음식, 탄두리 치킨 1920x1422 - - 780344 - 무료 이미지 - PxHere 무료 이미지 : 요리, 식사, 식품, 조리, 생기게 하다, 양파, 아시아 음식...",https://c.pxhere.com/photos/90/4b/food_onion_fritter_vegetarian_cuisine_cooking-780344.jpg!d,https://search.pstatic.net/sunny/?type=b150&src=https://c.pxhere.com/photos/90/4b/food_onion_fritter_vegetarian_cuisine_cooking-780344.jpg!d,48,image_sim,2025-07-14T20:38:29.930607,317241121
치킨,2024-06,24년 6월,"튀긴 음식, 치킨 커틀릿 3543x2362 - - 1039798 - 무료 이미지 - PxHere 무료 이미지 : 요리, 식품, 생기게 하다, 야채, 물고기, 아침 식사, 패스트...",https://c.pxhere.com/photos/e5/b2/chicken_cutlet_schnitzel_food_fry_up_chicken-1039798.jpg!d,https://search.pstatic.net/sunny/?type=b150&src=https://c.pxhere.com/photos/e5/b2/chicken_cutlet_schnitzel_food_fry_up_chicken-1039798.jpg!d,48,image_sim,2025-07-14T20:38:29.930607,317241121
치킨,2024-06,24년 6월,"가을 일러스트 맛있는 치킨 수프 요소 디자인 인삼, 손으로 그린, 가을 음식, 음식 PNG 일러스트 및 PSD 이미지 무료 다운로드 - Pngtree",https://png.pngtree.com/element_our/20190523/ourlarge/pngtree-autumn-delicious-chicken-soup-element-design-image_1079244.jpg,https://search.pstatic.net/sunny/?type=b150&src=https://png.pngtree.com/element_our/20190523/ourlarge/pngtree-autumn-delicious-chicken-soup-element-design-image_1079244.jpg,48,image_sim,2025-07-14T20:38:29.946415,317241121
치킨,2024-06,24년 6월,"구운 음식, 야외 그릴 4546x2928 - - 553358 - 무료 이미지 - PxHere 무료 이미지 : 요리, 식품, 고기, 치킨, 샬럿, 굽는 데 알맞은, 꼬챙이...",https://c.pxhere.com/photos/d2/7f/chicken_rotisserie_charlotte-553358.jpg!d,https://search.pstatic.net/sunny/?type=b150&src=https://c.pxhere.com/photos/d2/7f/chicken_rotisserie_charlotte-553358.jpg!d,48,image_sim,2025-07-14T20:38:29.946415,317241121
치킨,2024-06,24년 6월,"아야암, 인도네시아 음식, 레바 란, 치킨 PNG 일러스트 및 PSD 이미지 무료 다운로드 - Pngtree",https://png.pngtree.com/png-clipart/20220304/ourlarge/pngtree-opor-ayam-png-image_4474898.png,https://search.pstatic.net/sunny/?type=b150&src=https://png.pngtree.com/png-clipart/20220304/ourlarge/pngtree-opor-ayam-png-image_4474898.png,48,image_sim,2025-07-14T20:38:29.946415,317241121
치킨,2024-06,24년 6월,"튀긴 음식, 감자 팬케이크, 카레 구이 치킨 2736x3648 - - 861085 - 무료 이미지 - PxHere 무료 이미지 : 요리, 식품, 생기게 하다, 물고기, 아침...",https://c.pxhere.com/photos/1a/11/chicken_thigh_curry_roasted_chicken-861085.jpg!d,https://search.pstatic.net/sunny/?type=b150&src=https://c.pxhere.com/photos/1a/11/chicken_thigh_curry_roasted_chicken-861085.jpg!d,48,image_sim,2025-07-14T20:38:29.946415,317241121
치킨,2024-06,24년 6월,"튀긴 음식, 탄두리 치킨 4032x3024 - - 778888 - 무료 이미지 - PxHere 무료 이미지 : 요리, 식품, 고기, 점심, 스테이크, 홍콩, 아시아 음식...",https://c.pxhere.com/photos/4d/62/meat_lunch_food_dining_hong_kong_steak-778888.jpg!d,https://search.pstatic.net/sunny/?type=b150&src=https://c.pxhere.com/photos/4d/62/meat_lunch_food_dining_hong_kong_steak-778888.jpg!d,48,image_sim,2025-07-14T20:38:29.946415,317241121
치킨,2025-06,2025년 6월,"food, 음식, 치킨, 스모크치킨, roast, 사진,이미지,일러스트,캘리그라피 - kl3737237작가 크라우드픽 - 저작권 걱정 없는 상업용 이미지",https://cdn.crowdpic.net/detail-thumb/thumb_d_25DE2CEFE68F702A8961C43B0DE9AA13.jpg,https://search.pstatic.net/sunny/?type=b150&src=https://cdn.crowdpic.net/detail-thumb/thumb_d_25DE2CEFE68F702A8961C43B0DE9AA13.jpg,48,image_date,2025-07-14T20:38:32.516649,317241121
치킨,2025-06,2025년 6월,"치킨, 통닭, 닭고기, 구운고기, 음식, 사진,이미지,일러스트,캘리그라피 - 깨비선생작가 크라우드픽 - 저작권 걱정 없는 상업용 이미지",https://cdn.crowdpic.net/detail-thumb/thumb_d_EACBCD65AA6A0461B91C53D5F20B1F09.jpg,https://search.pstatic.net/sunny/?type=b150&src=https://cdn.crowdpic.net/detail-thumb/thumb_d_EACBCD65AA6A0461B91C53D5F20B1F09.jpg,48,image_date,2025-07-14T20:38:32.516649,317241121
치킨,2025-06,2025년 6월,"치킨, 통닭, 닭고기, 구운고기, 음식, 사진,이미지,일러스트,캘리그라피 - 깨비선생작가 크라우드픽 - 저작권 걱정 없는 상업용 이미지",https://cdn.crowdpic.net/detail-thumb/thumb_d_F03C2719B8FD68DEC8F3A534BE1D46CF.jpg,https://search.pstatic.net/sunny/?type=b150&src=https://cdn.crowdpic.net/detail-thumb/thumb_d_F03C2719B8FD68DEC8F3A534BE1D46CF.jpg,48,image_date,2025-07-14T20:38:32.516649,317241121
치킨,2025-06,2025.06,"1,932 치킨 음식 무료 다운로드 사진, 그림 및 배경 이미지 - Pngtree",https://png.pngtree.com/background/20211217/original/pngtree-food-and-gourmet-chicken-wings-rice-photography-picture-image_1559080.jpg,https://search.pstatic.net/sunny/?type=b150&src=https://png.pngtree.com/background/20211217/original/pngtree-food-and-gourmet-chicken-wings-rice-photography-picture-image_1559080.jpg,48,image_sim,2025-07-14T20:38:33.522316,317241121
치킨,2025-06,2025.06,"wings에 관한 90개의 최상의 Pinterest 이미지 | 치킨 윙, 간식 및 맛있는 음식 wings",https://i.pinimg.com/736x/2f/d1/a0/2fd1a052127462416c373ec32a965a8c--sticky-chicken-wings-chinese-chicken-wings.jpg,https://search.pstatic.net/sunny/?type=b150&src=https://i.pinimg.com/736x/2f/d1/a0/2fd1a052127462416c373ec32a965a8c--sticky-chicken-wings-chinese-chicken-wings.jpg,48,image_sim,2025-07-14T20:38:33.526927,317241121
치킨,2025-06,2025.06,"가을 일러스트 맛있는 치킨 수프 요소 디자인 인삼, 손으로 그린, 가을 음식, 음식 PNG 일러스트 및 PSD 이미지 무료 다운로드 - Pngtree",https://png.pngtree.com/element_our/20190523/ourlarge/pngtree-autumn-delicious-chicken-soup-element-design-image_1079244.jpg,https://search.pstatic.net/sunny/?type=b150&src=https://png.pngtree.com/element_our/20190523/ourlarge/pngtree-autumn-delicious-chicken-soup-element-design-image_1079244.jpg,48,image_sim,2025-07-14T20:38:33.526927,317241121
치킨,2025-06,2025.06,"food, 음식, 치킨, 숯불치킨, chicken, 사진,이미지,일러스트,캘리그라피 - psyche8824작가 크라우드픽 - 저작권 걱정 없는 상업용 이미지",https://cdn.crowdpic.net/detail-thumb/thumb_d_DB6186D9BB9EF1DB000F83AD54117A03.jpg,https://search.pstatic.net/sunny/?type=b150&src=https://cdn.crowdpic.net/detail-thumb/thumb_d_DB6186D9BB9EF1DB000F83AD54117A03.jpg,48,image_sim,2025-07-14T20:38:33.526927,317241121
치킨,2025-06,2025.06,"치킨, 음식, food, 후라이드치킨, chicken, 사진,이미지,일러스트,캘리그라피 - mozmood작가 크라우드픽 - 저작권 걱정 없는 상업용 이미지",https://cdn.crowdpic.net/detail-thumb/thumb_d_926AC805BBA0D2D36E21192A9CC85E94.jpg,https://search.pstatic.net/sunny/?type=b150&src=https://cdn.crowdpic.net/detail-thumb/thumb_d_926AC805BBA0D2D36E21192A9CC85E94.jpg,48,image_sim,2025-07-14T20:38:33.528936,317241121
치킨,2025-06,2025.06,"치킨볼, 음식, 간식, 식사 PNG 일러스트 및 PSD 이미지 무료 다운로드 - Pngtree",https://png.pngtree.com/png-clipart/20230429/original/pngtree-chicken-balls-png-image_9119413.png,https://search.pstatic.net/sunny/?type=b150&src=https://png.pngtree.com/png-clipart/20230429/original/pngtree-chicken-balls-png-image_9119413.png,48,image_sim,2025-07-14T20:38:33.528936,317241121
치킨,2025-06,25년 6월,"튀긴 음식, 탄두리 치킨 1920x1422 - - 780344 - 무료 이미지 - PxHere 무료 이미지 : 요리, 식사, 식품, 조리, 생기게 하다, 양파, 아시아 음식...",https://c.pxhere.com/photos/90/4b/food_onion_fritter_vegetarian_cuisine_cooking-780344.jpg!d,https://search.pstatic.net/sunny/?type=b150&src=https://c.pxhere.com/photos/90/4b/food_onion_fritter_vegetarian_cuisine_cooking-780344.jpg!d,48,image_sim,2025-07-14T20:38:34.177345,317241121
치킨,2025-06,25년 6월,"튀긴 음식, 치킨 커틀릿 3543x2362 - - 1039798 - 무료 이미지 - PxHere 무료 이미지 : 요리, 식품, 생기게 하다, 야채, 물고기, 아침 식사, 패스트...",https://c.pxhere.com/photos/e5/b2/chicken_cutlet_schnitzel_food_fry_up_chicken-1039798.jpg!d,https://search.pstatic.net/sunny/?type=b150&src=https://c.pxhere.com/photos/e5/b2/chicken_cutlet_schnitzel_food_fry_up_chicken-1039798.jpg!d,48,image_sim,2025-07-14T20:38:34.177345,317241121
치킨,2025-06,25년 6월,"구운 음식, 야외 그릴 4546x2928 - - 553358 - 무료 이미지 - PxHere 무료 이미지 : 요리, 식품, 고기, 치킨, 샬럿, 굽는 데 알맞은, 꼬챙이...",https://c.pxhere.com/photos/d2/7f/chicken_rotisserie_charlotte-553358.jpg!d,https://search.pstatic.net/sunny/?type=b150&src=https://c.pxhere.com/photos/d2/7f/chicken_rotisserie_charlotte-553358.jpg!d,48,image_sim,2025-07-14T20:38:34.177345,317241121
치킨,2025-06,25년 6월,"아야암, 인도네시아 음식, 레바 란, 치킨 PNG 일러스트 및 PSD 이미지 무료 다운로드 - Pngtree",https://png.pngtree.com/png-clipart/20220304/ourlarge/pngtree-opor-ayam-png-image_4474898.png,https://search.pstatic.net/sunny/?type=b150&src=https://png.pngtree.com/png-clipart/20220304/ourlarge/pngtree-opor-ayam-png-image_4474898.png,48,image_sim,2025-07-14T20:38:34.177345,317241121
치킨,2025-06,25년 6월,"튀긴 음식, 감자 팬케이크, 카레 구이 치킨 2736x3648 - - 861085 - 무료 이미지 - PxHere 무료 이미지 : 요리, 식품, 생기게 하다, 물고기, 아침...",https://c.pxhere.com/photos/1a/11/chicken_thigh_curry_roasted_chicken-861085.jpg!d,https://search.pstatic.net/sunny/?type=b150&src=https://c.pxhere.com/photos/1a/11/chicken_thigh_curry_roasted_chicken-861085.jpg!d,48,image_sim,2025-07-14T20:38:34.177345,317241121
치킨,2025-06,25년 6월,"튀긴 음식, 탄두리 치킨 4032x3024 - - 778888 - 무료 이미지 - PxHere 무료 이미지 : 요리, 식품, 고기, 점심, 스테이크, 홍콩, 아시아 음식...",https://c.pxhere.com/photos/4d/62/meat_lunch_food_dining_hong_kong_steak-778888.jpg!d,https://search.pstatic.net/sunny/?type=b150&src=https://c.pxhere.com/photos/4d/62/meat_lunch_food_dining_hong_kong_steak-778888.jpg!d,48,image_sim,2025-07-14T20:38:34.177345,317241121
치킨,2025-06,25년 6월,"치킨 비리야니, 닭, 비리야니, 음식 PNG 일러스트 및 PSD 이미지 무료 다운로드 - Pngtree",https://png.pngtree.com/png-clipart/20230408/ourlarge/pngtree-chickwn-biryani-png-image_6683629.png,https://search.pstatic.net/sunny/?type=b150&src=https://png.pngtree.com/png-clipart/20230408/ourlarge/pngtree-chickwn-biryani-png-image_6683629.png,48,image_sim,2025-07-14T20:38:34.177345,317241121
라면,2024-06,2024년 6월,"라면, 요리, 식사, 음식, 인스턴트음식, 사진,이미지,일러스트,캘리그라피 - jameshan3035작가 크라우드픽 - 저작권 걱정 없는 상업용 이미지",https://cdn.crowdpic.net/detail-thumb/thumb_d_AC8824AFA5DF53E68A6E9FF115A07861.jpeg,https://search.pstatic.net/sunny/?type=b150&src=https://cdn.crowdpic.net/detail-thumb/thumb_d_AC8824AFA5DF53E68A6E9FF115A07861.jpeg,48,image_sim,2025-07-14T20:38:36.303933,20473562
라면,2024-06,2024년 6월,"라면, 요리, 식사, 음식, 한국음식, 사진,이미지,일러스트,캘리그라피 - jameshan3035작가 크라우드픽 - 저작권 걱정 없는 상업용 이미지",https://cdn.crowdpic.net/detail-thumb/thumb_d_BD07FE4314D09CDC3B0B484B8602BA55.jpeg,https://search.pstatic.net/sunny/?type=b150&src=https://cdn.crowdpic.net/detail-thumb/thumb_d_BD07FE4314D09CDC3B0B484B8602BA55.jpeg,48,image_sim,2025-07-14T20:38:36.303933,20473562
라면,2024-06,2024년 6월,"라면, 요리, 식사, 음식, 한국음식, 사진,이미지,일러스트,캘리그라피 - jameshan3035작가 크라우드픽 - 저작권 걱정 없는 상업용 이미지",https://cdn.crowdpic.net/detail-thumb/thumb_d_91C085489E64A3F1DE1FEC3ED5937CB8.jpeg,https://search.pstatic.net/sunny/?type=b150&src=https://cdn.crowdpic.net/detail-thumb/thumb_d_91C085489E64A3F1DE1FEC3ED5937CB8.jpeg,48,image_sim,2025-07-14T20:38:36.303933,20473562
라면,2024-06,2024년 6월,"신라면, 라면, 음식, food, 식사, 사진,이미지,일러스트,캘리그라피 - cotton1작가 크라우드픽 - 저작권 걱정 없는 상업용 이미지",https://cdn.crowdpic.net/detail-thumb/thumb_d_3623731ED725EBA97E258D47168088B9.jpeg,https://search.pstatic.net/sunny/?type=b150&src=https://cdn.crowdpic.net/detail-thumb/thumb_d_3623731ED725EBA97E258D47168088B9.jpeg,48,image_sim,2025-07-14T20:38:36.303933,20473562
라면,2024-06,2024년 6월,"food, 음식, 라면, 해물라면, 빨간국물라면, 사진,이미지,일러스트,캘리그라피 - 블랙쿠키작가 크라우드픽 - 저작권 걱정 없는 상업용 이미지",https://cdn.crowdpic.net/detail-thumb/thumb_d_2D0F04C75A2635823DD031FDD501CD4D.jpg,https://search.pstatic.net/sunny/?type=b150&src=https://cdn.crowdpic.net/detail-thumb/thumb_d_2D0F04C75A2635823DD031FDD501CD4D.jpg,48,image_sim,2025-07-14T20:38:36.303933,20473562
라면,2024-06,2024년 6월,"라면, food, 음식, 해물라면, 해산물, 사진,이미지,일러스트,캘리그라피 - ysw0ong작가 크라우드픽 - 저작권 걱정 없는 상업용 이미지",https://cdn.crowdpic.net/detail-thumb/thumb_d_10F90587B8165881E5579F5AFEE2CE1A.jpg,https://search.pstatic.net/sunny/?type=b150&src=https://cdn.crowdpic.net/detail-thumb/thumb_d_10F90587B8165881E5579F5AFEE2CE1A.jpg,48,image_sim,2025-07-14T20:38:36.303933,20473562
라면,2024-06,2024년 6월,"음식, 라면, 해물라면, 문어라면, food, 사진,이미지,일러스트,캘리그라피 - 딘찌작가 크라우드픽 - 저작권 걱정 없는 상업용 이미지",https://cdn.crowdpic.net/detail-thumb/thumb_d_4257FF1D31B2FC25D1BF8B21AC40ADAF.jpg,https://search.pstatic.net/sunny/?type=b150&src=https://cdn.crowdpic.net/detail-thumb/thumb_d_4257FF1D31B2FC25D1BF8B21AC40ADAF.jpg,48,image_sim,2025-07-14T20:38:36.303933,20473562
라면,2024-06,2024년 6월,"라면, 음식, 계란, 식사, 국물, 사진,이미지,일러스트,캘리그라피 - Jerom작가 크라우드픽 - 저작권 걱정 없는 상업용 이미지",https://cdn.crowdpic.net/detail-thumb/thumb_d_9699A5C539D4C24DF26E6DD08C027AD7.jpg,https://search.pstatic.net/sunny/?type=b150&src=https://cdn.crowdpic.net/detail-thumb/thumb_d_9699A5C539D4C24DF26E6DD08C027AD7.jpg,48,image_sim,2025-07-14T20:38:36.303933,20473562
라면,2024-06,2024년 6월,"해물라면, 라면, 음식, food, 한식, 사진,이미지,일러스트,캘리그라피 - 별이내리는마을작가 크라우드픽 - 저작권 걱정 없는 상업용 이미지",https://cdn.crowdpic.net/detail-thumb/thumb_d_27BBA6C5B809E334BD52869108C88359.jpg,https://search.pstatic.net/sunny/?type=b150&src=https://cdn.crowdpic.net/detail-thumb/thumb_d_27BBA6C5B809E334BD52869108C88359.jpg,48,image_sim,2025-07-14T20:38:36.303933,20473562
라면,2024-06,2024년 6월,"라면, 음식, 계란, 요리, 면류, 사진,이미지,일러스트,캘리그라피 - Juicy Life작가 크라우드픽 - 저작권 걱정 없는 상업용 이미지",https://cdn.crowdpic.net/detail-thumb/thumb_d_05490B16290AE35E3D5EF5A5B6934370.jpg,https://search.pstatic.net/sunny/?type=b150&src=https://cdn.crowdpic.net/detail-thumb/thumb_d_05490B16290AE35E3D5EF5A5B6934370.jpg,48,image_sim,2025-07-14T20:38:36.305940,20473562
라면,2024-06,2024년 6월,"food, 음식, 라면, 해물라면, 새우, 사진,이미지,일러스트,캘리그라피 - Maoki작가 크라우드픽 - 저작권 걱정 없는 상업용 이미지",https://cdn.crowdpic.net/detail-thumb/thumb_d_4F6CAF4EC9686FE6855452803216F73C.jpeg,https://search.pstatic.net/sunny/?type=b150&src=https://cdn.crowdpic.net/detail-thumb/thumb_d_4F6CAF4EC9686FE6855452803216F73C.jpeg,48,image_sim,2025-07-14T20:38:36.305940,20473562
라면,2024-06,2024년 6월,"food, 음식, 라면, 비빔라면, 분식, 사진,이미지,일러스트,캘리그라피 - taberudake작가 크라우드픽 - 저작권 걱정 없는 상업용 이미지",https://cdn.crowdpic.net/detail-thumb/thumb_d_DC6AD33C95E0DFEF0CD213104226F1AC.jpg,https://search.pstatic.net/sunny/?type=b150&src=https://cdn.crowdpic.net/detail-thumb/thumb_d_DC6AD33C95E0DFEF0CD213104226F1AC.jpg,48,image_sim,2025-07-14T20:38:36.305940,20473562
라면,2024-06,2024년 6월,"음식, 라면, 요리, 면요리, 비빔면, 사진,이미지,일러스트,캘리그라피 - 솔리핑거작가 크라우드픽 - 저작권 걱정 없는 상업용 이미지",https://cdn.crowdpic.net/detail-thumb/thumb_d_579AE9C113119379B4A336273AFFE090.jpg,https://search.pstatic.net/sunny/?type=b150&src=https://cdn.crowdpic.net/detail-thumb/thumb_d_579AE9C113119379B4A336273AFFE090.jpg,48,image_sim,2025-07-14T20:38:36.305940,20473562
라면,2024-06,2024년 6월,"라면, 해물라면, 꽃게, 음식, food, 사진,이미지,일러스트,캘리그라피 - 푸드포토작가 크라우드픽 - 저작권 걱정 없는 상업용 이미지",https://cdn.crowdpic.net/detail-thumb/thumb_d_755B165803A6F8599866207641C4FA23.jpg,https://search.pstatic.net/sunny/?type=b150&src=https://cdn.crowdpic.net/detail-thumb/thumb_d_755B165803A6F8599866207641C4FA23.jpg,48,image_sim,2025-07-14T20:38:36.305940,20473562
라면,2024-06,2024년 6월,"라면, 요리, 누들, noodle, 음식, 사진,이미지,일러스트,캘리그라피 - 모먼트111작가 크라우드픽 - 저작권 걱정 없는 상업용 이미지",https://cdn.crowdpic.net/detail-thumb/thumb_d_22E5B07B0298362CD96C36F2B0C7E3B1.jpg,https://search.pstatic.net/sunny/?type=b150&src=https://cdn.crowdpic.net/detail-thumb/thumb_d_22E5B07B0298362CD96C36F2B0C7E3B1.jpg,48,image_sim,2025-07-14T20:38:36.305940,20473562
라면,2024-06,2024년 6월,"라면, 요리, 음식, 사발, 누들, 사진,이미지,일러스트,캘리그라피 - Nsosa75작가 크라우드픽 - 저작권 걱정 없는 상업용 이미지",https://cdn.crowdpic.net/detail-thumb/thumb_d_C219DC7D38B1FE44388818247B98907E.jpg,https://search.pstatic.net/sunny/?type=b150&src=https://cdn.crowdpic.net/detail-thumb/thumb_d_C219DC7D38B1FE44388818247B98907E.jpg,48,image_sim,2025-07-14T20:38:36.305940,20473562
라면,2024-06,2024.06,"라면, 요리, 식사, 음식, 한국음식, 사진,이미지,일러스트,캘리그라피 - jameshan3035작가 크라우드픽 - 저작권 걱정 없는 상업용 이미지",https://cdn.crowdpic.net/detail-thumb/thumb_d_FFC6F2E7FE618AE1044A94DB0EE83E1F.jpeg,https://search.pstatic.net/sunny/?type=b150&src=https://cdn.crowdpic.net/detail-thumb/thumb_d_FFC6F2E7FE618AE1044A94DB0EE83E1F.jpeg,48,image_sim,2025-07-14T20:38:36.854940,20473562
라면,2024-06,2024.06,"라면, 요리, 식사, 음식, 한국음식, 사진,이미지,일러스트,캘리그라피 - jameshan3035작가 크라우드픽 - 저작권 걱정 없는 상업용 이미지",https://cdn.crowdpic.net/detail-thumb/thumb_d_283C26BF66A1F7E5BCE94F49B0DEDA49.jpeg,https://search.pstatic.net/sunny/?type=b150&src=https://cdn.crowdpic.net/detail-thumb/thumb_d_283C26BF66A1F7E5BCE94F49B0DEDA49.jpeg,48,image_sim,2025-07-14T20:38:36.854940,20473562
라면,2024-06,24년 6월,"라면, 음식, 손그림, 일러스트, 드로잉, 사진,이미지,일러스트,캘리그라피 - 지개씨작가 크라우드픽 - 저작권 걱정 없는 상업용 이미지",https://cdn.crowdpic.net/detail-thumb/thumb_d_C0EBD15B060F2C548CBFAC43DEF19AF7.png,https://search.pstatic.net/sunny/?type=b150&src=https://cdn.crowdpic.net/detail-thumb/thumb_d_C0EBD15B060F2C548CBFAC43DEF19AF7.png,48,image_sim,2025-07-14T20:38:37.414805,20473562
라면,2025-06,2025년 6월,"요리, 음식, 식사, 조개, 라면, 사진,이미지,일러스트,캘리그라피 - jeongdano작가 크라우드픽 - 저작권 걱정 없는 상업용 이미지",https://cdn.crowdpic.net/detail-thumb/thumb_d_E8189BE26C76409CED823B79B45C93F7.jpg,https://search.pstatic.net/sunny/?type=b150&src=https://cdn.crowdpic.net/detail-thumb/thumb_d_E8189BE26C76409CED823B79B45C93F7.jpg,48,image_date,2025-07-14T20:38:40.009317,20473562
라면,2025-06,2025.06,"신라면, 라면, 음식, food, 식사, 사진,이미지,일러스트,캘리그라피 - cotton1작가 크라우드픽 - 저작권 걱정 없는 상업용 이미지",https://cdn.crowdpic.net/detail-thumb/thumb_d_3623731ED725EBA97E258D47168088B9.jpeg,https://search.pstatic.net/sunny/?type=b150&src=https://cdn.crowdpic.net/detail-thumb/thumb_d_3623731ED725EBA97E258D47168088B9.jpeg,48,image_sim,2025-07-14T20:38:41.113411,20473562
라면,2025-06,2025.06,"라면, 요리, 식사, 음식, 한국음식, 사진,이미지,일러스트,캘리그라피 - jameshan3035작가 크라우드픽 - 저작권 걱정 없는 상업용 이미지",https://cdn.crowdpic.net/detail-thumb/thumb_d_91C085489E64A3F1DE1FEC3ED5937CB8.jpeg,https://search.pstatic.net/sunny/?type=b150&src=https://cdn.crowdpic.net/detail-thumb/thumb_d_91C085489E64A3F1DE1FEC3ED5937CB8.jpeg,48,image_sim,2025-07-14T20:38:41.113411,20473562
라면,2025-06,2025.06,"라면, 요리, 식사, 음식, 한국음식, 사진,이미지,일러스트,캘리그라피 - jameshan3035작가 크라우드픽 - 저작권 걱정 없는 상업용 이미지",https://cdn.crowdpic.net/detail-thumb/thumb_d_BD07FE4314D09CDC3B0B484B8602BA55.jpeg,https://search.pstatic.net/sunny/?type=b150&src=https://cdn.crowdpic.net/detail-thumb/thumb_d_BD07FE4314D09CDC3B0B484B8602BA55.jpeg,48,image_sim,2025-07-14T20:38:41.113411,20473562
라면,2025-06,2025.06,"food, 음식, 라면, 해물라면, 빨간국물라면, 사진,이미지,일러스트,캘리그라피 - 블랙쿠키작가 크라우드픽 - 저작권 걱정 없는 상업용 이미지",https://cdn.crowdpic.net/detail-thumb/thumb_d_2D0F04C75A2635823DD031FDD501CD4D.jpg,https://search.pstatic.net/sunny/?type=b150&src=https://cdn.crowdpic.net/detail-thumb/thumb_d_2D0F04C75A2635823DD031FDD501CD4D.jpg,48,image_sim,2025-07-14T20:38:41.113411,20473562
라면,2025-06,2025.06,"라면, food, 음식, 해물라면, 해산물, 사진,이미지,일러스트,캘리그라피 - ysw0ong작가 크라우드픽 - 저작권 걱정 없는 상업용 이미지",https://cdn.crowdpic.net/detail-thumb/thumb_d_10F90587B8165881E5579F5AFEE2CE1A.jpg,https://search.pstatic.net/sunny/?type=b150&src=https://cdn.crowdpic.net/detail-thumb/thumb_d_10F90587B8165881E5579F5AFEE2CE1A.jpg,48,image_sim,2025-07-14T20:38:41.113411,20473562
라면,2025-06,2025.06,"음식, 라면, 해물라면, 문어라면, food, 사진,이미지,일러스트,캘리그라피 - 딘찌작가 크라우드픽 - 저작권 걱정 없는 상업용 이미지",https://cdn.crowdpic.net/detail-thumb/thumb_d_4257FF1D31B2FC25D1BF8B21AC40ADAF.jpg,https://search.pstatic.net/sunny/?type=b150&src=https://cdn.crowdpic.net/detail-thumb/thumb_d_4257FF1D31B2FC25D1BF8B21AC40ADAF.jpg,48,image_sim,2025-07-14T20:38:41.113411,20473562
라면,2025-06,2025.06,"라면, 음식, 계란, 식사, 국물, 사진,이미지,일러스트,캘리그라피 - Jerom작가 크라우드픽 - 저작권 걱정 없는 상업용 이미지",https://cdn.crowdpic.net/detail-thumb/thumb_d_9699A5C539D4C24DF26E6DD08C027AD7.jpg,https://search.pstatic.net/sunny/?type=b150&src=https://cdn.crowdpic.net/detail-thumb/thumb_d_9699A5C539D4C24DF26E6DD08C027AD7.jpg,48,image_sim,2025-07-14T20:38:41.113411,20473562
라면,2025-06,2025.06,"해물라면, 라면, 음식, food, 한식, 사진,이미지,일러스트,캘리그라피 - 별이내리는마을작가 크라우드픽 - 저작권 걱정 없는 상업용 이미지",https://cdn.crowdpic.net/detail-thumb/thumb_d_27BBA6C5B809E334BD52869108C88359.jpg,https://search.pstatic.net/sunny/?type=b150&src=https://cdn.crowdpic.net/detail-thumb/thumb_d_27BBA6C5B809E334BD52869108C88359.jpg,48,image_sim,2025-07-14T20:38:41.113411,20473562
라면,2025-06,2025.06,"라면, 음식, 계란, 요리, 면류, 사진,이미지,일러스트,캘리그라피 - Juicy Life작가 크라우드픽 - 저작권 걱정 없는 상업용 이미지",https://cdn.crowdpic.net/detail-thumb/thumb_d_05490B16290AE35E3D5EF5A5B6934370.jpg,https://search.pstatic.net/sunny/?type=b150&src=https://cdn.crowdpic.net/detail-thumb/thumb_d_05490B16290AE35E3D5EF5A5B6934370.jpg,48,image_sim,2025-07-14T20:38:41.113411,20473562
라면,2025-06,2025.06,"food, 음식, 라면, 해물라면, 새우, 사진,이미지,일러스트,캘리그라피 - Maoki작가 크라우드픽 - 저작권 걱정 없는 상업용 이미지",https://cdn.crowdpic.net/detail-thumb/thumb_d_4F6CAF4EC9686FE6855452803216F73C.jpeg,https://search.pstatic.net/sunny/?type=b150&src=https://cdn.crowdpic.net/detail-thumb/thumb_d_4F6CAF4EC9686FE6855452803216F73C.jpeg,48,image_sim,2025-07-14T20:38:41.113411,20473562
라면,2025-06,2025.06,"food, 음식, 라면, 비빔라면, 분식, 사진,이미지,일러스트,캘리그라피 - taberudake작가 크라우드픽 - 저작권 걱정 없는 상업용 이미지",https://cdn.crowdpic.net/detail-thumb/thumb_d_DC6AD33C95E0DFEF0CD213104226F1AC.jpg,https://search.pstatic.net/sunny/?type=b150&src=https://cdn.crowdpic.net/detail-thumb/thumb_d_DC6AD33C95E0DFEF0CD213104226F1AC.jpg,48,image_sim,2025-07-14T20:38:41.113411,20473562
라면,2025-06,2025.06,"음식, 라면, 요리, 면요리, 비빔면, 사진,이미지,일러스트,캘리그라피 - 솔리핑거작가 크라우드픽 - 저작권 걱정 없는 상업용 이미지",https://cdn.crowdpic.net/detail-thumb/thumb_d_579AE9C113119379B4A336273AFFE090.jpg,https://search.pstatic.net/sunny/?type=b150&src=https://cdn.crowdpic.net/detail-thumb/thumb_d_579AE9C113119379B4A336273AFFE090.jpg,48,image_sim,2025-07-14T20:38:41.113411,20473562
라면,2025-06,2025.06,"라면, 해물라면, 꽃게, 음식, food, 사진,이미지,일러스트,캘리그라피 - 푸드포토작가 크라우드픽 - 저작권 걱정 없는 상업용 이미지",https://cdn.crowdpic.net/detail-thumb/thumb_d_755B165803A6F8599866207641C4FA23.jpg,https://search.pstatic.net/sunny/?type=b150&src=https://cdn.crowdpic.net/detail-thumb/thumb_d_755B165803A6F8599866207641C4FA23.jpg,48,image_sim,2025-07-14T20:38:41.113411,20473562
라면,2025-06,2025.06,"라면, 요리, 누들, noodle, 음식, 사진,이미지,일러스트,캘리그라피 - 모먼트111작가 크라우드픽 - 저작권 걱정 없는 상업용 이미지",https://cdn.crowdpic.net/detail-thumb/thumb_d_22E5B07B0298362CD96C36F2B0C7E3B1.jpg,https://search.pstatic.net/sunny/?type=b150&src=https://cdn.crowdpic.net/detail-thumb/thumb_d_22E5B07B0298362CD96C36F2B0C7E3B1.jpg,48,image_sim,2025-07-14T20:38:41.113411,20473562
라면,2025-06,2025.06,"라면, 요리, 음식, 사발, 누들, 사진,이미지,일러스트,캘리그라피 - Nsosa75작가 크라우드픽 - 저작권 걱정 없는 상업용 이미지",https://cdn.crowdpic.net/detail-thumb/thumb_d_C219DC7D38B1FE44388818247B98907E.jpg,https://search.pstatic.net/sunny/?type=b150&src=https://cdn.crowdpic.net/detail-thumb/thumb_d_C219DC7D38B1FE44388818247B98907E.jpg,48,image_sim,2025-07-14T20:38:41.113411,20473562
라면,2025-06,25년 6월,"라면, 음식, 손그림, 일러스트, 드로잉, 사진,이미지,일러스트,캘리그라피 - 지개씨작가 크라우드픽 - 저작권 걱정 없는 상업용 이미지",https://cdn.crowdpic.net/detail-thumb/thumb_d_C0EBD15B060F2C548CBFAC43DEF19AF7.png,https://search.pstatic.net/sunny/?type=b150&src=https://cdn.crowdpic.net/detail-thumb/thumb_d_C0EBD15B060F2C548CBFAC43DEF19AF7.png,48,image_sim,2025-07-14T20:38:41.707769,20473562
라면,2025-06,25년 6월,"라면, 요리, 식사, 음식, 한국음식, 사진,이미지,일러스트,캘리그라피 - jameshan3035작가 크라우드픽 - 저작권 걱정 없는 상업용 이미지",https://cdn.crowdpic.net/detail-thumb/thumb_d_78EDDA6138582AAEB2E9303FE9EBA298.jpeg,https://search.pstatic.net/sunny/?type=b150&src=https://cdn.crowdpic.net/detail-thumb/thumb_d_78EDDA6138582AAEB2E9303FE9EBA298.jpeg,48,image_sim,2025-07-14T20:38:41.707769,20473562
라면,2025-06,25년 6월,"라면, 요리, 식사, 음식, 인스턴트음식, 사진,이미지,일러스트,캘리그라피 - jameshan3035작가 크라우드픽 - 저작권 걱정 없는 상업용 이미지",https://cdn.crowdpic.net/detail-thumb/thumb_d_AC8824AFA5DF53E68A6E9FF115A07861.jpeg,https://search.pstatic.net/sunny/?type=b150&src=https://cdn.crowdpic.net/detail-thumb/thumb_d_AC8824AFA5DF53E68A6E9FF115A07861.jpeg,48,image_sim,2025-07-14T20:38:41.707769,20473562
피자,2024-06,2024년 6월,"피자 음식 창의 표현 만화 피자 가을 식량 보약 전채 만화 표현 가방 사진 삽화(이미지 포함) | 음식, 맛있는 음식",https://i.pinimg.com/originals/f0/2f/02/f02f02160093d20c7c18d8ea8631c1d8.jpg,https://search.pstatic.net/sunny/?type=b150&src=https://i.pinimg.com/originals/f0/2f/02/f02f02160093d20c7c18d8ea8631c1d8.jpg,48,image_sim,2025-07-14T20:38:43.807618,15782041
피자,2024-06,2024년 6월,음식 피자 PNG 일러스트 | 이미지 및 PSD 파일 | Pngtree에 무료 다운로드,https://png.pngtree.com/png-vector/20231215/ourmid/pngtree-3d-gradient-texture-icon-life-element-food-pizza-gourmet-png-image_11363656.png,https://search.pstatic.net/sunny/?type=b150&src=https://png.pngtree.com/png-vector/20231215/ourmid/pngtree-3d-gradient-texture-icon-life-element-food-pizza-gourmet-png-image_11363656.png,48,image_sim,2025-07-14T20:38:43.807618,15782041
피자,2024-06,2024.06,특별한 맛있는 피자 음식 소셜 미디어 포스트 이미지 _사진 450117872 무료 다운로드_lovepik.com 특별한 맛있는 피자 음식 소셜 미디어...,https://img.lovepik.com/desgin_photo/45011/7872_detail.jpg,https://search.pstatic.net/sunny/?type=b150&src=https://img.lovepik.com/desgin_photo/45011/7872_detail.jpg,48,image_sim,2025-07-14T20:38:44.366872,15782041
피자,2024-06,2024.06,"food, 피자, pizza, 음식, 한국피자, 사진,이미지,일러스트,캘리그라피 - N0725sunwoo작가 크라우드픽 - 저작권 걱정 없는 상업용 이미지",https://cdn.crowdpic.net/detail-thumb/thumb_d_08F35E8B5BC6782FDEEF6CB492520B42.jpeg,https://search.pstatic.net/sunny/?type=b150&src=https://cdn.crowdpic.net/detail-thumb/thumb_d_08F35E8B5BC6782FDEEF6CB492520B42.jpeg,48,image_sim,2025-07-14T20:38:44.366872,15782041
피자,2024-06,2024.06,"pizza, 피자, 음식, food, 피자이미지, 사진,이미지,일러스트,캘리그라피 - newzing작가 크라우드픽 - 저작권 걱정 없는 상업용 이미지",https://cdn.crowdpic.net/detail-thumb/thumb_d_585F0AD1FF51EDCDE7FA3A8165D06110.png,https://search.pstatic.net/sunny/?type=b150&src=https://cdn.crowdpic.net/detail-thumb/thumb_d_585F0AD1FF51EDCDE7FA3A8165D06110.png,48,image_sim,2025-07-14T20:38:44.366872,15782041
피자,2024-06,24년 6월,"유럽 음식, 시칠리아 피자 5312x2988 - - 542506 - 무료 이미지 - PxHere 무료 이미지 : 요리, 식품, 생기게 하다, 아침 식사, 소스, 파프리카...",https://c.pxhere.com/photos/55/7e/pizza_paprika_sauce-542506.jpg!d,https://search.pstatic.net/sunny/?type=b150&src=https://c.pxhere.com/photos/55/7e/pizza_paprika_sauce-542506.jpg!d,48,image_sim,2025-07-14T20:38:44.925442,15782041
피자,2024-06,24년 6월,"무료 이미지 : 요리, 식사, 식품, 생기게 하다, 피자, 이탈리아 음식, 유럽 음식 3264x2448 - - 148447 - 무료 이미지 - PxHere 무료 이미지...",https://c.pxhere.com/photos/01/32/photo-148447.jpg!d,https://search.pstatic.net/sunny/?type=b150&src=https://c.pxhere.com/photos/01/32/photo-148447.jpg!d,48,image_sim,2025-07-14T20:38:44.925442,15782041
피자,2024-06,24년 6월,"무료 이미지 : 요리, 식품, 생기게 하다, 야채, 피자, 이탈리아 음식, 유럽 음식 6016x4000 - - 122656 - 무료 이미지 - PxHere 무료 이미지...",https://c.pxhere.com/photos/51/12/photo-122656.jpg!d,https://search.pstatic.net/sunny/?type=b150&src=https://c.pxhere.com/photos/51/12/photo-122656.jpg!d,48,image_sim,2025-07-14T20:38:44.925442,15782041
피자,2024-06,24년 6월,"무료 이미지 : 요리, 식품, 물고기, 피자, 오디세이, 2011365, 이탈리아 음식, 유럽 음식 2418x1813 - - 438007 - 무료 이미지 - PxHere...",https://c.pxhere.com/photos/47/f7/pizza_odyssey_2011365-438007.jpg!d,https://search.pstatic.net/sunny/?type=b150&src=https://c.pxhere.com/photos/47/f7/pizza_odyssey_2011365-438007.jpg!d,48,image_sim,2025-07-14T20:38:44.925442,15782041
피자,2024-06,24년 6월,"무료 이미지 : 요리, 식품, 생기게 하다, 아침 식사, 피자, 이탈리아 음식, 유럽 음식 4032x3024 - - 197435 - 무료 이미지 - PxHere 무료...",https://c.pxhere.com/photos/b0/ad/photo-197435.jpg!d,https://search.pstatic.net/sunny/?type=b150&src=https://c.pxhere.com/photos/b0/ad/photo-197435.jpg!d,48,image_sim,2025-07-14T20:38:44.925442,15782041
피자,2024-06,24년 6월,"음식, 피자 치즈, 유럽 음식, 즈 위벨 카헨 4288x3216 - - 484530 - 무료 이미지 - PxHere 무료 이미지 : 요리, 생기게 하다, 디저트, 생과자...",https://c.pxhere.com/photos/99/b2/pizza_food_cheese_baked-484530.jpg!d,https://search.pstatic.net/sunny/?type=b150&src=https://c.pxhere.com/photos/99/b2/pizza_food_cheese_baked-484530.jpg!d,48,image_sim,2025-07-14T20:38:44.925442,15782041
피자,2024-06,24년 6월,"전자, 피자 치즈, 포카 치아, 유럽 음식 3008x2000 - - 729398 - 무료 이미지 - PxHere 무료 이미지 : 요리, 생기게 하다, 빵, 파스타, 그릴, 구운...",https://c.pxhere.com/photos/96/8e/focaccia_pasta_bread_grill-729398.jpg!d,https://search.pstatic.net/sunny/?type=b150&src=https://c.pxhere.com/photos/96/8e/focaccia_pasta_bread_grill-729398.jpg!d,48,image_sim,2025-07-14T20:38:44.925442,15782041
피자,2024-06,24년 6월,"버섯 피자 일러스트, 버섯 클립 아트, 버섯, 음식 PNG 일러스트 및 이미지 에 대한 무료 다운로드 - Pngtree",https://png.pngtree.com/element_origin_min_pic/16/09/23/1657e4ea899a7d5.jpg,https://search.pstatic.net/sunny/?type=b150&src=https://png.pngtree.com/element_origin_min_pic/16/09/23/1657e4ea899a7d5.jpg,48,image_sim,2025-07-14T20:38:44.925442,15782041
피자,2024-06,24년 6월,"무료 이미지 : 요리, 생기게 하다, 아침 식사, 디저트, 생과자... 이탈리아 음식, 피자 치즈, 프리 타타, 유럽 음식, 즈 위벨 카헨...",https://c.pxhere.com/photos/a8/e9/photo-43227.jpg!d,https://search.pstatic.net/sunny/?type=b150&src=https://c.pxhere.com/photos/a8/e9/photo-43227.jpg!d,48,image_sim,2025-07-14T20:38:44.925442,15782041
피자,2024-06,24년 6월,"맛있는, 피자, 토마토, 퀴 토우 to토, 소시지... 유럽 음식, 소금 경화 고기 5184x3456 - - 708903 - 무료 이미지 - PxHere 무료 이미지 : 레스토랑...",https://c.pxhere.com/photos/fd/12/pizza_good_meals_restaurant_nursery_fast_food_food_italian-708903.jpg!d,https://search.pstatic.net/sunny/?type=b150&src=https://c.pxhere.com/photos/fd/12/pizza_good_meals_restaurant_nursery_fast_food_food_italian-708903.jpg!d,48,image_sim,2025-07-14T20:38:44.925442,15782041
피자,2025-06,2025.06,"피자 음식 창의 표현 만화 피자 가을 식량 보약 전채 만화 표현 가방 사진 삽화(이미지 포함) | 음식, 맛있는 음식",https://i.pinimg.com/originals/f0/2f/02/f02f02160093d20c7c18d8ea8631c1d8.jpg,https://search.pstatic.net/sunny/?type=b150&src=https://i.pinimg.com/originals/f0/2f/02/f02f02160093d20c7c18d8ea8631c1d8.jpg,48,image_sim,2025-07-14T20:38:48.525376,15782041
피자,2025-06,2025.06,음식 피자 PNG 일러스트 | 이미지 및 PSD 파일 | Pngtree에 무료 다운로드,https://png.pngtree.com/png-vector/20231215/ourmid/pngtree-3d-gradient-texture-icon-life-element-food-pizza-gourmet-png-image_11363656.png,https://search.pstatic.net/sunny/?type=b150&src=https://png.pngtree.com/png-vector/20231215/ourmid/pngtree-3d-gradient-texture-icon-life-element-food-pizza-gourmet-png-image_11363656.png,48,image_sim,2025-07-14T20:38:48.525376,15782041
피자,2025-06,25년 6월,"유럽 음식, 시칠리아 피자 5312x2988 - - 542506 - 무료 이미지 - PxHere 무료 이미지 : 요리, 식품, 생기게 하다, 아침 식사, 소스, 파프리카...",https://c.pxhere.com/photos/55/7e/pizza_paprika_sauce-542506.jpg!d,https://search.pstatic.net/sunny/?type=b150&src=https://c.pxhere.com/photos/55/7e/pizza_paprika_sauce-542506.jpg!d,48,image_sim,2025-07-14T20:38:49.156030,15782041
피자,2025-06,25년 6월,"무료 이미지 : 요리, 식사, 식품, 생기게 하다, 피자, 이탈리아 음식, 유럽 음식 3264x2448 - - 148447 - 무료 이미지 - PxHere 무료 이미지...",https://c.pxhere.com/photos/01/32/photo-148447.jpg!d,https://search.pstatic.net/sunny/?type=b150&src=https://c.pxhere.com/photos/01/32/photo-148447.jpg!d,48,image_sim,2025-07-14T20:38:49.156030,15782041
피자,2025-06,25년 6월,"무료 이미지 : 요리, 식품, 생기게 하다, 야채, 피자, 이탈리아 음식, 유럽 음식 6016x4000 - - 122656 - 무료 이미지 - PxHere 무료 이미지...",https://c.pxhere.com/photos/51/12/photo-122656.jpg!d,https://search.pstatic.net/sunny/?type=b150&src=https://c.pxhere.com/photos/51/12/photo-122656.jpg!d,48,image_sim,2025-07-14T20:38:49.156030,15782041
피자,2025-06,25년 6월,"무료 이미지 : 요리, 식품, 물고기, 피자, 오디세이, 2011365, 이탈리아 음식, 유럽 음식 2418x1813 - - 438007 - 무료 이미지 - PxHere...",https://c.pxhere.com/photos/47/f7/pizza_odyssey_2011365-438007.jpg!d,https://search.pstatic.net/sunny/?type=b150&src=https://c.pxhere.com/photos/47/f7/pizza_odyssey_2011365-438007.jpg!d,48,image_sim,2025-07-14T20:38:49.156030,15782041
피자,2025-06,25년 6월,"무료 이미지 : 요리, 식품, 생기게 하다, 아침 식사, 피자, 이탈리아 음식, 유럽 음식 4032x3024 - - 197435 - 무료 이미지 - PxHere 무료...",https://c.pxhere.com/photos/b0/ad/photo-197435.jpg!d,https://search.pstatic.net/sunny/?type=b150&src=https://c.pxhere.com/photos/b0/ad/photo-197435.jpg!d,48,image_sim,2025-07-14T20:38:49.156030,15782041
피자,2025-06,25년 6월,"음식, 피자 치즈, 유럽 음식, 즈 위벨 카헨 4288x3216 - - 484530 - 무료 이미지 - PxHere 무료 이미지 : 요리, 생기게 하다, 디저트, 생과자...",https://c.pxhere.com/photos/99/b2/pizza_food_cheese_baked-484530.jpg!d,https://search.pstatic.net/sunny/?type=b150&src=https://c.pxhere.com/photos/99/b2/pizza_food_cheese_baked-484530.jpg!d,48,image_sim,2025-07-14T20:38:49.156030,15782041
피자,2025-06,25년 6월,"전자, 피자 치즈, 포카 치아, 유럽 음식 3008x2000 - - 729398 - 무료 이미지 - PxHere 무료 이미지 : 요리, 생기게 하다, 빵, 파스타, 그릴, 구운...",https://c.pxhere.com/photos/96/8e/focaccia_pasta_bread_grill-729398.jpg!d,https://search.pstatic.net/sunny/?type=b150&src=https://c.pxhere.com/photos/96/8e/focaccia_pasta_bread_grill-729398.jpg!d,48,image_sim,2025-07-14T20:38:49.156030,15782041
피자,2025-06,25년 6월,"버섯 피자 일러스트, 버섯 클립 아트, 버섯, 음식 PNG 일러스트 및 이미지 에 대한 무료 다운로드 - Pngtree",https://png.pngtree.com/element_origin_min_pic/16/09/23/1657e4ea899a7d5.jpg,https://search.pstatic.net/sunny/?type=b150&src=https://png.pngtree.com/element_origin_min_pic/16/09/23/1657e4ea899a7d5.jpg,48,image_sim,2025-07-14T20:38:49.158037,15782041
피자,2025-06,25년 6월,"무료 이미지 : 요리, 생기게 하다, 아침 식사, 디저트, 생과자... 이탈리아 음식, 피자 치즈, 프리 타타, 유럽 음식, 즈 위벨 카헨...",https://c.pxhere.com/photos/a8/e9/photo-43227.jpg!d,https://search.pstatic.net/sunny/?type=b150&src=https://c.pxhere.com/photos/a8/e9/photo-43227.jpg!d,48,image_sim,2025-07-14T20:38:49.158037,15782041
피자,2025-06,25년 6월,"맛있는, 피자, 토마토, 퀴 토우 to토, 소시지... 유럽 음식, 소금 경화 고기 5184x3456 - - 708903 - 무료 이미지 - PxHere 무료 이미지 : 레스토랑...",https://c.pxhere.com/photos/fd/12/pizza_good_meals_restaurant_nursery_fast_food_food_italian-708903.jpg!d,https://search.pstatic.net/sunny/?type=b150&src=https://c.pxhere.com/photos/fd/12/pizza_good_meals_restaurant_nursery_fast_food_food_italian-708903.jpg!d,48,image_sim,2025-07-14T20:38:49.158037,15782041
치킨,2024-06,2024년 6월,"koreafood, food, 음식, chicken, 치킨, 사진,이미지,일러스트,캘리그라피 - 쏭월드작가 크라우드픽 - 저작권 걱정 없는 상업용 이미지",https://cdn.crowdpic.net/detail-thumb/thumb_d_5A2E4A2352E38FC8C505F4354919C110.jpg,https://search.pstatic.net/sunny/?type=b150&src=https://cdn.crowdpic.net/detail-thumb/thumb_d_5A2E4A2352E38FC8C505F4354919C110.jpg,47,image_sim,2025-07-14T20:38:28.762233,317241121
치킨,2024-06,2024년 6월,"치킨, 통닭, 음식, food, chicken, 사진,이미지,일러스트,캘리그라피 - jeongdano작가 크라우드픽 - 저작권 걱정 없는 상업용 이미지",https://cdn.crowdpic.net/detail-thumb/thumb_d_B8261BAA051988095991D051BBD47C14.jpg,https://search.pstatic.net/sunny/?type=b150&src=https://cdn.crowdpic.net/detail-thumb/thumb_d_B8261BAA051988095991D051BBD47C14.jpg,47,image_sim,2025-07-14T20:38:28.762233,317241121
치킨,2024-06,2024년 6월,"chicken, 치킨, 후라이드, 음식, food, 사진,이미지,일러스트,캘리그라피 - seop0385작가 크라우드픽 - 저작권 걱정 없는 상업용 이미지",https://cdn.crowdpic.net/detail-thumb/thumb_d_E5F5029B90E8898FAA1D74010B0B88F0.jpg,https://search.pstatic.net/sunny/?type=b150&src=https://cdn.crowdpic.net/detail-thumb/thumb_d_E5F5029B90E8898FAA1D74010B0B88F0.jpg,47,image_sim,2025-07-14T20:38:28.762233,317241121
치킨,2024-06,2024년 6월,"음식, 치킨, food, chicken, 닭다리, 사진,이미지,일러스트,캘리그라피 - Npon06076작가 크라우드픽 - 저작권 걱정 없는 상업용 이미지",https://cdn.crowdpic.net/detail-thumb/thumb_d_B894E013D767A5937F7D93F6A679AC52.jpeg,https://search.pstatic.net/sunny/?type=b150&src=https://cdn.crowdpic.net/detail-thumb/thumb_d_B894E013D767A5937F7D93F6A679AC52.jpeg,47,image_sim,2025-07-14T20:38:28.763913,317241121
치킨,2024-06,2024년 6월,"food, 음식, 치킨, 닭강정, chicken, 사진,이미지,일러스트,캘리그라피 - yoonna작가 크라우드픽 - 저작권 걱정 없는 상업용 이미지",https://cdn.crowdpic.net/detail-thumb/thumb_d_D73D1811B8101216A87C04A939EBE862.jpg,https://search.pstatic.net/sunny/?type=b150&src=https://cdn.crowdpic.net/detail-thumb/thumb_d_D73D1811B8101216A87C04A939EBE862.jpg,47,image_sim,2025-07-14T20:38:28.765050,317241121
치킨,2024-06,2024.06,"유토이미지 | 치킨 - 2024 | 식품 아이디어, 음식, 음식 사진",https://i.pinimg.com/736x/4f/7a/b0/4f7ab001cc2d37f2e8f605c20639d71e.jpg,https://search.pstatic.net/sunny/?type=b150&src=https://i.pinimg.com/736x/4f/7a/b0/4f7ab001cc2d37f2e8f605c20639d71e.jpg,47,image_sim,2025-07-14T20:38:29.337813,317241121
치킨,2024-06,2024.06,"음식, food, 양념, 치킨, 숯불구이, 사진,이미지,일러스트,캘리그라피 - johyeji6950작가 크라우드픽 - 저작권 걱정 없는 상업용 이미지",https://cdn.crowdpic.net/detail-thumb/thumb_d_2E1086D1D6647D379299092E8FF1E0E3.jpg,https://search.pstatic.net/sunny/?type=b150&src=https://cdn.crowdpic.net/detail-thumb/thumb_d_2E1086D1D6647D379299092E8FF1E0E3.jpg,47,image_sim,2025-07-14T20:38:29.337813,317241121
치킨,2024-06,2024.06,"chicken, 치킨, food, 음식, roomservice, 사진,이미지,일러스트,캘리그라피 - Nhpl0312작가 크라우드픽 - 저작권 걱정 없는 상업용 이미지",https://cdn.crowdpic.net/detail-thumb/thumb_d_7317BF99ECB3064781B8A2FB25A4A173.jpg,https://search.pstatic.net/sunny/?type=b150&src=https://cdn.crowdpic.net/detail-thumb/thumb_d_7317BF99ECB3064781B8A2FB25A4A173.jpg,47,image_sim,2025-07-14T20:38:29.337813,317241121
치킨,2024-06,24년 6월,2024 새해 카운트다운 - 치킨 갤러리,https://i.ytimg.com/vi/mgvQVB5Zjsw/maxresdefault_live.jpg,https://search.pstatic.net/sunny/?type=b150&src=https://i.ytimg.com/vi/mgvQVB5Zjsw/maxresdefault_live.jpg,47,image_sim,2025-07-14T20:38:29.930607,317241121
치킨,2024-06,24년 6월,DDP 2024새해 카운트다운 개쩌노 - 치킨 갤러리,https://i.ytimg.com/vi/39rrQ41wzWA/maxresdefault.jpg,https://search.pstatic.net/sunny/?type=b150&src=https://i.ytimg.com/vi/39rrQ41wzWA/maxresdefault.jpg,47,image_sim,2025-07-14T20:38:29.930607,317241121
치킨,2024-06,24년 6월,"코코넛 밀크로 찐 미적 치킨, 치킨 음식, 인도네시아 음식, 요리하다 PNG 일러스트 및 PSD 이미지 무료 다운로드 - Pngtree",https://png.pngtree.com/png-clipart/20230408/ourlarge/pngtree-aesthetic-chicken-braised-in-coconut-milk-png-image_6689281.png,https://search.pstatic.net/sunny/?type=b150&src=https://png.pngtree.com/png-clipart/20230408/ourlarge/pngtree-aesthetic-chicken-braised-in-coconut-milk-png-image_6689281.png,47,image_sim,2025-07-14T20:38:29.930607,317241121
치킨,2025-06,2025.06,"chicken, 치킨, food, 음식, roomservice, 사진,이미지,일러스트,캘리그라피 - Nhpl0312작가 크라우드픽 - 저작권 걱정 없는 상업용 이미지",https://cdn.crowdpic.net/detail-thumb/thumb_d_7317BF99ECB3064781B8A2FB25A4A173.jpg,https://search.pstatic.net/sunny/?type=b150&src=https://cdn.crowdpic.net/detail-thumb/thumb_d_7317BF99ECB3064781B8A2FB25A4A173.jpg,47,image_sim,2025-07-14T20:38:33.526927,317241121
치킨,2025-06,2025.06,"chicken, 치킨, 파티음식, food, party, 사진,이미지,일러스트,캘리그라피 - hanhoy작가 크라우드픽 - 저작권 걱정 없는 상업용 이미지",https://cdn.crowdpic.net/detail-thumb/thumb_d_A54D0068581F7E1302A1AF41F56CF494.jpg,https://search.pstatic.net/sunny/?type=b150&src=https://cdn.crowdpic.net/detail-thumb/thumb_d_A54D0068581F7E1302A1AF41F56CF494.jpg,47,image_sim,2025-07-14T20:38:33.528936,317241121
치킨,2025-06,2025.06,"음식, food, 양념, 치킨, 숯불구이, 사진,이미지,일러스트,캘리그라피 - johyeji6950작가 크라우드픽 - 저작권 걱정 없는 상업용 이미지",https://cdn.crowdpic.net/detail-thumb/thumb_d_2E1086D1D6647D379299092E8FF1E0E3.jpg,https://search.pstatic.net/sunny/?type=b150&src=https://cdn.crowdpic.net/detail-thumb/thumb_d_2E1086D1D6647D379299092E8FF1E0E3.jpg,47,image_sim,2025-07-14T20:38:33.528936,317241121
치킨,2025-06,2025.06,"치킨, 통닭, 음식, food, 식재료, 사진,이미지,일러스트,캘리그라피 - sakyluka0920작가 크라우드픽 - 저작권 걱정 없는 상업용 이미지",https://cdn.crowdpic.net/detail-thumb/thumb_d_943C581C48F072ABCC03E95C71744694.jpg,https://search.pstatic.net/sunny/?type=b150&src=https://cdn.crowdpic.net/detail-thumb/thumb_d_943C581C48F072ABCC03E95C71744694.jpg,47,image_sim,2025-07-14T20:38:33.530945,317241121
치킨,2025-06,2025.06,"치킨, chicken, 음식, food, 윙, 사진,이미지,일러스트,캘리그라피 - cozy picture작가 크라우드픽 - 저작권 걱정 없는 상업용 이미지",https://cdn.crowdpic.net/detail-thumb/thumb_d_DD38B7938DF4D5600690C39A856C8E76.jpg,https://search.pstatic.net/sunny/?type=b150&src=https://cdn.crowdpic.net/detail-thumb/thumb_d_DD38B7938DF4D5600690C39A856C8E76.jpg,47,image_sim,2025-07-14T20:38:33.530945,317241121
치킨,2025-06,25년 6월,"코코넛 밀크로 찐 미적 치킨, 치킨 음식, 인도네시아 음식, 요리하다 PNG 일러스트 및 PSD 이미지 무료 다운로드 - Pngtree",https://png.pngtree.com/png-clipart/20230408/ourlarge/pngtree-aesthetic-chicken-braised-in-coconut-milk-png-image_6689281.png,https://search.pstatic.net/sunny/?type=b150&src=https://png.pngtree.com/png-clipart/20230408/ourlarge/pngtree-aesthetic-chicken-braised-in-coconut-milk-png-image_6689281.png,47,image_sim,2025-07-14T20:38:34.177345,317241121
치킨,2025-06,25년 6월,"프라이팬에 증기로 프라이드 치킨, 치킨 가라아게 요리 이미지, 고화질 사진 사진, 음식 배경 일러스트 및 사진 무료 다운로드 - Pngtree",https://png.pngtree.com/thumb_back/fw800/background/20230518/pngtree-fried-chicken-in-a-frying-pan-with-steam-image_2529211.jpg,https://search.pstatic.net/sunny/?type=b150&src=https://png.pngtree.com/thumb_back/fw800/background/20230518/pngtree-fried-chicken-in-a-frying-pan-with-steam-image_2529211.jpg,47,image_sim,2025-07-14T20:38:34.177345,317241121
라면,2024-06,2024년 6월,라면 국수 음식 - Pixabay의 무료 이미지,https://cdn.pixabay.com/photo/2024/10/30/13/23/ramen-9161711_1280.png,https://search.pstatic.net/sunny/?type=b150&src=https://cdn.pixabay.com/photo/2024/10/30/13/23/ramen-9161711_1280.png,47,image_sim,2025-07-14T20:38:36.303933,20473562
라면,2024-06,2024년 6월,음식 - 매운 치즈라면 | 유토이미지 | 상세페이지 | 베이직샵 | 20567868,https://image.utoimage.com/preview/cp874539/2018/05/201805003046_500.jpg,https://search.pstatic.net/sunny/?type=b150&src=https://image.utoimage.com/preview/cp874539/2018/05/201805003046_500.jpg,47,image_sim,2025-07-14T20:38:36.303933,20473562
라면,2024-06,2024.06,"라면에 있는 Kyubeen님의 핀 - 2022 | 음식, 음식 및 음료",https://i.pinimg.com/736x/39/66/ad/3966ade9be2025bb4de7af8513840db7.jpg,https://search.pstatic.net/sunny/?type=b150&src=https://i.pinimg.com/736x/39/66/ad/3966ade9be2025bb4de7af8513840db7.jpg,47,image_sim,2025-07-14T20:38:36.854940,20473562
라면,2024-06,24년 6월,Random101님이 Health stuffs에 올린 음식 이미지 | 삼양라면,https://i.pinimg.com/736x/d5/be/ad/d5bead71ded9ec5a992461fb427d4922.jpg,https://search.pstatic.net/sunny/?type=b150&src=https://i.pinimg.com/736x/d5/be/ad/d5bead71ded9ec5a992461fb427d4922.jpg,47,image_sim,2025-07-14T20:38:37.414805,20473562
라면,2024-06,24년 6월,"음식, plate, food, 라면, meal, 사진,이미지,일러스트,캘리그라피 - 오늘도일러스트작가 크라우드픽 - 저작권 걱정 없는 상업용 이미지",https://cdn.crowdpic.net/detail-thumb/thumb_d_3FA8B871B952D82A92932A3F3F3AF880.jpg,https://search.pstatic.net/sunny/?type=b150&src=https://cdn.crowdpic.net/detail-thumb/thumb_d_3FA8B871B952D82A92932A3F3F3AF880.jpg,47,image_sim,2025-07-14T20:38:37.414805,20473562
라면,2025-06,2025.06,음식 - 매운 치즈라면 | 유토이미지 | 상세페이지 | 베이직샵 | 20567868,https://image.utoimage.com/preview/cp874539/2018/05/201805003046_500.jpg,https://search.pstatic.net/sunny/?type=b150&src=https://image.utoimage.com/preview/cp874539/2018/05/201805003046_500.jpg,47,image_sim,2025-07-14T20:38:41.113411,20473562
라면,2025-06,2025.06,라면 국수 음식 - Pixabay의 무료 이미지,https://cdn.pixabay.com/photo/2024/10/30/13/23/ramen-9161711_1280.png,https://search.pstatic.net/sunny/?type=b150&src=https://cdn.pixabay.com/photo/2024/10/30/13/23/ramen-9161711_1280.png,47,image_sim,2025-07-14T20:38:41.113411,20473562
라면,2025-06,2025.06,"레미양의 2025년 소원은, 라면을 가득 먹는 것. - AKB48 갤러리",https://i.ytimg.com/vi/3WyfPbalU7E/maxresdefault.jpg,https://search.pstatic.net/sunny/?type=b150&src=https://i.ytimg.com/vi/3WyfPbalU7E/maxresdefault.jpg,47,image_sim,2025-07-14T20:38:41.113411,20473562
라면,2025-06,25년 6월,Random101님이 Health stuffs에 올린 음식 이미지 | 삼양라면,https://i.pinimg.com/736x/d5/be/ad/d5bead71ded9ec5a992461fb427d4922.jpg,https://search.pstatic.net/sunny/?type=b150&src=https://i.pinimg.com/736x/d5/be/ad/d5bead71ded9ec5a992461fb427d4922.jpg,47,image_sim,2025-07-14T20:38:41.707769,20473562
피자,2024-06,2024년 6월,"2,000 + 무료 피자 & 음식 이미지 - Pixabay",https://cdn.pixabay.com/photo/2023/10/04/18/49/pizza-8294340_640.png,https://search.pstatic.net/sunny/?type=b150&src=https://cdn.pixabay.com/photo/2023/10/04/18/49/pizza-8294340_640.png,47,image_sim,2025-07-14T20:38:43.807618,15782041
피자,2024-06,2024년 6월,피자 음식 설계 - Pixabay의 무료 이미지,https://cdn.pixabay.com/photo/2019/08/20/10/35/pizza-4418391_640.png,https://search.pstatic.net/sunny/?type=b150&src=https://cdn.pixabay.com/photo/2019/08/20/10/35/pizza-4418391_640.png,47,image_sim,2025-07-14T20:38:43.807618,15782041
피자,2024-06,2024년 6월,be ras님의 피자 이미지 | 음식,https://i.pinimg.com/originals/02/45/fd/0245fd65dde453f250537515f5b2aec2.gif,https://search.pstatic.net/sunny/?type=b150&src=https://i.pinimg.com/originals/02/45/fd/0245fd65dde453f250537515f5b2aec2.gif,47,image_sim,2025-07-14T20:38:43.807618,15782041
피자,2024-06,2024년 6월,피자 일부분 음식 - Pixabay의 무료 이미지,https://cdn.pixabay.com/photo/2021/11/12/18/02/pizza-6789746_640.png,https://search.pstatic.net/sunny/?type=b150&src=https://cdn.pixabay.com/photo/2021/11/12/18/02/pizza-6789746_640.png,47,image_sim,2025-07-14T20:38:43.807618,15782041
피자,2024-06,2024년 6월,피자 일부분 음식 - Pixabay의 무료 이미지,https://cdn.pixabay.com/photo/2020/11/23/17/21/pizza-5770420_1280.jpg,https://search.pstatic.net/sunny/?type=b150&src=https://cdn.pixabay.com/photo/2020/11/23/17/21/pizza-5770420_1280.jpg,47,image_sim,2025-07-14T20:38:43.807618,15782041
피자,2024-06,2024년 6월,"이정은님의 음식 이미지 | 음식, 피자",https://i.pinimg.com/736x/a3/85/fb/a385fb6645bbb12c0ae82c5d7859f4ce.jpg,https://search.pstatic.net/sunny/?type=b150&src=https://i.pinimg.com/736x/a3/85/fb/a385fb6645bbb12c0ae82c5d7859f4ce.jpg,47,image_sim,2025-07-14T20:38:43.807618,15782041
피자,2024-06,2024년 6월,"피자, pizza, food, 음식, 식재료, 사진,이미지,일러스트,캘리그라피 - DesignN작가 크라우드픽 - 저작권 걱정 없는 상업용 이미지",https://cdn.crowdpic.net/detail-thumb/thumb_d_91209F0FFB14DB6C18B86352FFD96940.jpg,https://search.pstatic.net/sunny/?type=b150&src=https://cdn.crowdpic.net/detail-thumb/thumb_d_91209F0FFB14DB6C18B86352FFD96940.jpg,47,image_sim,2025-07-14T20:38:43.807618,15782041
피자,2024-06,2024년 6월,"피자, pizza, 음식, food, cafe, 사진,이미지,일러스트,캘리그라피 - Gorong작가 크라우드픽 - 저작권 걱정 없는 상업용 이미지",https://cdn.crowdpic.net/detail-thumb/thumb_d_1C4A7643F09D08E009814279BE08AB7B.jpg,https://search.pstatic.net/sunny/?type=b150&src=https://cdn.crowdpic.net/detail-thumb/thumb_d_1C4A7643F09D08E009814279BE08AB7B.jpg,47,image_sim,2025-07-14T20:38:43.807618,15782041
피자,2024-06,2024년 6월,"food, 음식, pizza, 피자, 메뉴, 사진,이미지,일러스트,캘리그라피 - hansim18작가 크라우드픽 - 저작권 걱정 없는 상업용 이미지",https://cdn.crowdpic.net/detail-thumb/thumb_d_6B7381BE7CAF64F35A67F55854811B03.jpeg,https://search.pstatic.net/sunny/?type=b150&src=https://cdn.crowdpic.net/detail-thumb/thumb_d_6B7381BE7CAF64F35A67F55854811B03.jpeg,47,image_sim,2025-07-14T20:38:43.807618,15782041
피자,2024-06,2024년 6월,"피자, pizza, 음식, meal, food, 사진,이미지,일러스트,캘리그라피 - wkdghk7875작가 크라우드픽 - 저작권 걱정 없는 상업용 이미지",https://cdn.crowdpic.net/detail-thumb/thumb_d_B30CF1901A001D2D10B1D4F89A195E04.jpg,https://search.pstatic.net/sunny/?type=b150&src=https://cdn.crowdpic.net/detail-thumb/thumb_d_B30CF1901A001D2D10B1D4F89A195E04.jpg,47,image_sim,2025-07-14T20:38:43.807618,15782041
피자,2024-06,2024년 6월,"음식, 피자, pizza, food, 먹거리, 사진,이미지,일러스트,캘리그라피 - 라이온 디자인작가 크라우드픽 - 저작권 걱정 없는 상업용 이미지",https://cdn.crowdpic.net/detail-thumb/thumb_d_D6393E6A6E419C635E459E1952AAA12B.jpg,https://search.pstatic.net/sunny/?type=b150&src=https://cdn.crowdpic.net/detail-thumb/thumb_d_D6393E6A6E419C635E459E1952AAA12B.jpg,47,image_sim,2025-07-14T20:38:43.807618,15782041
피자,2024-06,2024년 6월,"피자, pizza, food, 음식, cook, 사진,이미지,일러스트,캘리그라피 - yangpa작가 크라우드픽 - 저작권 걱정 없는 상업용 이미지",https://cdn.crowdpic.net/detail-thumb/thumb_d_8CF5C95D77A40D3C19A48055315745E7.jpg,https://search.pstatic.net/sunny/?type=b150&src=https://cdn.crowdpic.net/detail-thumb/thumb_d_8CF5C95D77A40D3C19A48055315745E7.jpg,47,image_sim,2025-07-14T20:38:43.807618,15782041
피자,2024-06,2024년 6월,"피자, pizza, 음식, 식사, food, 사진,이미지,일러스트,캘리그라피 - neon0083작가 크라우드픽 - 저작권 걱정 없는 상업용 이미지",https://cdn.crowdpic.net/detail-thumb/thumb_d_B03A67037B5106765C86135AD60A8A3B.jpg,https://search.pstatic.net/sunny/?type=b150&src=https://cdn.crowdpic.net/detail-thumb/thumb_d_B03A67037B5106765C86135AD60A8A3B.jpg,47,image_sim,2025-07-14T20:38:43.807618,15782041
피자,2024-06,2024년 6월,"pizza, 피자, food, 음식, dish, 사진,이미지,일러스트,캘리그라피 - One day작가 크라우드픽 - 저작권 걱정 없는 상업용 이미지",https://cdn.crowdpic.net/detail-thumb/thumb_d_A782B65AE5E4433207145F292136A93A.jpg,https://search.pstatic.net/sunny/?type=b150&src=https://cdn.crowdpic.net/detail-thumb/thumb_d_A782B65AE5E4433207145F292136A93A.jpg,47,image_sim,2025-07-14T20:38:43.807618,15782041
피자,2024-06,2024년 6월,"피자, pizza, 음식, food, dish, 사진,이미지,일러스트,캘리그라피 - Nk730904작가 크라우드픽 - 저작권 걱정 없는 상업용 이미지",https://cdn.crowdpic.net/detail-thumb/thumb_d_E591829CBDB5374C980DD9457166BE4E.jpg,https://search.pstatic.net/sunny/?type=b150&src=https://cdn.crowdpic.net/detail-thumb/thumb_d_E591829CBDB5374C980DD9457166BE4E.jpg,47,image_sim,2025-07-14T20:38:43.807618,15782041
피자,2024-06,2024년 6월,"pizza, 피자, food, 음식, meal, 사진,이미지,일러스트,캘리그라피 - Nghals7101작가 크라우드픽 - 저작권 걱정 없는 상업용 이미지",https://cdn.crowdpic.net/detail-thumb/thumb_d_46085E7A60C495A541B3FD678813BE9E.jpeg,https://search.pstatic.net/sunny/?type=b150&src=https://cdn.crowdpic.net/detail-thumb/thumb_d_46085E7A60C495A541B3FD678813BE9E.jpeg,47,image_sim,2025-07-14T20:38:43.807618,15782041
피자,2024-06,2024년 6월,"피자, pizza, food, 음식, meal, 사진,이미지,일러스트,캘리그라피 - yangpa작가 크라우드픽 - 저작권 걱정 없는 상업용 이미지",https://cdn.crowdpic.net/detail-thumb/thumb_d_26598E4E822754FECD6395A6D29A16D5.jpg,https://search.pstatic.net/sunny/?type=b150&src=https://cdn.crowdpic.net/detail-thumb/thumb_d_26598E4E822754FECD6395A6D29A16D5.jpg,47,image_sim,2025-07-14T20:38:43.807618,15782041
피자,2024-06,2024년 6월,"food, 음식, pizza, 피자, 식사, 사진,이미지,일러스트,캘리그라피 - peoplelee작가 크라우드픽 - 저작권 걱정 없는 상업용 이미지",https://cdn.crowdpic.net/detail-thumb/thumb_d_0A3BD30F530EA6AEFA1693332A397813.jpg,https://search.pstatic.net/sunny/?type=b150&src=https://cdn.crowdpic.net/detail-thumb/thumb_d_0A3BD30F530EA6AEFA1693332A397813.jpg,47,image_sim,2025-07-14T20:38:43.807618,15782041
피자,2024-06,2024년 6월,"피자, pizza, 음식, food, koreapizza, 사진,이미지,일러스트,캘리그라피 - gjdlsdnr146작가 크라우드픽 - 저작권 걱정 없는 상업용 이미지",https://cdn.crowdpic.net/detail-thumb/thumb_d_722971032D16E4983279CD94A0BA0012.jpg,https://search.pstatic.net/sunny/?type=b150&src=https://cdn.crowdpic.net/detail-thumb/thumb_d_722971032D16E4983279CD94A0BA0012.jpg,47,image_sim,2025-07-14T20:38:43.807618,15782041
피자,2024-06,2024.06,"피자, 음식, food, pizza, olive, 사진,이미지,일러스트,캘리그라피 - Nbarl작가 크라우드픽 - 저작권 걱정 없는 상업용 이미지",https://cdn.crowdpic.net/detail-thumb/thumb_d_9560764A5A23F88CF18404AD94A3C4AE.jpeg,https://search.pstatic.net/sunny/?type=b150&src=https://cdn.crowdpic.net/detail-thumb/thumb_d_9560764A5A23F88CF18404AD94A3C4AE.jpeg,47,image_sim,2025-07-14T20:38:44.366872,15782041
피자,2025-06,2025년 6월,"피자, pizza, food, 음식, 감자튀김, 사진,이미지,일러스트,캘리그라피 - hanhoy작가 크라우드픽 - 저작권 걱정 없는 상업용 이미지",https://cdn.crowdpic.net/detail-thumb/thumb_d_C22A8E0DB951025D6154E1187DDE5B41.jpg,https://search.pstatic.net/sunny/?type=b150&src=https://cdn.crowdpic.net/detail-thumb/thumb_d_C22A8E0DB951025D6154E1187DDE5B41.jpg,47,image_date,2025-07-14T20:38:47.515862,15782041
피자,2025-06,2025.06,"2,000 + 무료 피자 & 음식 이미지 - Pixabay",https://cdn.pixabay.com/photo/2023/10/04/18/49/pizza-8294340_640.png,https://search.pstatic.net/sunny/?type=b150&src=https://cdn.pixabay.com/photo/2023/10/04/18/49/pizza-8294340_640.png,47,image_sim,2025-07-14T20:38:48.525376,15782041
피자,2025-06,2025.06,피자 음식 설계 - Pixabay의 무료 이미지,https://cdn.pixabay.com/photo/2019/08/20/10/35/pizza-4418391_640.png,https://search.pstatic.net/sunny/?type=b150&src=https://cdn.pixabay.com/photo/2019/08/20/10/35/pizza-4418391_640.png,47,image_sim,2025-07-14T20:38:48.525376,15782041
피자,2025-06,2025.06,be ras님의 피자 이미지 | 음식,https://i.pinimg.com/originals/02/45/fd/0245fd65dde453f250537515f5b2aec2.gif,https://search.pstatic.net/sunny/?type=b150&src=https://i.pinimg.com/originals/02/45/fd/0245fd65dde453f250537515f5b2aec2.gif,47,image_sim,2025-07-14T20:38:48.525376,15782041
피자,2025-06,2025.06,피자 일부분 음식 - Pixabay의 무료 이미지,https://cdn.pixabay.com/photo/2021/11/12/18/02/pizza-6789746_640.png,https://search.pstatic.net/sunny/?type=b150&src=https://cdn.pixabay.com/photo/2021/11/12/18/02/pizza-6789746_640.png,47,image_sim,2025-07-14T20:38:48.525376,15782041
피자,2025-06,2025.06,피자 일부분 음식 - Pixabay의 무료 이미지,https://cdn.pixabay.com/photo/2020/11/23/17/21/pizza-5770420_1280.jpg,https://search.pstatic.net/sunny/?type=b150&src=https://cdn.pixabay.com/photo/2020/11/23/17/21/pizza-5770420_1280.jpg,47,image_sim,2025-07-14T20:38:48.525376,15782041
피자,2025-06,2025.06,"이정은님의 음식 이미지 | 음식, 피자",https://i.pinimg.com/736x/a3/85/fb/a385fb6645bbb12c0ae82c5d7859f4ce.jpg,https://search.pstatic.net/sunny/?type=b150&src=https://i.pinimg.com/736x/a3/85/fb/a385fb6645bbb12c0ae82c5d7859f4ce.jpg,47,image_sim,2025-07-14T20:38:48.525376,15782041
피자,2025-06,2025.06,"피자, pizza, food, 음식, 식재료, 사진,이미지,일러스트,캘리그라피 - DesignN작가 크라우드픽 - 저작권 걱정 없는 상업용 이미지",https://cdn.crowdpic.net/detail-thumb/thumb_d_91209F0FFB14DB6C18B86352FFD96940.jpg,https://search.pstatic.net/sunny/?type=b150&src=https://cdn.crowdpic.net/detail-thumb/thumb_d_91209F0FFB14DB6C18B86352FFD96940.jpg,47,image_sim,2025-07-14T20:38:48.539531,15782041
피자,2025-06,2025.06,"피자, pizza, 음식, food, cafe, 사진,이미지,일러스트,캘리그라피 - Gorong작가 크라우드픽 - 저작권 걱정 없는 상업용 이미지",https://cdn.crowdpic.net/detail-thumb/thumb_d_1C4A7643F09D08E009814279BE08AB7B.jpg,https://search.pstatic.net/sunny/?type=b150&src=https://cdn.crowdpic.net/detail-thumb/thumb_d_1C4A7643F09D08E009814279BE08AB7B.jpg,47,image_sim,2025-07-14T20:38:48.539531,15782041
피자,2025-06,2025.06,"피자, pizza, 음식, meal, food, 사진,이미지,일러스트,캘리그라피 - wkdghk7875작가 크라우드픽 - 저작권 걱정 없는 상업용 이미지",https://cdn.crowdpic.net/detail-thumb/thumb_d_B30CF1901A001D2D10B1D4F89A195E04.jpg,https://search.pstatic.net/sunny/?type=b150&src=https://cdn.crowdpic.net/detail-thumb/thumb_d_B30CF1901A001D2D10B1D4F89A195E04.jpg,47,image_sim,2025-07-14T20:38:48.539531,15782041
피자,2025-06,2025.06,"food, 음식, pizza, 피자, 메뉴, 사진,이미지,일러스트,캘리그라피 - hansim18작가 크라우드픽 - 저작권 걱정 없는 상업용 이미지",https://cdn.crowdpic.net/detail-thumb/thumb_d_6B7381BE7CAF64F35A67F55854811B03.jpeg,https://search.pstatic.net/sunny/?type=b150&src=https://cdn.crowdpic.net/detail-thumb/thumb_d_6B7381BE7CAF64F35A67F55854811B03.jpeg,47,image_sim,2025-07-14T20:38:48.539531,15782041
피자,2025-06,2025.06,"일본식 피자 요리, 피자, 일본어, 음식 PNG 일러스트 및 이미지 에 대한 무료 다운로드 - Pngtree",https://png.pngtree.com/png-vector/20230906/ourlarge/pngtree-japanese-pizza-dish-png-image_9990696.png,https://search.pstatic.net/sunny/?type=b150&src=https://png.pngtree.com/png-vector/20230906/ourlarge/pngtree-japanese-pizza-dish-png-image_9990696.png,47,image_sim,2025-07-14T20:38:48.539531,15782041
피자,2025-06,2025.06,"음식, 피자, pizza, food, 먹거리, 사진,이미지,일러스트,캘리그라피 - 라이온 디자인작가 크라우드픽 - 저작권 걱정 없는 상업용 이미지",https://cdn.crowdpic.net/detail-thumb/thumb_d_D6393E6A6E419C635E459E1952AAA12B.jpg,https://search.pstatic.net/sunny/?type=b150&src=https://cdn.crowdpic.net/detail-thumb/thumb_d_D6393E6A6E419C635E459E1952AAA12B.jpg,47,image_sim,2025-07-14T20:38:48.539531,15782041
피자,2025-06,2025.06,"pizza, 피자, food, 음식, dish, 사진,이미지,일러스트,캘리그라피 - One day작가 크라우드픽 - 저작권 걱정 없는 상업용 이미지",https://cdn.crowdpic.net/detail-thumb/thumb_d_A782B65AE5E4433207145F292136A93A.jpg,https://search.pstatic.net/sunny/?type=b150&src=https://cdn.crowdpic.net/detail-thumb/thumb_d_A782B65AE5E4433207145F292136A93A.jpg,47,image_sim,2025-07-14T20:38:48.539531,15782041
피자,2025-06,2025.06,"피자, pizza, food, 음식, cook, 사진,이미지,일러스트,캘리그라피 - yangpa작가 크라우드픽 - 저작권 걱정 없는 상업용 이미지",https://cdn.crowdpic.net/detail-thumb/thumb_d_8CF5C95D77A40D3C19A48055315745E7.jpg,https://search.pstatic.net/sunny/?type=b150&src=https://cdn.crowdpic.net/detail-thumb/thumb_d_8CF5C95D77A40D3C19A48055315745E7.jpg,47,image_sim,2025-07-14T20:38:48.539531,15782041
피자,2025-06,2025.06,"피자, pizza, 음식, food, dish, 사진,이미지,일러스트,캘리그라피 - Nk730904작가 크라우드픽 - 저작권 걱정 없는 상업용 이미지",https://cdn.crowdpic.net/detail-thumb/thumb_d_E591829CBDB5374C980DD9457166BE4E.jpg,https://search.pstatic.net/sunny/?type=b150&src=https://cdn.crowdpic.net/detail-thumb/thumb_d_E591829CBDB5374C980DD9457166BE4E.jpg,47,image_sim,2025-07-14T20:38:48.539531,15782041
피자,2025-06,2025.06,"pizza, 피자, food, 음식, meal, 사진,이미지,일러스트,캘리그라피 - Nghals7101작가 크라우드픽 - 저작권 걱정 없는 상업용 이미지",https://cdn.crowdpic.net/detail-thumb/thumb_d_46085E7A60C495A541B3FD678813BE9E.jpeg,https://search.pstatic.net/sunny/?type=b150&src=https://cdn.crowdpic.net/detail-thumb/thumb_d_46085E7A60C495A541B3FD678813BE9E.jpeg,47,image_sim,2025-07-14T20:38:48.539531,15782041
피자,2025-06,2025.06,"피자, pizza, 음식, 식사, food, 사진,이미지,일러스트,캘리그라피 - neon0083작가 크라우드픽 - 저작권 걱정 없는 상업용 이미지",https://cdn.crowdpic.net/detail-thumb/thumb_d_B03A67037B5106765C86135AD60A8A3B.jpg,https://search.pstatic.net/sunny/?type=b150&src=https://cdn.crowdpic.net/detail-thumb/thumb_d_B03A67037B5106765C86135AD60A8A3B.jpg,47,image_sim,2025-07-14T20:38:48.539531,15782041
피자,2025-06,2025.06,"food, 음식, pizza, 피자, plate, 사진,이미지,일러스트,캘리그라피 - archijem작가 크라우드픽 - 저작권 걱정 없는 상업용 이미지",https://cdn.crowdpic.net/detail-thumb/thumb_d_F85D70A7657084943F960C1C5E52F336.jpg,https://search.pstatic.net/sunny/?type=b150&src=https://cdn.crowdpic.net/detail-thumb/thumb_d_F85D70A7657084943F960C1C5E52F336.jpg,47,image_sim,2025-07-14T20:38:48.539531,15782041
피자,2025-06,2025.06,"피자, pizza, food, 음식, meal, 사진,이미지,일러스트,캘리그라피 - yangpa작가 크라우드픽 - 저작권 걱정 없는 상업용 이미지",https://cdn.crowdpic.net/detail-thumb/thumb_d_26598E4E822754FECD6395A6D29A16D5.jpg,https://search.pstatic.net/sunny/?type=b150&src=https://cdn.crowdpic.net/detail-thumb/thumb_d_26598E4E822754FECD6395A6D29A16D5.jpg,47,image_sim,2025-07-14T20:38:48.539531,15782041
피자,2025-06,2025.06,"food, 음식, pizza, 피자, 식사, 사진,이미지,일러스트,캘리그라피 - peoplelee작가 크라우드픽 - 저작권 걱정 없는 상업용 이미지",https://cdn.crowdpic.net/detail-thumb/thumb_d_0A3BD30F530EA6AEFA1693332A397813.jpg,https://search.pstatic.net/sunny/?type=b150&src=https://cdn.crowdpic.net/detail-thumb/thumb_d_0A3BD30F530EA6AEFA1693332A397813.jpg,47,image_sim,2025-07-14T20:38:48.539531,15782041
피자,2025-06,2025.06,"피자, pizza, 음식, food, koreapizza, 사진,이미지,일러스트,캘리그라피 - gjdlsdnr146작가 크라우드픽 - 저작권 걱정 없는 상업용 이미지",https://cdn.crowdpic.net/detail-thumb/thumb_d_722971032D16E4983279CD94A0BA0012.jpg,https://search.pstatic.net/sunny/?type=b150&src=https://cdn.crowdpic.net/detail-thumb/thumb_d_722971032D16E4983279CD94A0BA0012.jpg,47,image_sim,2025-07-14T20:38:48.539531,15782041
치킨,2024-06,2024년 6월,"음식 프라이드 치킨, 음식, 먹거리, 식품 PNG 일러스트 및 이미지 에 대한 무료 다운로드 - Pngtree",https://png.pngtree.com/png-clipart/20221226/original/pngtree-food-fried-chicken-png-image_8809997.png,https://search.pstatic.net/sunny/?type=b150&src=https://png.pngtree.com/png-clipart/20221226/original/pngtree-food-fried-chicken-png-image_8809997.png,46,image_sim,2025-07-14T20:38:28.762233,317241121
치킨,2024-06,2024년 6월,"버터 치킨 할랄 음식, 버터, 닭, 음식 PNG 일러스트 및 이미지 에 대한 무료 다운로드 - Pngtree",https://png.pngtree.com/png-vector/20240206/ourlarge/pngtree-butter-chicken-halal-food-png-image_11665741.png,https://search.pstatic.net/sunny/?type=b150&src=https://png.pngtree.com/png-vector/20240206/ourlarge/pngtree-butter-chicken-halal-food-png-image_11665741.png,46,image_sim,2025-07-14T20:38:28.763913,317241121
치킨,2024-06,2024년 6월,"버터 치킨 할랄 음식, 버터, 닭, 음식 PNG 일러스트 및 이미지 에 대한 무료 다운로드 - Pngtree",https://png.pngtree.com/png-vector/20231019/ourlarge/pngtree-butter-chicken-halal-food-png-image_10211517.png,https://search.pstatic.net/sunny/?type=b150&src=https://png.pngtree.com/png-vector/20231019/ourlarge/pngtree-butter-chicken-halal-food-png-image_10211517.png,46,image_sim,2025-07-14T20:38:28.763913,317241121
치킨,2024-06,2024년 6월,"양념치킨, 한국음식, 음식, 치킨, 저녁, 사진,이미지,일러스트,캘리그라피 - sam5작가 크라우드픽 - 저작권 걱정 없는 상업용 이미지",https://cdn.crowdpic.net/detail-thumb/thumb_d_A9ADF765F1CE01D7F8C965FB235076AE.jpg,https://search.pstatic.net/sunny/?type=b150&src=https://cdn.crowdpic.net/detail-thumb/thumb_d_A9ADF765F1CE01D7F8C965FB235076AE.jpg,46,image_sim,2025-07-14T20:38:28.763913,317241121
치킨,2024-06,2024년 6월,"음식, 요리, 간장치킨, 치킨, 통닭, 사진,이미지,일러스트,캘리그라피 - 작가 DREAM작가 크라우드픽 - 저작권 걱정 없는 상업용 이미지",https://cdn.crowdpic.net/detail-thumb/thumb_d_0E7F2972489F37AAA570D683C999E539.jpg,https://search.pstatic.net/sunny/?type=b150&src=https://cdn.crowdpic.net/detail-thumb/thumb_d_0E7F2972489F37AAA570D683C999E539.jpg,46,image_sim,2025-07-14T20:38:28.765050,317241121
치킨,2024-06,2024년 6월,"치킨, 고추, 음식, 푸드, 치킨마요, 사진,이미지,일러스트,캘리그라피 - wonbum작가 크라우드픽 - 저작권 걱정 없는 상업용 이미지",https://cdn.crowdpic.net/detail-thumb/thumb_d_FFBAA9E3C01FB4CBF0C46B8D0885A0F7.jpg,https://search.pstatic.net/sunny/?type=b150&src=https://cdn.crowdpic.net/detail-thumb/thumb_d_FFBAA9E3C01FB4CBF0C46B8D0885A0F7.jpg,46,image_sim,2025-07-14T20:38:28.765050,317241121
치킨,2024-06,2024년 6월,"음식, 치킨샐러드, 요리, 샐러드, 치킨, 사진,이미지,일러스트,캘리그라피 - 티티작가 크라우드픽 - 저작권 걱정 없는 상업용 이미지",https://cdn.crowdpic.net/detail-thumb/thumb_d_93FA5292F809F9ED49F497CA1D3786B7.jpg,https://search.pstatic.net/sunny/?type=b150&src=https://cdn.crowdpic.net/detail-thumb/thumb_d_93FA5292F809F9ED49F497CA1D3786B7.jpg,46,image_sim,2025-07-14T20:38:28.765050,317241121
치킨,2024-06,2024년 6월,"치킨볼, 치즈볼, 치킨, 음식, dishes, 사진,이미지,일러스트,캘리그라피 - 630pm작가 크라우드픽 - 저작권 걱정 없는 상업용 이미지",https://cdn.crowdpic.net/detail-thumb/thumb_d_A03D8ED2FCA29FF990191D592AF4E364.jpg,https://search.pstatic.net/sunny/?type=b150&src=https://cdn.crowdpic.net/detail-thumb/thumb_d_A03D8ED2FCA29FF990191D592AF4E364.jpg,46,image_sim,2025-07-14T20:38:28.765050,317241121
치킨,2024-06,2024년 6월,"음식, 치킨, 닭, 닭요리, 치킨튀김, 사진,이미지,일러스트,캘리그라피 - 더담작가 크라우드픽 - 저작권 걱정 없는 상업용 이미지",https://cdn.crowdpic.net/detail-thumb/thumb_d_69EB125D6F491EABD2199631C5499867.jpeg,https://search.pstatic.net/sunny/?type=b150&src=https://cdn.crowdpic.net/detail-thumb/thumb_d_69EB125D6F491EABD2199631C5499867.jpeg,46,image_sim,2025-07-14T20:38:28.765050,317241121
치킨,2024-06,2024.06,"맛있는 일러스트 치킨 옐로우 찐, 음식, 치킨, 노란색 조림 치킨 PNG 일러스트 및 PSD 이미지 무료 다운로드 - Pngtree",https://png.pngtree.com/png-clipart/20210129/ourlarge/pngtree-delicious-chicken-yellow-braised-chicken-png-image_2818478.jpg,https://search.pstatic.net/sunny/?type=b150&src=https://png.pngtree.com/png-clipart/20210129/ourlarge/pngtree-delicious-chicken-yellow-braised-chicken-png-image_2818478.jpg,46,image_sim,2025-07-14T20:38:29.337813,317241121
치킨,2024-06,2024.06,"치킨 비리야니, 치켄 음식, 음식 치킨, 닭 PNG 일러스트 및 PSD 이미지 무료 다운로드 - Pngtree",https://png.pngtree.com/png-clipart/20230408/ourlarge/pngtree-chicken-biryani-png-image_6679740.png,https://search.pstatic.net/sunny/?type=b150&src=https://png.pngtree.com/png-clipart/20230408/ourlarge/pngtree-chicken-biryani-png-image_6679740.png,46,image_sim,2025-07-14T20:38:29.337813,317241121
치킨,2024-06,2024.06,치킨 음식 판매 소셜 미디어 게시물 이미지 _사진 450116156 무료 다운로드_lovepik.com 치킨 음식 판매 소셜 미디어 게시물,https://img.lovepik.com/desgin_photo/45011/6156_detail.jpg!wh650,https://search.pstatic.net/sunny/?type=b150&src=https://img.lovepik.com/desgin_photo/45011/6156_detail.jpg!wh650,46,image_sim,2025-07-14T20:38:29.337813,317241121
치킨,2024-06,2024.06,"음식 구이 치킨 그린, 접시, 양식, 파슬리 PNG 일러스트 및 이미지 에 대한 무료 다운로드 - Pngtree",https://png.pngtree.com/png-vector/20230423/ourlarge/pngtree-food-grilled-chicken-green-png-image_6724805.png,https://search.pstatic.net/sunny/?type=b150&src=https://png.pngtree.com/png-vector/20230423/ourlarge/pngtree-food-grilled-chicken-green-png-image_6724805.png,46,image_sim,2025-07-14T20:38:29.337813,317241121
치킨,2024-06,2024.06,"프라이드 치킨 카츠의 그림, 음식 일러스트, 벡터, 음식 PNG 일러스트 및 이미지 에 대한 무료 다운로드 - Pngtree",https://png.pngtree.com/png-vector/20210129/ourlarge/pngtree-illustration-of-fried-chicken-katsu-png-image_2856812.jpg,https://search.pstatic.net/sunny/?type=b150&src=https://png.pngtree.com/png-vector/20210129/ourlarge/pngtree-illustration-of-fried-chicken-katsu-png-image_2856812.jpg,46,image_sim,2025-07-14T20:38:29.337813,317241121
치킨,2024-06,2024.06,"아시아 음식 치킨 사테이 3d 일러스트, 사테, 닭, 아시아 사람 PNG 일러스트 및 이미지 에 대한 무료 다운로드 - Pngtree",https://png.pngtree.com/png-vector/20240128/ourlarge/pngtree-asian-food-chicken-satay-3d-illustration-png-image_11503547.png,https://search.pstatic.net/sunny/?type=b150&src=https://png.pngtree.com/png-vector/20240128/ourlarge/pngtree-asian-food-chicken-satay-3d-illustration-png-image_11503547.png,46,image_sim,2025-07-14T20:38:29.337813,317241121
치킨,2024-06,2024.06,"접시에 한국 프라이드 치킨, 한국 음식, 닭 튀김, 귀여운 식품 PNG 일러스트 및 PSD 이미지 무료 다운로드 - Pngtree",https://png.pngtree.com/png-clipart/20220705/ourlarge/pngtree-korean-fried-chicken-in-plate-png-image_5684239.png,https://search.pstatic.net/sunny/?type=b150&src=https://png.pngtree.com/png-clipart/20220705/ourlarge/pngtree-korean-fried-chicken-in-plate-png-image_5684239.png,46,image_sim,2025-07-14T20:38:29.337813,317241121
치킨,2024-06,24년 6월,"음식, 치킨 라이스, 동남 아시아 음식 4864x3648 - - 816233 - 무료 이미지 - PxHere 무료 이미지 : 아시아 사람, 요리, 식사, 식품, 생기게 하다...",https://c.pxhere.com/photos/ec/ca/chicken_rice_food_asian_chicken_cuisine_sauce_chilli-589950.jpg!s2,https://search.pstatic.net/sunny/?type=b150&src=https://c.pxhere.com/photos/ec/ca/chicken_rice_food_asian_chicken_cuisine_sauce_chilli-589950.jpg!s2,46,image_sim,2025-07-14T20:38:29.930607,317241121
치킨,2024-06,24년 6월,"무료 이미지 : 요리, 식품, 생기게 하다, 아침 식사, 먹다, 패스트... 튀긴 음식, 닭 손가락, 치킨 너겟, 앤잭 비스킷, 맥도널드 치킨...",https://c.pxhere.com/photos/ab/40/food_eat_diet_burger_king_chicken_tenders-1387017.jpg!d,https://search.pstatic.net/sunny/?type=b150&src=https://c.pxhere.com/photos/ab/40/food_eat_diet_burger_king_chicken_tenders-1387017.jpg!d,46,image_sim,2025-07-14T20:38:29.930607,317241121
치킨,2024-06,24년 6월,"사테 일러스트레이션, 사테, 치킨 사테, 음식 삽화 PNG 일러스트 및 PSD 이미지 무료 다운로드 - Pngtree",https://png.pngtree.com/png-clipart/20230513/ourlarge/pngtree-satay-illustration-png-image_7097115.png,https://search.pstatic.net/sunny/?type=b150&src=https://png.pngtree.com/png-clipart/20230513/ourlarge/pngtree-satay-illustration-png-image_7097115.png,46,image_sim,2025-07-14T20:38:29.930607,317241121
치킨,2024-06,24년 6월,"치킨 퍼프 페이스트리, 퍼프 페이스트리, 음식 삽화, 음식 PNG 일러스트 및 PSD 이미지 무료 다운로드 - Pngtree",https://png.pngtree.com/png-clipart/20230407/ourlarge/pngtree-chicken-puff-pastry-png-image_6686271.png,https://search.pstatic.net/sunny/?type=b150&src=https://png.pngtree.com/png-clipart/20230407/ourlarge/pngtree-chicken-puff-pastry-png-image_6686271.png,46,image_sim,2025-07-14T20:38:29.930607,317241121
치킨,2024-06,24년 6월,"무료 이미지 : 요리, 식품, 생기게 하다, 야채, 치킨, 파스타, 치즈, 버섯, 올리브유, 채식주의 자 음식, 완두콩, 양파, 이탈리아 음식...",https://c.pxhere.com/photos/ed/c4/pasta_peas_chicken_onions_olive_oil_mushrooms_cuisine_cheese-747108.jpg!d,https://search.pstatic.net/sunny/?type=b150&src=https://c.pxhere.com/photos/ed/c4/pasta_peas_chicken_onions_olive_oil_mushrooms_cuisine_cheese-747108.jpg!d,46,image_sim,2025-07-14T20:38:29.946415,317241121
치킨,2024-06,24년 6월,"땅콩 소스를 곁들인 치킨 일러스트 사테, 태국 음식, 사테이, 음식 PNG 일러스트 및 PSD 이미지 무료 다운로드 - Pngtree",https://png.pngtree.com/png-clipart/20210621/ourlarge/pngtree-chicken-satay-with-peanut-sauce-png-image_3484200.jpg,https://search.pstatic.net/sunny/?type=b150&src=https://png.pngtree.com/png-clipart/20210621/ourlarge/pngtree-chicken-satay-with-peanut-sauce-png-image_3484200.jpg,46,image_sim,2025-07-14T20:38:29.946415,317241121
치킨,2024-06,24년 6월,"달콤한 치즈 게프렉 치킨, 닭, 음식, 바삭바삭 PNG 일러스트 및 PSD 이미지 무료 다운로드 - Pngtree",https://png.pngtree.com/png-clipart/20230212/ourlarge/pngtree-sweet-cheese-geprek-chicken-png-image_6594167.png,https://search.pstatic.net/sunny/?type=b150&src=https://png.pngtree.com/png-clipart/20230212/ourlarge/pngtree-sweet-cheese-geprek-chicken-png-image_6594167.png,46,image_sim,2025-07-14T20:38:29.946415,317241121
치킨,2024-06,24년 6월,"무료 이미지 : 레스토랑, 요리, 식사, 식품, 봄, 생기게 하다, 건강한, 점심, 치킨, 라임, 아시아 음식, 야채, 공식 만찬, 위로, 옥수수...",https://c.pxhere.com/photos/af/81/spring_vegetables_comfort_india_indian_indian_food_chicken_lime-598520.jpg!d,https://search.pstatic.net/sunny/?type=b150&src=https://c.pxhere.com/photos/af/81/spring_vegetables_comfort_india_indian_indian_food_chicken_lime-598520.jpg!d,46,image_sim,2025-07-14T20:38:29.946415,317241121
치킨,2024-06,24년 6월,"치킨 프라이, 치킨 프라이, 튀김, 음식 PNG 일러스트 및 이미지 에 대한 무료 다운로드 - Pngtree",https://png.pngtree.com/png-vector/20241002/ourlarge/pngtree-chicken-fry-png-image_13802591.png,https://search.pstatic.net/sunny/?type=b150&src=https://png.pngtree.com/png-vector/20241002/ourlarge/pngtree-chicken-fry-png-image_13802591.png,46,image_sim,2025-07-14T20:38:29.946415,317241121
치킨,2024-06,24년 6월,"하프 일러스트 치킨 피자, 피자, 음식, 먹다 PNG 일러스트 및 PSD 이미지 무료 다운로드 - Pngtree",https://png.pngtree.com/png-clipart/20201226/ourlarge/pngtree-half-chicken-pizza-png-image_2642287.jpg,https://search.pstatic.net/sunny/?type=b150&src=https://png.pngtree.com/png-clipart/20201226/ourlarge/pngtree-half-chicken-pizza-png-image_2642287.jpg,46,image_sim,2025-07-14T20:38:29.946415,317241121
치킨,2024-06,24년 6월,"치킨 일러스트 카츠 삽화 다운로드, 초밥 만화, 디지털 화상, 음식 그림 PNG 일러스트 및 PSD 이미지 무료 다운로드 - Pngtree",https://png.pngtree.com/png-clipart/20210623/ourlarge/pngtree-download-chicken-katsu-illustrations-png-image_3490346.jpg,https://search.pstatic.net/sunny/?type=b150&src=https://png.pngtree.com/png-clipart/20210623/ourlarge/pngtree-download-chicken-katsu-illustrations-png-image_3490346.jpg,46,image_sim,2025-07-14T20:38:29.946415,317241121
치킨,2024-06,24년 6월,"침을 흘리다, 치킨, 행복, 음식을 먹는 사람 PNG 일러스트 및 PSD 이미지 무료 다운로드 - Pngtree",https://png.pngtree.com/element_our/20190531/ourlarge/pngtree-eat-drooling-roast-chicken-happy-image_1311657.jpg,https://search.pstatic.net/sunny/?type=b150&src=https://png.pngtree.com/element_our/20190531/ourlarge/pngtree-eat-drooling-roast-chicken-happy-image_1311657.jpg,46,image_sim,2025-07-14T20:38:29.946415,317241121
치킨,2024-06,24년 6월,"무료 이미지 : 레스토랑, 식사, 식품, 조리, 성분, 요리의, 해물, 물고기, 치킨, 가금류, 아시아 음식, 영양물 섭취, 맛좋은, 굽는 데...",https://c.pxhere.com/photos/75/74/chicken_food_poultry_grilled_meat_meal_cuisine_cooking-1333039.jpg!d,https://search.pstatic.net/sunny/?type=b150&src=https://c.pxhere.com/photos/75/74/chicken_food_poultry_grilled_meat_meal_cuisine_cooking-1333039.jpg!d,46,image_sim,2025-07-14T20:38:29.946415,317241121
치킨,2024-06,24년 6월,"추수 일러스트 감사절 칠면조 로스트 치킨, 추수 감사절, 음식, 터키 PNG 일러스트 및 PSD 이미지 무료 다운로드 - Pngtree",https://png.pngtree.com/png-clipart/20210129/ourlarge/pngtree-thanksgiving-turkey-roast-chicken-png-image_2823667.jpg,https://search.pstatic.net/sunny/?type=b150&src=https://png.pngtree.com/png-clipart/20210129/ourlarge/pngtree-thanksgiving-turkey-roast-chicken-png-image_2823667.jpg,46,image_sim,2025-07-14T20:38:29.946415,317241121
치킨,2024-06,24년 6월,"아시아 음식 치킨 카츠 3d 일러스트, 고기, 아시아 사람, 식사 PNG 일러스트 및 이미지 에 대한 무료 다운로드 - Pngtree",https://png.pngtree.com/png-vector/20240128/ourlarge/pngtree-asian-food-chicken-katsu-3d-illustration-png-image_11503416.png,https://search.pstatic.net/sunny/?type=b150&src=https://png.pngtree.com/png-vector/20240128/ourlarge/pngtree-asian-food-chicken-katsu-3d-illustration-png-image_11503416.png,46,image_sim,2025-07-14T20:38:29.946415,317241121
치킨,2024-06,24년 6월,"추수 감사절 미식가 치킨, 음식, 레몬, 노란색 PNG 일러스트 및 이미지 에 대한 무료 다운로드 - Pngtree",https://png.pngtree.com/png-vector/20230430/ourlarge/pngtree-thanksgiving-gourmet-chicken-png-image_6743844.png,https://search.pstatic.net/sunny/?type=b150&src=https://png.pngtree.com/png-vector/20230430/ourlarge/pngtree-thanksgiving-gourmet-chicken-png-image_6743844.png,46,image_sim,2025-07-14T20:38:29.946415,317241121
치킨,2024-06,24년 6월,"전통 양념 프라이드 치킨 사진, 전통 음식, 패스트 푸드, 닭 튀김 PNG 일러스트 및 이미지 에 대한 무료 다운로드 - Pngtree",https://png.pngtree.com/png-vector/20240512/ourlarge/pngtree-traditional-spiced-fried-chicken-photo-png-image_12440219.png,https://search.pstatic.net/sunny/?type=b150&src=https://png.pngtree.com/png-vector/20240512/ourlarge/pngtree-traditional-spiced-fried-chicken-photo-png-image_12440219.png,46,image_sim,2025-07-14T20:38:29.946415,317241121
치킨,2024-06,24년 6월,"바구니에 프라이드 치킨, 닭 튀김, 귀여운 식품, 음식 PNG 일러스트 및 PSD 이미지 무료 다운로드 - Pngtree",https://png.pngtree.com/png-clipart/20220705/ourlarge/pngtree-fried-chicken-in-basket-png-image_5684244.png,https://search.pstatic.net/sunny/?type=b150&src=https://png.pngtree.com/png-clipart/20220705/ourlarge/pngtree-fried-chicken-in-basket-png-image_5684244.png,46,image_sim,2025-07-14T20:38:29.946415,317241121
치킨,2024-06,24년 6월,"높은 칼로리 프라이드 치킨, 도마, 닭 튀김, 음식 PNG 일러스트 및 이미지 에 대한 무료 다운로드 - Pngtree",https://png.pngtree.com/png-vector/20210415/ourlarge/pngtree-high-calorie-fried-chicken-png-image_3225435.png,https://search.pstatic.net/sunny/?type=b150&src=https://png.pngtree.com/png-vector/20210415/ourlarge/pngtree-high-calorie-fried-chicken-png-image_3225435.png,46,image_sim,2025-07-14T20:38:29.946415,317241121
치킨,2025-06,2025.06,"맛있는 일러스트 치킨 옐로우 찐, 음식, 치킨, 노란색 조림 치킨 PNG 일러스트 및 PSD 이미지 무료 다운로드 - Pngtree",https://png.pngtree.com/png-clipart/20210129/ourlarge/pngtree-delicious-chicken-yellow-braised-chicken-png-image_2818478.jpg,https://search.pstatic.net/sunny/?type=b150&src=https://png.pngtree.com/png-clipart/20210129/ourlarge/pngtree-delicious-chicken-yellow-braised-chicken-png-image_2818478.jpg,46,image_sim,2025-07-14T20:38:33.522316,317241121
치킨,2025-06,2025.06,"치킨 비리야니, 치켄 음식, 음식 치킨, 닭 PNG 일러스트 및 PSD 이미지 무료 다운로드 - Pngtree",https://png.pngtree.com/png-clipart/20230408/ourlarge/pngtree-chicken-biryani-png-image_6679740.png,https://search.pstatic.net/sunny/?type=b150&src=https://png.pngtree.com/png-clipart/20230408/ourlarge/pngtree-chicken-biryani-png-image_6679740.png,46,image_sim,2025-07-14T20:38:33.522316,317241121
치킨,2025-06,2025.06,"음식 구이 치킨 그린, 접시, 양식, 파슬리 PNG 일러스트 및 이미지 에 대한 무료 다운로드 - Pngtree",https://png.pngtree.com/png-vector/20230423/ourlarge/pngtree-food-grilled-chicken-green-png-image_6724805.png,https://search.pstatic.net/sunny/?type=b150&src=https://png.pngtree.com/png-vector/20230423/ourlarge/pngtree-food-grilled-chicken-green-png-image_6724805.png,46,image_sim,2025-07-14T20:38:33.522316,317241121
치킨,2025-06,2025.06,"치킨 일러스트 카츠 삽화 다운로드, 초밥 만화, 디지털 화상, 음식 그림 PNG 일러스트 및 PSD 이미지 무료 다운로드 - Pngtree",https://png.pngtree.com/png-clipart/20210623/ourlarge/pngtree-download-chicken-katsu-illustrations-png-image_3490346.jpg,https://search.pstatic.net/sunny/?type=b150&src=https://png.pngtree.com/png-clipart/20210623/ourlarge/pngtree-download-chicken-katsu-illustrations-png-image_3490346.jpg,46,image_sim,2025-07-14T20:38:33.522316,317241121
치킨,2025-06,2025.06,"프라이드 치킨 카츠의 그림, 음식 일러스트, 벡터, 음식 PNG 일러스트 및 이미지 에 대한 무료 다운로드 - Pngtree",https://png.pngtree.com/png-vector/20210129/ourlarge/pngtree-illustration-of-fried-chicken-katsu-png-image_2856812.jpg,https://search.pstatic.net/sunny/?type=b150&src=https://png.pngtree.com/png-vector/20210129/ourlarge/pngtree-illustration-of-fried-chicken-katsu-png-image_2856812.jpg,46,image_sim,2025-07-14T20:38:33.522316,317241121
치킨,2025-06,2025.06,"치킨 퍼프 페이스트리, 퍼프 페이스트리, 음식 삽화, 음식 PNG 일러스트 및 PSD 이미지 무료 다운로드 - Pngtree",https://png.pngtree.com/png-clipart/20230407/ourlarge/pngtree-chicken-puff-pastry-png-image_6686271.png,https://search.pstatic.net/sunny/?type=b150&src=https://png.pngtree.com/png-clipart/20230407/ourlarge/pngtree-chicken-puff-pastry-png-image_6686271.png,46,image_sim,2025-07-14T20:38:33.526927,317241121
치킨,2025-06,2025.06,"치킨 프라이, 치킨 프라이, 튀김, 음식 PNG 일러스트 및 이미지 에 대한 무료 다운로드 - Pngtree",https://png.pngtree.com/png-vector/20241002/ourlarge/pngtree-chicken-fry-png-image_13802591.png,https://search.pstatic.net/sunny/?type=b150&src=https://png.pngtree.com/png-vector/20241002/ourlarge/pngtree-chicken-fry-png-image_13802591.png,46,image_sim,2025-07-14T20:38:33.526927,317241121
치킨,2025-06,2025.06,"사테 일러스트레이션, 사테, 치킨 사테, 음식 삽화 PNG 일러스트 및 PSD 이미지 무료 다운로드 - Pngtree",https://png.pngtree.com/png-clipart/20230513/ourlarge/pngtree-satay-illustration-png-image_7097115.png,https://search.pstatic.net/sunny/?type=b150&src=https://png.pngtree.com/png-clipart/20230513/ourlarge/pngtree-satay-illustration-png-image_7097115.png,46,image_sim,2025-07-14T20:38:33.526927,317241121
치킨,2025-06,2025.06,"접시에 한국 프라이드 치킨, 한국 음식, 닭 튀김, 귀여운 식품 PNG 일러스트 및 PSD 이미지 무료 다운로드 - Pngtree",https://png.pngtree.com/png-clipart/20220705/ourlarge/pngtree-korean-fried-chicken-in-plate-png-image_5684239.png,https://search.pstatic.net/sunny/?type=b150&src=https://png.pngtree.com/png-clipart/20220705/ourlarge/pngtree-korean-fried-chicken-in-plate-png-image_5684239.png,46,image_sim,2025-07-14T20:38:33.526927,317241121
치킨,2025-06,2025.06,"케이터링 만화 치킨 이미지, 동물, 애니멀, 음식 PNG, 일러스트 및 벡터 에 대한 무료 다운로드 - Pngtree",https://png.pngtree.com/png-clipart/20230110/original/pngtree-catering-cartoon-chicken-image-png-image_8899560.png,https://search.pstatic.net/sunny/?type=b150&src=https://png.pngtree.com/png-clipart/20230110/original/pngtree-catering-cartoon-chicken-image-png-image_8899560.png,46,image_sim,2025-07-14T20:38:33.526927,317241121
치킨,2025-06,2025.06,"달콤한 치즈 게프렉 치킨, 닭, 음식, 바삭바삭 PNG 일러스트 및 PSD 이미지 무료 다운로드 - Pngtree",https://png.pngtree.com/png-clipart/20230212/ourlarge/pngtree-sweet-cheese-geprek-chicken-png-image_6594167.png,https://search.pstatic.net/sunny/?type=b150&src=https://png.pngtree.com/png-clipart/20230212/ourlarge/pngtree-sweet-cheese-geprek-chicken-png-image_6594167.png,46,image_sim,2025-07-14T20:38:33.526927,317241121
치킨,2025-06,2025.06,"아시아 음식 치킨 카츠 3d 일러스트, 고기, 아시아 사람, 식사 PNG 일러스트 및 이미지 에 대한 무료 다운로드 - Pngtree",https://png.pngtree.com/png-vector/20240128/ourlarge/pngtree-asian-food-chicken-katsu-3d-illustration-png-image_11503416.png,https://search.pstatic.net/sunny/?type=b150&src=https://png.pngtree.com/png-vector/20240128/ourlarge/pngtree-asian-food-chicken-katsu-3d-illustration-png-image_11503416.png,46,image_sim,2025-07-14T20:38:33.526927,317241121
치킨,2025-06,2025.06,"바구니에 프라이드 치킨, 닭 튀김, 귀여운 식품, 음식 PNG 일러스트 및 PSD 이미지 무료 다운로드 - Pngtree",https://png.pngtree.com/png-clipart/20220705/ourlarge/pngtree-fried-chicken-in-basket-png-image_5684244.png,https://search.pstatic.net/sunny/?type=b150&src=https://png.pngtree.com/png-clipart/20220705/ourlarge/pngtree-fried-chicken-in-basket-png-image_5684244.png,46,image_sim,2025-07-14T20:38:33.526927,317241121
치킨,2025-06,2025.06,"추수 감사절 미식가 치킨, 음식, 레몬, 노란색 PNG 일러스트 및 이미지 에 대한 무료 다운로드 - Pngtree",https://png.pngtree.com/png-vector/20230430/ourlarge/pngtree-thanksgiving-gourmet-chicken-png-image_6743844.png,https://search.pstatic.net/sunny/?type=b150&src=https://png.pngtree.com/png-vector/20230430/ourlarge/pngtree-thanksgiving-gourmet-chicken-png-image_6743844.png,46,image_sim,2025-07-14T20:38:33.526927,317241121
치킨,2025-06,2025.06,"투명 한 배경에 후 라 이드 치킨 닭 일러스트 꼬치, 닭 튀김, 슈니첼, 음식 PNG 일러스트 및 PSD 이미지 무료 다운로드 - Pngtree",https://png.pngtree.com/png-clipart/20190911/ourlarge/pngtree-fried-chicken-schnitzel-on-transparent-background-png-image_1729905.jpg,https://search.pstatic.net/sunny/?type=b150&src=https://png.pngtree.com/png-clipart/20190911/ourlarge/pngtree-fried-chicken-schnitzel-on-transparent-background-png-image_1729905.jpg,46,image_sim,2025-07-14T20:38:33.526927,317241121
치킨,2025-06,2025.06,"프라이드 치킨 다리, 음식, 튀긴 음식, 삽화 PNG 일러스트 및 PSD 이미지 무료 다운로드 - Pngtree",https://png.pngtree.com/png-clipart/20230321/original/pngtree-fried-chicken-leg-png-image_8998100.png,https://search.pstatic.net/sunny/?type=b150&src=https://png.pngtree.com/png-clipart/20230321/original/pngtree-fried-chicken-leg-png-image_8998100.png,46,image_sim,2025-07-14T20:38:33.528936,317241121
치킨,2025-06,2025.06,"전통 양념 프라이드 치킨 사진, 전통 음식, 패스트 푸드, 닭 튀김 PNG 일러스트 및 이미지 에 대한 무료 다운로드 - Pngtree",https://png.pngtree.com/png-vector/20240512/ourlarge/pngtree-traditional-spiced-fried-chicken-photo-png-image_12440219.png,https://search.pstatic.net/sunny/?type=b150&src=https://png.pngtree.com/png-vector/20240512/ourlarge/pngtree-traditional-spiced-fried-chicken-photo-png-image_12440219.png,46,image_sim,2025-07-14T20:38:33.528936,317241121
치킨,2025-06,2025.06,"추석 로스트 치킨 옐로우, 미식가 음식, 음식, 녹색 PNG 일러스트 및 이미지 에 대한 무료 다운로드 - Pngtree",https://png.pngtree.com/png-clipart/20230506/original/pngtree-thanksgiving-roast-chicken-yellow-png-image_9142617.png,https://search.pstatic.net/sunny/?type=b150&src=https://png.pngtree.com/png-clipart/20230506/original/pngtree-thanksgiving-roast-chicken-yellow-png-image_9142617.png,46,image_sim,2025-07-14T20:38:33.528936,317241121
치킨,2025-06,2025.06,"구운 치킨, 치킨, 음식, 큰 식사 PNG 일러스트 및 이미지 에 대한 무료 다운로드 - Pngtree",https://png.pngtree.com/png-clipart/20220125/original/pngtree-roast-chicken-png-image_7201885.png,https://search.pstatic.net/sunny/?type=b150&src=https://png.pngtree.com/png-clipart/20220125/original/pngtree-roast-chicken-png-image_7201885.png,46,image_sim,2025-07-14T20:38:33.528936,317241121
치킨,2025-06,2025.06,"버터 치킨 할랄 음식, 버터, 닭, 음식 PNG 일러스트 및 이미지 에 대한 무료 다운로드 - Pngtree",https://png.pngtree.com/png-vector/20240206/ourlarge/pngtree-butter-chicken-halal-food-png-image_11665741.png,https://search.pstatic.net/sunny/?type=b150&src=https://png.pngtree.com/png-vector/20240206/ourlarge/pngtree-butter-chicken-halal-food-png-image_11665741.png,46,image_sim,2025-07-14T20:38:33.528936,317241121
치킨,2025-06,2025.06,"버터 치킨 할랄 음식, 버터, 닭, 음식 PNG 일러스트 및 이미지 에 대한 무료 다운로드 - Pngtree",https://png.pngtree.com/png-vector/20231019/ourlarge/pngtree-butter-chicken-halal-food-png-image_10211515.png,https://search.pstatic.net/sunny/?type=b150&src=https://png.pngtree.com/png-vector/20231019/ourlarge/pngtree-butter-chicken-halal-food-png-image_10211515.png,46,image_sim,2025-07-14T20:38:33.528936,317241121
치킨,2025-06,2025.06,"음식 프라이드 치킨, 음식, 먹거리, 식품 PNG 일러스트 및 이미지 에 대한 무료 다운로드 - Pngtree",https://png.pngtree.com/png-clipart/20221226/original/pngtree-food-fried-chicken-png-image_8809997.png,https://search.pstatic.net/sunny/?type=b150&src=https://png.pngtree.com/png-clipart/20221226/original/pngtree-food-fried-chicken-png-image_8809997.png,46,image_sim,2025-07-14T20:38:33.528936,317241121
치킨,2025-06,2025.06,"하프 일러스트 치킨 피자, 피자, 음식, 먹다 PNG 일러스트 및 PSD 이미지 무료 다운로드 - Pngtree",https://png.pngtree.com/png-clipart/20201226/ourlarge/pngtree-half-chicken-pizza-png-image_2642287.jpg,https://search.pstatic.net/sunny/?type=b150&src=https://png.pngtree.com/png-clipart/20201226/ourlarge/pngtree-half-chicken-pizza-png-image_2642287.jpg,46,image_sim,2025-07-14T20:38:33.530945,317241121
치킨,2025-06,25년 6월,"음식, 치킨 라이스, 동남 아시아 음식 4864x3648 - - 816233 - 무료 이미지 - PxHere 무료 이미지 : 아시아 사람, 요리, 식사, 식품, 생기게 하다...",https://c.pxhere.com/photos/ec/ca/chicken_rice_food_asian_chicken_cuisine_sauce_chilli-589950.jpg!s2,https://search.pstatic.net/sunny/?type=b150&src=https://c.pxhere.com/photos/ec/ca/chicken_rice_food_asian_chicken_cuisine_sauce_chilli-589950.jpg!s2,46,image_sim,2025-07-14T20:38:34.177345,317241121
치킨,2025-06,25년 6월,"무료 이미지 : 요리, 식품, 생기게 하다, 아침 식사, 먹다, 패스트... 튀긴 음식, 닭 손가락, 치킨 너겟, 앤잭 비스킷, 맥도널드 치킨...",https://c.pxhere.com/photos/ab/40/food_eat_diet_burger_king_chicken_tenders-1387017.jpg!d,https://search.pstatic.net/sunny/?type=b150&src=https://c.pxhere.com/photos/ab/40/food_eat_diet_burger_king_chicken_tenders-1387017.jpg!d,46,image_sim,2025-07-14T20:38:34.177345,317241121
치킨,2025-06,25년 6월,"무료 이미지 : 요리, 식품, 생기게 하다, 야채, 치킨, 파스타, 치즈, 버섯, 올리브유, 채식주의 자 음식, 완두콩, 양파, 이탈리아 음식...",https://c.pxhere.com/photos/ed/c4/pasta_peas_chicken_onions_olive_oil_mushrooms_cuisine_cheese-747108.jpg!d,https://search.pstatic.net/sunny/?type=b150&src=https://c.pxhere.com/photos/ed/c4/pasta_peas_chicken_onions_olive_oil_mushrooms_cuisine_cheese-747108.jpg!d,46,image_sim,2025-07-14T20:38:34.177345,317241121
치킨,2025-06,25년 6월,"땅콩 소스를 곁들인 치킨 일러스트 사테, 태국 음식, 사테이, 음식 PNG 일러스트 및 PSD 이미지 무료 다운로드 - Pngtree",https://png.pngtree.com/png-clipart/20210621/ourlarge/pngtree-chicken-satay-with-peanut-sauce-png-image_3484200.jpg,https://search.pstatic.net/sunny/?type=b150&src=https://png.pngtree.com/png-clipart/20210621/ourlarge/pngtree-chicken-satay-with-peanut-sauce-png-image_3484200.jpg,46,image_sim,2025-07-14T20:38:34.177345,317241121
치킨,2025-06,25년 6월,"무료 이미지 : 레스토랑, 요리, 식사, 식품, 봄, 생기게 하다, 건강한, 점심, 치킨, 라임, 아시아 음식, 야채, 공식 만찬, 위로, 옥수수...",https://c.pxhere.com/photos/af/81/spring_vegetables_comfort_india_indian_indian_food_chicken_lime-598520.jpg!d,https://search.pstatic.net/sunny/?type=b150&src=https://c.pxhere.com/photos/af/81/spring_vegetables_comfort_india_indian_indian_food_chicken_lime-598520.jpg!d,46,image_sim,2025-07-14T20:38:34.177345,317241121
치킨,2025-06,25년 6월,"버터 치킨 할랄 음식, 버터, 닭, 음식 PNG 일러스트 및 이미지 에 대한 무료 다운로드 - Pngtree",https://png.pngtree.com/png-vector/20231019/ourlarge/pngtree-butter-chicken-halal-food-png-image_10211517.png,https://search.pstatic.net/sunny/?type=b150&src=https://png.pngtree.com/png-vector/20231019/ourlarge/pngtree-butter-chicken-halal-food-png-image_10211517.png,46,image_sim,2025-07-14T20:38:34.177345,317241121
치킨,2025-06,25년 6월,"침을 흘리다, 치킨, 행복, 음식을 먹는 사람 PNG 일러스트 및 PSD 이미지 무료 다운로드 - Pngtree",https://png.pngtree.com/element_our/20190531/ourlarge/pngtree-eat-drooling-roast-chicken-happy-image_1311657.jpg,https://search.pstatic.net/sunny/?type=b150&src=https://png.pngtree.com/element_our/20190531/ourlarge/pngtree-eat-drooling-roast-chicken-happy-image_1311657.jpg,46,image_sim,2025-07-14T20:38:34.177345,317241121
치킨,2025-06,25년 6월,"무료 이미지 : 레스토랑, 식사, 식품, 조리, 성분, 요리의, 해물, 물고기, 치킨, 가금류, 아시아 음식, 영양물 섭취, 맛좋은, 굽는 데...",https://c.pxhere.com/photos/75/74/chicken_food_poultry_grilled_meat_meal_cuisine_cooking-1333039.jpg!d,https://search.pstatic.net/sunny/?type=b150&src=https://c.pxhere.com/photos/75/74/chicken_food_poultry_grilled_meat_meal_cuisine_cooking-1333039.jpg!d,46,image_sim,2025-07-14T20:38:34.177345,317241121
치킨,2025-06,25년 6월,"추수 일러스트 감사절 칠면조 로스트 치킨, 추수 감사절, 음식, 터키 PNG 일러스트 및 PSD 이미지 무료 다운로드 - Pngtree",https://png.pngtree.com/png-clipart/20210129/ourlarge/pngtree-thanksgiving-turkey-roast-chicken-png-image_2823667.jpg,https://search.pstatic.net/sunny/?type=b150&src=https://png.pngtree.com/png-clipart/20210129/ourlarge/pngtree-thanksgiving-turkey-roast-chicken-png-image_2823667.jpg,46,image_sim,2025-07-14T20:38:34.177345,317241121
치킨,2025-06,25년 6월,"아시아 음식 치킨 사테이 3d 일러스트, 사테, 닭, 아시아 사람 PNG 일러스트 및 이미지 에 대한 무료 다운로드 - Pngtree",https://png.pngtree.com/png-vector/20240128/ourlarge/pngtree-asian-food-chicken-satay-3d-illustration-png-image_11503547.png,https://search.pstatic.net/sunny/?type=b150&src=https://png.pngtree.com/png-vector/20240128/ourlarge/pngtree-asian-food-chicken-satay-3d-illustration-png-image_11503547.png,46,image_sim,2025-07-14T20:38:34.177345,317241121
치킨,2025-06,25년 6월,"높은 칼로리 프라이드 치킨, 도마, 닭 튀김, 음식 PNG 일러스트 및 이미지 에 대한 무료 다운로드 - Pngtree",https://png.pngtree.com/png-vector/20210415/ourlarge/pngtree-high-calorie-fried-chicken-png-image_3225435.png,https://search.pstatic.net/sunny/?type=b150&src=https://png.pngtree.com/png-vector/20210415/ourlarge/pngtree-high-calorie-fried-chicken-png-image_3225435.png,46,image_sim,2025-07-14T20:38:34.177345,317241121
라면,2024-06,2024년 6월,"라면, 한국음식, 식사, 음식, 한국라면, 사진,이미지,일러스트,캘리그라피 - jnh6464작가 크라우드픽 - 저작권 걱정 없는 상업용 이미지",https://cdn.crowdpic.net/detail-thumb/thumb_d_C6A882B0FE5C2ACED645C66EF69C4218.jpg,https://search.pstatic.net/sunny/?type=b150&src=https://cdn.crowdpic.net/detail-thumb/thumb_d_C6A882B0FE5C2ACED645C66EF69C4218.jpg,46,image_sim,2025-07-14T20:38:36.301919,20473562
라면,2024-06,2024년 6월,"라면, 음식, 식품, 면, 매운라면, 사진,이미지,일러스트,캘리그라피 - 반월작가 크라우드픽 - 저작권 걱정 없는 상업용 이미지",https://cdn.crowdpic.net/detail-thumb/thumb_d_F4C2F1696269DAD77D1ABF84FD88221E.jpg,https://search.pstatic.net/sunny/?type=b150&src=https://cdn.crowdpic.net/detail-thumb/thumb_d_F4C2F1696269DAD77D1ABF84FD88221E.jpg,46,image_sim,2025-07-14T20:38:36.301919,20473562
라면,2024-06,2024년 6월,"라면, 음식, 푸드, 냄비라면, 간편식, 사진,이미지,일러스트,캘리그라피 - itsdodam작가 크라우드픽 - 저작권 걱정 없는 상업용 이미지",https://cdn.crowdpic.net/detail-thumb/thumb_d_6014BD92B1BA46AE2AD962E8AF74C127.png,https://search.pstatic.net/sunny/?type=b150&src=https://cdn.crowdpic.net/detail-thumb/thumb_d_6014BD92B1BA46AE2AD962E8AF74C127.png,46,image_sim,2025-07-14T20:38:36.303933,20473562
라면,2024-06,2024년 6월,"음식, 라면, 얼큰, 얼큰라면, 빨강, 사진,이미지,일러스트,캘리그라피 - YoungK작가 크라우드픽 - 저작권 걱정 없는 상업용 이미지",https://cdn.crowdpic.net/detail-thumb/thumb_d_ABB3164D6D897CA366E6B4DC07C44DF1.jpeg,https://search.pstatic.net/sunny/?type=b150&src=https://cdn.crowdpic.net/detail-thumb/thumb_d_ABB3164D6D897CA366E6B4DC07C44DF1.jpeg,46,image_sim,2025-07-14T20:38:36.303933,20473562
라면,2024-06,2024년 6월,"라면, 생라면, 음식, 조리식품, 인스턴트식품, 사진,이미지,일러스트,캘리그라피 - 별의뜨락작가 크라우드픽 - 저작권 걱정 없는 상업용 이미지",https://cdn.crowdpic.net/detail-thumb/thumb_d_E9ABEF8DD35103B4C64144B74C231B71.png,https://search.pstatic.net/sunny/?type=b150&src=https://cdn.crowdpic.net/detail-thumb/thumb_d_E9ABEF8DD35103B4C64144B74C231B71.png,46,image_sim,2025-07-14T20:38:36.303933,20473562
라면,2024-06,2024년 6월,"음식, 라면, 치즈라면, 떡라면, 면요리, 사진,이미지,일러스트,캘리그라피 - woong92작가 크라우드픽 - 저작권 걱정 없는 상업용 이미지",https://cdn.crowdpic.net/detail-thumb/thumb_d_BA4CA8A07D59CB876EA559037F919F84.jpeg,https://search.pstatic.net/sunny/?type=b150&src=https://cdn.crowdpic.net/detail-thumb/thumb_d_BA4CA8A07D59CB876EA559037F919F84.jpeg,46,image_sim,2025-07-14T20:38:36.303933,20473562
라면,2024-06,2024년 6월,"라면, 양은냄비, 계란라면, 캠핑음식, 요리, 사진,이미지,일러스트,캘리그라피 - 브라덜작가 크라우드픽 - 저작권 걱정 없는 상업용 이미지",https://cdn.crowdpic.net/detail-thumb/thumb_d_6E657782F152AF8C3943FC421FB75AF5.jpg,https://search.pstatic.net/sunny/?type=b150&src=https://cdn.crowdpic.net/detail-thumb/thumb_d_6E657782F152AF8C3943FC421FB75AF5.jpg,46,image_sim,2025-07-14T20:38:36.303933,20473562
라면,2024-06,2024년 6월,"해물라면, 라면, 음식, 양은냄비, 꽃게, 사진,이미지,일러스트,캘리그라피 - 무햗작가 크라우드픽 - 저작권 걱정 없는 상업용 이미지",https://cdn.crowdpic.net/detail-thumb/thumb_d_6D0DC31C8E2ACD1BBCF1E403D65BACFF.jpeg,https://search.pstatic.net/sunny/?type=b150&src=https://cdn.crowdpic.net/detail-thumb/thumb_d_6D0DC31C8E2ACD1BBCF1E403D65BACFF.jpeg,46,image_sim,2025-07-14T20:38:36.305940,20473562
라면,2024-06,2024년 6월,"라면, 콩나물, 콩나물라면, 해장, 음식, 사진,이미지,일러스트,캘리그라피 - coool885작가 크라우드픽 - 저작권 걱정 없는 상업용 이미지",https://cdn.crowdpic.net/detail-thumb/thumb_d_A48065AF5BDFB77274942A6F4ABF836D.jpg,https://search.pstatic.net/sunny/?type=b150&src=https://cdn.crowdpic.net/detail-thumb/thumb_d_A48065AF5BDFB77274942A6F4ABF836D.jpg,46,image_sim,2025-07-14T20:38:36.305940,20473562
라면,2024-06,2024년 6월,"음식, 라면, 떡라면, 분식, 분식점, 사진,이미지,일러스트,캘리그라피 - currere작가 크라우드픽 - 저작권 걱정 없는 상업용 이미지",https://cdn.crowdpic.net/detail-thumb/thumb_d_58C25DAC30E2488F6DEE0D19A206DF62.jpg,https://search.pstatic.net/sunny/?type=b150&src=https://cdn.crowdpic.net/detail-thumb/thumb_d_58C25DAC30E2488F6DEE0D19A206DF62.jpg,46,image_sim,2025-07-14T20:38:36.305940,20473562
라면,2024-06,24년 6월,"무료 이미지 : 요리, 누들, 식품, 라미안, 수프, 중국 국수, 성분... 중국 음식, 라면, 메밀 국, 채식주의 자 음식, 칼국수, 쌀국수, s...",https://c.pxhere.com/photos/4b/f7/bowl_chopsticks_close_up_cuisine_delicious_dish_food_healthy-1539307.jpg!d,https://search.pstatic.net/sunny/?type=b150&src=https://c.pxhere.com/photos/4b/f7/bowl_chopsticks_close_up_cuisine_delicious_dish_food_healthy-1539307.jpg!d,46,image_sim,2025-07-14T20:38:37.414805,20473562
라면,2024-06,24년 6월,"국수 음식 일러스트 젓가락 장수 라면, 국수 음식, 젓가락 국수, 장수면 PNG 일러스트 및 PSD 이미지 무료 다운로드 - Pngtree",https://png.pngtree.com/element_our/20190529/ourlarge/pngtree-one-chopstick-noodle-longevity-noodles-image_1225799.jpg,https://search.pstatic.net/sunny/?type=b150&src=https://png.pngtree.com/element_our/20190529/ourlarge/pngtree-one-chopstick-noodle-longevity-noodles-image_1225799.jpg,46,image_sim,2025-07-14T20:38:37.414805,20473562
라면,2024-06,24년 6월,"새우가 들어간 라면 일러스트, 수제 국수, 새우, 음식 PNG 일러스트 및 PSD 이미지 무료 다운로드 - Pngtree",https://png.pngtree.com/png-clipart/20220119/ourlarge/pngtree-ramen-with-shrimp-png-image_4323652.png,https://search.pstatic.net/sunny/?type=b150&src=https://png.pngtree.com/png-clipart/20220119/ourlarge/pngtree-ramen-with-shrimp-png-image_4323652.png,46,image_sim,2025-07-14T20:38:37.414805,20473562
라면,2024-06,24년 6월,"주먹밥 음식 일러스트 아이콘, 식품 스티커, 문어 타코야키, 라면 만화 PNG 일러스트 및 PSD 이미지 무료 다운로드 - Pngtree",https://png.pngtree.com/png-clipart/20210628/ourlarge/pngtree-onigiri-food-icon-png-image_3513352.jpg,https://search.pstatic.net/sunny/?type=b150&src=https://png.pngtree.com/png-clipart/20210628/ourlarge/pngtree-onigiri-food-icon-png-image_3513352.jpg,46,image_sim,2025-07-14T20:38:37.414805,20473562
라면,2025-06,2025.06,"라면, 한국음식, 식사, 음식, 한국라면, 사진,이미지,일러스트,캘리그라피 - jnh6464작가 크라우드픽 - 저작권 걱정 없는 상업용 이미지",https://cdn.crowdpic.net/detail-thumb/thumb_d_C6A882B0FE5C2ACED645C66EF69C4218.jpg,https://search.pstatic.net/sunny/?type=b150&src=https://cdn.crowdpic.net/detail-thumb/thumb_d_C6A882B0FE5C2ACED645C66EF69C4218.jpg,46,image_sim,2025-07-14T20:38:41.113411,20473562
라면,2025-06,2025.06,"라면, 음식, 식품, 면, 매운라면, 사진,이미지,일러스트,캘리그라피 - 반월작가 크라우드픽 - 저작권 걱정 없는 상업용 이미지",https://cdn.crowdpic.net/detail-thumb/thumb_d_F4C2F1696269DAD77D1ABF84FD88221E.jpg,https://search.pstatic.net/sunny/?type=b150&src=https://cdn.crowdpic.net/detail-thumb/thumb_d_F4C2F1696269DAD77D1ABF84FD88221E.jpg,46,image_sim,2025-07-14T20:38:41.113411,20473562
라면,2025-06,2025.06,"라면, 음식, 푸드, 냄비라면, 간편식, 사진,이미지,일러스트,캘리그라피 - itsdodam작가 크라우드픽 - 저작권 걱정 없는 상업용 이미지",https://cdn.crowdpic.net/detail-thumb/thumb_d_6014BD92B1BA46AE2AD962E8AF74C127.png,https://search.pstatic.net/sunny/?type=b150&src=https://cdn.crowdpic.net/detail-thumb/thumb_d_6014BD92B1BA46AE2AD962E8AF74C127.png,46,image_sim,2025-07-14T20:38:41.113411,20473562
라면,2025-06,2025.06,"음식, 라면, 얼큰, 얼큰라면, 빨강, 사진,이미지,일러스트,캘리그라피 - YoungK작가 크라우드픽 - 저작권 걱정 없는 상업용 이미지",https://cdn.crowdpic.net/detail-thumb/thumb_d_ABB3164D6D897CA366E6B4DC07C44DF1.jpeg,https://search.pstatic.net/sunny/?type=b150&src=https://cdn.crowdpic.net/detail-thumb/thumb_d_ABB3164D6D897CA366E6B4DC07C44DF1.jpeg,46,image_sim,2025-07-14T20:38:41.113411,20473562
라면,2025-06,2025.06,"라면, 생라면, 음식, 조리식품, 인스턴트식품, 사진,이미지,일러스트,캘리그라피 - 별의뜨락작가 크라우드픽 - 저작권 걱정 없는 상업용 이미지",https://cdn.crowdpic.net/detail-thumb/thumb_d_E9ABEF8DD35103B4C64144B74C231B71.png,https://search.pstatic.net/sunny/?type=b150&src=https://cdn.crowdpic.net/detail-thumb/thumb_d_E9ABEF8DD35103B4C64144B74C231B71.png,46,image_sim,2025-07-14T20:38:41.113411,20473562
라면,2025-06,2025.06,"음식, 라면, 치즈라면, 떡라면, 면요리, 사진,이미지,일러스트,캘리그라피 - woong92작가 크라우드픽 - 저작권 걱정 없는 상업용 이미지",https://cdn.crowdpic.net/detail-thumb/thumb_d_BA4CA8A07D59CB876EA559037F919F84.jpeg,https://search.pstatic.net/sunny/?type=b150&src=https://cdn.crowdpic.net/detail-thumb/thumb_d_BA4CA8A07D59CB876EA559037F919F84.jpeg,46,image_sim,2025-07-14T20:38:41.113411,20473562
라면,2025-06,2025.06,"라면, 양은냄비, 계란라면, 캠핑음식, 요리, 사진,이미지,일러스트,캘리그라피 - 브라덜작가 크라우드픽 - 저작권 걱정 없는 상업용 이미지",https://cdn.crowdpic.net/detail-thumb/thumb_d_6E657782F152AF8C3943FC421FB75AF5.jpg,https://search.pstatic.net/sunny/?type=b150&src=https://cdn.crowdpic.net/detail-thumb/thumb_d_6E657782F152AF8C3943FC421FB75AF5.jpg,46,image_sim,2025-07-14T20:38:41.113411,20473562
라면,2025-06,2025.06,"해물라면, 라면, 음식, 양은냄비, 꽃게, 사진,이미지,일러스트,캘리그라피 - 무햗작가 크라우드픽 - 저작권 걱정 없는 상업용 이미지",https://cdn.crowdpic.net/detail-thumb/thumb_d_6D0DC31C8E2ACD1BBCF1E403D65BACFF.jpeg,https://search.pstatic.net/sunny/?type=b150&src=https://cdn.crowdpic.net/detail-thumb/thumb_d_6D0DC31C8E2ACD1BBCF1E403D65BACFF.jpeg,46,image_sim,2025-07-14T20:38:41.113411,20473562
라면,2025-06,2025.06,"라면, 콩나물, 콩나물라면, 해장, 음식, 사진,이미지,일러스트,캘리그라피 - coool885작가 크라우드픽 - 저작권 걱정 없는 상업용 이미지",https://cdn.crowdpic.net/detail-thumb/thumb_d_A48065AF5BDFB77274942A6F4ABF836D.jpg,https://search.pstatic.net/sunny/?type=b150&src=https://cdn.crowdpic.net/detail-thumb/thumb_d_A48065AF5BDFB77274942A6F4ABF836D.jpg,46,image_sim,2025-07-14T20:38:41.113411,20473562
라면,2025-06,2025.06,"음식, 라면, 떡라면, 분식, 분식점, 사진,이미지,일러스트,캘리그라피 - currere작가 크라우드픽 - 저작권 걱정 없는 상업용 이미지",https://cdn.crowdpic.net/detail-thumb/thumb_d_58C25DAC30E2488F6DEE0D19A206DF62.jpg,https://search.pstatic.net/sunny/?type=b150&src=https://cdn.crowdpic.net/detail-thumb/thumb_d_58C25DAC30E2488F6DEE0D19A206DF62.jpg,46,image_sim,2025-07-14T20:38:41.113411,20473562
라면,2025-06,25년 6월,"무료 이미지 : 요리, 누들, 식품, 라미안, 수프, 중국 국수, 성분... 중국 음식, 라면, 메밀 국, 채식주의 자 음식, 칼국수, 쌀국수, s...",https://c.pxhere.com/photos/4b/f7/bowl_chopsticks_close_up_cuisine_delicious_dish_food_healthy-1539307.jpg!d,https://search.pstatic.net/sunny/?type=b150&src=https://c.pxhere.com/photos/4b/f7/bowl_chopsticks_close_up_cuisine_delicious_dish_food_healthy-1539307.jpg!d,46,image_sim,2025-07-14T20:38:41.707769,20473562
라면,2025-06,25년 6월,"국수 음식 일러스트 젓가락 장수 라면, 국수 음식, 젓가락 국수, 장수면 PNG 일러스트 및 PSD 이미지 무료 다운로드 - Pngtree",https://png.pngtree.com/element_our/20190529/ourlarge/pngtree-one-chopstick-noodle-longevity-noodles-image_1225799.jpg,https://search.pstatic.net/sunny/?type=b150&src=https://png.pngtree.com/element_our/20190529/ourlarge/pngtree-one-chopstick-noodle-longevity-noodles-image_1225799.jpg,46,image_sim,2025-07-14T20:38:41.707769,20473562
라면,2025-06,25년 6월,"새우가 들어간 라면 일러스트, 수제 국수, 새우, 음식 PNG 일러스트 및 PSD 이미지 무료 다운로드 - Pngtree",https://png.pngtree.com/png-clipart/20220119/ourlarge/pngtree-ramen-with-shrimp-png-image_4323652.png,https://search.pstatic.net/sunny/?type=b150&src=https://png.pngtree.com/png-clipart/20220119/ourlarge/pngtree-ramen-with-shrimp-png-image_4323652.png,46,image_sim,2025-07-14T20:38:41.707769,20473562
라면,2025-06,25년 6월,"주먹밥 음식 일러스트 아이콘, 식품 스티커, 문어 타코야키, 라면 만화 PNG 일러스트 및 PSD 이미지 무료 다운로드 - Pngtree",https://png.pngtree.com/png-clipart/20210628/ourlarge/pngtree-onigiri-food-icon-png-image_3513352.jpg,https://search.pstatic.net/sunny/?type=b150&src=https://png.pngtree.com/png-clipart/20210628/ourlarge/pngtree-onigiri-food-icon-png-image_3513352.jpg,46,image_sim,2025-07-14T20:38:41.707769,20473562
피자,2025-06,2025.06,"오래된 피자, 피자, 음식, 간식 PNG 일러스트 및 PSD 이미지 무료 다운로드 - Pngtree",https://png.pngtree.com/png-clipart/20231201/ourlarge/pngtree-old-pizza-png-image_10759922.png,https://search.pstatic.net/sunny/?type=b150&src=https://png.pngtree.com/png-clipart/20231201/ourlarge/pngtree-old-pizza-png-image_10759922.png,46,image_sim,2025-07-14T20:38:48.525376,15782041
피자,2025-06,2025.06,"피자, 피자, 플랫 브레드, 고급 음식 PNG 일러스트 및 PSD 이미지 무료 다운로드 - Pngtree",https://png.pngtree.com/png-clipart/20230407/ourlarge/pngtree-pizza-png-image_6675891.png,https://search.pstatic.net/sunny/?type=b150&src=https://png.pngtree.com/png-clipart/20230407/ourlarge/pngtree-pizza-png-image_6675891.png,46,image_sim,2025-07-14T20:38:48.525376,15782041
피자,2025-06,2025.06,"플랫 윈드 피자 일러스트, 피자, 음식, 양식 PNG 일러스트 및 PSD 이미지 무료 다운로드 - Pngtree",https://png.pngtree.com/png-clipart/20220101/ourlarge/pngtree-flat-wind-pizza-png-image_4128423.png,https://search.pstatic.net/sunny/?type=b150&src=https://png.pngtree.com/png-clipart/20220101/ourlarge/pngtree-flat-wind-pizza-png-image_4128423.png,46,image_sim,2025-07-14T20:38:48.525376,15782041
피자,2025-06,2025.06,"피자 패스트 푸드, 만화, 음식, 피자 PNG 일러스트 및 이미지 에 대한 무료 다운로드 - Pngtree",https://png.pngtree.com/png-vector/20230323/ourlarge/pngtree-pizza-fast-food-png-image_6660298.png,https://search.pstatic.net/sunny/?type=b150&src=https://png.pngtree.com/png-vector/20230323/ourlarge/pngtree-pizza-fast-food-png-image_6660298.png,46,image_sim,2025-07-14T20:38:48.525376,15782041
피자,2025-06,2025.06,"3d 음식 피자 입체 효과, 음식, 입체적인, 디저트 PNG 일러스트 및 이미지 에 대한 무료 다운로드 - Pngtree",https://png.pngtree.com/png-vector/20230428/ourlarge/pngtree-3d-food-pizza-stereoscopic-effect-png-image_6735240.png,https://search.pstatic.net/sunny/?type=b150&src=https://png.pngtree.com/png-vector/20230428/ourlarge/pngtree-3d-food-pizza-stereoscopic-effect-png-image_6735240.png,46,image_sim,2025-07-14T20:38:48.525376,15782041
피자,2025-06,2025.06,"3d 음식 피자 원형 입체 효과, 음식, 입체적인, 디저트 PNG 일러스트 및 이미지 에 대한 무료 다운로드 - Pngtree",https://png.pngtree.com/png-vector/20230428/ourlarge/pngtree-3d-food-pizza-circular-three-dimensional-effect-png-image_6735372.png,https://search.pstatic.net/sunny/?type=b150&src=https://png.pngtree.com/png-vector/20230428/ourlarge/pngtree-3d-food-pizza-circular-three-dimensional-effect-png-image_6735372.png,46,image_sim,2025-07-14T20:38:48.525376,15782041
피자,2025-06,2025.06,"소시지 치즈 피자 패스트 푸드 음식 만화 맛있는 장식 패턴, 피자, 음식, 패스트 푸드 PNG 일러스트 및 PSD 이미지 무료 다운로드 - Pngtree",https://png.pngtree.com/png-clipart/20230322/ourlarge/pngtree-sausage-cheese-pizza-fast-food-food-cartoon-delicious-decoration-pattern-png-image_6656806.png,https://search.pstatic.net/sunny/?type=b150&src=https://png.pngtree.com/png-clipart/20230322/ourlarge/pngtree-sausage-cheese-pizza-fast-food-food-cartoon-delicious-decoration-pattern-png-image_6656806.png,46,image_sim,2025-07-14T20:38:48.525376,15782041
피자,2025-06,2025.06,"피자 미식가, 피자, 음식 PNG 일러스트 및 이미지 에 대한 무료 다운로드 - Pngtree",https://png.pngtree.com/png-vector/20210903/ourlarge/pngtree-pizza-gourmet-png-image_3859787.jpg,https://search.pstatic.net/sunny/?type=b150&src=https://png.pngtree.com/png-vector/20210903/ourlarge/pngtree-pizza-gourmet-png-image_3859787.jpg,46,image_sim,2025-07-14T20:38:48.525376,15782041
피자,2025-06,2025.06,"3d 음식 피자 빵 입체 효과, 음식, 입체적인, 디저트 PNG 일러스트 및 이미지 에 대한 무료 다운로드 - Pngtree",https://png.pngtree.com/png-vector/20230428/ourlarge/pngtree-3d-food-pizza-bread-three-dimensional-effect-png-image_6735493.png,https://search.pstatic.net/sunny/?type=b150&src=https://png.pngtree.com/png-vector/20230428/ourlarge/pngtree-3d-food-pizza-bread-three-dimensional-effect-png-image_6735493.png,46,image_sim,2025-07-14T20:38:48.525376,15782041
피자,2025-06,2025.06,"3d 음식 과일 피자 입체 효과, 음식, 입체적인, 디저트 PNG 일러스트 및 이미지 에 대한 무료 다운로드 - Pngtree",https://png.pngtree.com/png-vector/20230428/ourlarge/pngtree-3d-food-fruit-pizza-three-dimensional-effect-png-image_6735266.png,https://search.pstatic.net/sunny/?type=b150&src=https://png.pngtree.com/png-vector/20230428/ourlarge/pngtree-3d-food-fruit-pizza-three-dimensional-effect-png-image_6735266.png,46,image_sim,2025-07-14T20:38:48.525376,15782041
피자,2025-06,2025.06,"음식 피자, 음식, 피자, 잼 PNG 일러스트 및 이미지 에 대한 무료 다운로드 - Pngtree",https://png.pngtree.com/png-clipart/20210912/original/pngtree-food-pizza-png-image_6726139.jpg,https://search.pstatic.net/sunny/?type=b150&src=https://png.pngtree.com/png-clipart/20210912/original/pngtree-food-pizza-png-image_6726139.jpg,46,image_sim,2025-07-14T20:38:48.525376,15782041
피자,2025-06,2025.06,"3d 음식과 음료 피자 입체 효과, 음식, 입체적인, 디저트 PNG 일러스트 및 이미지 에 대한 무료 다운로드 - Pngtree",https://png.pngtree.com/png-vector/20230428/ourlarge/pngtree-3d-food-and-drink-pizza-three-dimensional-effect-png-image_6735321.png,https://search.pstatic.net/sunny/?type=b150&src=https://png.pngtree.com/png-vector/20230428/ourlarge/pngtree-3d-food-and-drink-pizza-three-dimensional-effect-png-image_6735321.png,46,image_sim,2025-07-14T20:38:48.525376,15782041
피자,2025-06,2025.06,"3d 음식 우유 삼각형 피자 입체 효과, 음식, 입체적인, 디저트 PNG 일러스트 및 이미지 에 대한 무료 다운로드 - Pngtree",https://png.pngtree.com/png-vector/20230428/ourlarge/pngtree-3d-food-milk-triangle-pizza-three-dimensional-effect-png-image_6735478.png,https://search.pstatic.net/sunny/?type=b150&src=https://png.pngtree.com/png-vector/20230428/ourlarge/pngtree-3d-food-milk-triangle-pizza-three-dimensional-effect-png-image_6735478.png,46,image_sim,2025-07-14T20:38:48.539531,15782041
피자,2025-06,25년 6월,"무료 이미지 : 요리, 식품, 이탈리아 음식, 타르트 플랩 전자, 피자 치즈, 유럽 음식, 시칠리아 피자, 즈 위벨 카헨 2582x1937 - - 179529...",https://c.pxhere.com/photos/18/40/photo-179529.jpg!d,https://search.pstatic.net/sunny/?type=b150&src=https://c.pxhere.com/photos/18/40/photo-179529.jpg!d,46,image_sim,2025-07-14T20:38:49.156030,15782041
피자,2025-06,25년 6월,"반찬, 피자 스톤, Pissaladi 다시, 프랑스 음식 5000x3333 - - 1614024 - 무료 이미지 - PxHere 무료 이미지 : 요리, 피자 치즈, 캘리포니아...",https://c.pxhere.com/photos/3a/ea/Foods_Pizza_Pizzas-1614024.jpg!d,https://search.pstatic.net/sunny/?type=b150&src=https://c.pxhere.com/photos/3a/ea/Foods_Pizza_Pizzas-1614024.jpg!d,46,image_sim,2025-07-14T20:38:49.156030,15782041
피자,2025-06,25년 6월,"음식 주문 콜센터, 피자, 쇼핑, 상업 PNG 일러스트 및 이미지 에 대한 무료 다운로드 - Pngtree",https://png.pngtree.com/png-vector/20240313/ourlarge/pngtree-order-food-call-center-png-image_11938362.png,https://search.pstatic.net/sunny/?type=b150&src=https://png.pngtree.com/png-vector/20240313/ourlarge/pngtree-order-food-call-center-png-image_11938362.png,46,image_sim,2025-07-14T20:38:49.156030,15782041
피자,2025-06,25년 6월,"음식 주문 콜센터, 피자, 쇼핑, 상업 PNG 일러스트 및 이미지 에 대한 무료 다운로드 - Pngtree",https://png.pngtree.com/png-vector/20240313/ourlarge/pngtree-order-food-call-center-png-image_11938363.png,https://search.pstatic.net/sunny/?type=b150&src=https://png.pngtree.com/png-vector/20240313/ourlarge/pngtree-order-food-call-center-png-image_11938363.png,46,image_sim,2025-07-14T20:38:49.156030,15782041
피자,2025-06,25년 6월,"유럽 음식, 소금 경화 고기, 시칠리아 피자 6000x4000 - - 492469 - 무료 이미지 - PxHere 무료 이미지 : 요리, 식사, 식품, 후추, 신선한, 식도락가...",https://c.pxhere.com/photos/26/d0/pizza_pepperoni_food_pepperoni_pizza_tasty_crust_italian_pepper-492469.jpg!d,https://search.pstatic.net/sunny/?type=b150&src=https://c.pxhere.com/photos/26/d0/pizza_pepperoni_food_pepperoni_pizza_tasty_crust_italian_pepper-492469.jpg!d,46,image_sim,2025-07-14T20:38:49.158037,15782041
피자,2025-06,25년 6월,"음식, 피자 치즈, 유럽 음식, 반죽을위한 3088x2056 - - 844910 - 무료 이미지 - PxHere 무료 이미지 : 요리, 식품, 조리, 아침 식사, 디저트, 고기...",https://c.pxhere.com/photos/b8/90/pie_pizza_tomato_source_dressing_deco_for_the_dough_cooking-844910.jpg!d,https://search.pstatic.net/sunny/?type=b150&src=https://c.pxhere.com/photos/b8/90/pie_pizza_tomato_source_dressing_deco_for_the_dough_cooking-844910.jpg!d,46,image_sim,2025-07-14T20:38:49.158037,15782041
피자,2025-06,25년 6월,"귀여운 곰 동물 음식 초밥 장식 빠른 피자, 귀여운 곰, 음식, 장식 PNG 일러스트 및 PSD 이미지 무료 다운로드 - Pngtree",https://png.pngtree.com/png-clipart/20230623/ourlarge/pngtree-cute-bear-animal-food-sushi-decoration-fast-pizza-png-image_7300071.png,https://search.pstatic.net/sunny/?type=b150&src=https://png.pngtree.com/png-clipart/20230623/ourlarge/pngtree-cute-bear-animal-food-sushi-decoration-fast-pizza-png-image_7300071.png,46,image_sim,2025-07-14T20:38:49.158037,15782041
피자,2025-06,25년 6월,"음식 배달 서비스 용기와 피자 상자의 크리스마스 장식, 테이크 아웃 음식, 식당 배달, 빼앗다 PNG 일러스트 및 이미지 에 대한 무료...",https://png.pngtree.com/png-vector/20231103/ourlarge/pngtree-christmas-decor-of-food-delivery-service-containers-and-pizza-box-png-image_10365641.png,https://search.pstatic.net/sunny/?type=b150&src=https://png.pngtree.com/png-vector/20231103/ourlarge/pngtree-christmas-decor-of-food-delivery-service-containers-and-pizza-box-png-image_10365641.png,46,image_sim,2025-07-14T20:38:49.158037,15782041
피자,2025-06,25년 6월,"무료 이미지 : 식품, 생기게 하다, 야채, 노랑, 아침 식사, 빵 굽기, 피자, 오레가노, 채식주의 자 음식, 백인 요리, 이탈리아 음식...",https://c.pxhere.com/photos/b8/63/caucasian_cuisine_italian_food_the_flour_baking_oregano_pizza_bangkrop_yellow-628644.jpg!d,https://search.pstatic.net/sunny/?type=b150&src=https://c.pxhere.com/photos/b8/63/caucasian_cuisine_italian_food_the_flour_baking_oregano_pizza_bangkrop_yellow-628644.jpg!d,46,image_sim,2025-07-14T20:38:49.158037,15782041
피자,2025-06,25년 6월,샵앤링크 음식사진 요리 음식이미지 라미넥스 코팅 돈까스 피자 토스트 햄버거 커피 쥬스 주스 - 사진 | 쿠팡,https://thumbnail8.coupangcdn.com/thumbnails/remote/492x492ex/image/vendor_inventory/9c81/588d9c3627b8eb42c6c6cfabd461ce8c5d039ccfcad444bad81ba00a30ef.jpg,https://search.pstatic.net/sunny/?type=b150&src=https://thumbnail8.coupangcdn.com/thumbnails/remote/492x492ex/image/vendor_inventory/9c81/588d9c3627b8eb42c6c6cfabd461ce8c5d039ccfcad444bad81ba00a30ef.jpg,46,image_sim,2025-07-14T20:38:49.158037,15782041
피자,2025-06,25년 6월,"3d 푸드 콘 피자 입체 효과, 음식, 입체적인, 디저트 PNG 일러스트 및 이미지 에 대한 무료 다운로드 - Pngtree",https://png.pngtree.com/png-vector/20230428/ourlarge/pngtree-3d-food-cone-pizza-three-dimensional-effect-png-image_6735523.png,https://search.pstatic.net/sunny/?type=b150&src=https://png.pngtree.com/png-vector/20230428/ourlarge/pngtree-3d-food-cone-pizza-three-dimensional-effect-png-image_6735523.png,46,image_sim,2025-07-14T20:38:49.158037,15782041
피자,2025-06,25년 6월,"바질, 피자, 퀴 토우 to토, 가려워하는, 이탈리아... 유럽 음식, 소금 경화 고기 4320x3240 - - 1017809 - 무료 이미지 - PxHere 무료 이미지 : 요리...",https://c.pxhere.com/photos/9d/39/pizza_homemade_food_italian_delicious_frisch_mozzarella_basil-1017809.jpg!d,https://search.pstatic.net/sunny/?type=b150&src=https://c.pxhere.com/photos/9d/39/pizza_homemade_food_italian_delicious_frisch_mozzarella_basil-1017809.jpg!d,46,image_sim,2025-07-14T20:38:49.158037,15782041
피자,2025-06,25년 6월,"3d 식품 크림 케이크 피자 입체 효과, 음식, 입체적인, 디저트 PNG 일러스트 및 이미지 에 대한 무료 다운로드 - Pngtree",https://png.pngtree.com/png-vector/20230428/ourlarge/pngtree-3d-food-cream-cake-pizza-three-dimensional-effect-png-image_6735391.png,https://search.pstatic.net/sunny/?type=b150&src=https://png.pngtree.com/png-vector/20230428/ourlarge/pngtree-3d-food-cream-cake-pizza-three-dimensional-effect-png-image_6735391.png,46,image_sim,2025-07-14T20:38:49.158037,15782041
피자,2025-06,25년 6월,"주스 파인애플 피자 스티커 과일, 파인애플, 음식, 이미지 파일 형식, 사진술 png | PNGWing",https://w7.pngwing.com/pngs/626/514/png-transparent-juice-pineapple-pizza-sticker-fruit-pineapple-food-image-file-formats-photography.png,https://search.pstatic.net/sunny/?type=b150&src=https://w7.pngwing.com/pngs/626/514/png-transparent-juice-pineapple-pizza-sticker-fruit-pineapple-food-image-file-formats-photography.png,46,image_sim,2025-07-14T20:38:49.158037,15782041
피자,2025-06,25년 6월,"무료 이미지 : 요리, 식사, 식품, 생기게 하다, 먹다, 양파, 공식 만찬, 채식주의 자, 키시, 피자 토핑, 이탈리아 음식, 타르트 플랩 전자...",https://c.pxhere.com/photos/46/93/pizza_pizza_gorgonzola_onion_gorgonzola_eat_pizza_topping_vegetarian_vegetable_pizza-1101610.jpg!d,https://search.pstatic.net/sunny/?type=b150&src=https://c.pxhere.com/photos/46/93/pizza_pizza_gorgonzola_onion_gorgonzola_eat_pizza_topping_vegetarian_vegetable_pizza-1101610.jpg!d,46,image_sim,2025-07-14T20:38:49.158037,15782041
치킨,2024-06,2024년 6월,"음식, 치킨, chicken, 후라이드치킨, food, 사진,이미지,일러스트,캘리그라피 - sjhk1102작가 크라우드픽 - 저작권 걱정 없는 상업용 이미지",https://cdn.crowdpic.net/detail-thumb/thumb_d_572A8EF2955329F0E50FDD50307E0F61.jpeg,https://search.pstatic.net/sunny/?type=b150&src=https://cdn.crowdpic.net/detail-thumb/thumb_d_572A8EF2955329F0E50FDD50307E0F61.jpeg,45,image_sim,2025-07-14T20:38:28.762233,317241121
치킨,2024-06,2024년 6월,"음식, food, 치킨, 양념치킨, 후라이드치킨, 사진,이미지,일러스트,캘리그라피 - 모먼트111작가 크라우드픽 - 저작권 걱정 없는 상업용 이미지",https://cdn.crowdpic.net/detail-thumb/thumb_d_6EA0BB0C95ACC6EA438B0D2AA8769294.jpg,https://search.pstatic.net/sunny/?type=b150&src=https://cdn.crowdpic.net/detail-thumb/thumb_d_6EA0BB0C95ACC6EA438B0D2AA8769294.jpg,45,image_sim,2025-07-14T20:38:28.762233,317241121
치킨,2024-06,2024년 6월,"일식, 치킨남방, 음식, 맛집, 치킨, 사진,이미지,일러스트,캘리그라피 - Nehdspt작가 크라우드픽 - 저작권 걱정 없는 상업용 이미지",https://cdn.crowdpic.net/detail-thumb/thumb_d_1635448B3257AC4537B7F92104EA2383.jpeg,https://search.pstatic.net/sunny/?type=b150&src=https://cdn.crowdpic.net/detail-thumb/thumb_d_1635448B3257AC4537B7F92104EA2383.jpeg,45,image_sim,2025-07-14T20:38:28.763913,317241121
치킨,2024-06,2024년 6월,"치킨, 야식, 음식, 닭고기, chicken, 사진,이미지,일러스트,캘리그라피 - 1348025작가 크라우드픽 - 저작권 걱정 없는 상업용 이미지",https://cdn.crowdpic.net/detail-thumb/thumb_d_56FF52D13B0DAEC7F11934E6124E130B.jpeg,https://search.pstatic.net/sunny/?type=b150&src=https://cdn.crowdpic.net/detail-thumb/thumb_d_56FF52D13B0DAEC7F11934E6124E130B.jpeg,45,image_sim,2025-07-14T20:38:28.763913,317241121
치킨,2024-06,2024년 6월,"치킨, 새우치킨, 양념치킨, 음식, food, 사진,이미지,일러스트,캘리그라피 - 신정작가 크라우드픽 - 저작권 걱정 없는 상업용 이미지",https://cdn.crowdpic.net/detail-thumb/thumb_d_8332C983C207667DC24C37EB7A010F02.jpg,https://search.pstatic.net/sunny/?type=b150&src=https://cdn.crowdpic.net/detail-thumb/thumb_d_8332C983C207667DC24C37EB7A010F02.jpg,45,image_sim,2025-07-14T20:38:28.765050,317241121
치킨,2024-06,2024년 6월,"양념, food, 음식, 치킨, 양념치킨, 사진,이미지,일러스트,캘리그라피 - SoheeManga작가 크라우드픽 - 저작권 걱정 없는 상업용 이미지",https://cdn.crowdpic.net/detail-thumb/thumb_d_2E0575BD10C8A350396744CA2AF803DA.jpg,https://search.pstatic.net/sunny/?type=b150&src=https://cdn.crowdpic.net/detail-thumb/thumb_d_2E0575BD10C8A350396744CA2AF803DA.jpg,45,image_sim,2025-07-14T20:38:28.765050,317241121
치킨,2024-06,2024년 6월,"음식, 통닭, 간장통닭, 닭, 치킨, 사진,이미지,일러스트,캘리그라피 - 아빠정영화작가 크라우드픽 - 저작권 걱정 없는 상업용 이미지",https://cdn.crowdpic.net/detail-thumb/thumb_d_5B49AC16C95F909E90CB22A32C112068.jpg,https://search.pstatic.net/sunny/?type=b150&src=https://cdn.crowdpic.net/detail-thumb/thumb_d_5B49AC16C95F909E90CB22A32C112068.jpg,45,image_sim,2025-07-14T20:38:28.765050,317241121
치킨,2024-06,2024.06,로스트 치킨 음식 사진 레시피 아이디어 사진 – Unsplash의 사진술 이미지 Unsplash에 있는 Curated Lifestyle의 사진,https://plus.unsplash.com/premium_photo-1723579413852-d71dbd8641d2?mark=https%3A%2F%2Fimages.unsplash.com%2Fopengraph%2Flogo.png&mark-w=64&mark-align=top%2Cleft&mark-pad=50&h=630&w=1200&crop=faces%2Cedges&blend-w=1&blend=000000&blend-mode=normal&blend-alpha=10&auto=format&fit=crop&q=60&ixid=M3wxMjA3fDB8MXxhbGx8fHx8fHx8fHwxNzQ5Njg0Mzg2fA&ixlib=rb-4.1.0,https://search.pstatic.net/sunny/?type=b150&src=https://plus.unsplash.com/premium_photo-1723579413852-d71dbd8641d2?mark=https%3A%2F%2Fimages.unsplash.com%2Fopengraph%2Flogo.png&mark-w=64&mark-align=top%2Cleft&mark-pad=50&h=630&w=1200&crop=faces%2Cedges&blend-w=1&blend=000000&blend-mode=normal&blend-alpha=10&auto=format&fit=crop&q=60&ixid=M3wxMjA3fDB8MXxhbGx8fHx8fHx8fHwxNzQ5Njg0Mzg2fA&ixlib=rb-4.1.0,45,image_sim,2025-07-14T20:38:29.337813,317241121
치킨,2024-06,2024.06,"치킨, 양념치킨, 숯불양념치킨, food, 음식, 사진,이미지,일러스트,캘리그라피 - Ndianaruby17작가 크라우드픽 - 저작권 걱정 없는 상업용...",https://cdn.crowdpic.net/detail-thumb/thumb_d_038AEBCE3B82FDCE1357F1E59C3C2D6B.jpeg,https://search.pstatic.net/sunny/?type=b150&src=https://cdn.crowdpic.net/detail-thumb/thumb_d_038AEBCE3B82FDCE1357F1E59C3C2D6B.jpeg,45,image_sim,2025-07-14T20:38:29.337813,317241121
치킨,2024-06,2024.06,"음식, food, 치킨, chicken, 후라이드치킨, 사진,이미지,일러스트,캘리그라피 - 쿨라임민트작가 크라우드픽 - 저작권 걱정 없는 상업용 이미지",https://cdn.crowdpic.net/detail-thumb/thumb_d_3C6085215C33B8B1099D38A1C474E39A.jpg,https://search.pstatic.net/sunny/?type=b150&src=https://cdn.crowdpic.net/detail-thumb/thumb_d_3C6085215C33B8B1099D38A1C474E39A.jpg,45,image_sim,2025-07-14T20:38:29.337813,317241121
치킨,2024-06,24년 6월,"무료 이미지 : 파이, 치킨, 요리, 성분, 비방, 구운 식품... 생과자, 지중해 음식 2000x1060 - MariaPolna - 1620739 - 무료 이미지 - PxHere",https://c.pxhere.com/images/8e/2b/13ac86712b6efa454a27950657f2-1620739.jpg!d,https://search.pstatic.net/sunny/?type=b150&src=https://c.pxhere.com/images/8e/2b/13ac86712b6efa454a27950657f2-1620739.jpg!d,45,image_sim,2025-07-14T20:38:29.946415,317241121
치킨,2025-06,2025년 6월,"이자카야, 가라아게, 치킨, 일본음식, 음식, 사진,이미지,일러스트,캘리그라피 - wldyd7240작가 크라우드픽 - 저작권 걱정 없는 상업용 이미지",https://cdn.crowdpic.net/detail-thumb/thumb_d_EACE54738861102EDEE79EEA3C704D3E.jpg,https://search.pstatic.net/sunny/?type=b150&src=https://cdn.crowdpic.net/detail-thumb/thumb_d_EACE54738861102EDEE79EEA3C704D3E.jpg,45,image_date,2025-07-14T20:38:32.516649,317241121
치킨,2025-06,2025년 6월,"음식, 치킨, 닭, chicken, friedchicken, 사진,이미지,일러스트,캘리그라피 - 나02작가 크라우드픽 - 저작권 걱정 없는 상업용 이미지",https://cdn.crowdpic.net/detail-thumb/thumb_d_2D80ABDDDEA55823DC3BEF1F21CAE61B.jpg,https://search.pstatic.net/sunny/?type=b150&src=https://cdn.crowdpic.net/detail-thumb/thumb_d_2D80ABDDDEA55823DC3BEF1F21CAE61B.jpg,45,image_date,2025-07-14T20:38:32.516649,317241121
치킨,2025-06,2025년 6월,"food, friedchicken, 치킨, 반반치킨, 음식, 사진,이미지,일러스트,캘리그라피 - yangpa작가 크라우드픽 - 저작권 걱정 없는 상업용 이미지",https://cdn.crowdpic.net/detail-thumb/thumb_d_27D11553622B6791884D41062DA49533.jpg,https://search.pstatic.net/sunny/?type=b150&src=https://cdn.crowdpic.net/detail-thumb/thumb_d_27D11553622B6791884D41062DA49533.jpg,45,image_date,2025-07-14T20:38:32.516649,317241121
치킨,2025-06,25년 6월,"무료 이미지 : 파이, 치킨, 요리, 성분, 비방, 구운 식품... 생과자, 지중해 음식 2000x1060 - MariaPolna - 1620739 - 무료 이미지 - PxHere",https://c.pxhere.com/images/8e/2b/13ac86712b6efa454a27950657f2-1620739.jpg!d,https://search.pstatic.net/sunny/?type=b150&src=https://c.pxhere.com/images/8e/2b/13ac86712b6efa454a27950657f2-1620739.jpg!d,45,image_sim,2025-07-14T20:38:34.177345,317241121
라면,2024-06,2024년 6월,"라면, 음식, 한국음식, 인스턴트, 라멘, 사진,이미지,일러스트,캘리그라피 - nusoi작가 크라우드픽 - 저작권 걱정 없는 상업용 이미지",https://cdn.crowdpic.net/detail-thumb/thumb_d_683008AE88E1159E95E7AB1F09773B01.jpg,https://search.pstatic.net/sunny/?type=b150&src=https://cdn.crowdpic.net/detail-thumb/thumb_d_683008AE88E1159E95E7AB1F09773B01.jpg,45,image_sim,2025-07-14T20:38:36.303933,20473562
라면,2024-06,2024년 6월,"라면, ramyeon, 인스턴트음식, 간편음식, 면발, 사진,이미지,일러스트,캘리그라피 - zkflqth작가 크라우드픽 - 저작권 걱정 없는 상업용 이미지",https://cdn.crowdpic.net/detail-thumb/thumb_d_0EF0B3264BC488283CF2BDBF914D2D38.jpg,https://search.pstatic.net/sunny/?type=b150&src=https://cdn.crowdpic.net/detail-thumb/thumb_d_0EF0B3264BC488283CF2BDBF914D2D38.jpg,45,image_sim,2025-07-14T20:38:36.303933,20473562
라면,2024-06,2024년 6월,"라면, 요리, 식사, 음식, 한국음식, 사진,이미지,일러스트,캘리그라피 - jameshan3035작가 크라우드픽 - 저작권 걱정 없는 상업용 이미지",https://cdn.crowdpic.net/detail-thumb/thumb_d_4499476E64E7F7B25B5226CB5C7984CC.jpeg,https://search.pstatic.net/sunny/?type=b150&src=https://cdn.crowdpic.net/detail-thumb/thumb_d_4499476E64E7F7B25B5226CB5C7984CC.jpeg,45,image_sim,2025-07-14T20:38:36.303933,20473562
라면,2024-06,2024년 6월,"라면, 요리, 식사, 음식, 한국음식, 사진,이미지,일러스트,캘리그라피 - jameshan3035작가 크라우드픽 - 저작권 걱정 없는 상업용 이미지",https://cdn.crowdpic.net/detail-thumb/thumb_d_5559D94777B135683CDA641DFD4FC865.jpeg,https://search.pstatic.net/sunny/?type=b150&src=https://cdn.crowdpic.net/detail-thumb/thumb_d_5559D94777B135683CDA641DFD4FC865.jpeg,45,image_sim,2025-07-14T20:38:36.303933,20473562
라면,2024-06,2024년 6월,"라면, boil, ramen, 인스턴트음식, 밀가루음식, 사진,이미지,일러스트,캘리그라피 - DENN작가 크라우드픽 - 저작권 걱정 없는 상업용 이미지",https://cdn.crowdpic.net/detail-thumb/thumb_d_5631B6E9DEDB87B3B7985CD722A6201D.jpg,https://search.pstatic.net/sunny/?type=b150&src=https://cdn.crowdpic.net/detail-thumb/thumb_d_5631B6E9DEDB87B3B7985CD722A6201D.jpg,45,image_sim,2025-07-14T20:38:36.303933,20473562
라면,2024-06,2024년 6월,"라면, 전복라면, 해물라면, food, 음식, 사진,이미지,일러스트,캘리그라피 - 즐거운작가 크라우드픽 - 저작권 걱정 없는 상업용 이미지",https://cdn.crowdpic.net/detail-thumb/thumb_d_66585CA83A451D815E626375F78D8850.jpg,https://search.pstatic.net/sunny/?type=b150&src=https://cdn.crowdpic.net/detail-thumb/thumb_d_66585CA83A451D815E626375F78D8850.jpg,45,image_sim,2025-07-14T20:38:36.303933,20473562
라면,2024-06,2024년 6월,"라면, 차돌박이라면, 열라면, 음식, food, 사진,이미지,일러스트,캘리그라피 - bjm3300작가 크라우드픽 - 저작권 걱정 없는 상업용 이미지",https://cdn.crowdpic.net/detail-thumb/thumb_d_DC7456052C8F4018CAA5811DBDE88DFE.jpeg,https://search.pstatic.net/sunny/?type=b150&src=https://cdn.crowdpic.net/detail-thumb/thumb_d_DC7456052C8F4018CAA5811DBDE88DFE.jpeg,45,image_sim,2025-07-14T20:38:36.303933,20473562
라면,2024-06,2024년 6월,"food, 음식, 라면, 해물라면, 오징어라면, 사진,이미지,일러스트,캘리그라피 - zfishz작가 크라우드픽 - 저작권 걱정 없는 상업용 이미지",https://cdn.crowdpic.net/detail-thumb/thumb_d_DC576A5DC5384062AC9FB6679383C6DA.jpg,https://search.pstatic.net/sunny/?type=b150&src=https://cdn.crowdpic.net/detail-thumb/thumb_d_DC576A5DC5384062AC9FB6679383C6DA.jpg,45,image_sim,2025-07-14T20:38:36.305940,20473562
라면,2024-06,2024년 6월,"라면, 버섯, 한국음식, 식품, 한국문화, 사진,이미지,일러스트,캘리그라피 - jameshan3035작가 크라우드픽 - 저작권 걱정 없는 상업용 이미지",https://cdn.crowdpic.net/detail-thumb/thumb_d_E96156960EEDDEABAA413F33D1E72A23.jpg,https://search.pstatic.net/sunny/?type=b150&src=https://cdn.crowdpic.net/detail-thumb/thumb_d_E96156960EEDDEABAA413F33D1E72A23.jpg,45,image_sim,2025-07-14T20:38:36.305940,20473562
라면,2024-06,2024년 6월,"라면, 해물, 해물라면, 음식, food, 사진,이미지,일러스트,캘리그라피 - kanchopero작가 크라우드픽 - 저작권 걱정 없는 상업용 이미지",https://cdn.crowdpic.net/detail-thumb/thumb_d_16D135A27C7314D12CB6805F29564B67.jpg,https://search.pstatic.net/sunny/?type=b150&src=https://cdn.crowdpic.net/detail-thumb/thumb_d_16D135A27C7314D12CB6805F29564B67.jpg,45,image_sim,2025-07-14T20:38:36.305940,20473562
라면,2024-06,2024년 6월,"라면, 국수, 인스턴트, 인스턴트음식, 패스트푸드, 사진,이미지,일러스트,캘리그라피 - Ntjdals2245작가 크라우드픽 - 저작권 걱정 없는...",https://cdn.crowdpic.net/detail-thumb/thumb_d_58EFCD83770B00C3908696AC89EF5FA3.jpg,https://search.pstatic.net/sunny/?type=b150&src=https://cdn.crowdpic.net/detail-thumb/thumb_d_58EFCD83770B00C3908696AC89EF5FA3.jpg,45,image_sim,2025-07-14T20:38:36.305940,20473562
라면,2024-06,2024년 6월,"라면, 분식, 간식, 길거리음식, 음식, 사진,이미지,일러스트,캘리그라피 - 봉숑작가 크라우드픽 - 저작권 걱정 없는 상업용 이미지",https://cdn.crowdpic.net/detail-thumb/thumb_d_68D4A968463F0B99A57D75A08AAF36C0.png,https://search.pstatic.net/sunny/?type=b150&src=https://cdn.crowdpic.net/detail-thumb/thumb_d_68D4A968463F0B99A57D75A08AAF36C0.png,45,image_sim,2025-07-14T20:38:36.305940,20473562
라면,2024-06,2024년 6월,"라면, 요리, 식사, 음식, 한국음식, 사진,이미지,일러스트,캘리그라피 - jameshan3035작가 크라우드픽 - 저작권 걱정 없는 상업용 이미지",https://cdn.crowdpic.net/detail-thumb/thumb_d_0F1AA9556C77707AE6276FC1953CE9F7.jpeg,https://search.pstatic.net/sunny/?type=b150&src=https://cdn.crowdpic.net/detail-thumb/thumb_d_0F1AA9556C77707AE6276FC1953CE9F7.jpeg,45,image_sim,2025-07-14T20:38:36.305940,20473562
라면,2024-06,2024.06,"라면, 버섯, 한국음식, 식품, 한국문화, 사진,이미지,일러스트,캘리그라피 - jameshan3035작가 크라우드픽 - 저작권 걱정 없는 상업용 이미지",https://cdn.crowdpic.net/detail-thumb/thumb_d_F0B42B53802FA3D96F263FFE41321F1B.jpg,https://search.pstatic.net/sunny/?type=b150&src=https://cdn.crowdpic.net/detail-thumb/thumb_d_F0B42B53802FA3D96F263FFE41321F1B.jpg,45,image_sim,2025-07-14T20:38:36.854940,20473562
라면,2024-06,24년 6월,"한국, 전통 다이어트, 전통 좋은 음식 일러스트 PNG, 한국 전통 특색 김치 라면 이미지 벡터, PSD 파일 - Pngtree",https://i.pinimg.com/736x/b9/dc/bc/b9dcbcfc48f51a62ee2808937ef3a122.jpg,https://search.pstatic.net/sunny/?type=b150&src=https://i.pinimg.com/736x/b9/dc/bc/b9dcbcfc48f51a62ee2808937ef3a122.jpg,45,image_sim,2025-07-14T20:38:37.414805,20473562
라면,2024-06,24년 6월,"라면, 라볶이, 음식, 배경, 아시아음식, 사진,이미지,일러스트,캘리그라피 - jameshan3035작가 크라우드픽 - 저작권 걱정 없는 상업용 이미지",https://cdn.crowdpic.net/detail-thumb/thumb_d_FF92DAB4E8D6C660166B534A25445ECE.jpg,https://search.pstatic.net/sunny/?type=b150&src=https://cdn.crowdpic.net/detail-thumb/thumb_d_FF92DAB4E8D6C660166B534A25445ECE.jpg,45,image_sim,2025-07-14T20:38:37.414805,20473562
라면,2024-06,24년 6월,"떡라면, 라면, 일러스트, food, 음식, 사진,이미지,일러스트,캘리그라피 - merieljin작가 크라우드픽 - 저작권 걱정 없는 상업용 이미지",https://cdn.crowdpic.net/detail-thumb/thumb_d_0C15840200242527689B40F1C973FBFF.png,https://search.pstatic.net/sunny/?type=b150&src=https://cdn.crowdpic.net/detail-thumb/thumb_d_0C15840200242527689B40F1C973FBFF.png,45,image_sim,2025-07-14T20:38:37.414805,20473562
라면,2024-06,24년 6월,"라면, 분식, 일러스트, 음식, 음식일러스트, 사진,이미지,일러스트,캘리그라피 - 젬쓰작가 크라우드픽 - 저작권 걱정 없는 상업용 이미지",https://cdn.crowdpic.net/detail-thumb/thumb_d_8984B3E4A95697193E78E0645CBF7046.png,https://search.pstatic.net/sunny/?type=b150&src=https://cdn.crowdpic.net/detail-thumb/thumb_d_8984B3E4A95697193E78E0645CBF7046.png,45,image_sim,2025-07-14T20:38:37.414805,20473562
라면,2025-06,2025.06,"라면, 음식, 한국음식, 인스턴트, 라멘, 사진,이미지,일러스트,캘리그라피 - nusoi작가 크라우드픽 - 저작권 걱정 없는 상업용 이미지",https://cdn.crowdpic.net/detail-thumb/thumb_d_683008AE88E1159E95E7AB1F09773B01.jpg,https://search.pstatic.net/sunny/?type=b150&src=https://cdn.crowdpic.net/detail-thumb/thumb_d_683008AE88E1159E95E7AB1F09773B01.jpg,45,image_sim,2025-07-14T20:38:41.113411,20473562
라면,2025-06,2025.06,"라면, ramyeon, 인스턴트음식, 간편음식, 면발, 사진,이미지,일러스트,캘리그라피 - zkflqth작가 크라우드픽 - 저작권 걱정 없는 상업용 이미지",https://cdn.crowdpic.net/detail-thumb/thumb_d_0EF0B3264BC488283CF2BDBF914D2D38.jpg,https://search.pstatic.net/sunny/?type=b150&src=https://cdn.crowdpic.net/detail-thumb/thumb_d_0EF0B3264BC488283CF2BDBF914D2D38.jpg,45,image_sim,2025-07-14T20:38:41.113411,20473562
라면,2025-06,2025.06,"라면, 요리, 식사, 음식, 한국음식, 사진,이미지,일러스트,캘리그라피 - jameshan3035작가 크라우드픽 - 저작권 걱정 없는 상업용 이미지",https://cdn.crowdpic.net/detail-thumb/thumb_d_4499476E64E7F7B25B5226CB5C7984CC.jpeg,https://search.pstatic.net/sunny/?type=b150&src=https://cdn.crowdpic.net/detail-thumb/thumb_d_4499476E64E7F7B25B5226CB5C7984CC.jpeg,45,image_sim,2025-07-14T20:38:41.113411,20473562
라면,2025-06,2025.06,"라면, 요리, 식사, 음식, 한국음식, 사진,이미지,일러스트,캘리그라피 - jameshan3035작가 크라우드픽 - 저작권 걱정 없는 상업용 이미지",https://cdn.crowdpic.net/detail-thumb/thumb_d_5559D94777B135683CDA641DFD4FC865.jpeg,https://search.pstatic.net/sunny/?type=b150&src=https://cdn.crowdpic.net/detail-thumb/thumb_d_5559D94777B135683CDA641DFD4FC865.jpeg,45,image_sim,2025-07-14T20:38:41.113411,20473562
라면,2025-06,2025.06,"라면, boil, ramen, 인스턴트음식, 밀가루음식, 사진,이미지,일러스트,캘리그라피 - DENN작가 크라우드픽 - 저작권 걱정 없는 상업용 이미지",https://cdn.crowdpic.net/detail-thumb/thumb_d_5631B6E9DEDB87B3B7985CD722A6201D.jpg,https://search.pstatic.net/sunny/?type=b150&src=https://cdn.crowdpic.net/detail-thumb/thumb_d_5631B6E9DEDB87B3B7985CD722A6201D.jpg,45,image_sim,2025-07-14T20:38:41.113411,20473562
라면,2025-06,2025.06,"라면, 전복라면, 해물라면, food, 음식, 사진,이미지,일러스트,캘리그라피 - 즐거운작가 크라우드픽 - 저작권 걱정 없는 상업용 이미지",https://cdn.crowdpic.net/detail-thumb/thumb_d_66585CA83A451D815E626375F78D8850.jpg,https://search.pstatic.net/sunny/?type=b150&src=https://cdn.crowdpic.net/detail-thumb/thumb_d_66585CA83A451D815E626375F78D8850.jpg,45,image_sim,2025-07-14T20:38:41.113411,20473562
라면,2025-06,2025.06,"라면, 차돌박이라면, 열라면, 음식, food, 사진,이미지,일러스트,캘리그라피 - bjm3300작가 크라우드픽 - 저작권 걱정 없는 상업용 이미지",https://cdn.crowdpic.net/detail-thumb/thumb_d_DC7456052C8F4018CAA5811DBDE88DFE.jpeg,https://search.pstatic.net/sunny/?type=b150&src=https://cdn.crowdpic.net/detail-thumb/thumb_d_DC7456052C8F4018CAA5811DBDE88DFE.jpeg,45,image_sim,2025-07-14T20:38:41.113411,20473562
라면,2025-06,2025.06,"food, 음식, 라면, 해물라면, 오징어라면, 사진,이미지,일러스트,캘리그라피 - zfishz작가 크라우드픽 - 저작권 걱정 없는 상업용 이미지",https://cdn.crowdpic.net/detail-thumb/thumb_d_DC576A5DC5384062AC9FB6679383C6DA.jpg,https://search.pstatic.net/sunny/?type=b150&src=https://cdn.crowdpic.net/detail-thumb/thumb_d_DC576A5DC5384062AC9FB6679383C6DA.jpg,45,image_sim,2025-07-14T20:38:41.113411,20473562
라면,2025-06,2025.06,"라면, 해물, 해물라면, 음식, food, 사진,이미지,일러스트,캘리그라피 - kanchopero작가 크라우드픽 - 저작권 걱정 없는 상업용 이미지",https://cdn.crowdpic.net/detail-thumb/thumb_d_16D135A27C7314D12CB6805F29564B67.jpg,https://search.pstatic.net/sunny/?type=b150&src=https://cdn.crowdpic.net/detail-thumb/thumb_d_16D135A27C7314D12CB6805F29564B67.jpg,45,image_sim,2025-07-14T20:38:41.113411,20473562
라면,2025-06,2025.06,"라면, 국수, 인스턴트, 인스턴트음식, 패스트푸드, 사진,이미지,일러스트,캘리그라피 - Ntjdals2245작가 크라우드픽 - 저작권 걱정 없는...",https://cdn.crowdpic.net/detail-thumb/thumb_d_58EFCD83770B00C3908696AC89EF5FA3.jpg,https://search.pstatic.net/sunny/?type=b150&src=https://cdn.crowdpic.net/detail-thumb/thumb_d_58EFCD83770B00C3908696AC89EF5FA3.jpg,45,image_sim,2025-07-14T20:38:41.113411,20473562
라면,2025-06,2025.06,"라면, 버섯, 한국음식, 식품, 한국문화, 사진,이미지,일러스트,캘리그라피 - jameshan3035작가 크라우드픽 - 저작권 걱정 없는 상업용 이미지",https://cdn.crowdpic.net/detail-thumb/thumb_d_F0B42B53802FA3D96F263FFE41321F1B.jpg,https://search.pstatic.net/sunny/?type=b150&src=https://cdn.crowdpic.net/detail-thumb/thumb_d_F0B42B53802FA3D96F263FFE41321F1B.jpg,45,image_sim,2025-07-14T20:38:41.113411,20473562
라면,2025-06,2025.06,"라면, 분식, 간식, 길거리음식, 음식, 사진,이미지,일러스트,캘리그라피 - 봉숑작가 크라우드픽 - 저작권 걱정 없는 상업용 이미지",https://cdn.crowdpic.net/detail-thumb/thumb_d_68D4A968463F0B99A57D75A08AAF36C0.png,https://search.pstatic.net/sunny/?type=b150&src=https://cdn.crowdpic.net/detail-thumb/thumb_d_68D4A968463F0B99A57D75A08AAF36C0.png,45,image_sim,2025-07-14T20:38:41.113411,20473562
라면,2025-06,2025.06,"라면, 요리, 식사, 음식, 한국음식, 사진,이미지,일러스트,캘리그라피 - jameshan3035작가 크라우드픽 - 저작권 걱정 없는 상업용 이미지",https://cdn.crowdpic.net/detail-thumb/thumb_d_0F1AA9556C77707AE6276FC1953CE9F7.jpeg,https://search.pstatic.net/sunny/?type=b150&src=https://cdn.crowdpic.net/detail-thumb/thumb_d_0F1AA9556C77707AE6276FC1953CE9F7.jpeg,45,image_sim,2025-07-14T20:38:41.113411,20473562
라면,2025-06,25년 6월,"한국, 전통 다이어트, 전통 좋은 음식 일러스트 PNG, 한국 전통 특색 김치 라면 이미지 벡터, PSD 파일 - Pngtree",https://i.pinimg.com/736x/b9/dc/bc/b9dcbcfc48f51a62ee2808937ef3a122.jpg,https://search.pstatic.net/sunny/?type=b150&src=https://i.pinimg.com/736x/b9/dc/bc/b9dcbcfc48f51a62ee2808937ef3a122.jpg,45,image_sim,2025-07-14T20:38:41.707769,20473562
피자,2025-06,2025.06,"이미지: 피자, 음식 | 음식, 피자, 빵",https://i.pinimg.com/originals/25/24/a3/2524a352b59b804c2d77ea271748e57f.jpg,https://search.pstatic.net/sunny/?type=b150&src=https://i.pinimg.com/originals/25/24/a3/2524a352b59b804c2d77ea271748e57f.jpg,45,image_sim,2025-07-14T20:38:48.525376,15782041
피자,2025-06,25년 6월,"이미지: 사람 1명 이상, 피자, 음식 | 음식, 피자",https://i.pinimg.com/originals/d8/f5/40/d8f540c86e5d6b0798ced2fe07853fa3.jpg,https://search.pstatic.net/sunny/?type=b150&src=https://i.pinimg.com/originals/d8/f5/40/d8f540c86e5d6b0798ced2fe07853fa3.jpg,45,image_sim,2025-07-14T20:38:49.146467,15782041
피자,2025-06,25년 6월,"무료 이미지 : 요리, 식품, 아침 식사, 피자, 레스토랑, 전통적인... 튀긴 음식, 반찬, 채식주의 자 음식, 풀 조식, jollof rice 4608x3456...",https://c.pxhere.com/images/11/5c/04430c04fea4f68fff9ac9e98562-1430273.jpg!d,https://search.pstatic.net/sunny/?type=b150&src=https://c.pxhere.com/images/11/5c/04430c04fea4f68fff9ac9e98562-1430273.jpg!d,45,image_sim,2025-07-14T20:38:49.158037,15782041
피자,2025-06,25년 6월,"무료 이미지 : 요리, 식품, 아침 식사, 피자, 레스토랑, 전통적인... 손가락 음식 4608x3456 - Oleg Prokopenko - 1430167 - 무료 이미지 - PxHere",https://c.pxhere.com/images/05/6c/40062cb0e8c8e2a6d3e4f414be82-1430167.jpg!d,https://search.pstatic.net/sunny/?type=b150&src=https://c.pxhere.com/images/05/6c/40062cb0e8c8e2a6d3e4f414be82-1430167.jpg!d,45,image_sim,2025-07-14T20:38:49.158037,15782041
치킨,2024-06,2024년 6월,샐러드 치킨 음식 현수막 이미지 _사진 466276414 무료 다운로드_lovepik.com 샐러드 치킨 음식 현수막,https://img.lovepik.com/free-template/20211027/lovepik-salad-chicken-food-banner-image_5910405_detail.jpg!wh650,https://search.pstatic.net/sunny/?type=b150&src=https://img.lovepik.com/free-template/20211027/lovepik-salad-chicken-food-banner-image_5910405_detail.jpg!wh650,44,image_sim,2025-07-14T20:38:28.763913,317241121
치킨,2024-06,2024.06,"바삭한 치킨 탑 뷰, 닭, 음식, 바삭한 치킨 PNG 일러스트 및 PSD 이미지 무료 다운로드 - Pngtree",https://png.pngtree.com/png-clipart/20230321/ourlarge/pngtree-crispy-chicken-top-view-png-image_6660809.png,https://search.pstatic.net/sunny/?type=b150&src=https://png.pngtree.com/png-clipart/20230321/ourlarge/pngtree-crispy-chicken-top-view-png-image_6660809.png,44,image_sim,2025-07-14T20:38:29.337813,317241121
치킨,2024-06,2024.06,"매 운 치킨 정물 튀김 음식 건강 음식 음식 일러스트, 치킨, 음식, 튀김 PNG 일러스트 및 이미지 에 대한 무료 다운로드 - Pngtree",https://png.pngtree.com/png-vector/20210930/ourlarge/pngtree-spicy-fried-chicken-still-life-fried-food-healthy-food-png-image_3963570.png,https://search.pstatic.net/sunny/?type=b150&src=https://png.pngtree.com/png-vector/20210930/ourlarge/pngtree-spicy-fried-chicken-still-life-fried-food-healthy-food-png-image_3963570.png,44,image_sim,2025-07-14T20:38:29.337813,317241121
치킨,2024-06,2024.06,"프라이드 치킨 드럼 스틱 음식, 프라이드 치킨 클립 아트, 음식, 닭 튀김 PNG 일러스트 및 이미지 에 대한 무료 다운로드 - Pngtree",https://png.pngtree.com/png-vector/20190130/ourlarge/pngtree-fried-chicken-drumstick-food-chickenchicken-legtableclothfoodleisurehand-paintedconcise-png-image_578020.jpg,https://search.pstatic.net/sunny/?type=b150&src=https://png.pngtree.com/png-vector/20190130/ourlarge/pngtree-fried-chicken-drumstick-food-chickenchicken-legtableclothfoodleisurehand-paintedconcise-png-image_578020.jpg,44,image_sim,2025-07-14T20:38:29.337813,317241121
치킨,2024-06,2024.06,"치킨 샤 부 인도네시아 음식 일러스트, 인도네시아 음식, 사테이, 치킨 PNG 일러스트 및 PSD 이미지 무료 다운로드 - Pngtree",https://png.pngtree.com/png-clipart/20210930/ourlarge/pngtree-chicken-satay-delicious-indonesian-food-png-image_3963870.png,https://search.pstatic.net/sunny/?type=b150&src=https://png.pngtree.com/png-clipart/20210930/ourlarge/pngtree-chicken-satay-delicious-indonesian-food-png-image_3963870.png,44,image_sim,2025-07-14T20:38:29.337813,317241121
치킨,2024-06,2024.06,"테이크 아웃 치킨 스낵 햄버거, 음식, 아침밥, 치킨 PNG 일러스트 및 이미지 에 대한 무료 다운로드 - Pngtree",https://png.pngtree.com/png-vector/20210415/ourlarge/pngtree-takeaway-chicken-snack-burger-png-image_3224130.png,https://search.pstatic.net/sunny/?type=b150&src=https://png.pngtree.com/png-vector/20210415/ourlarge/pngtree-takeaway-chicken-snack-burger-png-image_3224130.png,44,image_sim,2025-07-14T20:38:29.337813,317241121
치킨,2024-06,24년 6월,BBQ 캘린더 제안_6월 황금올리브치킨,https://i.pinimg.com/736x/4a/71/06/4a7106dbc4580dbb34b256af7c4526d2.jpg,https://search.pstatic.net/sunny/?type=b150&src=https://i.pinimg.com/736x/4a/71/06/4a7106dbc4580dbb34b256af7c4526d2.jpg,44,image_sim,2025-07-14T20:38:29.930607,317241121
치킨,2024-06,24년 6월,"땅콩 소스를 곁들인 치킨 사테, 음식, 치킨 사테, 소스 PNG 일러스트 및 PSD 이미지 무료 다운로드 - Pngtree",https://png.pngtree.com/png-clipart/20240106/ourlarge/pngtree-chicken-satay-with-peanut-sauce-png-image_11405258.png,https://search.pstatic.net/sunny/?type=b150&src=https://png.pngtree.com/png-clipart/20240106/ourlarge/pngtree-chicken-satay-with-peanut-sauce-png-image_11405258.png,44,image_sim,2025-07-14T20:38:29.930607,317241121
치킨,2024-06,24년 6월,"튀긴 음식, 헨들, 탄두리 치킨, 로티 세리 치킨, 터두켄 3220x2473 - - 743277 - 무료 이미지 - PxHere 무료 이미지 : 새, 요리, 식품, 후추, 바베큐...",https://c.pxhere.com/photos/2f/86/rotisserie_chicken_bbq_paprika_pepper_butter_spices_food-743277.jpg!d,https://search.pstatic.net/sunny/?type=b150&src=https://c.pxhere.com/photos/2f/86/rotisserie_chicken_bbq_paprika_pepper_butter_spices_food-743277.jpg!d,44,image_sim,2025-07-14T20:38:29.946415,317241121
치킨,2024-06,24년 6월,"라이스 치킨 라이스, 밥공기, 치킨 라이스, 음식 PNG 일러스트 및 이미지 에 대한 무료 다운로드 - Pngtree",https://png.pngtree.com/png-clipart/20230120/ourlarge/pngtree-rice-chicken-rice-png-image_6178285.png,https://search.pstatic.net/sunny/?type=b150&src=https://png.pngtree.com/png-clipart/20230120/ourlarge/pngtree-rice-chicken-rice-png-image_6178285.png,44,image_sim,2025-07-14T20:38:29.946415,317241121
치킨,2024-06,24년 6월,"밥을 곁들인 치킨 카레, 치킨 카레, 음식, 카레 PNG 일러스트 및 PSD 이미지 무료 다운로드 - Pngtree",https://png.pngtree.com/png-clipart/20230412/ourlarge/pngtree-chicken-curry-with-rice-png-image_6702251.png,https://search.pstatic.net/sunny/?type=b150&src=https://png.pngtree.com/png-clipart/20230412/ourlarge/pngtree-chicken-curry-with-rice-png-image_6702251.png,44,image_sim,2025-07-14T20:38:29.946415,317241121
치킨,2024-06,24년 6월,"하이난 치킨 라이스, 하이난 치킨 라이스, 중국 음식, 투명한 PNG 일러스트 및 이미지 에 대한 무료 다운로드 - Pngtree",https://png.pngtree.com/png-vector/20231202/ourlarge/pngtree-the-hainanese-chicken-rice-png-image_10796949.png,https://search.pstatic.net/sunny/?type=b150&src=https://png.pngtree.com/png-vector/20231202/ourlarge/pngtree-the-hainanese-chicken-rice-png-image_10796949.png,44,image_sim,2025-07-14T20:38:29.946415,317241121
치킨,2024-06,24년 6월,"원래 미식가 바베큐 치킨 일러스트 꼬치 손으로 그린, 음식, 직렬, 치킨 꼬치 PNG 일러스트 및 PSD 이미지 무료 다운로드 - Pngtree",https://png.pngtree.com/png-clipart/20201224/ourlarge/pngtree-original-gourmet-barbecue-chicken-skewers-hand-drawn-png-image_2592605.jpg,https://search.pstatic.net/sunny/?type=b150&src=https://png.pngtree.com/png-clipart/20201224/ourlarge/pngtree-original-gourmet-barbecue-chicken-skewers-hand-drawn-png-image_2592605.jpg,44,image_sim,2025-07-14T20:38:29.946415,317241121
치킨,2025-06,2025.06,"매 운 치킨 정물 튀김 음식 건강 음식 음식 일러스트, 치킨, 음식, 튀김 PNG 일러스트 및 이미지 에 대한 무료 다운로드 - Pngtree",https://png.pngtree.com/png-vector/20210930/ourlarge/pngtree-spicy-fried-chicken-still-life-fried-food-healthy-food-png-image_3963570.png,https://search.pstatic.net/sunny/?type=b150&src=https://png.pngtree.com/png-vector/20210930/ourlarge/pngtree-spicy-fried-chicken-still-life-fried-food-healthy-food-png-image_3963570.png,44,image_sim,2025-07-14T20:38:33.522316,317241121
치킨,2025-06,2025.06,"치킨 샤 부 인도네시아 음식 일러스트, 인도네시아 음식, 사테이, 치킨 PNG 일러스트 및 PSD 이미지 무료 다운로드 - Pngtree",https://png.pngtree.com/png-clipart/20210930/ourlarge/pngtree-chicken-satay-delicious-indonesian-food-png-image_3963870.png,https://search.pstatic.net/sunny/?type=b150&src=https://png.pngtree.com/png-clipart/20210930/ourlarge/pngtree-chicken-satay-delicious-indonesian-food-png-image_3963870.png,44,image_sim,2025-07-14T20:38:33.522316,317241121
치킨,2025-06,2025.06,"프라이드 치킨 드럼 스틱 음식, 프라이드 치킨 클립 아트, 음식, 닭 튀김 PNG 일러스트 및 이미지 에 대한 무료 다운로드 - Pngtree",https://png.pngtree.com/png-vector/20190130/ourlarge/pngtree-fried-chicken-drumstick-food-chickenchicken-legtableclothfoodleisurehand-paintedconcise-png-image_578020.jpg,https://search.pstatic.net/sunny/?type=b150&src=https://png.pngtree.com/png-vector/20190130/ourlarge/pngtree-fried-chicken-drumstick-food-chickenchicken-legtableclothfoodleisurehand-paintedconcise-png-image_578020.jpg,44,image_sim,2025-07-14T20:38:33.526927,317241121
치킨,2025-06,2025.06,"바삭한 치킨 탑 뷰, 닭, 음식, 바삭한 치킨 PNG 일러스트 및 PSD 이미지 무료 다운로드 - Pngtree",https://png.pngtree.com/png-clipart/20230321/ourlarge/pngtree-crispy-chicken-top-view-png-image_6660809.png,https://search.pstatic.net/sunny/?type=b150&src=https://png.pngtree.com/png-clipart/20230321/ourlarge/pngtree-crispy-chicken-top-view-png-image_6660809.png,44,image_sim,2025-07-14T20:38:33.526927,317241121
치킨,2025-06,2025.06,"테이크 아웃 치킨 스낵 햄버거, 음식, 아침밥, 치킨 PNG 일러스트 및 이미지 에 대한 무료 다운로드 - Pngtree",https://png.pngtree.com/png-vector/20210415/ourlarge/pngtree-takeaway-chicken-snack-burger-png-image_3224130.png,https://search.pstatic.net/sunny/?type=b150&src=https://png.pngtree.com/png-vector/20210415/ourlarge/pngtree-takeaway-chicken-snack-burger-png-image_3224130.png,44,image_sim,2025-07-14T20:38:33.526927,317241121
치킨,2025-06,2025.06,"숯 Biryani 무료 Psd, 비리야니, 치킨 비리야니, 치킨 음식 PNG 일러스트 및 PSD 이미지 무료 다운로드 - Pngtree",https://png.pngtree.com/png-clipart/20230429/original/pngtree-charcoal-biryani-free-psd-png-image_9122563.png,https://search.pstatic.net/sunny/?type=b150&src=https://png.pngtree.com/png-clipart/20230429/original/pngtree-charcoal-biryani-free-psd-png-image_9122563.png,44,image_sim,2025-07-14T20:38:33.526927,317241121
치킨,2025-06,2025.06,"숯 Biryani 무료 Psd, 비리야니, 치킨 비리야니, 치킨 음식 PNG 일러스트 및 PSD 이미지 무료 다운로드 - Pngtree",https://png.pngtree.com/png-clipart/20230429/original/pngtree-charcoal-biryani-free-psd-png-image_9121937.png,https://search.pstatic.net/sunny/?type=b150&src=https://png.pngtree.com/png-clipart/20230429/original/pngtree-charcoal-biryani-free-psd-png-image_9121937.png,44,image_sim,2025-07-14T20:38:33.526927,317241121
치킨,2025-06,2025.06,"원래 미식가 바베큐 치킨 일러스트 꼬치 손으로 그린, 음식, 직렬, 치킨 꼬치 PNG 일러스트 및 PSD 이미지 무료 다운로드 - Pngtree",https://png.pngtree.com/png-clipart/20201224/ourlarge/pngtree-original-gourmet-barbecue-chicken-skewers-hand-drawn-png-image_2592605.jpg,https://search.pstatic.net/sunny/?type=b150&src=https://png.pngtree.com/png-clipart/20201224/ourlarge/pngtree-original-gourmet-barbecue-chicken-skewers-hand-drawn-png-image_2592605.jpg,44,image_sim,2025-07-14T20:38:33.526927,317241121
치킨,2025-06,2025.06,"음식 치킨 옐로우, 구운 치킨, 황금, 추수 감사 절 음식 PNG 일러스트 및 이미지 에 대한 무료 다운로드 - Pngtree",https://png.pngtree.com/png-clipart/20230430/original/pngtree-food-chicken-yellow-png-image_9124842.png,https://search.pstatic.net/sunny/?type=b150&src=https://png.pngtree.com/png-clipart/20230430/original/pngtree-food-chicken-yellow-png-image_9124842.png,44,image_sim,2025-07-14T20:38:33.528936,317241121
치킨,2025-06,2025.06,"라이스 치킨 라이스, 밥공기, 치킨 라이스, 음식 PNG 일러스트 및 이미지 에 대한 무료 다운로드 - Pngtree",https://png.pngtree.com/png-clipart/20230120/ourlarge/pngtree-rice-chicken-rice-png-image_6178285.png,https://search.pstatic.net/sunny/?type=b150&src=https://png.pngtree.com/png-clipart/20230120/ourlarge/pngtree-rice-chicken-rice-png-image_6178285.png,44,image_sim,2025-07-14T20:38:33.528936,317241121
치킨,2025-06,2025.06,"로스트 치킨 고기 수채화 일러스트, 프라이드 치킨 클립 아트, 음식, 삽화 PNG 일러스트 및 PSD 이미지 무료 다운로드 - Pngtree",https://png.pngtree.com/png-clipart/20190617/original/pngtree-a-roast-chicken-chicken-meat-watercolor-roast-chicken-png-image_3828921.jpg,https://search.pstatic.net/sunny/?type=b150&src=https://png.pngtree.com/png-clipart/20190617/original/pngtree-a-roast-chicken-chicken-meat-watercolor-roast-chicken-png-image_3828921.jpg,44,image_sim,2025-07-14T20:38:33.528936,317241121
치킨,2025-06,2025.06,"흰 접시에 치킨 프라이, 치킨 프라이, 음식 3d, 음식 PNG 일러스트 및 이미지 에 대한 무료 다운로드 - Pngtree",https://png.pngtree.com/png-clipart/20250203/original/pngtree-chicken-fry-on-white-plate-png-image_20268859.png,https://search.pstatic.net/sunny/?type=b150&src=https://png.pngtree.com/png-clipart/20250203/original/pngtree-chicken-fry-on-white-plate-png-image_20268859.png,44,image_sim,2025-07-14T20:38:33.528936,317241121
치킨,2025-06,25년 6월,"땅콩 소스를 곁들인 치킨 사테, 음식, 치킨 사테, 소스 PNG 일러스트 및 PSD 이미지 무료 다운로드 - Pngtree",https://png.pngtree.com/png-clipart/20240106/ourlarge/pngtree-chicken-satay-with-peanut-sauce-png-image_11405258.png,https://search.pstatic.net/sunny/?type=b150&src=https://png.pngtree.com/png-clipart/20240106/ourlarge/pngtree-chicken-satay-with-peanut-sauce-png-image_11405258.png,44,image_sim,2025-07-14T20:38:34.177345,317241121
치킨,2025-06,25년 6월,"튀긴 음식, 헨들, 탄두리 치킨, 로티 세리 치킨, 터두켄 3220x2473 - - 743277 - 무료 이미지 - PxHere 무료 이미지 : 새, 요리, 식품, 후추, 바베큐...",https://c.pxhere.com/photos/2f/86/rotisserie_chicken_bbq_paprika_pepper_butter_spices_food-743277.jpg!d,https://search.pstatic.net/sunny/?type=b150&src=https://c.pxhere.com/photos/2f/86/rotisserie_chicken_bbq_paprika_pepper_butter_spices_food-743277.jpg!d,44,image_sim,2025-07-14T20:38:34.177345,317241121
치킨,2025-06,25년 6월,"밥을 곁들인 치킨 카레, 치킨 카레, 음식, 카레 PNG 일러스트 및 PSD 이미지 무료 다운로드 - Pngtree",https://png.pngtree.com/png-clipart/20230412/ourlarge/pngtree-chicken-curry-with-rice-png-image_6702251.png,https://search.pstatic.net/sunny/?type=b150&src=https://png.pngtree.com/png-clipart/20230412/ourlarge/pngtree-chicken-curry-with-rice-png-image_6702251.png,44,image_sim,2025-07-14T20:38:34.177345,317241121
치킨,2025-06,25년 6월,"하이난 치킨 라이스, 하이난 치킨 라이스, 중국 음식, 투명한 PNG 일러스트 및 이미지 에 대한 무료 다운로드 - Pngtree",https://png.pngtree.com/png-vector/20231202/ourlarge/pngtree-the-hainanese-chicken-rice-png-image_10796949.png,https://search.pstatic.net/sunny/?type=b150&src=https://png.pngtree.com/png-vector/20231202/ourlarge/pngtree-the-hainanese-chicken-rice-png-image_10796949.png,44,image_sim,2025-07-14T20:38:34.177345,317241121
라면,2024-06,24년 6월,"일러스트 라면, 음식, 삽화, 라면 클립 아트 PNG 일러스트 및 PSD 이미지 무료 다운로드 - Pngtree",https://png.pngtree.com/png-clipart/20220521/ourlarge/pngtree-illustration-ramen-png-image_4689681.png,https://search.pstatic.net/sunny/?type=b150&src=https://png.pngtree.com/png-clipart/20220521/ourlarge/pngtree-illustration-ramen-png-image_4689681.png,44,image_sim,2025-07-14T20:38:37.414805,20473562
라면,2024-06,24년 6월,"라면 음식 일러스트 삽화, 라면, 계란, Sosis PNG 일러스트 및 PSD 이미지 무료 다운로드 - Pngtree",https://png.pngtree.com/png-clipart/20220302/ourlarge/pngtree-ramen-food-ilustration-png-image_4470887.png,https://search.pstatic.net/sunny/?type=b150&src=https://png.pngtree.com/png-clipart/20220302/ourlarge/pngtree-ramen-food-ilustration-png-image_4470887.png,44,image_sim,2025-07-14T20:38:37.414805,20473562
라면,2024-06,24년 6월,"일본의 뜨거운 라면, 라면, 라미 양, 음식 PNG 일러스트 및 PSD 이미지 무료 다운로드 - Pngtree",https://png.pngtree.com/png-clipart/20220613/ourlarge/pngtree-hot-ramen-from-japan-png-image_4957619.png,https://search.pstatic.net/sunny/?type=b150&src=https://png.pngtree.com/png-clipart/20220613/ourlarge/pngtree-hot-ramen-from-japan-png-image_4957619.png,44,image_sim,2025-07-14T20:38:37.414805,20473562
라면,2025-06,25년 6월,"일러스트 라면, 음식, 삽화, 라면 클립 아트 PNG 일러스트 및 PSD 이미지 무료 다운로드 - Pngtree",https://png.pngtree.com/png-clipart/20220521/ourlarge/pngtree-illustration-ramen-png-image_4689681.png,https://search.pstatic.net/sunny/?type=b150&src=https://png.pngtree.com/png-clipart/20220521/ourlarge/pngtree-illustration-ramen-png-image_4689681.png,44,image_sim,2025-07-14T20:38:41.707769,20473562
라면,2025-06,25년 6월,"라면 음식 일러스트 삽화, 라면, 계란, Sosis PNG 일러스트 및 PSD 이미지 무료 다운로드 - Pngtree",https://png.pngtree.com/png-clipart/20220302/ourlarge/pngtree-ramen-food-ilustration-png-image_4470887.png,https://search.pstatic.net/sunny/?type=b150&src=https://png.pngtree.com/png-clipart/20220302/ourlarge/pngtree-ramen-food-ilustration-png-image_4470887.png,44,image_sim,2025-07-14T20:38:41.707769,20473562
라면,2025-06,25년 6월,"일본의 뜨거운 라면, 라면, 라미 양, 음식 PNG 일러스트 및 PSD 이미지 무료 다운로드 - Pngtree",https://png.pngtree.com/png-clipart/20220613/ourlarge/pngtree-hot-ramen-from-japan-png-image_4957619.png,https://search.pstatic.net/sunny/?type=b150&src=https://png.pngtree.com/png-clipart/20220613/ourlarge/pngtree-hot-ramen-from-japan-png-image_4957619.png,44,image_sim,2025-07-14T20:38:41.707769,20473562
피자,2025-06,2025.06,"피자 음식 그림, 피자, 음식, 삽화 PNG 일러스트 및 이미지 에 대한 무료 다운로드 - Pngtree",https://png.pngtree.com/png-vector/20230322/ourlarge/pngtree-pizza-food-illustration-png-image_6659046.png,https://search.pstatic.net/sunny/?type=b150&src=https://png.pngtree.com/png-vector/20230322/ourlarge/pngtree-pizza-food-illustration-png-image_6659046.png,44,image_sim,2025-07-14T20:38:48.525376,15782041
피자,2025-06,2025.06,"피자 삽화, 피자, 음식, 케이크 조각 PNG 일러스트 및 PSD 이미지 무료 다운로드 - Pngtree",https://png.pngtree.com/png-clipart/20230130/ourlarge/pngtree-pizza-illustration-png-image_6573695.png,https://search.pstatic.net/sunny/?type=b150&src=https://png.pngtree.com/png-clipart/20230130/ourlarge/pngtree-pizza-illustration-png-image_6573695.png,44,image_sim,2025-07-14T20:38:48.525376,15782041
피자,2025-06,2025.06,"피자 음식 이미지, 피자, 음식, 패스트 푸드 PNG 일러스트 및 이미지 에 대한 무료 다운로드 - Pngtree",https://png.pngtree.com/png-clipart/20241121/original/pngtree-pizza-food-image-png-image_17277462.png,https://search.pstatic.net/sunny/?type=b150&src=https://png.pngtree.com/png-clipart/20241121/original/pngtree-pizza-food-image-png-image_17277462.png,44,image_sim,2025-07-14T20:38:48.525376,15782041
피자,2025-06,2025.06,"음식 미식가 피자 새로운, 음식, 피자, 식도락가 PNG 일러스트 및 이미지 에 대한 무료 다운로드 - Pngtree",https://png.pngtree.com/png-vector/20240506/ourlarge/pngtree-food-gourmet-pizza-new-png-image_12376049.png,https://search.pstatic.net/sunny/?type=b150&src=https://png.pngtree.com/png-vector/20240506/ourlarge/pngtree-food-gourmet-pizza-new-png-image_12376049.png,44,image_sim,2025-07-14T20:38:48.525376,15782041
피자,2025-06,2025.06,"피자 음식 텍스트 효과 디자인, 피자, 텍스트 효과, 음식 텍스트 PNG 일러스트 및 이미지 에 대한 무료 다운로드 - Pngtree",https://png.pngtree.com/png-clipart/20240802/original/pngtree-pizza-food-text-effect-design-png-image_15690167.png,https://search.pstatic.net/sunny/?type=b150&src=https://png.pngtree.com/png-clipart/20240802/original/pngtree-pizza-food-text-effect-design-png-image_15690167.png,44,image_sim,2025-07-14T20:38:48.525376,15782041
피자,2025-06,2025.06,"음식 미식가 피자, 음식, 식도락가, 음식 미식가 피자 PNG 일러스트 및 이미지 에 대한 무료 다운로드 - Pngtree",https://png.pngtree.com/png-vector/20240506/ourlarge/pngtree-food-gourmet-fizza-png-image_12376087.png,https://search.pstatic.net/sunny/?type=b150&src=https://png.pngtree.com/png-vector/20240506/ourlarge/pngtree-food-gourmet-fizza-png-image_12376087.png,44,image_sim,2025-07-14T20:38:48.539531,15782041
피자,2025-06,2025.06,"3d 일러스트 피자 파이와 야채 음식, 피자, 야채, 쟁반 PNG 일러스트 및 PSD 이미지 무료 다운로드 - Pngtree",https://png.pngtree.com/png-clipart/20210913/ourlarge/pngtree-3d-pizza-pie-and-vegetables-png-image_3823290.jpg,https://search.pstatic.net/sunny/?type=b150&src=https://png.pngtree.com/png-clipart/20210913/ourlarge/pngtree-3d-pizza-pie-and-vegetables-png-image_3823290.jpg,44,image_sim,2025-07-14T20:38:48.539531,15782041
피자,2025-06,25년 6월,"우주비행사는 달에서 피자를 먹는다, 모험, 피자, 음식 PNG 일러스트 및 이미지 에 대한 무료 다운로드 - Pngtree",https://png.pngtree.com/png-vector/20240604/ourlarge/pngtree-astronaut-eat-pizza-on-the-moon-png-image_12623031.png,https://search.pstatic.net/sunny/?type=b150&src=https://png.pngtree.com/png-vector/20240604/ourlarge/pngtree-astronaut-eat-pizza-on-the-moon-png-image_12623031.png,44,image_sim,2025-07-14T20:38:49.158037,15782041
피자,2025-06,25년 6월,"3d 일러스트 피자와 접시 모델링 음식, 피자, 플레이트, 토마토 PNG 일러스트 및 PSD 이미지 무료 다운로드 - Pngtree",https://png.pngtree.com/png-clipart/20210913/ourlarge/pngtree-3d-pizza-and-plate-modeling-png-image_3823293.jpg,https://search.pstatic.net/sunny/?type=b150&src=https://png.pngtree.com/png-clipart/20210913/ourlarge/pngtree-3d-pizza-and-plate-modeling-png-image_3823293.jpg,44,image_sim,2025-07-14T20:38:49.158037,15782041
치킨,2024-06,2024년 6월,프라이드 치킨 음식 소셜 미디어 게시물 이미지 _사진 450018146 무료 다운로드_lovepik.com 프라이드 치킨 음식 소셜 미디어 게시물,https://img.lovepik.com/desgin_photo/45001/8146_detail.jpg!wh650,https://search.pstatic.net/sunny/?type=b150&src=https://img.lovepik.com/desgin_photo/45001/8146_detail.jpg!wh650,43,image_sim,2025-07-14T20:38:28.762233,317241121
치킨,2024-06,2024년 6월,프라이드 치킨 음식 소셜 미디어 게시물 이미지 _사진 450107835 무료 다운로드_lovepik.com 프라이드 치킨 음식 소셜 미디어 게시물,https://img.lovepik.com/desgin_photo/45010/7835_detail.jpg!wh650,https://search.pstatic.net/sunny/?type=b150&src=https://img.lovepik.com/desgin_photo/45010/7835_detail.jpg!wh650,43,image_sim,2025-07-14T20:38:28.762233,317241121
치킨,2024-06,2024년 6월,"후라이드치킨, 치킨, friedchicken, 음식, 요리, 사진,이미지,일러스트,캘리그라피 - 로뎀작가 크라우드픽 - 저작권 걱정 없는 상업용 이미지",https://cdn.crowdpic.net/detail-thumb/thumb_d_CFE25AE9A9905B912D15946243F6CD28.jpg,https://search.pstatic.net/sunny/?type=b150&src=https://cdn.crowdpic.net/detail-thumb/thumb_d_CFE25AE9A9905B912D15946243F6CD28.jpg,43,image_sim,2025-07-14T20:38:28.762233,317241121
치킨,2024-06,2024년 6월,"음식, 맛있는 치킨 버거 건강에 좋은 음식, 치킨버거 건강에 좋은 음식, 맛있는 치킨 버거 PNG 일러스트 및 이미지 에 대한 무료 다운로드 - Pngtree",https://png.pngtree.com/png-clipart/20241026/original/pngtree-delicious-chicken-burger-healthy-food-png-image_16517115.png,https://search.pstatic.net/sunny/?type=b150&src=https://png.pngtree.com/png-clipart/20241026/original/pngtree-delicious-chicken-burger-healthy-food-png-image_16517115.png,43,image_sim,2025-07-14T20:38:28.763913,317241121
치킨,2024-06,2024년 6월,"치킨, 데이트, 튀김, 음식, 후라이드치킨, 사진,이미지,일러스트,캘리그라피 - jw0935작가 크라우드픽 - 저작권 걱정 없는 상업용 이미지",https://cdn.crowdpic.net/detail-thumb/thumb_d_20CAC9661012566C47B55F11DE4A861E.jpg,https://search.pstatic.net/sunny/?type=b150&src=https://cdn.crowdpic.net/detail-thumb/thumb_d_20CAC9661012566C47B55F11DE4A861E.jpg,43,image_sim,2025-07-14T20:38:28.763913,317241121
치킨,2024-06,2024년 6월,"치킨, 후라이드치킨, 음식, 닭, 야식, 사진,이미지,일러스트,캘리그라피 - LifeStudio작가 크라우드픽 - 저작권 걱정 없는 상업용 이미지",https://cdn.crowdpic.net/detail-thumb/thumb_d_6EDE897D29C8C9B2FA39737C2C0001BA.jpg,https://search.pstatic.net/sunny/?type=b150&src=https://cdn.crowdpic.net/detail-thumb/thumb_d_6EDE897D29C8C9B2FA39737C2C0001BA.jpg,43,image_sim,2025-07-14T20:38:28.765050,317241121
치킨,2024-06,2024년 6월,"치킨, 안주, 음식, 식사, 간장치킨, 사진,이미지,일러스트,캘리그라피 - Nwmr04059작가 크라우드픽 - 저작권 걱정 없는 상업용 이미지",https://cdn.crowdpic.net/detail-thumb/thumb_d_AE836D04130270177D8D3D5A69F253EC.jpg,https://search.pstatic.net/sunny/?type=b150&src=https://cdn.crowdpic.net/detail-thumb/thumb_d_AE836D04130270177D8D3D5A69F253EC.jpg,43,image_sim,2025-07-14T20:38:28.765050,317241121
치킨,2024-06,2024년 6월,"치킨샐러드, 샐러드, 음식, 브런치, 치킨, 사진,이미지,일러스트,캘리그라피 - Nmy458500작가 크라우드픽 - 저작권 걱정 없는 상업용 이미지",https://cdn.crowdpic.net/detail-thumb/thumb_d_62F4A1A99598FDD6C5F1CF8CDF32F969.jpg,https://search.pstatic.net/sunny/?type=b150&src=https://cdn.crowdpic.net/detail-thumb/thumb_d_62F4A1A99598FDD6C5F1CF8CDF32F969.jpg,43,image_sim,2025-07-14T20:38:28.765050,317241121
치킨,2024-06,2024년 6월,"양념치킨, 치킨, 음식, 튀김, 양념, 사진,이미지,일러스트,캘리그라피 - 홍꽃작가 크라우드픽 - 저작권 걱정 없는 상업용 이미지",https://cdn.crowdpic.net/detail-thumb/thumb_d_92BF56F81D9A817974E33F3DD3D1260C.jpg,https://search.pstatic.net/sunny/?type=b150&src=https://cdn.crowdpic.net/detail-thumb/thumb_d_92BF56F81D9A817974E33F3DD3D1260C.jpg,43,image_sim,2025-07-14T20:38:28.765050,317241121
치킨,2024-06,2024년 6월,"음식, 치킨너겟, 치킨, 노란색, 맛, 사진,이미지,일러스트,캘리그라피 - 껌꺼작가 크라우드픽 - 저작권 걱정 없는 상업용 이미지",https://cdn.crowdpic.net/detail-thumb/thumb_d_5469D677A25A4221E0FFBB46400D2F3B.jpg,https://search.pstatic.net/sunny/?type=b150&src=https://cdn.crowdpic.net/detail-thumb/thumb_d_5469D677A25A4221E0FFBB46400D2F3B.jpg,43,image_sim,2025-07-14T20:38:28.765050,317241121
치킨,2024-06,2024년 6월,"버터 치킨 카레 음식. 로열티 무료 사진, 그림, 이미지 그리고 스톡포토그래피. Image 42023522.",https://us.123rf.com/450wm/noomod/noomod1507/noomod150700043/42023522-%EB%B2%84%ED%84%B0-%EC%B9%98%ED%82%A8-%EC%B9%B4%EB%A0%88-%EC%9D%8C%EC%8B%9D-.jpg?ver=6,https://search.pstatic.net/sunny/?type=b150&src=https://us.123rf.com/450wm/noomod/noomod1507/noomod150700043/42023522-%EB%B2%84%ED%84%B0-%EC%B9%98%ED%82%A8-%EC%B9%B4%EB%A0%88-%EC%9D%8C%EC%8B%9D-.jpg?ver=6,43,image_sim,2025-07-14T20:38:28.765050,317241121
치킨,2024-06,2024.06,프라이드 치킨 음식 Taobar Banner 이미지 _사진 400529946 무료 다운로드_lovepik.com 프라이드 치킨 음식 Taobar Banner,https://img.lovepik.com/desgin_photo/40052/9946_detail.jpg,https://search.pstatic.net/sunny/?type=b150&src=https://img.lovepik.com/desgin_photo/40052/9946_detail.jpg,43,image_sim,2025-07-14T20:38:29.337813,317241121
치킨,2024-06,2024.06,간단한 크리 에이 티브 치킨 음식 포스터 이미지 _사진 465604771 무료 다운로드_lovepik.com 간단한 크리 에이 티브 치킨 음식 포스터,https://img.lovepik.com/free-template/20201123/bg/c087c25b56b40.jpg_detail.jpg!detail808,https://search.pstatic.net/sunny/?type=b150&src=https://img.lovepik.com/free-template/20201123/bg/c087c25b56b40.jpg_detail.jpg!detail808,43,image_sim,2025-07-14T20:38:29.337813,317241121
치킨,2024-06,2024.06,치킨 치즈 버거 음식 소셜 미디어 게시물 이미지 _사진 450144083 무료 다운로드_lovepik.com 치킨 치즈 버거 음식 소셜 미디어 게시물,https://img.lovepik.com/desgin_photo/45014/4083_detail.jpg,https://search.pstatic.net/sunny/?type=b150&src=https://img.lovepik.com/desgin_photo/45014/4083_detail.jpg,43,image_sim,2025-07-14T20:38:29.337813,317241121
치킨,2024-06,2024.06,"Kastu 치킨 벡터는 음식 삽화 애니메이션 스티커 일러스트 또는... 일러스트, 음식 일러스트 PNG 일러스트 및 PSD 이미지 무료 다운로드...",https://png.pngtree.com/png-clipart/20220921/original/pngtree-kastu-chicken-vector-can-be-used-as-food-illustrations-animations-stickers-png-image_8625839.png,https://search.pstatic.net/sunny/?type=b150&src=https://png.pngtree.com/png-clipart/20220921/original/pngtree-kastu-chicken-vector-can-be-used-as-food-illustrations-animations-stickers-png-image_8625839.png,43,image_sim,2025-07-14T20:38:29.337813,317241121
치킨,2024-06,2024.06,뜨겁고 매운 치킨 음식 소셜 미디어 게시물 이미지 _사진 450061343 무료 다운로드_lovepik.com 뜨겁고 매운 치킨 음식 소셜 미디어 게시물,https://img.lovepik.com/desgin_photo/45006/1343_detail.jpg,https://search.pstatic.net/sunny/?type=b150&src=https://img.lovepik.com/desgin_photo/45006/1343_detail.jpg,43,image_sim,2025-07-14T20:38:29.337813,317241121
치킨,2024-06,2024.06,"치킨 티카, 치킨 티카, 인도 음식, 구운 치킨 PNG 일러스트 및 이미지 에 대한 무료 다운로드 - Pngtree",https://png.pngtree.com/png-vector/20240823/ourlarge/pngtree-chicken-tikka-png-image_13593162.png,https://search.pstatic.net/sunny/?type=b150&src=https://png.pngtree.com/png-vector/20240823/ourlarge/pngtree-chicken-tikka-png-image_13593162.png,43,image_sim,2025-07-14T20:38:29.337813,317241121
치킨,2024-06,24년 6월,"Karakter Kartun Daging Paha Ayam 음식 일러스트 캐릭터, 캐릭터, 만화, 치킨 PNG 일러스트 및 PSD 이미지 무료 다운로드 - Pngtree",https://png.pngtree.com/png-clipart/20211116/ourlarge/pngtree-karakter-kartun-daging-paha-ayam-png-image_4033516.png,https://search.pstatic.net/sunny/?type=b150&src=https://png.pngtree.com/png-clipart/20211116/ourlarge/pngtree-karakter-kartun-daging-paha-ayam-png-image_4033516.png,43,image_sim,2025-07-14T20:38:29.946415,317241121
치킨,2024-06,24년 6월,"삽화 베트남 음식 비건 레몬그라스 치킨 무료 일러스트 다운로드, 삽화, 음식, 베트남 PNG 일러스트 및 PSD 이미지 무료 다운로드 - Pngtree",https://png.pngtree.com/png-clipart/20210715/ourlarge/pngtree-illustration-vietnamese-food-vegan-lemongrass-chicken-download-for-free-png-image_3602094.jpg,https://search.pstatic.net/sunny/?type=b150&src=https://png.pngtree.com/png-clipart/20210715/ourlarge/pngtree-illustration-vietnamese-food-vegan-lemongrass-chicken-download-for-free-png-image_3602094.jpg,43,image_sim,2025-07-14T20:38:29.946415,317241121
치킨,2024-06,24년 6월,"닭 가슴 살 구 이 용기 음식 튀김 단백질 음식 일러스트, 치킨, 구운 닭 가슴, 음식 PNG 일러스트 및 이미지 에 대한 무료 다운로드 - Pngtree",https://png.pngtree.com/png-vector/20211010/ourlarge/pngtree-roast-chicken-breast-container-diet-fried-protein-png-image_3978743.png,https://search.pstatic.net/sunny/?type=b150&src=https://png.pngtree.com/png-vector/20211010/ourlarge/pngtree-roast-chicken-breast-container-diet-fried-protein-png-image_3978743.png,43,image_sim,2025-07-14T20:38:29.946415,317241121
치킨,2024-06,24년 6월,"추수 감사절 칠면조 손 일러스트 일러스트으로 그린 음식, 터키, 치킨, 구운 것 PNG 일러스트 및 PSD 이미지 무료 다운로드 - Pngtree",https://png.pngtree.com/png-clipart/20211202/ourlarge/pngtree-thanksgiving-turkey-png-image_4046793.png,https://search.pstatic.net/sunny/?type=b150&src=https://png.pngtree.com/png-clipart/20211202/ourlarge/pngtree-thanksgiving-turkey-png-image_4046793.png,43,image_sim,2025-07-14T20:38:29.946415,317241121
치킨,2024-06,24년 6월,"닭 가슴 살 구 이 용기 음식 불고기 촬영 사진 나무 일러스트 음식 일러스트, 음식, 치킨, 구운 닭 가슴 PNG 일러스트 및 이미지 에 대한 무료...",https://png.pngtree.com/png-vector/20211010/ourlarge/pngtree-roasted-chicken-breast-container-diet-barbecue-photography-png-image_3978736.png,https://search.pstatic.net/sunny/?type=b150&src=https://png.pngtree.com/png-vector/20211010/ourlarge/pngtree-roasted-chicken-breast-container-diet-barbecue-photography-png-image_3978736.png,43,image_sim,2025-07-14T20:38:29.946415,317241121
치킨,2024-06,24년 6월,"한국 맥주 후라이드 치킨 진한 소스의 튀긴 음식 일러스트, 한국, 맥주, 닭 튀김 PNG 일러스트 및 PSD 이미지 무료 다운로드 - Pngtree",https://png.pngtree.com/png-clipart/20210730/ourlarge/pngtree-korean-beer-fried-chicken-deep-fried-food-with-rich-sauce-png-image_3727420.jpg,https://search.pstatic.net/sunny/?type=b150&src=https://png.pngtree.com/png-clipart/20210730/ourlarge/pngtree-korean-beer-fried-chicken-deep-fried-food-with-rich-sauce-png-image_3727420.jpg,43,image_sim,2025-07-14T20:38:29.946415,317241121
치킨,2024-06,24년 6월,"Satay 바베큐 인도 음식 일러스트 칠리 땅콩 소스 양파 오이, 사테이, 야외 파티, 치킨 PNG 일러스트 및 PSD 이미지 무료 다운로드 - Pngtree",https://png.pngtree.com/png-clipart/20201229/ourlarge/pngtree-satay-barbecue-indian-food-chili-peanut-sauce-onion-cucumber-png-image_2661076.jpg,https://search.pstatic.net/sunny/?type=b150&src=https://png.pngtree.com/png-clipart/20201229/ourlarge/pngtree-satay-barbecue-indian-food-chili-peanut-sauce-onion-cucumber-png-image_2661076.jpg,43,image_sim,2025-07-14T20:38:29.946415,317241121
치킨,2025-06,2025년 6월,"후라이드치킨, 치킨, friedchicken, 음식, 요리, 사진,이미지,일러스트,캘리그라피 - 로뎀작가 크라우드픽 - 저작권 걱정 없는 상업용 이미지",https://cdn.crowdpic.net/detail-thumb/thumb_d_CFE25AE9A9905B912D15946243F6CD28.jpg,https://search.pstatic.net/sunny/?type=b150&src=https://cdn.crowdpic.net/detail-thumb/thumb_d_CFE25AE9A9905B912D15946243F6CD28.jpg,43,image_date,2025-07-14T20:38:32.516649,317241121
치킨,2025-06,2025년 6월,"치킨, 양념치킨, 닭음식, 닭튀김, 튀김음식, 사진,이미지,일러스트,캘리그라피 - 팔순이작가 크라우드픽 - 저작권 걱정 없는 상업용 이미지",https://cdn.crowdpic.net/detail-thumb/thumb_d_C64F8012A8E06F9672219223D38972B4.jpg,https://search.pstatic.net/sunny/?type=b150&src=https://cdn.crowdpic.net/detail-thumb/thumb_d_C64F8012A8E06F9672219223D38972B4.jpg,43,image_date,2025-07-14T20:38:32.516649,317241121
치킨,2025-06,2025.06,"Kastu 치킨 벡터는 음식 삽화 애니메이션 스티커 일러스트 또는... 일러스트, 음식 일러스트 PNG 일러스트 및 PSD 이미지 무료 다운로드...",https://png.pngtree.com/png-clipart/20220921/original/pngtree-kastu-chicken-vector-can-be-used-as-food-illustrations-animations-stickers-png-image_8625839.png,https://search.pstatic.net/sunny/?type=b150&src=https://png.pngtree.com/png-clipart/20220921/original/pngtree-kastu-chicken-vector-can-be-used-as-food-illustrations-animations-stickers-png-image_8625839.png,43,image_sim,2025-07-14T20:38:33.526927,317241121
치킨,2025-06,2025.06,"치킨 티카, 치킨 티카, 인도 음식, 구운 치킨 PNG 일러스트 및 이미지 에 대한 무료 다운로드 - Pngtree",https://png.pngtree.com/png-vector/20240823/ourlarge/pngtree-chicken-tikka-png-image_13593162.png,https://search.pstatic.net/sunny/?type=b150&src=https://png.pngtree.com/png-vector/20240823/ourlarge/pngtree-chicken-tikka-png-image_13593162.png,43,image_sim,2025-07-14T20:38:33.526927,317241121
치킨,2025-06,2025.06,"치킨, 치킨그림, 치킨일러스트, 음식, 음식그림, 사진,이미지,일러스트,캘리그라피 - 불량이작가 크라우드픽 - 저작권 걱정 없는 상업용 이미지",https://cdn.crowdpic.net/detail-thumb/thumb_d_AD17EC750CA1DCA37195BFB21617C8D4.jpg,https://search.pstatic.net/sunny/?type=b150&src=https://cdn.crowdpic.net/detail-thumb/thumb_d_AD17EC750CA1DCA37195BFB21617C8D4.jpg,43,image_sim,2025-07-14T20:38:33.526927,317241121
치킨,2025-06,2025.06,"치킨, 손그림일러스트, 프라이드치킨, 음식, 음식그림, 사진,이미지,일러스트,캘리그라피 - lami719작가 크라우드픽 - 저작권 걱정 없는 상업용...",https://cdn.crowdpic.net/detail-thumb/thumb_d_C790AD46EA5E53714859C542BFE3D0DE.png,https://search.pstatic.net/sunny/?type=b150&src=https://cdn.crowdpic.net/detail-thumb/thumb_d_C790AD46EA5E53714859C542BFE3D0DE.png,43,image_sim,2025-07-14T20:38:33.526927,317241121
치킨,2025-06,2025.06,간단한 크리 에이 티브 치킨 음식 포스터 이미지 _사진 465604771 무료 다운로드_lovepik.com 간단한 크리 에이 티브 치킨 음식 포스터,https://img.lovepik.com/free-template/20201123/bg/c087c25b56b40.jpg_detail.jpg!detail808,https://search.pstatic.net/sunny/?type=b150&src=https://img.lovepik.com/free-template/20201123/bg/c087c25b56b40.jpg_detail.jpg!detail808,43,image_sim,2025-07-14T20:38:33.528936,317241121
치킨,2025-06,2025.06,"삽화 베트남 음식 비건 레몬그라스 치킨 무료 일러스트 다운로드, 삽화, 음식, 베트남 PNG 일러스트 및 PSD 이미지 무료 다운로드 - Pngtree",https://png.pngtree.com/png-clipart/20210715/ourlarge/pngtree-illustration-vietnamese-food-vegan-lemongrass-chicken-download-for-free-png-image_3602094.jpg,https://search.pstatic.net/sunny/?type=b150&src=https://png.pngtree.com/png-clipart/20210715/ourlarge/pngtree-illustration-vietnamese-food-vegan-lemongrass-chicken-download-for-free-png-image_3602094.jpg,43,image_sim,2025-07-14T20:38:33.528936,317241121
치킨,2025-06,2025.06,"음식은 삽화 애니메이션 스티커나 로고로 사용될 수 있습니다, 치킨 사테이, 음식, 만화 PNG 일러스트 및 PSD 이미지 무료 다운로드 - Pngtree",https://png.pngtree.com/png-clipart/20220921/original/pngtree-chicken-satay-indonesian-tradisional-food-can-be-used-as-illustrations-animations-png-image_8625842.png,https://search.pstatic.net/sunny/?type=b150&src=https://png.pngtree.com/png-clipart/20220921/original/pngtree-chicken-satay-indonesian-tradisional-food-can-be-used-as-illustrations-animations-png-image_8625842.png,43,image_sim,2025-07-14T20:38:33.528936,317241121
치킨,2025-06,2025.06,"나 실 레 마크 와 치킨 삽화 음식 일러스트 전통 캐릭터, 나시 레막, 닭 튀김, 삽화 PNG 일러스트 및 PSD 이미지 무료 다운로드 - Pngtree",https://png.pngtree.com/png-clipart/20211116/original/pngtree-nasi-lemak-and-fried-chicken-illustration-png-image_6934802.png,https://search.pstatic.net/sunny/?type=b150&src=https://png.pngtree.com/png-clipart/20211116/original/pngtree-nasi-lemak-and-fried-chicken-illustration-png-image_6934802.png,43,image_sim,2025-07-14T20:38:33.528936,317241121
치킨,2025-06,25년 6월,"Karakter Kartun Daging Paha Ayam 음식 일러스트 캐릭터, 캐릭터, 만화, 치킨 PNG 일러스트 및 PSD 이미지 무료 다운로드 - Pngtree",https://png.pngtree.com/png-clipart/20211116/ourlarge/pngtree-karakter-kartun-daging-paha-ayam-png-image_4033516.png,https://search.pstatic.net/sunny/?type=b150&src=https://png.pngtree.com/png-clipart/20211116/ourlarge/pngtree-karakter-kartun-daging-paha-ayam-png-image_4033516.png,43,image_sim,2025-07-14T20:38:34.177345,317241121
치킨,2025-06,25년 6월,"닭 가슴 살 구 이 용기 음식 튀김 단백질 음식 일러스트, 치킨, 구운 닭 가슴, 음식 PNG 일러스트 및 이미지 에 대한 무료 다운로드 - Pngtree",https://png.pngtree.com/png-vector/20211010/ourlarge/pngtree-roast-chicken-breast-container-diet-fried-protein-png-image_3978743.png,https://search.pstatic.net/sunny/?type=b150&src=https://png.pngtree.com/png-vector/20211010/ourlarge/pngtree-roast-chicken-breast-container-diet-fried-protein-png-image_3978743.png,43,image_sim,2025-07-14T20:38:34.177345,317241121
치킨,2025-06,25년 6월,"추수 감사절 칠면조 손 일러스트 일러스트으로 그린 음식, 터키, 치킨, 구운 것 PNG 일러스트 및 PSD 이미지 무료 다운로드 - Pngtree",https://png.pngtree.com/png-clipart/20211202/ourlarge/pngtree-thanksgiving-turkey-png-image_4046793.png,https://search.pstatic.net/sunny/?type=b150&src=https://png.pngtree.com/png-clipart/20211202/ourlarge/pngtree-thanksgiving-turkey-png-image_4046793.png,43,image_sim,2025-07-14T20:38:34.177345,317241121
치킨,2025-06,25년 6월,"닭 가슴 살 구 이 용기 음식 불고기 촬영 사진 나무 일러스트 음식 일러스트, 음식, 치킨, 구운 닭 가슴 PNG 일러스트 및 이미지 에 대한 무료...",https://png.pngtree.com/png-vector/20211010/ourlarge/pngtree-roasted-chicken-breast-container-diet-barbecue-photography-png-image_3978736.png,https://search.pstatic.net/sunny/?type=b150&src=https://png.pngtree.com/png-vector/20211010/ourlarge/pngtree-roasted-chicken-breast-container-diet-barbecue-photography-png-image_3978736.png,43,image_sim,2025-07-14T20:38:34.177345,317241121
치킨,2025-06,25년 6월,"한국 맥주 후라이드 치킨 진한 소스의 튀긴 음식 일러스트, 한국, 맥주, 닭 튀김 PNG 일러스트 및 PSD 이미지 무료 다운로드 - Pngtree",https://png.pngtree.com/png-clipart/20210730/ourlarge/pngtree-korean-beer-fried-chicken-deep-fried-food-with-rich-sauce-png-image_3727420.jpg,https://search.pstatic.net/sunny/?type=b150&src=https://png.pngtree.com/png-clipart/20210730/ourlarge/pngtree-korean-beer-fried-chicken-deep-fried-food-with-rich-sauce-png-image_3727420.jpg,43,image_sim,2025-07-14T20:38:34.177345,317241121
치킨,2025-06,25년 6월,"Satay 바베큐 인도 음식 일러스트 칠리 땅콩 소스 양파 오이, 사테이, 야외 파티, 치킨 PNG 일러스트 및 PSD 이미지 무료 다운로드 - Pngtree",https://png.pngtree.com/png-clipart/20201229/ourlarge/pngtree-satay-barbecue-indian-food-chili-peanut-sauce-onion-cucumber-png-image_2661076.jpg,https://search.pstatic.net/sunny/?type=b150&src=https://png.pngtree.com/png-clipart/20201229/ourlarge/pngtree-satay-barbecue-indian-food-chili-peanut-sauce-onion-cucumber-png-image_2661076.jpg,43,image_sim,2025-07-14T20:38:34.177345,317241121
라면,2024-06,2024년 6월,"라면 음식 이미지, 사진 및 PNG 일러스트 무료 다운로드 - Lovepik 라면 음식 이미지, 사진 및 PNG 일러스트 무료 다운로드 - Lovepik",https://img.lovepik.com/photo/60240/3182.jpg_wh860.jpg,https://search.pstatic.net/sunny/?type=b150&src=https://img.lovepik.com/photo/60240/3182.jpg_wh860.jpg,43,image_sim,2025-07-14T20:38:36.301919,20473562
라면,2024-06,2024년 6월,"라면, 한강라면, 음식, 라멘, 즉석라면, 사진,이미지,일러스트,캘리그라피 - 블루랑작가 크라우드픽 - 저작권 걱정 없는 상업용 이미지",https://cdn.crowdpic.net/detail-thumb/thumb_d_F34ACE60237F0AA84DD4C99A7217FF76.png,https://search.pstatic.net/sunny/?type=b150&src=https://cdn.crowdpic.net/detail-thumb/thumb_d_F34ACE60237F0AA84DD4C99A7217FF76.png,43,image_sim,2025-07-14T20:38:36.303933,20473562
라면,2024-06,2024년 6월,"라면, 콩나물라면, 콩나물, 인스턴트음식, 한국음식, 사진,이미지,일러스트,캘리그라피 - Ntjdals2245작가 크라우드픽 - 저작권 걱정 없는...",https://cdn.crowdpic.net/detail-thumb/thumb_d_0049F79F30F53D3C5F8E146B71A96CCA.jpg,https://search.pstatic.net/sunny/?type=b150&src=https://cdn.crowdpic.net/detail-thumb/thumb_d_0049F79F30F53D3C5F8E146B71A96CCA.jpg,43,image_sim,2025-07-14T20:38:36.303933,20473562
라면,2024-06,2024년 6월,"라면, 콩나물라면, 콩나물, 인스턴트음식, 한국음식, 사진,이미지,일러스트,캘리그라피 - Ntjdals2245작가 크라우드픽 - 저작권 걱정 없는...",https://cdn.crowdpic.net/detail-thumb/thumb_d_577C70269DBA1B7C22612ED4AFFBF60C.jpg,https://search.pstatic.net/sunny/?type=b150&src=https://cdn.crowdpic.net/detail-thumb/thumb_d_577C70269DBA1B7C22612ED4AFFBF60C.jpg,43,image_sim,2025-07-14T20:38:36.303933,20473562
라면,2024-06,2024년 6월,"라면, 한강라면, 야외라면, 맛있는라면, 음식, 사진,이미지,일러스트,캘리그라피 - ghdus7952작가 크라우드픽 - 저작권 걱정 없는 상업용 이미지",https://cdn.crowdpic.net/detail-thumb/thumb_d_0714F898D76E2A4CD61BD90EF8B4FD20.jpeg,https://search.pstatic.net/sunny/?type=b150&src=https://cdn.crowdpic.net/detail-thumb/thumb_d_0714F898D76E2A4CD61BD90EF8B4FD20.jpeg,43,image_sim,2025-07-14T20:38:36.305940,20473562
라면,2024-06,2024년 6월,"라면, 새우라면, 새우, 한국음식, 식품, 사진,이미지,일러스트,캘리그라피 - jameshan3035작가 크라우드픽 - 저작권 걱정 없는 상업용 이미지",https://cdn.crowdpic.net/detail-thumb/thumb_d_556433CF7627F18EFA6EDA7C3F7DDBF8.jpg,https://search.pstatic.net/sunny/?type=b150&src=https://cdn.crowdpic.net/detail-thumb/thumb_d_556433CF7627F18EFA6EDA7C3F7DDBF8.jpg,43,image_sim,2025-07-14T20:38:36.305940,20473562
라면,2024-06,2024년 6월,"라면, 새우라면, 새우, 한국음식, 식품, 사진,이미지,일러스트,캘리그라피 - jameshan3035작가 크라우드픽 - 저작권 걱정 없는 상업용 이미지",https://cdn.crowdpic.net/detail-thumb/thumb_d_6A69A5CA624D769EBDEA2A5B44BF30F1.jpg,https://search.pstatic.net/sunny/?type=b150&src=https://cdn.crowdpic.net/detail-thumb/thumb_d_6A69A5CA624D769EBDEA2A5B44BF30F1.jpg,43,image_sim,2025-07-14T20:38:36.305940,20473562
라면,2024-06,2024년 6월,"라면, 고기라면, egg, 식사, 음식, 사진,이미지,일러스트,캘리그라피 - Njjh4352작가 크라우드픽 - 저작권 걱정 없는 상업용 이미지",https://cdn.crowdpic.net/detail-thumb/thumb_d_99162FB1D7712E4F60FD00899540C25D.png,https://search.pstatic.net/sunny/?type=b150&src=https://cdn.crowdpic.net/detail-thumb/thumb_d_99162FB1D7712E4F60FD00899540C25D.png,43,image_sim,2025-07-14T20:38:36.305940,20473562
라면,2024-06,2024년 6월,"라멘, 라면, 일본음식, 일본라면, 차슈라면, 사진,이미지,일러스트,캘리그라피 - 지하이작가 크라우드픽 - 저작권 걱정 없는 상업용 이미지",https://cdn.crowdpic.net/detail-thumb/thumb_d_06F1DEC4E16DA18E6BAFE8DA82BF198B.png,https://search.pstatic.net/sunny/?type=b150&src=https://cdn.crowdpic.net/detail-thumb/thumb_d_06F1DEC4E16DA18E6BAFE8DA82BF198B.png,43,image_sim,2025-07-14T20:38:36.305940,20473562
라면,2024-06,2024년 6월,"라면, 음식, 분식, 해산물라면, 해산물, 사진,이미지,일러스트,캘리그라피 - Nmy458500작가 크라우드픽 - 저작권 걱정 없는 상업용 이미지",https://cdn.crowdpic.net/detail-thumb/thumb_d_E2D73EB75A9FC92E37AD0E2C956B65E3.jpg,https://search.pstatic.net/sunny/?type=b150&src=https://cdn.crowdpic.net/detail-thumb/thumb_d_E2D73EB75A9FC92E37AD0E2C956B65E3.jpg,43,image_sim,2025-07-14T20:38:36.305940,20473562
라면,2024-06,2024.06,"라면, 컵라면, 인스턴트, 간편식, 면음식, 사진,이미지,일러스트,캘리그라피 - Ntjdals2245작가 크라우드픽 - 저작권 걱정 없는 상업용 이미지",https://cdn.crowdpic.net/detail-thumb/thumb_d_C8CB5CF5BDFEE2252471681D8E7A85F1.jpg,https://search.pstatic.net/sunny/?type=b150&src=https://cdn.crowdpic.net/detail-thumb/thumb_d_C8CB5CF5BDFEE2252471681D8E7A85F1.jpg,43,image_sim,2025-07-14T20:38:36.854940,20473562
라면,2024-06,2024.06,"라면, 새우라면, 새우, 한국음식, 식품, 사진,이미지,일러스트,캘리그라피 - jameshan3035작가 크라우드픽 - 저작권 걱정 없는 상업용 이미지",https://cdn.crowdpic.net/detail-thumb/thumb_d_B1C7EA4946973B2A3AE6D10BD4077FE3.jpg,https://search.pstatic.net/sunny/?type=b150&src=https://cdn.crowdpic.net/detail-thumb/thumb_d_B1C7EA4946973B2A3AE6D10BD4077FE3.jpg,43,image_sim,2025-07-14T20:38:36.854940,20473562
라면,2024-06,2024.06,"라면, 쪽파, 쪽파라면, 뜨거운, 음식, 사진,이미지,일러스트,캘리그라피 - fresh air작가 크라우드픽 - 저작권 걱정 없는 상업용 이미지",https://cdn.crowdpic.net/detail-thumb/thumb_d_7FEE192F038A049DCB66122153E6348E.jpg,https://search.pstatic.net/sunny/?type=b150&src=https://cdn.crowdpic.net/detail-thumb/thumb_d_7FEE192F038A049DCB66122153E6348E.jpg,43,image_sim,2025-07-14T20:38:36.854940,20473562
라면,2024-06,24년 6월,"라면 음식 일러스트 맛있는 흰라면, 라면 클립 아트, 라면, 음식 PNG 일러스트 및 PSD 이미지 무료 다운로드 - Pngtree",https://i.pinimg.com/736x/10/ff/a4/10ffa415c269f4b709543f153cd793fb.jpg,https://search.pstatic.net/sunny/?type=b150&src=https://i.pinimg.com/736x/10/ff/a4/10ffa415c269f4b709543f153cd793fb.jpg,43,image_sim,2025-07-14T20:38:37.414805,20473562
라면,2024-06,24년 6월,"검은 탁자에 앉아 있는 볶음 쌀국수 한 봉지, 라면 봉지 이미지, 고화질 사진 사진, 음식 배경 일러스트 및 사진 무료 다운로드 - Pngtree",https://png.pngtree.com/thumb_back/fw800/background/20230424/pngtree-bag-of-fried-rice-noodle-sitting-on-a-black-table-image_2510191.jpg,https://search.pstatic.net/sunny/?type=b150&src=https://png.pngtree.com/thumb_back/fw800/background/20230424/pngtree-bag-of-fried-rice-noodle-sitting-on-a-black-table-image_2510191.jpg,43,image_sim,2025-07-14T20:38:37.414805,20473562
라면,2024-06,24년 6월,"라면, 라면, 음식, 라면 삽화 PNG 일러스트 및 PSD 이미지 무료 다운로드 - Pngtree",https://png.pngtree.com/png-clipart/20220823/original/pngtree-ramen-noodle-png-image_8482702.png,https://search.pstatic.net/sunny/?type=b150&src=https://png.pngtree.com/png-clipart/20220823/original/pngtree-ramen-noodle-png-image_8482702.png,43,image_sim,2025-07-14T20:38:37.414805,20473562
라면,2024-06,24년 6월,"PSD 이미지 무료 다운로드 - Pngtree 손으로 그린 ​​일본 음식라면 디자인 일러스트, 손으로 그린, 음식, 일본 PNG 일러스트 및 PSD 이미지...",https://png.pngtree.com/png-vector/20190130/ourlarge/pngtree-hand-painted-japanese-food-ramen-design-with-commercial-elements-paintedfoodjapanjapanese-stylefoodhand-png-image_643019.jpg,https://search.pstatic.net/sunny/?type=b150&src=https://png.pngtree.com/png-vector/20190130/ourlarge/pngtree-hand-painted-japanese-food-ramen-design-with-commercial-elements-paintedfoodjapanjapanese-stylefoodhand-png-image_643019.jpg,43,image_sim,2025-07-14T20:38:37.414805,20473562
라면,2024-06,24년 6월,"PSD 이미지 무료 다운로드 - Pngtree 겨울 음식 손으로 그린 ​​라면 요소, 손으로 뽑은 국수, 음식, 겨울 PNG 일러스트 및 PSD 이미지 무료...",https://png.pngtree.com/png-clipart/20220110/ourlarge/pngtree-hand-drawn-ramen-elements-of-winter-food-png-image_4285731.png,https://search.pstatic.net/sunny/?type=b150&src=https://png.pngtree.com/png-clipart/20220110/ourlarge/pngtree-hand-drawn-ramen-elements-of-winter-food-png-image_4285731.png,43,image_sim,2025-07-14T20:38:37.414805,20473562
라면,2024-06,24년 6월,"미식, 음식, 국수 일러스트 PNG, 라면 이미지 벡터, PSD 파일 - Pngtree  미식, 음식, 국수 일러스트 PNG, 라면 이미지 벡터, PSD 파일...",https://png.pngtree.com/png-vector/20230814/ourmid/pngtree-ramen-icon-vector-png-image_9181690.png,https://search.pstatic.net/sunny/?type=b150&src=https://png.pngtree.com/png-vector/20230814/ourmid/pngtree-ramen-icon-vector-png-image_9181690.png,43,image_sim,2025-07-14T20:38:37.414805,20473562
라면,2025-06,2025.06,"라면 음식 이미지, 사진 및 PNG 일러스트 무료 다운로드 - Lovepik 라면 음식 이미지, 사진 및 PNG 일러스트 무료 다운로드 - Lovepik",https://img.lovepik.com/photo/60240/3182.jpg_wh860.jpg,https://search.pstatic.net/sunny/?type=b150&src=https://img.lovepik.com/photo/60240/3182.jpg_wh860.jpg,43,image_sim,2025-07-14T20:38:41.113411,20473562
라면,2025-06,2025.06,"라면, 한강라면, 음식, 라멘, 즉석라면, 사진,이미지,일러스트,캘리그라피 - 블루랑작가 크라우드픽 - 저작권 걱정 없는 상업용 이미지",https://cdn.crowdpic.net/detail-thumb/thumb_d_F34ACE60237F0AA84DD4C99A7217FF76.png,https://search.pstatic.net/sunny/?type=b150&src=https://cdn.crowdpic.net/detail-thumb/thumb_d_F34ACE60237F0AA84DD4C99A7217FF76.png,43,image_sim,2025-07-14T20:38:41.113411,20473562
라면,2025-06,2025.06,"라면, 콩나물라면, 콩나물, 인스턴트음식, 한국음식, 사진,이미지,일러스트,캘리그라피 - Ntjdals2245작가 크라우드픽 - 저작권 걱정 없는...",https://cdn.crowdpic.net/detail-thumb/thumb_d_0049F79F30F53D3C5F8E146B71A96CCA.jpg,https://search.pstatic.net/sunny/?type=b150&src=https://cdn.crowdpic.net/detail-thumb/thumb_d_0049F79F30F53D3C5F8E146B71A96CCA.jpg,43,image_sim,2025-07-14T20:38:41.113411,20473562
라면,2025-06,2025.06,"라면, 콩나물라면, 콩나물, 인스턴트음식, 한국음식, 사진,이미지,일러스트,캘리그라피 - Ntjdals2245작가 크라우드픽 - 저작권 걱정 없는...",https://cdn.crowdpic.net/detail-thumb/thumb_d_577C70269DBA1B7C22612ED4AFFBF60C.jpg,https://search.pstatic.net/sunny/?type=b150&src=https://cdn.crowdpic.net/detail-thumb/thumb_d_577C70269DBA1B7C22612ED4AFFBF60C.jpg,43,image_sim,2025-07-14T20:38:41.113411,20473562
라면,2025-06,2025.06,"라면, 컵라면, 인스턴트, 간편식, 면음식, 사진,이미지,일러스트,캘리그라피 - Ntjdals2245작가 크라우드픽 - 저작권 걱정 없는 상업용 이미지",https://cdn.crowdpic.net/detail-thumb/thumb_d_C8CB5CF5BDFEE2252471681D8E7A85F1.jpg,https://search.pstatic.net/sunny/?type=b150&src=https://cdn.crowdpic.net/detail-thumb/thumb_d_C8CB5CF5BDFEE2252471681D8E7A85F1.jpg,43,image_sim,2025-07-14T20:38:41.113411,20473562
라면,2025-06,2025.06,"라면, 한강라면, 야외라면, 맛있는라면, 음식, 사진,이미지,일러스트,캘리그라피 - ghdus7952작가 크라우드픽 - 저작권 걱정 없는 상업용 이미지",https://cdn.crowdpic.net/detail-thumb/thumb_d_0714F898D76E2A4CD61BD90EF8B4FD20.jpeg,https://search.pstatic.net/sunny/?type=b150&src=https://cdn.crowdpic.net/detail-thumb/thumb_d_0714F898D76E2A4CD61BD90EF8B4FD20.jpeg,43,image_sim,2025-07-14T20:38:41.113411,20473562
라면,2025-06,2025.06,"라면, 고기라면, egg, 식사, 음식, 사진,이미지,일러스트,캘리그라피 - Njjh4352작가 크라우드픽 - 저작권 걱정 없는 상업용 이미지",https://cdn.crowdpic.net/detail-thumb/thumb_d_99162FB1D7712E4F60FD00899540C25D.png,https://search.pstatic.net/sunny/?type=b150&src=https://cdn.crowdpic.net/detail-thumb/thumb_d_99162FB1D7712E4F60FD00899540C25D.png,43,image_sim,2025-07-14T20:38:41.113411,20473562
라면,2025-06,2025.06,"라면, 새우라면, 새우, 한국음식, 식품, 사진,이미지,일러스트,캘리그라피 - jameshan3035작가 크라우드픽 - 저작권 걱정 없는 상업용 이미지",https://cdn.crowdpic.net/detail-thumb/thumb_d_B1C7EA4946973B2A3AE6D10BD4077FE3.jpg,https://search.pstatic.net/sunny/?type=b150&src=https://cdn.crowdpic.net/detail-thumb/thumb_d_B1C7EA4946973B2A3AE6D10BD4077FE3.jpg,43,image_sim,2025-07-14T20:38:41.113411,20473562
라면,2025-06,2025.06,"라멘, 라면, 일본음식, 일본라면, 차슈라면, 사진,이미지,일러스트,캘리그라피 - 지하이작가 크라우드픽 - 저작권 걱정 없는 상업용 이미지",https://cdn.crowdpic.net/detail-thumb/thumb_d_06F1DEC4E16DA18E6BAFE8DA82BF198B.png,https://search.pstatic.net/sunny/?type=b150&src=https://cdn.crowdpic.net/detail-thumb/thumb_d_06F1DEC4E16DA18E6BAFE8DA82BF198B.png,43,image_sim,2025-07-14T20:38:41.113411,20473562
라면,2025-06,2025.06,"라면, 음식, 분식, 해산물라면, 해산물, 사진,이미지,일러스트,캘리그라피 - Nmy458500작가 크라우드픽 - 저작권 걱정 없는 상업용 이미지",https://cdn.crowdpic.net/detail-thumb/thumb_d_E2D73EB75A9FC92E37AD0E2C956B65E3.jpg,https://search.pstatic.net/sunny/?type=b150&src=https://cdn.crowdpic.net/detail-thumb/thumb_d_E2D73EB75A9FC92E37AD0E2C956B65E3.jpg,43,image_sim,2025-07-14T20:38:41.113411,20473562
라면,2025-06,2025.06,"라면, 쪽파, 쪽파라면, 뜨거운, 음식, 사진,이미지,일러스트,캘리그라피 - fresh air작가 크라우드픽 - 저작권 걱정 없는 상업용 이미지",https://cdn.crowdpic.net/detail-thumb/thumb_d_7FEE192F038A049DCB66122153E6348E.jpg,https://search.pstatic.net/sunny/?type=b150&src=https://cdn.crowdpic.net/detail-thumb/thumb_d_7FEE192F038A049DCB66122153E6348E.jpg,43,image_sim,2025-07-14T20:38:41.113411,20473562
라면,2025-06,25년 6월,"라면 음식 일러스트 맛있는 흰라면, 라면 클립 아트, 라면, 음식 PNG 일러스트 및 PSD 이미지 무료 다운로드 - Pngtree",https://i.pinimg.com/736x/10/ff/a4/10ffa415c269f4b709543f153cd793fb.jpg,https://search.pstatic.net/sunny/?type=b150&src=https://i.pinimg.com/736x/10/ff/a4/10ffa415c269f4b709543f153cd793fb.jpg,43,image_sim,2025-07-14T20:38:41.707769,20473562
라면,2025-06,25년 6월,"검은 탁자에 앉아 있는 볶음 쌀국수 한 봉지, 라면 봉지 이미지, 고화질 사진 사진, 음식 배경 일러스트 및 사진 무료 다운로드 - Pngtree",https://png.pngtree.com/thumb_back/fw800/background/20230424/pngtree-bag-of-fried-rice-noodle-sitting-on-a-black-table-image_2510191.jpg,https://search.pstatic.net/sunny/?type=b150&src=https://png.pngtree.com/thumb_back/fw800/background/20230424/pngtree-bag-of-fried-rice-noodle-sitting-on-a-black-table-image_2510191.jpg,43,image_sim,2025-07-14T20:38:41.707769,20473562
라면,2025-06,25년 6월,"라면, 라면, 음식, 라면 삽화 PNG 일러스트 및 PSD 이미지 무료 다운로드 - Pngtree",https://png.pngtree.com/png-clipart/20220823/original/pngtree-ramen-noodle-png-image_8482702.png,https://search.pstatic.net/sunny/?type=b150&src=https://png.pngtree.com/png-clipart/20220823/original/pngtree-ramen-noodle-png-image_8482702.png,43,image_sim,2025-07-14T20:38:41.707769,20473562
라면,2025-06,25년 6월,"PSD 이미지 무료 다운로드 - Pngtree 손으로 그린 ​​일본 음식라면 디자인 일러스트, 손으로 그린, 음식, 일본 PNG 일러스트 및 PSD 이미지...",https://png.pngtree.com/png-vector/20190130/ourlarge/pngtree-hand-painted-japanese-food-ramen-design-with-commercial-elements-paintedfoodjapanjapanese-stylefoodhand-png-image_643019.jpg,https://search.pstatic.net/sunny/?type=b150&src=https://png.pngtree.com/png-vector/20190130/ourlarge/pngtree-hand-painted-japanese-food-ramen-design-with-commercial-elements-paintedfoodjapanjapanese-stylefoodhand-png-image_643019.jpg,43,image_sim,2025-07-14T20:38:41.707769,20473562
라면,2025-06,25년 6월,"PSD 이미지 무료 다운로드 - Pngtree 겨울 음식 손으로 그린 ​​라면 요소, 손으로 뽑은 국수, 음식, 겨울 PNG 일러스트 및 PSD 이미지 무료...",https://png.pngtree.com/png-clipart/20220110/ourlarge/pngtree-hand-drawn-ramen-elements-of-winter-food-png-image_4285731.png,https://search.pstatic.net/sunny/?type=b150&src=https://png.pngtree.com/png-clipart/20220110/ourlarge/pngtree-hand-drawn-ramen-elements-of-winter-food-png-image_4285731.png,43,image_sim,2025-07-14T20:38:41.707769,20473562
피자,2025-06,2025.06,"100개의 1 아이디어 - 2025 | 피자 박스, 음식 타이포그래피, 스트레이트 헤어 스타일",https://i.pinimg.com/videos/thumbnails/originals/86/f6/58/86f65881426f3239406e44808e899791.0000000.jpg,https://search.pstatic.net/sunny/?type=b150&src=https://i.pinimg.com/videos/thumbnails/originals/86/f6/58/86f65881426f3239406e44808e899791.0000000.jpg,43,image_sim,2025-07-14T20:38:48.525376,15782041
피자,2025-06,2025.06,"피자 이미지, 음식 사진 화이트에. 음식 스톡 사진 2542326975 | Shutterstock",https://www.shutterstock.com/shutterstock/photos/2542326975/display_1500/stock-photo-pizza-image-food-photo-on-white-food-top-view-pizza-photography-isolated-on-white-background-2542326975.jpg,https://search.pstatic.net/sunny/?type=b150&src=https://www.shutterstock.com/shutterstock/photos/2542326975/display_1500/stock-photo-pizza-image-food-photo-on-white-food-top-view-pizza-photography-isolated-on-white-background-2542326975.jpg,43,image_sim,2025-07-14T20:38:48.525376,15782041
피자,2025-06,2025.06,"피자 일러스트, 피자 클립 아트, 피자, 음식 PNG 일러스트 및 PSD 이미지 무료 다운로드 - Pngtree",https://png.pngtree.com/element_origin_min_pic/16/07/05/19577b947ac1e76.jpg,https://search.pstatic.net/sunny/?type=b150&src=https://png.pngtree.com/element_origin_min_pic/16/07/05/19577b947ac1e76.jpg,43,image_sim,2025-07-14T20:38:48.525376,15782041
피자,2025-06,2025.06,"피자 일러스트, 피자, 이탈리아 피자, 음식 PNG 일러스트 및 PSD 이미지 무료 다운로드 - Pngtree",https://png.pngtree.com/png-clipart/20190828/ourlarge/pngtree-pizza-png-image_1702941.jpg,https://search.pstatic.net/sunny/?type=b150&src=https://png.pngtree.com/png-clipart/20190828/ourlarge/pngtree-pizza-png-image_1702941.jpg,43,image_sim,2025-07-14T20:38:48.525376,15782041
피자,2025-06,25년 6월,"[메뉴사진촬영/피자] 메이커스피자 2025 일산 피자사진촬영 경기도 음식사진촬영, 제품·홍보 사진 포트폴리오 - 크몽",https://d2v80xjmx68n4w.cloudfront.net/members/portfolios/2hBD11750139815.jpg,https://search.pstatic.net/sunny/?type=b150&src=https://d2v80xjmx68n4w.cloudfront.net/members/portfolios/2hBD11750139815.jpg,43,image_sim,2025-07-14T20:38:49.156030,15782041
피자,2025-06,25년 6월,"서양 음식 이탈리아 소시지 피자, 상처, 푹신한, 바삭 PNG 일러스트 및 이미지 에 대한 무료 다운로드 - Pngtree 서양 음식  이탈리아 소시지...",https://png.pngtree.com/png-vector/20210415/ourlarge/pngtree-western-food-italian-sausage-pizza-png-image_3225538.jpg,https://search.pstatic.net/sunny/?type=b150&src=https://png.pngtree.com/png-vector/20210415/ourlarge/pngtree-western-food-italian-sausage-pizza-png-image_3225538.jpg,43,image_sim,2025-07-14T20:38:49.158037,15782041
피자,2025-06,25년 6월,"디저트, 피자, 치즈, 포도, 아름다운, 위로, 무화과 나무, 다과, 미각... 유럽 음식 2313x1721 - - 536155 - 무료 이미지 - PxHere 무료 이미지 : 식물...",https://c.pxhere.com/photos/c0/a9/dessert_cheese_brie_chili_figs_chili_dressing_dressing_grapes-536155.jpg!d,https://search.pstatic.net/sunny/?type=b150&src=https://c.pxhere.com/photos/c0/a9/dessert_cheese_brie_chili_figs_chili_dressing_dressing_grapes-536155.jpg!d,43,image_sim,2025-07-14T20:38:49.158037,15782041
피자,2025-06,25년 6월,"먹다, 피자, 냅킨, 와인 잔, 아스파라거스, 이탈리아 사람, 주병, 이탈리아 음식, 유럽 음식 3436x2190 - - 818657 - 무료 이미지 - PxHere 무료...",https://c.pxhere.com/photos/4b/5a/eat_drink_restaurant_pizza_wine_wine_glass_carafe_plate-818657.jpg!d,https://search.pstatic.net/sunny/?type=b150&src=https://c.pxhere.com/photos/4b/5a/eat_drink_restaurant_pizza_wine_wine_glass_carafe_plate-818657.jpg!d,43,image_sim,2025-07-14T20:38:49.158037,15782041
치킨,2024-06,2024년 6월,"치킨, 닭, 국민음식, 취킨, 프라이드, 사진,이미지,일러스트,캘리그라피 - 풍경 landscape작가 크라우드픽 - 저작권 걱정 없는 상업용 이미지",https://cdn.crowdpic.net/detail-thumb/thumb_d_182E29D526C889C7D802C42E0945F488.jpeg,https://search.pstatic.net/sunny/?type=b150&src=https://cdn.crowdpic.net/detail-thumb/thumb_d_182E29D526C889C7D802C42E0945F488.jpeg,42,image_sim,2025-07-14T20:38:28.763913,317241121
치킨,2024-06,2024년 6월,"food, 음식, 치킨, 후라이드치킨, 양념치킨, 사진,이미지,일러스트,캘리그라피 - HaDamPhoto작가 크라우드픽 - 저작권 걱정 없는 상업용 이미지",https://cdn.crowdpic.net/detail-thumb/thumb_d_E8B130F0CF12237C8C23D9C22A41A538.jpeg,https://search.pstatic.net/sunny/?type=b150&src=https://cdn.crowdpic.net/detail-thumb/thumb_d_E8B130F0CF12237C8C23D9C22A41A538.jpeg,42,image_sim,2025-07-14T20:38:28.763913,317241121
치킨,2024-06,24년 6월,"인삼 삼계탕, 치킨 수프 김, 한국 음식 로열티 무료 사진, 그림, 이미지 그리고 스톡포토그래피. Image 12680669. | Công...",https://i.pinimg.com/originals/11/dd/d3/11ddd3278e0be02531a8053b22937dda.jpg,https://search.pstatic.net/sunny/?type=b150&src=https://i.pinimg.com/originals/11/dd/d3/11ddd3278e0be02531a8053b22937dda.jpg,42,image_sim,2025-07-14T20:38:29.946415,317241121
치킨,2025-06,2025.06,"치킨, chicken, plate, 그릇, 음식, 사진,이미지,일러스트,캘리그라피 - tgb03138작가 크라우드픽 - 저작권 걱정 없는 상업용 이미지",https://cdn.crowdpic.net/detail-thumb/thumb_d_3A83045E0A79074EA85CB87D7C324F5B.jpeg,https://search.pstatic.net/sunny/?type=b150&src=https://cdn.crowdpic.net/detail-thumb/thumb_d_3A83045E0A79074EA85CB87D7C324F5B.jpeg,42,image_sim,2025-07-14T20:38:33.528936,317241121
치킨,2025-06,25년 6월,치킨 | 유토이미지 검색 결과 치킨 | 유토이미지  검색 결과,https://image.utoimage.com/preview/cp872722/2024/04/202405024509_500.jpg,https://search.pstatic.net/sunny/?type=b150&src=https://image.utoimage.com/preview/cp872722/2024/04/202405024509_500.jpg,42,image_sim,2025-07-14T20:38:34.177345,317241121
치킨,2025-06,25년 6월,간장치킨 | 유토이미지 검색 결과 간장치킨 | 유토이미지  검색 결과,https://image.utoimage.com/preview/cp871385/2019/01/201901001120_500.jpg,https://search.pstatic.net/sunny/?type=b150&src=https://image.utoimage.com/preview/cp871385/2019/01/201901001120_500.jpg,42,image_sim,2025-07-14T20:38:34.177345,317241121
치킨,2025-06,25년 6월,양념치킨 | 유토이미지 검색 결과 양념치킨 | 유토이미지  검색 결과,https://image.utoimage.com/preview/cp994781/2024/08/202408013222_500.jpg,https://search.pstatic.net/sunny/?type=b150&src=https://image.utoimage.com/preview/cp994781/2024/08/202408013222_500.jpg,42,image_sim,2025-07-14T20:38:34.177345,317241121
치킨,2025-06,25년 6월,"인삼 삼계탕, 치킨 수프 김, 한국 음식 로열티 무료 사진, 그림, 이미지 그리고 스톡포토그래피. Image 12680669. | Công...",https://i.pinimg.com/originals/11/dd/d3/11ddd3278e0be02531a8053b22937dda.jpg,https://search.pstatic.net/sunny/?type=b150&src=https://i.pinimg.com/originals/11/dd/d3/11ddd3278e0be02531a8053b22937dda.jpg,42,image_sim,2025-07-14T20:38:34.177345,317241121
라면,2024-06,24년 6월,[종목 주요지표&DATA] 24년 6월 라면 수출액 추이 (잠정치),https://scs-phinf.pstatic.net/MjAyNDA3MDFfMjY2/MDAxNzE5Nzk3NjU4NzE1.IsL5mU2BE33xl7MUVAJjIMlOykbUaRS3Sq7I4mTTHL8g.Wnjv8yz8ZLepl7UpWebX_PoEXBrqVZybY3Y9cnPYXakg.JPEG/IMG_5054.jpeg?type=w800,https://search.pstatic.net/sunny/?type=b150&src=https://scs-phinf.pstatic.net/MjAyNDA3MDFfMjY2/MDAxNzE5Nzk3NjU4NzE1.IsL5mU2BE33xl7MUVAJjIMlOykbUaRS3Sq7I4mTTHL8g.Wnjv8yz8ZLepl7UpWebX_PoEXBrqVZybY3Y9cnPYXakg.JPEG/IMG_5054.jpeg?type=w800,42,image_sim,2025-07-14T20:38:37.414805,20473562
라면,2024-06,24년 6월,"라면, 라볶이, 음식, 배경, 아시아음식, 사진,이미지,일러스트,캘리그라피 - jameshan3035작가 크라우드픽 - 저작권 걱정 없는 상업용 이미지",https://cdn.crowdpic.net/detail-thumb/thumb_d_0A8D74B38189A0014DC8503A07418F0A.jpg,https://search.pstatic.net/sunny/?type=b150&src=https://cdn.crowdpic.net/detail-thumb/thumb_d_0A8D74B38189A0014DC8503A07418F0A.jpg,42,image_sim,2025-07-14T20:38:37.414805,20473562
라면,2025-06,25년 6월,라면 면 | 유토이미지 검색 결과 라면 면 | 유토이미지  검색 결과,https://image.utoimage.com/preview/cp871385/2018/09/201809021796_500.jpg,https://search.pstatic.net/sunny/?type=b150&src=https://image.utoimage.com/preview/cp871385/2018/09/201809021796_500.jpg,42,image_sim,2025-07-14T20:38:41.706506,20473562
치킨,2024-06,2024년 6월,한국 음식 튀김 치킨 포스터 이미지 _사진 733551992 무료 다운로드_lovepik.com 한국 음식 튀김 치킨 포스터,https://img.lovepik.com/free_template/33/55/19/92358PICz4V3h9Tbf52Cu_PIC2018.jpg_detail.jpg!detail808,https://search.pstatic.net/sunny/?type=b150&src=https://img.lovepik.com/free_template/33/55/19/92358PICz4V3h9Tbf52Cu_PIC2018.jpg_detail.jpg!detail808,41,image_sim,2025-07-14T20:38:28.762233,317241121
치킨,2024-06,2024.06,"음식 프라이드 치킨 패스트 푸드 골든 스낵, 프라이드 치킨 클립... 푸드, 미국 문화 PNG 일러스트 및 이미지 에 대한 무료 다운로드 - Pngtree",https://png.pngtree.com/png-vector/20201222/ourlarge/pngtree-food-fried-chicken-fast-food-golden-snack-png-image_2615845.jpg,https://search.pstatic.net/sunny/?type=b150&src=https://png.pngtree.com/png-vector/20201222/ourlarge/pngtree-food-fried-chicken-fast-food-golden-snack-png-image_2615845.jpg,41,image_sim,2025-07-14T20:38:29.337813,317241121
치킨,2024-06,24년 6월,커피·치킨 먹고 2024 다이어리 마련할까 /,http://imgnews.naver.net/image/5265/2023/11/10/0000007312_001_20231110160201547.jpg,https://search.pstatic.net/common/?type=b150&src=http://imgnews.naver.net/image/5265/2023/11/10/0000007312_001_20231110160201547.jpg,41,image_sim,2025-07-14T20:38:29.930607,317241121
치킨,2024-06,24년 6월,"패스트 푸드 튀김 음식, 음식, 치킨, 아침밥 PNG 일러스트 및 이미지 에 대한 무료 다운로드 - Pngtree 패스트 푸드  튀김  음식, 음식, 치킨...",https://png.pngtree.com/png-vector/20201223/ourlarge/pngtree-fast-food--fried-food--food-png-image_2616715.jpg,https://search.pstatic.net/sunny/?type=b150&src=https://png.pngtree.com/png-vector/20201223/ourlarge/pngtree-fast-food--fried-food--food-png-image_2616715.jpg,41,image_sim,2025-07-14T20:38:29.930607,317241121
치킨,2024-06,24년 6월,"필리핀 음식, 치킨 롤리팝, 치킨 바베큐, 필리핀 사촌 4928x3264 - - 1275348 - 무료 이미지 - PxHere 무료 이미지 : 식품, 생기게 하다, 소금...",https://c.pxhere.com/photos/8f/9f/chicken_lolipops_chicken_barbecue_filipino_cusine_filipino_food_tender_salt_cooker_cubes-1275348.jpg!d,https://search.pstatic.net/sunny/?type=b150&src=https://c.pxhere.com/photos/8f/9f/chicken_lolipops_chicken_barbecue_filipino_cusine_filipino_food_tender_salt_cooker_cubes-1275348.jpg!d,41,image_sim,2025-07-14T20:38:29.930607,317241121
치킨,2024-06,24년 6월,"치킨 카레가 담긴 생기 넘치는 그릇, 생기 넘치는 그릇, 치킨카레가 들어있는, 음식 PNG 일러스트 및 이미지 에 대한 무료 다운로드 - Pngtree",https://png.pngtree.com/png-vector/20241002/ourlarge/pngtree-a-vibrant-bowl-containing-chicken-curry-png-image_14000513.png,https://search.pstatic.net/sunny/?type=b150&src=https://png.pngtree.com/png-vector/20241002/ourlarge/pngtree-a-vibrant-bowl-containing-chicken-curry-png-image_14000513.png,41,image_sim,2025-07-14T20:38:29.946415,317241121
치킨,2024-06,24년 6월,한국맥도날드 '뉴진스 치킨 댄스 캠페인' 6월부터 시작...글로벌 캠페인 첫 주도,http://imgnews.naver.net/image/5818/2023/05/26/0000124599_001_20230526163602978.png,https://search.pstatic.net/common/?type=b150&src=http://imgnews.naver.net/image/5818/2023/05/26/0000124599_001_20230526163602978.png,41,image_sim,2025-07-14T20:38:29.946415,317241121
치킨,2024-06,24년 6월,"인도네시아 음식 치킨 수프, 코코넛 밀크에 찐 치킨, 치킨 수프, 음식 PNG 일러스트 및 PSD 이미지 무료 다운로드 - Pngtree",https://png.pngtree.com/png-clipart/20230410/ourlarge/pngtree-indonesian-food-chicken-soup-png-image_6699117.png,https://search.pstatic.net/sunny/?type=b150&src=https://png.pngtree.com/png-clipart/20230410/ourlarge/pngtree-indonesian-food-chicken-soup-png-image_6699117.png,41,image_sim,2025-07-14T20:38:29.946415,317241121
치킨,2025-06,2025년 6월,식품특가 닛신 치킨 라면 Mini 3팩 60g 2025-08-19까지 : 일본직구 엔핍,http://shop1.phinf.naver.net/20240821_228/1724209215205eVvSq_PNG/16979795987010535_1194499337.png,https://search.pstatic.net/common/?type=b150&src=http://shop1.phinf.naver.net/20240821_228/1724209215205eVvSq_PNG/16979795987010535_1194499337.png,41,image_date,2025-07-14T20:38:32.147775,317241121
치킨,2025-06,2025.06,"음식 프라이드 치킨 패스트 푸드 골든 스낵, 프라이드 치킨 클립... 푸드, 미국 문화 PNG 일러스트 및 이미지 에 대한 무료 다운로드 - Pngtree",https://png.pngtree.com/png-vector/20201222/ourlarge/pngtree-food-fried-chicken-fast-food-golden-snack-png-image_2615845.jpg,https://search.pstatic.net/sunny/?type=b150&src=https://png.pngtree.com/png-vector/20201222/ourlarge/pngtree-food-fried-chicken-fast-food-golden-snack-png-image_2615845.jpg,41,image_sim,2025-07-14T20:38:33.522316,317241121
치킨,2025-06,2025.06,"인도네시아 음식 치킨 수프, 코코넛 밀크에 찐 치킨, 치킨 수프, 음식 PNG 일러스트 및 PSD 이미지 무료 다운로드 - Pngtree",https://png.pngtree.com/png-clipart/20230410/ourlarge/pngtree-indonesian-food-chicken-soup-png-image_6699117.png,https://search.pstatic.net/sunny/?type=b150&src=https://png.pngtree.com/png-clipart/20230410/ourlarge/pngtree-indonesian-food-chicken-soup-png-image_6699117.png,41,image_sim,2025-07-14T20:38:33.526927,317241121
치킨,2025-06,2025.06,"패스트 푸드 튀김 음식, 음식, 치킨, 아침밥 PNG 일러스트 및 이미지 에 대한 무료 다운로드 - Pngtree 패스트 푸드  튀김  음식, 음식, 치킨...",https://png.pngtree.com/png-vector/20201223/ourlarge/pngtree-fast-food--fried-food--food-png-image_2616715.jpg,https://search.pstatic.net/sunny/?type=b150&src=https://png.pngtree.com/png-vector/20201223/ourlarge/pngtree-fast-food--fried-food--food-png-image_2616715.jpg,41,image_sim,2025-07-14T20:38:33.526927,317241121
치킨,2025-06,25년 6월,"필리핀 음식, 치킨 롤리팝, 치킨 바베큐, 필리핀 사촌 4928x3264 - - 1275348 - 무료 이미지 - PxHere 무료 이미지 : 식품, 생기게 하다, 소금...",https://c.pxhere.com/photos/8f/9f/chicken_lolipops_chicken_barbecue_filipino_cusine_filipino_food_tender_salt_cooker_cubes-1275348.jpg!d,https://search.pstatic.net/sunny/?type=b150&src=https://c.pxhere.com/photos/8f/9f/chicken_lolipops_chicken_barbecue_filipino_cusine_filipino_food_tender_salt_cooker_cubes-1275348.jpg!d,41,image_sim,2025-07-14T20:38:34.177345,317241121
치킨,2025-06,25년 6월,"치킨 카레가 담긴 생기 넘치는 그릇, 생기 넘치는 그릇, 치킨카레가 들어있는, 음식 PNG 일러스트 및 이미지 에 대한 무료 다운로드 - Pngtree",https://png.pngtree.com/png-vector/20241002/ourlarge/pngtree-a-vibrant-bowl-containing-chicken-curry-png-image_14000513.png,https://search.pstatic.net/sunny/?type=b150&src=https://png.pngtree.com/png-vector/20241002/ourlarge/pngtree-a-vibrant-bowl-containing-chicken-curry-png-image_14000513.png,41,image_sim,2025-07-14T20:38:34.177345,317241121
라면,2024-06,2024.06,"만화 라면 3d, 라면, 음식 라면, 음식 PNG 일러스트 및 PSD 이미지 무료 다운로드 - Pngtree",https://png.pngtree.com/png-clipart/20230116/original/pngtree-cartoon-ramen-3d-png-image_8918279.png,https://search.pstatic.net/sunny/?type=b150&src=https://png.pngtree.com/png-clipart/20230116/original/pngtree-cartoon-ramen-3d-png-image_8918279.png,41,image_sim,2025-07-14T20:38:36.854940,20473562
라면,2024-06,24년 6월,"혀 음식 일러스트 라면면 스프 쇠고기 국수, 혀 음식, 라면 국수, 소고기 국수 PNG 일러스트 및 PSD 이미지 무료 다운로드 - Pngtree",https://png.pngtree.com/element_our/20190529/ourlarge/pngtree-gourmet-noodles-on-the-tip-of-the-tongue-image_1229327.jpg,https://search.pstatic.net/sunny/?type=b150&src=https://png.pngtree.com/element_our/20190529/ourlarge/pngtree-gourmet-noodles-on-the-tip-of-the-tongue-image_1229327.jpg,41,image_sim,2025-07-14T20:38:37.414805,20473562
라면,2024-06,24년 6월,"라면 맛있는라면 파란 그릇 만화 일러스트 음식, 일본라면, 맛있는라면, 파란 그릇 PNG 일러스트 및 PSD 이미지 무료 다운로드 - Pngtree",https://png.pngtree.com/element_our/20190602/ourlarge/pngtree-delicious-japanese-ramen-illustration-image_1411057.jpg,https://search.pstatic.net/sunny/?type=b150&src=https://png.pngtree.com/element_our/20190602/ourlarge/pngtree-delicious-japanese-ramen-illustration-image_1411057.jpg,41,image_sim,2025-07-14T20:38:37.414805,20473562
라면,2024-06,24년 6월,"큰 사발 음식 일러스트 계란 생선 접시 고기 일본라면, 라면 클립 아트, 생선 접시, 사발 PNG 일러스트 및 PSD 이미지 무료 다운로드 - Pngtree",https://png.pngtree.com/png-clipart/20201223/ourlarge/pngtree-big-bowl-gourmet-egg-fish-plate-meat-gourmet-japanese-ramen-png-image_2628832.jpg,https://search.pstatic.net/sunny/?type=b150&src=https://png.pngtree.com/png-clipart/20201223/ourlarge/pngtree-big-bowl-gourmet-egg-fish-plate-meat-gourmet-japanese-ramen-png-image_2628832.jpg,41,image_sim,2025-07-14T20:38:37.414805,20473562
라면,2024-06,24년 6월,"음식, 즉석, 제품 실물 일러스트 PNG, 라면 한 그릇 이미지 벡터, PSD 파일 - Pngtree  음식, 즉석, 제품 실물 일러스트 PNG, 라면 한 그릇...",https://png.pngtree.com/thumb_back/fh260/background/20230806/pngtree-a-bowl-with-noodles-image_13006785.png,https://search.pstatic.net/sunny/?type=b150&src=https://png.pngtree.com/thumb_back/fh260/background/20230806/pngtree-a-bowl-with-noodles-image_13006785.png,41,image_sim,2025-07-14T20:38:37.414805,20473562
라면,2025-06,2025년 6월,식품특가 닛신 치킨 라면 Mini 3팩 60g 2025-08-19까지 : 일본직구 엔핍,http://shop1.phinf.naver.net/20240821_228/1724209215205eVvSq_PNG/16979795987010535_1194499337.png,https://search.pstatic.net/common/?type=b150&src=http://shop1.phinf.naver.net/20240821_228/1724209215205eVvSq_PNG/16979795987010535_1194499337.png,41,image_date,2025-07-14T20:38:39.572718,20473562
라면,2025-06,25년 6월,"혀 음식 일러스트 라면면 스프 쇠고기 국수, 혀 음식, 라면 국수, 소고기 국수 PNG 일러스트 및 PSD 이미지 무료 다운로드 - Pngtree",https://png.pngtree.com/element_our/20190529/ourlarge/pngtree-gourmet-noodles-on-the-tip-of-the-tongue-image_1229327.jpg,https://search.pstatic.net/sunny/?type=b150&src=https://png.pngtree.com/element_our/20190529/ourlarge/pngtree-gourmet-noodles-on-the-tip-of-the-tongue-image_1229327.jpg,41,image_sim,2025-07-14T20:38:41.707769,20473562
라면,2025-06,25년 6월,"라면 맛있는라면 파란 그릇 만화 일러스트 음식, 일본라면, 맛있는라면, 파란 그릇 PNG 일러스트 및 PSD 이미지 무료 다운로드 - Pngtree",https://png.pngtree.com/element_our/20190602/ourlarge/pngtree-delicious-japanese-ramen-illustration-image_1411057.jpg,https://search.pstatic.net/sunny/?type=b150&src=https://png.pngtree.com/element_our/20190602/ourlarge/pngtree-delicious-japanese-ramen-illustration-image_1411057.jpg,41,image_sim,2025-07-14T20:38:41.707769,20473562
라면,2025-06,25년 6월,"큰 사발 음식 일러스트 계란 생선 접시 고기 일본라면, 라면 클립 아트, 생선 접시, 사발 PNG 일러스트 및 PSD 이미지 무료 다운로드 - Pngtree",https://png.pngtree.com/png-clipart/20201223/ourlarge/pngtree-big-bowl-gourmet-egg-fish-plate-meat-gourmet-japanese-ramen-png-image_2628832.jpg,https://search.pstatic.net/sunny/?type=b150&src=https://png.pngtree.com/png-clipart/20201223/ourlarge/pngtree-big-bowl-gourmet-egg-fish-plate-meat-gourmet-japanese-ramen-png-image_2628832.jpg,41,image_sim,2025-07-14T20:38:41.707769,20473562
라면,2025-06,25년 6월,"만화 라면 3d, 라면, 음식 라면, 음식 PNG 일러스트 및 PSD 이미지 무료 다운로드 - Pngtree",https://png.pngtree.com/png-clipart/20230116/original/pngtree-cartoon-ramen-3d-png-image_8918279.png,https://search.pstatic.net/sunny/?type=b150&src=https://png.pngtree.com/png-clipart/20230116/original/pngtree-cartoon-ramen-3d-png-image_8918279.png,41,image_sim,2025-07-14T20:38:41.707769,20473562
피자,2025-06,2025.06,"피자 음식 창조적 인 성격 그림 일러스트 만화 패스트 푸드 스티커 장식 패턴, 피자, 음식, 패스트 푸드 PNG 일러스트 및 PSD 이미지 무료...",https://png.pngtree.com/png-clipart/20230322/ourlarge/pngtree-pizza-food-creative-personality-illustration-comic-fast-food-sticker-decorative-pattern-png-image_6657001.png,https://search.pstatic.net/sunny/?type=b150&src=https://png.pngtree.com/png-clipart/20230322/ourlarge/pngtree-pizza-food-creative-personality-illustration-comic-fast-food-sticker-decorative-pattern-png-image_6657001.png,41,image_sim,2025-07-14T20:38:48.525376,15782041
치킨,2024-06,2024년 6월,"3위 치킨, 2위 마라탕...2024년 가장 많이 검색된 '의외의 음식'은 바로 | 위키트리 3위 치킨, 2위 마라탕...2024년 가장 많이 검색된 '의외의...",https://cdnweb01.wikitree.co.kr/webdata/editor/202502/19/img_20250219121039_b0a827c5.webp,https://search.pstatic.net/sunny/?type=b150&src=https://cdnweb01.wikitree.co.kr/webdata/editor/202502/19/img_20250219121039_b0a827c5.webp,40,image_sim,2025-07-14T20:38:28.760758,317241121
치킨,2024-06,2024년 6월,프라이드 치킨 사진 – Unsplash의 무료 음식 이미지 Unsplash에 있는 Clint Bustrillos의 사진,https://images.unsplash.com/photo-1548340748-6d2b7d7da280?mark=https%3A%2F%2Fimages.unsplash.com%2Fopengraph%2Flogo.png&mark-w=64&mark-align=top%2Cleft&mark-pad=50&h=630&w=1200&crop=faces%2Cedges&blend-w=1&blend=000000&blend-mode=normal&blend-alpha=10&auto=format&fit=crop&q=60&ixid=M3wxMjA3fDB8MXxhbGx8fHx8fHx8fHwxNzUwMjU1NzY4fA&ixlib=rb-4.1.0,https://search.pstatic.net/sunny/?type=b150&src=https://images.unsplash.com/photo-1548340748-6d2b7d7da280?mark=https%3A%2F%2Fimages.unsplash.com%2Fopengraph%2Flogo.png&mark-w=64&mark-align=top%2Cleft&mark-pad=50&h=630&w=1200&crop=faces%2Cedges&blend-w=1&blend=000000&blend-mode=normal&blend-alpha=10&auto=format&fit=crop&q=60&ixid=M3wxMjA3fDB8MXxhbGx8fHx8fHx8fHwxNzUwMjU1NzY4fA&ixlib=rb-4.1.0,40,image_sim,2025-07-14T20:38:28.762233,317241121
치킨,2024-06,2024년 6월,"chicken, 음식, 치킨, korea, 눈꽃치킨, 사진,이미지,일러스트,캘리그라피 - Nook550작가 크라우드픽 - 저작권 걱정 없는 상업용 이미지",https://cdn.crowdpic.net/detail-thumb/thumb_d_B91E2389B0851C75010CAFE040A7B556.jpg,https://search.pstatic.net/sunny/?type=b150&src=https://cdn.crowdpic.net/detail-thumb/thumb_d_B91E2389B0851C75010CAFE040A7B556.jpg,40,image_sim,2025-07-14T20:38:28.762233,317241121
치킨,2024-06,2024년 6월,"치킨, chicken, 후라이드치킨, 튀긴음식, 프라이드치킨, 사진,이미지,일러스트,캘리그라피 - DENN작가 크라우드픽 - 저작권 걱정 없는 상업용...",https://cdn.crowdpic.net/detail-thumb/thumb_d_A8C3CE393B068E651666A1E143DCA9C1.jpg,https://search.pstatic.net/sunny/?type=b150&src=https://cdn.crowdpic.net/detail-thumb/thumb_d_A8C3CE393B068E651666A1E143DCA9C1.jpg,40,image_sim,2025-07-14T20:38:28.762233,317241121
치킨,2024-06,2024.06,"회색 쟁반에 프라이드 치킨 사진 – Unsplash의 무료 음식 이미지 사진 작가: Shardar Tarikul Islam, Unsplash",https://images.unsplash.com/photo-1626082934578-f3acbc1946f8?crop=faces%2Cedges&cs=tinysrgb&fit=crop&fm=jpg&ixid=MnwxMjA3fDB8MXxhbGx8fHx8fHx8fHwxNjgwMDczMzAz&ixlib=rb-4.0.3&q=60&w=1200&auto=format&h=630&mark-w=64&mark-align=top%2Cleft&mark-pad=50&blend-mode=normal&blend-alpha=10&blend-w=1&mark=https%3A%2F%2Fimages.unsplash.com%2Fopengraph%2Flogo.png&blend=000000,https://search.pstatic.net/sunny/?type=b150&src=https://images.unsplash.com/photo-1626082934578-f3acbc1946f8?crop=faces%2Cedges&cs=tinysrgb&fit=crop&fm=jpg&ixid=MnwxMjA3fDB8MXxhbGx8fHx8fHx8fHwxNjgwMDczMzAz&ixlib=rb-4.0.3&q=60&w=1200&auto=format&h=630&mark-w=64&mark-align=top%2Cleft&mark-pad=50&blend-mode=normal&blend-alpha=10&blend-w=1&mark=https%3A%2F%2Fimages.unsplash.com%2Fopengraph%2Flogo.png&blend=000000,40,image_sim,2025-07-14T20:38:29.337813,317241121
치킨,2025-06,2025.06,"치킨, 음식그림, 치킨그림, 치킨일러스트, 음식일러스트, 사진,이미지,일러스트,캘리그라피 - 또전작가 크라우드픽 - 저작권 걱정 없는 상업용 이미지",https://cdn.crowdpic.net/detail-thumb/thumb_d_C3AE9D35CC4A836081C54D9B0DFCE8FD.jpeg,https://search.pstatic.net/sunny/?type=b150&src=https://cdn.crowdpic.net/detail-thumb/thumb_d_C3AE9D35CC4A836081C54D9B0DFCE8FD.jpeg,40,image_sim,2025-07-14T20:38:33.526927,317241121
치킨,2025-06,2025.06,"치킨, 치킨그림, 음식, 일러스트, 스티커, 사진,이미지,일러스트,캘리그라피 - unbelviso작가 크라우드픽 - 저작권 걱정 없는 상업용 이미지",https://cdn.crowdpic.net/detail-thumb/thumb_d_2DF33385B5EA895549BBA6053D637F95.png,https://search.pstatic.net/sunny/?type=b150&src=https://cdn.crowdpic.net/detail-thumb/thumb_d_2DF33385B5EA895549BBA6053D637F95.png,40,image_sim,2025-07-14T20:38:33.526927,317241121
라면,2024-06,2024년 6월,"라면, 뜨거운, 토마토라면, 매운음식, 라면요리, 사진,이미지,일러스트,캘리그라피 - jjickmuk작가 크라우드픽 - 저작권 걱정 없는 상업용 이미지",https://cdn.crowdpic.net/detail-thumb/thumb_d_F9FBA195C09388EA9B777EAD25326302.jpg,https://search.pstatic.net/sunny/?type=b150&src=https://cdn.crowdpic.net/detail-thumb/thumb_d_F9FBA195C09388EA9B777EAD25326302.jpg,40,image_sim,2025-07-14T20:38:36.303933,20473562
라면,2024-06,2024년 6월,"라면, 뜨거운, 토마토라면, 매운음식, 라면요리, 사진,이미지,일러스트,캘리그라피 - jjickmuk작가 크라우드픽 - 저작권 걱정 없는 상업용 이미지",https://cdn.crowdpic.net/detail-thumb/thumb_d_38C639700EB38375BC4E2F9851279D84.jpg,https://search.pstatic.net/sunny/?type=b150&src=https://cdn.crowdpic.net/detail-thumb/thumb_d_38C639700EB38375BC4E2F9851279D84.jpg,40,image_sim,2025-07-14T20:38:36.303933,20473562
라면,2024-06,2024년 6월,"라면, 고추, 음식, 매운라면, 간식, 사진,이미지,일러스트,캘리그라피 - Anthony Khim작가 크라우드픽 - 저작권 걱정 없는 상업용 이미지",https://cdn.crowdpic.net/detail-thumb/thumb_d_59707C330266A6276EDEBE2241EFB205.jpg,https://search.pstatic.net/sunny/?type=b150&src=https://cdn.crowdpic.net/detail-thumb/thumb_d_59707C330266A6276EDEBE2241EFB205.jpg,40,image_sim,2025-07-14T20:38:36.305940,20473562
라면,2024-06,2024년 6월,젓가락이 튀어나온 라면 한 그릇 사진 – Unsplash의 무료 음식 이미지 Unsplash에 있는 Javier Esteban의 사진,https://images.unsplash.com/photo-1649013754416-6ea5d0be0b03?mark=https%3A%2F%2Fimages.unsplash.com%2Fopengraph%2Flogo.png&mark-w=64&mark-align=top%2Cleft&mark-pad=50&h=630&w=1200&crop=faces%2Cedges&blend-w=1&blend=000000&blend-mode=normal&blend-alpha=10&auto=format&fit=crop&q=60&ixid=M3wxMjA3fDB8MXxhbGx8fHx8fHx8fHwxNzQ5NjY2Njc4fA&ixlib=rb-4.1.0,https://search.pstatic.net/sunny/?type=b150&src=https://images.unsplash.com/photo-1649013754416-6ea5d0be0b03?mark=https%3A%2F%2Fimages.unsplash.com%2Fopengraph%2Flogo.png&mark-w=64&mark-align=top%2Cleft&mark-pad=50&h=630&w=1200&crop=faces%2Cedges&blend-w=1&blend=000000&blend-mode=normal&blend-alpha=10&auto=format&fit=crop&q=60&ixid=M3wxMjA3fDB8MXxhbGx8fHx8fHx8fHwxNzQ5NjY2Njc4fA&ixlib=rb-4.1.0,40,image_sim,2025-07-14T20:38:36.305940,20473562
라면,2024-06,2024년 6월,"라면, 즉석라면, 한강, 한강즉석라면, 음식, 사진,이미지,일러스트,캘리그라피 - 예저니작가 크라우드픽 - 저작권 걱정 없는 상업용 이미지",https://cdn.crowdpic.net/detail-thumb/thumb_d_C06502305F78C605273D8161329F5D01.png,https://search.pstatic.net/sunny/?type=b150&src=https://cdn.crowdpic.net/detail-thumb/thumb_d_C06502305F78C605273D8161329F5D01.png,40,image_sim,2025-07-14T20:38:36.305940,20473562
라면,2024-06,2024년 6월,"라면, 바다, 음식, 바다라면, noodle, 사진,이미지,일러스트,캘리그라피 - Ngpwlsgd작가 크라우드픽 - 저작권 걱정 없는 상업용 이미지",https://cdn.crowdpic.net/detail-thumb/thumb_d_53CD664F8B57C525E74E895981A22CA4.jpg,https://search.pstatic.net/sunny/?type=b150&src=https://cdn.crowdpic.net/detail-thumb/thumb_d_53CD664F8B57C525E74E895981A22CA4.jpg,40,image_sim,2025-07-14T20:38:36.305940,20473562
라면,2024-06,2024.06,"라면, 음식, 휴게소라면, 냄비라면, 식사, 사진,이미지,일러스트,캘리그라피 - currere작가 크라우드픽 - 저작권 걱정 없는 상업용 이미지",https://cdn.crowdpic.net/detail-thumb/thumb_d_606BF8A1447B72C5B63997250BFC89F5.jpg,https://search.pstatic.net/sunny/?type=b150&src=https://cdn.crowdpic.net/detail-thumb/thumb_d_606BF8A1447B72C5B63997250BFC89F5.jpg,40,image_sim,2025-07-14T20:38:36.854940,20473562
라면,2024-06,2024.06,"라면, 컵라면, 인스턴트, 간편식, 면음식, 사진,이미지,일러스트,캘리그라피 - Ntjdals2245작가 크라우드픽 - 저작권 걱정 없는 상업용 이미지",https://cdn.crowdpic.net/detail-thumb/thumb_d_7EF6EB72742981B0ED1EC59DC3689286.jpg,https://search.pstatic.net/sunny/?type=b150&src=https://cdn.crowdpic.net/detail-thumb/thumb_d_7EF6EB72742981B0ED1EC59DC3689286.jpg,40,image_sim,2025-07-14T20:38:36.854940,20473562
라면,2024-06,2024.06,"라면, 고추, 음식, 매운라면, 간식, 사진,이미지,일러스트,캘리그라피 - Anthony Khim작가 크라우드픽 - 저작권 걱정 없는 상업용 이미지",https://cdn.crowdpic.net/detail-thumb/thumb_d_73F340B2D05EC25F876F5645FCB63022.jpg,https://search.pstatic.net/sunny/?type=b150&src=https://cdn.crowdpic.net/detail-thumb/thumb_d_73F340B2D05EC25F876F5645FCB63022.jpg,40,image_sim,2025-07-14T20:38:36.854940,20473562
라면,2024-06,24년 6월,"라면, 라면일러스트, 음식, 음식일러스트, 야식, 사진,이미지,일러스트,캘리그라피 - design4r작가 크라우드픽 - 저작권 걱정 없는 상업용 이미지",https://cdn.crowdpic.net/detail-thumb/thumb_d_E6E126F09CF23A2875A8840FAE419223.png,https://search.pstatic.net/sunny/?type=b150&src=https://cdn.crowdpic.net/detail-thumb/thumb_d_E6E126F09CF23A2875A8840FAE419223.png,40,image_sim,2025-07-14T20:38:37.414805,20473562
라면,2025-06,2025.06,"라면, 음식, 휴게소라면, 냄비라면, 식사, 사진,이미지,일러스트,캘리그라피 - currere작가 크라우드픽 - 저작권 걱정 없는 상업용 이미지",https://cdn.crowdpic.net/detail-thumb/thumb_d_606BF8A1447B72C5B63997250BFC89F5.jpg,https://search.pstatic.net/sunny/?type=b150&src=https://cdn.crowdpic.net/detail-thumb/thumb_d_606BF8A1447B72C5B63997250BFC89F5.jpg,40,image_sim,2025-07-14T20:38:41.113411,20473562
라면,2025-06,2025.06,"라면, 컵라면, 인스턴트, 간편식, 면음식, 사진,이미지,일러스트,캘리그라피 - Ntjdals2245작가 크라우드픽 - 저작권 걱정 없는 상업용 이미지",https://cdn.crowdpic.net/detail-thumb/thumb_d_7EF6EB72742981B0ED1EC59DC3689286.jpg,https://search.pstatic.net/sunny/?type=b150&src=https://cdn.crowdpic.net/detail-thumb/thumb_d_7EF6EB72742981B0ED1EC59DC3689286.jpg,40,image_sim,2025-07-14T20:38:41.113411,20473562
라면,2025-06,2025.06,"라면, 뜨거운, 토마토라면, 매운음식, 라면요리, 사진,이미지,일러스트,캘리그라피 - jjickmuk작가 크라우드픽 - 저작권 걱정 없는 상업용 이미지",https://cdn.crowdpic.net/detail-thumb/thumb_d_38C639700EB38375BC4E2F9851279D84.jpg,https://search.pstatic.net/sunny/?type=b150&src=https://cdn.crowdpic.net/detail-thumb/thumb_d_38C639700EB38375BC4E2F9851279D84.jpg,40,image_sim,2025-07-14T20:38:41.113411,20473562
라면,2025-06,2025.06,"라면, 뜨거운, 토마토라면, 매운음식, 라면요리, 사진,이미지,일러스트,캘리그라피 - jjickmuk작가 크라우드픽 - 저작권 걱정 없는 상업용 이미지",https://cdn.crowdpic.net/detail-thumb/thumb_d_F9FBA195C09388EA9B777EAD25326302.jpg,https://search.pstatic.net/sunny/?type=b150&src=https://cdn.crowdpic.net/detail-thumb/thumb_d_F9FBA195C09388EA9B777EAD25326302.jpg,40,image_sim,2025-07-14T20:38:41.113411,20473562
라면,2025-06,2025.06,"라면, 고추, 음식, 매운라면, 간식, 사진,이미지,일러스트,캘리그라피 - Anthony Khim작가 크라우드픽 - 저작권 걱정 없는 상업용 이미지",https://cdn.crowdpic.net/detail-thumb/thumb_d_73F340B2D05EC25F876F5645FCB63022.jpg,https://search.pstatic.net/sunny/?type=b150&src=https://cdn.crowdpic.net/detail-thumb/thumb_d_73F340B2D05EC25F876F5645FCB63022.jpg,40,image_sim,2025-07-14T20:38:41.113411,20473562
라면,2025-06,2025.06,"라면, 즉석라면, 한강, 한강즉석라면, 음식, 사진,이미지,일러스트,캘리그라피 - 예저니작가 크라우드픽 - 저작권 걱정 없는 상업용 이미지",https://cdn.crowdpic.net/detail-thumb/thumb_d_C06502305F78C605273D8161329F5D01.png,https://search.pstatic.net/sunny/?type=b150&src=https://cdn.crowdpic.net/detail-thumb/thumb_d_C06502305F78C605273D8161329F5D01.png,40,image_sim,2025-07-14T20:38:41.113411,20473562
라면,2025-06,2025.06,젓가락이 튀어나온 라면 한 그릇 사진 – Unsplash의 무료 음식 이미지 Unsplash에 있는 Javier Esteban의 사진,https://images.unsplash.com/photo-1649013754416-6ea5d0be0b03?mark=https%3A%2F%2Fimages.unsplash.com%2Fopengraph%2Flogo.png&mark-w=64&mark-align=top%2Cleft&mark-pad=50&h=630&w=1200&crop=faces%2Cedges&blend-w=1&blend=000000&blend-mode=normal&blend-alpha=10&auto=format&fit=crop&q=60&ixid=M3wxMjA3fDB8MXxhbGx8fHx8fHx8fHwxNzQ5NjY2Njc4fA&ixlib=rb-4.1.0,https://search.pstatic.net/sunny/?type=b150&src=https://images.unsplash.com/photo-1649013754416-6ea5d0be0b03?mark=https%3A%2F%2Fimages.unsplash.com%2Fopengraph%2Flogo.png&mark-w=64&mark-align=top%2Cleft&mark-pad=50&h=630&w=1200&crop=faces%2Cedges&blend-w=1&blend=000000&blend-mode=normal&blend-alpha=10&auto=format&fit=crop&q=60&ixid=M3wxMjA3fDB8MXxhbGx8fHx8fHx8fHwxNzQ5NjY2Njc4fA&ixlib=rb-4.1.0,40,image_sim,2025-07-14T20:38:41.113411,20473562
라면,2025-06,25년 6월,"라면, 라면일러스트, 음식, 음식일러스트, 야식, 사진,이미지,일러스트,캘리그라피 - design4r작가 크라우드픽 - 저작권 걱정 없는 상업용 이미지",https://cdn.crowdpic.net/detail-thumb/thumb_d_E6E126F09CF23A2875A8840FAE419223.png,https://search.pstatic.net/sunny/?type=b150&src=https://cdn.crowdpic.net/detail-thumb/thumb_d_E6E126F09CF23A2875A8840FAE419223.png,40,image_sim,2025-07-14T20:38:41.707769,20473562
피자,2025-06,2025.06,피자를 만드는 사람 사진 – Unsplash의 무료 음식 이미지 Unsplash에 있는 Daniel의 사진,https://images.unsplash.com/photo-1651981075280-9a9e01acbff0?mark=https%3A%2F%2Fimages.unsplash.com%2Fopengraph%2Flogo.png&mark-w=64&mark-align=top%2Cleft&mark-pad=50&h=630&w=1200&crop=faces%2Cedges&blend-w=1&blend=000000&blend-mode=normal&blend-alpha=10&auto=format&fit=crop&q=60&ixid=M3wxMjA3fDB8MXxhbGx8fHx8fHx8fHwxNzQ1OTkwOTE2fA&ixlib=rb-4.0.3,https://search.pstatic.net/sunny/?type=b150&src=https://images.unsplash.com/photo-1651981075280-9a9e01acbff0?mark=https%3A%2F%2Fimages.unsplash.com%2Fopengraph%2Flogo.png&mark-w=64&mark-align=top%2Cleft&mark-pad=50&h=630&w=1200&crop=faces%2Cedges&blend-w=1&blend=000000&blend-mode=normal&blend-alpha=10&auto=format&fit=crop&q=60&ixid=M3wxMjA3fDB8MXxhbGx8fHx8fHx8fHwxNzQ1OTkwOTE2fA&ixlib=rb-4.0.3,40,image_sim,2025-07-14T20:38:48.539531,15782041
피자,2025-06,2025.06,"음식 한 접시 사진 – Unsplash의 무료 피자 이미지 사진 작가: amin ramezani, Unsplash",https://images.unsplash.com/photo-1670148815909-e79a18e16ddd?crop=faces%2Cedges&cs=tinysrgb&fit=crop&fm=jpg&ixid=MnwxMjA3fDB8MXxhbGx8fHx8fHx8fHwxNjgzNDIzMDkx&ixlib=rb-4.0.3&q=60&w=1200&auto=format&h=630&mark-w=64&mark-align=top%2Cleft&mark-pad=50&blend-mode=normal&blend-alpha=10&blend-w=1&mark=https%3A%2F%2Fimages.unsplash.com%2Fopengraph%2Flogo.png&blend=000000,https://search.pstatic.net/sunny/?type=b150&src=https://images.unsplash.com/photo-1670148815909-e79a18e16ddd?crop=faces%2Cedges&cs=tinysrgb&fit=crop&fm=jpg&ixid=MnwxMjA3fDB8MXxhbGx8fHx8fHx8fHwxNjgzNDIzMDkx&ixlib=rb-4.0.3&q=60&w=1200&auto=format&h=630&mark-w=64&mark-align=top%2Cleft&mark-pad=50&blend-mode=normal&blend-alpha=10&blend-w=1&mark=https%3A%2F%2Fimages.unsplash.com%2Fopengraph%2Flogo.png&blend=000000,40,image_sim,2025-07-14T20:38:48.539531,15782041
치킨,2024-06,2024.06,딥을 곁들인 프라이드 치킨 사진 – Unsplash의 무료 음식 이미지 Unsplash에 있는 Léo Roza의 사진,https://images.unsplash.com/photo-1562967914-608f82629710?fm=jpg&q=60&w=3000&ixlib=rb-4.1.0&ixid=M3wxMjA3fDB8MHxwaG90by1wYWdlfHx8fGVufDB8fHx8fA%3D%3D,https://search.pstatic.net/sunny/?type=b150&src=https://images.unsplash.com/photo-1562967914-608f82629710?fm=jpg&q=60&w=3000&ixlib=rb-4.1.0&ixid=M3wxMjA3fDB8MHxwaG90by1wYWdlfHx8fGVufDB8fHx8fA%3D%3D,39,image_sim,2025-07-14T20:38:29.337813,317241121
치킨,2024-06,2024.06,로스트 치킨 사진 – Unsplash의 무료 음식 이미지 Unsplash에 있는 Gabriel Garcia Marengo의 사진,https://plus.unsplash.com/premium_photo-1695582868595-d6cd9b1a7f3f?fm=jpg&q=60&w=3000&ixlib=rb-4.1.0&ixid=M3wxMjA3fDB8MHxwaG90by1yZWxhdGVkfDQzfHx8ZW58MHx8fHx8,https://search.pstatic.net/sunny/?type=b150&src=https://plus.unsplash.com/premium_photo-1695582868595-d6cd9b1a7f3f?fm=jpg&q=60&w=3000&ixlib=rb-4.1.0&ixid=M3wxMjA3fDB8MHxwaG90by1yZWxhdGVkfDQzfHx8ZW58MHx8fHx8,39,image_sim,2025-07-14T20:38:29.337813,317241121
치킨,2024-06,24년 6월,탈출 성공해 자유 찾은 닭들 양계장으로 돌아간다... 23년 만에 돌아온 '치킨 런 2' 예고편 공개,http://imgnews.naver.net/image/5486/2023/09/06/0000254672_004_20230906145003999.jpg,https://search.pstatic.net/common/?type=b150&src=http://imgnews.naver.net/image/5486/2023/09/06/0000254672_004_20230906145003999.jpg,39,image_sim,2025-07-14T20:38:29.930607,317241121
라면,2024-06,2024년 6월,라면그릇 사진 – Unsplash의 무료 음식 이미지 Unsplash에 있는 Lightscape의 사진,https://images.unsplash.com/photo-1733472040795-a6bb206e2b28?fm=jpg&q=60&w=3000&ixlib=rb-4.1.0&ixid=M3wxMjA3fDB8MHxwaG90by1yZWxhdGVkfDU1fHx8ZW58MHx8fHx8,https://search.pstatic.net/sunny/?type=b150&src=https://images.unsplash.com/photo-1733472040795-a6bb206e2b28?fm=jpg&q=60&w=3000&ixlib=rb-4.1.0&ixid=M3wxMjA3fDB8MHxwaG90by1yZWxhdGVkfDU1fHx8ZW58MHx8fHx8,39,image_sim,2025-07-14T20:38:36.303933,20473562
라면,2024-06,24년 6월,검은 그릇에 담긴 라면의 매크로 사진 사진 – Unsplash의 무료 음식 이미지 Unsplash에 있는 Sargent Seal의 사진,https://images.unsplash.com/photo-1569718212165-3a8278d5f624?fm=jpg&q=60&w=3000&ixlib=rb-4.1.0&ixid=M3wxMjA3fDB8MHxwaG90by1yZWxhdGVkfDE0fHx8ZW58MHx8fHx8,https://search.pstatic.net/sunny/?type=b150&src=https://images.unsplash.com/photo-1569718212165-3a8278d5f624?fm=jpg&q=60&w=3000&ixlib=rb-4.1.0&ixid=M3wxMjA3fDB8MHxwaG90by1yZWxhdGVkfDE0fHx8ZW58MHx8fHx8,39,image_sim,2025-07-14T20:38:37.414805,20473562
라면,2025-06,2025.06,라면그릇 사진 – Unsplash의 무료 음식 이미지 Unsplash에 있는 Lightscape의 사진,https://images.unsplash.com/photo-1733472040795-a6bb206e2b28?fm=jpg&q=60&w=3000&ixlib=rb-4.1.0&ixid=M3wxMjA3fDB8MHxwaG90by1yZWxhdGVkfDU1fHx8ZW58MHx8fHx8,https://search.pstatic.net/sunny/?type=b150&src=https://images.unsplash.com/photo-1733472040795-a6bb206e2b28?fm=jpg&q=60&w=3000&ixlib=rb-4.1.0&ixid=M3wxMjA3fDB8MHxwaG90by1yZWxhdGVkfDU1fHx8ZW58MHx8fHx8,39,image_sim,2025-07-14T20:38:41.113411,20473562
라면,2025-06,25년 6월,검은 그릇에 담긴 라면의 매크로 사진 사진 – Unsplash의 무료 음식 이미지 Unsplash에 있는 Sargent Seal의 사진,https://images.unsplash.com/photo-1569718212165-3a8278d5f624?fm=jpg&q=60&w=3000&ixlib=rb-4.1.0&ixid=M3wxMjA3fDB8MHxwaG90by1yZWxhdGVkfDE0fHx8ZW58MHx8fHx8,https://search.pstatic.net/sunny/?type=b150&src=https://images.unsplash.com/photo-1569718212165-3a8278d5f624?fm=jpg&q=60&w=3000&ixlib=rb-4.1.0&ixid=M3wxMjA3fDB8MHxwaG90by1yZWxhdGVkfDE0fHx8ZW58MHx8fHx8,39,image_sim,2025-07-14T20:38:41.707769,20473562
피자,2025-06,2025년 6월,토핑이 있는 피자의 클로즈업 사진 – Unsplash의 무료 음식 배달 이미지 Unsplash에 있는 Israel Piña의 사진,https://images.unsplash.com/photo-1686758751366-883847cfbba0?fm=jpg&q=60&w=3000&ixlib=rb-4.1.0&ixid=M3wxMjA3fDB8MHxwaG90by1yZWxhdGVkfDI1fHx8ZW58MHx8fHx8,https://search.pstatic.net/sunny/?type=b150&src=https://images.unsplash.com/photo-1686758751366-883847cfbba0?fm=jpg&q=60&w=3000&ixlib=rb-4.1.0&ixid=M3wxMjA3fDB8MHxwaG90by1yZWxhdGVkfDI1fHx8ZW58MHx8fHx8,39,image_date,2025-07-14T20:38:47.515862,15782041
피자,2025-06,2025.06,"발렌타인데이를 위한 피자 하트, 치즈 피자, 피자 테이블, 음식 피자 PNG 일러스트 및 이미지 에 대한 무료 다운로드 - Pngtree",https://png.pngtree.com/png-vector/20231229/ourlarge/pngtree-pizza-heart-for-valentine-s-day-png-image_11315259.png,https://search.pstatic.net/sunny/?type=b150&src=https://png.pngtree.com/png-vector/20231229/ourlarge/pngtree-pizza-heart-for-valentine-s-day-png-image_11315259.png,39,image_sim,2025-07-14T20:38:48.525376,15782041
피자,2025-06,25년 6월,흰색 세라믹 접시에 피자 사진 – Unsplash의 무료 음식 이미지 Unsplash에 있는 engin akyurt의 사진,https://images.unsplash.com/photo-1620374229300-59b3e0770a49?fm=jpg&q=60&w=3000&ixlib=rb-4.1.0&ixid=M3wxMjA3fDB8MHxwaG90by1yZWxhdGVkfDJ8fHxlbnwwfHx8fHw%3D,https://search.pstatic.net/sunny/?type=b150&src=https://images.unsplash.com/photo-1620374229300-59b3e0770a49?fm=jpg&q=60&w=3000&ixlib=rb-4.1.0&ixid=M3wxMjA3fDB8MHxwaG90by1yZWxhdGVkfDJ8fHxlbnwwfHx8fHw%3D,39,image_sim,2025-07-14T20:38:49.156030,15782041
치킨,2024-06,2024년 6월,"배경, 아시아 음식, 치킨 라이스 로열티 무료 사진, 그림, 이미지 그리고 스톡포토그래피. Image 14757157 배경, 아시아 음식, 치킨 라이스",https://previews.123rf.com/images/heinteh/heinteh1208/heinteh120800012/14757157-%EB%B0%B0%EA%B2%BD-%EC%95%84%EC%8B%9C%EC%95%84-%EC%9D%8C%EC%8B%9D-%EC%B9%98%ED%82%A8-%EB%9D%BC%EC%9D%B4%EC%8A%A4.jpg,https://search.pstatic.net/sunny/?type=b150&src=https://previews.123rf.com/images/heinteh/heinteh1208/heinteh120800012/14757157-%EB%B0%B0%EA%B2%BD-%EC%95%84%EC%8B%9C%EC%95%84-%EC%9D%8C%EC%8B%9D-%EC%B9%98%ED%82%A8-%EB%9D%BC%EC%9D%B4%EC%8A%A4.jpg,38,image_sim,2025-07-14T20:38:28.762233,317241121
치킨,2025-06,2025.06,"배경, 아시아 음식, 치킨 라이스 로열티 무료 사진, 그림, 이미지 그리고 스톡포토그래피. Image 14757157 배경, 아시아 음식, 치킨 라이스",https://previews.123rf.com/images/heinteh/heinteh1208/heinteh120800012/14757157-%EB%B0%B0%EA%B2%BD-%EC%95%84%EC%8B%9C%EC%95%84-%EC%9D%8C%EC%8B%9D-%EC%B9%98%ED%82%A8-%EB%9D%BC%EC%9D%B4%EC%8A%A4.jpg,https://search.pstatic.net/sunny/?type=b150&src=https://previews.123rf.com/images/heinteh/heinteh1208/heinteh120800012/14757157-%EB%B0%B0%EA%B2%BD-%EC%95%84%EC%8B%9C%EC%95%84-%EC%9D%8C%EC%8B%9D-%EC%B9%98%ED%82%A8-%EB%9D%BC%EC%9D%B4%EC%8A%A4.jpg,38,image_sim,2025-07-14T20:38:33.528936,317241121
라면,2024-06,2024년 6월,"라면, 해물라면, 꽃게라면, 전복라면, 음식, 사진,이미지,일러스트,캘리그라피 - 일정작가 크라우드픽 - 저작권 걱정 없는 상업용 이미지",https://cdn.crowdpic.net/detail-thumb/thumb_d_983158651F00D1EB9BAB531226DA276D.jpg,https://search.pstatic.net/sunny/?type=b150&src=https://cdn.crowdpic.net/detail-thumb/thumb_d_983158651F00D1EB9BAB531226DA276D.jpg,38,image_sim,2025-07-14T20:38:36.305940,20473562
라면,2024-06,24년 6월,"음식 일러스트 자유형 삽화 만화라면 일본라면, 라면 클립 아트, 난주시 국수, 계란 PNG 일러스트 및 PSD 이미지 무료 다운로드 - Pngtree",https://png.pngtree.com/png-clipart/20190116/ourlarge/pngtree-food-hand-drawn-illustration-cartoon-ramen-japanese-ramen-png-image_393930.jpg,https://search.pstatic.net/sunny/?type=b150&src=https://png.pngtree.com/png-clipart/20190116/ourlarge/pngtree-food-hand-drawn-illustration-cartoon-ramen-japanese-ramen-png-image_393930.jpg,38,image_sim,2025-07-14T20:38:37.414805,20473562
라면,2024-06,24년 6월,"산란 김 일식 라면, 클립 아트, 라면 클립 아트, 국수 음식 PNG 일러스트 및 PSD 이미지 무료 다운로드 - Pngtree 산란  김  일식 라면, 클립...",https://png.pngtree.com/png-clipart/20210704/original/pngtree-laying-eggs-nori-japanese-food-ramen-png-image_6492693.jpg,https://search.pstatic.net/sunny/?type=b150&src=https://png.pngtree.com/png-clipart/20210704/original/pngtree-laying-eggs-nori-japanese-food-ramen-png-image_6492693.jpg,38,image_sim,2025-07-14T20:38:37.414805,20473562
라면,2025-06,2025.06,"라면, 해물라면, 꽃게라면, 전복라면, 음식, 사진,이미지,일러스트,캘리그라피 - 일정작가 크라우드픽 - 저작권 걱정 없는 상업용 이미지",https://cdn.crowdpic.net/detail-thumb/thumb_d_983158651F00D1EB9BAB531226DA276D.jpg,https://search.pstatic.net/sunny/?type=b150&src=https://cdn.crowdpic.net/detail-thumb/thumb_d_983158651F00D1EB9BAB531226DA276D.jpg,38,image_sim,2025-07-14T20:38:41.113411,20473562
라면,2025-06,25년 6월,"음식 일러스트 자유형 삽화 만화라면 일본라면, 라면 클립 아트, 난주시 국수, 계란 PNG 일러스트 및 PSD 이미지 무료 다운로드 - Pngtree",https://png.pngtree.com/png-clipart/20190116/ourlarge/pngtree-food-hand-drawn-illustration-cartoon-ramen-japanese-ramen-png-image_393930.jpg,https://search.pstatic.net/sunny/?type=b150&src=https://png.pngtree.com/png-clipart/20190116/ourlarge/pngtree-food-hand-drawn-illustration-cartoon-ramen-japanese-ramen-png-image_393930.jpg,38,image_sim,2025-07-14T20:38:41.707769,20473562
피자,2025-06,2025.06,"피자 사람 일러스트 아이콘 일러스트 음식 일러스트, 피자 일러스트... 클립 아트, 피자 PNG 일러스트 및 이미지 에 대한 무료 다운로드 - Pngtree",https://png.pngtree.com/png-vector/20211102/ourlarge/pngtree-slice-of-pizza-illustration-png-image_4020052.png,https://search.pstatic.net/sunny/?type=b150&src=https://png.pngtree.com/png-vector/20211102/ourlarge/pngtree-slice-of-pizza-illustration-png-image_4020052.png,38,image_sim,2025-07-14T20:38:48.525376,15782041
치킨,2024-06,2024년 6월,"치킨, 음식, 간장치킨, 한국음식, 매운치킨, 사진,이미지,일러스트,캘리그라피 - iiiii93작가 크라우드픽 - 저작권 걱정 없는 상업용 이미지",https://cdn.crowdpic.net/detail-thumb/thumb_d_75168F828F9B250922D34FE672645CBD.jpg,https://search.pstatic.net/sunny/?type=b150&src=https://cdn.crowdpic.net/detail-thumb/thumb_d_75168F828F9B250922D34FE672645CBD.jpg,37,image_sim,2025-07-14T20:38:28.762233,317241121
치킨,2025-06,2025년 6월,"185차 봉사대체후기 ) 2025년 6월 햄버거, 치킨, 떡볶이 배달로 대체 ::: 82cook.com",https://blog.kakaocdn.net/dna/boM82l/btsO68UUBbn/AAAAAAAAAAAAAAAAAAAAAAQbetZKB_RNtOYhnZzGfQDZgw7ViKia1ZQ8rynAMI6b/img.png?credential=yqXZFxpELC7KVnFOS48ylbz2pIh7yKj8&expires=1753973999&allow_ip=&allow_referer=&signature=Hp%2BPj4Lzm%2BUsIrrvuJ0zrpw2WZM%3D,https://search.pstatic.net/sunny/?type=b150&src=https://blog.kakaocdn.net/dna/boM82l/btsO68UUBbn/AAAAAAAAAAAAAAAAAAAAAAQbetZKB_RNtOYhnZzGfQDZgw7ViKia1ZQ8rynAMI6b/img.png?credential=yqXZFxpELC7KVnFOS48ylbz2pIh7yKj8&expires=1753973999&allow_ip=&allow_referer=&signature=Hp%2BPj4Lzm%2BUsIrrvuJ0zrpw2WZM%3D,37,image_date,2025-07-14T20:38:32.135192,317241121
치킨,2025-06,2025년 6월,나무 테이블에 프라이드 치킨 샌드위치 사진 – Unsplash의 무료 음식 이미지 Unsplash에 있는 Sultan Abdulrazzaq의 사진,https://images.unsplash.com/photo-1637710847214-f91d99669e18?mark=https%3A%2F%2Fimages.unsplash.com%2Fopengraph%2Flogo.png&mark-w=64&mark-align=top%2Cleft&mark-pad=50&h=630&w=1200&crop=faces%2Cedges&blend-w=1&blend=000000&blend-mode=normal&blend-alpha=10&auto=format&fit=crop&q=60&ixid=M3wxMjA3fDB8MXxhbGx8fHx8fHx8fHwxNzUxNzg5MzY3fA&ixlib=rb-4.1.0,https://search.pstatic.net/sunny/?type=b150&src=https://images.unsplash.com/photo-1637710847214-f91d99669e18?mark=https%3A%2F%2Fimages.unsplash.com%2Fopengraph%2Flogo.png&mark-w=64&mark-align=top%2Cleft&mark-pad=50&h=630&w=1200&crop=faces%2Cedges&blend-w=1&blend=000000&blend-mode=normal&blend-alpha=10&auto=format&fit=crop&q=60&ixid=M3wxMjA3fDB8MXxhbGx8fHx8fHx8fHwxNzUxNzg5MzY3fA&ixlib=rb-4.1.0,37,image_date,2025-07-14T20:38:32.516649,317241121
치킨,2025-06,2025.06,"치킨, 치킨일러스트, 프라이드치킨, 음식, 닭고기, 사진,이미지,일러스트,캘리그라피 - warmsnow11작가 크라우드픽 - 저작권 걱정 없는 상업용...",https://cdn.crowdpic.net/detail-thumb/thumb_d_AC1457A2A3347295558F02A06726650C.png,https://search.pstatic.net/sunny/?type=b150&src=https://cdn.crowdpic.net/detail-thumb/thumb_d_AC1457A2A3347295558F02A06726650C.png,37,image_sim,2025-07-14T20:38:33.528936,317241121
라면,2024-06,2024년 6월,"비빔라면, 비빔라면 (라면), 음식소스 (음식), 면... (갈아서만든음식), 한식, 음식, 분식 이미지 (jv12573122) - 게티이미지뱅크 jv12573122...",https://preview.gettyimagesbank.com/134/2022/04/73/122/jv12573122.jpg?s=1024,https://search.pstatic.net/sunny/?type=b150&src=https://preview.gettyimagesbank.com/134/2022/04/73/122/jv12573122.jpg?s=1024,37,image_sim,2025-07-14T20:38:36.303933,20473562
라면,2024-06,2024년 6월,"컵라면, 라면, 인스턴트음식, 인스턴트컵라면, 음식, 사진,이미지,일러스트,캘리그라피 - jameshan3035작가 크라우드픽 - 저작권 걱정 없는...",https://cdn.crowdpic.net/detail-thumb/thumb_d_B98D1A4F226BD08673AED49837135012.jpeg,https://search.pstatic.net/sunny/?type=b150&src=https://cdn.crowdpic.net/detail-thumb/thumb_d_B98D1A4F226BD08673AED49837135012.jpeg,37,image_sim,2025-07-14T20:38:36.303933,20473562
라면,2025-06,2025.06,"비빔라면, 비빔라면 (라면), 음식소스 (음식), 면... (갈아서만든음식), 한식, 음식, 분식 이미지 (jv12573122) - 게티이미지뱅크 jv12573122...",https://preview.gettyimagesbank.com/134/2022/04/73/122/jv12573122.jpg?s=1024,https://search.pstatic.net/sunny/?type=b150&src=https://preview.gettyimagesbank.com/134/2022/04/73/122/jv12573122.jpg?s=1024,37,image_sim,2025-07-14T20:38:41.113411,20473562
피자,2025-06,25년 6월,야채와 치즈를 듬뿍 얹은 피자 사진 – Unsplash의 여름 이미지 Unsplash에 있는 Monika Grabkowska의 사진,https://plus.unsplash.com/premium_photo-1690056321981-dfe9e75e0247?mark=https%3A%2F%2Fimages.unsplash.com%2Fopengraph%2Flogo.png&mark-w=64&mark-align=top%2Cleft&mark-pad=50&h=630&w=1200&crop=faces%2Cedges&blend-w=1&blend=000000&blend-mode=normal&blend-alpha=10&auto=format&fit=crop&q=60&ixid=M3wxMjA3fDB8MXxhbGx8fHx8fHx8fHwxNzQxNTE3NjI1fA&ixlib=rb-4.0.3,https://search.pstatic.net/sunny/?type=b150&src=https://plus.unsplash.com/premium_photo-1690056321981-dfe9e75e0247?mark=https%3A%2F%2Fimages.unsplash.com%2Fopengraph%2Flogo.png&mark-w=64&mark-align=top%2Cleft&mark-pad=50&h=630&w=1200&crop=faces%2Cedges&blend-w=1&blend=000000&blend-mode=normal&blend-alpha=10&auto=format&fit=crop&q=60&ixid=M3wxMjA3fDB8MXxhbGx8fHx8fHx8fHwxNzQxNTE3NjI1fA&ixlib=rb-4.0.3,37,image_sim,2025-07-14T20:38:49.156030,15782041
피자,2025-06,25년 6월,"Eps10 로열티 무료 사진, 그림, 이미지 그리고 스톡포토그래피. Image 78057053. 벡터 피자 아이콘입니다. 음식 아이콘입니다. Eps10",https://us.123rf.com/450wm/iconcraftstudio/iconcraftstudio1705/iconcraftstudio170500057/78057053-%EB%B2%A1%ED%84%B0-%ED%94%BC%EC%9E%90-%EC%95%84%EC%9D%B4%EC%BD%98%EC%9E%85%EB%8B%88%EB%8B%A4-%EC%9D%8C%EC%8B%9D-%EC%95%84%EC%9D%B4%EC%BD%98%EC%9E%85%EB%8B%88%EB%8B%A4-eps10.jpg?ver=6,https://search.pstatic.net/sunny/?type=b150&src=https://us.123rf.com/450wm/iconcraftstudio/iconcraftstudio1705/iconcraftstudio170500057/78057053-%EB%B2%A1%ED%84%B0-%ED%94%BC%EC%9E%90-%EC%95%84%EC%9D%B4%EC%BD%98%EC%9E%85%EB%8B%88%EB%8B%A4-%EC%9D%8C%EC%8B%9D-%EC%95%84%EC%9D%B4%EC%BD%98%EC%9E%85%EB%8B%88%EB%8B%A4-eps10.jpg?ver=6,37,image_sim,2025-07-14T20:38:49.156030,15782041
피자,2025-06,25년 6월,"Eps10 로열티 무료 사진, 그림, 이미지 그리고 스톡포토그래피. Image 44548088. 벡터 피자 아이콘입니다. 음식 아이콘입니다. Eps10",https://us.123rf.com/450wm/iconcraftstudio/iconcraftstudio1509/iconcraftstudio150900326/44548088-%EB%B2%A1%ED%84%B0-%ED%94%BC%EC%9E%90-%EC%95%84%EC%9D%B4%EC%BD%98%EC%9E%85%EB%8B%88%EB%8B%A4-%EC%9D%8C%EC%8B%9D-%EC%95%84%EC%9D%B4%EC%BD%98%EC%9E%85%EB%8B%88%EB%8B%A4-eps10.jpg?ver=6,https://search.pstatic.net/sunny/?type=b150&src=https://us.123rf.com/450wm/iconcraftstudio/iconcraftstudio1509/iconcraftstudio150900326/44548088-%EB%B2%A1%ED%84%B0-%ED%94%BC%EC%9E%90-%EC%95%84%EC%9D%B4%EC%BD%98%EC%9E%85%EB%8B%88%EB%8B%A4-%EC%9D%8C%EC%8B%9D-%EC%95%84%EC%9D%B4%EC%BD%98%EC%9E%85%EB%8B%88%EB%8B%A4-eps10.jpg?ver=6,37,image_sim,2025-07-14T20:38:49.156030,15782041
라면,2024-06,2024년 6월,"계란라면, 해장라면, 음식, 라면한그릇, 계란라면, 사진,이미지,일러스트,캘리그라피 - magu7200작가 크라우드픽 - 저작권 걱정 없는 상업용...",https://cdn.crowdpic.net/detail-thumb/thumb_d_171482192B055A14CC498138BE30F3D1.jpg,https://search.pstatic.net/sunny/?type=b150&src=https://cdn.crowdpic.net/detail-thumb/thumb_d_171482192B055A14CC498138BE30F3D1.jpg,35,image_sim,2025-07-14T20:38:36.303933,20473562
라면,2025-06,2025.06,"계란라면, 해장라면, 음식, 라면한그릇, 계란라면, 사진,이미지,일러스트,캘리그라피 - magu7200작가 크라우드픽 - 저작권 걱정 없는 상업용...",https://cdn.crowdpic.net/detail-thumb/thumb_d_171482192B055A14CC498138BE30F3D1.jpg,https://search.pstatic.net/sunny/?type=b150&src=https://cdn.crowdpic.net/detail-thumb/thumb_d_171482192B055A14CC498138BE30F3D1.jpg,35,image_sim,2025-07-14T20:38:41.113411,20473562
피자,2025-06,25년 6월,"벡터 피자 아이콘입니다. 음식 아이콘 로열티 무료 사진, 그림, 이미지 그리고 스톡포토그래피. Image 43212620. 벡터 피자 아이콘입니다....",https://us.123rf.com/450wm/iconcraftstudio/iconcraftstudio1508/iconcraftstudio150800774/43212620-%EB%B2%A1%ED%84%B0-%ED%94%BC%EC%9E%90-%EC%95%84%EC%9D%B4%EC%BD%98%EC%9E%85%EB%8B%88%EB%8B%A4-%EC%9D%8C%EC%8B%9D-%EC%95%84%EC%9D%B4%EC%BD%98.jpg?ver=6,https://search.pstatic.net/sunny/?type=b150&src=https://us.123rf.com/450wm/iconcraftstudio/iconcraftstudio1508/iconcraftstudio150800774/43212620-%EB%B2%A1%ED%84%B0-%ED%94%BC%EC%9E%90-%EC%95%84%EC%9D%B4%EC%BD%98%EC%9E%85%EB%8B%88%EB%8B%A4-%EC%9D%8C%EC%8B%9D-%EC%95%84%EC%9D%B4%EC%BD%98.jpg?ver=6,35,image_sim,2025-07-14T20:38:49.156030,15782041
피자,2025-06,25년 6월,"벡터 피자 아이콘입니다. 음식 아이콘입니다. 로열티 무료 사진, 그림, 이미지 그리고 스톡포토그래피. Image 42912534. 벡터 피자...",https://us.123rf.com/450wm/iconcraftstudio/iconcraftstudio1507/iconcraftstudio150700278/42912534-%EB%B2%A1%ED%84%B0-%ED%94%BC%EC%9E%90-%EC%95%84%EC%9D%B4%EC%BD%98%EC%9E%85%EB%8B%88%EB%8B%A4-%EC%9D%8C%EC%8B%9D-%EC%95%84%EC%9D%B4%EC%BD%98%EC%9E%85%EB%8B%88%EB%8B%A4-.jpg?ver=6,https://search.pstatic.net/sunny/?type=b150&src=https://us.123rf.com/450wm/iconcraftstudio/iconcraftstudio1507/iconcraftstudio150700278/42912534-%EB%B2%A1%ED%84%B0-%ED%94%BC%EC%9E%90-%EC%95%84%EC%9D%B4%EC%BD%98%EC%9E%85%EB%8B%88%EB%8B%A4-%EC%9D%8C%EC%8B%9D-%EC%95%84%EC%9D%B4%EC%BD%98%EC%9E%85%EB%8B%88%EB%8B%A4-.jpg?ver=6,35,image_sim,2025-07-14T20:38:49.156030,15782041
