keyword	no	title	link	description	ttl_text
전주 여행	1	전주 가볼만한곳 추천 받아요	https://kin.naver.com/qna/detail.naver?d1id=9&dirId=901&docId=486096029&qb=7KCE7KO8IOyXrO2WiQ==&enc=utf8	 추억의 7080 다양한체험 7080감성 추억여행 테마박물관 유익한시간 2 전북 전북투어패스 통합이용권 전북핫플 여러여행지 다양한체험 카페이용추가 전주여행 필수 편안하고 즐거운 날이 되시길 바라겠습니다 감사합니다 	 경주여행 (숙소추천)  추억의 7080 다양한체험 7080감성 추억여행 테마박물관 유익한시간 2 전북 전북투어패스 통합이용권 전북핫플 여러여행지 다양한체험 카페이용추가 전주여행 필수 편안하고 즐거운 날이 되시길 바라겠습니다 감사합니다 
전주 여행	2	전주여행갈려고하는데요!	https://kin.naver.com/qna/detail.naver?d1id=9&dirId=90110&docId=472294467&qb=7KCE7KO8IOyXrO2WiQ==&enc=utf8	 전주여행 을 갈려고하는데요 아는사람과 갈려고하는데 호텔은 좋은가격에 정했고 음 2박3일여행인데 얼마정도갖고가면좋을까요 그리고 맛집같은거 카페같은거 추천해주세요 안녕하세요 전주 여행 계획 중이시네요 한옥마을 근처 	 경주여행 (숙소추천)  전주여행 을 갈려고하는데요 아는사람과 갈려고하는데 호텔은 좋은가격에 정했고 음 2박3일여행인데 얼마정도갖고가면좋을까요 그리고 맛집같은거 카페같은거 추천해주세요 안녕하세요 전주 여행 계획 중이시네요 한옥마을 근처 
전주 여행	3	전주 1박 2일 여행 관련 질문~	https://kin.naver.com/qna/detail.naver?d1id=9&dirId=90110&docId=483471047&qb=7KCE7KO8IOyXrO2WiQ==&enc=utf8	 전주 여행 을 계획하고 계시다니 정말 좋은 선택을 하셨네요 전주는 한옥마을과 함께 멋진 자연경관 맛있는 음식이 가득한 동네이니 정말 즐거운 시간을 보낼 수 있을 거예요 우선 한옥마을 근처에서 가볼 수 있는 장소로는 	 경주여행 (숙소추천)  전주 여행 을 계획하고 계시다니 정말 좋은 선택을 하셨네요 전주는 한옥마을과 함께 멋진 자연경관 맛있는 음식이 가득한 동네이니 정말 즐거운 시간을 보낼 수 있을 거예요 우선 한옥마을 근처에서 가볼 수 있는 장소로는 
전주 여행	4	중2 여학생 친구와 전주여행	https://kin.naver.com/qna/detail.naver?d1id=9&dirId=90110&docId=480969931&qb=7KCE7KO8IOyXrO2WiQ==&enc=utf8	안녕하세요 중 2 15살 여학생입니다 친한친구와 둘이서 전주 여행 을 가기로 했는데 어디로 가야할지를 몰라서 너무 막막합니다 저희 둘다 일본 애니를 너무 좋아하는데전주에 오타쿠들이 갈만할 곳 있을까요 제발 알려주세요 	 경주여행 (숙소추천) 안녕하세요 중 2 15살 여학생입니다 친한친구와 둘이서 전주 여행 을 가기로 했는데 어디로 가야할지를 몰라서 너무 막막합니다 저희 둘다 일본 애니를 너무 좋아하는데전주에 오타쿠들이 갈만할 곳 있을까요 제발 알려주세요 
전주 여행	5	부모닝 모시고 전주여행	https://kin.naver.com/qna/detail.naver?d1id=9&dirId=90110&docId=480179536&qb=7KCE7KO8IOyXrO2WiQ==&enc=utf8	부모님 모시고 전주여행 가려는데 명소 식당 추천부탁드립니다 전주는 한옥마을로 유명한 완산구가 있으며 덕진구 또한 멋진 추억을 가진 장소가 많이 	 경주여행 (숙소추천) 부모님 모시고 전주여행 가려는데 명소 식당 추천부탁드립니다 전주는 한옥마을로 유명한 완산구가 있으며 덕진구 또한 멋진 추억을 가진 장소가 많이 
전주 여행	6	2박3일 전주여행	https://kin.naver.com/qna/detail.naver?d1id=9&dirId=90110&docId=475523884&qb=7KCE7KO8IOyXrO2WiQ==&enc=utf8	이번주 토 월 2박3일 여자친구와 전주여행 을 가는데 여행경로 좀 알려주세요 토요일엔 비가 온다고 하는데 실내데이트 가능한곳도 알려주시면 감사하겠습니다 숙소는 전주한옥마을 근처에 잡았습니다 토 한옥마을 구경 후 	 경주여행 (숙소추천) 이번주 토 월 2박3일 여자친구와 전주여행 을 가는데 여행경로 좀 알려주세요 토요일엔 비가 온다고 하는데 실내데이트 가능한곳도 알려주시면 감사하겠습니다 숙소는 전주한옥마을 근처에 잡았습니다 토 한옥마을 구경 후 
전주 여행	7	전주 1박2일 여행	https://kin.naver.com/qna/detail.naver?d1id=12&dirId=121305&docId=483476433&qb=7KCE7KO8IOyXrO2WiQ==&enc=utf8	 저녁엔 전주천 산책길 따라 걷거나 한옥마을 근처에서 야경 즐기시는 것도 너무 좋답니다 혹시 일정이나 관심 있는 테마 사진 카페 체험 등 더 알려주시면 맞춤 추천도 해드릴 수 있어요 즐거운 전주 여행 되시길 바랄게요 	 경주여행 (숙소추천)  저녁엔 전주천 산책길 따라 걷거나 한옥마을 근처에서 야경 즐기시는 것도 너무 좋답니다 혹시 일정이나 관심 있는 테마 사진 카페 체험 등 더 알려주시면 맞춤 추천도 해드릴 수 있어요 즐거운 전주 여행 되시길 바랄게요 
전주 여행	8	전주 여행코스 추천이요~!	https://kin.naver.com/qna/detail.naver?d1id=9&dirId=90110&docId=442151278&qb=7KCE7KO8IOyXrO2WiQ==&enc=utf8	영화제 기간 일정으로 2박3일 전주여행 좀 가볼까 해서요 여행코스 추천 좀 해주세요 어차피 주목적은 전주국제영화제니까 많은 곳을 둘러보지는 못할거에요 그냥 전주하면 꼭 가볼만한 곳 알짜배기만 추천해주세욜 전주 	 경주여행 (숙소추천) 영화제 기간 일정으로 2박3일 전주여행 좀 가볼까 해서요 여행코스 추천 좀 해주세요 어차피 주목적은 전주국제영화제니까 많은 곳을 둘러보지는 못할거에요 그냥 전주하면 꼭 가볼만한 곳 알짜배기만 추천해주세욜 전주 
전주 여행	9	전주 여행	https://kin.naver.com/qna/detail.naver?d1id=9&dirId=90110&docId=472340028&qb=7KCE7KO8IOyXrO2WiQ==&enc=utf8	전주로 커플여행 가려고 하는데 추천 좀 해주세요 숙소는 잡았고 놀거리랑 맛집 등등 추천 해주시면 감사하겠습니다 한옥마을은 갈겁니다 답변이 도움되셨으면 좋겠습니다 한옥마을 전주한옥마을 전주 맛집 전주 놀거리 전주 여행 추천	 경주여행 (숙소추천) 전주로 커플여행 가려고 하는데 추천 좀 해주세요 숙소는 잡았고 놀거리랑 맛집 등등 추천 해주시면 감사하겠습니다 한옥마을은 갈겁니다 답변이 도움되셨으면 좋겠습니다 한옥마을 전주한옥마을 전주 맛집 전주 놀거리 전주 여행 추천
전주 여행	10	추석 전주여행	https://kin.naver.com/qna/detail.naver?d1id=9&dirId=90110&docId=474841714&qb=7KCE7KO8IOyXrO2WiQ==&enc=utf8	16 18일 전주 로 여행 가려고 하는데 그때 한옥마을같은 관광지들은 문 닫을까요 추석당일은 문을 닫습니다 전주 에도 이벤트가 진행중입니다 8 27 화 10 13 일 한국관광공사에서 숙박세일 페스타 이벤트가 진행중입니다 3만원 	 경주여행 (숙소추천) 16 18일 전주 로 여행 가려고 하는데 그때 한옥마을같은 관광지들은 문 닫을까요 추석당일은 문을 닫습니다 전주 에도 이벤트가 진행중입니다 8 27 화 10 13 일 한국관광공사에서 숙박세일 페스타 이벤트가 진행중입니다 3만원 
전주 여행	11	전주 여행 전연령 렌트카 추천	https://kin.naver.com/qna/detail.naver?d1id=8&dirId=8110203&docId=477031265&qb=7KCE7KO8IOyXrO2WiQ==&enc=utf8	이번에 전주 여행 2박3일로 가는 저는 21살 만으로 만 19세입니다 전주 전연령 자동차 추천좀 부탁드리겠습니다 그리고 가격도 2일 렌트하면 총 어느정도 나올까요 전주에서 21세 이상 렌트 가능한 자동차를 찾아보세요 가격은 	 경주여행 (숙소추천) 이번에 전주 여행 2박3일로 가는 저는 21살 만으로 만 19세입니다 전주 전연령 자동차 추천좀 부탁드리겠습니다 그리고 가격도 2일 렌트하면 총 어느정도 나올까요 전주에서 21세 이상 렌트 가능한 자동차를 찾아보세요 가격은 
전주 여행	12	전주-포항 여행	https://kin.naver.com/qna/detail.naver?d1id=9&dirId=90110&docId=480520103&qb=7KCE7KO8IOyXrO2WiQ==&enc=utf8	 전주 에서 포항까지 여행 기차가 나을까요 버스가 나을까요 안녕하세요 전주 에서 포항까지 여행 을 할 때 기차와 버스 각각 장단점이 있으므로 어떤 방법이 더 나은지 결정하는 데 있어 몇 가지 요소를 고려할 필요가 있습니다 1 	 경주여행 (숙소추천)  전주 에서 포항까지 여행 기차가 나을까요 버스가 나을까요 안녕하세요 전주 에서 포항까지 여행 을 할 때 기차와 버스 각각 장단점이 있으므로 어떤 방법이 더 나은지 결정하는 데 있어 몇 가지 요소를 고려할 필요가 있습니다 1 
전주 여행	13	전주펜션 한옥으로 된곳이요!	https://kin.naver.com/qna/detail.naver?d1id=9&dirId=9011403&docId=474260729&qb=7KCE7KO8IOyXrO2WiQ==&enc=utf8	이번에 남자친구랑 같이 2박3일 전주여행 가기로해서 얼른 전주펜션 알아봐야하는데 한옥마을 근처나 한옥느낌 나는 전주펜션 쪽으로 갈만한데 없을까요 내부는 정감있는 분위기면 다 좋을 것 같아요 빠른답변 꼭 부탁드랴용 	 경주여행 (숙소추천) 이번에 남자친구랑 같이 2박3일 전주여행 가기로해서 얼른 전주펜션 알아봐야하는데 한옥마을 근처나 한옥느낌 나는 전주펜션 쪽으로 갈만한데 없을까요 내부는 정감있는 분위기면 다 좋을 것 같아요 빠른답변 꼭 부탁드랴용 
전주 여행	14	전주 여행	https://kin.naver.com/qna/detail.naver?d1id=9&dirId=90110&docId=480354904&qb=7KCE7KO8IOyXrO2WiQ==&enc=utf8	 주세요 전주 는 한옥마을로 유명한 완산구가 있으며 덕진구 또한 멋진 추억을 가진 장소가 많이 있습니다 완산구 덕진구에 대해서 여행 지를 	 경주여행 (숙소추천)  주세요 전주 는 한옥마을로 유명한 완산구가 있으며 덕진구 또한 멋진 추억을 가진 장소가 많이 있습니다 완산구 덕진구에 대해서 여행 지를 
전주 여행	15	전주 뚜벅이 여행	https://kin.naver.com/qna/detail.naver?d1id=9&dirId=90110&docId=483457492&qb=7KCE7KO8IOyXrO2WiQ==&enc=utf8	5월달에 엄마랑 전주 로 뚜벅이 여행 계획중인데 답변 부탁 드려요 1 기차랑 고속버스 중에 어떤걸 타는게 좋을까요 2 전주 에 도착해서 관광 할때 이용할 수 있는 교통수단은 어떤게 있을까요 3 숙소 추천도 부탁드려요 서울 	 경주여행 (숙소추천) 5월달에 엄마랑 전주 로 뚜벅이 여행 계획중인데 답변 부탁 드려요 1 기차랑 고속버스 중에 어떤걸 타는게 좋을까요 2 전주 에 도착해서 관광 할때 이용할 수 있는 교통수단은 어떤게 있을까요 3 숙소 추천도 부탁드려요 서울 
전주 여행	16	전주 당일치기 여행요	https://kin.naver.com/qna/detail.naver?d1id=9&dirId=90110&docId=480835916&qb=7KCE7KO8IOyXrO2WiQ==&enc=utf8	 어렵네요 전주 당일치기 여행 을 계획 중이시군요 전주 역에서 한옥마을까지 가는 방법과 당일치기 코스를 알려드릴게요 전주 역에서 한옥마을까지 가는 방법으로는 택시와 버스가 있어요 전주 역에서 한옥마을까지 택시를 	 경주여행 (숙소추천)  어렵네요 전주 당일치기 여행 을 계획 중이시군요 전주 역에서 한옥마을까지 가는 방법과 당일치기 코스를 알려드릴게요 전주 역에서 한옥마을까지 가는 방법으로는 택시와 버스가 있어요 전주 역에서 한옥마을까지 택시를 
전주 여행	17	전주여행 2박3일 경비	https://kin.naver.com/qna/detail.naver?d1id=9&dirId=90109&docId=471097881&qb=7KCE7KO8IOyXrO2WiQ==&enc=utf8	보통 전주여행 2박3일 경비가 얼마정도 드나요 숙소는 1박에 13만원인데를 가려고 하는데 비싼건가요 질문에 도움이 되는 답변이 되셨길 바래요 2박3일 전주여행 예산 30만원 내외 숙소 13만원은 적당합니다 	 경주여행 (숙소추천) 보통 전주여행 2박3일 경비가 얼마정도 드나요 숙소는 1박에 13만원인데를 가려고 하는데 비싼건가요 질문에 도움이 되는 답변이 되셨길 바래요 2박3일 전주여행 예산 30만원 내외 숙소 13만원은 적당합니다 
전주 여행	18	1박2일 전주 커플여행	https://kin.naver.com/qna/detail.naver?d1id=9&dirId=90110&docId=461495433&qb=7KCE7KO8IOyXrO2WiQ==&enc=utf8	 전주 여행 에 대해 도움을 드릴게요 1 남자친구의 차를 이용할지 KTX를 이용할지에 대해서는 여러 가지 요소를 고려해보셔야 합니다 만약 교통체증이 예상되는 날짜라면 KTX를 이용하는 것이 편할 수 있습니다 또한 남자친구의 	 경주여행 (숙소추천)  전주 여행 에 대해 도움을 드릴게요 1 남자친구의 차를 이용할지 KTX를 이용할지에 대해서는 여러 가지 요소를 고려해보셔야 합니다 만약 교통체증이 예상되는 날짜라면 KTX를 이용하는 것이 편할 수 있습니다 또한 남자친구의 
전주 여행	19	남해,전주 여행	https://kin.naver.com/qna/detail.naver?d1id=9&dirId=90110&docId=461982007&qb=7KCE7KO8IOyXrO2WiQ==&enc=utf8	남해 전주 여행 가려는데 여행지와 맛집 추천좀 해주세요 보리암 다랭이굴 독일마을 전주 한옥마을빼고 두세개씩5명이서 갈곳 맛집 빨리추천해주세요 앞에 말했던곳은 갈꺼라서 추천안해주셔도 됩니다 전주여행 전주맛집 	 경주여행 (숙소추천) 남해 전주 여행 가려는데 여행지와 맛집 추천좀 해주세요 보리암 다랭이굴 독일마을 전주 한옥마을빼고 두세개씩5명이서 갈곳 맛집 빨리추천해주세요 앞에 말했던곳은 갈꺼라서 추천안해주셔도 됩니다 전주여행 전주맛집 
전주 여행	20	전주여행 갈곳 추천	https://kin.naver.com/qna/detail.naver?d1id=12&dirId=121305&docId=484366658&qb=7KCE7KO8IOyXrO2WiQ==&enc=utf8	 전주여행 전주맛집 국내여행 전주달봉이 달봉티비 전주여행 코스 전주가볼만한곳 여수여행 여수가볼만한곳 제주도여행 제주도가볼만한곳 여행 전문 인플루언서 전주달봉이입니다 전주여행 코스는 한옥마을에서부터 	 경주여행 (숙소추천)  전주여행 전주맛집 국내여행 전주달봉이 달봉티비 전주여행 코스 전주가볼만한곳 여수여행 여수가볼만한곳 제주도여행 제주도가볼만한곳 여행 전문 인플루언서 전주달봉이입니다 전주여행 코스는 한옥마을에서부터 
전주 여행	21	전주여행 1박2일 코스질문요.	https://kin.naver.com/qna/detail.naver?d1id=9&dirId=90110&docId=464365893&qb=7KCE7KO8IOyXrO2WiQ==&enc=utf8	 코스한번짜주실분 전라도쪽은 저도여행을간적이없어서 전주여행 전주맛집 국내여행 전주달봉이 달봉티비 전주여행 코스 전주가볼만한곳 여수여행 여수가볼만한곳 제주도여행 제주도가볼만한곳 여행 전문 인플루언서 	 경주여행 (숙소추천)  코스한번짜주실분 전라도쪽은 저도여행을간적이없어서 전주여행 전주맛집 국내여행 전주달봉이 달봉티비 전주여행 코스 전주가볼만한곳 여수여행 여수가볼만한곳 제주도여행 제주도가볼만한곳 여행 전문 인플루언서 
전주 여행	22	전주여행 3일	https://kin.naver.com/qna/detail.naver?d1id=9&dirId=90110&docId=461053318&qb=7KCE7KO8IOyXrO2WiQ==&enc=utf8	 전주여행 3일 간다면 여행 총 비용이 얼마 나올까요 전주 여행 의 총 비용은 여러 요소에 따라 달라지지만 일반적으로 다음과 같은 항목들이 포함됩니다 1 교통비 전주까지 이동하기 위한 교통비용이 있을 것입니다 이는 여행하는 	 경주여행 (숙소추천)  전주여행 3일 간다면 여행 총 비용이 얼마 나올까요 전주 여행 의 총 비용은 여러 요소에 따라 달라지지만 일반적으로 다음과 같은 항목들이 포함됩니다 1 교통비 전주까지 이동하기 위한 교통비용이 있을 것입니다 이는 여행하는 
전주 여행	23	전주여행코스	https://kin.naver.com/qna/detail.naver?d1id=9&dirId=90110&docId=485639059&qb=7KCE7KO8IOyXrO2WiQ==&enc=utf8	 전주여행 전주맛집 국내여행 전주달봉이 달봉티비 전주여행 코스 전주가볼만한곳 여수여행 여수가볼만한곳 제주도여행 제주도가볼만한곳 여행 전문 인플루언서 전주달봉이입니다 전주여행 코스는 한옥마을에서부터 시작을 	 경주여행 (숙소추천)  전주여행 전주맛집 국내여행 전주달봉이 달봉티비 전주여행 코스 전주가볼만한곳 여수여행 여수가볼만한곳 제주도여행 제주도가볼만한곳 여행 전문 인플루언서 전주달봉이입니다 전주여행 코스는 한옥마을에서부터 시작을 
전주 여행	24	전주 당일치기 혼자 여행 코스 추천	https://kin.naver.com/qna/detail.naver?d1id=9&dirId=90110&docId=483615087&qb=7KCE7KO8IOyXrO2WiQ==&enc=utf8	 박물관 미술관 지역 공간을 스토리로 엮어 안내하는 해설형 문화 코스 노쇼 방지를 위해 5천원 예약금만 결제하고 현장에서 5천천 원 상당 음료 기프티콘으로 환급 선착순 마감이라 전주 여행 계획 있으신 분들은 	 경주여행 (숙소추천)  박물관 미술관 지역 공간을 스토리로 엮어 안내하는 해설형 문화 코스 노쇼 방지를 위해 5천원 예약금만 결제하고 현장에서 5천천 원 상당 음료 기프티콘으로 환급 선착순 마감이라 전주 여행 계획 있으신 분들은 
전주 여행	25	전주여행 차가 필요한가요	https://kin.naver.com/qna/detail.naver?d1id=9&dirId=90110&docId=482799629&qb=7KCE7KO8IOyXrO2WiQ==&enc=utf8	안녕하세요 1박2일 전주여행 계획중입니다 서울에서 전주까지는 기차를타고갈건데 전주내에서 렌트를 해야할지 궁금합니다 참고로 전주한옥마을 포함해서 유명 관광지만 돌아볼계획입니다 전주여행 전주맛집 국내여행 	 경주여행 (숙소추천) 안녕하세요 1박2일 전주여행 계획중입니다 서울에서 전주까지는 기차를타고갈건데 전주내에서 렌트를 해야할지 궁금합니다 참고로 전주한옥마을 포함해서 유명 관광지만 돌아볼계획입니다 전주여행 전주맛집 국내여행 
전주 여행	26	전주여행..	https://kin.naver.com/qna/detail.naver?d1id=9&dirId=90110&docId=473332244&qb=7KCE7KO8IOyXrO2WiQ==&enc=utf8	 전주여행 전주맛집 국내여행 전주달봉이 달봉티비 전주여행 코스 전주가볼만한곳 여수여행 여수가볼만한곳 제주도여행 제주도가볼만한곳 여행 전문 인플루언서 전주달봉이입니다 전주는 대중교통이나 택시 이용하시는걸 	 경주여행 (숙소추천)  전주여행 전주맛집 국내여행 전주달봉이 달봉티비 전주여행 코스 전주가볼만한곳 여수여행 여수가볼만한곳 제주도여행 제주도가볼만한곳 여행 전문 인플루언서 전주달봉이입니다 전주는 대중교통이나 택시 이용하시는걸 
전주 여행	27	전주 완주 여행	https://kin.naver.com/qna/detail.naver?d1id=9&dirId=90110&docId=456754318&qb=7KCE7KO8IOyXrO2WiQ==&enc=utf8	 전주여행 전주맛집 국내여행 전주달봉이 달봉티비 전주여행 코스 전주가볼만한곳 여수여행 여수가볼만한곳 제주도여행 제주도가볼만한곳 여행 전문 인플루언서 전주달봉이입니다 완주 어느쪽을 여행하느냐에 따라 	 경주여행 (숙소추천)  전주여행 전주맛집 국내여행 전주달봉이 달봉티비 전주여행 코스 전주가볼만한곳 여수여행 여수가볼만한곳 제주도여행 제주도가볼만한곳 여행 전문 인플루언서 전주달봉이입니다 완주 어느쪽을 여행하느냐에 따라 
전주 여행	28	전주 3박4일 여행	https://kin.naver.com/qna/detail.naver?d1id=9&dirId=90110&docId=459258161&qb=7KCE7KO8IOyXrO2WiQ==&enc=utf8	 부탁드립니다 전주여행 전주맛집 국내여행 전주달봉이 달봉티비 전주여행 코스 전주가볼만한곳 여수여행 여수가볼만한곳 제주도여행 제주도가볼만한곳 여행 전문 인플루언서 전주달봉이입니다 전주여행 코스는 	 경주여행 (숙소추천)  부탁드립니다 전주여행 전주맛집 국내여행 전주달봉이 달봉티비 전주여행 코스 전주가볼만한곳 여수여행 여수가볼만한곳 제주도여행 제주도가볼만한곳 여행 전문 인플루언서 전주달봉이입니다 전주여행 코스는 
전주 여행	29	전주여행코스좀짜주세요ㅜㅜ	https://kin.naver.com/qna/detail.naver?d1id=12&dirId=121305&docId=465655085&qb=7KCE7KO8IOyXrO2WiQ==&enc=utf8	 전주여행 코스를 짜드릴 수 있습니다 전주는 역사적인 유적지와 전통문화가 빛나는 곳으로 유명한데요 먼저 전주한옥마을을 방문하시면 한옥의 아름다움을 느낄 수 있습니다 여행의 시작지라고 할 수 있는 전주한옥마을에서 	 경주여행 (숙소추천)  전주여행 코스를 짜드릴 수 있습니다 전주는 역사적인 유적지와 전통문화가 빛나는 곳으로 유명한데요 먼저 전주한옥마을을 방문하시면 한옥의 아름다움을 느낄 수 있습니다 여행의 시작지라고 할 수 있는 전주한옥마을에서 
전주 여행	30	전주여행 대중교통이랑 렌트카중 어떤게 좋을까요?	https://kin.naver.com/qna/detail.naver?d1id=9&dirId=90110&docId=477694429&qb=7KCE7KO8IOyXrO2WiQ==&enc=utf8	 전주여행 때 움직이기 차가 편할지 대중교통이 편할지 알려주세요 교통 상황이 어떤지 궁금합니다 전주여행 전주맛집 국내여행 전주달봉이 달봉티비 전주여행 코스 전주가볼만한곳 여수여행 여수가볼만한곳 제주도여행 	 경주여행 (숙소추천)  전주여행 때 움직이기 차가 편할지 대중교통이 편할지 알려주세요 교통 상황이 어떤지 궁금합니다 전주여행 전주맛집 국내여행 전주달봉이 달봉티비 전주여행 코스 전주가볼만한곳 여수여행 여수가볼만한곳 제주도여행 
전주 여행	31	전주 여행	https://kin.naver.com/qna/detail.naver?d1id=12&dirId=121305&docId=457210792&qb=7KCE7KO8IOyXrO2WiQ==&enc=utf8	 전주 여행 을 가시려하는군요 그렇다면 전주에서 연인들이 제일 많이 찾는 곳들 추천해드리겠습니다 전주한옥마을 전주동물원 한국도로공사수목원 전주향교 덕진공원 	 경주여행 (숙소추천)  전주 여행 을 가시려하는군요 그렇다면 전주에서 연인들이 제일 많이 찾는 곳들 추천해드리겠습니다 전주한옥마을 전주동물원 한국도로공사수목원 전주향교 덕진공원 
전주 여행	32	전주여행 관련	https://kin.naver.com/qna/detail.naver?d1id=9&dirId=90110&docId=469137468&qb=7KCE7KO8IOyXrO2WiQ==&enc=utf8	 전주여행 전주맛집 국내여행 전주달봉이 달봉티비 전주여행 코스 전주가볼만한곳 여수여행 여수가볼만한곳 제주도여행 제주도가볼만한곳 여행 전문 인플루언서 전주달봉이입니다 주말인지 평일인지에 따라다릅니다 	 경주여행 (숙소추천)  전주여행 전주맛집 국내여행 전주달봉이 달봉티비 전주여행 코스 전주가볼만한곳 여수여행 여수가볼만한곳 제주도여행 제주도가볼만한곳 여행 전문 인플루언서 전주달봉이입니다 주말인지 평일인지에 따라다릅니다 
전주 여행	33	전주 여행 가려고 하는데 1박2일vs2박3일	https://kin.naver.com/qna/detail.naver?d1id=9&dirId=901&docId=465668786&qb=7KCE7KO8IOyXrO2WiQ==&enc=utf8	 어떤게 적당할지 추천 좀 해주세요 전주여행 전주맛집 국내여행 전주달봉이 달봉티비 전주여행 코스 전주가볼만한곳 여수여행 여수가볼만한곳 제주도여행 제주도가볼만한곳 여행 전문 인플루언서 전주달봉이입니다 	 경주여행 (숙소추천)  어떤게 적당할지 추천 좀 해주세요 전주여행 전주맛집 국내여행 전주달봉이 달봉티비 전주여행 코스 전주가볼만한곳 여수여행 여수가볼만한곳 제주도여행 제주도가볼만한곳 여행 전문 인플루언서 전주달봉이입니다 
전주 여행	34	전주 여행	https://kin.naver.com/qna/detail.naver?d1id=9&dirId=90110&docId=449461461&qb=7KCE7KO8IOyXrO2WiQ==&enc=utf8	이번주에 전주 여행 1박 2일로 처음 가는데 가볼데 추천 좀 해주세요 걷기 좋은데 위주로요 걷는 거 좋아해요 트레킹 좋아해요 전주여행 을 계획중이시군요 전주에는 다양한 볼거리들과 	 경주여행 (숙소추천) 이번주에 전주 여행 1박 2일로 처음 가는데 가볼데 추천 좀 해주세요 걷기 좋은데 위주로요 걷는 거 좋아해요 트레킹 좋아해요 전주여행 을 계획중이시군요 전주에는 다양한 볼거리들과 
전주 여행	35	전주 2박3일 3명 여행 1인 경비	https://kin.naver.com/qna/detail.naver?d1id=12&dirId=121305&docId=480452158&qb=7KCE7KO8IOyXrO2WiQ==&enc=utf8	 식비랑 교통비 감이 안잡혀서요 술은 마실건데 많이 안마셔서 술값으로는 한번마실 때 만원씩 쓸거같아요 전주여행 전주맛집 국내여행 전주달봉이 달봉티비 전주여행 코스 전주가볼만한곳 여수여행 여수가볼만한곳 	 경주여행 (숙소추천)  식비랑 교통비 감이 안잡혀서요 술은 마실건데 많이 안마셔서 술값으로는 한번마실 때 만원씩 쓸거같아요 전주여행 전주맛집 국내여행 전주달봉이 달봉티비 전주여행 코스 전주가볼만한곳 여수여행 여수가볼만한곳 
전주 여행	36	전주 2박3일여행 비용	https://kin.naver.com/qna/detail.naver?d1id=9&dirId=90110&docId=441096616&qb=7KCE7KO8IOyXrO2WiQ==&enc=utf8	 전주여행 전주맛집 국내여행 전주달봉이 달봉티비 전주여행 코스 전주가볼만한곳 여수여행 여수가볼만한곳 제주도여행 제주도가볼만한곳 여행 전문 인플루언서 전주달봉이입니다 한옥마을은 입장료는 따로없습니다 기본 	 경주여행 (숙소추천)  전주여행 전주맛집 국내여행 전주달봉이 달봉티비 전주여행 코스 전주가볼만한곳 여수여행 여수가볼만한곳 제주도여행 제주도가볼만한곳 여행 전문 인플루언서 전주달봉이입니다 한옥마을은 입장료는 따로없습니다 기본 
전주 여행	37	친구랑 전주여행	https://kin.naver.com/qna/detail.naver?d1id=12&dirId=121305&docId=452584751&qb=7KCE7KO8IOyXrO2WiQ==&enc=utf8	친구랑 첫 전주여행 을 가보려고 합니다 가볼만한곳 호텔 맛집 추천해주세요 호텔은 시설이 괜찮고 깨끗했으면 좋겠어요 한옥이어도 괜찮아요 침대가 있는곳이면 더 좋겠어요 맛집은 양식 중식 일식 상관없습니다 비용도 1인당 	 경주여행 (숙소추천) 친구랑 첫 전주여행 을 가보려고 합니다 가볼만한곳 호텔 맛집 추천해주세요 호텔은 시설이 괜찮고 깨끗했으면 좋겠어요 한옥이어도 괜찮아요 침대가 있는곳이면 더 좋겠어요 맛집은 양식 중식 일식 상관없습니다 비용도 1인당 
전주 여행	38	2박3일 전주 크리스마스 여행	https://kin.naver.com/qna/detail.naver?d1id=9&dirId=90110&docId=459344814&qb=7KCE7KO8IOyXrO2WiQ==&enc=utf8	 전주여행 전주맛집 국내여행 전주달봉이 달봉티비 전주여행 코스 전주가볼만한곳 여수여행 여수가볼만한곳 제주도여행 제주도가볼만한곳 여행 전문 인플루언서 전주달봉이입니다 전주여행 코스는 한옥마을에서부터 시작을 	 경주여행 (숙소추천)  전주여행 전주맛집 국내여행 전주달봉이 달봉티비 전주여행 코스 전주가볼만한곳 여수여행 여수가볼만한곳 제주도여행 제주도가볼만한곳 여행 전문 인플루언서 전주달봉이입니다 전주여행 코스는 한옥마을에서부터 시작을 
전주 여행	39	1박2일 전주여행~.~	https://kin.naver.com/qna/detail.naver?d1id=12&dirId=121305&docId=407203201&qb=7KCE7KO8IOyXrO2WiQ==&enc=utf8	 질문하신 전주 여행 일정 관련 답변 드리도록 하겠습니다 여행가실 때 계획짜기 너무 귀찮죠 제가 전주에서 즐길 수 있는 1박 2일 여행을 준비해 보았어요 아래 일정을 참고해 보시고 즐거운 여행되시길 바라요 1일차 	 경주여행 (숙소추천)  질문하신 전주 여행 일정 관련 답변 드리도록 하겠습니다 여행가실 때 계획짜기 너무 귀찮죠 제가 전주에서 즐길 수 있는 1박 2일 여행을 준비해 보았어요 아래 일정을 참고해 보시고 즐거운 여행되시길 바라요 1일차 
전주 여행	40	초등 6학년 210명 전주 일대 1박2일 수학여행 코스	https://kin.naver.com/qna/detail.naver?d1id=9&dirId=90110&docId=466708706&qb=7KCE7KO8IOyXrO2WiQ==&enc=utf8	 전주 관광에 달인이신 전주달봉이님께서 코스 추천을 해 주시면 대단히 감사드리겠습니다 전주여행 전주맛집 국내여행 전주달봉이 달봉티비 전주여행 코스 전주가볼만한곳 여수여행 여수가볼만한곳 제주도여행 	 경주여행 (숙소추천)  전주 관광에 달인이신 전주달봉이님께서 코스 추천을 해 주시면 대단히 감사드리겠습니다 전주여행 전주맛집 국내여행 전주달봉이 달봉티비 전주여행 코스 전주가볼만한곳 여수여행 여수가볼만한곳 제주도여행 
전주 여행	41	1박2일 전주 혼자 여행 코스	https://kin.naver.com/qna/detail.naver?d1id=9&dirId=90110&docId=432699551&qb=7KCE7KO8IOyXrO2WiQ==&enc=utf8	 질문하신 전주 여행 정보 정리해봤습니다 참고해주세요 전주에서 가볼만한 곳 덕진공원 추천 덕진공원이 전주터미널에서 가장 가까운 곳이에요 산책하기에 좋은 호수공원이에요 덕진공원을 생략하고 곧바로 남부시장과 	 경주여행 (숙소추천)  질문하신 전주 여행 정보 정리해봤습니다 참고해주세요 전주에서 가볼만한 곳 덕진공원 추천 덕진공원이 전주터미널에서 가장 가까운 곳이에요 산책하기에 좋은 호수공원이에요 덕진공원을 생략하고 곧바로 남부시장과 
전주 여행	42	전주여행 갈곳, 전시회 추천	https://kin.naver.com/qna/detail.naver?d1id=9&dirId=90110&docId=438462586&qb=7KCE7KO8IOyXrO2WiQ==&enc=utf8	제가 이번달 말에 남자친구랑 전주여행 을 가는데요 전주한옥마을만 가기엔 그래서 갈만한 곳 공방 전시회같은거 있음 추천부탁드려요 안녕하세요 질문하신 전주여행 관련 답변 드리도록 하겠습니다 전주로 놀러가시나 봅니다 	 경주여행 (숙소추천) 제가 이번달 말에 남자친구랑 전주여행 을 가는데요 전주한옥마을만 가기엔 그래서 갈만한 곳 공방 전시회같은거 있음 추천부탁드려요 안녕하세요 질문하신 전주여행 관련 답변 드리도록 하겠습니다 전주로 놀러가시나 봅니다 
전주 여행	43	전주여행 코스 추천	https://kin.naver.com/qna/detail.naver?d1id=12&dirId=121305&docId=261431923&qb=7KCE7KO8IOyXrO2WiQ==&enc=utf8	안녕하세요 여자친구랑 전주여행 을 갈예정인데 숙소를 전주 더클래식호텔로 잡고 1박2일 일정으로 여행을 가게되었습니다 근데 금요일 오후 5시쯤 전주에 도착예정이고 자가차가 없어 이동수단을 대중교통과 택시로 할예정입니다 	 경주여행 (숙소추천) 안녕하세요 여자친구랑 전주여행 을 갈예정인데 숙소를 전주 더클래식호텔로 잡고 1박2일 일정으로 여행을 가게되었습니다 근데 금요일 오후 5시쯤 전주에 도착예정이고 자가차가 없어 이동수단을 대중교통과 택시로 할예정입니다 
전주 여행	44	전주 여행	https://kin.naver.com/qna/detail.naver?d1id=12&dirId=121305&docId=454611584&qb=7KCE7KO8IOyXrO2WiQ==&enc=utf8	 각각 거리가 가까운지 알고싶어요 추석에 여행예정입니다 그외 갈만한곳 추천해주세요 전주여행 전주맛집 국내여행 전주달봉이 달봉티비 전주여행 코스 전주가볼만한곳 여수여행 여수가볼만한곳 제주도여행 	 경주여행 (숙소추천)  각각 거리가 가까운지 알고싶어요 추석에 여행예정입니다 그외 갈만한곳 추천해주세요 전주여행 전주맛집 국내여행 전주달봉이 달봉티비 전주여행 코스 전주가볼만한곳 여수여행 여수가볼만한곳 제주도여행 
전주 여행	45	전주여행 갈만한곳있을까요?	https://kin.naver.com/qna/detail.naver?d1id=9&dirId=90110&docId=467434913&qb=7KCE7KO8IOyXrO2WiQ==&enc=utf8	 전주여행 전주맛집 국내여행 전주달봉이 달봉티비 전주여행 코스 전주가볼만한곳 여수여행 여수가볼만한곳 제주도여행 제주도가볼만한곳 여행 전문 인플루언서 전주달봉이입니다 전주여행 코스는 한옥마을에서부터 	 경주여행 (숙소추천)  전주여행 전주맛집 국내여행 전주달봉이 달봉티비 전주여행 코스 전주가볼만한곳 여수여행 여수가볼만한곳 제주도여행 제주도가볼만한곳 여행 전문 인플루언서 전주달봉이입니다 전주여행 코스는 한옥마을에서부터 
전주 여행	46	전주 여행코스	https://kin.naver.com/qna/detail.naver?d1id=9&dirId=90110&docId=402381652&qb=7KCE7KO8IOyXrO2WiQ==&enc=utf8	 전주여행 일정에 질문자님께서 봐둔 곳 모두 반양하기에 시간상 무리가 있을 거 같아 꼭 가고 싶은 곳을 넣어 일정을 만들어 보았습니다 1일차 가운데집 점심 전주한지박물관 관광 전주수목원 관광 오목대 관광 교동다윈 	 경주여행 (숙소추천)  전주여행 일정에 질문자님께서 봐둔 곳 모두 반양하기에 시간상 무리가 있을 거 같아 꼭 가고 싶은 곳을 넣어 일정을 만들어 보았습니다 1일차 가운데집 점심 전주한지박물관 관광 전주수목원 관광 오목대 관광 교동다윈 
전주 여행	47	전주여행 추천 부탁 드립니다	https://kin.naver.com/qna/detail.naver?d1id=12&dirId=121305&docId=438620129&qb=7KCE7KO8IOyXrO2WiQ==&enc=utf8	2월 12 13일에 전주 여행 할려구 합니다 1박2일 가볼만한곳이랑 맛집 추천 부탁드립니다 감사합니다 전주맛집 여행 전주달봉이 달봉티비 전주여행 코스 전주가볼만한곳 여행 인플루언서 전주달봉이입니다 전주여행 	 경주여행 (숙소추천) 2월 12 13일에 전주 여행 할려구 합니다 1박2일 가볼만한곳이랑 맛집 추천 부탁드립니다 감사합니다 전주맛집 여행 전주달봉이 달봉티비 전주여행 코스 전주가볼만한곳 여행 인플루언서 전주달봉이입니다 전주여행 
전주 여행	48	강아지와함께 전주여행 가능한곳ㅜ	https://kin.naver.com/qna/detail.naver?d1id=9&dirId=90110&docId=454069765&qb=7KCE7KO8IOyXrO2WiQ==&enc=utf8	 전주여행 갈껀데요 강아지 같이 동반할꺼라서요 혹시 강아지같이 갈수있는곳좀 알려주세요 맛집이랑 관광징 반려동물 1등 여행앱 반려생활입니다 하늘이 맑은 가을에 전주 여행 을 떠나시는군요 강아지랑 함께 더 좋은 추억 	 경주여행 (숙소추천)  전주여행 갈껀데요 강아지 같이 동반할꺼라서요 혹시 강아지같이 갈수있는곳좀 알려주세요 맛집이랑 관광징 반려동물 1등 여행앱 반려생활입니다 하늘이 맑은 가을에 전주 여행 을 떠나시는군요 강아지랑 함께 더 좋은 추억 
전주 여행	49	광주에서 전주 2박3일 여행	https://kin.naver.com/qna/detail.naver?d1id=9&dirId=90110&docId=441966752&qb=7KCE7KO8IOyXrO2WiQ==&enc=utf8	 감사하겠습니다 전주여행 전주맛집 국내여행 전주달봉이 달봉티비 전주여행 코스 전주가볼만한곳 여수여행 여수가볼만한곳 제주도여행 제주도가볼만한곳 여행 전문 인플루언서 전주달봉이입니다 버스터미널에서 내리셔서 	 경주여행 (숙소추천)  감사하겠습니다 전주여행 전주맛집 국내여행 전주달봉이 달봉티비 전주여행 코스 전주가볼만한곳 여수여행 여수가볼만한곳 제주도여행 제주도가볼만한곳 여행 전문 인플루언서 전주달봉이입니다 버스터미널에서 내리셔서 
전주 여행	50	전주여행코스 좀 짜주세요 ~	https://kin.naver.com/qna/detail.naver?d1id=9&dirId=90110&docId=407277228&qb=7KCE7KO8IOyXrO2WiQ==&enc=utf8	 질문하신 전주 여행 일정 관련 답변 드리도록 하겠습니다 친정 어머니와 딸과 다 함께 하는 여행 듣기만 해도 설레네요 아래 세 분께서 모두 즐길 수 있는 여행 일정을 준비해 보았어요 참고해 보시고 여행에 도움 되셨으면 	 경주여행 (숙소추천)  질문하신 전주 여행 일정 관련 답변 드리도록 하겠습니다 친정 어머니와 딸과 다 함께 하는 여행 듣기만 해도 설레네요 아래 세 분께서 모두 즐길 수 있는 여행 일정을 준비해 보았어요 참고해 보시고 여행에 도움 되셨으면 
전주 여행	51	[추천해주세요] 전주 당일치기 여행	https://kin.naver.com/qna/detail.naver?d1id=9&dirId=90110&docId=441175638&qb=7KCE7KO8IOyXrO2WiQ==&enc=utf8	 추천해주세요 전주 당일치기 여행 전주여행 전주맛집 국내여행 전주달봉이 달봉티비 전주여행 코스 전주가볼만한곳 여수여행 여수가볼만한곳 제주도여행 제주도가볼만한곳 여행 전문 인플루언서 전주달봉이입니다 	 경주여행 (숙소추천)  추천해주세요 전주 당일치기 여행 전주여행 전주맛집 국내여행 전주달봉이 달봉티비 전주여행 코스 전주가볼만한곳 여수여행 여수가볼만한곳 제주도여행 제주도가볼만한곳 여행 전문 인플루언서 전주달봉이입니다 
전주 여행	52	전주여행팀조뮤ㅠ	https://kin.naver.com/qna/detail.naver?d1id=6&dirId=60203&docId=465427767&qb=7KCE7KO8IOyXrO2WiQ==&enc=utf8	 전주여행 1박2일가는데가기좋은곳이랑맛집좀알려주세요 안녕하세요 서울지방변호사회 소속으로 지식iN 법률상담을 진행하고 있는 김선용 변호사입니다 알아보는것이 어려우시다면 인스타그램에 전주라고 검색 하셔서 	 경주여행 (숙소추천)  전주여행 1박2일가는데가기좋은곳이랑맛집좀알려주세요 안녕하세요 서울지방변호사회 소속으로 지식iN 법률상담을 진행하고 있는 김선용 변호사입니다 알아보는것이 어려우시다면 인스타그램에 전주라고 검색 하셔서 
전주 여행	53	고등학교친구들과 전주여행 당일치기	https://kin.naver.com/qna/detail.naver?d1id=9&dirId=90110&docId=466553507&qb=7KCE7KO8IOyXrO2WiQ==&enc=utf8	지금 고등학교3학년 친구들과 함께 4월달에 전주여행 을 당일치기로 갈 예정인데 부모님께 뭐라고 말씀드리면 허락을 받을수 있을까요 고등학교 시절 친구들과의 소중한 추억을 만들기 위해 전주 여행 을 다녀오기로 했습니다 전주는 	 경주여행 (숙소추천) 지금 고등학교3학년 친구들과 함께 4월달에 전주여행 을 당일치기로 갈 예정인데 부모님께 뭐라고 말씀드리면 허락을 받을수 있을까요 고등학교 시절 친구들과의 소중한 추억을 만들기 위해 전주 여행 을 다녀오기로 했습니다 전주는 
전주 여행	54	전주로 휴가갈건데 여행코스 추천해주세요	https://kin.naver.com/qna/detail.naver?d1id=8&dirId=8110301&docId=450793606&qb=7KCE7KO8IOyXrO2WiQ==&enc=utf8	 위의 일정은 참고용으로 제시한 것이며 여행 일정에 따라 조정할 수 있습니다 또한 음식점의 웨이팅 시간은 방문 시간과 요일에 따라 달라질 수 있으니 참고해주세요 즐거운 전주 여행 되시길 바랍니다 	 경주여행 (숙소추천)  위의 일정은 참고용으로 제시한 것이며 여행 일정에 따라 조정할 수 있습니다 또한 음식점의 웨이팅 시간은 방문 시간과 요일에 따라 달라질 수 있으니 참고해주세요 즐거운 전주 여행 되시길 바랍니다 
전주 여행	55	여자2명이서2박3일로 전주여행질문	https://kin.naver.com/qna/detail.naver?d1id=9&dirId=901&docId=228331353&qb=7KCE7KO8IOyXrO2WiQ==&enc=utf8	 2박 3일로 전주 를 여행 하신다면 다음과 같은 일정을 추천해드립니다 Day 1 전주 한옥마을 전통 한옥 건물과 전통 문화를 경험할 수 있는 곳입니다 전주 향교 조선시대 교육기관인 향교를 볼 수 있습니다 전주 남부시장 전주 의 	 경주여행 (숙소추천)  2박 3일로 전주 를 여행 하신다면 다음과 같은 일정을 추천해드립니다 Day 1 전주 한옥마을 전통 한옥 건물과 전통 문화를 경험할 수 있는 곳입니다 전주 향교 조선시대 교육기관인 향교를 볼 수 있습니다 전주 남부시장 전주 의 
전주 여행	56	전주 여행코스 짜주세요! 많이 급합니다..!	https://kin.naver.com/qna/detail.naver?d1id=12&dirId=121305&docId=430866279&qb=7KCE7KO8IOyXrO2WiQ==&enc=utf8	안녕하세요 가족 여행 으로 전주 에 놀러가려는데요 당장 이번주 금요일에 가는데 어딜갈지 몰라서 숙소는 라한호텔로 잡았고 한옥마을 쪽을 가고 싶은데 별로 걷지 않으면서 카페투어는 아닌 여행 코스 짜주실 수 있나요 호캉스로 	 경주여행 (숙소추천) 안녕하세요 가족 여행 으로 전주 에 놀러가려는데요 당장 이번주 금요일에 가는데 어딜갈지 몰라서 숙소는 라한호텔로 잡았고 한옥마을 쪽을 가고 싶은데 별로 걷지 않으면서 카페투어는 아닌 여행 코스 짜주실 수 있나요 호캉스로 
전주 여행	57	전주 1박2일 여행	https://kin.naver.com/qna/detail.naver?d1id=9&dirId=90110&docId=444409591&qb=7KCE7KO8IOyXrO2WiQ==&enc=utf8	 대둔산 케이블카 주말에 사람많겠죠 괜찮은 코스 추천해주세요 전주여행 전주맛집 국내여행 전주달봉이 달봉티비 전주여행 코스 전주가볼만한곳 여수여행 여수가볼만한곳 제주도여행 제주도가볼만한곳 여행 전문 	 경주여행 (숙소추천)  대둔산 케이블카 주말에 사람많겠죠 괜찮은 코스 추천해주세요 전주여행 전주맛집 국내여행 전주달봉이 달봉티비 전주여행 코스 전주가볼만한곳 여수여행 여수가볼만한곳 제주도여행 제주도가볼만한곳 여행 전문 
전주 여행	58	전주 여행코스!!!	https://kin.naver.com/qna/detail.naver?d1id=12&dirId=121305&docId=432706708&qb=7KCE7KO8IOyXrO2WiQ==&enc=utf8	 이미 전주여행 을 마치고 복귀하셨을 것 같네요 저희도 지난주에 당일코스로 전주에 다녀왔는데요 주말이라서 그런지 차들도 많고 관광지에는 사람들도 많아서 생각처럼 많이 둘러보지 못해서 아쉽더라고요 최소한 1박2일 	 경주여행 (숙소추천)  이미 전주여행 을 마치고 복귀하셨을 것 같네요 저희도 지난주에 당일코스로 전주에 다녀왔는데요 주말이라서 그런지 차들도 많고 관광지에는 사람들도 많아서 생각처럼 많이 둘러보지 못해서 아쉽더라고요 최소한 1박2일 
전주 여행	59	전주 한옥마을 당일치기 여행 질문	https://kin.naver.com/qna/detail.naver?d1id=9&dirId=90110&docId=439825862&qb=7KCE7KO8IOyXrO2WiQ==&enc=utf8	 전주여수제주도맛집 여행 전주달봉이 달봉티비 전주여행 코스 전주가볼만한곳 여수여행 여수가볼만한곳 제주도여행 제주도가볼만한곳 여행 전문 인플루언서 전주달봉이입니다 1 7000 8000원 2 흐노니 마시랑게 전망 달곰 3 	 경주여행 (숙소추천)  전주여수제주도맛집 여행 전주달봉이 달봉티비 전주여행 코스 전주가볼만한곳 여수여행 여수가볼만한곳 제주도여행 제주도가볼만한곳 여행 전문 인플루언서 전주달봉이입니다 1 7000 8000원 2 흐노니 마시랑게 전망 달곰 3 
전주 여행	60	전주 혼자2박3일여행	https://kin.naver.com/qna/detail.naver?d1id=9&dirId=90110&docId=224588034&qb=7KCE7KO8IOyXrO2WiQ==&enc=utf8	 아무래도 사람이 많으면 맛집같은곳에서 혼자못먹을것같아서 5월 중순은 전주 여행 을 즐기기 좋은 계절입니다 하지만 현재는 코로나19로 인해 여행객이 줄어들고 있으므로 사람이 많지 않을 것으로 예상됩니다 전주는 맛집이 	 경주여행 (숙소추천)  아무래도 사람이 많으면 맛집같은곳에서 혼자못먹을것같아서 5월 중순은 전주 여행 을 즐기기 좋은 계절입니다 하지만 현재는 코로나19로 인해 여행객이 줄어들고 있으므로 사람이 많지 않을 것으로 예상됩니다 전주는 맛집이 
전주 여행	61	전주 여행	https://kin.naver.com/qna/detail.naver?d1id=9&dirId=90110&docId=436440960&qb=7KCE7KO8IOyXrO2WiQ==&enc=utf8	 제가 이번달 16일에 친구 3명하고 전주 로 여행 을 가는데 궁금한 게 많아서요 하나하나 답장해주시면 감사하겟습니다 1 여수에서 전주 KTX 왕복 기차표값이 얼마인가요 2 중2들이 전주 가서 놀 게 뭐가 잇을까요 3 	 경주여행 (숙소추천)  제가 이번달 16일에 친구 3명하고 전주 로 여행 을 가는데 궁금한 게 많아서요 하나하나 답장해주시면 감사하겟습니다 1 여수에서 전주 KTX 왕복 기차표값이 얼마인가요 2 중2들이 전주 가서 놀 게 뭐가 잇을까요 3 
전주 여행	62	전주여행갈껀데 월요일 휴무가 많나요?	https://kin.naver.com/qna/detail.naver?d1id=12&dirId=121305&docId=467372054&qb=7KCE7KO8IOyXrO2WiQ==&enc=utf8	 전주여행 전주맛집 국내여행 전주달봉이 달봉티비 전주여행 코스 전주가볼만한곳 여수여행 여수가볼만한곳 제주도여행 제주도가볼만한곳 여행 전문 인플루언서 전주달봉이입니다 걱정안하셔도되셔요 대부분 오픈합니다 	 경주여행 (숙소추천)  전주여행 전주맛집 국내여행 전주달봉이 달봉티비 전주여행 코스 전주가볼만한곳 여수여행 여수가볼만한곳 제주도여행 제주도가볼만한곳 여행 전문 인플루언서 전주달봉이입니다 걱정안하셔도되셔요 대부분 오픈합니다 
전주 여행	63	내일 전주 당일치기 부모님과 여행을	https://kin.naver.com/qna/detail.naver?d1id=12&dirId=121305&docId=451191859&qb=7KCE7KO8IOyXrO2WiQ==&enc=utf8	 전주여행 전주맛집 국내여행 전주달봉이 달봉티비 전주여행 코스 전주가볼만한곳 여수여행 여수가볼만한곳 제주도여행 제주도가볼만한곳 여행 전문 인플루언서 전주달봉이입니다 바다는 군산 새만금 돌아보시면 	 경주여행 (숙소추천)  전주여행 전주맛집 국내여행 전주달봉이 달봉티비 전주여행 코스 전주가볼만한곳 여수여행 여수가볼만한곳 제주도여행 제주도가볼만한곳 여행 전문 인플루언서 전주달봉이입니다 바다는 군산 새만금 돌아보시면 
전주 여행	64	전주여행 갈만한곳(숙소/한옥마을게스트하우스)	https://kin.naver.com/qna/detail.naver?d1id=9&dirId=90110&docId=230766988&qb=7KCE7KO8IOyXrO2WiQ==&enc=utf8	안녕하세요 가족들과 함께 전주여행 을 가려고 합니다 한옥마을로 유명한 전주여행 을 꼭 한번 해보고 싶어했었는데 이번을 기회로 꼭 다녀와보려구요 전라도 음식이 맛있다고 전주에 가면 전라도의 대표음식도 먹어볼뿐만 아니라 맛집도 	 경주여행 (숙소추천) 안녕하세요 가족들과 함께 전주여행 을 가려고 합니다 한옥마을로 유명한 전주여행 을 꼭 한번 해보고 싶어했었는데 이번을 기회로 꼭 다녀와보려구요 전라도 음식이 맛있다고 전주에 가면 전라도의 대표음식도 먹어볼뿐만 아니라 맛집도 
전주 여행	65	전주 여행 코스 추천 좀	https://kin.naver.com/qna/detail.naver?d1id=9&dirId=90110&docId=430018803&qb=7KCE7KO8IOyXrO2WiQ==&enc=utf8	 전주 여행 코스 추천 좀 전주여수맛집 전주여행 여수여행 전주달봉이 달봉티비 전주여행 코스 전주가볼만한곳 여수여행 여수가볼만한곳 여행 인플루언서 전주달봉이입니다 전주여행 코스는 대부분 한옥마을에서 시작을 합니다 	 경주여행 (숙소추천)  전주 여행 코스 추천 좀 전주여수맛집 전주여행 여수여행 전주달봉이 달봉티비 전주여행 코스 전주가볼만한곳 여수여행 여수가볼만한곳 여행 인플루언서 전주달봉이입니다 전주여행 코스는 대부분 한옥마을에서 시작을 합니다 
전주 여행	66	전주여행 볼거리	https://kin.naver.com/qna/detail.naver?d1id=9&dirId=90110&docId=429817174&qb=7KCE7KO8IOyXrO2WiQ==&enc=utf8	이번주 전주여행 가는데 볼거리 맛집 등 알려주세요 전주에서 가볼만한 곳들 추천해드리겠습니다 전주한옥마을 전주동물원 한국도로공사수목원 덕진공원 전주난장 	 경주여행 (숙소추천) 이번주 전주여행 가는데 볼거리 맛집 등 알려주세요 전주에서 가볼만한 곳들 추천해드리겠습니다 전주한옥마을 전주동물원 한국도로공사수목원 덕진공원 전주난장 
전주 여행	67	전주에 여행가는데 오션뷰 카페 추천해주세요.	https://kin.naver.com/qna/detail.naver?d1id=12&dirId=121305&docId=468083904&qb=7KCE7KO8IOyXrO2WiQ==&enc=utf8	 전주여행 전주맛집 국내여행 전주달봉이 달봉티비 전주여행 코스 전주가볼만한곳 여수여행 여수가볼만한곳 제주도여행 제주도가볼만한곳 여행 전문 인플루언서 전주달봉이입니다 아쉽게도 전주이는 바다가없어서 	 경주여행 (숙소추천)  전주여행 전주맛집 국내여행 전주달봉이 달봉티비 전주여행 코스 전주가볼만한곳 여수여행 여수가볼만한곳 제주도여행 제주도가볼만한곳 여행 전문 인플루언서 전주달봉이입니다 아쉽게도 전주이는 바다가없어서 
전주 여행	68	전주 가족 여행 코스 문의 드려요!	https://kin.naver.com/qna/detail.naver?d1id=9&dirId=90110&docId=482953663&qb=7KCE7KO8IOyXrO2WiQ==&enc=utf8	 전주여행 전주맛집 국내여행 전주달봉이 달봉티비 전주여행 코스 전주가볼만한곳 여수여행 여수가볼만한곳 제주도여행 제주도가볼만한곳 여행 전문 인플루언서 전주달봉이입니다 전주여행 코스는 한옥마을에서부터 	 경주여행 (숙소추천)  전주여행 전주맛집 국내여행 전주달봉이 달봉티비 전주여행 코스 전주가볼만한곳 여수여행 여수가볼만한곳 제주도여행 제주도가볼만한곳 여행 전문 인플루언서 전주달봉이입니다 전주여행 코스는 한옥마을에서부터 
전주 여행	69	전주 여행 코스 및 일정 추천 부탁드려요(토요일 하루)	https://kin.naver.com/qna/detail.naver?d1id=9&dirId=90110&docId=443982849&qb=7KCE7KO8IOyXrO2WiQ==&enc=utf8	 일정이 괜찮은지 수정이 필요한 부분이 있는지 인근 맛집 등은 또 있는지 등등 의견 부탁 드립니다 전주여행 전주맛집 국내여행 전주달봉이 달봉티비 전주여행 코스 전주가볼만한곳 여수여행 여수가볼만한곳 제주도여행 	 경주여행 (숙소추천)  일정이 괜찮은지 수정이 필요한 부분이 있는지 인근 맛집 등은 또 있는지 등등 의견 부탁 드립니다 전주여행 전주맛집 국내여행 전주달봉이 달봉티비 전주여행 코스 전주가볼만한곳 여수여행 여수가볼만한곳 제주도여행 
전주 여행	70	전주 여행가려는데..	https://kin.naver.com/qna/detail.naver?d1id=9&dirId=90110&docId=432785295&qb=7KCE7KO8IOyXrO2WiQ==&enc=utf8	 전주 한옥마을 근처에서 숙박하며 여행 한다면 어디어디 가고 어떤 맛집이 좋은지 버스나 택시타고 조금만 나가도 되는 가볼만한 곳이 어딘지 등등 추천해주세요 2 그외에 다른곳 어디 	 경주여행 (숙소추천)  전주 한옥마을 근처에서 숙박하며 여행 한다면 어디어디 가고 어떤 맛집이 좋은지 버스나 택시타고 조금만 나가도 되는 가볼만한 곳이 어딘지 등등 추천해주세요 2 그외에 다른곳 어디 
전주 여행	71	전주 여행 코스	https://kin.naver.com/qna/detail.naver?d1id=12&dirId=121305&docId=452031214&qb=7KCE7KO8IOyXrO2WiQ==&enc=utf8	아침으로 전주 현대옥 본점 가서 먹고 점심으로는 전주 비빔소리를 가려고 하는데 현대옥과 비빔소리 중간에 어디 구경할 곳이나 갈만한 곳 없을까요 전주여행 전주맛집 국내여행 전주달봉이 달봉티비 전주여행 코스 	 경주여행 (숙소추천) 아침으로 전주 현대옥 본점 가서 먹고 점심으로는 전주 비빔소리를 가려고 하는데 현대옥과 비빔소리 중간에 어디 구경할 곳이나 갈만한 곳 없을까요 전주여행 전주맛집 국내여행 전주달봉이 달봉티비 전주여행 코스 
전주 여행	72	전주 한옥마을 여행준비중입니다	https://kin.naver.com/qna/detail.naver?d1id=9&dirId=90110&docId=475632922&qb=7KCE7KO8IOyXrO2WiQ==&enc=utf8	 대여는 천차만별입니다 기본 금액은 10000원 부터시작합니다 시간과 한복에따라서 가격이다릅니다 전주여행 전주맛집 국내여행 전주달봉이 달봉티비 전주여행 코스 전주가볼만한곳 여수여행 여수가볼만한곳 제주도여행 	 경주여행 (숙소추천)  대여는 천차만별입니다 기본 금액은 10000원 부터시작합니다 시간과 한복에따라서 가격이다릅니다 전주여행 전주맛집 국내여행 전주달봉이 달봉티비 전주여행 코스 전주가볼만한곳 여수여행 여수가볼만한곳 제주도여행 
전주 여행	73	전라도 전주여행	https://kin.naver.com/qna/detail.naver?d1id=9&dirId=90110&docId=428170195&qb=7KCE7KO8IOyXrO2WiQ==&enc=utf8	 전주 에 여행 을 가려고하는데 한번도안가봐서요 1박2일이나 2박3일 있을예정인데 가볼만한곳 추천받아용 체험도좋구용 전주 에서 가볼만한 곳들 추천해드리겠습니다 전주 한옥마을 	 경주여행 (숙소추천)  전주 에 여행 을 가려고하는데 한번도안가봐서요 1박2일이나 2박3일 있을예정인데 가볼만한곳 추천받아용 체험도좋구용 전주 에서 가볼만한 곳들 추천해드리겠습니다 전주 한옥마을 
전주 여행	74	전주 여행	https://kin.naver.com/qna/detail.naver?d1id=9&dirId=90104&docId=402165747&qb=7KCE7KO8IOyXrO2WiQ==&enc=utf8	 참고로 저희는 뚜벅이 입니댜 전주 여행 을 계획중이시군요 그럼 전주에서 가볼만한곳들 추천해드리겠습니다 한국도로공사수목원 전주동물원 자만마을 벽화갤러리 국립전주박물관 	 경주여행 (숙소추천)  참고로 저희는 뚜벅이 입니댜 전주 여행 을 계획중이시군요 그럼 전주에서 가볼만한곳들 추천해드리겠습니다 한국도로공사수목원 전주동물원 자만마을 벽화갤러리 국립전주박물관 
전주 여행	75	전주 여행 코스 추천	https://kin.naver.com/qna/detail.naver?d1id=9&dirId=90110&docId=430028571&qb=7KCE7KO8IOyXrO2WiQ==&enc=utf8	 전주 여행 코스 추천 안녕하세요 전주맛집 전주블로그 전주달봉이입니다 대부분 1박2일 코스로들 전주를 놀러오십니다 한옥마을 경기전 남부시장야시장 벽화마을 전동성당 향교 오목대 이렇게들 많이들 둘러보시고요 더 추가로 	 경주여행 (숙소추천)  전주 여행 코스 추천 안녕하세요 전주맛집 전주블로그 전주달봉이입니다 대부분 1박2일 코스로들 전주를 놀러오십니다 한옥마을 경기전 남부시장야시장 벽화마을 전동성당 향교 오목대 이렇게들 많이들 둘러보시고요 더 추가로 
전주 여행	76	전주 여행 코스 동선 좀 짜주세요	https://kin.naver.com/qna/detail.naver?d1id=12&dirId=121305&docId=458306197&qb=7KCE7KO8IOyXrO2WiQ==&enc=utf8	 숙소는 완산구 서신동입니다 전주여행 전주맛집 국내여행 전주달봉이 달봉티비 전주여행 코스 전주가볼만한곳 여수여행 여수가볼만한곳 제주도여행 제주도가볼만한곳 여행 전문 인플루언서 전주달봉이입니다 1 한옥마을 	 경주여행 (숙소추천)  숙소는 완산구 서신동입니다 전주여행 전주맛집 국내여행 전주달봉이 달봉티비 전주여행 코스 전주가볼만한곳 여수여행 여수가볼만한곳 제주도여행 제주도가볼만한곳 여행 전문 인플루언서 전주달봉이입니다 1 한옥마을 
전주 여행	77	전주여행!	https://kin.naver.com/qna/detail.naver?d1id=12&dirId=121305&docId=459792395&qb=7KCE7KO8IOyXrO2WiQ==&enc=utf8	크리스마스에 단둘이서 당일치기로 전주여행 하기로했습니다 고등학생인데요 어느정도 들고가는게맞고 전주는 할게 뭐뭐 있을까요 제대로 답변해주세요 대학로와 투어공연하는 연극 추천해 드릴께요 	 경주여행 (숙소추천) 크리스마스에 단둘이서 당일치기로 전주여행 하기로했습니다 고등학생인데요 어느정도 들고가는게맞고 전주는 할게 뭐뭐 있을까요 제대로 답변해주세요 대학로와 투어공연하는 연극 추천해 드릴께요 
전주 여행	78	제가 전주여행을 갔는데여	https://kin.naver.com/qna/detail.naver?d1id=8&dirId=80101&docId=457532341&qb=7KCE7KO8IOyXrO2WiQ==&enc=utf8	제가 왜그런진 모르겠지만 그냥 전라도 사투리 듣기 싫더라구요 억양이 쎄서그런감 좀 듣기가 거북했는데 전주여행 갔었는데 무슨일인진모르겠지만 사람들 전라도 사투리 1도 안쓰던데요 쫌 의외였어요 전라북도 전주시 아닌가요 	 경주여행 (숙소추천) 제가 왜그런진 모르겠지만 그냥 전라도 사투리 듣기 싫더라구요 억양이 쎄서그런감 좀 듣기가 거북했는데 전주여행 갔었는데 무슨일인진모르겠지만 사람들 전라도 사투리 1도 안쓰던데요 쫌 의외였어요 전라북도 전주시 아닌가요 
전주 여행	79	전주 1박2일 여행코스 추천 및 조언해주세요	https://kin.naver.com/qna/detail.naver?d1id=12&dirId=121305&docId=467438359&qb=7KCE7KO8IOyXrO2WiQ==&enc=utf8	가고싶은곳 전주한옥마을 경기전 전주난장 전주국립박물관 전주동물원 이동수단 자동차 전주여행 전주맛집 국내여행 전주달봉이 달봉티비 전주여행 코스 전주가볼만한곳 여수여행 여수가볼만한곳 제주도여행 	 경주여행 (숙소추천) 가고싶은곳 전주한옥마을 경기전 전주난장 전주국립박물관 전주동물원 이동수단 자동차 전주여행 전주맛집 국내여행 전주달봉이 달봉티비 전주여행 코스 전주가볼만한곳 여수여행 여수가볼만한곳 제주도여행 
전주 여행	80	뚜벅이 여행으로 전주 가려는데 한옥마을 근처 짐... 	https://kin.naver.com/qna/detail.naver?d1id=9&dirId=90110&docId=428889568&qb=7KCE7KO8IOyXrO2WiQ==&enc=utf8	 이용하시면 원하는 장소에서 장소로 짐 운송이 가능합니다 가격도 저렴하고 앱을 통해 실시간으로 주문 및 현황 확인까지 가능해 여행 중 편리하게 이용이 가능하니 전주 뚜벅이여행 시 참고해보세요 즐거운 전주여행 되시길 바랄게요	 경주여행 (숙소추천)  이용하시면 원하는 장소에서 장소로 짐 운송이 가능합니다 가격도 저렴하고 앱을 통해 실시간으로 주문 및 현황 확인까지 가능해 여행 중 편리하게 이용이 가능하니 전주 뚜벅이여행 시 참고해보세요 즐거운 전주여행 되시길 바랄게요
전주 여행	81	전주 여행 일정	https://kin.naver.com/qna/detail.naver?d1id=9&dirId=90104&docId=394529795&qb=7KCE7KO8IOyXrO2WiQ==&enc=utf8	이번에 전주 로 여행 을 가는데 소요시간을 알고싶어요 한옥마을 초코파이 체험장 수목원 드림랜드 순으로 가는데 이동시간이 얼마나 걸릴까요 자세하게 부탁드릴게요 우선 전주 한옥마을내에 초코파이체험장이 있으니까요 이걸 	 경주여행 (숙소추천) 이번에 전주 로 여행 을 가는데 소요시간을 알고싶어요 한옥마을 초코파이 체험장 수목원 드림랜드 순으로 가는데 이동시간이 얼마나 걸릴까요 자세하게 부탁드릴게요 우선 전주 한옥마을내에 초코파이체험장이 있으니까요 이걸 
전주 여행	82	이번에 태교여행으로 2박3일 놀러가려고 하는데 강아지... 	https://kin.naver.com/qna/detail.naver?d1id=9&dirId=90110&docId=440802188&qb=7KCE7KO8IOyXrO2WiQ==&enc=utf8	 전주여행 전주맛집 국내여행 전주달봉이 달봉티비 전주여행 코스 전주가볼만한곳 여수여행 여수가볼만한곳 제주도여행 제주도가볼만한곳 여행 전문 인플루언서 전주달봉이입니다 전주여행 숙소잡기가 힘드시다면 바닷가가 	 경주여행 (숙소추천)  전주여행 전주맛집 국내여행 전주달봉이 달봉티비 전주여행 코스 전주가볼만한곳 여수여행 여수가볼만한곳 제주도여행 제주도가볼만한곳 여행 전문 인플루언서 전주달봉이입니다 전주여행 숙소잡기가 힘드시다면 바닷가가 
전주 여행	83	전주여행 추천해주세요	https://kin.naver.com/qna/detail.naver?d1id=9&dirId=90110&docId=272473514&qb=7KCE7KO8IOyXrO2WiQ==&enc=utf8	 전주여행 추천해주세요 전주식 가맥문화의 전일슈퍼 등의 전주만의 술 문화 외에도 에피큐어 평점 AA를 받은 전주식 한정식의 최고봉 수구정 전라회관 궁 전주비빔밥의 최고봉 고궁 성미당 토종 명품닭을 사용한 닭요리의 	 경주여행 (숙소추천)  전주여행 추천해주세요 전주식 가맥문화의 전일슈퍼 등의 전주만의 술 문화 외에도 에피큐어 평점 AA를 받은 전주식 한정식의 최고봉 수구정 전라회관 궁 전주비빔밥의 최고봉 고궁 성미당 토종 명품닭을 사용한 닭요리의 
전주 여행	84	1박2일 전주 혼자 여행 코스	https://kin.naver.com/qna/detail.naver?d1id=9&dirId=901&docId=224123446&qb=7KCE7KO8IOyXrO2WiQ==&enc=utf8	 질문하신 전주 여행 정보 정리해봤습니다 참고해주세요 전주에서 가볼만한 곳 덕진공원 추천 덕진공원이 전주터미널에서 가장 가까운 곳이에요 산책하기에 좋은 호수공원이에요 덕진공원을 생략하고 곧바로 남부시장과 	 경주여행 (숙소추천)  질문하신 전주 여행 정보 정리해봤습니다 참고해주세요 전주에서 가볼만한 곳 덕진공원 추천 덕진공원이 전주터미널에서 가장 가까운 곳이에요 산책하기에 좋은 호수공원이에요 덕진공원을 생략하고 곧바로 남부시장과 
전주 여행	85	전주 여행 갈려고 하는데	https://kin.naver.com/qna/detail.naver?d1id=9&dirId=90110&docId=485524293&qb=7KCE7KO8IOyXrO2WiQ==&enc=utf8	 전주여행 전주맛집 국내여행 전주달봉이 달봉티비 전주여행 코스 전주가볼만한곳 여수여행 여수가볼만한곳 제주도여행 제주도가볼만한곳 여행 전문 인플루언서 전주달봉이입니다 전주여행 코스는 한옥마을에서부터 시작을 	 경주여행 (숙소추천)  전주여행 전주맛집 국내여행 전주달봉이 달봉티비 전주여행 코스 전주가볼만한곳 여수여행 여수가볼만한곳 제주도여행 제주도가볼만한곳 여행 전문 인플루언서 전주달봉이입니다 전주여행 코스는 한옥마을에서부터 시작을 
전주 여행	86	2박3일 전주여행	https://kin.naver.com/qna/detail.naver?d1id=9&dirId=90110&docId=472470179&qb=7KCE7KO8IOyXrO2WiQ==&enc=utf8	부모님과 전주여행 가려고하는데 정보가 하나도 없어서요 숙소는 어디가좋은지 관광지는 어디가있는지 추천부탁드려요 전주여행 전주맛집 국내여행 전주달봉이 달봉티비 전주여행 코스 전주가볼만한곳 여수여행 	 경주여행 (숙소추천) 부모님과 전주여행 가려고하는데 정보가 하나도 없어서요 숙소는 어디가좋은지 관광지는 어디가있는지 추천부탁드려요 전주여행 전주맛집 국내여행 전주달봉이 달봉티비 전주여행 코스 전주가볼만한곳 여수여행 
전주 여행	87	전주 여행코스!!!	https://kin.naver.com/qna/detail.naver?d1id=9&dirId=90110&docId=223302720&qb=7KCE7KO8IOyXrO2WiQ==&enc=utf8	 이미 전주여행 을 마치고 복귀하셨을 것 같네요 저희도 지난주에 당일코스로 전주에 다녀왔는데요 주말이라서 그런지 차들도 많고 관광지에는 사람들도 많아서 생각처럼 많이 둘러보지 못해서 아쉽더라고요 최소한 1박2일 	 경주여행 (숙소추천)  이미 전주여행 을 마치고 복귀하셨을 것 같네요 저희도 지난주에 당일코스로 전주에 다녀왔는데요 주말이라서 그런지 차들도 많고 관광지에는 사람들도 많아서 생각처럼 많이 둘러보지 못해서 아쉽더라고요 최소한 1박2일 
전주 여행	88	전주 당일치기 여행을 가려고 하는데 질문이 있습니다	https://kin.naver.com/qna/detail.naver?d1id=9&dirId=90110&docId=474638285&qb=7KCE7KO8IOyXrO2WiQ==&enc=utf8	 전주여행 전주맛집 국내여행 전주달봉이 달봉티비 전주여행 코스 전주가볼만한곳 여수여행 여수가볼만한곳 제주도여행 제주도가볼만한곳 여행 전문 인플루언서 전주달봉이입니다 기지제 산책 저녁에도 많이들 하셔서 	 경주여행 (숙소추천)  전주여행 전주맛집 국내여행 전주달봉이 달봉티비 전주여행 코스 전주가볼만한곳 여수여행 여수가볼만한곳 제주도여행 제주도가볼만한곳 여행 전문 인플루언서 전주달봉이입니다 기지제 산책 저녁에도 많이들 하셔서 
전주 여행	89	전주 1박2일 여행가는데 코스추천부탁드려요~^^	https://kin.naver.com/qna/detail.naver?d1id=9&dirId=90110&docId=420277757&qb=7KCE7KO8IOyXrO2WiQ==&enc=utf8	남자친구와 생일여행으로 전주여행 을가는데 전주는 처음이라 좋은 코스있으면 추천좀 부탁드립니다 숙소는 전주 한옥마을 도보 10거리에 잡았고 자차 있어서 이동은 문제없습니다 맛집도 추천 부탁드려요 안녕하세요 AI 	 경주여행 (숙소추천) 남자친구와 생일여행으로 전주여행 을가는데 전주는 처음이라 좋은 코스있으면 추천좀 부탁드립니다 숙소는 전주 한옥마을 도보 10거리에 잡았고 자차 있어서 이동은 문제없습니다 맛집도 추천 부탁드려요 안녕하세요 AI 
전주 여행	90	전주 한옥마을에 남자 혼자 여행을 갈 예정입니다.	https://kin.naver.com/qna/detail.naver?d1id=9&dirId=90110&docId=441064844&qb=7KCE7KO8IOyXrO2WiQ==&enc=utf8	 욕조는 저도 굉장히 무리한 질문인것 같지만 혹시나해서 전주여행 전주맛집 국내여행 전주달봉이 달봉티비 전주여행 코스 전주가볼만한곳 여수여행 여수가볼만한곳 제주도여행 제주도가볼만한곳 여행 전문 인플루언서 	 경주여행 (숙소추천)  욕조는 저도 굉장히 무리한 질문인것 같지만 혹시나해서 전주여행 전주맛집 국내여행 전주달봉이 달봉티비 전주여행 코스 전주가볼만한곳 여수여행 여수가볼만한곳 제주도여행 제주도가볼만한곳 여행 전문 인플루언서 
전주 여행	91	전주 여행가는데 렌트를 하는게 좋을까	https://kin.naver.com/qna/detail.naver?d1id=9&dirId=90110&docId=431515138&qb=7KCE7KO8IOyXrO2WiQ==&enc=utf8	 전주 여행 가는데 렌트를 하는게 좋을까요 안녕하세요 천만 반려인과 함께하는 애견 동반 여행 플랫폼 하트독 입니다 전주는 작은 도시라서 택시로 이동을해도 크게 불편함이 없습니다 답변이 도움이 되셨다면 채택도 부탁드립니다 	 경주여행 (숙소추천)  전주 여행 가는데 렌트를 하는게 좋을까요 안녕하세요 천만 반려인과 함께하는 애견 동반 여행 플랫폼 하트독 입니다 전주는 작은 도시라서 택시로 이동을해도 크게 불편함이 없습니다 답변이 도움이 되셨다면 채택도 부탁드립니다 
전주 여행	92	전주 여행코스 질문드려요	https://kin.naver.com/qna/detail.naver?d1id=12&dirId=121305&docId=149726141&qb=7KCE7KO8IOyXrO2WiQ==&enc=utf8	 이상은 제가 전주여행 문의하는 분들께 통상 안내해 드리는 정보입니다 질문하신 분께 간단히 요약해 드리면 먼저 위 사이트 들어가셔서 방 예약하시고 오전에 	 경주여행 (숙소추천)  이상은 제가 전주여행 문의하는 분들께 통상 안내해 드리는 정보입니다 질문하신 분께 간단히 요약해 드리면 먼저 위 사이트 들어가셔서 방 예약하시고 오전에 
전주 여행	93	전주 여행 및 코스 질문 내공있어요~100	https://kin.naver.com/qna/detail.naver?d1id=12&dirId=121305&docId=279859546&qb=7KCE7KO8IOyXrO2WiQ==&enc=utf8	부산에서 전주여행 을 가려고 합니다 자차 여행이 아닌 버스위주로 가려고 합니다 그리고 전주만 가는것이아니라 전주갔다가 전주에서 가깝거나 버스로 1 2시간 정도 갈수있는 다른 지역도 여행 가고 싶은데 여행 많이 다니시는분들 	 경주여행 (숙소추천) 부산에서 전주여행 을 가려고 합니다 자차 여행이 아닌 버스위주로 가려고 합니다 그리고 전주만 가는것이아니라 전주갔다가 전주에서 가깝거나 버스로 1 2시간 정도 갈수있는 다른 지역도 여행 가고 싶은데 여행 많이 다니시는분들 
전주 여행	94	전주 여행코스 추천좀요	https://kin.naver.com/qna/detail.naver?d1id=9&dirId=90110&docId=414983842&qb=7KCE7KO8IOyXrO2WiQ==&enc=utf8	 전주 여행 코스 추천하세염 전주동물원 걍기전 전주한옥마을 덕진연못으로 가보세요	 경주여행 (숙소추천)  전주 여행 코스 추천하세염 전주동물원 걍기전 전주한옥마을 덕진연못으로 가보세요
전주 여행	95	전주여행 코스 좀 알려주세요	https://kin.naver.com/qna/detail.naver?d1id=9&dirId=90110&docId=387443906&qb=7KCE7KO8IOyXrO2WiQ==&enc=utf8	안녕하세요 전주 로 당일치기 여행 할껀데 코스 좀 짜주세요 전주 동물원 전주 한옥마을 전주 수목원 팔복예술공장 전주 드림랜드 당일치기로 갈껀데 코스좀알려주세요 자가용으로 이동하신다면 아래와 같은 코스가 시간을 아낄 수 	 경주여행 (숙소추천) 안녕하세요 전주 로 당일치기 여행 할껀데 코스 좀 짜주세요 전주 동물원 전주 한옥마을 전주 수목원 팔복예술공장 전주 드림랜드 당일치기로 갈껀데 코스좀알려주세요 자가용으로 이동하신다면 아래와 같은 코스가 시간을 아낄 수 
전주 여행	96	1박2일 전주 여행코스	https://kin.naver.com/qna/detail.naver?d1id=12&dirId=121305&docId=419637302&qb=7KCE7KO8IOyXrO2WiQ==&enc=utf8	 질문하신 전주 여행 코스 관련 답변드리겠습니다 가족 분들과 함께하는 전주 여행 을 계획 중이시군요 전주의 추천 명소와 맛집들을 포함해서 여다에서 맞춤형 1박 2일 전주 여행 코스를 준비했어요 아래 첨부된 일정을 	 경주여행 (숙소추천)  질문하신 전주 여행 코스 관련 답변드리겠습니다 가족 분들과 함께하는 전주 여행 을 계획 중이시군요 전주의 추천 명소와 맛집들을 포함해서 여다에서 맞춤형 1박 2일 전주 여행 코스를 준비했어요 아래 첨부된 일정을 
전주 여행	97	당일치기 전주여행코스	https://kin.naver.com/qna/detail.naver?d1id=9&dirId=90110&docId=276243421&qb=7KCE7KO8IOyXrO2WiQ==&enc=utf8	 처음으로 전주여행 을 가는거라서 아는 것이 많이 없어요 일단 전주 한옥마을에서 한복을 빌려서 한옥마을 전동성당이랑 경기전 그리고 자만벽화마을 까지 가기로 정했는데 또 다른 놀러갈 곳을 찾진 못했어요 전주에 한옥마을과 	 경주여행 (숙소추천)  처음으로 전주여행 을 가는거라서 아는 것이 많이 없어요 일단 전주 한옥마을에서 한복을 빌려서 한옥마을 전동성당이랑 경기전 그리고 자만벽화마을 까지 가기로 정했는데 또 다른 놀러갈 곳을 찾진 못했어요 전주에 한옥마을과 
전주 여행	98	초등 아이랑 전주여행 코스, 맛집 추천 부탁합니다	https://kin.naver.com/qna/detail.naver?d1id=12&dirId=121305&docId=436324017&qb=7KCE7KO8IOyXrO2WiQ==&enc=utf8	 아이와 전주 여행 을 계획하고 계시군요 전주에서 아이와 함께 가볼만한 곳 몇군데를 추천드려보도록 하겠습니다 1 전주 한옥마을 이미 계획에 넣어두신 장소인 전주 한옥마을이예요 한복도 입고 한옥마을을 거닐며 사진도 	 경주여행 (숙소추천)  아이와 전주 여행 을 계획하고 계시군요 전주에서 아이와 함께 가볼만한 곳 몇군데를 추천드려보도록 하겠습니다 1 전주 한옥마을 이미 계획에 넣어두신 장소인 전주 한옥마을이예요 한복도 입고 한옥마을을 거닐며 사진도 
전주 여행	99	(급합니다ㅠㅠ) 전주 여행코스	https://kin.naver.com/qna/detail.naver?d1id=12&dirId=121305&docId=230653752&qb=7KCE7KO8IOyXrO2WiQ==&enc=utf8	 전주여행 코스 추천드립니다 안녕하세요 여행전문블로거 쭈니아빠입니다 방학을 맞아서 친구분들과 전주여행 을 준비하고 계시네요 전주는 한옥마을을 중심으로 가볼만한 곳이 많죠 터미널에서 버스를 타고 한옥마을에 	 경주여행 (숙소추천)  전주여행 코스 추천드립니다 안녕하세요 여행전문블로거 쭈니아빠입니다 방학을 맞아서 친구분들과 전주여행 을 준비하고 계시네요 전주는 한옥마을을 중심으로 가볼만한 곳이 많죠 터미널에서 버스를 타고 한옥마을에 
전주 여행	100	전주여행 순서좀 알려주세요~	https://kin.naver.com/qna/detail.naver?d1id=12&dirId=121305&docId=223850942&qb=7KCE7KO8IOyXrO2WiQ==&enc=utf8	 전주여행 을 하려고 하는데요 덕진공원 전주동물원 한옥마을 남부시장을 가려고 합니다 전주시외버스공용터미널에서 가까운 순서가 어떻게 될까요 그리고 근처에 가까운 바닷가는 어디 인가요 또 이 외에 구경할 좋은 곳도 	 경주여행 (숙소추천)  전주여행 을 하려고 하는데요 덕진공원 전주동물원 한옥마을 남부시장을 가려고 합니다 전주시외버스공용터미널에서 가까운 순서가 어떻게 될까요 그리고 근처에 가까운 바닷가는 어디 인가요 또 이 외에 구경할 좋은 곳도 
전주 여행	101	전주여행갈려고하는데요!	https://kin.naver.com/qna/detail.naver?d1id=9&dirId=90110&docId=472294467&qb=7KCE7KO8IOyXrO2WiQ==&enc=utf8	 전주여행 을 갈려고하는데요 아는사람과 갈려고하는데 호텔은 좋은가격에 정했고 음 2박3일여행인데 얼마정도갖고가면좋을까요 그리고 맛집같은거 카페같은거 추천해주세요 안녕하세요 전주 여행 계획 중이시네요 한옥마을 근처 	 경주여행 (숙소추천)  전주여행 을 갈려고하는데요 아는사람과 갈려고하는데 호텔은 좋은가격에 정했고 음 2박3일여행인데 얼마정도갖고가면좋을까요 그리고 맛집같은거 카페같은거 추천해주세요 안녕하세요 전주 여행 계획 중이시네요 한옥마을 근처 
전주 여행	102	전주 1박 2일 여행 관련 질문~	https://kin.naver.com/qna/detail.naver?d1id=9&dirId=90110&docId=483471047&qb=7KCE7KO8IOyXrO2WiQ==&enc=utf8	 전주 여행 을 계획하고 계시다니 정말 좋은 선택을 하셨네요 전주는 한옥마을과 함께 멋진 자연경관 맛있는 음식이 가득한 동네이니 정말 즐거운 시간을 보낼 수 있을 거예요 우선 한옥마을 근처에서 가볼 수 있는 장소로는 	 경주여행 (숙소추천)  전주 여행 을 계획하고 계시다니 정말 좋은 선택을 하셨네요 전주는 한옥마을과 함께 멋진 자연경관 맛있는 음식이 가득한 동네이니 정말 즐거운 시간을 보낼 수 있을 거예요 우선 한옥마을 근처에서 가볼 수 있는 장소로는 
전주 여행	103	중2 여학생 친구와 전주여행	https://kin.naver.com/qna/detail.naver?d1id=9&dirId=90110&docId=480969931&qb=7KCE7KO8IOyXrO2WiQ==&enc=utf8	안녕하세요 중 2 15살 여학생입니다 친한친구와 둘이서 전주 여행 을 가기로 했는데 어디로 가야할지를 몰라서 너무 막막합니다 저희 둘다 일본 애니를 너무 좋아하는데전주에 오타쿠들이 갈만할 곳 있을까요 제발 알려주세요 	 경주여행 (숙소추천) 안녕하세요 중 2 15살 여학생입니다 친한친구와 둘이서 전주 여행 을 가기로 했는데 어디로 가야할지를 몰라서 너무 막막합니다 저희 둘다 일본 애니를 너무 좋아하는데전주에 오타쿠들이 갈만할 곳 있을까요 제발 알려주세요 
전주 여행	104	부모닝 모시고 전주여행	https://kin.naver.com/qna/detail.naver?d1id=9&dirId=90110&docId=480179536&qb=7KCE7KO8IOyXrO2WiQ==&enc=utf8	부모님 모시고 전주여행 가려는데 명소 식당 추천부탁드립니다 전주는 한옥마을로 유명한 완산구가 있으며 덕진구 또한 멋진 추억을 가진 장소가 많이 	 경주여행 (숙소추천) 부모님 모시고 전주여행 가려는데 명소 식당 추천부탁드립니다 전주는 한옥마을로 유명한 완산구가 있으며 덕진구 또한 멋진 추억을 가진 장소가 많이 
전주 여행	105	2박3일 전주여행	https://kin.naver.com/qna/detail.naver?d1id=9&dirId=90110&docId=475523884&qb=7KCE7KO8IOyXrO2WiQ==&enc=utf8	이번주 토 월 2박3일 여자친구와 전주여행 을 가는데 여행경로 좀 알려주세요 토요일엔 비가 온다고 하는데 실내데이트 가능한곳도 알려주시면 감사하겠습니다 숙소는 전주한옥마을 근처에 잡았습니다 토 한옥마을 구경 후 	 경주여행 (숙소추천) 이번주 토 월 2박3일 여자친구와 전주여행 을 가는데 여행경로 좀 알려주세요 토요일엔 비가 온다고 하는데 실내데이트 가능한곳도 알려주시면 감사하겠습니다 숙소는 전주한옥마을 근처에 잡았습니다 토 한옥마을 구경 후 
전주 여행	106	전주 1박2일 여행	https://kin.naver.com/qna/detail.naver?d1id=12&dirId=121305&docId=483476433&qb=7KCE7KO8IOyXrO2WiQ==&enc=utf8	 저녁엔 전주천 산책길 따라 걷거나 한옥마을 근처에서 야경 즐기시는 것도 너무 좋답니다 혹시 일정이나 관심 있는 테마 사진 카페 체험 등 더 알려주시면 맞춤 추천도 해드릴 수 있어요 즐거운 전주 여행 되시길 바랄게요 	 경주여행 (숙소추천)  저녁엔 전주천 산책길 따라 걷거나 한옥마을 근처에서 야경 즐기시는 것도 너무 좋답니다 혹시 일정이나 관심 있는 테마 사진 카페 체험 등 더 알려주시면 맞춤 추천도 해드릴 수 있어요 즐거운 전주 여행 되시길 바랄게요 
전주 여행	107	전주 여행코스 추천이요~!	https://kin.naver.com/qna/detail.naver?d1id=9&dirId=90110&docId=442151278&qb=7KCE7KO8IOyXrO2WiQ==&enc=utf8	영화제 기간 일정으로 2박3일 전주여행 좀 가볼까 해서요 여행코스 추천 좀 해주세요 어차피 주목적은 전주국제영화제니까 많은 곳을 둘러보지는 못할거에요 그냥 전주하면 꼭 가볼만한 곳 알짜배기만 추천해주세욜 전주 	 경주여행 (숙소추천) 영화제 기간 일정으로 2박3일 전주여행 좀 가볼까 해서요 여행코스 추천 좀 해주세요 어차피 주목적은 전주국제영화제니까 많은 곳을 둘러보지는 못할거에요 그냥 전주하면 꼭 가볼만한 곳 알짜배기만 추천해주세욜 전주 
전주 여행	108	전주 여행	https://kin.naver.com/qna/detail.naver?d1id=9&dirId=90110&docId=472340028&qb=7KCE7KO8IOyXrO2WiQ==&enc=utf8	전주로 커플여행 가려고 하는데 추천 좀 해주세요 숙소는 잡았고 놀거리랑 맛집 등등 추천 해주시면 감사하겠습니다 한옥마을은 갈겁니다 답변이 도움되셨으면 좋겠습니다 한옥마을 전주한옥마을 전주 맛집 전주 놀거리 전주 여행 추천	 경주여행 (숙소추천) 전주로 커플여행 가려고 하는데 추천 좀 해주세요 숙소는 잡았고 놀거리랑 맛집 등등 추천 해주시면 감사하겠습니다 한옥마을은 갈겁니다 답변이 도움되셨으면 좋겠습니다 한옥마을 전주한옥마을 전주 맛집 전주 놀거리 전주 여행 추천
전주 여행	109	추석 전주여행	https://kin.naver.com/qna/detail.naver?d1id=9&dirId=90110&docId=474841714&qb=7KCE7KO8IOyXrO2WiQ==&enc=utf8	16 18일 전주 로 여행 가려고 하는데 그때 한옥마을같은 관광지들은 문 닫을까요 추석당일은 문을 닫습니다 전주 에도 이벤트가 진행중입니다 8 27 화 10 13 일 한국관광공사에서 숙박세일 페스타 이벤트가 진행중입니다 3만원 	 경주여행 (숙소추천) 16 18일 전주 로 여행 가려고 하는데 그때 한옥마을같은 관광지들은 문 닫을까요 추석당일은 문을 닫습니다 전주 에도 이벤트가 진행중입니다 8 27 화 10 13 일 한국관광공사에서 숙박세일 페스타 이벤트가 진행중입니다 3만원 
전주 여행	110	전주 여행 전연령 렌트카 추천	https://kin.naver.com/qna/detail.naver?d1id=8&dirId=8110203&docId=477031265&qb=7KCE7KO8IOyXrO2WiQ==&enc=utf8	이번에 전주 여행 2박3일로 가는 저는 21살 만으로 만 19세입니다 전주 전연령 자동차 추천좀 부탁드리겠습니다 그리고 가격도 2일 렌트하면 총 어느정도 나올까요 전주에서 21세 이상 렌트 가능한 자동차를 찾아보세요 가격은 	 경주여행 (숙소추천) 이번에 전주 여행 2박3일로 가는 저는 21살 만으로 만 19세입니다 전주 전연령 자동차 추천좀 부탁드리겠습니다 그리고 가격도 2일 렌트하면 총 어느정도 나올까요 전주에서 21세 이상 렌트 가능한 자동차를 찾아보세요 가격은 
전주 여행	111	전주-포항 여행	https://kin.naver.com/qna/detail.naver?d1id=9&dirId=90110&docId=480520103&qb=7KCE7KO8IOyXrO2WiQ==&enc=utf8	 전주 에서 포항까지 여행 기차가 나을까요 버스가 나을까요 안녕하세요 전주 에서 포항까지 여행 을 할 때 기차와 버스 각각 장단점이 있으므로 어떤 방법이 더 나은지 결정하는 데 있어 몇 가지 요소를 고려할 필요가 있습니다 1 	 경주여행 (숙소추천)  전주 에서 포항까지 여행 기차가 나을까요 버스가 나을까요 안녕하세요 전주 에서 포항까지 여행 을 할 때 기차와 버스 각각 장단점이 있으므로 어떤 방법이 더 나은지 결정하는 데 있어 몇 가지 요소를 고려할 필요가 있습니다 1 
전주 여행	112	전주펜션 한옥으로 된곳이요!	https://kin.naver.com/qna/detail.naver?d1id=9&dirId=9011403&docId=474260729&qb=7KCE7KO8IOyXrO2WiQ==&enc=utf8	이번에 남자친구랑 같이 2박3일 전주여행 가기로해서 얼른 전주펜션 알아봐야하는데 한옥마을 근처나 한옥느낌 나는 전주펜션 쪽으로 갈만한데 없을까요 내부는 정감있는 분위기면 다 좋을 것 같아요 빠른답변 꼭 부탁드랴용 	 경주여행 (숙소추천) 이번에 남자친구랑 같이 2박3일 전주여행 가기로해서 얼른 전주펜션 알아봐야하는데 한옥마을 근처나 한옥느낌 나는 전주펜션 쪽으로 갈만한데 없을까요 내부는 정감있는 분위기면 다 좋을 것 같아요 빠른답변 꼭 부탁드랴용 
전주 여행	113	전주 여행	https://kin.naver.com/qna/detail.naver?d1id=9&dirId=90110&docId=480354904&qb=7KCE7KO8IOyXrO2WiQ==&enc=utf8	 주세요 전주 는 한옥마을로 유명한 완산구가 있으며 덕진구 또한 멋진 추억을 가진 장소가 많이 있습니다 완산구 덕진구에 대해서 여행 지를 	 경주여행 (숙소추천)  주세요 전주 는 한옥마을로 유명한 완산구가 있으며 덕진구 또한 멋진 추억을 가진 장소가 많이 있습니다 완산구 덕진구에 대해서 여행 지를 
전주 여행	114	전주 뚜벅이 여행	https://kin.naver.com/qna/detail.naver?d1id=9&dirId=90110&docId=483457492&qb=7KCE7KO8IOyXrO2WiQ==&enc=utf8	5월달에 엄마랑 전주 로 뚜벅이 여행 계획중인데 답변 부탁 드려요 1 기차랑 고속버스 중에 어떤걸 타는게 좋을까요 2 전주 에 도착해서 관광 할때 이용할 수 있는 교통수단은 어떤게 있을까요 3 숙소 추천도 부탁드려요 서울 	 경주여행 (숙소추천) 5월달에 엄마랑 전주 로 뚜벅이 여행 계획중인데 답변 부탁 드려요 1 기차랑 고속버스 중에 어떤걸 타는게 좋을까요 2 전주 에 도착해서 관광 할때 이용할 수 있는 교통수단은 어떤게 있을까요 3 숙소 추천도 부탁드려요 서울 
전주 여행	115	전주 당일치기 여행요	https://kin.naver.com/qna/detail.naver?d1id=9&dirId=90110&docId=480835916&qb=7KCE7KO8IOyXrO2WiQ==&enc=utf8	 어렵네요 전주 당일치기 여행 을 계획 중이시군요 전주 역에서 한옥마을까지 가는 방법과 당일치기 코스를 알려드릴게요 전주 역에서 한옥마을까지 가는 방법으로는 택시와 버스가 있어요 전주 역에서 한옥마을까지 택시를 	 경주여행 (숙소추천)  어렵네요 전주 당일치기 여행 을 계획 중이시군요 전주 역에서 한옥마을까지 가는 방법과 당일치기 코스를 알려드릴게요 전주 역에서 한옥마을까지 가는 방법으로는 택시와 버스가 있어요 전주 역에서 한옥마을까지 택시를 
전주 여행	116	전주여행 2박3일 경비	https://kin.naver.com/qna/detail.naver?d1id=9&dirId=90109&docId=471097881&qb=7KCE7KO8IOyXrO2WiQ==&enc=utf8	보통 전주여행 2박3일 경비가 얼마정도 드나요 숙소는 1박에 13만원인데를 가려고 하는데 비싼건가요 질문에 도움이 되는 답변이 되셨길 바래요 2박3일 전주여행 예산 30만원 내외 숙소 13만원은 적당합니다 	 경주여행 (숙소추천) 보통 전주여행 2박3일 경비가 얼마정도 드나요 숙소는 1박에 13만원인데를 가려고 하는데 비싼건가요 질문에 도움이 되는 답변이 되셨길 바래요 2박3일 전주여행 예산 30만원 내외 숙소 13만원은 적당합니다 
전주 여행	117	1박2일 전주 커플여행	https://kin.naver.com/qna/detail.naver?d1id=9&dirId=90110&docId=461495433&qb=7KCE7KO8IOyXrO2WiQ==&enc=utf8	 전주 여행 에 대해 도움을 드릴게요 1 남자친구의 차를 이용할지 KTX를 이용할지에 대해서는 여러 가지 요소를 고려해보셔야 합니다 만약 교통체증이 예상되는 날짜라면 KTX를 이용하는 것이 편할 수 있습니다 또한 남자친구의 	 경주여행 (숙소추천)  전주 여행 에 대해 도움을 드릴게요 1 남자친구의 차를 이용할지 KTX를 이용할지에 대해서는 여러 가지 요소를 고려해보셔야 합니다 만약 교통체증이 예상되는 날짜라면 KTX를 이용하는 것이 편할 수 있습니다 또한 남자친구의 
전주 여행	118	남해,전주 여행	https://kin.naver.com/qna/detail.naver?d1id=9&dirId=90110&docId=461982007&qb=7KCE7KO8IOyXrO2WiQ==&enc=utf8	남해 전주 여행 가려는데 여행지와 맛집 추천좀 해주세요 보리암 다랭이굴 독일마을 전주 한옥마을빼고 두세개씩5명이서 갈곳 맛집 빨리추천해주세요 앞에 말했던곳은 갈꺼라서 추천안해주셔도 됩니다 전주여행 전주맛집 	 경주여행 (숙소추천) 남해 전주 여행 가려는데 여행지와 맛집 추천좀 해주세요 보리암 다랭이굴 독일마을 전주 한옥마을빼고 두세개씩5명이서 갈곳 맛집 빨리추천해주세요 앞에 말했던곳은 갈꺼라서 추천안해주셔도 됩니다 전주여행 전주맛집 
전주 여행	119	전주여행 갈곳 추천	https://kin.naver.com/qna/detail.naver?d1id=12&dirId=121305&docId=484366658&qb=7KCE7KO8IOyXrO2WiQ==&enc=utf8	 전주여행 전주맛집 국내여행 전주달봉이 달봉티비 전주여행 코스 전주가볼만한곳 여수여행 여수가볼만한곳 제주도여행 제주도가볼만한곳 여행 전문 인플루언서 전주달봉이입니다 전주여행 코스는 한옥마을에서부터 	 경주여행 (숙소추천)  전주여행 전주맛집 국내여행 전주달봉이 달봉티비 전주여행 코스 전주가볼만한곳 여수여행 여수가볼만한곳 제주도여행 제주도가볼만한곳 여행 전문 인플루언서 전주달봉이입니다 전주여행 코스는 한옥마을에서부터 
전주 여행	120	전주여행 1박2일 코스질문요.	https://kin.naver.com/qna/detail.naver?d1id=9&dirId=90110&docId=464365893&qb=7KCE7KO8IOyXrO2WiQ==&enc=utf8	 코스한번짜주실분 전라도쪽은 저도여행을간적이없어서 전주여행 전주맛집 국내여행 전주달봉이 달봉티비 전주여행 코스 전주가볼만한곳 여수여행 여수가볼만한곳 제주도여행 제주도가볼만한곳 여행 전문 인플루언서 	 경주여행 (숙소추천)  코스한번짜주실분 전라도쪽은 저도여행을간적이없어서 전주여행 전주맛집 국내여행 전주달봉이 달봉티비 전주여행 코스 전주가볼만한곳 여수여행 여수가볼만한곳 제주도여행 제주도가볼만한곳 여행 전문 인플루언서 
전주 여행	121	전주여행 3일	https://kin.naver.com/qna/detail.naver?d1id=9&dirId=90110&docId=461053318&qb=7KCE7KO8IOyXrO2WiQ==&enc=utf8	 전주여행 3일 간다면 여행 총 비용이 얼마 나올까요 전주 여행 의 총 비용은 여러 요소에 따라 달라지지만 일반적으로 다음과 같은 항목들이 포함됩니다 1 교통비 전주까지 이동하기 위한 교통비용이 있을 것입니다 이는 여행하는 	 경주여행 (숙소추천)  전주여행 3일 간다면 여행 총 비용이 얼마 나올까요 전주 여행 의 총 비용은 여러 요소에 따라 달라지지만 일반적으로 다음과 같은 항목들이 포함됩니다 1 교통비 전주까지 이동하기 위한 교통비용이 있을 것입니다 이는 여행하는 
전주 여행	122	전주여행코스	https://kin.naver.com/qna/detail.naver?d1id=9&dirId=90110&docId=485639059&qb=7KCE7KO8IOyXrO2WiQ==&enc=utf8	 전주여행 전주맛집 국내여행 전주달봉이 달봉티비 전주여행 코스 전주가볼만한곳 여수여행 여수가볼만한곳 제주도여행 제주도가볼만한곳 여행 전문 인플루언서 전주달봉이입니다 전주여행 코스는 한옥마을에서부터 시작을 	 경주여행 (숙소추천)  전주여행 전주맛집 국내여행 전주달봉이 달봉티비 전주여행 코스 전주가볼만한곳 여수여행 여수가볼만한곳 제주도여행 제주도가볼만한곳 여행 전문 인플루언서 전주달봉이입니다 전주여행 코스는 한옥마을에서부터 시작을 
전주 여행	123	전주 당일치기 혼자 여행 코스 추천	https://kin.naver.com/qna/detail.naver?d1id=9&dirId=90110&docId=483615087&qb=7KCE7KO8IOyXrO2WiQ==&enc=utf8	 박물관 미술관 지역 공간을 스토리로 엮어 안내하는 해설형 문화 코스 노쇼 방지를 위해 5천원 예약금만 결제하고 현장에서 5천천 원 상당 음료 기프티콘으로 환급 선착순 마감이라 전주 여행 계획 있으신 분들은 	 경주여행 (숙소추천)  박물관 미술관 지역 공간을 스토리로 엮어 안내하는 해설형 문화 코스 노쇼 방지를 위해 5천원 예약금만 결제하고 현장에서 5천천 원 상당 음료 기프티콘으로 환급 선착순 마감이라 전주 여행 계획 있으신 분들은 
전주 여행	124	전주여행 차가 필요한가요	https://kin.naver.com/qna/detail.naver?d1id=9&dirId=90110&docId=482799629&qb=7KCE7KO8IOyXrO2WiQ==&enc=utf8	안녕하세요 1박2일 전주여행 계획중입니다 서울에서 전주까지는 기차를타고갈건데 전주내에서 렌트를 해야할지 궁금합니다 참고로 전주한옥마을 포함해서 유명 관광지만 돌아볼계획입니다 전주여행 전주맛집 국내여행 	 경주여행 (숙소추천) 안녕하세요 1박2일 전주여행 계획중입니다 서울에서 전주까지는 기차를타고갈건데 전주내에서 렌트를 해야할지 궁금합니다 참고로 전주한옥마을 포함해서 유명 관광지만 돌아볼계획입니다 전주여행 전주맛집 국내여행 
전주 여행	125	전주여행..	https://kin.naver.com/qna/detail.naver?d1id=9&dirId=90110&docId=473332244&qb=7KCE7KO8IOyXrO2WiQ==&enc=utf8	 전주여행 전주맛집 국내여행 전주달봉이 달봉티비 전주여행 코스 전주가볼만한곳 여수여행 여수가볼만한곳 제주도여행 제주도가볼만한곳 여행 전문 인플루언서 전주달봉이입니다 전주는 대중교통이나 택시 이용하시는걸 	 경주여행 (숙소추천)  전주여행 전주맛집 국내여행 전주달봉이 달봉티비 전주여행 코스 전주가볼만한곳 여수여행 여수가볼만한곳 제주도여행 제주도가볼만한곳 여행 전문 인플루언서 전주달봉이입니다 전주는 대중교통이나 택시 이용하시는걸 
전주 여행	126	전주 완주 여행	https://kin.naver.com/qna/detail.naver?d1id=9&dirId=90110&docId=456754318&qb=7KCE7KO8IOyXrO2WiQ==&enc=utf8	 전주여행 전주맛집 국내여행 전주달봉이 달봉티비 전주여행 코스 전주가볼만한곳 여수여행 여수가볼만한곳 제주도여행 제주도가볼만한곳 여행 전문 인플루언서 전주달봉이입니다 완주 어느쪽을 여행하느냐에 따라 	 경주여행 (숙소추천)  전주여행 전주맛집 국내여행 전주달봉이 달봉티비 전주여행 코스 전주가볼만한곳 여수여행 여수가볼만한곳 제주도여행 제주도가볼만한곳 여행 전문 인플루언서 전주달봉이입니다 완주 어느쪽을 여행하느냐에 따라 
전주 여행	127	전주 3박4일 여행	https://kin.naver.com/qna/detail.naver?d1id=9&dirId=90110&docId=459258161&qb=7KCE7KO8IOyXrO2WiQ==&enc=utf8	 부탁드립니다 전주여행 전주맛집 국내여행 전주달봉이 달봉티비 전주여행 코스 전주가볼만한곳 여수여행 여수가볼만한곳 제주도여행 제주도가볼만한곳 여행 전문 인플루언서 전주달봉이입니다 전주여행 코스는 	 경주여행 (숙소추천)  부탁드립니다 전주여행 전주맛집 국내여행 전주달봉이 달봉티비 전주여행 코스 전주가볼만한곳 여수여행 여수가볼만한곳 제주도여행 제주도가볼만한곳 여행 전문 인플루언서 전주달봉이입니다 전주여행 코스는 
전주 여행	128	전주여행코스좀짜주세요ㅜㅜ	https://kin.naver.com/qna/detail.naver?d1id=12&dirId=121305&docId=465655085&qb=7KCE7KO8IOyXrO2WiQ==&enc=utf8	 전주여행 코스를 짜드릴 수 있습니다 전주는 역사적인 유적지와 전통문화가 빛나는 곳으로 유명한데요 먼저 전주한옥마을을 방문하시면 한옥의 아름다움을 느낄 수 있습니다 여행의 시작지라고 할 수 있는 전주한옥마을에서 	 경주여행 (숙소추천)  전주여행 코스를 짜드릴 수 있습니다 전주는 역사적인 유적지와 전통문화가 빛나는 곳으로 유명한데요 먼저 전주한옥마을을 방문하시면 한옥의 아름다움을 느낄 수 있습니다 여행의 시작지라고 할 수 있는 전주한옥마을에서 
전주 여행	129	전주여행 대중교통이랑 렌트카중 어떤게 좋을까요?	https://kin.naver.com/qna/detail.naver?d1id=9&dirId=90110&docId=477694429&qb=7KCE7KO8IOyXrO2WiQ==&enc=utf8	 전주여행 때 움직이기 차가 편할지 대중교통이 편할지 알려주세요 교통 상황이 어떤지 궁금합니다 전주여행 전주맛집 국내여행 전주달봉이 달봉티비 전주여행 코스 전주가볼만한곳 여수여행 여수가볼만한곳 제주도여행 	 경주여행 (숙소추천)  전주여행 때 움직이기 차가 편할지 대중교통이 편할지 알려주세요 교통 상황이 어떤지 궁금합니다 전주여행 전주맛집 국내여행 전주달봉이 달봉티비 전주여행 코스 전주가볼만한곳 여수여행 여수가볼만한곳 제주도여행 
전주 여행	130	전주 여행	https://kin.naver.com/qna/detail.naver?d1id=12&dirId=121305&docId=457210792&qb=7KCE7KO8IOyXrO2WiQ==&enc=utf8	 전주 여행 을 가시려하는군요 그렇다면 전주에서 연인들이 제일 많이 찾는 곳들 추천해드리겠습니다 전주한옥마을 전주동물원 한국도로공사수목원 전주향교 덕진공원 	 경주여행 (숙소추천)  전주 여행 을 가시려하는군요 그렇다면 전주에서 연인들이 제일 많이 찾는 곳들 추천해드리겠습니다 전주한옥마을 전주동물원 한국도로공사수목원 전주향교 덕진공원 
전주 여행	131	전주여행 관련	https://kin.naver.com/qna/detail.naver?d1id=9&dirId=90110&docId=469137468&qb=7KCE7KO8IOyXrO2WiQ==&enc=utf8	 전주여행 전주맛집 국내여행 전주달봉이 달봉티비 전주여행 코스 전주가볼만한곳 여수여행 여수가볼만한곳 제주도여행 제주도가볼만한곳 여행 전문 인플루언서 전주달봉이입니다 주말인지 평일인지에 따라다릅니다 	 경주여행 (숙소추천)  전주여행 전주맛집 국내여행 전주달봉이 달봉티비 전주여행 코스 전주가볼만한곳 여수여행 여수가볼만한곳 제주도여행 제주도가볼만한곳 여행 전문 인플루언서 전주달봉이입니다 주말인지 평일인지에 따라다릅니다 
전주 여행	132	전주 여행 가려고 하는데 1박2일vs2박3일	https://kin.naver.com/qna/detail.naver?d1id=9&dirId=901&docId=465668786&qb=7KCE7KO8IOyXrO2WiQ==&enc=utf8	 어떤게 적당할지 추천 좀 해주세요 전주여행 전주맛집 국내여행 전주달봉이 달봉티비 전주여행 코스 전주가볼만한곳 여수여행 여수가볼만한곳 제주도여행 제주도가볼만한곳 여행 전문 인플루언서 전주달봉이입니다 	 경주여행 (숙소추천)  어떤게 적당할지 추천 좀 해주세요 전주여행 전주맛집 국내여행 전주달봉이 달봉티비 전주여행 코스 전주가볼만한곳 여수여행 여수가볼만한곳 제주도여행 제주도가볼만한곳 여행 전문 인플루언서 전주달봉이입니다 
전주 여행	133	전주 여행	https://kin.naver.com/qna/detail.naver?d1id=9&dirId=90110&docId=449461461&qb=7KCE7KO8IOyXrO2WiQ==&enc=utf8	이번주에 전주 여행 1박 2일로 처음 가는데 가볼데 추천 좀 해주세요 걷기 좋은데 위주로요 걷는 거 좋아해요 트레킹 좋아해요 전주여행 을 계획중이시군요 전주에는 다양한 볼거리들과 	 경주여행 (숙소추천) 이번주에 전주 여행 1박 2일로 처음 가는데 가볼데 추천 좀 해주세요 걷기 좋은데 위주로요 걷는 거 좋아해요 트레킹 좋아해요 전주여행 을 계획중이시군요 전주에는 다양한 볼거리들과 
전주 여행	134	전주 2박3일 3명 여행 1인 경비	https://kin.naver.com/qna/detail.naver?d1id=12&dirId=121305&docId=480452158&qb=7KCE7KO8IOyXrO2WiQ==&enc=utf8	 식비랑 교통비 감이 안잡혀서요 술은 마실건데 많이 안마셔서 술값으로는 한번마실 때 만원씩 쓸거같아요 전주여행 전주맛집 국내여행 전주달봉이 달봉티비 전주여행 코스 전주가볼만한곳 여수여행 여수가볼만한곳 	 경주여행 (숙소추천)  식비랑 교통비 감이 안잡혀서요 술은 마실건데 많이 안마셔서 술값으로는 한번마실 때 만원씩 쓸거같아요 전주여행 전주맛집 국내여행 전주달봉이 달봉티비 전주여행 코스 전주가볼만한곳 여수여행 여수가볼만한곳 
전주 여행	135	전주 2박3일여행 비용	https://kin.naver.com/qna/detail.naver?d1id=9&dirId=90110&docId=441096616&qb=7KCE7KO8IOyXrO2WiQ==&enc=utf8	 전주여행 전주맛집 국내여행 전주달봉이 달봉티비 전주여행 코스 전주가볼만한곳 여수여행 여수가볼만한곳 제주도여행 제주도가볼만한곳 여행 전문 인플루언서 전주달봉이입니다 한옥마을은 입장료는 따로없습니다 기본 	 경주여행 (숙소추천)  전주여행 전주맛집 국내여행 전주달봉이 달봉티비 전주여행 코스 전주가볼만한곳 여수여행 여수가볼만한곳 제주도여행 제주도가볼만한곳 여행 전문 인플루언서 전주달봉이입니다 한옥마을은 입장료는 따로없습니다 기본 
전주 여행	136	친구랑 전주여행	https://kin.naver.com/qna/detail.naver?d1id=12&dirId=121305&docId=452584751&qb=7KCE7KO8IOyXrO2WiQ==&enc=utf8	친구랑 첫 전주여행 을 가보려고 합니다 가볼만한곳 호텔 맛집 추천해주세요 호텔은 시설이 괜찮고 깨끗했으면 좋겠어요 한옥이어도 괜찮아요 침대가 있는곳이면 더 좋겠어요 맛집은 양식 중식 일식 상관없습니다 비용도 1인당 	 경주여행 (숙소추천) 친구랑 첫 전주여행 을 가보려고 합니다 가볼만한곳 호텔 맛집 추천해주세요 호텔은 시설이 괜찮고 깨끗했으면 좋겠어요 한옥이어도 괜찮아요 침대가 있는곳이면 더 좋겠어요 맛집은 양식 중식 일식 상관없습니다 비용도 1인당 
전주 여행	137	2박3일 전주 크리스마스 여행	https://kin.naver.com/qna/detail.naver?d1id=9&dirId=90110&docId=459344814&qb=7KCE7KO8IOyXrO2WiQ==&enc=utf8	 전주여행 전주맛집 국내여행 전주달봉이 달봉티비 전주여행 코스 전주가볼만한곳 여수여행 여수가볼만한곳 제주도여행 제주도가볼만한곳 여행 전문 인플루언서 전주달봉이입니다 전주여행 코스는 한옥마을에서부터 시작을 	 경주여행 (숙소추천)  전주여행 전주맛집 국내여행 전주달봉이 달봉티비 전주여행 코스 전주가볼만한곳 여수여행 여수가볼만한곳 제주도여행 제주도가볼만한곳 여행 전문 인플루언서 전주달봉이입니다 전주여행 코스는 한옥마을에서부터 시작을 
전주 여행	138	1박2일 전주여행~.~	https://kin.naver.com/qna/detail.naver?d1id=12&dirId=121305&docId=407203201&qb=7KCE7KO8IOyXrO2WiQ==&enc=utf8	 질문하신 전주 여행 일정 관련 답변 드리도록 하겠습니다 여행가실 때 계획짜기 너무 귀찮죠 제가 전주에서 즐길 수 있는 1박 2일 여행을 준비해 보았어요 아래 일정을 참고해 보시고 즐거운 여행되시길 바라요 1일차 	 경주여행 (숙소추천)  질문하신 전주 여행 일정 관련 답변 드리도록 하겠습니다 여행가실 때 계획짜기 너무 귀찮죠 제가 전주에서 즐길 수 있는 1박 2일 여행을 준비해 보았어요 아래 일정을 참고해 보시고 즐거운 여행되시길 바라요 1일차 
전주 여행	139	초등 6학년 210명 전주 일대 1박2일 수학여행 코스	https://kin.naver.com/qna/detail.naver?d1id=9&dirId=90110&docId=466708706&qb=7KCE7KO8IOyXrO2WiQ==&enc=utf8	 전주 관광에 달인이신 전주달봉이님께서 코스 추천을 해 주시면 대단히 감사드리겠습니다 전주여행 전주맛집 국내여행 전주달봉이 달봉티비 전주여행 코스 전주가볼만한곳 여수여행 여수가볼만한곳 제주도여행 	 경주여행 (숙소추천)  전주 관광에 달인이신 전주달봉이님께서 코스 추천을 해 주시면 대단히 감사드리겠습니다 전주여행 전주맛집 국내여행 전주달봉이 달봉티비 전주여행 코스 전주가볼만한곳 여수여행 여수가볼만한곳 제주도여행 
전주 여행	140	1박2일 전주 혼자 여행 코스	https://kin.naver.com/qna/detail.naver?d1id=9&dirId=90110&docId=432699551&qb=7KCE7KO8IOyXrO2WiQ==&enc=utf8	 질문하신 전주 여행 정보 정리해봤습니다 참고해주세요 전주에서 가볼만한 곳 덕진공원 추천 덕진공원이 전주터미널에서 가장 가까운 곳이에요 산책하기에 좋은 호수공원이에요 덕진공원을 생략하고 곧바로 남부시장과 	 경주여행 (숙소추천)  질문하신 전주 여행 정보 정리해봤습니다 참고해주세요 전주에서 가볼만한 곳 덕진공원 추천 덕진공원이 전주터미널에서 가장 가까운 곳이에요 산책하기에 좋은 호수공원이에요 덕진공원을 생략하고 곧바로 남부시장과 
전주 여행	141	전주여행 갈곳, 전시회 추천	https://kin.naver.com/qna/detail.naver?d1id=9&dirId=90110&docId=438462586&qb=7KCE7KO8IOyXrO2WiQ==&enc=utf8	제가 이번달 말에 남자친구랑 전주여행 을 가는데요 전주한옥마을만 가기엔 그래서 갈만한 곳 공방 전시회같은거 있음 추천부탁드려요 안녕하세요 질문하신 전주여행 관련 답변 드리도록 하겠습니다 전주로 놀러가시나 봅니다 	 경주여행 (숙소추천) 제가 이번달 말에 남자친구랑 전주여행 을 가는데요 전주한옥마을만 가기엔 그래서 갈만한 곳 공방 전시회같은거 있음 추천부탁드려요 안녕하세요 질문하신 전주여행 관련 답변 드리도록 하겠습니다 전주로 놀러가시나 봅니다 
전주 여행	142	전주여행 코스 추천	https://kin.naver.com/qna/detail.naver?d1id=12&dirId=121305&docId=261431923&qb=7KCE7KO8IOyXrO2WiQ==&enc=utf8	안녕하세요 여자친구랑 전주여행 을 갈예정인데 숙소를 전주 더클래식호텔로 잡고 1박2일 일정으로 여행을 가게되었습니다 근데 금요일 오후 5시쯤 전주에 도착예정이고 자가차가 없어 이동수단을 대중교통과 택시로 할예정입니다 	 경주여행 (숙소추천) 안녕하세요 여자친구랑 전주여행 을 갈예정인데 숙소를 전주 더클래식호텔로 잡고 1박2일 일정으로 여행을 가게되었습니다 근데 금요일 오후 5시쯤 전주에 도착예정이고 자가차가 없어 이동수단을 대중교통과 택시로 할예정입니다 
전주 여행	143	전주 여행	https://kin.naver.com/qna/detail.naver?d1id=12&dirId=121305&docId=454611584&qb=7KCE7KO8IOyXrO2WiQ==&enc=utf8	 각각 거리가 가까운지 알고싶어요 추석에 여행예정입니다 그외 갈만한곳 추천해주세요 전주여행 전주맛집 국내여행 전주달봉이 달봉티비 전주여행 코스 전주가볼만한곳 여수여행 여수가볼만한곳 제주도여행 	 경주여행 (숙소추천)  각각 거리가 가까운지 알고싶어요 추석에 여행예정입니다 그외 갈만한곳 추천해주세요 전주여행 전주맛집 국내여행 전주달봉이 달봉티비 전주여행 코스 전주가볼만한곳 여수여행 여수가볼만한곳 제주도여행 
전주 여행	144	전주여행 갈만한곳있을까요?	https://kin.naver.com/qna/detail.naver?d1id=9&dirId=90110&docId=467434913&qb=7KCE7KO8IOyXrO2WiQ==&enc=utf8	 전주여행 전주맛집 국내여행 전주달봉이 달봉티비 전주여행 코스 전주가볼만한곳 여수여행 여수가볼만한곳 제주도여행 제주도가볼만한곳 여행 전문 인플루언서 전주달봉이입니다 전주여행 코스는 한옥마을에서부터 	 경주여행 (숙소추천)  전주여행 전주맛집 국내여행 전주달봉이 달봉티비 전주여행 코스 전주가볼만한곳 여수여행 여수가볼만한곳 제주도여행 제주도가볼만한곳 여행 전문 인플루언서 전주달봉이입니다 전주여행 코스는 한옥마을에서부터 
전주 여행	145	전주 여행코스	https://kin.naver.com/qna/detail.naver?d1id=9&dirId=90110&docId=402381652&qb=7KCE7KO8IOyXrO2WiQ==&enc=utf8	 전주여행 일정에 질문자님께서 봐둔 곳 모두 반양하기에 시간상 무리가 있을 거 같아 꼭 가고 싶은 곳을 넣어 일정을 만들어 보았습니다 1일차 가운데집 점심 전주한지박물관 관광 전주수목원 관광 오목대 관광 교동다윈 	 경주여행 (숙소추천)  전주여행 일정에 질문자님께서 봐둔 곳 모두 반양하기에 시간상 무리가 있을 거 같아 꼭 가고 싶은 곳을 넣어 일정을 만들어 보았습니다 1일차 가운데집 점심 전주한지박물관 관광 전주수목원 관광 오목대 관광 교동다윈 
전주 여행	146	전주여행 추천 부탁 드립니다	https://kin.naver.com/qna/detail.naver?d1id=12&dirId=121305&docId=438620129&qb=7KCE7KO8IOyXrO2WiQ==&enc=utf8	2월 12 13일에 전주 여행 할려구 합니다 1박2일 가볼만한곳이랑 맛집 추천 부탁드립니다 감사합니다 전주맛집 여행 전주달봉이 달봉티비 전주여행 코스 전주가볼만한곳 여행 인플루언서 전주달봉이입니다 전주여행 	 경주여행 (숙소추천) 2월 12 13일에 전주 여행 할려구 합니다 1박2일 가볼만한곳이랑 맛집 추천 부탁드립니다 감사합니다 전주맛집 여행 전주달봉이 달봉티비 전주여행 코스 전주가볼만한곳 여행 인플루언서 전주달봉이입니다 전주여행 
전주 여행	147	강아지와함께 전주여행 가능한곳ㅜ	https://kin.naver.com/qna/detail.naver?d1id=9&dirId=90110&docId=454069765&qb=7KCE7KO8IOyXrO2WiQ==&enc=utf8	 전주여행 갈껀데요 강아지 같이 동반할꺼라서요 혹시 강아지같이 갈수있는곳좀 알려주세요 맛집이랑 관광징 반려동물 1등 여행앱 반려생활입니다 하늘이 맑은 가을에 전주 여행 을 떠나시는군요 강아지랑 함께 더 좋은 추억 	 경주여행 (숙소추천)  전주여행 갈껀데요 강아지 같이 동반할꺼라서요 혹시 강아지같이 갈수있는곳좀 알려주세요 맛집이랑 관광징 반려동물 1등 여행앱 반려생활입니다 하늘이 맑은 가을에 전주 여행 을 떠나시는군요 강아지랑 함께 더 좋은 추억 
전주 여행	148	광주에서 전주 2박3일 여행	https://kin.naver.com/qna/detail.naver?d1id=9&dirId=90110&docId=441966752&qb=7KCE7KO8IOyXrO2WiQ==&enc=utf8	 감사하겠습니다 전주여행 전주맛집 국내여행 전주달봉이 달봉티비 전주여행 코스 전주가볼만한곳 여수여행 여수가볼만한곳 제주도여행 제주도가볼만한곳 여행 전문 인플루언서 전주달봉이입니다 버스터미널에서 내리셔서 	 경주여행 (숙소추천)  감사하겠습니다 전주여행 전주맛집 국내여행 전주달봉이 달봉티비 전주여행 코스 전주가볼만한곳 여수여행 여수가볼만한곳 제주도여행 제주도가볼만한곳 여행 전문 인플루언서 전주달봉이입니다 버스터미널에서 내리셔서 
전주 여행	149	전주여행코스 좀 짜주세요 ~	https://kin.naver.com/qna/detail.naver?d1id=9&dirId=90110&docId=407277228&qb=7KCE7KO8IOyXrO2WiQ==&enc=utf8	 질문하신 전주 여행 일정 관련 답변 드리도록 하겠습니다 친정 어머니와 딸과 다 함께 하는 여행 듣기만 해도 설레네요 아래 세 분께서 모두 즐길 수 있는 여행 일정을 준비해 보았어요 참고해 보시고 여행에 도움 되셨으면 	 경주여행 (숙소추천)  질문하신 전주 여행 일정 관련 답변 드리도록 하겠습니다 친정 어머니와 딸과 다 함께 하는 여행 듣기만 해도 설레네요 아래 세 분께서 모두 즐길 수 있는 여행 일정을 준비해 보았어요 참고해 보시고 여행에 도움 되셨으면 
전주 여행	150	[추천해주세요] 전주 당일치기 여행	https://kin.naver.com/qna/detail.naver?d1id=9&dirId=90110&docId=441175638&qb=7KCE7KO8IOyXrO2WiQ==&enc=utf8	 추천해주세요 전주 당일치기 여행 전주여행 전주맛집 국내여행 전주달봉이 달봉티비 전주여행 코스 전주가볼만한곳 여수여행 여수가볼만한곳 제주도여행 제주도가볼만한곳 여행 전문 인플루언서 전주달봉이입니다 	 경주여행 (숙소추천)  추천해주세요 전주 당일치기 여행 전주여행 전주맛집 국내여행 전주달봉이 달봉티비 전주여행 코스 전주가볼만한곳 여수여행 여수가볼만한곳 제주도여행 제주도가볼만한곳 여행 전문 인플루언서 전주달봉이입니다 
전주 여행	151	전주여행팀조뮤ㅠ	https://kin.naver.com/qna/detail.naver?d1id=6&dirId=60203&docId=465427767&qb=7KCE7KO8IOyXrO2WiQ==&enc=utf8	 전주여행 1박2일가는데가기좋은곳이랑맛집좀알려주세요 안녕하세요 서울지방변호사회 소속으로 지식iN 법률상담을 진행하고 있는 김선용 변호사입니다 알아보는것이 어려우시다면 인스타그램에 전주라고 검색 하셔서 	 경주여행 (숙소추천)  전주여행 1박2일가는데가기좋은곳이랑맛집좀알려주세요 안녕하세요 서울지방변호사회 소속으로 지식iN 법률상담을 진행하고 있는 김선용 변호사입니다 알아보는것이 어려우시다면 인스타그램에 전주라고 검색 하셔서 
전주 여행	152	고등학교친구들과 전주여행 당일치기	https://kin.naver.com/qna/detail.naver?d1id=9&dirId=90110&docId=466553507&qb=7KCE7KO8IOyXrO2WiQ==&enc=utf8	지금 고등학교3학년 친구들과 함께 4월달에 전주여행 을 당일치기로 갈 예정인데 부모님께 뭐라고 말씀드리면 허락을 받을수 있을까요 고등학교 시절 친구들과의 소중한 추억을 만들기 위해 전주 여행 을 다녀오기로 했습니다 전주는 	 경주여행 (숙소추천) 지금 고등학교3학년 친구들과 함께 4월달에 전주여행 을 당일치기로 갈 예정인데 부모님께 뭐라고 말씀드리면 허락을 받을수 있을까요 고등학교 시절 친구들과의 소중한 추억을 만들기 위해 전주 여행 을 다녀오기로 했습니다 전주는 
전주 여행	153	전주로 휴가갈건데 여행코스 추천해주세요	https://kin.naver.com/qna/detail.naver?d1id=8&dirId=8110301&docId=450793606&qb=7KCE7KO8IOyXrO2WiQ==&enc=utf8	 위의 일정은 참고용으로 제시한 것이며 여행 일정에 따라 조정할 수 있습니다 또한 음식점의 웨이팅 시간은 방문 시간과 요일에 따라 달라질 수 있으니 참고해주세요 즐거운 전주 여행 되시길 바랍니다 	 경주여행 (숙소추천)  위의 일정은 참고용으로 제시한 것이며 여행 일정에 따라 조정할 수 있습니다 또한 음식점의 웨이팅 시간은 방문 시간과 요일에 따라 달라질 수 있으니 참고해주세요 즐거운 전주 여행 되시길 바랍니다 
전주 여행	154	여자2명이서2박3일로 전주여행질문	https://kin.naver.com/qna/detail.naver?d1id=9&dirId=901&docId=228331353&qb=7KCE7KO8IOyXrO2WiQ==&enc=utf8	 2박 3일로 전주 를 여행 하신다면 다음과 같은 일정을 추천해드립니다 Day 1 전주 한옥마을 전통 한옥 건물과 전통 문화를 경험할 수 있는 곳입니다 전주 향교 조선시대 교육기관인 향교를 볼 수 있습니다 전주 남부시장 전주 의 	 경주여행 (숙소추천)  2박 3일로 전주 를 여행 하신다면 다음과 같은 일정을 추천해드립니다 Day 1 전주 한옥마을 전통 한옥 건물과 전통 문화를 경험할 수 있는 곳입니다 전주 향교 조선시대 교육기관인 향교를 볼 수 있습니다 전주 남부시장 전주 의 
전주 여행	155	전주 여행코스 짜주세요! 많이 급합니다..!	https://kin.naver.com/qna/detail.naver?d1id=12&dirId=121305&docId=430866279&qb=7KCE7KO8IOyXrO2WiQ==&enc=utf8	안녕하세요 가족 여행 으로 전주 에 놀러가려는데요 당장 이번주 금요일에 가는데 어딜갈지 몰라서 숙소는 라한호텔로 잡았고 한옥마을 쪽을 가고 싶은데 별로 걷지 않으면서 카페투어는 아닌 여행 코스 짜주실 수 있나요 호캉스로 	 경주여행 (숙소추천) 안녕하세요 가족 여행 으로 전주 에 놀러가려는데요 당장 이번주 금요일에 가는데 어딜갈지 몰라서 숙소는 라한호텔로 잡았고 한옥마을 쪽을 가고 싶은데 별로 걷지 않으면서 카페투어는 아닌 여행 코스 짜주실 수 있나요 호캉스로 
전주 여행	156	전주 1박2일 여행	https://kin.naver.com/qna/detail.naver?d1id=9&dirId=90110&docId=444409591&qb=7KCE7KO8IOyXrO2WiQ==&enc=utf8	 대둔산 케이블카 주말에 사람많겠죠 괜찮은 코스 추천해주세요 전주여행 전주맛집 국내여행 전주달봉이 달봉티비 전주여행 코스 전주가볼만한곳 여수여행 여수가볼만한곳 제주도여행 제주도가볼만한곳 여행 전문 	 경주여행 (숙소추천)  대둔산 케이블카 주말에 사람많겠죠 괜찮은 코스 추천해주세요 전주여행 전주맛집 국내여행 전주달봉이 달봉티비 전주여행 코스 전주가볼만한곳 여수여행 여수가볼만한곳 제주도여행 제주도가볼만한곳 여행 전문 
전주 여행	157	전주 여행코스!!!	https://kin.naver.com/qna/detail.naver?d1id=12&dirId=121305&docId=432706708&qb=7KCE7KO8IOyXrO2WiQ==&enc=utf8	 이미 전주여행 을 마치고 복귀하셨을 것 같네요 저희도 지난주에 당일코스로 전주에 다녀왔는데요 주말이라서 그런지 차들도 많고 관광지에는 사람들도 많아서 생각처럼 많이 둘러보지 못해서 아쉽더라고요 최소한 1박2일 	 경주여행 (숙소추천)  이미 전주여행 을 마치고 복귀하셨을 것 같네요 저희도 지난주에 당일코스로 전주에 다녀왔는데요 주말이라서 그런지 차들도 많고 관광지에는 사람들도 많아서 생각처럼 많이 둘러보지 못해서 아쉽더라고요 최소한 1박2일 
전주 여행	158	전주 한옥마을 당일치기 여행 질문	https://kin.naver.com/qna/detail.naver?d1id=9&dirId=90110&docId=439825862&qb=7KCE7KO8IOyXrO2WiQ==&enc=utf8	 전주여수제주도맛집 여행 전주달봉이 달봉티비 전주여행 코스 전주가볼만한곳 여수여행 여수가볼만한곳 제주도여행 제주도가볼만한곳 여행 전문 인플루언서 전주달봉이입니다 1 7000 8000원 2 흐노니 마시랑게 전망 달곰 3 	 경주여행 (숙소추천)  전주여수제주도맛집 여행 전주달봉이 달봉티비 전주여행 코스 전주가볼만한곳 여수여행 여수가볼만한곳 제주도여행 제주도가볼만한곳 여행 전문 인플루언서 전주달봉이입니다 1 7000 8000원 2 흐노니 마시랑게 전망 달곰 3 
전주 여행	159	전주 혼자2박3일여행	https://kin.naver.com/qna/detail.naver?d1id=9&dirId=90110&docId=224588034&qb=7KCE7KO8IOyXrO2WiQ==&enc=utf8	 아무래도 사람이 많으면 맛집같은곳에서 혼자못먹을것같아서 5월 중순은 전주 여행 을 즐기기 좋은 계절입니다 하지만 현재는 코로나19로 인해 여행객이 줄어들고 있으므로 사람이 많지 않을 것으로 예상됩니다 전주는 맛집이 	 경주여행 (숙소추천)  아무래도 사람이 많으면 맛집같은곳에서 혼자못먹을것같아서 5월 중순은 전주 여행 을 즐기기 좋은 계절입니다 하지만 현재는 코로나19로 인해 여행객이 줄어들고 있으므로 사람이 많지 않을 것으로 예상됩니다 전주는 맛집이 
전주 여행	160	전주 여행	https://kin.naver.com/qna/detail.naver?d1id=9&dirId=90110&docId=436440960&qb=7KCE7KO8IOyXrO2WiQ==&enc=utf8	 제가 이번달 16일에 친구 3명하고 전주 로 여행 을 가는데 궁금한 게 많아서요 하나하나 답장해주시면 감사하겟습니다 1 여수에서 전주 KTX 왕복 기차표값이 얼마인가요 2 중2들이 전주 가서 놀 게 뭐가 잇을까요 3 	 경주여행 (숙소추천)  제가 이번달 16일에 친구 3명하고 전주 로 여행 을 가는데 궁금한 게 많아서요 하나하나 답장해주시면 감사하겟습니다 1 여수에서 전주 KTX 왕복 기차표값이 얼마인가요 2 중2들이 전주 가서 놀 게 뭐가 잇을까요 3 
전주 여행	161	전주여행갈껀데 월요일 휴무가 많나요?	https://kin.naver.com/qna/detail.naver?d1id=12&dirId=121305&docId=467372054&qb=7KCE7KO8IOyXrO2WiQ==&enc=utf8	 전주여행 전주맛집 국내여행 전주달봉이 달봉티비 전주여행 코스 전주가볼만한곳 여수여행 여수가볼만한곳 제주도여행 제주도가볼만한곳 여행 전문 인플루언서 전주달봉이입니다 걱정안하셔도되셔요 대부분 오픈합니다 	 경주여행 (숙소추천)  전주여행 전주맛집 국내여행 전주달봉이 달봉티비 전주여행 코스 전주가볼만한곳 여수여행 여수가볼만한곳 제주도여행 제주도가볼만한곳 여행 전문 인플루언서 전주달봉이입니다 걱정안하셔도되셔요 대부분 오픈합니다 
전주 여행	162	내일 전주 당일치기 부모님과 여행을	https://kin.naver.com/qna/detail.naver?d1id=12&dirId=121305&docId=451191859&qb=7KCE7KO8IOyXrO2WiQ==&enc=utf8	 전주여행 전주맛집 국내여행 전주달봉이 달봉티비 전주여행 코스 전주가볼만한곳 여수여행 여수가볼만한곳 제주도여행 제주도가볼만한곳 여행 전문 인플루언서 전주달봉이입니다 바다는 군산 새만금 돌아보시면 	 경주여행 (숙소추천)  전주여행 전주맛집 국내여행 전주달봉이 달봉티비 전주여행 코스 전주가볼만한곳 여수여행 여수가볼만한곳 제주도여행 제주도가볼만한곳 여행 전문 인플루언서 전주달봉이입니다 바다는 군산 새만금 돌아보시면 
전주 여행	163	전주여행 갈만한곳(숙소/한옥마을게스트하우스)	https://kin.naver.com/qna/detail.naver?d1id=9&dirId=90110&docId=230766988&qb=7KCE7KO8IOyXrO2WiQ==&enc=utf8	안녕하세요 가족들과 함께 전주여행 을 가려고 합니다 한옥마을로 유명한 전주여행 을 꼭 한번 해보고 싶어했었는데 이번을 기회로 꼭 다녀와보려구요 전라도 음식이 맛있다고 전주에 가면 전라도의 대표음식도 먹어볼뿐만 아니라 맛집도 	 경주여행 (숙소추천) 안녕하세요 가족들과 함께 전주여행 을 가려고 합니다 한옥마을로 유명한 전주여행 을 꼭 한번 해보고 싶어했었는데 이번을 기회로 꼭 다녀와보려구요 전라도 음식이 맛있다고 전주에 가면 전라도의 대표음식도 먹어볼뿐만 아니라 맛집도 
전주 여행	164	전주 여행 코스 추천 좀	https://kin.naver.com/qna/detail.naver?d1id=9&dirId=90110&docId=430018803&qb=7KCE7KO8IOyXrO2WiQ==&enc=utf8	 전주 여행 코스 추천 좀 전주여수맛집 전주여행 여수여행 전주달봉이 달봉티비 전주여행 코스 전주가볼만한곳 여수여행 여수가볼만한곳 여행 인플루언서 전주달봉이입니다 전주여행 코스는 대부분 한옥마을에서 시작을 합니다 	 경주여행 (숙소추천)  전주 여행 코스 추천 좀 전주여수맛집 전주여행 여수여행 전주달봉이 달봉티비 전주여행 코스 전주가볼만한곳 여수여행 여수가볼만한곳 여행 인플루언서 전주달봉이입니다 전주여행 코스는 대부분 한옥마을에서 시작을 합니다 
전주 여행	165	전주여행 볼거리	https://kin.naver.com/qna/detail.naver?d1id=9&dirId=90110&docId=429817174&qb=7KCE7KO8IOyXrO2WiQ==&enc=utf8	이번주 전주여행 가는데 볼거리 맛집 등 알려주세요 전주에서 가볼만한 곳들 추천해드리겠습니다 전주한옥마을 전주동물원 한국도로공사수목원 덕진공원 전주난장 	 경주여행 (숙소추천) 이번주 전주여행 가는데 볼거리 맛집 등 알려주세요 전주에서 가볼만한 곳들 추천해드리겠습니다 전주한옥마을 전주동물원 한국도로공사수목원 덕진공원 전주난장 
전주 여행	166	전주에 여행가는데 오션뷰 카페 추천해주세요.	https://kin.naver.com/qna/detail.naver?d1id=12&dirId=121305&docId=468083904&qb=7KCE7KO8IOyXrO2WiQ==&enc=utf8	 전주여행 전주맛집 국내여행 전주달봉이 달봉티비 전주여행 코스 전주가볼만한곳 여수여행 여수가볼만한곳 제주도여행 제주도가볼만한곳 여행 전문 인플루언서 전주달봉이입니다 아쉽게도 전주이는 바다가없어서 	 경주여행 (숙소추천)  전주여행 전주맛집 국내여행 전주달봉이 달봉티비 전주여행 코스 전주가볼만한곳 여수여행 여수가볼만한곳 제주도여행 제주도가볼만한곳 여행 전문 인플루언서 전주달봉이입니다 아쉽게도 전주이는 바다가없어서 
전주 여행	167	전주 가족 여행 코스 문의 드려요!	https://kin.naver.com/qna/detail.naver?d1id=9&dirId=90110&docId=482953663&qb=7KCE7KO8IOyXrO2WiQ==&enc=utf8	 전주여행 전주맛집 국내여행 전주달봉이 달봉티비 전주여행 코스 전주가볼만한곳 여수여행 여수가볼만한곳 제주도여행 제주도가볼만한곳 여행 전문 인플루언서 전주달봉이입니다 전주여행 코스는 한옥마을에서부터 	 경주여행 (숙소추천)  전주여행 전주맛집 국내여행 전주달봉이 달봉티비 전주여행 코스 전주가볼만한곳 여수여행 여수가볼만한곳 제주도여행 제주도가볼만한곳 여행 전문 인플루언서 전주달봉이입니다 전주여행 코스는 한옥마을에서부터 
전주 여행	168	전주 여행 코스 및 일정 추천 부탁드려요(토요일 하루)	https://kin.naver.com/qna/detail.naver?d1id=9&dirId=90110&docId=443982849&qb=7KCE7KO8IOyXrO2WiQ==&enc=utf8	 일정이 괜찮은지 수정이 필요한 부분이 있는지 인근 맛집 등은 또 있는지 등등 의견 부탁 드립니다 전주여행 전주맛집 국내여행 전주달봉이 달봉티비 전주여행 코스 전주가볼만한곳 여수여행 여수가볼만한곳 제주도여행 	 경주여행 (숙소추천)  일정이 괜찮은지 수정이 필요한 부분이 있는지 인근 맛집 등은 또 있는지 등등 의견 부탁 드립니다 전주여행 전주맛집 국내여행 전주달봉이 달봉티비 전주여행 코스 전주가볼만한곳 여수여행 여수가볼만한곳 제주도여행 
전주 여행	169	전주 여행가려는데..	https://kin.naver.com/qna/detail.naver?d1id=9&dirId=90110&docId=432785295&qb=7KCE7KO8IOyXrO2WiQ==&enc=utf8	 전주 한옥마을 근처에서 숙박하며 여행 한다면 어디어디 가고 어떤 맛집이 좋은지 버스나 택시타고 조금만 나가도 되는 가볼만한 곳이 어딘지 등등 추천해주세요 2 그외에 다른곳 어디 	 경주여행 (숙소추천)  전주 한옥마을 근처에서 숙박하며 여행 한다면 어디어디 가고 어떤 맛집이 좋은지 버스나 택시타고 조금만 나가도 되는 가볼만한 곳이 어딘지 등등 추천해주세요 2 그외에 다른곳 어디 
전주 여행	170	전주 여행 코스	https://kin.naver.com/qna/detail.naver?d1id=12&dirId=121305&docId=452031214&qb=7KCE7KO8IOyXrO2WiQ==&enc=utf8	아침으로 전주 현대옥 본점 가서 먹고 점심으로는 전주 비빔소리를 가려고 하는데 현대옥과 비빔소리 중간에 어디 구경할 곳이나 갈만한 곳 없을까요 전주여행 전주맛집 국내여행 전주달봉이 달봉티비 전주여행 코스 	 경주여행 (숙소추천) 아침으로 전주 현대옥 본점 가서 먹고 점심으로는 전주 비빔소리를 가려고 하는데 현대옥과 비빔소리 중간에 어디 구경할 곳이나 갈만한 곳 없을까요 전주여행 전주맛집 국내여행 전주달봉이 달봉티비 전주여행 코스 
전주 여행	171	전주 한옥마을 여행준비중입니다	https://kin.naver.com/qna/detail.naver?d1id=9&dirId=90110&docId=475632922&qb=7KCE7KO8IOyXrO2WiQ==&enc=utf8	 대여는 천차만별입니다 기본 금액은 10000원 부터시작합니다 시간과 한복에따라서 가격이다릅니다 전주여행 전주맛집 국내여행 전주달봉이 달봉티비 전주여행 코스 전주가볼만한곳 여수여행 여수가볼만한곳 제주도여행 	 경주여행 (숙소추천)  대여는 천차만별입니다 기본 금액은 10000원 부터시작합니다 시간과 한복에따라서 가격이다릅니다 전주여행 전주맛집 국내여행 전주달봉이 달봉티비 전주여행 코스 전주가볼만한곳 여수여행 여수가볼만한곳 제주도여행 
전주 여행	172	전라도 전주여행	https://kin.naver.com/qna/detail.naver?d1id=9&dirId=90110&docId=428170195&qb=7KCE7KO8IOyXrO2WiQ==&enc=utf8	 전주 에 여행 을 가려고하는데 한번도안가봐서요 1박2일이나 2박3일 있을예정인데 가볼만한곳 추천받아용 체험도좋구용 전주 에서 가볼만한 곳들 추천해드리겠습니다 전주 한옥마을 	 경주여행 (숙소추천)  전주 에 여행 을 가려고하는데 한번도안가봐서요 1박2일이나 2박3일 있을예정인데 가볼만한곳 추천받아용 체험도좋구용 전주 에서 가볼만한 곳들 추천해드리겠습니다 전주 한옥마을 
전주 여행	173	전주 여행	https://kin.naver.com/qna/detail.naver?d1id=9&dirId=90104&docId=402165747&qb=7KCE7KO8IOyXrO2WiQ==&enc=utf8	 참고로 저희는 뚜벅이 입니댜 전주 여행 을 계획중이시군요 그럼 전주에서 가볼만한곳들 추천해드리겠습니다 한국도로공사수목원 전주동물원 자만마을 벽화갤러리 국립전주박물관 	 경주여행 (숙소추천)  참고로 저희는 뚜벅이 입니댜 전주 여행 을 계획중이시군요 그럼 전주에서 가볼만한곳들 추천해드리겠습니다 한국도로공사수목원 전주동물원 자만마을 벽화갤러리 국립전주박물관 
전주 여행	174	전주 여행 코스 추천	https://kin.naver.com/qna/detail.naver?d1id=9&dirId=90110&docId=430028571&qb=7KCE7KO8IOyXrO2WiQ==&enc=utf8	 전주 여행 코스 추천 안녕하세요 전주맛집 전주블로그 전주달봉이입니다 대부분 1박2일 코스로들 전주를 놀러오십니다 한옥마을 경기전 남부시장야시장 벽화마을 전동성당 향교 오목대 이렇게들 많이들 둘러보시고요 더 추가로 	 경주여행 (숙소추천)  전주 여행 코스 추천 안녕하세요 전주맛집 전주블로그 전주달봉이입니다 대부분 1박2일 코스로들 전주를 놀러오십니다 한옥마을 경기전 남부시장야시장 벽화마을 전동성당 향교 오목대 이렇게들 많이들 둘러보시고요 더 추가로 
전주 여행	175	전주 여행 코스 동선 좀 짜주세요	https://kin.naver.com/qna/detail.naver?d1id=12&dirId=121305&docId=458306197&qb=7KCE7KO8IOyXrO2WiQ==&enc=utf8	 숙소는 완산구 서신동입니다 전주여행 전주맛집 국내여행 전주달봉이 달봉티비 전주여행 코스 전주가볼만한곳 여수여행 여수가볼만한곳 제주도여행 제주도가볼만한곳 여행 전문 인플루언서 전주달봉이입니다 1 한옥마을 	 경주여행 (숙소추천)  숙소는 완산구 서신동입니다 전주여행 전주맛집 국내여행 전주달봉이 달봉티비 전주여행 코스 전주가볼만한곳 여수여행 여수가볼만한곳 제주도여행 제주도가볼만한곳 여행 전문 인플루언서 전주달봉이입니다 1 한옥마을 
전주 여행	176	전주여행!	https://kin.naver.com/qna/detail.naver?d1id=12&dirId=121305&docId=459792395&qb=7KCE7KO8IOyXrO2WiQ==&enc=utf8	크리스마스에 단둘이서 당일치기로 전주여행 하기로했습니다 고등학생인데요 어느정도 들고가는게맞고 전주는 할게 뭐뭐 있을까요 제대로 답변해주세요 대학로와 투어공연하는 연극 추천해 드릴께요 	 경주여행 (숙소추천) 크리스마스에 단둘이서 당일치기로 전주여행 하기로했습니다 고등학생인데요 어느정도 들고가는게맞고 전주는 할게 뭐뭐 있을까요 제대로 답변해주세요 대학로와 투어공연하는 연극 추천해 드릴께요 
전주 여행	177	제가 전주여행을 갔는데여	https://kin.naver.com/qna/detail.naver?d1id=8&dirId=80101&docId=457532341&qb=7KCE7KO8IOyXrO2WiQ==&enc=utf8	제가 왜그런진 모르겠지만 그냥 전라도 사투리 듣기 싫더라구요 억양이 쎄서그런감 좀 듣기가 거북했는데 전주여행 갔었는데 무슨일인진모르겠지만 사람들 전라도 사투리 1도 안쓰던데요 쫌 의외였어요 전라북도 전주시 아닌가요 	 경주여행 (숙소추천) 제가 왜그런진 모르겠지만 그냥 전라도 사투리 듣기 싫더라구요 억양이 쎄서그런감 좀 듣기가 거북했는데 전주여행 갔었는데 무슨일인진모르겠지만 사람들 전라도 사투리 1도 안쓰던데요 쫌 의외였어요 전라북도 전주시 아닌가요 
전주 여행	178	전주 1박2일 여행코스 추천 및 조언해주세요	https://kin.naver.com/qna/detail.naver?d1id=12&dirId=121305&docId=467438359&qb=7KCE7KO8IOyXrO2WiQ==&enc=utf8	가고싶은곳 전주한옥마을 경기전 전주난장 전주국립박물관 전주동물원 이동수단 자동차 전주여행 전주맛집 국내여행 전주달봉이 달봉티비 전주여행 코스 전주가볼만한곳 여수여행 여수가볼만한곳 제주도여행 	 경주여행 (숙소추천) 가고싶은곳 전주한옥마을 경기전 전주난장 전주국립박물관 전주동물원 이동수단 자동차 전주여행 전주맛집 국내여행 전주달봉이 달봉티비 전주여행 코스 전주가볼만한곳 여수여행 여수가볼만한곳 제주도여행 
전주 여행	179	뚜벅이 여행으로 전주 가려는데 한옥마을 근처 짐... 	https://kin.naver.com/qna/detail.naver?d1id=9&dirId=90110&docId=428889568&qb=7KCE7KO8IOyXrO2WiQ==&enc=utf8	 이용하시면 원하는 장소에서 장소로 짐 운송이 가능합니다 가격도 저렴하고 앱을 통해 실시간으로 주문 및 현황 확인까지 가능해 여행 중 편리하게 이용이 가능하니 전주 뚜벅이여행 시 참고해보세요 즐거운 전주여행 되시길 바랄게요	 경주여행 (숙소추천)  이용하시면 원하는 장소에서 장소로 짐 운송이 가능합니다 가격도 저렴하고 앱을 통해 실시간으로 주문 및 현황 확인까지 가능해 여행 중 편리하게 이용이 가능하니 전주 뚜벅이여행 시 참고해보세요 즐거운 전주여행 되시길 바랄게요
전주 여행	180	전주 여행 일정	https://kin.naver.com/qna/detail.naver?d1id=9&dirId=90104&docId=394529795&qb=7KCE7KO8IOyXrO2WiQ==&enc=utf8	이번에 전주 로 여행 을 가는데 소요시간을 알고싶어요 한옥마을 초코파이 체험장 수목원 드림랜드 순으로 가는데 이동시간이 얼마나 걸릴까요 자세하게 부탁드릴게요 우선 전주 한옥마을내에 초코파이체험장이 있으니까요 이걸 	 경주여행 (숙소추천) 이번에 전주 로 여행 을 가는데 소요시간을 알고싶어요 한옥마을 초코파이 체험장 수목원 드림랜드 순으로 가는데 이동시간이 얼마나 걸릴까요 자세하게 부탁드릴게요 우선 전주 한옥마을내에 초코파이체험장이 있으니까요 이걸 
전주 여행	181	이번에 태교여행으로 2박3일 놀러가려고 하는데 강아지... 	https://kin.naver.com/qna/detail.naver?d1id=9&dirId=90110&docId=440802188&qb=7KCE7KO8IOyXrO2WiQ==&enc=utf8	 전주여행 전주맛집 국내여행 전주달봉이 달봉티비 전주여행 코스 전주가볼만한곳 여수여행 여수가볼만한곳 제주도여행 제주도가볼만한곳 여행 전문 인플루언서 전주달봉이입니다 전주여행 숙소잡기가 힘드시다면 바닷가가 	 경주여행 (숙소추천)  전주여행 전주맛집 국내여행 전주달봉이 달봉티비 전주여행 코스 전주가볼만한곳 여수여행 여수가볼만한곳 제주도여행 제주도가볼만한곳 여행 전문 인플루언서 전주달봉이입니다 전주여행 숙소잡기가 힘드시다면 바닷가가 
전주 여행	182	전주여행 추천해주세요	https://kin.naver.com/qna/detail.naver?d1id=9&dirId=90110&docId=272473514&qb=7KCE7KO8IOyXrO2WiQ==&enc=utf8	 전주여행 추천해주세요 전주식 가맥문화의 전일슈퍼 등의 전주만의 술 문화 외에도 에피큐어 평점 AA를 받은 전주식 한정식의 최고봉 수구정 전라회관 궁 전주비빔밥의 최고봉 고궁 성미당 토종 명품닭을 사용한 닭요리의 	 경주여행 (숙소추천)  전주여행 추천해주세요 전주식 가맥문화의 전일슈퍼 등의 전주만의 술 문화 외에도 에피큐어 평점 AA를 받은 전주식 한정식의 최고봉 수구정 전라회관 궁 전주비빔밥의 최고봉 고궁 성미당 토종 명품닭을 사용한 닭요리의 
전주 여행	183	1박2일 전주 혼자 여행 코스	https://kin.naver.com/qna/detail.naver?d1id=9&dirId=901&docId=224123446&qb=7KCE7KO8IOyXrO2WiQ==&enc=utf8	 질문하신 전주 여행 정보 정리해봤습니다 참고해주세요 전주에서 가볼만한 곳 덕진공원 추천 덕진공원이 전주터미널에서 가장 가까운 곳이에요 산책하기에 좋은 호수공원이에요 덕진공원을 생략하고 곧바로 남부시장과 	 경주여행 (숙소추천)  질문하신 전주 여행 정보 정리해봤습니다 참고해주세요 전주에서 가볼만한 곳 덕진공원 추천 덕진공원이 전주터미널에서 가장 가까운 곳이에요 산책하기에 좋은 호수공원이에요 덕진공원을 생략하고 곧바로 남부시장과 
전주 여행	184	전주 여행 갈려고 하는데	https://kin.naver.com/qna/detail.naver?d1id=9&dirId=90110&docId=485524293&qb=7KCE7KO8IOyXrO2WiQ==&enc=utf8	 전주여행 전주맛집 국내여행 전주달봉이 달봉티비 전주여행 코스 전주가볼만한곳 여수여행 여수가볼만한곳 제주도여행 제주도가볼만한곳 여행 전문 인플루언서 전주달봉이입니다 전주여행 코스는 한옥마을에서부터 시작을 	 경주여행 (숙소추천)  전주여행 전주맛집 국내여행 전주달봉이 달봉티비 전주여행 코스 전주가볼만한곳 여수여행 여수가볼만한곳 제주도여행 제주도가볼만한곳 여행 전문 인플루언서 전주달봉이입니다 전주여행 코스는 한옥마을에서부터 시작을 
전주 여행	185	2박3일 전주여행	https://kin.naver.com/qna/detail.naver?d1id=9&dirId=90110&docId=472470179&qb=7KCE7KO8IOyXrO2WiQ==&enc=utf8	부모님과 전주여행 가려고하는데 정보가 하나도 없어서요 숙소는 어디가좋은지 관광지는 어디가있는지 추천부탁드려요 전주여행 전주맛집 국내여행 전주달봉이 달봉티비 전주여행 코스 전주가볼만한곳 여수여행 	 경주여행 (숙소추천) 부모님과 전주여행 가려고하는데 정보가 하나도 없어서요 숙소는 어디가좋은지 관광지는 어디가있는지 추천부탁드려요 전주여행 전주맛집 국내여행 전주달봉이 달봉티비 전주여행 코스 전주가볼만한곳 여수여행 
전주 여행	186	전주 여행코스!!!	https://kin.naver.com/qna/detail.naver?d1id=9&dirId=90110&docId=223302720&qb=7KCE7KO8IOyXrO2WiQ==&enc=utf8	 이미 전주여행 을 마치고 복귀하셨을 것 같네요 저희도 지난주에 당일코스로 전주에 다녀왔는데요 주말이라서 그런지 차들도 많고 관광지에는 사람들도 많아서 생각처럼 많이 둘러보지 못해서 아쉽더라고요 최소한 1박2일 	 경주여행 (숙소추천)  이미 전주여행 을 마치고 복귀하셨을 것 같네요 저희도 지난주에 당일코스로 전주에 다녀왔는데요 주말이라서 그런지 차들도 많고 관광지에는 사람들도 많아서 생각처럼 많이 둘러보지 못해서 아쉽더라고요 최소한 1박2일 
전주 여행	187	전주 당일치기 여행을 가려고 하는데 질문이 있습니다	https://kin.naver.com/qna/detail.naver?d1id=9&dirId=90110&docId=474638285&qb=7KCE7KO8IOyXrO2WiQ==&enc=utf8	 전주여행 전주맛집 국내여행 전주달봉이 달봉티비 전주여행 코스 전주가볼만한곳 여수여행 여수가볼만한곳 제주도여행 제주도가볼만한곳 여행 전문 인플루언서 전주달봉이입니다 기지제 산책 저녁에도 많이들 하셔서 	 경주여행 (숙소추천)  전주여행 전주맛집 국내여행 전주달봉이 달봉티비 전주여행 코스 전주가볼만한곳 여수여행 여수가볼만한곳 제주도여행 제주도가볼만한곳 여행 전문 인플루언서 전주달봉이입니다 기지제 산책 저녁에도 많이들 하셔서 
전주 여행	188	전주 1박2일 여행가는데 코스추천부탁드려요~^^	https://kin.naver.com/qna/detail.naver?d1id=9&dirId=90110&docId=420277757&qb=7KCE7KO8IOyXrO2WiQ==&enc=utf8	남자친구와 생일여행으로 전주여행 을가는데 전주는 처음이라 좋은 코스있으면 추천좀 부탁드립니다 숙소는 전주 한옥마을 도보 10거리에 잡았고 자차 있어서 이동은 문제없습니다 맛집도 추천 부탁드려요 안녕하세요 AI 	 경주여행 (숙소추천) 남자친구와 생일여행으로 전주여행 을가는데 전주는 처음이라 좋은 코스있으면 추천좀 부탁드립니다 숙소는 전주 한옥마을 도보 10거리에 잡았고 자차 있어서 이동은 문제없습니다 맛집도 추천 부탁드려요 안녕하세요 AI 
전주 여행	189	전주 한옥마을에 남자 혼자 여행을 갈 예정입니다.	https://kin.naver.com/qna/detail.naver?d1id=9&dirId=90110&docId=441064844&qb=7KCE7KO8IOyXrO2WiQ==&enc=utf8	 욕조는 저도 굉장히 무리한 질문인것 같지만 혹시나해서 전주여행 전주맛집 국내여행 전주달봉이 달봉티비 전주여행 코스 전주가볼만한곳 여수여행 여수가볼만한곳 제주도여행 제주도가볼만한곳 여행 전문 인플루언서 	 경주여행 (숙소추천)  욕조는 저도 굉장히 무리한 질문인것 같지만 혹시나해서 전주여행 전주맛집 국내여행 전주달봉이 달봉티비 전주여행 코스 전주가볼만한곳 여수여행 여수가볼만한곳 제주도여행 제주도가볼만한곳 여행 전문 인플루언서 
전주 여행	190	전주 여행가는데 렌트를 하는게 좋을까	https://kin.naver.com/qna/detail.naver?d1id=9&dirId=90110&docId=431515138&qb=7KCE7KO8IOyXrO2WiQ==&enc=utf8	 전주 여행 가는데 렌트를 하는게 좋을까요 안녕하세요 천만 반려인과 함께하는 애견 동반 여행 플랫폼 하트독 입니다 전주는 작은 도시라서 택시로 이동을해도 크게 불편함이 없습니다 답변이 도움이 되셨다면 채택도 부탁드립니다 	 경주여행 (숙소추천)  전주 여행 가는데 렌트를 하는게 좋을까요 안녕하세요 천만 반려인과 함께하는 애견 동반 여행 플랫폼 하트독 입니다 전주는 작은 도시라서 택시로 이동을해도 크게 불편함이 없습니다 답변이 도움이 되셨다면 채택도 부탁드립니다 
전주 여행	191	전주 여행코스 질문드려요	https://kin.naver.com/qna/detail.naver?d1id=12&dirId=121305&docId=149726141&qb=7KCE7KO8IOyXrO2WiQ==&enc=utf8	 이상은 제가 전주여행 문의하는 분들께 통상 안내해 드리는 정보입니다 질문하신 분께 간단히 요약해 드리면 먼저 위 사이트 들어가셔서 방 예약하시고 오전에 	 경주여행 (숙소추천)  이상은 제가 전주여행 문의하는 분들께 통상 안내해 드리는 정보입니다 질문하신 분께 간단히 요약해 드리면 먼저 위 사이트 들어가셔서 방 예약하시고 오전에 
전주 여행	192	전주 여행 및 코스 질문 내공있어요~100	https://kin.naver.com/qna/detail.naver?d1id=12&dirId=121305&docId=279859546&qb=7KCE7KO8IOyXrO2WiQ==&enc=utf8	부산에서 전주여행 을 가려고 합니다 자차 여행이 아닌 버스위주로 가려고 합니다 그리고 전주만 가는것이아니라 전주갔다가 전주에서 가깝거나 버스로 1 2시간 정도 갈수있는 다른 지역도 여행 가고 싶은데 여행 많이 다니시는분들 	 경주여행 (숙소추천) 부산에서 전주여행 을 가려고 합니다 자차 여행이 아닌 버스위주로 가려고 합니다 그리고 전주만 가는것이아니라 전주갔다가 전주에서 가깝거나 버스로 1 2시간 정도 갈수있는 다른 지역도 여행 가고 싶은데 여행 많이 다니시는분들 
전주 여행	193	전주 여행코스 추천좀요	https://kin.naver.com/qna/detail.naver?d1id=9&dirId=90110&docId=414983842&qb=7KCE7KO8IOyXrO2WiQ==&enc=utf8	 전주 여행 코스 추천하세염 전주동물원 걍기전 전주한옥마을 덕진연못으로 가보세요	 경주여행 (숙소추천)  전주 여행 코스 추천하세염 전주동물원 걍기전 전주한옥마을 덕진연못으로 가보세요
전주 여행	194	전주여행 코스 좀 알려주세요	https://kin.naver.com/qna/detail.naver?d1id=9&dirId=90110&docId=387443906&qb=7KCE7KO8IOyXrO2WiQ==&enc=utf8	안녕하세요 전주 로 당일치기 여행 할껀데 코스 좀 짜주세요 전주 동물원 전주 한옥마을 전주 수목원 팔복예술공장 전주 드림랜드 당일치기로 갈껀데 코스좀알려주세요 자가용으로 이동하신다면 아래와 같은 코스가 시간을 아낄 수 	 경주여행 (숙소추천) 안녕하세요 전주 로 당일치기 여행 할껀데 코스 좀 짜주세요 전주 동물원 전주 한옥마을 전주 수목원 팔복예술공장 전주 드림랜드 당일치기로 갈껀데 코스좀알려주세요 자가용으로 이동하신다면 아래와 같은 코스가 시간을 아낄 수 
전주 여행	195	1박2일 전주 여행코스	https://kin.naver.com/qna/detail.naver?d1id=12&dirId=121305&docId=419637302&qb=7KCE7KO8IOyXrO2WiQ==&enc=utf8	 질문하신 전주 여행 코스 관련 답변드리겠습니다 가족 분들과 함께하는 전주 여행 을 계획 중이시군요 전주의 추천 명소와 맛집들을 포함해서 여다에서 맞춤형 1박 2일 전주 여행 코스를 준비했어요 아래 첨부된 일정을 	 경주여행 (숙소추천)  질문하신 전주 여행 코스 관련 답변드리겠습니다 가족 분들과 함께하는 전주 여행 을 계획 중이시군요 전주의 추천 명소와 맛집들을 포함해서 여다에서 맞춤형 1박 2일 전주 여행 코스를 준비했어요 아래 첨부된 일정을 
전주 여행	196	당일치기 전주여행코스	https://kin.naver.com/qna/detail.naver?d1id=9&dirId=90110&docId=276243421&qb=7KCE7KO8IOyXrO2WiQ==&enc=utf8	 처음으로 전주여행 을 가는거라서 아는 것이 많이 없어요 일단 전주 한옥마을에서 한복을 빌려서 한옥마을 전동성당이랑 경기전 그리고 자만벽화마을 까지 가기로 정했는데 또 다른 놀러갈 곳을 찾진 못했어요 전주에 한옥마을과 	 경주여행 (숙소추천)  처음으로 전주여행 을 가는거라서 아는 것이 많이 없어요 일단 전주 한옥마을에서 한복을 빌려서 한옥마을 전동성당이랑 경기전 그리고 자만벽화마을 까지 가기로 정했는데 또 다른 놀러갈 곳을 찾진 못했어요 전주에 한옥마을과 
전주 여행	197	초등 아이랑 전주여행 코스, 맛집 추천 부탁합니다	https://kin.naver.com/qna/detail.naver?d1id=12&dirId=121305&docId=436324017&qb=7KCE7KO8IOyXrO2WiQ==&enc=utf8	 아이와 전주 여행 을 계획하고 계시군요 전주에서 아이와 함께 가볼만한 곳 몇군데를 추천드려보도록 하겠습니다 1 전주 한옥마을 이미 계획에 넣어두신 장소인 전주 한옥마을이예요 한복도 입고 한옥마을을 거닐며 사진도 	 경주여행 (숙소추천)  아이와 전주 여행 을 계획하고 계시군요 전주에서 아이와 함께 가볼만한 곳 몇군데를 추천드려보도록 하겠습니다 1 전주 한옥마을 이미 계획에 넣어두신 장소인 전주 한옥마을이예요 한복도 입고 한옥마을을 거닐며 사진도 
전주 여행	198	(급합니다ㅠㅠ) 전주 여행코스	https://kin.naver.com/qna/detail.naver?d1id=12&dirId=121305&docId=230653752&qb=7KCE7KO8IOyXrO2WiQ==&enc=utf8	 전주여행 코스 추천드립니다 안녕하세요 여행전문블로거 쭈니아빠입니다 방학을 맞아서 친구분들과 전주여행 을 준비하고 계시네요 전주는 한옥마을을 중심으로 가볼만한 곳이 많죠 터미널에서 버스를 타고 한옥마을에 	 경주여행 (숙소추천)  전주여행 코스 추천드립니다 안녕하세요 여행전문블로거 쭈니아빠입니다 방학을 맞아서 친구분들과 전주여행 을 준비하고 계시네요 전주는 한옥마을을 중심으로 가볼만한 곳이 많죠 터미널에서 버스를 타고 한옥마을에 
전주 여행	199	전주여행 순서좀 알려주세요~	https://kin.naver.com/qna/detail.naver?d1id=12&dirId=121305&docId=223850942&qb=7KCE7KO8IOyXrO2WiQ==&enc=utf8	 전주여행 을 하려고 하는데요 덕진공원 전주동물원 한옥마을 남부시장을 가려고 합니다 전주시외버스공용터미널에서 가까운 순서가 어떻게 될까요 그리고 근처에 가까운 바닷가는 어디 인가요 또 이 외에 구경할 좋은 곳도 	 경주여행 (숙소추천)  전주여행 을 하려고 하는데요 덕진공원 전주동물원 한옥마을 남부시장을 가려고 합니다 전주시외버스공용터미널에서 가까운 순서가 어떻게 될까요 그리고 근처에 가까운 바닷가는 어디 인가요 또 이 외에 구경할 좋은 곳도 
전주 여행	200	전주 여행 비용	https://kin.naver.com/qna/detail.naver?d1id=9&dirId=90110&docId=389274491&qb=7KCE7KO8IOyXrO2WiQ==&enc=utf8	안녕하세요 전주 로 여행 가려는 학생입니다 수원살고 있고요 2박3일 3박으로 3 4명이서 가려하는데 비용이 어느정도 나올까요 수원에서 전주 까지는 자가용으로도 2시간 정도 걸리는 코스인데요 대중교통으로 간다라면 조금 더 	 경주여행 (숙소추천) 안녕하세요 전주 로 여행 가려는 학생입니다 수원살고 있고요 2박3일 3박으로 3 4명이서 가려하는데 비용이 어느정도 나올까요 수원에서 전주 까지는 자가용으로도 2시간 정도 걸리는 코스인데요 대중교통으로 간다라면 조금 더 
전주 여행	201	전주 1박 2일 여행 관련 질문~	https://kin.naver.com/qna/detail.naver?d1id=9&dirId=90110&docId=483471047&qb=7KCE7KO8IOyXrO2WiQ==&enc=utf8	 전주 여행 을 계획하고 계시다니 정말 좋은 선택을 하셨네요 전주는 한옥마을과 함께 멋진 자연경관 맛있는 음식이 가득한 동네이니 정말 즐거운 시간을 보낼 수 있을 거예요 우선 한옥마을 근처에서 가볼 수 있는 장소로는 	 경주여행 (숙소추천)  전주 여행 을 계획하고 계시다니 정말 좋은 선택을 하셨네요 전주는 한옥마을과 함께 멋진 자연경관 맛있는 음식이 가득한 동네이니 정말 즐거운 시간을 보낼 수 있을 거예요 우선 한옥마을 근처에서 가볼 수 있는 장소로는 
전주 여행	202	중2 여학생 친구와 전주여행	https://kin.naver.com/qna/detail.naver?d1id=9&dirId=90110&docId=480969931&qb=7KCE7KO8IOyXrO2WiQ==&enc=utf8	안녕하세요 중 2 15살 여학생입니다 친한친구와 둘이서 전주 여행 을 가기로 했는데 어디로 가야할지를 몰라서 너무 막막합니다 저희 둘다 일본 애니를 너무 좋아하는데전주에 오타쿠들이 갈만할 곳 있을까요 제발 알려주세요 	 경주여행 (숙소추천) 안녕하세요 중 2 15살 여학생입니다 친한친구와 둘이서 전주 여행 을 가기로 했는데 어디로 가야할지를 몰라서 너무 막막합니다 저희 둘다 일본 애니를 너무 좋아하는데전주에 오타쿠들이 갈만할 곳 있을까요 제발 알려주세요 
전주 여행	203	부모닝 모시고 전주여행	https://kin.naver.com/qna/detail.naver?d1id=9&dirId=90110&docId=480179536&qb=7KCE7KO8IOyXrO2WiQ==&enc=utf8	부모님 모시고 전주여행 가려는데 명소 식당 추천부탁드립니다 전주는 한옥마을로 유명한 완산구가 있으며 덕진구 또한 멋진 추억을 가진 장소가 많이 	 경주여행 (숙소추천) 부모님 모시고 전주여행 가려는데 명소 식당 추천부탁드립니다 전주는 한옥마을로 유명한 완산구가 있으며 덕진구 또한 멋진 추억을 가진 장소가 많이 
전주 여행	204	2박3일 전주여행	https://kin.naver.com/qna/detail.naver?d1id=9&dirId=90110&docId=475523884&qb=7KCE7KO8IOyXrO2WiQ==&enc=utf8	이번주 토 월 2박3일 여자친구와 전주여행 을 가는데 여행경로 좀 알려주세요 토요일엔 비가 온다고 하는데 실내데이트 가능한곳도 알려주시면 감사하겠습니다 숙소는 전주한옥마을 근처에 잡았습니다 토 한옥마을 구경 후 	 경주여행 (숙소추천) 이번주 토 월 2박3일 여자친구와 전주여행 을 가는데 여행경로 좀 알려주세요 토요일엔 비가 온다고 하는데 실내데이트 가능한곳도 알려주시면 감사하겠습니다 숙소는 전주한옥마을 근처에 잡았습니다 토 한옥마을 구경 후 
전주 여행	205	전주 1박2일 여행	https://kin.naver.com/qna/detail.naver?d1id=12&dirId=121305&docId=483476433&qb=7KCE7KO8IOyXrO2WiQ==&enc=utf8	 저녁엔 전주천 산책길 따라 걷거나 한옥마을 근처에서 야경 즐기시는 것도 너무 좋답니다 혹시 일정이나 관심 있는 테마 사진 카페 체험 등 더 알려주시면 맞춤 추천도 해드릴 수 있어요 즐거운 전주 여행 되시길 바랄게요 	 경주여행 (숙소추천)  저녁엔 전주천 산책길 따라 걷거나 한옥마을 근처에서 야경 즐기시는 것도 너무 좋답니다 혹시 일정이나 관심 있는 테마 사진 카페 체험 등 더 알려주시면 맞춤 추천도 해드릴 수 있어요 즐거운 전주 여행 되시길 바랄게요 
전주 여행	206	전주 여행코스 추천이요~!	https://kin.naver.com/qna/detail.naver?d1id=9&dirId=90110&docId=442151278&qb=7KCE7KO8IOyXrO2WiQ==&enc=utf8	영화제 기간 일정으로 2박3일 전주여행 좀 가볼까 해서요 여행코스 추천 좀 해주세요 어차피 주목적은 전주국제영화제니까 많은 곳을 둘러보지는 못할거에요 그냥 전주하면 꼭 가볼만한 곳 알짜배기만 추천해주세욜 전주 	 경주여행 (숙소추천) 영화제 기간 일정으로 2박3일 전주여행 좀 가볼까 해서요 여행코스 추천 좀 해주세요 어차피 주목적은 전주국제영화제니까 많은 곳을 둘러보지는 못할거에요 그냥 전주하면 꼭 가볼만한 곳 알짜배기만 추천해주세욜 전주 
전주 여행	207	전주 여행	https://kin.naver.com/qna/detail.naver?d1id=9&dirId=90110&docId=472340028&qb=7KCE7KO8IOyXrO2WiQ==&enc=utf8	전주로 커플여행 가려고 하는데 추천 좀 해주세요 숙소는 잡았고 놀거리랑 맛집 등등 추천 해주시면 감사하겠습니다 한옥마을은 갈겁니다 답변이 도움되셨으면 좋겠습니다 한옥마을 전주한옥마을 전주 맛집 전주 놀거리 전주 여행 추천	 경주여행 (숙소추천) 전주로 커플여행 가려고 하는데 추천 좀 해주세요 숙소는 잡았고 놀거리랑 맛집 등등 추천 해주시면 감사하겠습니다 한옥마을은 갈겁니다 답변이 도움되셨으면 좋겠습니다 한옥마을 전주한옥마을 전주 맛집 전주 놀거리 전주 여행 추천
전주 여행	208	추석 전주여행	https://kin.naver.com/qna/detail.naver?d1id=9&dirId=90110&docId=474841714&qb=7KCE7KO8IOyXrO2WiQ==&enc=utf8	16 18일 전주 로 여행 가려고 하는데 그때 한옥마을같은 관광지들은 문 닫을까요 추석당일은 문을 닫습니다 전주 에도 이벤트가 진행중입니다 8 27 화 10 13 일 한국관광공사에서 숙박세일 페스타 이벤트가 진행중입니다 3만원 	 경주여행 (숙소추천) 16 18일 전주 로 여행 가려고 하는데 그때 한옥마을같은 관광지들은 문 닫을까요 추석당일은 문을 닫습니다 전주 에도 이벤트가 진행중입니다 8 27 화 10 13 일 한국관광공사에서 숙박세일 페스타 이벤트가 진행중입니다 3만원 
전주 여행	209	전주 여행 전연령 렌트카 추천	https://kin.naver.com/qna/detail.naver?d1id=8&dirId=8110203&docId=477031265&qb=7KCE7KO8IOyXrO2WiQ==&enc=utf8	이번에 전주 여행 2박3일로 가는 저는 21살 만으로 만 19세입니다 전주 전연령 자동차 추천좀 부탁드리겠습니다 그리고 가격도 2일 렌트하면 총 어느정도 나올까요 전주에서 21세 이상 렌트 가능한 자동차를 찾아보세요 가격은 	 경주여행 (숙소추천) 이번에 전주 여행 2박3일로 가는 저는 21살 만으로 만 19세입니다 전주 전연령 자동차 추천좀 부탁드리겠습니다 그리고 가격도 2일 렌트하면 총 어느정도 나올까요 전주에서 21세 이상 렌트 가능한 자동차를 찾아보세요 가격은 
전주 여행	210	전주-포항 여행	https://kin.naver.com/qna/detail.naver?d1id=9&dirId=90110&docId=480520103&qb=7KCE7KO8IOyXrO2WiQ==&enc=utf8	 전주 에서 포항까지 여행 기차가 나을까요 버스가 나을까요 안녕하세요 전주 에서 포항까지 여행 을 할 때 기차와 버스 각각 장단점이 있으므로 어떤 방법이 더 나은지 결정하는 데 있어 몇 가지 요소를 고려할 필요가 있습니다 1 	 경주여행 (숙소추천)  전주 에서 포항까지 여행 기차가 나을까요 버스가 나을까요 안녕하세요 전주 에서 포항까지 여행 을 할 때 기차와 버스 각각 장단점이 있으므로 어떤 방법이 더 나은지 결정하는 데 있어 몇 가지 요소를 고려할 필요가 있습니다 1 
전주 여행	211	전주펜션 한옥으로 된곳이요!	https://kin.naver.com/qna/detail.naver?d1id=9&dirId=9011403&docId=474260729&qb=7KCE7KO8IOyXrO2WiQ==&enc=utf8	이번에 남자친구랑 같이 2박3일 전주여행 가기로해서 얼른 전주펜션 알아봐야하는데 한옥마을 근처나 한옥느낌 나는 전주펜션 쪽으로 갈만한데 없을까요 내부는 정감있는 분위기면 다 좋을 것 같아요 빠른답변 꼭 부탁드랴용 	 경주여행 (숙소추천) 이번에 남자친구랑 같이 2박3일 전주여행 가기로해서 얼른 전주펜션 알아봐야하는데 한옥마을 근처나 한옥느낌 나는 전주펜션 쪽으로 갈만한데 없을까요 내부는 정감있는 분위기면 다 좋을 것 같아요 빠른답변 꼭 부탁드랴용 
전주 여행	212	전주 여행	https://kin.naver.com/qna/detail.naver?d1id=9&dirId=90110&docId=480354904&qb=7KCE7KO8IOyXrO2WiQ==&enc=utf8	 주세요 전주 는 한옥마을로 유명한 완산구가 있으며 덕진구 또한 멋진 추억을 가진 장소가 많이 있습니다 완산구 덕진구에 대해서 여행 지를 	 경주여행 (숙소추천)  주세요 전주 는 한옥마을로 유명한 완산구가 있으며 덕진구 또한 멋진 추억을 가진 장소가 많이 있습니다 완산구 덕진구에 대해서 여행 지를 
전주 여행	213	전주 뚜벅이 여행	https://kin.naver.com/qna/detail.naver?d1id=9&dirId=90110&docId=483457492&qb=7KCE7KO8IOyXrO2WiQ==&enc=utf8	5월달에 엄마랑 전주 로 뚜벅이 여행 계획중인데 답변 부탁 드려요 1 기차랑 고속버스 중에 어떤걸 타는게 좋을까요 2 전주 에 도착해서 관광 할때 이용할 수 있는 교통수단은 어떤게 있을까요 3 숙소 추천도 부탁드려요 서울 	 경주여행 (숙소추천) 5월달에 엄마랑 전주 로 뚜벅이 여행 계획중인데 답변 부탁 드려요 1 기차랑 고속버스 중에 어떤걸 타는게 좋을까요 2 전주 에 도착해서 관광 할때 이용할 수 있는 교통수단은 어떤게 있을까요 3 숙소 추천도 부탁드려요 서울 
전주 여행	214	전주 당일치기 여행요	https://kin.naver.com/qna/detail.naver?d1id=9&dirId=90110&docId=480835916&qb=7KCE7KO8IOyXrO2WiQ==&enc=utf8	 어렵네요 전주 당일치기 여행 을 계획 중이시군요 전주 역에서 한옥마을까지 가는 방법과 당일치기 코스를 알려드릴게요 전주 역에서 한옥마을까지 가는 방법으로는 택시와 버스가 있어요 전주 역에서 한옥마을까지 택시를 	 경주여행 (숙소추천)  어렵네요 전주 당일치기 여행 을 계획 중이시군요 전주 역에서 한옥마을까지 가는 방법과 당일치기 코스를 알려드릴게요 전주 역에서 한옥마을까지 가는 방법으로는 택시와 버스가 있어요 전주 역에서 한옥마을까지 택시를 
전주 여행	215	전주여행 2박3일 경비	https://kin.naver.com/qna/detail.naver?d1id=9&dirId=90109&docId=471097881&qb=7KCE7KO8IOyXrO2WiQ==&enc=utf8	보통 전주여행 2박3일 경비가 얼마정도 드나요 숙소는 1박에 13만원인데를 가려고 하는데 비싼건가요 질문에 도움이 되는 답변이 되셨길 바래요 2박3일 전주여행 예산 30만원 내외 숙소 13만원은 적당합니다 	 경주여행 (숙소추천) 보통 전주여행 2박3일 경비가 얼마정도 드나요 숙소는 1박에 13만원인데를 가려고 하는데 비싼건가요 질문에 도움이 되는 답변이 되셨길 바래요 2박3일 전주여행 예산 30만원 내외 숙소 13만원은 적당합니다 
전주 여행	216	1박2일 전주 커플여행	https://kin.naver.com/qna/detail.naver?d1id=9&dirId=90110&docId=461495433&qb=7KCE7KO8IOyXrO2WiQ==&enc=utf8	 전주 여행 에 대해 도움을 드릴게요 1 남자친구의 차를 이용할지 KTX를 이용할지에 대해서는 여러 가지 요소를 고려해보셔야 합니다 만약 교통체증이 예상되는 날짜라면 KTX를 이용하는 것이 편할 수 있습니다 또한 남자친구의 	 경주여행 (숙소추천)  전주 여행 에 대해 도움을 드릴게요 1 남자친구의 차를 이용할지 KTX를 이용할지에 대해서는 여러 가지 요소를 고려해보셔야 합니다 만약 교통체증이 예상되는 날짜라면 KTX를 이용하는 것이 편할 수 있습니다 또한 남자친구의 
전주 여행	217	남해,전주 여행	https://kin.naver.com/qna/detail.naver?d1id=9&dirId=90110&docId=461982007&qb=7KCE7KO8IOyXrO2WiQ==&enc=utf8	남해 전주 여행 가려는데 여행지와 맛집 추천좀 해주세요 보리암 다랭이굴 독일마을 전주 한옥마을빼고 두세개씩5명이서 갈곳 맛집 빨리추천해주세요 앞에 말했던곳은 갈꺼라서 추천안해주셔도 됩니다 전주여행 전주맛집 	 경주여행 (숙소추천) 남해 전주 여행 가려는데 여행지와 맛집 추천좀 해주세요 보리암 다랭이굴 독일마을 전주 한옥마을빼고 두세개씩5명이서 갈곳 맛집 빨리추천해주세요 앞에 말했던곳은 갈꺼라서 추천안해주셔도 됩니다 전주여행 전주맛집 
전주 여행	218	전주여행 갈곳 추천	https://kin.naver.com/qna/detail.naver?d1id=12&dirId=121305&docId=484366658&qb=7KCE7KO8IOyXrO2WiQ==&enc=utf8	 전주여행 전주맛집 국내여행 전주달봉이 달봉티비 전주여행 코스 전주가볼만한곳 여수여행 여수가볼만한곳 제주도여행 제주도가볼만한곳 여행 전문 인플루언서 전주달봉이입니다 전주여행 코스는 한옥마을에서부터 	 경주여행 (숙소추천)  전주여행 전주맛집 국내여행 전주달봉이 달봉티비 전주여행 코스 전주가볼만한곳 여수여행 여수가볼만한곳 제주도여행 제주도가볼만한곳 여행 전문 인플루언서 전주달봉이입니다 전주여행 코스는 한옥마을에서부터 
전주 여행	219	전주여행 1박2일 코스질문요.	https://kin.naver.com/qna/detail.naver?d1id=9&dirId=90110&docId=464365893&qb=7KCE7KO8IOyXrO2WiQ==&enc=utf8	 코스한번짜주실분 전라도쪽은 저도여행을간적이없어서 전주여행 전주맛집 국내여행 전주달봉이 달봉티비 전주여행 코스 전주가볼만한곳 여수여행 여수가볼만한곳 제주도여행 제주도가볼만한곳 여행 전문 인플루언서 	 경주여행 (숙소추천)  코스한번짜주실분 전라도쪽은 저도여행을간적이없어서 전주여행 전주맛집 국내여행 전주달봉이 달봉티비 전주여행 코스 전주가볼만한곳 여수여행 여수가볼만한곳 제주도여행 제주도가볼만한곳 여행 전문 인플루언서 
전주 여행	220	전주여행 3일	https://kin.naver.com/qna/detail.naver?d1id=9&dirId=90110&docId=461053318&qb=7KCE7KO8IOyXrO2WiQ==&enc=utf8	 전주여행 3일 간다면 여행 총 비용이 얼마 나올까요 전주 여행 의 총 비용은 여러 요소에 따라 달라지지만 일반적으로 다음과 같은 항목들이 포함됩니다 1 교통비 전주까지 이동하기 위한 교통비용이 있을 것입니다 이는 여행하는 	 경주여행 (숙소추천)  전주여행 3일 간다면 여행 총 비용이 얼마 나올까요 전주 여행 의 총 비용은 여러 요소에 따라 달라지지만 일반적으로 다음과 같은 항목들이 포함됩니다 1 교통비 전주까지 이동하기 위한 교통비용이 있을 것입니다 이는 여행하는 
전주 여행	221	전주여행코스	https://kin.naver.com/qna/detail.naver?d1id=9&dirId=90110&docId=485639059&qb=7KCE7KO8IOyXrO2WiQ==&enc=utf8	 전주여행 전주맛집 국내여행 전주달봉이 달봉티비 전주여행 코스 전주가볼만한곳 여수여행 여수가볼만한곳 제주도여행 제주도가볼만한곳 여행 전문 인플루언서 전주달봉이입니다 전주여행 코스는 한옥마을에서부터 시작을 	 경주여행 (숙소추천)  전주여행 전주맛집 국내여행 전주달봉이 달봉티비 전주여행 코스 전주가볼만한곳 여수여행 여수가볼만한곳 제주도여행 제주도가볼만한곳 여행 전문 인플루언서 전주달봉이입니다 전주여행 코스는 한옥마을에서부터 시작을 
전주 여행	222	전주 당일치기 혼자 여행 코스 추천	https://kin.naver.com/qna/detail.naver?d1id=9&dirId=90110&docId=483615087&qb=7KCE7KO8IOyXrO2WiQ==&enc=utf8	 박물관 미술관 지역 공간을 스토리로 엮어 안내하는 해설형 문화 코스 노쇼 방지를 위해 5천원 예약금만 결제하고 현장에서 5천천 원 상당 음료 기프티콘으로 환급 선착순 마감이라 전주 여행 계획 있으신 분들은 	 경주여행 (숙소추천)  박물관 미술관 지역 공간을 스토리로 엮어 안내하는 해설형 문화 코스 노쇼 방지를 위해 5천원 예약금만 결제하고 현장에서 5천천 원 상당 음료 기프티콘으로 환급 선착순 마감이라 전주 여행 계획 있으신 분들은 
전주 여행	223	전주여행 차가 필요한가요	https://kin.naver.com/qna/detail.naver?d1id=9&dirId=90110&docId=482799629&qb=7KCE7KO8IOyXrO2WiQ==&enc=utf8	안녕하세요 1박2일 전주여행 계획중입니다 서울에서 전주까지는 기차를타고갈건데 전주내에서 렌트를 해야할지 궁금합니다 참고로 전주한옥마을 포함해서 유명 관광지만 돌아볼계획입니다 전주여행 전주맛집 국내여행 	 경주여행 (숙소추천) 안녕하세요 1박2일 전주여행 계획중입니다 서울에서 전주까지는 기차를타고갈건데 전주내에서 렌트를 해야할지 궁금합니다 참고로 전주한옥마을 포함해서 유명 관광지만 돌아볼계획입니다 전주여행 전주맛집 국내여행 
전주 여행	224	전주여행..	https://kin.naver.com/qna/detail.naver?d1id=9&dirId=90110&docId=473332244&qb=7KCE7KO8IOyXrO2WiQ==&enc=utf8	 전주여행 전주맛집 국내여행 전주달봉이 달봉티비 전주여행 코스 전주가볼만한곳 여수여행 여수가볼만한곳 제주도여행 제주도가볼만한곳 여행 전문 인플루언서 전주달봉이입니다 전주는 대중교통이나 택시 이용하시는걸 	 경주여행 (숙소추천)  전주여행 전주맛집 국내여행 전주달봉이 달봉티비 전주여행 코스 전주가볼만한곳 여수여행 여수가볼만한곳 제주도여행 제주도가볼만한곳 여행 전문 인플루언서 전주달봉이입니다 전주는 대중교통이나 택시 이용하시는걸 
전주 여행	225	전주 완주 여행	https://kin.naver.com/qna/detail.naver?d1id=9&dirId=90110&docId=456754318&qb=7KCE7KO8IOyXrO2WiQ==&enc=utf8	 전주여행 전주맛집 국내여행 전주달봉이 달봉티비 전주여행 코스 전주가볼만한곳 여수여행 여수가볼만한곳 제주도여행 제주도가볼만한곳 여행 전문 인플루언서 전주달봉이입니다 완주 어느쪽을 여행하느냐에 따라 	 경주여행 (숙소추천)  전주여행 전주맛집 국내여행 전주달봉이 달봉티비 전주여행 코스 전주가볼만한곳 여수여행 여수가볼만한곳 제주도여행 제주도가볼만한곳 여행 전문 인플루언서 전주달봉이입니다 완주 어느쪽을 여행하느냐에 따라 
전주 여행	226	전주 3박4일 여행	https://kin.naver.com/qna/detail.naver?d1id=9&dirId=90110&docId=459258161&qb=7KCE7KO8IOyXrO2WiQ==&enc=utf8	 부탁드립니다 전주여행 전주맛집 국내여행 전주달봉이 달봉티비 전주여행 코스 전주가볼만한곳 여수여행 여수가볼만한곳 제주도여행 제주도가볼만한곳 여행 전문 인플루언서 전주달봉이입니다 전주여행 코스는 	 경주여행 (숙소추천)  부탁드립니다 전주여행 전주맛집 국내여행 전주달봉이 달봉티비 전주여행 코스 전주가볼만한곳 여수여행 여수가볼만한곳 제주도여행 제주도가볼만한곳 여행 전문 인플루언서 전주달봉이입니다 전주여행 코스는 
전주 여행	227	전주여행코스좀짜주세요ㅜㅜ	https://kin.naver.com/qna/detail.naver?d1id=12&dirId=121305&docId=465655085&qb=7KCE7KO8IOyXrO2WiQ==&enc=utf8	 전주여행 코스를 짜드릴 수 있습니다 전주는 역사적인 유적지와 전통문화가 빛나는 곳으로 유명한데요 먼저 전주한옥마을을 방문하시면 한옥의 아름다움을 느낄 수 있습니다 여행의 시작지라고 할 수 있는 전주한옥마을에서 	 경주여행 (숙소추천)  전주여행 코스를 짜드릴 수 있습니다 전주는 역사적인 유적지와 전통문화가 빛나는 곳으로 유명한데요 먼저 전주한옥마을을 방문하시면 한옥의 아름다움을 느낄 수 있습니다 여행의 시작지라고 할 수 있는 전주한옥마을에서 
전주 여행	228	전주여행 대중교통이랑 렌트카중 어떤게 좋을까요?	https://kin.naver.com/qna/detail.naver?d1id=9&dirId=90110&docId=477694429&qb=7KCE7KO8IOyXrO2WiQ==&enc=utf8	 전주여행 때 움직이기 차가 편할지 대중교통이 편할지 알려주세요 교통 상황이 어떤지 궁금합니다 전주여행 전주맛집 국내여행 전주달봉이 달봉티비 전주여행 코스 전주가볼만한곳 여수여행 여수가볼만한곳 제주도여행 	 경주여행 (숙소추천)  전주여행 때 움직이기 차가 편할지 대중교통이 편할지 알려주세요 교통 상황이 어떤지 궁금합니다 전주여행 전주맛집 국내여행 전주달봉이 달봉티비 전주여행 코스 전주가볼만한곳 여수여행 여수가볼만한곳 제주도여행 
전주 여행	229	전주 여행	https://kin.naver.com/qna/detail.naver?d1id=12&dirId=121305&docId=457210792&qb=7KCE7KO8IOyXrO2WiQ==&enc=utf8	 전주 여행 을 가시려하는군요 그렇다면 전주에서 연인들이 제일 많이 찾는 곳들 추천해드리겠습니다 전주한옥마을 전주동물원 한국도로공사수목원 전주향교 덕진공원 	 경주여행 (숙소추천)  전주 여행 을 가시려하는군요 그렇다면 전주에서 연인들이 제일 많이 찾는 곳들 추천해드리겠습니다 전주한옥마을 전주동물원 한국도로공사수목원 전주향교 덕진공원 
전주 여행	230	전주여행 관련	https://kin.naver.com/qna/detail.naver?d1id=9&dirId=90110&docId=469137468&qb=7KCE7KO8IOyXrO2WiQ==&enc=utf8	 전주여행 전주맛집 국내여행 전주달봉이 달봉티비 전주여행 코스 전주가볼만한곳 여수여행 여수가볼만한곳 제주도여행 제주도가볼만한곳 여행 전문 인플루언서 전주달봉이입니다 주말인지 평일인지에 따라다릅니다 	 경주여행 (숙소추천)  전주여행 전주맛집 국내여행 전주달봉이 달봉티비 전주여행 코스 전주가볼만한곳 여수여행 여수가볼만한곳 제주도여행 제주도가볼만한곳 여행 전문 인플루언서 전주달봉이입니다 주말인지 평일인지에 따라다릅니다 
전주 여행	231	전주 여행 가려고 하는데 1박2일vs2박3일	https://kin.naver.com/qna/detail.naver?d1id=9&dirId=901&docId=465668786&qb=7KCE7KO8IOyXrO2WiQ==&enc=utf8	 어떤게 적당할지 추천 좀 해주세요 전주여행 전주맛집 국내여행 전주달봉이 달봉티비 전주여행 코스 전주가볼만한곳 여수여행 여수가볼만한곳 제주도여행 제주도가볼만한곳 여행 전문 인플루언서 전주달봉이입니다 	 경주여행 (숙소추천)  어떤게 적당할지 추천 좀 해주세요 전주여행 전주맛집 국내여행 전주달봉이 달봉티비 전주여행 코스 전주가볼만한곳 여수여행 여수가볼만한곳 제주도여행 제주도가볼만한곳 여행 전문 인플루언서 전주달봉이입니다 
전주 여행	232	전주 여행	https://kin.naver.com/qna/detail.naver?d1id=9&dirId=90110&docId=449461461&qb=7KCE7KO8IOyXrO2WiQ==&enc=utf8	이번주에 전주 여행 1박 2일로 처음 가는데 가볼데 추천 좀 해주세요 걷기 좋은데 위주로요 걷는 거 좋아해요 트레킹 좋아해요 전주여행 을 계획중이시군요 전주에는 다양한 볼거리들과 	 경주여행 (숙소추천) 이번주에 전주 여행 1박 2일로 처음 가는데 가볼데 추천 좀 해주세요 걷기 좋은데 위주로요 걷는 거 좋아해요 트레킹 좋아해요 전주여행 을 계획중이시군요 전주에는 다양한 볼거리들과 
전주 여행	233	전주 2박3일 3명 여행 1인 경비	https://kin.naver.com/qna/detail.naver?d1id=12&dirId=121305&docId=480452158&qb=7KCE7KO8IOyXrO2WiQ==&enc=utf8	 식비랑 교통비 감이 안잡혀서요 술은 마실건데 많이 안마셔서 술값으로는 한번마실 때 만원씩 쓸거같아요 전주여행 전주맛집 국내여행 전주달봉이 달봉티비 전주여행 코스 전주가볼만한곳 여수여행 여수가볼만한곳 	 경주여행 (숙소추천)  식비랑 교통비 감이 안잡혀서요 술은 마실건데 많이 안마셔서 술값으로는 한번마실 때 만원씩 쓸거같아요 전주여행 전주맛집 국내여행 전주달봉이 달봉티비 전주여행 코스 전주가볼만한곳 여수여행 여수가볼만한곳 
전주 여행	234	전주 2박3일여행 비용	https://kin.naver.com/qna/detail.naver?d1id=9&dirId=90110&docId=441096616&qb=7KCE7KO8IOyXrO2WiQ==&enc=utf8	 전주여행 전주맛집 국내여행 전주달봉이 달봉티비 전주여행 코스 전주가볼만한곳 여수여행 여수가볼만한곳 제주도여행 제주도가볼만한곳 여행 전문 인플루언서 전주달봉이입니다 한옥마을은 입장료는 따로없습니다 기본 	 경주여행 (숙소추천)  전주여행 전주맛집 국내여행 전주달봉이 달봉티비 전주여행 코스 전주가볼만한곳 여수여행 여수가볼만한곳 제주도여행 제주도가볼만한곳 여행 전문 인플루언서 전주달봉이입니다 한옥마을은 입장료는 따로없습니다 기본 
전주 여행	235	친구랑 전주여행	https://kin.naver.com/qna/detail.naver?d1id=12&dirId=121305&docId=452584751&qb=7KCE7KO8IOyXrO2WiQ==&enc=utf8	친구랑 첫 전주여행 을 가보려고 합니다 가볼만한곳 호텔 맛집 추천해주세요 호텔은 시설이 괜찮고 깨끗했으면 좋겠어요 한옥이어도 괜찮아요 침대가 있는곳이면 더 좋겠어요 맛집은 양식 중식 일식 상관없습니다 비용도 1인당 	 경주여행 (숙소추천) 친구랑 첫 전주여행 을 가보려고 합니다 가볼만한곳 호텔 맛집 추천해주세요 호텔은 시설이 괜찮고 깨끗했으면 좋겠어요 한옥이어도 괜찮아요 침대가 있는곳이면 더 좋겠어요 맛집은 양식 중식 일식 상관없습니다 비용도 1인당 
전주 여행	236	2박3일 전주 크리스마스 여행	https://kin.naver.com/qna/detail.naver?d1id=9&dirId=90110&docId=459344814&qb=7KCE7KO8IOyXrO2WiQ==&enc=utf8	 전주여행 전주맛집 국내여행 전주달봉이 달봉티비 전주여행 코스 전주가볼만한곳 여수여행 여수가볼만한곳 제주도여행 제주도가볼만한곳 여행 전문 인플루언서 전주달봉이입니다 전주여행 코스는 한옥마을에서부터 시작을 	 경주여행 (숙소추천)  전주여행 전주맛집 국내여행 전주달봉이 달봉티비 전주여행 코스 전주가볼만한곳 여수여행 여수가볼만한곳 제주도여행 제주도가볼만한곳 여행 전문 인플루언서 전주달봉이입니다 전주여행 코스는 한옥마을에서부터 시작을 
전주 여행	237	1박2일 전주여행~.~	https://kin.naver.com/qna/detail.naver?d1id=12&dirId=121305&docId=407203201&qb=7KCE7KO8IOyXrO2WiQ==&enc=utf8	 질문하신 전주 여행 일정 관련 답변 드리도록 하겠습니다 여행가실 때 계획짜기 너무 귀찮죠 제가 전주에서 즐길 수 있는 1박 2일 여행을 준비해 보았어요 아래 일정을 참고해 보시고 즐거운 여행되시길 바라요 1일차 	 경주여행 (숙소추천)  질문하신 전주 여행 일정 관련 답변 드리도록 하겠습니다 여행가실 때 계획짜기 너무 귀찮죠 제가 전주에서 즐길 수 있는 1박 2일 여행을 준비해 보았어요 아래 일정을 참고해 보시고 즐거운 여행되시길 바라요 1일차 
전주 여행	238	초등 6학년 210명 전주 일대 1박2일 수학여행 코스	https://kin.naver.com/qna/detail.naver?d1id=9&dirId=90110&docId=466708706&qb=7KCE7KO8IOyXrO2WiQ==&enc=utf8	 전주 관광에 달인이신 전주달봉이님께서 코스 추천을 해 주시면 대단히 감사드리겠습니다 전주여행 전주맛집 국내여행 전주달봉이 달봉티비 전주여행 코스 전주가볼만한곳 여수여행 여수가볼만한곳 제주도여행 	 경주여행 (숙소추천)  전주 관광에 달인이신 전주달봉이님께서 코스 추천을 해 주시면 대단히 감사드리겠습니다 전주여행 전주맛집 국내여행 전주달봉이 달봉티비 전주여행 코스 전주가볼만한곳 여수여행 여수가볼만한곳 제주도여행 
전주 여행	239	1박2일 전주 혼자 여행 코스	https://kin.naver.com/qna/detail.naver?d1id=9&dirId=90110&docId=432699551&qb=7KCE7KO8IOyXrO2WiQ==&enc=utf8	 질문하신 전주 여행 정보 정리해봤습니다 참고해주세요 전주에서 가볼만한 곳 덕진공원 추천 덕진공원이 전주터미널에서 가장 가까운 곳이에요 산책하기에 좋은 호수공원이에요 덕진공원을 생략하고 곧바로 남부시장과 	 경주여행 (숙소추천)  질문하신 전주 여행 정보 정리해봤습니다 참고해주세요 전주에서 가볼만한 곳 덕진공원 추천 덕진공원이 전주터미널에서 가장 가까운 곳이에요 산책하기에 좋은 호수공원이에요 덕진공원을 생략하고 곧바로 남부시장과 
전주 여행	240	전주여행 갈곳, 전시회 추천	https://kin.naver.com/qna/detail.naver?d1id=9&dirId=90110&docId=438462586&qb=7KCE7KO8IOyXrO2WiQ==&enc=utf8	제가 이번달 말에 남자친구랑 전주여행 을 가는데요 전주한옥마을만 가기엔 그래서 갈만한 곳 공방 전시회같은거 있음 추천부탁드려요 안녕하세요 질문하신 전주여행 관련 답변 드리도록 하겠습니다 전주로 놀러가시나 봅니다 	 경주여행 (숙소추천) 제가 이번달 말에 남자친구랑 전주여행 을 가는데요 전주한옥마을만 가기엔 그래서 갈만한 곳 공방 전시회같은거 있음 추천부탁드려요 안녕하세요 질문하신 전주여행 관련 답변 드리도록 하겠습니다 전주로 놀러가시나 봅니다 
전주 여행	241	전주여행 코스 추천	https://kin.naver.com/qna/detail.naver?d1id=12&dirId=121305&docId=261431923&qb=7KCE7KO8IOyXrO2WiQ==&enc=utf8	안녕하세요 여자친구랑 전주여행 을 갈예정인데 숙소를 전주 더클래식호텔로 잡고 1박2일 일정으로 여행을 가게되었습니다 근데 금요일 오후 5시쯤 전주에 도착예정이고 자가차가 없어 이동수단을 대중교통과 택시로 할예정입니다 	 경주여행 (숙소추천) 안녕하세요 여자친구랑 전주여행 을 갈예정인데 숙소를 전주 더클래식호텔로 잡고 1박2일 일정으로 여행을 가게되었습니다 근데 금요일 오후 5시쯤 전주에 도착예정이고 자가차가 없어 이동수단을 대중교통과 택시로 할예정입니다 
전주 여행	242	전주 여행	https://kin.naver.com/qna/detail.naver?d1id=12&dirId=121305&docId=454611584&qb=7KCE7KO8IOyXrO2WiQ==&enc=utf8	 각각 거리가 가까운지 알고싶어요 추석에 여행예정입니다 그외 갈만한곳 추천해주세요 전주여행 전주맛집 국내여행 전주달봉이 달봉티비 전주여행 코스 전주가볼만한곳 여수여행 여수가볼만한곳 제주도여행 	 경주여행 (숙소추천)  각각 거리가 가까운지 알고싶어요 추석에 여행예정입니다 그외 갈만한곳 추천해주세요 전주여행 전주맛집 국내여행 전주달봉이 달봉티비 전주여행 코스 전주가볼만한곳 여수여행 여수가볼만한곳 제주도여행 
전주 여행	243	전주여행 갈만한곳있을까요?	https://kin.naver.com/qna/detail.naver?d1id=9&dirId=90110&docId=467434913&qb=7KCE7KO8IOyXrO2WiQ==&enc=utf8	 전주여행 전주맛집 국내여행 전주달봉이 달봉티비 전주여행 코스 전주가볼만한곳 여수여행 여수가볼만한곳 제주도여행 제주도가볼만한곳 여행 전문 인플루언서 전주달봉이입니다 전주여행 코스는 한옥마을에서부터 	 경주여행 (숙소추천)  전주여행 전주맛집 국내여행 전주달봉이 달봉티비 전주여행 코스 전주가볼만한곳 여수여행 여수가볼만한곳 제주도여행 제주도가볼만한곳 여행 전문 인플루언서 전주달봉이입니다 전주여행 코스는 한옥마을에서부터 
전주 여행	244	전주 여행코스	https://kin.naver.com/qna/detail.naver?d1id=9&dirId=90110&docId=402381652&qb=7KCE7KO8IOyXrO2WiQ==&enc=utf8	 전주여행 일정에 질문자님께서 봐둔 곳 모두 반양하기에 시간상 무리가 있을 거 같아 꼭 가고 싶은 곳을 넣어 일정을 만들어 보았습니다 1일차 가운데집 점심 전주한지박물관 관광 전주수목원 관광 오목대 관광 교동다윈 	 경주여행 (숙소추천)  전주여행 일정에 질문자님께서 봐둔 곳 모두 반양하기에 시간상 무리가 있을 거 같아 꼭 가고 싶은 곳을 넣어 일정을 만들어 보았습니다 1일차 가운데집 점심 전주한지박물관 관광 전주수목원 관광 오목대 관광 교동다윈 
전주 여행	245	전주여행 추천 부탁 드립니다	https://kin.naver.com/qna/detail.naver?d1id=12&dirId=121305&docId=438620129&qb=7KCE7KO8IOyXrO2WiQ==&enc=utf8	2월 12 13일에 전주 여행 할려구 합니다 1박2일 가볼만한곳이랑 맛집 추천 부탁드립니다 감사합니다 전주맛집 여행 전주달봉이 달봉티비 전주여행 코스 전주가볼만한곳 여행 인플루언서 전주달봉이입니다 전주여행 	 경주여행 (숙소추천) 2월 12 13일에 전주 여행 할려구 합니다 1박2일 가볼만한곳이랑 맛집 추천 부탁드립니다 감사합니다 전주맛집 여행 전주달봉이 달봉티비 전주여행 코스 전주가볼만한곳 여행 인플루언서 전주달봉이입니다 전주여행 
전주 여행	246	강아지와함께 전주여행 가능한곳ㅜ	https://kin.naver.com/qna/detail.naver?d1id=9&dirId=90110&docId=454069765&qb=7KCE7KO8IOyXrO2WiQ==&enc=utf8	 전주여행 갈껀데요 강아지 같이 동반할꺼라서요 혹시 강아지같이 갈수있는곳좀 알려주세요 맛집이랑 관광징 반려동물 1등 여행앱 반려생활입니다 하늘이 맑은 가을에 전주 여행 을 떠나시는군요 강아지랑 함께 더 좋은 추억 	 경주여행 (숙소추천)  전주여행 갈껀데요 강아지 같이 동반할꺼라서요 혹시 강아지같이 갈수있는곳좀 알려주세요 맛집이랑 관광징 반려동물 1등 여행앱 반려생활입니다 하늘이 맑은 가을에 전주 여행 을 떠나시는군요 강아지랑 함께 더 좋은 추억 
전주 여행	247	광주에서 전주 2박3일 여행	https://kin.naver.com/qna/detail.naver?d1id=9&dirId=90110&docId=441966752&qb=7KCE7KO8IOyXrO2WiQ==&enc=utf8	 감사하겠습니다 전주여행 전주맛집 국내여행 전주달봉이 달봉티비 전주여행 코스 전주가볼만한곳 여수여행 여수가볼만한곳 제주도여행 제주도가볼만한곳 여행 전문 인플루언서 전주달봉이입니다 버스터미널에서 내리셔서 	 경주여행 (숙소추천)  감사하겠습니다 전주여행 전주맛집 국내여행 전주달봉이 달봉티비 전주여행 코스 전주가볼만한곳 여수여행 여수가볼만한곳 제주도여행 제주도가볼만한곳 여행 전문 인플루언서 전주달봉이입니다 버스터미널에서 내리셔서 
전주 여행	248	전주여행코스 좀 짜주세요 ~	https://kin.naver.com/qna/detail.naver?d1id=9&dirId=90110&docId=407277228&qb=7KCE7KO8IOyXrO2WiQ==&enc=utf8	 질문하신 전주 여행 일정 관련 답변 드리도록 하겠습니다 친정 어머니와 딸과 다 함께 하는 여행 듣기만 해도 설레네요 아래 세 분께서 모두 즐길 수 있는 여행 일정을 준비해 보았어요 참고해 보시고 여행에 도움 되셨으면 	 경주여행 (숙소추천)  질문하신 전주 여행 일정 관련 답변 드리도록 하겠습니다 친정 어머니와 딸과 다 함께 하는 여행 듣기만 해도 설레네요 아래 세 분께서 모두 즐길 수 있는 여행 일정을 준비해 보았어요 참고해 보시고 여행에 도움 되셨으면 
전주 여행	249	[추천해주세요] 전주 당일치기 여행	https://kin.naver.com/qna/detail.naver?d1id=9&dirId=90110&docId=441175638&qb=7KCE7KO8IOyXrO2WiQ==&enc=utf8	 추천해주세요 전주 당일치기 여행 전주여행 전주맛집 국내여행 전주달봉이 달봉티비 전주여행 코스 전주가볼만한곳 여수여행 여수가볼만한곳 제주도여행 제주도가볼만한곳 여행 전문 인플루언서 전주달봉이입니다 	 경주여행 (숙소추천)  추천해주세요 전주 당일치기 여행 전주여행 전주맛집 국내여행 전주달봉이 달봉티비 전주여행 코스 전주가볼만한곳 여수여행 여수가볼만한곳 제주도여행 제주도가볼만한곳 여행 전문 인플루언서 전주달봉이입니다 
전주 여행	250	전주여행팀조뮤ㅠ	https://kin.naver.com/qna/detail.naver?d1id=6&dirId=60203&docId=465427767&qb=7KCE7KO8IOyXrO2WiQ==&enc=utf8	 전주여행 1박2일가는데가기좋은곳이랑맛집좀알려주세요 안녕하세요 서울지방변호사회 소속으로 지식iN 법률상담을 진행하고 있는 김선용 변호사입니다 알아보는것이 어려우시다면 인스타그램에 전주라고 검색 하셔서 	 경주여행 (숙소추천)  전주여행 1박2일가는데가기좋은곳이랑맛집좀알려주세요 안녕하세요 서울지방변호사회 소속으로 지식iN 법률상담을 진행하고 있는 김선용 변호사입니다 알아보는것이 어려우시다면 인스타그램에 전주라고 검색 하셔서 
전주 여행	251	고등학교친구들과 전주여행 당일치기	https://kin.naver.com/qna/detail.naver?d1id=9&dirId=90110&docId=466553507&qb=7KCE7KO8IOyXrO2WiQ==&enc=utf8	지금 고등학교3학년 친구들과 함께 4월달에 전주여행 을 당일치기로 갈 예정인데 부모님께 뭐라고 말씀드리면 허락을 받을수 있을까요 고등학교 시절 친구들과의 소중한 추억을 만들기 위해 전주 여행 을 다녀오기로 했습니다 전주는 	 경주여행 (숙소추천) 지금 고등학교3학년 친구들과 함께 4월달에 전주여행 을 당일치기로 갈 예정인데 부모님께 뭐라고 말씀드리면 허락을 받을수 있을까요 고등학교 시절 친구들과의 소중한 추억을 만들기 위해 전주 여행 을 다녀오기로 했습니다 전주는 
전주 여행	252	전주로 휴가갈건데 여행코스 추천해주세요	https://kin.naver.com/qna/detail.naver?d1id=8&dirId=8110301&docId=450793606&qb=7KCE7KO8IOyXrO2WiQ==&enc=utf8	 위의 일정은 참고용으로 제시한 것이며 여행 일정에 따라 조정할 수 있습니다 또한 음식점의 웨이팅 시간은 방문 시간과 요일에 따라 달라질 수 있으니 참고해주세요 즐거운 전주 여행 되시길 바랍니다 	 경주여행 (숙소추천)  위의 일정은 참고용으로 제시한 것이며 여행 일정에 따라 조정할 수 있습니다 또한 음식점의 웨이팅 시간은 방문 시간과 요일에 따라 달라질 수 있으니 참고해주세요 즐거운 전주 여행 되시길 바랍니다 
전주 여행	253	여자2명이서2박3일로 전주여행질문	https://kin.naver.com/qna/detail.naver?d1id=9&dirId=901&docId=228331353&qb=7KCE7KO8IOyXrO2WiQ==&enc=utf8	 2박 3일로 전주 를 여행 하신다면 다음과 같은 일정을 추천해드립니다 Day 1 전주 한옥마을 전통 한옥 건물과 전통 문화를 경험할 수 있는 곳입니다 전주 향교 조선시대 교육기관인 향교를 볼 수 있습니다 전주 남부시장 전주 의 	 경주여행 (숙소추천)  2박 3일로 전주 를 여행 하신다면 다음과 같은 일정을 추천해드립니다 Day 1 전주 한옥마을 전통 한옥 건물과 전통 문화를 경험할 수 있는 곳입니다 전주 향교 조선시대 교육기관인 향교를 볼 수 있습니다 전주 남부시장 전주 의 
전주 여행	254	전주 여행코스 짜주세요! 많이 급합니다..!	https://kin.naver.com/qna/detail.naver?d1id=12&dirId=121305&docId=430866279&qb=7KCE7KO8IOyXrO2WiQ==&enc=utf8	안녕하세요 가족 여행 으로 전주 에 놀러가려는데요 당장 이번주 금요일에 가는데 어딜갈지 몰라서 숙소는 라한호텔로 잡았고 한옥마을 쪽을 가고 싶은데 별로 걷지 않으면서 카페투어는 아닌 여행 코스 짜주실 수 있나요 호캉스로 	 경주여행 (숙소추천) 안녕하세요 가족 여행 으로 전주 에 놀러가려는데요 당장 이번주 금요일에 가는데 어딜갈지 몰라서 숙소는 라한호텔로 잡았고 한옥마을 쪽을 가고 싶은데 별로 걷지 않으면서 카페투어는 아닌 여행 코스 짜주실 수 있나요 호캉스로 
전주 여행	255	전주 1박2일 여행	https://kin.naver.com/qna/detail.naver?d1id=9&dirId=90110&docId=444409591&qb=7KCE7KO8IOyXrO2WiQ==&enc=utf8	 대둔산 케이블카 주말에 사람많겠죠 괜찮은 코스 추천해주세요 전주여행 전주맛집 국내여행 전주달봉이 달봉티비 전주여행 코스 전주가볼만한곳 여수여행 여수가볼만한곳 제주도여행 제주도가볼만한곳 여행 전문 	 경주여행 (숙소추천)  대둔산 케이블카 주말에 사람많겠죠 괜찮은 코스 추천해주세요 전주여행 전주맛집 국내여행 전주달봉이 달봉티비 전주여행 코스 전주가볼만한곳 여수여행 여수가볼만한곳 제주도여행 제주도가볼만한곳 여행 전문 
전주 여행	256	전주 여행코스!!!	https://kin.naver.com/qna/detail.naver?d1id=12&dirId=121305&docId=432706708&qb=7KCE7KO8IOyXrO2WiQ==&enc=utf8	 이미 전주여행 을 마치고 복귀하셨을 것 같네요 저희도 지난주에 당일코스로 전주에 다녀왔는데요 주말이라서 그런지 차들도 많고 관광지에는 사람들도 많아서 생각처럼 많이 둘러보지 못해서 아쉽더라고요 최소한 1박2일 	 경주여행 (숙소추천)  이미 전주여행 을 마치고 복귀하셨을 것 같네요 저희도 지난주에 당일코스로 전주에 다녀왔는데요 주말이라서 그런지 차들도 많고 관광지에는 사람들도 많아서 생각처럼 많이 둘러보지 못해서 아쉽더라고요 최소한 1박2일 
전주 여행	257	전주 한옥마을 당일치기 여행 질문	https://kin.naver.com/qna/detail.naver?d1id=9&dirId=90110&docId=439825862&qb=7KCE7KO8IOyXrO2WiQ==&enc=utf8	 전주여수제주도맛집 여행 전주달봉이 달봉티비 전주여행 코스 전주가볼만한곳 여수여행 여수가볼만한곳 제주도여행 제주도가볼만한곳 여행 전문 인플루언서 전주달봉이입니다 1 7000 8000원 2 흐노니 마시랑게 전망 달곰 3 	 경주여행 (숙소추천)  전주여수제주도맛집 여행 전주달봉이 달봉티비 전주여행 코스 전주가볼만한곳 여수여행 여수가볼만한곳 제주도여행 제주도가볼만한곳 여행 전문 인플루언서 전주달봉이입니다 1 7000 8000원 2 흐노니 마시랑게 전망 달곰 3 
전주 여행	258	전주 혼자2박3일여행	https://kin.naver.com/qna/detail.naver?d1id=9&dirId=90110&docId=224588034&qb=7KCE7KO8IOyXrO2WiQ==&enc=utf8	 아무래도 사람이 많으면 맛집같은곳에서 혼자못먹을것같아서 5월 중순은 전주 여행 을 즐기기 좋은 계절입니다 하지만 현재는 코로나19로 인해 여행객이 줄어들고 있으므로 사람이 많지 않을 것으로 예상됩니다 전주는 맛집이 	 경주여행 (숙소추천)  아무래도 사람이 많으면 맛집같은곳에서 혼자못먹을것같아서 5월 중순은 전주 여행 을 즐기기 좋은 계절입니다 하지만 현재는 코로나19로 인해 여행객이 줄어들고 있으므로 사람이 많지 않을 것으로 예상됩니다 전주는 맛집이 
전주 여행	259	전주 여행	https://kin.naver.com/qna/detail.naver?d1id=9&dirId=90110&docId=436440960&qb=7KCE7KO8IOyXrO2WiQ==&enc=utf8	 제가 이번달 16일에 친구 3명하고 전주 로 여행 을 가는데 궁금한 게 많아서요 하나하나 답장해주시면 감사하겟습니다 1 여수에서 전주 KTX 왕복 기차표값이 얼마인가요 2 중2들이 전주 가서 놀 게 뭐가 잇을까요 3 	 경주여행 (숙소추천)  제가 이번달 16일에 친구 3명하고 전주 로 여행 을 가는데 궁금한 게 많아서요 하나하나 답장해주시면 감사하겟습니다 1 여수에서 전주 KTX 왕복 기차표값이 얼마인가요 2 중2들이 전주 가서 놀 게 뭐가 잇을까요 3 
전주 여행	260	전주여행갈껀데 월요일 휴무가 많나요?	https://kin.naver.com/qna/detail.naver?d1id=12&dirId=121305&docId=467372054&qb=7KCE7KO8IOyXrO2WiQ==&enc=utf8	 전주여행 전주맛집 국내여행 전주달봉이 달봉티비 전주여행 코스 전주가볼만한곳 여수여행 여수가볼만한곳 제주도여행 제주도가볼만한곳 여행 전문 인플루언서 전주달봉이입니다 걱정안하셔도되셔요 대부분 오픈합니다 	 경주여행 (숙소추천)  전주여행 전주맛집 국내여행 전주달봉이 달봉티비 전주여행 코스 전주가볼만한곳 여수여행 여수가볼만한곳 제주도여행 제주도가볼만한곳 여행 전문 인플루언서 전주달봉이입니다 걱정안하셔도되셔요 대부분 오픈합니다 
전주 여행	261	내일 전주 당일치기 부모님과 여행을	https://kin.naver.com/qna/detail.naver?d1id=12&dirId=121305&docId=451191859&qb=7KCE7KO8IOyXrO2WiQ==&enc=utf8	 전주여행 전주맛집 국내여행 전주달봉이 달봉티비 전주여행 코스 전주가볼만한곳 여수여행 여수가볼만한곳 제주도여행 제주도가볼만한곳 여행 전문 인플루언서 전주달봉이입니다 바다는 군산 새만금 돌아보시면 	 경주여행 (숙소추천)  전주여행 전주맛집 국내여행 전주달봉이 달봉티비 전주여행 코스 전주가볼만한곳 여수여행 여수가볼만한곳 제주도여행 제주도가볼만한곳 여행 전문 인플루언서 전주달봉이입니다 바다는 군산 새만금 돌아보시면 
전주 여행	262	전주여행 갈만한곳(숙소/한옥마을게스트하우스)	https://kin.naver.com/qna/detail.naver?d1id=9&dirId=90110&docId=230766988&qb=7KCE7KO8IOyXrO2WiQ==&enc=utf8	안녕하세요 가족들과 함께 전주여행 을 가려고 합니다 한옥마을로 유명한 전주여행 을 꼭 한번 해보고 싶어했었는데 이번을 기회로 꼭 다녀와보려구요 전라도 음식이 맛있다고 전주에 가면 전라도의 대표음식도 먹어볼뿐만 아니라 맛집도 	 경주여행 (숙소추천) 안녕하세요 가족들과 함께 전주여행 을 가려고 합니다 한옥마을로 유명한 전주여행 을 꼭 한번 해보고 싶어했었는데 이번을 기회로 꼭 다녀와보려구요 전라도 음식이 맛있다고 전주에 가면 전라도의 대표음식도 먹어볼뿐만 아니라 맛집도 
전주 여행	263	전주 여행 코스 추천 좀	https://kin.naver.com/qna/detail.naver?d1id=9&dirId=90110&docId=430018803&qb=7KCE7KO8IOyXrO2WiQ==&enc=utf8	 전주 여행 코스 추천 좀 전주여수맛집 전주여행 여수여행 전주달봉이 달봉티비 전주여행 코스 전주가볼만한곳 여수여행 여수가볼만한곳 여행 인플루언서 전주달봉이입니다 전주여행 코스는 대부분 한옥마을에서 시작을 합니다 	 경주여행 (숙소추천)  전주 여행 코스 추천 좀 전주여수맛집 전주여행 여수여행 전주달봉이 달봉티비 전주여행 코스 전주가볼만한곳 여수여행 여수가볼만한곳 여행 인플루언서 전주달봉이입니다 전주여행 코스는 대부분 한옥마을에서 시작을 합니다 
전주 여행	264	전주여행 볼거리	https://kin.naver.com/qna/detail.naver?d1id=9&dirId=90110&docId=429817174&qb=7KCE7KO8IOyXrO2WiQ==&enc=utf8	이번주 전주여행 가는데 볼거리 맛집 등 알려주세요 전주에서 가볼만한 곳들 추천해드리겠습니다 전주한옥마을 전주동물원 한국도로공사수목원 덕진공원 전주난장 	 경주여행 (숙소추천) 이번주 전주여행 가는데 볼거리 맛집 등 알려주세요 전주에서 가볼만한 곳들 추천해드리겠습니다 전주한옥마을 전주동물원 한국도로공사수목원 덕진공원 전주난장 
전주 여행	265	전주에 여행가는데 오션뷰 카페 추천해주세요.	https://kin.naver.com/qna/detail.naver?d1id=12&dirId=121305&docId=468083904&qb=7KCE7KO8IOyXrO2WiQ==&enc=utf8	 전주여행 전주맛집 국내여행 전주달봉이 달봉티비 전주여행 코스 전주가볼만한곳 여수여행 여수가볼만한곳 제주도여행 제주도가볼만한곳 여행 전문 인플루언서 전주달봉이입니다 아쉽게도 전주이는 바다가없어서 	 경주여행 (숙소추천)  전주여행 전주맛집 국내여행 전주달봉이 달봉티비 전주여행 코스 전주가볼만한곳 여수여행 여수가볼만한곳 제주도여행 제주도가볼만한곳 여행 전문 인플루언서 전주달봉이입니다 아쉽게도 전주이는 바다가없어서 
전주 여행	266	전주 가족 여행 코스 문의 드려요!	https://kin.naver.com/qna/detail.naver?d1id=9&dirId=90110&docId=482953663&qb=7KCE7KO8IOyXrO2WiQ==&enc=utf8	 전주여행 전주맛집 국내여행 전주달봉이 달봉티비 전주여행 코스 전주가볼만한곳 여수여행 여수가볼만한곳 제주도여행 제주도가볼만한곳 여행 전문 인플루언서 전주달봉이입니다 전주여행 코스는 한옥마을에서부터 	 경주여행 (숙소추천)  전주여행 전주맛집 국내여행 전주달봉이 달봉티비 전주여행 코스 전주가볼만한곳 여수여행 여수가볼만한곳 제주도여행 제주도가볼만한곳 여행 전문 인플루언서 전주달봉이입니다 전주여행 코스는 한옥마을에서부터 
전주 여행	267	전주 여행 코스 및 일정 추천 부탁드려요(토요일 하루)	https://kin.naver.com/qna/detail.naver?d1id=9&dirId=90110&docId=443982849&qb=7KCE7KO8IOyXrO2WiQ==&enc=utf8	 일정이 괜찮은지 수정이 필요한 부분이 있는지 인근 맛집 등은 또 있는지 등등 의견 부탁 드립니다 전주여행 전주맛집 국내여행 전주달봉이 달봉티비 전주여행 코스 전주가볼만한곳 여수여행 여수가볼만한곳 제주도여행 	 경주여행 (숙소추천)  일정이 괜찮은지 수정이 필요한 부분이 있는지 인근 맛집 등은 또 있는지 등등 의견 부탁 드립니다 전주여행 전주맛집 국내여행 전주달봉이 달봉티비 전주여행 코스 전주가볼만한곳 여수여행 여수가볼만한곳 제주도여행 
전주 여행	268	전주 여행가려는데..	https://kin.naver.com/qna/detail.naver?d1id=9&dirId=90110&docId=432785295&qb=7KCE7KO8IOyXrO2WiQ==&enc=utf8	 전주 한옥마을 근처에서 숙박하며 여행 한다면 어디어디 가고 어떤 맛집이 좋은지 버스나 택시타고 조금만 나가도 되는 가볼만한 곳이 어딘지 등등 추천해주세요 2 그외에 다른곳 어디 	 경주여행 (숙소추천)  전주 한옥마을 근처에서 숙박하며 여행 한다면 어디어디 가고 어떤 맛집이 좋은지 버스나 택시타고 조금만 나가도 되는 가볼만한 곳이 어딘지 등등 추천해주세요 2 그외에 다른곳 어디 
전주 여행	269	전주 여행 코스	https://kin.naver.com/qna/detail.naver?d1id=12&dirId=121305&docId=452031214&qb=7KCE7KO8IOyXrO2WiQ==&enc=utf8	아침으로 전주 현대옥 본점 가서 먹고 점심으로는 전주 비빔소리를 가려고 하는데 현대옥과 비빔소리 중간에 어디 구경할 곳이나 갈만한 곳 없을까요 전주여행 전주맛집 국내여행 전주달봉이 달봉티비 전주여행 코스 	 경주여행 (숙소추천) 아침으로 전주 현대옥 본점 가서 먹고 점심으로는 전주 비빔소리를 가려고 하는데 현대옥과 비빔소리 중간에 어디 구경할 곳이나 갈만한 곳 없을까요 전주여행 전주맛집 국내여행 전주달봉이 달봉티비 전주여행 코스 
전주 여행	270	전주 한옥마을 여행준비중입니다	https://kin.naver.com/qna/detail.naver?d1id=9&dirId=90110&docId=475632922&qb=7KCE7KO8IOyXrO2WiQ==&enc=utf8	 대여는 천차만별입니다 기본 금액은 10000원 부터시작합니다 시간과 한복에따라서 가격이다릅니다 전주여행 전주맛집 국내여행 전주달봉이 달봉티비 전주여행 코스 전주가볼만한곳 여수여행 여수가볼만한곳 제주도여행 	 경주여행 (숙소추천)  대여는 천차만별입니다 기본 금액은 10000원 부터시작합니다 시간과 한복에따라서 가격이다릅니다 전주여행 전주맛집 국내여행 전주달봉이 달봉티비 전주여행 코스 전주가볼만한곳 여수여행 여수가볼만한곳 제주도여행 
전주 여행	271	전라도 전주여행	https://kin.naver.com/qna/detail.naver?d1id=9&dirId=90110&docId=428170195&qb=7KCE7KO8IOyXrO2WiQ==&enc=utf8	 전주 에 여행 을 가려고하는데 한번도안가봐서요 1박2일이나 2박3일 있을예정인데 가볼만한곳 추천받아용 체험도좋구용 전주 에서 가볼만한 곳들 추천해드리겠습니다 전주 한옥마을 	 경주여행 (숙소추천)  전주 에 여행 을 가려고하는데 한번도안가봐서요 1박2일이나 2박3일 있을예정인데 가볼만한곳 추천받아용 체험도좋구용 전주 에서 가볼만한 곳들 추천해드리겠습니다 전주 한옥마을 
전주 여행	272	전주 여행	https://kin.naver.com/qna/detail.naver?d1id=9&dirId=90104&docId=402165747&qb=7KCE7KO8IOyXrO2WiQ==&enc=utf8	 참고로 저희는 뚜벅이 입니댜 전주 여행 을 계획중이시군요 그럼 전주에서 가볼만한곳들 추천해드리겠습니다 한국도로공사수목원 전주동물원 자만마을 벽화갤러리 국립전주박물관 	 경주여행 (숙소추천)  참고로 저희는 뚜벅이 입니댜 전주 여행 을 계획중이시군요 그럼 전주에서 가볼만한곳들 추천해드리겠습니다 한국도로공사수목원 전주동물원 자만마을 벽화갤러리 국립전주박물관 
전주 여행	273	전주 여행 코스 추천	https://kin.naver.com/qna/detail.naver?d1id=9&dirId=90110&docId=430028571&qb=7KCE7KO8IOyXrO2WiQ==&enc=utf8	 전주 여행 코스 추천 안녕하세요 전주맛집 전주블로그 전주달봉이입니다 대부분 1박2일 코스로들 전주를 놀러오십니다 한옥마을 경기전 남부시장야시장 벽화마을 전동성당 향교 오목대 이렇게들 많이들 둘러보시고요 더 추가로 	 경주여행 (숙소추천)  전주 여행 코스 추천 안녕하세요 전주맛집 전주블로그 전주달봉이입니다 대부분 1박2일 코스로들 전주를 놀러오십니다 한옥마을 경기전 남부시장야시장 벽화마을 전동성당 향교 오목대 이렇게들 많이들 둘러보시고요 더 추가로 
전주 여행	274	전주 여행 코스 동선 좀 짜주세요	https://kin.naver.com/qna/detail.naver?d1id=12&dirId=121305&docId=458306197&qb=7KCE7KO8IOyXrO2WiQ==&enc=utf8	 숙소는 완산구 서신동입니다 전주여행 전주맛집 국내여행 전주달봉이 달봉티비 전주여행 코스 전주가볼만한곳 여수여행 여수가볼만한곳 제주도여행 제주도가볼만한곳 여행 전문 인플루언서 전주달봉이입니다 1 한옥마을 	 경주여행 (숙소추천)  숙소는 완산구 서신동입니다 전주여행 전주맛집 국내여행 전주달봉이 달봉티비 전주여행 코스 전주가볼만한곳 여수여행 여수가볼만한곳 제주도여행 제주도가볼만한곳 여행 전문 인플루언서 전주달봉이입니다 1 한옥마을 
전주 여행	275	전주여행!	https://kin.naver.com/qna/detail.naver?d1id=12&dirId=121305&docId=459792395&qb=7KCE7KO8IOyXrO2WiQ==&enc=utf8	크리스마스에 단둘이서 당일치기로 전주여행 하기로했습니다 고등학생인데요 어느정도 들고가는게맞고 전주는 할게 뭐뭐 있을까요 제대로 답변해주세요 대학로와 투어공연하는 연극 추천해 드릴께요 	 경주여행 (숙소추천) 크리스마스에 단둘이서 당일치기로 전주여행 하기로했습니다 고등학생인데요 어느정도 들고가는게맞고 전주는 할게 뭐뭐 있을까요 제대로 답변해주세요 대학로와 투어공연하는 연극 추천해 드릴께요 
전주 여행	276	제가 전주여행을 갔는데여	https://kin.naver.com/qna/detail.naver?d1id=8&dirId=80101&docId=457532341&qb=7KCE7KO8IOyXrO2WiQ==&enc=utf8	제가 왜그런진 모르겠지만 그냥 전라도 사투리 듣기 싫더라구요 억양이 쎄서그런감 좀 듣기가 거북했는데 전주여행 갔었는데 무슨일인진모르겠지만 사람들 전라도 사투리 1도 안쓰던데요 쫌 의외였어요 전라북도 전주시 아닌가요 	 경주여행 (숙소추천) 제가 왜그런진 모르겠지만 그냥 전라도 사투리 듣기 싫더라구요 억양이 쎄서그런감 좀 듣기가 거북했는데 전주여행 갔었는데 무슨일인진모르겠지만 사람들 전라도 사투리 1도 안쓰던데요 쫌 의외였어요 전라북도 전주시 아닌가요 
전주 여행	277	전주 1박2일 여행코스 추천 및 조언해주세요	https://kin.naver.com/qna/detail.naver?d1id=12&dirId=121305&docId=467438359&qb=7KCE7KO8IOyXrO2WiQ==&enc=utf8	가고싶은곳 전주한옥마을 경기전 전주난장 전주국립박물관 전주동물원 이동수단 자동차 전주여행 전주맛집 국내여행 전주달봉이 달봉티비 전주여행 코스 전주가볼만한곳 여수여행 여수가볼만한곳 제주도여행 	 경주여행 (숙소추천) 가고싶은곳 전주한옥마을 경기전 전주난장 전주국립박물관 전주동물원 이동수단 자동차 전주여행 전주맛집 국내여행 전주달봉이 달봉티비 전주여행 코스 전주가볼만한곳 여수여행 여수가볼만한곳 제주도여행 
전주 여행	278	뚜벅이 여행으로 전주 가려는데 한옥마을 근처 짐... 	https://kin.naver.com/qna/detail.naver?d1id=9&dirId=90110&docId=428889568&qb=7KCE7KO8IOyXrO2WiQ==&enc=utf8	 이용하시면 원하는 장소에서 장소로 짐 운송이 가능합니다 가격도 저렴하고 앱을 통해 실시간으로 주문 및 현황 확인까지 가능해 여행 중 편리하게 이용이 가능하니 전주 뚜벅이여행 시 참고해보세요 즐거운 전주여행 되시길 바랄게요	 경주여행 (숙소추천)  이용하시면 원하는 장소에서 장소로 짐 운송이 가능합니다 가격도 저렴하고 앱을 통해 실시간으로 주문 및 현황 확인까지 가능해 여행 중 편리하게 이용이 가능하니 전주 뚜벅이여행 시 참고해보세요 즐거운 전주여행 되시길 바랄게요
전주 여행	279	전주 여행 일정	https://kin.naver.com/qna/detail.naver?d1id=9&dirId=90104&docId=394529795&qb=7KCE7KO8IOyXrO2WiQ==&enc=utf8	이번에 전주 로 여행 을 가는데 소요시간을 알고싶어요 한옥마을 초코파이 체험장 수목원 드림랜드 순으로 가는데 이동시간이 얼마나 걸릴까요 자세하게 부탁드릴게요 우선 전주 한옥마을내에 초코파이체험장이 있으니까요 이걸 	 경주여행 (숙소추천) 이번에 전주 로 여행 을 가는데 소요시간을 알고싶어요 한옥마을 초코파이 체험장 수목원 드림랜드 순으로 가는데 이동시간이 얼마나 걸릴까요 자세하게 부탁드릴게요 우선 전주 한옥마을내에 초코파이체험장이 있으니까요 이걸 
전주 여행	280	이번에 태교여행으로 2박3일 놀러가려고 하는데 강아지... 	https://kin.naver.com/qna/detail.naver?d1id=9&dirId=90110&docId=440802188&qb=7KCE7KO8IOyXrO2WiQ==&enc=utf8	 전주여행 전주맛집 국내여행 전주달봉이 달봉티비 전주여행 코스 전주가볼만한곳 여수여행 여수가볼만한곳 제주도여행 제주도가볼만한곳 여행 전문 인플루언서 전주달봉이입니다 전주여행 숙소잡기가 힘드시다면 바닷가가 	 경주여행 (숙소추천)  전주여행 전주맛집 국내여행 전주달봉이 달봉티비 전주여행 코스 전주가볼만한곳 여수여행 여수가볼만한곳 제주도여행 제주도가볼만한곳 여행 전문 인플루언서 전주달봉이입니다 전주여행 숙소잡기가 힘드시다면 바닷가가 
전주 여행	281	전주여행 추천해주세요	https://kin.naver.com/qna/detail.naver?d1id=9&dirId=90110&docId=272473514&qb=7KCE7KO8IOyXrO2WiQ==&enc=utf8	 전주여행 추천해주세요 전주식 가맥문화의 전일슈퍼 등의 전주만의 술 문화 외에도 에피큐어 평점 AA를 받은 전주식 한정식의 최고봉 수구정 전라회관 궁 전주비빔밥의 최고봉 고궁 성미당 토종 명품닭을 사용한 닭요리의 	 경주여행 (숙소추천)  전주여행 추천해주세요 전주식 가맥문화의 전일슈퍼 등의 전주만의 술 문화 외에도 에피큐어 평점 AA를 받은 전주식 한정식의 최고봉 수구정 전라회관 궁 전주비빔밥의 최고봉 고궁 성미당 토종 명품닭을 사용한 닭요리의 
전주 여행	282	1박2일 전주 혼자 여행 코스	https://kin.naver.com/qna/detail.naver?d1id=9&dirId=901&docId=224123446&qb=7KCE7KO8IOyXrO2WiQ==&enc=utf8	 질문하신 전주 여행 정보 정리해봤습니다 참고해주세요 전주에서 가볼만한 곳 덕진공원 추천 덕진공원이 전주터미널에서 가장 가까운 곳이에요 산책하기에 좋은 호수공원이에요 덕진공원을 생략하고 곧바로 남부시장과 	 경주여행 (숙소추천)  질문하신 전주 여행 정보 정리해봤습니다 참고해주세요 전주에서 가볼만한 곳 덕진공원 추천 덕진공원이 전주터미널에서 가장 가까운 곳이에요 산책하기에 좋은 호수공원이에요 덕진공원을 생략하고 곧바로 남부시장과 
전주 여행	283	전주 여행 갈려고 하는데	https://kin.naver.com/qna/detail.naver?d1id=9&dirId=90110&docId=485524293&qb=7KCE7KO8IOyXrO2WiQ==&enc=utf8	 전주여행 전주맛집 국내여행 전주달봉이 달봉티비 전주여행 코스 전주가볼만한곳 여수여행 여수가볼만한곳 제주도여행 제주도가볼만한곳 여행 전문 인플루언서 전주달봉이입니다 전주여행 코스는 한옥마을에서부터 시작을 	 경주여행 (숙소추천)  전주여행 전주맛집 국내여행 전주달봉이 달봉티비 전주여행 코스 전주가볼만한곳 여수여행 여수가볼만한곳 제주도여행 제주도가볼만한곳 여행 전문 인플루언서 전주달봉이입니다 전주여행 코스는 한옥마을에서부터 시작을 
전주 여행	284	2박3일 전주여행	https://kin.naver.com/qna/detail.naver?d1id=9&dirId=90110&docId=472470179&qb=7KCE7KO8IOyXrO2WiQ==&enc=utf8	부모님과 전주여행 가려고하는데 정보가 하나도 없어서요 숙소는 어디가좋은지 관광지는 어디가있는지 추천부탁드려요 전주여행 전주맛집 국내여행 전주달봉이 달봉티비 전주여행 코스 전주가볼만한곳 여수여행 	 경주여행 (숙소추천) 부모님과 전주여행 가려고하는데 정보가 하나도 없어서요 숙소는 어디가좋은지 관광지는 어디가있는지 추천부탁드려요 전주여행 전주맛집 국내여행 전주달봉이 달봉티비 전주여행 코스 전주가볼만한곳 여수여행 
전주 여행	285	전주 여행코스!!!	https://kin.naver.com/qna/detail.naver?d1id=9&dirId=90110&docId=223302720&qb=7KCE7KO8IOyXrO2WiQ==&enc=utf8	 이미 전주여행 을 마치고 복귀하셨을 것 같네요 저희도 지난주에 당일코스로 전주에 다녀왔는데요 주말이라서 그런지 차들도 많고 관광지에는 사람들도 많아서 생각처럼 많이 둘러보지 못해서 아쉽더라고요 최소한 1박2일 	 경주여행 (숙소추천)  이미 전주여행 을 마치고 복귀하셨을 것 같네요 저희도 지난주에 당일코스로 전주에 다녀왔는데요 주말이라서 그런지 차들도 많고 관광지에는 사람들도 많아서 생각처럼 많이 둘러보지 못해서 아쉽더라고요 최소한 1박2일 
전주 여행	286	전주 당일치기 여행을 가려고 하는데 질문이 있습니다	https://kin.naver.com/qna/detail.naver?d1id=9&dirId=90110&docId=474638285&qb=7KCE7KO8IOyXrO2WiQ==&enc=utf8	 전주여행 전주맛집 국내여행 전주달봉이 달봉티비 전주여행 코스 전주가볼만한곳 여수여행 여수가볼만한곳 제주도여행 제주도가볼만한곳 여행 전문 인플루언서 전주달봉이입니다 기지제 산책 저녁에도 많이들 하셔서 	 경주여행 (숙소추천)  전주여행 전주맛집 국내여행 전주달봉이 달봉티비 전주여행 코스 전주가볼만한곳 여수여행 여수가볼만한곳 제주도여행 제주도가볼만한곳 여행 전문 인플루언서 전주달봉이입니다 기지제 산책 저녁에도 많이들 하셔서 
전주 여행	287	전주 1박2일 여행가는데 코스추천부탁드려요~^^	https://kin.naver.com/qna/detail.naver?d1id=9&dirId=90110&docId=420277757&qb=7KCE7KO8IOyXrO2WiQ==&enc=utf8	남자친구와 생일여행으로 전주여행 을가는데 전주는 처음이라 좋은 코스있으면 추천좀 부탁드립니다 숙소는 전주 한옥마을 도보 10거리에 잡았고 자차 있어서 이동은 문제없습니다 맛집도 추천 부탁드려요 안녕하세요 AI 	 경주여행 (숙소추천) 남자친구와 생일여행으로 전주여행 을가는데 전주는 처음이라 좋은 코스있으면 추천좀 부탁드립니다 숙소는 전주 한옥마을 도보 10거리에 잡았고 자차 있어서 이동은 문제없습니다 맛집도 추천 부탁드려요 안녕하세요 AI 
전주 여행	288	전주 한옥마을에 남자 혼자 여행을 갈 예정입니다.	https://kin.naver.com/qna/detail.naver?d1id=9&dirId=90110&docId=441064844&qb=7KCE7KO8IOyXrO2WiQ==&enc=utf8	 욕조는 저도 굉장히 무리한 질문인것 같지만 혹시나해서 전주여행 전주맛집 국내여행 전주달봉이 달봉티비 전주여행 코스 전주가볼만한곳 여수여행 여수가볼만한곳 제주도여행 제주도가볼만한곳 여행 전문 인플루언서 	 경주여행 (숙소추천)  욕조는 저도 굉장히 무리한 질문인것 같지만 혹시나해서 전주여행 전주맛집 국내여행 전주달봉이 달봉티비 전주여행 코스 전주가볼만한곳 여수여행 여수가볼만한곳 제주도여행 제주도가볼만한곳 여행 전문 인플루언서 
전주 여행	289	전주 여행가는데 렌트를 하는게 좋을까	https://kin.naver.com/qna/detail.naver?d1id=9&dirId=90110&docId=431515138&qb=7KCE7KO8IOyXrO2WiQ==&enc=utf8	 전주 여행 가는데 렌트를 하는게 좋을까요 안녕하세요 천만 반려인과 함께하는 애견 동반 여행 플랫폼 하트독 입니다 전주는 작은 도시라서 택시로 이동을해도 크게 불편함이 없습니다 답변이 도움이 되셨다면 채택도 부탁드립니다 	 경주여행 (숙소추천)  전주 여행 가는데 렌트를 하는게 좋을까요 안녕하세요 천만 반려인과 함께하는 애견 동반 여행 플랫폼 하트독 입니다 전주는 작은 도시라서 택시로 이동을해도 크게 불편함이 없습니다 답변이 도움이 되셨다면 채택도 부탁드립니다 
전주 여행	290	전주 여행코스 질문드려요	https://kin.naver.com/qna/detail.naver?d1id=12&dirId=121305&docId=149726141&qb=7KCE7KO8IOyXrO2WiQ==&enc=utf8	 이상은 제가 전주여행 문의하는 분들께 통상 안내해 드리는 정보입니다 질문하신 분께 간단히 요약해 드리면 먼저 위 사이트 들어가셔서 방 예약하시고 오전에 	 경주여행 (숙소추천)  이상은 제가 전주여행 문의하는 분들께 통상 안내해 드리는 정보입니다 질문하신 분께 간단히 요약해 드리면 먼저 위 사이트 들어가셔서 방 예약하시고 오전에 
전주 여행	291	전주 여행 및 코스 질문 내공있어요~100	https://kin.naver.com/qna/detail.naver?d1id=12&dirId=121305&docId=279859546&qb=7KCE7KO8IOyXrO2WiQ==&enc=utf8	부산에서 전주여행 을 가려고 합니다 자차 여행이 아닌 버스위주로 가려고 합니다 그리고 전주만 가는것이아니라 전주갔다가 전주에서 가깝거나 버스로 1 2시간 정도 갈수있는 다른 지역도 여행 가고 싶은데 여행 많이 다니시는분들 	 경주여행 (숙소추천) 부산에서 전주여행 을 가려고 합니다 자차 여행이 아닌 버스위주로 가려고 합니다 그리고 전주만 가는것이아니라 전주갔다가 전주에서 가깝거나 버스로 1 2시간 정도 갈수있는 다른 지역도 여행 가고 싶은데 여행 많이 다니시는분들 
전주 여행	292	전주 여행코스 추천좀요	https://kin.naver.com/qna/detail.naver?d1id=9&dirId=90110&docId=414983842&qb=7KCE7KO8IOyXrO2WiQ==&enc=utf8	 전주 여행 코스 추천하세염 전주동물원 걍기전 전주한옥마을 덕진연못으로 가보세요	 경주여행 (숙소추천)  전주 여행 코스 추천하세염 전주동물원 걍기전 전주한옥마을 덕진연못으로 가보세요
전주 여행	293	전주여행 코스 좀 알려주세요	https://kin.naver.com/qna/detail.naver?d1id=9&dirId=90110&docId=387443906&qb=7KCE7KO8IOyXrO2WiQ==&enc=utf8	안녕하세요 전주 로 당일치기 여행 할껀데 코스 좀 짜주세요 전주 동물원 전주 한옥마을 전주 수목원 팔복예술공장 전주 드림랜드 당일치기로 갈껀데 코스좀알려주세요 자가용으로 이동하신다면 아래와 같은 코스가 시간을 아낄 수 	 경주여행 (숙소추천) 안녕하세요 전주 로 당일치기 여행 할껀데 코스 좀 짜주세요 전주 동물원 전주 한옥마을 전주 수목원 팔복예술공장 전주 드림랜드 당일치기로 갈껀데 코스좀알려주세요 자가용으로 이동하신다면 아래와 같은 코스가 시간을 아낄 수 
전주 여행	294	1박2일 전주 여행코스	https://kin.naver.com/qna/detail.naver?d1id=12&dirId=121305&docId=419637302&qb=7KCE7KO8IOyXrO2WiQ==&enc=utf8	 질문하신 전주 여행 코스 관련 답변드리겠습니다 가족 분들과 함께하는 전주 여행 을 계획 중이시군요 전주의 추천 명소와 맛집들을 포함해서 여다에서 맞춤형 1박 2일 전주 여행 코스를 준비했어요 아래 첨부된 일정을 	 경주여행 (숙소추천)  질문하신 전주 여행 코스 관련 답변드리겠습니다 가족 분들과 함께하는 전주 여행 을 계획 중이시군요 전주의 추천 명소와 맛집들을 포함해서 여다에서 맞춤형 1박 2일 전주 여행 코스를 준비했어요 아래 첨부된 일정을 
전주 여행	295	당일치기 전주여행코스	https://kin.naver.com/qna/detail.naver?d1id=9&dirId=90110&docId=276243421&qb=7KCE7KO8IOyXrO2WiQ==&enc=utf8	 처음으로 전주여행 을 가는거라서 아는 것이 많이 없어요 일단 전주 한옥마을에서 한복을 빌려서 한옥마을 전동성당이랑 경기전 그리고 자만벽화마을 까지 가기로 정했는데 또 다른 놀러갈 곳을 찾진 못했어요 전주에 한옥마을과 	 경주여행 (숙소추천)  처음으로 전주여행 을 가는거라서 아는 것이 많이 없어요 일단 전주 한옥마을에서 한복을 빌려서 한옥마을 전동성당이랑 경기전 그리고 자만벽화마을 까지 가기로 정했는데 또 다른 놀러갈 곳을 찾진 못했어요 전주에 한옥마을과 
전주 여행	296	초등 아이랑 전주여행 코스, 맛집 추천 부탁합니다	https://kin.naver.com/qna/detail.naver?d1id=12&dirId=121305&docId=436324017&qb=7KCE7KO8IOyXrO2WiQ==&enc=utf8	 아이와 전주 여행 을 계획하고 계시군요 전주에서 아이와 함께 가볼만한 곳 몇군데를 추천드려보도록 하겠습니다 1 전주 한옥마을 이미 계획에 넣어두신 장소인 전주 한옥마을이예요 한복도 입고 한옥마을을 거닐며 사진도 	 경주여행 (숙소추천)  아이와 전주 여행 을 계획하고 계시군요 전주에서 아이와 함께 가볼만한 곳 몇군데를 추천드려보도록 하겠습니다 1 전주 한옥마을 이미 계획에 넣어두신 장소인 전주 한옥마을이예요 한복도 입고 한옥마을을 거닐며 사진도 
전주 여행	297	(급합니다ㅠㅠ) 전주 여행코스	https://kin.naver.com/qna/detail.naver?d1id=12&dirId=121305&docId=230653752&qb=7KCE7KO8IOyXrO2WiQ==&enc=utf8	 전주여행 코스 추천드립니다 안녕하세요 여행전문블로거 쭈니아빠입니다 방학을 맞아서 친구분들과 전주여행 을 준비하고 계시네요 전주는 한옥마을을 중심으로 가볼만한 곳이 많죠 터미널에서 버스를 타고 한옥마을에 	 경주여행 (숙소추천)  전주여행 코스 추천드립니다 안녕하세요 여행전문블로거 쭈니아빠입니다 방학을 맞아서 친구분들과 전주여행 을 준비하고 계시네요 전주는 한옥마을을 중심으로 가볼만한 곳이 많죠 터미널에서 버스를 타고 한옥마을에 
전주 여행	298	전주여행 순서좀 알려주세요~	https://kin.naver.com/qna/detail.naver?d1id=12&dirId=121305&docId=223850942&qb=7KCE7KO8IOyXrO2WiQ==&enc=utf8	 전주여행 을 하려고 하는데요 덕진공원 전주동물원 한옥마을 남부시장을 가려고 합니다 전주시외버스공용터미널에서 가까운 순서가 어떻게 될까요 그리고 근처에 가까운 바닷가는 어디 인가요 또 이 외에 구경할 좋은 곳도 	 경주여행 (숙소추천)  전주여행 을 하려고 하는데요 덕진공원 전주동물원 한옥마을 남부시장을 가려고 합니다 전주시외버스공용터미널에서 가까운 순서가 어떻게 될까요 그리고 근처에 가까운 바닷가는 어디 인가요 또 이 외에 구경할 좋은 곳도 
전주 여행	299	전주 여행 비용	https://kin.naver.com/qna/detail.naver?d1id=9&dirId=90110&docId=389274491&qb=7KCE7KO8IOyXrO2WiQ==&enc=utf8	안녕하세요 전주 로 여행 가려는 학생입니다 수원살고 있고요 2박3일 3박으로 3 4명이서 가려하는데 비용이 어느정도 나올까요 수원에서 전주 까지는 자가용으로도 2시간 정도 걸리는 코스인데요 대중교통으로 간다라면 조금 더 	 경주여행 (숙소추천) 안녕하세요 전주 로 여행 가려는 학생입니다 수원살고 있고요 2박3일 3박으로 3 4명이서 가려하는데 비용이 어느정도 나올까요 수원에서 전주 까지는 자가용으로도 2시간 정도 걸리는 코스인데요 대중교통으로 간다라면 조금 더 
전주 여행	300	전주 여행 음식점	https://kin.naver.com/qna/detail.naver?d1id=12&dirId=121305&docId=312190870&qb=7KCE7KO8IOyXrO2WiQ==&enc=utf8	25일날 전주여행 을 가는데 전주동물원이랑 레일바이크 아중저수지 오목대주변에 맛집이나 음식 먹을만한거 있으면 추천해주세여 내공100드려여 추가로 터미널쪽에도 알려주시면 고맙습니다 답변 한옥마을에 에루화 떡갈비 	 경주여행 (숙소추천) 25일날 전주여행 을 가는데 전주동물원이랑 레일바이크 아중저수지 오목대주변에 맛집이나 음식 먹을만한거 있으면 추천해주세여 내공100드려여 추가로 터미널쪽에도 알려주시면 고맙습니다 답변 한옥마을에 에루화 떡갈비 
전주 여행	301	중2 여학생 친구와 전주여행	https://kin.naver.com/qna/detail.naver?d1id=9&dirId=90110&docId=480969931&qb=7KCE7KO8IOyXrO2WiQ==&enc=utf8	안녕하세요 중 2 15살 여학생입니다 친한친구와 둘이서 전주 여행 을 가기로 했는데 어디로 가야할지를 몰라서 너무 막막합니다 저희 둘다 일본 애니를 너무 좋아하는데전주에 오타쿠들이 갈만할 곳 있을까요 제발 알려주세요 	 경주여행 (숙소추천) 안녕하세요 중 2 15살 여학생입니다 친한친구와 둘이서 전주 여행 을 가기로 했는데 어디로 가야할지를 몰라서 너무 막막합니다 저희 둘다 일본 애니를 너무 좋아하는데전주에 오타쿠들이 갈만할 곳 있을까요 제발 알려주세요 
전주 여행	302	부모닝 모시고 전주여행	https://kin.naver.com/qna/detail.naver?d1id=9&dirId=90110&docId=480179536&qb=7KCE7KO8IOyXrO2WiQ==&enc=utf8	부모님 모시고 전주여행 가려는데 명소 식당 추천부탁드립니다 전주는 한옥마을로 유명한 완산구가 있으며 덕진구 또한 멋진 추억을 가진 장소가 많이 	 경주여행 (숙소추천) 부모님 모시고 전주여행 가려는데 명소 식당 추천부탁드립니다 전주는 한옥마을로 유명한 완산구가 있으며 덕진구 또한 멋진 추억을 가진 장소가 많이 
전주 여행	303	2박3일 전주여행	https://kin.naver.com/qna/detail.naver?d1id=9&dirId=90110&docId=475523884&qb=7KCE7KO8IOyXrO2WiQ==&enc=utf8	이번주 토 월 2박3일 여자친구와 전주여행 을 가는데 여행경로 좀 알려주세요 토요일엔 비가 온다고 하는데 실내데이트 가능한곳도 알려주시면 감사하겠습니다 숙소는 전주한옥마을 근처에 잡았습니다 토 한옥마을 구경 후 	 경주여행 (숙소추천) 이번주 토 월 2박3일 여자친구와 전주여행 을 가는데 여행경로 좀 알려주세요 토요일엔 비가 온다고 하는데 실내데이트 가능한곳도 알려주시면 감사하겠습니다 숙소는 전주한옥마을 근처에 잡았습니다 토 한옥마을 구경 후 
전주 여행	304	전주 1박2일 여행	https://kin.naver.com/qna/detail.naver?d1id=12&dirId=121305&docId=483476433&qb=7KCE7KO8IOyXrO2WiQ==&enc=utf8	 저녁엔 전주천 산책길 따라 걷거나 한옥마을 근처에서 야경 즐기시는 것도 너무 좋답니다 혹시 일정이나 관심 있는 테마 사진 카페 체험 등 더 알려주시면 맞춤 추천도 해드릴 수 있어요 즐거운 전주 여행 되시길 바랄게요 	 경주여행 (숙소추천)  저녁엔 전주천 산책길 따라 걷거나 한옥마을 근처에서 야경 즐기시는 것도 너무 좋답니다 혹시 일정이나 관심 있는 테마 사진 카페 체험 등 더 알려주시면 맞춤 추천도 해드릴 수 있어요 즐거운 전주 여행 되시길 바랄게요 
전주 여행	305	전주 여행코스 추천이요~!	https://kin.naver.com/qna/detail.naver?d1id=9&dirId=90110&docId=442151278&qb=7KCE7KO8IOyXrO2WiQ==&enc=utf8	영화제 기간 일정으로 2박3일 전주여행 좀 가볼까 해서요 여행코스 추천 좀 해주세요 어차피 주목적은 전주국제영화제니까 많은 곳을 둘러보지는 못할거에요 그냥 전주하면 꼭 가볼만한 곳 알짜배기만 추천해주세욜 전주 	 경주여행 (숙소추천) 영화제 기간 일정으로 2박3일 전주여행 좀 가볼까 해서요 여행코스 추천 좀 해주세요 어차피 주목적은 전주국제영화제니까 많은 곳을 둘러보지는 못할거에요 그냥 전주하면 꼭 가볼만한 곳 알짜배기만 추천해주세욜 전주 
전주 여행	306	전주 여행	https://kin.naver.com/qna/detail.naver?d1id=9&dirId=90110&docId=472340028&qb=7KCE7KO8IOyXrO2WiQ==&enc=utf8	전주로 커플여행 가려고 하는데 추천 좀 해주세요 숙소는 잡았고 놀거리랑 맛집 등등 추천 해주시면 감사하겠습니다 한옥마을은 갈겁니다 답변이 도움되셨으면 좋겠습니다 한옥마을 전주한옥마을 전주 맛집 전주 놀거리 전주 여행 추천	 경주여행 (숙소추천) 전주로 커플여행 가려고 하는데 추천 좀 해주세요 숙소는 잡았고 놀거리랑 맛집 등등 추천 해주시면 감사하겠습니다 한옥마을은 갈겁니다 답변이 도움되셨으면 좋겠습니다 한옥마을 전주한옥마을 전주 맛집 전주 놀거리 전주 여행 추천
전주 여행	307	추석 전주여행	https://kin.naver.com/qna/detail.naver?d1id=9&dirId=90110&docId=474841714&qb=7KCE7KO8IOyXrO2WiQ==&enc=utf8	16 18일 전주 로 여행 가려고 하는데 그때 한옥마을같은 관광지들은 문 닫을까요 추석당일은 문을 닫습니다 전주 에도 이벤트가 진행중입니다 8 27 화 10 13 일 한국관광공사에서 숙박세일 페스타 이벤트가 진행중입니다 3만원 	 경주여행 (숙소추천) 16 18일 전주 로 여행 가려고 하는데 그때 한옥마을같은 관광지들은 문 닫을까요 추석당일은 문을 닫습니다 전주 에도 이벤트가 진행중입니다 8 27 화 10 13 일 한국관광공사에서 숙박세일 페스타 이벤트가 진행중입니다 3만원 
전주 여행	308	전주 여행 전연령 렌트카 추천	https://kin.naver.com/qna/detail.naver?d1id=8&dirId=8110203&docId=477031265&qb=7KCE7KO8IOyXrO2WiQ==&enc=utf8	이번에 전주 여행 2박3일로 가는 저는 21살 만으로 만 19세입니다 전주 전연령 자동차 추천좀 부탁드리겠습니다 그리고 가격도 2일 렌트하면 총 어느정도 나올까요 전주에서 21세 이상 렌트 가능한 자동차를 찾아보세요 가격은 	 경주여행 (숙소추천) 이번에 전주 여행 2박3일로 가는 저는 21살 만으로 만 19세입니다 전주 전연령 자동차 추천좀 부탁드리겠습니다 그리고 가격도 2일 렌트하면 총 어느정도 나올까요 전주에서 21세 이상 렌트 가능한 자동차를 찾아보세요 가격은 
전주 여행	309	전주-포항 여행	https://kin.naver.com/qna/detail.naver?d1id=9&dirId=90110&docId=480520103&qb=7KCE7KO8IOyXrO2WiQ==&enc=utf8	 전주 에서 포항까지 여행 기차가 나을까요 버스가 나을까요 안녕하세요 전주 에서 포항까지 여행 을 할 때 기차와 버스 각각 장단점이 있으므로 어떤 방법이 더 나은지 결정하는 데 있어 몇 가지 요소를 고려할 필요가 있습니다 1 	 경주여행 (숙소추천)  전주 에서 포항까지 여행 기차가 나을까요 버스가 나을까요 안녕하세요 전주 에서 포항까지 여행 을 할 때 기차와 버스 각각 장단점이 있으므로 어떤 방법이 더 나은지 결정하는 데 있어 몇 가지 요소를 고려할 필요가 있습니다 1 
전주 여행	310	전주펜션 한옥으로 된곳이요!	https://kin.naver.com/qna/detail.naver?d1id=9&dirId=9011403&docId=474260729&qb=7KCE7KO8IOyXrO2WiQ==&enc=utf8	이번에 남자친구랑 같이 2박3일 전주여행 가기로해서 얼른 전주펜션 알아봐야하는데 한옥마을 근처나 한옥느낌 나는 전주펜션 쪽으로 갈만한데 없을까요 내부는 정감있는 분위기면 다 좋을 것 같아요 빠른답변 꼭 부탁드랴용 	 경주여행 (숙소추천) 이번에 남자친구랑 같이 2박3일 전주여행 가기로해서 얼른 전주펜션 알아봐야하는데 한옥마을 근처나 한옥느낌 나는 전주펜션 쪽으로 갈만한데 없을까요 내부는 정감있는 분위기면 다 좋을 것 같아요 빠른답변 꼭 부탁드랴용 
전주 여행	311	전주 여행	https://kin.naver.com/qna/detail.naver?d1id=9&dirId=90110&docId=480354904&qb=7KCE7KO8IOyXrO2WiQ==&enc=utf8	 주세요 전주 는 한옥마을로 유명한 완산구가 있으며 덕진구 또한 멋진 추억을 가진 장소가 많이 있습니다 완산구 덕진구에 대해서 여행 지를 	 경주여행 (숙소추천)  주세요 전주 는 한옥마을로 유명한 완산구가 있으며 덕진구 또한 멋진 추억을 가진 장소가 많이 있습니다 완산구 덕진구에 대해서 여행 지를 
전주 여행	312	전주 뚜벅이 여행	https://kin.naver.com/qna/detail.naver?d1id=9&dirId=90110&docId=483457492&qb=7KCE7KO8IOyXrO2WiQ==&enc=utf8	5월달에 엄마랑 전주 로 뚜벅이 여행 계획중인데 답변 부탁 드려요 1 기차랑 고속버스 중에 어떤걸 타는게 좋을까요 2 전주 에 도착해서 관광 할때 이용할 수 있는 교통수단은 어떤게 있을까요 3 숙소 추천도 부탁드려요 서울 	 경주여행 (숙소추천) 5월달에 엄마랑 전주 로 뚜벅이 여행 계획중인데 답변 부탁 드려요 1 기차랑 고속버스 중에 어떤걸 타는게 좋을까요 2 전주 에 도착해서 관광 할때 이용할 수 있는 교통수단은 어떤게 있을까요 3 숙소 추천도 부탁드려요 서울 
전주 여행	313	전주 당일치기 여행요	https://kin.naver.com/qna/detail.naver?d1id=9&dirId=90110&docId=480835916&qb=7KCE7KO8IOyXrO2WiQ==&enc=utf8	 어렵네요 전주 당일치기 여행 을 계획 중이시군요 전주 역에서 한옥마을까지 가는 방법과 당일치기 코스를 알려드릴게요 전주 역에서 한옥마을까지 가는 방법으로는 택시와 버스가 있어요 전주 역에서 한옥마을까지 택시를 	 경주여행 (숙소추천)  어렵네요 전주 당일치기 여행 을 계획 중이시군요 전주 역에서 한옥마을까지 가는 방법과 당일치기 코스를 알려드릴게요 전주 역에서 한옥마을까지 가는 방법으로는 택시와 버스가 있어요 전주 역에서 한옥마을까지 택시를 
전주 여행	314	전주여행 2박3일 경비	https://kin.naver.com/qna/detail.naver?d1id=9&dirId=90109&docId=471097881&qb=7KCE7KO8IOyXrO2WiQ==&enc=utf8	보통 전주여행 2박3일 경비가 얼마정도 드나요 숙소는 1박에 13만원인데를 가려고 하는데 비싼건가요 질문에 도움이 되는 답변이 되셨길 바래요 2박3일 전주여행 예산 30만원 내외 숙소 13만원은 적당합니다 	 경주여행 (숙소추천) 보통 전주여행 2박3일 경비가 얼마정도 드나요 숙소는 1박에 13만원인데를 가려고 하는데 비싼건가요 질문에 도움이 되는 답변이 되셨길 바래요 2박3일 전주여행 예산 30만원 내외 숙소 13만원은 적당합니다 
전주 여행	315	1박2일 전주 커플여행	https://kin.naver.com/qna/detail.naver?d1id=9&dirId=90110&docId=461495433&qb=7KCE7KO8IOyXrO2WiQ==&enc=utf8	 전주 여행 에 대해 도움을 드릴게요 1 남자친구의 차를 이용할지 KTX를 이용할지에 대해서는 여러 가지 요소를 고려해보셔야 합니다 만약 교통체증이 예상되는 날짜라면 KTX를 이용하는 것이 편할 수 있습니다 또한 남자친구의 	 경주여행 (숙소추천)  전주 여행 에 대해 도움을 드릴게요 1 남자친구의 차를 이용할지 KTX를 이용할지에 대해서는 여러 가지 요소를 고려해보셔야 합니다 만약 교통체증이 예상되는 날짜라면 KTX를 이용하는 것이 편할 수 있습니다 또한 남자친구의 
전주 여행	316	남해,전주 여행	https://kin.naver.com/qna/detail.naver?d1id=9&dirId=90110&docId=461982007&qb=7KCE7KO8IOyXrO2WiQ==&enc=utf8	남해 전주 여행 가려는데 여행지와 맛집 추천좀 해주세요 보리암 다랭이굴 독일마을 전주 한옥마을빼고 두세개씩5명이서 갈곳 맛집 빨리추천해주세요 앞에 말했던곳은 갈꺼라서 추천안해주셔도 됩니다 전주여행 전주맛집 	 경주여행 (숙소추천) 남해 전주 여행 가려는데 여행지와 맛집 추천좀 해주세요 보리암 다랭이굴 독일마을 전주 한옥마을빼고 두세개씩5명이서 갈곳 맛집 빨리추천해주세요 앞에 말했던곳은 갈꺼라서 추천안해주셔도 됩니다 전주여행 전주맛집 
전주 여행	317	전주여행 갈곳 추천	https://kin.naver.com/qna/detail.naver?d1id=12&dirId=121305&docId=484366658&qb=7KCE7KO8IOyXrO2WiQ==&enc=utf8	 전주여행 전주맛집 국내여행 전주달봉이 달봉티비 전주여행 코스 전주가볼만한곳 여수여행 여수가볼만한곳 제주도여행 제주도가볼만한곳 여행 전문 인플루언서 전주달봉이입니다 전주여행 코스는 한옥마을에서부터 	 경주여행 (숙소추천)  전주여행 전주맛집 국내여행 전주달봉이 달봉티비 전주여행 코스 전주가볼만한곳 여수여행 여수가볼만한곳 제주도여행 제주도가볼만한곳 여행 전문 인플루언서 전주달봉이입니다 전주여행 코스는 한옥마을에서부터 
전주 여행	318	전주여행 1박2일 코스질문요.	https://kin.naver.com/qna/detail.naver?d1id=9&dirId=90110&docId=464365893&qb=7KCE7KO8IOyXrO2WiQ==&enc=utf8	 코스한번짜주실분 전라도쪽은 저도여행을간적이없어서 전주여행 전주맛집 국내여행 전주달봉이 달봉티비 전주여행 코스 전주가볼만한곳 여수여행 여수가볼만한곳 제주도여행 제주도가볼만한곳 여행 전문 인플루언서 	 경주여행 (숙소추천)  코스한번짜주실분 전라도쪽은 저도여행을간적이없어서 전주여행 전주맛집 국내여행 전주달봉이 달봉티비 전주여행 코스 전주가볼만한곳 여수여행 여수가볼만한곳 제주도여행 제주도가볼만한곳 여행 전문 인플루언서 
전주 여행	319	전주여행 3일	https://kin.naver.com/qna/detail.naver?d1id=9&dirId=90110&docId=461053318&qb=7KCE7KO8IOyXrO2WiQ==&enc=utf8	 전주여행 3일 간다면 여행 총 비용이 얼마 나올까요 전주 여행 의 총 비용은 여러 요소에 따라 달라지지만 일반적으로 다음과 같은 항목들이 포함됩니다 1 교통비 전주까지 이동하기 위한 교통비용이 있을 것입니다 이는 여행하는 	 경주여행 (숙소추천)  전주여행 3일 간다면 여행 총 비용이 얼마 나올까요 전주 여행 의 총 비용은 여러 요소에 따라 달라지지만 일반적으로 다음과 같은 항목들이 포함됩니다 1 교통비 전주까지 이동하기 위한 교통비용이 있을 것입니다 이는 여행하는 
전주 여행	320	전주여행코스	https://kin.naver.com/qna/detail.naver?d1id=9&dirId=90110&docId=485639059&qb=7KCE7KO8IOyXrO2WiQ==&enc=utf8	 전주여행 전주맛집 국내여행 전주달봉이 달봉티비 전주여행 코스 전주가볼만한곳 여수여행 여수가볼만한곳 제주도여행 제주도가볼만한곳 여행 전문 인플루언서 전주달봉이입니다 전주여행 코스는 한옥마을에서부터 시작을 	 경주여행 (숙소추천)  전주여행 전주맛집 국내여행 전주달봉이 달봉티비 전주여행 코스 전주가볼만한곳 여수여행 여수가볼만한곳 제주도여행 제주도가볼만한곳 여행 전문 인플루언서 전주달봉이입니다 전주여행 코스는 한옥마을에서부터 시작을 
전주 여행	321	전주 당일치기 혼자 여행 코스 추천	https://kin.naver.com/qna/detail.naver?d1id=9&dirId=90110&docId=483615087&qb=7KCE7KO8IOyXrO2WiQ==&enc=utf8	 박물관 미술관 지역 공간을 스토리로 엮어 안내하는 해설형 문화 코스 노쇼 방지를 위해 5천원 예약금만 결제하고 현장에서 5천천 원 상당 음료 기프티콘으로 환급 선착순 마감이라 전주 여행 계획 있으신 분들은 	 경주여행 (숙소추천)  박물관 미술관 지역 공간을 스토리로 엮어 안내하는 해설형 문화 코스 노쇼 방지를 위해 5천원 예약금만 결제하고 현장에서 5천천 원 상당 음료 기프티콘으로 환급 선착순 마감이라 전주 여행 계획 있으신 분들은 
전주 여행	322	전주여행 차가 필요한가요	https://kin.naver.com/qna/detail.naver?d1id=9&dirId=90110&docId=482799629&qb=7KCE7KO8IOyXrO2WiQ==&enc=utf8	안녕하세요 1박2일 전주여행 계획중입니다 서울에서 전주까지는 기차를타고갈건데 전주내에서 렌트를 해야할지 궁금합니다 참고로 전주한옥마을 포함해서 유명 관광지만 돌아볼계획입니다 전주여행 전주맛집 국내여행 	 경주여행 (숙소추천) 안녕하세요 1박2일 전주여행 계획중입니다 서울에서 전주까지는 기차를타고갈건데 전주내에서 렌트를 해야할지 궁금합니다 참고로 전주한옥마을 포함해서 유명 관광지만 돌아볼계획입니다 전주여행 전주맛집 국내여행 
전주 여행	323	전주여행..	https://kin.naver.com/qna/detail.naver?d1id=9&dirId=90110&docId=473332244&qb=7KCE7KO8IOyXrO2WiQ==&enc=utf8	 전주여행 전주맛집 국내여행 전주달봉이 달봉티비 전주여행 코스 전주가볼만한곳 여수여행 여수가볼만한곳 제주도여행 제주도가볼만한곳 여행 전문 인플루언서 전주달봉이입니다 전주는 대중교통이나 택시 이용하시는걸 	 경주여행 (숙소추천)  전주여행 전주맛집 국내여행 전주달봉이 달봉티비 전주여행 코스 전주가볼만한곳 여수여행 여수가볼만한곳 제주도여행 제주도가볼만한곳 여행 전문 인플루언서 전주달봉이입니다 전주는 대중교통이나 택시 이용하시는걸 
전주 여행	324	전주 완주 여행	https://kin.naver.com/qna/detail.naver?d1id=9&dirId=90110&docId=456754318&qb=7KCE7KO8IOyXrO2WiQ==&enc=utf8	 전주여행 전주맛집 국내여행 전주달봉이 달봉티비 전주여행 코스 전주가볼만한곳 여수여행 여수가볼만한곳 제주도여행 제주도가볼만한곳 여행 전문 인플루언서 전주달봉이입니다 완주 어느쪽을 여행하느냐에 따라 	 경주여행 (숙소추천)  전주여행 전주맛집 국내여행 전주달봉이 달봉티비 전주여행 코스 전주가볼만한곳 여수여행 여수가볼만한곳 제주도여행 제주도가볼만한곳 여행 전문 인플루언서 전주달봉이입니다 완주 어느쪽을 여행하느냐에 따라 
전주 여행	325	전주 3박4일 여행	https://kin.naver.com/qna/detail.naver?d1id=9&dirId=90110&docId=459258161&qb=7KCE7KO8IOyXrO2WiQ==&enc=utf8	 부탁드립니다 전주여행 전주맛집 국내여행 전주달봉이 달봉티비 전주여행 코스 전주가볼만한곳 여수여행 여수가볼만한곳 제주도여행 제주도가볼만한곳 여행 전문 인플루언서 전주달봉이입니다 전주여행 코스는 	 경주여행 (숙소추천)  부탁드립니다 전주여행 전주맛집 국내여행 전주달봉이 달봉티비 전주여행 코스 전주가볼만한곳 여수여행 여수가볼만한곳 제주도여행 제주도가볼만한곳 여행 전문 인플루언서 전주달봉이입니다 전주여행 코스는 
전주 여행	326	전주여행코스좀짜주세요ㅜㅜ	https://kin.naver.com/qna/detail.naver?d1id=12&dirId=121305&docId=465655085&qb=7KCE7KO8IOyXrO2WiQ==&enc=utf8	 전주여행 코스를 짜드릴 수 있습니다 전주는 역사적인 유적지와 전통문화가 빛나는 곳으로 유명한데요 먼저 전주한옥마을을 방문하시면 한옥의 아름다움을 느낄 수 있습니다 여행의 시작지라고 할 수 있는 전주한옥마을에서 	 경주여행 (숙소추천)  전주여행 코스를 짜드릴 수 있습니다 전주는 역사적인 유적지와 전통문화가 빛나는 곳으로 유명한데요 먼저 전주한옥마을을 방문하시면 한옥의 아름다움을 느낄 수 있습니다 여행의 시작지라고 할 수 있는 전주한옥마을에서 
전주 여행	327	전주여행 대중교통이랑 렌트카중 어떤게 좋을까요?	https://kin.naver.com/qna/detail.naver?d1id=9&dirId=90110&docId=477694429&qb=7KCE7KO8IOyXrO2WiQ==&enc=utf8	 전주여행 때 움직이기 차가 편할지 대중교통이 편할지 알려주세요 교통 상황이 어떤지 궁금합니다 전주여행 전주맛집 국내여행 전주달봉이 달봉티비 전주여행 코스 전주가볼만한곳 여수여행 여수가볼만한곳 제주도여행 	 경주여행 (숙소추천)  전주여행 때 움직이기 차가 편할지 대중교통이 편할지 알려주세요 교통 상황이 어떤지 궁금합니다 전주여행 전주맛집 국내여행 전주달봉이 달봉티비 전주여행 코스 전주가볼만한곳 여수여행 여수가볼만한곳 제주도여행 
전주 여행	328	전주 여행	https://kin.naver.com/qna/detail.naver?d1id=12&dirId=121305&docId=457210792&qb=7KCE7KO8IOyXrO2WiQ==&enc=utf8	 전주 여행 을 가시려하는군요 그렇다면 전주에서 연인들이 제일 많이 찾는 곳들 추천해드리겠습니다 전주한옥마을 전주동물원 한국도로공사수목원 전주향교 덕진공원 	 경주여행 (숙소추천)  전주 여행 을 가시려하는군요 그렇다면 전주에서 연인들이 제일 많이 찾는 곳들 추천해드리겠습니다 전주한옥마을 전주동물원 한국도로공사수목원 전주향교 덕진공원 
전주 여행	329	전주여행 관련	https://kin.naver.com/qna/detail.naver?d1id=9&dirId=90110&docId=469137468&qb=7KCE7KO8IOyXrO2WiQ==&enc=utf8	 전주여행 전주맛집 국내여행 전주달봉이 달봉티비 전주여행 코스 전주가볼만한곳 여수여행 여수가볼만한곳 제주도여행 제주도가볼만한곳 여행 전문 인플루언서 전주달봉이입니다 주말인지 평일인지에 따라다릅니다 	 경주여행 (숙소추천)  전주여행 전주맛집 국내여행 전주달봉이 달봉티비 전주여행 코스 전주가볼만한곳 여수여행 여수가볼만한곳 제주도여행 제주도가볼만한곳 여행 전문 인플루언서 전주달봉이입니다 주말인지 평일인지에 따라다릅니다 
전주 여행	330	전주 여행 가려고 하는데 1박2일vs2박3일	https://kin.naver.com/qna/detail.naver?d1id=9&dirId=901&docId=465668786&qb=7KCE7KO8IOyXrO2WiQ==&enc=utf8	 어떤게 적당할지 추천 좀 해주세요 전주여행 전주맛집 국내여행 전주달봉이 달봉티비 전주여행 코스 전주가볼만한곳 여수여행 여수가볼만한곳 제주도여행 제주도가볼만한곳 여행 전문 인플루언서 전주달봉이입니다 	 경주여행 (숙소추천)  어떤게 적당할지 추천 좀 해주세요 전주여행 전주맛집 국내여행 전주달봉이 달봉티비 전주여행 코스 전주가볼만한곳 여수여행 여수가볼만한곳 제주도여행 제주도가볼만한곳 여행 전문 인플루언서 전주달봉이입니다 
전주 여행	331	전주 여행	https://kin.naver.com/qna/detail.naver?d1id=9&dirId=90110&docId=449461461&qb=7KCE7KO8IOyXrO2WiQ==&enc=utf8	이번주에 전주 여행 1박 2일로 처음 가는데 가볼데 추천 좀 해주세요 걷기 좋은데 위주로요 걷는 거 좋아해요 트레킹 좋아해요 전주여행 을 계획중이시군요 전주에는 다양한 볼거리들과 	 경주여행 (숙소추천) 이번주에 전주 여행 1박 2일로 처음 가는데 가볼데 추천 좀 해주세요 걷기 좋은데 위주로요 걷는 거 좋아해요 트레킹 좋아해요 전주여행 을 계획중이시군요 전주에는 다양한 볼거리들과 
전주 여행	332	전주 2박3일 3명 여행 1인 경비	https://kin.naver.com/qna/detail.naver?d1id=12&dirId=121305&docId=480452158&qb=7KCE7KO8IOyXrO2WiQ==&enc=utf8	 식비랑 교통비 감이 안잡혀서요 술은 마실건데 많이 안마셔서 술값으로는 한번마실 때 만원씩 쓸거같아요 전주여행 전주맛집 국내여행 전주달봉이 달봉티비 전주여행 코스 전주가볼만한곳 여수여행 여수가볼만한곳 	 경주여행 (숙소추천)  식비랑 교통비 감이 안잡혀서요 술은 마실건데 많이 안마셔서 술값으로는 한번마실 때 만원씩 쓸거같아요 전주여행 전주맛집 국내여행 전주달봉이 달봉티비 전주여행 코스 전주가볼만한곳 여수여행 여수가볼만한곳 
전주 여행	333	전주 2박3일여행 비용	https://kin.naver.com/qna/detail.naver?d1id=9&dirId=90110&docId=441096616&qb=7KCE7KO8IOyXrO2WiQ==&enc=utf8	 전주여행 전주맛집 국내여행 전주달봉이 달봉티비 전주여행 코스 전주가볼만한곳 여수여행 여수가볼만한곳 제주도여행 제주도가볼만한곳 여행 전문 인플루언서 전주달봉이입니다 한옥마을은 입장료는 따로없습니다 기본 	 경주여행 (숙소추천)  전주여행 전주맛집 국내여행 전주달봉이 달봉티비 전주여행 코스 전주가볼만한곳 여수여행 여수가볼만한곳 제주도여행 제주도가볼만한곳 여행 전문 인플루언서 전주달봉이입니다 한옥마을은 입장료는 따로없습니다 기본 
전주 여행	334	친구랑 전주여행	https://kin.naver.com/qna/detail.naver?d1id=12&dirId=121305&docId=452584751&qb=7KCE7KO8IOyXrO2WiQ==&enc=utf8	친구랑 첫 전주여행 을 가보려고 합니다 가볼만한곳 호텔 맛집 추천해주세요 호텔은 시설이 괜찮고 깨끗했으면 좋겠어요 한옥이어도 괜찮아요 침대가 있는곳이면 더 좋겠어요 맛집은 양식 중식 일식 상관없습니다 비용도 1인당 	 경주여행 (숙소추천) 친구랑 첫 전주여행 을 가보려고 합니다 가볼만한곳 호텔 맛집 추천해주세요 호텔은 시설이 괜찮고 깨끗했으면 좋겠어요 한옥이어도 괜찮아요 침대가 있는곳이면 더 좋겠어요 맛집은 양식 중식 일식 상관없습니다 비용도 1인당 
전주 여행	335	2박3일 전주 크리스마스 여행	https://kin.naver.com/qna/detail.naver?d1id=9&dirId=90110&docId=459344814&qb=7KCE7KO8IOyXrO2WiQ==&enc=utf8	 전주여행 전주맛집 국내여행 전주달봉이 달봉티비 전주여행 코스 전주가볼만한곳 여수여행 여수가볼만한곳 제주도여행 제주도가볼만한곳 여행 전문 인플루언서 전주달봉이입니다 전주여행 코스는 한옥마을에서부터 시작을 	 경주여행 (숙소추천)  전주여행 전주맛집 국내여행 전주달봉이 달봉티비 전주여행 코스 전주가볼만한곳 여수여행 여수가볼만한곳 제주도여행 제주도가볼만한곳 여행 전문 인플루언서 전주달봉이입니다 전주여행 코스는 한옥마을에서부터 시작을 
전주 여행	336	1박2일 전주여행~.~	https://kin.naver.com/qna/detail.naver?d1id=12&dirId=121305&docId=407203201&qb=7KCE7KO8IOyXrO2WiQ==&enc=utf8	 질문하신 전주 여행 일정 관련 답변 드리도록 하겠습니다 여행가실 때 계획짜기 너무 귀찮죠 제가 전주에서 즐길 수 있는 1박 2일 여행을 준비해 보았어요 아래 일정을 참고해 보시고 즐거운 여행되시길 바라요 1일차 	 경주여행 (숙소추천)  질문하신 전주 여행 일정 관련 답변 드리도록 하겠습니다 여행가실 때 계획짜기 너무 귀찮죠 제가 전주에서 즐길 수 있는 1박 2일 여행을 준비해 보았어요 아래 일정을 참고해 보시고 즐거운 여행되시길 바라요 1일차 
전주 여행	337	초등 6학년 210명 전주 일대 1박2일 수학여행 코스	https://kin.naver.com/qna/detail.naver?d1id=9&dirId=90110&docId=466708706&qb=7KCE7KO8IOyXrO2WiQ==&enc=utf8	 전주 관광에 달인이신 전주달봉이님께서 코스 추천을 해 주시면 대단히 감사드리겠습니다 전주여행 전주맛집 국내여행 전주달봉이 달봉티비 전주여행 코스 전주가볼만한곳 여수여행 여수가볼만한곳 제주도여행 	 경주여행 (숙소추천)  전주 관광에 달인이신 전주달봉이님께서 코스 추천을 해 주시면 대단히 감사드리겠습니다 전주여행 전주맛집 국내여행 전주달봉이 달봉티비 전주여행 코스 전주가볼만한곳 여수여행 여수가볼만한곳 제주도여행 
전주 여행	338	1박2일 전주 혼자 여행 코스	https://kin.naver.com/qna/detail.naver?d1id=9&dirId=90110&docId=432699551&qb=7KCE7KO8IOyXrO2WiQ==&enc=utf8	 질문하신 전주 여행 정보 정리해봤습니다 참고해주세요 전주에서 가볼만한 곳 덕진공원 추천 덕진공원이 전주터미널에서 가장 가까운 곳이에요 산책하기에 좋은 호수공원이에요 덕진공원을 생략하고 곧바로 남부시장과 	 경주여행 (숙소추천)  질문하신 전주 여행 정보 정리해봤습니다 참고해주세요 전주에서 가볼만한 곳 덕진공원 추천 덕진공원이 전주터미널에서 가장 가까운 곳이에요 산책하기에 좋은 호수공원이에요 덕진공원을 생략하고 곧바로 남부시장과 
전주 여행	339	전주여행 갈곳, 전시회 추천	https://kin.naver.com/qna/detail.naver?d1id=9&dirId=90110&docId=438462586&qb=7KCE7KO8IOyXrO2WiQ==&enc=utf8	제가 이번달 말에 남자친구랑 전주여행 을 가는데요 전주한옥마을만 가기엔 그래서 갈만한 곳 공방 전시회같은거 있음 추천부탁드려요 안녕하세요 질문하신 전주여행 관련 답변 드리도록 하겠습니다 전주로 놀러가시나 봅니다 	 경주여행 (숙소추천) 제가 이번달 말에 남자친구랑 전주여행 을 가는데요 전주한옥마을만 가기엔 그래서 갈만한 곳 공방 전시회같은거 있음 추천부탁드려요 안녕하세요 질문하신 전주여행 관련 답변 드리도록 하겠습니다 전주로 놀러가시나 봅니다 
전주 여행	340	전주여행 코스 추천	https://kin.naver.com/qna/detail.naver?d1id=12&dirId=121305&docId=261431923&qb=7KCE7KO8IOyXrO2WiQ==&enc=utf8	안녕하세요 여자친구랑 전주여행 을 갈예정인데 숙소를 전주 더클래식호텔로 잡고 1박2일 일정으로 여행을 가게되었습니다 근데 금요일 오후 5시쯤 전주에 도착예정이고 자가차가 없어 이동수단을 대중교통과 택시로 할예정입니다 	 경주여행 (숙소추천) 안녕하세요 여자친구랑 전주여행 을 갈예정인데 숙소를 전주 더클래식호텔로 잡고 1박2일 일정으로 여행을 가게되었습니다 근데 금요일 오후 5시쯤 전주에 도착예정이고 자가차가 없어 이동수단을 대중교통과 택시로 할예정입니다 
전주 여행	341	전주 여행	https://kin.naver.com/qna/detail.naver?d1id=12&dirId=121305&docId=454611584&qb=7KCE7KO8IOyXrO2WiQ==&enc=utf8	 각각 거리가 가까운지 알고싶어요 추석에 여행예정입니다 그외 갈만한곳 추천해주세요 전주여행 전주맛집 국내여행 전주달봉이 달봉티비 전주여행 코스 전주가볼만한곳 여수여행 여수가볼만한곳 제주도여행 	 경주여행 (숙소추천)  각각 거리가 가까운지 알고싶어요 추석에 여행예정입니다 그외 갈만한곳 추천해주세요 전주여행 전주맛집 국내여행 전주달봉이 달봉티비 전주여행 코스 전주가볼만한곳 여수여행 여수가볼만한곳 제주도여행 
전주 여행	342	전주여행 갈만한곳있을까요?	https://kin.naver.com/qna/detail.naver?d1id=9&dirId=90110&docId=467434913&qb=7KCE7KO8IOyXrO2WiQ==&enc=utf8	 전주여행 전주맛집 국내여행 전주달봉이 달봉티비 전주여행 코스 전주가볼만한곳 여수여행 여수가볼만한곳 제주도여행 제주도가볼만한곳 여행 전문 인플루언서 전주달봉이입니다 전주여행 코스는 한옥마을에서부터 	 경주여행 (숙소추천)  전주여행 전주맛집 국내여행 전주달봉이 달봉티비 전주여행 코스 전주가볼만한곳 여수여행 여수가볼만한곳 제주도여행 제주도가볼만한곳 여행 전문 인플루언서 전주달봉이입니다 전주여행 코스는 한옥마을에서부터 
전주 여행	343	전주 여행코스	https://kin.naver.com/qna/detail.naver?d1id=9&dirId=90110&docId=402381652&qb=7KCE7KO8IOyXrO2WiQ==&enc=utf8	 전주여행 일정에 질문자님께서 봐둔 곳 모두 반양하기에 시간상 무리가 있을 거 같아 꼭 가고 싶은 곳을 넣어 일정을 만들어 보았습니다 1일차 가운데집 점심 전주한지박물관 관광 전주수목원 관광 오목대 관광 교동다윈 	 경주여행 (숙소추천)  전주여행 일정에 질문자님께서 봐둔 곳 모두 반양하기에 시간상 무리가 있을 거 같아 꼭 가고 싶은 곳을 넣어 일정을 만들어 보았습니다 1일차 가운데집 점심 전주한지박물관 관광 전주수목원 관광 오목대 관광 교동다윈 
전주 여행	344	전주여행 추천 부탁 드립니다	https://kin.naver.com/qna/detail.naver?d1id=12&dirId=121305&docId=438620129&qb=7KCE7KO8IOyXrO2WiQ==&enc=utf8	2월 12 13일에 전주 여행 할려구 합니다 1박2일 가볼만한곳이랑 맛집 추천 부탁드립니다 감사합니다 전주맛집 여행 전주달봉이 달봉티비 전주여행 코스 전주가볼만한곳 여행 인플루언서 전주달봉이입니다 전주여행 	 경주여행 (숙소추천) 2월 12 13일에 전주 여행 할려구 합니다 1박2일 가볼만한곳이랑 맛집 추천 부탁드립니다 감사합니다 전주맛집 여행 전주달봉이 달봉티비 전주여행 코스 전주가볼만한곳 여행 인플루언서 전주달봉이입니다 전주여행 
전주 여행	345	강아지와함께 전주여행 가능한곳ㅜ	https://kin.naver.com/qna/detail.naver?d1id=9&dirId=90110&docId=454069765&qb=7KCE7KO8IOyXrO2WiQ==&enc=utf8	 전주여행 갈껀데요 강아지 같이 동반할꺼라서요 혹시 강아지같이 갈수있는곳좀 알려주세요 맛집이랑 관광징 반려동물 1등 여행앱 반려생활입니다 하늘이 맑은 가을에 전주 여행 을 떠나시는군요 강아지랑 함께 더 좋은 추억 	 경주여행 (숙소추천)  전주여행 갈껀데요 강아지 같이 동반할꺼라서요 혹시 강아지같이 갈수있는곳좀 알려주세요 맛집이랑 관광징 반려동물 1등 여행앱 반려생활입니다 하늘이 맑은 가을에 전주 여행 을 떠나시는군요 강아지랑 함께 더 좋은 추억 
전주 여행	346	광주에서 전주 2박3일 여행	https://kin.naver.com/qna/detail.naver?d1id=9&dirId=90110&docId=441966752&qb=7KCE7KO8IOyXrO2WiQ==&enc=utf8	 감사하겠습니다 전주여행 전주맛집 국내여행 전주달봉이 달봉티비 전주여행 코스 전주가볼만한곳 여수여행 여수가볼만한곳 제주도여행 제주도가볼만한곳 여행 전문 인플루언서 전주달봉이입니다 버스터미널에서 내리셔서 	 경주여행 (숙소추천)  감사하겠습니다 전주여행 전주맛집 국내여행 전주달봉이 달봉티비 전주여행 코스 전주가볼만한곳 여수여행 여수가볼만한곳 제주도여행 제주도가볼만한곳 여행 전문 인플루언서 전주달봉이입니다 버스터미널에서 내리셔서 
전주 여행	347	전주여행코스 좀 짜주세요 ~	https://kin.naver.com/qna/detail.naver?d1id=9&dirId=90110&docId=407277228&qb=7KCE7KO8IOyXrO2WiQ==&enc=utf8	 질문하신 전주 여행 일정 관련 답변 드리도록 하겠습니다 친정 어머니와 딸과 다 함께 하는 여행 듣기만 해도 설레네요 아래 세 분께서 모두 즐길 수 있는 여행 일정을 준비해 보았어요 참고해 보시고 여행에 도움 되셨으면 	 경주여행 (숙소추천)  질문하신 전주 여행 일정 관련 답변 드리도록 하겠습니다 친정 어머니와 딸과 다 함께 하는 여행 듣기만 해도 설레네요 아래 세 분께서 모두 즐길 수 있는 여행 일정을 준비해 보았어요 참고해 보시고 여행에 도움 되셨으면 
전주 여행	348	[추천해주세요] 전주 당일치기 여행	https://kin.naver.com/qna/detail.naver?d1id=9&dirId=90110&docId=441175638&qb=7KCE7KO8IOyXrO2WiQ==&enc=utf8	 추천해주세요 전주 당일치기 여행 전주여행 전주맛집 국내여행 전주달봉이 달봉티비 전주여행 코스 전주가볼만한곳 여수여행 여수가볼만한곳 제주도여행 제주도가볼만한곳 여행 전문 인플루언서 전주달봉이입니다 	 경주여행 (숙소추천)  추천해주세요 전주 당일치기 여행 전주여행 전주맛집 국내여행 전주달봉이 달봉티비 전주여행 코스 전주가볼만한곳 여수여행 여수가볼만한곳 제주도여행 제주도가볼만한곳 여행 전문 인플루언서 전주달봉이입니다 
전주 여행	349	전주여행팀조뮤ㅠ	https://kin.naver.com/qna/detail.naver?d1id=6&dirId=60203&docId=465427767&qb=7KCE7KO8IOyXrO2WiQ==&enc=utf8	 전주여행 1박2일가는데가기좋은곳이랑맛집좀알려주세요 안녕하세요 서울지방변호사회 소속으로 지식iN 법률상담을 진행하고 있는 김선용 변호사입니다 알아보는것이 어려우시다면 인스타그램에 전주라고 검색 하셔서 	 경주여행 (숙소추천)  전주여행 1박2일가는데가기좋은곳이랑맛집좀알려주세요 안녕하세요 서울지방변호사회 소속으로 지식iN 법률상담을 진행하고 있는 김선용 변호사입니다 알아보는것이 어려우시다면 인스타그램에 전주라고 검색 하셔서 
전주 여행	350	고등학교친구들과 전주여행 당일치기	https://kin.naver.com/qna/detail.naver?d1id=9&dirId=90110&docId=466553507&qb=7KCE7KO8IOyXrO2WiQ==&enc=utf8	지금 고등학교3학년 친구들과 함께 4월달에 전주여행 을 당일치기로 갈 예정인데 부모님께 뭐라고 말씀드리면 허락을 받을수 있을까요 고등학교 시절 친구들과의 소중한 추억을 만들기 위해 전주 여행 을 다녀오기로 했습니다 전주는 	 경주여행 (숙소추천) 지금 고등학교3학년 친구들과 함께 4월달에 전주여행 을 당일치기로 갈 예정인데 부모님께 뭐라고 말씀드리면 허락을 받을수 있을까요 고등학교 시절 친구들과의 소중한 추억을 만들기 위해 전주 여행 을 다녀오기로 했습니다 전주는 
전주 여행	351	전주로 휴가갈건데 여행코스 추천해주세요	https://kin.naver.com/qna/detail.naver?d1id=8&dirId=8110301&docId=450793606&qb=7KCE7KO8IOyXrO2WiQ==&enc=utf8	 위의 일정은 참고용으로 제시한 것이며 여행 일정에 따라 조정할 수 있습니다 또한 음식점의 웨이팅 시간은 방문 시간과 요일에 따라 달라질 수 있으니 참고해주세요 즐거운 전주 여행 되시길 바랍니다 	 경주여행 (숙소추천)  위의 일정은 참고용으로 제시한 것이며 여행 일정에 따라 조정할 수 있습니다 또한 음식점의 웨이팅 시간은 방문 시간과 요일에 따라 달라질 수 있으니 참고해주세요 즐거운 전주 여행 되시길 바랍니다 
전주 여행	352	여자2명이서2박3일로 전주여행질문	https://kin.naver.com/qna/detail.naver?d1id=9&dirId=901&docId=228331353&qb=7KCE7KO8IOyXrO2WiQ==&enc=utf8	 2박 3일로 전주 를 여행 하신다면 다음과 같은 일정을 추천해드립니다 Day 1 전주 한옥마을 전통 한옥 건물과 전통 문화를 경험할 수 있는 곳입니다 전주 향교 조선시대 교육기관인 향교를 볼 수 있습니다 전주 남부시장 전주 의 	 경주여행 (숙소추천)  2박 3일로 전주 를 여행 하신다면 다음과 같은 일정을 추천해드립니다 Day 1 전주 한옥마을 전통 한옥 건물과 전통 문화를 경험할 수 있는 곳입니다 전주 향교 조선시대 교육기관인 향교를 볼 수 있습니다 전주 남부시장 전주 의 
전주 여행	353	전주 여행코스 짜주세요! 많이 급합니다..!	https://kin.naver.com/qna/detail.naver?d1id=12&dirId=121305&docId=430866279&qb=7KCE7KO8IOyXrO2WiQ==&enc=utf8	안녕하세요 가족 여행 으로 전주 에 놀러가려는데요 당장 이번주 금요일에 가는데 어딜갈지 몰라서 숙소는 라한호텔로 잡았고 한옥마을 쪽을 가고 싶은데 별로 걷지 않으면서 카페투어는 아닌 여행 코스 짜주실 수 있나요 호캉스로 	 경주여행 (숙소추천) 안녕하세요 가족 여행 으로 전주 에 놀러가려는데요 당장 이번주 금요일에 가는데 어딜갈지 몰라서 숙소는 라한호텔로 잡았고 한옥마을 쪽을 가고 싶은데 별로 걷지 않으면서 카페투어는 아닌 여행 코스 짜주실 수 있나요 호캉스로 
전주 여행	354	전주 1박2일 여행	https://kin.naver.com/qna/detail.naver?d1id=9&dirId=90110&docId=444409591&qb=7KCE7KO8IOyXrO2WiQ==&enc=utf8	 대둔산 케이블카 주말에 사람많겠죠 괜찮은 코스 추천해주세요 전주여행 전주맛집 국내여행 전주달봉이 달봉티비 전주여행 코스 전주가볼만한곳 여수여행 여수가볼만한곳 제주도여행 제주도가볼만한곳 여행 전문 	 경주여행 (숙소추천)  대둔산 케이블카 주말에 사람많겠죠 괜찮은 코스 추천해주세요 전주여행 전주맛집 국내여행 전주달봉이 달봉티비 전주여행 코스 전주가볼만한곳 여수여행 여수가볼만한곳 제주도여행 제주도가볼만한곳 여행 전문 
전주 여행	355	전주 여행코스!!!	https://kin.naver.com/qna/detail.naver?d1id=12&dirId=121305&docId=432706708&qb=7KCE7KO8IOyXrO2WiQ==&enc=utf8	 이미 전주여행 을 마치고 복귀하셨을 것 같네요 저희도 지난주에 당일코스로 전주에 다녀왔는데요 주말이라서 그런지 차들도 많고 관광지에는 사람들도 많아서 생각처럼 많이 둘러보지 못해서 아쉽더라고요 최소한 1박2일 	 경주여행 (숙소추천)  이미 전주여행 을 마치고 복귀하셨을 것 같네요 저희도 지난주에 당일코스로 전주에 다녀왔는데요 주말이라서 그런지 차들도 많고 관광지에는 사람들도 많아서 생각처럼 많이 둘러보지 못해서 아쉽더라고요 최소한 1박2일 
전주 여행	356	전주 한옥마을 당일치기 여행 질문	https://kin.naver.com/qna/detail.naver?d1id=9&dirId=90110&docId=439825862&qb=7KCE7KO8IOyXrO2WiQ==&enc=utf8	 전주여수제주도맛집 여행 전주달봉이 달봉티비 전주여행 코스 전주가볼만한곳 여수여행 여수가볼만한곳 제주도여행 제주도가볼만한곳 여행 전문 인플루언서 전주달봉이입니다 1 7000 8000원 2 흐노니 마시랑게 전망 달곰 3 	 경주여행 (숙소추천)  전주여수제주도맛집 여행 전주달봉이 달봉티비 전주여행 코스 전주가볼만한곳 여수여행 여수가볼만한곳 제주도여행 제주도가볼만한곳 여행 전문 인플루언서 전주달봉이입니다 1 7000 8000원 2 흐노니 마시랑게 전망 달곰 3 
전주 여행	357	전주 혼자2박3일여행	https://kin.naver.com/qna/detail.naver?d1id=9&dirId=90110&docId=224588034&qb=7KCE7KO8IOyXrO2WiQ==&enc=utf8	 아무래도 사람이 많으면 맛집같은곳에서 혼자못먹을것같아서 5월 중순은 전주 여행 을 즐기기 좋은 계절입니다 하지만 현재는 코로나19로 인해 여행객이 줄어들고 있으므로 사람이 많지 않을 것으로 예상됩니다 전주는 맛집이 	 경주여행 (숙소추천)  아무래도 사람이 많으면 맛집같은곳에서 혼자못먹을것같아서 5월 중순은 전주 여행 을 즐기기 좋은 계절입니다 하지만 현재는 코로나19로 인해 여행객이 줄어들고 있으므로 사람이 많지 않을 것으로 예상됩니다 전주는 맛집이 
전주 여행	358	전주 여행	https://kin.naver.com/qna/detail.naver?d1id=9&dirId=90110&docId=436440960&qb=7KCE7KO8IOyXrO2WiQ==&enc=utf8	 제가 이번달 16일에 친구 3명하고 전주 로 여행 을 가는데 궁금한 게 많아서요 하나하나 답장해주시면 감사하겟습니다 1 여수에서 전주 KTX 왕복 기차표값이 얼마인가요 2 중2들이 전주 가서 놀 게 뭐가 잇을까요 3 	 경주여행 (숙소추천)  제가 이번달 16일에 친구 3명하고 전주 로 여행 을 가는데 궁금한 게 많아서요 하나하나 답장해주시면 감사하겟습니다 1 여수에서 전주 KTX 왕복 기차표값이 얼마인가요 2 중2들이 전주 가서 놀 게 뭐가 잇을까요 3 
전주 여행	359	전주여행갈껀데 월요일 휴무가 많나요?	https://kin.naver.com/qna/detail.naver?d1id=12&dirId=121305&docId=467372054&qb=7KCE7KO8IOyXrO2WiQ==&enc=utf8	 전주여행 전주맛집 국내여행 전주달봉이 달봉티비 전주여행 코스 전주가볼만한곳 여수여행 여수가볼만한곳 제주도여행 제주도가볼만한곳 여행 전문 인플루언서 전주달봉이입니다 걱정안하셔도되셔요 대부분 오픈합니다 	 경주여행 (숙소추천)  전주여행 전주맛집 국내여행 전주달봉이 달봉티비 전주여행 코스 전주가볼만한곳 여수여행 여수가볼만한곳 제주도여행 제주도가볼만한곳 여행 전문 인플루언서 전주달봉이입니다 걱정안하셔도되셔요 대부분 오픈합니다 
전주 여행	360	내일 전주 당일치기 부모님과 여행을	https://kin.naver.com/qna/detail.naver?d1id=12&dirId=121305&docId=451191859&qb=7KCE7KO8IOyXrO2WiQ==&enc=utf8	 전주여행 전주맛집 국내여행 전주달봉이 달봉티비 전주여행 코스 전주가볼만한곳 여수여행 여수가볼만한곳 제주도여행 제주도가볼만한곳 여행 전문 인플루언서 전주달봉이입니다 바다는 군산 새만금 돌아보시면 	 경주여행 (숙소추천)  전주여행 전주맛집 국내여행 전주달봉이 달봉티비 전주여행 코스 전주가볼만한곳 여수여행 여수가볼만한곳 제주도여행 제주도가볼만한곳 여행 전문 인플루언서 전주달봉이입니다 바다는 군산 새만금 돌아보시면 
전주 여행	361	전주여행 갈만한곳(숙소/한옥마을게스트하우스)	https://kin.naver.com/qna/detail.naver?d1id=9&dirId=90110&docId=230766988&qb=7KCE7KO8IOyXrO2WiQ==&enc=utf8	안녕하세요 가족들과 함께 전주여행 을 가려고 합니다 한옥마을로 유명한 전주여행 을 꼭 한번 해보고 싶어했었는데 이번을 기회로 꼭 다녀와보려구요 전라도 음식이 맛있다고 전주에 가면 전라도의 대표음식도 먹어볼뿐만 아니라 맛집도 	 경주여행 (숙소추천) 안녕하세요 가족들과 함께 전주여행 을 가려고 합니다 한옥마을로 유명한 전주여행 을 꼭 한번 해보고 싶어했었는데 이번을 기회로 꼭 다녀와보려구요 전라도 음식이 맛있다고 전주에 가면 전라도의 대표음식도 먹어볼뿐만 아니라 맛집도 
전주 여행	362	전주 여행 코스 추천 좀	https://kin.naver.com/qna/detail.naver?d1id=9&dirId=90110&docId=430018803&qb=7KCE7KO8IOyXrO2WiQ==&enc=utf8	 전주 여행 코스 추천 좀 전주여수맛집 전주여행 여수여행 전주달봉이 달봉티비 전주여행 코스 전주가볼만한곳 여수여행 여수가볼만한곳 여행 인플루언서 전주달봉이입니다 전주여행 코스는 대부분 한옥마을에서 시작을 합니다 	 경주여행 (숙소추천)  전주 여행 코스 추천 좀 전주여수맛집 전주여행 여수여행 전주달봉이 달봉티비 전주여행 코스 전주가볼만한곳 여수여행 여수가볼만한곳 여행 인플루언서 전주달봉이입니다 전주여행 코스는 대부분 한옥마을에서 시작을 합니다 
전주 여행	363	전주여행 볼거리	https://kin.naver.com/qna/detail.naver?d1id=9&dirId=90110&docId=429817174&qb=7KCE7KO8IOyXrO2WiQ==&enc=utf8	이번주 전주여행 가는데 볼거리 맛집 등 알려주세요 전주에서 가볼만한 곳들 추천해드리겠습니다 전주한옥마을 전주동물원 한국도로공사수목원 덕진공원 전주난장 	 경주여행 (숙소추천) 이번주 전주여행 가는데 볼거리 맛집 등 알려주세요 전주에서 가볼만한 곳들 추천해드리겠습니다 전주한옥마을 전주동물원 한국도로공사수목원 덕진공원 전주난장 
전주 여행	364	전주에 여행가는데 오션뷰 카페 추천해주세요.	https://kin.naver.com/qna/detail.naver?d1id=12&dirId=121305&docId=468083904&qb=7KCE7KO8IOyXrO2WiQ==&enc=utf8	 전주여행 전주맛집 국내여행 전주달봉이 달봉티비 전주여행 코스 전주가볼만한곳 여수여행 여수가볼만한곳 제주도여행 제주도가볼만한곳 여행 전문 인플루언서 전주달봉이입니다 아쉽게도 전주이는 바다가없어서 	 경주여행 (숙소추천)  전주여행 전주맛집 국내여행 전주달봉이 달봉티비 전주여행 코스 전주가볼만한곳 여수여행 여수가볼만한곳 제주도여행 제주도가볼만한곳 여행 전문 인플루언서 전주달봉이입니다 아쉽게도 전주이는 바다가없어서 
전주 여행	365	전주 가족 여행 코스 문의 드려요!	https://kin.naver.com/qna/detail.naver?d1id=9&dirId=90110&docId=482953663&qb=7KCE7KO8IOyXrO2WiQ==&enc=utf8	 전주여행 전주맛집 국내여행 전주달봉이 달봉티비 전주여행 코스 전주가볼만한곳 여수여행 여수가볼만한곳 제주도여행 제주도가볼만한곳 여행 전문 인플루언서 전주달봉이입니다 전주여행 코스는 한옥마을에서부터 	 경주여행 (숙소추천)  전주여행 전주맛집 국내여행 전주달봉이 달봉티비 전주여행 코스 전주가볼만한곳 여수여행 여수가볼만한곳 제주도여행 제주도가볼만한곳 여행 전문 인플루언서 전주달봉이입니다 전주여행 코스는 한옥마을에서부터 
전주 여행	366	전주 여행 코스 및 일정 추천 부탁드려요(토요일 하루)	https://kin.naver.com/qna/detail.naver?d1id=9&dirId=90110&docId=443982849&qb=7KCE7KO8IOyXrO2WiQ==&enc=utf8	 일정이 괜찮은지 수정이 필요한 부분이 있는지 인근 맛집 등은 또 있는지 등등 의견 부탁 드립니다 전주여행 전주맛집 국내여행 전주달봉이 달봉티비 전주여행 코스 전주가볼만한곳 여수여행 여수가볼만한곳 제주도여행 	 경주여행 (숙소추천)  일정이 괜찮은지 수정이 필요한 부분이 있는지 인근 맛집 등은 또 있는지 등등 의견 부탁 드립니다 전주여행 전주맛집 국내여행 전주달봉이 달봉티비 전주여행 코스 전주가볼만한곳 여수여행 여수가볼만한곳 제주도여행 
전주 여행	367	전주 여행가려는데..	https://kin.naver.com/qna/detail.naver?d1id=9&dirId=90110&docId=432785295&qb=7KCE7KO8IOyXrO2WiQ==&enc=utf8	 전주 한옥마을 근처에서 숙박하며 여행 한다면 어디어디 가고 어떤 맛집이 좋은지 버스나 택시타고 조금만 나가도 되는 가볼만한 곳이 어딘지 등등 추천해주세요 2 그외에 다른곳 어디 	 경주여행 (숙소추천)  전주 한옥마을 근처에서 숙박하며 여행 한다면 어디어디 가고 어떤 맛집이 좋은지 버스나 택시타고 조금만 나가도 되는 가볼만한 곳이 어딘지 등등 추천해주세요 2 그외에 다른곳 어디 
전주 여행	368	전주 여행 코스	https://kin.naver.com/qna/detail.naver?d1id=12&dirId=121305&docId=452031214&qb=7KCE7KO8IOyXrO2WiQ==&enc=utf8	아침으로 전주 현대옥 본점 가서 먹고 점심으로는 전주 비빔소리를 가려고 하는데 현대옥과 비빔소리 중간에 어디 구경할 곳이나 갈만한 곳 없을까요 전주여행 전주맛집 국내여행 전주달봉이 달봉티비 전주여행 코스 	 경주여행 (숙소추천) 아침으로 전주 현대옥 본점 가서 먹고 점심으로는 전주 비빔소리를 가려고 하는데 현대옥과 비빔소리 중간에 어디 구경할 곳이나 갈만한 곳 없을까요 전주여행 전주맛집 국내여행 전주달봉이 달봉티비 전주여행 코스 
전주 여행	369	전주 한옥마을 여행준비중입니다	https://kin.naver.com/qna/detail.naver?d1id=9&dirId=90110&docId=475632922&qb=7KCE7KO8IOyXrO2WiQ==&enc=utf8	 대여는 천차만별입니다 기본 금액은 10000원 부터시작합니다 시간과 한복에따라서 가격이다릅니다 전주여행 전주맛집 국내여행 전주달봉이 달봉티비 전주여행 코스 전주가볼만한곳 여수여행 여수가볼만한곳 제주도여행 	 경주여행 (숙소추천)  대여는 천차만별입니다 기본 금액은 10000원 부터시작합니다 시간과 한복에따라서 가격이다릅니다 전주여행 전주맛집 국내여행 전주달봉이 달봉티비 전주여행 코스 전주가볼만한곳 여수여행 여수가볼만한곳 제주도여행 
전주 여행	370	전라도 전주여행	https://kin.naver.com/qna/detail.naver?d1id=9&dirId=90110&docId=428170195&qb=7KCE7KO8IOyXrO2WiQ==&enc=utf8	 전주 에 여행 을 가려고하는데 한번도안가봐서요 1박2일이나 2박3일 있을예정인데 가볼만한곳 추천받아용 체험도좋구용 전주 에서 가볼만한 곳들 추천해드리겠습니다 전주 한옥마을 	 경주여행 (숙소추천)  전주 에 여행 을 가려고하는데 한번도안가봐서요 1박2일이나 2박3일 있을예정인데 가볼만한곳 추천받아용 체험도좋구용 전주 에서 가볼만한 곳들 추천해드리겠습니다 전주 한옥마을 
전주 여행	371	전주 여행	https://kin.naver.com/qna/detail.naver?d1id=9&dirId=90104&docId=402165747&qb=7KCE7KO8IOyXrO2WiQ==&enc=utf8	 참고로 저희는 뚜벅이 입니댜 전주 여행 을 계획중이시군요 그럼 전주에서 가볼만한곳들 추천해드리겠습니다 한국도로공사수목원 전주동물원 자만마을 벽화갤러리 국립전주박물관 	 경주여행 (숙소추천)  참고로 저희는 뚜벅이 입니댜 전주 여행 을 계획중이시군요 그럼 전주에서 가볼만한곳들 추천해드리겠습니다 한국도로공사수목원 전주동물원 자만마을 벽화갤러리 국립전주박물관 
전주 여행	372	전주 여행 코스 추천	https://kin.naver.com/qna/detail.naver?d1id=9&dirId=90110&docId=430028571&qb=7KCE7KO8IOyXrO2WiQ==&enc=utf8	 전주 여행 코스 추천 안녕하세요 전주맛집 전주블로그 전주달봉이입니다 대부분 1박2일 코스로들 전주를 놀러오십니다 한옥마을 경기전 남부시장야시장 벽화마을 전동성당 향교 오목대 이렇게들 많이들 둘러보시고요 더 추가로 	 경주여행 (숙소추천)  전주 여행 코스 추천 안녕하세요 전주맛집 전주블로그 전주달봉이입니다 대부분 1박2일 코스로들 전주를 놀러오십니다 한옥마을 경기전 남부시장야시장 벽화마을 전동성당 향교 오목대 이렇게들 많이들 둘러보시고요 더 추가로 
전주 여행	373	전주 여행 코스 동선 좀 짜주세요	https://kin.naver.com/qna/detail.naver?d1id=12&dirId=121305&docId=458306197&qb=7KCE7KO8IOyXrO2WiQ==&enc=utf8	 숙소는 완산구 서신동입니다 전주여행 전주맛집 국내여행 전주달봉이 달봉티비 전주여행 코스 전주가볼만한곳 여수여행 여수가볼만한곳 제주도여행 제주도가볼만한곳 여행 전문 인플루언서 전주달봉이입니다 1 한옥마을 	 경주여행 (숙소추천)  숙소는 완산구 서신동입니다 전주여행 전주맛집 국내여행 전주달봉이 달봉티비 전주여행 코스 전주가볼만한곳 여수여행 여수가볼만한곳 제주도여행 제주도가볼만한곳 여행 전문 인플루언서 전주달봉이입니다 1 한옥마을 
전주 여행	374	전주여행!	https://kin.naver.com/qna/detail.naver?d1id=12&dirId=121305&docId=459792395&qb=7KCE7KO8IOyXrO2WiQ==&enc=utf8	크리스마스에 단둘이서 당일치기로 전주여행 하기로했습니다 고등학생인데요 어느정도 들고가는게맞고 전주는 할게 뭐뭐 있을까요 제대로 답변해주세요 대학로와 투어공연하는 연극 추천해 드릴께요 	 경주여행 (숙소추천) 크리스마스에 단둘이서 당일치기로 전주여행 하기로했습니다 고등학생인데요 어느정도 들고가는게맞고 전주는 할게 뭐뭐 있을까요 제대로 답변해주세요 대학로와 투어공연하는 연극 추천해 드릴께요 
전주 여행	375	제가 전주여행을 갔는데여	https://kin.naver.com/qna/detail.naver?d1id=8&dirId=80101&docId=457532341&qb=7KCE7KO8IOyXrO2WiQ==&enc=utf8	제가 왜그런진 모르겠지만 그냥 전라도 사투리 듣기 싫더라구요 억양이 쎄서그런감 좀 듣기가 거북했는데 전주여행 갔었는데 무슨일인진모르겠지만 사람들 전라도 사투리 1도 안쓰던데요 쫌 의외였어요 전라북도 전주시 아닌가요 	 경주여행 (숙소추천) 제가 왜그런진 모르겠지만 그냥 전라도 사투리 듣기 싫더라구요 억양이 쎄서그런감 좀 듣기가 거북했는데 전주여행 갔었는데 무슨일인진모르겠지만 사람들 전라도 사투리 1도 안쓰던데요 쫌 의외였어요 전라북도 전주시 아닌가요 
전주 여행	376	전주 1박2일 여행코스 추천 및 조언해주세요	https://kin.naver.com/qna/detail.naver?d1id=12&dirId=121305&docId=467438359&qb=7KCE7KO8IOyXrO2WiQ==&enc=utf8	가고싶은곳 전주한옥마을 경기전 전주난장 전주국립박물관 전주동물원 이동수단 자동차 전주여행 전주맛집 국내여행 전주달봉이 달봉티비 전주여행 코스 전주가볼만한곳 여수여행 여수가볼만한곳 제주도여행 	 경주여행 (숙소추천) 가고싶은곳 전주한옥마을 경기전 전주난장 전주국립박물관 전주동물원 이동수단 자동차 전주여행 전주맛집 국내여행 전주달봉이 달봉티비 전주여행 코스 전주가볼만한곳 여수여행 여수가볼만한곳 제주도여행 
전주 여행	377	뚜벅이 여행으로 전주 가려는데 한옥마을 근처 짐... 	https://kin.naver.com/qna/detail.naver?d1id=9&dirId=90110&docId=428889568&qb=7KCE7KO8IOyXrO2WiQ==&enc=utf8	 이용하시면 원하는 장소에서 장소로 짐 운송이 가능합니다 가격도 저렴하고 앱을 통해 실시간으로 주문 및 현황 확인까지 가능해 여행 중 편리하게 이용이 가능하니 전주 뚜벅이여행 시 참고해보세요 즐거운 전주여행 되시길 바랄게요	 경주여행 (숙소추천)  이용하시면 원하는 장소에서 장소로 짐 운송이 가능합니다 가격도 저렴하고 앱을 통해 실시간으로 주문 및 현황 확인까지 가능해 여행 중 편리하게 이용이 가능하니 전주 뚜벅이여행 시 참고해보세요 즐거운 전주여행 되시길 바랄게요
전주 여행	378	전주 여행 일정	https://kin.naver.com/qna/detail.naver?d1id=9&dirId=90104&docId=394529795&qb=7KCE7KO8IOyXrO2WiQ==&enc=utf8	이번에 전주 로 여행 을 가는데 소요시간을 알고싶어요 한옥마을 초코파이 체험장 수목원 드림랜드 순으로 가는데 이동시간이 얼마나 걸릴까요 자세하게 부탁드릴게요 우선 전주 한옥마을내에 초코파이체험장이 있으니까요 이걸 	 경주여행 (숙소추천) 이번에 전주 로 여행 을 가는데 소요시간을 알고싶어요 한옥마을 초코파이 체험장 수목원 드림랜드 순으로 가는데 이동시간이 얼마나 걸릴까요 자세하게 부탁드릴게요 우선 전주 한옥마을내에 초코파이체험장이 있으니까요 이걸 
전주 여행	379	이번에 태교여행으로 2박3일 놀러가려고 하는데 강아지... 	https://kin.naver.com/qna/detail.naver?d1id=9&dirId=90110&docId=440802188&qb=7KCE7KO8IOyXrO2WiQ==&enc=utf8	 전주여행 전주맛집 국내여행 전주달봉이 달봉티비 전주여행 코스 전주가볼만한곳 여수여행 여수가볼만한곳 제주도여행 제주도가볼만한곳 여행 전문 인플루언서 전주달봉이입니다 전주여행 숙소잡기가 힘드시다면 바닷가가 	 경주여행 (숙소추천)  전주여행 전주맛집 국내여행 전주달봉이 달봉티비 전주여행 코스 전주가볼만한곳 여수여행 여수가볼만한곳 제주도여행 제주도가볼만한곳 여행 전문 인플루언서 전주달봉이입니다 전주여행 숙소잡기가 힘드시다면 바닷가가 
전주 여행	380	전주여행 추천해주세요	https://kin.naver.com/qna/detail.naver?d1id=9&dirId=90110&docId=272473514&qb=7KCE7KO8IOyXrO2WiQ==&enc=utf8	 전주여행 추천해주세요 전주식 가맥문화의 전일슈퍼 등의 전주만의 술 문화 외에도 에피큐어 평점 AA를 받은 전주식 한정식의 최고봉 수구정 전라회관 궁 전주비빔밥의 최고봉 고궁 성미당 토종 명품닭을 사용한 닭요리의 	 경주여행 (숙소추천)  전주여행 추천해주세요 전주식 가맥문화의 전일슈퍼 등의 전주만의 술 문화 외에도 에피큐어 평점 AA를 받은 전주식 한정식의 최고봉 수구정 전라회관 궁 전주비빔밥의 최고봉 고궁 성미당 토종 명품닭을 사용한 닭요리의 
전주 여행	381	1박2일 전주 혼자 여행 코스	https://kin.naver.com/qna/detail.naver?d1id=9&dirId=901&docId=224123446&qb=7KCE7KO8IOyXrO2WiQ==&enc=utf8	 질문하신 전주 여행 정보 정리해봤습니다 참고해주세요 전주에서 가볼만한 곳 덕진공원 추천 덕진공원이 전주터미널에서 가장 가까운 곳이에요 산책하기에 좋은 호수공원이에요 덕진공원을 생략하고 곧바로 남부시장과 	 경주여행 (숙소추천)  질문하신 전주 여행 정보 정리해봤습니다 참고해주세요 전주에서 가볼만한 곳 덕진공원 추천 덕진공원이 전주터미널에서 가장 가까운 곳이에요 산책하기에 좋은 호수공원이에요 덕진공원을 생략하고 곧바로 남부시장과 
전주 여행	382	전주 여행 갈려고 하는데	https://kin.naver.com/qna/detail.naver?d1id=9&dirId=90110&docId=485524293&qb=7KCE7KO8IOyXrO2WiQ==&enc=utf8	 전주여행 전주맛집 국내여행 전주달봉이 달봉티비 전주여행 코스 전주가볼만한곳 여수여행 여수가볼만한곳 제주도여행 제주도가볼만한곳 여행 전문 인플루언서 전주달봉이입니다 전주여행 코스는 한옥마을에서부터 시작을 	 경주여행 (숙소추천)  전주여행 전주맛집 국내여행 전주달봉이 달봉티비 전주여행 코스 전주가볼만한곳 여수여행 여수가볼만한곳 제주도여행 제주도가볼만한곳 여행 전문 인플루언서 전주달봉이입니다 전주여행 코스는 한옥마을에서부터 시작을 
전주 여행	383	2박3일 전주여행	https://kin.naver.com/qna/detail.naver?d1id=9&dirId=90110&docId=472470179&qb=7KCE7KO8IOyXrO2WiQ==&enc=utf8	부모님과 전주여행 가려고하는데 정보가 하나도 없어서요 숙소는 어디가좋은지 관광지는 어디가있는지 추천부탁드려요 전주여행 전주맛집 국내여행 전주달봉이 달봉티비 전주여행 코스 전주가볼만한곳 여수여행 	 경주여행 (숙소추천) 부모님과 전주여행 가려고하는데 정보가 하나도 없어서요 숙소는 어디가좋은지 관광지는 어디가있는지 추천부탁드려요 전주여행 전주맛집 국내여행 전주달봉이 달봉티비 전주여행 코스 전주가볼만한곳 여수여행 
전주 여행	384	전주 여행코스!!!	https://kin.naver.com/qna/detail.naver?d1id=9&dirId=90110&docId=223302720&qb=7KCE7KO8IOyXrO2WiQ==&enc=utf8	 이미 전주여행 을 마치고 복귀하셨을 것 같네요 저희도 지난주에 당일코스로 전주에 다녀왔는데요 주말이라서 그런지 차들도 많고 관광지에는 사람들도 많아서 생각처럼 많이 둘러보지 못해서 아쉽더라고요 최소한 1박2일 	 경주여행 (숙소추천)  이미 전주여행 을 마치고 복귀하셨을 것 같네요 저희도 지난주에 당일코스로 전주에 다녀왔는데요 주말이라서 그런지 차들도 많고 관광지에는 사람들도 많아서 생각처럼 많이 둘러보지 못해서 아쉽더라고요 최소한 1박2일 
전주 여행	385	전주 당일치기 여행을 가려고 하는데 질문이 있습니다	https://kin.naver.com/qna/detail.naver?d1id=9&dirId=90110&docId=474638285&qb=7KCE7KO8IOyXrO2WiQ==&enc=utf8	 전주여행 전주맛집 국내여행 전주달봉이 달봉티비 전주여행 코스 전주가볼만한곳 여수여행 여수가볼만한곳 제주도여행 제주도가볼만한곳 여행 전문 인플루언서 전주달봉이입니다 기지제 산책 저녁에도 많이들 하셔서 	 경주여행 (숙소추천)  전주여행 전주맛집 국내여행 전주달봉이 달봉티비 전주여행 코스 전주가볼만한곳 여수여행 여수가볼만한곳 제주도여행 제주도가볼만한곳 여행 전문 인플루언서 전주달봉이입니다 기지제 산책 저녁에도 많이들 하셔서 
전주 여행	386	전주 1박2일 여행가는데 코스추천부탁드려요~^^	https://kin.naver.com/qna/detail.naver?d1id=9&dirId=90110&docId=420277757&qb=7KCE7KO8IOyXrO2WiQ==&enc=utf8	남자친구와 생일여행으로 전주여행 을가는데 전주는 처음이라 좋은 코스있으면 추천좀 부탁드립니다 숙소는 전주 한옥마을 도보 10거리에 잡았고 자차 있어서 이동은 문제없습니다 맛집도 추천 부탁드려요 안녕하세요 AI 	 경주여행 (숙소추천) 남자친구와 생일여행으로 전주여행 을가는데 전주는 처음이라 좋은 코스있으면 추천좀 부탁드립니다 숙소는 전주 한옥마을 도보 10거리에 잡았고 자차 있어서 이동은 문제없습니다 맛집도 추천 부탁드려요 안녕하세요 AI 
전주 여행	387	전주 한옥마을에 남자 혼자 여행을 갈 예정입니다.	https://kin.naver.com/qna/detail.naver?d1id=9&dirId=90110&docId=441064844&qb=7KCE7KO8IOyXrO2WiQ==&enc=utf8	 욕조는 저도 굉장히 무리한 질문인것 같지만 혹시나해서 전주여행 전주맛집 국내여행 전주달봉이 달봉티비 전주여행 코스 전주가볼만한곳 여수여행 여수가볼만한곳 제주도여행 제주도가볼만한곳 여행 전문 인플루언서 	 경주여행 (숙소추천)  욕조는 저도 굉장히 무리한 질문인것 같지만 혹시나해서 전주여행 전주맛집 국내여행 전주달봉이 달봉티비 전주여행 코스 전주가볼만한곳 여수여행 여수가볼만한곳 제주도여행 제주도가볼만한곳 여행 전문 인플루언서 
전주 여행	388	전주 여행가는데 렌트를 하는게 좋을까	https://kin.naver.com/qna/detail.naver?d1id=9&dirId=90110&docId=431515138&qb=7KCE7KO8IOyXrO2WiQ==&enc=utf8	 전주 여행 가는데 렌트를 하는게 좋을까요 안녕하세요 천만 반려인과 함께하는 애견 동반 여행 플랫폼 하트독 입니다 전주는 작은 도시라서 택시로 이동을해도 크게 불편함이 없습니다 답변이 도움이 되셨다면 채택도 부탁드립니다 	 경주여행 (숙소추천)  전주 여행 가는데 렌트를 하는게 좋을까요 안녕하세요 천만 반려인과 함께하는 애견 동반 여행 플랫폼 하트독 입니다 전주는 작은 도시라서 택시로 이동을해도 크게 불편함이 없습니다 답변이 도움이 되셨다면 채택도 부탁드립니다 
전주 여행	389	전주 여행코스 질문드려요	https://kin.naver.com/qna/detail.naver?d1id=12&dirId=121305&docId=149726141&qb=7KCE7KO8IOyXrO2WiQ==&enc=utf8	 이상은 제가 전주여행 문의하는 분들께 통상 안내해 드리는 정보입니다 질문하신 분께 간단히 요약해 드리면 먼저 위 사이트 들어가셔서 방 예약하시고 오전에 	 경주여행 (숙소추천)  이상은 제가 전주여행 문의하는 분들께 통상 안내해 드리는 정보입니다 질문하신 분께 간단히 요약해 드리면 먼저 위 사이트 들어가셔서 방 예약하시고 오전에 
전주 여행	390	전주 여행 및 코스 질문 내공있어요~100	https://kin.naver.com/qna/detail.naver?d1id=12&dirId=121305&docId=279859546&qb=7KCE7KO8IOyXrO2WiQ==&enc=utf8	부산에서 전주여행 을 가려고 합니다 자차 여행이 아닌 버스위주로 가려고 합니다 그리고 전주만 가는것이아니라 전주갔다가 전주에서 가깝거나 버스로 1 2시간 정도 갈수있는 다른 지역도 여행 가고 싶은데 여행 많이 다니시는분들 	 경주여행 (숙소추천) 부산에서 전주여행 을 가려고 합니다 자차 여행이 아닌 버스위주로 가려고 합니다 그리고 전주만 가는것이아니라 전주갔다가 전주에서 가깝거나 버스로 1 2시간 정도 갈수있는 다른 지역도 여행 가고 싶은데 여행 많이 다니시는분들 
전주 여행	391	전주 여행코스 추천좀요	https://kin.naver.com/qna/detail.naver?d1id=9&dirId=90110&docId=414983842&qb=7KCE7KO8IOyXrO2WiQ==&enc=utf8	 전주 여행 코스 추천하세염 전주동물원 걍기전 전주한옥마을 덕진연못으로 가보세요	 경주여행 (숙소추천)  전주 여행 코스 추천하세염 전주동물원 걍기전 전주한옥마을 덕진연못으로 가보세요
전주 여행	392	전주여행 코스 좀 알려주세요	https://kin.naver.com/qna/detail.naver?d1id=9&dirId=90110&docId=387443906&qb=7KCE7KO8IOyXrO2WiQ==&enc=utf8	안녕하세요 전주 로 당일치기 여행 할껀데 코스 좀 짜주세요 전주 동물원 전주 한옥마을 전주 수목원 팔복예술공장 전주 드림랜드 당일치기로 갈껀데 코스좀알려주세요 자가용으로 이동하신다면 아래와 같은 코스가 시간을 아낄 수 	 경주여행 (숙소추천) 안녕하세요 전주 로 당일치기 여행 할껀데 코스 좀 짜주세요 전주 동물원 전주 한옥마을 전주 수목원 팔복예술공장 전주 드림랜드 당일치기로 갈껀데 코스좀알려주세요 자가용으로 이동하신다면 아래와 같은 코스가 시간을 아낄 수 
전주 여행	393	1박2일 전주 여행코스	https://kin.naver.com/qna/detail.naver?d1id=12&dirId=121305&docId=419637302&qb=7KCE7KO8IOyXrO2WiQ==&enc=utf8	 질문하신 전주 여행 코스 관련 답변드리겠습니다 가족 분들과 함께하는 전주 여행 을 계획 중이시군요 전주의 추천 명소와 맛집들을 포함해서 여다에서 맞춤형 1박 2일 전주 여행 코스를 준비했어요 아래 첨부된 일정을 	 경주여행 (숙소추천)  질문하신 전주 여행 코스 관련 답변드리겠습니다 가족 분들과 함께하는 전주 여행 을 계획 중이시군요 전주의 추천 명소와 맛집들을 포함해서 여다에서 맞춤형 1박 2일 전주 여행 코스를 준비했어요 아래 첨부된 일정을 
전주 여행	394	당일치기 전주여행코스	https://kin.naver.com/qna/detail.naver?d1id=9&dirId=90110&docId=276243421&qb=7KCE7KO8IOyXrO2WiQ==&enc=utf8	 처음으로 전주여행 을 가는거라서 아는 것이 많이 없어요 일단 전주 한옥마을에서 한복을 빌려서 한옥마을 전동성당이랑 경기전 그리고 자만벽화마을 까지 가기로 정했는데 또 다른 놀러갈 곳을 찾진 못했어요 전주에 한옥마을과 	 경주여행 (숙소추천)  처음으로 전주여행 을 가는거라서 아는 것이 많이 없어요 일단 전주 한옥마을에서 한복을 빌려서 한옥마을 전동성당이랑 경기전 그리고 자만벽화마을 까지 가기로 정했는데 또 다른 놀러갈 곳을 찾진 못했어요 전주에 한옥마을과 
전주 여행	395	초등 아이랑 전주여행 코스, 맛집 추천 부탁합니다	https://kin.naver.com/qna/detail.naver?d1id=12&dirId=121305&docId=436324017&qb=7KCE7KO8IOyXrO2WiQ==&enc=utf8	 아이와 전주 여행 을 계획하고 계시군요 전주에서 아이와 함께 가볼만한 곳 몇군데를 추천드려보도록 하겠습니다 1 전주 한옥마을 이미 계획에 넣어두신 장소인 전주 한옥마을이예요 한복도 입고 한옥마을을 거닐며 사진도 	 경주여행 (숙소추천)  아이와 전주 여행 을 계획하고 계시군요 전주에서 아이와 함께 가볼만한 곳 몇군데를 추천드려보도록 하겠습니다 1 전주 한옥마을 이미 계획에 넣어두신 장소인 전주 한옥마을이예요 한복도 입고 한옥마을을 거닐며 사진도 
전주 여행	396	(급합니다ㅠㅠ) 전주 여행코스	https://kin.naver.com/qna/detail.naver?d1id=12&dirId=121305&docId=230653752&qb=7KCE7KO8IOyXrO2WiQ==&enc=utf8	 전주여행 코스 추천드립니다 안녕하세요 여행전문블로거 쭈니아빠입니다 방학을 맞아서 친구분들과 전주여행 을 준비하고 계시네요 전주는 한옥마을을 중심으로 가볼만한 곳이 많죠 터미널에서 버스를 타고 한옥마을에 	 경주여행 (숙소추천)  전주여행 코스 추천드립니다 안녕하세요 여행전문블로거 쭈니아빠입니다 방학을 맞아서 친구분들과 전주여행 을 준비하고 계시네요 전주는 한옥마을을 중심으로 가볼만한 곳이 많죠 터미널에서 버스를 타고 한옥마을에 
전주 여행	397	전주여행 순서좀 알려주세요~	https://kin.naver.com/qna/detail.naver?d1id=12&dirId=121305&docId=223850942&qb=7KCE7KO8IOyXrO2WiQ==&enc=utf8	 전주여행 을 하려고 하는데요 덕진공원 전주동물원 한옥마을 남부시장을 가려고 합니다 전주시외버스공용터미널에서 가까운 순서가 어떻게 될까요 그리고 근처에 가까운 바닷가는 어디 인가요 또 이 외에 구경할 좋은 곳도 	 경주여행 (숙소추천)  전주여행 을 하려고 하는데요 덕진공원 전주동물원 한옥마을 남부시장을 가려고 합니다 전주시외버스공용터미널에서 가까운 순서가 어떻게 될까요 그리고 근처에 가까운 바닷가는 어디 인가요 또 이 외에 구경할 좋은 곳도 
전주 여행	398	전주 여행 비용	https://kin.naver.com/qna/detail.naver?d1id=9&dirId=90110&docId=389274491&qb=7KCE7KO8IOyXrO2WiQ==&enc=utf8	안녕하세요 전주 로 여행 가려는 학생입니다 수원살고 있고요 2박3일 3박으로 3 4명이서 가려하는데 비용이 어느정도 나올까요 수원에서 전주 까지는 자가용으로도 2시간 정도 걸리는 코스인데요 대중교통으로 간다라면 조금 더 	 경주여행 (숙소추천) 안녕하세요 전주 로 여행 가려는 학생입니다 수원살고 있고요 2박3일 3박으로 3 4명이서 가려하는데 비용이 어느정도 나올까요 수원에서 전주 까지는 자가용으로도 2시간 정도 걸리는 코스인데요 대중교통으로 간다라면 조금 더 
전주 여행	399	전주 여행 음식점	https://kin.naver.com/qna/detail.naver?d1id=12&dirId=121305&docId=312190870&qb=7KCE7KO8IOyXrO2WiQ==&enc=utf8	25일날 전주여행 을 가는데 전주동물원이랑 레일바이크 아중저수지 오목대주변에 맛집이나 음식 먹을만한거 있으면 추천해주세여 내공100드려여 추가로 터미널쪽에도 알려주시면 고맙습니다 답변 한옥마을에 에루화 떡갈비 	 경주여행 (숙소추천) 25일날 전주여행 을 가는데 전주동물원이랑 레일바이크 아중저수지 오목대주변에 맛집이나 음식 먹을만한거 있으면 추천해주세여 내공100드려여 추가로 터미널쪽에도 알려주시면 고맙습니다 답변 한옥마을에 에루화 떡갈비 
전주 여행	400	전주 1박2일 차없이 여행가려고 해요	https://kin.naver.com/qna/detail.naver?d1id=12&dirId=121305&docId=447009525&qb=7KCE7KO8IOyXrO2WiQ==&enc=utf8	 답변 미리 감사해요 전주여행 전주맛집 국내여행 전주달봉이 달봉티비 전주여행 코스 전주가볼만한곳 여수여행 여수가볼만한곳 제주도여행 제주도가볼만한곳 여행 전문 인플루언서 전주달봉이입니다 전주한옥마을에 모주체험 	 경주여행 (숙소추천)  답변 미리 감사해요 전주여행 전주맛집 국내여행 전주달봉이 달봉티비 전주여행 코스 전주가볼만한곳 여수여행 여수가볼만한곳 제주도여행 제주도가볼만한곳 여행 전문 인플루언서 전주달봉이입니다 전주한옥마을에 모주체험 
전주 여행	401	부모닝 모시고 전주여행	https://kin.naver.com/qna/detail.naver?d1id=9&dirId=90110&docId=480179536&qb=7KCE7KO8IOyXrO2WiQ==&enc=utf8	부모님 모시고 전주여행 가려는데 명소 식당 추천부탁드립니다 전주는 한옥마을로 유명한 완산구가 있으며 덕진구 또한 멋진 추억을 가진 장소가 많이 	 경주여행 (숙소추천) 부모님 모시고 전주여행 가려는데 명소 식당 추천부탁드립니다 전주는 한옥마을로 유명한 완산구가 있으며 덕진구 또한 멋진 추억을 가진 장소가 많이 
전주 여행	402	2박3일 전주여행	https://kin.naver.com/qna/detail.naver?d1id=9&dirId=90110&docId=475523884&qb=7KCE7KO8IOyXrO2WiQ==&enc=utf8	이번주 토 월 2박3일 여자친구와 전주여행 을 가는데 여행경로 좀 알려주세요 토요일엔 비가 온다고 하는데 실내데이트 가능한곳도 알려주시면 감사하겠습니다 숙소는 전주한옥마을 근처에 잡았습니다 토 한옥마을 구경 후 	 경주여행 (숙소추천) 이번주 토 월 2박3일 여자친구와 전주여행 을 가는데 여행경로 좀 알려주세요 토요일엔 비가 온다고 하는데 실내데이트 가능한곳도 알려주시면 감사하겠습니다 숙소는 전주한옥마을 근처에 잡았습니다 토 한옥마을 구경 후 
전주 여행	403	전주 1박2일 여행	https://kin.naver.com/qna/detail.naver?d1id=12&dirId=121305&docId=483476433&qb=7KCE7KO8IOyXrO2WiQ==&enc=utf8	 저녁엔 전주천 산책길 따라 걷거나 한옥마을 근처에서 야경 즐기시는 것도 너무 좋답니다 혹시 일정이나 관심 있는 테마 사진 카페 체험 등 더 알려주시면 맞춤 추천도 해드릴 수 있어요 즐거운 전주 여행 되시길 바랄게요 	 경주여행 (숙소추천)  저녁엔 전주천 산책길 따라 걷거나 한옥마을 근처에서 야경 즐기시는 것도 너무 좋답니다 혹시 일정이나 관심 있는 테마 사진 카페 체험 등 더 알려주시면 맞춤 추천도 해드릴 수 있어요 즐거운 전주 여행 되시길 바랄게요 
전주 여행	404	전주 여행코스 추천이요~!	https://kin.naver.com/qna/detail.naver?d1id=9&dirId=90110&docId=442151278&qb=7KCE7KO8IOyXrO2WiQ==&enc=utf8	영화제 기간 일정으로 2박3일 전주여행 좀 가볼까 해서요 여행코스 추천 좀 해주세요 어차피 주목적은 전주국제영화제니까 많은 곳을 둘러보지는 못할거에요 그냥 전주하면 꼭 가볼만한 곳 알짜배기만 추천해주세욜 전주 	 경주여행 (숙소추천) 영화제 기간 일정으로 2박3일 전주여행 좀 가볼까 해서요 여행코스 추천 좀 해주세요 어차피 주목적은 전주국제영화제니까 많은 곳을 둘러보지는 못할거에요 그냥 전주하면 꼭 가볼만한 곳 알짜배기만 추천해주세욜 전주 
전주 여행	405	전주 여행	https://kin.naver.com/qna/detail.naver?d1id=9&dirId=90110&docId=472340028&qb=7KCE7KO8IOyXrO2WiQ==&enc=utf8	전주로 커플여행 가려고 하는데 추천 좀 해주세요 숙소는 잡았고 놀거리랑 맛집 등등 추천 해주시면 감사하겠습니다 한옥마을은 갈겁니다 답변이 도움되셨으면 좋겠습니다 한옥마을 전주한옥마을 전주 맛집 전주 놀거리 전주 여행 추천	 경주여행 (숙소추천) 전주로 커플여행 가려고 하는데 추천 좀 해주세요 숙소는 잡았고 놀거리랑 맛집 등등 추천 해주시면 감사하겠습니다 한옥마을은 갈겁니다 답변이 도움되셨으면 좋겠습니다 한옥마을 전주한옥마을 전주 맛집 전주 놀거리 전주 여행 추천
전주 여행	406	추석 전주여행	https://kin.naver.com/qna/detail.naver?d1id=9&dirId=90110&docId=474841714&qb=7KCE7KO8IOyXrO2WiQ==&enc=utf8	16 18일 전주 로 여행 가려고 하는데 그때 한옥마을같은 관광지들은 문 닫을까요 추석당일은 문을 닫습니다 전주 에도 이벤트가 진행중입니다 8 27 화 10 13 일 한국관광공사에서 숙박세일 페스타 이벤트가 진행중입니다 3만원 	 경주여행 (숙소추천) 16 18일 전주 로 여행 가려고 하는데 그때 한옥마을같은 관광지들은 문 닫을까요 추석당일은 문을 닫습니다 전주 에도 이벤트가 진행중입니다 8 27 화 10 13 일 한국관광공사에서 숙박세일 페스타 이벤트가 진행중입니다 3만원 
전주 여행	407	전주 여행 전연령 렌트카 추천	https://kin.naver.com/qna/detail.naver?d1id=8&dirId=8110203&docId=477031265&qb=7KCE7KO8IOyXrO2WiQ==&enc=utf8	이번에 전주 여행 2박3일로 가는 저는 21살 만으로 만 19세입니다 전주 전연령 자동차 추천좀 부탁드리겠습니다 그리고 가격도 2일 렌트하면 총 어느정도 나올까요 전주에서 21세 이상 렌트 가능한 자동차를 찾아보세요 가격은 	 경주여행 (숙소추천) 이번에 전주 여행 2박3일로 가는 저는 21살 만으로 만 19세입니다 전주 전연령 자동차 추천좀 부탁드리겠습니다 그리고 가격도 2일 렌트하면 총 어느정도 나올까요 전주에서 21세 이상 렌트 가능한 자동차를 찾아보세요 가격은 
전주 여행	408	전주-포항 여행	https://kin.naver.com/qna/detail.naver?d1id=9&dirId=90110&docId=480520103&qb=7KCE7KO8IOyXrO2WiQ==&enc=utf8	 전주 에서 포항까지 여행 기차가 나을까요 버스가 나을까요 안녕하세요 전주 에서 포항까지 여행 을 할 때 기차와 버스 각각 장단점이 있으므로 어떤 방법이 더 나은지 결정하는 데 있어 몇 가지 요소를 고려할 필요가 있습니다 1 	 경주여행 (숙소추천)  전주 에서 포항까지 여행 기차가 나을까요 버스가 나을까요 안녕하세요 전주 에서 포항까지 여행 을 할 때 기차와 버스 각각 장단점이 있으므로 어떤 방법이 더 나은지 결정하는 데 있어 몇 가지 요소를 고려할 필요가 있습니다 1 
전주 여행	409	전주펜션 한옥으로 된곳이요!	https://kin.naver.com/qna/detail.naver?d1id=9&dirId=9011403&docId=474260729&qb=7KCE7KO8IOyXrO2WiQ==&enc=utf8	이번에 남자친구랑 같이 2박3일 전주여행 가기로해서 얼른 전주펜션 알아봐야하는데 한옥마을 근처나 한옥느낌 나는 전주펜션 쪽으로 갈만한데 없을까요 내부는 정감있는 분위기면 다 좋을 것 같아요 빠른답변 꼭 부탁드랴용 	 경주여행 (숙소추천) 이번에 남자친구랑 같이 2박3일 전주여행 가기로해서 얼른 전주펜션 알아봐야하는데 한옥마을 근처나 한옥느낌 나는 전주펜션 쪽으로 갈만한데 없을까요 내부는 정감있는 분위기면 다 좋을 것 같아요 빠른답변 꼭 부탁드랴용 
전주 여행	410	전주 여행	https://kin.naver.com/qna/detail.naver?d1id=9&dirId=90110&docId=480354904&qb=7KCE7KO8IOyXrO2WiQ==&enc=utf8	 주세요 전주 는 한옥마을로 유명한 완산구가 있으며 덕진구 또한 멋진 추억을 가진 장소가 많이 있습니다 완산구 덕진구에 대해서 여행 지를 	 경주여행 (숙소추천)  주세요 전주 는 한옥마을로 유명한 완산구가 있으며 덕진구 또한 멋진 추억을 가진 장소가 많이 있습니다 완산구 덕진구에 대해서 여행 지를 
전주 여행	411	전주 뚜벅이 여행	https://kin.naver.com/qna/detail.naver?d1id=9&dirId=90110&docId=483457492&qb=7KCE7KO8IOyXrO2WiQ==&enc=utf8	5월달에 엄마랑 전주 로 뚜벅이 여행 계획중인데 답변 부탁 드려요 1 기차랑 고속버스 중에 어떤걸 타는게 좋을까요 2 전주 에 도착해서 관광 할때 이용할 수 있는 교통수단은 어떤게 있을까요 3 숙소 추천도 부탁드려요 서울 	 경주여행 (숙소추천) 5월달에 엄마랑 전주 로 뚜벅이 여행 계획중인데 답변 부탁 드려요 1 기차랑 고속버스 중에 어떤걸 타는게 좋을까요 2 전주 에 도착해서 관광 할때 이용할 수 있는 교통수단은 어떤게 있을까요 3 숙소 추천도 부탁드려요 서울 
전주 여행	412	전주 당일치기 여행요	https://kin.naver.com/qna/detail.naver?d1id=9&dirId=90110&docId=480835916&qb=7KCE7KO8IOyXrO2WiQ==&enc=utf8	 어렵네요 전주 당일치기 여행 을 계획 중이시군요 전주 역에서 한옥마을까지 가는 방법과 당일치기 코스를 알려드릴게요 전주 역에서 한옥마을까지 가는 방법으로는 택시와 버스가 있어요 전주 역에서 한옥마을까지 택시를 	 경주여행 (숙소추천)  어렵네요 전주 당일치기 여행 을 계획 중이시군요 전주 역에서 한옥마을까지 가는 방법과 당일치기 코스를 알려드릴게요 전주 역에서 한옥마을까지 가는 방법으로는 택시와 버스가 있어요 전주 역에서 한옥마을까지 택시를 
전주 여행	413	전주여행 2박3일 경비	https://kin.naver.com/qna/detail.naver?d1id=9&dirId=90109&docId=471097881&qb=7KCE7KO8IOyXrO2WiQ==&enc=utf8	보통 전주여행 2박3일 경비가 얼마정도 드나요 숙소는 1박에 13만원인데를 가려고 하는데 비싼건가요 질문에 도움이 되는 답변이 되셨길 바래요 2박3일 전주여행 예산 30만원 내외 숙소 13만원은 적당합니다 	 경주여행 (숙소추천) 보통 전주여행 2박3일 경비가 얼마정도 드나요 숙소는 1박에 13만원인데를 가려고 하는데 비싼건가요 질문에 도움이 되는 답변이 되셨길 바래요 2박3일 전주여행 예산 30만원 내외 숙소 13만원은 적당합니다 
전주 여행	414	1박2일 전주 커플여행	https://kin.naver.com/qna/detail.naver?d1id=9&dirId=90110&docId=461495433&qb=7KCE7KO8IOyXrO2WiQ==&enc=utf8	 전주 여행 에 대해 도움을 드릴게요 1 남자친구의 차를 이용할지 KTX를 이용할지에 대해서는 여러 가지 요소를 고려해보셔야 합니다 만약 교통체증이 예상되는 날짜라면 KTX를 이용하는 것이 편할 수 있습니다 또한 남자친구의 	 경주여행 (숙소추천)  전주 여행 에 대해 도움을 드릴게요 1 남자친구의 차를 이용할지 KTX를 이용할지에 대해서는 여러 가지 요소를 고려해보셔야 합니다 만약 교통체증이 예상되는 날짜라면 KTX를 이용하는 것이 편할 수 있습니다 또한 남자친구의 
전주 여행	415	남해,전주 여행	https://kin.naver.com/qna/detail.naver?d1id=9&dirId=90110&docId=461982007&qb=7KCE7KO8IOyXrO2WiQ==&enc=utf8	남해 전주 여행 가려는데 여행지와 맛집 추천좀 해주세요 보리암 다랭이굴 독일마을 전주 한옥마을빼고 두세개씩5명이서 갈곳 맛집 빨리추천해주세요 앞에 말했던곳은 갈꺼라서 추천안해주셔도 됩니다 전주여행 전주맛집 	 경주여행 (숙소추천) 남해 전주 여행 가려는데 여행지와 맛집 추천좀 해주세요 보리암 다랭이굴 독일마을 전주 한옥마을빼고 두세개씩5명이서 갈곳 맛집 빨리추천해주세요 앞에 말했던곳은 갈꺼라서 추천안해주셔도 됩니다 전주여행 전주맛집 
전주 여행	416	전주여행 갈곳 추천	https://kin.naver.com/qna/detail.naver?d1id=12&dirId=121305&docId=484366658&qb=7KCE7KO8IOyXrO2WiQ==&enc=utf8	 전주여행 전주맛집 국내여행 전주달봉이 달봉티비 전주여행 코스 전주가볼만한곳 여수여행 여수가볼만한곳 제주도여행 제주도가볼만한곳 여행 전문 인플루언서 전주달봉이입니다 전주여행 코스는 한옥마을에서부터 	 경주여행 (숙소추천)  전주여행 전주맛집 국내여행 전주달봉이 달봉티비 전주여행 코스 전주가볼만한곳 여수여행 여수가볼만한곳 제주도여행 제주도가볼만한곳 여행 전문 인플루언서 전주달봉이입니다 전주여행 코스는 한옥마을에서부터 
전주 여행	417	전주여행 1박2일 코스질문요.	https://kin.naver.com/qna/detail.naver?d1id=9&dirId=90110&docId=464365893&qb=7KCE7KO8IOyXrO2WiQ==&enc=utf8	 코스한번짜주실분 전라도쪽은 저도여행을간적이없어서 전주여행 전주맛집 국내여행 전주달봉이 달봉티비 전주여행 코스 전주가볼만한곳 여수여행 여수가볼만한곳 제주도여행 제주도가볼만한곳 여행 전문 인플루언서 	 경주여행 (숙소추천)  코스한번짜주실분 전라도쪽은 저도여행을간적이없어서 전주여행 전주맛집 국내여행 전주달봉이 달봉티비 전주여행 코스 전주가볼만한곳 여수여행 여수가볼만한곳 제주도여행 제주도가볼만한곳 여행 전문 인플루언서 
전주 여행	418	전주여행 3일	https://kin.naver.com/qna/detail.naver?d1id=9&dirId=90110&docId=461053318&qb=7KCE7KO8IOyXrO2WiQ==&enc=utf8	 전주여행 3일 간다면 여행 총 비용이 얼마 나올까요 전주 여행 의 총 비용은 여러 요소에 따라 달라지지만 일반적으로 다음과 같은 항목들이 포함됩니다 1 교통비 전주까지 이동하기 위한 교통비용이 있을 것입니다 이는 여행하는 	 경주여행 (숙소추천)  전주여행 3일 간다면 여행 총 비용이 얼마 나올까요 전주 여행 의 총 비용은 여러 요소에 따라 달라지지만 일반적으로 다음과 같은 항목들이 포함됩니다 1 교통비 전주까지 이동하기 위한 교통비용이 있을 것입니다 이는 여행하는 
전주 여행	419	전주여행코스	https://kin.naver.com/qna/detail.naver?d1id=9&dirId=90110&docId=485639059&qb=7KCE7KO8IOyXrO2WiQ==&enc=utf8	 전주여행 전주맛집 국내여행 전주달봉이 달봉티비 전주여행 코스 전주가볼만한곳 여수여행 여수가볼만한곳 제주도여행 제주도가볼만한곳 여행 전문 인플루언서 전주달봉이입니다 전주여행 코스는 한옥마을에서부터 시작을 	 경주여행 (숙소추천)  전주여행 전주맛집 국내여행 전주달봉이 달봉티비 전주여행 코스 전주가볼만한곳 여수여행 여수가볼만한곳 제주도여행 제주도가볼만한곳 여행 전문 인플루언서 전주달봉이입니다 전주여행 코스는 한옥마을에서부터 시작을 
전주 여행	420	전주 당일치기 혼자 여행 코스 추천	https://kin.naver.com/qna/detail.naver?d1id=9&dirId=90110&docId=483615087&qb=7KCE7KO8IOyXrO2WiQ==&enc=utf8	 박물관 미술관 지역 공간을 스토리로 엮어 안내하는 해설형 문화 코스 노쇼 방지를 위해 5천원 예약금만 결제하고 현장에서 5천천 원 상당 음료 기프티콘으로 환급 선착순 마감이라 전주 여행 계획 있으신 분들은 	 경주여행 (숙소추천)  박물관 미술관 지역 공간을 스토리로 엮어 안내하는 해설형 문화 코스 노쇼 방지를 위해 5천원 예약금만 결제하고 현장에서 5천천 원 상당 음료 기프티콘으로 환급 선착순 마감이라 전주 여행 계획 있으신 분들은 
전주 여행	421	전주여행 차가 필요한가요	https://kin.naver.com/qna/detail.naver?d1id=9&dirId=90110&docId=482799629&qb=7KCE7KO8IOyXrO2WiQ==&enc=utf8	안녕하세요 1박2일 전주여행 계획중입니다 서울에서 전주까지는 기차를타고갈건데 전주내에서 렌트를 해야할지 궁금합니다 참고로 전주한옥마을 포함해서 유명 관광지만 돌아볼계획입니다 전주여행 전주맛집 국내여행 	 경주여행 (숙소추천) 안녕하세요 1박2일 전주여행 계획중입니다 서울에서 전주까지는 기차를타고갈건데 전주내에서 렌트를 해야할지 궁금합니다 참고로 전주한옥마을 포함해서 유명 관광지만 돌아볼계획입니다 전주여행 전주맛집 국내여행 
전주 여행	422	전주여행..	https://kin.naver.com/qna/detail.naver?d1id=9&dirId=90110&docId=473332244&qb=7KCE7KO8IOyXrO2WiQ==&enc=utf8	 전주여행 전주맛집 국내여행 전주달봉이 달봉티비 전주여행 코스 전주가볼만한곳 여수여행 여수가볼만한곳 제주도여행 제주도가볼만한곳 여행 전문 인플루언서 전주달봉이입니다 전주는 대중교통이나 택시 이용하시는걸 	 경주여행 (숙소추천)  전주여행 전주맛집 국내여행 전주달봉이 달봉티비 전주여행 코스 전주가볼만한곳 여수여행 여수가볼만한곳 제주도여행 제주도가볼만한곳 여행 전문 인플루언서 전주달봉이입니다 전주는 대중교통이나 택시 이용하시는걸 
전주 여행	423	전주 완주 여행	https://kin.naver.com/qna/detail.naver?d1id=9&dirId=90110&docId=456754318&qb=7KCE7KO8IOyXrO2WiQ==&enc=utf8	 전주여행 전주맛집 국내여행 전주달봉이 달봉티비 전주여행 코스 전주가볼만한곳 여수여행 여수가볼만한곳 제주도여행 제주도가볼만한곳 여행 전문 인플루언서 전주달봉이입니다 완주 어느쪽을 여행하느냐에 따라 	 경주여행 (숙소추천)  전주여행 전주맛집 국내여행 전주달봉이 달봉티비 전주여행 코스 전주가볼만한곳 여수여행 여수가볼만한곳 제주도여행 제주도가볼만한곳 여행 전문 인플루언서 전주달봉이입니다 완주 어느쪽을 여행하느냐에 따라 
전주 여행	424	전주 3박4일 여행	https://kin.naver.com/qna/detail.naver?d1id=9&dirId=90110&docId=459258161&qb=7KCE7KO8IOyXrO2WiQ==&enc=utf8	 부탁드립니다 전주여행 전주맛집 국내여행 전주달봉이 달봉티비 전주여행 코스 전주가볼만한곳 여수여행 여수가볼만한곳 제주도여행 제주도가볼만한곳 여행 전문 인플루언서 전주달봉이입니다 전주여행 코스는 	 경주여행 (숙소추천)  부탁드립니다 전주여행 전주맛집 국내여행 전주달봉이 달봉티비 전주여행 코스 전주가볼만한곳 여수여행 여수가볼만한곳 제주도여행 제주도가볼만한곳 여행 전문 인플루언서 전주달봉이입니다 전주여행 코스는 
전주 여행	425	전주여행코스좀짜주세요ㅜㅜ	https://kin.naver.com/qna/detail.naver?d1id=12&dirId=121305&docId=465655085&qb=7KCE7KO8IOyXrO2WiQ==&enc=utf8	 전주여행 코스를 짜드릴 수 있습니다 전주는 역사적인 유적지와 전통문화가 빛나는 곳으로 유명한데요 먼저 전주한옥마을을 방문하시면 한옥의 아름다움을 느낄 수 있습니다 여행의 시작지라고 할 수 있는 전주한옥마을에서 	 경주여행 (숙소추천)  전주여행 코스를 짜드릴 수 있습니다 전주는 역사적인 유적지와 전통문화가 빛나는 곳으로 유명한데요 먼저 전주한옥마을을 방문하시면 한옥의 아름다움을 느낄 수 있습니다 여행의 시작지라고 할 수 있는 전주한옥마을에서 
전주 여행	426	전주여행 대중교통이랑 렌트카중 어떤게 좋을까요?	https://kin.naver.com/qna/detail.naver?d1id=9&dirId=90110&docId=477694429&qb=7KCE7KO8IOyXrO2WiQ==&enc=utf8	 전주여행 때 움직이기 차가 편할지 대중교통이 편할지 알려주세요 교통 상황이 어떤지 궁금합니다 전주여행 전주맛집 국내여행 전주달봉이 달봉티비 전주여행 코스 전주가볼만한곳 여수여행 여수가볼만한곳 제주도여행 	 경주여행 (숙소추천)  전주여행 때 움직이기 차가 편할지 대중교통이 편할지 알려주세요 교통 상황이 어떤지 궁금합니다 전주여행 전주맛집 국내여행 전주달봉이 달봉티비 전주여행 코스 전주가볼만한곳 여수여행 여수가볼만한곳 제주도여행 
전주 여행	427	전주 여행	https://kin.naver.com/qna/detail.naver?d1id=12&dirId=121305&docId=457210792&qb=7KCE7KO8IOyXrO2WiQ==&enc=utf8	 전주 여행 을 가시려하는군요 그렇다면 전주에서 연인들이 제일 많이 찾는 곳들 추천해드리겠습니다 전주한옥마을 전주동물원 한국도로공사수목원 전주향교 덕진공원 	 경주여행 (숙소추천)  전주 여행 을 가시려하는군요 그렇다면 전주에서 연인들이 제일 많이 찾는 곳들 추천해드리겠습니다 전주한옥마을 전주동물원 한국도로공사수목원 전주향교 덕진공원 
전주 여행	428	전주여행 관련	https://kin.naver.com/qna/detail.naver?d1id=9&dirId=90110&docId=469137468&qb=7KCE7KO8IOyXrO2WiQ==&enc=utf8	 전주여행 전주맛집 국내여행 전주달봉이 달봉티비 전주여행 코스 전주가볼만한곳 여수여행 여수가볼만한곳 제주도여행 제주도가볼만한곳 여행 전문 인플루언서 전주달봉이입니다 주말인지 평일인지에 따라다릅니다 	 경주여행 (숙소추천)  전주여행 전주맛집 국내여행 전주달봉이 달봉티비 전주여행 코스 전주가볼만한곳 여수여행 여수가볼만한곳 제주도여행 제주도가볼만한곳 여행 전문 인플루언서 전주달봉이입니다 주말인지 평일인지에 따라다릅니다 
전주 여행	429	전주 여행 가려고 하는데 1박2일vs2박3일	https://kin.naver.com/qna/detail.naver?d1id=9&dirId=901&docId=465668786&qb=7KCE7KO8IOyXrO2WiQ==&enc=utf8	 어떤게 적당할지 추천 좀 해주세요 전주여행 전주맛집 국내여행 전주달봉이 달봉티비 전주여행 코스 전주가볼만한곳 여수여행 여수가볼만한곳 제주도여행 제주도가볼만한곳 여행 전문 인플루언서 전주달봉이입니다 	 경주여행 (숙소추천)  어떤게 적당할지 추천 좀 해주세요 전주여행 전주맛집 국내여행 전주달봉이 달봉티비 전주여행 코스 전주가볼만한곳 여수여행 여수가볼만한곳 제주도여행 제주도가볼만한곳 여행 전문 인플루언서 전주달봉이입니다 
전주 여행	430	전주 여행	https://kin.naver.com/qna/detail.naver?d1id=9&dirId=90110&docId=449461461&qb=7KCE7KO8IOyXrO2WiQ==&enc=utf8	이번주에 전주 여행 1박 2일로 처음 가는데 가볼데 추천 좀 해주세요 걷기 좋은데 위주로요 걷는 거 좋아해요 트레킹 좋아해요 전주여행 을 계획중이시군요 전주에는 다양한 볼거리들과 	 경주여행 (숙소추천) 이번주에 전주 여행 1박 2일로 처음 가는데 가볼데 추천 좀 해주세요 걷기 좋은데 위주로요 걷는 거 좋아해요 트레킹 좋아해요 전주여행 을 계획중이시군요 전주에는 다양한 볼거리들과 
전주 여행	431	전주 2박3일 3명 여행 1인 경비	https://kin.naver.com/qna/detail.naver?d1id=12&dirId=121305&docId=480452158&qb=7KCE7KO8IOyXrO2WiQ==&enc=utf8	 식비랑 교통비 감이 안잡혀서요 술은 마실건데 많이 안마셔서 술값으로는 한번마실 때 만원씩 쓸거같아요 전주여행 전주맛집 국내여행 전주달봉이 달봉티비 전주여행 코스 전주가볼만한곳 여수여행 여수가볼만한곳 	 경주여행 (숙소추천)  식비랑 교통비 감이 안잡혀서요 술은 마실건데 많이 안마셔서 술값으로는 한번마실 때 만원씩 쓸거같아요 전주여행 전주맛집 국내여행 전주달봉이 달봉티비 전주여행 코스 전주가볼만한곳 여수여행 여수가볼만한곳 
전주 여행	432	전주 2박3일여행 비용	https://kin.naver.com/qna/detail.naver?d1id=9&dirId=90110&docId=441096616&qb=7KCE7KO8IOyXrO2WiQ==&enc=utf8	 전주여행 전주맛집 국내여행 전주달봉이 달봉티비 전주여행 코스 전주가볼만한곳 여수여행 여수가볼만한곳 제주도여행 제주도가볼만한곳 여행 전문 인플루언서 전주달봉이입니다 한옥마을은 입장료는 따로없습니다 기본 	 경주여행 (숙소추천)  전주여행 전주맛집 국내여행 전주달봉이 달봉티비 전주여행 코스 전주가볼만한곳 여수여행 여수가볼만한곳 제주도여행 제주도가볼만한곳 여행 전문 인플루언서 전주달봉이입니다 한옥마을은 입장료는 따로없습니다 기본 
전주 여행	433	친구랑 전주여행	https://kin.naver.com/qna/detail.naver?d1id=12&dirId=121305&docId=452584751&qb=7KCE7KO8IOyXrO2WiQ==&enc=utf8	친구랑 첫 전주여행 을 가보려고 합니다 가볼만한곳 호텔 맛집 추천해주세요 호텔은 시설이 괜찮고 깨끗했으면 좋겠어요 한옥이어도 괜찮아요 침대가 있는곳이면 더 좋겠어요 맛집은 양식 중식 일식 상관없습니다 비용도 1인당 	 경주여행 (숙소추천) 친구랑 첫 전주여행 을 가보려고 합니다 가볼만한곳 호텔 맛집 추천해주세요 호텔은 시설이 괜찮고 깨끗했으면 좋겠어요 한옥이어도 괜찮아요 침대가 있는곳이면 더 좋겠어요 맛집은 양식 중식 일식 상관없습니다 비용도 1인당 
전주 여행	434	2박3일 전주 크리스마스 여행	https://kin.naver.com/qna/detail.naver?d1id=9&dirId=90110&docId=459344814&qb=7KCE7KO8IOyXrO2WiQ==&enc=utf8	 전주여행 전주맛집 국내여행 전주달봉이 달봉티비 전주여행 코스 전주가볼만한곳 여수여행 여수가볼만한곳 제주도여행 제주도가볼만한곳 여행 전문 인플루언서 전주달봉이입니다 전주여행 코스는 한옥마을에서부터 시작을 	 경주여행 (숙소추천)  전주여행 전주맛집 국내여행 전주달봉이 달봉티비 전주여행 코스 전주가볼만한곳 여수여행 여수가볼만한곳 제주도여행 제주도가볼만한곳 여행 전문 인플루언서 전주달봉이입니다 전주여행 코스는 한옥마을에서부터 시작을 
전주 여행	435	1박2일 전주여행~.~	https://kin.naver.com/qna/detail.naver?d1id=12&dirId=121305&docId=407203201&qb=7KCE7KO8IOyXrO2WiQ==&enc=utf8	 질문하신 전주 여행 일정 관련 답변 드리도록 하겠습니다 여행가실 때 계획짜기 너무 귀찮죠 제가 전주에서 즐길 수 있는 1박 2일 여행을 준비해 보았어요 아래 일정을 참고해 보시고 즐거운 여행되시길 바라요 1일차 	 경주여행 (숙소추천)  질문하신 전주 여행 일정 관련 답변 드리도록 하겠습니다 여행가실 때 계획짜기 너무 귀찮죠 제가 전주에서 즐길 수 있는 1박 2일 여행을 준비해 보았어요 아래 일정을 참고해 보시고 즐거운 여행되시길 바라요 1일차 
전주 여행	436	초등 6학년 210명 전주 일대 1박2일 수학여행 코스	https://kin.naver.com/qna/detail.naver?d1id=9&dirId=90110&docId=466708706&qb=7KCE7KO8IOyXrO2WiQ==&enc=utf8	 전주 관광에 달인이신 전주달봉이님께서 코스 추천을 해 주시면 대단히 감사드리겠습니다 전주여행 전주맛집 국내여행 전주달봉이 달봉티비 전주여행 코스 전주가볼만한곳 여수여행 여수가볼만한곳 제주도여행 	 경주여행 (숙소추천)  전주 관광에 달인이신 전주달봉이님께서 코스 추천을 해 주시면 대단히 감사드리겠습니다 전주여행 전주맛집 국내여행 전주달봉이 달봉티비 전주여행 코스 전주가볼만한곳 여수여행 여수가볼만한곳 제주도여행 
전주 여행	437	1박2일 전주 혼자 여행 코스	https://kin.naver.com/qna/detail.naver?d1id=9&dirId=90110&docId=432699551&qb=7KCE7KO8IOyXrO2WiQ==&enc=utf8	 질문하신 전주 여행 정보 정리해봤습니다 참고해주세요 전주에서 가볼만한 곳 덕진공원 추천 덕진공원이 전주터미널에서 가장 가까운 곳이에요 산책하기에 좋은 호수공원이에요 덕진공원을 생략하고 곧바로 남부시장과 	 경주여행 (숙소추천)  질문하신 전주 여행 정보 정리해봤습니다 참고해주세요 전주에서 가볼만한 곳 덕진공원 추천 덕진공원이 전주터미널에서 가장 가까운 곳이에요 산책하기에 좋은 호수공원이에요 덕진공원을 생략하고 곧바로 남부시장과 
전주 여행	438	전주여행 갈곳, 전시회 추천	https://kin.naver.com/qna/detail.naver?d1id=9&dirId=90110&docId=438462586&qb=7KCE7KO8IOyXrO2WiQ==&enc=utf8	제가 이번달 말에 남자친구랑 전주여행 을 가는데요 전주한옥마을만 가기엔 그래서 갈만한 곳 공방 전시회같은거 있음 추천부탁드려요 안녕하세요 질문하신 전주여행 관련 답변 드리도록 하겠습니다 전주로 놀러가시나 봅니다 	 경주여행 (숙소추천) 제가 이번달 말에 남자친구랑 전주여행 을 가는데요 전주한옥마을만 가기엔 그래서 갈만한 곳 공방 전시회같은거 있음 추천부탁드려요 안녕하세요 질문하신 전주여행 관련 답변 드리도록 하겠습니다 전주로 놀러가시나 봅니다 
전주 여행	439	전주여행 코스 추천	https://kin.naver.com/qna/detail.naver?d1id=12&dirId=121305&docId=261431923&qb=7KCE7KO8IOyXrO2WiQ==&enc=utf8	안녕하세요 여자친구랑 전주여행 을 갈예정인데 숙소를 전주 더클래식호텔로 잡고 1박2일 일정으로 여행을 가게되었습니다 근데 금요일 오후 5시쯤 전주에 도착예정이고 자가차가 없어 이동수단을 대중교통과 택시로 할예정입니다 	 경주여행 (숙소추천) 안녕하세요 여자친구랑 전주여행 을 갈예정인데 숙소를 전주 더클래식호텔로 잡고 1박2일 일정으로 여행을 가게되었습니다 근데 금요일 오후 5시쯤 전주에 도착예정이고 자가차가 없어 이동수단을 대중교통과 택시로 할예정입니다 
전주 여행	440	전주 여행	https://kin.naver.com/qna/detail.naver?d1id=12&dirId=121305&docId=454611584&qb=7KCE7KO8IOyXrO2WiQ==&enc=utf8	 각각 거리가 가까운지 알고싶어요 추석에 여행예정입니다 그외 갈만한곳 추천해주세요 전주여행 전주맛집 국내여행 전주달봉이 달봉티비 전주여행 코스 전주가볼만한곳 여수여행 여수가볼만한곳 제주도여행 	 경주여행 (숙소추천)  각각 거리가 가까운지 알고싶어요 추석에 여행예정입니다 그외 갈만한곳 추천해주세요 전주여행 전주맛집 국내여행 전주달봉이 달봉티비 전주여행 코스 전주가볼만한곳 여수여행 여수가볼만한곳 제주도여행 
전주 여행	441	전주여행 갈만한곳있을까요?	https://kin.naver.com/qna/detail.naver?d1id=9&dirId=90110&docId=467434913&qb=7KCE7KO8IOyXrO2WiQ==&enc=utf8	 전주여행 전주맛집 국내여행 전주달봉이 달봉티비 전주여행 코스 전주가볼만한곳 여수여행 여수가볼만한곳 제주도여행 제주도가볼만한곳 여행 전문 인플루언서 전주달봉이입니다 전주여행 코스는 한옥마을에서부터 	 경주여행 (숙소추천)  전주여행 전주맛집 국내여행 전주달봉이 달봉티비 전주여행 코스 전주가볼만한곳 여수여행 여수가볼만한곳 제주도여행 제주도가볼만한곳 여행 전문 인플루언서 전주달봉이입니다 전주여행 코스는 한옥마을에서부터 
전주 여행	442	전주 여행코스	https://kin.naver.com/qna/detail.naver?d1id=9&dirId=90110&docId=402381652&qb=7KCE7KO8IOyXrO2WiQ==&enc=utf8	 전주여행 일정에 질문자님께서 봐둔 곳 모두 반양하기에 시간상 무리가 있을 거 같아 꼭 가고 싶은 곳을 넣어 일정을 만들어 보았습니다 1일차 가운데집 점심 전주한지박물관 관광 전주수목원 관광 오목대 관광 교동다윈 	 경주여행 (숙소추천)  전주여행 일정에 질문자님께서 봐둔 곳 모두 반양하기에 시간상 무리가 있을 거 같아 꼭 가고 싶은 곳을 넣어 일정을 만들어 보았습니다 1일차 가운데집 점심 전주한지박물관 관광 전주수목원 관광 오목대 관광 교동다윈 
전주 여행	443	전주여행 추천 부탁 드립니다	https://kin.naver.com/qna/detail.naver?d1id=12&dirId=121305&docId=438620129&qb=7KCE7KO8IOyXrO2WiQ==&enc=utf8	2월 12 13일에 전주 여행 할려구 합니다 1박2일 가볼만한곳이랑 맛집 추천 부탁드립니다 감사합니다 전주맛집 여행 전주달봉이 달봉티비 전주여행 코스 전주가볼만한곳 여행 인플루언서 전주달봉이입니다 전주여행 	 경주여행 (숙소추천) 2월 12 13일에 전주 여행 할려구 합니다 1박2일 가볼만한곳이랑 맛집 추천 부탁드립니다 감사합니다 전주맛집 여행 전주달봉이 달봉티비 전주여행 코스 전주가볼만한곳 여행 인플루언서 전주달봉이입니다 전주여행 
전주 여행	444	강아지와함께 전주여행 가능한곳ㅜ	https://kin.naver.com/qna/detail.naver?d1id=9&dirId=90110&docId=454069765&qb=7KCE7KO8IOyXrO2WiQ==&enc=utf8	 전주여행 갈껀데요 강아지 같이 동반할꺼라서요 혹시 강아지같이 갈수있는곳좀 알려주세요 맛집이랑 관광징 반려동물 1등 여행앱 반려생활입니다 하늘이 맑은 가을에 전주 여행 을 떠나시는군요 강아지랑 함께 더 좋은 추억 	 경주여행 (숙소추천)  전주여행 갈껀데요 강아지 같이 동반할꺼라서요 혹시 강아지같이 갈수있는곳좀 알려주세요 맛집이랑 관광징 반려동물 1등 여행앱 반려생활입니다 하늘이 맑은 가을에 전주 여행 을 떠나시는군요 강아지랑 함께 더 좋은 추억 
전주 여행	445	광주에서 전주 2박3일 여행	https://kin.naver.com/qna/detail.naver?d1id=9&dirId=90110&docId=441966752&qb=7KCE7KO8IOyXrO2WiQ==&enc=utf8	 감사하겠습니다 전주여행 전주맛집 국내여행 전주달봉이 달봉티비 전주여행 코스 전주가볼만한곳 여수여행 여수가볼만한곳 제주도여행 제주도가볼만한곳 여행 전문 인플루언서 전주달봉이입니다 버스터미널에서 내리셔서 	 경주여행 (숙소추천)  감사하겠습니다 전주여행 전주맛집 국내여행 전주달봉이 달봉티비 전주여행 코스 전주가볼만한곳 여수여행 여수가볼만한곳 제주도여행 제주도가볼만한곳 여행 전문 인플루언서 전주달봉이입니다 버스터미널에서 내리셔서 
전주 여행	446	전주여행코스 좀 짜주세요 ~	https://kin.naver.com/qna/detail.naver?d1id=9&dirId=90110&docId=407277228&qb=7KCE7KO8IOyXrO2WiQ==&enc=utf8	 질문하신 전주 여행 일정 관련 답변 드리도록 하겠습니다 친정 어머니와 딸과 다 함께 하는 여행 듣기만 해도 설레네요 아래 세 분께서 모두 즐길 수 있는 여행 일정을 준비해 보았어요 참고해 보시고 여행에 도움 되셨으면 	 경주여행 (숙소추천)  질문하신 전주 여행 일정 관련 답변 드리도록 하겠습니다 친정 어머니와 딸과 다 함께 하는 여행 듣기만 해도 설레네요 아래 세 분께서 모두 즐길 수 있는 여행 일정을 준비해 보았어요 참고해 보시고 여행에 도움 되셨으면 
전주 여행	447	[추천해주세요] 전주 당일치기 여행	https://kin.naver.com/qna/detail.naver?d1id=9&dirId=90110&docId=441175638&qb=7KCE7KO8IOyXrO2WiQ==&enc=utf8	 추천해주세요 전주 당일치기 여행 전주여행 전주맛집 국내여행 전주달봉이 달봉티비 전주여행 코스 전주가볼만한곳 여수여행 여수가볼만한곳 제주도여행 제주도가볼만한곳 여행 전문 인플루언서 전주달봉이입니다 	 경주여행 (숙소추천)  추천해주세요 전주 당일치기 여행 전주여행 전주맛집 국내여행 전주달봉이 달봉티비 전주여행 코스 전주가볼만한곳 여수여행 여수가볼만한곳 제주도여행 제주도가볼만한곳 여행 전문 인플루언서 전주달봉이입니다 
전주 여행	448	전주여행팀조뮤ㅠ	https://kin.naver.com/qna/detail.naver?d1id=6&dirId=60203&docId=465427767&qb=7KCE7KO8IOyXrO2WiQ==&enc=utf8	 전주여행 1박2일가는데가기좋은곳이랑맛집좀알려주세요 안녕하세요 서울지방변호사회 소속으로 지식iN 법률상담을 진행하고 있는 김선용 변호사입니다 알아보는것이 어려우시다면 인스타그램에 전주라고 검색 하셔서 	 경주여행 (숙소추천)  전주여행 1박2일가는데가기좋은곳이랑맛집좀알려주세요 안녕하세요 서울지방변호사회 소속으로 지식iN 법률상담을 진행하고 있는 김선용 변호사입니다 알아보는것이 어려우시다면 인스타그램에 전주라고 검색 하셔서 
전주 여행	449	고등학교친구들과 전주여행 당일치기	https://kin.naver.com/qna/detail.naver?d1id=9&dirId=90110&docId=466553507&qb=7KCE7KO8IOyXrO2WiQ==&enc=utf8	지금 고등학교3학년 친구들과 함께 4월달에 전주여행 을 당일치기로 갈 예정인데 부모님께 뭐라고 말씀드리면 허락을 받을수 있을까요 고등학교 시절 친구들과의 소중한 추억을 만들기 위해 전주 여행 을 다녀오기로 했습니다 전주는 	 경주여행 (숙소추천) 지금 고등학교3학년 친구들과 함께 4월달에 전주여행 을 당일치기로 갈 예정인데 부모님께 뭐라고 말씀드리면 허락을 받을수 있을까요 고등학교 시절 친구들과의 소중한 추억을 만들기 위해 전주 여행 을 다녀오기로 했습니다 전주는 
전주 여행	450	전주로 휴가갈건데 여행코스 추천해주세요	https://kin.naver.com/qna/detail.naver?d1id=8&dirId=8110301&docId=450793606&qb=7KCE7KO8IOyXrO2WiQ==&enc=utf8	 위의 일정은 참고용으로 제시한 것이며 여행 일정에 따라 조정할 수 있습니다 또한 음식점의 웨이팅 시간은 방문 시간과 요일에 따라 달라질 수 있으니 참고해주세요 즐거운 전주 여행 되시길 바랍니다 	 경주여행 (숙소추천)  위의 일정은 참고용으로 제시한 것이며 여행 일정에 따라 조정할 수 있습니다 또한 음식점의 웨이팅 시간은 방문 시간과 요일에 따라 달라질 수 있으니 참고해주세요 즐거운 전주 여행 되시길 바랍니다 
전주 여행	451	여자2명이서2박3일로 전주여행질문	https://kin.naver.com/qna/detail.naver?d1id=9&dirId=901&docId=228331353&qb=7KCE7KO8IOyXrO2WiQ==&enc=utf8	 2박 3일로 전주 를 여행 하신다면 다음과 같은 일정을 추천해드립니다 Day 1 전주 한옥마을 전통 한옥 건물과 전통 문화를 경험할 수 있는 곳입니다 전주 향교 조선시대 교육기관인 향교를 볼 수 있습니다 전주 남부시장 전주 의 	 경주여행 (숙소추천)  2박 3일로 전주 를 여행 하신다면 다음과 같은 일정을 추천해드립니다 Day 1 전주 한옥마을 전통 한옥 건물과 전통 문화를 경험할 수 있는 곳입니다 전주 향교 조선시대 교육기관인 향교를 볼 수 있습니다 전주 남부시장 전주 의 
전주 여행	452	전주 여행코스 짜주세요! 많이 급합니다..!	https://kin.naver.com/qna/detail.naver?d1id=12&dirId=121305&docId=430866279&qb=7KCE7KO8IOyXrO2WiQ==&enc=utf8	안녕하세요 가족 여행 으로 전주 에 놀러가려는데요 당장 이번주 금요일에 가는데 어딜갈지 몰라서 숙소는 라한호텔로 잡았고 한옥마을 쪽을 가고 싶은데 별로 걷지 않으면서 카페투어는 아닌 여행 코스 짜주실 수 있나요 호캉스로 	 경주여행 (숙소추천) 안녕하세요 가족 여행 으로 전주 에 놀러가려는데요 당장 이번주 금요일에 가는데 어딜갈지 몰라서 숙소는 라한호텔로 잡았고 한옥마을 쪽을 가고 싶은데 별로 걷지 않으면서 카페투어는 아닌 여행 코스 짜주실 수 있나요 호캉스로 
전주 여행	453	전주 1박2일 여행	https://kin.naver.com/qna/detail.naver?d1id=9&dirId=90110&docId=444409591&qb=7KCE7KO8IOyXrO2WiQ==&enc=utf8	 대둔산 케이블카 주말에 사람많겠죠 괜찮은 코스 추천해주세요 전주여행 전주맛집 국내여행 전주달봉이 달봉티비 전주여행 코스 전주가볼만한곳 여수여행 여수가볼만한곳 제주도여행 제주도가볼만한곳 여행 전문 	 경주여행 (숙소추천)  대둔산 케이블카 주말에 사람많겠죠 괜찮은 코스 추천해주세요 전주여행 전주맛집 국내여행 전주달봉이 달봉티비 전주여행 코스 전주가볼만한곳 여수여행 여수가볼만한곳 제주도여행 제주도가볼만한곳 여행 전문 
전주 여행	454	전주 여행코스!!!	https://kin.naver.com/qna/detail.naver?d1id=12&dirId=121305&docId=432706708&qb=7KCE7KO8IOyXrO2WiQ==&enc=utf8	 이미 전주여행 을 마치고 복귀하셨을 것 같네요 저희도 지난주에 당일코스로 전주에 다녀왔는데요 주말이라서 그런지 차들도 많고 관광지에는 사람들도 많아서 생각처럼 많이 둘러보지 못해서 아쉽더라고요 최소한 1박2일 	 경주여행 (숙소추천)  이미 전주여행 을 마치고 복귀하셨을 것 같네요 저희도 지난주에 당일코스로 전주에 다녀왔는데요 주말이라서 그런지 차들도 많고 관광지에는 사람들도 많아서 생각처럼 많이 둘러보지 못해서 아쉽더라고요 최소한 1박2일 
전주 여행	455	전주 한옥마을 당일치기 여행 질문	https://kin.naver.com/qna/detail.naver?d1id=9&dirId=90110&docId=439825862&qb=7KCE7KO8IOyXrO2WiQ==&enc=utf8	 전주여수제주도맛집 여행 전주달봉이 달봉티비 전주여행 코스 전주가볼만한곳 여수여행 여수가볼만한곳 제주도여행 제주도가볼만한곳 여행 전문 인플루언서 전주달봉이입니다 1 7000 8000원 2 흐노니 마시랑게 전망 달곰 3 	 경주여행 (숙소추천)  전주여수제주도맛집 여행 전주달봉이 달봉티비 전주여행 코스 전주가볼만한곳 여수여행 여수가볼만한곳 제주도여행 제주도가볼만한곳 여행 전문 인플루언서 전주달봉이입니다 1 7000 8000원 2 흐노니 마시랑게 전망 달곰 3 
전주 여행	456	전주 혼자2박3일여행	https://kin.naver.com/qna/detail.naver?d1id=9&dirId=90110&docId=224588034&qb=7KCE7KO8IOyXrO2WiQ==&enc=utf8	 아무래도 사람이 많으면 맛집같은곳에서 혼자못먹을것같아서 5월 중순은 전주 여행 을 즐기기 좋은 계절입니다 하지만 현재는 코로나19로 인해 여행객이 줄어들고 있으므로 사람이 많지 않을 것으로 예상됩니다 전주는 맛집이 	 경주여행 (숙소추천)  아무래도 사람이 많으면 맛집같은곳에서 혼자못먹을것같아서 5월 중순은 전주 여행 을 즐기기 좋은 계절입니다 하지만 현재는 코로나19로 인해 여행객이 줄어들고 있으므로 사람이 많지 않을 것으로 예상됩니다 전주는 맛집이 
전주 여행	457	전주 여행	https://kin.naver.com/qna/detail.naver?d1id=9&dirId=90110&docId=436440960&qb=7KCE7KO8IOyXrO2WiQ==&enc=utf8	 제가 이번달 16일에 친구 3명하고 전주 로 여행 을 가는데 궁금한 게 많아서요 하나하나 답장해주시면 감사하겟습니다 1 여수에서 전주 KTX 왕복 기차표값이 얼마인가요 2 중2들이 전주 가서 놀 게 뭐가 잇을까요 3 	 경주여행 (숙소추천)  제가 이번달 16일에 친구 3명하고 전주 로 여행 을 가는데 궁금한 게 많아서요 하나하나 답장해주시면 감사하겟습니다 1 여수에서 전주 KTX 왕복 기차표값이 얼마인가요 2 중2들이 전주 가서 놀 게 뭐가 잇을까요 3 
전주 여행	458	전주여행갈껀데 월요일 휴무가 많나요?	https://kin.naver.com/qna/detail.naver?d1id=12&dirId=121305&docId=467372054&qb=7KCE7KO8IOyXrO2WiQ==&enc=utf8	 전주여행 전주맛집 국내여행 전주달봉이 달봉티비 전주여행 코스 전주가볼만한곳 여수여행 여수가볼만한곳 제주도여행 제주도가볼만한곳 여행 전문 인플루언서 전주달봉이입니다 걱정안하셔도되셔요 대부분 오픈합니다 	 경주여행 (숙소추천)  전주여행 전주맛집 국내여행 전주달봉이 달봉티비 전주여행 코스 전주가볼만한곳 여수여행 여수가볼만한곳 제주도여행 제주도가볼만한곳 여행 전문 인플루언서 전주달봉이입니다 걱정안하셔도되셔요 대부분 오픈합니다 
전주 여행	459	내일 전주 당일치기 부모님과 여행을	https://kin.naver.com/qna/detail.naver?d1id=12&dirId=121305&docId=451191859&qb=7KCE7KO8IOyXrO2WiQ==&enc=utf8	 전주여행 전주맛집 국내여행 전주달봉이 달봉티비 전주여행 코스 전주가볼만한곳 여수여행 여수가볼만한곳 제주도여행 제주도가볼만한곳 여행 전문 인플루언서 전주달봉이입니다 바다는 군산 새만금 돌아보시면 	 경주여행 (숙소추천)  전주여행 전주맛집 국내여행 전주달봉이 달봉티비 전주여행 코스 전주가볼만한곳 여수여행 여수가볼만한곳 제주도여행 제주도가볼만한곳 여행 전문 인플루언서 전주달봉이입니다 바다는 군산 새만금 돌아보시면 
전주 여행	460	전주여행 갈만한곳(숙소/한옥마을게스트하우스)	https://kin.naver.com/qna/detail.naver?d1id=9&dirId=90110&docId=230766988&qb=7KCE7KO8IOyXrO2WiQ==&enc=utf8	안녕하세요 가족들과 함께 전주여행 을 가려고 합니다 한옥마을로 유명한 전주여행 을 꼭 한번 해보고 싶어했었는데 이번을 기회로 꼭 다녀와보려구요 전라도 음식이 맛있다고 전주에 가면 전라도의 대표음식도 먹어볼뿐만 아니라 맛집도 	 경주여행 (숙소추천) 안녕하세요 가족들과 함께 전주여행 을 가려고 합니다 한옥마을로 유명한 전주여행 을 꼭 한번 해보고 싶어했었는데 이번을 기회로 꼭 다녀와보려구요 전라도 음식이 맛있다고 전주에 가면 전라도의 대표음식도 먹어볼뿐만 아니라 맛집도 
전주 여행	461	전주 여행 코스 추천 좀	https://kin.naver.com/qna/detail.naver?d1id=9&dirId=90110&docId=430018803&qb=7KCE7KO8IOyXrO2WiQ==&enc=utf8	 전주 여행 코스 추천 좀 전주여수맛집 전주여행 여수여행 전주달봉이 달봉티비 전주여행 코스 전주가볼만한곳 여수여행 여수가볼만한곳 여행 인플루언서 전주달봉이입니다 전주여행 코스는 대부분 한옥마을에서 시작을 합니다 	 경주여행 (숙소추천)  전주 여행 코스 추천 좀 전주여수맛집 전주여행 여수여행 전주달봉이 달봉티비 전주여행 코스 전주가볼만한곳 여수여행 여수가볼만한곳 여행 인플루언서 전주달봉이입니다 전주여행 코스는 대부분 한옥마을에서 시작을 합니다 
전주 여행	462	전주여행 볼거리	https://kin.naver.com/qna/detail.naver?d1id=9&dirId=90110&docId=429817174&qb=7KCE7KO8IOyXrO2WiQ==&enc=utf8	이번주 전주여행 가는데 볼거리 맛집 등 알려주세요 전주에서 가볼만한 곳들 추천해드리겠습니다 전주한옥마을 전주동물원 한국도로공사수목원 덕진공원 전주난장 	 경주여행 (숙소추천) 이번주 전주여행 가는데 볼거리 맛집 등 알려주세요 전주에서 가볼만한 곳들 추천해드리겠습니다 전주한옥마을 전주동물원 한국도로공사수목원 덕진공원 전주난장 
전주 여행	463	전주에 여행가는데 오션뷰 카페 추천해주세요.	https://kin.naver.com/qna/detail.naver?d1id=12&dirId=121305&docId=468083904&qb=7KCE7KO8IOyXrO2WiQ==&enc=utf8	 전주여행 전주맛집 국내여행 전주달봉이 달봉티비 전주여행 코스 전주가볼만한곳 여수여행 여수가볼만한곳 제주도여행 제주도가볼만한곳 여행 전문 인플루언서 전주달봉이입니다 아쉽게도 전주이는 바다가없어서 	 경주여행 (숙소추천)  전주여행 전주맛집 국내여행 전주달봉이 달봉티비 전주여행 코스 전주가볼만한곳 여수여행 여수가볼만한곳 제주도여행 제주도가볼만한곳 여행 전문 인플루언서 전주달봉이입니다 아쉽게도 전주이는 바다가없어서 
전주 여행	464	전주 가족 여행 코스 문의 드려요!	https://kin.naver.com/qna/detail.naver?d1id=9&dirId=90110&docId=482953663&qb=7KCE7KO8IOyXrO2WiQ==&enc=utf8	 전주여행 전주맛집 국내여행 전주달봉이 달봉티비 전주여행 코스 전주가볼만한곳 여수여행 여수가볼만한곳 제주도여행 제주도가볼만한곳 여행 전문 인플루언서 전주달봉이입니다 전주여행 코스는 한옥마을에서부터 	 경주여행 (숙소추천)  전주여행 전주맛집 국내여행 전주달봉이 달봉티비 전주여행 코스 전주가볼만한곳 여수여행 여수가볼만한곳 제주도여행 제주도가볼만한곳 여행 전문 인플루언서 전주달봉이입니다 전주여행 코스는 한옥마을에서부터 
전주 여행	465	전주 여행 코스 및 일정 추천 부탁드려요(토요일 하루)	https://kin.naver.com/qna/detail.naver?d1id=9&dirId=90110&docId=443982849&qb=7KCE7KO8IOyXrO2WiQ==&enc=utf8	 일정이 괜찮은지 수정이 필요한 부분이 있는지 인근 맛집 등은 또 있는지 등등 의견 부탁 드립니다 전주여행 전주맛집 국내여행 전주달봉이 달봉티비 전주여행 코스 전주가볼만한곳 여수여행 여수가볼만한곳 제주도여행 	 경주여행 (숙소추천)  일정이 괜찮은지 수정이 필요한 부분이 있는지 인근 맛집 등은 또 있는지 등등 의견 부탁 드립니다 전주여행 전주맛집 국내여행 전주달봉이 달봉티비 전주여행 코스 전주가볼만한곳 여수여행 여수가볼만한곳 제주도여행 
전주 여행	466	전주 여행가려는데..	https://kin.naver.com/qna/detail.naver?d1id=9&dirId=90110&docId=432785295&qb=7KCE7KO8IOyXrO2WiQ==&enc=utf8	 전주 한옥마을 근처에서 숙박하며 여행 한다면 어디어디 가고 어떤 맛집이 좋은지 버스나 택시타고 조금만 나가도 되는 가볼만한 곳이 어딘지 등등 추천해주세요 2 그외에 다른곳 어디 	 경주여행 (숙소추천)  전주 한옥마을 근처에서 숙박하며 여행 한다면 어디어디 가고 어떤 맛집이 좋은지 버스나 택시타고 조금만 나가도 되는 가볼만한 곳이 어딘지 등등 추천해주세요 2 그외에 다른곳 어디 
전주 여행	467	전주 여행 코스	https://kin.naver.com/qna/detail.naver?d1id=12&dirId=121305&docId=452031214&qb=7KCE7KO8IOyXrO2WiQ==&enc=utf8	아침으로 전주 현대옥 본점 가서 먹고 점심으로는 전주 비빔소리를 가려고 하는데 현대옥과 비빔소리 중간에 어디 구경할 곳이나 갈만한 곳 없을까요 전주여행 전주맛집 국내여행 전주달봉이 달봉티비 전주여행 코스 	 경주여행 (숙소추천) 아침으로 전주 현대옥 본점 가서 먹고 점심으로는 전주 비빔소리를 가려고 하는데 현대옥과 비빔소리 중간에 어디 구경할 곳이나 갈만한 곳 없을까요 전주여행 전주맛집 국내여행 전주달봉이 달봉티비 전주여행 코스 
전주 여행	468	전주 한옥마을 여행준비중입니다	https://kin.naver.com/qna/detail.naver?d1id=9&dirId=90110&docId=475632922&qb=7KCE7KO8IOyXrO2WiQ==&enc=utf8	 대여는 천차만별입니다 기본 금액은 10000원 부터시작합니다 시간과 한복에따라서 가격이다릅니다 전주여행 전주맛집 국내여행 전주달봉이 달봉티비 전주여행 코스 전주가볼만한곳 여수여행 여수가볼만한곳 제주도여행 	 경주여행 (숙소추천)  대여는 천차만별입니다 기본 금액은 10000원 부터시작합니다 시간과 한복에따라서 가격이다릅니다 전주여행 전주맛집 국내여행 전주달봉이 달봉티비 전주여행 코스 전주가볼만한곳 여수여행 여수가볼만한곳 제주도여행 
전주 여행	469	전라도 전주여행	https://kin.naver.com/qna/detail.naver?d1id=9&dirId=90110&docId=428170195&qb=7KCE7KO8IOyXrO2WiQ==&enc=utf8	 전주 에 여행 을 가려고하는데 한번도안가봐서요 1박2일이나 2박3일 있을예정인데 가볼만한곳 추천받아용 체험도좋구용 전주 에서 가볼만한 곳들 추천해드리겠습니다 전주 한옥마을 	 경주여행 (숙소추천)  전주 에 여행 을 가려고하는데 한번도안가봐서요 1박2일이나 2박3일 있을예정인데 가볼만한곳 추천받아용 체험도좋구용 전주 에서 가볼만한 곳들 추천해드리겠습니다 전주 한옥마을 
전주 여행	470	전주 여행	https://kin.naver.com/qna/detail.naver?d1id=9&dirId=90104&docId=402165747&qb=7KCE7KO8IOyXrO2WiQ==&enc=utf8	 참고로 저희는 뚜벅이 입니댜 전주 여행 을 계획중이시군요 그럼 전주에서 가볼만한곳들 추천해드리겠습니다 한국도로공사수목원 전주동물원 자만마을 벽화갤러리 국립전주박물관 	 경주여행 (숙소추천)  참고로 저희는 뚜벅이 입니댜 전주 여행 을 계획중이시군요 그럼 전주에서 가볼만한곳들 추천해드리겠습니다 한국도로공사수목원 전주동물원 자만마을 벽화갤러리 국립전주박물관 
전주 여행	471	전주 여행 코스 추천	https://kin.naver.com/qna/detail.naver?d1id=9&dirId=90110&docId=430028571&qb=7KCE7KO8IOyXrO2WiQ==&enc=utf8	 전주 여행 코스 추천 안녕하세요 전주맛집 전주블로그 전주달봉이입니다 대부분 1박2일 코스로들 전주를 놀러오십니다 한옥마을 경기전 남부시장야시장 벽화마을 전동성당 향교 오목대 이렇게들 많이들 둘러보시고요 더 추가로 	 경주여행 (숙소추천)  전주 여행 코스 추천 안녕하세요 전주맛집 전주블로그 전주달봉이입니다 대부분 1박2일 코스로들 전주를 놀러오십니다 한옥마을 경기전 남부시장야시장 벽화마을 전동성당 향교 오목대 이렇게들 많이들 둘러보시고요 더 추가로 
전주 여행	472	전주 여행 코스 동선 좀 짜주세요	https://kin.naver.com/qna/detail.naver?d1id=12&dirId=121305&docId=458306197&qb=7KCE7KO8IOyXrO2WiQ==&enc=utf8	 숙소는 완산구 서신동입니다 전주여행 전주맛집 국내여행 전주달봉이 달봉티비 전주여행 코스 전주가볼만한곳 여수여행 여수가볼만한곳 제주도여행 제주도가볼만한곳 여행 전문 인플루언서 전주달봉이입니다 1 한옥마을 	 경주여행 (숙소추천)  숙소는 완산구 서신동입니다 전주여행 전주맛집 국내여행 전주달봉이 달봉티비 전주여행 코스 전주가볼만한곳 여수여행 여수가볼만한곳 제주도여행 제주도가볼만한곳 여행 전문 인플루언서 전주달봉이입니다 1 한옥마을 
전주 여행	473	전주여행!	https://kin.naver.com/qna/detail.naver?d1id=12&dirId=121305&docId=459792395&qb=7KCE7KO8IOyXrO2WiQ==&enc=utf8	크리스마스에 단둘이서 당일치기로 전주여행 하기로했습니다 고등학생인데요 어느정도 들고가는게맞고 전주는 할게 뭐뭐 있을까요 제대로 답변해주세요 대학로와 투어공연하는 연극 추천해 드릴께요 	 경주여행 (숙소추천) 크리스마스에 단둘이서 당일치기로 전주여행 하기로했습니다 고등학생인데요 어느정도 들고가는게맞고 전주는 할게 뭐뭐 있을까요 제대로 답변해주세요 대학로와 투어공연하는 연극 추천해 드릴께요 
전주 여행	474	제가 전주여행을 갔는데여	https://kin.naver.com/qna/detail.naver?d1id=8&dirId=80101&docId=457532341&qb=7KCE7KO8IOyXrO2WiQ==&enc=utf8	제가 왜그런진 모르겠지만 그냥 전라도 사투리 듣기 싫더라구요 억양이 쎄서그런감 좀 듣기가 거북했는데 전주여행 갔었는데 무슨일인진모르겠지만 사람들 전라도 사투리 1도 안쓰던데요 쫌 의외였어요 전라북도 전주시 아닌가요 	 경주여행 (숙소추천) 제가 왜그런진 모르겠지만 그냥 전라도 사투리 듣기 싫더라구요 억양이 쎄서그런감 좀 듣기가 거북했는데 전주여행 갔었는데 무슨일인진모르겠지만 사람들 전라도 사투리 1도 안쓰던데요 쫌 의외였어요 전라북도 전주시 아닌가요 
전주 여행	475	전주 1박2일 여행코스 추천 및 조언해주세요	https://kin.naver.com/qna/detail.naver?d1id=12&dirId=121305&docId=467438359&qb=7KCE7KO8IOyXrO2WiQ==&enc=utf8	가고싶은곳 전주한옥마을 경기전 전주난장 전주국립박물관 전주동물원 이동수단 자동차 전주여행 전주맛집 국내여행 전주달봉이 달봉티비 전주여행 코스 전주가볼만한곳 여수여행 여수가볼만한곳 제주도여행 	 경주여행 (숙소추천) 가고싶은곳 전주한옥마을 경기전 전주난장 전주국립박물관 전주동물원 이동수단 자동차 전주여행 전주맛집 국내여행 전주달봉이 달봉티비 전주여행 코스 전주가볼만한곳 여수여행 여수가볼만한곳 제주도여행 
전주 여행	476	뚜벅이 여행으로 전주 가려는데 한옥마을 근처 짐... 	https://kin.naver.com/qna/detail.naver?d1id=9&dirId=90110&docId=428889568&qb=7KCE7KO8IOyXrO2WiQ==&enc=utf8	 이용하시면 원하는 장소에서 장소로 짐 운송이 가능합니다 가격도 저렴하고 앱을 통해 실시간으로 주문 및 현황 확인까지 가능해 여행 중 편리하게 이용이 가능하니 전주 뚜벅이여행 시 참고해보세요 즐거운 전주여행 되시길 바랄게요	 경주여행 (숙소추천)  이용하시면 원하는 장소에서 장소로 짐 운송이 가능합니다 가격도 저렴하고 앱을 통해 실시간으로 주문 및 현황 확인까지 가능해 여행 중 편리하게 이용이 가능하니 전주 뚜벅이여행 시 참고해보세요 즐거운 전주여행 되시길 바랄게요
전주 여행	477	전주 여행 일정	https://kin.naver.com/qna/detail.naver?d1id=9&dirId=90104&docId=394529795&qb=7KCE7KO8IOyXrO2WiQ==&enc=utf8	이번에 전주 로 여행 을 가는데 소요시간을 알고싶어요 한옥마을 초코파이 체험장 수목원 드림랜드 순으로 가는데 이동시간이 얼마나 걸릴까요 자세하게 부탁드릴게요 우선 전주 한옥마을내에 초코파이체험장이 있으니까요 이걸 	 경주여행 (숙소추천) 이번에 전주 로 여행 을 가는데 소요시간을 알고싶어요 한옥마을 초코파이 체험장 수목원 드림랜드 순으로 가는데 이동시간이 얼마나 걸릴까요 자세하게 부탁드릴게요 우선 전주 한옥마을내에 초코파이체험장이 있으니까요 이걸 
전주 여행	478	이번에 태교여행으로 2박3일 놀러가려고 하는데 강아지... 	https://kin.naver.com/qna/detail.naver?d1id=9&dirId=90110&docId=440802188&qb=7KCE7KO8IOyXrO2WiQ==&enc=utf8	 전주여행 전주맛집 국내여행 전주달봉이 달봉티비 전주여행 코스 전주가볼만한곳 여수여행 여수가볼만한곳 제주도여행 제주도가볼만한곳 여행 전문 인플루언서 전주달봉이입니다 전주여행 숙소잡기가 힘드시다면 바닷가가 	 경주여행 (숙소추천)  전주여행 전주맛집 국내여행 전주달봉이 달봉티비 전주여행 코스 전주가볼만한곳 여수여행 여수가볼만한곳 제주도여행 제주도가볼만한곳 여행 전문 인플루언서 전주달봉이입니다 전주여행 숙소잡기가 힘드시다면 바닷가가 
전주 여행	479	전주여행 추천해주세요	https://kin.naver.com/qna/detail.naver?d1id=9&dirId=90110&docId=272473514&qb=7KCE7KO8IOyXrO2WiQ==&enc=utf8	 전주여행 추천해주세요 전주식 가맥문화의 전일슈퍼 등의 전주만의 술 문화 외에도 에피큐어 평점 AA를 받은 전주식 한정식의 최고봉 수구정 전라회관 궁 전주비빔밥의 최고봉 고궁 성미당 토종 명품닭을 사용한 닭요리의 	 경주여행 (숙소추천)  전주여행 추천해주세요 전주식 가맥문화의 전일슈퍼 등의 전주만의 술 문화 외에도 에피큐어 평점 AA를 받은 전주식 한정식의 최고봉 수구정 전라회관 궁 전주비빔밥의 최고봉 고궁 성미당 토종 명품닭을 사용한 닭요리의 
전주 여행	480	1박2일 전주 혼자 여행 코스	https://kin.naver.com/qna/detail.naver?d1id=9&dirId=901&docId=224123446&qb=7KCE7KO8IOyXrO2WiQ==&enc=utf8	 질문하신 전주 여행 정보 정리해봤습니다 참고해주세요 전주에서 가볼만한 곳 덕진공원 추천 덕진공원이 전주터미널에서 가장 가까운 곳이에요 산책하기에 좋은 호수공원이에요 덕진공원을 생략하고 곧바로 남부시장과 	 경주여행 (숙소추천)  질문하신 전주 여행 정보 정리해봤습니다 참고해주세요 전주에서 가볼만한 곳 덕진공원 추천 덕진공원이 전주터미널에서 가장 가까운 곳이에요 산책하기에 좋은 호수공원이에요 덕진공원을 생략하고 곧바로 남부시장과 
전주 여행	481	전주 여행 갈려고 하는데	https://kin.naver.com/qna/detail.naver?d1id=9&dirId=90110&docId=485524293&qb=7KCE7KO8IOyXrO2WiQ==&enc=utf8	 전주여행 전주맛집 국내여행 전주달봉이 달봉티비 전주여행 코스 전주가볼만한곳 여수여행 여수가볼만한곳 제주도여행 제주도가볼만한곳 여행 전문 인플루언서 전주달봉이입니다 전주여행 코스는 한옥마을에서부터 시작을 	 경주여행 (숙소추천)  전주여행 전주맛집 국내여행 전주달봉이 달봉티비 전주여행 코스 전주가볼만한곳 여수여행 여수가볼만한곳 제주도여행 제주도가볼만한곳 여행 전문 인플루언서 전주달봉이입니다 전주여행 코스는 한옥마을에서부터 시작을 
전주 여행	482	2박3일 전주여행	https://kin.naver.com/qna/detail.naver?d1id=9&dirId=90110&docId=472470179&qb=7KCE7KO8IOyXrO2WiQ==&enc=utf8	부모님과 전주여행 가려고하는데 정보가 하나도 없어서요 숙소는 어디가좋은지 관광지는 어디가있는지 추천부탁드려요 전주여행 전주맛집 국내여행 전주달봉이 달봉티비 전주여행 코스 전주가볼만한곳 여수여행 	 경주여행 (숙소추천) 부모님과 전주여행 가려고하는데 정보가 하나도 없어서요 숙소는 어디가좋은지 관광지는 어디가있는지 추천부탁드려요 전주여행 전주맛집 국내여행 전주달봉이 달봉티비 전주여행 코스 전주가볼만한곳 여수여행 
전주 여행	483	전주 여행코스!!!	https://kin.naver.com/qna/detail.naver?d1id=9&dirId=90110&docId=223302720&qb=7KCE7KO8IOyXrO2WiQ==&enc=utf8	 이미 전주여행 을 마치고 복귀하셨을 것 같네요 저희도 지난주에 당일코스로 전주에 다녀왔는데요 주말이라서 그런지 차들도 많고 관광지에는 사람들도 많아서 생각처럼 많이 둘러보지 못해서 아쉽더라고요 최소한 1박2일 	 경주여행 (숙소추천)  이미 전주여행 을 마치고 복귀하셨을 것 같네요 저희도 지난주에 당일코스로 전주에 다녀왔는데요 주말이라서 그런지 차들도 많고 관광지에는 사람들도 많아서 생각처럼 많이 둘러보지 못해서 아쉽더라고요 최소한 1박2일 
전주 여행	484	전주 당일치기 여행을 가려고 하는데 질문이 있습니다	https://kin.naver.com/qna/detail.naver?d1id=9&dirId=90110&docId=474638285&qb=7KCE7KO8IOyXrO2WiQ==&enc=utf8	 전주여행 전주맛집 국내여행 전주달봉이 달봉티비 전주여행 코스 전주가볼만한곳 여수여행 여수가볼만한곳 제주도여행 제주도가볼만한곳 여행 전문 인플루언서 전주달봉이입니다 기지제 산책 저녁에도 많이들 하셔서 	 경주여행 (숙소추천)  전주여행 전주맛집 국내여행 전주달봉이 달봉티비 전주여행 코스 전주가볼만한곳 여수여행 여수가볼만한곳 제주도여행 제주도가볼만한곳 여행 전문 인플루언서 전주달봉이입니다 기지제 산책 저녁에도 많이들 하셔서 
전주 여행	485	전주 1박2일 여행가는데 코스추천부탁드려요~^^	https://kin.naver.com/qna/detail.naver?d1id=9&dirId=90110&docId=420277757&qb=7KCE7KO8IOyXrO2WiQ==&enc=utf8	남자친구와 생일여행으로 전주여행 을가는데 전주는 처음이라 좋은 코스있으면 추천좀 부탁드립니다 숙소는 전주 한옥마을 도보 10거리에 잡았고 자차 있어서 이동은 문제없습니다 맛집도 추천 부탁드려요 안녕하세요 AI 	 경주여행 (숙소추천) 남자친구와 생일여행으로 전주여행 을가는데 전주는 처음이라 좋은 코스있으면 추천좀 부탁드립니다 숙소는 전주 한옥마을 도보 10거리에 잡았고 자차 있어서 이동은 문제없습니다 맛집도 추천 부탁드려요 안녕하세요 AI 
전주 여행	486	전주 한옥마을에 남자 혼자 여행을 갈 예정입니다.	https://kin.naver.com/qna/detail.naver?d1id=9&dirId=90110&docId=441064844&qb=7KCE7KO8IOyXrO2WiQ==&enc=utf8	 욕조는 저도 굉장히 무리한 질문인것 같지만 혹시나해서 전주여행 전주맛집 국내여행 전주달봉이 달봉티비 전주여행 코스 전주가볼만한곳 여수여행 여수가볼만한곳 제주도여행 제주도가볼만한곳 여행 전문 인플루언서 	 경주여행 (숙소추천)  욕조는 저도 굉장히 무리한 질문인것 같지만 혹시나해서 전주여행 전주맛집 국내여행 전주달봉이 달봉티비 전주여행 코스 전주가볼만한곳 여수여행 여수가볼만한곳 제주도여행 제주도가볼만한곳 여행 전문 인플루언서 
전주 여행	487	전주 여행가는데 렌트를 하는게 좋을까	https://kin.naver.com/qna/detail.naver?d1id=9&dirId=90110&docId=431515138&qb=7KCE7KO8IOyXrO2WiQ==&enc=utf8	 전주 여행 가는데 렌트를 하는게 좋을까요 안녕하세요 천만 반려인과 함께하는 애견 동반 여행 플랫폼 하트독 입니다 전주는 작은 도시라서 택시로 이동을해도 크게 불편함이 없습니다 답변이 도움이 되셨다면 채택도 부탁드립니다 	 경주여행 (숙소추천)  전주 여행 가는데 렌트를 하는게 좋을까요 안녕하세요 천만 반려인과 함께하는 애견 동반 여행 플랫폼 하트독 입니다 전주는 작은 도시라서 택시로 이동을해도 크게 불편함이 없습니다 답변이 도움이 되셨다면 채택도 부탁드립니다 
전주 여행	488	전주 여행코스 질문드려요	https://kin.naver.com/qna/detail.naver?d1id=12&dirId=121305&docId=149726141&qb=7KCE7KO8IOyXrO2WiQ==&enc=utf8	 이상은 제가 전주여행 문의하는 분들께 통상 안내해 드리는 정보입니다 질문하신 분께 간단히 요약해 드리면 먼저 위 사이트 들어가셔서 방 예약하시고 오전에 	 경주여행 (숙소추천)  이상은 제가 전주여행 문의하는 분들께 통상 안내해 드리는 정보입니다 질문하신 분께 간단히 요약해 드리면 먼저 위 사이트 들어가셔서 방 예약하시고 오전에 
전주 여행	489	전주 여행 및 코스 질문 내공있어요~100	https://kin.naver.com/qna/detail.naver?d1id=12&dirId=121305&docId=279859546&qb=7KCE7KO8IOyXrO2WiQ==&enc=utf8	부산에서 전주여행 을 가려고 합니다 자차 여행이 아닌 버스위주로 가려고 합니다 그리고 전주만 가는것이아니라 전주갔다가 전주에서 가깝거나 버스로 1 2시간 정도 갈수있는 다른 지역도 여행 가고 싶은데 여행 많이 다니시는분들 	 경주여행 (숙소추천) 부산에서 전주여행 을 가려고 합니다 자차 여행이 아닌 버스위주로 가려고 합니다 그리고 전주만 가는것이아니라 전주갔다가 전주에서 가깝거나 버스로 1 2시간 정도 갈수있는 다른 지역도 여행 가고 싶은데 여행 많이 다니시는분들 
전주 여행	490	전주 여행코스 추천좀요	https://kin.naver.com/qna/detail.naver?d1id=9&dirId=90110&docId=414983842&qb=7KCE7KO8IOyXrO2WiQ==&enc=utf8	 전주 여행 코스 추천하세염 전주동물원 걍기전 전주한옥마을 덕진연못으로 가보세요	 경주여행 (숙소추천)  전주 여행 코스 추천하세염 전주동물원 걍기전 전주한옥마을 덕진연못으로 가보세요
전주 여행	491	전주여행 코스 좀 알려주세요	https://kin.naver.com/qna/detail.naver?d1id=9&dirId=90110&docId=387443906&qb=7KCE7KO8IOyXrO2WiQ==&enc=utf8	안녕하세요 전주 로 당일치기 여행 할껀데 코스 좀 짜주세요 전주 동물원 전주 한옥마을 전주 수목원 팔복예술공장 전주 드림랜드 당일치기로 갈껀데 코스좀알려주세요 자가용으로 이동하신다면 아래와 같은 코스가 시간을 아낄 수 	 경주여행 (숙소추천) 안녕하세요 전주 로 당일치기 여행 할껀데 코스 좀 짜주세요 전주 동물원 전주 한옥마을 전주 수목원 팔복예술공장 전주 드림랜드 당일치기로 갈껀데 코스좀알려주세요 자가용으로 이동하신다면 아래와 같은 코스가 시간을 아낄 수 
전주 여행	492	1박2일 전주 여행코스	https://kin.naver.com/qna/detail.naver?d1id=12&dirId=121305&docId=419637302&qb=7KCE7KO8IOyXrO2WiQ==&enc=utf8	 질문하신 전주 여행 코스 관련 답변드리겠습니다 가족 분들과 함께하는 전주 여행 을 계획 중이시군요 전주의 추천 명소와 맛집들을 포함해서 여다에서 맞춤형 1박 2일 전주 여행 코스를 준비했어요 아래 첨부된 일정을 	 경주여행 (숙소추천)  질문하신 전주 여행 코스 관련 답변드리겠습니다 가족 분들과 함께하는 전주 여행 을 계획 중이시군요 전주의 추천 명소와 맛집들을 포함해서 여다에서 맞춤형 1박 2일 전주 여행 코스를 준비했어요 아래 첨부된 일정을 
전주 여행	493	당일치기 전주여행코스	https://kin.naver.com/qna/detail.naver?d1id=9&dirId=90110&docId=276243421&qb=7KCE7KO8IOyXrO2WiQ==&enc=utf8	 처음으로 전주여행 을 가는거라서 아는 것이 많이 없어요 일단 전주 한옥마을에서 한복을 빌려서 한옥마을 전동성당이랑 경기전 그리고 자만벽화마을 까지 가기로 정했는데 또 다른 놀러갈 곳을 찾진 못했어요 전주에 한옥마을과 	 경주여행 (숙소추천)  처음으로 전주여행 을 가는거라서 아는 것이 많이 없어요 일단 전주 한옥마을에서 한복을 빌려서 한옥마을 전동성당이랑 경기전 그리고 자만벽화마을 까지 가기로 정했는데 또 다른 놀러갈 곳을 찾진 못했어요 전주에 한옥마을과 
전주 여행	494	초등 아이랑 전주여행 코스, 맛집 추천 부탁합니다	https://kin.naver.com/qna/detail.naver?d1id=12&dirId=121305&docId=436324017&qb=7KCE7KO8IOyXrO2WiQ==&enc=utf8	 아이와 전주 여행 을 계획하고 계시군요 전주에서 아이와 함께 가볼만한 곳 몇군데를 추천드려보도록 하겠습니다 1 전주 한옥마을 이미 계획에 넣어두신 장소인 전주 한옥마을이예요 한복도 입고 한옥마을을 거닐며 사진도 	 경주여행 (숙소추천)  아이와 전주 여행 을 계획하고 계시군요 전주에서 아이와 함께 가볼만한 곳 몇군데를 추천드려보도록 하겠습니다 1 전주 한옥마을 이미 계획에 넣어두신 장소인 전주 한옥마을이예요 한복도 입고 한옥마을을 거닐며 사진도 
전주 여행	495	(급합니다ㅠㅠ) 전주 여행코스	https://kin.naver.com/qna/detail.naver?d1id=12&dirId=121305&docId=230653752&qb=7KCE7KO8IOyXrO2WiQ==&enc=utf8	 전주여행 코스 추천드립니다 안녕하세요 여행전문블로거 쭈니아빠입니다 방학을 맞아서 친구분들과 전주여행 을 준비하고 계시네요 전주는 한옥마을을 중심으로 가볼만한 곳이 많죠 터미널에서 버스를 타고 한옥마을에 	 경주여행 (숙소추천)  전주여행 코스 추천드립니다 안녕하세요 여행전문블로거 쭈니아빠입니다 방학을 맞아서 친구분들과 전주여행 을 준비하고 계시네요 전주는 한옥마을을 중심으로 가볼만한 곳이 많죠 터미널에서 버스를 타고 한옥마을에 
전주 여행	496	전주여행 순서좀 알려주세요~	https://kin.naver.com/qna/detail.naver?d1id=12&dirId=121305&docId=223850942&qb=7KCE7KO8IOyXrO2WiQ==&enc=utf8	 전주여행 을 하려고 하는데요 덕진공원 전주동물원 한옥마을 남부시장을 가려고 합니다 전주시외버스공용터미널에서 가까운 순서가 어떻게 될까요 그리고 근처에 가까운 바닷가는 어디 인가요 또 이 외에 구경할 좋은 곳도 	 경주여행 (숙소추천)  전주여행 을 하려고 하는데요 덕진공원 전주동물원 한옥마을 남부시장을 가려고 합니다 전주시외버스공용터미널에서 가까운 순서가 어떻게 될까요 그리고 근처에 가까운 바닷가는 어디 인가요 또 이 외에 구경할 좋은 곳도 
전주 여행	497	전주 여행 비용	https://kin.naver.com/qna/detail.naver?d1id=9&dirId=90110&docId=389274491&qb=7KCE7KO8IOyXrO2WiQ==&enc=utf8	안녕하세요 전주 로 여행 가려는 학생입니다 수원살고 있고요 2박3일 3박으로 3 4명이서 가려하는데 비용이 어느정도 나올까요 수원에서 전주 까지는 자가용으로도 2시간 정도 걸리는 코스인데요 대중교통으로 간다라면 조금 더 	 경주여행 (숙소추천) 안녕하세요 전주 로 여행 가려는 학생입니다 수원살고 있고요 2박3일 3박으로 3 4명이서 가려하는데 비용이 어느정도 나올까요 수원에서 전주 까지는 자가용으로도 2시간 정도 걸리는 코스인데요 대중교통으로 간다라면 조금 더 
전주 여행	498	전주 여행 음식점	https://kin.naver.com/qna/detail.naver?d1id=12&dirId=121305&docId=312190870&qb=7KCE7KO8IOyXrO2WiQ==&enc=utf8	25일날 전주여행 을 가는데 전주동물원이랑 레일바이크 아중저수지 오목대주변에 맛집이나 음식 먹을만한거 있으면 추천해주세여 내공100드려여 추가로 터미널쪽에도 알려주시면 고맙습니다 답변 한옥마을에 에루화 떡갈비 	 경주여행 (숙소추천) 25일날 전주여행 을 가는데 전주동물원이랑 레일바이크 아중저수지 오목대주변에 맛집이나 음식 먹을만한거 있으면 추천해주세여 내공100드려여 추가로 터미널쪽에도 알려주시면 고맙습니다 답변 한옥마을에 에루화 떡갈비 
전주 여행	499	전주 1박2일 차없이 여행가려고 해요	https://kin.naver.com/qna/detail.naver?d1id=12&dirId=121305&docId=447009525&qb=7KCE7KO8IOyXrO2WiQ==&enc=utf8	 답변 미리 감사해요 전주여행 전주맛집 국내여행 전주달봉이 달봉티비 전주여행 코스 전주가볼만한곳 여수여행 여수가볼만한곳 제주도여행 제주도가볼만한곳 여행 전문 인플루언서 전주달봉이입니다 전주한옥마을에 모주체험 	 경주여행 (숙소추천)  답변 미리 감사해요 전주여행 전주맛집 국내여행 전주달봉이 달봉티비 전주여행 코스 전주가볼만한곳 여수여행 여수가볼만한곳 제주도여행 제주도가볼만한곳 여행 전문 인플루언서 전주달봉이입니다 전주한옥마을에 모주체험 
전주 여행	500	전주 여행 가려 합니다~	https://kin.naver.com/qna/detail.naver?d1id=12&dirId=121305&docId=77622541&qb=7KCE7KO8IOyXrO2WiQ==&enc=utf8	금요일 저녁에서 토요일까지 1박 2일로 전주 여행 을 가려고 합니다 1 한옥마을에서 터미널 역 둘중에 어느 쪽이 더 가까운가요 2 시외버스터미널과 역은 얼마나 먼가요 3 한옥마을 근처 찜질방에서 묵을 계획인데 어떤 곳이 	 경주여행 (숙소추천) 금요일 저녁에서 토요일까지 1박 2일로 전주 여행 을 가려고 합니다 1 한옥마을에서 터미널 역 둘중에 어느 쪽이 더 가까운가요 2 시외버스터미널과 역은 얼마나 먼가요 3 한옥마을 근처 찜질방에서 묵을 계획인데 어떤 곳이 
