N,종목명,현재가,전일비변동,전일비,등락률,액면가,거래량,거래대금,매수호가,시가총액,영업이익,PER,전일거래량,시가,매도호가,자산총계,영업이익증가율,ROE,고가,매수총잔량,부채총계,당기순이익,외국인비율,ROA,저가,매도총잔량,상장주식수,매출액,주당순이익,PBR,보통주배당금,매출액증가율
1,삼성전자,"58,400",상승,300,+0.52%,100,"2,060,889","120,009","58,200","3,457,069","327,260",11.31,"28,637,003","58,000","58,300","5,145,319",398.34,9.03,"58,700","81,612","1,123,399","344,514",49.73,7.10,"57,900","23,479","5,919,638","3,008,709","5,162",0.99,"1,446",16.20
2,SK하이닉스,"248,000",하락,"1,000",-0.40%,"5,000","438,350","108,205","250,000","1,805,446","234,673",6.95,"5,044,669","245,500","249,500","1,198,552",403.58,31.06,"249,500","13,119","459,395","197,969",55.33,17.98,"245,000","1,905","728,002","661,930","35,682",2.10,"2,204",102.02
3,삼성바이오로직스,"1,000,000",하락,"10,000",-0.99%,"2,500","12,696","12,688","1,001,000","711,740","13,201",55.63,"72,268","1,003,000","1,008,000","173,363",18.53,10.45,"1,006,000","1,210","64,316","10,833",12.90,6.49,"996,000",49,"71,174","45,473","17,977",6.31,0,23.08
4,LG에너지솔루션,"293,000",하락,"1,000",-0.34%,500,"14,118","4,146","294,000","685,620","5,754",-58.91,"243,494","291,500","294,500","603,068",-73.40,-4.93,"296,500",39,"293,402","3,386",4.08,0.64,"291,000",605,"234,000","256,196","-4,974",3.24,N/A,-24.08
5,한화에어로스페이스,"946,000",하락,"8,000",-0.84%,"5,000","29,761","28,387","964,000","447,422","17,319",19.13,"270,383","964,000","965,000","433,369",191.41,53.94,"969,000",14,"319,726","25,399",45.19,8.08,"944,000",68,"47,296","112,401","49,447",10.95,"3,500",42.47
6,현대차,"202,000",하락,"3,000",-1.46%,"5,000","63,334","12,779","203,500","413,611","142,396",4.40,"950,447","202,500","204,000","3,397,984",-5.87,12.43,"203,500","2,704","2,195,225","132,299",36.18,4.25,"200,500","5,534","204,758","1,752,312","45,880",0.48,"12,000",7.73
7,KB금융,"106,500",하락,600,-0.56%,"5,000","116,130","12,347","107,100","406,257","80,453",7.39,"1,053,976","106,100","107,500","7,578,455",26.00,8.86,"107,200",72,"6,980,304","50,286",78.16,0.68,"105,500",602,"381,462","850,764","14,416",0.67,"3,174",9.77
8,삼성전자우,"48,100",상승,100,+0.21%,100,"139,795","6,715","48,200","392,484",N/A,9.32,"2,106,355","48,000","48,250",N/A,N/A,N/A,"48,350",159,N/A,N/A,73.77,N/A,"47,700","2,009","815,975",N/A,"5,162",0.81,N/A,N/A
9,기아,"98,300",하락,"1,300",-1.31%,"5,000","128,798","12,622","99,000","390,912","126,671",4.19,"1,332,802","98,500","99,200","927,559",9.13,19.09,"98,500",105,"369,156","97,750",39.09,11.28,"97,200",129,"397,673","1,074,488","23,440",0.69,"6,500",7.66
10,HD현대중공업,"435,000",하락,"1,500",-0.34%,"5,000","50,269","21,734","437,000","386,163","7,052",44.03,"433,501","436,000","438,000","193,909",294.77,11.39,"438,500",203,"136,865","6,215",10.78,3.40,"425,000",61,"88,773","144,865","9,880",6.65,"2,090",21.08
11,두산에너빌리티,"59,500",상승,100,+0.17%,"5,000","1,541,571","90,906","59,100","381,134","10,176",-374.21,"23,039,564","58,900","59,200","263,148",-30.65,1.52,"59,700","127,043","146,537","3,947",24.51,1.55,"57,700","20,129","640,561","162,331",-159,5.01,N/A,-7.71
12,셀트리온,"160,900",하락,900,-0.56%,"1,000","23,142","3,719","160,100","357,883","4,920",74.46,"369,837","160,600","160,200","210,552",-24.48,2.46,"161,400","1,242","34,752","4,189",21.50,2.04,"160,400",501,"222,426","35,573","2,161",2.08,735,63.45
13,NAVER,"218,000",상승,"11,500",+5.57%,100,"384,279","82,421","205,500","345,393","19,793",19.04,"837,169","204,500","205,500","381,679",32.94,7.90,"219,000","1,030","111,670","19,320",48.50,5.23,"204,000","1,058","158,437","107,377","11,452",1.23,"1,130",11.03
14,신한지주,"58,800",하락,"1,500",-2.49%,"5,000","238,206","13,974","59,600","291,555","64,587",6.46,"1,683,290","59,100","59,700","7,397,643",5.87,8.11,"59,500","5,984","6,809,432","45,582",58.99,0.64,"58,100","2,819","495,842","419,028","9,108",0.51,"2,160",6.26
15,한화오션,"93,800",상승,"1,800",+1.96%,"5,000","1,559,934","146,491","91,600","287,416","2,379",41.49,"11,084,468","91,400","91,700","178,438",221.06,11.52,"95,800","1,768","129,805","5,282",13.10,3.32,"91,200","3,252","306,413","107,760","2,261",5.65,N/A,45.46
16,삼성물산,"168,100",하락,"4,300",-2.49%,100,"79,857","13,450","169,100","285,731","29,834",13.42,"549,321","169,800","170,600","619,904",3.95,6.83,"170,000","1,261","247,319","27,720",26.96,4.33,"167,300",370,"169,977","421,032","12,523",0.86,"2,600",0.50
17,HD한국조선해양,"370,500",상승,"5,500",+1.51%,"5,000","41,313","15,186","364,500","262,214","14,341",17.73,"360,041","363,500","365,000","367,191",408.07,11.16,"372,000",103,"225,633","14,546",32.81,4.22,"359,000",90,"70,773","255,386","20,895",2.30,"5,100",19.92
18,현대모비스,"280,500",하락,"5,500",-1.92%,"5,000","25,280","7,080","283,000","257,485","30,735",6.18,"227,695","282,500","283,500","665,969",33.90,9.35,"283,500",786,"204,787","40,602",42.73,6.49,"277,500",125,"91,795","572,370","45,380",0.54,"6,000",-3.41
19,삼성생명,"123,800",하락,"3,000",-2.37%,500,"33,737","4,180","124,700","247,600","24,998",11.68,"368,450","124,900","124,800","3,122,188",4.23,6.18,"124,900",69,"2,794,809","22,603",21.77,0.72,"123,200",128,"200,000","337,860","10,600",0.75,"4,500",9.21
20,HMM,"23,000",보합,0,0.00%,"5,000","249,197","5,748","22,700","235,759","35,128",4.53,"4,484,756","23,050","22,850","338,486",500.72,15.35,"23,300","3,135","59,930","37,821",7.05,12.70,"22,900",121,"1,025,039","117,002","5,073",0.72,600,39.27
21,카카오,"52,900",상승,"1,100",+2.12%,100,"618,767","32,599","51,400","233,694","4,602",152.89,"3,981,660","51,600","51,500","257,730",-0.14,0.56,"53,500","2,848","118,301","-1,619",28.35,-0.64,"51,600","1,275","441,767","78,717",346,2.24,68,4.16
22,하나금융지주,"79,200",하락,300,-0.38%,"5,000","89,605","7,053","79,500","225,501","48,552",5.98,"1,017,758","78,700","79,600","6,378,475",3.45,9.11,"79,500","1,295","5,942,706","37,685",67.66,0.61,"78,200",51,"284,724","816,143","13,252",0.51,"3,600",17.10
23,현대로템,"201,000",상승,"3,000",+1.52%,"5,000","135,411","27,163","199,000","219,376","4,566",43.10,"1,481,919","201,000","199,200","52,854",117.36,21.85,"203,000",189,"32,763","4,053",32.20,7.70,"197,900",220,"109,142","43,766","4,664",10.04,200,22.00
24,POSCO홀딩스,"254,500",하락,"3,000",-1.17%,"5,000","30,117","7,702","254,000","205,974","21,736",24.74,"248,424","254,500","254,500","1,034,042",-38.45,2.00,"258,500","1,268","419,538","9,476",29.39,0.93,"254,000",216,"80,933","726,881","10,286",0.35,"10,000",-5.76
25,삼성화재,"432,500",하락,"12,000",-2.70%,500,"8,213","3,555","438,500","198,998","26,496",11.04,"62,789","435,500","439,000","872,695",12.40,13.11,"436,000",137,"716,673","20,768",55.92,2.41,"430,500",8,"46,011","226,570","39,171",1.19,"19,000",8.80
26,SK스퀘어,"149,400",하락,"4,000",-2.61%,100,"62,326","9,339","151,600","198,016","39,126",4.03,"804,283","149,100","151,900","219,211",267.23,21.70,"151,800",136,"23,356","36,505",52.10,18.30,"148,600","1,849","132,541","61,385","37,069",0.96,0,169.41
27,메리츠금융지주,"108,100",하락,200,-0.18%,500,"27,690","2,989","108,000","194,596","31,889",8.85,"468,008","107,200","108,100","1,155,782",8.71,23.44,"108,500",133,"1,046,482","23,334",16.01,2.14,"106,800","3,967","180,014","465,745","12,216",1.97,"1,350",-20.47
28,한국전력,"28,500",상승,250,+0.88%,"5,000","451,742","12,791","28,100","182,960","83,647",3.48,"4,035,890","28,150","28,150","2,468,078",284.18,9.22,"28,550","8,845","2,054,450","36,220",19.61,1.49,"28,050","3,615","641,964","933,989","8,191",0.44,213,5.87
29,크래프톤,"369,000",상승,"1,500",+0.41%,100,"14,801","5,417","363,500","174,864","11,825",13.33,"97,685","363,500","364,000","79,195",53.96,21.10,"369,500",459,"10,903","13,026",42.94,18.14,"362,000",129,"47,389","27,098","27,686",2.33,0,41.83
30,고려아연,"841,000",상승,"5,000",+0.60%,"5,000","3,930","3,268","848,000","174,115","7,235",70.67,"35,024","845,000","849,000","147,923",9.63,2.28,"845,000",64,"71,969","1,948",12.09,1.45,"821,000",91,"20,703","120,529","11,900",2.07,"17,500",24.20
31,HD현대일렉트릭,"461,500",하락,"9,000",-1.91%,"5,000","32,837","15,133","468,500","166,358","6,690",29.62,"355,866","467,000","469,000","37,955",112.23,39.34,"469,000",315,"22,880","4,984",34.32,14.87,"455,500",484,"36,047","33,223","15,581",11.04,"5,350",22.92
32,삼성중공업,"17,800",하락,70,-0.39%,"1,000","891,276","15,855","17,740","156,640","5,027",107.23,"9,768,344","17,720","17,750","171,946",115.43,1.77,"17,960","4,142","134,452",539,31.81,0.33,"17,650","2,230","880,000","99,031",166,3.94,N/A,23.64
33,우리금융지주,"20,750",하락,150,-0.72%,"5,000","250,616","5,196","20,800","154,088","42,552",5.35,"3,783,122","20,750","20,850","5,257,533",21.61,9.39,"20,850","7,831","4,898,581","31,715",46.26,0.62,"20,600","13,378","742,592","466,167","3,877",0.46,"1,200",11.03
34,KT&G,"123,900",상승,200,+0.16%,"5,000","15,496","1,909","122,400","151,235","11,888",13.95,"265,507","122,500","122,500","139,252",1.84,12.66,"124,100",430,"45,668","11,650",43.66,8.73,"122,500",598,"122,062","59,088","8,881",1.47,"5,400",0.79
35,SK,"200,500",상승,"2,000",+1.01%,200,"27,474","5,485","201,000","145,368","23,553",16.33,"364,520","198,500","202,000","2,149,778",-50.46,-5.64,"202,500",143,"1,346,902","5,288",23.68,0.25,"197,200",85,"72,503","1,246,904","12,281",0.41,"7,000",-3.19
36,LG화학,"205,500",하락,"1,500",-0.72%,"5,000","37,785","7,808","204,500","145,067","9,168",-17.20,"262,029","204,500","205,000","938,578",-63.75,-2.11,"209,500",124,"458,623","5,150",30.34,0.60,"204,000",465,"70,592","489,161","-11,946",0.48,"1,000",-11.46
37,SK이노베이션,"95,600",상승,"4,500",+4.94%,"5,000","190,894","18,313","92,100","144,389","3,155",-4.72,"465,446","92,400","92,300","1,105,301",-83.43,-9.65,"97,600",879,"708,812","-23,725",13.95,-2.48,"92,300",229,"151,035","747,170","-20,236",0.59,"2,000",-3.33
38,기업은행,"17,290",상승,60,+0.35%,"5,000","58,559","1,005","17,200","137,875","35,941",5.16,"1,403,276","17,140","17,220","4,722,198",4.71,8.06,"17,300",662,"4,379,887","26,543",14.12,0.58,"17,060",333,"797,426","324,300","3,351",0.40,"1,065",13.30
39,삼성SDI,"167,600",하락,"1,700",-1.00%,"5,000","86,415","14,560","167,600","135,061","3,633",114.72,"508,546","168,300","167,700","405,973",-76.49,3.13,"170,700","1,335","190,301","5,755",28.09,1.54,"167,200",363,"80,586","165,922","1,461",0.59,973,-22.60
40,KT,"52,600",하락,400,-0.75%,"5,000","24,551","1,289","52,600","132,563","8,095",20.95,"645,959","52,600","52,900","418,800",-50.93,2.85,"52,700","3,371","238,834","4,171",49.00,0.99,"52,300","1,044","252,022","264,312","2,511",0.78,"2,000",0.21
41,카카오뱅크,"27,650",상승,200,+0.73%,"5,000","118,609","3,248","27,000","131,888","6,069",28.27,"1,062,121","27,050","27,100","628,053",26.83,6.95,"27,700","1,835","562,652","4,401",17.30,0.75,"26,900","2,103","476,989","29,456",978,2.02,360,18.11
42,하이브,"306,500",상승,"8,000",+2.68%,500,"50,252","15,183","298,500","127,664","1,840",244.03,"169,266","296,500","299,000","54,792",-37.75,0.31,"307,500",29,"19,654",-34,18.43,-0.06,"295,500",637,"41,652","22,556","1,256",3.88,200,3.56
43,한화시스템,"67,000",상승,800,+1.21%,"5,000","767,237","52,344","69,900","126,576","2,193",28.74,"5,372,164","69,600","70,000","57,240",78.95,19.63,"69,700","2,867","33,076","4,454",8.44,8.73,"66,800","9,072","188,919","28,037","2,331",3.73,350,14.32
44,LIG넥스원,"569,000",상승,"8,000",+1.43%,"5,000","38,914","22,353","579,000","125,180","2,298",51.02,"220,561","580,000","580,000","61,253",23.29,19.59,"584,000",74,"48,878","2,166",31.20,4.36,"565,000",33,"22,000","32,763","11,153",9.98,"2,400",41.92
45,삼성에스디에스,"158,300",상승,100,+0.06%,500,"34,681","5,432","155,800","122,489","9,111",16.17,"697,737","155,100","155,900","132,383",12.73,8.42,"158,900",54,"35,329","7,895",19.04,6.18,"154,800",100,"77,378","138,282","9,791",1.31,"2,900",4.15
46,미래에셋증권,"20,950",상승,850,+4.23%,"5,000","524,746","10,823","20,000","119,481","11,881",15.36,"4,913,652","19,960","20,050","1,371,770",128.02,7.94,"21,050","1,298","1,249,133","9,255",13.31,0.69,"19,810","3,412","570,316","222,342","1,364",1.00,250,9.22
47,SK텔레콤,"55,000",하락,300,-0.54%,100,"105,404","5,783","55,000","118,135","18,234",9.36,"1,272,261","54,900","55,100","305,153",4.00,10.83,"55,200","7,843","186,876","13,871",39.91,4.58,"54,500","2,192","214,790","179,406","5,874",0.99,"3,540",1.89
48,LG,"74,900",하락,100,-0.13%,"5,000","14,336","1,065","74,000","117,781","9,668",14.82,"186,598","74,000","74,200","316,393",-39.16,2.16,"74,900",490,"35,066","7,905",35.06,2.55,"73,700",373,"157,251","71,755","5,053",0.42,"3,100",-3.62
49,LG전자,"71,900",하락,300,-0.42%,"5,000","37,289","2,679","72,000","117,663","34,197",18.80,"451,460","71,800","72,100","656,296",-6.40,1.81,"72,500","1,964","404,179","5,914",29.43,0.94,"71,500",783,"163,648","877,282","3,825",0.59,"1,000",6.64
50,HD현대,"133,200",상승,800,+0.60%,"1,000","25,856","3,447","134,000","105,219","29,832",20.04,"946,815","134,000","134,100","738,667",46.84,6.36,"134,600",320,"474,816","19,302",22.42,2.72,"131,100",141,"78,993","677,656","6,647",1.02,"3,600",10.49
51,두산,"609,000",하락,"3,000",-0.49%,"5,000","14,233","8,708","617,000","100,630","10,038",-62.85,"198,456","612,000","620,000","301,431",-30.11,-14.57,"618,000",65,"182,536","3,022",13.03,1.03,"607,000",56,"16,524","181,329","-9,690",7.26,"2,000",-5.21
52,삼양식품,"1,292,000",상승,"4,000",+0.31%,"5,000","3,988","5,141","1,290,000","97,327","3,446",31.95,"60,495","1,293,000","1,295,000","15,948",133.58,39.37,"1,305,000",133,"7,667","2,713",19.76,19.62,"1,280,000",81,"7,533","17,280","40,436",10.67,"3,300",44.86
53,삼성전기,"129,900",하락,800,-0.61%,"5,000","24,031","3,121","130,500","97,027","7,350",16.01,"475,355","130,000","130,600","127,924",11.27,8.16,"131,100",246,"37,765","7,032",32.73,5.75,"129,200",133,"74,694","102,941","8,115",1.11,"1,800",15.76
54,한국항공우주,"96,200",하락,300,-0.31%,"5,000","145,446","14,060","98,100","93,771","2,407",56.65,"1,069,649","98,000","98,200","80,255",-2.74,10.42,"98,100",979,"62,984","1,709",34.18,2.25,"95,900",224,"97,475","36,337","1,698",5.56,500,-4.86
55,현대글로비스,"124,800",하락,700,-0.56%,500,"19,341","2,397","124,300","93,600","17,529",7.88,"342,058","124,500","124,700","168,491",12.80,13.24,"125,100",87,"80,398","10,995",49.50,6.96,"122,900",71,"75,000","284,074","15,834",1.05,"3,700",10.61
56,포스코퓨처엠,"120,500",상승,300,+0.25%,500,"38,702","4,702","118,500","93,343",7,-43.13,"280,833","119,100","119,000","79,325",-97.99,-7.98,"123,500",41,"46,120","-2,313",9.90,-3.24,"119,100",100,"77,463","36,999","-2,794",3.10,0,-22.27
57,HD현대마린솔루션,"202,500",하락,"3,000",-1.46%,500,"15,348","3,135","202,500","90,779","2,717",36.24,"172,707","203,000","203,000","11,522",34.87,44.98,"207,500",275,"3,787","2,279",29.05,25.20,"202,000",88,"44,829","17,455","5,588",12.69,"3,150",22.02
58,포스코인터내셔널,"50,900",상승,600,+1.19%,"5,000","56,407","2,857","51,200","89,545","11,169",16.64,"1,138,749","51,000","51,400","173,363",-3.97,8.14,"51,100","1,078","99,869","5,034",6.31,2.97,"50,300",967,"175,923","323,408","3,058",1.35,"1,550",-2.39
59,현대건설,"77,900",하락,100,-0.13%,"5,000","108,191","8,412","78,000","86,746","-12,634",-42.99,"2,072,881","77,800","78,100","270,054",-260.86,-2.09,"78,500","1,418","173,360","-7,662",23.65,-3.02,"76,600",113,"111,356","326,703","-1,812",1.08,600,10.18
60,한진칼,"129,600",하락,"2,900",-2.19%,"2,500","14,791","1,911","130,000","86,524",492,19.00,"87,618","130,100","130,300","42,072",14.82,16.75,"131,500",59,"8,940","5,122",20.62,12.82,"127,700",175,"66,762","2,922","6,822",2.68,360,5.96
61,LS ELECTRIC,"282,000",상승,"1,000",+0.36%,"5,000","20,714","5,805","284,000","84,600","3,897",36.75,"227,693","284,000","284,500","44,852",19.96,13.44,"284,000",166,"25,951","2,422",24.38,5.90,"276,000",794,"30,000","45,518","7,673",4.57,"2,900",7.60
62,KODEX CD금리액티브(합성),"1,072,470",상승,80,+0.01%,0,"22,928","24,589","1,072,470","83,806",N/A,N/A,"165,354","1,072,470","1,072,475",N/A,N/A,N/A,"1,072,475","503,193",N/A,N/A,0.00,N/A,"1,072,470","504,197","7,814",N/A,N/A,N/A,N/A,N/A
63,유한양행,"104,000",하락,700,-0.67%,"1,000","21,495","2,233","104,200","83,167",549,126.67,"351,209","104,000","104,400","29,420",-3.77,3.41,"104,200","1,977","7,914",552,17.80,1.92,"103,600","1,171","79,968","20,678",821,3.77,500,11.23
64,한미반도체,"86,700",하락,300,-0.34%,100,"50,479","4,377","85,500","82,636","2,554",60.97,"1,649,989","86,100","86,000","7,109",638.74,27.43,"87,600","8,484","1,700","1,526",7.58,21.27,"86,100",166,"95,312","5,589","1,422",15.76,720,251.50
65,DB손해보험,"116,600",하락,"1,600",-1.35%,500,"14,111","1,639","116,100","82,553","24,249",4.85,"273,511","116,600","117,100","665,061",8.50,18.98,"117,500",49,"571,149","18,532",46.28,2.93,"115,200",156,"70,800","218,350","24,043",0.87,"6,800",10.49
66,TIGER 미국S&P500,"20,440",상승,75,+0.37%,0,"229,085","4,684","20,360","81,964",N/A,N/A,"4,007,351","20,460","20,365",N/A,N/A,N/A,"20,475","2,888",N/A,N/A,0.19,N/A,"20,420","14,658","401,000",N/A,N/A,N/A,N/A,N/A
67,대한항공,"21,300",하락,200,-0.93%,"5,000","113,085","2,397","21,300","78,431","21,102",6.41,"1,135,189","21,200","21,350","470,121",17.88,13.17,"21,300","5,766","360,489","13,819",16.69,3.57,"21,100","2,766","368,221","178,707","3,322",0.75,750,10.92
68,카카오페이,"58,200",상승,300,+0.52%,500,"210,722","12,187","57,800","78,393",-575,"-1,877.42","2,305,884","57,600","57,900","44,147",-1.59,-0.73,"58,800",412,"25,039",-215,37.78,-0.51,"56,500","1,663","134,697","7,662",-31,4.18,0,24.52
69,아모레퍼시픽,"131,900",하락,800,-0.60%,500,"12,066","1,586","131,400","77,152","2,205",14.56,"308,622","131,400","132,000","67,835",103.83,11.69,"132,900",545,"14,575","6,016",23.37,9.50,"131,000",67,"58,493","38,851","9,057",1.72,"1,125",5.75
70,HD현대미포,"188,800",상승,"1,100",+0.59%,"5,000","29,353","5,500","187,100","75,411",885,49.40,"472,097","186,600","187,500","51,089",157.89,5.25,"189,500",55,"30,024","1,132",22.18,2.26,"185,100",378,"39,942","46,300","3,822",3.64,710,14.63
71,LG씨엔에스,"77,800",상승,"2,600",+3.46%,500,"783,416","60,207","75,700","75,377","5,129",16.92,"7,428,527","74,700","75,800","45,045",10.52,18.32,"78,500",795,"23,817","3,649",3.13,8.54,"73,200",564,"96,886","59,826","4,597",2.87,"1,672",6.73
72,한화,"97,600",상승,"1,500",+1.56%,"5,000","90,658","8,862","97,700","73,160","24,161",9.33,"820,648","97,800","97,800","2,520,370",0.17,7.19,"98,700",800,"2,124,752","16,904",15.76,0.73,"96,700",316,"74,959","556,468","10,464",0.87,800,4.73
73,효성중공업,"770,000",상승,"4,000",+0.52%,"5,000","8,049","6,192","767,000","71,799","3,625",23.69,"92,627","775,000","770,000","62,188",40.59,14.90,"775,000",541,"41,632","2,229",23.07,4.06,"763,000",10,"9,325","48,950","32,509",3.65,"5,000",13.82
74,한국금융지주,"128,000",상승,600,+0.47%,"5,000","26,895","3,426","126,900","71,329","11,997",6.81,"385,935","126,900","127,200","1,092,202",46.24,11.54,"129,300",352,"994,857","10,459",37.60,1.02,"125,300",393,"55,726","211,741","18,792",0.75,"3,980",1.34
75,SK바이오팜,"90,700",하락,400,-0.44%,500,"8,724",791,"91,100","71,030",963,28.27,"133,232","90,800","91,200","10,368",356.75,58.01,"91,200",338,"4,628","2,270",11.02,25.79,"90,400",90,"78,313","5,476","3,208",12.52,N/A,54.30
76,S-Oil,"61,700",상승,500,+0.82%,"2,500","73,777","4,567","60,200","69,464","4,222",-17.82,"693,838","62,300","60,600","244,514",-68.83,-2.18,"62,800","2,025","157,558","-1,930",73.26,-0.84,"61,100",384,"112,583","366,370","-3,463",0.83,125,2.55
77,코웨이,"95,300",하락,"2,000",-2.06%,500,"21,948","2,097","98,000","68,529","7,954",12.15,"290,749","97,400","98,200","57,616",8.77,19.38,"97,400","2,843","25,654","5,655",61.39,10.66,"94,100",104,"71,909","43,101","7,843",2.17,"2,630",8.66
78,KODEX 머니마켓액티브,"103,097",상승,2,0.00%,0,"14,764","1,522","103,095","66,804",N/A,N/A,"416,853","103,095","103,100",N/A,N/A,N/A,"103,100","729,926",N/A,N/A,0.00,N/A,"103,095","739,581","64,797",N/A,N/A,N/A,N/A,N/A
79,KODEX 200,"39,600",하락,80,-0.20%,0,"1,381,806","54,589","39,440","64,964",N/A,N/A,"13,232,197","39,405","39,435",N/A,N/A,N/A,"39,670",508,N/A,N/A,31.83,N/A,"39,380","12,692","164,050",N/A,N/A,N/A,N/A,N/A
80,NH투자증권,"18,940",상승,310,+1.66%,"5,000","82,051","1,544","18,530","61,382","9,011",9.80,"1,716,224","18,510","18,580","624,271",24.16,8.73,"19,060",89,"543,077","6,866",16.15,1.15,"18,450",371,"324,086","100,343","1,932",0.82,950,-3.25
81,삼성증권,"66,800",상승,700,+1.06%,"5,000","74,443","4,955","65,900","59,652","12,058",6.67,"1,001,916","65,600","66,000","622,739",62.69,12.89,"67,500",362,"549,497","8,990",29.00,1.51,"65,100","3,896","89,300","134,666","10,015",0.82,"3,500",2.26
82,삼성카드,"50,200",상승,100,+0.20%,"5,000","4,702",234,"49,800","58,161","8,854",8.67,"139,311","49,650","49,900","294,941",9.31,8.00,"50,300",628,"210,079","6,646",6.25,2.28,"49,600",24,"115,859","43,832","5,793",0.64,"2,800",9.47
83,LS,"177,700",하락,700,-0.39%,"5,000","9,641","1,709","176,500","57,219","10,729",20.15,"239,580","177,600","176,700","205,279",19.26,5.09,"178,800",78,"136,468","3,915",14.53,2.02,"176,200",153,"32,200","275,447","8,821",1.00,"1,650",12.52
84,LG유플러스,"12,990",하락,40,-0.31%,"5,000","80,989","1,052","12,900","56,716","8,631",13.86,"1,535,228","12,920","12,960","197,077",-13.52,4.40,"13,080","1,033","109,394","3,146",37.07,1.58,"12,920",3,"436,611","146,252",937,0.65,650,1.76
85,맥쿼리인프라,"11,720",하락,30,-0.26%,0,"57,701",676,"11,750","56,130",N/A,N/A,"1,236,695","11,750","11,760",N/A,N/A,N/A,"11,750","4,348",N/A,N/A,9.09,N/A,"11,700","1,351","478,922",N/A,N/A,N/A,N/A,N/A
86,현대차2우B,"158,500",하락,"1,000",-0.63%,"5,000","12,957","2,046","158,400","55,418",N/A,3.45,"171,236","158,500","158,700",N/A,N/A,N/A,"158,700",116,N/A,N/A,60.19,N/A,"157,200",13,"34,964",N/A,"45,880",0.37,N/A,N/A
87,한화솔루션,"31,250",하락,"1,900",-5.73%,"5,000","770,712","23,976","31,000","53,716","-3,002",-5.51,"7,323,408","30,950","31,050","300,368",-151.83,-15.99,"31,500","11,099","194,300","-13,690",12.82,-4.99,"30,650","22,999","171,893","123,940","-5,673",0.58,300,-5.23
88,LG생활건강,"336,500",보합,0,0.00%,"5,000","3,268","1,093","333,500","52,555","4,590",32.98,"27,296","333,500","335,500","74,058",-5.74,3.44,"337,000",58,"17,199","2,039",28.55,2.79,"333,000",24,"15,618","68,119","10,204",1.00,"3,500",0.10
89,키움증권,"213,500",상승,"3,500",+1.67%,"5,000","18,072","3,838","210,500","52,258","10,982",7.32,"224,937","208,000","212,000","556,884",94.50,15.98,"216,500",42,"500,565","8,349",24.66,1.55,"207,500",817,"24,477","112,803","29,164",1.01,"7,500",18.18
90,에이피알,"133,000",상승,"1,800",+1.37%,100,"21,880","2,884","131,100","50,333","1,227",37.84,"273,441","131,000","131,200","5,651",17.77,41.34,"133,600",445,"2,416","1,076",23.95,25.24,"130,100",540,"37,844","7,228","3,515",14.18,0,37.98
91,TIGER 미국나스닥100,"132,620",상승,245,+0.19%,0,"19,129","2,537","132,370","49,892",N/A,N/A,"206,197","132,800","132,375",N/A,N/A,N/A,"132,860",430,N/A,N/A,0.10,N/A,"132,450",957,"37,620",N/A,N/A,N/A,N/A,N/A
92,넷마블,"57,800",상승,800,+1.40%,100,"15,418",884,"56,400","49,681","2,156",48.86,"206,039","56,500","56,500","81,771",414.93,0.49,"57,900",212,"27,032",32,24.77,0.04,"56,400",21,"85,954","26,638","1,183",0.88,417,6.46
93,두산밥캣,"51,700",하락,200,-0.39%,500,"23,011","1,176","51,600","49,558","8,714",11.22,"238,552","51,300","51,700","120,096",-37.31,8.77,"51,700",151,"51,151","5,634",36.30,5.03,"50,500",232,"95,856","85,512","4,606",0.72,"1,600",-12.38
94,한국타이어앤테크놀로지,"38,900",하락,100,-0.26%,500,"21,525",833,"39,050","48,187","17,623",4.47,"533,929","38,650","39,100","158,497",32.71,10.79,"38,950",91,"46,549","11,311",35.83,7.91,"38,500",906,"123,875","94,119","8,704",0.43,"2,000",5.28
95,TIGER CD금리투자KIS(합성),"56,185",상승,5,+0.01%,0,"4,353",244,"56,185","47,554",N/A,N/A,"126,297","56,185","56,190",N/A,N/A,N/A,"56,190","1,369,865",N/A,N/A,0.01,N/A,"56,185","1,281,546","84,638",N/A,N/A,N/A,N/A,N/A
96,LG디스플레이,"9,110",상승,170,+1.90%,"5,000","865,759","7,965","9,160","45,550","-5,606",-2.23,"1,068,340","9,140","9,170","328,596",77.67,-37.21,"9,400","2,942","247,868","-24,093",20.56,-7.02,"9,030","5,829","500,000","266,153","-4,084",0.73,N/A,24.77
97,삼성E&A,"22,900",하락,350,-1.51%,"5,000","45,510","1,041","23,150","44,884","9,716",6.02,"910,490","22,950","23,200","100,133",-2.17,19.65,"23,000",96,"61,176","6,387",45.09,7.17,"22,600","4,675","196,000","99,666","3,804",1.05,660,-6.20
98,KODEX 미국S&P500,"18,820",상승,70,+0.37%,0,"74,058","1,393","18,745","44,105",N/A,N/A,"4,281,910","18,835","18,750",N/A,N/A,N/A,"18,845",710,N/A,N/A,0.36,N/A,"18,795","1,670","234,350",N/A,N/A,N/A,N/A,N/A
99,GS,"47,400",하락,100,-0.21%,"5,000","14,961",709,"47,550","44,042","30,602",10.89,"395,712","47,400","47,600","350,634",-17.78,4.12,"47,700","1,028","165,930","8,635",16.81,2.48,"47,200",20,"92,915","252,975","4,351",0.32,"2,700",-2.62
100,CJ,"148,100",상승,200,+0.14%,"5,000","8,736","1,286","146,400","43,211","25,475",53.18,"220,005","146,000","146,600","474,970",24.93,1.83,"148,200",70,"297,506","1,512",10.87,0.32,"145,100",174,"29,177","436,467","2,785",0.92,"3,000",5.55
101,오리온,"108,700",하락,"1,500",-1.36%,500,"10,539","1,150","109,800","42,976","5,436",8.03,"175,966","109,600","110,200","43,084",10.40,16.57,"110,200",66,"7,344","5,332",29.86,13.62,"108,400",136,"39,536","31,043","13,534",1.22,"2,500",6.59
102,JB금융지주,"21,500",하락,400,-1.83%,"5,000","31,700",678,"21,650","41,690","9,061",6.28,"1,441,730","21,400","21,700","667,219",13.26,12.80,"21,600",712,"609,971","6,930",34.88,1.07,"21,250",987,"193,908","46,238","3,422",0.73,995,10.25
103,현대오토에버,"146,800",하락,400,-0.27%,500,"2,097",304,"145,100","40,258","2,244",24.40,"39,349","145,300","147,200","33,495",23.71,10.40,"147,000",546,"16,190","1,752",2.46,5.66,"144,600",152,"27,424","37,136","6,016",2.39,"1,780",21.16
104,SKC,"102,500",하락,"1,900",-1.82%,"5,000","106,835","11,013","105,500","38,815","-2,768",-7.44,"1,927,976","105,600","105,600","67,487",-29.53,-34.34,"105,600",125,"44,559","-4,551",14.59,-6.60,"101,600","1,065","37,868","17,216","-13,786",3.09,N/A,15.27
105,KODEX KOFR금리액티브(합성),"110,535",상승,5,0.00%,0,"1,806",199,"110,535","38,454",N/A,N/A,"332,977","110,535","110,540",N/A,N/A,N/A,"110,540","41,899",N/A,N/A,0.00,N/A,"110,535","514,526","34,789",N/A,N/A,N/A,N/A,N/A
106,한전기술,"100,400",하락,100,-0.10%,200,"29,233","2,935","100,500","38,373",548,33.15,"960,861","100,400","100,600","9,468",91.88,10.40,"100,400","5,623","3,694",585,9.27,6.50,"100,400","3,733","38,220","5,534","3,029",6.36,999,1.52
107,현대제철,"28,750",하락,200,-0.69%,"5,000","31,633",908,"28,950","38,366","1,595",-39.01,"471,005","28,700","29,000","347,438",-80.02,-0.06,"28,950",14,"154,102",88,17.87,0.03,"28,600","1,732","133,446","232,261",-737,0.20,750,-10.38
108,BNK금융지주,"11,980",상승,60,+0.50%,"5,000","67,956",809,"11,840","38,142","8,759",5.95,"1,736,323","11,820","11,850","1,524,705",9.33,6.96,"12,000","2,931","1,413,229","7,500",40.23,0.50,"11,800","1,081","318,384","100,314","2,012",0.36,650,3.80
109,강원랜드,"17,410",상승,20,+0.12%,500,"50,428",874,"17,250","37,247","2,858",8.49,"624,291","17,250","17,330","47,006",1.25,12.09,"17,450",167,"8,170","4,569",13.65,9.99,"17,210",206,"213,940","14,269","2,050",0.94,"1,170",2.76
110,엔씨소프트,"172,200",상승,300,+0.17%,500,"6,514","1,115","170,100","37,099","-1,092",50.53,"84,954","170,000","170,200","39,539",-179.56,2.99,"172,500",98,"8,904",941,33.77,2.26,"169,600",65,"21,544","15,781","3,408",1.11,"1,460",-11.33
111,한미약품,"289,500",하락,"2,000",-0.69%,"2,500","4,605","1,333","292,500","37,088","2,162",34.05,"161,686","290,500","292,000","20,208",-2.04,11.89,"291,500",46,"7,801","1,404",10.36,7.17,"287,500",41,"12,811","14,955","8,502",3.29,"1,250",0.31
112,현대차우,"157,150",하락,"1,050",-0.66%,"5,000","9,667","1,516","158,100","36,680",N/A,3.43,"173,604","157,600","158,200",N/A,N/A,N/A,"157,600",107,N/A,N/A,61.42,N/A,"156,400",194,"23,341",N/A,"45,880",0.37,N/A,N/A
113,CJ제일제당,"240,000",하락,"1,000",-0.41%,"5,000","3,840",919,"237,000","36,130","15,530",53.20,"63,655","238,500","238,500","301,500",20.24,1.97,"240,500",488,"179,072","3,618",20.78,1.21,"238,500",371,"15,054","293,591","4,511",0.49,"6,000",1.16
114,한국가스공사,"38,300",하락,200,-0.52%,"5,000","36,909","1,414","38,450","35,356","30,034",3.19,"705,457","38,600","38,500","576,696",93.34,11.21,"38,600",562,"468,433","11,490",9.95,2.00,"38,050",375,"92,313","383,887","12,001",0.30,"1,455",-13.84
115,포스코DX,"22,950",하락,300,-1.29%,500,"38,044",877,"23,100","34,892","1,090",41.58,"558,209","23,000","23,150","8,925",-1.42,17.92,"23,350",278,"3,666",886,2.88,9.94,"22,850",741,"152,035","14,733",552,6.52,125,-0.85
116,SK바이오사이언스,"44,350",하락,600,-1.33%,500,"11,068",490,"44,650","34,757","-1,384",-72.23,"114,002","44,500","44,850","28,436","-1,054.77",-3.07,"44,600",211,"8,211",-501,6.44,-2.13,"44,050",31,"78,369","2,675",-614,1.92,0,-27.59
117,현대엘리베이터,"88,600",하락,"2,600",-2.85%,"5,000","55,936","4,959","90,300","34,636","2,257",16.57,"1,045,487","90,200","90,200","35,738",173.22,14.42,"90,300",607,"22,315","1,939",26.87,5.46,"87,800",145,"39,092","28,853","5,347",2.80,"5,500",10.88
118,LG이노텍,"142,600",하락,"1,200",-0.83%,"5,000","8,579","1,231","144,100","33,749","7,060",8.51,"158,405","142,600","145,200","113,782",-15.02,8.92,"145,100",51,"60,243","4,493",23.02,3.98,"142,200",155,"23,667","212,008","16,750",0.63,"2,090",2.89
119,KODEX 종합채권(AA-이상)액티브,"118,555",상승,165,+0.14%,0,541,64,"118,570","33,486",N/A,N/A,"40,602","118,600","118,845",N/A,N/A,N/A,"118,600","4,014",N/A,N/A,0.00,N/A,"118,470","6,000","28,245",N/A,N/A,N/A,N/A,N/A
120,이수페타시스,"45,350",하락,500,-1.09%,"1,000","95,977","4,373","45,950","33,291","1,019",31.74,"3,168,628","46,050","46,000","7,901",63.87,24.92,"46,100","2,792","4,626",740,14.20,10.45,"45,200",689,"73,409","8,369","1,429",8.44,143,23.92
121,두산로보틱스,"50,300",하락,600,-1.18%,500,"17,689",888,"50,700","32,604",-412,-75.64,"224,928","50,600","50,800","4,217",-114.96,-8.69,"50,600",357,192,-366,2.26,-8.33,"50,100",647,"64,820",468,-665,8.29,N/A,-11.71
122,TIGER 미국테크TOP10 INDXX,"23,340",상승,65,+0.28%,0,"88,856","2,074","23,270","31,544",N/A,N/A,"917,187","23,295","23,275",N/A,N/A,N/A,"23,400",53,N/A,N/A,0.73,N/A,"23,295",608,"135,150",N/A,N/A,N/A,N/A,N/A
123,한미사이언스,"44,550",상승,650,+1.48%,500,"80,811","3,574","43,750","30,468",989,57.78,"1,387,110","45,100","44,000","13,491",-20.57,7.30,"45,200",577,"5,104",567,1.84,4.40,"43,100",13,"68,392","12,834",771,3.55,300,2.85
124,시프트업,"51,700",상승,300,+0.58%,200,"13,422",692,"50,300","30,390","1,527",19.03,"273,809","51,100","51,100","8,038",37.47,31.30,"52,200",569,394,"1,480",37.38,29.37,"51,100",108,"58,782","2,241","2,717",3.82,0,32.91
125,금호석유화학,"113,600",하락,300,-0.26%,"5,000","3,469",393,"112,200","30,058","2,728",9.34,"91,287","112,800","112,800","83,402",-24.00,5.88,"114,500","1,239","22,980","3,486",17.69,4.27,"112,800",74,"26,460","71,550","12,168",0.48,"2,200",13.17
126,대한전선,"15,870",상승,70,+0.44%,"1,000","140,394","2,214","15,640","29,589","1,152",37.88,"2,264,201","15,750","15,650","26,427",44.28,5.85,"15,920",188,"11,466",742,6.80,3.28,"15,620","2,801","186,447","32,913",419,1.96,N/A,15.73
127,에코프로머티,"42,300",상승,100,+0.24%,500,"130,030","5,585","44,300","29,581",-647,-70.50,"392,972","42,000","45,700","12,902",-837.74,-5.56,"264,500",639,"14,249",884,35.36,5.07,"258,000",32,"11,350","21,661","6,581",6.75,"2,300",21.86
128,코스맥스,"260,500",하락,"2,500",-0.95%,500,"6,599","1,717","260,500","29,565","1,754",39.58,"140,633","262,000","261,000","19,337",51.61,20.53,"43,850",274,"5,526",-427,22.43,-3.57,"41,950","6,601","69,932","2,998",-600,4.04,0,-68.52
129,풍산,"105,200",상승,700,+0.67%,"5,000","196,743","21,071","108,700","29,482","3,238",12.25,"752,524","109,500","108,800","40,966",41.61,11.33,"110,400","1,024","18,973","2,360",22.35,6.09,"104,800",115,"28,024","45,544","8,589",1.32,"2,600",10.40
130,롯데지주,"27,800",상승,200,+0.72%,200,"22,506",623,"27,650","29,165","3,405",-2.71,"1,211,899","27,500","27,700","226,603",-31.04,-15.56,"27,900",638,"134,605","-9,461",7.81,-4.13,"27,250","1,716","104,909","157,570","-10,260",0.33,"1,200",3.94
131,TIGER KOFR금리액티브(합성),"109,030",상승,5,0.00%,0,"2,817",307,"109,030","29,012",N/A,N/A,"44,234","109,035","109,035",N/A,N/A,N/A,"109,035","74,124",N/A,N/A,0.00,N/A,"109,030","153,862","26,609",N/A,N/A,N/A,N/A,N/A
132,F&F,"75,300",하락,800,-1.05%,100,"2,826",211,"75,200","28,845","4,507",8.30,"62,313","74,600","75,400","22,859",-18.32,25.27,"75,600",114,"7,086","3,560",11.29,16.59,"74,500",99,"38,307","18,960","9,076",1.79,"1,700",-4.17
133,한화생명,"3,285",하락,40,-1.20%,"5,000","176,181",580,"3,315","28,531","10,970",4.22,"2,735,022","3,295","3,320","1,601,464",3.78,6.98,"3,320",642,"1,458,684","8,660",10.09,0.56,"3,275",790,"868,530","245,852",778,0.21,N/A,7.91
134,서울보증보험,"40,400",하락,250,-0.62%,"2,500","7,973",322,"40,050","28,208","2,797",13.24,"183,520","40,400","40,550","93,336",-46.64,4.12,"40,600",659,"41,581","2,133",1.12,2.31,"40,150",113,"69,822","27,513","3,052",0.56,"2,865",5.41
135,KCC,"314,000",하락,"3,000",-0.95%,"5,000","1,025",320,"311,000","27,904","4,711",-23.73,"22,247","313,000","314,000","131,086",50.74,6.08,"315,000",393,"80,692","2,933",9.77,2.22,"311,000",21,"8,886","66,588","-13,230",0.37,"10,000",5.89
136,한화비전,"54,200",하락,"1,200",-2.17%,500,"88,116","4,790","54,800","27,365",-1,85.35,"2,275,928","54,600","54,900","15,911",N/A,N/A,"54,800","1,557","7,664",32,20.16,N/A,"54,100",122,"50,488","4,933",635,3.30,N/A,N/A
137,RISE 머니마켓액티브,"54,325",상승,5,+0.01%,0,"31,091","1,688","54,320","27,322",N/A,N/A,"452,216","54,320","54,325",N/A,N/A,N/A,"54,325","153,307",N/A,N/A,1.03,N/A,"54,320","106,199","50,294",N/A,N/A,N/A,N/A,N/A
138,TIGER 200,"39,560",하락,90,-0.23%,0,"397,497","15,700","39,380","26,387",N/A,N/A,"3,405,611","39,280","39,395",N/A,N/A,N/A,"39,640","40,013",N/A,N/A,10.20,N/A,"39,270","16,006","66,700",N/A,N/A,N/A,N/A,N/A
139,롯데케미칼,"61,500",하락,200,-0.32%,"5,000","11,155",684,"61,600","26,307","-8,941",-1.45,"148,288","61,400","61,800","345,523",-157.14,-11.44,"62,100",404,"145,644","-18,256",20.74,-5.37,"61,000",86,"42,775","204,304","-42,451",0.18,"2,000",2.43
140,동서,"26,300",상승,150,+0.57%,500,"11,186",293,"26,400","26,221",445,17.65,"118,408","25,900","26,550","17,791",1.66,9.52,"26,400",173,697,"1,590",4.41,9.16,"25,850",74,"99,700","4,889","1,490",1.57,890,-0.17
141,KODEX 200TR,"14,130",하락,20,-0.14%,0,"64,275",904,"14,070","26,027",N/A,N/A,"714,177","14,045","14,075",N/A,N/A,N/A,"14,140",51,N/A,N/A,0.00,N/A,"14,015","15,704","184,200",N/A,N/A,N/A,N/A,N/A
142,에스원,"68,300",하락,"1,200",-1.73%,500,"4,103",280,"69,500","25,953","2,092",14.57,"40,516","68,800","69,900","23,227",-1.58,10.85,"69,000",332,"6,620","1,767",56.07,7.85,"67,800",126,"37,999","28,047","4,687",1.43,"2,700",7.02
143,KODEX 미국나스닥100,"19,940",상승,35,+0.18%,0,"118,422","2,360","19,900","25,743",N/A,N/A,"810,948","19,950","19,905",N/A,N/A,N/A,"19,965",560,N/A,N/A,0.13,N/A,"19,917","1,459","129,100",N/A,N/A,N/A,N/A,N/A
144,영원무역,"57,600",하락,"2,500",-4.16%,500,"7,798",453,"59,200","25,523","3,156",5.92,"43,393","59,300","59,500","53,897",-50.47,12.32,"59,300",230,"14,941","2,945",29.33,5.51,"57,400",81,"44,311","35,178","9,724",0.67,"1,400",-2.40
145,TIGER 미국필라델피아반도체나스닥,"18,835",상승,70,+0.37%,0,"127,745","2,408","18,675","25,324",N/A,N/A,"1,160,154","18,830","18,700",N/A,N/A,N/A,"18,890","2,015",N/A,N/A,1.23,N/A,"18,815",669,"134,450",N/A,N/A,N/A,N/A,N/A
146,KODEX 레버리지,"20,980",하락,65,-0.31%,0,"3,156,191","65,822","20,740","25,082",N/A,N/A,"38,523,752","20,720","20,745",N/A,N/A,N/A,"21,030","25,532",N/A,N/A,0.47,N/A,"20,645",3,"119,550",N/A,N/A,N/A,N/A,N/A
147,한화엔진,"30,000",상승,450,+1.52%,"1,000","163,434","4,889","29,750","25,034",715,29.91,"1,596,623","29,750","29,800","14,131",719.51,25.64,"30,250","1,161","10,198",792,12.42,6.21,"29,400","2,353","83,447","12,022","1,003",6.06,N/A,40.71
148,산일전기,"79,300",상승,"6,100",+8.33%,500,"221,027","17,133","76,000","24,143","1,092",24.67,"887,541","76,300","76,100","4,927",134.38,29.88,"79,400",900,584,837,8.60,24.47,"74,700",791,"30,445","3,340","3,214",5.33,420,55.68
149,농심,"393,500",하락,"2,000",-0.51%,"5,000","1,521",596,"394,000","23,935","1,631",15.32,"27,965","392,000","394,500","35,975",-23.10,6.17,"394,000",12,"9,249","1,576",17.59,4.61,"391,000",121,"6,083","34,387","25,679",0.84,"5,000",0.83
150,제일기획,"20,750",상승,50,+0.24%,200,"17,290",356,"20,500","23,871","3,207",12.36,"962,827","20,500","20,650","33,066",4.29,15.12,"20,800","1,394","18,325","2,083",24.11,6.73,"20,400",657,"115,041","43,443","1,679",1.52,"1,230",4.98
151,한전KPS,"52,300",하락,300,-0.57%,200,"45,934","2,392","50,500","23,535","2,095",16.80,"932,913","52,200","51,000","16,902",5.08,13.26,"52,600","2,107","3,617","1,724",14.43,10.49,"51,400",60,"45,000","15,571","3,113",1.93,"2,469",1.52
152,HD현대인프라코어,"11,890",하락,200,-1.65%,"1,000","574,366","6,814","11,980","22,899","1,842",28.79,"17,245,216","11,860","11,990","42,872",-55.97,5.92,"11,980","12,680","24,400","1,084",14.99,2.49,"11,760","13,454","192,591","41,142",413,1.21,70,-11.71
153,현대해상,"25,550",하락,50,-0.20%,500,"28,292",715,"25,500","22,842","12,441",3.35,"510,660","25,250","25,550","485,238",67.33,15.75,"25,600",327,"437,804","8,505",35.31,1.84,"25,100",259,"89,400","173,245","7,619",0.50,N/A,8.86
154,ACE 미국30년국채액티브(H),"7,650",상승,65,+0.86%,0,"733,602","5,610","7,645","22,483",N/A,N/A,"2,282,482","7,645","7,650",N/A,N/A,N/A,"7,665","7,022",N/A,N/A,0.00,N/A,"7,640","62,238","293,900",N/A,N/A,N/A,N/A,N/A
155,이마트,"81,400",하락,100,-0.12%,"5,000","6,029",489,"81,400","22,463",471,-4.15,"184,756","80,900","81,500","339,306",200.35,-5.40,"81,500",6,"207,466","-5,734",21.30,-1.70,"80,800",225,"27,596","290,209","-19,614",0.21,"2,000",-1.53
156,아모레퍼시픽홀딩스,"28,150",하락,200,-0.71%,500,"12,200",341,"28,050","22,367","2,493",10.01,"238,676","28,100","28,100","85,405",64.00,7.57,"28,150","1,584","15,488","6,529",9.85,8.07,"27,850",193,"79,458","42,599","2,813",0.75,330,5.93
157,KODEX CD1년금리플러스액티브(합성),"1,023,230",상승,55,+0.01%,0,390,399,"1,023,225","22,164",N/A,N/A,"6,842","1,023,225","1,023,230",N/A,N/A,N/A,"1,023,230","369,994",N/A,N/A,0.00,N/A,"1,023,225","374,000","2,166",N/A,N/A,N/A,N/A,N/A
158,팬오션,"3,945",상승,40,+1.02%,"1,000","164,909",651,"3,960","21,089","4,712",7.54,"2,816,794","3,955","3,965","102,715",22.11,5.17,"3,975","6,625","46,181","2,681",15.24,2.96,"3,910","2,243","534,570","51,612",523,0.37,120,18.35
159,한국콜마,"88,900",상승,900,+1.02%,500,"11,215",989,"87,500","20,985","1,939",21.64,"208,304","87,500","88,000","31,267",42.39,12.50,"89,200",291,"16,210","1,253",38.51,4.09,"87,400",63,"23,605","24,521","4,109",2.66,720,13.75
160,ACE 미국S&P500,"20,650",상승,55,+0.27%,0,"28,923",597,"20,590","20,774",N/A,N/A,"372,250","20,645","20,595",N/A,N/A,N/A,"20,700",355,N/A,N/A,0.11,N/A,"20,635","2,557","100,600",N/A,N/A,N/A,N/A,N/A
161,한온시스템,"3,055",하락,30,-0.97%,100,"64,176",195,"3,040","20,736",955,-4.43,"1,329,283","3,050","3,055","106,203",-66.31,-13.90,"3,075","6,181","76,215","-3,586",4.91,-3.61,"3,020",792,"678,763","99,987",-690,0.72,N/A,5.01
162,DL이앤씨,"53,500",상승,700,+1.33%,"5,000","34,062","1,816","53,900","20,701","2,709",9.83,"678,840","53,900","55,600","97,124",-18.06,4.77,"54,000",870,"48,667","2,292",31.01,2.41,"52,650","4,970","38,694","83,184","5,440",0.46,540,4.10
163,롯데쇼핑,"73,000",보합,0,0.00%,"5,000","5,641",411,"72,500","20,651","4,731",-2.01,"114,636","72,300","72,700","390,030",-6.94,-7.75,"73,200",20,"219,694","-9,941",8.16,-2.86,"72,000",327,"28,289","139,866","-36,401",0.14,"3,800",-3.91
164,TIGER 미국배당다우존스,"11,627",상승,27,+0.23%,0,"65,652",763,"11,605","20,522",N/A,N/A,"838,074","11,610","11,610",N/A,N/A,N/A,"11,645","4,044",N/A,N/A,0.03,N/A,"11,605",795,"176,500",N/A,N/A,N/A,N/A,N/A
165,BGF리테일,"118,300",상승,"1,600",+1.37%,"1,000","3,996",468,"116,800","20,447","2,516",11.04,"52,051","115,600","117,400","34,026",-0.61,17.29,"118,600",8,"22,185","1,952",27.46,5.90,"115,500",9,"17,284","86,988","10,714",1.81,"4,100",6.15
166,SK가스,"221,000",상승,"2,000",+0.91%,"5,000",863,191,"220,000","20,432","2,872",8.29,"24,624","222,000","221,000","75,396",-5.41,6.74,"222,000",223,"48,013","1,778",7.43,2.61,"220,500",27,"9,245","70,959","26,657",0.72,"8,000",1.48
167,씨에스윈드,"47,600",하락,"2,100",-4.23%,500,"81,005","3,862","48,200","20,074","2,555",7.27,"421,741","48,300","48,400","36,095",145.19,13.92,"48,400",662,"24,092","1,437",12.55,4.44,"47,200",209,"42,171","30,725","6,546",1.63,"1,000",102.12
168,신영증권,"121,400",상승,"2,500",+2.10%,"5,000","3,526",421,"119,000","19,958","1,361",18.37,"73,853","119,100","119,300","103,796",-20.09,6.45,"121,900",619,"85,469","1,123",7.09,1.04,"118,000",104,"16,440","24,664","6,607",0.53,"5,000",-10.78
169,미스토홀딩스,"33,200",하락,350,-1.04%,"1,000","6,642",220,"33,200","19,952","3,608",21.24,"144,711","33,100","33,250","55,364",18.88,4.30,"33,450",118,"28,001","2,077",39.49,3.95,"33,000",142,"60,096","42,687","1,563",0.96,"1,200",6.54
170,GS건설,"23,150",하락,50,-0.22%,"5,000","25,352",583,"22,800","19,812","2,860",14.25,"87,111","9,600","9,770","134,499",-55.53,-53.21,"9,600",3,"124,468","-4,130",2.71,-3.12,"9,520",30,"205,991","83,186","-1,100",1.94,N/A,9.12
171,아시아나항공,"9,580",상승,30,+0.31%,"5,000","5,563",53,"9,700","19,734","2,757",-8.71,"1,553,163","22,850","22,950","178,033",173.71,5.63,"23,250","3,135","127,162","2,639",23.29,1.49,"22,750",314,"85,581","128,638","1,624",0.44,300,-4.26
172,DB하이텍,"44,250",보합,0,0.00%,"5,000","8,429",372,"44,200","19,646","1,908",8.50,"243,156","63,600","64,200","10,376",27.50,12.17,"64,900",316,"4,828",780,12.43,8.12,"63,100",203,"30,383","4,023","1,768",3.54,477,13.79
173,더존비즈온,"64,300",상승,800,+1.26%,500,"23,888","1,532","64,100","19,536",881,36.37,"234,180","44,200","44,250","23,969",-28.10,12.44,"44,350",82,"3,962","2,294",26.60,10.33,"43,950",27,"44,399","11,312","5,205",0.94,"1,230",-2.00
174,호텔신라,"49,700",상승,500,+1.02%,"5,000","19,911",982,"48,700","19,506",-52,-30.08,"308,810","48,750","48,750","38,139",-105.68,-6.50,"49,750",402,"25,295",-615,12.68,-1.80,"48,750",178,"39,248","39,476","-1,652",1.47,N/A,10.62
175,코리안리,"10,010",상승,20,+0.20%,500,"24,568",243,"10,000","19,502","4,054",5.51,"1,256,572","10,000","10,050","131,604",11.48,9.45,"10,050",430,"97,075","3,167",27.77,2.51,"9,700",339,"194,821","69,579","1,816",0.52,515,-0.08
176,iM금융지주,"11,600",하락,110,-0.94%,"5,000","95,790","1,108","11,650","19,302","2,634",7.61,"700,670","11,610","11,710","941,486",-50.69,3.60,"11,710",805,"879,429","2,016",43.60,0.22,"11,460",220,"166,393","80,505","1,525",0.32,500,-2.58
177,달바글로벌,"158,200",상승,800,+0.51%,100,"11,883","1,856","156,300","19,136",598,110.86,"207,250","156,100","156,600","1,361",84.44,26.21,"158,500",92,340,154,3.28,14.39,"154,700",17,"12,096","3,091","1,427",17.77,305,53.91
178,KODEX 코스닥150레버리지,"7,865",상승,20,+0.25%,0,"4,640,765","36,268","7,700","18,970",N/A,N/A,"41,716,560","7,725","7,705",N/A,N/A,N/A,"7,885","44,103",N/A,N/A,0.26,N/A,"7,715",30,"241,200",N/A,N/A,N/A,N/A,N/A
179,CJ대한통운,"83,100",하락,400,-0.48%,"5,000","1,872",155,"82,600","18,957","5,307",8.06,"62,615","82,800","82,700","97,439",10.50,6.58,"83,500",389,"55,183","2,683",13.58,2.81,"82,800",73,"22,812","121,168","10,305",0.42,800,2.97
180,동원산업,"47,650",하락,550,-1.14%,"1,000",630,30,"48,150","18,881","5,013",26.62,"72,190","47,650","48,200","71,582",7.87,2.74,"47,850",7,"39,118","1,136",1.98,1.53,"47,550",49,"39,624","89,442","1,790",0.67,"1,000",-0.05
181,대우건설,"4,505",하락,25,-0.55%,"5,000","80,651",362,"4,480","18,724","4,031",9.29,"2,363,196","4,485","4,485","126,585",-39.15,5.62,"4,520","2,429","83,244","2,428",11.37,2.03,"4,460",880,"415,623","105,036",485,0.43,N/A,-9.82
182,SNT다이내믹스,"56,200",상승,"1,400",+2.55%,"2,500","12,718",714,"56,000","18,688","1,105",18.50,"128,264","56,100","56,100","10,341",165.67,12.90,"56,600",469,"2,437",961,8.23,9.20,"55,300",144,"33,253","6,145","3,038",1.60,"1,300",26.44
183,대웅제약,"155,800",하락,200,-0.13%,"2,500","1,470",226,"154,400","18,052","1,479",46.91,"34,126","154,400","154,500","19,770",20.68,3.17,"155,800",27,"10,500",233,9.07,1.25,"153,800",99,"11,587","14,227","3,321",2.23,600,3.44
184,한국앤컴퍼니,"18,650",상승,50,+0.27%,500,"10,514",193,"18,430","17,705","4,183",5.03,"350,273","18,420","18,540","51,364",63.03,8.28,"18,740",76,"6,836","3,507",10.30,7.17,"18,330",103,"94,935","13,910","3,709",0.39,"1,000",27.65
185,영원무역홀딩스,"130,800",하락,"2,000",-1.51%,500,"1,332",173,"132,800","17,657","5,170",5.38,"33,078","130,500","133,900","65,767",-40.75,13.17,"131,900",110,"15,896","4,956",20.33,7.65,"123,000",21,"13,499","43,060","24,299",0.55,"5,350",-1.14
186,엘앤에프,"48,500",상승,100,+0.21%,500,"35,195","1,727","48,800","17,613","-5,587",-4.67,"375,868","48,900","48,900","27,998",-151.32,-41.74,"50,100",212,"20,765","-3,807",16.40,-12.38,"48,400",266,"36,316","19,075","-10,395",2.71,0,-58.93
187,HD현대마린엔진,"51,900",상승,"1,950",+3.90%,"2,500","56,171","2,875","50,400","17,605",332,20.12,"659,561","50,600","50,700","4,950",80.60,28.34,"52,200",362,"1,856",758,14.51,15.97,"49,900",280,"33,921","3,158","2,579",5.39,N/A,29.23
188,두산우,"435,000",하락,"4,000",-0.91%,"5,000","5,858","2,557","438,000","17,385",N/A,-44.89,"88,823","439,000","439,000",N/A,N/A,N/A,"442,000",120,N/A,N/A,1.33,N/A,"430,500",226,"3,996",N/A,"-9,690",5.19,N/A,N/A
189,TIGER 25-10 회사채(A+이상)액티브,"55,042",상승,7,+0.01%,0,"6,191",340,"55,045","17,370",N/A,N/A,"160,795","55,045","55,050",N/A,N/A,N/A,"55,045","38,488",N/A,N/A,0.12,N/A,"55,040","20,060","31,558",N/A,N/A,N/A,N/A,N/A
190,한솔케미칼,"152,600",하락,"1,300",-0.84%,"5,000","5,427",826,"150,500","17,298","1,288",13.59,"115,464","150,600","151,700","14,647",3.77,13.48,"154,000",212,"3,932","1,249",32.33,8.87,"150,000",45,"11,335","7,764","11,232",1.71,"2,100",0.61
191,신세계,"178,300",상승,"5,600",+3.24%,"5,000","6,428","1,126","171,800","17,197","4,770",28.07,"49,771","171,600","172,700","150,718",-25.44,2.54,"178,300",164,"86,971","1,866",11.86,1.25,"171,600",83,"9,645","65,704","6,353",0.37,"4,500",3.36
192,HDC현대산업개발,"25,500",상승,50,+0.20%,"5,000","6,705",169,"25,100","16,806","1,846",9.37,"268,852","25,300","25,300","74,619",-5.47,5.09,"25,550",130,"43,473","1,557",13.43,2.15,"25,000",152,"65,907","42,562","2,722",0.52,700,1.56
193,현대백화점,"72,100",상승,"1,900",+2.71%,"5,000","8,934",637,"69,300","16,315","2,840",-45.84,"93,216","69,500","69,500","112,177",-6.40,-0.81,"72,600",67,"49,833",-8,22.95,-0.01,"69,400",46,"22,629","41,876","-1,573",0.36,"1,400",-0.47
194,SK아이이테크놀로지,"22,600",하락,100,-0.44%,"1,000","10,086",228,"22,450","16,113","-2,910",-7.83,"104,133","22,450","22,500","41,501",-680.51,-10.41,"23,150",191,"18,256","-2,466",6.49,-5.99,"22,450",142,"71,298","2,179","-2,886",0.67,N/A,-66.40
195,KODEX 단기채권PLUS,"114,772",상승,2,0.00%,0,"2,025",232,"114,765","15,804",N/A,N/A,"23,015","114,770","114,770",N/A,N/A,N/A,"114,780","53,790",N/A,N/A,0.00,N/A,"114,765","79,238","13,770",N/A,N/A,N/A,N/A,N/A
196,일진전기,"32,950",상승,800,+2.49%,"1,000","57,745","1,881","32,400","15,712",797,27.83,"993,309","32,550","32,500","12,490",31.25,10.60,"32,950",196,"7,487",462,7.21,4.24,"32,150","1,183","47,685","15,772","1,184",3.09,300,26.51
197,TIGER 차이나전기차SOLACTIVE,"9,105",상승,40,+0.44%,0,"58,607",533,"8,900","15,628",N/A,N/A,"8,013","389,000","390,500","35,974",-12.90,6.86,"390,500",22,"14,159","1,376",11.82,3.88,"388,500",91,"4,008","35,391","30,537",0.66,"9,000",2.45
198,오뚜기,"389,500",하락,"2,000",-0.51%,"5,000",351,136,"390,000","15,610","2,220",12.76,"1,050,618","9,045","9,050",N/A,N/A,N/A,"9,140",96,N/A,N/A,0.47,N/A,"9,045",971,"171,640",N/A,N/A,N/A,N/A,N/A
199,HL만도,"32,700",하락,850,-2.53%,"1,000","66,702","2,183","33,200","15,355","3,588",84.28,"367,779","33,100","33,250","70,520",28.46,5.47,"33,100",119,"43,793","1,582",26.27,2.37,"32,500",65,"46,957","88,482",388,0.64,700,5.42
200,ACE 미국나스닥100,"22,800",상승,35,+0.15%,0,"17,801",405,"22,765","15,344",N/A,N/A,"242,783","22,805","22,770",N/A,N/A,N/A,"22,825",208,N/A,N/A,0.04,N/A,"22,770",218,"67,300",N/A,N/A,N/A,N/A,N/A
201,RISE 종합채권(A-이상)액티브,"110,045",상승,60,+0.05%,0,51,5,"109,985","15,315",N/A,N/A,"2,559","110,230","110,230",N/A,N/A,N/A,"110,230","6,001",N/A,N/A,0.00,N/A,"109,985","5,998","13,917",N/A,N/A,N/A,N/A,N/A
202,녹십자,"129,000",하락,800,-0.62%,"5,000","2,251",289,"129,200","15,076",321,52.48,"34,013","129,200","129,800","27,439",-6.76,-2.06,"129,300",102,"12,629",-426,19.30,-1.58,"128,200",15,"11,687","16,799","2,458",1.18,"1,500",3.27
203,한화투자증권,"6,880",상승,180,+2.69%,"5,000","799,896","5,446","6,690","14,761",40,"-2,293.33","12,874,305","6,670","6,700","140,181",-87.39,2.37,"6,910","9,259","123,119",389,7.87,0.29,"6,580","2,956","214,548","24,958",-3,0.85,N/A,26.75
204,에스엘,"30,950",하락,550,-1.75%,500,"12,361",381,"31,300","14,376","3,952",4.09,"137,263","31,100","31,400","36,989",2.33,17.42,"31,100",28,"13,016","3,820",16.16,11.02,"24,250",153,"58,142","19,369","1,083",1.00,200,6.79
205,대웅,"24,650",하락,150,-0.60%,500,"12,866",314,"24,550","14,332","2,819",22.76,"87,281","24,550","24,800","27,207",44.12,5.99,"24,700",216,"12,182",689,5.56,2.71,"30,700",233,"46,449","49,733","7,575",0.61,"1,200",2.78
206,TIGER MSCI Korea TR,"16,340",하락,80,-0.49%,0,"1,139",18,"16,380","14,216",N/A,N/A,"27,924","16,295","16,405",N/A,N/A,N/A,"16,350","14,001",N/A,N/A,0.00,N/A,"16,255","11,647","87,000",N/A,N/A,N/A,N/A,N/A
207,하이트진로,"20,100",보합,0,0.00%,"5,000","11,543",231,"20,000","14,097","2,081",13.31,"216,427","19,990","20,050","34,415",67.97,8.63,"20,150",292,"22,920",957,9.25,2.82,"19,990",433,"70,134","25,992","1,510",1.25,700,3.14
208,KODEX 200선물인버스2X,"1,580",상승,7,+0.45%,0,"48,173,457","76,531","1,593","14,086",N/A,N/A,"480,729,812","1,597","1,594",N/A,N/A,N/A,"1,604","2,101,379",N/A,N/A,1.17,N/A,"1,575","741,922","891,500",N/A,N/A,N/A,N/A,N/A
209,TIGER 25-12 금융채(AA-이상),"51,280",상승,5,+0.01%,0,5,0,"51,280","14,084",N/A,N/A,277,"51,280","51,285",N/A,N/A,N/A,"51,280","25,000",N/A,N/A,0.00,N/A,"51,280","25,000","27,464",N/A,N/A,N/A,N/A,N/A
210,다우기술,"31,300",하락,300,-0.95%,500,"22,157",691,"31,800","14,043","11,747",3.96,"502,994","31,600","31,850","571,479",83.58,13.16,"31,650",123,"508,554","8,528",24.16,1.54,"30,850",585,"44,867","116,258","7,909",0.46,"1,400",17.97
211,RISE 200,"39,865",하락,70,-0.18%,0,"172,543","6,865","39,710","13,793",N/A,N/A,"875,918","39,670","39,710",N/A,N/A,N/A,"39,915","1,801",N/A,N/A,0.05,N/A,"39,570","20,335","34,600",N/A,N/A,N/A,N/A,N/A
212,에스디바이오센서,"11,300",보합,0,0.00%,500,"10,614",119,"11,250","13,758",-541,-13.25,"216,009","11,250","11,280","38,885",78.21,-3.43,"11,300","1,335","9,562",-981,6.39,-2.56,"11,190",34,"121,749","6,946",-853,0.47,200,5.93
213,GS리테일,"16,260",하락,10,-0.06%,"1,000","12,551",202,"16,200","13,595","2,391",-60.22,"339,650","16,110","16,210","75,816",-18.05,0.07,"16,280",264,"44,001",98,8.94,0.11,"16,050",515,"83,607","116,269",-270,0.43,500,4.43
214,HDC,"22,650",하락,250,-1.09%,"5,000","20,594",463,"22,600","13,531","3,447",7.02,"303,908","22,600","22,650","123,983",10.25,5.65,"22,850",3,"72,995","2,603",20.99,2.18,"22,350",186,"59,742","62,003","3,226",0.42,350,4.94
215,OCI홀딩스,"71,800",하락,"3,000",-4.01%,"5,000","20,363","1,463","72,900","13,509","1,015",-17.44,"184,046","72,700","73,000","80,937",-80.89,2.54,"72,800",17,"32,581","1,137",17.00,1.62,"71,100",124,"18,815","35,774","-4,116",0.34,"2,200",35.01
216,오리온홀딩스,"21,550",하락,50,-0.23%,500,"9,433",201,"21,400","13,500","5,062",8.85,"261,787","21,450","21,500","59,332",24.86,7.03,"21,550",326,"10,545","4,795",11.21,8.66,"21,200",479,"62,645","31,952","2,436",0.55,N/A,2.99
217,한올바이오파마,"25,700",하락,250,-0.96%,500,"14,592",374,"25,850","13,426",2,-803.12,"157,142","25,800","25,900","2,129",-89.58,-1.02,"25,850",509,445,-18,7.92,-0.80,"25,600",179,"52,241","1,389",-32,8.19,800,8.17
218,현대지에프홀딩스,"8,570",상승,30,+0.35%,500,"18,499",157,"8,510","13,361","1,981",1.64,"718,688","8,540","8,540","100,849","1,895.39",23.02,"8,600",132,"30,927","7,920",5.01,10.46,"8,460","1,104","155,904","74,093","5,233",0.38,210,181.78
219,ACE KRX금현물,"21,040",상승,100,+0.48%,0,"104,263","2,195","20,940","13,108",N/A,N/A,"1,176,798","21,000","20,945",N/A,N/A,N/A,"21,120","5,256",N/A,N/A,0.69,N/A,"21,000",73,"62,300",N/A,N/A,N/A,N/A,N/A
220,한국카본,"25,250",하락,100,-0.39%,500,"55,339","1,388","25,450","13,107",454,31.10,"1,200,409","25,100","25,750","8,790",176.01,4.38,"25,450","1,000","4,047",203,11.58,2.43,"24,700","1,419","51,908","7,417",812,2.54,130,24.79
221,HD현대건설기계,"73,700",하락,"2,200",-2.90%,"5,000","19,870","1,469","75,000","13,017","1,904",16.59,"431,187","74,800","75,100","33,246",-25.97,6.18,"74,900",184,"15,308",860,18.36,2.60,"73,300",355,"17,662","34,381","4,443",0.76,500,-10.12
222,DN오토모티브,"22,150",하락,200,-0.89%,100,"2,369",52,"22,100","12,960","5,229",4.23,"104,868","22,050","22,150","50,060",6.63,19.78,"22,200",410,"28,353","3,182",4.56,6.65,"22,050",66,"58,511","34,345","5,240",0.64,"1,000",5.06
223,메리츠 KIS CD금리투자 ETN,"53,950",보합,0,0.00%,0,0,0,"53,955","12,867",N/A,N/A,14,"53,950","53,960",N/A,N/A,N/A,"53,950","15,000",N/A,N/A,0.00,N/A,"53,950","15,000","23,850",N/A,N/A,N/A,N/A,N/A
224,KODEX 삼성그룹,"9,205",하락,70,-0.75%,0,"40,446",372,"9,175","12,841",N/A,N/A,"584,581","9,180","9,265",N/A,N/A,N/A,"9,225","9,945",N/A,N/A,13.25,N/A,"9,165","14,599","139,500",N/A,N/A,N/A,N/A,N/A
225,엠앤씨솔루션,"140,200",상승,"2,000",+1.45%,100,"2,783",392,"139,500","12,834",348,41.73,"77,513","141,900","139,500","3,571",68.59,21.82,"142,500",79,"1,917",270,5.57,7.86,"139,700",12,"9,154","2,828","3,360",8.03,"1,480",54.16
226,한일시멘트,"18,450",상승,90,+0.49%,500,"5,820",106,"18,360","12,779","2,714",9.11,"84,157","18,210","18,370","29,883",10.09,11.13,"18,490",134,"11,495","1,990",4.69,6.80,"18,010",170,"69,262","17,417","2,025",0.77,"1,000",-3.21
227,SK리츠,"4,620",상승,70,+1.54%,500,"38,097",175,"4,550","12,760",362,"1,155.00","810,208","4,570","4,570","44,213",2.31,0.08,"4,635","9,884","31,567",22,7.71,0.05,"4,570",672,"276,189",534,4,1.08,70,2.28
228,파라다이스,"13,890",상승,240,+1.76%,500,"31,044",428,"13,690","12,747","1,361",15.78,"432,638","13,730","13,750","39,338",-6.67,4.97,"13,890",419,"18,586","1,107",5.61,2.93,"13,650",106,"91,772","10,721",880,0.73,150,7.84
229,TIGER 미국30년국채커버드콜액티브(H),"8,000",상승,70,+0.88%,0,"358,872","2,870","7,995","12,732",N/A,N/A,"1,433,737","7,995","8,000",N/A,N/A,N/A,"8,015","71,579",N/A,N/A,0.03,N/A,"7,990","56,435","159,150",N/A,N/A,N/A,N/A,N/A
230,태광산업,"1,123,000",하락,"6,000",-0.53%,"5,000",228,254,"1,129,000","12,503",-272,4.99,"4,957","1,129,000","1,139,000","47,223",72.66,5.45,"1,129,000",6,"7,067","2,184",4.95,4.62,"1,102,000",11,"1,113","21,219","225,266",0.24,"1,750",-6.34
231,금호타이어,"4,350",하락,25,-0.57%,"5,000","32,061",138,"4,355","12,496","5,886",3.74,"470,236","4,330","4,360","53,628",43.21,21.77,"4,360",209,"34,580","3,516",8.45,6.90,"4,300","1,394","287,260","45,322","1,163",0.69,N/A,12.14
232,대신증권,"24,550",상승,100,+0.41%,"5,000","21,934",536,"24,200","12,465",836,13.28,"618,607","24,250","24,250","263,961",-48.18,4.57,"24,650",402,"230,807","1,442",10.33,0.59,"12,400",12,"99,400",N/A,N/A,N/A,N/A,N/A
233,KODEX 코스닥150,"12,525",상승,20,+0.16%,0,"641,423","8,000","12,390","12,450",N/A,N/A,"10,700,805","12,410","12,395",N/A,N/A,N/A,"12,535","4,980",N/A,N/A,1.01,N/A,"24,150",706,"50,773","40,939","1,848",0.53,"1,200",6.21
234,LX인터내셔널,"31,900",하락,250,-0.78%,"5,000","26,537",842,"32,050","12,364","4,892",6.32,"1,266,324","31,950","32,100","89,309",12.95,7.12,"32,000",259,"56,113","2,695",21.82,3.18,"31,500","1,437","38,760","166,376","5,044",0.43,"2,000",14.63
235,현대위아,"45,200",하락,750,-1.63%,"5,000","9,420",424,"46,000","12,292","2,188",6.81,"70,643","45,500","46,300","70,760",-6.01,3.45,"45,750",200,"30,497","1,295",15.09,1.86,"44,750","1,067","27,195","81,809","6,638",0.33,"1,100",0.19
236,두산퓨얼셀,"18,710",하락,240,-1.27%,100,"22,839",425,"18,670","12,254",-17,-75.14,"403,132","18,670","18,800","11,797",N/A,N/A,"18,760",65,"6,808",-105,10.56,N/A,"18,570",705,"65,494","4,118",-249,3.13,N/A,N/A
237,롯데렌탈,"33,500",상승,150,+0.45%,"5,000",996,33,"33,350","12,164","2,848",10.19,"52,735","33,400","33,450","70,066",-6.68,7.51,"33,600",42,"55,380","1,027",6.67,1.50,"33,300",24,"36,309","27,924","3,288",0.83,"1,200",1.46
238,이수스페셜티케미컬,"39,100",하락,250,-0.64%,"1,000","17,359",681,"38,950","11,811",142,81.29,"188,929","39,000","39,000","2,995",332.14,9.70,"39,850",82,"1,779",105,5.18,4.06,"38,900",35,"30,208","3,321",481,9.33,N/A,182.54
239,TIGER 머니마켓액티브,"100,537",상승,2,0.00%,0,"101,081","10,162","100,525","11,601",N/A,N/A,"28,119","100,535","100,535",N/A,N/A,N/A,"100,540","10,059",N/A,N/A,0.00,N/A,"100,535","99,676","11,539",N/A,N/A,N/A,N/A,N/A
240,미래에셋증권2우B,"8,400",상승,180,+2.19%,"5,000","209,075","1,734","8,180","11,550",N/A,6.16,"2,099,900","8,170","8,200",N/A,N/A,N/A,"8,480","1,977",N/A,N/A,9.20,N/A,"8,080","11,414","137,500",N/A,"1,364",0.40,N/A,N/A
241,종근당,"83,300",하락,900,-1.07%,"2,500","2,731",226,"83,400","11,498",995,12.07,"27,036","83,400","84,200","14,588",-59.67,12.76,"83,600",305,"5,624","1,114",14.80,7.79,"82,600",13,"13,803","15,864","6,903",1.23,"1,050",-4.97
242,롯데에너지머티리얼즈,"21,900",하락,300,-1.35%,500,"15,352",337,"22,000","11,468",-644,-25.98,"130,069","21,950","22,050","22,820",-645.89,0.46,"22,250",253,"3,801",288,7.50,1.23,"21,850",423,"52,365","9,023",-843,0.66,N/A,11.53
243,롯데관광개발,"14,980",상승,290,+1.97%,500,"50,784",757,"14,920","11,468",390,-11.21,"952,648","14,930","14,950","21,666",164.36,-60.42,"15,000",443,"18,536","-1,166",6.64,-5.93,"14,760","1,128","76,553","4,715","-1,336",3.89,0,50.37
244,더블유게임즈,"52,700",상승,300,+0.57%,500,"3,386",176,"51,800","11,328","2,487",6.50,"89,195","51,800","51,900","16,463",16.62,18.69,"52,700",582,899,"2,433",17.21,16.58,"51,700",149,"21,496","6,335","8,108",0.92,"1,200",8.78
245,미래에셋생명,"6,390",상승,10,+0.16%,"5,000","3,351",21,"6,380","11,311","1,221",10.79,"103,211","6,380","6,390","324,936",-17.88,4.88,"6,410",380,"299,300","1,361",1.19,0.42,"6,340",305,"177,016","47,961",592,0.34,N/A,-5.09
246,롯데웰푸드,"119,500",하락,500,-0.42%,500,544,64,"119,000","11,119","1,571",12.99,"18,441","118,900","120,000","43,417",-11.25,4.04,"119,700",35,"21,153",820,13.02,1.92,"118,500",27,"9,305","40,443","9,197",0.49,"3,300",-0.54
247,롯데칠성,"119,700",상승,300,+0.25%,500,"1,020",120,"118,200","11,107","1,849",24.79,"34,565","118,200","118,300","43,725",-12.22,3.99,"119,700",8,"27,941",600,11.29,1.39,"117,900",17,"9,279","40,245","4,828",0.82,"3,400",24.80
248,쿠쿠홀딩스,"31,150",상승,250,+0.81%,100,"7,017",223,"31,000","11,078","1,032",8.04,"43,093","31,500","31,500","13,699",19.16,12.08,"32,500",102,"1,735","1,370",11.97,10.47,"31,050",134,"35,562","8,338","3,873",0.81,"1,200",7.97
249,SK오션플랜트,"18,710",하락,240,-1.27%,500,"38,833",721,"18,090","11,075",418,66.35,"728,926","18,570","18,640","14,219",-44.72,2.34,"18,740",450,"7,084",169,4.80,1.18,"18,370","1,299","59,196","6,626",282,1.55,0,-28.43
250,동양생명,"6,840",하락,70,-1.01%,"5,000","8,601",59,"6,900","11,037","3,681",3.97,"266,099","6,910","6,910","345,472",25.08,12.91,"6,910",13,"325,805","3,143",81.39,0.93,"6,820","1,772","161,359","34,994","1,722",0.75,N/A,7.65
251,효성,"64,900",하락,800,-1.22%,"5,000","4,855",315,"66,900","10,865","2,211",2.23,"186,609","66,300","67,000","43,409",283.53,19.62,"66,300",36,"18,364","4,843",8.68,10.27,"64,700",51,"16,740","22,728","29,071",0.50,"3,000",23.04
252,가온전선,"65,000",상승,100,+0.15%,"5,000","3,558",231,"65,100","10,753",450,19.47,"96,183","65,400","65,200","10,429",2.96,6.46,"65,500",725,"5,892",254,2.91,2.75,"64,600",63,"16,543","17,271","3,339",2.50,N/A,15.25
253,효성티앤씨,"247,000",하락,"1,500",-0.60%,"5,000",587,145,"247,500","10,689","2,707",9.77,"11,684","247,000","248,500","47,242",26.87,9.84,"249,000",59,"29,042","1,838",17.35,4.18,"246,500",5,"4,328","77,761","25,287",0.74,"10,000",3.31
254,LS에코에너지,"34,900",하락,300,-0.85%,500,"3,815",133,"35,000","10,688",448,30.32,"139,195","35,000","35,200","4,887",51.81,19.00,"35,200",70,"2,917",353,3.45,7.88,"34,650",221,"30,625","8,690","1,151",5.65,200,18.86
255,롯데리츠,"3,695",하락,25,-0.67%,500,"10,128",37,"3,720","10,677",420,43.47,"924,979","3,715","3,725","26,236",16.25,0.95,"3,715","2,134","14,542",106,7.68,0.43,"3,685",38,"288,969",656,85,0.93,112,10.46
256,ACE 테슬라밸류체인액티브,"14,335",하락,315,-2.15%,0,"262,099","3,750","14,300","10,665",N/A,N/A,"2,218,687","14,275","14,305",N/A,N/A,N/A,"14,440",840,N/A,N/A,0.25,N/A,"14,230","3,722","74,400",N/A,N/A,N/A,N/A,N/A
257,PLUS K방산,"52,330",상승,460,+0.89%,0,"454,169","23,788","52,485","10,649",N/A,N/A,"3,819,287","52,555","52,495",N/A,N/A,N/A,"52,770","1,022",N/A,N/A,0.84,N/A,"51,915",235,"20,350",N/A,N/A,N/A,N/A,N/A
258,TIGER 차이나항셍테크,"7,965",상승,45,+0.57%,0,"97,597",777,"7,935","10,458",N/A,N/A,"1,923,752","7,950","7,945",N/A,N/A,N/A,"7,990","9,755",N/A,N/A,0.77,N/A,"7,950","1,639","131,300",N/A,N/A,N/A,N/A,N/A
259,한샘,"44,400",하락,200,-0.45%,"1,000","3,697",162,"44,600","10,449",312,9.31,"46,066","44,200","44,650","10,673","1,504.29",43.59,"44,450",40,"7,166","1,511",13.80,14.27,"43,800",30,"23,534","19,084","4,768",2.05,"8,530",-2.98
260,경동나비엔,"71,400",하락,700,-0.97%,"1,000","1,082",77,"72,500","10,402","1,326",7.96,"40,156","72,700","72,800","13,589",25.18,19.43,"72,700",3,"6,635","1,243",10.77,10.28,"71,400",111,"14,569","13,539","8,968",1.43,650,12.42
261,코스모신소재,"31,950",상승,200,+0.63%,"1,000","33,924","1,093","31,350","10,387",250,69.46,"336,475","31,850","31,750","7,845",-22.65,3.62,"32,850",714,"2,890",176,9.31,2.42,"31,850",106,"32,511","5,697",460,2.09,N/A,-9.51
262,RISE CD금리액티브(합성),"104,065",상승,5,0.00%,0,270,28,"104,065","10,359",N/A,N/A,"4,768","104,065","104,070",N/A,N/A,N/A,"104,070","5,800",N/A,N/A,0.00,N/A,"104,065","16,248","9,954",N/A,N/A,N/A,N/A,N/A
263,NHN,"30,500",상승,"1,350",+4.63%,500,"54,553","1,658","29,600","10,299",-326,-7.75,"259,142","29,500","29,700","31,930",-158.67,-8.60,"31,100",744,"14,277","-1,926",9.22,-5.80,"29,300","2,924","33,766","24,561","-3,937",0.66,500,8.22
264,SOL 조선TOP3플러스,"27,515",상승,230,+0.84%,0,"438,443","12,047","27,285","10,181",N/A,N/A,"4,530,603","27,095","27,290",N/A,N/A,N/A,"27,745","1,893",N/A,N/A,0.63,N/A,"27,005","5,222","37,000",N/A,N/A,N/A,N/A,N/A
265,TIGER 종합채권(AA-이상)액티브,"56,770",상승,90,+0.16%,0,64,3,"56,745","10,106",N/A,N/A,"41,524","56,745","56,865",N/A,N/A,N/A,"56,770","11,951",N/A,N/A,0.00,N/A,"56,745","12,000","17,802",N/A,N/A,N/A,N/A,N/A
266,STX엔진,"25,050",상승,200,+0.80%,"2,500","61,798","1,551","25,250","10,057",422,19.74,"1,339,268","25,250","25,300","9,688",123.85,10.15,"25,250",922,"6,922",272,4.96,2.91,"24,900","2,026","40,148","7,246","1,269",3.52,0,14.95
267,TIGER CD1년금리액티브(합성),"1,046,520",상승,65,+0.01%,0,975,"1,020","1,046,520","10,023",N/A,N/A,"10,147","1,046,520","1,046,525",N/A,N/A,N/A,"1,046,525","232,984",N/A,N/A,0.00,N/A,"1,046,520","225,000",958,N/A,N/A,N/A,N/A,N/A
268,교보증권,"8,780",하락,50,-0.57%,"5,000","30,322",265,"8,600","10,006","1,139",7.28,"558,494","8,710","8,670","158,983",62.11,6.09,"8,830",137,"139,126","1,177",1.66,0.75,"8,650",6,"113,963","31,663","1,206",0.49,500,-15.41
269,LX세미콘,"61,400",상승,200,+0.33%,500,"1,436",88,"61,200","9,986","1,671",7.35,"50,553","61,300","62,300","14,998",29.48,12.69,"61,900",269,"4,202","1,305",31.18,9.65,"61,100",67,"16,264","18,656","8,349",0.92,"2,400",-1.88
270,KODEX 25-12 은행채(AAA)액티브,"102,840",보합,0,0.00%,0,0,0,"102,840","9,950",N/A,N/A,"1,623","102,840","102,850",N/A,N/A,N/A,"102,840","16,501",N/A,N/A,0.00,N/A,"102,840","22,000","9,675",N/A,N/A,N/A,N/A,N/A
271,KB발해인프라,"8,100",상승,10,+0.12%,0,495,4,"8,090","9,926",N/A,N/A,"172,146","8,130","8,130",N/A,N/A,N/A,"8,130",585,N/A,N/A,0.16,N/A,"8,090","6,030","122,546",N/A,N/A,N/A,N/A,N/A
272,PLUS 고배당주,"18,335",하락,105,-0.57%,0,"273,727","5,014","18,435","9,923",N/A,N/A,"2,431,587","18,440","18,440",N/A,N/A,N/A,"18,440",264,N/A,N/A,0.04,N/A,"18,210","1,802","54,120",N/A,N/A,N/A,N/A,N/A
273,삼성화재우,"320,000",하락,"4,500",-1.39%,500,"1,038",333,"325,000","9,918",N/A,8.17,"9,338","325,000","327,000",N/A,N/A,N/A,"325,000",42,N/A,N/A,28.76,N/A,"319,500",272,"3,100",N/A,"39,171",0.88,N/A,N/A
274,하나 CD금리투자 ETN,"104,170",보합,0,0.00%,0,0,0,"104,175","9,896",N/A,N/A,"34,923","104,170","104,180",N/A,N/A,N/A,"104,170","120,000",N/A,N/A,0.00,N/A,"104,170","120,000","9,500",N/A,N/A,N/A,N/A,N/A
275,SK케미칼,"57,000",보합,0,0.00%,"5,000","2,887",163,"56,900","9,835",-452,33.55,"75,311","56,500","57,000","53,670",-154.23,0.41,"57,000",369,"23,341",-44,11.35,-0.09,"56,200",665,"17,254","17,368","1,699",0.49,"1,150",-0.69
276,TIGER 미국배당다우존스타겟커버드콜2호,"9,510",상승,40,+0.42%,0,"36,303",345,"9,465","9,733",N/A,N/A,"338,237","9,525","9,470",N/A,N/A,N/A,"9,525",889,N/A,N/A,0.01,N/A,"9,505","1,398","102,350",N/A,N/A,N/A,N/A,N/A
277,SK디스커버리,"53,000",하락,100,-0.19%,"5,000","1,243",66,"53,500","9,724","1,726",13.13,"33,882","53,100","54,400","150,777",-32.78,0.88,"53,400",34,"86,243",319,14.39,0.23,"52,800",204,"18,348","90,396","4,037",0.35,"1,700",1.12
278,RISE 미국나스닥100,"22,100",상승,40,+0.18%,0,"10,438",230,"22,050","9,702",N/A,N/A,"148,361","22,135","22,055",N/A,N/A,N/A,"22,140",23,N/A,N/A,0.01,N/A,"22,070","20,653","43,900",N/A,N/A,N/A,N/A,N/A
279,롯데정밀화학,"37,450",하락,350,-0.93%,"5,000","2,202",82,"37,500","9,662",504,-51.80,"47,547","37,400","37,700","27,139",-67.46,1.53,"37,750",96,"3,452",364,16.95,1.35,"37,250",153,"25,800","16,705",-723,0.40,"1,400",-5.55
280,세방전지,"68,600",하락,900,-1.29%,500,"2,815",192,"68,800","9,604","1,797",5.50,"38,998","68,600","70,100","20,941",38.30,12.22,"68,900",138,"5,863","1,723",25.36,8.76,"68,100",149,"14,000","20,595","12,471",0.60,"1,100",22.24
281,SK네트웍스,"4,275",보합,0,0.00%,"2,500","32,421",137,"4,215","9,460","1,139",27.23,"469,203","4,255","4,255","51,571",41.44,2.29,"4,280","1,281","31,038",463,14.78,0.65,"4,235",481,"221,278","76,573",157,0.41,300,2.73
282,GKL,"15,260",상승,70,+0.46%,500,"17,420",263,"14,980","9,439",383,24.22,"236,089","14,980","15,030","6,162",-24.88,8.01,"15,260",113,"2,027",331,13.60,5.27,"14,940",216,"61,856","3,964",630,2.27,282,-0.08
283,RISE 미국S&P500,"17,880",상승,65,+0.36%,0,"19,738",352,"17,815","9,405",N/A,N/A,"329,020","17,880","17,820",N/A,N/A,N/A,"17,890",211,N/A,N/A,0.01,N/A,"17,850",38,"52,600",N/A,N/A,N/A,N/A,N/A
284,DL,"44,850",하락,450,-0.99%,"5,000","2,370",106,"45,250","9,399","4,125",23.47,"93,327","44,750","45,300","125,353",173.74,2.25,"45,000",8,"77,492",948,14.51,0.77,"44,550",132,"20,956","56,154","1,911",0.25,"1,000",11.91
285,코오롱인더,"33,500",상승,150,+0.45%,"5,000","4,594",152,"33,100","9,219","1,587",10.46,"75,959","32,950","33,200","72,481",-20.50,3.06,"33,550",650,"34,750","1,106",12.41,1.67,"32,950",42,"27,519","48,430","3,202",0.28,"1,300",2.28
286,SNT에너지,"44,200",하락,900,-2.00%,500,"23,590","1,055","45,300","9,141",222,26.36,"394,509","45,350","45,350","5,166",7.04,11.90,"45,400",205,"2,103",346,6.55,7.37,"44,200","1,413","20,681","2,943","1,677",2.83,500,-8.60
287,태영건설,"3,075",상승,15,+0.49%,500,"2,511",7,"3,060","9,055",206,55.91,"112,846","3,070","3,070","43,239",105.10,61.93,"3,080",100,"37,967",668,0.26,1.49,"3,045",102,"294,468","26,862",55,1.87,0,-19.89
288,ESR켄달스퀘어리츠,"4,225",상승,35,+0.84%,"1,000","45,727",193,"4,185","9,003",266,54.17,"648,219","4,195","4,190","25,252",9.74,0.33,"4,265","21,124","14,405",36,42.30,0.15,"4,195","3,530","213,089",569,78,0.85,137,7.40
289,SNT홀딩스,"54,900",상승,500,+0.92%,500,"3,556",194,"54,200","8,951","2,312",6.21,"36,521","54,400","54,300","28,326",29.14,12.40,"55,400",119,"6,994","2,465",12.67,8.91,"54,100",151,"16,304","18,205","8,835",0.64,"1,600",-3.97
290,세아제강지주,"214,000",하락,"3,500",-1.61%,"5,000",479,102,"216,500","8,863","2,116",19.12,"18,685","215,000","217,000","55,556",-64.19,2.25,"215,500",7,"28,974","1,170",7.43,2.37,"213,000",43,"4,142","36,751","11,193",0.42,"1,800",-6.09
291,지역난방공사,"75,800",보합,0,0.00%,"5,000","2,374",179,"75,800","8,777","3,279",2.91,"57,008","75,100","75,900","83,622",4.20,9.65,"76,100",78,"60,940","2,099",4.80,2.57,"74,000",7,"11,579","35,703","26,013",0.36,"3,879",-9.70
292,HS효성첨단소재,"195,800",하락,"1,400",-0.71%,"5,000",810,158,"195,300","8,772","2,197",27.38,"18,753","195,000","197,300","38,208",26.22,5.46,"197,300",50,"26,634",782,12.22,2.24,"194,500",9,"4,480","33,112","7,152",0.86,"6,500",3.40
293,동원시스템즈,"30,200",하락,300,-0.98%,"5,000","1,268",38,"30,200","8,755",919,13.08,"23,464","30,100","30,450","15,526",13.67,9.01,"30,550",48,"7,162",725,14.15,4.70,"30,100",52,"28,991","13,343","2,309",1.07,600,4.51
294,신풍제약,"16,460",상승,"3,650",+28.49%,500,"1,783,344","29,271","15,840","8,721",-205,-64.55,"1,993,501","16,150","15,850","3,421",56.84,-5.85,"16,650","19,323",840,-154,4.75,-4.44,"15,850","4,849","52,985","2,211",-255,3.30,N/A,10.42
295,1Q 머니마켓액티브,"52,332",상승,2,0.00%,0,273,14,"52,330","8,662",N/A,N/A,"50,306","52,330","52,335",N/A,N/A,N/A,"52,335","91,936",N/A,N/A,0.00,N/A,"52,330","120,050","16,552",N/A,N/A,N/A,N/A,N/A
296,KIWOOM 200TR,"51,240",하락,100,-0.19%,0,"49,981","2,559","51,000","8,660",N/A,N/A,"133,781","50,935","51,045",N/A,N/A,N/A,"51,305","3,953",N/A,N/A,0.01,N/A,"50,935","14,925","16,900",N/A,N/A,N/A,N/A,N/A
297,ACE 종합채권(AA-이상)KIS액티브,"108,380",상승,30,+0.03%,0,96,10,"108,260","8,623",N/A,N/A,"1,378","108,380","108,335",N/A,N/A,N/A,"108,380","9,000",N/A,N/A,0.00,N/A,"108,380","9,000","7,956",N/A,N/A,N/A,N/A,N/A
298,SOL 종합채권(AA-이상)액티브,"114,855",상승,30,+0.03%,0,102,11,"114,870","8,587",N/A,N/A,285,"114,835","115,115",N/A,N/A,N/A,"114,855","6,000",N/A,N/A,0.00,N/A,"114,830","6,000","7,476",N/A,N/A,N/A,N/A,N/A
299,TIGER 단기통안채,"110,665",상승,5,0.00%,0,214,23,"110,635","8,529",N/A,N/A,"23,495","110,650","110,650",N/A,N/A,N/A,"110,665","15,000",N/A,N/A,1.54,N/A,"110,650","6,100","7,707",N/A,N/A,N/A,N/A,N/A
300,SNT모티브,"31,900",상승,"1,000",+3.24%,"5,000","7,094",223,"31,300","8,466",981,8.58,"116,624","31,500","31,450","12,418",-15.86,10.82,"31,900",57,"2,570","1,043",17.80,8.51,"31,000",13,"26,540","9,689","3,718",0.77,937,-14.73
301,SOL 초단기채권액티브,"53,270",보합,0,0.00%,0,"69,063","3,679","53,270","8,429",N/A,N/A,"332,289","53,270","53,275",N/A,N/A,N/A,"53,275","56,278",N/A,N/A,0.01,N/A,"53,270","46,741","15,824",N/A,N/A,N/A,N/A,N/A
302,KODEX 2차전지산업,"9,910",보합,0,0.00%,0,"538,517","5,364","9,905","8,414",N/A,N/A,"2,372,911","9,880","9,910",N/A,N/A,N/A,"10,095",149,N/A,N/A,0.09,N/A,"9,860","2,163","84,900",N/A,N/A,N/A,N/A,N/A
303,NICE평가정보,"14,110",상승,200,+1.44%,500,"2,933",41,"13,970","8,396",868,10.90,"90,196","14,010","14,010","5,857",32.85,19.48,"14,150",25,"1,689",760,32.72,14.09,"13,890",457,"59,507","5,350","1,294",2.05,460,10.15
304,세아베스틸지주,"23,400",상승,50,+0.21%,"5,000","8,699",201,"23,350","8,392",523,82.11,"201,191","23,000","23,550","38,266",-73.39,1.04,"23,400",29,"17,952",203,7.11,0.54,"22,750","1,849","35,862","36,361",285,0.44,"1,200",-10.96
305,미원상사,"176,300",하락,"1,600",-0.90%,500,687,122,"177,900","8,374",599,15.20,"3,108","177,900","183,000","4,787",-10.85,12.99,"182,900",261,782,505,3.14,10.92,"176,000",5,"4,750","4,358","11,599",2.02,"2,000",3.43
306,영풍,"42,600",하락,50,-0.12%,500,"1,542",65,"42,300","8,140","-1,607",19.64,"49,223","42,300","42,600","57,017",5.37,-6.81,"42,800",390,"17,164","-3,278",10.10,-5.82,"42,150",77,"19,108","27,874","2,169",0.20,24,-25.90
307,하나투어,"52,400",상승,600,+1.16%,500,"9,862",513,"51,800","8,117",509,11.68,"139,669","51,600","52,000","6,688",49.55,47.19,"52,500",216,"4,883",991,14.91,15.09,"51,600","4,094","15,490","6,166","4,487",5.37,"2,300",49.80
308,TIGER 미국30년국채스트립액티브(합성 H),"37,665",상승,590,+1.59%,0,"69,867","2,630","37,655","8,103",N/A,N/A,"327,309","37,635","37,680",N/A,N/A,N/A,"37,730","7,256",N/A,N/A,0.08,N/A,"37,530","4,073","21,514",N/A,N/A,N/A,N/A,N/A
309,빙그레,"84,500",하락,100,-0.12%,"5,000","1,505",126,"84,000","8,075","1,313",8.63,"74,035","84,300","84,100","10,031",16.95,15.14,"84,600",163,"2,812","1,032",20.74,10.90,"84,200",51,"9,556","14,630","9,794",1.06,"3,300",4.93
310,동원F&B,"41,450",하락,150,-0.36%,"1,000",868,36,"41,600","7,998","1,835",6.72,"33,424","41,600","42,000","21,457",10.04,12.43,"42,000",329,"10,627","1,278",7.85,5.88,"41,400",21,"19,296","44,836","6,169",0.72,800,2.82
311,LG화학우,"103,500",하락,400,-0.38%,"5,000","4,463",464,"103,100","7,958",N/A,-8.66,"76,018","103,300","103,600",N/A,N/A,N/A,"105,300",84,N/A,N/A,40.64,N/A,"103,100",153,"7,689",N/A,"-11,946",0.24,N/A,N/A
312,한화3우B,"41,000",상승,100,+0.24%,"5,000","21,173",874,"40,900","7,956",N/A,3.92,"282,876","41,100","41,300",N/A,N/A,N/A,"42,000","1,374",N/A,N/A,21.31,N/A,"40,800",302,"19,404",N/A,"10,464",0.37,N/A,N/A
313,CJ CGV,"4,755",보합,0,0.00%,500,"47,567",223,"4,540","7,873",759,-4.39,"326,350","4,695","4,735","39,970",54.76,-30.74,"4,765",29,"34,203","-1,755",5.63,-4.88,"4,655",471,"165,581","19,579","-1,084",1.20,0,26.66
314,동아쏘시오홀딩스,"119,900",상승,"2,000",+1.70%,"5,000","1,223",146,"117,900","7,837",821,11.52,"17,027","117,900","121,000","20,305",6.78,5.63,"120,200",29,"9,665",576,14.13,2.89,"117,000",17,"6,536","13,332","10,412",0.73,"1,797",17.78
315,녹십자홀딩스,"16,640",하락,90,-0.54%,500,"9,508",157,"16,560","7,825",-107,12.17,"113,484","16,570","16,570","36,706",34.81,2.43,"16,710",217,"18,184",-111,10.34,-0.30,"16,430",18,"47,028","22,049","1,367",0.78,500,7.14
316,대덕전자,"15,660",하락,40,-0.25%,500,"14,145",221,"15,710","7,739",113,50.19,"382,883","15,700","15,720","10,887",-52.56,2.73,"15,830",65,"2,132",238,9.32,2.14,"15,550",852,"49,417","8,921",312,0.95,400,-1.93
317,SOL 미국배당다우존스,"10,675",상승,25,+0.23%,0,"35,179",375,"10,615","7,729",N/A,N/A,"265,946","10,655","10,620",N/A,N/A,N/A,"10,720",151,N/A,N/A,0.14,N/A,"10,655","15,673","72,400",N/A,N/A,N/A,N/A,N/A
318,율촌화학,"31,150",하락,250,-0.80%,500,"3,115",96,"31,050","7,725",-184,-36.39,"79,216","31,000","31,100","6,555",-13.30,-2.86,"31,250",162,"3,645",-85,5.16,-1.28,"30,800",212,"24,800","4,571",-856,2.63,250,10.28
319,삼양홀딩스,"88,800",하락,100,-0.11%,"5,000","4,868",430,"88,500","7,716","1,275",31.20,"56,216","88,900","88,800","52,905",34.53,1.38,"89,100",247,"22,924",895,7.76,1.71,"87,800",289,"8,690","35,533","2,846",0.32,"3,500",10.66
320,KODEX 25-11 은행채(AA-이상)PLUS액티브,"10,575",보합,0,0.00%,0,"10,000",105,"10,570","7,706",N/A,N/A,"37,125","10,575","10,580",N/A,N/A,N/A,"10,575","150,030",N/A,N/A,0.00,N/A,"10,575","110,101","72,870",N/A,N/A,N/A,N/A,N/A
321,TIGER 2차전지테마,"12,340",상승,60,+0.49%,0,"135,712","1,686","12,230","7,682",N/A,N/A,"767,728","12,230","12,280",N/A,N/A,N/A,"12,550","3,813",N/A,N/A,1.08,N/A,"12,230","1,836","62,250",N/A,N/A,N/A,N/A,N/A
322,DI동일,"38,700",보합,0,0.00%,500,"1,344",51,"38,000","7,630",78,-278.42,"64,806","38,150","38,650","10,137",23.89,0.28,"38,850",24,"4,494",25,7.43,0.25,"38,100",309,"19,716","6,517",-139,1.44,262,-4.56
323,대상,"21,900",하락,100,-0.45%,"1,000","6,741",147,"21,950","7,588","1,769",7.64,"117,918","21,800","22,000","35,098",43.02,6.94,"21,950",12,"20,622",967,18.35,2.83,"21,750",797,"34,648","42,551","2,865",0.56,850,3.59
324,이노션,"18,920",상승,60,+0.32%,500,"5,817",109,"18,700","7,568","1,557",8.73,"118,654","18,790","18,790","27,146",3.76,10.48,"18,970",121,"16,827","1,161",25.82,4.40,"18,700","1,196","40,000","21,206","2,166",0.77,"1,175",1.32
325,N2 KIS CD금리투자 ETN,"53,950",보합,0,0.00%,0,0,0,0,"7,553",N/A,N/A,0,"53,950",0,N/A,N/A,N/A,"53,950",0,N/A,N/A,0.00,N/A,"53,950",0,"14,000",N/A,N/A,N/A,N/A,N/A
326,미원에스씨,"150,400",하락,"1,500",-0.99%,500,138,20,"150,000","7,520",588,13.14,"1,779","150,300","150,400","5,121",160.87,14.00,"151,100",5,"1,058",546,0.57,11.21,"149,300",17,"5,000","5,093","11,447",1.77,"2,500",16.36
327,TIGER 미국나스닥100타겟데일리커버드콜,"9,420",상승,40,+0.43%,0,"86,505",812,"9,360","7,475",N/A,N/A,"598,010","9,370","9,370",N/A,N/A,N/A,"9,420",83,N/A,N/A,0.02,N/A,"9,370","3,783","79,350",N/A,N/A,N/A,N/A,N/A
328,KODEX 미국S&P500(H),"13,745",하락,85,-0.61%,0,"19,905",273,"13,710","7,422",N/A,N/A,"189,728","13,705","13,745",N/A,N/A,N/A,"13,755","19,607",N/A,N/A,0.21,N/A,"13,705","20,010","54,000",N/A,N/A,N/A,N/A,N/A
329,솔루엠,"15,040",하락,160,-1.05%,500,"13,077",196,"15,200","7,370",691,24.58,"259,172","15,200","15,240","9,827",-55.29,9.48,"15,240",289,"5,484",377,17.73,3.92,"15,000",22,"49,006","15,944",612,1.66,0,-18.28
330,SK이터닉스,"21,400",하락,350,-1.61%,200,"74,899","1,594","21,150","7,223",376,29.00,"1,065,953","21,100","21,200","7,317",N/A,N/A,"21,550","1,404","4,897",224,2.17,N/A,"20,950","1,884","33,754","3,322",738,2.97,N/A,N/A
331,전진건설로봇,"49,500",하락,600,-1.20%,500,"14,159",694,"49,300","7,223",313,23.98,"225,727","49,350","49,700","2,192",-4.74,24.55,"49,700","1,603",648,314,1.16,16.64,"48,550",185,"14,593","1,698","2,064",5.13,"1,277",7.21
332,프레스티지바이오파마,"12,000",상승,60,+0.50%,0,"8,566",101,"11,800","7,212",-628,33.06,"129,675","11,810","11,940","7,117",9.76,-7.40,"12,010",231,"1,962",-551,63.25,-7.58,"11,800","1,360","60,096",7,363,1.63,N/A,325.77
333,PLUS 200,"40,210",하락,95,-0.24%,0,"49,334","1,980","40,015","7,198",N/A,N/A,"759,382","39,985","40,035",N/A,N/A,N/A,"40,275","27,500",N/A,N/A,2.82,N/A,"39,985","31,000","17,900",N/A,N/A,N/A,N/A,N/A
334,KODEX Top5PlusTR,"24,280",상승,20,+0.08%,0,"1,456",35,"24,265","7,187",N/A,N/A,"40,013","24,145","24,345",N/A,N/A,N/A,"24,330",641,N/A,N/A,16.90,N/A,"24,100","10,005","29,600",N/A,N/A,N/A,N/A,N/A
335,덴티움,"64,900",하락,400,-0.61%,500,"2,342",151,"64,600","7,184",985,10.47,"44,277","64,600","64,700","8,944",-28.77,14.27,"65,100",387,"3,409",724,15.19,8.68,"64,400",106,"11,069","4,078","6,198",1.00,600,3.72
336,TIGER 단기채권액티브,"55,825",하락,5,-0.01%,0,675,37,"55,820","7,165",N/A,N/A,"30,805","55,830","55,825",N/A,N/A,N/A,"55,835","15,546",N/A,N/A,0.00,N/A,"55,825","11,040","12,834",N/A,N/A,N/A,N/A,N/A
337,세진중공업,"12,600",상승,150,+1.20%,500,"91,593","1,144","12,390","7,163",360,32.90,"1,604,638","12,400","12,430","6,209",7.23,6.16,"12,630",239,"3,715",220,5.69,3.78,"12,290",291,"56,849","3,524",383,3.78,200,-8.43
338,보령,"8,340",하락,60,-0.71%,500,"9,611",80,"8,390","7,155",705,13.52,"128,860","8,380","8,400","11,641",3.23,10.45,"8,390","1,925","3,796",696,7.02,6.70,"8,310",557,"85,787","10,171",617,0.90,100,18.32
339,LX홀딩스,"9,350",하락,20,-0.21%,"1,000","13,434",125,"9,300","7,132","1,560",3.99,"398,602","9,270","9,320","19,050",113.21,9.08,"9,370",449,357,"1,603",12.55,8.90,"9,250",412,"76,281","1,945","2,346",0.38,290,64.67
340,유안타증권,"3,550",상승,10,+0.28%,"5,000","64,976",230,"3,540","7,086",948,15.71,"1,157,660","3,535","3,545","168,003",-26.62,4.52,"3,585",805,"151,660",730,64.16,0.44,"3,495",699,"199,597","27,127",226,0.46,200,-4.98
341,한화리츠,"3,875",상승,5,+0.13%,500,"10,993",42,"3,870","6,960",191,38.37,"484,051","3,870","3,880","15,864",54.05,0.83,"3,890","2,594","12,576",28,0.51,0.24,"3,860","1,526","179,600",335,101,0.99,135,43.99
342,ACE 미국빅테크TOP7 Plus,"17,305",상승,30,+0.17%,0,"27,542",475,"17,250","6,939",N/A,N/A,"253,696","17,275","17,275",N/A,N/A,N/A,"17,315",747,N/A,N/A,0.02,N/A,"17,255",244,"40,100",N/A,N/A,N/A,N/A,N/A
343,케이카,"14,240",상승,350,+2.52%,500,"43,927",623,"14,100","6,861",681,14.71,"1,854,394","14,220","14,140","5,248",15.41,19.09,"14,300",606,"2,991",440,8.85,8.15,"14,040",12,"48,182","23,015",968,3.07,"1,150",12.40
344,한화손해보험,"5,860",상승,80,+1.38%,"5,000","79,026",461,"5,800","6,841","4,357",2.51,"876,894","5,810","5,830","198,342",42.15,10.36,"5,890","5,206","168,811","3,160",14.41,1.67,"5,770","2,124","116,739","65,973","2,336",0.33,0,8.64
345,KODEX 반도체,"34,465",하락,35,-0.10%,0,"139,885","4,821","34,495","6,807",N/A,N/A,"1,703,252","34,330","34,500",N/A,N/A,N/A,"34,680","3,346",N/A,N/A,1.49,N/A,"34,255",815,"19,750",N/A,N/A,N/A,N/A,N/A
346,KG모빌리티,"3,355",상승,5,+0.15%,"1,000","21,978",73,"3,375","6,790",14,-38.56,"341,094","3,355","3,380","31,045",-88.58,2.70,"3,390",33,"16,839",338,23.17,1.18,"3,335",486,"202,375","39,051",-87,0.46,0,4.52
347,F&F홀딩스,"17,280",상승,230,+1.35%,500,"2,945",50,"17,350","6,759","4,164",6.58,"73,157","17,080","17,870","40,333",-19.06,4.92,"22,450",533,"19,968","-1,602",4.46,-4.11,"22,100",632,"30,187","15,146","-5,961",0.50,"1,000",-25.37
348,아이에스동서,"22,350",하락,200,-0.89%,500,"2,755",61,"22,350","6,747","1,697",-3.75,"63,430","22,250","22,500","35,540",-50.17,-10.19,"17,300",14,"6,634","3,220",0.16,8.18,"16,910",533,"39,114","18,983","2,627",0.30,450,-4.43
349,신한알파리츠,"5,530",상승,20,+0.36%,"1,000","11,765",64,"5,510","6,688",451,65.83,"440,236","5,510","5,530","26,622",40.12,1.65,"5,540",242,"18,343",124,10.25,0.53,"5,490","1,162","120,940",686,84,1.06,N/A,28.47
350,KODEX 미국빅테크10(H),"49,770",상승,95,+0.19%,0,"55,323","2,750","49,400","6,679",N/A,N/A,"128,171","49,570","49,660",N/A,N/A,N/A,"49,775",651,N/A,N/A,0.15,N/A,"49,570",9,"13,420",N/A,N/A,N/A,N/A,N/A
351,파미셀,"11,050",하락,60,-0.54%,500,"16,445",180,"10,980","6,632",47,41.08,"440,107","11,000","10,990",993,259.23,7.59,"11,060",544,128,63,10.62,6.60,"10,940","3,050","60,017",649,269,7.08,20,15.34
352,TKG휴켐스,"16,200",하락,200,-1.22%,"1,000","3,718",60,"16,370","6,622",808,10.74,"71,521","16,230","16,380","11,682",-33.35,9.09,"16,300",30,"2,933",775,8.76,6.83,"16,200",852,"40,879","11,882","1,509",0.73,"1,000",12.88
353,TIGER 리츠부동산인프라,"4,200",상승,10,+0.24%,0,"76,478",321,"4,190","6,569",N/A,N/A,"1,813,950","4,205","4,195",N/A,N/A,N/A,"4,205","24,228",N/A,N/A,0.05,N/A,"4,195","11,493","156,400",N/A,N/A,N/A,N/A,N/A
354,GS피앤엘,"32,900",상승,300,+0.92%,"1,000","12,290",396,"32,200","6,524",0,-57.42,"253,019","32,200","32,000","22,696",N/A,N/A,"32,900",145,"10,328",-11,10.83,N/A,"31,900",166,"19,831",383,-573,0.77,N/A,N/A
355,한국단자,"64,400",하락,600,-0.92%,500,"2,279",146,"64,800","6,514","1,713",4.96,"34,929","64,800","65,000","15,643",53.31,14.16,"64,800",59,"4,880","1,425",24.83,9.54,"3,810","1,601,414","170,400",N/A,N/A,N/A,N/A,N/A
356,KODEX MSCI Korea TR,"13,000",상승,30,+0.23%,0,555,7,"12,970","6,513",N/A,N/A,"6,092","12,975","13,000",N/A,N/A,N/A,"13,000","10,023",N/A,N/A,1.30,N/A,"64,200",453,"10,115","15,098","12,988",0.61,"2,200",16.41
357,KODEX 인버스,"3,820",상승,15,+0.39%,0,"6,344,055","24,298","3,835","6,509",N/A,N/A,"52,535,078","3,835","3,840",N/A,N/A,N/A,"3,850","1,835,883",N/A,N/A,0.74,N/A,"12,965","4,001","50,100",N/A,N/A,N/A,N/A,N/A
358,TIGER Fn반도체TOP10,"10,905",하락,40,-0.37%,0,"116,649","1,272","10,945","6,478",N/A,N/A,"3,363,771","10,900","10,980",N/A,N/A,N/A,"10,970",562,N/A,N/A,0.05,N/A,"53,100",101,"12,000","38,535","6,942",0.27,"2,800",86.66
359,현대홈쇼핑,"53,900",상승,400,+0.75%,"5,000",265,14,"53,500","6,468","1,301",7.76,"17,856","53,700","53,700","51,751",117.05,7.43,"53,900",81,"13,396","1,742",14.05,4.05,"10,825","6,656","59,400",N/A,N/A,N/A,N/A,N/A
360,ACE 미국배당다우존스,"11,795",상승,45,+0.38%,0,"20,883",246,"11,725","6,464",N/A,N/A,"265,100","11,785","11,730",N/A,N/A,N/A,"11,810",40,N/A,N/A,0.00,N/A,"11,760","7,475","54,800",N/A,N/A,N/A,N/A,N/A
361,키움 CD금리투자 ETN,"103,862",상승,2,0.00%,0,"6,850",711,"103,860","6,460",N/A,N/A,"45,062","103,862","103,865",N/A,N/A,N/A,"103,865","220,000",N/A,N/A,0.00,N/A,"103,860","220,000","6,220",N/A,N/A,N/A,N/A,N/A
362,아세아,"306,500",하락,"3,000",-0.97%,"5,000",55,16,"309,500","6,388","1,724",12.21,"5,207","309,500","310,500","33,343",-28.28,5.58,"309,500",20,"13,044","1,084",8.02,3.28,"306,500",7,"2,084","20,074","25,096",0.44,"5,330",-5.13
363,KODEX 미국30년국채타겟커버드콜(합성 H),"8,575",상승,65,+0.76%,0,"149,964","1,285","8,570","6,380",N/A,N/A,"800,762","8,570","8,575",N/A,N/A,N/A,"8,595","56,510",N/A,N/A,0.12,N/A,"8,570","12,962","74,400",N/A,N/A,N/A,N/A,N/A
364,삼성 레버리지 WTI원유 선물 ETN,"1,574",상승,136,+9.46%,0,"875,756","1,382","1,586","6,359",N/A,N/A,"5,707,331","1,578","1,587",N/A,N/A,N/A,"1,582","2,938,495",N/A,N/A,0.00,N/A,"1,538","1,476","404,000",N/A,N/A,N/A,N/A,N/A
365,금양,"9,900",보합,0,0.00%,500,0,0,0,"6,333",-560,-4.09,0,0,0,"12,569",-283.36,-40.88,0,0,"7,624","-1,861",5.59,-18.99,0,0,"63,967","1,537","-2,420",1.27,0,1.12
366,LG전자우,"36,150",보합,0,0.00%,"5,000","2,780",100,"36,100","6,213",N/A,9.45,"87,973","36,100","36,200",N/A,N/A,N/A,"36,350",318,N/A,N/A,44.78,N/A,"36,000",227,"17,186",N/A,"3,825",0.30,N/A,N/A
367,카프로,"3,660",보합,0,0.00%,500,0,0,0,"6,185",-324,17.43,0,0,0,"2,392",17.95,102.36,0,0,"1,510",332,0.08,14.56,0,0,"169,000",71,210,7.77,N/A,-90.64
368,넥센타이어,"6,330",상승,10,+0.16%,500,"10,348",65,"6,310","6,182","1,721",5.26,"259,691","6,290","6,320","45,745",-7.94,7.10,"6,340",16,"27,029","1,267",6.86,2.88,"6,270",692,"97,668","28,479","1,203",0.34,130,5.41
369,HJ중공업,"7,420",하락,120,-1.59%,"5,000","68,928",510,"7,470","6,179",73,-180.98,"2,438,253","7,450","7,500","22,044",106.67,1.56,"7,460","2,316","18,610",52,1.66,0.21,"7,360",226,"83,274","18,860",-41,1.77,N/A,-12.77
370,KG스틸,"6,120",하락,70,-1.13%,"5,000","5,073",31,"6,170","6,121","2,060",3.48,"150,479","6,190","6,190","33,414",-26.53,6.93,"6,190",22,"13,812","1,325",6.67,4.05,"6,110",104,"100,009","33,010","1,757",0.30,250,-3.76
371,KODEX 단기채권,"113,435",상승,10,+0.01%,0,"1,553",176,"113,425","6,120",N/A,N/A,"9,934","113,425","113,430",N/A,N/A,N/A,"113,435","20,001",N/A,N/A,0.00,N/A,"113,425","16,426","5,395",N/A,N/A,N/A,N/A,N/A
372,풍산홀딩스,"41,550",상승,50,+0.12%,"5,000","32,572","1,368","42,300","5,990","1,047",5.88,"211,011","42,450","42,350","13,191",54.41,9.41,"42,600",85,"2,037","1,000",14.88,7.95,"41,500",585,"14,417","4,494","7,062",0.53,"1,400",10.49
373,현대그린푸드,"17,930",하락,150,-0.83%,500,"2,398",42,"18,170","5,941",967,8.01,"85,639","18,200","18,270","9,556",49.10,11.41,"18,200",75,"2,854",745,14.34,8.11,"17,800",161,"33,136","22,704","2,238",0.87,335,24.27
374,한국쉘석유,"455,000",상승,"16,000",+3.64%,"5,000",668,301,"440,000","5,915",460,15.42,"3,151","447,000","445,000","1,913",8.65,28.93,"26,600",52,"3,349","1,361",6.76,10.81,"26,150",25,"22,437","10,572","5,424",0.62,"1,000",10.75
375,쿠쿠홈시스,"26,300",상승,50,+0.19%,100,"1,571",41,"26,500","5,901","1,648",4.85,"37,790","26,600","26,600","13,816",13.77,14.00,"457,000",113,640,367,59.45,19.31,"445,000",10,"1,300","3,272","29,500",5.49,"27,000",2.09
376,신성통상,"4,075",하락,5,-0.12%,500,"9,119",37,"4,075","5,856","1,218",8.98,"644,507","4,080","4,080","11,626",-15.22,16.24,"4,080","1,707,300","6,780",737,0.61,6.61,"4,075","523,276","143,708","15,079",454,1.13,N/A,-2.25
377,솔루스첨단소재,"8,270",상승,10,+0.12%,100,"6,135",50,"8,250","5,807",-544,-58.65,"184,737","8,290","8,260","20,794",25.67,0.62,"8,360",309,"9,879",-427,3.68,-2.26,"8,240",236,"70,217","5,709",-141,1.00,10,32.96
378,유니드,"85,300",하락,800,-0.93%,"5,000",880,75,"86,500","5,773",954,7.51,"29,968","86,400","87,800","13,648",197.62,7.96,"86,400",10,"3,525",762,10.51,5.81,"85,000","1,030","6,768","11,116","11,360",0.55,"1,800",-1.95
379,한일홀딩스,"18,510",상승,40,+0.22%,"1,000","1,019",18,"18,430","5,707","2,793",6.10,"45,532","18,470","18,470","37,090",6.60,7.56,"18,680",13,"14,048","1,985",4.14,5.46,"18,320",58,"30,833","22,487","3,032",0.36,930,-4.84
380,삼천리,"139,400",하락,"2,000",-1.41%,"5,000","2,164",301,"140,000","5,653","1,143",5.16,"46,739","140,000","141,000","45,182",-34.49,6.55,"140,900",21,"27,577","1,217",11.82,2.72,"138,700",38,"4,055","51,205","27,036",0.29,"3,000",-9.60
381,KODEX 미국30년국채액티브(H),"8,890",상승,65,+0.74%,0,"125,337","1,114","8,895","5,606",N/A,N/A,"1,723,699","8,890","8,900",N/A,N/A,N/A,"8,910","83,926",N/A,N/A,0.02,N/A,"8,885","59,000","63,060",N/A,N/A,N/A,N/A,N/A
382,KODEX 국고채30년액티브,"121,540",하락,15,-0.01%,0,"1,487",180,"121,455","5,573",N/A,N/A,"27,837","121,555","121,555",N/A,N/A,N/A,"2,450","134,407","2,095",400,2.01,10.39,"2,290","79,436","240,425","1,880",159,2.42,N/A,14.07
383,흥아해운,"2,300",상승,20,+0.88%,500,"20,190,045","48,065","2,365","5,530",275,14.47,"284,513,087","2,385","2,370","4,436",12.12,20.08,"121,580",5,N/A,N/A,0.01,N/A,"121,370","4,150","4,585",N/A,N/A,N/A,N/A,N/A
384,제주항공,"6,770",상승,30,+0.45%,"1,000","5,757",38,"6,730","5,459",799,-9.38,"126,247","6,740","6,740","19,985",-52.94,6.84,"6,770",122,"16,744",217,2.39,1.09,"6,700",454,"80,641","19,358",-722,1.88,N/A,12.28
385,KODEX 26-12 회사채(AA-이상)액티브,"10,805",보합,0,0.00%,0,169,1,"10,800","5,453",N/A,N/A,"78,971","10,805","10,805",N/A,N/A,N/A,"10,805","44,227",N/A,N/A,0.00,N/A,"10,800","61,629","50,470",N/A,N/A,N/A,N/A,N/A
386,삼양사,"52,800",하락,700,-1.31%,"5,000","1,229",64,"53,200","5,446","1,335",4.89,"22,341","52,200","53,500","33,199",17.95,7.53,"53,000",41,"13,722","1,364",5.00,4.18,"52,200",170,"10,313","26,718","10,808",0.30,"1,750",0.77
387,대한해운,"1,685",상승,2,+0.12%,500,"2,088,150","3,546","1,688","5,438","3,286",3.62,"24,477,565","1,700","1,689","45,804",31.48,8.93,"1,712","23,519","22,907","1,648",3.46,3.54,"1,676","13,332","322,747","17,472",465,0.26,0,25.03
388,후성,"5,070",하락,80,-1.55%,500,"33,609",170,"5,080","5,438",-96,-8.65,"642,456","5,070","5,090","8,263",79.23,-21.71,"5,120","1,503","4,935",-834,6.98,-9.93,"5,020","1,251","107,255","4,378",-586,1.70,N/A,-16.32
389,신한 레버리지 WTI원유 선물 ETN(H),"1,083",상승,82,+8.19%,0,"175,216",190,"1,088","5,415",N/A,N/A,"2,734,814","1,090","1,089",N/A,N/A,N/A,"1,094","6,753,929",N/A,N/A,0.00,N/A,"26,000",249,"20,690","3,854","2,341",1.07,270,34.34
390,케이씨텍,"26,150",하락,350,-1.32%,500,"5,363",140,"26,000","5,411",498,11.17,"127,328","26,100","26,450","5,491",52.23,11.28,"26,600","1,107",673,527,12.66,10.04,"1,081","4,458,485","500,000",N/A,N/A,N/A,N/A,N/A
391,KODEX 국고채3년,"62,685",하락,5,-0.01%,0,"1,591",99,"62,645","5,363",N/A,N/A,"46,120","62,690","62,670",N/A,N/A,N/A,"62,715","21,000",N/A,N/A,0.00,N/A,"62,675","20,991","8,556",N/A,N/A,N/A,N/A,N/A
392,제이알글로벌리츠,"2,715",하락,10,-0.37%,"1,000","13,003",35,"2,720","5,359",310,13.71,"861,618","2,725","2,725","21,465",-4.87,2.48,"2,725",13,"13,405",207,9.27,0.98,"2,700","11,876","197,376",626,198,0.65,N/A,3.49
393,E1,"77,600",상승,500,+0.65%,"5,000","1,807",140,"77,200","5,323","2,176",5.09,"27,788","77,700","78,800","145,398",133.55,3.83,"78,000",255,"123,507",656,5.68,0.69,"77,200",141,"6,860","111,924","15,251",0.26,"3,450",42.98
394,대한유화,"81,700",하락,600,-0.73%,"5,000","1,434",117,"81,600","5,310",-599,517.09,"30,531","81,600","82,300","22,197",3.90,-0.47,"22,950",218,"2,751",650,6.74,10.41,"22,650",391,"23,286","7,194","2,507",1.68,450,-3.89
395,코스모화학,"13,800",하락,110,-0.79%,"1,000","17,129",239,"13,810","5,300",-20,-8.84,"134,296","13,910","13,850","12,043",-166.57,-24.71,"83,000",7,"4,121",-85,7.21,-0.39,"81,400",141,"6,500","28,001",158,0.28,"1,000",12.01
396,KIWOOM 국고채10년,"116,005",상승,185,+0.16%,0,"1,453",168,"115,815","5,300",N/A,N/A,"29,800","116,090","115,820",N/A,N/A,N/A,"14,180",34,"6,136",-523,7.24,-4.56,"115,900","8,990","4,569",N/A,N/A,N/A,N/A,N/A
397,JW중외제약,"22,750",하락,350,-1.52%,"2,500","2,204",50,"23,000","5,298",825,9.07,"98,389","22,850","23,100","6,046",-17.76,21.87,"116,090","3,002",N/A,N/A,0.01,N/A,"13,770",451,"38,408","7,493","-1,561",2.33,N/A,-6.22
398,바이오노트,"5,110",하락,40,-0.78%,500,"1,225",6,"5,210","5,215",122,12.31,"62,830","5,230","5,230","16,972",125.97,3.46,"5,230",3,614,553,0.51,3.36,"5,100",69,"102,056","1,028",415,0.32,200,14.10
399,KB KIS CD금리투자 ETN,"52,085",보합,0,0.00%,0,0,0,0,"5,208",N/A,N/A,11,"52,085",0,N/A,N/A,N/A,"52,085",0,N/A,N/A,0.00,N/A,"52,085",0,"10,000",N/A,N/A,N/A,N/A,N/A
400,TIGER 200 IT,"29,545",하락,260,-0.87%,0,"2,562",75,"29,465","5,200",N/A,N/A,"115,472","29,475","29,680",N/A,N/A,N/A,"29,720","8,005",N/A,N/A,0.09,N/A,"29,470","12,009","17,600",N/A,N/A,N/A,N/A,N/A
401,코오롱,"41,450",상승,400,+0.97%,"5,000","34,540","1,426","40,900","5,234",-896,3.63,"567,438","40,850","40,950","70,405",-190.15,12.49,"41,900",214,"46,926","1,576",6.51,2.57,"29,470","12,009","17,600",N/A,N/A,N/A,N/A,N/A
402,KCC글라스,"32,550",하락,200,-0.61%,"1,000","1,015",32,"32,700","5,198",572,31.24,"80,908","32,700","32,800","24,943",-39.82,2.48,"32,700",11,"10,054",370,9.27,1.57,"32,350",246,"15,971","19,033","1,042",0.36,"1,800",13.29
403,CJ4우(전환),"122,800",보합,0,0.00%,"5,000",309,37,"122,200","5,190",N/A,44.09,"18,682","122,600","122,700",N/A,N/A,N/A,"123,200",17,N/A,N/A,5.12,N/A,"121,200",45,"4,227",N/A,"2,785",0.76,N/A,N/A
404,롯데손해보험,"1,667",하락,26,-1.54%,"1,000","8,166",13,"1,688","5,173",311,-98.06,"240,042","1,692","1,693","155,415",-91.73,2.31,"1,692",206,"147,472",242,1.27,0.16,"1,664","3,449","310,336","31,515",-17,1.02,N/A,23.15
405,일진하이솔루스,"14,180",하락,80,-0.56%,500,"6,365",90,"14,300","5,149",-95,644.55,"42,253","14,500","14,500","3,443",2.89,0.57,"14,500",17,268,18,4.33,0.53,"14,070",318,"36,313",793,22,1.62,N/A,0.71
406,한국금융지주우,"87,800",상승,300,+0.34%,"5,000","2,641",232,"87,500","5,144",N/A,4.67,"57,282","87,500","88,300",N/A,N/A,N/A,"88,800",345,N/A,N/A,14.40,N/A,"86,900",113,"5,858",N/A,"18,792",0.52,N/A,N/A
407,HD현대에너지솔루션,"45,800",하락,"2,250",-4.68%,"5,000","41,080","1,881","46,050","5,130",35,27.83,"319,686","46,000","46,100","4,538",-80.03,0.03,"46,350",571,841,1,3.43,0.02,"45,550",200,"11,200","4,224","1,646",1.39,N/A,-22.66
408,KODEX 200타겟위클리커버드콜,"10,495",하락,5,-0.05%,0,"134,633","1,409","10,450","5,122",N/A,N/A,"3,038,026","10,445","10,460",N/A,N/A,N/A,"10,510","1,027",N/A,N/A,0.05,N/A,"10,420","84,236","48,800",N/A,N/A,N/A,N/A,N/A
409,TIGER 인도니프티50,"13,150",상승,5,+0.04%,0,"6,295",82,"13,140","5,115",N/A,N/A,"200,295","13,160","13,145",N/A,N/A,N/A,"13,200",64,N/A,N/A,0.12,N/A,"13,145",97,"38,900",N/A,N/A,N/A,N/A,N/A
410,대신증권우,"19,670",상승,30,+0.15%,"5,000","6,749",132,"19,640","5,114",N/A,10.64,"137,912","19,640","19,660",N/A,N/A,N/A,"19,780",102,N/A,N/A,14.04,N/A,"19,540",14,"26,000",N/A,"1,848",0.43,N/A,N/A
411,LF,"17,440",하락,180,-1.02%,"5,000","2,190",38,"17,410","5,099","1,261",6.68,"90,551","17,460","17,600","29,150",119.84,4.87,"17,580",312,"11,422",906,13.10,3.20,"17,430",555,"29,240","19,563","2,610",0.30,700,2.92
412,퍼시스,"44,250",상승,250,+0.57%,"1,000",49,2,"43,650","5,089",215,15.37,"1,301","44,600","44,000","6,439",-39.05,8.64,"44,600",12,699,477,19.95,7.69,"43,900",43,"11,500","3,857","2,879",0.70,"1,200",6.28
413,TIGER 미국달러단기채권액티브,"12,550",상승,105,+0.84%,0,"113,131","1,421","12,510","5,081",N/A,N/A,"112,314","12,570","12,530",N/A,N/A,N/A,"12,580","59,865",N/A,N/A,0.02,N/A,"12,550","60,000","40,490",N/A,N/A,N/A,N/A,N/A
414,신대양제지,"12,590",하락,10,-0.08%,500,"6,481",81,"12,460","5,073",293,17.37,"50,434","12,450","12,600","8,759",-49.95,6.00,"12,610",357,"1,838",333,2.78,3.80,"12,440",406,"40,298","6,585",725,0.64,200,2.04
415,PI첨단소재,"17,270",하락,110,-0.63%,500,"7,061",121,"17,380","5,072",349,18.14,"142,776","17,380","17,550","5,275",987.07,7.16,"17,380",163,"1,896",234,9.18,4.47,"17,170",62,"29,366","2,513",952,1.52,350,15.46
416,OCI,"55,200",하락,900,-1.60%,"5,000","6,509",358,"55,500","4,942","1,105",11.64,"51,805","55,400","55,600","22,830",N/A,N/A,"55,500",27,"10,414",897,6.61,N/A,"54,600",69,"8,952","22,153","4,741",0.42,"2,200",N/A
417,PLUS 머니마켓액티브,"52,315",상승,5,+0.01%,0,160,8,"52,310","4,937",N/A,N/A,"50,878","52,310","52,315",N/A,N/A,N/A,"52,315","15,440",N/A,N/A,0.00,N/A,"52,310","25,050","9,438",N/A,N/A,N/A,N/A,N/A
418,고려제강,"18,210",상승,80,+0.44%,"1,000",409,7,"18,130","4,917",261,31.89,"29,446","18,130","18,160","26,090",-53.64,1.95,"18,250",211,"6,819",329,5.80,1.30,"18,130",3,"27,000","17,396",571,0.28,324,-2.75
419,KODEX 미국AI전력핵심인프라,"14,265",하락,15,-0.11%,0,"75,839","1,081","14,200","4,914",N/A,N/A,"1,849,894","14,225","14,220",N/A,N/A,N/A,"14,285",5,N/A,N/A,0.95,N/A,"14,225","2,497","34,450",N/A,N/A,N/A,N/A,N/A
420,신도리코,"48,650",상승,250,+0.52%,"5,000",964,46,"48,400","4,904",202,7.51,"21,097","48,400","48,900","11,436",-33.06,7.12,"48,900",24,793,732,11.69,6.59,"48,000",16,"10,080","3,410","6,476",0.39,"1,500",-15.29
421,TIMEFOLIO 글로벌AI인공지능액티브,"28,285",상승,80,+0.28%,0,"89,155","2,519","28,135","4,888",N/A,N/A,"421,071","28,220","28,200",N/A,N/A,N/A,"28,345","10,028",N/A,N/A,0.30,N/A,"28,220","11,584","17,280",N/A,N/A,N/A,N/A,N/A
422,TIGER 테슬라채권혼합Fn,"13,535",하락,170,-1.24%,0,"69,759",945,"13,455","4,886",N/A,N/A,"380,649","13,505","13,695",N/A,N/A,N/A,"13,675","1,476",N/A,N/A,0.02,N/A,"13,505","1,411","36,100",N/A,N/A,N/A,N/A,N/A
423,엠씨넥스,"27,100",상승,100,+0.37%,500,"2,160",58,"26,850","4,872",444,7.19,"43,274","26,850","27,200","5,741",143.55,18.28,"27,100",84,"2,019",636,12.19,11.46,"26,850",23,"17,978","10,571","3,768",1.21,800,13.36
424,애경케미칼,"10,010",상승,10,+0.10%,500,"15,070",150,"9,990","4,870",155,103.20,"296,786","10,000","10,000","13,564",-65.69,0.54,"10,090",762,"6,155",85,0.00,0.64,"9,940",632,"48,649","16,422",97,0.67,281,-8.45
425,TIGER 미국테크TOP10타겟커버드콜,"12,760",상승,60,+0.47%,0,"30,877",392,"12,690","4,811",N/A,N/A,"294,845","12,700","12,700",N/A,N/A,N/A,"12,765",49,N/A,N/A,0.02,N/A,"12,685",47,"37,700",N/A,N/A,N/A,N/A,N/A
426,TIGER 우량회사채액티브,"117,145",하락,35,-0.03%,0,95,11,"117,190","4,799",N/A,N/A,"18,435","117,190","117,225",N/A,N/A,N/A,"117,190","6,006",N/A,N/A,0.01,N/A,"117,145","4,019","4,097",N/A,N/A,N/A,N/A,N/A
427,TIGER 미국달러SOFR금리액티브(합성),"56,960",상승,520,+0.92%,0,70,3,"56,795","4,786",N/A,N/A,"7,249","57,080","56,880",N/A,N/A,N/A,"57,150","9,000",N/A,N/A,0.01,N/A,"56,960","6,025","8,402",N/A,N/A,N/A,N/A,N/A
428,콜마홀딩스,"13,890",상승,"1,620",+13.20%,500,"283,656","3,736","12,260","4,764",381,24.28,"228,242","12,250","12,270","12,914",125.94,4.09,"13,900",304,"4,763",334,20.29,2.59,"12,150","1,118","34,296","6,767",572,0.80,200,6.18
429,KODEX 미국반도체,"24,600",상승,140,+0.57%,0,"25,204",619,"24,580","4,760",N/A,N/A,"170,836","24,580","24,600",N/A,N/A,N/A,"24,625","29,724",N/A,N/A,1.50,N/A,"24,550","20,906","19,350",N/A,N/A,N/A,N/A,N/A
430,KODEX 자동차,"18,225",하락,215,-1.17%,0,"56,917","1,034","18,380","4,738",N/A,N/A,"735,166","18,300","18,415",N/A,N/A,N/A,"18,335",62,N/A,N/A,0.33,N/A,"18,070","4,054","26,000",N/A,N/A,N/A,N/A,N/A
431,YG PLUS,"7,400",상승,170,+2.35%,500,"289,194","2,116","7,180","4,694",-7,58.27,"1,858,194","7,170","7,190","2,378",-103.45,0.73,"7,440",801,686,20,4.60,0.86,"7,100","2,922","63,429","1,849",127,2.75,N/A,-17.32
432,ACE 200,"39,760",하락,85,-0.21%,0,"31,463","1,250","39,620","4,692",N/A,N/A,"289,827","39,530","39,625",N/A,N/A,N/A,"39,820","1,599",N/A,N/A,11.13,N/A,"39,495","20,117","11,800",N/A,N/A,N/A,N/A,N/A
433,SBS,"25,250",하락,600,-2.32%,"5,000","19,705",497,"25,750","4,684",-192,33.44,"175,615","25,700","25,800","15,124",-132.90,3.80,"25,700","1,765","6,059",338,0.00,2.36,"25,000",412,"18,551","10,467",755,0.52,N/A,5.01
434,TIGER TOP10,"11,975",상승,25,+0.21%,0,"6,296",75,"11,930","4,682",N/A,N/A,"572,041","11,860","11,935",N/A,N/A,N/A,"12,015","5,325",N/A,N/A,67.01,N/A,"11,860",22,"39,100",N/A,N/A,N/A,N/A,N/A
435,디아이,"16,540",하락,20,-0.12%,500,"21,489",355,"16,560","4,681",31,59.93,"575,380","16,600","16,600","3,196",-49.81,0.72,"16,740",812,"1,519",28,8.02,0.92,"16,420",634,"28,300","2,140",276,2.76,"1,800",-0.16
436,SPC삼립,"54,200",보합,0,0.00%,"5,000",709,38,"54,300","4,677",950,5.38,"55,929","54,100","54,600","12,408",3.53,19.25,"54,500",42,"7,610",865,4.62,6.83,"53,900",73,"8,629","34,279","10,076",0.93,367,1.17
437,한전산업,"14,330",하락,80,-0.56%,500,"58,522",833,"14,290","4,672",161,40.71,"1,648,711","14,290","14,300","2,200",-38.00,10.59,"14,370",668,"1,044",116,1.46,5.49,"14,130","3,489","32,600","3,675",352,4.26,N/A,14.41
438,진에어,"8,940",하락,60,-0.67%,"1,000","5,277",47,"8,920","4,667","1,631",6.38,"109,000","8,930","8,930","12,271",-10.46,51.15,"8,950",260,"9,959",957,4.02,8.78,"8,910",466,"52,200","14,613","1,401",1.66,100,-0.27
439,현대차증권,"7,530",보합,0,0.00%,"5,000","33,823",254,"7,500","4,656",547,7.64,"983,289","7,510","7,510","119,920",-16.08,2.80,"7,620",223,"106,899",362,4.32,0.31,"7,440","3,281","61,833","17,956",985,0.35,153,13.49
440,KIWOOM 종합채권(AA-이상)액티브,"109,045",상승,70,+0.06%,0,1,0,"108,890","4,649",N/A,N/A,147,"109,045","108,965",N/A,N/A,N/A,"109,045","6,000",N/A,N/A,0.00,N/A,"109,045","9,000","4,263",N/A,N/A,N/A,N/A,N/A
441,KODEX 코스피,"30,055",하락,45,-0.15%,0,"37,171","1,115","30,045","4,628",N/A,N/A,"877,228","29,915","30,055",N/A,N/A,N/A,"30,100",269,N/A,N/A,0.51,N/A,"29,900","13,268","15,400",N/A,N/A,N/A,N/A,N/A
442,풀무원,"12,140",상승,10,+0.08%,500,"2,577",31,"12,060","4,628",918,14.80,"124,636","12,080","12,140","23,312",48.16,11.40,"12,140",158,"17,477",344,3.13,1.53,"12,050",91,"38,121","32,137",820,1.51,102,7.36
443,두산2우B,"515,000",하락,"13,000",-2.46%,"5,000","1,275",659,"526,000","4,599",N/A,-53.15,"16,702","525,000","527,000",N/A,N/A,N/A,"527,000",24,N/A,N/A,2.01,N/A,"512,000",25,893,N/A,"-9,690",6.14,N/A,N/A
444,NICE,"12,380",하락,120,-0.96%,500,"2,724",33,"12,500","4,596","1,743",9.40,"100,188","12,500","12,510","35,219",79.68,6.27,"12,500",28,"21,291","1,009",11.04,2.88,"12,380",686,"37,128","30,383","1,317",0.58,500,7.78
445,동국제강,"9,230",하락,140,-1.49%,"5,000","7,906",73,"9,210","4,579","1,025",56.28,"203,951","9,230","9,260","31,940",-56.49,2.04,"9,330",408,"14,922",348,26.79,1.04,"9,210",833,"49,608","35,275",164,0.27,600,34.02
446,아세아시멘트,"12,230",하락,70,-0.57%,500,"1,356",16,"12,070","4,568","1,408",7.16,"121,515","12,120","12,300","21,954",-4.18,7.65,"12,250",191,"10,890",801,6.35,3.71,"12,120",52,"37,347","11,103","1,709",0.41,260,-7.51
447,아모레퍼시픽우,"43,000",하락,950,-2.16%,500,"3,477",150,"43,900","4,540",N/A,4.75,"26,982","43,900","44,000",N/A,N/A,N/A,"44,000",19,N/A,N/A,47.02,N/A,"42,800",55,"10,558",N/A,"9,057",0.56,N/A,N/A
448,화승엔터프라이즈,"7,470",하락,110,-1.45%,500,"9,268",69,"7,580","4,526",826,12.99,"164,522","7,580","7,590","15,376",537.00,6.38,"7,590","1,414","9,739",344,6.19,2.37,"7,440",10,"60,589","16,096",575,0.88,45,32.61
449,동아에스티,"48,150",상승,750,+1.58%,"5,000","2,422",115,"47,500","4,503",-250,-566.47,"20,008","47,850","47,850","13,917",-323.66,-0.18,"48,150",102,"6,829",-232,17.94,-1.74,"47,400",379,"9,353","6,979",-85,0.67,785,5.10
450,DS단석,"25,600",하락,50,-0.19%,500,"4,370",111,"25,500","4,502",122,-81.53,"181,951","25,450","25,550","7,358",-84.01,-3.29,"25,700",951,"4,528",-103,1.88,-1.42,"25,400",149,"17,584","9,617",-314,1.57,N/A,-10.16
451,KODEX 미국나스닥100(H),"16,895",하락,115,-0.68%,0,"12,241",206,"16,850","4,418",N/A,N/A,"185,251","16,860","16,860",N/A,N/A,N/A,"16,900","20,041",N/A,N/A,0.39,N/A,"16,850","19,905","26,150",N/A,N/A,N/A,N/A,N/A
452,부국증권,"42,500",상승,250,+0.59%,"5,000","3,193",134,"42,250","4,407",367,17.69,"34,532","42,250","42,700","16,514",-46.93,4.05,"42,850",6,"8,811",310,1.42,1.81,"41,450",292,"10,370","7,792","2,402",0.49,"1,500",-4.40
453,쏘카,"13,370",하락,50,-0.37%,100,481,6,"13,330","4,391",-98,-24.67,"8,000","13,420","13,480","6,315",-1.14,-15.69,"13,420",109,"4,480",-310,0.99,-4.73,"13,300",100,"32,842","4,318",-542,2.42,N/A,8.36
454,RISE KIS국고채30년Enhanced,"81,375",상승,70,+0.09%,0,"1,987",161,"81,420","4,379",N/A,N/A,"44,101","81,650","81,650",N/A,N/A,N/A,"81,650",27,N/A,N/A,0.01,N/A,"81,180",116,"5,381",N/A,N/A,N/A,N/A,N/A
455,티웨이항공,"2,030",상승,10,+0.50%,500,"62,533",126,"2,030","4,372",-123,-2.76,"389,152","2,030","2,045","15,624",-108.80,-55.03,"2,050","5,813","14,802",-659,1.13,-4.63,"2,015","1,451","215,379","15,368",-736,12.89,N/A,13.94
456,KODEX 인도Nifty50,"13,460",보합,0,0.00%,0,"10,662",143,"13,510","4,361",N/A,N/A,"166,423","13,510","13,515",N/A,N/A,N/A,"13,530",468,N/A,N/A,0.04,N/A,"13,420",28,"32,400",N/A,N/A,N/A,N/A,N/A
457,스틱인베스트먼트,"10,440",하락,230,-2.16%,500,"7,984",83,"10,610","4,351",134,-121.40,"159,428","10,660","10,660","2,647",-59.46,3.72,"10,660",205,159,93,26.83,3.40,"10,410",68,"41,678",795,-86,1.60,250,-15.25
458,해성디에스,"25,550",하락,800,-3.04%,"5,000","25,684",662,"26,000","4,344",569,10.92,"935,501","26,000","26,050","7,942",-44.52,10.96,"26,100",636,"2,379",587,8.96,7.92,"25,550",43,"17,000","6,030","2,340",0.80,800,-10.30
459,TIGER 27-04회사채(A+이상)액티브,"53,310",상승,20,+0.04%,0,"2,806",149,"53,295","4,313",N/A,N/A,"35,020","53,300","53,310",N/A,N/A,N/A,"53,330","30,269",N/A,N/A,0.00,N/A,"53,300","19,000","8,090",N/A,N/A,N/A,N/A,N/A
460,TIGER 미국S&P500(H),"14,240",하락,75,-0.52%,0,"6,126",87,"14,200","4,300",N/A,N/A,"273,724","14,230","14,230",N/A,N/A,N/A,"14,260","20,036",N/A,N/A,0.11,N/A,"14,180","23,209","30,200",N/A,N/A,N/A,N/A,N/A
461,코람코라이프인프라리츠,"4,415",하락,35,-0.79%,500,"7,929",35,"4,450","4,297",356,11.41,"326,094","4,445","4,455","12,792",96.73,4.96,"4,445","1,007","7,776",238,1.34,1.87,"4,415",528,"97,335",485,387,0.89,418,54.05
462,명신산업,"8,180",하락,120,-1.45%,500,"11,300",92,"8,290","4,292","1,481",3.99,"195,818","8,290","8,300","12,103",-28.83,20.95,"8,290",349,"5,128","1,291",7.42,11.45,"8,140",496,"52,470","15,738","2,048",0.61,150,-9.49
463,RISE 미국30년국채엔화노출(합성 H),"8,267",상승,117,+1.44%,0,"347,172","2,875","8,300","4,286",N/A,N/A,"1,170,936","8,295","8,305",N/A,N/A,N/A,"8,300","24,775",N/A,N/A,0.02,N/A,"8,260","20,290","51,850",N/A,N/A,N/A,N/A,N/A
464,비에이치,"12,370",하락,100,-0.80%,500,"17,774",220,"12,420","4,263",871,15.64,"496,715","12,390","12,470","13,199",2.67,9.90,"12,490","1,604","5,790",776,10.60,6.44,"12,350",213,"34,464","17,544",791,0.57,250,10.20
465,세아제강,"150,300",하락,"1,400",-0.92%,"5,000","1,896",284,"151,500","4,263","2,029",3.49,"29,466","151,400","151,600","18,238",N/A,N/A,"151,400",32,"7,113","1,371",9.27,N/A,"149,600",38,"2,836","18,094","43,046",0.38,"7,000",N/A
466,더본코리아,"28,400",보합,0,0.00%,500,"1,632",46,"28,250","4,185",360,10.96,"48,679","28,250","28,400","3,527",40.75,15.52,"28,450",251,851,310,1.28,11.05,"28,200",131,"14,737","4,642","2,591",1.55,300,13.03
467,TCC스틸,"15,960",하락,90,-0.56%,"1,000","18,501",297,"15,650","4,184",123,19.49,"158,629","15,830","15,820","5,740",9.08,8.30,"16,380","1,826","3,149",202,7.80,3.57,"15,830",321,"26,214","5,821",819,1.66,100,-6.78
468,KODEX 미국배당커버드콜액티브,"11,210",상승,85,+0.76%,0,"80,505",901,"11,120","4,181",N/A,N/A,"515,693","11,125","11,125",N/A,N/A,N/A,"11,215",519,N/A,N/A,0.01,N/A,"11,125",384,"37,300",N/A,N/A,N/A,N/A,N/A
469,애경산업,"15,670",상승,230,+1.49%,"1,000","6,565",102,"15,570","4,138",468,12.15,"114,800","15,590","15,680","4,994",-24.40,10.81,"15,670",630,987,425,2.86,8.66,"15,460","3,252","26,410","6,791","1,290",1.01,580,1.53
470,세아홀딩스,"103,200",상승,"1,500",+1.47%,"5,000",31,3,"101,700","4,128",992,12.88,778,"101,900","103,700","61,055",-50.60,1.53,"103,200",110,"29,554",342,1.17,0.58,"101,900",13,"4,000","60,168","8,013",0.18,"4,000",-6.27
471,한세실업,"10,310",하락,80,-0.77%,500,"17,084",175,"10,330","4,124","1,422",8.35,"209,810","10,330","10,350","14,245",-15.47,8.58,"10,370",404,"7,149",584,3.96,4.39,"10,250",212,"40,000","17,978","1,235",0.58,500,5.21
472,드림텍,"5,980",하락,20,-0.33%,100,"7,966",47,"5,920","4,120",236,-351.76,"144,035","6,000","6,000","9,081",-30.82,0.95,"6,000","1,021","3,930",127,57.08,1.50,"5,950",59,"68,890","11,727",-17,1.03,200,13.81
473,조광피혁,"61,900",하락,400,-0.64%,"5,000",65,4,"61,500","4,116",72,35.37,"7,462","61,900","62,100","6,188",13.90,2.58,"62,000",16,754,126,0.51,2.24,"61,500",87,"6,649",902,"1,750",0.38,N/A,-28.70
474,남양유업,"67,100",하락,400,-0.59%,500,183,12,"67,600","4,114",-98,84.83,"16,470","67,900","68,000","7,242",86.28,0.04,"67,900",19,924,2,7.47,0.03,"67,000",16,"6,131","9,528",791,0.87,100,-4.41
475,BGF,"4,280",보합,0,0.00%,"1,000","8,960",38,"4,275","4,097",552,4.71,"274,301","4,280","4,280","23,010",-8.82,5.43,"4,290",86,"3,199",948,2.32,4.24,"4,220",240,"95,717","4,341",909,0.24,130,21.80
476,TIGER 은행고배당플러스TOP10,"17,390",하락,225,-1.28%,0,"123,602","2,150","17,575","4,087",N/A,N/A,"1,912,937","17,430","17,580",N/A,N/A,N/A,"17,480",697,N/A,N/A,0.34,N/A,"17,280","5,237","23,500",N/A,N/A,N/A,N/A,N/A
477,TIGER 2차전지소재Fn,"3,295",상승,15,+0.46%,0,"695,641","2,297","3,250","4,079",N/A,N/A,"2,179,460","3,265","3,270",N/A,N/A,N/A,"3,345","12,251",N/A,N/A,0.75,N/A,"3,265","8,432","123,800",N/A,N/A,N/A,N/A,N/A
478,PLUS 종합채권(AA-이상)액티브,"115,450",보합,0,0.00%,0,0,0,"115,345","4,079",N/A,N/A,2,"115,450","115,425",N/A,N/A,N/A,"115,450","6,000",N/A,N/A,0.00,N/A,"115,450","6,000","3,533",N/A,N/A,N/A,N/A,N/A
479,삼성FN리츠,"4,470",하락,55,-1.22%,500,"2,078",9,"4,510","4,070",78,154.14,"243,427","4,515","4,525","8,768",24.55,0.66,"4,515",25,"4,607",26,0.22,0.32,"4,455","4,526","91,050",115,29,0.98,73,23.01
480,신세계인터내셔날,"11,480",상승,680,+6.30%,"1,000","131,260","1,477","10,640","4,057",268,16.69,"156,865","10,680","10,650","13,331",-44.93,3.85,"11,490",481,"4,866",327,5.18,2.46,"10,620",72,"35,343","13,086",688,0.48,400,-3.37
481,맵스리얼티1,"4,370",하락,20,-0.46%,0,"15,250",67,"4,390","4,057",N/A,N/A,"183,162","4,400","4,400",N/A,N/A,N/A,"4,400","1,418",N/A,N/A,2.63,N/A,"4,370","4,968","92,834",N/A,N/A,N/A,N/A,N/A
482,KODEX 국고채10년액티브,"113,710",상승,220,+0.19%,0,"6,011",683,"113,610","4,013",N/A,N/A,"26,803","113,610","113,615",N/A,N/A,N/A,"113,710","5,880",N/A,N/A,0.00,N/A,"113,610","6,000","3,529",N/A,N/A,N/A,N/A,N/A
483,KODEX 미국AI테크TOP10타겟커버드콜,"10,420",상승,40,+0.39%,0,"63,803",663,"10,370","4,012",N/A,N/A,"358,874","10,360","10,375",N/A,N/A,N/A,"10,430",262,N/A,N/A,0.01,N/A,"10,360","11,335","38,500",N/A,N/A,N/A,N/A,N/A
484,KB스타리츠,"3,915",하락,120,-2.97%,500,"8,558",33,"3,960","3,970",266,-30.35,"375,623","4,020","4,030","10,667",-50.14,4.54,"4,020",368,"6,842",190,0.32,1.81,"3,900","3,016","101,414",382,-129,1.14,180,-41.46
485,남해화학,"7,980",하락,10,-0.13%,"1,000","15,052",119,"8,000","3,964",363,16.02,"285,853","8,000","8,100","7,738",228.08,4.84,"8,000",78,"2,391",215,3.25,2.68,"7,910",911,"49,679","15,191",498,0.71,80,-4.34
486,HANARO 200,"39,685",하락,75,-0.19%,0,"8,477",335,"39,490","3,929",N/A,N/A,"428,993","39,345","39,585",N/A,N/A,N/A,"39,720","2,904",N/A,N/A,20.44,N/A,"39,345","11,459","9,900",N/A,N/A,N/A,N/A,N/A
487,대한제강,"16,740",상승,40,+0.24%,"1,000",704,11,"16,550","3,920",103,10.79,"30,487","16,650","16,700","11,498",-90.62,4.91,"16,800","1,639","2,538",400,4.84,3.53,"16,570",75,"23,414","12,245","1,552",0.36,500,-15.42
488,영진약품,"2,135",상승,5,+0.23%,500,"14,804",31,"2,130","3,905",87,-213.50,"354,668","2,135","2,150","2,343",179.79,1.37,"2,140","3,203","1,445",12,3.07,0.54,"2,115","12,503","182,893","2,520",-10,4.30,N/A,7.30
489,사조대림,"42,350",하락,200,-0.47%,"5,000",635,27,"42,350","3,881","1,330",5.51,"32,467","42,500","42,500","21,236",3.41,14.27,"42,700",419,"12,850",958,2.68,5.66,"42,350",56,"9,164","26,430","7,690",0.52,300,28.11
490,농심홀딩스,"83,600",하락,100,-0.12%,"5,000",435,36,"83,700","3,877",866,5.89,"13,404","83,700","83,800","16,115",15.04,6.39,"83,900",181,"3,940",749,2.56,4.80,"83,100",12,"4,638","7,983","14,201",0.32,"2,500",3.74
491,HL홀딩스,"41,200",상승,600,+1.48%,"5,000","1,159",47,"40,500","3,874",904,-19.70,"39,653","40,550","40,550","23,708",-1.88,1.91,"41,350",36,"13,062",198,10.13,0.85,"40,550",229,"9,404","13,711","-2,091",0.37,"2,000",6.66
492,수산인더스트리,"27,100",상승,200,+0.74%,200,"21,148",568,"27,050","3,872",435,9.87,"188,157","27,000","27,100","6,238",-13.40,7.77,"27,150","2,048","1,054",394,2.30,6.41,"26,600",70,"14,286","3,168","2,745",0.74,800,-2.45
493,대상홀딩스,"10,670",보합,0,0.00%,"1,000","5,215",55,"10,650","3,864","1,840",30.57,"264,160","10,660","10,670","44,186",60.56,2.70,"10,670",35,"27,476",799,7.53,1.86,"10,570",113,"36,213","53,579",349,0.53,270,1.87
494,KIWOOM 200,"39,520",하락,60,-0.15%,0,"23,608",932,"39,320","3,833",N/A,N/A,"262,176","39,210","39,325",N/A,N/A,N/A,"39,575","41,465",N/A,N/A,0.00,N/A,"39,210","60,000","9,700",N/A,N/A,N/A,N/A,N/A
495,KISCO홀딩스,"27,000",상승,400,+1.50%,"1,000","6,929",187,"26,300","3,828",-36,22.30,"41,510","26,600","26,600","17,103",-102.43,2.82,"27,400",122,"1,495",453,7.10,2.58,"26,300",384,"14,176","10,132","1,211",0.30,"1,800",-34.29
496,TIGER 미국나스닥100커버드콜(합성),"9,850",상승,80,+0.82%,0,"24,131",237,"9,860","3,817",N/A,N/A,"181,491","9,865","9,880",N/A,N/A,N/A,"9,875","58,047",N/A,N/A,0.02,N/A,"9,835",27,"38,750",N/A,N/A,N/A,N/A,N/A
497,넥스틸,"14,660",하락,80,-0.54%,500,"28,673",418,"14,760","3,812",632,6.98,"1,141,230","14,740","14,780","6,918",-59.83,7.64,"14,740",960,"2,269",347,1.11,5.20,"14,550",310,"26,002","5,524","2,100",0.80,250,-10.77
498,제주은행,"9,990",하락,110,-1.09%,"5,000","18,891",187,"9,900","3,776",114,35.81,"1,424,055","9,900","9,950","74,448",335.46,1.85,"10,020","1,801","68,547",104,1.82,0.14,"9,860",154,"37,799","3,797",279,0.54,100,2.30
499,한섬,"16,810",상승,40,+0.24%,500,"2,832",47,"16,600","3,772",635,10.07,"66,045","16,770","16,610","17,462",-36.83,3.19,"16,900",13,"3,401",433,22.65,2.50,"16,590",28,"22,438","14,853","1,670",0.26,750,-2.84
500,RISE 200위클리커버드콜,"8,930",상승,10,+0.11%,0,"115,720","1,031","8,900","3,746",N/A,N/A,"2,089,786","8,870","8,920",N/A,N/A,N/A,"8,935","17,927",N/A,N/A,0.05,N/A,"8,870","11,490","41,950",N/A,N/A,N/A,N/A,N/A
