N,종목명,현재가,전일비변동,전일비,등락률,액면가,거래량,거래대금,매수호가,시가총액,영업이익,PER,전일거래량,시가,매도호가,자산총계,영업이익증가율,ROE,고가,매수총잔량,부채총계,당기순이익,외국인비율,ROA,저가,매도총잔량,상장주식수,매출액,주당순이익,PBR,보통주배당금,매출액증가율
1,삼성전자,"60,800",상승,300,+0.50%,100,"4,298,055","262,476","61,600","3,599,140","327,260",11.78,"23,737,899","61,500","61,700","5,145,319",398.34,9.03,"61,600","85,506","1,123,399","344,514",49.76,7.10,"60,400","230,323","5,919,638","3,008,709","5,162",1.03,"1,446",16.20
2,SK하이닉스,"286,000",상승,"7,500",+2.69%,"5,000","1,122,193","323,133","288,000","2,082,087","234,673",8.02,"5,436,312","289,000","288,500","1,198,552",403.58,31.06,"291,500","22,948","459,395","197,969",55.59,17.98,"285,000","4,085","728,002","661,930","35,682",2.42,"2,204",102.02
3,삼성바이오로직스,"994,000",하락,"10,000",-1.00%,"2,500","10,609","10,561","1,002,000","707,470","13,201",55.29,"71,516","1,000,000","1,003,000","173,363",18.53,10.45,"1,001,000",634,"64,316","10,833",12.87,6.49,"991,000",129,"71,174","45,473","17,977",6.27,0,23.08
4,LG에너지솔루션,"296,000",하락,"4,500",-1.50%,500,"41,568","12,377","302,500","692,640","5,754",-59.51,"275,626","301,500","303,000","603,068",-73.40,-4.93,"301,500",515,"293,402","3,386",4.14,0.64,"295,000",601,"234,000","256,196","-4,974",3.27,N/A,-24.08
5,NAVER,"280,000",하락,"10,500",-3.61%,100,"491,576","138,575","283,500","443,624","19,793",24.45,"4,326,501","282,500","284,000","381,679",32.94,7.90,"284,500","10,312","111,670","19,320",47.21,5.23,"280,000","5,535","158,437","107,377","11,452",1.58,"1,130",11.03
6,현대차,"207,250",상승,"1,250",+0.61%,"5,000","84,884","17,581","207,000","424,360","142,396",4.52,"718,116","206,500","207,500","3,397,984",-5.87,12.43,"208,500","4,513","2,195,225","132,299",36.22,4.25,"206,000","3,557","204,758","1,752,312","45,880",0.49,"12,000",7.73
7,두산에너빌리티,"65,800",하락,"3,100",-4.50%,"5,000","2,293,135","153,949","67,800","421,489","10,176",-413.84,"13,780,632","68,400","67,900","263,148",-30.65,1.52,"69,300","24,970","146,537","3,947",24.55,1.55,"65,800","24,950","640,561","162,331",-159,5.54,N/A,-7.71
8,KB금융,"109,900",하락,"2,400",-2.14%,"5,000","252,728","28,054","116,000","419,227","80,453",7.62,"1,406,979","113,000","116,800","7,578,455",26.00,8.86,"113,200",52,"6,980,304","50,286",78.26,0.68,"108,800","5,415","381,462","850,764","14,416",0.69,"3,174",9.77
9,한화에어로스페이스,"868,000",하락,"27,000",-3.02%,"5,000","44,292","38,983","905,000","410,531","17,319",17.55,"281,041","897,000","908,000","433,369",191.41,53.94,"900,000",44,"319,726","25,399",44.87,8.08,"866,000","1,205","47,296","112,401","49,447",10.04,"3,500",42.47
10,HD현대중공업,"461,500",하락,"2,000",-0.43%,"5,000","41,086","19,243","465,000","409,688","7,052",46.71,"527,930","469,500","468,000","193,909",294.77,11.39,"476,000",504,"136,865","6,215",10.96,3.40,"460,500",550,"88,773","144,865","9,880",7.06,"2,090",21.08
11,삼성전자우,"49,650",상승,250,+0.51%,100,"381,952","19,095","50,100","405,131",N/A,9.62,"2,933,899","50,200","50,200",N/A,N/A,N/A,"50,300","15,474",N/A,N/A,73.68,N/A,"49,500","20,259","815,975",N/A,"5,162",0.84,N/A,N/A
12,기아,"97,800",상승,900,+0.93%,"5,000","176,960","17,315","97,600","388,924","126,671",4.17,"911,752","97,500","97,800","927,559",9.13,19.09,"98,600","3,654","369,156","97,750",39.11,11.28,"97,000","7,404","397,673","1,074,488","23,440",0.69,"6,500",7.66
13,셀트리온,"159,900",하락,"1,300",-0.81%,"1,000","70,729","11,359","161,800","355,659","4,920",73.99,"476,025","161,300","161,900","210,552",-24.48,2.46,"161,900",271,"34,752","4,189",21.44,2.04,"159,700",229,"222,426","35,573","2,161",2.07,735,63.45
14,카카오,"69,400",하락,"1,000",-1.42%,100,"1,385,515","96,242","69,400","306,586","4,602",200.58,"12,083,420","69,400","69,500","257,730",-0.14,0.56,"70,400","16,790","118,301","-1,619",28.22,-0.64,"68,600","4,394","441,767","78,717",346,2.93,68,4.16
15,신한지주,"60,700",하락,300,-0.49%,"5,000","779,384","47,134","61,200","300,976","64,587",6.66,"1,615,168","61,100","61,300","7,397,643",5.87,8.11,"61,200","8,130","6,809,432","45,582",59.12,0.64,"59,900",539,"495,842","419,028","9,108",0.53,"2,160",6.26
16,삼성물산,"164,000",상승,"1,500",+0.92%,100,"78,960","12,983","164,000","278,762","29,834",13.10,"549,331","163,500","164,500","619,904",3.95,6.83,"165,900",477,"247,319","27,720",26.90,4.33,"163,000",508,"169,977","421,032","12,523",0.84,"2,600",0.50
17,HD한국조선해양,"381,500",하락,"10,500",-2.68%,"5,000","43,022","16,766","394,000","269,999","14,341",18.26,"289,076","393,500","394,500","367,191",408.07,11.16,"398,500",539,"225,633","14,546",33.11,4.22,"381,000",143,"70,773","255,386","20,895",2.37,"5,100",19.92
18,현대모비스,"292,500",상승,"7,500",+2.63%,"5,000","32,699","9,466","286,000","268,501","30,735",6.45,"191,281","285,500","286,500","665,969",33.90,9.35,"293,000",538,"204,787","40,602",43.01,6.49,"285,500",92,"91,795","572,370","45,380",0.56,"6,000",-3.41
19,한화오션,"85,300",하락,"2,100",-2.40%,"5,000","510,635","44,528","88,300","261,371","2,379",37.73,"2,679,955","88,400","88,400","178,438",221.06,11.52,"89,300","5,351","129,805","5,282",12.90,3.32,"85,200","1,669","306,413","107,760","2,261",5.14,N/A,45.46
20,삼성생명,"130,000",상승,"1,500",+1.17%,500,"41,311","5,346","131,000","260,000","24,998",12.26,"484,144","130,100","131,100","3,122,188",4.23,6.18,"131,000","1,008","2,794,809","22,603",21.92,0.72,"128,500",21,"200,000","337,860","10,600",0.79,"4,500",9.21
21,SK스퀘어,"193,800",상승,"12,800",+7.07%,100,"161,100","31,123","193,000","256,864","39,126",5.23,"920,842","192,500","193,300","219,211",267.23,21.70,"199,800","1,024","23,356","36,505",51.95,18.30,"190,100",35,"132,541","61,385","37,069",1.25,0,169.41
22,한국전력,"37,150",상승,"3,050",+8.94%,"5,000","3,325,303","125,740","37,600","238,490","83,647",4.54,"19,728,999","38,400","37,650","2,468,078",284.18,9.22,"38,550","94,156","2,054,450","36,220",20.02,1.49,"37,000","2,961","641,964","933,989","8,191",0.57,213,5.87
23,HMM,"22,750",하락,50,-0.22%,"5,000","377,611","8,638","23,100","233,196","35,128",4.48,"3,052,164","23,100","23,150","338,486",500.72,15.35,"23,150","21,495","59,930","37,821",7.02,12.70,"22,700","18,711","1,025,039","117,002","5,073",0.72,600,39.27
24,하나금융지주,"81,800",하락,500,-0.61%,"5,000","107,017","8,749","83,200","232,904","48,552",6.17,"860,605","82,300","83,300","6,378,475",3.45,9.11,"82,500",233,"5,942,706","37,685",67.80,0.61,"81,100","2,017","284,724","816,143","13,252",0.52,"3,600",17.10
25,POSCO홀딩스,"264,000",상승,"1,000",+0.38%,"5,000","59,727","15,840","267,000","213,663","21,736",25.67,"305,296","267,000","267,500","1,034,042",-38.45,2.00,"268,000","1,794","419,538","9,476",29.46,0.93,"262,500","3,286","80,933","726,881","10,286",0.36,"10,000",-5.76
26,현대로템,"193,500",하락,"6,500",-3.25%,"5,000","233,350","45,990","198,100","211,190","4,566",41.49,"1,683,634","198,900","198,200","52,854",117.36,21.85,"202,000","2,952","32,763","4,053",31.91,7.70,"193,500",760,"109,142","43,766","4,664",9.66,200,22.00
27,메리츠금융지주,"114,400",상승,300,+0.26%,500,"43,120","4,923","113,800","205,937","31,889",9.36,"356,760","113,200","114,000","1,155,782",8.71,23.44,"115,500",226,"1,046,482","23,334",16.06,2.14,"112,900",77,"180,014","465,745","12,216",2.08,"1,350",-20.47
28,삼성화재,"446,000",상승,"2,000",+0.45%,500,"13,747","6,127","444,000","205,210","26,496",11.39,"128,263","447,000","448,000","872,695",12.40,13.11,"453,000",113,"716,673","20,768",55.92,2.41,"441,500",500,"46,011","226,570","39,171",1.23,"19,000",8.80
29,HD현대일렉트릭,"498,000",상승,"16,000",+3.32%,"5,000","65,637","32,757","489,500","179,515","6,690",31.96,"231,072","488,000","490,000","37,955",112.23,39.34,"506,000",73,"22,880","4,984",34.51,14.87,"487,000",458,"36,047","33,223","15,581",11.92,"5,350",22.92
30,카카오뱅크,"35,950",하락,"1,050",-2.84%,"5,000","190,140","6,843","36,050","171,478","6,069",36.76,"24,303,988","35,950","36,100","628,053",26.83,6.95,"35,950","9,453","562,652","4,401",17.10,0.75,"35,950","6,125","476,989","29,456",978,2.63,360,18.11
31,고려아연,"806,000",하락,"13,000",-1.59%,"5,000","2,827","2,282","822,000","166,868","7,235",67.73,"18,255","814,000","823,000","147,923",9.63,2.28,"815,000",43,"71,969","1,948",11.98,1.45,"802,000",90,"20,703","120,529","11,900",1.98,"17,500",24.20
32,크래프톤,"349,000",하락,"12,500",-3.46%,100,"35,356","12,398","365,500","165,393","11,825",12.61,"260,927","359,000","366,000","79,195",53.96,21.10,"359,500",176,"10,903","13,026",43.15,18.14,"346,000",417,"47,391","27,098","27,686",2.20,0,41.83
33,우리금융지주,"22,200",보합,0,0.00%,"5,000","442,361","9,807","22,450","164,855","42,552",5.73,"2,588,030","22,350","22,500","5,257,533",21.61,9.39,"22,500","7,371","4,898,581","31,715",46.91,0.62,"22,000","12,512","742,592","466,167","3,877",0.49,"1,200",11.03
34,SK이노베이션,"100,900",하락,900,-0.88%,"5,000","59,702","6,069","102,600","152,394","3,155",-4.99,"516,935","102,400","102,700","1,105,301",-83.43,-9.65,"103,000",888,"708,812","-23,725",13.81,-2.48,"100,000",109,"151,035","747,170","-20,236",0.62,"2,000",-3.33
35,KT&G,"124,600",보합,0,0.00%,"5,000","27,301","3,400","124,700","152,090","11,888",14.03,"496,360","123,500","125,300","139,252",1.84,12.66,"125,400",46,"45,668","11,650",43.70,8.73,"123,400",848,"122,062","59,088","8,881",1.48,"5,400",0.79
36,LG화학,"211,500",상승,500,+0.24%,"5,000","29,260","6,202","213,500","149,303","9,168",-17.70,"372,374","213,500","214,000","938,578",-63.75,-2.11,"214,000","2,565","458,623","5,150",30.62,0.60,"210,000","1,424","70,592","489,161","-11,946",0.50,"1,000",-11.46
37,삼성중공업,"16,910",하락,150,-0.88%,"1,000","1,649,292","28,446","17,180","148,808","5,027",101.87,"8,139,059","17,190","17,190","171,946",115.43,1.77,"17,680","2,581","134,452",539,31.83,0.33,"16,880","31,206","880,000","99,031",166,3.75,N/A,23.64
38,기업은행,"18,170",상승,110,+0.61%,"5,000","201,762","3,665","18,290","144,892","35,941",5.42,"1,472,576","18,290","18,330","4,722,198",4.71,8.06,"18,300","5,706","4,379,887","26,543",14.27,0.58,"18,060","1,309","797,426","324,300","3,351",0.43,"1,065",13.30
39,SK,"198,500",하락,700,-0.35%,200,"79,453","15,772","199,200","143,918","23,553",16.16,"358,693","201,000","199,300","2,149,778",-50.46,-5.64,"202,000",522,"1,346,902","5,288",23.83,0.25,"195,500",50,"72,503","1,246,904","12,281",0.40,"7,000",-3.19
40,삼성에스디에스,"184,100",하락,"9,400",-4.86%,500,"104,996","19,407","187,800","142,453","9,111",18.80,"689,133","186,900","187,900","132,383",12.73,8.42,"187,900",381,"35,329","7,895",18.75,6.18,"182,800",649,"77,378","138,282","9,791",1.52,"2,900",4.15
41,카카오페이,"105,700",상승,"13,700",+14.89%,500,"3,601,630","372,606","95,100","142,374",-575,"-3,409.68",0,"96,000","95,200","44,147",-1.59,-0.73,"114,000","48,352","25,039",-215,37.53,-0.51,"95,100","2,403","134,697","7,662",-31,7.59,0,24.52
42,삼성SDI,"173,900",하락,"2,900",-1.64%,"5,000","90,932","15,913","177,900","140,138","3,633",119.03,"742,543","177,700","178,000","405,973",-76.49,3.13,"177,800","2,805","190,301","5,755",28.33,1.54,"173,300",606,"80,586","165,922","1,461",0.61,973,-22.60
43,LG,"85,200",상승,300,+0.35%,"5,000","78,908","6,707","85,000","133,978","9,668",16.86,"1,050,828","86,100","85,100","316,393",-39.16,2.16,"86,600","1,289","35,066","7,905",34.71,2.55,"83,800",45,"157,251","71,755","5,053",0.48,"3,100",-3.62
44,KT,"51,800",하락,300,-0.58%,"5,000","26,436","1,376","52,400","130,547","8,095",20.63,"668,799","52,200","52,500","418,800",-50.93,2.85,"52,300","2,079","238,834","4,171",49.00,0.99,"51,800","2,901","252,022","264,312","2,511",0.76,"2,000",0.21
45,미래에셋증권,"22,600",상승,50,+0.22%,"5,000","750,612","16,922","22,950","128,892","11,881",16.57,"8,076,803","22,900","23,000","1,371,770",128.02,7.94,"23,100","9,855","1,249,133","9,255",13.05,0.69,"22,200","8,193","570,316","222,342","1,364",1.09,250,9.22
46,하이브,"308,500",하락,"4,000",-1.28%,500,"46,124","14,287","313,000","128,497","1,840",245.62,"269,200","312,000","313,500","54,792",-37.75,0.31,"312,500",648,"19,654",-34,18.85,-0.06,"308,000",560,"41,652","22,556","1,256",3.90,200,3.56
47,LG전자,"75,600",하락,600,-0.79%,"5,000","122,891","9,355","77,000","123,718","34,197",19.76,"1,168,788","76,800","77,100","656,296",-6.40,1.81,"77,000","3,312","404,179","5,914",29.46,0.94,"75,000",884,"163,648","877,282","3,825",0.62,"1,000",6.64
48,SK텔레콤,"56,500",하락,300,-0.53%,100,"130,649","7,421","57,100","121,356","18,234",9.62,"1,024,495","57,100","57,200","305,153",4.00,10.83,"57,100","7,117","186,876","13,871",39.94,4.58,"56,200","1,322","214,790","179,406","5,874",1.02,"3,540",1.89
49,LIG넥스원,"529,000",하락,"25,000",-4.51%,"5,000","58,047","31,169","539,000","116,380","2,298",47.43,"513,343","540,000","540,000","61,253",23.29,19.59,"549,000",649,"48,878","2,166",31.22,4.36,"529,000",271,"22,000","32,763","11,153",9.28,"2,400",41.92
50,한화시스템,"60,400",하락,"2,700",-4.28%,"5,000","454,764","28,034","63,000","114,107","2,193",25.91,"2,034,856","63,000","63,100","57,240",78.95,19.63,"63,500","2,433","33,076","4,454",8.39,8.73,"60,300","3,004","188,919","28,037","2,331",3.36,350,14.32
51,두산,"651,000",하락,"19,000",-2.84%,"5,000","33,324","22,074","680,000","107,570","10,038",-67.18,"186,990","684,000","682,000","301,431",-30.11,-14.57,"689,000",370,"182,536","3,022",13.48,1.03,"648,000",226,"16,524","181,329","-9,690",7.76,"2,000",-5.21
52,삼성전기,"138,300",상승,"1,600",+1.17%,"5,000","96,174","13,358","139,300","103,301","7,350",17.04,"546,143","139,300","139,400","127,924",11.27,8.16,"140,400",364,"37,765","7,032",32.67,5.75,"137,600","1,736","74,694","102,941","8,115",1.19,"1,800",15.76
53,현대글로비스,"137,200",상승,800,+0.59%,500,"22,302","3,049","137,200","102,900","17,529",8.66,"256,395","136,500","137,400","168,491",12.80,13.24,"138,400",8,"80,398","10,995",49.54,6.96,"135,800",80,"75,000","284,074","15,834",1.15,"3,700",10.61
54,HD현대,"128,800",하락,"3,100",-2.35%,"1,000","44,535","5,831","132,000","101,743","29,832",19.38,"440,762","131,900","132,600","738,667",46.84,6.36,"133,800",410,"474,816","19,302",22.44,2.72,"128,700",51,"78,993","677,656","6,647",0.98,"3,600",10.49
55,포스코퓨처엠,"127,300",하락,"1,900",-1.47%,500,"33,626","4,295","129,000","98,611",7,-45.56,"357,680","128,900","129,100","79,325",-97.99,-7.98,"129,200",876,"46,120","-2,313",10.00,-3.24,"126,000",633,"77,463","36,999","-2,794",3.27,0,-22.27
56,삼양식품,"1,292,000",하락,"4,000",-0.31%,"5,000","3,986","5,185","1,303,000","97,327","3,446",31.95,"47,627","1,302,000","1,304,000","15,948",133.58,39.37,"1,310,000",66,"7,667","2,713",19.34,19.62,"1,290,000",21,"7,533","17,280","40,436",10.67,"3,300",44.86
57,한미반도체,"97,800",상승,"5,000",+5.39%,100,"800,423","78,661","98,000","93,215","2,554",68.78,"1,183,356","98,100","98,100","7,109",638.74,27.43,"100,500","4,750","1,700","1,526",7.44,21.27,"96,200","3,615","95,312","5,589","1,422",17.78,720,251.50
58,HD현대마린솔루션,"206,500",하락,"3,000",-1.43%,500,"6,117","1,268","208,500","92,572","2,717",36.95,"124,230","208,500","209,000","11,522",34.87,44.98,"209,500",235,"3,787","2,279",29.36,25.20,"205,500",98,"44,829","17,455","5,588",12.94,"3,150",22.02
59,LS ELECTRIC,"306,000",하락,"5,000",-1.61%,"5,000","58,394","17,924","307,000","91,800","3,897",39.88,"913,353","307,000","308,000","44,852",19.96,13.44,"310,500","2,099","25,951","2,422",24.67,5.90,"304,500",95,"30,000","45,518","7,673",4.96,"2,900",7.60
60,대한항공,"24,350",상승,900,+3.84%,"5,000","1,432,952","34,529","24,400","89,662","21,102",7.33,"6,065,233","24,400","24,450","470,121",17.88,13.17,"24,450","20,388","360,489","13,819",16.64,3.57,"23,750","11,824","368,221","178,707","3,322",0.86,750,10.92
61,LG씨엔에스,"92,300",하락,"4,700",-4.85%,500,"57,865","5,342","92,000","89,426","5,129",20.08,"987,777","92,300","92,100","45,045",10.52,18.32,"92,300","6,621","23,817","3,649",4.20,8.54,"92,300","1,412","96,886","59,826","4,597",3.41,"1,672",6.73
62,포스코인터내셔널,"50,800",상승,"1,500",+3.04%,"5,000","116,826","5,843","50,000","89,369","11,169",16.61,"540,904","49,700","50,200","173,363",-3.97,8.14,"50,800","2,350","99,869","5,034",6.11,2.97,"49,350","5,491","175,923","323,408","3,058",1.34,"1,550",-2.39
63,한국항공우주,"90,000",하락,"1,100",-1.21%,"5,000","87,713","8,015","92,000","87,728","2,407",53.00,"1,020,392","92,100","92,100","80,255",-2.74,10.42,"92,700","2,917","62,984","1,709",34.06,2.25,"90,000",809,"97,475","36,337","1,698",5.20,500,-4.86
64,DB손해보험,"123,400",상승,"1,300",+1.06%,500,"23,024","2,831","124,000","87,367","24,249",5.13,"138,477","122,500","125,000","665,061",8.50,18.98,"125,000",7,"571,149","18,532",46.31,2.93,"121,900",298,"70,800","218,350","24,043",0.92,"6,800",10.49
65,현대건설,"77,300",상승,"1,000",+1.31%,"5,000","609,098","48,043","76,900","86,078","-12,634",-42.66,"2,233,691","77,000","77,000","270,054",-260.86,-2.09,"80,600","7,312","173,360","-7,662",23.67,-3.02,"77,000","1,956","111,356","326,703","-1,812",1.07,600,10.18
66,KODEX CD금리액티브(합성),"1,073,020",상승,75,+0.01%,0,"38,915","41,756","1,073,020","85,042",N/A,N/A,"219,250","1,073,020","1,073,025",N/A,N/A,N/A,"1,073,025","577,525",N/A,N/A,0.00,N/A,"1,073,020","582,040","7,926",N/A,N/A,N/A,N/A,N/A
67,한진칼,"125,800",하락,200,-0.16%,"2,500","12,724","1,589","125,500","83,987",492,18.44,"107,101","125,300","125,900","42,072",14.82,16.75,"126,200",314,"8,940","5,122",20.87,12.82,"124,000",137,"66,762","2,922","6,822",2.60,360,5.96
68,아모레퍼시픽,"141,800",하락,"3,900",-2.68%,500,"79,711","11,409","145,600","82,943","2,205",15.66,"402,774","145,700","145,700","67,835",103.83,11.69,"145,700",449,"14,575","6,016",23.65,9.50,"141,500",464,"58,493","38,851","9,057",1.85,"1,125",5.75
69,유한양행,"102,300",하락,400,-0.39%,"1,000","44,868","4,598","103,400","81,808",549,124.60,"309,563","103,200","103,500","29,420",-3.77,3.41,"103,300",931,"7,914",552,17.64,1.92,"102,000",447,"79,968","20,678",821,3.71,500,11.23
70,TIGER 미국S&P500,"20,570",하락,10,-0.05%,0,"263,781","5,424","20,550","81,786",N/A,N/A,"5,353,012","20,580","20,555",N/A,N/A,N/A,"20,590","2,097",N/A,N/A,0.31,N/A,"20,540","41,444","397,600",N/A,N/A,N/A,N/A,N/A
71,한국금융지주,"146,100",하락,"2,300",-1.55%,"5,000","46,453","6,798","149,200","81,416","11,997",7.77,"526,561","148,400","149,300","1,092,202",46.24,11.54,"148,600",109,"994,857","10,459",37.25,1.02,"144,800","2,712","55,726","211,741","18,792",0.86,"3,980",1.34
72,HD현대미포,"200,000",하락,"1,500",-0.74%,"5,000","34,773","6,995","201,500","79,884",885,52.33,"618,345","202,000","202,000","51,089",157.89,5.25,"205,000",650,"30,024","1,132",22.43,2.26,"198,900",224,"39,942","46,300","3,822",3.86,710,14.63
73,효성중공업,"827,000",상승,"1,000",+0.12%,"5,000","10,880","9,046","832,000","77,114","3,625",25.44,"91,294","830,000","835,000","62,188",40.59,14.90,"841,000",184,"41,632","2,229",22.69,4.06,"822,000",6,"9,325","48,950","32,509",3.92,"5,000",13.82
74,SK바이오팜,"91,800",하락,"1,100",-1.18%,500,"25,836","2,385","93,600","71,892",963,28.62,"161,676","93,500","93,700","10,368",356.75,58.01,"93,500",523,"4,628","2,270",11.11,25.79,"91,600",540,"78,313","5,476","3,208",12.67,N/A,54.30
75,코웨이,"97,400",상승,100,+0.10%,500,"14,682","1,418","97,600","70,039","7,954",12.42,"100,861","96,300","99,200","57,616",8.77,19.38,"97,600",132,"25,654","5,655",61.45,10.66,"95,700",385,"71,909","43,101","7,843",2.22,"2,630",8.66
76,삼성증권,"77,800",상승,"2,000",+2.64%,"5,000","105,024","8,175","78,300","69,475","12,058",7.77,"796,095","78,200","78,400","622,739",62.69,12.89,"79,000","2,271","549,497","8,990",28.50,1.51,"76,600",882,"89,300","134,666","10,015",0.96,"3,500",2.26
77,KODEX 200,"41,960",상승,20,+0.05%,0,"2,076,797","87,443","42,100","68,668",N/A,N/A,"13,522,365","42,225","42,105",N/A,N/A,N/A,"42,380","6,022",N/A,N/A,32.21,N/A,"41,820","3,075","163,650",N/A,N/A,N/A,N/A,N/A
78,한화,"91,000",하락,"1,900",-2.05%,"5,000","87,218","8,005","92,900","68,212","24,161",8.70,"814,673","92,700","93,000","2,520,370",0.17,7.19,"93,600",576,"2,124,752","16,904",15.80,0.73,"90,900",339,"74,959","556,468","10,464",0.81,800,4.73
79,NH투자증권,"20,900",상승,300,+1.46%,"5,000","145,295","3,032","21,100","67,734","9,011",10.82,"1,446,771","21,100","21,150","624,271",24.16,8.73,"21,200","4,547","543,077","6,866",16.00,1.15,"20,550","1,740","324,086","100,343","1,932",0.90,950,-3.25
80,S-Oil,"58,200",하락,400,-0.68%,"2,500","46,374","2,702","58,400","65,523","4,222",-16.81,"723,308","58,600","58,500","244,514",-68.83,-2.18,"58,600","1,455","157,558","-1,930",73.19,-0.84,"58,000","1,654","112,583","366,370","-3,463",0.78,125,2.55
81,KODEX 머니마켓액티브,"103,155",하락,5,0.00%,0,"23,245","2,397","103,155","62,100",N/A,N/A,"552,633","103,155","103,160",N/A,N/A,N/A,"103,160","885,288",N/A,N/A,0.00,N/A,"103,155","756,561","60,201",N/A,N/A,N/A,N/A,N/A
82,두산밥캣,"62,700",상승,900,+1.46%,500,"525,952","33,011","65,500","60,102","8,714",13.61,"3,313,944","65,500","65,600","120,096",-37.31,8.77,"65,900","14,860","51,151","5,634",34.92,5.03,"60,300",103,"95,856","85,512","4,606",0.87,"1,600",-12.38
83,LG유플러스,"13,510",하락,240,-1.75%,"5,000","152,142","2,076","13,880","58,986","8,631",14.42,"2,122,789","13,760","13,900","197,077",-13.52,4.40,"13,800",9,"109,394","3,146",37.43,1.58,"13,510","7,222","436,611","146,252",937,0.68,650,1.76
84,키움증권,"236,500",보합,0,0.00%,"5,000","22,263","5,269","239,500","58,704","10,982",8.11,"299,996","238,500","240,000","556,884",94.50,15.98,"239,500",678,"500,565","8,349",24.42,1.55,"234,000","1,787","24,822","112,803","29,164",1.12,"7,500",18.18
85,LS,"181,500",하락,"3,300",-1.79%,"5,000","25,060","4,583","186,100","58,443","10,729",20.58,"310,379","186,500","186,900","205,279",19.26,5.09,"186,900",112,"136,468","3,915",14.76,2.02,"181,000",175,"32,200","275,447","8,821",1.02,"1,650",12.52
86,한화솔루션,"33,500",상승,"1,200",+3.72%,"5,000","1,988,028","67,805","33,600","57,584","-3,002",-5.91,"2,982,209","33,900","33,650","300,368",-151.83,-15.99,"34,700","20,734","194,300","-13,690",13.04,-4.99,"33,400","7,163","171,893","123,940","-5,673",0.62,300,-5.23
87,삼성카드,"49,550",상승,350,+0.71%,"5,000","15,095",744,"49,150","57,408","8,854",8.55,"95,459","49,100","49,250","294,941",9.31,8.00,"49,700","3,913","210,079","6,646",6.34,2.28,"48,900",420,"115,859","43,832","5,793",0.63,"2,800",9.47
88,맥쿼리인프라,"11,880",상승,20,+0.17%,0,"140,599","1,668","11,860","56,896",N/A,N/A,"1,827,051","11,860","11,870",N/A,N/A,N/A,"11,900","3,907",N/A,N/A,9.03,N/A,"11,840","4,930","478,922",N/A,N/A,N/A,N/A,N/A
89,현대차2우B,"160,900",상승,300,+0.19%,"5,000","18,904","3,039","160,600","56,257",N/A,3.51,"150,690","160,600","160,800",N/A,N/A,N/A,"161,900","2,653",N/A,N/A,60.16,N/A,"160,200",262,"34,964",N/A,"45,880",0.38,N/A,N/A
90,LG생활건강,"344,250",하락,"5,250",-1.50%,"5,000","7,694","2,662","349,000","53,766","4,590",33.74,"44,094","349,000","349,500","74,058",-5.74,3.44,"349,000",372,"17,199","2,039",28.42,2.79,"343,500",81,"15,618","68,119","10,204",1.02,"3,500",0.10
91,에이피알,"140,500",하락,700,-0.50%,100,"44,587","6,293","141,900","53,452","1,227",39.97,"363,828","141,400","142,000","5,651",17.77,41.34,"142,500",119,"2,416","1,076",24.21,25.24,"139,600",80,"38,044","7,228","3,515",14.98,0,37.98
92,넷마블,"60,100",하락,"1,000",-1.64%,100,"26,233","1,577","61,100","51,658","2,156",50.80,"296,303","61,000","61,200","81,771",414.93,0.49,"61,100",217,"27,032",32,24.96,0.04,"59,700",93,"85,954","26,638","1,183",0.91,417,6.46
93,TIGER 미국나스닥100,"133,815",하락,20,-0.01%,0,"25,843","3,456","133,710","50,248",N/A,N/A,"431,788","133,875","133,740",N/A,N/A,N/A,"133,955",352,N/A,N/A,0.11,N/A,"133,635","3,922","37,550",N/A,N/A,N/A,N/A,N/A
94,한국타이어앤테크놀로지,"40,050",상승,650,+1.65%,500,"45,227","1,810","39,950","49,612","17,623",4.60,"362,430","39,900","40,000","158,497",32.71,10.79,"40,450","2,030","46,549","11,311",35.69,7.91,"39,700","1,073","123,875","94,119","8,704",0.44,"2,000",5.28
95,현대오토에버,"177,000",하락,"6,700",-3.65%,500,"18,757","3,359","179,800","48,540","2,244",29.42,"491,623","179,500","179,900","33,495",23.71,10.40,"180,400",80,"16,190","1,752",2.72,5.66,"177,000",727,"27,424","37,136","6,016",2.89,"1,780",21.16
96,TIGER CD금리투자KIS(합성),"56,217",상승,2,0.00%,0,"18,935","1,064","56,215","47,670",N/A,N/A,"217,854","56,220","56,220",N/A,N/A,N/A,"56,220","1,239,356",N/A,N/A,0.03,N/A,"56,215","1,271,796","84,796",N/A,N/A,N/A,N/A,N/A
97,LG디스플레이,"9,300",하락,130,-1.38%,"5,000","243,678","2,283","9,480","46,500","-5,606",-2.28,"2,578,313","9,490","9,500","328,596",77.67,-37.21,"9,490","7,680","247,868","-24,093",20.96,-7.02,"9,250","9,298","500,000","266,153","-4,084",0.74,N/A,24.77
98,CJ,"158,100",하락,"2,400",-1.50%,"5,000","18,475","2,924","159,500","46,129","25,475",56.77,"216,573","159,500","159,800","474,970",24.93,1.83,"159,500",617,"297,506","1,512",11.12,0.32,"157,200",597,"29,177","436,467","2,785",0.98,"3,000",5.55
99,삼성E&A,"23,100",하락,150,-0.65%,"5,000","120,317","2,794","23,150","45,276","9,716",6.07,"1,291,006","23,100","23,200","100,133",-2.17,19.65,"23,450","5,020","61,176","6,387",45.27,7.17,"23,050","1,867","196,000","99,666","3,804",1.06,660,-6.20
100,KODEX 미국S&P500,"18,930",하락,20,-0.11%,0,"262,884","4,974","18,905","44,419",N/A,N/A,"7,200,799","18,950","18,910",N/A,N/A,N/A,"18,950","21,881",N/A,N/A,0.42,N/A,"18,905","41,838","234,650",N/A,N/A,N/A,N/A,N/A
101,한전기술,"114,200",하락,800,-0.70%,200,"257,575","30,294","117,200","43,647",548,37.70,"1,648,771","118,200","117,700","9,468",91.88,10.40,"121,700","6,161","3,694",585,10.86,6.50,"113,700",40,"38,220","5,534","3,029",7.23,999,1.52
102,GS,"46,600",하락,250,-0.53%,"5,000","37,633","1,755","46,850","43,299","30,602",10.71,"472,076","46,750","46,900","350,634",-17.78,4.12,"46,850",782,"165,930","8,635",16.90,2.48,"46,400",331,"92,915","252,975","4,351",0.32,"2,700",-2.62
103,두산로보틱스,"65,700",하락,300,-0.45%,500,"263,084","17,614","67,200","42,587",-412,-98.80,"2,402,407","67,200","67,300","4,217",-114.96,-8.69,"68,300","13,935",192,-366,2.60,-8.33,"65,500","2,235","64,820",468,-665,10.83,N/A,-11.71
104,오리온,"107,400",보합,0,0.00%,500,"9,718","1,046","108,100","42,462","5,436",7.94,"169,214","107,500","108,400","43,084",10.40,16.57,"108,200",15,"7,344","5,332",29.89,13.62,"107,300",625,"39,536","31,043","13,534",1.20,"2,500",6.59
105,SKC,"110,900",상승,"2,600",+2.40%,"5,000","139,334","15,620","115,100","41,996","-2,768",-8.04,"392,323","113,200","115,500","67,487",-29.53,-34.34,"114,800",155,"44,559","-4,551",13.99,-6.60,"109,800","3,371","37,868","17,216","-13,786",3.35,N/A,15.27
106,엔씨소프트,"194,100",보합,0,0.00%,500,"11,090","2,157","196,900","41,817","-1,092",56.95,"157,184","195,900","197,000","39,539",-179.56,2.99,"196,000",5,"8,904",941,33.19,2.26,"192,900",209,"21,544","15,781","3,408",1.25,"1,460",-11.33
107,JB금융지주,"21,350",보합,0,0.00%,"5,000","68,275","1,449","21,300","41,399","9,061",6.24,"717,821","21,250","21,350","667,219",13.26,12.80,"21,400",835,"609,971","6,930",34.59,1.07,"21,050",527,"193,908","46,238","3,422",0.72,995,10.25
108,현대제철,"30,850",상승,"1,300",+4.40%,"5,000","109,976","3,324","29,950","41,168","1,595",-41.86,"511,271","30,000","30,000","347,438",-80.02,-0.06,"30,850","2,366","154,102",88,18.10,0.03,"29,600","2,723","133,446","232,261",-737,0.21,750,-10.38
109,한국가스공사,"44,500",상승,"5,050",+12.80%,"5,000","832,614","35,345","40,450","41,079","30,034",3.71,"837,805","40,500","40,500","576,696",93.34,11.21,"44,500","5,436","468,433","11,490",10.10,2.00,"40,300","1,846","92,313","383,887","12,001",0.35,"1,455",-13.84
110,KODEX KOFR금리액티브(합성),"110,595",상승,5,0.00%,0,"7,422",820,"110,590","39,949",N/A,N/A,"356,675","110,590","110,595",N/A,N/A,N/A,"110,595","320,793",N/A,N/A,0.00,N/A,"110,590","533,846","36,122",N/A,N/A,N/A,N/A,N/A
111,강원랜드,"18,520",상승,260,+1.42%,500,"109,358","2,010","18,350","39,622","2,858",9.03,"696,947","18,330","18,360","47,006",1.25,12.09,"18,530","3,659","8,170","4,569",14.02,9.99,"18,270",429,"213,940","14,269","2,050",1.00,"1,170",2.76
112,SK바이오사이언스,"50,500",하락,200,-0.39%,500,"23,799","1,210","50,900","39,576","-1,384",-82.25,"243,933","50,700","51,000","28,436","-1,054.77",-3.07,"51,500",293,"8,211",-501,6.66,-2.13,"50,300",986,"78,369","2,675",-614,2.19,0,-27.59
113,BNK금융지주,"12,240",상승,90,+0.74%,"5,000","75,281",920,"12,250","38,970","8,759",6.08,"1,316,018","12,170","12,260","1,524,705",9.33,6.96,"12,340",667,"1,413,229","7,500",40.26,0.50,"12,170",395,"318,384","100,314","2,012",0.37,650,3.80
114,CJ제일제당,"255,000",상승,"1,000",+0.39%,"5,000","18,070","4,602","255,500","38,388","15,530",56.53,"181,759","256,000","256,000","301,500",20.24,1.97,"256,500",619,"179,072","3,618",20.92,1.21,"252,500",726,"15,054","293,591","4,511",0.52,"6,000",1.16
115,한미약품,"294,000",하락,"3,500",-1.18%,"2,500","9,243","2,720","296,500","37,664","2,162",34.58,"118,906","296,500","297,000","20,208",-2.04,11.89,"296,500",440,"7,801","1,404",10.36,7.17,"293,000",138,"12,811","14,955","8,502",3.35,"1,250",0.31
116,현대차우,"159,800",보합,0,0.00%,"5,000","13,757","2,199","159,700","37,299",N/A,3.48,"110,943","159,800","159,800",N/A,N/A,N/A,"160,500",300,N/A,N/A,61.22,N/A,"159,300","1,315","23,341",N/A,"45,880",0.38,N/A,N/A
117,포스코DX,"24,400",하락,500,-2.01%,500,"136,077","3,345","25,200","37,096","1,090",44.20,"1,057,871","25,100","25,250","8,925",-1.42,17.92,"25,100","3,994","3,666",886,3.17,9.94,"24,250","1,609","152,035","14,733",552,6.93,125,-0.85
118,이수페타시스,"49,600",상승,450,+0.92%,"1,000","354,492","17,769","51,000","36,411","1,019",34.71,"2,869,511","51,200","51,100","7,901",63.87,24.92,"51,200","19,825","4,626",740,15.29,10.45,"49,000","10,879","73,409","8,369","1,429",9.23,143,23.92
119,LG이노텍,"152,900",상승,"1,200",+0.79%,"5,000","30,434","4,678","154,000","36,187","7,060",9.13,"238,286","155,000","154,100","113,782",-15.02,8.92,"155,500",115,"60,243","4,493",23.23,3.98,"151,700",134,"23,667","212,008","16,750",0.67,"2,090",2.89
120,풍산,"126,000",상승,800,+0.64%,"5,000","178,087","22,785","128,100","35,311","3,238",14.67,"1,475,271","128,300","128,200","40,966",41.61,11.33,"131,700","4,207","18,973","2,360",22.66,6.09,"125,000",273,"28,024","45,544","8,589",1.59,"2,600",10.40
121,KODEX 종합채권(AA-이상)액티브,"118,635",상승,115,+0.10%,0,"2,383",282,"118,575","34,089",N/A,N/A,"214,380","118,715","118,800",N/A,N/A,N/A,"118,715","6,000",N/A,N/A,0.00,N/A,"118,590","4,121","28,734",N/A,N/A,N/A,N/A,N/A
122,에코프로머티,"48,100",하락,"1,350",-2.73%,500,"144,815","6,957","48,950","33,637",-647,-80.17,"2,450,113","48,800","49,000","12,902",-837.74,-5.56,"48,800",540,"5,526",-427,22.81,-3.57,"47,350","5,566","69,932","2,998",-600,4.59,0,-68.52
123,현대엘리베이터,"84,900",하락,"1,800",-2.08%,"5,000","44,648","3,827","86,700","33,189","2,257",15.88,"438,408","86,800","86,800","35,738",173.22,14.42,"87,300","1,109","22,315","1,939",26.25,5.46,"84,700",35,"39,092","28,853","5,347",2.69,"5,500",10.88
124,대한전선,"17,680",상승,110,+0.63%,"1,000","972,155","17,426","17,760","32,964","1,152",42.20,"3,927,430","17,770","17,770","26,427",44.28,5.85,"18,170","10,647","11,466",742,7.06,3.28,"17,600","1,925","186,447","32,913",419,2.18,N/A,15.73
125,코스맥스,"278,000",상승,"2,000",+0.72%,500,"13,800","3,837","276,000","31,552","1,754",42.24,"92,003","276,000","276,500","19,337",51.61,20.53,"281,000",258,"14,249",884,35.39,5.07,"274,500",143,"11,350","21,661","6,581",7.21,"2,300",21.86
126,TIGER 미국테크TOP10 INDXX,"23,505",하락,50,-0.21%,0,"98,732","2,320","23,550","31,391",N/A,N/A,"7,831,514","23,545","23,555",N/A,N/A,N/A,"23,545",300,N/A,N/A,0.44,N/A,"23,470","1,372","133,550",N/A,N/A,N/A,N/A,N/A
127,한미사이언스,"45,550",하락,700,-1.51%,500,"20,609",945,"45,900","31,152",989,59.08,"494,435","45,800","45,950","13,491",-20.57,7.30,"46,450",56,"5,104",567,1.60,4.40,"45,450","1,271","68,392","12,834",771,3.63,300,2.85
128,서울보증보험,"43,550",상승,850,+1.99%,"2,500","20,604",894,"42,950","30,407","2,797",14.27,"147,275","43,150","43,250","93,336",-46.64,4.12,"43,600",52,"41,581","2,133",1.12,2.31,"43,000",42,"69,822","27,513","3,052",0.60,"2,865",5.41
129,금호석유화학,"114,000",상승,100,+0.09%,"5,000","9,265","1,052","116,000","30,164","2,728",9.37,"122,481","113,900","116,100","83,402",-24.00,5.88,"114,300",694,"22,980","3,486",17.69,4.27,"113,200",121,"26,460","71,550","12,168",0.49,"2,200",13.17
130,시프트업,"50,500",하락,700,-1.37%,200,"17,857",907,"51,300","29,685","1,527",18.59,"178,049","51,400","51,500","8,038",37.47,31.30,"51,500","2,601",394,"1,480",37.79,29.37,"50,300",545,"58,782","2,241","2,717",3.73,0,32.91
131,롯데지주,"28,050",상승,50,+0.18%,200,"18,337",516,"28,450","29,427","3,405",-2.73,"281,121","28,600","28,600","226,603",-31.04,-15.56,"28,600",753,"134,605","-9,461",7.76,-4.13,"27,900","6,024","104,909","157,570","-10,260",0.33,"1,200",3.94
132,F&F,"76,400",하락,"1,900",-2.43%,100,"10,806",830,"78,300","29,267","4,507",8.42,"85,681","78,200","78,700","22,859",-18.32,25.27,"78,200",218,"7,086","3,560",11.30,16.59,"76,000",158,"38,307","18,960","9,076",1.82,"1,700",-4.17
133,한화생명,"3,360",하락,35,-1.03%,"5,000","362,592","1,217","3,405","29,183","10,970",4.32,"3,097,637","3,395","3,410","1,601,464",3.78,6.98,"3,400","15,444","1,458,684","8,660",10.35,0.56,"3,335",611,"868,530","245,852",778,0.22,N/A,7.91
134,TIGER KOFR금리액티브(합성),"109,085",상승,5,0.00%,0,"7,856",856,"109,085","29,000",N/A,N/A,"78,579","109,085","109,090",N/A,N/A,N/A,"109,090","42,514",N/A,N/A,0.00,N/A,"109,085","52,180","26,585",N/A,N/A,N/A,N/A,N/A
135,TIGER 200,"41,915",상승,10,+0.02%,0,"812,699","34,183","42,400","28,125",N/A,N/A,"2,681,611","42,220","42,420",N/A,N/A,N/A,"42,340",171,N/A,N/A,11.03,N/A,"41,785",133,"67,100",N/A,N/A,N/A,N/A,N/A
136,한전KPS,"62,300",상승,900,+1.47%,200,"202,201","12,966","64,500","28,035","2,095",20.01,"840,294","64,900","64,600","16,902",5.08,13.26,"65,400","4,639","3,617","1,724",12.85,10.49,"62,100",597,"45,000","15,571","3,113",2.30,"2,469",1.52
137,KCC,"310,000",상승,"2,000",+0.65%,"5,000","2,816",870,"308,000","27,548","4,711",-23.43,"31,575","309,000","310,000","131,086",50.74,6.08,"311,000",448,"80,692","2,933",9.86,2.22,"307,000",31,"8,886","66,588","-13,230",0.36,"10,000",5.89
138,KODEX 200TR,"14,945",보합,0,0.00%,0,"137,039","2,056","15,005","27,529",N/A,N/A,"1,833,067","15,040","15,010",N/A,N/A,N/A,"15,095","20,519",N/A,N/A,0.00,N/A,"14,910",10,"184,200",N/A,N/A,N/A,N/A,N/A
139,롯데케미칼,"64,000",하락,"1,000",-1.54%,"5,000","40,333","2,570","65,200","27,376","-8,941",-1.51,"281,871","64,400","65,300","345,523",-157.14,-11.44,"64,900",386,"145,644","-18,256",21.03,-5.37,"63,200",127,"42,775","204,304","-42,451",0.19,"2,000",2.43
140,영원무역,"60,400",하락,100,-0.17%,500,"5,899",354,"60,000","26,764","3,156",6.21,"78,234","60,000","60,100","53,897",-50.47,12.32,"60,800",85,"14,941","2,945",29.52,5.51,"59,800",69,"44,311","35,178","9,724",0.70,"1,400",-2.40
141,KODEX 레버리지,"23,480",상승,5,+0.02%,0,"5,486,986","129,981","23,825","26,521",N/A,N/A,"34,507,473","23,840","23,830",N/A,N/A,N/A,"23,950","27,835",N/A,N/A,0.24,N/A,"23,330","1,113","112,950",N/A,N/A,N/A,N/A,N/A
142,동서,"26,600",하락,100,-0.37%,500,"6,177",164,"26,800","26,520",445,17.85,"74,140","26,600","27,000","17,791",1.66,9.52,"26,900",224,697,"1,590",4.40,9.16,"26,550","1,628","99,700","4,889","1,490",1.59,890,-0.17
143,KODEX 미국나스닥100,"20,130",보합,0,0.00%,0,"102,964","2,071","20,110","26,250",N/A,N/A,"1,751,009","20,130","20,115",N/A,N/A,N/A,"20,145",485,N/A,N/A,0.18,N/A,"20,085","59,891","130,400",N/A,N/A,N/A,N/A,N/A
144,에스원,"68,700",상승,600,+0.88%,500,"4,912",335,"68,500","26,105","2,092",14.66,"44,513","68,000","68,600","23,227",-1.58,10.85,"68,800",15,"6,620","1,767",56.06,7.85,"67,900",621,"37,999","28,047","4,687",1.44,"2,700",7.02
145,RISE 머니마켓액티브,"54,345",상승,5,+0.01%,0,"27,166","1,476","54,345","25,942",N/A,N/A,"584,238","54,345","54,350",N/A,N/A,N/A,"54,350","154,269",N/A,N/A,1.08,N/A,"54,345","69,286","47,736",N/A,N/A,N/A,N/A,N/A
146,산일전기,"84,100",하락,"1,700",-1.98%,500,"70,670","6,010","85,300","25,604","1,092",26.17,"573,665","85,300","85,400","4,927",134.38,29.88,"86,500","2,197",584,837,9.07,24.47,"83,800",498,"30,445","3,340","3,214",5.65,420,55.68
147,TIGER 미국필라델피아반도체나스닥,"19,390",상승,330,+1.73%,0,"353,952","6,860","19,330","25,546",N/A,N/A,"1,463,012","19,380","19,345",N/A,N/A,N/A,"19,425","3,627",N/A,N/A,0.93,N/A,"19,355","1,505","131,750",N/A,N/A,N/A,N/A,N/A
148,아모레퍼시픽홀딩스,"31,750",하락,250,-0.78%,500,"30,517",966,"31,650","25,228","2,493",11.29,"159,041","31,750","31,700","85,405",64.00,7.57,"32,050",226,"15,488","6,529",9.88,8.07,"31,400","1,263","79,458","42,599","2,813",0.85,330,5.93
149,한화비전,"49,700",상승,400,+0.81%,500,"106,374","5,327","50,600","25,093",-1,78.27,"529,634","50,700","50,700","15,911",N/A,N/A,"50,800","3,535","7,664",32,19.23,N/A,"49,400","2,319","50,488","4,933",635,3.03,N/A,N/A
150,HD현대인프라코어,"12,920",하락,260,-1.97%,"1,000","298,509","3,885","13,190","24,883","1,842",31.28,"4,565,944","13,210","13,200","42,872",-55.97,5.92,"13,280","10,809","24,400","1,084",14.07,2.49,"12,900","1,718","192,591","41,142",413,1.31,70,-11.71
151,농심,"400,000",상승,"1,000",+0.25%,"5,000","5,348","2,145","398,000","24,331","1,631",15.58,"35,947","399,000","400,000","35,975",-23.10,6.17,"403,000",252,"9,249","1,576",17.83,4.61,"399,000",118,"6,083","34,387","25,679",0.86,"5,000",0.83
152,한화엔진,"28,850",하락,"1,000",-3.35%,"1,000","162,222","4,780","29,950","24,074",715,28.76,"749,891","30,050","30,000","14,131",719.51,25.64,"30,250","12,057","10,198",792,13.16,6.21,"28,750","1,427","83,447","12,022","1,003",5.83,N/A,40.71
153,SK가스,"258,500",상승,"3,000",+1.17%,"5,000","1,886",487,"258,500","23,899","2,872",9.70,"32,439","260,000","259,500","75,396",-5.41,6.74,"261,000",195,"48,013","1,778",7.40,2.61,"255,500",125,"9,245","70,959","26,657",0.84,"8,000",1.48
154,이마트,"85,900",하락,700,-0.81%,"5,000","16,110","1,375","86,600","23,705",471,-4.38,"223,786","86,400","86,800","339,306",200.35,-5.40,"86,400",413,"207,466","-5,734",22.79,-1.70,"84,800",438,"27,596","290,209","-19,614",0.22,"2,000",-1.53
155,현대해상,"26,400",하락,150,-0.56%,500,"35,129",928,"26,550","23,602","12,441",3.47,"454,594","26,550","26,600","485,238",67.33,15.75,"26,600","2,984","437,804","8,505",35.40,1.84,"26,300",639,"89,400","173,245","7,619",0.51,N/A,8.86
156,제일기획,"20,300",하락,150,-0.73%,200,"25,765",525,"20,400","23,353","3,207",12.09,"240,506","20,350","20,450","33,066",4.29,15.12,"20,500","3,285","18,325","2,083",24.00,6.73,"20,300","1,346","115,041","43,443","1,679",1.49,"1,230",4.98
157,달바글로벌,"189,200",하락,"1,000",-0.53%,100,"30,510","5,828","192,000","22,885",598,132.59,"368,416","191,000","192,500","1,361",84.44,26.21,"194,500",60,340,154,5.04,14.39,"187,600",38,"12,096","3,091","1,427",17.40,305,53.91
158,ACE 미국30년국채액티브(H),"7,735",상승,50,+0.65%,0,"186,543","1,442","7,735","22,756",N/A,N/A,"2,290,888","7,735","7,740",N/A,N/A,N/A,"7,740","89,930",N/A,N/A,0.01,N/A,"7,730","4,891","294,200",N/A,N/A,N/A,N/A,N/A
159,더존비즈온,"73,800",하락,"2,800",-3.66%,500,"81,314","6,045","74,900","22,422",881,41.74,"488,082","75,000","75,000","10,376",27.50,12.17,"76,100","1,198","4,828",780,10.71,8.12,"73,200",431,"30,383","4,023","1,768",4.05,477,13.79
160,KODEX CD1년금리플러스액티브(합성),"1,023,820",상승,55,+0.01%,0,256,262,"1,023,820","22,240",N/A,N/A,"9,047","1,023,820","1,023,825",N/A,N/A,N/A,"1,023,825","376,989",N/A,N/A,0.00,N/A,"1,023,820","380,000","2,172",N/A,N/A,N/A,N/A,N/A
161,DL이앤씨,"55,600",상승,"7,200",+14.88%,"5,000","718,530","40,186","52,600","21,514","2,709",10.22,"424,619","52,800","52,700","97,124",-18.06,4.77,"58,100",898,"48,667","2,292",30.13,2.41,"52,000","4,317","38,694","83,184","5,440",0.48,540,4.10
162,롯데쇼핑,"75,900",상승,900,+1.20%,"5,000","11,289",852,"75,400","21,471","4,731",-2.09,"50,393","75,400","75,600","390,030",-6.94,-7.75,"76,200",122,"219,694","-9,941",8.50,-2.86,"74,900",323,"28,289","139,866","-36,401",0.14,"3,800",-3.91
163,한온시스템,"3,160",보합,0,0.00%,100,"94,714",300,"3,190","21,449",955,-4.58,"1,238,730","3,185","3,200","106,203",-66.31,-13.90,"3,205","3,161","76,215","-3,586",5.01,-3.61,"3,145","4,895","678,763","99,987",-690,0.75,N/A,5.01
164,한국콜마,"89,200",하락,600,-0.67%,500,"16,721","1,494","89,900","21,056","1,939",21.71,"155,033","89,700","90,000","31,267",42.39,12.50,"90,200",78,"16,210","1,253",38.64,4.09,"88,900",90,"23,605","24,521","4,109",2.67,720,13.75
165,DB하이텍,"47,200",상승,200,+0.43%,"5,000","36,362","1,726","47,750","20,956","1,908",9.07,"222,689","47,650","47,800","23,969",-28.10,12.44,"48,200","2,054","3,962","2,294",26.58,10.33,"46,950",588,"44,399","11,312","5,205",1.00,"1,230",-2.00
166,BGF리테일,"121,100",하락,400,-0.33%,"1,000","3,852",465,"121,700","20,931","2,516",11.30,"88,479","121,600","122,000","34,026",-0.61,17.29,"121,700",64,"22,185","1,952",27.65,5.90,"120,400",11,"17,284","86,988","10,714",1.86,"4,100",6.15
167,ACE 미국S&P500,"20,785",하락,15,-0.07%,0,"47,858",994,"20,760","20,868",N/A,N/A,"520,763","20,810","20,765",N/A,N/A,N/A,"20,810","1,117",N/A,N/A,0.09,N/A,"20,755","15,540","100,400",N/A,N/A,N/A,N/A,N/A
168,호텔신라,"52,800",상승,"1,200",+2.33%,"5,000","83,269","4,381","51,800","20,723",-52,-31.96,"197,394","51,600","51,900","38,139",-105.68,-6.50,"53,500",750,"25,295",-615,12.79,-1.80,"51,100","3,657","39,248","39,476","-1,652",1.56,N/A,10.62
169,팬오션,"3,855",하락,35,-0.90%,"1,000","225,595",872,"3,900","20,608","4,712",7.37,"2,146,853","3,900","3,905","102,715",22.11,5.17,"3,900","9,818","46,181","2,681",15.02,2.96,"3,840","1,222","534,570","51,612",523,0.37,120,18.35
170,씨에스윈드,"48,800",상승,900,+1.88%,500,"88,147","4,327","48,750","20,580","2,555",7.45,"254,871","48,700","48,800","36,095",145.19,13.92,"49,750","1,310","24,092","1,437",12.98,4.44,"48,400","1,872","42,171","30,725","6,546",1.67,"1,000",102.12
171,아시아나항공,"9,980",상승,100,+1.01%,"5,000","27,161",271,"10,050","20,558","2,757",-9.07,"113,500","10,050","10,060","134,499",-55.53,-53.21,"10,050","1,367","124,468","-4,130",2.75,-3.12,"9,930",991,"205,991","83,186","-1,100",2.02,N/A,9.12
172,CJ대한통운,"89,300",상승,400,+0.45%,"5,000","7,745",690,"89,800","20,371","5,307",8.67,"97,012","89,800","89,900","97,439",10.50,6.58,"89,800",528,"55,183","2,683",13.74,2.81,"88,600",65,"22,812","121,168","10,305",0.45,800,2.97
173,미스토홀딩스,"33,800",상승,150,+0.45%,"1,000","6,907",232,"33,650","20,312","3,608",21.63,"120,696","33,500","33,700","55,364",18.88,4.30,"33,800",26,"28,001","2,077",39.46,3.95,"33,450",172,"60,096","42,687","1,563",0.98,"1,200",6.54
174,TIGER 미국배당다우존스,"11,540",하락,75,-0.65%,0,"127,772","1,474","11,550","20,299",N/A,N/A,"1,620,053","11,570","11,555",N/A,N/A,N/A,"11,570","7,825",N/A,N/A,0.04,N/A,"11,520","37,721","175,900",N/A,N/A,N/A,N/A,N/A
175,iM금융지주,"12,180",상승,50,+0.41%,"5,000","53,384",649,"12,200","20,267","2,634",7.99,"551,043","12,150","12,210","941,486",-50.69,3.60,"12,290",691,"879,429","2,016",43.73,0.22,"12,090",8,"166,393","80,505","1,525",0.34,500,-2.58
176,코리안리,"10,370",상승,50,+0.48%,500,"16,222",167,"10,380","20,203","4,054",5.71,"361,314","10,380","10,390","131,604",11.48,9.45,"10,390",176,"97,075","3,167",27.86,2.51,"10,320","2,862","194,821","69,579","1,816",0.54,515,-0.08
177,SK아이이테크놀로지,"27,950",하락,300,-1.06%,"1,000","27,499",772,"28,250","19,928","-2,910",-9.68,"281,780","28,250","28,300","41,501",-680.51,-10.41,"28,500",318,"18,256","-2,466",6.56,-5.99,"27,800",402,"71,298","2,179","-2,886",0.83,N/A,-66.40
178,신영증권,"120,600",상승,300,+0.25%,"5,000","7,274",874,"120,300","19,827","1,361",18.25,"79,247","120,600","120,600","103,796",-20.09,6.45,"121,200",174,"85,469","1,123",6.95,1.04,"119,000",69,"16,440","24,664","6,607",0.53,"5,000",-10.78
179,KODEX 코스닥150레버리지,"8,300",하락,75,-0.90%,0,"5,691,053","47,622","8,400","19,696",N/A,N/A,"34,582,006","8,405","8,405",N/A,N/A,N/A,"8,445","68,191",N/A,N/A,0.37,N/A,"8,275","24,750","237,300",N/A,N/A,N/A,N/A,N/A
180,GS건설,"22,450",상승,500,+2.28%,"5,000","83,339","1,874","22,300","19,213","2,860",13.82,"634,249","22,300","22,400","178,033",173.71,5.63,"22,750","2,035","127,162","2,639",23.72,1.49,"22,250","2,772","85,581","128,638","1,624",0.42,300,-4.26
181,엘앤에프,"52,600",하락,"1,700",-3.13%,500,"61,267","3,236","53,800","19,102","-5,587",-5.06,"642,977","53,900","53,900","27,998",-151.32,-41.74,"53,900","1,089","20,765","-3,807",16.87,-12.38,"52,200",213,"36,316","19,075","-10,395",2.94,0,-58.93
182,동원산업,"47,150",상승,100,+0.21%,"1,000","3,593",168,"47,500","18,683","5,013",26.34,"63,498","47,300","47,550","71,582",7.87,2.74,"47,300",172,"39,118","1,136",1.74,1.53,"46,650",4,"39,624","89,442","1,790",0.66,"1,000",-0.05
183,한솔케미칼,"161,100",하락,"2,600",-1.59%,"5,000","9,947","1,610","165,800","18,261","1,288",14.34,"53,496","164,100","166,000","14,647",3.77,13.48,"165,000",49,"3,932","1,249",32.97,8.87,"158,700",43,"11,335","7,764","11,232",1.80,"2,100",0.61
184,한국앤컴퍼니,"19,160",하락,40,-0.21%,500,"11,220",215,"19,120","18,190","4,183",5.17,"178,824","19,150","19,150","51,364",63.03,8.28,"19,350",462,"6,836","3,507",10.37,7.17,"19,150",142,"94,935","13,910","3,709",0.40,"1,000",27.65
185,대우건설,"4,350",상승,110,+2.59%,"5,000","831,381","3,638","4,305","18,080","4,031",8.97,"1,698,093","4,310","4,310","126,585",-39.15,5.62,"4,440","6,696","83,244","2,428",11.65,2.03,"4,300","75,382","415,623","105,036",485,0.41,N/A,-9.82
186,HD현대마린엔진,"52,800",하락,"2,800",-5.04%,"2,500","97,349","5,207","55,500","17,911",332,20.47,"342,098","55,500","55,600","4,950",80.60,28.34,"55,500",322,"1,856",758,14.06,15.97,"52,800","1,283","33,921","3,158","2,579",5.48,N/A,29.23
187,신세계,"185,600",상승,600,+0.32%,"5,000","2,916",538,"184,500","17,901","4,770",29.21,"25,475","184,300","185,000","150,718",-25.44,2.54,"186,700",132,"86,971","1,866",12.14,1.25,"183,200",64,"9,645","65,704","6,353",0.38,"4,500",3.36
188,영원무역홀딩스,"130,000",하락,"1,200",-0.91%,500,"2,003",259,"133,000","17,549","5,170",5.35,"25,176","129,000","133,200","65,767",-40.75,13.17,"77,700",999,"49,833",-8,22.69,-0.01,"75,000",33,"22,629","41,876","-1,573",0.38,"1,400",-0.47
189,현대백화점,"77,500",상승,"1,700",+2.24%,"5,000","13,600","1,041","75,900","17,537","2,840",-49.27,"78,135","76,000","76,000","112,177",-6.40,-0.81,"131,300",126,"15,896","4,956",20.53,7.65,"128,500",57,"13,499","43,060","24,299",0.55,"5,350",-1.14
190,TIGER 25-10 회사채(A+이상)액티브,"55,070",상승,5,+0.01%,0,"16,418",904,"55,065","17,443",N/A,N/A,"213,363","55,065","55,075",N/A,N/A,N/A,"55,070","25,878",N/A,N/A,0.14,N/A,"55,065","32,473","31,674",N/A,N/A,N/A,N/A,N/A
191,SNT다이내믹스,"52,400",하락,"1,100",-2.06%,"2,500","13,579",719,"53,100","17,424","1,105",17.25,"254,302","53,400","53,200","10,341",165.67,12.90,"53,800",304,"2,437",961,8.31,9.20,"52,400",282,"33,253","6,145","3,038",1.49,"1,300",26.44
192,대웅제약,"146,800",하락,"4,400",-2.91%,"2,500","8,124","1,190","147,600","17,009","1,479",44.20,"26,400","147,700","147,700","19,770",20.68,3.17,"147,900",491,"10,500",233,9.11,1.25,"144,500",176,"11,587","14,227","3,321",2.10,600,3.44
193,HDC현대산업개발,"24,850",상승,200,+0.81%,"5,000","26,666",667,"24,700","16,378","1,846",9.13,"257,070","25,100","24,950","74,619",-5.47,5.09,"25,300","1,287","43,473","1,557",13.65,2.15,"24,700",58,"65,907","42,562","2,722",0.51,700,1.56
194,일진전기,"33,900",상승,300,+0.89%,"1,000","140,574","4,792","33,800","16,165",797,28.63,"584,893","33,750","33,850","12,490",31.25,10.60,"34,450","1,607","7,487",462,7.37,4.24,"33,550","2,639","47,685","15,772","1,184",3.18,300,26.51
195,KODEX 단기채권PLUS,"114,825",상승,10,+0.01%,0,"3,017",346,"114,810","16,152",N/A,N/A,"89,792","114,815","114,815",N/A,N/A,N/A,"114,825","60,038",N/A,N/A,0.00,N/A,"114,810","51,071","14,067",N/A,N/A,N/A,N/A,N/A
196,다우기술,"35,550",하락,500,-1.39%,500,"40,824","1,456","36,100","15,950","11,747",4.49,"630,573","36,100","36,150","571,479",83.58,13.16,"36,100","2,665","508,554","8,528",24.24,1.54,"35,350",190,"44,867","116,258","7,909",0.52,"1,400",17.97
197,두산우,"398,500",하락,"18,500",-4.44%,"5,000","13,655","5,588","422,000","15,926",N/A,-41.12,"110,032","423,000","422,500",N/A,N/A,N/A,"428,500",289,N/A,N/A,1.93,N/A,"398,000",49,"3,996",N/A,"-9,690",4.75,N/A,N/A
198,오뚜기,"396,500",상승,"1,000",+0.25%,"5,000","1,064",422,"398,000","15,891","2,220",12.98,"4,989","398,000","398,500","35,974",-12.90,6.86,"399,000",32,"14,159","1,376",11.79,3.88,"395,000",162,"4,008","35,391","30,537",0.67,"9,000",2.45
199,RISE 종합채권(A-이상)액티브,"110,190",상승,140,+0.13%,0,138,15,"110,040","15,811",N/A,N/A,"1,751","110,055","110,055",N/A,N/A,N/A,"110,200","6,000",N/A,N/A,0.00,N/A,"110,055","4,001","14,349",N/A,N/A,N/A,N/A,N/A
200,HL만도,"33,600",하락,150,-0.44%,"1,000","58,369","1,975","33,950","15,778","3,588",86.60,"347,582","34,050","34,000","70,520",28.46,5.47,"34,150","2,134","43,793","1,582",26.28,2.37,"33,500","1,017","46,957","88,482",388,0.65,700,5.42
201,TIGER 차이나전기차SOLACTIVE,"9,240",상승,35,+0.38%,0,"86,280",796,"9,200","15,715",N/A,N/A,"1,191,587","9,230","9,205",N/A,N/A,N/A,"9,265",919,N/A,N/A,0.64,N/A,"9,220",283,"170,080",N/A,N/A,N/A,N/A,N/A
202,두산퓨얼셀,"23,950",하락,50,-0.21%,100,"168,336","4,108","24,700","15,686",-17,-96.18,"795,243","24,750","24,750","11,797",N/A,N/A,"24,850","3,686","6,808",-105,10.40,N/A,"23,950","1,807","65,494","4,118",-249,4.01,N/A,N/A
203,ACE 미국나스닥100,"23,010",보합,0,0.00%,0,"24,818",570,"22,990","15,440",N/A,N/A,"515,688","23,010","22,995",N/A,N/A,N/A,"23,020","10,169",N/A,N/A,0.01,N/A,"22,985","17,117","67,100",N/A,N/A,N/A,N/A,N/A
204,TIGER MSCI Korea TR,"17,315",하락,5,-0.03%,0,"2,516",43,"17,480","15,081",N/A,N/A,"40,029","17,405","17,485",N/A,N/A,N/A,"17,425","18,744",N/A,N/A,0.00,N/A,"17,280",41,"87,100",N/A,N/A,N/A,N/A,N/A
205,에스엘,"32,300",하락,50,-0.15%,500,"22,201",719,"32,400","15,003","3,952",4.26,"243,321","32,400","32,450","36,989",2.33,17.42,"32,700","2,001","13,016","3,820",16.05,11.02,"32,100",114,"46,449","49,733","7,575",0.63,"1,200",2.78
206,녹십자,"127,900",하락,100,-0.08%,"5,000","2,414",309,"128,800","14,947",321,52.03,"27,297","128,800","129,500","27,439",-6.76,-2.06,"129,000",213,"12,629",-426,19.33,-1.58,"127,500",100,"11,687","16,799","2,458",1.17,"1,500",3.27
207,RISE 200,"42,220",상승,10,+0.02%,0,"334,813","14,200","42,220","14,587",N/A,N/A,"1,289,688","42,420","42,250",N/A,N/A,N/A,"42,595","2,075",N/A,N/A,0.05,N/A,"42,085","2,905","34,550",N/A,N/A,N/A,N/A,N/A
208,하이트진로,"20,450",상승,50,+0.25%,"5,000","17,036",348,"20,450","14,342","2,081",13.54,"231,301","20,450","20,500","34,415",67.97,8.63,"20,600","7,839","22,920",957,9.40,2.82,"20,400","1,995","70,134","25,992","1,510",1.28,700,3.14
209,한화투자증권,"6,670",하락,180,-2.63%,"5,000","428,347","2,895","6,850","14,310",40,"-2,223.33","5,140,843","6,870","6,860","140,181",-87.39,2.37,"6,890","22,190","123,119",389,7.14,0.29,"6,650","2,145","214,548","24,958",-3,0.84,N/A,26.75
210,GS리테일,"17,010",하락,30,-0.18%,"1,000","16,420",279,"17,080","14,222","2,391",-63.00,"240,696","17,050","17,200","75,816",-18.05,0.07,"17,080",271,"44,001",98,8.85,0.11,"16,990",89,"83,607","116,269",-270,0.45,500,4.43
211,HDC,"23,700",상승,250,+1.07%,"5,000","12,599",298,"23,500","14,159","3,447",7.35,"268,170","23,450","23,800","123,983",10.25,5.65,"23,900","1,075","72,995","2,603",20.80,2.18,"23,450",665,"59,742","62,003","3,226",0.44,350,4.94
212,TIGER 25-12 금융채(AA-이상),"51,300",보합,0,0.00%,0,0,0,"51,295","14,089",N/A,N/A,"3,394","51,300","51,305",N/A,N/A,N/A,"51,300","30,000",N/A,N/A,0.00,N/A,"51,300","10,017","27,464",N/A,N/A,N/A,N/A,N/A
213,엠앤씨솔루션,"153,300",하락,"2,000",-1.29%,100,"5,168",799,"154,500","14,033",348,45.62,"104,066","154,900","155,200","3,571",68.59,21.82,"156,900",35,"1,917",270,5.50,7.86,"152,600",180,"9,154","2,828","3,360",8.79,"1,480",54.16
214,OCI홀딩스,"74,000",상승,900,+1.23%,"5,000","20,361","1,520","74,400","13,923","1,015",-17.98,"83,450","74,400","74,500","80,937",-80.89,2.54,"75,100",243,"32,581","1,137",17.20,1.62,"74,000",126,"18,815","35,774","-4,116",0.35,"2,200",35.01
215,파라다이스,"15,000",상승,140,+0.94%,500,"55,549",830,"14,880","13,766","1,361",17.05,"639,303","14,890","14,890","39,338",-6.67,4.97,"15,010",972,"18,586","1,107",6.05,2.93,"14,820",616,"91,772","10,721",880,0.78,150,7.84
216,HD현대건설기계,"77,800",하락,"2,400",-2.99%,"5,000","31,278","2,475","81,000","13,741","1,904",17.51,"391,822","81,300","81,100","33,246",-25.97,6.18,"81,300",344,"15,308",860,18.03,2.60,"77,700",599,"17,662","34,381","4,443",0.81,500,-10.12
217,오리온홀딩스,"21,850",하락,200,-0.91%,500,"31,585",694,"22,300","13,688","5,062",8.97,"163,183","22,300","22,450","59,332",24.86,7.03,"22,350",384,"10,545","4,795",11.09,8.66,"21,800","2,235","62,645","31,952","2,436",0.55,800,8.17
218,에스디바이오센서,"11,180",상승,150,+1.36%,500,"43,287",481,"11,050","13,612",-541,-13.11,"137,260","11,050","11,060","38,885",78.21,-3.43,"11,250","3,686","9,562",-981,6.52,-2.56,"10,960",437,"121,749","6,946",-853,0.47,200,5.93
219,KODEX 200선물인버스2X,"1,405",상승,2,+0.14%,0,"76,111,371","105,932","1,381","13,578",N/A,N/A,"444,745,819","1,383","1,382",N/A,N/A,N/A,"1,413","3,394,933",N/A,N/A,1.15,N/A,"1,374","792,164","966,400",N/A,N/A,N/A,N/A,N/A
220,대웅,"22,850",하락,350,-1.51%,500,"14,218",323,"22,500","13,285","2,819",21.10,"107,358","22,900","22,900","27,207",44.12,5.99,"22,950","1,084","12,182",689,5.83,2.71,"22,550",389,"58,142","19,369","1,083",0.92,200,6.79
221,현대지에프홀딩스,"8,500",하락,170,-1.96%,500,"28,021",239,"8,740","13,252","1,981",1.62,"260,298","8,750","8,750","100,849","1,895.39",23.02,"8,790",219,"30,927","7,920",5.06,10.46,"8,480",33,"155,904","74,093","5,233",0.38,210,181.78
222,한올바이오파마,"25,200",하락,300,-1.18%,500,"23,957",608,"25,650","13,165",2,-787.50,"232,750","25,600","25,700","2,129",-89.58,-1.02,"25,600","2,019",445,-18,7.82,-0.80,"25,200",62,"52,241","1,389",-32,8.03,N/A,2.99
223,KODEX 삼성그룹,"9,450",상승,15,+0.16%,0,"83,604",792,"9,510","13,164",N/A,N/A,"1,231,884","9,515","9,515",N/A,N/A,N/A,"9,545","13,110",N/A,N/A,13.23,N/A,"9,420",25,"139,300",N/A,N/A,N/A,N/A,N/A
224,한국카본,"25,300",하락,50,-0.20%,500,"46,444","1,186","25,400","13,133",454,31.16,"563,751","25,400","25,500","8,790",176.01,4.38,"25,800","2,769","4,047",203,12.14,2.43,"25,300",645,"51,908","7,417",812,2.55,130,24.79
225,KODEX 코스닥150,"12,855",하락,65,-0.50%,0,"955,762","12,343","12,995","13,106",N/A,N/A,"9,460,887","12,995","13,000",N/A,N/A,N/A,"12,995",239,N/A,N/A,0.95,N/A,"12,840","95,334","101,950",N/A,N/A,N/A,N/A,N/A
226,현대위아,"47,750",상승,200,+0.42%,"5,000","12,853",612,"47,750","12,986","2,188",7.19,"87,254","47,550","47,900","70,760",-6.01,3.45,"48,150",131,"30,497","1,295",15.05,1.86,"47,300",161,"27,195","81,809","6,638",0.35,"1,100",0.19
227,TIGER 미국30년국채커버드콜액티브(H),"8,075",상승,30,+0.37%,0,"212,727","1,717","8,070","12,896",N/A,N/A,"1,511,552","8,070","8,075",N/A,N/A,N/A,"8,080","90,908",N/A,N/A,0.04,N/A,"8,070","65,584","159,700",N/A,N/A,N/A,N/A,N/A
228,금호타이어,"4,485",상승,15,+0.34%,"5,000","55,821",250,"4,505","12,884","5,886",3.86,"506,095","4,470","4,560","53,628",43.21,21.77,"4,530",258,"34,580","3,516",8.48,6.90,"4,465","4,810","287,260","45,322","1,163",0.71,N/A,12.14
229,메리츠 KIS CD금리투자 ETN,"53,980",보합,0,0.00%,0,0,0,"53,980","12,874",N/A,N/A,42,"53,980","53,985",N/A,N/A,N/A,"53,980","15,001",N/A,N/A,0.00,N/A,"53,980","15,000","23,850",N/A,N/A,N/A,N/A,N/A
230,SK리츠,"4,650",상승,45,+0.98%,500,"66,007",306,"4,605","12,843",362,"1,162.50","414,350","4,605","4,610","44,213",2.31,0.08,"4,660","1,398","31,567",22,7.65,0.05,"4,600","11,328","276,189",534,4,1.09,70,2.28
231,한일시멘트,"18,470",상승,190,+1.04%,500,"9,816",181,"18,600","12,793","2,714",9.12,"138,264","18,460","18,690","29,883",10.09,11.13,"18,630",622,"11,495","1,990",4.72,6.80,"18,280",469,"69,262","17,417","2,025",0.77,"1,000",-3.21
232,ACE KRX금현물,"20,435",하락,85,-0.41%,0,"169,538","3,463","20,510","12,792",N/A,N/A,"1,554,434","20,515","20,515",N/A,N/A,N/A,"20,515","2,094",N/A,N/A,0.67,N/A,"20,410","5,933","62,600",N/A,N/A,N/A,N/A,N/A
233,대신증권,"25,150",하락,50,-0.20%,"5,000","23,610",596,"25,400","12,770",836,13.61,"310,518","25,500","25,450","263,961",-48.18,4.57,"25,600",604,"230,807","1,442",10.15,0.59,"25,050",184,"50,773","40,939","1,848",0.55,"1,200",6.21
234,DN오토모티브,"21,750",하락,50,-0.23%,100,"6,975",151,"21,850","12,726","5,229",4.15,"129,020","21,650","21,900","50,060",6.63,19.78,"21,900",82,"28,353","3,182",4.43,6.65,"21,650",493,"58,511","34,345","5,240",0.63,"1,000",5.06
235,이수스페셜티케미컬,"42,050",하락,950,-2.21%,"1,000","61,136","2,580","42,950","12,703",142,87.42,"650,152","42,700","43,000","2,995",332.14,9.70,"42,750",275,"1,779",105,6.20,4.06,"41,700","3,802","30,208","3,321",481,10.04,N/A,182.54
236,더블유게임즈,"59,000",하락,"3,100",-4.99%,500,"62,831","3,733","60,400","12,683","2,487",7.28,"645,111","60,400","60,500","16,463",16.62,18.69,"61,000","1,944",899,"2,433",17.70,16.58,"58,600",517,"21,496","6,335","8,108",1.03,"1,200",8.78
237,롯데관광개발,"16,490",상승,40,+0.24%,500,"86,548","1,419","16,320","12,624",390,-12.34,"1,010,766","16,420","16,400","21,666",164.36,-60.42,"16,540","1,067","18,536","-1,166",7.39,-5.93,"16,200",296,"76,553","4,715","-1,336",4.28,0,50.37
238,롯데렌탈,"34,100",상승,250,+0.74%,"5,000","9,582",325,"33,850","12,382","2,848",10.37,"103,992","33,850","33,900","70,066",-6.68,7.51,"34,200","5,721","55,380","1,027",6.71,1.50,"33,850","1,196","36,309","27,924","3,288",0.85,"1,200",1.46
239,미래에셋증권2우B,"8,990",하락,10,-0.11%,"5,000","117,713","1,058","9,050","12,361",N/A,6.59,"2,589,314","9,030","9,060",N/A,N/A,N/A,"9,080",443,N/A,N/A,10.88,N/A,"8,920",251,"137,500",N/A,"1,364",0.43,N/A,N/A
240,TIGER 머니마켓액티브,"100,582",상승,2,0.00%,0,"1,570",157,"100,580","12,330",N/A,N/A,"86,903","100,580","100,585",N/A,N/A,N/A,"100,585","240,643",N/A,N/A,0.00,N/A,"100,580","320,040","12,259",N/A,N/A,N/A,N/A,N/A
241,LX인터내셔널,"31,650",상승,200,+0.64%,"5,000","20,494",650,"31,500","12,268","4,892",6.27,"175,555","31,500","31,550","89,309",12.95,7.12,"31,900",88,"56,113","2,695",21.53,3.18,"31,500",577,"38,760","166,376","5,044",0.42,"2,000",14.63
242,효성,"72,400",상승,500,+0.70%,"5,000","7,359",531,"71,900","12,120","2,211",2.49,"128,457","72,200","72,000","43,409",283.53,19.62,"73,000",202,"18,364","4,843",8.85,10.27,"71,300",205,"16,740","22,728","29,071",0.56,"3,000",23.04
243,롯데에너지머티리얼즈,"22,900",하락,200,-0.87%,500,"12,243",282,"23,200","11,992",-644,-27.16,"121,016","23,250","23,250","22,820",-645.89,0.46,"23,350","1,337","3,801",288,7.74,1.23,"22,800",97,"52,365","9,023",-843,0.69,N/A,11.53
244,태광산업,"1,073,000",하락,"23,000",-2.10%,"5,000",288,311,"1,096,000","11,947",-272,4.76,"1,636","1,094,000","1,097,000","47,223",72.66,5.45,"1,094,000",37,"7,067","2,184",4.73,4.62,"1,073,000",6,"1,113","21,219","225,266",0.23,"1,750",-6.34
245,SK케미칼,"68,400",하락,700,-1.01%,"5,000","9,703",671,"69,200","11,802",-452,40.26,"211,505","69,100","69,300","53,670",-154.23,0.41,"70,000",237,"23,341",-44,10.73,-0.09,"68,400",82,"17,254","17,368","1,699",0.59,"1,150",-0.69
246,종근당,"83,200",상승,300,+0.36%,"2,500","2,006",166,"83,200","11,484",995,12.05,"28,164","83,200","83,800","14,588",-59.67,12.76,"83,500",463,"5,624","1,114",14.79,7.79,"82,700",41,"13,803","15,864","6,903",1.23,"1,050",-4.97
247,쿠쿠홀딩스,"32,050",상승,50,+0.16%,100,"2,550",81,"32,000","11,398","1,032",8.28,"33,170","32,200","32,200","13,699",19.16,12.08,"32,200",41,"1,735","1,370",12.01,10.47,"31,650",580,"35,562","8,338","3,873",0.84,"1,200",7.97
248,코스모신소재,"34,950",하락,400,-1.13%,"1,000","46,808","1,642","35,500","11,362",250,75.98,"464,337","35,450","35,550","7,845",-22.65,3.62,"35,550","2,290","2,890",176,9.55,2.42,"34,550",614,"32,511","5,697",460,2.28,N/A,-9.51
249,PLUS K방산,"48,870",하락,"1,545",-3.06%,0,"446,296","22,166","50,410","11,362",N/A,N/A,"3,868,859","50,415","50,415",N/A,N/A,N/A,"50,800","2,096",N/A,N/A,0.66,N/A,"48,860",638,"23,250",N/A,N/A,N/A,N/A,N/A
250,롯데칠성,"122,000",상승,900,+0.74%,500,"2,398",292,"120,300","11,320","1,849",25.27,"33,263","120,300","120,900","43,725",-12.22,3.99,"122,400",247,"27,941",600,11.40,1.39,"120,300",149,"9,279","40,245","4,828",0.83,"3,400",24.80
251,SK오션플랜트,"19,100",하락,100,-0.52%,500,"38,039",732,"19,360","11,306",418,67.73,"315,167","19,360","19,370","14,219",-44.72,2.34,"19,470","1,088","7,084",169,5.14,1.18,"19,090",875,"59,196","6,626",282,1.59,0,-28.43
252,효성티앤씨,"260,250",상승,"2,250",+0.87%,"5,000","3,010",774,"260,000","11,263","2,707",10.29,"27,814","258,500","263,000","47,242",26.87,9.84,"261,000",30,"29,042","1,838",17.58,4.18,"256,500",82,"4,328","77,761","25,287",0.78,"10,000",3.31
253,NHN,"33,150",상승,200,+0.61%,500,"58,846","1,937","33,450","11,193",-326,-8.42,"2,476,047","33,600","33,500","31,930",-158.67,-8.60,"33,850","1,053","14,277","-1,926",9.64,-5.80,"32,450","1,137","33,766","24,561","-3,937",0.72,500,8.22
254,동양생명,"6,900",보합,0,0.00%,"5,000","9,509",65,"6,950","11,134","3,681",4.01,"181,758","7,040","7,040","345,472",25.08,12.91,"7,040","3,772","325,805","3,143",81.38,0.93,"6,880",453,"161,359","34,994","1,722",0.75,N/A,7.65
255,LS에코에너지,"36,150",상승,550,+1.54%,500,"47,882","1,733","36,300","11,071",448,31.41,"193,325","36,300","36,350","4,887",51.81,19.00,"36,900","1,433","2,917",353,3.44,7.88,"35,750",73,"30,625","8,690","1,151",5.85,200,18.86
256,ACE 테슬라밸류체인액티브,"15,120",하락,560,-3.57%,0,"409,443","6,193","15,270","11,053",N/A,N/A,"3,418,319","15,235","15,275",N/A,N/A,N/A,"15,235",450,N/A,N/A,0.36,N/A,"15,100","13,998","73,100",N/A,N/A,N/A,N/A,N/A
257,한샘,"46,800",상승,600,+1.30%,"1,000","3,856",179,"46,600","11,014",312,9.82,"67,030","46,600","46,800","10,673","1,504.29",43.59,"46,800","1,076","7,166","1,511",13.71,14.27,"46,300",282,"23,534","19,084","4,768",2.16,"8,530",-2.98
258,롯데웰푸드,"117,400",상승,100,+0.09%,500,923,108,"118,400","10,924","1,571",12.77,"38,511","117,400","119,400","43,417",-11.25,4.04,"118,400",80,"21,153",820,13.12,1.92,"117,200",9,"9,305","40,443","9,197",0.48,"3,300",-0.54
259,롯데리츠,"3,765",상승,5,+0.13%,500,"22,179",83,"3,760","10,880",420,44.29,"415,164","3,790","3,785","26,236",16.25,0.95,"3,790",388,"14,542",106,7.78,0.43,"3,760","3,884","288,969",656,85,0.95,112,10.46
260,미래에셋생명,"6,110",상승,10,+0.16%,"5,000","11,151",67,"6,110","10,816","1,221",10.32,"147,265","6,250","6,250","324,936",-17.88,4.88,"6,250",735,"299,300","1,361",1.27,0.42,"6,020",300,"177,016","47,961",592,0.32,N/A,-5.09
261,코오롱인더,"39,300",상승,150,+0.38%,"5,000","56,730","2,226","39,350","10,815","1,587",12.27,"1,057,331","39,650","39,400","72,481",-20.50,3.06,"39,900","1,839","34,750","1,106",12.56,1.67,"38,800",301,"27,519","48,430","3,202",0.32,"1,300",2.28
262,PLUS 고배당주,"18,955",상승,60,+0.32%,0,"357,657","6,767","18,930","10,662",N/A,N/A,"1,720,152","18,925","18,935",N/A,N/A,N/A,"19,000","8,251",N/A,N/A,0.05,N/A,"18,840","6,228","56,250",N/A,N/A,N/A,N/A,N/A
263,가온전선,"64,000",하락,100,-0.16%,"5,000","11,009",713,"65,100","10,588",450,19.17,"107,838","65,100","65,200","10,429",2.96,6.46,"65,800",193,"5,892",254,2.78,2.75,"64,000",567,"16,543","17,271","3,339",2.46,N/A,15.25
264,경동나비엔,"72,300",하락,200,-0.28%,"1,000","2,090",151,"72,400","10,533","1,326",8.06,"56,134","72,500","72,500","13,589",25.18,19.43,"73,100",54,"6,635","1,243",11.02,10.28,"72,100",76,"14,569","13,539","8,968",1.45,650,12.42
265,LX세미콘,"64,600",상승,200,+0.31%,500,"5,381",349,"65,300","10,507","1,671",7.74,"46,039","65,500","65,500","14,998",29.48,12.69,"65,600",92,"4,202","1,305",31.46,9.65,"64,200",261,"16,264","18,656","8,349",0.97,"2,400",-1.88
266,SK디스커버리,"56,600",상승,400,+0.71%,"5,000","2,431",137,"56,300","10,385","1,726",14.02,"33,739","56,300","56,500","150,777",-32.78,0.88,"56,900",309,"86,243",319,14.40,0.23,"56,300",14,"18,348","90,396","4,037",0.38,"1,700",1.12
267,TIGER 차이나항셍테크,"8,020",상승,65,+0.82%,0,"135,158","1,084","7,960","10,374",N/A,N/A,"2,436,617","8,010","7,965",N/A,N/A,N/A,"8,035","1,646",N/A,N/A,1.26,N/A,"8,005",10,"129,350",N/A,N/A,N/A,N/A,N/A
268,RISE CD금리액티브(합성),"104,115",보합,0,0.00%,0,365,38,"104,115","10,364",N/A,N/A,"3,707","104,115","104,120",N/A,N/A,N/A,"104,120","5,998",N/A,N/A,0.00,N/A,"104,115","16,010","9,954",N/A,N/A,N/A,N/A,N/A
269,세아베스틸지주,"28,750",상승,"1,850",+6.88%,"5,000","110,215","3,114","27,000","10,310",523,100.88,"490,434","27,100","27,200","38,266",-73.39,1.04,"28,850","1,024","17,952",203,6.69,0.54,"26,850",54,"35,862","36,361",285,0.55,"1,200",-10.96
270,SOL 조선TOP3플러스,"26,930",하락,660,-2.39%,0,"500,636","13,735","27,590","10,301",N/A,N/A,"2,805,849","27,590","27,600",N/A,N/A,N/A,"28,020","8,654",N/A,N/A,0.38,N/A,"26,925","13,306","38,250",N/A,N/A,N/A,N/A,N/A
271,KB발해인프라,"8,380",하락,20,-0.24%,0,"15,606",131,"8,400","10,269",N/A,N/A,"165,855","8,400","8,440",N/A,N/A,N/A,"8,410","11,936",N/A,N/A,0.22,N/A,"8,350","2,419","122,546",N/A,N/A,N/A,N/A,N/A
272,지역난방공사,"88,100",상승,"3,200",+3.77%,"5,000","14,563","1,268","86,700","10,201","3,279",3.39,"131,394","87,000","87,000","83,622",4.20,9.65,"89,300",483,"60,940","2,099",5.31,2.57,"85,700",85,"11,579","35,703","26,013",0.42,"3,879",-9.70
273,SK네트웍스,"4,600",하락,40,-0.86%,"2,500","97,141",448,"4,515","10,179","1,139",29.30,"747,622","4,655","4,620","51,571",41.44,2.29,"4,660","4,899","31,038",463,14.68,0.65,"4,525",380,"221,278","76,573",157,0.45,300,2.73
274,TIGER 종합채권(AA-이상)액티브,"56,825",상승,40,+0.07%,0,805,45,"56,785","10,149",N/A,N/A,"6,382","56,830","56,900",N/A,N/A,N/A,"56,840","8,006",N/A,N/A,0.00,N/A,"56,825","12,000","17,860",N/A,N/A,N/A,N/A,N/A
275,삼성화재우,"327,000",하락,500,-0.15%,500,869,283,"327,500","10,135",N/A,8.35,"12,786","327,500","328,000",N/A,N/A,N/A,"328,000",25,N/A,N/A,29.08,N/A,"325,000",195,"3,100",N/A,"39,171",0.90,N/A,N/A
276,TIGER CD1년금리액티브(합성),"1,047,007",상승,77,+0.01%,0,"1,791","1,875","1,047,005","10,008",N/A,N/A,"15,727","1,047,005","1,047,010",N/A,N/A,N/A,"1,047,010","212,870",N/A,N/A,0.00,N/A,"1,047,005","208,002",956,N/A,N/A,N/A,N/A,N/A
277,롯데정밀화학,"38,750",상승,350,+0.91%,"5,000","7,062",273,"38,600","9,998",504,-53.60,"67,804","38,650","38,800","27,139",-67.46,1.53,"38,900",478,"3,452",364,17.08,1.35,"38,500",668,"25,800","16,705",-723,0.42,"1,400",-5.55
278,DL,"47,700",상승,"3,850",+8.78%,"5,000","141,832","6,686","45,950","9,996","4,125",24.96,"85,682","45,950","46,000","125,353",173.74,2.25,"48,350",178,"77,492",948,14.76,0.77,"44,800",658,"20,956","56,154","1,911",0.26,"1,000",11.91
279,교보증권,"8,770",하락,10,-0.11%,"5,000","43,397",381,"8,800","9,995","1,139",7.27,"326,828","8,810","8,820","158,983",62.11,6.09,"8,850","4,116","139,126","1,177",1.52,0.75,"8,760","1,023","113,963","31,663","1,206",0.49,500,-15.41
280,NICE평가정보,"16,750",상승,430,+2.63%,500,"16,822",278,"16,430","9,967",868,12.94,"97,102","16,430","16,480","5,857",32.85,19.48,"16,800",425,"1,689",760,32.72,14.09,"16,320",540,"59,507","5,350","1,294",2.43,460,10.15
281,KODEX 25-12 은행채(AAA)액티브,"102,885",보합,0,0.00%,0,139,14,"102,880","9,954",N/A,N/A,283,"102,885","102,895",N/A,N/A,N/A,"102,885","3,000",N/A,N/A,0.00,N/A,"102,885","8,000","9,675",N/A,N/A,N/A,N/A,N/A
282,하나 CD금리투자 ETN,"104,225",보합,0,0.00%,0,0,0,"104,230","9,901",N/A,N/A,"27,089","104,225","104,235",N/A,N/A,N/A,"104,225","120,000",N/A,N/A,0.00,N/A,"104,225","120,000","9,500",N/A,N/A,N/A,N/A,N/A
283,RISE 미국나스닥100,"22,305",상승,5,+0.02%,0,"19,390",432,"22,285","9,747",N/A,N/A,"345,003","22,300","22,290",N/A,N/A,N/A,"22,335",593,N/A,N/A,0.01,N/A,"22,275","48,221","43,700",N/A,N/A,N/A,N/A,N/A
284,SK이터닉스,"28,850",하락,50,-0.17%,200,"510,676","14,885","29,950","9,738",376,39.09,"4,647,034","29,950","30,000","7,317",N/A,N/A,"29,950","8,371","4,897",224,5.09,N/A,"28,450","28,134","33,754","3,322",738,4.00,N/A,N/A
285,세방전지,"68,600",하락,300,-0.44%,500,"3,387",233,"69,000","9,604","1,797",5.50,"58,938","68,500","69,100","20,941",38.30,12.22,"69,800",53,"5,863","1,723",25.55,8.76,"68,300",207,"14,000","20,595","12,471",0.60,"1,100",22.24
286,TIGER 미국배당다우존스타겟커버드콜2호,"9,370",하락,95,-1.00%,0,"93,901",880,"9,380","9,581",N/A,N/A,"959,875","9,405","9,385",N/A,N/A,N/A,"9,405","2,302",N/A,N/A,0.01,N/A,"9,365","84,422","102,250",N/A,N/A,N/A,N/A,N/A
287,KIWOOM 200TR,"54,280",보합,0,0.00%,0,"114,563","6,242","54,620","9,363",N/A,N/A,"163,462","54,640","54,695",N/A,N/A,N/A,"54,845","30,000",N/A,N/A,0.00,N/A,"54,100","30,000","17,250",N/A,N/A,N/A,N/A,N/A
288,RISE 미국S&P500,"17,990",하락,20,-0.11%,0,"15,622",280,"17,965","9,355",N/A,N/A,"435,217","18,000","17,975",N/A,N/A,N/A,"18,005",144,N/A,N/A,0.01,N/A,"17,965","19,865","52,000",N/A,N/A,N/A,N/A,N/A
289,GKL,"15,050",상승,110,+0.74%,500,"17,999",268,"14,940","9,309",383,23.89,"239,709","14,900","14,970","6,162",-24.88,8.01,"15,150",184,"2,027",331,14.44,5.27,"14,860",497,"61,856","3,964",630,2.24,282,-0.08
290,HS효성첨단소재,"206,000",상승,"1,000",+0.49%,"5,000","1,131",232,"206,500","9,229","2,197",28.80,"17,983","205,500","208,000","38,208",26.22,5.46,"208,000",89,"26,634",782,12.09,2.24,"204,000",36,"4,480","33,112","7,152",0.91,"6,500",3.40
291,세아제강지주,"222,500",상승,"4,000",+1.83%,"5,000",660,145,"216,500","9,215","2,116",19.88,"12,706","216,500","218,000","55,556",-64.19,2.25,"222,500",46,"28,974","1,170",7.37,2.37,"216,000",12,"4,142","36,751","11,193",0.44,"1,800",-6.09
292,동원시스템즈,"31,750",하락,550,-1.70%,"5,000","4,011",128,"32,350","9,205",919,13.75,"55,003","32,300","32,400","15,526",13.67,9.01,"32,300",591,"7,162",725,14.22,4.70,"31,450",38,"28,991","13,343","2,309",1.12,600,4.51
293,STX엔진,"22,900",하락,"1,100",-4.58%,"2,500","109,075","2,544","24,000","9,194",422,18.05,"456,746","24,000","24,050","9,688",123.85,10.15,"24,000","1,665","6,922",272,3.61,2.91,"22,850","2,516","40,148","7,246","1,269",3.22,0,14.95
294,SNT홀딩스,"56,000",상승,"2,000",+3.70%,500,"12,782",712,"53,900","9,130","2,312",6.34,"68,572","54,000","54,000","28,326",29.14,12.40,"56,500",5,"6,994","2,465",12.73,8.91,"53,900",571,"16,304","18,205","8,835",0.65,"1,600",-3.97
295,KODEX 2차전지산업,"10,485",하락,50,-0.47%,0,"551,379","5,803","10,590","8,986",N/A,N/A,"4,666,362","10,590","10,595",N/A,N/A,N/A,"10,615","4,122",N/A,N/A,0.42,N/A,"10,420","2,698","85,700",N/A,N/A,N/A,N/A,N/A
296,대덕전자,"17,790",상승,110,+0.62%,500,"176,409","3,170","18,210","8,791",113,57.02,"1,036,736","18,230","18,220","10,887",-52.56,2.73,"18,240","4,303","2,132",238,8.76,2.14,"17,680","2,548","49,417","8,921",312,1.08,400,-1.93
297,ESR켄달스퀘어리츠,"4,125",상승,20,+0.49%,"1,000","20,957",86,"4,100","8,790",266,52.88,"394,155","4,105","4,105","25,252",9.74,0.33,"4,140","2,498","14,405",36,42.37,0.15,"4,090","1,001","213,089",569,78,0.83,137,7.40
298,SOL 초단기채권액티브,"53,300",상승,5,+0.01%,0,"15,417",821,"53,300","8,788",N/A,N/A,"252,583","53,300","53,305",N/A,N/A,N/A,"53,302","57,067",N/A,N/A,0.01,N/A,"53,300","39,690","16,488",N/A,N/A,N/A,N/A,N/A
299,SOL 종합채권(AA-이상)액티브,"114,925",보합,0,0.00%,0,0,0,"114,900","8,785",N/A,N/A,"5,219","114,925","115,145",N/A,N/A,N/A,"114,925","6,000",N/A,N/A,0.00,N/A,"114,925","6,000","7,644",N/A,N/A,N/A,N/A,N/A
300,TIGER 단기통안채,"110,710",상승,10,+0.01%,0,"1,557",172,"110,680","8,749",N/A,N/A,"22,036","110,695","110,705",N/A,N/A,N/A,"110,715","15,000",N/A,N/A,1.50,N/A,"110,695","2,590","7,903",N/A,N/A,N/A,N/A,N/A
301,하나투어,"56,300",상승,"1,400",+2.55%,500,"32,448","1,820","55,400","8,721",509,12.55,"77,871","55,700","55,500","6,688",49.55,47.19,"56,600",157,"4,883",991,14.43,15.09,"55,200",837,"15,490","6,166","4,487",5.77,"2,300",49.80
302,TIGER TOP10,"12,815",하락,20,-0.16%,0,"50,490",648,"12,840","8,689",N/A,N/A,"806,032","12,850","12,850",N/A,N/A,N/A,"12,935","6,639",N/A,N/A,38.65,N/A,"12,765","2,438","67,800",N/A,N/A,N/A,N/A,N/A
303,ACE 종합채권(AA-이상)KIS액티브,"108,530",상승,65,+0.06%,0,49,5,"108,575","8,647",N/A,N/A,"4,038","108,530","108,650",N/A,N/A,N/A,"108,530","9,000",N/A,N/A,0.00,N/A,"108,530","9,000","7,967",N/A,N/A,N/A,N/A,N/A
304,태영건설,"2,925",하락,20,-0.68%,500,"10,566",31,"2,950","8,613",206,53.18,"170,303","2,950","2,955","43,239",105.10,61.93,"2,955",417,"37,967",668,0.27,1.49,"2,905",60,"294,468","26,862",55,1.78,0,-19.89
305,CJ CGV,"5,180",상승,10,+0.19%,500,"42,033",218,"5,190","8,577",759,-4.78,"270,480","5,200","5,200","39,970",54.76,-30.74,"5,230","9,175","34,203","-1,755",5.49,-4.88,"5,170",797,"165,581","19,579","-1,084",1.31,0,26.66
306,SNT에너지,"40,500",하락,250,-0.61%,500,"12,001",485,"41,150","8,376",222,24.15,"179,444","41,150","41,200","5,166",7.04,11.90,"41,200",462,"2,103",346,6.49,7.37,"40,100",138,"20,681","2,943","1,677",2.59,500,-8.60
307,LG화학우,"107,700",보합,0,0.00%,"5,000","7,106",765,"108,000","8,281",N/A,-9.02,"68,782","108,100","108,100",N/A,N/A,N/A,"108,400",549,N/A,N/A,40.55,N/A,"107,000",106,"7,689",N/A,"-11,946",0.25,N/A,N/A
308,TIGER 미국30년국채스트립액티브(합성 H),"38,190",상승,230,+0.61%,0,"53,522","2,045","38,195","8,240",N/A,N/A,"318,156","38,220","38,205",N/A,N/A,N/A,"38,235","8,768",N/A,N/A,0.12,N/A,"38,190",381,"21,576",N/A,N/A,N/A,N/A,N/A
309,영풍,"42,950",하락,500,-1.15%,500,"4,487",192,"43,050","8,207","-1,607",19.80,"43,082","43,150","43,900","57,017",5.37,-6.81,"43,500",293,"17,164","-3,278",10.15,-5.82,"42,500",38,"19,108","27,874","2,169",0.20,24,-25.90
310,이노션,"20,400",하락,50,-0.24%,500,"24,147",495,"20,450","8,160","1,557",9.42,"146,205","20,500","20,500","27,146",3.76,10.48,"20,650","1,170","16,827","1,161",25.83,4.40,"20,250","1,013","40,000","21,206","2,166",0.83,"1,175",1.32
311,전진건설로봇,"55,800",상승,100,+0.18%,500,"43,804","2,447","55,500","8,143",313,27.03,"597,527","55,400","55,600","2,192",-4.74,24.55,"56,600",758,648,314,1.64,16.64,"55,000",877,"14,593","1,698","2,064",5.78,"1,277",7.21
312,KODEX Top5PlusTR,"26,240",상승,115,+0.44%,0,"10,371",272,"26,470","8,082",N/A,N/A,"46,018","26,320","26,540",N/A,N/A,N/A,"26,490","10,326",N/A,N/A,16.24,N/A,"26,100","5,023","30,800",N/A,N/A,N/A,N/A,N/A
313,SNT모티브,"30,450",하락,400,-1.30%,"5,000","6,739",206,"31,000","8,082",981,8.19,"108,540","31,050","31,100","12,418",-15.86,10.82,"31,050",144,"2,570","1,043",17.73,8.51,"30,400",288,"26,540","9,689","3,718",0.73,937,-14.73
314,TIGER 2차전지테마,"13,050",하락,120,-0.91%,0,"122,879","1,611","13,235","8,071",N/A,N/A,"1,045,672","13,225","13,240",N/A,N/A,N/A,"13,225","2,055",N/A,N/A,0.78,N/A,"12,975",799,"61,850",N/A,N/A,N/A,N/A,N/A
315,미원상사,"169,800",상승,"1,000",+0.59%,500,368,62,"169,000","8,066",599,14.64,"2,239","168,900","172,800","4,787",-10.85,12.99,"171,000",592,782,505,3.09,10.92,"168,900",37,"4,750","4,358","11,599",1.94,"2,000",3.43
316,1Q 머니마켓액티브,"52,350",보합,0,0.00%,0,"6,490",339,"52,350","8,045",N/A,N/A,"270,569","52,350","52,355",N/A,N/A,N/A,"52,355","108,688",N/A,N/A,0.00,N/A,"52,350","111,052","15,368",N/A,N/A,N/A,N/A,N/A
317,동원F&B,"41,650",하락,100,-0.24%,"1,000",932,38,"41,800","8,037","1,835",6.75,"23,756","41,800","42,300","21,457",10.04,12.43,"42,250",134,"10,627","1,278",7.80,5.88,"41,300",34,"19,296","44,836","6,169",0.73,800,2.82
318,빙그레,"83,000",하락,300,-0.36%,"5,000","2,676",222,"83,600","7,931","1,313",8.47,"26,293","83,700","83,700","10,031",16.95,15.14,"83,700",173,"2,812","1,032",20.83,10.90,"82,900","2,359","9,556","14,630","9,794",1.04,"3,300",4.93
319,녹십자홀딩스,"16,670",하락,120,-0.71%,500,"11,272",187,"16,870","7,840",-107,12.19,"95,230","16,610","16,880","36,706",34.81,2.43,"16,870",94,"18,184",-111,10.38,-0.30,"16,610",188,"47,028","22,049","1,367",0.78,500,7.14
320,대상,"22,600",상승,100,+0.44%,"1,000","15,189",343,"22,600","7,830","1,769",7.89,"122,142","22,550","22,650","35,098",43.02,6.94,"22,700","1,932","20,622",967,18.43,2.83,"22,500",945,"34,648","42,551","2,865",0.58,850,3.59
321,SOL 미국배당다우존스,"10,575",하락,75,-0.70%,0,"41,593",439,"10,595","7,625",N/A,N/A,"616,076","10,610","10,600",N/A,N/A,N/A,"10,610",276,N/A,N/A,0.16,N/A,"10,555","47,116","72,100",N/A,N/A,N/A,N/A,N/A
322,삼양홀딩스,"87,400",하락,700,-0.79%,"5,000","2,840",248,"88,100","7,613","1,275",30.71,"40,917","88,100","88,900","52,905",34.53,1.38,"88,100",26,"22,924",895,7.74,1.71,"86,900",156,"8,710","35,533","2,846",0.31,"3,500",10.66
323,KODEX 25-11 은행채(AA-이상)PLUS액티브,"10,575",하락,5,-0.05%,0,"1,018",10,"10,580","7,600",N/A,N/A,"6,177","10,580","10,585",N/A,N/A,N/A,"10,580","70,048",N/A,N/A,0.00,N/A,"10,575","160,005","71,870",N/A,N/A,N/A,N/A,N/A
324,DI동일,"38,450",하락,250,-0.65%,500,"7,175",274,"38,350","7,581",78,-276.62,"92,583","38,400","38,800","10,137",23.89,0.28,"38,700",191,"4,494",25,7.11,0.25,"37,900",209,"19,716","6,517",-139,1.43,262,-4.56
325,N2 KIS CD금리투자 ETN,"53,975",보합,0,0.00%,0,0,0,0,"7,556",N/A,N/A,0,"53,975",0,N/A,N/A,N/A,"53,975",0,N/A,N/A,0.00,N/A,"53,975",0,"14,000",N/A,N/A,N/A,N/A,N/A
326,TIGER 미국나스닥100타겟데일리커버드콜,"9,500",하락,10,-0.11%,0,"83,977",797,"9,495","7,538",N/A,N/A,"746,985","9,515","9,500",N/A,N/A,N/A,"9,515","11,876",N/A,N/A,0.01,N/A,"9,490","59,083","79,350",N/A,N/A,N/A,N/A,N/A
327,솔루엠,"15,760",상승,140,+0.90%,500,"20,077",318,"15,660","7,536",691,25.75,"144,045","15,760","15,770","9,827",-55.29,9.48,"16,000",255,"5,484",377,18.27,3.92,"15,660",927,"47,816","15,944",612,1.74,0,-18.28
328,동아쏘시오홀딩스,"115,200",하락,500,-0.43%,"5,000",639,73,"114,000","7,530",821,11.06,"14,865","116,000","115,900","20,305",6.78,5.63,"116,000",9,"9,665",576,13.95,2.89,"114,900",382,"6,536","13,332","10,412",0.70,"1,797",17.78
329,PLUS 200,"42,585",하락,5,-0.01%,0,"124,650","5,328","42,895","7,495",N/A,N/A,"526,484","42,970","42,910",N/A,N/A,N/A,"43,000","17,555",N/A,N/A,2.91,N/A,"42,470","31,037","17,600",N/A,N/A,N/A,N/A,N/A
330,TIGER 단기채권액티브,"55,850",상승,5,+0.01%,0,"2,659",148,"55,835","7,481",N/A,N/A,"24,487","55,850","55,845",N/A,N/A,N/A,"55,850","20,492",N/A,N/A,0.00,N/A,"55,840","7,655","13,394",N/A,N/A,N/A,N/A,N/A
331,KODEX 미국S&P500(H),"13,990",상승,25,+0.18%,0,"33,250",464,"13,975","7,464",N/A,N/A,"602,925","13,980","13,980",N/A,N/A,N/A,"13,990","51,947",N/A,N/A,0.36,N/A,"13,975",695,"53,350",N/A,N/A,N/A,N/A,N/A
332,케이카,"15,480",상승,120,+0.78%,500,"18,475",285,"15,370","7,459",681,15.99,"180,729","15,370","15,470","5,248",15.41,19.09,"15,500","1,151","2,991",440,10.02,8.15,"15,350","1,586","48,182","23,015",968,3.33,"1,150",12.40
333,KG모빌리티,"3,670",상승,10,+0.27%,"1,000","80,401",292,"3,695","7,427",14,-42.18,"685,730","3,660","3,725","31,045",-88.58,2.70,"3,680",498,"16,839",338,23.30,1.18,"3,615","1,119","202,375","39,051",-87,0.51,0,4.52
334,신풍제약,"14,010",하락,410,-2.84%,500,"140,272","1,963","14,270","7,423",-205,-54.94,"666,997","14,260","14,290","3,421",56.84,-5.85,"14,260",806,840,-154,4.63,-4.44,"13,830",763,"52,985","2,211",-255,2.81,N/A,10.42
335,율촌화학,"29,750",하락,500,-1.65%,500,"13,790",412,"30,250","7,378",-184,-34.75,"89,926","30,200","30,400","6,555",-13.30,-2.86,"30,200",557,"3,645",-85,5.30,-1.28,"29,700",604,"24,800","4,571",-856,2.51,250,10.28
336,KODEX 반도체,"37,090",상승,660,+1.81%,0,"439,901","16,411","37,310","7,362",N/A,N/A,"1,675,762","37,320","37,330",N/A,N/A,N/A,"37,730","19,521",N/A,N/A,0.87,N/A,"36,840",214,"19,850",N/A,N/A,N/A,N/A,N/A
337,유안타증권,"3,675",하락,10,-0.27%,"5,000","133,449",493,"3,725","7,335",948,16.26,"1,464,762","3,725","3,730","168,003",-26.62,4.52,"3,730","4,454","151,660",730,64.30,0.44,"3,660",998,"199,597","27,127",226,0.47,200,-4.98
338,덴티움,"65,500",상승,700,+1.08%,500,"5,534",362,"65,100","7,250",985,10.57,"35,536","65,200","65,200","8,944",-28.77,14.27,"66,000",275,"3,409",724,15.07,8.68,"65,000",133,"11,069","4,078","6,198",1.01,600,3.72
339,LX홀딩스,"9,420",상승,20,+0.21%,"1,000","38,513",364,"9,440","7,186","1,560",4.02,"268,249","9,440","9,450","19,050",113.21,9.08,"9,530",685,357,"1,603",12.62,8.90,"9,400","1,879","76,281","1,945","2,346",0.38,290,64.67
340,한화3우B,"37,000",하락,"1,800",-4.64%,"5,000","35,081","1,316","38,900","7,180",N/A,3.54,"274,949","39,100","39,750",N/A,N/A,N/A,"39,100",343,N/A,N/A,21.45,N/A,"36,900",978,"19,404",N/A,"10,464",0.33,N/A,N/A
341,보령,"8,340",상승,10,+0.12%,500,"17,097",143,"8,330","7,155",705,13.52,"80,748","8,370","8,340","11,641",3.23,10.45,"8,450",702,"3,796",696,6.98,6.70,"8,340",22,"85,787","10,171",617,0.90,100,18.32
342,GS피앤엘,"36,050",하락,350,-0.96%,"1,000","9,482",340,"36,000","7,149",0,-62.91,"224,695","36,000","36,400","22,696",N/A,N/A,"36,350",546,"10,328",-11,10.13,N/A,"35,650",78,"19,831",383,-573,0.85,N/A,N/A
343,F&F홀딩스,"18,240",상승,370,+2.07%,500,"10,470",190,"18,310","7,134","4,164",6.94,"55,583","18,330","18,330","40,333",-19.06,4.92,"18,330",55,"6,634","3,220",0.17,8.18,"18,140","1,164","39,114","18,983","2,627",0.32,450,-4.43
344,한화리츠,"3,970",상승,10,+0.25%,500,"24,024",95,"3,960","7,130",191,39.31,"589,815","3,960","3,965","15,864",54.05,0.83,"3,975","2,182","12,576",28,0.68,0.24,"3,950","3,902","179,600",335,101,1.01,135,43.99
345,TIGER Fn반도체TOP10,"11,850",상승,225,+1.94%,0,"895,045","10,650","11,895","7,021",N/A,N/A,"3,971,690","11,915","11,900",N/A,N/A,N/A,"12,060","5,241",N/A,N/A,0.02,N/A,"11,650","2,343","59,250",N/A,N/A,N/A,N/A,N/A
346,미원에스씨,"140,300",하락,600,-0.43%,500,167,23,"141,000","7,015",588,12.26,759,"140,900","147,100","5,121",160.87,14.00,"141,200",42,"1,058",546,0.55,11.21,"140,200",68,"5,000","5,093","11,447",1.65,"2,500",16.36
347,파미셀,"11,600",상승,830,+7.71%,500,"422,273","4,836","11,220","6,962",47,43.12,"811,740","11,210","11,230",993,259.23,7.59,"11,690","2,041",128,63,10.56,6.60,"11,130",823,"60,017",649,269,7.43,20,15.34
348,KODEX MSCI Korea TR,"13,780",상승,40,+0.29%,0,"4,548",62,"13,905","6,904",N/A,N/A,"13,843","13,850","13,995",N/A,N/A,N/A,"13,850","15,000",N/A,N/A,1.30,N/A,"13,740","6,011","50,100",N/A,N/A,N/A,N/A,N/A
349,ACE 미국빅테크TOP7 Plus,"17,370",하락,100,-0.57%,0,"62,519","1,087","17,415","6,896",N/A,N/A,"1,846,556","17,460","17,420",N/A,N/A,N/A,"17,460",177,N/A,N/A,0.02,N/A,"17,340","36,346","39,700",N/A,N/A,N/A,N/A,N/A
350,TKG휴켐스,"16,610",하락,40,-0.24%,"1,000","8,914",147,"16,650","6,790",808,11.01,"63,724","16,570","16,700","11,682",-33.35,9.09,"16,690",131,"2,933",775,8.82,6.83,"16,530",139,"40,879","11,882","1,509",0.75,"1,000",-25.37
351,TKG휴켐스,"16,610",하락,40,-0.24%,"1,000","8,914",147,"16,650","6,790",808,11.01,"63,724","16,570","16,660","11,682",-33.35,9.09,"16,690",84,"2,933",775,8.82,6.83,"16,530",139,"40,879","11,882","1,509",0.75,"1,000",12.88
352,TIGER 리츠부동산인프라,"4,215",상승,15,+0.36%,0,"152,287",641,"4,210","6,765",N/A,N/A,"2,130,974","4,210","4,215",N/A,N/A,N/A,"4,220","37,002",N/A,N/A,0.06,N/A,"4,205","39,444","160,500",N/A,N/A,N/A,N/A,N/A
353,프레스티지바이오파마,"11,220",하락,220,-1.92%,0,"20,890",236,"11,530","6,743",-628,30.91,"88,452","11,540","11,540","7,117",9.76,-7.40,"11,540",3,"1,962",-551,63.20,-7.58,"11,180",611,"60,096",7,363,1.52,N/A,325.77
354,현대홈쇼핑,"56,100",상승,200,+0.36%,"5,000",707,39,"56,000","6,732","1,301",8.08,"12,989","56,000","56,100","51,751",117.05,7.43,"56,100",300,"13,396","1,742",14.16,4.05,"55,700",90,"12,000","38,535","6,942",0.28,"2,800",86.66
355,세진중공업,"11,800",하락,430,-3.52%,500,"164,923","1,972","12,300","6,708",360,30.81,"685,194","12,310","12,310","6,209",7.23,6.16,"12,350","2,259","3,715",220,6.03,3.78,"11,470","1,211","56,849","3,524",383,3.53,200,-8.43
356,신한알파리츠,"5,540",상승,60,+1.09%,"1,000","19,101",105,"5,540","6,700",451,65.95,"417,054","5,500","5,550","26,622",40.12,1.65,"5,540",205,"18,343",124,10.48,0.53,"5,490","1,494","120,940",686,84,1.06,175,28.47
357,KODEX 미국빅테크10(H),"50,390",상승,35,+0.07%,0,"22,461","1,131","50,400","6,682",N/A,N/A,"114,046","50,400","50,420",N/A,N/A,N/A,"50,445",168,N/A,N/A,0.35,N/A,"50,335",99,"13,260",N/A,N/A,N/A,N/A,N/A
358,한국단자,"66,000",하락,300,-0.45%,500,"4,196",277,"66,700","6,676","1,713",5.08,"30,147","66,700","66,800","15,643",53.31,14.16,"66,700",207,"4,880","1,425",24.56,9.54,"65,900",417,"10,115","15,098","12,988",0.63,"2,200",16.41
359,KODEX 인버스,"3,600",하락,5,-0.14%,0,"12,352,745","44,309","3,575","6,624",N/A,N/A,"61,721,001","3,575","3,580",N/A,N/A,N/A,"3,615","2,970,091",N/A,N/A,1.68,N/A,"3,560","1,122,767","184,000",N/A,N/A,N/A,N/A,N/A
360,한화손해보험,"5,660",하락,30,-0.53%,"5,000","29,728",168,"5,700","6,607","4,357",2.42,"627,586","5,730","5,730","198,342",42.15,10.36,"5,730","2,369","168,811","3,160",14.61,1.67,"5,600",386,"116,739","65,973","2,336",0.32,0,8.64
361,아세아,"313,000",하락,"2,000",-0.63%,"5,000",45,14,"315,000","6,523","1,724",12.47,"1,677","317,000","318,000","33,343",-28.28,5.58,"317,000",6,"13,044","1,084",7.99,3.28,"313,000",32,"2,084","20,074","25,096",0.45,"5,330",-5.13
362,풍산홀딩스,"45,050",하락,"1,350",-2.91%,"5,000","77,193","3,562","46,850","6,495","1,047",6.38,"597,837","47,100","46,900","13,191",54.41,9.41,"47,350","2,639","2,037","1,000",15.13,7.95,"45,050",67,"14,417","4,494","7,062",0.57,"1,400",10.49
363,키움 CD금리투자 ETN,"103,920",상승,15,+0.01%,0,"14,303","1,486","103,915","6,464",N/A,N/A,"48,155","103,917","103,920",N/A,N/A,N/A,"103,920","250,000",N/A,N/A,0.00,N/A,"103,915","250,000","6,220",N/A,N/A,N/A,N/A,N/A
364,LG전자우,"37,500",하락,50,-0.13%,"5,000","16,037",603,"37,750","6,445",N/A,9.80,"87,379","37,800","37,800",N/A,N/A,N/A,"37,900","3,414",N/A,N/A,44.64,N/A,"37,400",50,"17,186",N/A,"3,825",0.31,N/A,N/A
365,KODEX 미국30년국채타겟커버드콜(합성 H),"8,650",상승,15,+0.17%,0,"130,685","1,131","8,655","6,436",N/A,N/A,"787,509","8,660","8,660",N/A,N/A,N/A,"8,665","62,557",N/A,N/A,0.13,N/A,"8,650","39,582","74,400",N/A,N/A,N/A,N/A,N/A
366,넥센타이어,"6,530",상승,50,+0.77%,500,"32,211",210,"6,480","6,378","1,721",5.43,"409,435","6,500","6,510","45,745",-7.94,7.10,"6,580",198,"27,029","1,267",6.66,2.88,"6,460","1,160","97,668","28,479","1,203",0.35,130,5.41
367,금양,"9,900",보합,0,0.00%,500,0,0,0,"6,333",-560,-4.09,0,0,0,"12,569",-283.36,-40.88,0,0,"7,624","-1,861",5.60,-18.99,0,0,"63,967","1,537","-2,420",1.27,0,1.12
368,KG스틸,"6,300",상승,60,+0.96%,"5,000","16,413",103,"6,250","6,301","2,060",3.59,"134,143","6,260","6,260","33,414",-26.53,6.93,"6,320","1,592","13,812","1,325",6.69,4.05,"6,230",285,"100,009","33,010","1,757",0.31,250,-3.76
369,ACE 미국배당다우존스,"11,685",하락,75,-0.64%,0,"34,250",399,"11,700","6,298",N/A,N/A,"389,672","11,680","11,705",N/A,N/A,N/A,"11,690","1,266",N/A,N/A,0.01,N/A,"11,655","47,445","53,900",N/A,N/A,N/A,N/A,N/A
370,HJ중공업,"7,440",하락,410,-5.22%,"5,000","298,586","2,269","7,800","6,196",73,-181.46,"1,964,860","7,810","7,810","22,044",106.67,1.56,"7,810","12,395","18,610",52,2.67,0.21,"7,430","32,977","83,274","18,860",-41,1.79,N/A,-12.77
371,유니드,"91,500",상승,300,+0.33%,"5,000","5,444",499,"92,300","6,192",954,8.05,"134,782","92,200","92,400","13,648",197.62,7.96,"92,400",127,"3,525",762,9.91,5.81,"91,300",131,"6,768","11,116","11,360",0.59,"1,800",-1.95
372,카프로,"3,660",보합,0,0.00%,500,0,0,0,"6,185",-324,17.43,0,0,0,"2,392",17.95,102.36,0,0,"1,510",332,0.08,14.56,0,0,"169,000",71,210,7.77,N/A,-90.64
373,KODEX 단기채권,"113,475",상승,10,+0.01%,0,961,109,"113,470","6,052",N/A,N/A,"14,034","113,475","113,475",N/A,N/A,N/A,"113,485","10,020",N/A,N/A,0.01,N/A,"113,475","10,087","5,333",N/A,N/A,N/A,N/A,N/A
374,코스모화학,"15,640",하락,290,-1.82%,"1,000","30,637",479,"15,860","6,007",-20,-10.02,"349,623","15,790","15,870","12,043",-166.57,-24.71,"15,920",87,"6,136",-523,7.43,-4.56,"15,460",319,"38,408","7,493","-1,561",2.64,N/A,-6.22
375,솔루스첨단소재,"8,480",하락,90,-1.05%,100,"32,983",282,"8,550","5,954",-544,-60.14,"182,757","8,570","8,560","20,794",25.67,0.62,"8,670","1,050","9,879",-427,3.80,-2.26,"8,450","1,034","70,217","5,709",-141,1.02,10,32.96
376,제주항공,"7,370",상승,70,+0.96%,"1,000","69,059",511,"7,410","5,943",799,-10.21,"367,807","7,420","7,420","19,985",-52.94,6.84,"7,500","8,096","16,744",217,2.70,1.09,"7,320",957,"80,641","19,358",-722,2.04,N/A,12.28
377,일진하이솔루스,"16,330",상승,130,+0.80%,500,"11,947",195,"16,300","5,930",-95,742.27,"98,121","16,320","16,320","3,443",2.89,0.57,"16,490",559,268,18,4.29,0.53,"16,230",124,"36,313",793,22,1.87,N/A,0.71
378,쿠쿠홈시스,"26,100",상승,100,+0.38%,100,"3,007",78,"26,150","5,856","1,648",4.81,"80,229","26,150","26,200","13,816",13.77,14.00,"26,350",84,"3,349","1,361",6.77,10.81,"26,000",363,"22,437","10,572","5,424",0.62,"1,000",10.75
379,신성통상,"4,070",보합,0,0.00%,500,"18,477",75,"4,070","5,849","1,218",8.96,"179,418","4,075","4,075","11,626",-15.22,16.24,"4,075","1,551,508","6,780",737,0.50,6.61,"4,070","687,240","143,708","15,079",454,1.13,N/A,-2.25
380,TIGER 200 IT,"33,080",상승,405,+1.24%,0,"26,861",892,"33,345","5,849",N/A,N/A,"129,792","33,250","33,360",N/A,N/A,N/A,"33,505","8,420",N/A,N/A,0.09,N/A,"32,885",3,"17,680",N/A,N/A,N/A,N/A,N/A
381,현대그린푸드,"17,630",하락,200,-1.12%,500,"2,169",38,"17,830","5,842",967,7.88,"44,755","17,830","17,870","9,556",49.10,11.41,"17,840",401,"2,854",745,14.35,8.11,"17,600",201,"33,136","22,704","2,238",0.85,335,24.27
382,KIWOOM 국고채10년,"116,525",상승,165,+0.14%,0,892,103,"116,575","5,841",N/A,N/A,"16,222","116,525","116,625",N/A,N/A,N/A,"116,575","8,788",N/A,N/A,0.01,N/A,"116,485","9,000","5,013",N/A,N/A,N/A,N/A,N/A
383,한국쉘석유,"438,000",상승,500,+0.11%,"5,000","1,143",496,"437,500","5,694",460,14.85,"5,337","434,000","440,000","1,913",8.65,28.93,"439,000",15,640,367,59.34,19.31,"430,500",23,"1,300","3,272","29,500",5.32,"27,000",2.09
384,대한유화,"86,700",하락,100,-0.12%,"5,000","2,280",196,"86,500","5,636",-599,548.73,"52,298","86,400","86,600","22,197",3.90,-0.47,"87,100",16,"4,121",-85,7.43,-0.39,"85,000",169,"6,500","28,001",158,0.30,"1,000",12.01
385,KODEX 미국30년국채액티브(H),"8,980",상승,40,+0.45%,0,"145,146","1,304","8,985","5,629",N/A,N/A,"1,518,908","8,990","8,990",N/A,N/A,N/A,"9,000","78,215",N/A,N/A,0.03,N/A,"8,980","74,144","62,680",N/A,N/A,N/A,N/A,N/A
386,한일홀딩스,"18,230",상승,40,+0.22%,"1,000","2,187",39,"18,200","5,621","2,793",6.01,"15,625","18,250","18,250","37,090",6.60,7.56,"18,280",431,"14,048","1,985",4.11,5.46,"18,110",52,"30,833","22,487","3,032",0.35,930,-4.84
387,케이씨텍,"27,050",상승,150,+0.56%,500,"18,349",500,"27,650","5,597",498,11.55,"128,793","27,700","27,700","5,491",52.23,11.28,"14,880","2,336","68,547",104,1.45,0.14,"13,250","10,075","37,799","3,797",279,0.81,100,2.30
388,KODEX 국고채3년,"62,740",상승,40,+0.06%,0,"1,242",77,"62,730","5,560",N/A,N/A,"61,672","62,725","62,755",N/A,N/A,N/A,"27,750",161,673,527,12.94,10.04,"26,650","1,272","20,690","3,854","2,341",1.10,270,34.34
389,한국금융지주우,"94,900",하락,500,-0.52%,"5,000","8,347",791,"95,400","5,559",N/A,5.05,"99,649","95,500","95,500",N/A,N/A,N/A,"62,755","18,996",N/A,N/A,0.01,N/A,"62,725","19,104","8,862",N/A,N/A,N/A,N/A,N/A
390,KODEX 국고채30년액티브,"121,430",상승,335,+0.28%,0,"2,390",290,"121,065","5,559",N/A,N/A,"14,547","121,090","121,850",N/A,N/A,N/A,"96,300",451,N/A,N/A,14.87,N/A,"94,100",4,"5,858",N/A,"18,792",0.56,N/A,N/A
391,CJ4우(전환),"130,700",하락,"1,200",-0.91%,"5,000",332,43,"131,300","5,524",N/A,46.93,"7,909","131,800","131,900",N/A,N/A,N/A,"121,520","5,999",N/A,N/A,0.01,N/A,"121,090","4,041","4,578",N/A,N/A,N/A,N/A,N/A
392,롯데손해보험,"1,776",상승,36,+2.07%,"1,000","125,121",221,"1,740","5,512",311,-104.47,"198,061","1,741","1,741","155,415",-91.73,2.31,"132,000",4,N/A,N/A,5.13,N/A,"130,200",20,"4,227",N/A,"2,785",0.81,N/A,N/A
393,삼천리,"135,700",상승,300,+0.22%,"5,000","4,251",577,"136,200","5,503","1,143",5.02,"33,325","136,200","136,300","45,182",-34.49,6.55,"1,783","1,822","147,472",242,1.31,0.16,"1,741","11,074","310,336","31,515",-17,1.09,N/A,23.15
394,후성,"5,110",상승,50,+0.99%,500,"60,636",310,"5,140","5,481",-96,-8.72,"438,241","5,130","5,150","8,263",79.23,-21.71,"137,500",30,"27,577","1,217",12.07,2.72,"134,300",89,"4,055","51,205","27,036",0.28,"3,000",-9.60
395,KODEX 26-12 회사채(AA-이상)액티브,"10,805",보합,0,0.00%,0,"2,120",22,"10,805","5,461",N/A,N/A,"38,510","10,805","10,810",N/A,N/A,N/A,"5,170","1,911","4,935",-834,7.49,-9.93,"5,070","2,195","107,255","4,378",-586,1.72,N/A,-16.32
396,E1,"79,500",하락,300,-0.38%,"5,000","1,963",156,"80,300","5,454","2,176",5.21,"23,582","80,300","80,500","145,398",133.55,3.83,"10,805","28,490",N/A,N/A,0.00,N/A,"10,805","22,738","50,540",N/A,N/A,N/A,N/A,N/A
397,제주은행,"14,380",상승,540,+3.90%,"5,000","1,265,123","17,864","13,590","5,435",114,51.54,"3,645,754","13,500","13,600","74,448",335.46,1.85,"80,400",95,"123,507",656,5.84,0.69,"79,300",19,"6,860","111,924","15,251",0.27,"3,450",42.98
398,KCC글라스,"33,950",상승,300,+0.89%,"1,000","5,996",203,"33,650","5,422",572,32.58,"35,820","33,700","33,700","24,943",-39.82,2.48,"34,050",858,"10,054",370,9.13,1.57,"33,650",158,"15,971","19,033","1,042",0.37,"1,800",13.29
399,대신증권우,"20,800",상승,150,+0.73%,"5,000","8,426",175,"20,750","5,408",N/A,11.26,"198,359","20,800","20,800",N/A,N/A,N/A,"20,900","2,303",N/A,N/A,14.26,N/A,"20,750",242,"26,000",N/A,"1,848",0.45,N/A,N/A
400,JW중외제약,"23,050",보합,0,0.00%,"2,500","5,006",115,"23,150","5,367",825,9.19,"50,848","23,200","23,200","6,046",-17.76,21.87,"23,250",912,"2,751",650,6.66,10.41,"23,050",33,"23,286","7,194","2,507",1.70,450,-3.89
401,삼양사,"51,900",하락,500,-0.95%,"5,000","2,111",109,"52,400","5,353","1,335",4.80,"16,530","52,400","52,500","33,199",17.95,7.53,"52,400",32,"13,722","1,364",4.99,4.18,"51,800",554,"10,313","26,718","10,808",0.29,"1,750",0.77
402,신대양제지,"13,280",상승,260,+2.00%,500,"18,243",240,"13,020","5,352",293,18.32,"52,108","13,100","13,150","8,759",-49.95,6.00,"13,340",59,"1,838",333,2.76,3.80,"12,950",468,"40,298","6,585",725,0.67,200,2.04
403,KODEX 200타겟위클리커버드콜,"11,045",하락,10,-0.09%,0,"402,138","4,453","11,105","5,346",N/A,N/A,"2,145,122","11,110","11,110",N/A,N/A,N/A,"11,150","17,950",N/A,N/A,0.36,N/A,"11,015","6,728","48,400",N/A,N/A,N/A,N/A,N/A
404,YG PLUS,"8,360",하락,70,-0.83%,500,"143,193","1,203","8,510","5,303",-7,65.83,"1,601,536","8,510","8,520","2,378",-103.45,0.73,"8,510","1,051",686,20,5.45,0.86,"8,340","1,976","63,429","1,849",127,3.11,N/A,-17.32
405,콜마홀딩스,"15,425",하락,145,-0.93%,500,"68,935","1,063","15,460","5,290",381,26.97,"965,426","15,470","15,500","12,914",125.94,4.09,"15,530","1,505","4,763",334,20.20,2.59,"15,310",947,"34,296","6,767",572,0.89,200,6.18
406,대한해운,"1,630",하락,24,-1.45%,500,"1,998,366","3,278","1,658","5,261","3,286",3.51,"17,551,382","1,659","1,659","45,804",31.48,8.93,"1,659","28,175","22,907","1,648",2.31,3.54,"1,620","4,200","322,747","17,472",465,0.25,0,25.03
407,LF,"17,960",하락,150,-0.83%,"5,000","4,082",73,"17,950","5,252","1,261",6.88,"46,717","18,000","18,000","29,150",119.84,4.87,"18,000",278,"11,422",906,13.21,3.20,"17,940","5,006","29,240","19,563","2,610",0.31,700,2.92
408,제이알글로벌리츠,"2,660",하락,5,-0.19%,"1,000","81,406",216,"2,670","5,250",310,13.43,"856,931","2,670","2,675","21,465",-4.87,2.48,"2,670","16,369","13,405",207,9.66,0.98,"2,655","28,099","197,376",626,198,0.64,N/A,3.49
409,코오롱,"41,450",하락,"1,850",-4.27%,"5,000","48,065","2,034","43,900","5,234",-896,3.63,"643,191","43,800","43,950","70,405",-190.15,12.49,"43,850",745,"46,926","1,576",5.54,2.57,"41,300",267,"12,626","60,284","11,430",0.34,550,2.55
410,바이오노트,"5,120",상승,20,+0.39%,500,"3,375",17,"5,110","5,225",122,12.34,"51,310","5,120","5,130","16,972",125.97,3.46,"5,140","1,855",614,553,0.49,3.36,"5,100",173,"102,056","1,028",415,0.32,200,14.10
411,KB KIS CD금리투자 ETN,"52,110",보합,0,0.00%,0,0,0,0,"5,211",N/A,N/A,2,"52,110",0,N/A,N/A,N/A,"52,110",0,N/A,N/A,0.00,N/A,"52,110",0,"10,000",N/A,N/A,N/A,N/A,N/A
412,PI첨단소재,"17,710",상승,60,+0.34%,500,"12,413",221,"17,840","5,201",349,18.60,"122,980","17,880","17,890","5,275",987.07,7.16,"18,060",414,"1,896",234,9.56,4.47,"17,680",182,"29,366","2,513",952,1.56,350,15.46
413,HD현대에너지솔루션,"46,400",상승,800,+1.75%,"5,000","108,758","5,170","47,750","5,197",35,28.19,"165,792","48,000","47,800","4,538",-80.03,0.03,"48,500","5,557",841,1,3.58,0.02,"46,300",439,"11,200","4,224","1,646",1.41,N/A,-22.66
414,TIMEFOLIO 글로벌AI인공지능액티브,"29,605",상승,50,+0.17%,0,"26,202",776,"30,440","5,163",N/A,N/A,"636,392","29,740","30,465",N/A,N/A,N/A,"29,740",68,N/A,N/A,0.09,N/A,"29,560",611,"17,440",N/A,N/A,N/A,N/A,N/A
415,OCI,"57,500",상승,700,+1.23%,"5,000","11,341",652,"57,500","5,148","1,105",12.13,"53,362","57,700","57,700","22,830",N/A,N/A,"58,000",826,"10,414",897,6.89,N/A,"57,200",84,"8,952","22,153","4,741",0.44,"2,200",N/A
416,TIGER 인도니프티50,"13,260",하락,115,-0.86%,0,"15,958",211,"13,305","5,145",N/A,N/A,"314,692","13,330","13,310",N/A,N/A,N/A,"13,330",22,N/A,N/A,0.13,N/A,"13,250","27,098","38,800",N/A,N/A,N/A,N/A,N/A
417,TIGER 테슬라채권혼합Fn,"13,775",하락,235,-1.68%,0,"77,455","1,068","13,915","5,055",N/A,N/A,"737,986","13,920","13,925",N/A,N/A,N/A,"13,920",131,N/A,N/A,0.00,N/A,"13,710","6,836","36,700",N/A,N/A,N/A,N/A,N/A
418,TIGER 미국달러단기채권액티브,"12,410",하락,10,-0.08%,0,"23,853",295,"12,460","5,043",N/A,N/A,"203,324","12,500","12,500",N/A,N/A,N/A,"12,500",337,N/A,N/A,0.00,N/A,"12,375",185,"40,640",N/A,N/A,N/A,N/A,N/A
419,TIGER 우량회사채액티브,"117,320",상승,125,+0.11%,0,"3,062",359,"117,230","5,041",N/A,N/A,"40,967","117,230","117,395",N/A,N/A,N/A,"117,320","5,604",N/A,N/A,0.01,N/A,"117,230","6,000","4,297",N/A,N/A,N/A,N/A,N/A
420,엠씨넥스,"28,000",상승,50,+0.18%,500,"7,834",220,"27,850","5,034",444,7.43,"59,925","27,950","27,950","5,741",143.55,18.28,"28,400",812,"2,019",636,12.42,11.46,"27,850",634,"17,978","10,571","3,768",1.25,800,13.36
421,한전산업,"15,430",상승,880,+6.05%,500,"2,286,048","36,898","15,550","5,030",161,43.84,"584,625","15,560","15,560","2,200",-38.00,10.59,"16,990","12,180","1,044",116,1.54,5.49,"15,360","1,247","32,600","3,675",352,4.59,367,1.17
422,진에어,"9,610",상승,190,+2.02%,"1,000","60,818",583,"9,600","5,016","1,631",6.86,"176,051","9,600","9,610","12,271",-10.46,51.15,"9,650","2,356","9,959",957,4.24,8.78,"9,540",991,"52,200","14,613","1,401",1.79,N/A,14.41
423,현대차증권,"8,100",하락,20,-0.25%,"5,000","67,076",543,"8,140","5,008",547,8.22,"885,141","8,180","8,150","119,920",-16.08,2.80,"8,200","12,814","106,899",362,4.14,0.31,"8,050",713,"61,833","17,956",985,0.38,153,13.49
424,퍼시스,"43,400",하락,300,-0.69%,"1,000",28,1,"43,700","4,991",215,15.07,763,"43,700","44,000","6,439",-39.05,8.64,"43,850",5,699,477,19.94,7.69,"43,200",81,"11,500","3,857","2,879",0.68,"1,200",6.28
425,아모레퍼시픽우,"47,250",하락,"1,100",-2.28%,500,"4,101",195,"48,350","4,989",N/A,5.22,"32,466","48,350","49,450",N/A,N/A,N/A,"48,350",147,N/A,N/A,46.63,N/A,"46,900",468,"10,558",N/A,"9,057",0.62,N/A,N/A
426,SPC삼립,"57,700",보합,0,0.00%,"5,000","2,072",119,"57,700","4,979",950,5.73,"34,320","57,700","57,800","12,408",3.53,19.25,"58,000",163,"7,610",865,4.45,6.83,"57,400",179,"8,629","34,279","10,076",0.99,"1,800",-0.16
427,SBS,"26,800",하락,650,-2.37%,"5,000","6,342",172,"27,700","4,972",-192,35.50,"108,295","27,650","27,750","15,124",-132.90,3.80,"27,650",278,"6,059",338,0.00,2.36,"26,800",723,"18,551","10,467",755,0.55,N/A,5.01
428,애경케미칼,"10,160",하락,140,-1.36%,500,"48,707",500,"10,440","4,943",155,104.74,"549,470","10,440","10,450","13,564",-65.69,0.54,"10,450","1,865","6,155",85,0.00,0.64,"10,120",233,"48,649","16,422",97,0.68,281,-8.45
429,신도리코,"49,000",하락,200,-0.41%,"5,000",832,40,"49,250","4,939",202,7.57,"18,643","49,700","49,900","11,436",-33.06,7.12,"49,700",94,793,732,11.70,6.59,"48,900",733,"10,080","3,410","6,476",0.40,"1,500",-15.29
430,ACE 200,"42,110",하락,20,-0.05%,0,"71,618","3,026","42,405","4,885",N/A,N/A,"77,817","42,365","42,520",N/A,N/A,N/A,"42,475","10,132",N/A,N/A,11.37,N/A,"42,010","10,363","11,600",N/A,N/A,N/A,N/A,N/A
431,삼성 레버리지 WTI원유 선물 ETN,"1,209",하락,9,-0.74%,0,"388,056",469,"1,213","4,884",N/A,N/A,"13,796,258","1,213","1,214",N/A,N/A,N/A,"1,214","22,230",N/A,N/A,0.00,N/A,"1,205","3,000,000","404,000",N/A,N/A,N/A,N/A,N/A
432,동국제강,"9,840",보합,0,0.00%,"5,000","10,811",106,"9,830","4,881","1,025",60.00,"215,298","9,840","9,840","31,940",-56.49,2.04,"9,890",409,"14,922",348,26.76,1.04,"9,710","1,279","49,608","35,275",164,0.29,600,34.02
433,아세아시멘트,"13,070",하락,70,-0.53%,500,"8,240",107,"13,140","4,881","1,408",7.65,"149,906","13,140","13,150","21,954",-4.18,7.65,"13,160","2,288","10,890",801,6.27,3.71,"12,940",53,"37,347","11,103","1,709",0.44,260,-7.51
434,고려제강,"18,010",상승,40,+0.22%,"1,000","3,156",56,"18,000","4,863",261,31.54,"49,344","18,000","18,020","26,090",-53.64,1.95,"18,070",867,"6,819",329,5.77,1.30,"17,770",27,"27,000","17,396",571,0.27,324,-2.75
435,DS단석,"27,550",상승,400,+1.47%,500,"85,599","2,389","27,950","4,844",122,-87.74,"191,992","28,000","28,000","7,358",-84.01,-3.29,"28,450","3,055","4,528",-103,2.52,-1.42,"27,450","1,816","17,584","9,617",-314,1.69,N/A,-10.16
436,KODEX 미국AI전력핵심인프라,"14,730",상승,120,+0.82%,0,"387,572","5,702","14,630","4,831",N/A,N/A,"1,658,423","14,660","14,635",N/A,N/A,N/A,"14,775","2,819",N/A,N/A,0.06,N/A,"14,660","5,096","32,800",N/A,N/A,N/A,N/A,N/A
437,KODEX 자동차,"18,665",상승,175,+0.95%,0,"38,484",717,"18,535","4,816",N/A,N/A,"454,550","18,535","18,540",N/A,N/A,N/A,"18,760","2,118",N/A,N/A,0.05,N/A,"18,535","2,093","25,800",N/A,N/A,N/A,N/A,N/A
438,KODEX 코스피,"31,620",하락,20,-0.06%,0,"115,675","3,673","31,920","4,806",N/A,N/A,"638,625","31,740","31,950",N/A,N/A,N/A,"31,950","25,780",N/A,N/A,0.66,N/A,"31,580",572,"15,200",N/A,N/A,N/A,N/A,N/A
439,TIGER 미국테크TOP10타겟커버드콜,"12,820",하락,85,-0.66%,0,"74,172",951,"12,905","4,801",N/A,N/A,"598,638","12,910","12,910",N/A,N/A,N/A,"12,910",744,N/A,N/A,0.02,N/A,"12,805",884,"37,450",N/A,N/A,N/A,N/A,N/A
440,NICE,"12,920",상승,150,+1.17%,500,"13,845",178,"12,790","4,797","1,743",9.81,"221,278","12,780","12,800","35,219",79.68,6.27,"12,970",532,"21,291","1,009",10.97,2.88,"12,700",206,"37,128","30,383","1,317",0.60,500,7.78
441,KODEX 미국반도체,"25,180",상승,400,+1.61%,0,"141,261","3,551","25,105","4,759",N/A,N/A,"288,735","25,150","25,170",N/A,N/A,N/A,"25,220","1,256",N/A,N/A,0.92,N/A,"25,065",73,"18,900",N/A,N/A,N/A,N/A,N/A
442,TIGER 미국달러SOFR금리액티브(합성),"56,255",하락,210,-0.37%,0,"2,492",140,"56,200","4,727",N/A,N/A,"18,844","56,410","56,295",N/A,N/A,N/A,"56,410","6,006",N/A,N/A,0.00,N/A,"56,240","8,771","8,402",N/A,N/A,N/A,N/A,N/A
443,KIWOOM 종합채권(AA-이상)액티브,"109,140",보합,0,0.00%,0,10,1,"109,150","4,686",N/A,N/A,253,"109,140","109,225",N/A,N/A,N/A,"109,140","6,041",N/A,N/A,0.00,N/A,"109,140","9,000","4,294",N/A,N/A,N/A,N/A,N/A
444,풀무원,"12,280",보합,0,0.00%,500,"6,207",76,"12,340","4,681",918,14.98,"83,054","12,350","12,350","23,312",48.16,11.40,"12,420",533,"17,477",344,3.02,1.53,"12,250",228,"38,121","32,137",820,1.53,102,7.36
445,해성디에스,"27,400",상승,"1,050",+3.98%,"5,000","54,609","1,489","27,050","4,658",569,11.71,"142,988","27,050","27,100","7,942",-44.52,10.96,"27,650","1,070","2,379",587,7.97,7.92,"26,650","2,073","17,000","6,030","2,340",0.86,800,-10.30
446,스틱인베스트먼트,"11,170",하락,50,-0.45%,500,"37,799",427,"11,220","4,655",134,-129.88,"204,959","11,250","11,240","2,647",-59.46,3.72,"11,460",265,159,93,27.23,3.40,"11,150","1,054","41,678",795,-86,1.72,250,-15.25
447,PLUS 머니마켓액티브,"52,335",하락,5,-0.01%,0,302,15,"52,335","4,650",N/A,N/A,"83,966","52,340","52,340",N/A,N/A,N/A,"52,340","20,000",N/A,N/A,0.00,N/A,"52,335","19,971","8,886",N/A,N/A,N/A,400,-3.37
448,신세계인터내셔날,"13,110",하락,70,-0.53%,"1,000","70,149",914,"13,030","4,633",268,19.06,"515,944","13,000","13,050","13,331",-44.93,3.85,"13,130","1,317","4,866",327,4.49,2.46,"12,870",362,"35,343","13,086",688,0.55,N/A,N/A
449,디아이,"16,270",상승,240,+1.50%,500,"118,015","1,942","16,510","4,604",31,58.95,"403,381","16,510","16,520","3,196",-49.81,0.72,"16,700","3,041","1,519",28,7.76,0.92,"16,190","2,082","28,300","2,140",276,2.71,100,-0.27
450,티웨이항공,"2,120",상승,15,+0.71%,500,"183,955",392,"2,160","4,566",-123,-2.88,"872,617","2,160","2,165","15,624",-108.80,-55.03,"2,160","14,810","14,802",-659,1.13,-4.63,"2,070","14,050","215,379","15,368",-736,13.46,N/A,13.94
451,화승엔터프라이즈,"7,530",하락,40,-0.53%,500,"11,718",88,"7,560","4,562",826,13.10,"161,875","7,570","7,570","15,376",537.00,6.38,"7,620",343,"9,739",344,6.37,2.37,"7,530",339,"60,589","16,096",575,0.89,45,32.61
452,KODEX 미국나스닥100(H),"17,235",상승,35,+0.20%,0,"32,716",563,"17,225","4,559",N/A,N/A,"406,569","17,240","17,235",N/A,N/A,N/A,"17,240","123,055",N/A,N/A,0.88,N/A,"17,225","30,409","26,450",N/A,N/A,N/A,N/A,N/A
453,KODEX 국고채10년액티브,"114,250",상승,220,+0.19%,0,"4,750",542,"114,220","4,554",N/A,N/A,"13,449","114,295","114,300",N/A,N/A,N/A,"114,300","14,999",N/A,N/A,0.01,N/A,"114,230","10,096","3,986",N/A,N/A,N/A,N/A,N/A
454,부국증권,"43,350",하락,"1,050",-2.36%,"5,000","2,478",108,"44,350","4,495",367,18.05,"26,162","44,350","44,450","16,514",-46.93,4.05,"44,450",117,"8,811",310,1.51,1.81,"43,300",3,"10,370","7,792","2,402",0.50,"1,500",-4.40
455,동아에스티,"47,850",하락,150,-0.31%,"5,000","1,301",62,"48,300","4,475",-250,-562.94,"17,136","48,300","48,350","13,917",-323.66,-0.18,"48,300",68,"6,829",-232,17.82,-1.74,"47,850",146,"9,353","6,979",-85,0.67,785,5.10
456,TIGER 미국S&P500(H),"14,490",상승,20,+0.14%,0,"12,877",186,"14,475","4,470",N/A,N/A,"182,331","14,480","14,485",N/A,N/A,N/A,"14,495","42,651",N/A,N/A,0.10,N/A,"14,480","20,022","30,850",N/A,N/A,N/A,N/A,N/A
457,명신산업,"8,510",하락,20,-0.23%,500,"20,181",172,"8,580","4,465","1,481",4.16,"293,764","8,600","8,600","12,103",-28.83,20.95,"8,640","2,165","5,128","1,291",7.87,11.45,"8,470","3,789","52,470","15,738","2,048",0.63,150,-9.49
458,RISE 미국30년국채엔화노출(합성 H),"8,260",상승,35,+0.43%,0,"152,099","1,256","8,225","4,448",N/A,N/A,"570,190","8,235","8,260",N/A,N/A,N/A,"8,270","1,320",N/A,N/A,0.03,N/A,"8,235",777,"53,850",N/A,N/A,N/A,N/A,N/A
459,TIGER 2차전지소재Fn,"3,585",하락,5,-0.14%,0,"510,987","1,827","3,605","4,438",N/A,N/A,"5,015,170","3,600","3,610",N/A,N/A,N/A,"3,610","6,881",N/A,N/A,0.67,N/A,"3,540","10,462","123,800",N/A,N/A,N/A,N/A,N/A
460,TCC스틸,"16,880",하락,280,-1.63%,"1,000","28,195",478,"17,150","4,425",123,20.61,"295,456","17,070","17,160","5,740",9.08,8.30,"17,230",235,"3,149",202,8.25,3.57,"16,750",440,"26,214","5,821",819,1.76,100,-6.78
461,KODEX 인도Nifty50,"13,510",하락,110,-0.81%,0,"28,313",382,"13,590","4,377",N/A,N/A,"419,364","13,590","13,595",N/A,N/A,N/A,"13,590",107,N/A,N/A,0.03,N/A,"13,490","7,242","32,400",N/A,N/A,N/A,N/A,N/A
462,비에이치,"12,690",하락,100,-0.78%,500,"35,779",458,"12,840","4,374",871,16.04,"324,073","12,850","12,850","13,199",2.67,9.90,"12,980","1,722","5,790",776,10.69,6.44,"12,690",451,"34,464","17,544",791,0.58,250,10.20
463,RISE KIS국고채30년Enhanced,"81,290",상승,195,+0.24%,0,942,76,"81,095","4,358",N/A,N/A,"34,826","81,500","81,300",N/A,N/A,N/A,"81,500",175,N/A,N/A,0.02,N/A,"81,275",12,"5,361",N/A,N/A,N/A,N/A,N/A
464,쏘카,"13,230",하락,120,-0.90%,100,917,12,"13,310","4,345",-98,-24.41,"6,275","13,350","13,350","6,315",-1.14,-15.69,"13,350",12,"4,480",-310,1.00,-4.73,"13,220",416,"32,842","4,318",-542,2.40,N/A,8.36
465,TIGER 은행고배당플러스TOP10,"18,110",하락,50,-0.28%,0,"305,894","5,522","18,345","4,328",N/A,N/A,"1,348,083","18,250","18,375",N/A,N/A,N/A,"18,250",818,N/A,N/A,0.22,N/A,"17,975","10,892","23,900",N/A,N/A,N/A,N/A,N/A
466,영진약품,"2,360",보합,0,0.00%,500,"65,992",156,"2,365","4,316",87,-236.00,"878,698","2,370","2,385","2,343",179.79,1.37,"2,385","13,004","1,445",12,3.11,0.54,"2,355",411,"182,893","2,520",-10,4.75,N/A,7.30
467,세아제강,"152,000",하락,500,-0.33%,"5,000","1,428",217,"152,500","4,311","2,029",3.53,"22,784","152,500","153,600","18,238",N/A,N/A,"153,400",105,"7,113","1,371",9.26,N/A,"151,300",41,"2,836","18,094","43,046",0.38,"7,000",N/A
468,세아홀딩스,"107,700",하락,200,-0.19%,"5,000",44,4,"107,900","4,308",992,13.44,955,"108,000","109,500","61,055",-50.60,1.53,"109,200",25,"29,554",342,1.16,0.58,"107,700",13,"4,000","60,168","8,013",0.19,"4,000",-6.27
469,드림텍,"6,250",상승,10,+0.16%,100,"22,444",141,"6,300","4,306",236,-367.65,"201,442","6,310","6,310","9,081",-30.82,0.95,"6,350","3,415","3,930",127,57.28,1.50,"6,210",417,"68,890","11,727",-17,1.08,200,13.81
470,TIGER 27-04회사채(A+이상)액티브,"53,340",상승,25,+0.05%,0,"2,423",129,"53,335","4,305",N/A,N/A,"20,650","53,330","53,360",N/A,N/A,N/A,"53,355","29,894",N/A,N/A,0.00,N/A,"53,330","30,000","8,070",N/A,N/A,N/A,N/A,N/A
471,애경산업,"16,240",하락,280,-1.69%,"1,000","16,384",267,"16,550","4,289",468,12.59,"124,293","16,550","16,650","4,994",-24.40,10.81,"16,550",274,987,425,2.56,8.66,"16,190",98,"26,410","6,791","1,290",1.05,580,1.53
472,코람코라이프인프라리츠,"4,405",하락,5,-0.11%,500,398,1,"4,410","4,288",356,11.38,"122,534","4,415","4,420","12,792",96.73,4.96,"4,415",74,"7,776",238,1.36,1.87,"4,400",942,"97,335",485,387,0.89,418,54.05
473,KIWOOM 200,"41,845",하락,10,-0.02%,0,"134,082","5,631","42,200","4,268",N/A,N/A,"267,646","42,210","42,220",N/A,N/A,N/A,"42,280","60,000",N/A,N/A,0.00,N/A,"41,740","8,617","10,200",N/A,N/A,N/A,N/A,N/A
474,한세실업,"10,660",하락,10,-0.09%,500,"9,964",106,"10,740","4,264","1,422",8.63,"109,684","10,740","10,750","14,245",-15.47,8.58,"10,740",227,"7,149",584,3.96,4.39,"10,620",570,"40,000","17,978","1,235",0.60,500,5.21
475,신한 레버리지 WTI원유 선물 ETN(H),846,상승,4,+0.48%,0,"344,911",290,843,"4,230",N/A,N/A,"6,841,163",843,845,N/A,N/A,N/A,846,"6,455,330",N/A,N/A,0.00,N/A,841,"4,581,877","500,000",N/A,N/A,N/A,N/A,N/A
476,흥아해운,"1,746",하락,37,-2.08%,500,"2,468,798","4,332","1,786","4,198",275,10.98,"30,267,286","1,789","1,787","4,436",12.12,20.08,"1,800","80,486","2,095",400,1.29,10.39,"1,727","5,208","240,425","1,880",159,1.82,N/A,14.07
477,KODEX 미국배당커버드콜액티브,"11,225",하락,45,-0.40%,0,"86,344",969,"11,300","4,193",N/A,N/A,"671,715","11,300","11,305",N/A,N/A,N/A,"11,305","1,634",N/A,N/A,0.02,N/A,"11,205",526,"37,350",N/A,N/A,N/A,N/A,N/A
478,PLUS 종합채권(AA-이상)액티브,"115,685",상승,50,+0.04%,0,1,0,"115,625","4,187",N/A,N/A,87,"115,685","115,705",N/A,N/A,N/A,"115,685","6,000",N/A,N/A,0.00,N/A,"115,685","6,000","3,619",N/A,N/A,N/A,N/A,N/A
479,더본코리아,"28,300",하락,250,-0.88%,500,"6,972",198,"28,550","4,171",360,10.92,"60,830","28,600","28,600","3,527",40.75,15.52,"28,600",102,851,310,1.47,11.05,"28,300",311,"14,737","4,642","2,591",1.54,300,13.03
480,두산2우B,"464,000",하락,"21,500",-4.43%,"5,000","1,701",821,"486,000","4,144",N/A,-47.88,"11,382","486,000","488,500",N/A,N/A,N/A,"503,000",83,N/A,N/A,1.94,N/A,"462,500",102,893,N/A,"-9,690",5.53,N/A,N/A
481,조광피혁,"62,100",상승,400,+0.65%,"5,000",345,21,"61,500","4,129",72,35.49,"5,755","62,400","62,500","6,188",13.90,2.58,"62,400",31,754,126,0.53,2.24,"61,000",45,"6,649",902,"1,750",0.39,N/A,-28.70
482,삼성FN리츠,"4,430",보합,0,0.00%,500,"1,613",7,"4,430","4,034",78,152.76,"98,599","4,430","4,435","8,768",24.55,0.66,"4,440","3,317","4,607",26,0.22,0.32,"4,425","1,166","91,050",115,29,0.97,73,23.01
483,엘브이엠씨홀딩스,"2,085",상승,25,+1.21%,0,"122,178",256,"2,095","4,029",164,109.74,"3,184,826","2,100","2,100","7,388",205.09,0.28,"2,120","2,605","2,678",42,11.18,0.61,"2,075","10,417","193,240","2,957",19,0.78,0,13.53
484,BGF,"4,195",하락,60,-1.41%,"1,000","51,849",218,"4,255","4,015",552,4.61,"306,132","4,265","4,260","23,010",-8.82,5.43,"4,265",255,"3,199",948,2.38,4.24,"4,195",304,"95,717","4,341",909,0.23,130,21.80
485,맵스리얼티1,"4,320",하락,15,-0.35%,0,8,0,"4,305","4,010",N/A,N/A,"48,711","4,340","4,340",N/A,N/A,N/A,"4,340","5,343",N/A,N/A,2.70,N/A,"4,320","1,020","92,834",N/A,N/A,N/A,N/A,N/A
486,남양유업,"65,250",하락,650,-0.99%,500,"1,365",89,"66,400","4,001",-98,82.49,"4,979","66,400","67,000","7,242",86.28,0.04,"66,500",27,924,2,7.31,0.03,"65,000",150,"6,131","9,528",791,0.85,100,-4.41
487,KODEX 미국AI테크TOP10타겟커버드콜,"10,445",하락,35,-0.33%,0,"91,351",954,"10,490","3,969",N/A,N/A,"933,784","10,475","10,495",N/A,N/A,N/A,"10,475","7,796",N/A,N/A,0.01,N/A,"10,425","21,069","38,000",N/A,N/A,N/A,N/A,N/A
488,HANARO 200,"41,975",하락,55,-0.13%,0,"285,205","12,017","42,040","3,967",N/A,N/A,"221,652","42,175","42,220",N/A,N/A,N/A,"42,440",17,N/A,N/A,21.41,N/A,"41,885","1,230","9,450",N/A,N/A,N/A,N/A,N/A
489,남해화학,"7,970",하락,30,-0.37%,"1,000","27,249",218,"8,050","3,959",363,16.00,"247,402","8,050","8,060","7,738",228.08,4.84,"8,100","1,123","2,391",215,3.33,2.68,"7,930",45,"49,679","15,191",498,0.71,80,-4.34
490,RISE 200위클리커버드콜,"9,355",상승,15,+0.16%,0,"235,356","2,207","9,355","3,938",N/A,N/A,"1,308,832","9,360","9,360",N/A,N/A,N/A,"9,400","15,880",N/A,N/A,0.14,N/A,"9,345",71,"42,100",N/A,N/A,N/A,N/A,N/A
491,대상홀딩스,"10,850",하락,40,-0.37%,"1,000","32,023",349,"10,950","3,929","1,840",31.09,"163,248","10,950","10,960","44,186",60.56,2.70,"10,980","2,168","27,476",799,7.83,1.86,"10,840",659,"36,213","53,579",349,0.53,270,1.87
492,수산인더스트리,"27,350",하락,550,-1.97%,200,"28,741",807,"28,400","3,907",435,9.96,"136,572","28,450","28,450","6,238",-13.40,7.77,"28,800","1,202","1,054",394,1.49,6.41,"27,300","1,221","14,286","3,168","2,745",0.75,800,-2.45
493,농심홀딩스,"84,100",상승,"1,700",+2.06%,"5,000","4,356",365,"82,400","3,900",866,5.92,"11,041","82,600","82,500","16,115",15.04,6.39,"84,900",385,"3,940",749,2.50,4.80,"82,600",228,"4,638","7,983","14,201",0.32,"2,500",3.74
494,한섬,"17,360",하락,30,-0.17%,500,"3,033",52,"17,420","3,895",635,10.40,"74,305","17,400","17,450","17,462",-36.83,3.19,"17,420",3,"3,401",433,22.07,2.50,"17,300",139,"22,438","14,853","1,670",0.26,750,-2.84
495,KB스타리츠,"3,835",하락,5,-0.13%,500,"3,226",12,"3,840","3,889",266,-29.73,"86,831","3,840","3,845","10,667",-50.14,4.54,"3,840",113,"6,842",190,0.34,1.81,"3,805","2,023","101,414",382,-129,1.12,180,-41.46
496,HL홀딩스,"41,350",상승,50,+0.12%,"5,000","1,173",48,"40,850","3,888",904,-19.78,"31,880","40,900","41,300","23,708",-1.88,1.91,"41,500",45,"13,062",198,10.03,0.85,"40,900",29,"9,404","13,711","-2,091",0.37,"2,000",6.66
497,롯데이노베이트,"25,600",하락,800,-3.03%,"5,000","20,230",519,"26,050","3,873",257,35.61,"140,005","26,050","26,100","9,506",-54.83,3.07,"26,100","1,356","5,008",72,1.29,0.76,"25,400",590,"15,129","11,804",719,0.93,700,-1.37
498,사조대림,"42,100",상승,250,+0.60%,"5,000","3,283",138,"41,900","3,858","1,330",5.47,"20,095","42,300","42,300","21,236",3.41,14.27,"42,450",59,"12,850",958,2.50,5.66,"41,750",36,"9,164","26,430","7,690",0.51,300,28.11
499,TIGER 미국나스닥100커버드콜(합성),"9,845",보합,0,0.00%,0,"16,863",166,"9,840","3,815",N/A,N/A,"302,431","9,840","9,845",N/A,N/A,N/A,"9,860","1,967",N/A,N/A,0.01,N/A,"9,840",32,"38,750",N/A,N/A,N/A,N/A,N/A
500,현대코퍼레이션,"28,800",하락,550,-1.87%,"5,000","32,270",934,"29,500","3,810","1,335",3.46,"332,925","29,800","29,550","20,623",34.43,19.70,"29,800","1,863","14,070","1,210",13.47,5.87,"28,250",35,"13,229","69,957","8,330",0.52,700,6.31
