N,종목명,현재가,전일비변동,전일비,등락률,액면가,거래량,거래대금,매수호가,시가총액,영업이익,PER,전일거래량,시가,매도호가,자산총계,영업이익증가율,ROE,고가,매수총잔량,부채총계,당기순이익,외국인비율,ROA,저가,매도총잔량,상장주식수,매출액,주당순이익,PBR,보통주배당금,매출액증가율
1,삼성전자,"57,950",하락,"1,550",-2.61%,100,"2,247,520","130,748","58,600","3,430,430","327,260",11.23,"18,072,251","58,400","58,700","5,145,319",398.34,9.03,"58,500","33,472","1,123,399","344,514",49.73,7.10,"57,950","45,277","5,919,638","3,008,709","5,162",0.98,"1,446",16.20
2,SK하이닉스,"250,500",하락,"6,500",-2.53%,"5,000","321,769","81,142","257,000","1,823,646","234,673",7.02,"3,597,877","252,500","257,500","1,198,552",403.58,31.06,"253,500",681,"459,395","197,969",55.42,17.98,"250,500","18,176","728,002","661,930","35,682",2.12,"2,204",102.02
3,삼성바이오로직스,"999,000",하락,"17,000",-1.67%,"2,500","4,948","4,945","1,006,000","711,028","13,201",55.57,"124,199","1,003,000","1,007,000","173,363",18.53,10.45,"1,003,000",62,"64,316","10,833",12.91,6.49,"997,000",146,"71,174","45,473","17,977",6.30,0,23.08
4,LG에너지솔루션,"294,500",하락,"10,500",-3.44%,500,"28,707","8,513","298,500","689,130","5,754",-59.21,"498,474","298,500","299,000","603,068",-73.40,-4.93,"300,000",473,"293,402","3,386",4.15,0.64,"294,500",410,"234,000","256,196","-4,974",3.26,N/A,-24.08
5,한화에어로스페이스,"938,000",보합,0,0.00%,"5,000","41,453","39,077","945,000","443,638","17,319",18.97,"419,837","947,000","946,000","433,369",191.41,53.94,"953,000",409,"319,726","25,399",45.14,8.08,"932,000",23,"47,296","112,401","49,447",10.85,"3,500",42.47
6,NAVER,"277,500",상승,"8,000",+2.97%,100,"512,108","141,867","272,500","439,663","19,793",24.23,"4,889,308","276,500","273,000","381,679",32.94,7.90,"279,500","14,061","111,670","19,320",48.85,5.23,"274,500","4,900","158,437","107,377","11,452",1.57,"1,130",11.03
7,현대차,"202,500",하락,"7,500",-3.57%,"5,000","142,337","28,906","207,000","414,634","142,396",4.41,"662,635","205,500","207,500","3,397,984",-5.87,12.43,"206,000",313,"2,195,225","132,299",36.28,4.25,"201,500","3,308","204,758","1,752,312","45,880",0.48,"12,000",7.73
8,두산에너빌리티,"63,800",상승,"3,600",+5.98%,"5,000","4,335,422","269,541","59,000","408,678","10,176",-401.26,"10,039,131","59,100","59,100","263,148",-30.65,1.52,"64,100","41,620","146,537","3,947",24.31,1.55,"59,100","7,043","640,561","162,331",-159,5.37,N/A,-7.71
9,KB금융,"106,800",상승,300,+0.28%,"5,000","139,939","14,979","107,100","407,402","80,453",7.41,"3,095,365","107,100","107,200","7,578,455",26.00,8.86,"107,600",80,"6,980,304","50,286",78.16,0.68,"106,300",389,"381,462","850,764","14,416",0.67,"3,174",9.77
10,삼성전자우,"47,600",하락,"1,100",-2.26%,100,"208,010","9,940","48,250","388,404",N/A,9.22,"1,657,819","48,000","48,300",N/A,N/A,N/A,"48,050","1,351",N/A,N/A,73.75,N/A,"47,550",430,"815,975",N/A,"5,162",0.81,N/A,N/A
11,HD현대중공업,"433,000",하락,"10,000",-2.26%,"5,000","22,300","9,700","436,000","384,388","7,052",43.83,"336,843","435,500","436,500","193,909",294.77,11.39,"440,000",236,"136,865","6,215",10.82,3.40,"431,500",27,"88,773","144,865","9,880",6.62,"2,090",21.08
12,기아,"95,700",하락,"3,000",-3.04%,"5,000","115,885","11,149","97,300","380,573","126,671",4.08,"998,377","97,000","97,400","927,559",9.13,19.09,"97,000",975,"369,156","97,750",39.06,11.28,"95,600",59,"397,673","1,074,488","23,440",0.67,"6,500",7.66
13,셀트리온,"159,900",하락,"2,300",-1.42%,"1,000","46,294","7,412","160,300","355,659","4,920",73.99,"958,664","160,400","160,400","210,552",-24.48,2.46,"160,800",730,"34,752","4,189",21.54,2.04,"159,800",303,"222,426","35,573","2,161",2.07,735,63.45
14,카카오,"67,400",상승,800,+1.20%,100,"2,059,049","138,349","66,600","297,751","4,602",194.80,"16,754,279","67,000","66,700","257,730",-0.14,0.56,"68,300","34,030","118,301","-1,619",28.52,-0.64,"66,000","5,823","441,767","78,717",346,2.85,68,4.16
15,신한지주,"59,800",상승,500,+0.84%,"5,000","125,564","7,477","58,600","296,514","64,587",6.57,"3,768,399","58,800","58,700","7,397,643",5.87,8.11,"60,100","1,551","6,809,432","45,582",58.95,0.64,"58,800",973,"495,842","419,028","9,108",0.52,"2,160",6.26
16,삼성물산,"159,500",하락,"2,400",-1.48%,100,"43,446","6,905","159,900","271,113","29,834",12.74,"807,457","158,200","160,000","619,904",3.95,6.83,"160,800",19,"247,319","27,720",26.91,4.33,"158,000",612,"169,977","421,032","12,523",0.82,"2,600",0.50
17,한화오션,"86,800",하락,"1,800",-2.03%,"5,000","280,809","24,508","87,000","265,967","2,379",38.39,"2,973,226","87,000","87,100","178,438",221.06,11.52,"88,200","7,673","129,805","5,282",13.05,3.32,"86,600","4,351","306,413","107,760","2,261",5.23,N/A,45.46
18,HD한국조선해양,"368,000",하락,"7,500",-2.00%,"5,000","21,371","7,898","371,500","260,445","14,341",17.61,"410,812","371,000","372,000","367,191",408.07,11.16,"372,500",65,"225,633","14,546",32.88,4.22,"368,000",68,"70,773","255,386","20,895",2.29,"5,100",19.92
19,현대모비스,"282,000",하락,"9,500",-3.26%,"5,000","22,887","6,481","286,500","258,862","30,735",6.21,"274,485","285,000","287,000","665,969",33.90,9.35,"285,500",72,"204,787","40,602",42.92,6.49,"281,500",174,"91,795","572,370","45,380",0.54,"6,000",-3.41
20,삼성생명,"125,400",하락,"1,800",-1.42%,500,"23,263","2,916","126,000","250,800","24,998",11.83,"616,237","124,900","126,100","3,122,188",4.23,6.18,"126,500",116,"2,794,809","22,603",21.85,0.72,"124,000",86,"200,000","337,860","10,600",0.76,"4,500",9.21
21,HMM,"23,400",상승,400,+1.74%,"5,000","1,209,145","29,134","24,250","239,859","35,128",4.61,"2,803,690","24,550","24,300","338,486",500.72,15.35,"24,600","7,706","59,930","37,821",7.11,12.70,"23,400","5,443","1,025,039","117,002","5,073",0.74,600,39.27
22,현대로템,"213,000",상승,"1,000",+0.47%,"5,000","188,644","40,688","219,000","232,473","4,566",45.67,"2,063,225","219,000","219,500","52,854",117.36,21.85,"220,500","5,795","32,763","4,053",31.94,7.70,"211,500","2,281","109,142","43,766","4,664",10.64,200,22.00
23,하나금융지주,"79,000",하락,"1,000",-1.25%,"5,000","53,769","4,266","79,800","224,932","48,552",5.96,"2,087,425","79,400","79,900","6,378,475",3.45,9.11,"79,800",116,"5,942,706","37,685",67.75,0.61,"78,900",352,"284,724","816,143","13,252",0.50,"3,600",17.10
24,SK스퀘어,"156,800",상승,"1,300",+0.84%,100,"47,245","7,427","155,100","207,824","39,126",4.23,"634,568","158,200","155,400","219,211",267.23,21.70,"158,300",79,"23,356","36,505",52.00,18.30,"155,000",294,"132,541","61,385","37,069",1.01,0,169.41
25,POSCO홀딩스,"253,000",하락,"9,500",-3.62%,"5,000","74,445","18,906","258,500","204,760","21,736",24.60,"495,939","257,500","259,000","1,034,042",-38.45,2.00,"258,000","6,801","419,538","9,476",29.45,0.93,"252,000",245,"80,933","726,881","10,286",0.34,"10,000",-5.76
26,삼성화재,"426,500",하락,"2,000",-0.47%,500,"4,493","1,917","426,500","196,238","26,496",10.89,"98,501","424,000","427,500","872,695",12.40,13.11,"429,500",6,"716,673","20,768",55.88,2.41,"423,000",54,"46,011","226,570","39,171",1.18,"19,000",8.80
27,메리츠금융지주,"108,400",상승,"2,000",+1.88%,500,"32,738","3,542","106,700","195,136","31,889",8.87,"1,060,045","107,000","107,000","1,155,782",8.71,23.44,"109,100",121,"1,046,482","23,334",16.02,2.14,"106,600",17,"180,014","465,745","12,216",1.97,"1,350",-20.47
28,한국전력,"29,050",하락,50,-0.17%,"5,000","498,018","14,542","29,250","186,491","83,647",3.55,"3,602,448","29,550","29,300","2,468,078",284.18,9.22,"29,600","6,174","2,054,450","36,220",19.90,1.49,"28,725",930,"641,964","933,989","8,191",0.44,213,5.87
29,고려아연,"819,000",상승,"3,000",+0.37%,"5,000","4,034","3,353","831,000","169,560","7,235",68.82,"161,186","836,000","833,000","147,923",9.63,2.28,"844,000",34,"71,969","1,948",12.05,1.45,"817,000",46,"20,703","120,529","11,900",2.01,"17,500",24.20
30,HD현대일렉트릭,"462,500",하락,"7,500",-1.60%,"5,000","14,942","6,908","455,000","166,718","6,690",29.68,"160,125","458,500","456,000","37,955",112.23,39.34,"468,500",821,"22,880","4,984",34.35,14.87,"458,000",28,"36,047","33,223","15,581",11.07,"5,350",22.92
31,크래프톤,"345,500",하락,"12,500",-3.49%,100,"26,222","9,132","358,000","163,728","11,825",12.48,"511,726","355,500","359,500","79,195",53.96,21.10,"359,500",59,"10,903","13,026",43.06,18.14,"342,500",403,"47,389","27,098","27,686",2.18,0,41.83
32,SK이노베이션,"106,200",상승,"3,800",+3.71%,"5,000","273,045","29,486","111,000","160,399","3,155",-5.25,"598,998","111,600","111,100","1,105,301",-83.43,-9.65,"111,600",247,"708,812","-23,725",14.01,-2.48,"105,300",57,"151,035","747,170","-20,236",0.66,"2,000",-3.33
33,우리금융지주,"21,050",하락,300,-1.41%,"5,000","224,973","4,739","21,200","156,316","42,552",5.43,"4,291,456","21,050","21,250","5,257,533",21.61,9.39,"21,250","2,097","4,898,581","31,715",46.61,0.62,"20,950","6,310","742,592","466,167","3,877",0.46,"1,200",11.03
34,KT&G,"123,300",하락,"2,200",-1.75%,"5,000","23,936","2,963","123,800","150,503","11,888",13.88,"619,936","124,300","125,300","139,252",1.84,12.66,"125,200",587,"45,668","11,650",43.67,8.73,"123,200",326,"122,062","59,088","8,881",1.47,"5,400",0.79
35,카카오뱅크,"31,200",하락,850,-2.65%,"5,000","837,972","25,979","30,650","148,821","6,069",31.90,"11,125,353","30,650","30,700","628,053",26.83,6.95,"31,600","4,328","562,652","4,401",17.13,0.75,"30,300","1,763","476,989","29,456",978,2.28,360,18.11
36,삼성중공업,"16,870",보합,0,0.00%,"1,000","1,135,919","19,237","16,750","148,456","5,027",101.63,"13,125,958","16,700","16,760","171,946",115.43,1.77,"17,100","3,559","134,452",539,31.90,0.33,"16,690","8,309","880,000","99,031",166,3.74,N/A,23.64
37,LG화학,"204,000",하락,"7,500",-3.55%,"5,000","46,973","9,633","205,000","144,008","9,168",-17.08,"389,198","207,500","205,500","938,578",-63.75,-2.11,"208,000","1,715","458,623","5,150",30.45,0.60,"203,500",176,"70,592","489,161","-11,946",0.48,"1,000",-11.46
38,LIG넥스원,"634,000",상승,"25,000",+4.11%,"5,000","43,747","27,695","654,000","139,480","2,298",56.85,"218,715","648,000","656,000","61,253",23.29,19.59,"648,000",202,"48,878","2,166",31.07,4.36,"622,000",32,"22,000","32,763","11,153",11.12,"2,400",41.92
39,SK,"191,900",하락,"4,800",-2.44%,200,"20,366","3,913","195,000","139,133","23,553",15.63,"755,854","193,200","195,300","2,149,778",-50.46,-5.64,"193,400",49,"1,346,902","5,288",23.83,0.25,"191,000",69,"72,503","1,246,904","12,281",0.39,"7,000",-3.19
40,기업은행,"17,190",하락,100,-0.58%,"5,000","71,096","1,223","17,200","137,078","35,941",5.13,"1,986,981","17,170","17,230","4,722,198",4.71,8.06,"17,350","1,109","4,379,887","26,543",14.12,0.58,"17,100",965,"797,426","324,300","3,351",0.40,"1,065",13.30
41,삼성SDI,"169,600",하락,"6,700",-3.80%,"5,000","128,689","21,950","173,500","136,673","3,633",116.08,"934,905","172,800","173,700","405,973",-76.49,3.13,"172,900",957,"190,301","5,755",28.42,1.54,"169,200",49,"80,586","165,922","1,461",0.60,973,-22.60
42,삼성에스디에스,"175,500",상승,"3,500",+2.03%,500,"82,570","14,428","171,000","135,798","9,111",17.92,"500,243","171,000","171,100","132,383",12.73,8.42,"177,000",595,"35,329","7,895",18.83,6.18,"170,300",150,"77,378","138,282","9,791",1.45,"2,900",4.15
43,KT,"51,400",하락,400,-0.77%,"5,000","16,112",830,"51,500","129,539","8,095",20.47,"293,355","51,400","51,600","418,800",-50.93,2.85,"51,700",938,"238,834","4,171",49.00,0.99,"51,400","2,162","252,022","264,312","2,511",0.76,"2,000",0.21
44,한화시스템,"66,600",상승,"1,100",+1.68%,"5,000","509,779","34,482","69,000","125,820","2,193",28.57,"2,584,433","69,100","69,100","57,240",78.95,19.63,"69,200","7,012","33,076","4,454",8.37,8.73,"66,200","2,214","188,919","28,037","2,331",3.71,350,14.32
45,하이브,"301,000",하락,"6,000",-1.95%,500,"12,542","3,786","298,500","125,373","1,840",239.65,"257,752","303,500","299,000","54,792",-37.75,0.31,"304,000",843,"19,654",-34,18.61,-0.06,"301,000","1,463","41,652","22,556","1,256",3.81,200,3.56
46,카카오페이,"90,500",상승,"10,900",+13.69%,500,"2,073,169","172,820","79,600","121,900",-575,"-2,919.35","6,866,762","80,500","79,700","44,147",-1.59,-0.73,"90,600","20,973","25,039",-215,37.81,-0.51,"78,100","1,218","134,697","7,662",-31,6.50,0,24.52
47,LG,"76,700",하락,800,-1.03%,"5,000","31,901","2,450","77,500","120,612","9,668",15.18,"392,040","76,800","77,600","316,393",-39.16,2.16,"77,300",167,"35,066","7,905",35.07,2.55,"76,400",57,"157,251","71,755","5,053",0.43,"3,100",-3.62
48,SK텔레콤,"55,900",하락,400,-0.71%,100,"51,486","2,873","56,100","120,068","18,234",9.52,"910,847","55,800","56,200","305,153",4.00,10.83,"56,100",783,"186,876","13,871",39.97,4.58,"55,700","6,623","214,790","179,406","5,874",1.01,"3,540",1.89
49,LG전자,"72,400",하락,"1,600",-2.16%,"5,000","56,006","4,060","73,800","118,481","34,197",18.93,"529,685","72,800","73,900","656,296",-6.40,1.81,"72,900",621,"404,179","5,914",29.56,0.94,"72,200","3,174","163,648","877,282","3,825",0.59,"1,000",6.64
50,미래에셋증권,"19,140",하락,390,-2.00%,"5,000","490,467","9,393","19,170","109,159","11,881",14.03,"6,243,941","19,010","19,180","1,371,770",128.02,7.94,"19,400",789,"1,249,133","9,255",13.16,0.69,"18,950","37,589","570,316","222,342","1,364",0.92,250,9.22
51,HD현대,"129,100",상승,300,+0.23%,"1,000","28,015","3,624","129,500","101,980","29,832",19.42,"290,679","129,700","129,700","738,667",46.84,6.36,"130,600",115,"474,816","19,302",22.34,2.72,"127,900",368,"78,993","677,656","6,647",0.99,"3,600",10.49
52,현대글로비스,"135,400",하락,"1,300",-0.95%,500,"13,972","1,889","133,800","101,550","17,529",8.55,"341,590","134,000","134,000","168,491",12.80,13.24,"136,500",15,"80,398","10,995",49.50,6.96,"133,600",581,"75,000","284,074","15,834",1.14,"3,700",10.61
53,삼양식품,"1,348,000",상승,"41,000",+3.14%,"5,000","6,609","8,763","1,300,000","101,545","3,446",33.34,"36,632","1,300,000","1,301,000","15,948",133.58,39.37,"1,349,000",40,"7,667","2,713",19.50,19.62,"1,296,000",13,"7,533","17,280","40,436",11.13,"3,300",44.86
54,두산,"603,000",하락,"2,000",-0.33%,"5,000","21,883","13,185","593,000","99,639","10,038",-62.23,"151,131","588,000","595,000","301,431",-30.11,-14.57,"611,000",37,"182,536","3,022",12.87,1.03,"588,000",561,"16,524","181,329","-9,690",7.19,"2,000",-5.21
55,삼성전기,"129,900",하락,"3,400",-2.55%,"5,000","37,454","4,874","131,500","97,027","7,350",16.01,"455,163","131,000","131,800","127,924",11.27,8.16,"131,000",718,"37,765","7,032",32.62,5.75,"129,600",798,"74,694","102,941","8,115",1.11,"1,800",15.76
56,포스코퓨처엠,"123,800",하락,"5,400",-4.18%,500,"35,264","4,403","127,000","95,899",7,-44.31,"556,842","126,600","127,200","79,325",-97.99,-7.98,"126,700",163,"46,120","-2,313",9.94,-3.24,"123,600",67,"77,463","36,999","-2,794",3.18,0,-22.27
57,한국항공우주,"95,700",상승,800,+0.84%,"5,000","153,593","14,804","95,700","93,284","2,407",56.36,"823,678","96,400","95,900","80,255",-2.74,10.42,"97,500",908,"62,984","1,709",34.12,2.25,"95,500",814,"97,475","36,337","1,698",5.53,500,-4.86
58,HD현대마린솔루션,"202,500",하락,"5,000",-2.41%,500,"7,618","1,547","202,500","90,779","2,717",36.24,"219,251","202,000","203,000","11,522",34.87,44.98,"205,000",166,"3,787","2,279",29.27,25.20,"202,000",8,"44,829","17,455","5,588",12.69,"3,150",22.02
59,LG씨엔에스,"92,500",상승,"3,100",+3.47%,500,"78,828","7,232","89,900","89,620","5,129",20.12,"1,053,066","92,500","90,000","45,045",10.52,18.32,"92,500",951,"23,817","3,649",3.97,8.54,"92,500","4,075","96,886","59,826","4,597",3.42,"1,672",6.73
60,포스코인터내셔널,"49,200",상승,100,+0.20%,"5,000","91,739","4,561","50,000","86,554","11,169",16.09,"480,454","50,300","50,100","173,363",-3.97,8.14,"50,300",215,"99,869","5,034",6.18,2.97,"49,150","2,826","175,923","323,408","3,058",1.30,"1,550",-2.39
61,한미반도체,"89,600",하락,"3,400",-3.66%,100,"127,566","11,493","90,700","85,400","2,554",63.01,"1,220,200","90,500","90,800","7,109",638.74,27.43,"91,300","2,792","1,700","1,526",7.66,21.27,"89,500",713,"95,312","5,589","1,422",16.29,720,251.50
62,한진칼,"127,700",하락,"3,100",-2.37%,"2,500","7,757",994,"131,000","85,255",492,18.72,"166,784","128,000","131,300","42,072",14.82,16.75,"129,600",78,"8,940","5,122",20.76,12.82,"127,000",57,"66,762","2,922","6,822",2.64,360,5.96
63,현대건설,"76,100",상승,800,+1.06%,"5,000","355,896","26,657","73,000","84,742","-12,634",-42.00,"1,704,580","72,900","73,100","270,054",-260.86,-2.09,"76,500","2,440","173,360","-7,662",23.90,-3.02,"72,600",499,"111,356","326,703","-1,812",1.06,600,10.18
64,KODEX CD금리액티브(합성),"1,072,860",상승,75,+0.01%,0,"24,423","26,202","1,072,860","84,677",N/A,N/A,"151,064","1,072,860","1,072,865",N/A,N/A,N/A,"1,072,865","696,474",N/A,N/A,0.00,N/A,"1,072,860","697,017","7,893",N/A,N/A,N/A,N/A,N/A
65,DB손해보험,"119,300",하락,900,-0.75%,500,"10,419","1,239","119,500","84,464","24,249",4.96,"233,918","118,400","119,600","665,061",8.50,18.98,"119,600",20,"571,149","18,532",46.33,2.93,"118,300",63,"70,800","218,350","24,043",0.89,"6,800",10.49
66,아모레퍼시픽,"139,800",하락,"5,700",-3.92%,500,"78,660","11,006","142,800","81,773","2,205",15.44,"1,441,367","141,700","143,000","67,835",103.83,11.69,"142,000",72,"14,575","6,016",23.81,9.50,"139,000",649,"58,493","38,851","9,057",1.82,"1,125",5.75
67,TIGER 미국S&P500,"20,370",상승,80,+0.39%,0,"364,553","7,411","20,280","81,368",N/A,N/A,"4,204,782","20,315","20,285",N/A,N/A,N/A,"20,380","3,119",N/A,N/A,0.14,N/A,"20,300","42,918","399,450",N/A,N/A,N/A,N/A,N/A
68,유한양행,"101,300",하락,"2,900",-2.78%,"1,000","55,256","5,622","103,200","81,008",549,123.39,"622,724","102,800","103,300","29,420",-3.77,3.41,"102,900",316,"7,914",552,17.72,1.92,"101,100",125,"79,968","20,678",821,3.67,500,11.23
69,LS ELECTRIC,"268,500",하락,"7,000",-2.54%,"5,000","19,552","5,252","268,500","80,550","3,897",34.99,"162,538","267,500","269,000","44,852",19.96,13.44,"270,500",393,"25,951","2,422",24.29,5.90,"266,500",295,"30,000","45,518","7,673",4.35,"2,900",7.60
70,대한항공,"21,800",상승,250,+1.16%,"5,000","420,843","9,137","21,500","80,272","21,102",6.56,"1,798,764","21,650","21,550","470,121",17.88,13.17,"21,900","20,039","360,489","13,819",16.37,3.57,"21,500","12,023","368,221","178,707","3,322",0.77,750,10.92
71,효성중공업,"831,000",상승,"4,000",+0.48%,"5,000","5,704","4,727","817,000","77,487","3,625",25.56,"140,652","820,000","818,000","62,188",40.59,14.90,"837,000",20,"41,632","2,229",22.64,4.06,"818,000",8,"9,325","48,950","32,509",3.94,"5,000",13.82
72,HD현대미포,"185,500",상승,500,+0.27%,"5,000","29,031","5,395","183,400","74,093",885,48.53,"335,085","183,500","183,500","51,089",157.89,5.25,"187,200",432,"30,024","1,132",22.37,2.26,"183,500",654,"39,942","46,300","3,822",3.58,710,14.63
73,한국금융지주,"130,200",하락,"1,700",-1.29%,"5,000","20,534","2,693","132,500","72,555","11,997",6.93,"413,415","131,800","132,900","1,092,202",46.24,11.54,"132,600",104,"994,857","10,459",37.43,1.02,"130,100",21,"55,726","211,741","18,792",0.77,"3,980",1.34
74,SK바이오팜,"90,800",하락,"2,100",-2.26%,500,"16,141","1,469","91,400","71,108",963,28.30,"262,289","91,400","91,500","10,368",356.75,58.01,"91,900",643,"4,628","2,270",11.13,25.79,"90,700",141,"78,313","5,476","3,208",12.53,N/A,54.30
75,S-Oil,"62,700",상승,"1,200",+1.95%,"2,500","318,976","20,588","64,700","70,589","4,222",-18.11,"417,862","65,800","65,200","244,514",-68.83,-2.18,"65,800","2,990","157,558","-1,930",73.36,-0.84,"62,000",34,"112,583","366,370","-3,463",0.84,125,2.55
76,코웨이,"96,900",하락,900,-0.92%,500,"8,966",870,"98,700","69,680","7,954",12.35,"389,988","97,200","99,200","57,616",8.77,19.38,"97,700",274,"25,654","5,655",61.41,10.66,"96,500",184,"71,909","43,101","7,843",2.21,"2,630",8.66
77,한화,"92,300",하락,"1,100",-1.18%,"5,000","80,063","7,515","92,000","69,187","24,161",8.82,"455,183","92,100","92,100","2,520,370",0.17,7.19,"95,400","1,513","2,124,752","16,904",15.78,0.73,"92,100",367,"74,959","556,468","10,464",0.83,800,4.73
78,KODEX 200,"40,130",하락,510,-1.25%,0,"1,004,702","40,403","40,295","65,432",N/A,N/A,"11,672,070","40,260","40,290",N/A,N/A,N/A,"40,290",479,N/A,N/A,32.16,N/A,"40,110","12,844","163,050",N/A,N/A,N/A,N/A,N/A
79,KODEX 머니마켓액티브,"103,150",상승,20,+0.02%,0,"27,487","2,835","103,150","64,085",N/A,N/A,"508,194","103,150","103,155",N/A,N/A,N/A,"103,152","1,018,923",N/A,N/A,0.00,N/A,"103,150","975,493","62,128",N/A,N/A,N/A,N/A,N/A
80,NH투자증권,"19,020",하락,150,-0.78%,"5,000","54,930","1,049","19,170","61,641","9,011",9.84,"655,199","19,050","19,200","624,271",24.16,8.73,"19,290","1,095","543,077","6,866",16.02,1.15,"19,000","1,761","324,086","100,343","1,932",0.82,950,-3.25
81,삼성증권,"67,200",하락,500,-0.74%,"5,000","45,212","3,047","67,600","60,010","12,058",6.71,"441,221","67,000","67,700","622,739",62.69,12.89,"67,900",120,"549,497","8,990",28.80,1.51,"67,000","1,914","89,300","134,666","10,015",0.83,"3,500",2.26
82,LG유플러스,"13,300",상승,80,+0.61%,"5,000","120,976","1,611","13,200","58,069","8,631",14.19,"1,322,332","13,210","13,210","197,077",-13.52,4.40,"13,420","1,135","109,394","3,146",37.24,1.58,"13,200",971,"436,611","146,252",937,0.67,650,1.76
83,맥쿼리인프라,"11,960",하락,20,-0.17%,0,"105,646","1,262","11,950","57,279",N/A,N/A,"1,323,298","11,970","11,960",N/A,N/A,N/A,"11,970","1,158",N/A,N/A,9.18,N/A,"11,920","9,160","478,922",N/A,N/A,N/A,N/A,N/A
84,두산밥캣,"58,800",상승,"6,600",+12.64%,500,"336,030","20,421","63,500","56,363","8,714",12.77,"165,614","63,000","64,100","120,096",-37.31,8.77,"64,000",287,"51,151","5,634",36.22,5.03,"58,500","1,115","95,856","85,512","4,606",0.82,"1,600",-12.38
85,삼성카드,"48,050",하락,250,-0.52%,"5,000","7,226",349,"48,150","55,670","8,854",8.29,"318,470","48,000","48,300","294,941",9.31,8.00,"48,850",213,"210,079","6,646",6.27,2.28,"47,950",103,"115,859","43,832","5,793",0.61,"2,800",9.47
86,현대차2우B,"158,800",하락,"3,000",-1.85%,"5,000","20,835","3,318","161,700","55,523",N/A,3.46,"117,182","161,000","161,700",N/A,N/A,N/A,"161,000",19,N/A,N/A,60.16,N/A,"158,100","1,557","34,964",N/A,"45,880",0.37,N/A,N/A
87,LS,"172,200",하락,"4,800",-2.71%,"5,000","13,749","2,380","174,700","55,448","10,729",19.52,"209,804","173,200","174,900","205,279",19.26,5.09,"175,000",13,"136,468","3,915",14.41,2.02,"172,100",169,"32,200","275,447","8,821",0.97,"1,650",12.52
88,한화솔루션,"31,500",하락,650,-2.02%,"5,000","227,825","7,158","31,750","54,146","-3,002",-5.55,"1,929,082","31,650","31,800","300,368",-151.83,-15.99,"31,700",514,"194,300","-13,690",12.93,-4.99,"31,050","3,954","171,893","123,940","-5,673",0.58,300,-5.23
89,에이피알,"140,700",상승,900,+0.64%,100,"33,167","4,611","138,600","53,528","1,227",40.03,"410,881","136,800","138,700","5,651",17.77,41.34,"141,900",6,"2,416","1,076",23.87,25.24,"136,000",165,"38,044","7,228","3,515",15.00,0,37.98
90,LG생활건강,"336,500",하락,"12,000",-3.44%,"5,000","11,471","3,886","342,000","52,555","4,590",32.98,"93,700","344,000","343,500","74,058",-5.74,3.44,"344,000",140,"17,199","2,039",28.47,2.79,"335,500",17,"15,618","68,119","10,204",1.00,"3,500",0.10
91,키움증권,"211,000",하락,"2,500",-1.17%,"5,000","11,910","2,517","207,500","51,849","10,982",7.23,"283,153","211,000","211,000","556,884",94.50,15.98,"214,500",93,"500,565","8,349",24.92,1.55,"209,000",124,"24,573","112,803","29,164",1.00,"7,500",18.18
92,넷마블,"60,300",하락,200,-0.33%,100,"9,781",588,"60,300","51,830","2,156",50.97,"389,210","60,100","60,500","81,771",414.93,0.49,"60,700",377,"27,032",32,24.90,0.04,"59,600",159,"85,954","26,638","1,183",0.91,417,6.46
93,TIGER 미국나스닥100,"131,710",하락,15,-0.01%,0,"42,739","5,622","131,100","49,615",N/A,N/A,"260,911","131,640","131,600",N/A,N/A,N/A,"131,760",52,N/A,N/A,0.17,N/A,"131,240","2,259","37,670",N/A,N/A,N/A,N/A,N/A
94,한국타이어앤테크놀로지,"38,950",하락,350,-0.89%,500,"21,480",837,"39,250","48,249","17,623",4.47,"690,119","39,000","39,300","158,497",32.71,10.79,"39,050",191,"46,549","11,311",35.83,7.91,"38,900",379,"123,875","94,119","8,704",0.43,"2,000",5.28
95,TIGER CD금리투자KIS(합성),"56,205",보합,0,0.00%,0,"11,034",620,"56,205","47,660",N/A,N/A,"124,353","56,210","56,210",N/A,N/A,N/A,"56,210","1,261,700",N/A,N/A,0.03,N/A,"56,205","1,224,651","84,796",N/A,N/A,N/A,N/A,N/A
96,현대오토에버,"163,600",하락,"5,100",-3.02%,500,"4,917",803,"164,600","44,866","2,244",27.19,"106,304","163,200","165,000","33,495",23.71,10.40,"164,400",10,"16,190","1,752",2.51,5.66,"162,800",13,"27,424","37,136","6,016",2.67,"1,780",21.16
97,LG디스플레이,"8,960",하락,260,-2.82%,"5,000","167,008","1,504","9,160","44,800","-5,606",-2.19,"1,621,235","9,080","9,170","328,596",77.67,-37.21,"9,080",700,"247,868","-24,093",20.70,-7.02,"8,960","3,593","500,000","266,153","-4,084",0.71,N/A,24.77
98,CJ,"153,000",하락,"5,900",-3.71%,"5,000","15,986","2,460","158,100","44,641","25,475",54.94,"286,055","155,000","158,300","474,970",24.93,1.83,"155,400",13,"297,506","1,512",11.13,0.32,"152,500",440,"29,177","436,467","2,785",0.95,"3,000",5.55
99,KODEX 미국S&P500,"18,745",상승,70,+0.37%,0,"464,662","8,700","18,670","43,854",N/A,N/A,"4,905,366","18,705","18,675",N/A,N/A,N/A,"18,750","3,013",N/A,N/A,0.25,N/A,"18,680","21,557","233,950",N/A,N/A,N/A,N/A,N/A
100,삼성E&A,"22,250",하락,150,-0.67%,"5,000","60,580","1,351","22,350","43,610","9,716",5.85,"1,259,075","22,200","22,400","100,133",-2.17,19.65,"22,450",68,"61,176","6,387",45.25,7.17,"22,150","1,242","196,000","99,666","3,804",1.02,660,-6.20
101,한전기술,"112,700",상승,"1,400",+1.26%,200,"242,403","26,648","107,700","43,074",548,37.21,"2,025,008","106,900","107,800","9,468",91.88,10.40,"112,800",64,"3,694",585,10.45,6.50,"106,700",704,"38,220","5,534","3,029",7.14,999,1.52
102,GS,"46,350",하락,50,-0.11%,"5,000","63,696","2,990","47,300","43,066","30,602",10.65,"214,381","47,450","47,350","350,634",-17.78,4.12,"47,450","1,619","165,930","8,635",16.88,2.48,"46,300",341,"92,915","252,975","4,351",0.31,"2,700",-2.62
103,오리온,"106,100",하락,"1,100",-1.03%,500,"14,005","1,477","104,600","41,948","5,436",7.84,"183,992","105,000","105,900","43,084",10.40,16.57,"106,700",795,"7,344","5,332",29.95,13.62,"105,000",35,"39,536","31,043","13,534",1.20,"2,500",6.59
104,SKC,"108,600",하락,"3,000",-2.69%,"5,000","40,206","4,371","109,100","41,125","-2,768",-7.88,"496,667","108,400","109,200","67,487",-29.53,-34.34,"109,900",623,"44,559","-4,551",14.25,-6.60,"108,100","2,095","37,868","17,216","-13,786",3.28,N/A,15.27
105,엔씨소프트,"190,800",상승,400,+0.21%,500,"13,654","2,585","190,400","41,106","-1,092",55.99,"232,899","189,900","190,500","39,539",-179.56,2.99,"191,500",122,"8,904",941,33.40,2.26,"186,900",85,"21,544","15,781","3,408",1.23,"1,460",-11.33
106,JB금융지주,"20,650",하락,450,-2.13%,"5,000","36,290",754,"21,100","40,042","9,061",6.03,"1,789,154","20,950","21,200","667,219",13.26,12.80,"21,100","1,640","609,971","6,930",34.67,1.07,"20,500",366,"193,908","46,238","3,422",0.70,995,10.25
107,한미약품,"312,000",상승,"10,000",+3.31%,"2,500","24,167","7,402","302,000","39,970","2,162",36.70,"95,339","297,500","302,500","20,208",-2.04,11.89,"314,000",78,"7,801","1,404",10.29,7.17,"296,000",49,"12,811","14,955","8,502",3.54,"1,250",0.31
108,풍산,"140,600",상승,"14,100",+11.15%,"5,000","271,993","38,827","140,300","39,402","3,238",16.37,"1,152,634","144,900","140,500","40,966",41.61,11.33,"149,500","3,152","18,973","2,360",22.67,6.09,"139,500",18,"28,024","45,544","8,589",1.77,"2,600",10.40
109,KODEX KOFR금리액티브(합성),"110,575",상승,5,0.00%,0,"2,070",228,"110,575","38,951",N/A,N/A,"339,729","110,580","110,580",N/A,N/A,N/A,"110,580","262,262",N/A,N/A,0.00,N/A,"110,575","474,424","35,226",N/A,N/A,N/A,N/A,N/A
110,SK바이오사이언스,"49,150",하락,"2,150",-4.19%,500,"91,749","4,506","49,850","38,518","-1,384",-80.05,"1,233,346","49,900","49,900","28,436","-1,054.77",-3.07,"49,900",821,"8,211",-501,6.75,-2.13,"48,450",504,"78,369","2,675",-614,2.13,0,-27.59
111,강원랜드,"17,950",하락,90,-0.50%,500,"43,135",771,"17,820","38,402","2,858",8.76,"742,374","17,830","17,850","47,006",1.25,12.09,"17,960",344,"8,170","4,569",13.87,9.99,"17,810",41,"213,940","14,269","2,050",0.97,"1,170",2.76
112,현대제철,"28,500",하락,500,-1.72%,"5,000","22,923",654,"28,800","38,032","1,595",-38.67,"382,525","28,700","28,850","347,438",-80.02,-0.06,"28,750","1,684","154,102",88,17.98,0.03,"28,450",725,"133,446","232,261",-737,0.20,750,-10.38
113,BNK금융지주,"11,750",하락,40,-0.34%,"5,000","76,060",897,"11,740","37,410","8,759",5.84,"1,576,402","11,680","11,750","1,524,705",9.33,6.96,"11,920",575,"1,413,229","7,500",40.26,0.50,"11,650",522,"318,384","100,314","2,012",0.36,650,3.80
114,현대차우,"157,500",하락,"2,900",-1.81%,"5,000","16,581","2,619","160,000","36,762",N/A,3.43,"96,952","158,800","160,100",N/A,N/A,N/A,"159,100",37,N/A,N/A,61.34,N/A,"157,500",511,"23,341",N/A,"45,880",0.37,N/A,N/A
115,CJ제일제당,"238,500",하락,"4,500",-1.85%,"5,000","9,988","2,386","240,500","35,904","15,530",52.87,"56,371","240,500","241,000","301,500",20.24,1.97,"241,000",757,"179,072","3,618",20.66,1.21,"238,000",209,"15,054","293,591","4,511",0.49,"6,000",1.16
116,한국가스공사,"38,650",상승,500,+1.31%,"5,000","127,139","4,965","39,300","35,679","30,034",3.22,"345,126","39,300","39,350","576,696",93.34,11.21,"39,350","2,240","468,433","11,490",9.94,2.00,"38,500","1,784","92,313","383,887","12,001",0.31,"1,455",-13.84
117,포스코DX,"23,050",하락,"1,050",-4.36%,500,"76,398","1,768","23,750","35,044","1,090",41.76,"841,891","23,500","23,800","8,925",-1.42,17.92,"23,500",168,"3,666",886,2.95,9.94,"22,950","1,128","152,035","14,733",552,6.55,125,-0.85
118,LG이노텍,"144,700",하락,"5,000",-3.34%,"5,000","29,651","4,314","146,700","34,246","7,060",8.64,"130,392","147,100","146,800","113,782",-15.02,8.92,"147,400",978,"60,243","4,493",22.81,3.98,"144,400",747,"23,667","212,008","16,750",0.64,"2,090",2.89
119,KODEX 종합채권(AA-이상)액티브,"118,370",하락,65,-0.05%,0,"8,657","1,024","118,390","33,965",N/A,N/A,"44,718","118,240","118,480",N/A,N/A,N/A,"118,420","14,616",N/A,N/A,0.00,N/A,"118,225","9,000","28,694",N/A,N/A,N/A,N/A,N/A
120,이수페타시스,"46,200",하락,250,-0.54%,"1,000","181,146","8,346","45,000","33,915","1,019",32.33,"980,902","45,000","45,100","7,901",63.87,24.92,"46,750","1,433","4,626",740,14.17,10.45,"45,000",34,"73,409","8,369","1,429",8.60,143,23.92
121,두산로보틱스,"51,100",하락,"1,400",-2.67%,500,"41,764","2,149","52,400","33,123",-412,-76.84,"513,312","52,400","52,500","4,217",-114.96,-8.69,"52,400",248,192,-366,2.28,-8.33,"50,900","1,533","64,820",468,-665,8.42,N/A,-11.71
122,현대엘리베이터,"83,500",하락,"1,700",-2.00%,"5,000","25,181","2,097","83,000","32,642","2,257",15.62,"282,068","82,500","83,400","35,738",173.22,14.42,"84,000",279,"22,315","1,939",26.10,5.46,"82,200",292,"39,092","28,853","5,347",2.64,"5,500",10.88
123,TIGER 미국테크TOP10 INDXX,"23,160",하락,100,-0.43%,0,"483,990","11,201","23,240","31,046",N/A,N/A,"3,575,610","23,135","23,250",N/A,N/A,N/A,"23,180",145,N/A,N/A,0.27,N/A,"23,090","10,865","134,050",N/A,N/A,N/A,N/A,N/A
124,코스맥스,"272,000",하락,"7,500",-2.68%,500,"9,649","2,638","275,500","30,871","1,754",41.33,"210,908","274,500","276,000","19,337",51.61,20.53,"275,500",52,"14,249",884,35.29,5.07,"271,500",463,"11,350","21,661","6,581",7.05,"2,300",21.86
125,대한전선,"16,380",하락,150,-0.91%,"1,000","401,248","6,552","16,150","30,540","1,152",39.09,"8,150,431","16,160","16,160","26,427",44.28,5.85,"16,580",66,"11,466",742,6.66,3.28,"16,080","2,372","186,447","32,913",419,2.02,N/A,15.73
126,F&F,"78,100",하락,"1,200",-1.51%,100,"3,347",260,"78,000","29,918","4,507",8.61,"135,723","78,100","78,900","22,859",-18.32,25.27,"78,800",120,"7,086","3,560",11.24,16.59,"77,600",78,"38,307","18,960","9,076",1.86,"1,700",-4.17
127,금호석유화학,"113,000",보합,0,0.00%,"5,000","10,144","1,151","114,600","29,899","2,728",9.29,"103,268","114,600","114,700","83,402",-24.00,5.88,"114,600",94,"22,980","3,486",17.70,4.27,"112,800",207,"26,460","71,550","12,168",0.48,"2,200",13.17
128,한미사이언스,"43,500",상승,300,+0.69%,500,"32,572","1,408","42,850","29,750",989,56.42,"1,636,626","43,150","43,650","12,902",-837.74,-5.56,"43,200",511,"5,526",-427,22.50,-3.57,"42,450",316,"69,932","2,998",-600,4.06,0,-68.52
129,에코프로머티,"42,450",하락,"1,700",-3.85%,500,"90,119","3,853","43,600","29,686",-647,-70.75,"392,412","42,650","43,100","13,491",-20.57,7.30,"43,650",159,"5,104",567,1.76,4.40,"42,600",396,"68,392","12,834",771,3.45,300,2.85
130,시프트업,"50,000",하락,"1,200",-2.34%,200,"22,202","1,109","50,800","29,391","1,527",18.40,"329,800","50,200","51,000","8,038",37.47,31.30,"50,400",30,394,"1,480",37.64,29.37,"49,750",352,"58,782","2,241","2,717",3.69,0,32.91
131,TIGER KOFR금리액티브(합성),"109,075",상승,10,+0.01%,0,"6,234",679,"109,070","29,024",N/A,N/A,"63,755","109,070","109,075",N/A,N/A,N/A,"109,075","32,342",N/A,N/A,0.00,N/A,"109,070","52,100","26,609",N/A,N/A,N/A,N/A,N/A
132,롯데지주,"27,050",하락,650,-2.35%,200,"12,214",331,"27,800","28,378","3,405",-2.64,"308,876","27,400","27,900","226,603",-31.04,-15.56,"27,400",18,"134,605","-9,461",7.80,-4.13,"27,000","2,410","104,909","157,570","-10,260",0.32,"1,200",3.94
133,서울보증보험,"40,500",하락,700,-1.70%,"2,500","13,700",557,"41,150","28,278","2,797",13.27,"154,822","40,950","41,200","93,336",-46.64,4.12,"41,150",71,"41,581","2,133",1.15,2.31,"40,350",429,"69,822","27,513","3,052",0.56,"2,865",5.41
134,한화생명,"3,215",하락,35,-1.08%,"5,000","96,577",309,"3,240","27,923","10,970",4.13,"4,456,176","3,225","3,245","1,601,464",3.78,6.98,"3,225","9,571","1,458,684","8,660",10.12,0.56,"3,185","6,531","868,530","245,852",778,0.21,N/A,7.91
135,KCC,"309,000",하락,"5,000",-1.59%,"5,000","1,629",501,"309,500","27,459","4,711",-23.36,"34,187","310,000","311,000","131,086",50.74,6.08,"310,000",36,"80,692","2,933",9.82,2.22,"305,000",14,"8,886","66,588","-13,230",0.36,"10,000",5.89
136,한전KPS,"60,600",상승,"2,900",+5.03%,200,"208,661","12,558","59,300","27,270","2,095",19.47,"1,178,206","59,400","59,400","16,902",5.08,13.26,"61,200",407,"3,617","1,724",13.44,10.49,"58,400","3,192","45,000","15,571","3,113",2.23,"2,469",1.52
137,동서,"26,850",하락,200,-0.74%,500,"10,768",288,"26,550","26,769",445,18.02,"94,805","26,700","26,600","17,791",1.66,9.52,"26,950",59,697,"1,590",4.42,9.16,"26,400",21,"99,700","4,889","1,490",1.61,890,-0.17
138,RISE 머니마켓액티브,"54,337",하락,3,-0.01%,0,"19,893","1,080","54,335","26,573",N/A,N/A,"532,940","54,340","54,340",N/A,N/A,N/A,"54,340","86,140",N/A,N/A,1.06,N/A,"54,335","112,810","48,904",N/A,N/A,N/A,N/A,N/A
139,TIGER 200,"40,110",하락,490,-1.21%,0,"444,801","17,876","40,240","26,453",N/A,N/A,"2,860,987","40,245","40,255",N/A,N/A,N/A,"40,260","12,657",N/A,N/A,11.28,N/A,"40,085","10,002","65,950",N/A,N/A,N/A,N/A,N/A
140,영원무역,"59,500",하락,400,-0.67%,500,"5,621",336,"60,000","26,365","3,156",6.12,"61,009","59,400","60,400","53,897",-50.47,12.32,"60,500",15,"14,941","2,945",29.40,5.51,"58,700",8,"44,311","35,178","9,724",0.69,"1,400",-2.40
141,KODEX 200TR,"14,310",하락,165,-1.14%,0,"51,669",740,"14,345","26,338",N/A,N/A,"1,754,959","14,380","14,350",N/A,N/A,N/A,"14,380",72,N/A,N/A,0.00,N/A,"14,290","1,871","184,050",N/A,N/A,N/A,N/A,N/A
142,롯데케미칼,"60,500",하락,"1,700",-2.73%,"5,000","13,042",791,"61,500","25,879","-8,941",-1.43,"172,345","61,400","61,600","345,523",-157.14,-11.44,"61,400",131,"145,644","-18,256",20.75,-5.37,"60,100",387,"42,775","204,304","-42,451",0.18,"2,000",2.43
143,에스원,"67,900",상승,300,+0.44%,500,"2,301",155,"67,600","25,801","2,092",14.49,"70,605","67,100","67,900","23,227",-1.58,10.85,"68,200",392,"6,620","1,767",56.02,7.85,"67,100","1,014","37,999","28,047","4,687",1.42,"2,700",7.02
144,KODEX 미국나스닥100,"19,800",하락,10,-0.05%,0,"183,247","3,623","19,785","25,562",N/A,N/A,"884,133","19,780","19,790",N/A,N/A,N/A,"19,810","19,407",N/A,N/A,0.14,N/A,"19,740","13,472","129,100",N/A,N/A,N/A,N/A,N/A
145,아모레퍼시픽홀딩스,"31,850",하락,50,-0.16%,500,"42,179","1,334","31,700","25,307","2,493",11.32,"612,575","31,550","31,800","85,405",64.00,7.57,"31,950",441,"15,488","6,529",9.88,8.07,"31,150","3,290","79,458","42,599","2,813",0.85,330,5.93
146,TIGER 미국필라델피아반도체나스닥,"18,670",하락,160,-0.85%,0,"279,625","5,222","18,560","24,719",N/A,N/A,"787,040","18,655","18,735",N/A,N/A,N/A,"18,735",892,N/A,N/A,0.39,N/A,"18,645","2,225","132,400",N/A,N/A,N/A,N/A,N/A
147,산일전기,"80,900",하락,"1,100",-1.34%,500,"62,260","5,004","80,400","24,630","1,092",25.17,"531,435","80,300","80,500","4,927",134.38,29.88,"81,100",406,584,837,9.24,24.47,"79,400",719,"30,445","3,340","3,214",5.44,420,55.68
148,한화엔진,"29,300",하락,450,-1.51%,"1,000","74,175","2,195","29,300","24,450",715,29.21,"1,178,905","29,800","29,350","14,131",719.51,25.64,"29,800",415,"10,198",792,12.85,6.21,"29,200",634,"83,447","12,022","1,003",5.92,N/A,40.71
149,한화비전,"48,050",하락,"1,600",-3.22%,500,"96,377","4,643","48,950","24,260",-1,75.67,"1,215,009","48,600","49,000","15,911",N/A,N/A,"48,600",49,"7,664",32,19.28,N/A,"47,950","1,494","50,488","4,933",635,2.93,N/A,N/A
150,SK가스,"261,500",상승,"17,500",+7.17%,"5,000","14,500","3,831","259,500","24,176","2,872",9.81,"63,696","265,000","260,000","75,396",-5.41,6.74,"272,000",63,"48,013","1,778",7.55,2.61,"257,500",56,"9,245","70,959","26,657",0.85,"8,000",1.48
151,농심,"395,000",상승,500,+0.13%,"5,000","2,423",952,"394,500","24,026","1,631",15.38,"23,272","393,000","395,000","35,975",-23.10,6.17,"396,000",62,"9,249","1,576",17.60,4.61,"390,500",14,"6,083","34,387","25,679",0.85,"5,000",0.83
152,HD현대인프라코어,"12,340",하락,350,-2.76%,"1,000","263,026","3,258","12,560","23,766","1,842",29.88,"4,643,777","12,400","12,570","42,872",-55.97,5.92,"12,550",85,"24,400","1,084",14.38,2.49,"12,260","1,640","192,591","41,142",413,1.25,70,-11.71
153,KODEX 레버리지,"21,505",하락,560,-2.54%,0,"3,936,930","85,091","21,615","23,688",N/A,N/A,"30,235,345","21,650","21,620",N/A,N/A,N/A,"21,680","18,429",N/A,N/A,0.21,N/A,"21,485","2,090","110,150",N/A,N/A,N/A,N/A,N/A
154,제일기획,"20,400",상승,100,+0.49%,200,"29,431",596,"20,200","23,468","3,207",12.15,"289,383","20,100","20,250","33,066",4.29,15.12,"20,450",202,"18,325","2,083",23.96,6.73,"20,100",431,"115,041","43,443","1,679",1.49,"1,230",4.98
155,이마트,"83,200",하락,"1,500",-1.77%,"5,000","10,965",914,"82,000","22,960",471,-4.24,"299,103","83,700","82,200","339,306",200.35,-5.40,"83,800",550,"207,466","-5,734",22.27,-1.70,"83,100",42,"27,596","290,209","-19,614",0.22,"2,000",-1.53
156,현대해상,"25,400",하락,300,-1.17%,500,"28,983",738,"25,650","22,708","12,441",3.33,"575,813","25,600","25,700","485,238",67.33,15.75,"25,600","1,012","437,804","8,505",35.37,1.84,"25,350",154,"89,400","173,245","7,619",0.49,N/A,8.86
157,ACE 미국30년국채액티브(H),"7,660",하락,25,-0.33%,0,"255,829","1,959","7,665","22,536",N/A,N/A,"1,567,464","7,660","7,680",N/A,N/A,N/A,"7,665","22,922",N/A,N/A,0.01,N/A,"7,655","19,651","294,200",N/A,N/A,N/A,N/A,N/A
158,KODEX CD1년금리플러스액티브(합성),"1,023,670",상승,55,+0.01%,0,862,882,"1,023,665","22,232",N/A,N/A,"5,900","1,023,665","1,023,670",N/A,N/A,N/A,"1,023,670","381,011",N/A,N/A,0.00,N/A,"1,023,665","379,994","2,172",N/A,N/A,N/A,N/A,N/A
159,더존비즈온,"72,000",상승,"1,200",+1.69%,500,"56,843","4,101","71,800","21,876",881,40.72,"334,445","72,200","71,900","10,376",27.50,12.17,"73,000","1,034","4,828",780,11.90,8.12,"71,100",298,"30,383","4,023","1,768",3.92,477,13.79
160,팬오션,"3,990",상승,80,+2.05%,"1,000","1,192,461","4,855","4,070","21,329","4,712",7.63,"1,492,070","4,135","4,075","102,715",22.11,5.17,"4,135","16,149","46,181","2,681",15.22,2.96,"3,985",558,"534,570","51,612",523,0.38,120,18.35
161,달바글로벌,"175,600",상승,"3,100",+1.80%,100,"189,251","32,670","172,500","21,240",598,123.06,"251,274","171,900","185,300","1,361",84.44,26.21,"177,900",149,340,154,3.45,14.39,"167,000",16,"12,096","3,091","1,427",19.73,305,53.91
162,BGF리테일,"122,800",하락,"2,200",-1.76%,"1,000","3,486",430,"125,000","21,225","2,516",11.46,"80,363","124,600","125,100","34,026",-0.61,17.29,"124,600",211,"22,185","1,952",27.44,5.90,"122,800",22,"17,284","86,988","10,714",1.88,"4,100",6.15
163,한국콜마,"88,900",하락,"1,400",-1.55%,500,"13,401","1,194","90,100","20,985","1,939",21.64,"249,185","89,300","90,200","31,267",42.39,12.50,"89,800",22,"16,210","1,253",38.19,4.09,"88,500",370,"23,605","24,521","4,109",2.66,720,13.75
164,롯데쇼핑,"73,800",하락,"1,200",-1.60%,"5,000","3,953",292,"74,900","20,877","4,731",-2.03,"77,273","74,200","75,000","390,030",-6.94,-7.75,"74,500",5,"219,694","-9,941",8.35,-2.86,"73,800",314,"28,289","139,866","-36,401",0.14,"3,800",-3.91
165,한온시스템,"3,055",하락,85,-2.71%,100,"110,909",339,"3,100","20,736",955,-4.43,"1,059,715","3,100","3,110","106,203",-66.31,-13.90,"3,100","2,029","76,215","-3,586",4.99,-3.61,"3,045","1,264","678,763","99,987",-690,0.72,N/A,5.01
166,ACE 미국S&P500,"20,590",상승,85,+0.41%,0,"69,004","1,417","20,500","20,693",N/A,N/A,"414,090","20,555","20,505",N/A,N/A,N/A,"20,595",662,N/A,N/A,0.11,N/A,"20,515","7,026","100,500",N/A,N/A,N/A,N/A,N/A
167,TIGER 미국배당다우존스,"11,635",상승,85,+0.74%,0,"183,926","2,134","11,570","20,466",N/A,N/A,"843,221","11,570","11,575",N/A,N/A,N/A,"11,640","20,141",N/A,N/A,0.04,N/A,"11,565",324,"175,900",N/A,N/A,N/A,N/A,N/A
168,DB하이텍,"45,550",하락,"1,500",-3.19%,"5,000","19,639",901,"46,850","20,224","1,908",8.75,"173,077","46,450","46,900","23,969",-28.10,12.44,"46,450",72,"3,962","2,294",26.64,10.33,"45,550",872,"44,399","11,312","5,205",0.97,"1,230",-2.00
169,CJ대한통운,"88,400",하락,"2,300",-2.54%,"5,000","9,357",832,"89,500","20,166","5,307",8.58,"221,613","89,800","89,800","97,439",10.50,6.58,"89,900",23,"55,183","2,683",14.00,2.81,"88,200",11,"22,812","121,168","10,305",0.45,800,2.97
170,미스토홀딩스,"33,550",하락,300,-0.89%,"1,000","4,003",134,"33,750","20,162","3,608",21.47,"921,732","33,550","33,850","55,364",18.88,4.30,"34,000",11,"28,001","2,077",39.35,3.95,"33,350",436,"60,096","42,687","1,563",0.97,"1,200",6.54
171,호텔신라,"50,300",하락,"1,400",-2.71%,"5,000","18,818",946,"50,400","19,742",-52,-30.45,"305,683","50,400","50,900","38,139",-105.68,-6.50,"50,800",195,"25,295",-615,12.84,-1.80,"49,900",394,"39,248","39,476","-1,652",1.49,N/A,10.62
172,씨에스윈드,"46,750",하락,"1,350",-2.81%,500,"22,594","1,059","47,900","19,715","2,555",7.14,"446,929","47,500","48,000","36,095",145.19,13.92,"47,500",79,"24,092","1,437",12.86,4.44,"46,500",695,"42,171","30,725","6,546",1.60,"1,000",102.12
173,아시아나항공,"9,570",하락,160,-1.64%,"5,000","13,817",132,"9,870","19,713","2,757",-8.70,"302,075","9,740","10,000","134,499",-55.53,-53.21,"9,740",525,"124,468","-4,130",2.74,-3.12,"9,520",308,"205,991","83,186","-1,100",1.94,N/A,9.12
174,KODEX 코스닥150레버리지,"7,830",하락,385,-4.69%,0,"6,110,400","48,180","8,015","19,669",N/A,N/A,"32,148,148","7,955","8,020",N/A,N/A,N/A,"7,960","31,181",N/A,N/A,0.58,N/A,"7,815",773,"251,200",N/A,N/A,N/A,N/A,N/A
175,코리안리,"10,010",상승,20,+0.20%,500,"14,901",148,"9,990","19,502","4,054",5.51,"370,747","9,990","10,000","131,604",11.48,9.45,"10,030",158,"97,075","3,167",27.83,2.51,"9,940",409,"194,821","69,579","1,816",0.52,515,-0.08
176,iM금융지주,"11,700",하락,80,-0.68%,"5,000","25,754",301,"11,670","19,468","2,634",7.67,"667,262","11,640","11,700","941,486",-50.69,3.60,"11,800",79,"879,429","2,016",43.62,0.22,"11,610",392,"166,393","80,505","1,525",0.32,500,-2.58
177,동원산업,"48,500",하락,"1,150",-2.32%,"1,000","2,459",119,"49,100","19,218","5,013",27.09,"79,622","48,800","49,600","71,582",7.87,2.74,"48,800",38,"39,118","1,136",1.81,1.53,"48,200",8,"39,624","89,442","1,790",0.68,"1,000",-0.05
178,신영증권,"115,700",하락,"3,000",-2.53%,"5,000","5,534",643,"118,700","19,021","1,361",17.51,"53,239","117,800","118,900","103,796",-20.09,6.45,"117,800",319,"85,469","1,123",7.01,1.04,"114,000",109,"16,440","24,664","6,607",0.51,"5,000",-10.78
179,SNT다이내믹스,"57,000",상승,100,+0.18%,"2,500","13,034",756,"58,000","18,954","1,105",18.76,"81,180","59,000","58,100","10,341",165.67,12.90,"59,000",599,"2,437",961,8.17,9.20,"56,800",84,"33,253","6,145","3,038",1.63,"1,300",26.44
180,GS건설,"21,500",하락,350,-1.60%,"5,000","60,088","1,289","21,350","18,400","2,860",13.24,"636,317","21,350","21,400","178,033",173.71,5.63,"21,650","1,126","127,162","2,639",23.83,1.49,"21,350","2,446","85,581","128,638","1,624",0.41,300,-4.26
181,DL이앤씨,"46,950",상승,550,+1.19%,"5,000","34,215","1,591","46,350","18,167","2,709",8.63,"709,388","46,300","46,400","97,124",-18.06,4.77,"47,000",27,"48,667","2,292",30.64,2.41,"45,200",237,"38,694","83,184","5,440",0.40,540,4.10
182,대웅제약,"156,300",하락,"1,800",-1.14%,"2,500",913,142,"157,700","18,110","1,479",47.06,"45,869","155,700","158,100","19,770",20.68,3.17,"156,900",14,"10,500",233,9.04,1.25,"154,600",28,"11,587","14,227","3,321",2.24,600,3.44
183,한솔케미칼,"158,800",하락,"4,100",-2.52%,"5,000","4,318",687,"159,700","18,000","1,288",14.14,"87,428","159,000","160,300","14,647",3.77,13.48,"160,600",3,"3,932","1,249",32.93,8.87,"158,700",21,"11,335","7,764","11,232",1.77,"2,100",0.61
184,SK아이이테크놀로지,"25,200",하락,950,-3.63%,"1,000","42,680","1,080","26,150","17,967","-2,910",-8.73,"511,160","25,900","26,250","41,501",-680.51,-10.41,"25,900",592,"18,256","-2,466",6.63,-5.99,"25,150",663,"71,298","2,179","-2,886",0.75,N/A,-66.40
185,엘앤에프,"49,250",하락,"1,850",-3.62%,500,"54,211","2,677","49,500","17,886","-5,587",-4.74,"575,019","50,000","49,600","27,998",-151.32,-41.74,"50,300",971,"20,765","-3,807",16.42,-12.38,"49,000",52,"36,316","19,075","-10,395",2.75,0,-58.93
186,HD현대마린엔진,"52,400",하락,100,-0.19%,"2,500","49,108","2,597","53,000","17,775",332,20.32,"444,552","53,200","53,200","4,950",80.60,28.34,"186,400",128,"86,971","1,866",12.11,1.25,"183,600",3,"9,645","65,704","6,353",0.38,"4,500",3.36
187,신세계,"184,200",하락,"3,100",-1.66%,"5,000","1,787",330,"185,000","17,766","4,770",28.99,"58,503","185,000","185,500","150,718",-25.44,2.54,"53,600",156,"1,856",758,14.17,15.97,"52,200",30,"33,921","3,158","2,579",5.44,N/A,29.23
188,한국앤컴퍼니,"18,650",하락,270,-1.43%,500,"6,204",115,"18,750","17,705","4,183",5.03,"215,813","18,660","18,760","51,364",63.03,8.28,"18,740",33,"6,836","3,507",10.28,7.17,"18,600","1,518","94,935","13,910","3,709",0.39,"1,000",27.65
189,영원무역홀딩스,"129,900",하락,"2,100",-1.59%,500,970,125,"129,000","17,536","5,170",5.35,"35,210","129,000","131,000","65,767",-40.75,13.17,"130,900",15,"15,896","4,956",20.45,7.65,"128,100",515,"13,499","43,060","24,299",0.55,"5,350",-1.14
190,TIGER 25-10 회사채(A+이상)액티브,"55,060",하락,5,-0.01%,0,"8,395",462,"55,060","17,408",N/A,N/A,"133,369","55,060","55,065",N/A,N/A,N/A,"55,065","43,429",N/A,N/A,0.15,N/A,"55,060",167,"31,616",N/A,N/A,N/A,N/A,N/A
191,대우건설,"4,185",하락,70,-1.65%,"5,000","262,527","1,091","4,160","17,394","4,031",8.63,"2,223,374","4,135","4,170","126,585",-39.15,5.62,"4,195","2,453","83,244","2,428",11.42,2.03,"4,125",602,"415,623","105,036",485,0.40,N/A,-9.82
192,현대백화점,"76,100",보합,0,0.00%,"5,000","7,394",562,"76,000","17,221","2,840",-48.38,"184,825","75,800","76,100","112,177",-6.40,-0.81,"76,800",4,"49,833",-8,22.76,-0.01,"74,300",21,"22,629","41,876","-1,573",0.38,"1,400",-0.47
193,두산우,"415,000",상승,"11,000",+2.72%,"5,000","23,005","9,295","392,000","16,585",N/A,-42.83,"74,535","388,000","398,000",N/A,N/A,N/A,"422,250",36,N/A,N/A,1.64,N/A,"387,000",142,"3,996",N/A,"-9,690",4.95,N/A,N/A
194,HDC현대산업개발,"24,650",상승,350,+1.44%,"5,000","58,972","1,463","25,150","16,246","1,846",9.06,"299,425","25,000","25,200","74,619",-5.47,5.09,"25,000","2,553","43,473","1,557",13.69,2.15,"24,600","1,097","65,907","42,562","2,722",0.51,700,1.56
195,KODEX 단기채권PLUS,"114,805",상승,5,0.00%,0,"3,123",358,"114,800","16,192",N/A,N/A,"26,605","114,805","114,805",N/A,N/A,N/A,"114,810","55,140",N/A,N/A,0.00,N/A,"114,800","94,044","14,104",N/A,N/A,N/A,N/A,N/A
196,오뚜기,"394,500",하락,"3,000",-0.75%,"5,000",382,150,"396,000","15,811","2,220",12.92,"11,828","395,000","396,500","35,974",-12.90,6.86,"395,500",10,"14,159","1,376",11.83,3.88,"392,500",236,"4,008","35,391","30,537",0.67,"9,000",2.45
197,RISE 종합채권(A-이상)액티브,"109,860",하락,10,-0.01%,0,128,14,"109,850","15,778",N/A,N/A,"2,419","109,830","109,870",N/A,N/A,N/A,"109,910","6,000",N/A,N/A,0.00,N/A,"109,810","2,077","14,362",N/A,N/A,N/A,N/A,N/A
198,일진전기,"32,400",하락,500,-1.52%,"1,000","40,631","1,312","32,250","15,450",797,27.36,"597,689","32,150","32,350","12,490",31.25,10.60,"32,500","2,016","7,487",462,7.03,4.24,"32,000",564,"47,685","15,772","1,184",3.04,300,26.51
199,HL만도,"32,700",하락,950,-2.82%,"1,000","46,242","1,520","33,300","15,355","3,588",84.28,"339,534","33,100","33,350","70,520",28.46,5.47,"33,100",611,"43,793","1,582",26.07,2.37,"32,700",485,"46,957","88,482",388,0.64,700,5.42
200,TIGER 차이나전기차SOLACTIVE,"8,945",하락,40,-0.45%,0,"120,023","1,072","8,905","15,260",N/A,N/A,"761,443","8,905","8,985",N/A,N/A,N/A,"8,980",559,N/A,N/A,0.14,N/A,"8,905","10,887","170,600",N/A,N/A,N/A,N/A,N/A
201,ACE 미국나스닥100,"22,645",보합,0,0.00%,0,"57,388","1,297","22,625","15,195",N/A,N/A,"254,558","22,630","22,630",N/A,N/A,N/A,"22,655","30,030",N/A,N/A,0.02,N/A,"22,555","2,501","67,100",N/A,N/A,N/A,N/A,N/A
202,두산퓨얼셀,"22,900",하락,550,-2.35%,100,"294,332","6,654","22,950","14,998",-17,-91.97,"8,128,265","22,350","23,000","11,797",N/A,N/A,"23,050","5,053","6,808",-105,10.67,N/A,"22,200","8,708","65,494","4,118",-249,3.83,N/A,N/A
203,엠앤씨솔루션,"163,200",상승,"7,300",+4.68%,100,"9,517","1,586","177,100","14,939",348,48.57,"69,581","170,000","181,100","3,571",68.59,21.82,"170,900",5,"1,917",270,5.37,7.86,"162,400",9,"9,154","2,828","3,360",9.35,"1,480",54.16
204,녹십자,"126,800",하락,"2,500",-1.93%,"5,000","3,223",409,"129,100","14,819",321,51.59,"29,078","128,600","129,300","27,439",-6.76,-2.06,"128,800",22,"12,629",-426,19.28,-1.58,"126,500",183,"11,687","16,799","2,458",1.16,"1,500",3.27
205,다우기술,"32,550",하락,350,-1.06%,500,"43,586","1,406","32,450","14,604","11,747",4.12,"276,917","32,500","32,850","571,479",83.58,13.16,"32,900",210,"508,554","8,528",24.13,1.54,"30,450",769,"44,867","116,258","7,909",0.48,"1,400",17.97
206,TIGER MSCI Korea TR,"16,590",하락,195,-1.16%,0,"1,259",20,"16,785","14,433",N/A,N/A,"15,832","16,755","16,790",N/A,N/A,N/A,"16,755",6,N/A,N/A,0.00,N/A,"16,525",21,"87,000",N/A,N/A,N/A,N/A,N/A
207,에스엘,"30,975",하락,"1,175",-3.65%,500,"18,248",567,"31,600","14,387","3,952",4.09,"127,594","31,350","31,800","36,989",2.33,17.42,"31,650",162,"13,016","3,820",16.16,11.02,"30,900",306,"46,449","49,733","7,575",0.61,"1,200",2.78
208,KODEX 200선물인버스2X,"1,538",상승,39,+2.60%,0,"50,369,156","77,082","1,526","14,254",N/A,N/A,"329,200,050","1,525","1,527",N/A,N/A,N/A,"1,539","987,153",N/A,N/A,1.11,N/A,"1,524","1,423,646","926,800",N/A,N/A,N/A,N/A,N/A
209,하이트진로,"20,100",하락,250,-1.23%,"5,000","15,294",307,"20,200","14,097","2,081",13.31,"191,218","20,100","20,250","34,415",67.97,8.63,"20,150","1,578","22,920",957,9.35,2.82,"20,000","5,063","70,134","25,992","1,510",1.25,700,3.14
210,TIGER 25-12 금융채(AA-이상),"51,295",하락,5,-0.01%,0,117,6,"51,290","14,088",N/A,N/A,420,"51,305","51,300",N/A,N/A,N/A,"51,305","35,000",N/A,N/A,0.00,N/A,"6,460","1,002","214,548","24,958",-3,0.83,N/A,26.75
211,GS리테일,"16,840",하락,150,-0.88%,"1,000","14,844",249,"16,970","14,079","2,391",-62.37,"515,677","16,970","16,980","75,816",-18.05,0.07,"16,970",433,"44,001",98,8.89,0.11,"51,295","15,000","27,464",N/A,N/A,N/A,N/A,N/A
212,한화투자증권,"6,540",하락,310,-4.53%,"5,000","591,403","3,869","6,510","14,031",40,"-2,180.00","3,120,440","6,500","6,540","140,181",-87.39,2.37,"6,650","14,034","123,119",389,7.39,0.29,"16,690","2,934","83,607","116,269",-270,0.44,500,4.43
213,RISE 200,"40,390",하락,485,-1.19%,0,"22,791",922,"40,525","13,955",N/A,N/A,"1,155,981","40,495","40,585",N/A,N/A,N/A,"40,550","19,846",N/A,N/A,0.03,N/A,"40,390","20,007","34,550",N/A,N/A,N/A,N/A,N/A
214,대웅,"23,650",하락,550,-2.27%,500,"7,514",178,"23,950","13,751","2,819",21.84,"62,893","23,900","24,000","27,207",44.12,5.99,"23,950",85,"12,182",689,5.61,2.71,"23,500",497,"58,142","19,369","1,083",0.96,200,6.79
215,오리온홀딩스,"21,700",하락,200,-0.91%,500,"13,520",291,"21,750","13,594","5,062",8.91,"133,607","21,400","21,800","59,332",24.86,7.03,"21,800",36,"10,545","4,795",11.07,8.66,"21,250","6,774","62,645","31,952","2,436",0.55,800,8.17
216,OCI홀딩스,"72,200",하락,100,-0.14%,"5,000","7,385",534,"72,700","13,584","1,015",-17.54,"132,370","72,700","72,800","80,937",-80.89,2.54,"72,700",70,"32,581","1,137",17.24,1.62,"71,900",131,"18,815","35,774","-4,116",0.34,"2,200",35.01
217,HDC,"22,450",하락,50,-0.22%,"5,000","11,119",251,"22,550","13,412","3,447",6.96,"170,812","22,500","22,700","123,983",10.25,5.65,"22,850","5,597","72,995","2,603",20.82,2.18,"22,300","1,832","59,742","62,003","3,226",0.42,350,4.94
218,HD현대건설기계,"75,400",하락,500,-0.66%,"5,000","26,897","2,049","76,500","13,317","1,904",16.97,"121,390","76,400","77,300","33,246",-25.97,6.18,"77,300",609,"15,308",860,17.56,2.60,"8,430","1,272","155,904","74,093","5,233",0.38,210,181.78
219,현대지에프홀딩스,"8,540",하락,170,-1.95%,500,"13,954",118,"8,700","13,314","1,981",1.63,"277,598","8,430","8,710","100,849","1,895.39",23.02,"8,680",434,"30,927","7,920",5.00,10.46,"75,000","2,401","17,662","34,381","4,443",0.78,500,-10.12
220,한국카본,"25,550",상승,500,+2.00%,500,"58,650","1,492","25,200","13,263",454,31.47,"334,652","24,850","25,250","8,790",176.01,4.38,"25,900",170,"4,047",203,12.01,2.43,"24,750",550,"51,908","7,417",812,2.57,200,5.93
221,ACE KRX금현물,"21,110",상승,315,+1.51%,0,"139,182","2,934","20,995","13,194",N/A,N/A,"810,199","21,000","21,000",N/A,N/A,N/A,"21,150",9,N/A,N/A,0.67,N/A,"20,915",913,"62,500",N/A,N/A,N/A,130,24.79
222,에스디바이오센서,"10,830",하락,320,-2.87%,500,"48,617",528,"10,930","13,185",-541,-12.70,"321,600","10,990","10,980","38,885",78.21,-3.43,"11,000",551,"9,562",-981,6.51,-2.56,"10,700",481,"121,749","6,946",-853,0.45,N/A,N/A
223,파라다이스,"14,250",하락,290,-1.99%,500,"29,870",426,"14,250","13,077","1,361",16.19,"579,539","14,270","14,270","39,338",-6.67,4.97,"14,370",312,"18,586","1,107",5.84,2.93,"14,230","1,162","91,772","10,721",880,0.74,150,7.84
224,현대위아,"47,950",상승,750,+1.59%,"5,000","47,989","2,332","48,600","13,040","2,188",7.22,"83,034","49,050","48,700","70,760",-6.01,3.45,"49,400","1,344","30,497","1,295",15.15,1.86,"47,800",677,"27,195","81,809","6,638",0.35,"1,100",0.19
225,한올바이오파마,"24,900",하락,800,-3.11%,500,"32,343",808,"25,100","13,008",2,-778.12,"368,602","25,150","25,400","2,129",-89.58,-1.02,"25,250","4,631",445,-18,7.84,-0.80,"24,900",868,"52,241","1,389",-32,7.93,N/A,2.99
226,메리츠 KIS CD금리투자 ETN,"53,970",하락,5,-0.01%,0,"1,774",95,"53,970","12,872",N/A,N/A,200,"53,970","53,980",N/A,N/A,N/A,"53,970","15,000",N/A,N/A,0.00,N/A,"53,970","15,000","23,850",N/A,N/A,N/A,N/A,N/A
227,TIGER 미국30년국채커버드콜액티브(H),"8,005",하락,25,-0.31%,0,"189,050","1,514","8,015","12,796",N/A,N/A,"986,356","8,015","8,020",N/A,N/A,N/A,"8,020","80,651",N/A,N/A,0.04,N/A,"8,005","60,144","159,850",N/A,N/A,N/A,N/A,N/A
228,롯데관광개발,"16,670",하락,400,-2.34%,500,"107,195","1,759","16,240","12,761",390,-12.48,"2,085,256","16,390","16,270","21,666",164.36,-60.42,"16,670","1,308","18,536","-1,166",7.93,-5.93,"16,240","3,506","76,553","4,715","-1,336",4.33,0,50.37
229,KODEX 코스닥150,"12,500",하락,295,-2.31%,0,"943,246","11,830","12,615","12,756",N/A,N/A,"10,684,302","12,610","12,675",N/A,N/A,N/A,"12,610","3,163",N/A,N/A,0.94,N/A,"12,500","2,800","102,050",N/A,N/A,N/A,N/A,N/A
230,KODEX 삼성그룹,"9,125",하락,145,-1.56%,0,"37,479",342,"8,930","12,711",N/A,N/A,"349,909","9,085","9,230",N/A,N/A,N/A,"9,165",929,N/A,N/A,13.25,N/A,"9,085","6,010","139,300",N/A,N/A,N/A,N/A,N/A
231,금호타이어,"4,400",하락,95,-2.11%,"5,000","68,334",301,"4,420","12,639","5,886",3.78,"1,105,515","4,450","4,460","53,628",43.21,21.77,"4,450","2,554","34,580","3,516",8.51,6.90,"4,385","1,157","287,260","45,322","1,163",0.70,N/A,12.14
232,한일시멘트,"18,060",상승,140,+0.78%,500,"4,333",78,"18,000","12,509","2,714",8.92,"82,892","17,920","18,040","29,883",10.09,11.13,"18,120",139,"11,495","1,990",4.65,6.80,"17,880",58,"69,262","17,417","2,025",0.75,"1,000",-3.21
233,SK리츠,"4,515",하락,10,-0.22%,500,"19,300",87,"4,550","12,470",362,"1,128.75","1,613,635","4,540","4,560","44,213",2.31,0.08,"4,540",871,"31,567",22,7.63,0.05,"4,510","1,848","276,189",534,4,1.05,70,2.28
234,DN오토모티브,"21,300",하락,250,-1.16%,100,"6,250",133,"21,500","12,463","5,229",4.06,"65,300","21,400","21,550","50,060",6.63,19.78,"21,450",58,"28,353","3,182",4.45,6.65,"21,250",187,"58,511","34,345","5,240",0.61,"1,000",5.06
235,TIGER 머니마켓액티브,"100,575",보합,0,0.00%,0,"3,198",321,"100,560","12,329",N/A,N/A,"37,232","100,565","100,570",N/A,N/A,N/A,"100,575","10,014",N/A,N/A,0.00,N/A,"100,560","129,592","12,259",N/A,N/A,N/A,N/A,N/A
236,롯데렌탈,"33,750",하락,500,-1.46%,"5,000",696,23,"33,650","12,254","2,848",10.26,"74,394","33,650","33,800","70,066",-6.68,7.51,"33,800",79,"55,380","1,027",6.74,1.50,"33,600",38,"36,309","27,924","3,288",0.84,"1,200",1.46
237,태광산업,"1,096,000",하락,"8,000",-0.72%,"5,000",139,151,"1,115,000","12,203",-272,4.87,"8,950","1,094,000","1,185,000","47,223",72.66,5.45,"1,101,000",5,"7,067","2,184",4.76,4.62,"1,085,000",6,"1,113","21,219","225,266",0.23,"1,750",-6.34
238,PLUS K방산,"53,320",상승,440,+0.83%,0,"542,655","29,187","53,100","12,050",N/A,N/A,"3,083,730","53,985","53,200",N/A,N/A,N/A,"54,330",95,N/A,N/A,0.49,N/A,"23,500","1,180","50,773","40,939","1,848",0.52,"1,200",6.21
239,대신증권,"23,700",하락,300,-1.25%,"5,000","14,713",348,"23,600","12,033",836,12.82,"163,446","23,500","24,000","263,961",-48.18,4.57,"23,950",176,"230,807","1,442",10.15,0.59,"53,220","1,052","22,600",N/A,N/A,N/A,N/A,N/A
240,LX인터내셔널,"30,750",하락,300,-0.97%,"5,000","16,852",522,"31,200","11,919","4,892",6.10,"205,268","31,200","31,250","89,309",12.95,7.12,"31,250",353,"56,113","2,695",21.48,3.18,"30,650",6,"38,760","166,376","5,044",0.41,"2,000",14.63
241,이수스페셜티케미컬,"39,150",하락,"1,650",-4.04%,"1,000","37,169","1,466","40,200","11,827",142,81.39,"343,432","39,900","40,250","2,995",332.14,9.70,"40,200",38,"1,779",105,5.59,4.06,"39,100",317,"30,208","3,321",481,9.35,N/A,182.54
242,더블유게임즈,"53,900",하락,500,-0.92%,500,"1,764",94,"54,400","11,586","2,487",6.65,"39,918","53,600","54,500","16,463",16.62,18.69,"54,100",535,899,"2,433",17.39,16.58,"53,500",60,"21,496","6,335","8,108",0.94,"1,200",8.78
243,롯데에너지머티리얼즈,"22,100",하락,"1,100",-4.74%,500,"23,348",518,"22,650","11,573",-644,-26.22,"235,142","22,600","22,700","22,820",-645.89,0.46,"22,650",477,"3,801",288,7.75,1.23,"22,000","1,200","52,365","9,023",-843,0.66,N/A,11.53
244,종근당,"82,500",상승,100,+0.12%,"2,500","1,085",89,"82,500","11,387",995,11.95,"44,998","82,500","82,700","14,588",-59.67,12.76,"82,500",110,"5,624","1,114",14.82,7.79,"81,900",168,"13,803","15,864","6,903",1.22,"1,050",-4.97
245,효성,"67,200",상승,100,+0.15%,"5,000","3,203",214,"67,300","11,250","2,211",2.31,"67,871","66,400","67,400","43,409",283.53,19.62,"67,600",47,"18,364","4,843",8.79,10.27,"66,200",181,"16,740","22,728","29,071",0.52,"3,000",23.04
246,SK케미칼,"65,100",상승,"1,200",+1.88%,"5,000","31,338","2,004","63,300","11,232",-452,38.32,"394,061","62,200","63,400","53,670",-154.23,0.41,"65,100",253,"23,341",-44,11.30,-0.09,"61,700",512,"17,254","17,368","1,699",0.56,"1,150",-0.69
247,동양생명,"6,810",하락,180,-2.58%,"5,000","21,272",146,"6,960","10,989","3,681",3.95,"119,490","6,940","6,970","345,472",25.08,12.91,"6,970",631,"325,805","3,143",81.33,0.93,"6,810","9,853","161,359","34,994","1,722",0.74,N/A,7.65
248,NHN,"32,500",하락,"1,450",-4.27%,500,"55,084","1,784","33,450","10,974",-326,-8.26,"326,726","33,200","33,500","31,930",-158.67,-8.60,"33,300",60,"14,277","-1,926",9.28,-5.80,"30,800","1,081","33,766","24,561","-3,937",0.70,500,8.22
249,쿠쿠홀딩스,"30,700",상승,350,+1.15%,100,"14,266",441,"30,800","10,918","1,032",7.93,"20,689","30,950","31,000","13,699",19.16,12.08,"31,650",195,"1,735","1,370",11.97,10.47,"30,550","4,149","35,562","8,338","3,873",0.80,"1,200",7.97
250,롯데칠성,"117,600",하락,"1,900",-1.59%,500,713,83,"117,300","10,912","1,849",24.36,"19,335","117,100","118,000","43,725",-12.22,3.99,"118,300",31,"27,941",600,11.25,1.39,"117,100",15,"9,279","40,245","4,828",0.80,"3,400",24.80
251,SK오션플랜트,"18,420",하락,210,-1.13%,500,"25,845",474,"18,630","10,904",418,65.32,"283,596","18,520","18,630","14,219",-44.72,2.34,"18,530",142,"7,084",169,5.20,1.18,"18,220",128,"59,196","6,626",282,1.53,0,-28.43
252,미래에셋증권2우B,"7,850",하락,130,-1.63%,"5,000","185,158","1,455","7,930","10,794",N/A,5.76,"3,044,427","7,850","7,960",N/A,N/A,N/A,"7,970","5,116",N/A,N/A,9.85,N/A,"7,780","9,409","137,500",N/A,"1,364",0.38,N/A,N/A
253,롯데웰푸드,"115,800",하락,"1,300",-1.11%,500,741,86,"116,900","10,775","1,571",12.59,"16,234","116,900","117,000","43,417",-11.25,4.04,"116,900",166,"21,153",820,12.91,1.92,"115,600",78,"9,305","40,443","9,197",0.48,"3,300",-0.54
254,효성티앤씨,"245,500",하락,"7,000",-2.77%,"5,000","1,100",272,"248,500","10,624","2,707",9.71,"25,406","249,000","252,500","47,242",26.87,9.84,"250,000",36,"29,042","1,838",17.48,4.18,"245,500",5,"4,328","77,761","25,287",0.74,"10,000",3.31
255,한샘,"44,850",하락,600,-1.32%,"1,000","3,662",165,"45,800","10,555",312,9.41,"62,185","45,450","45,850","10,673","1,504.29",43.59,"45,450",124,"7,166","1,511",13.75,14.27,"44,800",258,"23,534","19,084","4,768",2.07,"8,530",-2.98
256,롯데리츠,"3,650",하락,5,-0.14%,500,"31,348",114,"3,650","10,547",420,42.94,"858,891","3,650","3,655","26,236",16.25,0.95,"3,670",3,"14,542",106,7.75,0.43,"3,630","9,172","288,969",656,85,0.92,112,10.46
257,ACE 테슬라밸류체인액티브,"14,432",하락,233,-1.59%,0,"176,409","2,542","14,705","10,535",N/A,N/A,"1,576,411","14,515","14,700",N/A,N/A,N/A,"14,515","1,689",N/A,N/A,0.13,N/A,"14,335",277,"73,000",N/A,N/A,N/A,N/A,N/A
258,코스모신소재,"32,250",하락,"1,550",-4.59%,"1,000","51,237","1,670","33,000","10,485",250,70.11,"422,919","33,050","33,050","7,845",-22.65,3.62,"33,050","1,979","2,890",176,9.43,2.42,"32,150",223,"32,511","5,697",460,2.11,N/A,-9.51
259,가온전선,"63,100",하락,"1,200",-1.87%,"5,000","3,486",220,"64,000","10,439",450,18.90,"111,204","63,600","64,300","10,429",2.96,6.46,"63,600",22,"5,892",254,2.77,2.75,"62,800",150,"16,543","17,271","3,339",2.42,N/A,15.25
260,경동나비엔,"71,600",하락,"1,900",-2.59%,"1,000","2,009",144,"73,000","10,431","1,326",7.98,"31,786","73,000","73,200","13,589",25.18,19.43,"73,000",9,"6,635","1,243",10.89,10.28,"71,600",76,"14,569","13,539","8,968",1.43,650,12.42
261,RISE CD금리액티브(합성),"104,100",하락,5,0.00%,0,152,15,"104,105","10,362",N/A,N/A,"5,921","104,105","104,110",N/A,N/A,N/A,"104,105","5,998",N/A,N/A,0.00,N/A,"104,100","19,000","9,954",N/A,N/A,N/A,N/A,N/A
262,LS에코에너지,"33,800",하락,800,-2.31%,500,"11,864",402,"34,400","10,351",448,29.37,"150,751","34,350","34,600","4,887",51.81,19.00,"34,350",972,"2,917",353,3.25,7.88,"33,750",219,"30,625","8,690","1,151",5.47,200,18.86
263,미래에셋생명,"5,810",하락,180,-3.01%,"5,000","21,714",125,"6,000","10,285","1,221",9.81,"61,168","6,000","6,030","324,936",-17.88,4.88,"6,000",62,"299,300","1,361",1.23,0.42,"5,630","1,396","177,016","47,961",592,0.31,N/A,-5.09
264,KB발해인프라,"8,360",상승,50,+0.60%,0,"1,733",14,"8,310","10,245",N/A,N/A,"2,955,185","8,370","8,390",N/A,N/A,N/A,"8,380","2,416",N/A,N/A,0.20,N/A,"8,300","5,958","122,546",N/A,N/A,N/A,N/A,N/A
265,TIGER 종합채권(AA-이상)액티브,"56,700",상승,25,+0.04%,0,92,5,"56,675","10,137",N/A,N/A,"11,626","56,750","56,800",N/A,N/A,N/A,"56,750","12,001",N/A,N/A,0.00,N/A,"56,675","12,034","17,878",N/A,N/A,N/A,N/A,N/A
266,TIGER CD1년금리액티브(합성),"1,046,865",상승,65,+0.01%,0,"1,053","1,102","1,046,860","10,040",N/A,N/A,"8,867","1,046,860","1,046,865",N/A,N/A,N/A,"1,046,865","212,897",N/A,N/A,0.00,N/A,"1,046,860","211,000",959,N/A,N/A,N/A,N/A,N/A
267,SK디스커버리,"54,700",상승,700,+1.30%,"5,000","4,083",221,"53,700","10,036","1,726",13.55,"36,107","53,000","54,000","150,777",-32.78,0.88,"55,000",36,"86,243",319,14.30,0.23,"53,000",62,"18,348","90,396","4,037",0.37,"1,700",1.12
268,PLUS 고배당주,"18,210",하락,225,-1.22%,0,"197,805","3,608","18,425","10,019",N/A,N/A,"1,265,895","18,230","18,430",N/A,N/A,N/A,"18,310",358,N/A,N/A,0.26,N/A,"18,165","14,345","55,020",N/A,N/A,N/A,N/A,N/A
269,TIGER 차이나항셍테크,"7,705",상승,20,+0.26%,0,"239,181","1,841","7,680","9,997",N/A,N/A,"1,919,402","7,685","7,685",N/A,N/A,N/A,"7,720",109,N/A,N/A,0.86,N/A,"7,675","9,679","129,750",N/A,N/A,N/A,N/A,N/A
270,LX세미콘,"61,400",하락,"1,600",-2.54%,500,"1,983",122,"62,000","9,986","1,671",7.35,"35,961","61,900","62,100","14,998",29.48,12.69,"62,200",172,"4,202","1,305",31.29,9.65,"61,300",83,"16,264","18,656","8,349",0.92,"2,400",-1.88
271,SOL 조선TOP3플러스,"26,575",하락,325,-1.21%,0,"289,829","7,745","26,510","9,979",N/A,N/A,"2,566,621","26,795","26,715",N/A,N/A,N/A,"26,925",788,N/A,N/A,0.65,N/A,"26,535","8,599","37,550",N/A,N/A,N/A,N/A,N/A
272,KODEX 25-12 은행채(AAA)액티브,"102,885",상승,10,+0.01%,0,2,0,"102,860","9,954",N/A,N/A,834,"102,885","102,870",N/A,N/A,N/A,"102,885","13,000",N/A,N/A,0.00,N/A,"102,885","8,998","9,675",N/A,N/A,N/A,N/A,N/A
273,하나 CD금리투자 ETN,"104,205",보합,0,0.00%,0,0,0,0,"9,899",N/A,N/A,"28,904","104,205",0,N/A,N/A,N/A,"104,205",0,N/A,N/A,0.00,N/A,"104,205",0,"9,500",N/A,N/A,N/A,N/A,N/A
274,삼성화재우,"317,000",하락,"3,500",-1.09%,500,"1,047",333,"318,500","9,825",N/A,8.09,"11,182","318,500","320,000",N/A,N/A,N/A,"320,000",41,N/A,N/A,28.99,N/A,"316,500",151,"3,100",N/A,"39,171",0.88,N/A,N/A
275,STX엔진,"24,150",하락,600,-2.42%,"2,500","22,722",551,"24,300","9,696",422,19.03,"415,523","24,300","24,500","9,688",123.85,10.15,"24,500",833,"6,922",272,3.78,2.91,"24,150","1,353","40,148","7,246","1,269",3.40,0,14.95
276,TIGER 미국배당다우존스타겟커버드콜2호,"9,475",상승,35,+0.37%,0,"58,203",550,"9,440","9,688",N/A,N/A,"353,792","9,440","9,445",N/A,N/A,N/A,"9,485","92,462",N/A,N/A,0.01,N/A,"9,430",249,"102,250",N/A,N/A,N/A,N/A,N/A
277,롯데정밀화학,"37,400",하락,650,-1.71%,"5,000","4,260",159,"37,900","9,649",504,-51.73,"28,932","37,500","38,000","27,139",-67.46,1.53,"37,550",5,"3,452",364,16.98,1.35,"37,250",171,"25,800","16,705",-723,0.40,"1,400",-5.55
278,RISE 미국나스닥100,"21,925",하락,25,-0.11%,0,"46,054","1,009","21,955","9,625",N/A,N/A,"137,603","21,920","21,960",N/A,N/A,N/A,"21,950","26,561",N/A,N/A,0.01,N/A,"21,870","20,535","43,900",N/A,N/A,N/A,N/A,N/A
279,SK네트웍스,"4,345",하락,35,-0.80%,"2,500","29,160",126,"4,360","9,615","1,139",27.68,"641,870","4,370","4,375","51,571",41.44,2.29,"4,370","7,730","31,038",463,14.72,0.65,"4,340","2,542","221,278","76,573",157,0.42,300,2.73
280,교보증권,"8,270",하락,180,-2.13%,"5,000","45,314",373,"8,290","9,425","1,139",6.86,"162,701","8,310","8,310","158,983",62.11,6.09,"8,310",277,"139,126","1,177",1.48,0.75,"8,200","2,080","113,963","31,663","1,206",0.46,500,-15.41
281,RISE 미국S&P500,"17,805",상승,60,+0.34%,0,"54,126",961,"17,830","9,365",N/A,N/A,"353,440","17,780","17,840",N/A,N/A,N/A,"17,820","14,489",N/A,N/A,0.01,N/A,"17,745","20,005","52,600",N/A,N/A,N/A,N/A,N/A
282,세방전지,"66,600",하락,"2,500",-3.62%,500,"8,848",592,"67,600","9,324","1,797",5.34,"101,245","67,600","68,000","20,941",38.30,12.22,"68,000",439,"5,863","1,723",25.38,8.76,"66,100",218,"14,000","20,595","12,471",0.58,"1,100",22.24
283,NICE평가정보,"15,590",상승,110,+0.71%,500,"11,992",185,"15,460","9,277",868,12.05,"168,649","15,480","15,480","5,857",32.85,19.48,"15,590","1,831","1,689",760,32.67,14.09,"15,400",124,"59,507","5,350","1,294",2.26,460,10.15
284,GKL,"14,890",하락,200,-1.33%,500,"21,255",315,"14,970","9,210",383,23.63,"758,827","14,920","15,000","6,162",-24.88,8.01,"14,990",13,"2,027",331,14.21,5.27,"14,600","1,615","61,856","3,964",630,2.21,282,-0.08
285,코오롱인더,"33,100",하락,950,-2.79%,"5,000","19,643",652,"33,550","9,109","1,587",10.34,"116,791","33,350","33,600","72,481",-20.50,3.06,"33,450",127,"34,750","1,106",12.36,1.67,"33,050","1,307","27,519","48,430","3,202",0.27,"1,300",2.28
286,KIWOOM 200TR,"51,890",하락,685,-1.30%,0,"5,902",307,"52,560","9,003",N/A,N/A,"184,800","52,155","52,570",N/A,N/A,N/A,"52,155","30,000",N/A,N/A,0.01,N/A,"51,890","29,960","17,350",N/A,N/A,N/A,N/A,N/A
287,ESR켄달스퀘어리츠,"4,150",하락,55,-1.31%,"1,000","12,666",52,"4,200","8,843",266,53.21,"845,072","4,195","4,205","25,252",9.74,0.33,"4,195",63,"14,405",36,42.35,0.15,"4,150","3,664","213,089",569,78,0.83,137,7.40
288,동원시스템즈,"30,400",하락,900,-2.88%,"5,000","2,742",83,"30,950","8,813",919,13.17,"27,832","30,900","31,300","15,526",13.67,9.01,"30,950",50,"7,162",725,14.14,4.70,"30,300",295,"28,991","13,343","2,309",1.07,600,4.51
289,DL,"42,050",하락,700,-1.64%,"5,000","11,831",497,"42,300","8,812","4,125",22.00,"106,184","42,350","42,350","125,353",173.74,2.25,"42,350",46,"77,492",948,14.79,0.77,"41,850","1,852","20,956","56,154","1,911",0.23,"1,000",11.91
290,SNT홀딩스,"53,800",상승,600,+1.13%,500,"5,440",294,"53,200","8,771","2,312",6.09,"31,119","53,200","53,500","28,326",29.14,12.40,"55,000",73,"6,994","2,465",12.75,8.91,"52,700",104,"16,304","18,205","8,835",0.63,"1,600",-3.97
291,세아베스틸지주,"24,400",하락,"1,300",-5.06%,"5,000","18,187",448,"25,050","8,750",523,85.61,"269,249","24,700","25,300","38,266",-73.39,1.04,"25,250",168,"17,952",203,6.58,0.54,"24,350",197,"35,862","36,361",285,0.46,"1,200",-10.96
292,HS효성첨단소재,"195,300",하락,"4,700",-2.35%,"5,000","1,789",351,"200,500","8,749","2,197",27.31,"42,414","199,500","203,500","38,208",26.22,5.46,"199,500",43,"26,634",782,12.20,2.24,"194,700",12,"4,480","33,112","7,152",0.86,"6,500",3.40
293,SOL 종합채권(AA-이상)액티브,"114,710",하락,5,0.00%,0,19,2,"114,715","8,672",N/A,N/A,81,"114,825","114,960",N/A,N/A,N/A,"114,825","6,000",N/A,N/A,0.00,N/A,"114,710","6,000","7,560",N/A,N/A,N/A,N/A,N/A
294,지역난방공사,"74,800",하락,700,-0.93%,"5,000","3,684",275,"75,500","8,661","3,279",2.88,"44,497","74,500","76,000","83,622",4.20,9.65,"75,400",8,"60,940","2,099",5.14,2.57,"73,900",281,"11,579","35,703","26,013",0.35,"3,879",-9.70
295,KODEX 2차전지산업,"10,070",하락,330,-3.17%,0,"596,932","6,053","10,200","8,640",N/A,N/A,"4,677,686","10,270","10,290",N/A,N/A,N/A,"10,280","5,038",N/A,N/A,0.27,N/A,"10,070","2,473","85,800",N/A,N/A,N/A,N/A,N/A
296,태영건설,"2,930",하락,75,-2.50%,500,"13,540",39,"3,005","8,628",206,53.27,"107,925","3,005","3,025","43,239",105.10,61.93,"3,005",368,"37,967",668,0.25,1.49,"2,930","2,712","294,468","26,862",55,1.78,0,-19.89
297,TIGER 단기통안채,"110,700",보합,0,0.00%,0,575,63,"110,675","8,604",N/A,N/A,"14,136","110,700","110,690",N/A,N/A,N/A,"110,700","14,681",N/A,N/A,1.52,N/A,"110,685","6,005","7,772",N/A,N/A,N/A,N/A,N/A
298,세아제강지주,"207,500",하락,"2,000",-0.95%,"5,000",474,98,"209,500","8,594","2,116",18.54,"8,176","207,500","210,500","55,556",-64.19,2.25,"209,500",8,"28,974","1,170",7.39,2.37,"206,000",67,"4,142","36,751","11,193",0.41,"1,800",-6.09
299,ACE 종합채권(AA-이상)KIS액티브,"108,210",하락,125,-0.12%,0,498,53,"108,300","8,591",N/A,N/A,"3,992","108,270","108,375",N/A,N/A,N/A,"108,270","9,000",N/A,N/A,0.00,N/A,"108,210","9,000","7,939",N/A,N/A,N/A,N/A,N/A
300,SOL 초단기채권액티브,"53,290",하락,5,-0.01%,0,"9,656",514,"53,290","8,527",N/A,N/A,"256,775","53,295","53,295",N/A,N/A,N/A,"53,295","76,130",N/A,N/A,0.01,N/A,"53,290","49,168","16,002",N/A,N/A,N/A,N/A,N/A
301,CJ CGV,"5,150",하락,170,-3.20%,500,"77,053",399,"5,310","8,527",759,-4.75,"224,381","40,500","40,650","5,166",7.04,11.90,"41,500",305,"2,103",346,6.24,7.37,"40,200",807,"20,681","2,943","1,677",2.64,500,-8.60
302,SNT에너지,"41,200",하락,700,-1.67%,500,"14,645",598,"40,500","8,520",222,24.57,"2,336,466","5,240","5,320","39,970",54.76,-30.74,"5,240",593,"34,203","-1,755",5.53,-4.88,"5,140","4,983","165,581","19,579","-1,084",1.30,0,26.66
303,SNT모티브,"32,050",상승,150,+0.47%,"5,000","7,222",233,"32,200","8,506",981,8.62,"53,876","32,250","32,250","12,418",-15.86,10.82,"32,550","3,276","2,570","1,043",17.63,8.51,"32,000",328,"26,540","9,689","3,718",0.77,937,-14.73
304,하나투어,"54,200",하락,"1,200",-2.17%,500,"4,967",268,"54,900","8,396",509,12.08,"134,581","54,000","55,000","6,688",49.55,47.19,"54,700",22,"4,883",991,14.64,15.09,"53,700",233,"15,490","6,166","4,487",5.55,"2,300",49.80
305,동원F&B,"42,650",보합,0,0.00%,"1,000",480,20,"41,500","8,230","1,835",6.91,"25,654","42,050","42,650","21,457",10.04,12.43,"42,650",54,"10,627","1,278",7.81,5.88,"42,050",111,"19,296","44,836","6,169",0.74,800,2.82
306,TIGER 미국30년국채스트립액티브(합성 H),"37,705",하락,250,-0.66%,0,"69,775","2,633","37,750","8,185",N/A,N/A,"292,132","37,750","37,780",N/A,N/A,N/A,"37,785","8,587",N/A,N/A,0.11,N/A,"37,705","6,800","21,708",N/A,N/A,N/A,N/A,N/A
307,이노션,"20,300",보합,0,0.00%,500,"22,124",447,"20,300","8,120","1,557",9.37,"258,114","20,300","20,350","27,146",3.76,10.48,"20,300","1,917","16,827","1,161",25.78,4.40,"20,050",565,"40,000","21,206","2,166",0.82,"1,175",1.32
308,대덕전자,"16,330",하락,610,-3.60%,500,"60,166",987,"16,740","8,070",113,52.34,"370,698","16,520","16,750","10,887",-52.56,2.73,"16,680",5,"2,132",238,8.96,2.14,"16,250","1,568","49,417","8,921",312,0.99,400,-1.93
309,미원상사,"169,500",하락,"2,500",-1.45%,500,330,56,"171,800","8,051",599,14.61,"2,191","171,700","172,000","4,787",-10.85,12.99,"171,700",14,782,505,3.11,10.92,"169,500",111,"4,750","4,358","11,599",1.94,"2,000",3.43
310,1Q 머니마켓액티브,"52,350",상승,5,+0.01%,0,"13,014",681,"52,345","8,045",N/A,N/A,"50,325","52,345","52,355",N/A,N/A,N/A,"52,350",257,N/A,N/A,0.00,N/A,"52,345","30,000","15,368",N/A,N/A,N/A,N/A,N/A
311,신풍제약,"15,030",하락,260,-1.70%,500,"297,938","4,442","15,100","7,964",-205,-58.94,"3,547,105","15,100","15,110","3,421",56.84,-5.85,"15,360","3,481",840,-154,4.67,-4.44,"14,530","6,666","52,985","2,211",-255,3.02,N/A,10.42
312,빙그레,"83,300",하락,600,-0.72%,"5,000","5,085",424,"84,100","7,960","1,313",8.51,"37,962","83,900","84,200","10,031",16.95,15.14,"84,100",342,"2,812","1,032",20.79,10.90,"83,000",513,"9,556","14,630","9,794",1.05,"3,300",4.93
313,SK이터닉스,"23,500",상승,"1,400",+6.33%,200,"681,260","15,961","23,150","7,932",376,31.84,"1,209,896","23,500","23,200","7,317",N/A,N/A,"24,150","12,516","4,897",224,2.32,N/A,"22,700","8,494","33,754","3,322",738,3.26,N/A,N/A
314,영풍,"41,500",하락,300,-0.72%,500,"1,798",74,"41,800","7,930","-1,607",19.13,"27,270","41,600","42,100","57,017",5.37,-6.81,"41,950",12,"17,164","-3,278",10.14,-5.82,"41,400",129,"19,108","27,874","2,169",0.19,24,-25.90
315,TIGER 2차전지테마,"12,700",하락,320,-2.46%,0,"52,343",667,"12,885","7,906",N/A,N/A,"62,343","105,300","106,900",N/A,N/A,N/A,"105,400",26,N/A,N/A,40.72,N/A,"102,600",280,"7,689",N/A,"-11,946",0.24,N/A,N/A
316,LG화학우,"102,700",하락,"4,600",-4.29%,"5,000","10,616","1,097","106,700","7,896",N/A,-8.60,"1,372,316","12,880","12,900",N/A,N/A,N/A,"12,980","6,892",N/A,N/A,0.67,N/A,"12,660","1,455","62,250",N/A,N/A,N/A,N/A,N/A
317,동아쏘시오홀딩스,"118,500",하락,600,-0.50%,"5,000",103,12,"118,500","7,746",821,11.38,"13,389","118,600","119,100","20,305",6.78,5.63,"118,900",14,"9,665",576,14.01,2.89,"118,300",203,"6,536","13,332","10,412",0.72,"1,797",17.78
318,SOL 미국배당다우존스,"10,680",상승,80,+0.75%,0,"102,914","1,097","10,640","7,711",N/A,N/A,"246,693","10,615","10,645",N/A,N/A,N/A,"10,695","35,586",N/A,N/A,0.18,N/A,"10,615",5,"72,200",N/A,N/A,N/A,N/A,N/A
319,KODEX 25-11 은행채(AA-이상)PLUS액티브,"10,575",하락,5,-0.05%,0,184,1,"10,570","7,706",N/A,N/A,"24,859","10,580","10,580",N/A,N/A,N/A,"10,580","180,025",N/A,N/A,0.00,N/A,"10,575","30,005","72,870",N/A,N/A,N/A,N/A,N/A
320,대상,"22,150",하락,150,-0.67%,"1,000","9,714",214,"22,100","7,675","1,769",7.73,"139,749","22,100","22,150","35,098",43.02,6.94,"22,200",439,"20,622",967,18.41,2.83,"22,050",731,"34,648","42,551","2,865",0.56,850,3.59
321,솔루엠,"15,660",하락,240,-1.51%,500,"6,628",103,"15,350","7,674",691,25.59,"123,094","15,460","15,540","9,827",-55.29,9.48,"15,700",635,"5,484",377,17.93,3.92,"15,460",511,"49,006","15,944",612,1.73,0,-18.28
322,DI동일,"38,700",하락,300,-0.77%,500,916,35,"38,650","7,630",78,-278.42,"78,255","38,650","38,800","10,137",23.89,0.28,"39,000",151,"4,494",25,7.27,0.25,"38,550",135,"19,716","6,517",-139,1.44,262,-4.56
323,녹십자홀딩스,"16,210",하락,190,-1.16%,500,"8,830",142,"16,510","7,623",-107,11.86,"259,585","16,250","16,560","36,706",34.81,2.43,"16,300",40,"18,184",-111,10.33,-0.30,"16,080",76,"47,028","22,049","1,367",0.76,500,7.14
324,N2 KIS CD금리투자 ETN,"53,970",보합,0,0.00%,0,0,0,0,"7,556",N/A,N/A,"926,432","53,970",0,N/A,N/A,N/A,"53,970",0,N/A,N/A,0.00,N/A,"53,970",0,"14,000",N/A,N/A,N/A,N/A,N/A
325,삼양홀딩스,"86,500",하락,700,-0.80%,"5,000","2,029",174,"86,800","7,534","1,275",30.39,"84,324","86,500","86,900","52,905",34.53,1.38,"86,600",11,"22,924",895,7.67,1.71,"86,000",148,"8,710","35,533","2,846",0.31,"3,500",10.66
326,한화3우B,"38,800",하락,950,-2.39%,"5,000","19,122",747,"39,000","7,529",N/A,3.71,"257,395","39,000","39,500",N/A,N/A,N/A,"39,750","2,182",N/A,N/A,21.52,N/A,"38,450","1,434","19,404",N/A,"10,464",0.35,N/A,N/A
327,TIGER 미국나스닥100타겟데일리커버드콜,"9,335",하락,25,-0.27%,0,"124,782","1,161","9,350","7,407",N/A,N/A,"562,455","9,340","9,355",N/A,N/A,N/A,"9,345","20,326",N/A,N/A,0.00,N/A,"9,270","15,194","79,350",N/A,N/A,N/A,N/A,N/A
328,TIGER TOP10,"12,195",하락,215,-1.73%,0,"29,199",356,"12,160","7,366",N/A,N/A,"353,669","12,200","12,290",N/A,N/A,N/A,"12,270","6,212",N/A,N/A,43.39,N/A,"12,180","4,817","60,400",N/A,N/A,N/A,N/A,N/A
329,KODEX Top5PlusTR,"24,780",하락,370,-1.47%,0,"2,957",73,"24,905","7,335",N/A,N/A,"18,408","25,050","25,100",N/A,N/A,N/A,"25,050","5,000",N/A,N/A,16.90,N/A,"24,705","5,292","29,600",N/A,N/A,N/A,N/A,N/A
330,GS피앤엘,"36,900",상승,"1,650",+4.68%,"1,000","30,354","1,092","35,050","7,318",0,-64.40,"501,186","35,100","35,200","22,696",N/A,N/A,"36,950",349,"10,328",-11,10.76,N/A,"35,100",69,"19,831",383,-573,0.87,N/A,N/A
331,율촌화학,"29,500",하락,"1,050",-3.44%,500,"9,044",267,"30,200","7,316",-184,-34.46,"130,593","29,900","30,250","6,555",-13.30,-2.86,"29,950",9,"3,645",-85,5.06,-1.28,"29,300",102,"24,800","4,571",-856,2.49,250,10.28
332,KODEX 미국S&P500(H),"13,645",하락,80,-0.58%,0,"38,602",526,"13,650","7,280",N/A,N/A,"234,806","13,665","13,665",N/A,N/A,N/A,"13,665","20,087",N/A,N/A,0.12,N/A,"13,635","19,684","53,350",N/A,N/A,N/A,N/A,N/A
333,전진건설로봇,"49,550",하락,"1,450",-2.84%,500,"6,107",303,"50,800","7,231",313,24.01,"126,290","49,850","50,900","2,192",-4.74,24.55,"50,300",25,648,314,1.07,16.64,"49,300",569,"14,593","1,698","2,064",5.13,"1,277",7.21
334,케이카,"14,960",하락,140,-0.93%,500,"10,374",154,"15,070","7,208",681,15.45,"340,971","15,000","15,100","5,248",15.41,19.09,"15,000",26,"2,991",440,9.74,8.15,"14,820","4,031","48,182","23,015",968,3.22,"1,150",12.40
335,미원에스씨,"142,600",하락,"2,800",-1.93%,500,57,8,"145,400","7,130",588,12.46,653,"144,000","147,100","5,121",160.87,14.00,"144,100",4,"1,058",546,0.56,11.21,"142,500",20,"5,000","5,093","11,447",1.68,"2,500",16.36
336,PLUS 200,"40,750",하락,525,-1.27%,0,"5,554",226,"40,935","7,090",N/A,N/A,"407,804","40,920","40,960",N/A,N/A,N/A,"40,920","30,000",N/A,N/A,2.90,N/A,"40,750","29,793","17,400",N/A,N/A,N/A,N/A,N/A
337,KG모빌리티,"3,500",하락,30,-0.85%,"1,000","41,495",146,"3,575","7,083",14,-40.23,"623,733","3,575","3,580","31,045",-88.58,2.70,"3,575","4,440","16,839",338,23.26,1.18,"3,480","2,907","202,375","39,051",-87,0.48,0,4.52
338,보령,"8,190",하락,140,-1.68%,500,"22,207",182,"8,330","7,026",705,13.27,"84,074","8,320","8,340","11,641",3.23,10.45,"8,330",601,"3,796",696,7.01,6.70,"8,180",333,"85,787","10,171",617,0.89,100,18.32
339,LX홀딩스,"9,200",하락,180,-1.92%,"1,000","16,758",154,"9,180","7,018","1,560",3.92,"249,249","9,190","9,190","19,050",113.21,9.08,"9,300",139,357,"1,603",12.59,8.90,"9,150",598,"76,281","1,945","2,346",0.37,290,64.67
340,덴티움,"63,400",하락,"1,600",-2.46%,500,"2,993",190,"64,800","7,018",985,10.23,"61,859","64,400","64,900","8,944",-28.77,14.27,"64,600",10,"3,409",724,15.16,8.68,"63,100",65,"11,069","4,078","6,198",0.97,600,3.72
341,TIGER 단기채권액티브,"55,830",하락,15,-0.03%,0,"4,398",245,"55,835","6,984",N/A,N/A,"15,805","55,845","55,840",N/A,N/A,N/A,"55,850","5,598",N/A,N/A,0.00,N/A,"55,830","5,756","12,510",N/A,N/A,N/A,N/A,N/A
342,한화리츠,"3,860",하락,25,-0.64%,500,"15,070",58,"3,820","6,933",191,38.22,"377,160","3,835","3,825","15,864",54.05,0.83,"3,875",324,"12,576",28,0.59,0.24,"11,530","1,824","60,096",7,363,1.57,N/A,325.77
343,프레스티지바이오파마,"11,530",하락,550,-4.55%,0,"35,832",417,"11,680","6,929",-628,31.76,"117,196","11,710","11,700","7,117",9.76,-7.40,"11,990","1,131","1,962",-551,63.21,-7.58,"3,835","3,939","179,600",335,101,0.98,135,43.99
344,삼성 레버리지 WTI원유 선물 ETN,"1,699",상승,130,+8.29%,0,"1,399,107","2,354","1,671","6,864",N/A,N/A,"1,794,609","1,673","1,674",N/A,N/A,N/A,"1,700","3,700",N/A,N/A,0.00,N/A,"47,400",565,"14,417","4,494","7,062",0.60,"1,400",10.49
345,풍산홀딩스,"47,500",상승,"2,950",+6.62%,"5,000","284,372","14,000","46,900","6,848","1,047",6.73,"257,131","48,000","47,000","13,191",54.41,9.41,"51,200",11,"2,037","1,000",14.65,7.95,"1,669","2,970,022","404,000",N/A,N/A,N/A,N/A,N/A
346,KODEX 반도체,"34,395",하락,970,-2.74%,0,"135,557","4,688","34,815","6,827",N/A,N/A,"808,391","3,430","3,440","168,003",-26.62,4.52,"3,440","3,738","151,660",730,64.11,0.44,"3,410","10,073","199,597","27,127",226,0.44,200,-4.98
347,유안타증권,"3,420",하락,45,-1.30%,"5,000","67,049",229,"3,435","6,826",948,15.13,"848,147","34,585","34,925",N/A,N/A,N/A,"34,840","6,131",N/A,N/A,1.48,N/A,"34,335","2,214","19,850",N/A,N/A,N/A,N/A,N/A
348,ACE 미국빅테크TOP7 Plus,"17,075",하락,160,-0.93%,0,"37,385",638,"17,125","6,804",N/A,N/A,"686,759","17,105","17,195",N/A,N/A,N/A,"17,105","39,682",N/A,N/A,0.01,N/A,"17,040","3,103","39,850",N/A,N/A,N/A,N/A,N/A
349,KODEX 인버스,"3,767",상승,52,+1.40%,0,"9,277,143","34,864","3,750","6,754",N/A,N/A,"39,599,491","3,750","3,755",N/A,N/A,N/A,"3,770","1,998,363",N/A,N/A,1.27,N/A,"3,750","1,031,047","179,300",N/A,N/A,N/A,N/A,N/A
350,세진중공업,"11,840",하락,240,-1.99%,500,"45,374",535,"11,800","6,731",360,30.91,"477,682","11,710","11,820","6,209",7.23,6.16,"11,920",145,"3,715",220,5.64,3.78,"11,650","1,069","56,849","3,524",383,3.55,200,-8.43
351,TKG휴켐스,"16,310",하락,240,-1.45%,"1,000","6,005",98,"16,320","6,667",808,10.81,"98,901","16,330","16,490","11,682",-33.35,9.09,"16,390",787,"2,933",775,8.79,6.83,"16,300","1,656","40,879","11,882","1,509",0.74,"1,000",12.88
352,TIGER 리츠부동산인프라,"4,170",하락,5,-0.12%,0,"212,054",883,"4,165","6,618",N/A,N/A,"1,707,151","4,165","4,170",N/A,N/A,N/A,"4,175","60,360",N/A,N/A,0.05,N/A,"4,165","16,489","158,700",N/A,N/A,N/A,N/A,N/A
353,F&F홀딩스,"16,890",하락,310,-1.80%,500,"4,953",83,"17,160","6,606","4,164",6.43,"21,875","17,100","17,200","40,333",-19.06,4.92,"17,140",52,"6,634","3,220",0.14,8.18,"16,700",143,"39,114","18,983","2,627",0.30,450,-4.43
354,KODEX MSCI Korea TR,"13,170",하락,140,-1.05%,0,59,0,"13,185","6,598",N/A,N/A,"11,497","13,115","13,250",N/A,N/A,N/A,"13,170","5,062",N/A,N/A,1.30,N/A,"13,115",3,"50,100",N/A,N/A,N/A,N/A,N/A
355,현대홈쇼핑,"54,600",상승,400,+0.74%,"5,000",919,50,"54,200","6,552","1,301",7.87,"18,391","54,500","54,900","51,751",117.05,7.43,"54,900",90,"13,396","1,742",14.11,4.05,"54,200",17,"12,000","38,535","6,942",0.27,"2,800",86.66
356,한화손해보험,"5,610",하락,20,-0.36%,"5,000","67,590",377,"5,630","6,549","4,357",2.40,"1,018,538","5,540","5,640","198,342",42.15,10.36,"5,630",650,"168,811","3,160",14.41,1.67,"5,510",61,"116,739","65,973","2,336",0.31,0,8.64
357,아이에스동서,"21,650",하락,200,-0.92%,500,"5,505",119,"21,750","6,535","1,697",-3.63,"44,667","21,750","21,800","35,540",-50.17,-10.19,"21,800",31,"19,968","-1,602",4.52,-4.11,"21,350","2,731","30,187","15,146","-5,961",0.48,"1,000",-25.37
358,신한알파리츠,"5,400",상승,30,+0.56%,"1,000","39,645",213,"5,360","6,531",451,64.29,"1,077,041","5,370","5,370","26,622",40.12,1.65,"5,400","4,665","18,343",124,10.38,0.53,"5,370","9,420","120,940",686,84,1.04,N/A,28.47
359,TIGER Fn반도체TOP10,"10,965",하락,370,-3.26%,0,"191,158","2,108","10,950","6,513",N/A,N/A,"2,486,790","11,055","11,255",N/A,N/A,N/A,"11,100","9,986",N/A,N/A,0.07,N/A,"10,960","5,248","59,400",N/A,N/A,N/A,N/A,N/A
360,KODEX 미국빅테크10(H),"48,770",하락,850,-1.71%,0,"20,908","1,018","48,625","6,477",N/A,N/A,"56,557","48,685","48,890",N/A,N/A,N/A,"49,075","9,546",N/A,N/A,0.07,N/A,"48,685","10,002","13,280",N/A,N/A,N/A,N/A,N/A
361,한국단자,"64,000",하락,"1,400",-2.14%,500,"4,715",302,"65,800","6,474","1,713",4.93,"68,674","64,500","65,900","15,643",53.31,14.16,"64,600",108,"4,880","1,425",24.57,9.54,"63,900",177,"10,115","15,098","12,988",0.61,"2,200",16.41
362,키움 CD금리투자 ETN,"103,890",보합,0,0.00%,0,0,0,"103,900","6,462",N/A,N/A,"47,895","103,890","103,905",N/A,N/A,N/A,"103,890","220,000",N/A,N/A,0.00,N/A,"103,890","220,000","6,220",N/A,N/A,N/A,N/A,N/A
363,KODEX 미국30년국채타겟커버드콜(합성 H),"8,590",하락,40,-0.46%,0,"63,034",541,"8,615","6,391",N/A,N/A,"860,774","8,600","8,620",N/A,N/A,N/A,"8,605",197,N/A,N/A,0.13,N/A,"8,580","57,889","74,400",N/A,N/A,N/A,N/A,N/A
364,아세아,"305,000",하락,"1,000",-0.33%,"5,000",55,16,"305,000","6,357","1,724",12.15,"5,157","305,000","306,000","33,343",-28.28,5.58,"306,500",9,"13,044","1,084",7.99,3.28,"302,000",17,"2,084","20,074","25,096",0.43,"5,330",-5.13
365,ACE 미국배당다우존스,"11,790",상승,100,+0.86%,0,"40,069",471,"11,745","6,343",N/A,N/A,"371,794","11,725","11,775",N/A,N/A,N/A,"11,795","17,553",N/A,N/A,0.01,N/A,"11,725",480,"53,800",N/A,N/A,N/A,N/A,N/A
366,금양,"9,900",보합,0,0.00%,500,0,0,0,"6,333",-560,-4.09,0,0,0,"12,569",-283.36,-40.88,"95,000",205,"3,525",762,11.11,5.81,"92,000",36,"6,768","11,116","11,360",0.61,"1,800",-1.95
367,유니드,"93,300",상승,"1,700",+1.86%,"5,000","8,075",756,"92,800","6,314",954,8.21,"39,326","93,000","92,900","13,648",197.62,7.96,0,0,"7,624","-1,861",5.60,-18.99,0,0,"63,967","1,537","-2,420",1.27,0,1.12
368,파미셀,"10,500",하락,320,-2.96%,500,"66,860",703,"10,670","6,302",47,39.03,"489,419","10,600","10,680",993,259.23,7.59,"10,610",91,128,63,10.53,6.60,"10,460","1,250","60,017",649,269,6.72,20,15.34
369,LG전자우,"36,300",하락,450,-1.22%,"5,000","7,159",260,"36,450","6,239",N/A,9.49,"46,906","36,500","36,500",N/A,N/A,N/A,"36,525",84,N/A,N/A,44.76,N/A,"36,150","1,585","17,186",N/A,"3,825",0.30,N/A,N/A
370,카프로,"3,660",보합,0,0.00%,500,0,0,0,"6,185",-324,17.43,0,0,0,"2,392",17.95,102.36,0,0,"1,510",332,0.08,14.56,0,0,"169,000",71,210,7.77,N/A,-90.64
371,넥센타이어,"6,260",하락,60,-0.95%,500,"49,629",313,"6,450","6,114","1,721",5.20,"309,430","6,440","6,460","45,745",-7.94,7.10,"6,440","5,656","27,029","1,267",6.77,2.88,"6,200",392,"97,668","28,479","1,203",0.34,130,5.41
372,쿠쿠홈시스,"27,100",보합,0,0.00%,100,"6,455",175,"27,100","6,081","1,648",5.00,"51,157","27,100","27,200","13,816",13.77,14.00,"27,650",207,"3,349","1,361",6.79,10.81,"26,900",27,"22,437","10,572","5,424",0.64,"1,000",10.75
373,KODEX 단기채권,"113,460",상승,5,0.00%,0,"1,723",195,"113,455","6,051",N/A,N/A,"8,788","113,455","113,460",N/A,N/A,N/A,"113,465","20,821",N/A,N/A,0.00,N/A,"113,455","15,052","5,333",N/A,N/A,N/A,N/A,N/A
374,KG스틸,"6,050",하락,70,-1.14%,"5,000","10,823",65,"6,110","6,051","2,060",3.44,"145,422","6,110","6,120","33,414",-26.53,6.93,"6,110",172,"13,812","1,325",6.63,4.05,"6,020",326,"100,009","33,010","1,757",0.30,250,-3.76
375,HJ중공업,"7,220",하락,210,-2.83%,"5,000","98,649",716,"7,260","6,012",73,-176.10,"1,497,482","7,300","7,270","22,044",106.67,1.56,"475,500",78,640,367,59.42,19.31,"461,000",8,"1,300","3,272","29,500",5.62,"27,000",2.09
376,한국쉘석유,"462,000",상승,"10,000",+2.21%,"5,000","1,332",624,"463,000","6,006",460,15.66,"3,777","465,000","463,500","1,913",8.65,28.93,"7,330","15,325","18,610",52,1.69,0.21,"7,200","3,138","83,274","18,860",-41,1.72,N/A,-12.77
377,현대그린푸드,"17,840",상승,70,+0.39%,500,"1,509",26,"17,600","5,911",967,7.97,"79,378","17,600","17,700","9,556",49.10,11.41,"17,860",8,"2,854",745,14.32,8.11,"17,560",278,"33,136","22,704","2,238",0.87,335,24.27
378,대한해운,"1,827",상승,156,+9.34%,500,"26,144,549","48,670","1,782","5,897","3,286",3.93,"6,436,626","1,800","1,783","45,804",31.48,8.93,"1,920","29,081","22,907","1,648",3.54,3.54,"1,794","39,736","322,747","17,472",465,0.28,0,25.03
379,신성통상,"4,072",상승,2,+0.05%,500,"47,492",193,"4,070","5,852","1,218",8.97,"567,849","4,070","4,075","11,626",-15.22,16.24,"4,075","615,389","6,780",737,0.54,6.61,"4,070","386,414","143,708","15,079",454,1.13,N/A,-2.25
380,신한 레버리지 WTI원유 선물 ETN(H),"1,161",상승,76,+7.00%,0,"388,508",448,"1,150","5,805",N/A,N/A,"923,197","1,153","1,152",N/A,N/A,N/A,"1,165","6,410,508",N/A,N/A,0.00,N/A,"1,148","6,703,118","500,000",N/A,N/A,N/A,N/A,N/A
381,솔루스첨단소재,"8,220",하락,350,-4.08%,100,"33,688",278,"8,300","5,772",-544,-58.30,"464,378","8,370","8,380","20,794",25.67,0.62,"8,390","1,028","9,879",-427,3.80,-2.26,"8,200","1,919","70,217","5,709",-141,0.99,10,32.96
382,KIWOOM 국고채10년,"115,870",상승,25,+0.02%,0,"1,767",204,"115,955","5,705",N/A,N/A,"6,745","115,830","116,000",N/A,N/A,N/A,"115,955","8,500",N/A,N/A,0.01,N/A,"115,790","6,010","4,924",N/A,N/A,N/A,N/A,N/A
383,일진하이솔루스,"15,680",하락,510,-3.15%,500,"27,269",424,"15,920","5,694",-95,712.73,"568,874","15,660","15,950","3,443",2.89,0.57,"15,700",34,268,18,4.37,0.53,"15,420",626,"36,313",793,22,1.80,N/A,0.71
384,제주항공,"6,990",하락,200,-2.78%,"1,000","32,974",230,"7,060","5,637",799,-9.68,"327,173","7,050","7,070","19,985",-52.94,6.84,"7,050",184,"16,744",217,2.59,1.09,"6,970",738,"80,641","19,358",-722,1.94,N/A,12.28
385,KODEX 미국30년국채액티브(H),"8,905",하락,20,-0.22%,0,"97,225",866,"8,910","5,625",N/A,N/A,"508,055","8,905","8,915",N/A,N/A,N/A,"8,915","84,815",N/A,N/A,0.03,N/A,"8,900","85,353","63,170",N/A,N/A,N/A,N/A,N/A
386,신대양제지,"13,850",하락,220,-1.56%,500,"2,794",38,"14,070","5,581",293,19.10,"59,783","14,080","14,300","8,759",-49.95,6.00,"14,180",25,"1,838",333,2.82,3.80,"13,640",412,"40,298","6,585",725,0.70,200,2.04
387,E1,"80,800",상승,"3,200",+4.12%,"5,000","5,419",438,"78,600","5,543","2,176",5.30,"28,333","80,100","79,400","145,398",133.55,3.83,"81,400",24,"123,507",656,5.57,0.69,"80,100",5,"6,860","111,924","15,251",0.27,"3,450",42.98
388,KODEX 국고채30년액티브,"120,800",상승,20,+0.02%,0,"1,736",209,"120,985","5,542",N/A,N/A,"10,883","120,985","121,475",N/A,N/A,N/A,"121,015","2,997",N/A,N/A,0.01,N/A,"120,640","6,000","4,588",N/A,N/A,N/A,N/A,N/A
389,콜마홀딩스,"16,130",하락,600,-3.59%,500,"163,654","2,645","16,310","5,532",381,28.20,"1,506,058","16,220","16,320","12,914",125.94,4.09,"16,490",84,"4,763",334,19.81,2.59,"15,950","4,404","34,296","6,767",572,0.93,200,6.18
390,한일홀딩스,"17,920",하락,90,-0.50%,"1,000","1,894",34,"18,010","5,525","2,793",5.91,"17,550","18,010","18,180","37,090",6.60,7.56,"18,180","1,512","14,048","1,985",4.10,5.46,"17,890",127,"30,833","22,487","3,032",0.34,930,-4.84
391,코스모화학,"14,230",하락,260,-1.79%,"1,000","25,778",368,"14,480","5,465",-20,-9.12,"216,581","14,460","14,490","12,043",-166.57,-24.71,"14,480","1,724","6,136",-523,7.40,-4.56,"14,160",275,"38,408","7,493","-1,561",2.40,N/A,-6.22
392,KODEX 26-12 회사채(AA-이상)액티브,"10,800",보합,0,0.00%,0,11,0,"10,795","5,451",N/A,N/A,"97,436","10,800","10,800",N/A,N/A,N/A,"10,800","49,899",N/A,N/A,0.00,N/A,"10,795","25,046","50,470",N/A,N/A,N/A,N/A,N/A
393,삼천리,"134,200",상승,"1,100",+0.83%,"5,000","2,742",370,"134,300","5,442","1,143",4.96,"19,456","135,000","134,500","45,182",-34.49,6.55,"137,500",20,"27,577","1,217",11.76,2.72,"134,100",43,"4,055","51,205","27,036",0.28,"3,000",-9.60
394,KODEX 국고채3년,"62,640",하락,35,-0.06%,0,"1,017",63,"62,655","5,413",N/A,N/A,"29,535","62,650","62,675",N/A,N/A,N/A,"62,650","19,010",N/A,N/A,0.00,N/A,"62,615","9,187","8,642",N/A,N/A,N/A,N/A,N/A
395,흥아해운,"2,235",상승,304,+15.74%,500,"2,455,833","5,488","2,150","5,373",275,14.06,"6,817,251","2,235","2,155","4,436",12.12,20.08,"2,235","132,730","2,095",400,1.78,10.39,"2,235","16,998","240,425","1,880",159,2.33,N/A,14.07
396,CJ4우(전환),"126,600",하락,"4,200",-3.21%,"5,000",699,88,"130,800","5,351",N/A,45.46,"21,648","127,000","131,000",N/A,N/A,N/A,"128,700",28,N/A,N/A,5.18,N/A,"126,500",10,"4,227",N/A,"2,785",0.78,N/A,N/A
397,KCC글라스,"33,250",하락,200,-0.60%,"1,000","2,221",73,"33,400","5,310",572,31.91,"44,053","33,350","33,450","24,943",-39.82,2.48,"33,400",193,"10,054",370,9.20,1.57,"32,950",228,"15,971","19,033","1,042",0.36,"1,800",13.29
398,TIGER 200 IT,"30,065",하락,695,-2.26%,0,"3,470",104,"30,395","5,303",N/A,N/A,"78,325","30,395","30,400",N/A,N/A,N/A,"30,400",3,N/A,N/A,0.10,N/A,"30,065","10,579","17,640",N/A,N/A,N/A,N/A,N/A
399,JW중외제약,"22,750",하락,250,-1.09%,"2,500","5,508",125,"22,800","5,298",825,9.07,"58,934","22,800","23,000","6,046",-17.76,21.87,"84,400",13,"4,121",-85,7.32,-0.39,"81,400",92,"6,500","28,001",158,0.28,"1,000",12.01
400,대한유화,"81,500",하락,"3,500",-4.12%,"5,000","3,078",253,"84,300","5,298",-599,515.82,"44,469","84,300","84,500","22,197",3.90,-0.47,"23,000","1,281","2,751",650,6.64,10.41,"22,650","1,142","23,286","7,194","2,507",1.67,450,-3.89
401,후성,"4,935",하락,125,-2.47%,500,"56,878",281,"4,985","5,293",-96,-8.42,"388,777","5,000","5,060","8,263",79.23,-21.71,"5,010","1,593","4,935",-834,7.27,-9.93,"2,670",413,"197,376",626,198,0.64,N/A,3.49
402,제이알글로벌리츠,"2,680",하락,20,-0.74%,"1,000","55,163",147,"2,685","5,290",310,13.54,"4,118,548","2,690","2,700","21,465",-4.87,2.48,"2,690","3,520","13,405",207,9.86,0.98,"4,920",685,"107,255","4,378",-586,1.65,N/A,-16.32
403,케이씨텍,"25,550",하락,850,-3.22%,500,"12,187",313,"26,100","5,286",498,10.91,"84,444","26,000","26,350","5,491",52.23,11.28,"26,000",288,673,527,12.55,10.04,"25,500",332,"20,690","3,854","2,341",1.04,270,34.34
404,롯데손해보험,"1,696",하락,35,-2.02%,"1,000","42,092",71,"1,700","5,263",311,-99.76,"545,005","1,708","1,731","155,415",-91.73,2.31,"1,722",783,"147,472",242,1.29,0.16,"1,690","1,679","310,336","31,515",-17,1.04,N/A,23.15
405,KB KIS CD금리투자 ETN,"52,105",하락,5,-0.01%,0,5,0,0,"5,210",N/A,N/A,"1,050","52,105",0,N/A,N/A,N/A,"52,105",0,N/A,N/A,0.00,N/A,"52,105",0,"10,000",N/A,N/A,N/A,N/A,N/A
406,삼양사,"50,500",하락,600,-1.17%,"5,000",600,30,"51,000","5,208","1,335",4.67,"15,504","51,000","51,100","33,199",17.95,7.53,"51,100",57,"13,722","1,364",5.03,4.18,"50,500",189,"10,313","26,718","10,808",0.29,"1,750",0.77
407,KODEX 200타겟위클리커버드콜,"10,635",하락,110,-1.02%,0,"273,874","2,918","10,690","5,179",N/A,N/A,"1,570,623","10,690","10,695",N/A,N/A,N/A,"10,690",244,N/A,N/A,0.13,N/A,"10,635","45,078","48,700",N/A,N/A,N/A,N/A,N/A
408,바이오노트,"5,060",하락,110,-2.13%,500,"7,720",39,"5,100","5,164",122,12.19,"55,909","5,100","5,160","16,972",125.97,3.46,"5,150",84,614,553,0.48,3.36,"5,060",304,"102,056","1,028",415,0.32,200,14.10
409,LF,"17,660",하락,290,-1.62%,"5,000","4,364",77,"17,800","5,164","1,261",6.77,"128,687","17,750","17,850","29,150",119.84,4.87,"17,780",192,"11,422",906,13.21,3.20,"17,650",386,"29,240","19,563","2,610",0.31,700,2.92
410,YG PLUS,"8,130",하락,10,-0.12%,500,"251,417","2,028","8,060","5,157",-7,64.02,"8,231,873","8,050","8,070","2,378",-103.45,0.73,"8,170","2,470",686,20,5.88,0.86,"7,900","1,786","63,429","1,849",127,3.02,N/A,-17.32
411,TIGER 인도니프티50,"13,215",상승,20,+0.15%,0,"60,300",797,"13,170","5,141",N/A,N/A,"223,845","13,185","13,195",N/A,N/A,N/A,"13,290","1,548",N/A,N/A,0.12,N/A,"13,185","4,495","38,900",N/A,N/A,N/A,N/A,N/A
412,한국금융지주우,"87,700",하락,700,-0.79%,"5,000","4,440",391,"88,300","5,138",N/A,4.67,"38,667","88,300","88,400",N/A,N/A,N/A,"88,600",10,N/A,N/A,14.38,N/A,"87,200",266,"5,858",N/A,"18,792",0.52,N/A,N/A
413,TIGER 미국달러단기채권액티브,"12,595",상승,135,+1.08%,0,"23,146",291,"12,480","5,119",N/A,N/A,"146,693","12,565","12,600",N/A,N/A,N/A,"12,600","35,852",N/A,N/A,0.00,N/A,"12,550",66,"40,640",N/A,N/A,N/A,N/A,N/A
414,대신증권우,"19,540",하락,230,-1.16%,"5,000","7,510",147,"19,680","5,080",N/A,10.57,"89,330","19,700","19,700",N/A,N/A,N/A,"19,700",738,N/A,N/A,13.91,N/A,"19,490","1,398","26,000",N/A,"1,848",0.43,N/A,N/A
415,TIGER 우량회사채액티브,"117,040",하락,110,-0.09%,0,261,30,"117,070","5,029",N/A,N/A,"23,160","116,945","117,155",N/A,N/A,N/A,"117,055","5,977",N/A,N/A,0.00,N/A,"116,945","4,001","4,297",N/A,N/A,N/A,N/A,N/A
416,퍼시스,"43,700",하락,300,-0.68%,"1,000",23,1,"43,800","5,026",215,15.18,627,"43,900","43,900","6,439",-39.05,8.64,"43,900",19,699,477,19.95,7.69,"43,300",156,"11,500","3,857","2,879",0.69,"1,200",6.28
417,PI첨단소재,"17,080",하락,660,-3.72%,500,"22,883",393,"17,640","5,016",349,17.94,"159,936","17,580","17,650","5,275",987.07,7.16,"17,580",21,"1,896",234,9.40,4.47,"17,070","1,332","29,366","2,513",952,1.50,350,15.46
418,HD현대에너지솔루션,"44,550",하락,750,-1.66%,"5,000","23,635","1,048","44,100","4,990",35,27.07,"122,996","44,400","44,500","4,538",-80.03,0.03,"44,800",829,841,1,3.76,0.02,"44,200",642,"11,200","4,224","1,646",1.35,N/A,-22.66
419,TIGER 테슬라채권혼합Fn,"13,545",하락,25,-0.18%,0,"50,511",682,"12,940","4,971",N/A,N/A,"409,937","13,410","13,570",N/A,N/A,N/A,"13,550","1,626",N/A,N/A,0.66,N/A,"13,410",666,"36,700",N/A,N/A,N/A,N/A,N/A
420,코오롱,"39,300",하락,150,-0.38%,"5,000","32,572","1,262","38,800","4,962",-896,3.44,"284,504","38,350","38,850","70,405",-190.15,12.49,"39,450",73,"46,926","1,576",4.52,2.57,"38,350",143,"12,626","60,284","11,430",0.32,550,2.55
421,TIMEFOLIO 글로벌AI인공지능액티브,"28,570",하락,50,-0.17%,0,"19,531",557,"28,600","4,948",N/A,N/A,"248,441","28,600","28,605",N/A,N/A,N/A,"28,620",21,N/A,N/A,0.34,N/A,"28,490","2,634","17,320",N/A,N/A,N/A,N/A,N/A
422,SPC삼립,"57,300",하락,300,-0.52%,"5,000","2,942",168,"57,100","4,944",950,5.69,"38,103","57,500","57,500","12,408",3.53,19.25,"57,600",26,"7,610",865,4.66,6.83,"56,700",143,"8,629","34,279","10,076",0.98,"1,800",-0.16
423,SBS,"26,350",하락,700,-2.59%,"5,000","1,871",49,"26,500","4,888",-192,34.90,"57,519","26,600","26,800","15,124",-132.90,3.80,"26,600",37,"6,059",338,0.00,2.36,"26,300",983,"18,551","10,467",755,0.54,N/A,5.01
424,OCI,"54,500",하락,"1,400",-2.50%,"5,000","7,909",432,"55,600","4,879","1,105",11.50,"40,001","55,400","55,900","22,830",N/A,N/A,"55,400",160,"10,414",897,6.68,N/A,"54,200",163,"8,952","22,153","4,741",0.42,"2,200",N/A
425,애경케미칼,"10,000",하락,480,-4.58%,500,"61,535",618,"10,260","4,865",155,103.09,"871,381","10,130","10,270","13,564",-65.69,0.54,"10,150",67,"6,155",85,0.00,0.64,"9,960","1,156","48,649","16,422",97,0.67,281,-8.45
426,고려제강,"18,010",하락,80,-0.44%,"1,000","1,701",30,"18,050","4,863",261,31.54,"11,342","18,100","18,090","26,090",-53.64,1.95,"18,290",12,"6,819",329,5.81,1.30,"18,010",20,"27,000","17,396",571,0.27,324,-2.75
427,엠씨넥스,"27,000",하락,600,-2.17%,500,"5,496",148,"27,300","4,854",444,7.17,"97,075","27,150","27,500","5,741",143.55,18.28,"27,300",13,"2,019",636,12.24,11.46,"26,950",866,"17,978","10,571","3,768",1.21,800,13.36
428,아모레퍼시픽우,"45,800",하락,"1,950",-4.08%,500,"4,571",211,"47,250","4,835",N/A,5.06,"89,172","46,800","47,450",N/A,N/A,N/A,"46,800",71,N/A,N/A,46.85,N/A,"45,700",240,"10,558",N/A,"9,057",0.60,N/A,N/A
429,TIGER 미국달러SOFR금리액티브(합성),"57,195",상승,510,+0.90%,0,"1,627",92,"57,100","4,806",N/A,N/A,"19,945","57,125","57,200",N/A,N/A,N/A,"57,200","8,999",N/A,N/A,0.00,N/A,"56,980","6,017","8,402",N/A,N/A,N/A,N/A,N/A
430,신도리코,"47,450",하락,650,-1.35%,"5,000",938,44,"47,600","4,783",202,7.33,"6,242","48,100","48,100","11,436",-33.06,7.12,"48,100",82,793,732,11.67,6.59,"47,200",295,"10,080","3,410","6,476",0.38,"1,500",-15.29
431,TIGER 미국테크TOP10타겟커버드콜,"12,715",하락,40,-0.31%,0,"51,905",659,"12,735","4,774",N/A,N/A,"213,608","12,605","12,740",N/A,N/A,N/A,"12,740",10,N/A,N/A,0.02,N/A,"12,605","5,797","37,550",N/A,N/A,N/A,N/A,N/A
432,한전산업,"14,550",상승,80,+0.55%,500,"121,723","1,766","14,210","4,743",161,41.34,"814,895","14,250","14,250","2,200",-38.00,10.59,"14,680","2,387","1,044",116,1.37,5.49,"14,120",369,"32,600","3,675",352,4.33,367,1.17
433,동국제강,"9,540",하락,110,-1.14%,"5,000","19,135",183,"9,650","4,733","1,025",58.17,"179,233","9,640","9,660","31,940",-56.49,2.04,"9,640","2,636","14,922",348,26.78,1.04,"9,500",322,"49,608","35,275",164,0.28,600,34.02
434,신세계인터내셔날,"13,320",하락,270,-1.99%,"1,000","144,917","1,914","13,570","4,708",268,19.36,"2,408,955","13,360","13,580","13,331",-44.93,3.85,"13,360",214,"4,866",327,4.67,2.46,"14,015","2,599","33,300",N/A,N/A,N/A,N/A,N/A
435,KODEX 미국AI전력핵심인프라,"14,115",하락,155,-1.09%,0,"163,299","2,300","14,260","4,700",N/A,N/A,"757,915","14,015","14,265",N/A,N/A,N/A,"14,140",115,N/A,N/A,0.62,N/A,"26,300","1,618","17,584","9,617",-314,1.64,N/A,-10.16
436,DS단석,"26,700",상승,100,+0.38%,500,"21,734",576,"26,300","4,695",122,-85.03,"101,086","26,450","26,350","7,358",-84.01,-3.29,"26,800","2,141","4,528",-103,2.19,-1.42,"8,950",666,"52,200","14,613","1,401",1.67,N/A,14.41
437,진에어,"8,990",하락,200,-2.18%,"1,000","8,817",79,"9,110","4,693","1,631",6.42,"83,291","9,100","9,120","12,271",-10.46,51.15,"9,100",92,"9,959",957,4.09,8.78,"13,060","5,119","35,343","13,086",688,0.55,400,-3.37
438,ACE 200,"40,315",하락,490,-1.20%,0,"47,071","1,900","40,435","4,677",N/A,N/A,"359,945","40,495","40,530",N/A,N/A,N/A,"40,495",391,N/A,N/A,11.40,N/A,"40,230","10,438","11,600",N/A,N/A,N/A,N/A,N/A
439,KODEX 자동차,"18,155",하락,570,-3.04%,0,"59,323","1,084","18,475","4,666",N/A,N/A,"644,874","18,445","18,500",N/A,N/A,N/A,"18,445",36,N/A,N/A,0.08,N/A,"18,150",929,"25,700",N/A,N/A,N/A,N/A,N/A
440,KIWOOM 종합채권(AA-이상)액티브,"108,995",보합,0,0.00%,0,0,0,"108,905","4,656",N/A,N/A,29,"108,995","108,975",N/A,N/A,N/A,"108,995","9,000",N/A,N/A,0.00,N/A,"108,995","8,998","4,272",N/A,N/A,N/A,N/A,N/A
441,풀무원,"12,190",하락,220,-1.77%,500,"10,823",133,"12,500","4,647",918,14.87,"72,100","12,500","12,510","23,312",48.16,11.40,"12,500",930,"17,477",344,3.07,1.53,"12,180",175,"38,121","32,137",820,1.52,102,7.36
442,PLUS 머니마켓액티브,"52,325",보합,0,0.00%,0,414,21,"52,330","4,641",N/A,N/A,"13,196","52,325","52,335",N/A,N/A,N/A,"52,335","15,000",N/A,N/A,0.00,N/A,"52,325","25,000","8,870",N/A,N/A,N/A,N/A,N/A
443,KODEX 코스피,"30,430",하락,375,-1.22%,0,"141,525","4,316","30,660","4,641",N/A,N/A,"661,858","30,590","30,685",N/A,N/A,N/A,"30,590","5,039",N/A,N/A,0.52,N/A,"30,420","13,188","15,250",N/A,N/A,N/A,N/A,N/A
444,KODEX 미국반도체,"24,310",하락,240,-0.98%,0,"62,773","1,528","23,800","4,619",N/A,N/A,"85,290","24,350","24,480",N/A,N/A,N/A,"24,445",237,N/A,N/A,0.67,N/A,"24,290","1,647","19,000",N/A,N/A,N/A,N/A,N/A
445,NICE,"12,430",보합,0,0.00%,500,"7,299",90,"12,390","4,615","1,743",9.44,"199,377","12,390","12,400","35,219",79.68,6.27,"12,430",131,"21,291","1,009",10.84,2.88,"12,300",592,"37,128","30,383","1,317",0.58,500,7.78
446,아세아시멘트,"12,260",상승,210,+1.74%,500,"3,691",44,"11,990","4,579","1,408",7.17,"29,105","12,000","12,000","21,954",-4.18,7.65,"12,320",174,"10,890",801,6.30,3.71,"11,980",596,"37,347","11,103","1,709",0.42,260,-7.51
447,현대차증권,"7,370",하락,140,-1.86%,"5,000","54,636",405,"7,490","4,557",547,7.48,"295,755","7,490","7,500","119,920",-16.08,2.80,"7,490",200,"106,899",362,4.21,0.31,"7,350","2,081","61,833","17,956",985,0.35,153,13.49
448,화승엔터프라이즈,"7,510",하락,150,-1.96%,500,"7,980",60,"7,580","4,550",826,13.06,"174,980","7,570","7,620","15,376",537.00,6.38,"7,590",674,"9,739",344,6.27,2.37,"7,470","1,135","60,589","16,096",575,0.89,45,32.61
449,KODEX 국고채10년액티브,"113,560",하락,15,-0.01%,0,"9,168","1,041","113,610","4,521",N/A,N/A,"13,374","113,610","113,735",N/A,N/A,N/A,"113,665","10,001",N/A,N/A,0.01,N/A,"113,485","12,640","3,981",N/A,N/A,N/A,N/A,N/A
450,스틱인베스트먼트,"10,790",하락,220,-2.00%,500,"6,828",74,"10,950","4,497",134,-125.47,"167,042","10,940","11,000","2,647",-59.46,3.72,"10,940","1,890",159,93,27.02,3.40,"10,790","1,580","41,678",795,-86,1.66,250,-15.25
451,RISE 미국30년국채엔화노출(합성 H),"8,220",하락,30,-0.36%,0,"62,428",513,"8,230","4,426",N/A,N/A,"798,193","8,235","8,245",N/A,N/A,N/A,"8,250",67,N/A,N/A,0.01,N/A,"8,220","21,025","53,850",N/A,N/A,N/A,N/A,N/A
452,부국증권,"42,650",상승,700,+1.67%,"5,000","3,978",167,"41,700","4,423",367,17.76,"21,431","41,350","41,900","16,514",-46.93,4.05,"42,800",56,"8,811",310,1.48,1.81,"41,250",251,"10,370","7,792","2,402",0.49,"1,500",-4.40
453,KODEX 미국나스닥100(H),"16,705",하락,165,-0.98%,0,"43,440",725,"16,725","4,418",N/A,N/A,"238,842","16,725","16,735",N/A,N/A,N/A,"16,730","39,627",N/A,N/A,0.69,N/A,"16,695","30,000","26,450",N/A,N/A,N/A,N/A,N/A
454,동아에스티,"47,150",하락,800,-1.67%,"5,000","2,365",112,"48,250","4,410",-250,-554.71,"24,159","48,000","48,300","13,917",-323.66,-0.18,"48,000",97,"6,829",-232,17.87,-1.74,"47,100",203,"9,353","6,979",-85,0.66,785,5.10
455,쏘카,"13,340",하락,90,-0.67%,100,468,6,"13,400","4,381",-98,-24.61,"3,678","13,430","13,500","6,315",-1.14,-15.69,"13,430",26,"4,480",-310,0.99,-4.73,"13,300",213,"32,842","4,318",-542,2.42,N/A,8.36
456,TIGER 미국S&P500(H),"14,135",하락,70,-0.49%,0,"28,583",403,"14,145","4,375",N/A,N/A,"312,382","14,140","14,155",N/A,N/A,N/A,"14,145","29,192",N/A,N/A,0.10,N/A,"14,125","6,837","30,950",N/A,N/A,N/A,N/A,N/A
457,KODEX 인도Nifty50,"13,500",상승,5,+0.04%,0,"27,496",370,"13,425","4,374",N/A,N/A,"153,898","13,430","13,475",N/A,N/A,N/A,"13,510","2,712",N/A,N/A,0.04,N/A,"13,430","1,702","32,400",N/A,N/A,N/A,N/A,N/A
458,RISE KIS국고채30년Enhanced,"80,700",하락,15,-0.02%,0,"7,797",629,"80,635","4,342",N/A,N/A,"29,765","80,420","80,715",N/A,N/A,N/A,"80,940","5,997",N/A,N/A,0.02,N/A,"80,420",361,"5,381",N/A,N/A,N/A,N/A,N/A
459,애경산업,"16,440",하락,770,-4.47%,"1,000","31,709",524,"16,760","4,342",468,12.74,"951,399","16,700","16,790","4,994",-24.40,10.81,"16,740",550,987,425,2.70,8.66,"16,420","2,735","26,410","6,791","1,290",1.06,580,1.53
460,디아이,"15,300",하락,980,-6.02%,500,"92,955","1,434","15,870","4,330",31,55.43,"195,257","15,720","15,880","3,196",-49.81,0.72,"15,780",147,"1,519",28,7.48,0.92,"15,280","1,233","28,300","2,140",276,2.55,100,-0.27
461,TIGER 27-04회사채(A+이상)액티브,"53,305",보합,0,0.00%,0,543,28,"53,305","4,312",N/A,N/A,"26,676","53,295","53,320",N/A,N/A,N/A,"53,320","29,978",N/A,N/A,0.00,N/A,"53,295","24,795","8,090",N/A,N/A,N/A,N/A,N/A
462,티웨이항공,"1,999",하락,6,-0.30%,500,"101,260",202,"2,030","4,305",-123,-2.72,"290,446","2,005","2,040","15,624",-108.80,-55.03,"2,010","2,633","14,802",-659,1.04,-4.63,"1,998","2,808","215,379","15,368",-736,12.69,N/A,13.94
463,명신산업,"8,190",하락,300,-3.53%,500,"30,070",248,"8,400","4,297","1,481",4.00,"203,422","8,400","8,410","12,103",-28.83,20.95,"8,410","1,488","5,128","1,291",7.74,11.45,"8,170",397,"52,470","15,738","2,048",0.61,150,-9.49
464,두산2우B,"480,500",상승,"13,500",+2.89%,"5,000","3,128","1,483","450,000","4,291",N/A,-49.59,"7,923","453,000","453,000",N/A,N/A,N/A,"489,500",28,N/A,N/A,2.00,N/A,"453,000",127,893,N/A,"-9,690",5.73,N/A,N/A
465,비에이치,"12,400",하락,530,-4.10%,500,"68,463",854,"12,670","4,274",871,15.68,"268,303","12,670","12,770","13,199",2.67,9.90,"12,750","1,137","5,790",776,10.82,6.44,"12,390",244,"34,464","17,544",791,0.57,250,10.20
466,해성디에스,"24,900",하락,"1,000",-3.86%,"5,000","28,015",702,"25,250","4,233",569,10.64,"245,202","25,250","25,300","7,942",-44.52,10.96,"25,750",536,"2,379",587,8.40,7.92,"24,900",814,"17,000","6,030","2,340",0.78,800,-10.30
467,한세실업,"10,570",하락,170,-1.58%,500,"15,154",160,"10,680","4,228","1,422",8.56,"141,723","10,620","10,700","14,245",-15.47,8.58,"10,630",17,"7,149",584,3.95,4.39,"10,530","3,174","40,000","17,978","1,235",0.60,500,5.21
468,더본코리아,"28,650",하락,550,-1.88%,500,"10,858",311,"29,050","4,222",360,11.06,"120,095","29,000","29,100","3,527",40.75,15.52,"29,000",162,851,310,1.62,11.05,"28,500",473,"14,737","4,642","2,591",1.56,300,13.03
469,PLUS 종합채권(AA-이상)액티브,"116,575",상승,"1,205",+1.04%,0,1,0,"115,360","4,219",N/A,N/A,775,"116,575","115,440",N/A,N/A,N/A,"116,575","6,000",N/A,N/A,0.00,N/A,"116,575","6,000","3,619",N/A,N/A,N/A,N/A,N/A
470,영진약품,"2,305",상승,35,+1.54%,500,"189,424",432,"2,270","4,216",87,-230.50,"903,486","2,250","2,275","2,343",179.79,1.37,"2,325","8,639","1,445",12,2.98,0.54,"2,235",857,"182,893","2,520",-10,4.64,N/A,7.30
471,KODEX 미국배당커버드콜액티브,"11,195",상승,55,+0.49%,0,"100,989","1,128","11,135","4,181",N/A,N/A,"538,972","11,140","11,140",N/A,N/A,N/A,"11,200",470,N/A,N/A,0.01,N/A,"11,120","1,579","37,350",N/A,N/A,N/A,N/A,N/A
472,제주은행,"11,060",상승,910,+8.97%,"5,000","257,195","2,798","11,230","4,181",114,39.64,"208,061","11,150","11,240","74,448",335.46,1.85,"11,150","4,031","68,547",104,1.87,0.14,"10,550",742,"37,799","3,797",279,0.60,100,2.30
473,세아홀딩스,"104,300",하락,"1,700",-1.60%,"5,000",32,3,"106,900","4,172",992,13.02,383,"106,900","107,700","61,055",-50.60,1.53,"106,900",10,"29,554",342,1.17,0.58,"104,300",15,"4,000","60,168","8,013",0.19,"4,000",-6.27
474,코람코라이프인프라리츠,"4,285",하락,30,-0.70%,500,"8,450",36,"4,275","4,171",356,11.07,"261,072","4,275","4,315","12,792",96.73,4.96,"4,315",328,"7,776",238,1.37,1.87,"4,275",101,"97,335",485,387,0.86,418,54.05
475,세아제강,"147,000",하락,"1,500",-1.01%,"5,000","2,089",307,"148,300","4,169","2,029",3.41,"17,744","148,000","148,500","18,238",N/A,N/A,"148,100",19,"7,113","1,371",9.15,N/A,"146,700",91,"2,836","18,094","43,046",0.37,"7,000",N/A
476,TIGER 2차전지소재Fn,"3,352",하락,138,-3.95%,0,"371,639","1,254","3,480","4,128",N/A,N/A,"5,406,120","3,410","3,485",N/A,N/A,N/A,"3,430",124,N/A,N/A,0.66,N/A,"3,350","2,651","123,150",N/A,N/A,N/A,N/A,N/A
477,TIGER 은행고배당플러스TOP10,"17,390",하락,135,-0.77%,0,"83,379","1,455","17,350","4,121",N/A,N/A,"842,959","17,365","17,400",N/A,N/A,N/A,"17,520","8,972",N/A,N/A,0.24,N/A,"17,355",3,"23,700",N/A,N/A,N/A,N/A,N/A
478,드림텍,"5,980",하락,230,-3.70%,100,"19,939",119,"6,100","4,120",236,-351.76,"157,851","6,080","6,140","9,081",-30.82,0.95,"6,080","1,026","3,930",127,57.22,1.50,"5,970","1,080","68,890","11,727",-17,1.03,200,13.81
479,KIWOOM 200,"40,010",하락,530,-1.31%,0,"6,585",264,"40,205","4,101",N/A,N/A,"274,475","40,195","40,230",N/A,N/A,N/A,"40,220","59,981",N/A,N/A,0.00,N/A,"40,005","50,000","10,250",N/A,N/A,N/A,N/A,N/A
480,TCC스틸,"15,590",하락,790,-4.82%,"1,000","30,962",486,"16,030","4,087",123,19.04,"176,019","16,050","16,060","5,740",9.08,8.30,"16,190",110,"3,149",202,7.90,3.57,"15,570",274,"26,214","5,821",819,1.62,100,-6.78
481,삼성FN리츠,"4,410",하락,30,-0.68%,500,"1,964",8,"4,440","4,015",78,152.07,"143,394","4,435","4,445","8,768",24.55,0.66,"4,435","2,497","4,607",26,0.21,0.32,"4,400",512,"91,050",115,29,0.97,73,23.01
482,BGF,"4,190",하락,95,-2.22%,"1,000","45,867",192,"4,285","4,011",552,4.61,"179,406","4,265","4,290","23,010",-8.82,5.43,"4,265",165,"3,199",948,2.29,4.24,"4,160",27,"95,717","4,341",909,0.23,130,21.80
483,맵스리얼티1,"4,310",하락,20,-0.46%,0,"1,025",4,"4,330","4,001",N/A,N/A,"175,204","4,330","4,335",N/A,N/A,N/A,"4,340","6,517",N/A,N/A,2.69,N/A,"4,310",3,"92,834",N/A,N/A,N/A,N/A,N/A
484,남양유업,"65,250",하락,"1,150",-1.73%,500,"2,169",142,"66,600","4,001",-98,82.49,"30,206","66,600","67,900","7,242",86.28,0.04,"67,900",375,924,2,7.31,0.03,"65,000",3,"6,131","9,528",791,0.85,100,-4.41
485,엘브이엠씨홀딩스,"2,060",상승,20,+0.98%,0,"213,932",431,"2,030","3,981",164,108.42,"8,385,449","2,030","2,040","7,388",205.09,0.28,"2,075","5,344","2,678",42,11.29,0.61,"1,986","3,416","193,240","2,957",19,0.77,0,13.53
486,수산인더스트리,"27,850",상승,150,+0.54%,200,"21,226",586,"27,150","3,979",435,10.15,"289,550","27,150","27,200","6,238",-13.40,7.77,"28,050",91,"1,054",394,1.61,6.41,"27,100",63,"14,286","3,168","2,745",0.76,800,-2.45
487,조광피혁,"59,800",하락,"1,100",-1.81%,"5,000","1,601",96,"60,900","3,976",72,34.17,"4,729","60,900","61,800","6,188",13.90,2.58,"62,200",370,754,126,0.52,2.24,"58,700",12,"6,649",902,"1,750",0.37,N/A,-28.70
488,롯데이노베이트,"26,000",하락,200,-0.76%,"5,000","21,779",570,"25,700","3,934",257,36.16,"120,900","25,600","25,750","9,506",-54.83,3.07,"26,650",234,"5,008",72,1.53,0.76,"25,450",71,"15,129","11,804",719,0.94,700,-1.37
489,KODEX 미국AI테크TOP10타겟커버드콜,"10,315",하락,85,-0.82%,0,"50,150",516,"10,390","3,930",N/A,N/A,"214,676","10,295","10,395",N/A,N/A,N/A,"10,355",416,N/A,N/A,0.00,N/A,"10,255","9,342","38,100",N/A,N/A,N/A,N/A,N/A
490,HL홀딩스,"41,400",하락,150,-0.36%,"5,000",320,13,"41,500","3,893",904,-19.80,"29,578","41,550","41,550","23,708",-1.88,1.91,"41,550",11,"13,062",198,9.98,0.85,"41,200",22,"9,404","13,711","-2,091",0.37,"2,000",6.66
491,HANARO 200,"40,185",하락,540,-1.33%,0,279,11,"40,275","3,878",N/A,N/A,"75,294","40,275","40,485",N/A,N/A,N/A,"40,325","2,326",N/A,N/A,20.95,N/A,"40,185","10,065","9,650",N/A,N/A,N/A,N/A,N/A
492,한섬,"17,240",상승,30,+0.17%,500,"18,081",310,"17,000","3,868",635,10.32,"290,437","17,120","17,100","17,462",-36.83,3.19,"17,270","1,582","3,401",433,22.08,2.50,"17,090",304,"22,438","14,853","1,670",0.26,750,-2.84
493,남해화학,"7,740",하락,160,-2.03%,"1,000","37,946",295,"7,850","3,845",363,15.54,"146,539","7,870","7,850","7,738",228.08,4.84,"7,870",681,"2,391",215,3.24,2.68,"7,730","1,394","49,679","15,191",498,0.69,80,-4.34
494,대상홀딩스,"10,580",하락,280,-2.58%,"1,000","18,897",200,"10,510","3,831","1,840",30.32,"128,283","10,620","10,540","44,186",60.56,2.70,"10,720",611,"27,476",799,7.66,1.86,"10,580",56,"36,213","53,579",349,0.52,270,1.87
495,농심홀딩스,"82,100",하락,"1,300",-1.56%,"5,000",596,49,"83,300","3,808",866,5.78,"7,965","83,400","83,400","16,115",15.04,6.39,"83,400",3,"3,940",749,2.46,4.80,"82,100",93,"4,638","7,983","14,201",0.31,"2,500",3.74
496,KB스타리츠,"3,750",하락,20,-0.53%,500,"2,835",10,"3,770","3,803",266,-29.07,"234,999","3,770","3,790","10,667",-50.14,4.54,"3,780",583,"6,842",190,0.33,1.81,"3,745",72,"101,414",382,-129,1.10,180,-41.46
497,TIGER 미국나스닥100커버드콜(합성),"9,800",하락,25,-0.25%,0,"53,360",523,"9,815","3,798",N/A,N/A,"118,086","9,800","9,820",N/A,N/A,N/A,"9,815",77,N/A,N/A,0.01,N/A,"9,790","16,496","38,750",N/A,N/A,N/A,N/A,N/A
498,RISE 200위클리커버드콜,"9,050",하락,85,-0.93%,0,"209,838","1,902","9,095","3,796",N/A,N/A,"1,367,785","9,070","9,100",N/A,N/A,N/A,"9,080",608,N/A,N/A,0.26,N/A,"9,050","2,564","41,950",N/A,N/A,N/A,N/A,N/A
499,사조대림,"41,050",하락,"1,100",-2.61%,"5,000","1,854",76,"41,600","3,762","1,330",5.34,"15,955","41,400","41,650","21,236",3.41,14.27,"41,450",21,"12,850",958,2.46,5.66,"41,000",203,"9,164","26,430","7,690",0.50,300,28.11
500,대한제강,"16,060",하락,70,-0.43%,"1,000","1,292",20,"16,230","3,760",103,10.35,"34,459","16,430","16,450","11,498",-90.62,4.91,"16,430",14,"2,538",400,4.78,3.53,"15,990",555,"23,414","12,245","1,552",0.35,500,-15.42
