N,종목명,현재가,전일비변동,전일비,등락률,액면가,거래량,거래대금,매수호가,시가총액,영업이익,PER,전일거래량,시가,매도호가,자산총계,영업이익증가율,ROE,고가,매수총잔량,부채총계,당기순이익,외국인비율,ROA,저가,매도총잔량,상장주식수,매출액,주당순이익,PBR,보통주배당금,매출액증가율
1,삼성전자,"59,400",상승,200,+0.34%,100,"2,346,210","139,235","59,300","3,516,265","327,260",11.51,"16,876,278","59,400","59,400","5,145,319",398.34,9.03,"59,600","960,898","1,123,399","344,514",49.75,7.10,"59,100","801,880","5,919,638","3,008,709","5,162",1.01,"1,446",16.20
2,SK하이닉스,"253,000",상승,"7,000",+2.85%,"5,000","734,770","185,557","254,000","1,841,846","234,673",7.09,"2,317,796","249,000","254,500","1,198,552",403.58,31.06,"256,250","85,530","459,395","197,969",55.32,17.98,"247,500","81,517","728,002","661,930","35,682",2.15,"2,204",102.02
3,삼성바이오로직스,"1,006,000",상승,"7,000",+0.70%,"2,500","8,538","8,586","1,007,000","716,010","13,201",55.96,"45,500","1,004,000","1,008,000","173,363",18.53,10.45,"1,010,000","1,150","64,316","10,833",12.88,6.49,"1,000,000","2,092","71,174","45,473","17,977",6.35,0,23.08
4,LG에너지솔루션,"294,000",상승,"3,000",+1.03%,500,"36,326","10,658","292,000","687,960","5,754",-59.11,"146,199","291,000","293,000","603,068",-73.40,-4.93,"295,000","9,001","293,402","3,386",4.06,0.64,"289,500","9,901","234,000","256,196","-4,974",3.25,N/A,-24.08
5,한화에어로스페이스,"923,000",하락,"11,000",-1.18%,"5,000","34,368","31,931","929,000","436,544","17,319",18.67,"198,303","924,000","930,000","433,369",191.41,53.94,"940,000","1,919","319,726","25,399",45.03,8.08,"917,000","2,138","47,296","112,401","49,447",10.68,"3,500",42.47
6,현대차,"206,500",하락,500,-0.24%,"5,000","60,106","12,409","207,000","422,825","142,396",4.50,"538,891","208,000","207,500","3,397,984",-5.87,12.43,"208,000","17,504","2,195,225","132,299",36.20,4.25,"205,500","31,788","204,758","1,752,312","45,880",0.49,"12,000",7.73
7,KB금융,"107,500",상승,800,+0.75%,"5,000","175,895","18,934","107,600","410,072","80,453",7.46,"1,317,751","107,500","107,700","7,578,455",26.00,8.86,"108,200","4,958","6,980,304","50,286",78.12,0.68,"107,000","13,662","381,462","850,764","14,416",0.68,"3,174",9.77
8,삼성전자우,"48,850",상승,350,+0.72%,100,"202,403","9,848","48,700","398,604",N/A,9.46,"1,206,477","48,550","48,750",N/A,N/A,N/A,"48,900","21,567",N/A,N/A,73.77,N/A,"48,500","48,453","815,975",N/A,"5,162",0.83,N/A,N/A
9,NAVER,"247,000",하락,"5,000",-1.98%,100,"442,004","109,722","248,000","391,339","19,793",21.57,"3,810,468","249,000","248,500","381,679",32.94,7.90,"251,000","49,190","111,670","19,320",48.84,5.23,"245,500","33,052","158,437","107,377","11,452",1.39,"1,130",11.03
10,기아,"98,000",하락,200,-0.20%,"5,000","88,394","8,654","98,200","389,719","126,671",4.18,"691,399","98,000","98,300","927,559",9.13,19.09,"98,500","10,319","369,156","97,750",39.03,11.28,"97,200","18,127","397,673","1,074,488","23,440",0.69,"6,500",7.66
11,HD현대중공업,"429,000",하락,"1,500",-0.35%,"5,000","36,795","15,844","428,500","380,837","7,052",43.42,"145,045","433,500","429,000","193,909",294.77,11.39,"437,500","1,216","136,865","6,215",10.71,3.40,"424,000","1,143","88,773","144,865","9,880",6.56,"2,090",21.08
12,두산에너빌리티,"59,300",하락,"1,700",-2.79%,"5,000","2,842,844","168,291","59,300","379,853","10,176",-372.96,"7,994,191","60,200","59,500","263,148",-30.65,1.52,"61,000","272,674","146,537","3,947",24.23,1.55,"58,200","67,314","640,561","162,331",-159,4.99,N/A,-7.71
13,셀트리온,"162,900",상승,"2,700",+1.69%,"1,000","144,283","23,434","161,800","362,332","4,920",75.38,"387,741","160,500","161,700","210,552",-24.48,2.46,"163,900","2,073","34,752","4,189",21.47,2.04,"160,100","9,586","222,426","35,573","2,161",2.10,735,63.45
14,신한지주,"59,700",상승,300,+0.51%,"5,000","229,159","13,635","59,500","296,018","64,587",6.55,"1,357,661","59,400","59,600","7,397,643",5.87,8.11,"59,800","17,131","6,809,432","45,582",58.90,0.64,"59,200","28,373","495,842","419,028","9,108",0.52,"2,160",6.26
15,삼성물산,"161,200",하락,"4,100",-2.48%,100,"80,547","13,033","161,600","274,002","29,834",12.87,"421,152","163,700","161,700","619,904",3.95,6.83,"163,800","4,391","247,319","27,720",26.87,4.33,"160,200","1,101","169,977","421,032","12,523",0.83,"2,600",0.50
16,현대모비스,"291,500",하락,"1,500",-0.51%,"5,000","39,547","11,603","295,500","267,583","30,735",6.42,"232,025","295,000","296,000","665,969",33.90,9.35,"296,500","3,450","204,787","40,602",42.86,6.49,"291,000","5,732","91,795","572,370","45,380",0.56,"6,000",-3.41
17,한화오션,"87,300",하락,"1,900",-2.13%,"5,000","604,837","52,946","87,600","267,499","2,379",38.61,"3,862,329","88,300","87,700","178,438",221.06,11.52,"89,400","60,275","129,805","5,282",12.92,3.32,"86,400","9,604","306,413","107,760","2,261",5.26,N/A,45.46
18,HD한국조선해양,"369,000",하락,"10,000",-2.64%,"5,000","73,228","27,460","375,500","261,153","14,341",17.66,"180,986","384,000","376,000","367,191",408.07,11.16,"386,000","2,553","225,633","14,546",32.88,4.22,"367,500",944,"70,773","255,386","20,895",2.30,"5,100",19.92
19,카카오,"58,900",하락,"1,500",-2.48%,100,"1,143,701","68,261","59,800","260,200","4,602",170.23,"14,753,547","60,100","59,900","257,730",-0.14,0.56,"60,300","99,565","118,301","-1,619",28.52,-0.64,"58,800","63,811","441,767","78,717",346,2.49,68,4.16
20,삼성생명,"123,000",하락,"1,500",-1.20%,500,"37,002","4,550","122,900","246,000","24,998",11.60,"284,216","124,200","123,000","3,122,188",4.23,6.18,"124,200","1,945","2,794,809","22,603",21.82,0.72,"122,000",866,"200,000","337,860","10,600",0.75,"4,500",9.21
21,HMM,"22,900",상승,150,+0.66%,"5,000","566,372","12,924","23,100","234,734","35,128",4.51,"1,703,760","22,400","23,150","338,486",500.72,15.35,"23,150","31,518","59,930","37,821",7.08,12.70,"22,400","60,551","1,025,039","117,002","5,073",0.72,600,39.27
22,하나금융지주,"79,900",상승,"1,200",+1.52%,"5,000","96,884","7,745","79,800","227,494","48,552",6.03,"648,347","79,400","79,800","6,378,475",3.45,9.11,"80,500","6,536","5,942,706","37,685",67.70,0.61,"79,300","14,112","284,724","816,143","13,252",0.51,"3,600",17.10
23,현대로템,"207,500",하락,"4,500",-2.12%,"5,000","384,881","81,319","208,500","226,470","4,566",44.49,"1,562,014","219,000","209,000","52,854",117.36,21.85,"220,000","18,734","32,763","4,053",32.26,7.70,"204,500","7,132","109,142","43,766","4,664",10.36,200,22.00
24,POSCO홀딩스,"260,500",상승,500,+0.19%,"5,000","59,301","15,377","259,500","210,830","21,736",25.33,"271,456","260,000","260,000","1,034,042",-38.45,2.00,"262,000","18,048","419,538","9,476",29.45,0.93,"256,500","8,435","80,933","726,881","10,286",0.35,"10,000",-5.76
25,SK스퀘어,"153,400",상승,"5,000",+3.37%,100,"69,785","10,675","153,100","203,318","39,126",4.14,"716,005","150,200","153,200","219,211",267.23,21.70,"154,900","1,034","23,356","36,505",52.00,18.30,"149,800","2,161","132,541","61,385","37,069",0.99,0,169.41
26,삼성화재,"428,500",상승,500,+0.12%,500,"6,916","2,962","427,000","197,158","26,496",10.94,"127,402","431,000","427,500","872,695",12.40,13.11,"432,500",363,"716,673","20,768",55.86,2.41,"424,000",471,"46,011","226,570","39,171",1.18,"19,000",8.80
27,메리츠금융지주,"106,200",하락,200,-0.19%,500,"42,204","4,480","106,000","191,175","31,889",8.69,"453,263","106,000","106,200","1,155,782",8.71,23.44,"106,700","3,824","1,046,482","23,334",16.02,2.14,"105,500","2,815","180,014","465,745","12,216",1.93,"1,350",-20.47
28,한국전력,"28,800",상승,500,+1.77%,"5,000","585,487","16,820","28,950","184,886","83,647",3.52,"2,109,715","28,500","29,000","2,468,078",284.18,9.22,"29,050","35,083","2,054,450","36,220",19.69,1.49,"28,350","82,802","641,964","933,989","8,191",0.44,213,5.87
29,크래프톤,"358,500",하락,"2,000",-0.55%,100,"21,896","7,841","357,000","169,888","11,825",12.95,"223,443","362,500","357,500","79,195",53.96,21.10,"363,500","3,998","10,903","13,026",43.06,18.14,"355,000","1,521","47,389","27,098","27,686",2.26,0,41.83
30,HD현대일렉트릭,"469,500",하락,"3,500",-0.74%,"5,000","35,153","16,597","469,000","169,241","6,690",30.13,"241,767","480,000","470,500","37,955",112.23,39.34,"483,000","1,399","22,880","4,984",34.34,14.87,"465,500",564,"36,047","33,223","15,581",11.23,"5,350",22.92
31,고려아연,"816,000",하락,"17,000",-2.04%,"5,000","1,995","1,629","818,000","168,939","7,235",68.57,"20,348","830,000","819,000","147,923",9.63,2.28,"830,000",412,"71,969","1,948",12.07,1.45,"811,000",378,"20,703","120,529","11,900",2.01,"17,500",24.20
32,우리금융지주,"20,850",보합,0,0.00%,"5,000","266,781","5,579","20,950","154,830","42,552",5.38,"2,268,869","20,750","21,000","5,257,533",21.61,9.39,"21,050","73,078","4,898,581","31,715",46.44,0.62,"20,700","117,281","742,592","466,167","3,877",0.46,"1,200",11.03
33,KT&G,"125,900",상승,300,+0.24%,"5,000","16,649","2,087","125,600","153,677","11,888",14.18,"177,468","125,900","125,700","139,252",1.84,12.66,"126,000","1,172","45,668","11,650",43.66,8.73,"124,300","2,863","122,062","59,088","8,881",1.50,"5,400",0.79
34,SK이노베이션,"100,200",하락,600,-0.60%,"5,000","44,355","4,450","99,900","151,337","3,155",-4.95,"544,624","101,400","100,000","1,105,301",-83.43,-9.65,"101,500","3,479","708,812","-23,725",14.06,-2.48,"99,500","1,298","151,035","747,170","-20,236",0.62,"2,000",-3.33
35,LG화학,"208,500",상승,"2,500",+1.21%,"5,000","57,771","12,012","207,000","147,185","9,168",-17.45,"203,413","206,500","207,500","938,578",-63.75,-2.11,"210,500","7,980","458,623","5,150",30.40,0.60,"205,000","8,936","70,592","489,161","-11,946",0.49,"1,000",-11.46
36,삼성중공업,"16,530",하락,910,-5.22%,"1,000","3,691,564","61,847","16,780","145,464","5,027",99.58,"10,001,704","17,090","16,790","171,946",115.43,1.77,"17,100","175,625","134,452",539,32.01,0.33,"16,500","42,977","880,000","99,031",166,3.66,N/A,23.64
37,카카오뱅크,"30,250",상승,"2,150",+7.65%,"5,000","2,992,299","94,377","31,050","144,289","6,069",30.93,"1,444,977","32,000","31,100","628,053",26.83,6.95,"32,850","111,443","562,652","4,401",17.35,0.75,"30,200","45,291","476,989","29,456",978,2.21,360,18.11
38,SK,"190,300",하락,"2,300",-1.19%,200,"40,346","7,678","190,000","137,973","23,553",15.50,"246,812","192,200","190,100","2,149,778",-50.46,-5.64,"193,600","2,277","1,346,902","5,288",23.74,0.25,"189,000",164,"72,503","1,246,904","12,281",0.39,"7,000",-3.19
39,기업은행,"17,210",상승,10,+0.06%,"5,000","111,885","1,930","17,260","137,237","35,941",5.14,"737,052","17,260","17,270","4,722,198",4.71,8.06,"17,330","2,437","4,379,887","26,543",14.10,0.58,"17,160","11,920","797,426","324,300","3,351",0.40,"1,065",13.30
40,삼성SDI,"170,000",상승,"1,800",+1.07%,"5,000","104,293","17,614","169,400","136,995","3,633",116.36,"408,738","168,200","169,500","405,973",-76.49,3.13,"170,300","1,804","190,301","5,755",28.03,1.54,"166,500","8,318","80,586","165,922","1,461",0.60,973,-22.60
41,LIG넥스원,"609,000",상승,"16,000",+2.70%,"5,000","61,109","37,085","603,000","133,980","2,298",54.60,"162,655","598,000","604,000","61,253",23.29,19.59,"617,000","2,485","48,878","2,166",31.14,4.36,"594,000","1,597","22,000","32,763","11,153",10.68,"2,400",41.92
42,KT,"52,000",상승,100,+0.19%,"5,000","17,356",900,"51,900","131,051","8,095",20.71,"294,479","52,100","52,000","418,800",-50.93,2.85,"52,100","15,221","238,834","4,171",49.00,0.99,"51,700","14,798","252,022","264,312","2,511",0.77,"2,000",0.21
43,삼성에스디에스,"163,000",하락,"5,400",-3.21%,500,"62,868","10,336","165,000","126,126","9,111",16.65,"771,653","167,000","165,000","132,383",12.73,8.42,"167,000","1,916","35,329","7,895",18.87,6.18,"162,200",262,"77,378","138,282","9,791",1.35,"2,900",4.15
44,하이브,"302,000",상승,"2,000",+0.67%,500,"52,866","16,077","306,000","125,789","1,840",240.45,"197,511","301,000","306,000","54,792",-37.75,0.31,"307,500","3,115","19,654",-34,18.58,-0.06,"300,500","19,939","41,652","22,556","1,256",3.82,200,3.56
45,한화시스템,"65,400",하락,"3,200",-4.66%,"5,000","558,034","36,696","65,600","123,553","2,193",28.06,"2,542,494","67,000","65,700","57,240",78.95,19.63,"67,500","58,488","33,076","4,454",8.36,8.73,"64,600","8,808","188,919","28,037","2,331",3.64,350,14.32
46,LG전자,"73,300",상승,200,+0.27%,"5,000","54,310","3,976","73,300","119,954","34,197",19.16,"388,030","73,300","73,300","656,296",-6.40,1.81,"73,500","17,174","404,179","5,914",29.46,0.94,"72,800","10,607","163,648","877,282","3,825",0.60,"1,000",6.64
47,SK텔레콤,"55,700",상승,400,+0.72%,100,"66,328","3,686","55,600","119,638","18,234",9.48,"663,399","55,500","55,700","305,153",4.00,10.83,"55,700","37,062","186,876","13,871",39.95,4.58,"55,400","46,568","214,790","179,406","5,874",1.00,"3,540",1.89
48,LG,"75,500",상승,200,+0.27%,"5,000","9,972",751,"75,500","118,725","9,668",14.94,"178,623","75,300","75,600","316,393",-39.16,2.16,"75,700",890,"35,066","7,905",35.01,2.55,"75,000","2,211","157,251","71,755","5,053",0.42,"3,100",-3.62
49,미래에셋증권,"19,890",하락,50,-0.25%,"5,000","410,215","8,170","19,780","113,436","11,881",14.58,"2,212,252","19,940","19,800","1,371,770",128.02,7.94,"20,150","8,657","1,249,133","9,255",13.25,0.69,"19,700","2,725","570,316","222,342","1,364",0.96,250,9.22
50,HD현대,"128,500",하락,"3,300",-2.50%,"1,000","43,748","5,629","128,600","101,506","29,832",19.33,"291,019","130,900","128,700","738,667",46.84,6.36,"130,900","3,621","474,816","19,302",22.30,2.72,"127,500","1,019","78,993","677,656","6,647",0.98,"3,600",10.49
51,포스코퓨처엠,"130,800",상승,"5,000",+3.97%,500,"144,398","18,682","127,900","101,322",7,-46.81,"562,247","128,200","128,300","79,325",-97.99,-7.98,"133,000","1,366","46,120","-2,313",10.04,-3.24,"124,800","2,440","77,463","36,999","-2,794",3.36,0,-22.27
52,현대글로비스,"133,700",상승,400,+0.30%,500,"32,928","4,419","134,300","100,275","17,529",8.44,"317,441","134,500","134,400","168,491",12.80,13.24,"136,700",604,"80,398","10,995",49.54,6.96,"132,500",881,"75,000","284,074","15,834",1.12,"3,700",10.61
53,삼성전기,"133,900",상승,"3,600",+2.76%,"5,000","111,522","14,894","133,500","100,015","7,350",16.50,"433,979","132,200","133,700","127,924",11.27,8.16,"134,800","2,880","37,765","7,032",32.58,5.75,"132,100","8,817","74,694","102,941","8,115",1.15,"1,800",15.76
54,두산,"588,000",하락,"22,000",-3.61%,"5,000","28,169","16,634","595,000","97,160","10,038",-60.68,"94,402","606,000","596,000","301,431",-30.11,-14.57,"606,000","2,282","182,536","3,022",12.73,1.03,"581,000","1,781","16,524","181,329","-9,690",7.01,"2,000",-5.21
55,삼양식품,"1,283,500",상승,"2,500",+0.20%,"5,000","3,136","4,018","1,282,000","96,686","3,446",31.74,"29,185","1,283,000","1,283,000","15,948",133.58,39.37,"1,290,000",357,"7,667","2,713",19.44,19.62,"1,276,000",454,"7,533","17,280","40,436",10.60,"3,300",44.86
56,한국항공우주,"94,700",하락,"2,600",-2.67%,"5,000","191,760","18,343","95,900","92,309","2,407",55.77,"727,310","96,700","96,000","80,255",-2.74,10.42,"97,500","11,696","62,984","1,709",34.13,2.25,"94,000","3,918","97,475","36,337","1,698",5.47,500,-4.86
57,HD현대마린솔루션,"205,500",하락,"1,500",-0.72%,500,"21,314","4,424","206,000","92,124","2,717",36.78,"185,494","209,000","206,500","11,522",34.87,44.98,"212,000","1,450","3,787","2,279",29.25,25.20,"203,000","2,184","44,829","17,455","5,588",12.87,"3,150",22.02
58,한미반도체,"91,800",하락,700,-0.76%,100,"332,411","30,590","92,300","87,497","2,554",64.56,"5,141,689","93,800","92,500","7,109",638.74,27.43,"93,900","15,860","1,700","1,526",7.96,21.27,"90,600","6,393","95,312","5,589","1,422",16.69,720,251.50
59,한진칼,"130,500",하락,100,-0.08%,"2,500","9,648","1,249","128,800","87,125",492,19.13,"58,855","131,400","128,900","42,072",14.82,16.75,"131,400","1,335","8,940","5,122",20.71,12.82,"128,100",636,"66,762","2,922","6,822",2.69,360,5.96
60,포스코인터내셔널,"49,400",상승,50,+0.10%,"5,000","54,748","2,704","49,700","86,906","11,169",16.15,"333,726","49,550","49,750","173,363",-3.97,8.14,"49,750","5,334","99,869","5,034",6.23,2.97,"49,150","6,903","175,923","323,408","3,058",1.31,"1,550",-2.39
61,아모레퍼시픽,"145,300",상승,"12,000",+9.00%,500,"565,625","80,849","142,100","84,990","2,205",16.04,"328,718","137,700","142,200","67,835",103.83,11.69,"147,600","1,595","14,575","6,016",23.46,9.50,"137,300","10,560","58,493","38,851","9,057",1.90,"1,125",5.75
62,KODEX CD금리액티브(합성),"1,072,785",상승,80,+0.01%,0,"43,695","46,875","1,072,780","84,310",N/A,N/A,"159,154","1,072,780","1,072,785",N/A,N/A,N/A,"1,072,785","473,090",N/A,N/A,0.00,N/A,"1,072,780","478,947","7,859",N/A,N/A,N/A,N/A,N/A
63,현대건설,"75,500",하락,"2,900",-3.70%,"5,000","361,775","27,277","76,000","84,074","-12,634",-41.67,"1,438,773","77,900","76,100","270,054",-260.86,-2.09,"77,900","23,214","173,360","-7,662",23.86,-3.02,"74,000","7,178","111,356","326,703","-1,812",1.05,600,10.18
64,유한양행,"104,500",상승,"3,400",+3.36%,"1,000","175,514","18,304","104,000","83,567",549,127.28,"570,166","102,800","104,200","29,420",-3.77,3.41,"105,900","2,581","7,914",552,17.55,1.92,"102,000","3,648","79,968","20,678",821,3.79,500,11.23
65,LS ELECTRIC,"277,500",보합,0,0.00%,"5,000","38,408","10,745","280,500","83,250","3,897",36.17,"116,294","281,500","281,000","44,852",19.96,13.44,"284,500","3,053","25,951","2,422",24.31,5.90,"275,500","7,001","30,000","45,518","7,673",4.50,"2,900",7.60
66,DB손해보험,"117,200",상승,600,+0.51%,500,"11,306","1,320","116,700","82,978","24,249",4.87,"125,662","117,700","117,000","665,061",8.50,18.98,"117,900",851,"571,149","18,532",46.30,2.93,"116,000",852,"70,800","218,350","24,043",0.87,"6,800",10.49
67,카카오페이,"60,500",하락,800,-1.31%,500,"484,424","30,039","61,400","81,491",-575,"-1,951.61","2,729,586","62,000","61,500","44,147",-1.59,-0.73,"63,300","19,590","25,039",-215,37.74,-0.51,"60,100","9,745","134,697","7,662",-31,4.34,0,24.52
68,TIGER 미국S&P500,"20,325",하락,125,-0.61%,0,"631,528","12,852","20,350","81,229",N/A,N/A,"3,427,712","20,400","20,355",N/A,N/A,N/A,"20,410","269,748",N/A,N/A,0.14,N/A,"20,310","229,709","399,650",N/A,N/A,N/A,N/A,N/A
69,대한항공,"21,500",상승,100,+0.47%,"5,000","280,844","6,023","21,400","79,167","21,102",6.47,"1,448,880","21,550","21,450","470,121",17.88,13.17,"21,600","199,891","360,489","13,819",16.46,3.57,"21,300","94,906","368,221","178,707","3,322",0.76,750,10.92
70,LG씨엔에스,"81,600",하락,200,-0.24%,500,"75,982","6,206","81,900","79,059","5,129",17.75,"943,636","81,900","82,000","45,045",10.52,18.32,"81,900","14,403","23,817","3,649",3.82,8.54,"81,600","18,980","96,886","59,826","4,597",3.01,"1,672",6.73
71,효성중공업,"830,000",하락,"14,000",-1.66%,"5,000","14,222","11,971","846,000","77,394","3,625",25.53,"89,014","867,000","848,000","62,188",40.59,14.90,"868,000",790,"41,632","2,229",22.83,4.06,"823,000",294,"9,325","48,950","32,509",3.97,"5,000",13.82
72,HD현대미포,"184,600",하락,"1,200",-0.65%,"5,000","43,473","8,076","184,800","73,733",885,48.30,"232,545","186,200","185,100","51,089",157.89,5.25,"188,300","1,082","30,024","1,132",22.15,2.26,"183,500",542,"39,942","46,300","3,822",3.56,710,14.63
73,SK바이오팜,"91,400",상승,"1,200",+1.33%,500,"29,472","2,689","91,200","71,578",963,28.49,"132,992","90,500","91,400","10,368",356.75,58.01,"91,800","1,307","4,628","2,270",11.00,25.79,"90,000","5,337","78,313","5,476","3,208",12.61,N/A,54.30
74,한국금융지주,"127,900",상승,600,+0.47%,"5,000","25,643","3,277","127,000","71,274","11,997",6.81,"212,623","128,500","127,100","1,092,202",46.24,11.54,"129,200",744,"994,857","10,459",37.41,1.02,"126,800",793,"55,726","211,741","18,792",0.75,"3,980",1.34
75,코웨이,"97,500",상승,"2,500",+2.63%,500,"26,445","2,575","97,600","70,111","7,954",12.43,"140,004","96,000","97,800","57,616",8.77,19.38,"98,300",368,"25,654","5,655",61.41,10.66,"95,800",981,"71,909","43,101","7,843",2.22,"2,630",8.66
76,한화,"92,500",하락,"2,400",-2.53%,"5,000","84,577","7,856","92,900","69,337","24,161",8.84,"462,032","94,300","93,000","2,520,370",0.17,7.19,"94,700","9,385","2,124,752","16,904",15.66,0.73,"91,600","1,415","74,959","556,468","10,464",0.83,800,4.73
77,S-Oil,"61,100",하락,400,-0.65%,"2,500","35,737","2,173","60,700","68,788","4,222",-17.64,"492,422","60,600","60,800","244,514",-68.83,-2.18,"61,400","21,352","157,558","-1,930",73.27,-0.84,"60,600","4,104","112,583","366,370","-3,463",0.82,125,2.55
78,KODEX 200,"40,145",상승,65,+0.16%,0,"1,402,187","56,349","40,215","65,978",N/A,N/A,"11,440,487","40,245","40,220",N/A,N/A,N/A,"40,350","159,915",N/A,N/A,31.85,N/A,"40,040","152,055","164,350",N/A,N/A,N/A,N/A,N/A
79,KODEX 머니마켓액티브,"103,127",상승,17,+0.02%,0,"44,330","4,571","103,125","64,870",N/A,N/A,"454,475","103,125","103,130",N/A,N/A,N/A,"103,127","1,353,920",N/A,N/A,0.00,N/A,"103,125","1,203,636","62,903",N/A,N/A,N/A,N/A,N/A
80,NH투자증권,"19,070",하락,130,-0.68%,"5,000","67,854","1,297","19,050","61,803","9,011",9.87,"724,400","19,280","19,060","624,271",24.16,8.73,"19,290","5,656","543,077","6,866",16.04,1.15,"19,030","4,317","324,086","100,343","1,932",0.82,950,-3.25
81,삼성증권,"66,700",하락,600,-0.89%,"5,000","63,707","4,273","66,700","59,563","12,058",6.66,"417,694","67,700","66,900","622,739",62.69,12.89,"67,800","7,604","549,497","8,990",28.88,1.51,"66,500","5,937","89,300","134,666","10,015",0.82,"3,500",2.26
82,LG유플러스,"13,320",상승,40,+0.30%,"5,000","86,865","1,154","13,290","58,157","8,631",14.22,"1,227,400","13,280","13,300","197,077",-13.52,4.40,"13,340","3,882","109,394","3,146",37.22,1.58,"13,210","11,077","436,611","146,252",937,0.67,650,1.76
83,맥쿼리인프라,"11,970",상승,10,+0.08%,0,"160,697","1,922","11,950","57,327",N/A,N/A,"1,928,067","11,920","11,960",N/A,N/A,N/A,"11,990","64,186",N/A,N/A,9.24,N/A,"11,920","123,856","478,922",N/A,N/A,N/A,N/A,N/A
84,LS,"177,500",하락,"1,600",-0.89%,"5,000","29,647","5,286","179,100","57,155","10,729",20.12,"215,603","180,600","179,400","205,279",19.26,5.09,"181,100","1,883","136,468","3,915",14.48,2.02,"175,900",916,"32,200","275,447","8,821",0.99,"1,650",12.52
85,삼성카드,"48,600",하락,350,-0.72%,"5,000","7,243",352,"48,650","56,307","8,854",8.39,"112,599","49,200","48,700","294,941",9.31,8.00,"49,200",497,"210,079","6,646",6.27,2.28,"48,300",758,"115,859","43,832","5,793",0.62,"2,800",9.47
86,현대차2우B,"159,300",하락,"1,000",-0.62%,"5,000","15,978","2,544","159,600","55,698",N/A,3.47,"80,966","160,900","159,700",N/A,N/A,N/A,"160,900","3,740",N/A,N/A,60.18,N/A,"158,800",306,"34,964",N/A,"45,880",0.38,N/A,N/A
87,LG생활건강,"353,500",상승,"15,000",+4.43%,"5,000","26,545","9,252","346,500","55,210","4,590",34.64,"28,562","341,500","347,000","74,058",-5.74,3.44,"353,500",969,"17,199","2,039",28.53,2.79,"340,000","3,101","15,618","68,119","10,204",1.05,"3,500",0.10
88,한화솔루션,"31,750",하락,250,-0.78%,"5,000","608,099","19,504","32,050","54,576","-3,002",-5.60,"1,964,663","31,300","32,100","300,368",-151.83,-15.99,"32,750","47,708","194,300","-13,690",12.90,-4.99,"31,300","27,228","171,893","123,940","-5,673",0.59,300,-5.23
89,에이피알,"142,100",상승,"5,100",+3.72%,100,"110,475","15,607","142,400","53,776","1,227",40.43,"458,247","139,400","142,800","5,651",17.77,41.34,"143,800",770,"2,416","1,076",24.05,25.24,"137,900","1,756","37,844","7,228","3,515",15.15,0,37.98
90,넷마블,"59,100",하락,800,-1.34%,100,"21,256","1,259","59,000","50,799","2,156",49.96,"221,653","60,300","59,200","81,771",414.93,0.49,"60,300","2,004","27,032",32,24.85,0.04,"58,900","1,800","85,954","26,638","1,183",0.90,417,6.46
91,키움증권,"205,500",보합,0,0.00%,"5,000","35,659","7,387","205,500","50,498","10,982",7.05,"162,456","210,500","206,500","556,884",94.50,15.98,"210,500","3,312","500,565","8,349",24.78,1.55,"204,500","3,059","24,573","112,803","29,164",0.97,"7,500",18.18
92,TIGER 미국나스닥100,"131,930",하락,585,-0.44%,0,"73,811","9,744","132,030","49,632",N/A,N/A,"347,457","132,400","132,060",N/A,N/A,N/A,"132,450","22,924",N/A,N/A,0.12,N/A,"131,825","22,716","37,620",N/A,N/A,N/A,N/A,N/A
93,두산밥캣,"51,600",하락,300,-0.58%,500,"14,507",752,"51,900","49,462","8,714",11.20,"162,396","52,500","52,000","120,096",-37.31,8.77,"52,500","2,312","51,151","5,634",36.17,5.03,"51,300","4,479","95,856","85,512","4,606",0.72,"1,600",-12.38
94,한국타이어앤테크놀로지,"39,300",상승,650,+1.68%,500,"137,895","5,404","39,400","48,683","17,623",4.52,"636,138","38,850","39,450","158,497",32.71,10.79,"39,450","6,033","46,549","11,311",35.74,7.91,"38,800","5,348","123,875","94,119","8,704",0.43,"2,000",5.28
95,TIGER CD금리투자KIS(합성),"56,205",상승,10,+0.02%,0,"10,600",595,"56,200","47,663",N/A,N/A,"140,400","56,200","56,205",N/A,N/A,N/A,"56,205","1,249,022",N/A,N/A,0.03,N/A,"56,200","1,251,026","84,802",N/A,N/A,N/A,N/A,N/A
96,LG디스플레이,"9,130",하락,60,-0.65%,"5,000","149,400","1,366","9,170","45,650","-5,606",-2.24,"1,181,543","9,190","9,190","328,596",77.67,-37.21,"9,200","26,625","247,868","-24,093",20.70,-7.02,"9,110","22,803","500,000","266,153","-4,084",0.73,N/A,24.77
97,CJ,"155,700",하락,"7,200",-4.42%,"5,000","85,839","13,399","154,700","45,429","25,475",55.91,"747,994","160,300","154,800","474,970",24.93,1.83,"160,600","3,015","297,506","1,512",11.34,0.32,"153,600",271,"29,177","436,467","2,785",0.96,"3,000",5.55
98,현대오토에버,"162,400",하락,"2,300",-1.40%,500,"10,931","1,779","163,000","44,537","2,244",26.99,"216,628","164,500","163,100","33,495",23.71,10.40,"164,600","1,119","16,190","1,752",2.56,5.66,"161,800",190,"27,424","37,136","6,016",2.64,"1,780",21.16
99,삼성E&A,"22,550",하락,100,-0.44%,"5,000","85,149","1,925","22,650","44,198","9,716",5.93,"614,942","22,800","22,700","100,133",-2.17,19.65,"22,850","20,737","61,176","6,387",45.24,7.17,"22,350","31,030","196,000","99,666","3,804",1.03,660,-6.20
100,KODEX 미국S&P500,"18,705",하락,115,-0.61%,0,"768,780","14,396","18,730","43,863",N/A,N/A,"2,932,838","18,775","18,735",N/A,N/A,N/A,"18,795","174,678",N/A,N/A,0.18,N/A,"18,700","132,994","234,500",N/A,N/A,N/A,N/A,N/A
101,GS,"46,200",하락,200,-0.43%,"5,000","28,495","1,312","45,900","42,927","30,602",10.62,"289,133","46,500","46,000","350,634",-17.78,4.12,"46,550","4,379","165,930","8,635",16.88,2.48,"45,850","1,505","92,915","252,975","4,351",0.31,"2,700",-2.62
102,오리온,"106,600",하락,400,-0.37%,500,"27,316","2,889","106,200","42,146","5,436",7.88,"179,903","105,300","106,300","43,084",10.40,16.57,"117,800","4,827","3,694",585,10.12,6.50,"107,400",959,"38,220","5,534","3,029",6.99,999,1.52
103,한전기술,"109,900",하락,"4,100",-3.60%,200,"605,033","67,456","111,200","42,004",548,36.28,"827,910","117,300","111,300","9,468",91.88,10.40,"106,900","3,548","7,344","5,332",29.96,13.62,"105,200",913,"39,536","31,043","13,534",1.19,"2,500",6.59
104,JB금융지주,"21,450",상승,100,+0.47%,"5,000","40,092",860,"21,400","41,593","9,061",6.27,"448,679","21,450","21,450","667,219",13.26,12.80,"21,650","4,862","609,971","6,930",34.78,1.07,"21,250","5,824","193,908","46,238","3,422",0.72,995,10.25
105,SKC,"108,700",하락,"1,900",-1.72%,"5,000","144,437","15,893","110,000","41,163","-2,768",-7.88,"1,279,821","113,100","110,200","67,487",-29.53,-34.34,"113,200","3,599","44,559","-4,551",14.35,-6.60,"107,300","1,516","37,868","17,216","-13,786",3.28,N/A,15.27
106,엔씨소프트,"187,800",하락,"2,700",-1.42%,500,"21,331","4,018","187,900","40,460","-1,092",55.11,"244,422","192,000","188,300","39,539",-179.56,2.99,"192,000",942,"8,904",941,33.61,2.26,"187,000",310,"21,544","15,781","3,408",1.21,"1,460",-11.33
107,KODEX KOFR금리액티브(합성),"110,567",상승,22,+0.02%,0,"10,085","1,115","110,565","38,702",N/A,N/A,"395,269","110,565","110,570",N/A,N/A,N/A,"110,567","530,472",N/A,N/A,0.00,N/A,"110,565","753,803","35,003",N/A,N/A,N/A,N/A,N/A
108,현대제철,"28,950",하락,250,-0.86%,"5,000","50,581","1,459","28,800","38,633","1,595",-39.28,"356,659","29,100","28,850","347,438",-80.02,-0.06,"29,150","11,237","154,102",88,17.96,0.03,"28,650",922,"133,446","232,261",-737,0.20,750,-10.38
109,강원랜드,"17,960",하락,100,-0.55%,500,"72,622","1,307","17,960","38,424","2,858",8.76,"581,576","18,110","17,980","47,006",1.25,12.09,"18,120","5,457","8,170","4,569",13.85,9.99,"17,920","2,604","213,940","14,269","2,050",0.97,"1,170",2.76
110,한미약품,"297,500",상승,"1,000",+0.34%,"2,500","11,850","3,525","296,500","38,113","2,162",34.99,"108,137","299,000","297,000","20,208",-2.04,11.89,"300,500","1,393","7,801","1,404",10.39,7.17,"294,500","1,314","12,811","14,955","8,502",3.39,"1,250",0.31
111,BNK금융지주,"11,740",하락,50,-0.42%,"5,000","93,095","1,091","11,690","37,378","8,759",5.83,"688,590","11,800","11,700","1,524,705",9.33,6.96,"11,840","9,164","1,413,229","7,500",40.27,0.50,"11,660","7,039","318,384","100,314","2,012",0.36,650,3.80
112,현대차우,"158,200",하락,600,-0.38%,"5,000","11,299","1,788","158,700","36,925",N/A,3.45,"79,522","158,900","158,800",N/A,N/A,N/A,"159,000","1,047",N/A,N/A,61.34,N/A,"157,700",950,"23,341",N/A,"45,880",0.37,N/A,N/A
113,SK바이오사이언스,"46,950",상승,"1,900",+4.22%,500,"77,234","3,613","46,850","36,794","-1,384",-76.47,"93,077","45,500","47,000","28,436","-1,054.77",-3.07,"47,500","3,376","8,211",-501,6.38,-2.13,"45,150","1,605","78,369","2,675",-614,2.03,0,-27.59
114,포스코DX,"23,800",상승,350,+1.49%,500,"244,342","5,875","24,100","36,184","1,090",43.12,"626,025","23,800","24,200","8,925",-1.42,17.92,"24,550","9,051","3,666",886,2.93,9.94,"23,450","24,532","152,035","14,733",552,6.75,125,-0.85
115,CJ제일제당,"239,000",상승,"1,000",+0.42%,"5,000","5,842","1,393","238,500","35,980","15,530",52.98,"94,594","239,000","239,000","301,500",20.24,1.97,"239,500","7,842","179,072","3,618",20.61,1.21,"237,500","2,279","15,054","293,591","4,511",0.49,"6,000",1.16
116,LG이노텍,"147,600",하락,400,-0.27%,"5,000","17,692","2,623","148,900","34,933","7,060",8.81,"250,691","148,500","149,000","113,782",-15.02,8.92,"149,300","1,024","60,243","4,493",22.76,3.98,"147,200","2,850","23,667","212,008","16,750",0.65,"2,090",2.89
117,풍산,"124,000",하락,"2,500",-1.98%,"5,000","321,821","40,851","127,300","34,750","3,238",14.44,"3,133,893","129,900","127,400","40,966",41.61,11.33,"38,050","10,517","468,433","11,490",9.90,2.00,"37,600","9,358","92,313","383,887","12,001",0.30,"1,455",-13.84
118,한국가스공사,"37,600",하락,200,-0.53%,"5,000","46,488","1,758","38,000","34,710","30,034",3.13,"387,279","37,900","38,050","576,696",93.34,11.21,"132,100","5,467","18,973","2,360",22.68,6.09,"123,800","2,683","28,024","45,544","8,589",1.56,"2,600",10.40
119,이수페타시스,"46,400",하락,750,-1.59%,"1,000","184,736","8,605","46,850","34,062","1,019",32.47,"1,919,469","47,200","46,900","7,901",63.87,24.92,"47,200","16,548","4,626",740,14.43,10.45,"46,100","9,958","73,409","8,369","1,429",8.63,143,23.92
120,두산로보틱스,"52,500",상승,"1,300",+2.54%,500,"127,585","6,662","51,900","34,030",-412,-78.95,"167,890","51,400","52,100","4,217",-114.96,-8.69,"52,800","2,580",192,-366,2.25,-8.33,"51,100","28,599","64,820",468,-665,8.65,N/A,-11.71
121,KODEX 종합채권(AA-이상)액티브,"118,215",하락,265,-0.22%,0,"2,338",276,"118,310","33,813",N/A,N/A,"31,798","118,480","118,315",N/A,N/A,N/A,"118,480","28,020",N/A,N/A,0.00,N/A,"118,215","42,433","28,603",N/A,N/A,N/A,N/A,N/A
122,현대엘리베이터,"84,900",하락,"1,400",-1.62%,"5,000","34,085","2,899","85,000","33,189","2,257",15.88,"159,840","86,500","85,300","35,738",173.22,14.42,"86,600","6,276","22,315","1,939",26.12,5.46,"84,300","1,041","39,092","28,853","5,347",2.69,"5,500",10.88
123,TIGER 미국테크TOP10 INDXX,"23,295",하락,45,-0.19%,0,"112,120","2,612","23,310","31,367",N/A,N/A,"1,098,635","23,345","23,320",N/A,N/A,N/A,"23,375","45,002",N/A,N/A,0.45,N/A,"23,265","63,106","134,650",N/A,N/A,N/A,N/A,N/A
124,코스맥스,"275,000",상승,"18,500",+7.21%,500,"54,879","14,814","269,000","31,211","1,754",41.79,"95,362","259,000","270,000","19,337",51.61,20.53,"276,000","1,130","14,249",884,35.09,5.07,"259,000","2,252","11,350","21,661","6,581",7.13,"2,300",21.86
125,대한전선,"16,540",상승,510,+3.18%,"1,000","4,169,105","70,351","16,960","30,838","1,152",39.47,"1,374,451","17,130","16,970","26,427",44.28,5.85,"17,450","27,514","11,466",742,6.87,3.28,"16,320","49,090","186,447","32,913",419,2.04,N/A,15.73
126,F&F,"79,300",하락,"1,600",-1.98%,100,"12,111",967,"80,100","30,378","4,507",8.74,"150,497","82,000","80,200","22,859",-18.32,25.27,"82,100","1,215","7,086","3,560",11.32,16.59,"79,000",620,"38,307","18,960","9,076",1.89,"1,700",-4.17
127,금호석유화학,"113,700",상승,500,+0.44%,"5,000","6,891",781,"113,600","30,085","2,728",9.34,"80,827","113,600","113,700","83,402",-24.00,5.88,"114,100",922,"22,980","3,486",17.72,4.27,"112,700","1,205","26,460","71,550","12,168",0.48,"2,200",13.17
128,한미사이언스,"43,900",하락,"1,300",-2.88%,500,"33,480","1,480","44,250","30,024",989,56.94,"392,618","44,750","44,300","13,491",-20.57,7.30,"44,850","4,634","5,104",567,1.84,4.40,"43,650","2,603","68,392","12,834",771,3.50,300,2.85
129,시프트업,"50,500",하락,500,-0.98%,200,"31,910","1,616","50,700","29,685","1,527",18.59,"284,553","51,500","50,900","8,038",37.47,31.30,"51,500","9,917",394,"1,480",37.58,29.37,"50,300","4,218","58,782","2,241","2,717",3.73,0,32.91
130,에코프로머티,"42,350",상승,850,+2.05%,500,"210,935","8,909","42,100","29,616",-647,-70.58,"543,286","41,650","42,150","12,902",-837.74,-5.56,"42,700","4,779","5,526",-427,22.18,-3.57,"41,250","18,244","69,932","2,998",-600,4.05,0,-68.52
131,TIGER KOFR금리액티브(합성),"109,065",상승,25,+0.02%,0,"6,268",683,"109,065","29,021",N/A,N/A,"71,874","109,065","109,070",N/A,N/A,N/A,"109,070","58,161",N/A,N/A,0.00,N/A,"109,065","111,756","26,609",N/A,N/A,N/A,N/A,N/A
132,롯데지주,"27,525",상승,225,+0.82%,200,"31,726",871,"27,400","28,876","3,405",-2.68,"244,516","27,600","27,500","226,603",-31.04,-15.56,"27,650","5,052","134,605","-9,461",7.82,-4.13,"27,250","4,709","104,909","157,570","-10,260",0.32,"1,200",3.94
133,서울보증보험,"40,400",하락,100,-0.25%,"2,500","27,524","1,112","40,650","28,208","2,797",13.24,"109,410","40,200","40,800","93,336",-46.64,4.12,"40,800","1,212","41,581","2,133",1.11,2.31,"40,100","2,245","69,822","27,513","3,052",0.56,"2,865",5.41
134,한화생명,"3,240",하락,60,-1.82%,"5,000","183,724",596,"3,230","28,140","10,970",4.16,"1,748,917","3,285","3,235","1,601,464",3.78,6.98,"3,290","56,274","1,458,684","8,660",10.11,0.56,"3,220","31,160","868,530","245,852",778,0.21,N/A,7.91
135,KCC,"310,000",하락,"2,000",-0.64%,"5,000","1,773",549,"310,000","27,548","4,711",-23.43,"33,128","313,500","310,500","131,086",50.74,6.08,"313,500",590,"80,692","2,933",9.88,2.22,"309,000",307,"8,886","66,588","-13,230",0.36,"10,000",5.89
136,동서,"27,100",상승,300,+1.12%,500,"14,237",386,"27,150","27,019",445,18.19,"74,971","27,050","27,200","17,791",1.66,9.52,"27,300","2,039",697,"1,590",4.42,9.16,"26,900","11,762","99,700","4,889","1,490",1.62,890,-0.17
137,롯데케미칼,"62,400",보합,0,0.00%,"5,000","13,702",853,"62,200","26,692","-8,941",-1.47,"115,335","63,000","62,300","345,523",-157.14,-11.44,"63,100","2,267","145,644","-18,256",20.73,-5.37,"61,500","1,014","42,775","204,304","-42,451",0.18,"2,000",2.43
138,영원무역,"59,900",상승,900,+1.53%,500,"6,380",377,"58,800","26,543","3,156",6.16,"51,463","59,500","59,200","53,897",-50.47,12.32,"54,340","191,581",N/A,N/A,1.06,N/A,"54,330","212,516","48,846",N/A,N/A,N/A,N/A,N/A
139,RISE 머니마켓액티브,"54,330",하락,5,-0.01%,0,"101,351","5,506","54,335","26,538",N/A,N/A,"577,103","54,335","54,340",N/A,N/A,N/A,"40,330","138,494",N/A,N/A,10.87,N/A,"40,015","78,729","66,050",N/A,N/A,N/A,N/A,N/A
140,TIGER 200,"40,120",상승,50,+0.12%,0,"448,843","18,027","40,185","26,499",N/A,N/A,"3,005,737","40,200","40,195",N/A,N/A,N/A,"59,900",826,"14,941","2,945",29.39,5.51,"58,500","1,147","44,311","35,178","9,724",0.69,"1,400",-2.40
141,한전KPS,"58,600",하락,400,-0.68%,200,"471,260","27,950","58,500","26,370","2,095",18.82,"1,650,856","61,200","58,700","16,902",5.08,13.26,"61,800","13,444","3,617","1,724",13.79,10.49,"57,500","3,418","45,000","15,571","3,113",2.16,"2,469",1.52
142,KODEX 200TR,"14,320",상승,30,+0.21%,0,"303,767","4,351","14,330","26,356",N/A,N/A,"496,611","14,375","14,335",N/A,N/A,N/A,"14,380","145,566",N/A,N/A,0.01,N/A,"14,275","147,705","184,050",N/A,N/A,N/A,N/A,N/A
143,에스원,"68,200",하락,400,-0.58%,500,"2,560",175,"68,600","25,915","2,092",14.55,"24,138","69,100","68,800","23,227",-1.58,10.85,"69,200","2,073","6,620","1,767",56.05,7.85,"68,200",250,"37,999","28,047","4,687",1.43,"2,700",7.02
144,KODEX 레버리지,"21,580",상승,100,+0.47%,0,"5,850,007","126,288","21,625","25,756",N/A,N/A,"23,060,797","21,645","21,630",N/A,N/A,N/A,"21,760","357,078",N/A,N/A,0.00,N/A,"21,425","176,106","119,350",N/A,N/A,N/A,N/A,N/A
145,KODEX 미국나스닥100,"19,835",하락,95,-0.48%,0,"138,023","2,739","19,860","25,567",N/A,N/A,"1,005,179","19,915","19,865",N/A,N/A,N/A,"19,915","86,524",N/A,N/A,0.12,N/A,"19,820","63,959","128,900",N/A,N/A,N/A,N/A,N/A
146,한화비전,"50,600",하락,"1,100",-2.13%,500,"140,958","7,166","51,100","25,547",-1,79.69,"2,189,038","51,600","51,200","15,911",N/A,N/A,"51,600","24,692","7,664",32,19.54,N/A,"50,200","11,018","50,488","4,933",635,3.08,N/A,N/A
147,아모레퍼시픽홀딩스,"31,550",상승,"1,850",+6.23%,500,"150,049","4,657","30,750","25,069","2,493",11.22,"518,890","30,350","30,800","85,405",64.00,7.57,"31,700","6,029","15,488","6,529",9.93,8.07,"30,350","6,680","79,458","42,599","2,813",0.84,330,5.93
148,TIGER 미국필라델피아반도체나스닥,"18,850",하락,65,-0.34%,0,"105,175","1,983","18,865","25,061",N/A,N/A,"1,182,063","18,915","18,870",N/A,N/A,N/A,"18,915","14,616",N/A,N/A,0.54,N/A,"18,820","102,101","132,950",N/A,N/A,N/A,N/A,N/A
149,산일전기,"81,300",하락,"3,400",-4.01%,500,"189,563","15,650","83,800","24,752","1,092",25.30,"1,607,522","85,000","84,000","4,927",134.38,29.88,"85,100","8,998",584,837,9.57,24.47,"80,500","4,348","30,445","3,340","3,214",5.46,420,55.68
150,한화엔진,"29,200",하락,700,-2.34%,"1,000","170,970","5,016","29,400","24,367",715,29.11,"1,046,006","29,800","29,450","14,131",719.51,25.64,"29,850","30,398","10,198",792,12.38,6.21,"29,000","6,688","83,447","12,022","1,003",5.90,N/A,40.71
151,농심,"393,000",상승,"1,000",+0.26%,"5,000","2,347",920,"392,500","23,905","1,631",15.30,"24,648","390,500","393,000","35,975",-23.10,6.17,"393,500","1,605","9,249","1,576",17.56,4.61,"390,500",729,"6,083","34,387","25,679",0.84,"5,000",0.83
152,HD현대인프라코어,"12,380",하락,220,-1.75%,"1,000","1,578,301","19,997","12,660","23,843","1,842",29.98,"7,955,977","13,010","12,680","42,872",-55.97,5.92,"13,010","30,052","24,400","1,084",14.72,2.49,"12,260","30,866","192,591","41,142",413,1.26,70,-11.71
153,제일기획,"20,650",상승,150,+0.73%,200,"11,758",242,"20,600","23,756","3,207",12.30,"322,715","20,700","20,650","33,066",4.29,15.12,"20,700","12,134","18,325","2,083",23.99,6.73,"20,500","24,540","115,041","43,443","1,679",1.51,"1,230",4.98
154,이마트,"83,900",상승,"1,300",+1.57%,"5,000","41,253","3,438","82,900","23,153",471,-4.28,"193,007","82,700","83,000","339,306",200.35,-5.40,"84,100","2,094","207,466","-5,734",21.84,-1.70,"82,300","4,648","27,596","290,209","-19,614",0.22,"2,000",-1.53
155,현대해상,"25,400",상승,200,+0.79%,500,"39,442",996,"25,200","22,708","12,441",3.33,"420,809","25,400","25,250","485,238",67.33,15.75,"25,400","10,292","437,804","8,505",35.29,1.84,"25,050","13,027","89,400","173,245","7,619",0.49,N/A,8.86
156,ACE 미국30년국채액티브(H),"7,665",상승,20,+0.26%,0,"225,719","1,730","7,660","22,497",N/A,N/A,"1,619,803","7,670","7,665",N/A,N/A,N/A,"7,675","387,914",N/A,N/A,0.01,N/A,"7,660","513,726","293,500",N/A,N/A,N/A,N/A,N/A
157,KODEX CD1년금리플러스액티브(합성),"1,023,550",상승,55,+0.01%,0,544,556,"1,023,545","22,229",N/A,N/A,"8,120","1,023,545","1,023,550",N/A,N/A,N/A,"1,023,550","381,940",N/A,N/A,0.00,N/A,"1,023,545","380,970","2,172",N/A,N/A,N/A,N/A,N/A
158,달바글로벌,"178,100",상승,"3,100",+1.77%,100,"67,395","11,961","175,000","21,543",598,124.81,"340,824","174,200","175,400","1,361",84.44,26.21,"181,800",327,340,154,3.69,14.39,"172,100",988,"12,096","3,091","1,427",20.01,305,53.91
159,한국콜마,"91,100",상승,"3,100",+3.52%,500,"90,805","8,220","90,400","21,504","1,939",22.17,"248,139","88,500","90,500","31,267",42.39,12.50,"91,500","2,394","16,210","1,253",38.13,4.09,"88,200","11,081","23,605","24,521","4,109",2.72,720,13.75
160,BGF리테일,"123,300",상승,"1,700",+1.40%,"1,000","5,471",675,"123,600","21,311","2,516",11.51,"41,987","124,000","123,700","34,026",-0.61,17.29,"124,000",630,"22,185","1,952",27.39,5.90,"122,800",934,"17,284","86,988","10,714",1.89,"4,100",6.15
161,SK가스,"229,000",상승,"5,000",+2.23%,"5,000","6,362","1,457","229,500","21,172","2,872",8.59,"13,646","225,000","230,500","75,396",-5.41,6.74,"232,500",787,"48,013","1,778",7.39,2.61,"224,000","1,628","9,245","70,959","26,657",0.74,"8,000",1.48
162,한온시스템,"3,115",상승,20,+0.65%,100,"159,556",496,"3,120","21,143",955,-4.51,"686,595","3,110","3,130","106,203",-66.31,-13.90,"3,125","27,517","76,215","-3,586",4.94,-3.61,"3,085","49,235","678,763","99,987",-690,0.74,N/A,5.01
163,롯데쇼핑,"74,700",상승,400,+0.54%,"5,000","6,756",503,"74,300","21,132","4,731",-2.05,"85,793","74,800","74,600","390,030",-6.94,-7.75,"75,100","1,752","219,694","-9,941",8.36,-2.86,"73,900",797,"28,289","139,866","-36,401",0.14,"3,800",-3.91
164,팬오션,"3,935",하락,10,-0.25%,"1,000","351,188","1,368","3,920","21,035","4,712",7.52,"1,945,709","3,900","3,925","102,715",22.11,5.17,"3,940","9,102","46,181","2,681",15.23,2.96,"3,865","19,213","534,570","51,612",523,0.37,120,18.35
165,더존비즈온,"68,900",하락,"1,500",-2.13%,500,"62,345","4,301","68,900","20,934",881,38.97,"419,975","71,100","69,000","10,376",27.50,12.17,"71,100","5,954","4,828",780,12.21,8.12,"68,000","1,647","30,383","4,023","1,768",3.76,477,13.79
166,ACE 미국S&P500,"20,545",하락,120,-0.58%,0,"29,853",613,"20,560","20,607",N/A,N/A,"369,068","20,620","20,570",N/A,N/A,N/A,"20,620","103,250",N/A,N/A,0.10,N/A,"20,530","97,296","100,300",N/A,N/A,N/A,N/A,N/A
167,미스토홀딩스,"34,250",상승,"1,050",+3.16%,"1,000","23,537",798,"33,850","20,583","3,608",21.91,"89,731","33,450","33,950","55,364",18.88,4.30,"34,300",783,"28,001","2,077",39.45,3.95,"33,200","1,306","60,096","42,687","1,563",0.99,"1,200",6.54
168,DB하이텍,"46,050",하락,850,-1.81%,"5,000","29,782","1,389","46,900","20,446","1,908",8.85,"180,877","47,450","47,000","23,969",-28.10,12.44,"47,600","1,643","3,962","2,294",26.74,10.33,"45,950",715,"44,399","11,312","5,205",0.98,"1,230",-2.00
169,TIGER 미국배당다우존스,"11,555",하락,55,-0.47%,0,"140,802","1,627","11,555","20,319",N/A,N/A,"685,203","11,605","11,560",N/A,N/A,N/A,"11,605","143,645",N/A,N/A,0.08,N/A,"11,540","117,787","175,850",N/A,N/A,N/A,N/A,N/A
170,호텔신라,"51,300",상승,800,+1.58%,"5,000","51,973","2,654","50,900","20,134",-52,-31.05,"191,188","50,800","50,900","38,139",-105.68,-6.50,"51,600","2,916","25,295",-615,12.74,-1.80,"50,300","18,773","39,248","39,476","-1,652",1.52,N/A,10.62
171,KODEX 코스닥150레버리지,"8,000",상승,35,+0.44%,0,"8,997,342","72,116","8,055","19,960",N/A,N/A,"23,899,025","7,985","8,095",N/A,N/A,N/A,"8,100","315,593",N/A,N/A,0.47,N/A,"7,885","646,003","249,500",N/A,N/A,N/A,N/A,N/A
172,아시아나항공,"9,610",상승,30,+0.31%,"5,000","6,091",58,"9,590","19,796","2,757",-8.74,"52,172","9,580","9,600","134,499",-55.53,-53.21,"9,700","4,564","124,468","-4,130",2.72,-3.12,"9,570","3,615","205,991","83,186","-1,100",1.95,N/A,9.12
173,씨에스윈드,"46,450",하락,400,-0.85%,500,"59,006","2,758","46,750","19,589","2,555",7.10,"251,640","46,950","46,800","36,095",145.19,13.92,"47,350","7,688","24,092","1,437",12.59,4.44,"46,100","3,065","42,171","30,725","6,546",1.59,"1,000",102.12
174,CJ대한통운,"85,700",상승,200,+0.23%,"5,000","6,556",562,"86,100","19,550","5,307",8.32,"58,706","85,900","86,200","97,439",10.50,6.58,"86,300",699,"55,183","2,683",13.61,2.81,"85,300","1,042","22,812","121,168","10,305",0.43,800,2.97
175,코리안리,"10,000",하락,50,-0.50%,500,"28,990",289,"9,960","19,482","4,054",5.51,"185,581","10,060","9,990","131,604",11.48,9.45,"10,060","9,069","97,075","3,167",27.80,2.51,"9,950","7,238","194,821","69,579","1,816",0.52,515,-0.08
176,iM금융지주,"11,620",하락,90,-0.77%,"5,000","34,701",404,"11,630","19,335","2,634",7.62,"329,355","11,700","11,640","941,486",-50.69,3.60,"11,720","5,414","879,429","2,016",43.62,0.22,"11,590","6,363","166,393","80,505","1,525",0.32,500,-2.58
177,동원산업,"48,750",상승,150,+0.31%,"1,000","3,214",156,"48,650","19,317","5,013",27.23,"81,186","49,000","48,900","71,582",7.87,2.74,"49,000",296,"39,118","1,136",1.77,1.53,"48,200",750,"39,624","89,442","1,790",0.68,"1,000",-0.05
178,신영증권,"115,300",하락,"2,400",-2.04%,"5,000","10,139","1,168","114,900","18,955","1,361",17.45,"46,253","117,700","115,000","103,796",-20.09,6.45,"118,400","1,701","85,469","1,123",6.99,1.04,"113,200",237,"16,440","24,664","6,607",0.51,"5,000",-10.78
179,GS건설,"21,800",하락,400,-1.80%,"5,000","91,583","1,990","21,750","18,657","2,860",13.42,"854,419","22,250","21,800","178,033",173.71,5.63,"22,300","21,819","127,162","2,639",23.83,1.49,"21,550","6,789","85,581","128,638","1,624",0.41,300,-4.26
180,SNT다이내믹스,"55,600",하락,400,-0.71%,"2,500","21,010","1,189","56,200","18,488","1,105",18.30,"75,546","57,800","56,500","10,341",165.67,12.90,"57,900","1,154","2,437",961,8.20,9.20,"54,900","3,348","33,253","6,145","3,038",1.59,"1,300",26.44
181,DL이앤씨,"47,250",하락,"1,550",-3.18%,"5,000","144,444","6,784","47,050","18,283","2,709",8.69,"804,367","48,400","47,100","97,124",-18.06,4.77,"48,550","9,579","48,667","2,292",30.52,2.41,"46,200","2,957","38,694","83,184","5,440",0.41,540,4.10
182,대웅제약,"157,700",상승,"3,100",+2.01%,"2,500","4,838",762,"158,600","18,272","1,479",47.49,"23,824","155,000","158,700","19,770",20.68,3.17,"158,900",157,"10,500",233,9.11,1.25,"155,000",415,"11,587","14,227","3,321",2.26,600,3.44
183,엘앤에프,"50,200",상승,"1,250",+2.55%,500,"108,951","5,477","49,750","18,231","-5,587",-4.83,"336,928","49,300","49,900","27,998",-151.32,-41.74,"51,300","1,701","20,765","-3,807",15.99,-12.38,"48,750","9,201","36,316","19,075","-10,395",2.81,0,-58.93
184,한국앤컴퍼니,"19,010",상승,20,+0.11%,500,"12,149",230,"19,010","18,047","4,183",5.13,"148,479","19,050","19,050","51,364",63.03,8.28,"19,080","1,391","6,836","3,507",10.31,7.17,"18,940","1,000","94,935","13,910","3,709",0.40,"1,000",27.65
185,SK아이이테크놀로지,"25,300",상승,600,+2.43%,"1,000","68,094","1,714","25,000","18,038","-2,910",-8.77,"203,112","24,750","25,100","41,501",-680.51,-10.41,"25,500","2,265","18,256","-2,466",6.57,-5.99,"24,350","7,351","71,298","2,179","-2,886",0.75,N/A,-66.40
186,신세계,"186,700",상승,"2,000",+1.08%,"5,000","5,448","1,012","186,500","18,008","4,770",29.39,"45,118","185,700","186,700","150,718",-25.44,2.54,"187,000",419,"86,971","1,866",12.25,1.25,"184,400",282,"9,645","65,704","6,353",0.39,"4,500",3.36
187,대우건설,"4,300",하락,95,-2.16%,"5,000","338,730","1,463","4,315","17,872","4,031",8.87,"2,088,882","4,420","4,315","126,585",-39.15,5.62,"4,425","26,511","83,244","2,428",11.43,2.03,"4,275","8,541","415,623","105,036",485,0.41,N/A,-9.82
188,한솔케미칼,"157,600",하락,400,-0.25%,"5,000","7,118","1,120","156,700","17,864","1,288",14.03,"74,811","158,300","157,100","14,647",3.77,13.48,"159,200",212,"3,932","1,249",32.72,8.87,"156,300",318,"11,335","7,764","11,232",1.76,"2,100",0.61
189,영원무역홀딩스,"131,500",하락,100,-0.08%,500,"7,930","1,040","131,400","17,751","5,170",5.41,"26,866","131,400","131,700","65,767",-40.75,13.17,"133,400",713,"15,896","4,956",20.39,7.65,"129,700",386,"13,499","43,060","24,299",0.56,"5,350",-1.14
190,HD현대마린엔진,"52,000",하락,"2,200",-4.06%,"2,500","158,637","8,227","51,400","17,639",332,20.16,"414,818","52,900","51,500","4,950",80.60,28.34,"53,100","4,925","1,856",758,14.24,15.97,"50,700","2,585","33,921","3,158","2,579",5.40,N/A,29.23
191,TIGER 25-10 회사채(A+이상)액티브,"55,060",보합,0,0.00%,0,"6,390",351,"55,060","17,386",N/A,N/A,"122,874","55,060","55,065",N/A,N/A,N/A,"55,065","135,052",N/A,N/A,0.12,N/A,"55,060","130,953","31,576",N/A,N/A,N/A,N/A,N/A
192,현대백화점,"76,200",상승,"2,100",+2.83%,"5,000","32,068","2,412","74,800","17,243","2,840",-48.44,"140,904","74,800","75,000","112,177",-6.40,-0.81,"76,300","1,303","49,833",-8,22.90,-0.01,"73,500","3,416","22,629","41,876","-1,573",0.38,"1,400",-0.47
193,두산우,"408,500",하락,"20,000",-4.67%,"5,000","23,581","9,648","412,500","16,326",N/A,-42.16,"52,023","428,500","414,000",N/A,N/A,N/A,"428,500","1,341",N/A,N/A,1.63,N/A,"402,000",334,"3,996",N/A,"-9,690",4.87,N/A,N/A
194,HDC현대산업개발,"24,500",하락,300,-1.21%,"5,000","31,563",775,"24,600","16,147","1,846",9.00,"396,471","25,200","24,650","74,619",-5.47,5.09,"25,200","3,976","43,473","1,557",13.49,2.15,"24,300","2,543","65,907","42,562","2,722",0.50,700,1.56
195,KODEX 단기채권PLUS,"114,795",상승,5,0.00%,0,"2,802",321,"114,800","16,080",N/A,N/A,"71,288","114,785","114,805",N/A,N/A,N/A,"114,805","97,204",N/A,N/A,0.00,N/A,"114,785","116,779","14,008",N/A,N/A,N/A,N/A,N/A
196,일진전기,"33,100",하락,350,-1.05%,"1,000","252,078","8,465","33,550","15,784",797,27.96,"738,485","34,300","33,600","12,490",31.25,10.60,"34,450","12,955","7,487",462,7.37,4.24,"32,750","5,957","47,685","15,772","1,184",3.10,300,26.51
197,RISE 종합채권(A-이상)액티브,"109,745",하락,140,-0.13%,0,141,15,"109,745","15,755",N/A,N/A,"1,285","110,030","109,780",N/A,N/A,N/A,"110,030","18,001",N/A,N/A,0.00,N/A,"109,720","18,057","14,356",N/A,N/A,N/A,N/A,N/A
198,HL만도,"33,450",하락,100,-0.30%,"1,000","33,764","1,129","33,650","15,707","3,588",86.21,"301,796","33,450","33,650","70,520",28.46,5.47,"33,700","6,709","43,793","1,582",26.10,2.37,"33,150","7,331","46,957","88,482",388,0.65,700,5.42
199,오뚜기,"391,000",보합,0,0.00%,"5,000",491,191,"391,000","15,671","2,220",12.80,"3,474","390,500","391,500","35,974",-12.90,6.86,"392,500",360,"14,159","1,376",11.77,3.88,"389,500",93,"4,008","35,391","30,537",0.66,"9,000",2.45
200,TIGER 차이나전기차SOLACTIVE,"9,040",하락,15,-0.17%,0,"37,984",343,"9,035","15,444",N/A,N/A,"637,291","9,055","9,040",N/A,N/A,N/A,"9,070","20,398",N/A,N/A,0.24,N/A,"9,020","15,348","170,840",N/A,N/A,N/A,N/A,N/A
201,녹십자,"130,800",상승,"2,500",+1.95%,"5,000","7,878","1,024","130,000","15,286",321,53.21,"25,193","129,000","130,300","27,439",-6.76,-2.06,"131,100",164,"12,629",-426,19.23,-1.58,"128,000",433,"11,687","16,799","2,458",1.19,"1,500",3.27
202,ACE 미국나스닥100,"22,695",하락,100,-0.44%,0,"19,139",434,"22,700","15,228",N/A,N/A,"255,978","22,775","22,710",N/A,N/A,N/A,"22,775","133,855",N/A,N/A,0.04,N/A,"22,670","134,073","67,100",N/A,N/A,N/A,N/A,N/A
203,두산퓨얼셀,"22,900",상승,"3,500",+18.04%,100,"3,046,116","71,118","23,300","14,998",-17,-91.97,"505,336","21,700","23,350","11,797",N/A,N/A,"24,600","11,668","6,808",-105,10.63,N/A,"21,400","6,917","65,494","4,118",-249,3.83,N/A,N/A
204,에스엘,"31,750",하락,400,-1.24%,500,"9,592",304,"32,000","14,747","3,952",4.19,"173,076","32,000","32,000","36,989",2.33,17.42,"32,150","2,396","13,016","3,820",16.18,11.02,"31,500","3,168","46,449","49,733","7,575",0.62,"1,200",2.78
205,TIGER MSCI Korea TR,"16,590",상승,30,+0.18%,0,"1,206",19,"16,605","14,433",N/A,N/A,"16,495","16,570","16,640",N/A,N/A,N/A,"16,645","27,072",N/A,N/A,0.00,N/A,"16,555","22,058","87,000",N/A,N/A,N/A,N/A,N/A
206,한화투자증권,"6,690",하락,210,-3.04%,"5,000","671,049","4,542","6,760","14,353",40,"-2,230.00","5,478,993","6,810","6,780","140,181",-87.39,2.37,"6,880","97,203","123,119",389,7.38,0.29,"6,680","27,827","214,548","24,958",-3,0.84,N/A,26.75
207,하이트진로,"20,350",상승,100,+0.49%,"5,000","15,280",310,"20,300","14,272","2,081",13.48,"118,354","20,450","20,350","34,415",67.97,8.63,"20,450","15,763","22,920",957,9.27,2.82,"20,250","12,948","70,134","25,992","1,510",1.27,700,3.14
208,GS리테일,"16,970",상승,470,+2.85%,"1,000","75,467","1,279","17,030","14,188","2,391",-62.85,"249,913","16,890","17,040","75,816",-18.05,0.07,"17,130","2,105","44,001",98,8.98,0.11,"16,750","3,408","83,607","116,269",-270,0.45,500,4.43
209,다우기술,"31,550",상승,50,+0.16%,500,"24,019",757,"31,450","14,155","11,747",3.99,"208,331","31,500","31,600","571,479",83.58,13.16,"32,000","1,856","508,554","8,528",24.09,1.54,"31,200","2,619","44,867","116,258","7,909",0.46,"1,400",17.97
210,KODEX 200선물인버스2X,"1,536",하락,7,-0.45%,0,"73,771,598","113,246","1,529","14,154",N/A,N/A,"245,081,010","1,531","1,530",N/A,N/A,N/A,"1,547","11,268,665",N/A,N/A,0.00,N/A,"1,522","10,283,060","921,500",N/A,N/A,N/A,N/A,N/A
211,대웅,"24,300",상승,150,+0.62%,500,"7,168",173,"24,200","14,128","2,819",22.44,"64,594","24,500","24,250","27,207",44.12,5.99,"24,500","1,993","12,182",689,5.60,2.71,"23,900","1,838","58,142","19,369","1,083",0.98,200,6.79
212,TIGER 25-12 금융채(AA-이상),"51,295",보합,0,0.00%,0,9,0,"51,295","14,088",N/A,N/A,"5,222","51,300","51,300",N/A,N/A,N/A,"51,300","105,008",N/A,N/A,0.00,N/A,"51,295","125,000","27,464",N/A,N/A,N/A,N/A,N/A
213,RISE 200,"40,445",상승,90,+0.22%,0,"304,096","12,296","40,520","13,974",N/A,N/A,"1,485,893","40,505","40,535",N/A,N/A,N/A,"40,630","81,934",N/A,N/A,0.03,N/A,"40,310","38,618","34,550",N/A,N/A,N/A,N/A,N/A
214,엠앤씨솔루션,"152,000",상승,"2,300",+1.54%,100,"16,560","2,536","152,500","13,914",348,45.24,"93,922","157,000","153,100","3,571",68.59,21.82,"157,900",265,"1,917",270,5.45,7.86,"149,600",228,"9,154","2,828","3,360",8.71,"1,480",54.16
215,에스디바이오센서,"11,340",상승,90,+0.80%,500,"26,492",297,"11,290","13,806",-541,-13.29,"158,302","11,250","11,310","38,885",78.21,-3.43,"11,360","2,996","9,562",-981,6.47,-2.56,"11,150","1,720","121,749","6,946",-853,0.47,200,5.93
216,오리온홀딩스,"21,850",보합,0,0.00%,500,"21,704",475,"21,900","13,688","5,062",8.97,"191,463","22,200","21,950","59,332",24.86,7.03,"22,200","4,675","10,545","4,795",11.09,8.66,"21,700","3,411","62,645","31,952","2,436",0.55,800,8.17
217,한올바이오파마,"26,000",상승,250,+0.97%,500,"30,693",797,"26,000","13,583",2,-812.50,"152,606","25,850","26,100","2,129",-89.58,-1.02,"26,150","3,191",445,-18,7.84,-0.80,"25,550","10,381","52,241","1,389",-32,8.28,N/A,2.99
218,OCI홀딩스,"72,100",상승,300,+0.42%,"5,000","13,658",989,"72,600","13,566","1,015",-17.52,"65,717","72,800","72,700","80,937",-80.89,2.54,"73,000","1,562","32,581","1,137",17.29,1.62,"71,800","1,211","18,815","35,774","-4,116",0.34,"2,200",35.01
219,HDC,"22,600",상승,50,+0.22%,"5,000","18,206",410,"22,500","13,502","3,447",7.01,"182,867","22,400","22,550","123,983",10.25,5.65,"22,750","2,017","72,995","2,603",20.87,2.18,"22,350","2,497","59,742","62,003","3,226",0.42,350,4.94
220,HD현대건설기계,"75,200",하락,"1,600",-2.08%,"5,000","49,112","3,729","75,900","13,282","1,904",16.93,"153,181","78,200","76,000","33,246",-25.97,6.18,"78,200","3,691","15,308",860,17.80,2.60,"74,700",503,"17,662","34,381","4,443",0.78,500,-10.12
221,현대지에프홀딩스,"8,490",하락,80,-0.93%,500,"54,253",459,"8,520","13,236","1,981",1.62,"265,405","8,570","8,530","100,849","1,895.39",23.02,"8,570","5,814","30,927","7,920",4.99,10.46,"8,400","4,863","155,904","74,093","5,233",0.38,210,181.78
222,파라다이스,"14,390",하락,240,-1.64%,500,"133,685","1,921","14,300","13,206","1,361",16.35,"1,475,135","14,590","14,290","39,338",-6.67,4.97,"14,590","11,007","18,586","1,107",6.03,2.93,"14,260","2,094","91,772","10,721",880,0.75,150,7.84
223,ACE KRX금현물,"20,920",하락,40,-0.19%,0,"122,818","2,571","20,905","13,054",N/A,N/A,"782,238","20,950","20,910",N/A,N/A,N/A,"20,995","55,222",N/A,N/A,0.68,N/A,"20,890","41,657","62,400",N/A,N/A,N/A,N/A,N/A
224,한국카본,"24,900",하락,300,-1.19%,500,"66,428","1,650","24,900","12,925",454,30.67,"415,563","25,150","25,000","8,790",176.01,4.38,"25,200","10,409","4,047",203,11.90,2.43,"24,550","4,073","51,908","7,417",812,2.51,130,24.79
225,메리츠 KIS CD금리투자 ETN,"53,965",보합,0,0.00%,0,0,0,"53,965","12,871",N/A,N/A,"4,999","53,965","53,975",N/A,N/A,N/A,"53,965","40,000",N/A,N/A,0.00,N/A,"53,965","40,000","23,850",N/A,N/A,N/A,N/A,N/A
226,금호타이어,"4,480",상승,100,+2.28%,"5,000","165,232",737,"4,475","12,869","5,886",3.85,"333,299","4,420","4,480","53,628",43.21,21.77,"4,510","7,247","34,580","3,516",8.47,6.90,"4,380","24,481","287,260","45,322","1,163",0.71,N/A,12.14
227,KODEX 코스닥150,"12,635",상승,30,+0.24%,0,"1,474,089","18,607","12,700","12,843",N/A,N/A,"7,474,644","12,615","12,710",N/A,N/A,N/A,"12,710","215,226",N/A,N/A,1.00,N/A,"12,540","174,064","101,650",N/A,N/A,N/A,N/A,N/A
228,KODEX 삼성그룹,"9,170",하락,45,-0.49%,0,"55,664",510,"9,175","12,783",N/A,N/A,"267,512","9,220","9,185",N/A,N/A,N/A,"9,220","137,128",N/A,N/A,13.18,N/A,"9,145","119,450","139,400",N/A,N/A,N/A,N/A,N/A
229,TIGER 미국30년국채커버드콜액티브(H),"8,010",상승,10,+0.13%,0,"227,344","1,820","8,000","12,780",N/A,N/A,"672,820","8,020","8,005",N/A,N/A,N/A,"8,020","208,123",N/A,N/A,0.04,N/A,"8,000","233,509","159,550",N/A,N/A,N/A,N/A,N/A
230,DN오토모티브,"21,800",하락,100,-0.46%,100,"10,250",221,"21,700","12,755","5,229",4.16,"42,824","21,950","21,750","50,060",6.63,19.78,"21,950","4,059","28,353","3,182",4.48,6.65,"21,100","1,213","58,511","34,345","5,240",0.63,"1,000",5.06
231,현대위아,"46,400",하락,50,-0.11%,"5,000","17,495",818,"46,900","12,619","2,188",6.99,"55,267","47,050","46,950","70,760",-6.01,3.45,"47,100","1,132","30,497","1,295",15.15,1.86,"46,300","2,604","27,195","81,809","6,638",0.34,"1,100",0.19
232,한일시멘트,"18,130",하락,190,-1.04%,500,"5,663",103,"18,220","12,557","2,714",8.95,"62,391","18,360","18,230","29,883",10.09,11.13,"18,370","1,426","11,495","1,990",4.70,6.80,"18,100",430,"69,262","17,417","2,025",0.76,"1,000",-3.21
233,SK리츠,"4,540",하락,40,-0.87%,500,"46,692",213,"4,590","12,539",362,"1,135.00","546,094","4,580","4,600","44,213",2.31,0.08,"4,625","7,832","31,567",22,7.74,0.05,"4,535","15,745","276,189",534,4,1.06,70,2.28
234,롯데관광개발,"16,220",하락,610,-3.62%,500,"530,745","8,526","15,990","12,417",390,-12.14,"2,036,977","16,600","16,010","21,666",164.36,-60.42,"16,630","18,601","18,536","-1,166",7.48,-5.93,"14,950","9,606","76,553","4,715","-1,336",4.21,0,50.37
235,롯데렌탈,"33,800",하락,200,-0.59%,"5,000",645,21,"33,900","12,273","2,848",10.28,"29,710","34,100","34,000","70,066",-6.68,7.51,"34,100","1,739","55,380","1,027",6.67,1.50,"33,750","1,078","36,309","27,924","3,288",0.84,"1,200",1.46
236,태광산업,"1,097,000",하락,"38,000",-3.35%,"5,000",262,287,"1,094,000","12,214",-272,4.87,"2,055","1,113,000","1,095,000","47,223",72.66,5.45,"1,113,000",39,"7,067","2,184",4.83,4.62,"1,080,000",17,"1,113","21,219","225,266",0.23,"1,750",-6.34
237,대신증권,"23,950",하락,200,-0.83%,"5,000","24,615",590,"23,900","12,160",836,12.96,"164,980","24,250","24,000","263,961",-48.18,4.57,"24,250","6,591","230,807","1,442",10.21,0.59,"23,800","8,540","50,773","40,939","1,848",0.52,"1,200",6.21
238,이수스페셜티케미컬,"40,000",상승,550,+1.39%,"1,000","48,922","1,941","39,500","12,083",142,83.16,"180,603","39,550","39,650","2,995",332.14,9.70,"40,150","2,201","1,779",105,5.27,4.06,"38,900","5,913","30,208","3,321",481,9.55,N/A,182.54
239,TIGER 머니마켓액티브,"100,572",상승,7,+0.01%,0,"2,659",267,"100,570","12,027",N/A,N/A,"36,623","100,575","100,575",N/A,N/A,N/A,"100,575","390,176",N/A,N/A,0.00,N/A,"100,570","529,397","11,959",N/A,N/A,N/A,N/A,N/A
240,LX인터내셔널,"30,850",하락,400,-1.28%,"5,000","20,453",634,"31,000","11,957","4,892",6.12,"127,314","31,250","31,050","89,309",12.95,7.12,"31,300","6,627","56,113","2,695",21.55,3.18,"30,800","3,506","38,760","166,376","5,044",0.41,"2,000",14.63
241,롯데에너지머티리얼즈,"22,400",상승,100,+0.45%,500,"11,011",246,"22,350","11,730",-644,-26.57,"102,042","22,500","22,500","22,820",-645.89,0.46,"22,550","3,659","3,801",288,7.62,1.23,"22,050","4,590","52,365","9,023",-843,0.67,N/A,11.53
242,더블유게임즈,"54,100",하락,200,-0.37%,500,"4,469",242,"54,100","11,629","2,487",6.67,"72,734","54,300","54,200","16,463",16.62,18.69,"54,300","2,950",899,"2,433",17.39,16.58,"53,800","1,282","21,496","6,335","8,108",0.94,"1,200",8.78
243,PLUS K방산,"52,275",하락,825,-1.55%,0,"811,858","42,742","52,585","11,344",N/A,N/A,"2,737,475","53,100","52,625",N/A,N/A,N/A,"53,660","18,566",N/A,N/A,0.77,N/A,"51,855","22,715","21,700",N/A,N/A,N/A,N/A,N/A
244,종근당,"82,100",상승,500,+0.61%,"2,500","3,527",290,"82,300","11,332",995,11.89,"31,038","81,700","82,500","14,588",-59.67,12.76,"82,800",439,"5,624","1,114",14.83,7.79,"81,300","1,139","13,803","15,864","6,903",1.22,"1,050",-4.97
245,동양생명,"7,020",하락,50,-0.71%,"5,000","16,766",117,"7,000","11,327","3,681",4.08,"162,454","7,010","7,020","345,472",25.08,12.91,"7,050","6,102","325,805","3,143",81.36,0.93,"6,940","2,275","161,359","34,994","1,722",0.76,N/A,7.65
246,효성,"66,600",상승,400,+0.60%,"5,000","6,580",436,"66,500","11,149","2,211",2.29,"48,678","66,100","66,700","43,409",283.53,19.62,"67,000","1,202","18,364","4,843",8.78,10.27,"66,000","3,135","16,740","22,728","29,071",0.51,"3,000",23.04
247,쿠쿠홀딩스,"31,100",상승,100,+0.32%,100,"1,472",45,"31,000","11,060","1,032",8.03,"28,200","31,100","31,050","13,699",19.16,12.08,"31,250",296,"1,735","1,370",11.97,10.47,"30,900",264,"35,562","8,338","3,873",0.81,"1,200",7.97
248,효성티앤씨,"255,500",하락,500,-0.20%,"5,000","1,841",467,"253,000","11,057","2,707",10.10,"24,998","258,500","254,000","47,242",26.87,9.84,"259,500",909,"29,042","1,838",17.60,4.18,"251,500",202,"4,328","77,761","25,287",0.77,"10,000",3.31
249,롯데칠성,"118,900",상승,600,+0.51%,500,"1,284",152,"119,000","11,033","1,849",24.63,"20,241","118,700","119,100","43,725",-12.22,3.99,"119,500",346,"27,941",600,11.23,1.39,"118,300",621,"9,279","40,245","4,828",0.81,"3,400",24.80
250,SK오션플랜트,"18,590",하락,50,-0.27%,500,"47,190",883,"18,740","11,004",418,65.92,"263,579","18,670","18,800","14,219",-44.72,2.34,"19,050","1,050","7,084",169,5.18,1.18,"18,400","2,689","59,196","6,626",282,1.54,0,-28.43
251,NHN,"32,550",하락,"1,100",-3.27%,500,"48,448","1,591","32,900","10,991",-326,-8.27,"563,647","32,950","33,000","31,930",-158.67,-8.60,"33,450","2,802","14,277","-1,926",9.03,-5.80,"32,400",911,"33,766","24,561","-3,937",0.70,500,8.22
252,미래에셋증권2우B,"7,910",하락,120,-1.49%,"5,000","200,870","1,593","7,900","10,876",N/A,5.80,"1,850,633","8,040","7,930",N/A,N/A,N/A,"8,050","28,677",N/A,N/A,9.54,N/A,"7,850","8,390","137,500",N/A,"1,364",0.38,N/A,N/A
253,롯데웰푸드,"116,300",상승,500,+0.43%,500,862,100,"116,500","10,821","1,571",12.65,"21,277","116,900","116,600","43,417",-11.25,4.04,"116,900",202,"21,153",820,12.92,1.92,"115,500",329,"9,305","40,443","9,197",0.48,"3,300",-0.54
254,LS에코에너지,"35,050",상승,200,+0.57%,500,"54,243","1,926","35,700","10,734",448,30.45,"69,551","35,700","35,750","4,887",51.81,19.00,"36,000","2,060","2,917",353,3.41,7.88,"35,000","5,914","30,625","8,690","1,151",5.67,200,18.86
255,코스모신소재,"32,900",상승,700,+2.17%,"1,000","56,409","1,853","32,850","10,696",250,71.52,"308,798","32,450","32,950","7,845",-22.65,3.62,"33,400","2,198","2,890",176,9.28,2.42,"32,050","4,355","32,511","5,697",460,2.15,N/A,-9.51
256,미래에셋생명,"6,030",하락,20,-0.33%,"5,000","6,673",40,"6,010","10,674","1,221",10.19,"98,292","6,050","6,030","324,936",-17.88,4.88,"6,060","5,211","299,300","1,361",1.23,0.42,"5,960","6,885","177,016","47,961",592,0.32,N/A,-5.09
257,가온전선,"64,200",하락,100,-0.16%,"5,000","35,892","2,338","65,300","10,621",450,19.23,"70,178","65,900","65,600","10,429",2.96,6.46,"66,900","3,119","5,892",254,2.93,2.75,"63,600","1,440","16,543","17,271","3,339",2.47,N/A,15.25
258,ACE 테슬라밸류체인액티브,"14,525",하락,55,-0.38%,0,"272,825","3,965","14,530","10,596",N/A,N/A,"1,131,156","14,580","14,535",N/A,N/A,N/A,"14,600","159,187",N/A,N/A,0.14,N/A,"14,515","152,903","72,950",N/A,N/A,N/A,N/A,N/A
259,롯데리츠,"3,645",하락,10,-0.27%,500,"52,649",192,"3,660","10,533",420,42.88,"657,956","3,650","3,665","26,236",16.25,0.95,"3,677","5,841","14,542",106,7.73,0.43,"3,640","16,594","288,969",656,85,0.92,112,10.46
260,경동나비엔,"72,000",상승,300,+0.42%,"1,000","3,279",236,"72,100","10,489","1,326",8.03,"19,568","72,200","72,200","13,589",25.18,19.43,"72,400",521,"6,635","1,243",10.82,10.28,"71,700","1,299","14,569","13,539","8,968",1.44,650,12.42
261,한샘,"44,550",하락,150,-0.34%,"1,000","3,053",136,"44,550","10,484",312,9.34,"32,155","44,950","44,650","10,673","1,504.29",43.59,"44,950",366,"7,166","1,511",13.77,14.27,"44,350","1,289","23,534","19,084","4,768",2.05,"8,530",-2.98
262,RISE CD금리액티브(합성),"104,105",상승,10,+0.01%,0,777,80,"104,100","10,363",N/A,N/A,"4,810","104,100","104,105",N/A,N/A,N/A,"104,105","39,036",N/A,N/A,0.00,N/A,"104,100","38,341","9,954",N/A,N/A,N/A,N/A,N/A
263,KB발해인프라,"8,390",상승,30,+0.36%,0,"14,472",121,"8,390","10,282",N/A,N/A,"92,195","8,340","8,420",N/A,N/A,N/A,"8,410","3,282",N/A,N/A,0.21,N/A,"8,340","10,167","122,546",N/A,N/A,N/A,N/A,N/A
264,TIGER 종합채권(AA-이상)액티브,"56,605",하락,75,-0.13%,0,"2,066",117,"56,630","10,142",N/A,N/A,"3,487","56,690","56,645",N/A,N/A,N/A,"56,690","36,050",N/A,N/A,0.00,N/A,"56,605","36,114","17,918",N/A,N/A,N/A,N/A,N/A
265,LX세미콘,"62,300",상승,200,+0.32%,500,"2,191",136,"62,500","10,133","1,671",7.46,"19,567","62,400","62,600","14,998",29.48,12.69,"62,700","1,615","4,202","1,305",31.25,9.65,"62,000","2,493","16,264","18,656","8,349",0.93,"2,400",-1.88
266,TIGER CD1년금리액티브(합성),"1,046,795",상승,75,+0.01%,0,853,892,"1,046,795","10,040",N/A,N/A,"10,598","1,046,795","1,046,800",N/A,N/A,N/A,"1,046,800","233,545",N/A,N/A,0.00,N/A,"1,046,795","234,997",959,N/A,N/A,N/A,N/A,N/A
267,TIGER 차이나항셍테크,"7,725",하락,20,-0.26%,0,"120,833",933,"7,730","10,039",N/A,N/A,"1,917,828","7,745","7,735",N/A,N/A,N/A,"7,760","45,120",N/A,N/A,0.93,N/A,"7,715","36,618","129,950",N/A,N/A,N/A,N/A,N/A
268,SK디스커버리,"54,500",상승,100,+0.18%,"5,000","1,327",71,"54,100","10,000","1,726",13.50,"48,771","54,200","54,200","150,777",-32.78,0.88,"54,600","1,941","86,243",319,14.35,0.23,"53,900","1,705","18,348","90,396","4,037",0.36,"1,700",1.12
269,삼성화재우,"321,500",하락,500,-0.16%,500,"1,094",351,"321,000","9,965",N/A,8.21,"5,947","322,000","322,000",N/A,N/A,N/A,"323,000",552,N/A,N/A,28.88,N/A,"320,000",875,"3,100",N/A,"39,171",0.89,N/A,N/A
270,KODEX 25-12 은행채(AAA)액티브,"102,875",상승,10,+0.01%,0,164,16,"102,865","9,953",N/A,N/A,279,"102,865","102,875",N/A,N/A,N/A,"102,875","21,114",N/A,N/A,0.00,N/A,"102,865","35,000","9,675",N/A,N/A,N/A,N/A,N/A
271,PLUS 고배당주,"18,325",하락,10,-0.05%,0,"287,669","5,268","18,325","9,917",N/A,N/A,"1,185,310","18,325","18,330",N/A,N/A,N/A,"18,450","28,749",N/A,N/A,0.27,N/A,"18,270","56,981","54,120",N/A,N/A,N/A,N/A,N/A
272,하나 CD금리투자 ETN,"104,205",보합,0,0.00%,0,0,0,"104,205","9,899",N/A,N/A,"29,206","104,205","104,210",N/A,N/A,N/A,"104,205","190,000",N/A,N/A,0.00,N/A,"104,205","190,000","9,500",N/A,N/A,N/A,N/A,N/A
273,SOL 조선TOP3플러스,"26,480",하락,650,-2.40%,0,"798,546","21,291","26,670","9,877",N/A,N/A,"2,906,461","27,115","26,675",N/A,N/A,N/A,"27,245","7,808",N/A,N/A,0.48,N/A,"26,355","119,937","37,300",N/A,N/A,N/A,N/A,N/A
274,신풍제약,"18,440",상승,610,+3.42%,500,"1,101,894","19,883","18,180","9,770",-205,-72.31,"6,015,566","17,380","18,180","3,421",56.84,-5.85,"18,670","1,810",840,-154,4.51,-4.44,"17,010","1,084","52,985","2,211",-255,3.70,N/A,10.42
275,STX엔진,"24,300",하락,100,-0.41%,"2,500","68,855","1,685","24,500","9,756",422,19.15,"258,244","24,600","24,550","9,688",123.85,10.15,"24,650","12,718","6,922",272,4.01,2.91,"24,050","12,739","40,148","7,246","1,269",3.42,0,14.95
276,롯데정밀화학,"37,800",보합,0,0.00%,"5,000","3,404",128,"37,850","9,752",504,-52.28,"32,562","37,800","38,000","27,139",-67.46,1.53,"38,100","1,073","3,452",364,16.96,1.35,"37,450",839,"25,800","16,705",-723,0.41,"1,400",-5.55
277,SK케미칼,"56,400",상승,"1,100",+1.99%,"5,000","9,366",527,"56,300","9,731",-452,33.20,"61,293","56,100","56,400","53,670",-154.23,0.41,"57,100","1,547","23,341",-44,11.66,-0.09,"54,700","1,512","17,254","17,368","1,699",0.49,"1,150",-0.69
278,TIGER 미국배당다우존스타겟커버드콜2호,"9,460",하락,30,-0.32%,0,"68,299",645,"9,450","9,673",N/A,N/A,"281,469","9,490","9,460",N/A,N/A,N/A,"9,490","4,215",N/A,N/A,0.01,N/A,"9,405","95,626","102,250",N/A,N/A,N/A,N/A,N/A
279,교보증권,"8,480",하락,80,-0.93%,"5,000","30,599",259,"8,490","9,664","1,139",7.03,"252,620","8,560","8,500","158,983",62.11,6.09,"8,570","13,514","139,126","1,177",1.50,0.75,"8,410","2,671","113,963","31,663","1,206",0.47,500,-15.41
280,RISE 미국나스닥100,"21,990",하락,95,-0.43%,0,"32,021",704,"22,005","9,654",N/A,N/A,"238,196","22,065","22,010",N/A,N/A,N/A,"22,065","260,915",N/A,N/A,0.01,N/A,"21,965","125,603","43,900",N/A,N/A,N/A,N/A,N/A
281,세방전지,"68,800",상승,100,+0.15%,500,"6,132",422,"69,200","9,632","1,797",5.52,"44,931","68,900","69,400","20,941",38.30,12.22,"69,500",374,"5,863","1,723",25.34,8.76,"68,100",913,"14,000","20,595","12,471",0.60,"1,100",22.24
282,SK네트웍스,"4,285",보합,0,0.00%,"2,500","80,026",344,"4,295","9,482","1,139",27.29,"343,729","4,300","4,300","51,571",41.44,2.29,"4,335","10,802","31,038",463,14.70,0.65,"4,275","10,764","221,278","76,573",157,0.41,300,2.73
283,코오롱인더,"34,150",상승,150,+0.44%,"5,000","26,851",919,"34,050","9,398","1,587",10.67,"101,614","34,100","34,100","72,481",-20.50,3.06,"34,750","3,309","34,750","1,106",12.42,1.67,"14,960","1,009","61,856","3,964",630,2.26,282,-0.08
284,세아베스틸지주,"26,150",하락,400,-1.51%,"5,000","59,459","1,579","26,650","9,378",523,91.75,"339,867","27,000","26,700","38,266",-73.39,1.04,"27,400","2,368","17,952",203,6.67,0.54,"33,700","2,962","27,519","48,430","3,202",0.28,"1,300",2.28
285,GKL,"15,130",하락,120,-0.79%,500,"70,767","1,065","15,120","9,359",383,24.02,"500,770","15,340","15,130","6,162",-24.88,8.01,"15,380","1,552","2,027",331,13.87,5.27,"25,800","5,123","35,862","36,361",285,0.50,"1,200",-10.96
286,RISE 미국S&P500,"17,785",하락,95,-0.53%,0,"32,952",586,"17,795","9,337",N/A,N/A,"248,905","17,860","17,800",N/A,N/A,N/A,"17,860","211,676",N/A,N/A,0.01,N/A,"17,770","204,837","52,500",N/A,N/A,N/A,N/A,N/A
287,HS효성첨단소재,"206,000",상승,"10,400",+5.32%,"5,000","9,219","1,886","198,500","9,229","2,197",28.80,"12,276","196,400","199,400","38,208",26.22,5.46,"209,000",89,"26,634",782,12.03,2.24,"195,000",308,"4,480","33,112","7,152",0.91,"6,500",3.40
288,NICE평가정보,"15,400",하락,110,-0.71%,500,"21,005",325,"15,430","9,164",868,11.90,"141,230","15,600","15,440","5,857",32.85,19.48,"15,820","1,668","1,689",760,32.69,14.09,"15,330","1,802","59,507","5,350","1,294",2.23,460,10.15
289,DL,"43,250",하락,500,-1.14%,"5,000","5,093",220,"43,300","9,063","4,125",22.63,"174,860","43,600","43,350","125,353",173.74,2.25,"43,600","1,090","77,492",948,14.74,0.77,"43,000","1,151","20,956","56,154","1,911",0.24,"1,000",11.91
290,ESR켄달스퀘어리츠,"4,210",상승,10,+0.24%,"1,000","27,786",116,"4,205","8,971",266,53.97,"597,576","4,200","4,210","25,252",9.74,0.33,"4,225","11,721","14,405",36,42.31,0.15,"4,185","9,068","213,089",569,78,0.84,137,7.40
291,CJ CGV,"5,390",상승,595,+12.41%,500,"758,156","4,090","5,340","8,925",759,-4.97,"148,927","5,430","5,350","39,970",54.76,-30.74,"5,580","21,322","34,203","-1,755",5.58,-4.88,"5,230","14,861","165,581","19,579","-1,084",1.36,0,26.66
292,태영건설,"2,990",하락,70,-2.29%,500,"29,319",87,"2,990","8,805",206,54.36,"100,812","3,060","3,015","43,239",105.10,61.93,"3,060","6,571","37,967",668,0.26,1.49,"2,950","2,842","294,468","26,862",55,1.81,0,-19.89
293,KIWOOM 200TR,"51,990",상승,135,+0.26%,0,"115,915","6,024","52,080","8,786",N/A,N/A,"381,706","52,040","52,115",N/A,N/A,N/A,"52,180","113,136",N/A,N/A,0.01,N/A,"51,840","23,765","16,900",N/A,N/A,N/A,N/A,N/A
294,동원시스템즈,"30,250",하락,100,-0.33%,"5,000","2,913",88,"30,350","8,770",919,13.10,"16,121","30,250","30,500","15,526",13.67,9.01,"30,600","2,881","7,162",725,14.14,4.70,"30,000","1,560","28,991","13,343","2,309",1.07,600,4.51
295,세아제강지주,"211,000",하락,"2,000",-0.94%,"5,000",653,137,"211,000","8,739","2,116",18.85,"7,969","214,000","212,000","55,556",-64.19,2.25,"214,000",198,"28,974","1,170",7.43,2.37,"209,500",51,"4,142","36,751","11,193",0.42,"1,800",-6.09
296,SNT홀딩스,"53,600",상승,900,+1.71%,500,"5,800",307,"52,900","8,739","2,312",6.07,"36,262","52,900","53,000","28,326",29.14,12.40,"53,700","1,062","6,994","2,465",12.75,8.91,"52,600",925,"16,304","18,205","8,835",0.62,"1,600",-3.97
297,SOL 종합채권(AA-이상)액티브,"114,580",하락,150,-0.13%,0,1,0,"114,605","8,662",N/A,N/A,459,"114,580","114,640",N/A,N/A,N/A,"114,580","18,001",N/A,N/A,0.00,N/A,"114,580","16,219","7,560",N/A,N/A,N/A,N/A,N/A
298,KODEX 2차전지산업,"10,145",상승,120,+1.20%,0,"725,332","7,334","10,095","8,633",N/A,N/A,"3,282,854","10,040","10,105",N/A,N/A,N/A,"10,200","59,627",N/A,N/A,0.04,N/A,"9,955","44,715","85,100",N/A,N/A,N/A,N/A,N/A
299,ACE 종합채권(AA-이상)KIS액티브,"108,210",하락,105,-0.10%,0,976,105,"108,200","8,580",N/A,N/A,"1,156","108,325","108,220",N/A,N/A,N/A,"108,325","15,011",N/A,N/A,0.00,N/A,"108,200","12,000","7,929",N/A,N/A,N/A,N/A,N/A
300,지역난방공사,"74,100",하락,"1,200",-1.59%,"5,000","4,757",352,"74,700","8,580","3,279",2.85,"53,400","75,300","74,800","83,622",4.20,9.65,"75,300","1,329","60,940","2,099",5.01,2.57,"73,400",580,"11,579","35,703","26,013",0.35,"3,879",-9.70
301,1Q 머니마켓액티브,"52,345",상승,5,+0.01%,0,"16,656",871,"52,340","8,564",N/A,N/A,"132,599","52,345","52,345",N/A,N/A,N/A,"52,345","220,578",N/A,N/A,0.00,N/A,"52,340","228,979","16,360",N/A,N/A,N/A,N/A,N/A
302,TIGER 단기통안채,"110,695",상승,10,+0.01%,0,"1,127",124,"110,685","8,552",N/A,N/A,"47,991","110,695","110,695",N/A,N/A,N/A,"110,695","39,111",N/A,N/A,1.53,N/A,"110,680","27,817","7,726",N/A,N/A,N/A,N/A,N/A
303,하나투어,"55,000",상승,600,+1.10%,500,"16,518",899,"54,100","8,519",509,12.26,"209,849","54,700","54,200","6,688",49.55,47.19,"55,000","3,184","4,883",991,14.76,15.09,"53,900","6,096","15,490","6,166","4,487",5.63,"2,300",49.80
304,SNT모티브,"32,100",상승,250,+0.78%,"5,000","8,896",284,"32,050","8,519",981,8.63,"52,067","31,950","32,150","12,418",-15.86,10.82,"32,450","3,528","2,570","1,043",17.63,8.51,"31,700","1,209","26,540","9,689","3,718",0.77,937,-14.73
305,SOL 초단기채권액티브,"53,290",상승,5,+0.01%,0,"132,994","7,087","53,290","8,499",N/A,N/A,"234,972","53,285","53,295",N/A,N/A,N/A,"53,295","130,081",N/A,N/A,0.01,N/A,"53,285","109,121","15,948",N/A,N/A,N/A,N/A,N/A
306,SNT에너지,"40,300",하락,"1,650",-3.93%,500,"53,723","2,180","40,550","8,334",222,24.03,"213,949","42,050","40,600","5,166",7.04,11.90,"42,200","6,071","2,103",346,6.15,7.37,"40,050","1,579","20,681","2,943","1,677",2.58,500,-8.60
307,대덕전자,"16,780",하락,270,-1.58%,500,"121,307","2,057","16,990","8,292",113,53.78,"1,487,858","17,200","17,010","10,887",-52.56,2.73,"17,230","5,056","2,132",238,9.40,2.14,"16,660","1,104","49,417","8,921",312,1.02,400,-1.93
308,동원F&B,"42,400",상승,50,+0.12%,"1,000",758,32,"42,300","8,181","1,835",6.87,"35,164","42,650","42,400","21,457",10.04,12.43,"42,650",493,"10,627","1,278",7.84,5.88,"41,950",157,"19,296","44,836","6,169",0.74,800,2.82
309,TIGER 미국30년국채스트립액티브(합성 H),"37,695",상승,50,+0.13%,0,"39,690","1,496","37,685","8,155",N/A,N/A,"205,719","37,750","37,690",N/A,N/A,N/A,"37,785","21,674",N/A,N/A,0.09,N/A,"37,660","26,779","21,634",N/A,N/A,N/A,N/A,N/A
310,미원상사,"171,600",하락,"2,400",-1.38%,500,447,76,"171,900","8,151",599,14.79,841,"175,700","172,100","4,787",-10.85,12.99,"175,700",32,782,505,3.13,10.92,"171,500",86,"4,750","4,358","11,599",1.96,"2,000",3.43
311,빙그레,"84,100",상승,100,+0.12%,"5,000","2,430",203,"84,100","8,036","1,313",8.59,"24,961","83,500","84,200","10,031",16.95,15.14,"84,300","1,122","2,812","1,032",20.73,10.90,"83,500","1,896","9,556","14,630","9,794",1.06,"3,300",4.93
312,영풍,"42,050",하락,450,-1.06%,500,"2,128",89,"42,200","8,035","-1,607",19.39,"14,149","42,950","42,250","57,017",5.37,-6.81,"42,950",865,"17,164","-3,278",10.15,-5.82,"41,800",707,"19,108","27,874","2,169",0.19,24,-25.90
313,이노션,"20,050",하락,100,-0.50%,500,"34,492",692,"20,000","8,020","1,557",9.26,"629,403","20,200","20,050","27,146",3.76,10.48,"20,200","4,134","16,827","1,161",25.74,4.40,"19,970","5,714","40,000","21,206","2,166",0.81,"1,175",1.32
314,LG화학우,"104,300",상승,900,+0.87%,"5,000","5,116",531,"103,500","8,019",N/A,-8.73,"50,258","103,400","103,700",N/A,N/A,N/A,"104,800","1,612",N/A,N/A,40.58,N/A,"102,700",886,"7,689",N/A,"-11,946",0.25,N/A,N/A
315,TIGER 2차전지테마,"12,670",상승,105,+0.84%,0,"209,012","2,647","12,650","7,900",N/A,N/A,"848,331","12,590","12,655",N/A,N/A,N/A,"12,775","120,534",N/A,N/A,0.69,N/A,"12,450","145,445","62,350",N/A,N/A,N/A,N/A,N/A
316,솔루엠,"15,960",상승,60,+0.38%,500,"40,106",647,"16,200","7,821",691,26.08,"197,780","16,200","16,230","9,827",-55.29,9.48,"16,280","1,378","5,484",377,17.96,3.92,"15,920","7,569","49,006","15,944",612,1.76,0,-18.28
317,동아쏘시오홀딩스,"119,200",하락,"1,300",-1.08%,"5,000",877,105,"120,600","7,791",821,11.45,"19,611","120,400","120,700","20,305",6.78,5.63,"121,100",106,"9,665",576,14.04,2.89,"118,900",838,"6,536","13,332","10,412",0.72,"1,797",17.78
318,녹십자홀딩스,"16,520",상승,170,+1.04%,500,"14,320",236,"16,620","7,769",-107,12.08,"66,017","16,400","16,630","36,706",34.81,2.43,"16,640","1,415","18,184",-111,10.32,-0.30,"16,300","2,112","47,028","22,049","1,367",0.78,500,7.14
319,DI동일,"39,250",상승,300,+0.77%,500,"3,906",152,"39,000","7,738",78,-282.37,"21,327","38,900","39,200","10,137",23.89,0.28,"39,300","1,911","4,494",25,7.33,0.25,"38,700","1,357","19,716","6,517",-139,1.46,262,-4.56
320,KODEX 25-11 은행채(AA-이상)PLUS액티브,"10,575",하락,5,-0.05%,0,709,7,"10,575","7,706",N/A,N/A,"9,198","10,580","10,580",N/A,N/A,N/A,"10,580","390,038",N/A,N/A,0.00,N/A,"10,575","389,901","72,870",N/A,N/A,N/A,N/A,N/A
321,대상,"22,150",상승,150,+0.68%,"1,000","15,891",350,"22,050","7,675","1,769",7.73,"102,553","22,100","22,100","35,098",43.02,6.94,"22,150","11,917","20,622",967,18.31,2.83,"21,950","7,621","34,648","42,551","2,865",0.56,850,3.59
322,SOL 미국배당다우존스,"10,595",하락,50,-0.47%,0,"32,475",344,"10,600","7,650",N/A,N/A,"252,407","10,670","10,605",N/A,N/A,N/A,"10,670","91,194",N/A,N/A,0.31,N/A,"10,580","93,068","72,200",N/A,N/A,N/A,N/A,N/A
323,N2 KIS CD금리투자 ETN,"53,965",보합,0,0.00%,0,0,0,"53,970","7,555",N/A,N/A,2,"53,965","53,975",N/A,N/A,N/A,"53,965","80,000",N/A,N/A,0.00,N/A,"53,965","80,000","14,000",N/A,N/A,N/A,N/A,N/A
324,삼양홀딩스,"86,500",하락,800,-0.92%,"5,000","5,913",512,"87,100","7,534","1,275",30.39,"37,449","87,200","87,200","52,905",34.53,1.38,"87,400","2,005","22,924",895,7.58,1.71,"86,000",818,"8,710","35,533","2,846",0.31,"3,500",10.66
325,전진건설로봇,"51,400",상승,800,+1.58%,500,"31,343","1,598","51,000","7,501",313,24.90,"102,911","51,400","51,100","2,192",-4.74,24.55,"51,500","3,651",648,314,0.98,16.64,"50,400","7,813","14,593","1,698","2,064",5.32,"1,277",7.21
326,율촌화학,"30,150",상승,150,+0.50%,500,"10,139",307,"30,350","7,477",-184,-35.22,"58,047","29,850","30,450","6,555",-13.30,-2.86,"30,500","3,010","3,645",-85,5.07,-1.28,"29,850","2,348","24,800","4,571",-856,2.55,250,10.28
327,TIGER 미국나스닥100타겟데일리커버드콜,"9,375",하락,30,-0.32%,0,"79,994",750,"9,375","7,425",N/A,N/A,"502,936","9,395","9,380",N/A,N/A,N/A,"9,405","154,915",N/A,N/A,0.02,N/A,"9,360","145,139","79,200",N/A,N/A,N/A,N/A,N/A
328,KODEX Top5PlusTR,"24,890",상승,235,+0.95%,0,"4,713",117,"24,900","7,367",N/A,N/A,"21,267","24,860","24,945",N/A,N/A,N/A,"25,005","15,502",N/A,N/A,16.90,N/A,"24,700","14,917","29,600",N/A,N/A,N/A,N/A,N/A
329,한화3우B,"37,950",하락,"1,350",-3.44%,"5,000","54,545","2,078","38,100","7,364",N/A,3.63,"120,639","39,250","38,150",N/A,N/A,N/A,"39,250","2,307",N/A,N/A,21.23,N/A,"37,400","1,293","19,404",N/A,"10,464",0.34,N/A,N/A
330,KODEX 미국S&P500(H),"13,715",상승,15,+0.11%,0,"22,456",307,"13,715","7,331",N/A,N/A,"205,441","13,700","13,720",N/A,N/A,N/A,"13,720","86,538",N/A,N/A,0.10,N/A,"13,695","97,546","53,450",N/A,N/A,N/A,N/A,N/A
331,미원에스씨,"145,700",하락,"1,300",-0.88%,500,175,25,"146,100","7,285",588,12.73,"1,401","148,200","146,200","5,121",160.87,14.00,"148,200",156,"1,058",546,0.56,11.21,"145,500",88,"5,000","5,093","11,447",1.72,"2,500",16.36
332,프레스티지바이오파마,"12,050",하락,260,-2.11%,0,"12,712",154,"12,140","7,242",-628,33.20,"134,870","12,310","12,210","7,117",9.76,-7.40,"12,310","2,366","1,962",-551,63.22,-7.58,"12,000",314,"60,096",7,363,1.64,N/A,325.77
333,덴티움,"65,100",상승,200,+0.31%,500,"14,349",929,"64,600","7,206",985,10.50,"26,317","65,000","64,900","8,944",-28.77,14.27,"65,400","3,587","3,409",724,15.11,8.68,"64,200","1,687","11,069","4,078","6,198",1.00,600,3.72
334,보령,"8,360",상승,80,+0.97%,500,"14,273",118,"8,310","7,172",705,13.55,"115,110","8,280","8,350","11,641",3.23,10.45,"8,380","4,959","3,796",696,7.00,6.70,"8,240","1,070","85,787","10,171",617,0.90,100,18.32
335,SK이터닉스,"21,100",하락,150,-0.71%,200,"119,178","2,541","21,450","7,122",376,28.59,"382,902","21,200","21,550","7,317",N/A,N/A,"21,700","12,202","4,897",224,2.37,N/A,"20,850","17,956","33,754","3,322",738,2.93,N/A,N/A
336,케이카,"14,760",하락,80,-0.54%,500,"44,959",658,"14,590","7,112",681,15.25,"666,144","14,670","14,600","5,248",15.41,19.09,"14,770","2,516","2,991",440,9.80,8.15,"14,570","5,181","48,182","23,015",968,3.18,"1,150",12.40
337,PLUS 200,"40,770",상승,75,+0.18%,0,"76,765","3,132","40,880","7,094",N/A,N/A,"594,489","40,900","40,890",N/A,N/A,N/A,"40,980","35,161",N/A,N/A,2.92,N/A,"40,695","61,704","17,400",N/A,N/A,N/A,N/A,N/A
338,TIGER TOP10,"12,220",상승,20,+0.16%,0,"21,990",269,"12,250","7,075",N/A,N/A,"302,901","12,145","12,260",N/A,N/A,N/A,"12,300","76,897",N/A,N/A,45.25,N/A,"12,145","62,628","57,900",N/A,N/A,N/A,N/A,N/A
339,KG모빌리티,"3,470",하락,10,-0.29%,"1,000","28,665",99,"3,445","7,022",14,-39.89,"238,838","3,475","3,455","31,045",-88.58,2.70,"3,495","8,216","16,839",338,23.19,1.18,"3,420","4,614","202,375","39,051",-87,0.48,0,4.52
340,TIGER 단기채권액티브,"55,840",보합,0,0.00%,0,"2,324",129,"55,835","6,986",N/A,N/A,"18,678","55,840","55,840",N/A,N/A,N/A,"55,840","40,578",N/A,N/A,0.00,N/A,"55,835","38,324","12,510",N/A,N/A,N/A,N/A,N/A
341,LX홀딩스,"9,140",하락,80,-0.87%,"1,000","68,126",621,"9,140","6,972","1,560",3.90,"175,835","9,270","9,160","19,050",113.21,9.08,"9,280","6,854",357,"1,603",12.53,8.90,"9,030","3,197","76,281","1,945","2,346",0.37,290,64.67
342,한화리츠,"3,880",하락,5,-0.13%,500,"55,913",217,"3,880","6,968",191,38.42,"472,900","3,845","3,885","15,864",54.05,0.83,"3,900","6,423","12,576",28,0.55,0.24,"3,845","46,433","179,600",335,101,0.99,135,43.99
343,KODEX 반도체,"35,025",상승,190,+0.55%,0,"237,858","8,354","35,285","6,952",N/A,N/A,"787,671","34,900","35,310",N/A,N/A,N/A,"35,410","9,680",N/A,N/A,1.50,N/A,"34,730","25,172","19,850",N/A,N/A,N/A,N/A,N/A
344,GS피앤엘,"34,950",하락,200,-0.57%,"1,000","39,024","1,354","34,750","6,931",0,-60.99,"464,777","34,650","34,800","22,696",N/A,N/A,"35,350","1,721","10,328",-11,11.16,N/A,"34,050","1,688","19,831",383,-573,0.82,N/A,N/A
345,유안타증권,"3,465",하락,55,-1.56%,"5,000","273,629",950,"3,480","6,916",948,15.33,"419,043","3,520","3,495","168,003",-26.62,4.52,"3,520","49,155","151,660",730,64.09,0.44,"3,450","12,823","199,597","27,127",226,0.45,200,-4.98
346,ACE 미국빅테크TOP7 Plus,"17,250",하락,45,-0.26%,0,"24,394",420,"17,245","6,866",N/A,N/A,"435,664","17,295","17,260",N/A,N/A,N/A,"17,305","75,807",N/A,N/A,0.01,N/A,"17,230","117,716","39,800",N/A,N/A,N/A,N/A,N/A
347,세진중공업,"12,010",하락,360,-2.91%,500,"178,183","2,147","12,110","6,828",360,31.36,"465,097","12,200","12,120","6,209",7.23,6.16,"12,260","16,806","3,715",220,5.52,3.78,"11,930","4,085","56,849","3,524",383,3.60,200,-8.43
348,F&F홀딩스,"17,320",하락,100,-0.57%,500,"4,430",76,"17,250","6,775","4,164",6.59,"87,839","17,400","17,290","40,333",-19.06,4.92,"17,440",466,"6,634","3,220",0.14,8.18,"17,150",442,"39,114","18,983","2,627",0.31,450,-4.43
349,TKG휴켐스,"16,450",상승,10,+0.06%,"1,000","6,362",104,"16,450","6,725",808,10.90,"73,397","16,440","16,470","11,682",-33.35,9.09,"16,480",586,"2,933",775,8.77,6.83,"16,320",593,"40,879","11,882","1,509",0.75,"1,000",12.88
350,한화손해보험,"5,720",상승,10,+0.18%,"5,000","73,587",416,"5,660","6,677","4,357",2.45,"515,513","5,710","5,680","198,342",42.15,10.36,"5,730","15,119","168,811","3,160",14.54,1.67,"5,620","6,052","116,739","65,973","2,336",0.32,0,8.64
351,아이에스동서,"22,000",보합,0,0.00%,500,"5,101",112,"22,100","6,641","1,697",-3.69,"39,575","21,950","22,150","35,540",-50.17,-10.19,"22,300","3,273","19,968","-1,602",4.56,-4.11,"21,850","1,258","30,187","15,146","-5,961",0.49,"1,000",-25.37
352,TIGER Fn반도체TOP10,"11,165",상승,45,+0.40%,0,"438,802","4,908","11,225","6,626",N/A,N/A,"3,580","13,210","13,225",N/A,N/A,N/A,"13,235","18,051",N/A,N/A,1.30,N/A,"13,165","12,031","50,100",N/A,N/A,N/A,N/A,N/A
353,KODEX MSCI Korea TR,"13,215",상승,5,+0.04%,0,379,4,"13,210","6,621",N/A,N/A,"2,215,339","11,165","11,235",N/A,N/A,N/A,"11,265","84,807",N/A,N/A,0.07,N/A,"11,060","95,881","59,350",N/A,N/A,N/A,N/A,N/A
354,KODEX 미국빅테크10(H),"49,505",상승,150,+0.30%,0,"7,460",369,"49,510","6,599",N/A,N/A,"118,048","49,350","49,565",N/A,N/A,N/A,"49,570","4,132",N/A,N/A,0.13,N/A,"49,340","12,833","13,330",N/A,N/A,N/A,N/A,N/A
355,한국단자,"65,200",하락,600,-0.91%,500,"3,052",198,"65,400","6,595","1,713",5.02,"44,712","65,700","65,600","15,643",53.31,14.16,"65,700","2,315","4,880","1,425",24.69,9.54,"64,900","1,253","10,115","15,098","12,988",0.62,"2,200",16.41
356,TIGER 리츠부동산인프라,"4,180",하락,15,-0.36%,0,"176,355",739,"4,190","6,594",N/A,N/A,"2,751,345","4,195","4,200",N/A,N/A,N/A,"4,200","367,403",N/A,N/A,0.05,N/A,"4,180","132,126","157,750",N/A,N/A,N/A,N/A,N/A
357,신한알파리츠,"5,450",상승,20,+0.37%,"1,000","17,915",97,"5,460","6,591",451,64.88,"328,615","5,430","5,470","26,622",40.12,1.65,"5,490","15,399","18,343",124,10.40,0.53,"5,430","16,224","120,940",686,84,1.05,N/A,28.47
358,현대홈쇼핑,"54,300",하락,100,-0.18%,"5,000",407,21,"54,000","6,516","1,301",7.82,"5,744","54,600","54,200","51,751",117.05,7.43,"54,600",652,"13,396","1,742",14.14,4.05,"53,400",688,"12,000","38,535","6,942",0.27,"2,800",86.66
359,KODEX 인버스,"3,770",하락,5,-0.13%,0,"7,552,184","28,412","3,755","6,515",N/A,N/A,"29,465,737","3,755","3,760",N/A,N/A,N/A,"3,780","6,967,586",N/A,N/A,1.27,N/A,"3,745","5,230,098","172,800",N/A,N/A,N/A,N/A,N/A
360,파미셀,"10,830",하락,310,-2.78%,500,"107,217","1,169","10,980","6,500",47,40.26,"686,594","11,200","11,000",993,259.23,7.59,"11,200","17,500",128,63,10.69,6.60,"10,780","3,120","60,017",649,269,6.93,20,15.34
361,키움 CD금리투자 ETN,"103,892",상승,7,+0.01%,0,"14,149","1,469","103,890","6,462",N/A,N/A,"47,638","103,892","103,895",N/A,N/A,N/A,"103,895","608,900",N/A,N/A,0.00,N/A,"103,890","588,420","6,220",N/A,N/A,N/A,N/A,N/A
362,삼성 레버리지 WTI원유 선물 ETN,"1,591",하락,9,-0.56%,0,"672,626","1,071","1,593","6,428",N/A,N/A,"4,289,019","1,602","1,597",N/A,N/A,N/A,"1,610","8,943,507",N/A,N/A,0.00,N/A,"1,585","9,938,592","404,000",N/A,N/A,N/A,N/A,N/A
363,KODEX 미국30년국채타겟커버드콜(합성 H),"8,600",상승,15,+0.17%,0,"186,064","1,599","8,580","6,398",N/A,N/A,"539,955","8,590","8,585",N/A,N/A,N/A,"8,605","290,984",N/A,N/A,0.13,N/A,"8,580","344,863","74,400",N/A,N/A,N/A,N/A,N/A
364,금양,"9,900",보합,0,0.00%,500,0,0,0,"6,333",-560,-4.09,0,0,0,"12,569",-283.36,-40.88,0,0,"7,624","-1,861",5.60,-18.99,0,0,"63,967","1,537","-2,420",1.27,0,1.12
365,LG전자우,"36,650",상승,50,+0.14%,"5,000","2,919",106,"36,400","6,299",N/A,9.58,"27,108","36,600","36,450",N/A,N/A,N/A,"36,700","2,612",N/A,N/A,44.74,N/A,"36,100",709,"17,186",N/A,"3,825",0.30,N/A,N/A
366,ACE 미국배당다우존스,"11,705",하락,70,-0.59%,0,"50,386",590,"11,700","6,297",N/A,N/A,"190,173","11,760","11,705",N/A,N/A,N/A,"11,760","190,477",N/A,N/A,0.00,N/A,"11,685","170,001","53,800",N/A,N/A,N/A,N/A,N/A
367,풍산홀딩스,"43,550",하락,"1,650",-3.65%,"5,000","85,310","3,810","44,050","6,279","1,047",6.17,"886,911","45,800","44,200","13,191",54.41,9.41,"45,950","2,469","2,037","1,000",14.85,7.95,"43,500","1,243","14,417","4,494","7,062",0.55,"1,400",10.49
368,아세아,"300,000",하락,"2,500",-0.83%,"5,000",307,92,"300,000","6,252","1,724",11.95,"5,915","302,000","302,000","33,343",-28.28,5.58,"307,000",235,"13,044","1,084",7.99,3.28,"299,000",241,"2,084","20,074","25,096",0.43,"5,330",-5.13
369,넥센타이어,"6,390",하락,20,-0.31%,500,"11,753",75,"6,410","6,241","1,721",5.31,"291,810","6,410","6,420","45,745",-7.94,7.10,"6,420","5,005","27,029","1,267",6.80,2.88,"6,330","16,964","97,668","28,479","1,203",0.34,130,5.41
370,KG스틸,"6,210",하락,20,-0.32%,"5,000","5,494",34,"6,210","6,211","2,060",3.53,"78,894","6,230","6,250","33,414",-26.53,6.93,"6,250","3,675","13,812","1,325",6.71,4.05,"6,170","3,763","100,009","33,010","1,757",0.30,250,-3.76
371,카프로,"3,660",보합,0,0.00%,500,0,0,0,"6,185",-324,17.43,0,0,0,"2,392",17.95,102.36,0,0,"1,510",332,0.08,14.56,0,0,"169,000",71,210,7.77,N/A,-90.64
372,유니드,"91,100",하락,"1,400",-1.51%,"5,000","8,114",743,"91,500","6,165",954,8.02,"142,978","92,600","91,600","13,648",197.62,7.96,"93,400","1,689","3,525",762,11.24,5.81,"90,900",803,"6,768","11,116","11,360",0.59,"1,800",-1.95
373,HJ중공업,"7,400",상승,160,+2.21%,"5,000","763,239","5,829","7,570","6,162",73,-180.49,"641,059","7,570","7,600","22,044",106.67,1.56,"7,870","9,875","18,610",52,1.45,0.21,"7,370","3,224","83,274","18,860",-41,1.77,N/A,-12.77
374,KODEX 단기채권,"113,455",상승,5,0.00%,0,493,55,"113,450","6,051",N/A,N/A,"10,238","113,455","113,455",N/A,N/A,N/A,"113,462","100,129",N/A,N/A,0.00,N/A,"113,450","122,942","5,333",N/A,N/A,N/A,N/A,N/A
375,현대그린푸드,"18,160",상승,110,+0.61%,500,"2,967",53,"18,110","6,017",967,8.11,"29,586","18,050","18,240","9,556",49.10,11.41,"18,240",328,"2,854",745,14.34,8.11,"17,840","1,210","33,136","22,704","2,238",0.88,335,24.27
376,콜마홀딩스,"17,500",상승,60,+0.34%,500,"540,495","9,441","17,450","6,002",381,30.59,"5,835,475","17,650","17,430","12,914",125.94,4.09,"17,900","4,348","4,763",334,19.64,2.59,"17,090","5,551","34,296","6,767",572,1.01,200,6.18
377,쿠쿠홈시스,"26,500",상승,150,+0.57%,100,810,21,"26,350","5,946","1,648",4.89,"47,514","26,350","26,450","13,816",13.77,14.00,"26,500","2,002","3,349","1,361",6.76,10.81,"26,250","1,283","22,437","10,572","5,424",0.63,"1,000",10.75
378,솔루스첨단소재,"8,460",상승,120,+1.44%,100,"41,643",350,"8,460","5,940",-544,-60.00,"128,607","8,400","8,490","20,794",25.67,0.62,"8,490",949,"9,879",-427,3.67,-2.26,"8,300","8,631","70,217","5,709",-141,1.02,10,32.96
379,한국쉘석유,"452,000",보합,0,0.00%,"5,000",336,151,"450,500","5,876",460,15.32,"2,413","454,000","451,500","1,913",8.65,28.93,"454,000",173,640,367,59.42,19.31,"450,000",301,"1,300","3,272","29,500",5.49,"27,000",2.09
380,신성통상,"4,070",보합,0,0.00%,500,"219,491",893,"4,070","5,849","1,218",8.96,"244,410","4,070","4,075","11,626",-15.22,16.24,"4,075","1,899,425","6,780",737,0.59,6.61,"4,070","925,025","143,708","15,079",454,1.13,N/A,-2.25
381,제주항공,"7,210",상승,90,+1.26%,"1,000","94,882",683,"7,220","5,814",799,-9.99,"415,061","7,250","7,220","19,985",-52.94,6.84,"7,250","8,193","16,744",217,2.58,1.09,"7,160","18,428","80,641","19,358",-722,2.00,N/A,12.28
382,신대양제지,"14,170",하락,220,-1.53%,500,"18,502",264,"14,270","5,710",293,19.54,"171,272","14,800","14,270","8,759",-49.95,6.00,"14,800","3,009","1,838",333,2.86,3.80,"14,050",511,"40,298","6,585",725,0.72,200,2.04
383,KIWOOM 국고채10년,"115,560",하락,270,-0.23%,0,"1,084",125,"115,660","5,690",N/A,N/A,"10,135","115,845","115,725",N/A,N/A,N/A,"115,845","26,783",N/A,N/A,0.01,N/A,"115,550","27,028","4,924",N/A,N/A,N/A,N/A,N/A
384,KODEX 미국30년국채액티브(H),"8,910",상승,10,+0.11%,0,"63,306",563,"8,895","5,641",N/A,N/A,"1,275,195","8,915","8,900",N/A,N/A,N/A,"8,915","205,565",N/A,N/A,0.04,N/A,"8,895","209,109","63,310",N/A,N/A,N/A,N/A,N/A
385,일진하이솔루스,"15,480",상승,720,+4.88%,500,"96,125","1,491","15,640","5,621",-95,703.64,"72,410","15,250","15,670","3,443",2.89,0.57,"15,790","6,796",268,18,4.36,0.53,"15,100","2,924","36,313",793,22,1.77,N/A,0.71
386,KODEX 국고채30년액티브,"120,395",하락,730,-0.60%,0,"2,328",280,"120,675","5,544",N/A,N/A,"8,275","121,130","120,675",N/A,N/A,N/A,"121,130","16,032",N/A,N/A,0.02,N/A,"120,375","16,034","4,605",N/A,N/A,N/A,N/A,N/A
387,한일홀딩스,"17,980",하락,90,-0.50%,"1,000","3,293",59,"17,980","5,544","2,793",5.93,"19,325","18,790","18,000","37,090",6.60,7.56,"18,790",959,"14,048","1,985",4.11,5.46,"17,860",262,"30,833","22,487","3,032",0.35,930,-4.84
388,케이씨텍,"26,750",상승,50,+0.19%,500,"6,695",179,"26,950","5,535",498,11.43,"56,708","26,850","27,100","5,491",52.23,11.28,"27,050","1,076",673,527,12.63,10.04,"26,600","1,735","20,690","3,854","2,341",1.09,270,34.34
389,신한 레버리지 WTI원유 선물 ETN(H),"1,101",상승,3,+0.27%,0,"167,604",184,"1,099","5,505",N/A,N/A,"1,429,451","1,101","1,101",N/A,N/A,N/A,"1,108","6,470,050",N/A,N/A,0.00,N/A,"1,093","6,248,578","500,000",N/A,N/A,N/A,N/A,N/A
390,KODEX 26-12 회사채(AA-이상)액티브,"10,795",하락,5,-0.05%,0,"11,724",126,"10,795","5,448",N/A,N/A,"35,397","10,800","10,800",N/A,N/A,N/A,"10,800","149,737",N/A,N/A,0.00,N/A,"10,795","155,877","50,470",N/A,N/A,N/A,N/A,N/A
391,후성,"5,050",하락,50,-0.98%,500,"78,500",395,"5,050","5,416",-96,-8.62,"479,780","5,030","5,090","8,263",79.23,-21.71,"5,100","14,120","4,935",-834,7.15,-9.93,"5,000","9,910","107,255","4,378",-586,1.70,N/A,-16.32
392,KODEX 국고채3년,"62,625",하락,25,-0.04%,0,"3,244",203,"62,605","5,411",N/A,N/A,"13,745","62,625","62,630",N/A,N/A,N/A,"62,645","61,946",N/A,N/A,0.00,N/A,"62,595","54,952","8,640",N/A,N/A,N/A,N/A,N/A
393,대한유화,"83,100",상승,800,+0.97%,"5,000","3,445",285,"82,500","5,402",-599,525.95,"17,465","84,000","82,800","22,197",3.90,-0.47,"84,000","1,289","4,121",-85,7.18,-0.39,"81,800",448,"6,500","28,001",158,0.28,"1,000",12.01
394,대한해운,"1,673",하락,27,-1.59%,500,"1,847,021","3,089","1,681","5,400","3,286",3.60,"9,475,432","1,678","1,684","45,804",31.48,8.93,"1,695","78,221","22,907","1,648",3.79,3.54,"1,658","32,283","322,747","17,472",465,0.26,0,25.03
395,삼천리,"132,700",하락,"2,400",-1.78%,"5,000","3,314",441,"132,700","5,381","1,143",4.91,"24,622","134,600","133,000","45,182",-34.49,6.55,"135,000",479,"27,577","1,217",11.70,2.72,"132,100",259,"4,055","51,205","27,036",0.28,"3,000",-9.60
396,CJ4우(전환),"126,900",하락,"6,100",-4.59%,"5,000","5,060",644,"127,000","5,363",N/A,45.57,"44,195","131,500","127,100",N/A,N/A,N/A,"131,500",738,N/A,N/A,5.40,N/A,"125,300",319,"4,227",N/A,"2,785",0.79,N/A,N/A
397,코스모화학,"13,920",상승,60,+0.43%,"1,000","28,669",399,"14,020","5,346",-20,-8.92,"134,725","13,890","14,060","12,043",-166.57,-24.71,"14,120",366,"6,136",-523,7.23,-4.56,"13,680","1,372","38,408","7,493","-1,561",2.35,N/A,-6.22
398,TIGER 200 IT,"30,205",상승,280,+0.94%,0,"4,424",133,"30,260","5,334",N/A,N/A,"47,817","30,125","30,270",N/A,N/A,N/A,"30,350","42,410",N/A,N/A,0.09,N/A,"29,860","27,347","17,660",N/A,N/A,N/A,N/A,N/A
399,JW중외제약,"22,900",상승,250,+1.10%,"2,500","7,215",165,"22,850","5,332",825,9.13,"78,723","22,650","22,950","6,046",-17.76,21.87,"23,100","6,373","2,751",650,6.59,10.41,"22,550","5,889","23,286","7,194","2,507",1.69,450,-3.89
400,E1,"77,300",하락,200,-0.26%,"5,000",908,70,"77,200","5,303","2,176",5.07,"10,650","78,200","77,300","145,398",133.55,3.83,"78,200",842,"123,507",656,5.63,0.69,"76,800",181,"6,860","111,924","15,251",0.26,"3,450",42.98
401,제이알글로벌리츠,"2,665",하락,20,-0.74%,"1,000","149,345",398,"2,670","5,260",310,13.46,"800,698","2,685","2,675","21,465",-4.87,2.48,"2,690","107,366","13,405",207,9.31,0.98,"2,660","55,572","197,376",626,198,0.64,N/A,3.49
402,삼양사,"50,800",하락,500,-0.97%,"5,000","2,186",110,"50,600","5,239","1,335",4.70,"30,921","50,800","50,700","33,199",17.95,7.53,"51,000",861,"13,722","1,364",5.05,4.18,"50,500","1,951","10,313","26,718","10,808",0.29,"1,750",0.77
403,KCC글라스,"32,800",하락,100,-0.30%,"1,000","5,587",183,"32,950","5,238",572,31.48,"27,979","32,950","33,050","24,943",-39.82,2.48,"33,100","6,974","10,054",370,9.23,1.57,"32,650","3,060","15,971","19,033","1,042",0.36,"1,800",13.29
404,KODEX 200타겟위클리커버드콜,"10,620",상승,15,+0.14%,0,"280,726","2,985","10,640","5,236",N/A,N/A,"1,377,055","10,645","10,650",N/A,N/A,N/A,"10,670","423,526",N/A,N/A,0.23,N/A,"10,600","340,870","49,300",N/A,N/A,N/A,N/A,N/A
405,LF,"17,900",보합,0,0.00%,"5,000","5,432",97,"17,920","5,234","1,261",6.86,"111,338","17,920","17,950","29,150",119.84,4.87,"17,960",592,"11,422",906,13.29,3.20,"17,710","1,565","29,240","19,563","2,610",0.31,700,2.92
406,바이오노트,"5,120",하락,30,-0.58%,500,"4,867",24,"5,130","5,225",122,12.34,"63,699","5,150","5,140","16,972",125.97,3.46,"5,150","8,221",614,553,0.49,3.36,"5,100","1,585","102,056","1,028",415,0.32,200,14.10
407,KB KIS CD금리투자 ETN,"52,105",보합,0,0.00%,0,23,1,"52,100","5,210",N/A,N/A,0,"52,105","52,105",N/A,N/A,N/A,"52,105","50,000",N/A,N/A,0.00,N/A,"52,105","50,000","10,000",N/A,N/A,N/A,N/A,N/A
408,롯데손해보험,"1,672",상승,4,+0.24%,"1,000","42,487",70,"1,663","5,189",311,-98.35,"286,189","1,670","1,667","155,415",-91.73,2.31,"1,677","22,535","147,472",242,1.25,0.16,"1,657","3,214","310,336","31,515",-17,1.02,N/A,23.15
409,애경케미칼,"10,510",상승,530,+5.31%,500,"335,513","3,594","10,630","5,113",155,108.35,"178,037","13,155","13,120",N/A,N/A,N/A,"13,155","7,468",N/A,N/A,0.13,N/A,"13,090","9,376","38,900",N/A,N/A,N/A,N/A,N/A
410,TIGER 인도니프티50,"13,100",하락,85,-0.64%,0,"23,777",311,"13,110","5,096",N/A,N/A,"241,158","10,810","10,640","13,564",-65.69,0.54,"10,960","13,053","6,155",85,0.00,0.64,"10,430","1,799","48,649","16,422",97,0.70,281,-8.45
411,코오롱,"40,300",하락,"1,600",-3.82%,"5,000","76,686","3,122","40,950","5,088",-896,3.53,"1,567,911","41,200","41,050","70,405",-190.15,12.49,"42,100","1,541","46,926","1,576",4.82,2.57,"39,800",866,"12,626","60,284","11,430",0.33,550,2.55
412,퍼시스,"44,200",하락,100,-0.23%,"1,000",150,6,"44,050","5,083",215,15.35,309,"44,000","44,450","6,439",-39.05,8.64,"44,550",79,699,477,19.95,7.69,"43,800",162,"11,500","3,857","2,879",0.70,"1,200",6.28
413,TIGER 미국달러단기채권액티브,"12,515",하락,85,-0.67%,0,"12,998",162,"12,515","5,067",N/A,N/A,"153,566","12,575","12,525",N/A,N/A,N/A,"12,575","100,130",N/A,N/A,0.01,N/A,"12,500","58,693","40,490",N/A,N/A,N/A,N/A,N/A
414,PI첨단소재,"17,240",하락,10,-0.06%,500,"26,356",456,"17,360","5,063",349,18.11,"90,402","17,310","17,380","5,275",987.07,7.16,"17,480",506,"1,896",234,9.25,4.47,"17,120","1,222","29,366","2,513",952,1.52,350,15.46
415,대신증권우,"19,430",하락,200,-1.02%,"5,000","19,262",374,"19,400","5,052",N/A,10.51,"76,670","19,630","19,420",N/A,N/A,N/A,"19,630","1,798",N/A,N/A,13.87,N/A,"19,350","1,831","26,000",N/A,"1,848",0.42,N/A,N/A
416,한국금융지주우,"86,100",하락,200,-0.23%,"5,000","4,312",371,"85,700","5,044",N/A,4.58,"34,924","86,700","86,000",N/A,N/A,N/A,"86,700",895,N/A,N/A,14.18,N/A,"85,400","1,448","5,858",N/A,"18,792",0.51,N/A,N/A
417,TIGER 우량회사채액티브,"116,990",하락,85,-0.07%,0,"2,885",337,"116,970","5,027",N/A,N/A,"11,045","116,980","116,985",N/A,N/A,N/A,"117,000","14,068",N/A,N/A,0.00,N/A,"116,950","14,062","4,297",N/A,N/A,N/A,N/A,N/A
418,HD현대에너지솔루션,"44,700",하락,300,-0.67%,"5,000","33,259","1,500","45,050","5,006",35,27.16,"153,386","45,000","45,150","4,538",-80.03,0.03,"46,000","3,715",841,1,3.66,0.02,"44,400","2,009","11,200","4,224","1,646",1.36,N/A,-22.66
419,엠씨넥스,"27,750",하락,150,-0.54%,500,"8,411",233,"27,850","4,989",444,7.36,"57,306","27,900","27,900","5,741",143.55,18.28,"27,950","2,515","2,019",636,12.34,11.46,"27,550","2,554","17,978","10,571","3,768",1.24,800,13.36
420,OCI,"55,500",상승,600,+1.09%,"5,000","8,560",477,"55,800","4,969","1,105",11.71,"38,348","55,500","55,900","22,830",N/A,N/A,"56,400","1,548","10,414",897,6.54,N/A,"55,100","2,486","8,952","22,153","4,741",0.42,"2,200",N/A
421,TIMEFOLIO 글로벌AI인공지능액티브,"28,530",하락,200,-0.70%,0,"33,638",960,"28,585","4,959",N/A,N/A,"527,157","28,730","28,590",N/A,N/A,N/A,"28,740",883,N/A,N/A,0.49,N/A,"28,507","62,816","17,380",N/A,N/A,N/A,N/A,N/A
422,SBS,"26,700",하락,350,-1.29%,"5,000","8,492",228,"26,950","4,953",-192,35.36,"146,434","27,350","27,050","15,124",-132.90,3.80,"27,400","1,628","6,059",338,0.00,2.36,"26,550","3,235","18,551","10,467",755,0.55,N/A,5.01
423,아모레퍼시픽우,"46,750",상승,"2,900",+6.61%,500,"28,233","1,308","46,150","4,936",N/A,5.16,"27,550","45,000","46,250",N/A,N/A,N/A,"47,000",422,N/A,N/A,46.85,N/A,"45,000","1,980","10,558",N/A,"9,057",0.61,N/A,N/A
424,SPC삼립,"57,000",상승,"1,100",+1.97%,"5,000","6,270",354,"55,900","4,919",950,5.66,"45,884","56,100","56,100","12,408",3.53,19.25,"57,000","1,395","7,610",865,4.65,6.83,"55,400",544,"8,629","34,279","10,076",0.97,"1,800",-0.16
425,TIGER 테슬라채권혼합Fn,"13,555",하락,30,-0.22%,0,"62,851",851,"13,550","4,907",N/A,N/A,"280,156","13,585","13,560",N/A,N/A,N/A,"13,585","9,761",N/A,N/A,0.61,N/A,"13,535","42,602","36,200",N/A,N/A,N/A,N/A,N/A
426,고려제강,"18,120",하락,20,-0.11%,"1,000",321,5,"18,100","4,892",261,31.73,"11,544","18,000","18,120","26,090",-53.64,1.95,"18,120",324,"6,819",329,5.82,1.30,"18,000","1,035","27,000","17,396",571,0.27,324,-2.75
427,KODEX 미국AI전력핵심인프라,"14,275",하락,40,-0.28%,0,"99,955","1,428","14,280","4,861",N/A,N/A,"748,966","14,325","14,295",N/A,N/A,N/A,"14,370","65,087",N/A,N/A,0.64,N/A,"14,250","13,899","34,050",N/A,N/A,N/A,N/A,N/A
428,KODEX 자동차,"18,585",하락,30,-0.16%,0,"181,183","3,372","18,620","4,832",N/A,N/A,"287,831","18,665","18,645",N/A,N/A,N/A,"18,705","40,361",N/A,N/A,0.07,N/A,"18,475","30,823","26,000",N/A,N/A,N/A,N/A,N/A
429,TIGER 미국테크TOP10타겟커버드콜,"12,755",하락,35,-0.27%,0,"13,358",170,"12,765","4,809",N/A,N/A,"201,722","12,790","12,770",N/A,N/A,N/A,"12,790","116,803",N/A,N/A,0.02,N/A,"12,750","141,672","37,700",N/A,N/A,N/A,N/A,N/A
430,신도리코,"47,700",하락,600,-1.24%,"5,000","2,047",97,"47,850","4,808",202,7.37,"6,893","48,300","47,950","11,436",-33.06,7.12,"48,600",488,793,732,11.68,6.59,"47,500",263,"10,080","3,410","6,476",0.39,"1,500",-15.29
431,흥아해운,"1,989",하락,111,-5.29%,500,"1,273,823","2,557","2,025","4,782",275,12.51,"7,956,955","2,035","2,030","4,436",12.12,20.08,"2,035","71,813","2,095",400,1.76,10.39,"1,989","334,839","240,425","1,880",159,2.07,N/A,14.07
432,TIGER 미국달러SOFR금리액티브(합성),"56,840",하락,420,-0.73%,0,"4,798",273,"56,850","4,776",N/A,N/A,"20,297","57,120","56,855",N/A,N/A,N/A,"57,120","18,156",N/A,N/A,0.00,N/A,"56,815","27,724","8,402",N/A,N/A,N/A,N/A,N/A
433,진에어,"9,140",상승,60,+0.66%,"1,000","11,749",107,"9,110","4,771","1,631",6.52,"77,227","9,140","9,130","12,271",-10.46,51.15,"9,160","2,358","9,959",957,4.06,8.78,"9,070","2,871","52,200","14,613","1,401",1.70,N/A,14.41
434,한전산업,"14,480",하락,770,-5.05%,500,"376,895","5,533","14,580","4,720",161,41.14,"1,569,575","15,260","14,600","2,200",-38.00,10.59,"15,270","11,741","1,044",116,1.68,5.49,"14,280","4,060","32,600","3,675",352,4.31,367,1.17
435,YG PLUS,"7,410",하락,60,-0.80%,500,"240,860","1,791","7,450","4,700",-7,58.35,"4,040,867","7,470","7,460","2,378",-103.45,0.73,"7,530","30,702",686,20,4.78,0.86,"7,370","10,001","63,429","1,849",127,2.76,N/A,-17.32
436,KODEX 미국반도체,"24,590",하락,20,-0.08%,0,"6,396",157,"24,590","4,697",N/A,N/A,"234,348","24,610","24,595",N/A,N/A,N/A,"24,630","11,127",N/A,N/A,0.68,N/A,"24,540","31,772","19,100",N/A,N/A,N/A,N/A,N/A
437,ACE 200,"40,310",상승,40,+0.10%,0,"301,201","12,153","40,410","4,696",N/A,N/A,"364,663","40,410","40,425",N/A,N/A,N/A,"40,505","41,843",N/A,N/A,11.26,N/A,"40,240","36,205","11,650",N/A,N/A,N/A,N/A,N/A
438,애경산업,"17,730",상승,"2,030",+12.93%,"1,000","422,460","7,573","17,690","4,682",468,13.74,"60,421","18,020","17,700","4,994",-24.40,10.81,"18,440","3,039",987,425,2.84,8.66,"17,480","3,742","26,410","6,791","1,290",1.14,580,1.53
439,KODEX 코스피,"30,365",상승,15,+0.05%,0,"42,137","1,282","30,445","4,676",N/A,N/A,"421,385","30,485","30,465",N/A,N/A,N/A,"30,520","51,265",N/A,N/A,0.49,N/A,"30,305","41,386","15,400",N/A,N/A,N/A,N/A,N/A
440,풀무원,"12,250",상승,110,+0.91%,500,"7,147",87,"12,170","4,670",918,14.94,"62,850","12,290","12,220","23,312",48.16,11.40,"12,290","2,838","17,477",344,3.04,1.53,"12,160","1,037","38,121","32,137",820,1.52,102,7.36
441,NICE,"12,530",하락,60,-0.48%,500,"8,364",104,"12,520","4,652","1,743",9.51,"54,417","12,590","12,530","35,219",79.68,6.27,"12,590","3,598","21,291","1,009",10.89,2.88,"12,430","3,340","37,128","30,383","1,317",0.59,500,7.78
442,DS단석,"26,450",하락,150,-0.56%,500,"11,992",319,"26,650","4,651",122,-84.24,"155,333","26,800","26,700","7,358",-84.01,-3.29,"26,800","3,472","4,528",-103,2.04,-1.42,"26,450","4,458","17,584","9,617",-314,1.63,N/A,-10.16
443,신세계인터내셔날,"13,150",상승,520,+4.12%,"1,000","441,991","5,676","12,710","4,648",268,19.11,"5,629,624","12,420","12,720","13,331",-44.93,3.85,"13,240","14,062","4,866",327,4.23,2.46,"12,420","2,690","35,343","13,086",688,0.55,400,-3.37
444,KIWOOM 종합채권(AA-이상)액티브,"108,785",하락,205,-0.19%,0,4,0,"108,800","4,647",N/A,N/A,40,"108,875","108,875",N/A,N/A,N/A,"108,875","12,002",N/A,N/A,0.00,N/A,"108,785","12,000","4,272",N/A,N/A,N/A,N/A,N/A
445,PLUS 머니마켓액티브,"52,330",보합,0,0.00%,0,"3,488",182,"52,325","4,642",N/A,N/A,"26,340","52,330","52,330",N/A,N/A,N/A,"52,330","65,105",N/A,N/A,0.00,N/A,"52,325","44,315","8,870",N/A,N/A,N/A,N/A,N/A
446,화승엔터프라이즈,"7,610",하락,30,-0.39%,500,"37,679",287,"7,630","4,611",826,13.23,"110,747","7,640","7,640","15,376",537.00,6.38,"7,780","5,248","9,739",344,6.22,2.37,"7,560","4,344","60,589","16,096",575,0.90,45,32.61
447,동국제강,"9,210",하락,60,-0.65%,"5,000","6,367",58,"9,200","4,569","1,025",56.16,"108,087","9,270","9,240","31,940",-56.49,2.04,"9,280","8,437","14,922",348,26.85,1.04,"9,190","3,467","49,608","35,275",164,0.27,600,34.02
448,디아이,"16,130",하락,90,-0.55%,500,"32,714",531,"16,310","4,565",31,58.44,"319,230","16,290","16,330","3,196",-49.81,0.72,"16,410","1,658","1,519",28,7.47,0.92,"16,080","1,748","28,300","2,140",276,2.69,100,-0.27
449,현대차증권,"7,360",하락,60,-0.81%,"5,000","94,658",696,"7,340","4,551",547,7.47,"336,460","7,480","7,350","119,920",-16.08,2.80,"7,480","16,673","106,899",362,4.12,0.31,"7,310","49,227","61,833","17,956",985,0.35,153,13.49
450,아세아시멘트,"12,130",상승,150,+1.25%,500,"5,691",68,"12,080","4,530","1,408",7.10,"56,094","11,980","12,100","21,954",-4.18,7.65,"12,130","1,227","10,890",801,6.31,3.71,"11,970","1,827","37,347","11,103","1,709",0.41,260,-7.51
451,스틱인베스트먼트,"10,760",하락,80,-0.74%,500,"14,449",154,"10,740","4,485",134,-125.12,"191,160","10,940","10,760","2,647",-59.46,3.72,"10,940","4,016",159,93,26.92,3.40,"10,650","2,000","41,678",795,-86,1.65,250,-15.25
452,KODEX 국고채10년액티브,"113,275",하락,285,-0.25%,0,"1,955",221,"113,420","4,479",N/A,N/A,"56,831","113,480","113,440",N/A,N/A,N/A,"113,505","45,003",N/A,N/A,0.01,N/A,"113,275","55,001","3,954",N/A,N/A,N/A,N/A,N/A
453,KODEX 미국나스닥100(H),"16,845",상승,40,+0.24%,0,"48,580",817,"16,845","4,447",N/A,N/A,"179,449","16,825","16,855",N/A,N/A,N/A,"16,855","90,693",N/A,N/A,0.39,N/A,"16,820","77,860","26,400",N/A,N/A,N/A,N/A,N/A
454,RISE 미국30년국채엔화노출(합성 H),"8,255",하락,25,-0.30%,0,"83,840",692,"8,240","4,445",N/A,N/A,"630,895","8,290","8,245",N/A,N/A,N/A,"8,290","182,619",N/A,N/A,0.01,N/A,"8,240","186,603","53,850",N/A,N/A,N/A,N/A,N/A
455,동아에스티,"47,250",하락,100,-0.21%,"5,000","1,281",60,"47,500","4,419",-250,-555.88,"18,652","47,400","47,650","13,917",-323.66,-0.18,"47,950",660,"6,829",-232,17.81,-1.74,"47,050","1,353","9,353","6,979",-85,0.66,785,5.10
456,명신산업,"8,390",상승,50,+0.60%,500,"28,064",234,"8,350","4,402","1,481",4.10,"172,399","8,340","8,360","12,103",-28.83,20.95,"13,420","1,552","4,480",-310,0.99,-4.73,"13,350","1,427","32,842","4,318",-542,2.42,N/A,8.36
457,쏘카,"13,360",하락,30,-0.22%,100,958,12,"13,370","4,388",-98,-24.65,"8,049","13,390","13,440","6,315",-1.14,-15.69,"8,440","2,470","5,128","1,291",7.63,11.45,"8,230","3,808","52,470","15,738","2,048",0.62,150,-9.49
458,비에이치,"12,700",하락,40,-0.31%,500,"34,392",437,"12,790","4,377",871,16.06,"245,646","12,760","12,800","13,199",2.67,9.90,"12,850","3,894","5,790",776,10.73,6.44,"12,640","2,165","34,464","17,544",791,0.58,250,10.20
459,KODEX 인도Nifty50,"13,450",하락,20,-0.15%,0,"15,111",203,"13,430","4,358",N/A,N/A,"142,305","13,495","13,440",N/A,N/A,N/A,"13,495","5,348",N/A,N/A,0.04,N/A,"13,400","19,664","32,400",N/A,N/A,N/A,N/A,N/A
460,TIGER 미국S&P500(H),"14,200",상승,15,+0.11%,0,"8,877",126,"14,200","4,345",N/A,N/A,"309,647","14,195","14,210",N/A,N/A,N/A,"14,210","60,296",N/A,N/A,0.11,N/A,"14,180","58,454","30,600",N/A,N/A,N/A,N/A,N/A
461,부국증권,"41,900",상승,250,+0.60%,"5,000","3,758",156,"41,200","4,345",367,17.44,"20,967","42,050","41,250","16,514",-46.93,4.05,"2,025","58,560","14,802",-659,1.09,-4.63,"2,000","43,822","215,379","15,368",-736,12.79,N/A,13.94
462,티웨이항공,"2,015",보합,0,0.00%,500,"63,865",128,"2,015","4,340",-123,-2.74,"238,321","2,020","2,020","15,624",-108.80,-55.03,"42,050","1,347","8,811",310,1.46,1.81,"41,100","1,128","10,370","7,792","2,402",0.48,"1,500",-4.40
463,RISE KIS국고채30년Enhanced,"80,420",하락,630,-0.78%,0,"4,833",389,"80,600","4,327",N/A,N/A,"10,108","81,050","80,645",N/A,N/A,N/A,"81,050","18,098",N/A,N/A,0.02,N/A,"80,305","18,100","5,381",N/A,N/A,N/A,N/A,N/A
464,해성디에스,"25,400",하락,350,-1.36%,"5,000","12,692",324,"25,600","4,318",569,10.85,"143,471","25,550","25,700","7,942",-44.52,10.96,"25,950","5,639","2,379",587,8.62,7.92,"25,400","1,099","17,000","6,030","2,340",0.79,800,-10.30
465,TIGER 27-04회사채(A+이상)액티브,"53,295",하락,5,-0.01%,0,"1,965",104,"53,285","4,312",N/A,N/A,"37,458","53,300","53,295",N/A,N/A,N/A,"53,305","109,020",N/A,N/A,0.00,N/A,"53,285","114,195","8,090",N/A,N/A,N/A,N/A,N/A
466,한세실업,"10,750",상승,170,+1.61%,500,"55,445",594,"10,700","4,300","1,422",8.70,"112,926","10,630","10,710","14,245",-15.47,8.58,"10,800","5,000","7,149",584,3.84,4.39,"10,610","4,114","40,000","17,978","1,235",0.61,500,5.21
467,드림텍,"6,160",보합,0,0.00%,100,"16,852",103,"6,190","4,244",236,-362.35,"201,739","6,170","6,200","9,081",-30.82,0.95,"6,210","2,355","3,930",127,57.21,1.50,"6,110","4,267","68,890","11,727",-17,1.06,"7,000",N/A
468,세아제강,"149,500",하락,"1,200",-0.80%,"5,000","2,101",314,"150,400","4,240","2,029",3.47,"12,039","151,000","150,500","18,238",N/A,N/A,"151,100",672,"7,113","1,371",9.30,N/A,"148,800",937,"2,836","18,094","43,046",0.38,200,13.81
469,세아홀딩스,"105,600",상승,"1,800",+1.73%,"5,000",60,6,"103,300","4,224",992,13.18,502,"103,600","106,300","61,055",-50.60,1.53,"106,300",77,"29,554",342,1.17,0.58,"103,500",157,"4,000","60,168","8,013",0.19,"4,000",-6.27
470,더본코리아,"28,650",상승,200,+0.70%,500,"14,947",429,"28,850","4,222",360,11.06,"34,707","28,800","28,900","3,527",40.75,15.52,"28,950","1,939",851,310,1.35,11.05,"28,550","5,360","14,737","4,642","2,591",1.56,300,13.03
471,TIGER 2차전지소재Fn,"3,390",상승,65,+1.95%,0,"1,375,347","4,659","3,370","4,182",N/A,N/A,"3,165,537","3,335","3,375",N/A,N/A,N/A,"3,430","204,823",N/A,N/A,0.54,N/A,"3,300","253,859","123,350",N/A,N/A,N/A,N/A,N/A
472,코람코라이프인프라리츠,"4,295",하락,5,-0.12%,500,"22,426",96,"4,275","4,181",356,11.10,"375,966","4,335","4,300","12,792",96.73,4.96,"4,335","8,231","7,776",238,1.36,1.87,"4,265","3,946","97,335",485,387,0.87,418,54.05
473,PLUS 종합채권(AA-이상)액티브,"115,490",보합,0,0.00%,0,0,0,"115,240","4,180",N/A,N/A,10,"115,490","115,320",N/A,N/A,N/A,"115,490","8,002",N/A,N/A,0.00,N/A,"115,490","8,000","3,619",N/A,N/A,N/A,N/A,N/A
474,KODEX 미국배당커버드콜액티브,"11,155",하락,50,-0.45%,0,"97,826","1,092","11,210","4,166",N/A,N/A,"415,591","11,205","11,215",N/A,N/A,N/A,"11,220","7,590",N/A,N/A,0.01,N/A,"11,145","91,441","37,350",N/A,N/A,N/A,N/A,N/A
475,두산2우B,"466,500",하락,"26,500",-5.38%,"5,000","2,868","1,346","467,500","4,166",N/A,-48.14,"9,899","492,500","468,000",N/A,N/A,N/A,"492,500",135,N/A,N/A,1.95,N/A,"461,000",192,893,N/A,"-9,690",5.56,N/A,N/A
476,TCC스틸,"15,800",상승,70,+0.45%,"1,000","14,731",232,"15,820","4,142",123,19.29,"120,970","15,760","15,930","5,740",9.08,8.30,"15,940","1,281","3,149",202,7.66,3.57,"15,640",680,"26,214","5,821",819,1.65,100,-6.78
477,TIGER 은행고배당플러스TOP10,"17,500",상승,85,+0.49%,0,"319,003","5,580","17,475","4,121",N/A,N/A,"989,822","17,415","17,490",N/A,N/A,N/A,"17,550","82,375",N/A,N/A,0.21,N/A,"17,405","96,045","23,550",N/A,N/A,N/A,N/A,N/A
478,조광피혁,"61,600",하락,400,-0.65%,"5,000",110,6,"62,000","4,096",72,35.20,"5,661","62,000","62,100","6,188",13.90,2.58,"62,100",556,754,126,0.53,2.24,"61,400",72,"6,649",902,"1,750",0.38,N/A,-28.70
479,영진약품,"2,225",하락,15,-0.67%,500,"214,694",475,"2,215","4,069",87,-222.50,"4,750,330","2,235","2,220","2,343",179.79,1.37,"2,235","45,814","1,445",12,2.91,0.54,"2,200","29,900","182,893","2,520",-10,4.48,N/A,7.30
480,남양유업,"66,200",상승,300,+0.46%,500,"1,495",99,"66,500","4,059",-98,83.69,"7,412","65,900","66,600","7,242",86.28,0.04,"66,900",515,924,2,7.37,0.03,"65,800",648,"6,131","9,528",791,0.86,100,-4.41
481,BGF,"4,225",하락,60,-1.40%,"1,000","38,489",163,"4,260","4,044",552,4.65,"87,789","4,285","4,265","23,010",-8.82,5.43,"4,285","15,614","3,199",948,2.30,4.24,"4,200","11,379","95,717","4,341",909,0.23,130,21.80
482,삼성FN리츠,"4,410",하락,30,-0.68%,500,"6,246",27,"4,435","4,015",78,152.07,"183,645","4,440","4,440","8,768",24.55,0.66,"4,465","12,762","4,607",26,0.21,0.32,"4,410","9,083","91,050",115,29,0.97,73,23.01
483,맵스리얼티1,"4,295",하락,40,-0.92%,0,"9,654",41,"4,305","3,987",N/A,N/A,"183,524","4,335","4,335",N/A,N/A,N/A,"4,345","18,691",N/A,N/A,2.67,N/A,"4,295","9,951","92,834",N/A,N/A,N/A,N/A,N/A
484,KODEX 미국AI테크TOP10타겟커버드콜,"10,420",하락,30,-0.29%,0,"19,995",208,"10,420","3,980",N/A,N/A,"386,101","10,410","10,430",N/A,N/A,N/A,"10,435","185,488",N/A,N/A,0.01,N/A,"10,405","173,270","38,200",N/A,N/A,N/A,N/A,N/A
485,수산인더스트리,"27,700",하락,"2,000",-6.73%,200,"146,692","4,176","28,300","3,957",435,10.09,"366,536","30,350","28,400","6,238",-13.40,7.77,"30,350","7,081","1,054",394,2.17,6.41,"27,100","1,870","14,286","3,168","2,745",0.76,800,-2.45
486,대상홀딩스,"10,840",상승,40,+0.37%,"1,000","39,288",425,"10,860","3,925","1,840",31.06,"229,684","10,770","10,880","44,186",60.56,2.70,"10,890","7,122","27,476",799,7.55,1.86,"10,760","2,682","36,213","53,579",349,0.53,270,1.87
487,한섬,"17,400",상승,150,+0.87%,500,"18,081",314,"17,350","3,904",635,10.42,"72,988","17,260","17,360","17,462",-36.83,3.19,"17,480",936,"3,401",433,22.45,2.50,"17,170","1,588","22,438","14,853","1,670",0.27,750,-2.84
488,남해화학,"7,830",상승,20,+0.26%,"1,000","39,200",307,"7,860","3,890",363,15.72,"125,884","7,880","7,870","7,738",228.08,4.84,"7,900","4,153","2,391",215,3.26,2.68,"7,790","4,392","49,679","15,191",498,0.70,80,-4.34
489,HANARO 200,"40,190",상승,20,+0.05%,0,"56,450","2,271","40,295","3,878",N/A,N/A,"98,496","40,235","40,315",N/A,N/A,N/A,"40,320","55,430",N/A,N/A,20.95,N/A,"40,155","70,478","9,650",N/A,N/A,N/A,N/A,N/A
490,사조대림,"42,300",하락,600,-1.40%,"5,000","2,393",101,"42,350","3,877","1,330",5.50,"16,753","42,850","42,450","21,236",3.41,14.27,"42,950",976,"12,850",958,2.57,5.66,"42,000",354,"9,164","26,430","7,690",0.52,300,28.11
491,롯데이노베이트,"25,600",하락,"1,100",-4.12%,"5,000","43,875","1,129","25,750","3,873",257,35.61,"791,159","26,300","25,800","9,506",-54.83,3.07,"26,400","5,170","5,008",72,1.64,0.76,"25,350","1,610","15,129","11,804",719,0.93,700,-1.37
492,HL홀딩스,"41,100",하락,600,-1.44%,"5,000",857,35,"41,150","3,865",904,-19.66,"18,671","41,700","41,200","23,708",-1.88,1.91,"41,700",661,"13,062",198,10.03,0.85,"41,000",900,"9,404","13,711","-2,091",0.37,"2,000",6.66
493,제주은행,"10,200",하락,100,-0.97%,"5,000","54,885",565,"10,340","3,855",114,36.56,"423,907","10,430","10,380","74,448",335.46,1.85,"16,800","2,486","2,538",400,4.84,3.53,"16,450",784,"23,414","12,245","1,552",0.35,500,-15.42
494,대한제강,"16,460",하락,340,-2.02%,"1,000","2,206",36,"16,530","3,854",103,10.61,"20,301","16,800","16,640","11,498",-90.62,4.91,"10,450","6,582","68,547",104,1.98,0.14,"10,100","2,840","37,799","3,797",279,0.55,100,2.30
495,KIWOOM 200,"40,030",상승,40,+0.10%,0,"108,259","4,338","40,145","3,843",N/A,N/A,"383,020","40,135","40,160",N/A,N/A,N/A,"40,250","163,243",N/A,N/A,0.00,N/A,"39,985","106,602","9,600",N/A,N/A,N/A,N/A,N/A
496,농심홀딩스,"82,700",하락,800,-0.96%,"5,000","2,563",212,"82,900","3,835",866,5.82,"8,381","83,500","83,100","16,115",15.04,6.39,"83,500",800,"3,940",749,2.52,4.80,"82,500",552,"4,638","7,983","14,201",0.31,"2,500",3.74
497,TIGER 미국나스닥100커버드콜(합성),"9,865",하락,5,-0.05%,0,"13,500",133,"9,850","3,823",N/A,N/A,"84,831","9,895","9,860",N/A,N/A,N/A,"9,895","74,916",N/A,N/A,0.02,N/A,"9,845","110,508","38,750",N/A,N/A,N/A,N/A,N/A
498,엘브이엠씨홀딩스,"1,971",상승,83,+4.40%,0,"410,138",799,"1,969","3,809",164,103.74,"341,007","1,900","1,977","7,388",205.09,0.28,"1,977","20,089","2,678",42,11.31,0.61,"1,888","17,961","193,240","2,957",19,0.74,0,13.53
499,KB스타리츠,"3,740",하락,50,-1.32%,500,"63,709",239,"3,775","3,793",266,-28.99,"258,778","3,790","3,780","10,667",-50.14,4.54,"3,790","16,994","6,842",190,0.31,1.81,"3,735","1,869","101,414",382,-129,1.09,N/A,N/A
500,RISE 200위클리커버드콜,"9,060",상승,25,+0.28%,0,"266,787","2,416","9,065","3,792",N/A,N/A,"956,961","9,055","9,070",N/A,N/A,N/A,"9,082","146,096",N/A,N/A,0.18,N/A,"9,035","202,475","41,850",N/A,N/A,N/A,180,-41.46
