N,종목명,현재가,전일비변동,전일비,등락률,액면가,거래량,거래대금,매수호가,시가총액,영업이익,PER,전일거래량,시가,매도호가,자산총계,영업이익증가율,ROE,고가,매수총잔량,부채총계,당기순이익,외국인비율,ROA,저가,매도총잔량,상장주식수,매출액,주당순이익,PBR,보통주배당금,매출액증가율
1,알테오젠,"405,000",하락,500,-0.12%,500,"32,373","13,118","407,500","216,533",254,173.30,"406,893","405,500","408,000","4,090",360.91,29.52,"408,000",824,"1,349",607,14.99,18.25,"403,000",101,"53,465","1,029","2,337",59.08,0,6.56
2,에코프로비엠,"90,400",상승,400,+0.44%,500,"37,981","3,428","89,900","88,412",-341,-95.26,"242,857","91,000","90,100","43,237",-121.86,-6.26,"91,500",229,"23,466",-585,11.65,-1.35,"89,200",129,"97,801","27,668",-949,5.22,N/A,-59.91
3,HLB,"50,700",하락,300,-0.59%,500,"48,170","2,432","51,000","66,633","-1,185",-35.28,"620,455","50,400","51,100","8,874",5.21,-16.33,"50,900",323,"2,353","-1,080",20.75,-13.22,"50,300",455,"131,425",681,"-1,437",12.94,0,58.80
4,에코프로,"42,150",상승,50,+0.12%,100,"65,822","2,772","42,100","57,230","-2,930",-32.62,"452,980","42,350","42,150","81,383",-198.28,-12.57,"42,750",495,"42,998","-2,954",21.00,-3.76,"41,700",262,"135,776","31,279","-1,292",3.60,100,-56.92
5,레인보우로보틱스,"277,500",상승,"1,000",+0.36%,500,"11,706","3,252","278,000","53,835",-30,"6,768.29","104,456","280,000","278,500","1,399",93.32,1.62,"281,500",41,71,21,7.47,1.57,"274,000",43,"19,400",193,41,40.72,N/A,26.80
6,파마리서치,"434,000",하락,"24,000",-5.24%,500,"35,121","15,286","451,000","45,612","1,261",43.14,"50,713","376,000","378,500","9,394",41.13,17.51,"377,000",26,986,"1,431",55.29,15.32,"364,500",20,"12,304","3,730","11,517",4.72,0,16.69
7,휴젤,"368,000",상승,500,+0.14%,500,"5,743","2,130","368,000","45,279","1,662",31.95,"502,787","444,500","452,000","8,557",36.63,18.93,"446,000",62,"2,863",889,17.10,12.79,"427,500",19,"10,510","3,501","10,061",8.77,"1,100",34.14
8,펩트론,"184,200",하락,"3,300",-1.76%,500,"17,923","3,320","188,300","42,914",-165,-186.63,"223,143","186,100","188,900","1,689",-4.05,-23.46,"186,900",4,172,-220,5.81,-19.91,"184,000",137,"23,297",32,-987,28.83,N/A,-5.68
9,리가켐바이오,"112,700",하락,"1,800",-1.57%,500,"20,722","2,343","112,500","41,260",-209,165.74,"442,218","113,700","114,300","7,384",74.12,2.04,"114,200","1,042","1,224",78,11.16,1.68,"112,400",114,"36,610","1,259",680,7.00,N/A,268.71
10,삼천당제약,"169,900",상승,"7,900",+4.88%,500,"54,780","9,323","162,600","39,854",26,-343.93,"154,427","168,300","162,900","5,198",-72.36,-4.49,"172,300",128,"1,704",-51,2.62,-1.10,"167,400","1,636","23,457","2,109",-494,15.08,200,9.48
11,클래시스,"60,100",하락,500,-0.83%,100,"22,586","1,362","61,100","39,369","1,224",38.30,"286,205","60,200","61,200","6,084",36.62,26.54,"60,900",422,"1,557",975,72.17,19.83,"59,800",69,"65,506","2,429","1,569",8.41,257,34.87
12,리노공업,"49,600",상승,"1,400",+2.90%,100,"131,019","6,447","49,450","37,801","1,242",30.98,"556,080","49,650","49,500","6,574",8.59,19.21,"50,100",203,348,"1,133",35.36,18.27,"48,200",59,"76,212","2,782","1,601",6.21,600,8.85
13,에이비엘바이오,"73,500",하락,500,-0.68%,500,"55,617","4,101","74,400","35,668",-594,-53.61,"730,836","74,500","74,500","2,320","-2,168.82",-46.01,"74,600",376,647,-555,13.87,-28.32,"72,900",212,"48,528",334,"-1,371",27.91,N/A,-49.04
14,코오롱티슈진,"41,500",상승,150,+0.36%,0,"76,030","3,203","41,500","33,864",-220,-91.41,"634,856","41,850","41,600","2,223",-7.28,-25.91,"42,550",378,764,-338,3.98,-18.92,"41,350",5,"81,601",51,-454,18.42,0,36.90
15,실리콘투,"54,500",하락,100,-0.18%,500,"87,011","4,730","53,600","33,339","1,376",24.81,"998,876","54,400","54,000","4,578",187.76,60.90,"55,000","4,130","1,962","1,207",7.60,35.88,"53,800",200,"61,172","6,915","2,197",10.92,N/A,101.69
16,에스엠,"134,600",하락,900,-0.66%,500,"9,579","1,291","135,500","30,816",873,12.37,"131,393","135,300","136,600","14,191",-23.06,2.64,"135,900",69,"5,900",8,25.56,0.06,"134,000",20,"22,895","9,897","10,881",3.39,400,2.98
17,젬백스,"68,600",하락,300,-0.44%,500,"27,078","1,828","67,100","28,405",-383,-44.57,"219,169","66,700","67,900","1,507",-387.24,-127.30,"68,800",217,"1,217",-872,6.26,-61.01,"66,400",28,"41,406",627,"-1,539",67.17,0,-13.18
18,JYP Ent.,"76,200",상승,100,+0.13%,500,"25,764","1,965","76,100","27,076","1,283",19.99,"317,685","76,600","76,200","6,788",-24.30,22.41,"77,000",193,"1,959",977,22.42,15.63,"75,700",76,"35,532","6,018","3,811",4.74,534,6.23
19,펄어비스,"40,500",상승,"1,500",+3.85%,100,"48,125","1,925","39,000","26,020",-123,54.14,"96,989","39,150","39,100","11,428",24.82,7.88,"40,600","8,050","3,368",603,7.38,5.12,"39,150",585,"64,248","3,424",748,3.08,N/A,2.67
20,HPSP,"28,600",상승,400,+1.42%,500,"56,758","1,608","28,150","23,881",939,29.67,"531,928","28,500","28,200","3,199",-1.32,31.09,"28,600","1,561",420,863,21.98,26.94,"28,050",90,"83,499","1,814",964,9.35,600,1.29
21,신성델타테크,"79,200",하락,"3,000",-3.65%,500,"43,921","3,490","80,500","21,767",272,"-1,721.74","562,218","80,600","80,600","7,741",-9.01,-0.48,"80,600",202,"4,568",74,6.88,1.02,"78,700",117,"27,484","9,097",-46,10.27,120,9.12
22,셀트리온제약,"49,800",하락,300,-0.60%,500,"7,224",360,"48,500","21,752",372,79.43,"52,240","49,950","49,800","6,695",3.19,5.68,"50,100",117,"2,725",220,4.59,3.35,"49,750",9,"43,679","4,778",627,5.38,24,22.90
23,파크시스템스,"267,000",상승,"1,000",+0.38%,500,"2,392",640,"268,500","18,663",385,33.88,"23,827","265,000","269,500","2,743",39.80,25.83,"271,000",77,864,428,32.93,17.99,"264,500","1,086","6,990","1,751","7,881",9.25,500,20.89
24,이오테크닉스,"149,700",상승,"2,500",+1.70%,500,"8,527","1,259","148,600","18,442",312,39.55,"67,990","149,000","149,300","6,530",0.84,7.43,"149,700",22,500,427,21.10,6.75,"146,000",262,"12,320","3,209","3,785",2.99,500,1.46
25,네이처셀,"27,700",하락,350,-1.25%,500,"68,214","1,885","27,850","17,849",6,"-9,233.33","373,611","27,900","27,950",720,105.82,1.95,"28,050",535,74,12,7.30,1.75,"27,250",29,"64,435",323,-3,28.07,0,67.09
26,보로노이,"95,500",하락,"1,700",-1.75%,500,"12,363","1,191","97,100","17,561",-179,-43.17,"103,623","97,100","97,300",640,-65.09,-96.66,"97,200",6,297,-199,3.87,-38.23,"94,900",312,"18,388",98,"-2,212",32.39,0,-33.93
27,씨젠,"32,950",상승,300,+0.92%,500,"72,124","2,351",0,"17,208",-165,161.52,"214,621","32,300","32,600","12,053",45.17,-2.03,"33,450",0,"2,238",-203,16.33,-1.65,"32,300","27,531","52,226","4,143",204,1.52,800,12.76
28,케어젠,"31,900",하락,100,-0.31%,100,"4,668",148,"32,000","17,135",342,54.91,"117,012","31,900","32,800","2,407",-15.18,14.35,"32,200",485,177,323,5.06,13.24,"31,550",29,"53,715",826,581,7.36,640,4.26
29,CJ ENM,"75,900",하락,700,-0.91%,"5,000","7,581",581,"74,000","16,644","1,045",-3.02,"92,141","76,900","76,500","93,166",815.59,-16.69,"77,400",697,"56,386","-5,808",17.04,-6.03,"75,900",3,"21,929","52,314","-25,100",0.58,N/A,19.76
30,와이지엔터테인먼트,"86,500",하락,700,-0.80%,500,"10,102",876,"87,400","16,168",-206,69.26,"147,374","87,300","87,500","7,343",-123.65,3.90,"87,400",78,"1,311",200,15.27,2.71,"86,100",8,"18,691","3,649","1,249",3.30,250,-35.88
31,에스티팜,"79,400",하락,500,-0.63%,500,"5,185",412,"80,600","16,001",277,53.32,"97,063","79,500","81,300","7,219",-17.36,7.82,"80,100",123,"2,189",325,6.07,4.65,"79,200","2,299","20,153","2,738","1,489",3.23,500,-3.94
32,스튜디오드래곤,"52,200",하락,300,-0.57%,500,"12,136",640,"52,800","15,691",364,100.19,"192,141","53,100","53,000","9,255",-34.86,4.63,"53,300",78,"1,859",335,13.19,3.32,"52,200",16,"30,058","5,501",521,2.12,N/A,-26.96
33,동진쎄미켐,"30,300",상승,450,+1.51%,500,"45,115","1,355","30,250","15,579","2,082",10.15,"308,208","30,200","30,300","20,170",18.19,17.17,"30,300","2,317","9,966","1,435",9.68,7.92,"29,750",95,"51,414","14,081","2,986",1.52,200,7.50
34,주성엔지니어링,"31,450",상승,250,+0.80%,500,"69,475","2,180","31,450","14,866",972,12.63,"285,405","31,600","31,550","9,868",235.88,19.76,"31,650","1,575","4,202","1,068",17.25,11.92,"31,100",76,"47,268","4,094","2,491",2.47,287,43.78
35,브이티,"40,350",하락,750,-1.82%,500,"55,121","2,231","41,200","14,444","1,109",13.85,"519,695","41,250","41,250","3,596",143.48,56.07,"41,300",403,"1,189","1,040",10.11,33.75,"40,000",894,"35,798","4,317","2,914",5.82,N/A,46.09
36,비에이치아이,"46,600",상승,"2,650",+6.03%,500,"177,885","8,344","47,450","14,420",219,64.72,"975,965","47,550","47,600","5,248",45.34,20.64,"47,600","5,084","4,083",196,16.84,4.12,"46,050",64,"30,944","4,047",720,11.59,N/A,10.16
37,카카오게임즈,"17,080",상승,10,+0.06%,100,"20,568",350,"17,010","14,154",191,-10.64,"262,321","17,070","17,060","31,732",-74.60,-7.96,"17,170",514,"16,949","-1,281",10.73,-3.86,"16,850",15,"82,866","6,272","-1,606",1.06,N/A,-13.58
38,디앤디파마텍,"129,800",상승,"2,800",+2.20%,500,"139,002","18,183","130,800","13,950",-250,-41.14,"1,244,407","130,500","131,000",975,-85.50,-49.03,"133,800",81,279,-295,4.10,-33.37,"125,700",14,"10,747",114,"-3,155",21.74,0,-38.77
39,지아이이노베이션,"21,200",하락,50,-0.24%,500,"52,487","1,100","21,350","13,062",-483,-19.65,"204,672","45,400","45,300","4,350",-60.30,-41.21,"45,400",42,"2,702",-824,8.82,-23.45,"44,600",108,"29,150",542,"-2,390",7.63,0,116.03
40,루닛,"44,800",하락,100,-0.22%,500,"15,247",685,"45,200","13,059",-677,-18.74,"901,887","21,000","21,500",458,9.46,-116.69,"21,350",319,167,-588,4.75,-92.49,"20,550",148,"61,614",0,"-1,079",10.43,0,-99.54
41,솔브레인,"167,300",상승,"1,100",+0.66%,500,"1,392",231,"166,500","13,014","1,679",12.56,"12,018","166,100","167,800","11,682",25.82,12.47,"168,000",14,"1,309","1,196",31.69,11.06,"165,000",4,"7,779","8,634","13,317",1.24,"2,300",2.29
42,디어유,"54,600",상승,"1,300",+2.44%,500,"26,434","1,433","53,700","12,961",254,62.76,"143,580","53,400","54,000","2,203",N/A,N/A,"55,100",99,243,244,6.17,N/A,"53,300",34,"23,738",749,870,6.58,215,N/A
43,테크윙,"34,300",상승,150,+0.44%,500,"64,483","2,197","34,600","12,812",234,-91.71,"535,836","34,500","34,650","5,062",640.74,-10.25,"34,600",500,"3,179",-220,10.62,-4.43,"33,500",834,"37,354","1,855",-374,6.68,130,38.85
44,원익IPS,"25,450",상승,400,+1.60%,500,"18,700",473,"25,300","12,492",106,32.46,"272,068","25,400","25,350","11,241",158.88,2.37,"25,600",574,"2,367",207,25.39,1.88,"25,000",353,"49,084","7,482",784,1.42,50,8.38
45,HK이노엔,"43,050",하락,350,-0.81%,500,"19,276",833,"42,500","12,196",882,17.80,"208,683","43,400","43,350","18,896",33.82,5.02,"43,600","2,015","6,382",616,10.25,3.30,"43,000",278,"28,330","8,971","2,419",0.97,350,8.23
46,엔켐,"56,900",하락,300,-0.52%,500,"30,303","1,714","57,300","12,060",-653,-5.54,"198,822","56,800","57,300","11,269","-2,244.05",-156.31,"57,400",472,"6,601","-5,712",6.24,-57.41,"56,100",22,"21,194","3,657","-10,265",2.31,N/A,-13.89
47,메지온,"39,950",하락,650,-1.60%,500,"9,802",392,"40,250","11,988",-143,-52.29,"100,557","40,100","40,500",740,1.31,-36.23,"40,350",14,279,-195,21.41,-23.45,"39,800",152,"30,007",86,-764,27.71,0,-72.85
48,티씨케이,"100,300",하락,800,-0.79%,500,"1,802",180,"101,100","11,710",807,15.42,"32,508","100,100","102,000","5,635",21.06,14.78,"101,100",46,473,720,64.67,13.60,"98,900",10,"11,675","2,757","6,503",2.28,"1,410",21.65
49,메디톡스,"159,800",하락,200,-0.12%,500,"4,087",655,"164,500","11,663",203,55.64,"51,299","161,400","164,600","6,152",17.47,3.62,"161,900",44,"1,444",161,11.77,2.62,"158,900",40,"7,298","2,286","2,872",2.43,"1,100",3.39
50,서진시스템,"20,550",상승,200,+0.98%,500,"19,375",395,"20,450","11,559","1,087",23.35,"288,213","20,450","20,550","21,032",121.85,12.32,"20,550",472,"12,276",839,7.61,4.63,"20,250",56,"56,248","12,138",880,1.33,N/A,55.87
51,ISC,"53,500",상승,500,+0.94%,500,"15,811",846,"49,000","11,340",448,24.81,"88,683","53,600","53,100","5,829",317.11,10.98,"54,500",260,597,549,18.51,9.76,"52,600",17,"21,197","1,745","2,156",2.14,810,24.43
52,제이앤티씨,"19,550",상승,420,+2.20%,500,"25,899",499,"19,130","11,309",-461,-13.50,"242,040","19,260","19,140","6,397",-261.51,-9.65,"19,550","1,761","3,026",-334,2.49,-5.16,"19,020",19,"57,848","2,732","-1,448",3.50,N/A,-15.52
53,카페24,"46,250",상승,350,+0.76%,500,"14,931",687,"46,200","11,217",319,37.79,"163,167","46,150","46,350","3,423","1,978.14",13.40,"46,250",69,"1,267",235,22.12,7.08,"45,800",42,"24,253","3,025","1,224",5.11,N/A,11.58
54,하림지주,"9,800",하락,70,-0.71%,100,"77,054",759,"9,880","10,977","7,655",11.46,"1,076,333","9,930","9,900","160,790",34.88,0.90,"9,990","2,582","101,370","1,748",9.39,1.19,"9,750",505,"112,006","122,730",855,0.31,120,1.75
55,코나아이,"75,000",하락,400,-0.53%,500,"215,286","16,335","76,200","10,922",334,32.77,"2,406,355","77,700","76,300","4,131",-0.80,16.19,"77,800",493,"2,153",302,2.22,6.90,"73,000","2,847","14,563","2,363","2,289",5.53,680,-15.67
56,위메이드,"32,150",보합,0,0.00%,500,"23,665",771,"24,300","10,914",71,4.92,"147,940","32,850","32,150","18,757",106.40,55.57,"33,050",26,"10,438","1,816",8.22,11.03,"32,150",872,"33,948","7,119","6,530",2.60,N/A,17.62
57,하이젠알앤엠,"35,300",상승,150,+0.43%,500,"14,967",525,"35,500","10,903",-4,-277.95,"178,005","35,750","35,700","1,202",-108.52,-1.92,"35,750",180,518,-11,3.12,-0.96,"34,350",35,"30,888",759,-127,15.11,N/A,-1.76
58,오스코텍,"27,800",상승,100,+0.36%,500,"8,360",232,"28,000","10,633",-27,"2,780.00","246,269","27,800","28,300","1,708",91.63,0.77,"28,000",351,384,-16,10.25,-1.05,"27,600",602,"38,248",340,10,8.73,N/A,586.89
59,고영,"15,190",하락,290,-1.87%,100,"140,529","2,140","15,490","10,429",33,61.50,"1,058,706","15,490","15,500","3,779",-83.69,6.68,"15,540",702,548,210,15.41,5.64,"15,010","1,736","68,655","2,025",247,3.18,140,-10.24
60,대주전자재료,"67,100",상승,700,+1.05%,500,"12,872",859,"66,400","10,387",294,27.37,"216,056","66,800","66,500","6,230",372.76,19.30,"67,200",328,"3,927",364,18.22,7.02,"66,400",662,"15,481","2,193","2,452",4.33,100,18.56
61,SOOP,"90,100",상승,800,+0.90%,500,"4,818",433,"89,700","10,357","1,135",10.02,"64,669","89,900","92,000","7,157",25.69,30.21,"90,300",423,"3,333","1,024",35.73,15.83,"89,200",175,"11,495","4,132","8,990",2.46,"1,500",20.10
62,넥슨게임즈,"15,340",하락,610,-3.82%,500,"181,422","2,780","13,800","10,103",387,32.23,"1,289,354","15,460","15,160","4,872",222.40,10.93,"15,580",142,"1,745",314,4.20,7.36,"15,100","2,718","65,860","2,561",476,3.09,N/A,32.49
63,성광벤드,"34,800",하락,200,-0.57%,500,"42,068","1,466","35,250","9,719",420,25.38,"629,646","35,200","35,450","5,631",-6.35,8.01,"35,200",216,443,410,22.62,7.36,"34,400",92,"27,929","2,277","1,371",1.77,200,-10.61
64,아난티,"10,880",상승,520,+5.02%,100,"1,788,301","19,581","10,970","9,643",8,-58.18,"5,279,777","11,130","10,990","16,224",-99.70,-4.56,"11,270",358,"9,110",-324,7.27,-2.04,"10,650","2,230","88,629","2,852",-187,1.36,N/A,-68.22
65,필옵틱스,"41,750",상승,450,+1.09%,500,"100,803","4,186","41,400","9,555",138,188.91,"886,101","41,800","41,450","3,827",34.40,3.51,"41,900","4,349","1,441",129,0.26,3.11,"41,050",58,"22,886","4,109",221,6.22,0,36.96
66,LS마린솔루션,"28,900",상승,50,+0.17%,"1,000","39,402","1,137","28,150","9,441",124,57.46,"502,596","29,050","28,200","2,543",N/A,N/A,"29,250",480,461,132,3.45,N/A,"28,500",321,"32,669","1,303",503,4.40,160,N/A
67,원텍,"10,490",하락,140,-1.32%,100,"82,836",873,"10,710","9,382",348,26.69,"911,937","10,660","10,800","1,779",-24.43,25.76,"10,740",241,511,291,7.88,17.58,"10,400","11,084","89,439","1,153",393,6.98,50,-0.32
68,국일제지,800,보합,0,0.00%,100,0,0,0,"9,019",-13,-88.89,0,0,0,"1,424",19.80,-9.98,0,0,194,-130,0.82,-7.09,0,0,"1,127,406",564,-9,7.32,N/A,6.08
69,올릭스,"44,600",하락,"1,000",-2.19%,500,"24,806","1,120","45,600","8,820",-309,-17.23,"737,626","45,650","45,650",712,-70.02,-120.11,"45,900",817,528,-407,3.47,-46.71,"44,450",485,"19,775",57,"-2,589",34.83,0,-66.73
70,에스앤에스텍,"40,600",상승,100,+0.25%,500,"21,779",881,"40,650","8,709",295,25.08,"118,604","40,600","40,900","2,970",17.73,13.07,"41,100",12,502,303,9.46,10.95,"40,200",734,"21,451","1,760","1,619",3.33,150,17.09
71,유일로보틱스,"74,700",상승,"1,100",+1.49%,500,"8,285",617,"75,000","8,578",4,162.75,"106,674","74,500","75,500","1,174",106.14,-13.94,"75,300",281,224,-91,15.83,-8.91,"73,800",81,"11,483",352,459,8.89,N/A,19.40
72,태성,"27,900",하락,200,-0.71%,100,"20,719",577,"28,100","8,510",60,324.42,"276,810","28,000","28,150",796,980.50,16.61,"28,000","1,925",386,60,1.95,8.74,"27,550",103,"30,501",592,86,6.58,0,77.61
73,동성화인텍,"28,300",상승,250,+0.89%,500,"28,975",813,"28,250","8,487",540,21.39,"505,657","28,150","28,300","4,555",35.13,21.07,"28,300",265,"2,530",393,17.62,9.60,"27,850",136,"29,989","5,974","1,323",3.97,350,11.92
74,와이씨,"10,180",상승,300,+3.04%,100,"75,113",751,"9,910","8,352",106,97.88,"280,714","10,020","9,920","5,769",23.66,3.48,"10,210","6,177","1,586",129,0.95,2.45,"9,830",11,"82,045","2,112",104,2.52,N/A,-17.22
75,덕산네오룩스,"33,600",보합,0,0.00%,200,"9,632",324,"33,350","8,343",525,18.40,"216,396","33,750","33,700","4,523",59.39,12.17,"33,900",236,533,458,8.22,10.68,"33,400",17,"24,831","2,123","1,826",2.03,N/A,29.66
76,유진테크,"36,250",상승,750,+2.11%,500,"9,384",338,"36,600","8,307",612,12.80,"80,318","36,050","36,650","5,395",151.49,16.85,"36,350",30,"1,038",654,31.05,13.40,"35,700",229,"22,916","3,381","2,831",1.97,230,22.25
77,우리기술투자,"9,760",상승,80,+0.83%,500,"778,934","7,706","9,980","8,198","1,757",5.33,"2,765,763","10,110","9,990","8,038",14.13,24.89,"10,150","2,290","1,376","1,477",3.24,20.59,"9,600","4,016","84,000","1,923","1,830",1.12,N/A,12.60
78,레이크머티리얼즈,"12,000",상승,70,+0.59%,100,"37,454",446,"11,930","7,888",222,42.70,"306,916","11,930","11,940","3,513",-24.93,17.38,"12,080",345,"2,200",210,6.60,6.46,"11,800",11,"65,731","1,387",281,6.12,50,17.77
79,심텍,"24,550",상승,850,+3.59%,500,"125,994","3,065","24,700","7,820",-470,-15.42,"464,821","24,800","24,750","14,433",46.70,-6.63,"24,800",257,"9,948",-310,5.94,-2.37,"23,750","2,582","31,854","12,314","-1,592",1.91,100,18.19
80,피에스케이홀딩스,"36,150",상승,200,+0.56%,500,"18,552",669,"36,000","7,795",885,8.43,"111,356","36,350","36,050","5,136",228.07,24.80,"36,450",577,821,958,4.29,20.94,"35,500",15,"21,562","2,155","4,289",1.81,700,127.53
81,동국제약,"17,340",상승,140,+0.81%,500,"8,647",150,"17,270","7,783",804,13.53,"169,983","17,270","17,300","9,532",20.26,10.66,"17,380","3,237","2,742",623,14.21,6.95,"17,260",12,"44,884","8,122","1,282",1.27,200,11.10
82,LS머트리얼즈,"11,430",상승,150,+1.33%,500,"32,311",365,"11,290","7,733",62,248.48,"238,344","11,320","11,350","2,531",-54.33,3.11,"11,440","1,225",460,57,4.14,2.19,"11,200","1,591","67,653","1,421",46,4.21,N/A,3.79
83,로보티즈,"57,800",상승,"2,200",+3.96%,500,"90,703","5,235","57,900","7,637",-30,"1,133.33","385,617","58,800","58,000","1,002",43.88,-3.31,"58,800",642,42,-30,9.04,-2.82,"56,400",235,"13,213",300,51,7.52,0,3.13
84,하나마이크론,"11,520",상승,90,+0.79%,500,"45,320",522,"11,190","7,635","1,068",-81.13,"415,912","11,610","11,200","19,446",84.43,-6.99,"11,650",275,"13,388",-112,10.73,-0.61,"11,320",748,"66,272","12,507",-142,2.09,70,29.21
85,현대힘스,"21,250",상승,450,+2.16%,500,"96,997","2,044","20,900","7,528",215,42.16,"455,417","20,950","20,950","3,265",48.99,8.07,"21,400","1,366",930,166,0.60,5.74,"20,700",502,"35,425","2,232",504,3.19,100,17.96
86,에스에프에이,"20,900",상승,150,+0.72%,500,"3,244",67,"21,000","7,505",-484,-9.10,"102,918","20,800","21,050","24,796",-154.44,-7.49,"20,950",370,"9,572",-321,9.09,-1.21,"20,750","1,345","35,909","20,454","-2,296",0.67,270,9.95
87,한글과컴퓨터,"31,000",상승,"1,050",+3.51%,500,"248,040","7,842","31,950","7,496",404,48.21,"798,943","32,000","32,000","6,819",18.37,4.06,"32,400","1,621","1,963",140,7.37,2.13,"30,900","3,428","24,180","3,048",643,2.14,410,12.42
88,HLB테라퓨틱스,"8,860",하락,100,-1.12%,500,"34,553",305,"8,810","7,475",-76,-27.09,"599,851","8,820","8,830","2,198",12.63,-14.34,"8,950",750,379,-235,6.00,-11.16,"8,780","1,249","84,371",549,-327,4.83,0,4.45
89,솔브레인홀딩스,"35,300",상승,"1,750",+5.22%,500,"5,367",186,"33,850","7,400",853,15.64,"33,399","34,100","34,200","19,966",-29.47,4.62,"35,350",177,"5,055",557,5.08,2.95,"34,100",118,"20,964","5,154","2,257",0.55,220,-22.10
90,엘앤씨바이오,"29,950",보합,0,0.00%,500,"16,925",509,"29,750","7,373",25,4.89,"282,358","30,250","30,800","4,756",-68.73,65.41,"30,400",102,"1,809","1,410",9.03,38.21,"29,750",792,"24,619",721,"6,131",2.40,50,9.35
91,피엔티,"30,750",하락,100,-0.32%,500,"17,363",535,"30,850","7,301","1,632",6.68,"120,479","30,900","30,900","16,203",112.19,26.52,"31,150","1,652","9,957","1,422",4.04,8.83,"30,600",41,"23,743","10,351","4,605",1.24,100,89.78
92,코미코,"69,400",상승,"1,400",+2.06%,500,"10,000",688,"69,500","7,260","1,125",12.66,"103,469","69,800","69,800","8,003",240.50,23.36,"69,800",302,"4,246",878,19.52,12.60,"67,700",20,"10,461","5,071","5,483",2.64,"1,000",65.05
93,안랩,"64,800",하락,200,-0.31%,500,"3,291",213,"64,500","7,210",277,19.37,"67,704","64,800","65,500","4,647",4.77,10.40,"65,400",110,959,324,32.51,7.71,"64,400",280,"11,127","2,606","3,346",1.74,"1,300",8.93
94,비츠로셀,"31,050",하락,250,-0.80%,500,"10,708",333,"31,300","7,102",519,13.55,"235,195","31,250","31,400","3,179",37.73,19.92,"31,300",33,348,513,29.33,17.86,"30,925",543,"22,872","2,108","2,292",2.44,460,19.61
95,SAMG엔터,"80,800",하락,"1,700",-2.06%,500,"17,533","1,439","83,000","7,087",-61,-95.96,"242,480","82,500","83,200",974,35.14,-52.24,"83,700",31,666,-194,19.77,-19.62,"80,600",35,"8,771","1,164",-842,18.41,N/A,22.41
96,제룡전기,"44,100",상승,"4,300",+10.80%,500,"543,686","23,640","46,450","7,084",978,9.72,"1,637,956","43,500","46,500","2,418",39.48,49.72,"44,750",419,451,799,11.72,39.92,"41,750","1,826","16,062","2,627","4,539",3.63,"1,000",42.84
97,펌텍코리아,"56,900",하락,700,-1.22%,500,"1,883",108,"57,600","7,056",484,19.81,"63,294","57,900","58,500","4,076",37.15,12.99,"58,100",23,869,383,15.35,10.04,"56,650",42,"12,400","3,375","2,873",2.61,420,18.63
98,다우데이타,"18,200",상승,500,+2.82%,500,"91,613","1,655","17,990","6,971","12,059",4.81,"487,195","18,310","18,000","577,571",80.54,12.96,"18,310",34,"512,862","8,659",11.26,1.55,"17,370",499,"38,300","121,361","3,783",0.50,450,17.44
99,엠로,"55,800",상승,"1,000",+1.82%,500,"43,307","2,428","55,000","6,883",86,34.51,"144,612","56,800","55,100","1,024",84.58,31.88,"57,100","1,931",134,186,3.56,19.17,"55,000",141,"12,335",795,"1,617",7.59,0,25.77
100,HLB생명과학,"5,640",상승,30,+0.53%,500,"23,168",130,"5,610","6,876",-248,-3.40,"396,573","5,620","5,680","5,390",-1.17,1.95,"5,660","3,061","1,402",62,9.54,1.29,"5,580",917,"121,917","1,022","-1,657",2.02,0,4.34
101,위메이드맥스,"8,140",하락,70,-0.85%,500,"18,669",150,"8,100","6,751",-81,-32.43,"114,979","8,040","8,240","5,976",-315.03,-3.29,"8,200",821,962,-157,11.33,-4.31,"8,030",244,"82,936",750,-251,1.36,0,7.49
102,휴메딕스,"58,300",상승,"2,500",+4.48%,500,"21,148","1,246","57,500","6,547",431,15.07,"67,438","59,200","57,700","2,498",15.63,18.41,"59,600",180,212,393,10.13,16.72,"58,300",173,"11,230","1,619","3,868",2.52,630,6.30
103,큐리옥스바이오시스템즈,"39,300",하락,"1,500",-3.68%,500,"38,172","1,495","39,200","6,347",-134,-69.93,"416,572","39,300","39,500",706,-26.72,-15.94,"39,600",720,219,-81,16.11,-12.60,"38,700",154,"16,149",46,-562,13.92,0,-32.42
104,비올,"10,840",상승,250,+2.36%,100,"111,534","1,194","10,640","6,333",361,18.01,"1,489,360","10,680","10,680",981,61.62,44.73,"10,870",552,92,326,7.00,40.31,"10,590","1,037","58,419",582,602,6.47,20,36.86
105,휴온스글로벌,"49,700",상승,100,+0.20%,500,"6,663",332,"49,600","6,280",970,24.10,"41,704","49,550","49,850","14,059",-14.88,5.05,"50,500",336,"4,418",671,7.95,4.93,"49,350",53,"12,637","8,135","2,062",1.15,525,7.26
106,아이티센글로벌,"27,050",상승,550,+2.08%,500,"224,522","6,065","26,900","6,277",586,53.46,"2,076,450","27,150","26,950","9,454",91.90,5.79,"28,500","1,172","6,229",361,2.42,4.19,"25,750",504,"23,205","49,618",506,7.78,N/A,76.26
107,우리기술,"3,790",상승,410,+12.13%,500,"35,353,886","128,945","3,465","6,274",6,-82.39,"217,764,509","3,510","3,470","2,655",-91.71,-3.33,"3,820","101,359","1,534",-44,3.36,-1.93,"3,475","37,346","165,531",713,-46,5.56,0,12.80
108,태웅,"30,900",하락,600,-1.90%,500,"144,059","4,553","31,700","6,182",228,31.69,"1,197,714","32,100","31,850","8,126",-42.28,4.42,"32,500","1,006","2,081",247,7.58,3.17,"30,500",89,"20,007","3,863",975,1.02,N/A,-12.94
109,RFHIC,"23,100",하락,200,-0.86%,500,"18,002",414,"23,050","6,118",15,81.05,"277,521","23,100","23,250","4,829",404.84,8.60,"23,250",39,"1,250",197,11.97,3.97,"22,700",197,"26,484","1,149",285,1.90,100,3.09
110,아이쓰리시스템,"85,700",하락,"2,700",-3.05%,500,"6,488",555,"88,400","6,090",148,38.14,"90,741","87,000","89,000","1,468",20.94,15.31,"87,000",99,411,150,4.98,10.77,"84,900",47,"7,107","1,207","2,247",5.34,400,-0.69
111,차바이오텍,"10,810",상승,130,+1.22%,500,"19,678",211,"10,810","6,088",-597,-48.26,"286,006","10,780","10,960","21,944",-523.82,-2.85,"10,810","2,640","14,755",-146,7.74,-0.74,"10,660",150,"56,314","10,450",-224,2.38,0,9.55
112,HLB제약,"18,460",하락,120,-0.65%,500,"8,160",150,"18,580","6,053",15,113.25,"197,011","18,580","18,590","1,579",107.54,1.98,"18,580",194,415,20,0.84,1.35,"18,380",20,"32,791","1,371",163,5.38,0,0.83
113,태광,"22,700",하락,150,-0.66%,500,"34,508",788,"23,250","6,016",399,15.45,"240,079","23,150","23,500","6,603",-30.93,8.20,"23,250",369,509,461,15.01,7.17,"22,200",479,"26,500","2,668","1,469",1.03,250,-14.50
114,시노펙스,"6,700",상승,190,+2.92%,500,"63,830",421,"6,520","5,877",212,22.71,"320,077","6,520","6,530","2,354",-12.19,18.58,"6,710","1,996",678,280,2.02,12.82,"6,500",53,"87,720","2,383",295,3.39,0,-9.09
115,나노신소재,"48,000",상승,500,+1.05%,500,"5,646",269,"46,000","5,855",30,-262.30,"58,207","47,550","47,500","4,422",-74.88,-0.77,"48,200",210,"1,980",-19,8.57,-0.43,"47,300",91,"12,198",878,-183,2.34,250,5.53
116,코스메카코리아,"54,700",상승,600,+1.11%,500,"8,919",488,"54,500","5,842",604,14.04,"81,004","54,700","54,800","5,179",22.80,22.07,"55,200",125,"2,103",537,11.87,11.30,"54,100",116,"10,680","5,243","3,897",2.71,100,11.39
117,서부T&D,"8,760",상승,10,+0.11%,500,"50,442",441,"8,640","5,775",480,17.14,"1,358,900","8,780","8,650","28,945",28.91,3.70,"8,780",154,"16,536",647,12.70,2.47,"8,700",391,"65,927","1,875",511,0.57,100,10.83
118,인카금융서비스,"11,180",하락,110,-0.97%,100,"17,662",198,"11,250","5,744",863,8.82,"348,421","11,290","11,290","7,074",85.22,50.62,"11,290",518,"5,602",620,6.04,10.30,"11,140","1,787","51,380","8,323","1,267",3.42,100,49.47
119,에스피지,"25,900",상승,300,+1.17%,500,"17,669",456,"25,850","5,744",123,42.11,"118,791","26,000","25,900","3,975",-22.76,5.54,"26,100",640,"1,434",131,4.92,3.52,"25,550",199,"22,177","3,885",615,2.26,150,-1.35
120,갤럭시아머니트리,"14,550",상승,"1,450",+11.07%,500,"997,240","14,742","14,930","5,708",132,269.44,"5,780,286","15,210","15,000","3,646",43.07,0.72,"15,350",783,"2,525",6,2.01,0.15,"14,430","2,459","39,230","1,288",54,5.05,45,-2.73
121,피에스케이,"19,670",상승,220,+1.13%,500,"23,001",449,"19,600","5,698",839,7.26,"229,026","19,540","19,710","5,694",55.08,18.31,"19,670",116,976,791,25.93,14.88,"19,390",372,"28,967","3,981","2,708",1.19,400,13.13
122,솔트룩스,"46,850",하락,"1,500",-3.10%,500,"181,414","8,611","48,350","5,683",-66,-108.45,"1,125,509","48,350","48,400",932,28.63,-6.63,"49,100","3,623",206,-59,4.16,-6.10,"46,300",237,"12,131",459,-432,8.61,N/A,49.03
123,넥스틴,"53,600",상승,700,+1.32%,500,"6,191",329,"53,400","5,616",470,20.98,"58,774","53,400","53,700","1,898",29.89,27.00,"53,600",169,322,384,12.17,23.10,"52,700",604,"10,477","1,137","2,555",3.53,500,29.33
124,쎄트렉아이,"50,900",상승,100,+0.20%,500,"5,871",295,"49,300","5,574",-31,45.45,"121,843","49,950","50,500","4,470",29.44,3.49,"51,100",77,"2,230",62,6.43,1.64,"49,950",69,"10,951","1,713","1,120",2.37,190,36.55
125,인텔리안테크,"51,600",하락,"1,500",-2.82%,500,"16,708",864,"52,800","5,538",-194,-45.14,"193,374","52,300","52,900","4,407",-281.28,-1.12,"52,600",87,"1,761",-30,12.10,-0.67,"51,100",88,"10,733","2,578","-1,143",2.14,100,-15.50
126,인투셀,"37,100",하락,800,-2.11%,500,"28,177","1,052","38,200","5,508",-98,-49.07,"491,401","38,300","38,300",237,43.70,-95.55,"38,350",31,162,-99,1.12,-39.93,"36,750",272,"14,848",29,-756,65.52,0,79.72
127,메가스터디교육,"50,900",하락,200,-0.39%,100,"1,038",53,"51,100","5,482","1,236",11.67,"18,518","50,600","51,500","8,783",-2.99,9.97,"51,100",24,"4,116",502,29.50,5.47,"50,600",112,"10,771","9,422","4,363",1.21,"1,500",0.75
128,감성코퍼레이션,"5,960",상승,10,+0.17%,500,"49,883",299,"6,030","5,453",361,18.28,"2,074,189","6,080","6,100","1,543",11.82,30.74,"6,080","1,119",419,293,12.60,21.77,"5,920","6,159","91,500","2,204",326,4.67,0,23.85
129,바이넥스,"16,660",하락,80,-0.48%,500,"27,261",456,"17,000","5,445",-308,-21.22,"433,393","16,850","17,010","2,794","-3,050.79",-19.34,"16,880","1,227",978,-352,5.87,-13.12,"16,610",43,"32,684","1,301",-785,2.88,N/A,-16.00
130,지엔씨에너지,"33,000",상승,500,+1.54%,500,"80,052","2,635","33,250","5,428",317,11.29,"906,740","33,950","33,300","2,652",187.62,27.54,"34,000",171,"1,038",389,8.56,17.18,"31,650",119,"16,449","2,263","2,924",2.93,100,35.99
131,두산테스나,"27,950",상승,300,+1.08%,500,"11,129",309,"27,950","5,402",379,39.93,"131,047","28,000","28,000","7,877",N/A,N/A,"28,100",37,"3,500",368,4.37,N/A,"27,200",163,"19,327","3,731",700,1.28,160,N/A
132,씨아이에스,"6,900",상승,20,+0.29%,100,"22,641",156,"7,000","5,339",593,8.80,"279,287","6,910","7,020","7,338",52.39,15.16,"6,950",505,"2,551",562,8.29,8.44,"6,880",715,"77,372","5,085",784,1.08,N/A,63.96
133,컴투스,"41,000",상승,150,+0.37%,500,"1,150",47,"40,900","5,222",61,-4.68,"34,752","40,650","41,050","16,460",118.47,-10.37,"41,050",58,"5,961","-1,520",13.96,-9.04,"40,650",262,"12,738","6,939","-8,768",0.48,"1,300",-6.18
134,파두,"10,500",하락,40,-0.38%,100,"11,961",126,"10,520","5,190",-950,-5.93,"72,002","10,600","10,540","1,344",-62.28,-64.47,"10,770",310,365,-915,6.21,-48.41,"10,450",222,"49,428",435,"-1,772",6.11,0,93.60
135,SFA반도체,"3,120",상승,30,+0.97%,500,"39,956",124,"3,095","5,131",0,-208.00,"266,510","3,135","3,100","6,235",99.77,4.51,"3,140","1,066","1,256",205,4.23,3.32,"3,075",17,"164,460","4,005",-15,1.04,N/A,-3.90
136,데브시스터즈,"41,900",하락,550,-1.30%,500,"4,517",189,"41,400","5,113",272,17.61,"98,664","42,000","42,000","2,604",156.64,19.72,"42,150","1,965","1,062",283,11.35,11.31,"41,550",123,"12,203","2,362","2,379",2.82,0,46.57
137,티앤엘,"62,700",상승,300,+0.48%,500,"2,013",126,"63,000","5,096",570,9.24,"35,710","63,000","63,400","1,971",84.69,30.84,"63,200","5,017",256,464,13.18,27.36,"62,600",174,"8,128","1,749","6,787",2.79,750,51.47
138,가온칩스,"43,850",상승,850,+1.98%,500,"10,017",435,"43,450","5,085",35,219.25,"39,109","43,950","43,950","1,127",-19.00,11.46,"44,000",365,434,75,1.00,7.27,"42,850",40,"11,597",965,200,7.96,N/A,51.72
139,네오위즈,"23,250",하락,100,-0.43%,500,"5,634",131,"23,300","5,082",329,-62.33,"121,560","23,350","23,350","6,200",4.20,0.49,"23,400",117,"1,011",-70,13.81,-1.08,"23,100",210,"21,857","3,668",-373,0.93,N/A,0.33
140,웹젠,"14,540",상승,100,+0.69%,500,"3,261",47,"14,420","5,031",546,13.50,"57,562","14,380","14,440","7,509",9.32,8.81,"14,590",90,783,568,30.04,7.81,"14,380",237,"34,601","2,147","1,077",0.64,300,9.40
141,하나머티리얼즈,"25,350",상승,300,+1.20%,500,"13,258",333,"24,750","5,014",434,15.46,"109,579","25,150","25,200","5,739",5.16,8.43,"25,450",60,"2,201",318,20.74,5.10,"24,850",18,"19,778","2,516","1,640",1.36,250,7.74
142,에코프로에이치엔,"23,700",상승,150,+0.64%,500,"7,488",176,"23,550","4,971",242,23.28,"47,533","23,550","23,650","4,667",-42.02,10.59,"23,850","1,098","1,704",215,9.00,6.22,"23,350",53,"20,975","2,345","1,018",1.69,300,2.43
143,현대무벡스,"4,205",상승,30,+0.72%,100,"20,941",88,"4,110","4,955",246,22.37,"320,956","4,160","4,175","2,989",493.03,16.17,"4,220",719,"1,267",269,3.00,9.83,"4,155","1,586","117,846","3,414",188,3.10,N/A,41.62
144,미코,"14,820",상승,20,+0.14%,500,"55,587",828,"14,620","4,952",946,17.05,"574,344","15,010","14,660","13,927",216.51,20.43,"15,130",619,"8,598",765,10.37,6.87,"14,800",146,"33,417","5,405",869,4.17,50,27.46
145,테스,"24,750",상승,650,+2.70%,500,"8,895",217,"24,100","4,893",385,9.48,"81,514","24,350","24,300","3,812",756.34,13.55,"24,800","1,007",506,427,6.64,12.13,"24,150",37,"19,768","2,401","2,611",1.29,600,63.39
146,바이오다인,"16,420",하락,60,-0.36%,500,"4,471",73,"16,560","4,887",-17,"-2,345.71","113,032","16,560","16,800",443,15.65,0.03,"16,560",51,11,0,4.45,0.02,"16,300","1,242","29,764",53,-7,11.32,N/A,28.93
147,현대바이오,"10,160",상승,50,+0.49%,500,"17,447",176,"10,030","4,879",8,-30.69,"227,197","10,100","10,110",677,108.08,-16.36,"10,190",941,283,-69,8.58,-11.50,"10,080","1,542","48,022",151,-331,4.15,N/A,58.73
148,대명에너지,"28,250",하락,700,-2.42%,100,"38,033","1,067","28,500","4,817",97,40.65,"231,133","28,450","28,600","3,699",-42.03,6.24,"28,450",365,"2,412",78,0.41,2.18,"27,600",539,"17,050",678,695,3.51,0,9.93
149,포스코엠텍,"11,400",상승,50,+0.44%,500,"22,893",260,"11,360","4,747",14,-271.43,"114,240","11,380","11,390","1,498",-68.30,0.50,"11,500",510,379,6,6.21,0.37,"11,280",20,"41,643","3,466",-42,4.31,20,1.53
150,한국기업평가,"103,400",하락,800,-0.77%,"5,000",296,31,"101,800","4,695",327,18.62,"5,844","101,200","104,100","1,753",26.48,21.69,"107,500",13,405,286,80.81,17.31,"101,200",6,"4,541","1,041","5,552",4.37,"3,954",8.85
151,원익QnC,"17,760",상승,430,+2.48%,500,"21,277",373,"16,370","4,669",906,9.32,"85,897","17,500","17,330","15,347",9.19,11.67,"17,770",16,"9,654",615,5.38,4.23,"17,420","1,255","26,288","8,915","1,905",0.97,100,10.62
152,성우하이텍,"5,830",상승,40,+0.69%,500,"36,822",213,"5,730","4,664","2,059",3.14,"195,886","5,800","5,790","45,631",-19.81,9.86,"5,830","4,568","27,210","1,351",6.47,3.14,"5,760",196,"80,000","42,451","1,855",0.30,150,-1.78
153,아이센스,"16,870",상승,30,+0.18%,500,"5,312",89,"16,840","4,654",27,432.56,"61,858","16,590","16,870","5,909",-75.68,-0.59,"16,870",209,"2,479",-20,26.27,-0.36,"16,590",145,"27,587","2,911",39,1.44,100,9.81
154,이녹스첨단소재,"22,900",상승,550,+2.46%,500,"13,497",306,"22,400","4,632",868,6.09,"87,425","22,450","22,550","8,260",105.88,16.27,"22,950",168,"3,574",701,14.86,10.02,"22,350",100,"20,228","4,228","3,759",0.91,350,9.25
155,에스티큐브,"6,810",하락,10,-0.15%,500,"12,479",85,"6,820","4,630",-226,-18.81,"239,198","6,780","6,830","1,119",13.15,-33.09,"6,870",427,176,-214,3.82,-27.16,"6,650",42,"67,983",113,-362,5.16,N/A,93.88
156,제주반도체,"13,420",상승,250,+1.90%,500,"39,092",519,"13,440","4,622",96,27.96,"260,854","13,360","13,500","2,254",-46.29,11.44,"13,420",905,412,194,0.00,9.15,"13,160","1,230","34,443","1,623",480,2.37,N/A,11.28
157,이엔에프테크놀로지,"32,150",상승,450,+1.42%,500,"10,866",345,"22,200","4,594",593,11.44,"78,755","31,400","31,700","7,236",148.52,8.21,"32,150",123,"3,222",297,6.83,4.30,"31,400",46,"14,288","5,824","2,810",1.12,150,9.67
158,인벤티지랩,"42,800",하락,700,-1.61%,500,"25,346","1,092","43,550","4,573",-190,-15.10,"336,329","43,350","43,600",723,-18.81,-91.93,"43,750",149,397,-170,1.81,-28.95,"42,350",106,"10,684",18,"-2,835",12.64,0,170.90
159,유바이오로직스,"12,460",상승,70,+0.56%,500,"8,537",106,"12,390","4,563",343,11.84,"227,619","12,450","12,400","2,021",345.78,15.61,"12,520","6,887",701,190,8.11,10.73,"12,410",47,"36,624",960,"1,052",3.08,0,38.45
160,글로벌텍스프리,"6,470",하락,40,-0.61%,500,"83,717",545,"6,480","4,547",218,38.28,"2,159,169","6,530","6,500","1,745",121.88,5.60,"6,560",270,462,63,17.92,3.66,"6,470",983,"70,283","1,297",169,3.97,N/A,58.84
161,케이엠더블유,"11,330",하락,140,-1.22%,500,"25,049",286,"11,470","4,512",-455,-13.27,"196,549","11,510","11,480","2,690",27.65,-24.24,"11,610",184,"1,254",-386,6.74,-14.17,"11,200",44,"39,821",874,-854,3.27,N/A,-12.70
162,한텍,"40,500",상승,450,+1.12%,"5,000","136,956","5,534","40,100","4,504",168,13.59,"730,516","40,700","40,150","2,075",10.40,26.22,"40,850","8,545",958,263,0.99,13.00,"40,050",165,"11,121","1,559","2,981",3.37,450,-12.73
163,쏠리드,"7,330",상승,30,+0.41%,500,"51,047",371,"7,340","4,478",351,14.57,"589,055","7,340","7,350","4,968",-3.11,15.52,"7,350",754,"1,740",462,9.51,9.69,"7,200",650,"61,095","3,311",503,1.38,50,3.02
164,티에스이,"40,000",상승,650,+1.65%,500,"5,314",211,"39,600","4,425",399,9.60,"62,179","40,150","41,000","5,194","1,776.34",13.36,"40,150",41,"1,197",450,6.32,9.36,"39,200",378,"11,061","3,481","4,165",1.27,400,39.70
165,콜마비앤에이치,"15,040",보합,0,0.00%,500,"7,444",111,"15,020","4,424",246,34.90,"93,485","14,960","15,040","6,909",-18.62,4.54,"15,140",74,"2,956",172,3.07,2.48,"14,830","1,020","29,416","6,156",431,1.10,308,6.23
166,바이오플러스,"7,280",상승,90,+1.25%,500,"51,433",373,"7,190","4,404",237,22.61,"566,827","7,210","7,200","2,643",-15.55,10.83,"7,310",927,"1,166",175,9.07,8.01,"7,200",22,"60,500",664,322,2.85,50,2.10
167,신라젠,"3,180",하락,40,-1.24%,500,"90,685",290,"3,240","4,393",-268,-15.67,"564,631","3,225","3,265","1,490",-25.40,-28.05,"3,265",132,172,-265,2.54,-23.50,"3,180","1,084","138,130",39,-203,3.45,0,-0.33
168,케이아이엔엑스,"89,000",상승,"1,200",+1.37%,500,"3,067",271,"87,800","4,343",237,25.31,"33,922","87,500","88,900","3,368",-10.67,10.13,"89,300",289,"1,068",183,29.22,6.20,"87,200",45,"4,880","1,389","3,516",2.27,600,13.22
169,큐로셀,"30,300",하락,400,-1.30%,500,"3,094",93,"30,500","4,340",-106,-12.06,"35,620","30,500","30,650",515,-138.14,55.22,"30,550",288,490,-77,1.07,-22.88,"29,900",48,"14,324",0,"-2,512",18.90,0,"8,891.25"
170,원익홀딩스,"5,600",상승,100,+1.82%,500,"463,602","2,599","5,620","4,325",306,-10.13,"3,381,820","5,620","5,630","18,901",-33.12,-7.41,"5,720","2,994","6,416",-611,4.09,-3.26,"5,530",975,"77,238","6,455",-553,0.44,N/A,-13.88
171,삼현,"13,610",하락,40,-0.29%,500,"18,034",246,"13,370","4,315",55,48.26,"175,829","13,690","13,580","1,403",N/A,N/A,"13,700",74,251,83,0.61,N/A,"13,550",5,"31,708","1,004",282,3.72,50,N/A
172,동화기업,"8,450",상승,20,+0.24%,200,"13,025",109,"8,450","4,272",167,-19.29,"67,074","8,500","8,500","23,972",200.80,-1.40,"8,500",556,"14,194",-162,50.48,-0.69,"8,350",11,"50,557","9,180",-438,0.45,N/A,-4.70
173,클로봇,"17,320",하락,120,-0.69%,500,"55,547",962,"17,480","4,270",-75,-55.34,"399,817","17,520","17,490",695,-29.94,-15.71,"17,570",64,95,-67,0.49,-12.93,"17,140",383,"24,651",334,-313,7.43,N/A,37.97
174,코난테크놀로지,"36,950",하락,450,-1.20%,500,"40,102","1,485","37,800","4,237",-141,-36.69,"332,723","37,550","37,950",444,-28.30,-53.30,"38,000",510,248,-136,1.18,-29.42,"36,200",124,"11,467",263,"-1,007",26.73,N/A,7.74
175,다날,"6,110",하락,140,-2.24%,500,"1,287,964","8,067","6,330","4,213",14,68.65,"10,451,907","6,390","6,340","7,456",-60.17,2.46,"6,440","9,179","4,356",29,3.80,0.39,"6,020","5,241","68,949","2,609",89,1.38,N/A,-11.69
176,대아티아이,"5,960",상승,100,+1.71%,100,"804,583","4,820","6,090","4,200",79,24.03,"2,824,334","6,150","6,100","2,920",122.05,11.52,"6,150",598,"1,584",147,9.31,5.40,"5,830","3,759","70,473","1,491",248,3.04,N/A,32.77
177,코오롱생명과학,"33,500",상승,300,+0.90%,500,"6,670",226,"33,200","4,162",-221,-5.23,"63,463","33,300","33,500","4,196",8.35,-64.87,"34,250",161,"2,702",-931,3.25,-25.54,"33,300",6,"12,423","1,614","-6,402",1.38,N/A,29.48
178,셀바스AI,"15,440",상승,200,+1.31%,500,"63,052",978,"15,320","4,156",8,-67.42,"358,288","15,620","15,410","3,121",-80.43,-4.61,"15,640",295,492,-10,4.32,-0.40,"15,350",93,"26,915","1,125",-229,3.46,N/A,112.13
179,네오셈,"9,470",상승,80,+0.85%,100,"27,427",259,"9,440","4,154",165,23.85,"111,632","9,460","9,450","1,419",103.63,18.96,"9,500",565,260,192,0.00,15.47,"9,380",202,"43,869","1,052",397,3.50,60,4.27
180,골프존,"66,200",하락,100,-0.15%,500,"1,245",82,"66,100","4,154",958,8.28,"13,956","65,900","66,500","6,655",-16.34,11.63,"66,300",53,"2,188",420,22.82,6.45,"65,800",18,"6,275","6,200","7,991",0.91,"4,000",-9.51
181,에이프릴바이오,"18,300",상승,100,+0.55%,"1,000","23,457",434,"18,640","4,123",169,17.89,"305,351","18,700","18,650",996,226.00,26.90,"18,700",75,86,200,5.55,22.32,"18,270",330,"22,528",275,"1,023",4.46,0,N/A
182,제우스,"13,250",상승,130,+0.99%,500,"26,445",347,"13,180","4,110",492,10.38,"207,813","13,210","13,270","6,409",588.24,12.99,"13,280",82,"2,586",431,3.83,6.83,"12,980",160,"31,017","4,908","1,277",1.18,100,21.82
183,서희건설,"1,788",보합,0,0.00%,500,"34,037",61,"1,794","4,109","2,357",3.73,"546,171","1,810","1,826","15,406",3.30,17.64,"1,810","3,672","5,668","1,593",5.33,10.35,"1,778",24,"229,808","14,736",479,0.34,45,2.20
184,아스테라시스,"11,200",상승,100,+0.90%,100,"16,208",180,"11,210","4,105",67,64.74,"228,444","11,130","11,370",247,328.57,40.61,"11,210",366,51,54,3.60,25.90,"11,070",128,"36,655",288,173,11.41,32,64.78
185,넵튠,"8,740",상승,320,+3.80%,500,"59,620",517,"8,500","4,082",96,-31.55,"331,954","8,550","8,510","4,075",345.59,0.53,"8,800",640,370,48,2.49,1.17,"8,490",606,"46,702","1,216",-277,1.05,0,21.91
186,성일하이텍,"33,200",하락,200,-0.60%,500,"2,750",91,"33,000","4,043",-714,-3.48,"15,205","33,050","33,200","6,795",-756.19,-42.96,"33,400",19,"4,547","-1,125",2.74,-17.93,"32,900",421,"12,176","1,362","-9,553",2.16,0,-44.93
187,인화정공,"41,700",상승,"1,100",+2.71%,500,"3,312",136,"40,600","4,010",103,-25.77,"19,274","40,600","41,200","4,303",110.01,18.68,"41,700",271,"1,703",400,1.22,10.68,"40,400",463,"9,616",928,"-1,618",1.41,700,-10.74
188,유티아이,"22,300",상승,100,+0.45%,500,"3,064",68,"22,200","4,003",-322,-14.78,"75,976","22,700","23,000","1,606",-63.41,-49.58,"22,700",68,861,-227,13.07,-17.39,"22,000",908,"17,953",186,"-1,509",6.43,N/A,-4.14
189,큐렉소,"9,730",하락,170,-1.72%,500,"33,704",326,"9,910","3,998",-58,-54.66,"209,298","9,860","10,000","1,026",-612.71,-9.04,"9,890",252,92,-88,3.07,-8.34,"9,610",333,"41,090",555,-178,4.23,N/A,-23.81
190,에스앤디,"136,900",하락,600,-0.44%,500,"10,515","1,426","137,500","3,960",201,21.87,"190,085","137,500","137,600",930,56.19,21.74,"138,000",115,250,170,6.96,17.11,"134,000",11,"2,893","1,161","6,259",5.65,800,31.56
191,천보,"39,450",상승,150,+0.38%,500,"2,446",96,"39,200","3,945",-228,-137.94,"30,302","39,200","39,300","10,079",-182.81,-8.27,"40,000",76,"5,929",-323,4.13,-3.33,"38,800",10,"10,000","1,449",-286,1.07,N/A,-20.68
192,바이오니아,"15,280",상승,110,+0.73%,500,"6,605",100,"15,140","3,944",-134,-19.84,"144,971","15,180","15,150","3,322","-1,794.54",-9.40,"15,290",589,"1,053",-190,7.22,-5.88,"15,120",63,"25,810","2,940",-770,1.85,N/A,11.68
193,스피어,"10,050",상승,110,+1.11%,500,"95,929",959,"9,920","3,924",-64,-18.11,"783,147","9,940","9,940",446,29.77,-84.53,"10,120",131,134,-170,1.86,-53.40,"9,890",885,"39,050",26,-555,6.38,0,54.88
194,메디포스트,"11,460",하락,130,-1.12%,500,"4,842",56,"11,550","3,921",-485,-6.03,"121,489","11,550","11,590","4,143",-93.17,-22.22,"11,730",32,"1,617",-634,4.52,-14.68,"11,380",57,"34,218",707,"-1,899",1.84,109,24.02
195,동운아나텍,"18,750",상승,230,+1.24%,500,"6,572",123,"18,230","3,921",175,28.89,"83,669","18,550","18,530",988,-30.43,37.49,"18,750",914,275,247,5.27,26.72,"18,550",97,"20,910","1,383",649,5.81,0,495.04
196,이뮨온시아,"5,370",상승,80,+1.51%,500,"70,400",375,"5,300","3,920",-126,N/A,"728,795","5,340","5,340",262,-6.80,77.02,"5,370","2,609",68,-57,0.29,-18.96,"5,290",52,"73,004",7,N/A,N/A,N/A,5.63
197,서울반도체,"6,720",상승,40,+0.60%,500,"12,333",82,"6,620","3,918",8,-14.51,"95,406","6,660","6,690","12,612",101.61,-0.74,"6,740","2,731","5,602",-19,9.33,-0.16,"6,660","1,750","58,305","10,905",-463,0.57,N/A,2.93
198,하이록코리아,"31,600",상승,350,+1.12%,500,"8,630",270,"31,350","3,885",501,9.08,"73,978","31,400","31,400","4,727",-3.39,11.38,"31,700","1,007",367,480,27.31,10.49,"30,950",139,"12,295","1,905","3,480",0.91,"1,150",0.89
199,킵스파마,"20,250",상승,"3,200",+18.77%,500,"698,279","13,774","17,160","3,863",62,-52.19,"912,541","17,250","17,150","1,652",103.14,2.07,"20,650","1,495","1,020",16,3.48,1.14,"17,250",433,"19,076","1,276",-388,6.99,0,38.48
200,한국정보인증,"9,100",상승,180,+2.02%,500,"1,901,912","17,680","9,230","3,862",189,37.30,"14,697,556","9,220","9,240","4,053",35.02,6.14,"9,560",377,"1,731",124,0.26,3.40,"9,000","5,597","42,441","1,219",244,1.90,150,32.18
201,한국정보인증,"9,100",상승,180,+2.02%,500,"1,901,912","17,680","9,220","3,862",189,37.30,"14,697,556","9,220","9,250","4,053",35.02,6.14,"9,560","3,345","1,731",124,0.26,3.40,"9,000","8,097","42,441","1,219",244,1.90,150,32.18
202,코미팜,"5,270",상승,70,+1.35%,100,"6,065",32,"5,150","3,818",62,30.11,"122,081","5,170","5,300","1,228",198.72,22.11,"5,280","1,255",572,147,5.07,12.17,"5,170",95,"72,440",588,175,5.85,0,37.83
203,예스티,"18,210",상승,40,+0.22%,500,"21,012",385,"18,000","3,816",113,36.06,"326,128","18,460","18,180","2,044","2,839.92",10.51,"18,610",28,786,112,2.64,5.42,"17,990",142,"20,956","1,001",505,2.96,5,20.14
204,에프에스티,"17,360",상승,70,+0.40%,500,"5,547",96,"17,600","3,812",23,45.09,"147,965","17,450","17,690","5,061",121.21,0.60,"17,450",9,"2,620",-16,5.06,-0.36,"17,150",132,"21,956","2,374",385,1.41,0,25.42
205,유진로봇,"10,160",상승,50,+0.49%,500,"57,393",584,"10,130","3,811",-42,-78.15,"463,456","10,240","10,160",547,20.92,-8.56,"10,300","4,586",190,-32,13.40,-5.62,"10,060",227,"37,512",260,-130,11.42,N/A,35.12
206,오름테라퓨틱,"18,060",하락,200,-1.10%,100,"20,766",376,"18,280","3,805",-83,-49.62,"232,428","18,400","18,500","1,538",-108.72,-17.50,"18,400",656,321,-57,2.39,-3.64,"17,920",481,"21,069",209,-364,2.34,0,-84.56
207,넥스트바이오메디컬,"46,150",하락,150,-0.32%,500,"6,572",305,"46,750","3,751",-36,119.56,"71,901","47,000","47,750",588,31.60,14.56,"47,000",252,137,29,6.93,6.46,"46,000",317,"8,127",95,386,8.24,0,95.46
208,미래에셋벤처투자,"7,030",상승,10,+0.14%,"1,000","51,848",364,"6,840","3,735",157,-60.09,"1,130,624","7,100","6,920","10,608",-50.81,2.47,"7,160","3,588","7,089",86,3.00,0.79,"6,930","1,206","53,125","2,339",-117,1.08,85,7.75
209,한국비엔씨,"5,450",상승,30,+0.55%,100,"98,297",536,"5,470","3,728",107,23.59,"607,193","5,480","5,480","2,671",77.07,6.06,"5,520",654,306,133,4.14,5.27,"5,390","1,938","68,395",892,231,1.58,N/A,10.16
210,토모큐브,"28,300",하락,"1,000",-3.41%,500,"44,158","1,255","28,700","3,727",-88,-37.58,"879,541","28,500","28,750",436,-30.40,-27.82,"28,800","1,092",16,-83,4.91,-26.20,"28,150",118,"13,171",59,-753,9.36,0,58.48
211,칩스앤미디어,"17,600",상승,200,+1.15%,500,"13,112",229,"17,000","3,724",53,43.03,"113,806","17,410","17,340",840,-32.06,13.46,"17,620","1,143",82,100,2.81,12.16,"17,280",41,"21,157",271,409,4.72,100,-1.79
212,에코앤드림,"20,900",상승,100,+0.48%,500,"8,559",178,"20,450","3,717",5,23.62,"95,184","20,800","20,850","4,058",116.42,8.41,"21,100",122,"1,841",135,1.10,4.83,"20,600",6,"17,786","1,049",885,1.65,N/A,103.87
213,NHN KCP,"9,230",상승,50,+0.54%,500,"66,495",613,"9,190","3,707",438,8.73,"552,596","9,320","9,200","5,703",4.35,18.71,"9,360","1,146","3,051",453,14.06,8.29,"9,160",317,"40,161","11,053","1,057",1.35,100,13.72
214,큐리언트,"10,940",상승,90,+0.83%,500,"11,963",131,"10,850","3,690",-275,-14.84,"240,211","10,850","10,860",656,-18.37,-45.23,"11,200",110,54,-245,2.74,-41.42,"10,750",180,"33,726",92,-737,7.22,0,1.64
215,켐트로닉스,"24,050",상승,200,+0.84%,500,"19,617",468,"24,000","3,688",373,19.99,"182,811","24,100","24,100","6,417",95.24,10.70,"24,100",744,"4,066",214,7.80,3.77,"23,600",345,"15,334","5,752","1,203",1.83,200,6.08
216,파트론,"6,470",하락,10,-0.15%,500,"7,236",47,"6,470","3,688",617,8.16,"115,541","6,460","6,480","7,433",48.05,10.93,"6,470",722,"1,878",559,15.87,8.02,"6,420",212,"57,000","14,864",793,0.66,300,26.78
217,폰드그룹,"11,260",상승,70,+0.63%,500,"56,834",638,"11,190","3,642",413,13.85,"1,153,023","11,220","11,200","4,227","6,089.52",12.62,"11,480",703,"1,850",272,0.95,7.13,"11,090",318,"32,344","3,687",813,1.72,250,"13,154.52"
218,에이유브랜즈,"25,300",하락,200,-0.78%,100,"28,676",708,"25,250","3,582",124,31.35,"350,680","25,300","25,400",448,-23.35,38.45,"25,500",214,122,101,1.15,28.58,"24,350",537,"14,160",446,807,6.08,0,6.48
219,퓨쳐켐,"16,100",하락,90,-0.56%,500,"28,787",463,"15,270","3,558",-95,-35.86,"182,577","16,160","16,160",744,-12.55,-15.94,"16,300","5,429",199,-94,4.24,-12.80,"15,910",57,"22,102",173,-449,6.94,N/A,23.81
220,바디텍메드,"15,120",하락,20,-0.13%,"1,000","4,119",62,"15,270","3,551",262,12.74,"88,185","15,200","15,290","2,547",-8.17,13.75,"15,200",3,316,272,2.66,11.28,"15,010",983,"23,487","1,382","1,187",1.53,150,2.94
221,다원시스,"9,300",하락,180,-1.90%,500,"37,246",347,"6,900","3,549",76,-18.27,"304,965","9,350","9,200","7,457",-60.32,4.81,"9,470","4,520","4,868",119,8.98,1.69,"9,210","3,125","38,163","3,015",-509,1.49,N/A,-15.74
222,GST,"19,190",상승,170,+0.89%,500,"11,825",226,"19,160","3,537",591,7.90,"136,545","19,150","19,170","3,348",38.89,18.71,"19,220",328,665,459,9.83,14.92,"18,890",621,"18,430","3,462","2,430",1.31,300,24.00
223,엔젤로보틱스,"23,200",상승,200,+0.87%,500,"6,086",141,"23,000","3,522",-108,-33.97,"70,413","23,200","23,400",439,-66.88,-40.84,"23,450",900,35,-100,2.56,-30.70,"23,050",952,"15,183",42,-683,9.13,0,-18.17
224,에이직랜드,"32,000",상승,400,+1.27%,500,"4,281",136,"31,600","3,479",-170,-14.33,"55,093","31,950","31,650","1,671",-539.61,-15.39,"32,000",124,828,-140,1.56,-8.57,"31,400",103,"10,872",941,"-2,233",4.54,N/A,26.84
225,노바렉스,"18,500",하락,90,-0.48%,500,"11,047",203,"18,590","3,470",232,13.14,"541,751","18,600","18,600","2,896",-9.06,10.97,"18,630",18,693,238,6.78,8.60,"18,110",121,"18,755","2,977","1,408",1.47,200,-1.47
226,삼표시멘트,"3,215",상승,5,+0.16%,500,"5,777",19,"3,215","3,470","1,039",6.34,"77,668","3,215","3,215","14,851",22.70,9.04,"3,220",63,"7,289",661,1.95,4.40,"3,185",135,"107,916","7,908",507,0.47,110,-4.00
227,기가비스,"27,350",상승,150,+0.55%,200,"2,572",70,"27,100","3,467",-18,119.96,"17,200","27,050","27,200","2,297",-105.10,1.63,"27,350",243,240,34,1.77,1.50,"26,850",12,"12,676",261,228,1.78,800,-71.42
228,유니슨,"2,020",상승,5,+0.25%,500,"3,553,406","7,054","2,030","3,444",-125,-18.04,"45,068,299","2,015","2,035","2,490",36.06,-36.03,"2,045","48,763","1,828",-225,4.32,-8.81,"1,890","1,122","170,506",257,-112,5.43,0,-76.12
229,우주일렉트로,"37,000",상승,"1,400",+3.93%,500,"15,108",552,"35,600","3,419",201,16.31,"180,454","35,800","35,750","3,277",151.12,8.46,"37,200",203,814,198,8.18,6.34,"35,750",18,"9,240","1,762","2,268",1.19,300,10.18
230,CJ프레시웨이,"28,600",하락,400,-1.38%,"1,000","6,473",184,"27,900","3,395",940,12.96,"73,251","28,300","28,950","15,644",-5.27,7.36,"28,800",51,"11,490",274,13.88,1.87,"28,300",232,"11,872","32,248","2,207",0.83,450,4.90
231,월덱스,"20,550",상승,620,+3.11%,500,"9,709",198,"20,350","3,393",703,5.45,"82,228","20,450","20,400","3,918",8.45,23.78,"20,650",3,843,650,4.98,18.44,"20,200",36,"16,511","3,068","3,768",1.06,60,6.49
232,휴온스,"28,000",상승,200,+0.72%,500,960,27,"28,050","3,354",397,10.52,"26,512","27,950","28,350","6,063",-29.12,8.77,"28,000",88,"2,557",291,17.84,5.09,"27,800",143,"11,980","5,902","2,661",0.93,200,-8.53
233,하림,"3,150",하락,15,-0.47%,500,"91,140",287,"3,165","3,346",285,-165.79,"932,384","3,175","3,170","8,328",-29.51,-4.11,"3,175","2,396","5,437",-123,4.36,-1.47,"3,135",482,"106,210","12,854",-19,1.15,630,6.93
234,삼목에스폼,"22,700",보합,0,0.00%,500,378,9,"22,500","3,337",753,7.06,"17,911","22,700","22,700","7,813",-39.33,12.04,"22,700",92,"1,366",734,3.12,9.65,"22,400",91,"14,700","4,019","3,216",0.51,N/A,-8.89
235,선익시스템,"34,900",상승,200,+0.58%,500,"4,532",158,"35,000","3,328",79,-14.58,"72,220","35,050","35,400","3,029",294.87,-47.86,"35,350",442,"2,565",-281,1.06,-12.83,"34,600",39,"9,537","1,129","-2,393",7.06,N/A,80.93
236,덕산테코피아,"16,200",상승,80,+0.50%,500,"13,024",208,"16,150","3,317",-302,-5.57,"169,545","16,160","16,200","6,630",-385.42,-28.30,"16,240",144,"4,572",-726,3.73,-12.33,"15,890",13,"20,477",997,"-2,911",1.76,N/A,5.97
237,인바디,"24,600",하락,200,-0.81%,500,"1,910",47,"24,750","3,316",367,10.73,"34,746","24,800","24,800","3,058",-4.20,12.71,"24,900",127,319,327,36.44,11.27,"24,500",39,"13,481","2,045","2,293",1.14,400,20.03
238,씨앤씨인터내셔널,"32,800",하락,250,-0.76%,100,"6,036",198,"33,050","3,285",290,13.05,"90,284","33,100","33,100","2,951",-9.75,17.15,"33,100",72,893,324,4.28,11.78,"32,500",441,"10,014","2,829","2,514",1.64,"1,000",28.39
239,에이스침대,"29,300",하락,300,-1.01%,"1,000",442,13,"29,600","3,249",662,5.28,"8,772","29,600","30,000","7,824",16.14,9.70,"29,600",258,757,659,1.18,8.79,"29,200",144,"11,090","3,260","5,551",0.44,"1,450",6.39
240,지씨셀,"20,550",상승,50,+0.24%,500,"3,197",66,"20,250","3,247",-200,-3.95,"82,637","20,350","20,550","5,783",-590.55,-14.90,"20,750","2,337","1,160",-757,5.15,-12.18,"20,350",45,"15,800","1,745","-5,205",0.70,N/A,-6.98
241,한양이엔지,"18,030",상승,10,+0.06%,500,"8,201",147,"18,020","3,245",862,5.18,"90,237","18,020","18,030","9,087",1.27,13.45,"18,100",278,"3,067",764,14.30,8.80,"17,860",47,"18,000","11,863","3,481",0.50,650,15.60
242,제닉,"40,650",하락,"1,100",-2.63%,500,"8,138",333,"42,250","3,239",60,26.71,"87,182","41,750","42,300",382,249.72,44.90,"42,100",63,160,76,6.44,24.57,"40,500",70,"7,969",499,"1,522",12.39,N/A,77.80
243,바텍,"21,750",하락,150,-0.68%,500,532,12,"21,700","3,231",540,6.36,"8,824","21,950","22,000","6,503",-15.74,12.94,"21,950",38,"1,798",553,26.88,8.93,"21,600",18,"14,854","3,852","3,418",0.69,100,0.07
244,쿠콘,"31,500",하락,600,-1.87%,500,"58,657","1,885","32,400","3,230",166,17.68,"409,730","32,700","32,500","2,629",0.02,11.48,"32,800",444,"1,161",158,2.65,6.71,"31,150",431,"10,255",730,"1,782",2.15,150,6.84
245,에스티아이,"20,250",상승,280,+1.40%,500,"25,223",507,"20,100","3,206",273,12.27,"208,207","20,200","20,150","3,688",13.95,10.89,"20,350","1,099","1,080",271,4.11,7.93,"19,910",140,"15,830","3,340","1,650",1.14,200,4.56
246,제이브이엠,"26,500",상승,700,+2.71%,500,"5,177",136,"26,000","3,204",307,11.30,"119,427","26,100","26,050","2,848",3.04,15.11,"26,550",707,825,288,12.41,10.64,"25,800",83,"12,090","1,594","2,346",1.49,500,1.50
247,아주IB투자,"2,645",상승,20,+0.76%,500,"154,624",409,"2,670","3,199",84,82.66,"773,554","2,690","2,700","3,417",-52.70,3.20,"2,690",257,806,83,1.88,2.39,"2,600","4,772","120,945",656,32,1.22,50,-11.09
248,비보존 제약,"6,330",상승,30,+0.48%,"2,500","17,999",114,"6,310","3,172",29,-24.25,"251,579","6,310","6,320","1,844",10.36,-9.48,"6,380","3,072",780,-100,1.01,-5.58,"6,300",11,"50,105",876,-261,3.08,N/A,22.83
249,오상헬스케어,"21,800",상승,550,+2.59%,500,"9,795",212,"21,250","3,163",-248,-36.09,"104,159","21,300","21,300","2,950",-117.35,-3.93,"22,300",120,90,-114,1.03,-3.70,"20,900",9,"14,509",805,-604,1.06,500,-77.38
250,가비아,"23,350",보합,0,0.00%,500,"2,775",64,"23,350","3,161",351,22.45,"64,158","23,450","23,500","6,345",-17.59,9.49,"23,450",981,"2,878",286,37.09,5.21,"23,000",623,"13,536","2,824","1,040",1.85,80,7.96
251,노머스,"28,900",하락,100,-0.34%,500,"14,115",409,"29,000","3,143",82,28.28,"256,590","26,900","27,200","1,196",-282.11,-17.39,"26,900","1,626",535,-84,2.98,-8.19,"26,200",148,"11,902",451,-726,4.68,N/A,8.88
252,에이치브이엠,"26,400",하락,500,-1.86%,500,"15,112",399,"27,100","3,142",-68,-36.36,"1,766,995","2,215","2,225","3,034",-66.40,1.42,"2,215","11,184","1,139",27,4.13,0.99,"2,175","4,533","143,057",991,-8,1.62,0,5.53
253,CMG제약,"2,195",하락,20,-0.90%,500,"88,871",195,"2,220","3,140",10,-274.38,"234,340","28,000","27,950",625,-120.87,-30.54,"28,000",360,302,-93,1.01,-14.43,"27,450","1,014","11,306",246,"-1,048",9.84,0,56.33
254,나이벡,"27,750",하락,750,-2.63%,500,"32,678",905,"27,900","3,137",-49,-26.48,"230,888","29,200","29,350",988,"4,101.07",15.81,"29,200","2,831",127,99,7.35,13.63,"28,700",408,"10,876",689,"1,022",3.42,0,62.92
255,아이패밀리에스씨,"18,070",하락,90,-0.50%,500,"5,216",94,"18,190","3,130",336,12.65,"83,076","18,170","18,300","1,223",40.16,35.26,"18,290",829,308,283,6.34,26.68,"18,000",13,"17,320","2,049","1,428",3.25,118,37.79
256,듀켐바이오,"10,970",상승,20,+0.18%,500,"3,254",36,"10,940","3,122",51,37.19,"90,343","11,030","11,140",652,N/A,N/A,"11,030",301,222,80,1.26,N/A,"10,890",220,"28,455",356,295,7.16,N/A,N/A
257,지노믹트리,"12,650",상승,80,+0.64%,500,"6,436",81,"12,580","3,084",-153,-29.35,"218,778","12,590","12,720","1,307",11.50,-8.24,"12,680",105,64,-104,0.86,-7.89,"12,580","1,127","24,377",24,-431,2.50,0,-30.89
258,한국정보통신,"8,160",하락,80,-0.97%,500,"1,275",10,"8,250","3,055",391,6.81,"15,190","8,260","8,290","4,629",9.66,15.09,"8,260","1,258","1,564",435,62.89,9.62,"8,140",21,"37,444","7,910","1,199",0.93,N/A,9.08
259,오픈엣지테크놀로지,"13,850",상승,210,+1.54%,100,"11,575",159,"13,830","3,047",-246,-12.43,"102,019","13,830","14,000",867,-55.15,-67.14,"14,000",221,260,-273,6.52,-41.54,"13,500",551,"22,003",153,"-1,114",6.69,0,-21.77
260,KG에코솔루션,"6,350",상승,40,+0.63%,500,"18,452",116,"6,260","3,023","2,265",4.69,"129,642","6,320","6,310","62,134",-26.87,6.74,"6,350",173,"32,544","2,142",3.78,3.55,"6,240",380,"47,603","72,849","1,353",0.19,120,0.38
261,상아프론테크,"18,790",상승,40,+0.21%,500,"10,689",199,"18,770","3,004",58,58.54,"114,433","18,800","18,810","3,622",-34.70,3.13,"18,830","2,814","1,612",62,4.02,1.73,"18,490",25,"15,989","1,718",321,1.48,200,-6.45
262,더즌,"4,195",보합,0,0.00%,100,"2,326,077","9,711","4,255","2,996",100,26.06,"43,501,014","4,285","4,260","1,157",-6.08,28.06,"4,285","8,488",743,99,1.45,9.39,"4,040","5,590","71,413",627,161,4.49,0,48.96
263,매일유업,"37,950",보합,0,0.00%,500,220,8,"37,950","2,977",703,7.41,"653,118","23,750","23,600",163,47.80,-285.18,"23,850","7,581",105,-37,0.62,-26.63,"23,200",737,"12,548",121,-440,41.12,0,15.89
264,브이엠,"12,320",상승,180,+1.48%,100,805,10,"12,350","2,966",-86,300.49,"12,991","37,650","38,100","10,263",-2.62,8.16,"37,950",11,"4,510",455,12.69,4.56,"37,650",10,"7,844","18,114","5,120",0.48,"1,250",1.60
265,신성에스티,"32,800",하락,250,-0.76%,500,"6,423",211,"33,100","2,965",88,43.33,"69,754","12,400","12,450","1,657",21.56,-2.80,"12,400",106,414,-35,3.46,-2.18,"12,150",315,"24,076",703,41,2.30,N/A,170.21
266,피아이이,"8,250",상승,160,+1.98%,100,"185,945","1,517","8,120","2,956",94,25.31,"38,118","33,500","33,750","1,444",5.16,7.11,"33,500","1,653",419,71,1.54,5.06,"32,350",673,"9,040","1,270",757,2.80,200,1.89
267,나우로보틱스,"23,550",상승,50,+0.21%,500,"53,825","1,266","23,550","2,955",-29,-53.52,"977,156","8,140","8,140",980,136.17,22.56,"8,280","2,589",462,99,0.52,10.41,"8,050",60,"35,826","1,240",326,4.40,N/A,44.51
268,마녀공장,"17,930",상승,20,+0.11%,100,"4,672",84,"17,890","2,937",186,18.13,"74,389","17,950","17,910","1,295",16.99,15.53,"18,010",532,157,164,0.44,13.93,"17,800",169,"16,378","1,279",989,2.52,N/A,21.83
269,폴라리스오피스,"5,860",상승,50,+0.86%,500,"50,734",297,"5,880","2,914",48,46.14,"520,120","5,900","5,890","5,198",-23.14,9.19,"5,900",255,857,186,1.36,4.45,"5,810",12,"49,725","2,763",127,3.23,N/A,156.07
270,클리오,"16,080",하락,70,-0.43%,500,"17,628",283,"16,010","2,906",246,14.22,"129,841","16,200","16,030","2,954",-27.23,12.43,"16,230","1,189",615,272,4.71,9.45,"15,980",44,"18,071","3,514","1,131",1.22,400,6.29
271,에스바이오메딕스,"24,500",상승,50,+0.20%,500,"41,794","1,015","24,450","2,906",-54,-40.16,"669,419","24,400","24,500",446,9.06,-70.89,"24,850",454,263,-58,2.57,-15.21,"23,800",573,"11,860",137,-610,27.77,0,4.77
272,에스에이엠티,"2,900",상승,15,+0.52%,500,"26,298",76,"2,885","2,900",674,5.77,"252,495","2,885","2,890","8,330",25.83,13.46,"2,900","2,657","4,024",544,5.46,7.23,"2,870",783,"99,995","28,895",503,0.67,200,34.70
273,티에프이,"25,350",상승,100,+0.40%,100,610,15,"25,250","2,885",44,120.71,"30,462","25,250","25,500","1,267",-52.40,1.94,"25,350",51,483,15,1.76,1.33,"24,900","1,094","11,381",736,210,3.44,N/A,-8.34
274,유진기업,"3,730",하락,5,-0.13%,500,"59,181",220,"3,795","2,884",550,-4.57,"410,730","3,760","3,800","23,749",-34.86,-6.18,"3,760","3,050","13,482","-1,007",4.90,-4.32,"3,700","3,747","77,311","13,933",-817,0.29,170,-5.44
275,KG이니시스,"10,460",상승,120,+1.16%,500,"26,097",273,"10,540","2,882",610,7.90,"326,095","10,550","10,550","18,664",-42.61,8.63,"10,550","1,205","11,128",447,7.44,2.50,"10,360",108,"27,554","13,543","1,324",0.58,500,0.71
276,대화제약,"15,480",하락,40,-0.26%,500,"7,094",110,"15,460","2,882",67,164.68,"95,652","15,530","15,500","2,059",241.83,0.73,"15,530",417,"1,295",8,0.05,0.39,"15,360",190,"18,617","1,494",94,3.88,150,5.70
277,동방메디컬,"13,780",하락,190,-1.36%,500,"98,199","1,346","13,970","2,863",150,66.57,"1,668,949","13,920","13,980","1,504",-8.69,4.60,"13,920",383,696,31,4.63,2.34,"13,560",414,"20,775","1,051",207,2.50,0,15.67
278,슈어소프트테크,"5,440",상승,20,+0.37%,100,"58,920",318,"5,410","2,862",79,26.67,"640,597","5,460","5,450","1,624",-31.22,12.40,"5,460",771,563,101,1.07,6.29,"5,350","1,599","52,619",888,204,3.10,N/A,40.31
279,원익머트리얼즈,"22,600",상승,400,+1.80%,500,"10,103",227,"22,300","2,849",519,8.20,"99,764","22,750","22,350","5,833",110.29,6.84,"22,750","2,422","1,021",318,17.65,5.88,"22,300",22,"12,608","3,107","2,755",0.58,350,-20.67
280,씨메스,"24,500",하락,200,-0.81%,500,"23,702",582,"23,550","2,844",-143,-17.48,"177,362","24,550","24,650",810,-43.04,-28.80,"24,850","1,130",67,-135,3.05,-25.68,"24,300",319,"11,608",69,"-1,402",4.10,N/A,-9.83
281,네오위즈홀딩스,"33,050",상승,200,+0.61%,500,"35,754","1,189","32,850","2,840",204,-17.32,"206,413","32,550","32,900","8,225",17.46,-3.65,"34,150",157,"1,467",-196,3.51,-2.28,"32,350",13,"8,594","3,681","-1,908",0.66,313,0.40
282,오리엔탈정공,"6,200",상승,20,+0.32%,500,"25,707",158,"6,160","2,826",249,9.78,"675,142","6,150","6,180","2,157",94.84,26.45,"6,200",359,"1,056",261,7.37,12.60,"6,110",74,"45,574","2,073",634,2.51,100,31.60
283,인탑스,"16,410",상승,60,+0.37%,500,"4,499",73,"16,380","2,823",38,21.97,"22,643","16,320","16,400","9,007",-79.33,3.34,"16,420",52,"1,289",234,6.40,2.66,"16,150",32,"17,200","6,147",747,0.39,200,6.46
284,자람테크놀로지,"45,500",상승,400,+0.89%,500,"5,069",230,"45,100","2,820",4,-305.37,"66,834","45,800","45,900",784,117.07,5.09,"45,950",366,359,20,2.86,3.42,"45,050",258,"6,198",222,-149,6.90,N/A,90.74
285,필에너지,"13,150",상승,160,+1.23%,500,"4,509",59,"12,900","2,811",142,34.42,"51,326","13,040","12,920","2,121",-7.25,10.39,"13,150",59,691,134,1.80,5.79,"12,980",12,"21,378","2,854",382,2.05,67,45.08
286,아이스크림미디어,"21,300",하락,50,-0.23%,500,"3,130",66,"21,200","2,807",461,8.54,"74,177","21,350","21,350","2,229",35.41,23.29,"21,350","1,031",396,311,8.19,18.42,"21,000",174,"13,177","1,522","2,493",1.62,738,23.67
287,아이티엠반도체,"12,340",상승,110,+0.90%,500,"3,111",38,"11,950","2,799",24,-52.29,"23,092","12,200","12,250","5,952",116.15,0.64,"12,350",67,"4,008",12,2.37,0.20,"11,980",148,"22,683","6,479",-236,1.41,N/A,11.61
288,프레스티지바이오로직스,"3,605",하락,40,-1.10%,500,"1,739",6,"3,440","2,791",-334,-7.64,"78,271","3,615","3,645","2,894",24.39,-34.26,"3,625","2,468","2,177",-294,41.45,-9.87,"3,585",738,"77,418",22,-472,2.09,0,-37.32
289,LS증권,"4,995",상승,110,+2.25%,"5,000","23,532",117,"4,950","2,771",218,25.48,"179,403","4,990","4,970","87,797",-34.30,1.84,"5,010",206,"79,083",166,1.45,0.20,"4,915",530,"55,481","16,537",196,0.32,100,25.07
290,셀비온,"21,600",하락,200,-0.92%,500,"20,476",444,"22,100","2,768",-71,-34.67,"249,854","22,150","22,150",344,-41.51,-39.20,"22,200",608,48,-73,6.60,-31.76,"21,400",105,"12,816",23,-623,9.82,0,55.64
291,HLB이노베이션,"1,916",하락,5,-0.26%,500,"22,611",43,"1,910","2,765",-119,-15.33,"385,184","1,921","1,921","2,680",N/A,N/A,"1,934","1,436",160,-124,2.09,N/A,"1,901",364,"144,304",254,-125,1.18,N/A,N/A
292,온코닉테라퓨틱스,"25,050",하락,250,-0.99%,500,"32,856",822,"25,050","2,756",-48,-28.76,"413,785","25,100","25,100",609,-315.06,-44.55,"25,350",698,49,-81,2.29,-16.44,"24,850",173,"11,002",148,-871,4.67,0,-29.53
293,소룩스,"5,630",상승,20,+0.36%,500,"84,768",472,"5,610","2,744",-66,-5.38,"852,445","5,620","5,620","1,173","-1,383.71",-58.22,"5,650","3,106",390,-410,0.34,-29.53,"5,320",828,"48,740",507,"-1,046",3.07,0,-15.28
294,뷰노,"19,570",상승,490,+2.57%,100,"13,867",269,"19,100","2,740",-125,-21.94,"93,470","19,320","19,210",502,20.58,-72.91,"19,580","1,705",195,-130,3.42,-35.80,"19,240",99,"14,002",259,-892,9.92,0,94.86
295,제이오,"8,550",하락,20,-0.23%,100,"19,116",162,"8,650","2,738",-55,-27.06,"65,215","8,650","8,770","2,226",-145.39,-5.67,"8,650","1,344",442,-89,2.38,-4.24,"8,370",9,"32,018",829,-316,1.43,N/A,-27.62
296,디오,"18,260",하락,80,-0.44%,500,"5,871",108,"18,510","2,736",-407,-6.16,"34,311","18,500","18,620","3,433",-294.94,-20.74,"18,500",426,"1,392",-413,13.85,-11.62,"18,210",162,"14,982","1,196","-2,963",1.25,0,-23.21
297,샘씨엔에스,"4,675",상승,15,+0.32%,500,"10,702",50,"4,700","2,730",52,71.92,"49,887","4,720","4,750","2,222",278.57,2.70,"4,720",977,782,33,1.10,1.60,"4,630",740,"58,388",533,65,1.84,N/A,72.35
298,엣지파운드리,"3,475",상승,65,+1.91%,500,"73,168",248,"3,415","2,721",-51,-165.48,"1,248,644","3,435","3,435","1,316",-4.87,-27.09,"3,480","4,913",547,-180,0.22,-15.27,"3,275",695,"78,307",373,-21,2.33,0,0.70
299,인선이엔티,"5,820",하락,30,-0.51%,500,"9,595",56,"5,840","2,710",232,-11.59,"95,941","5,900","5,850","4,957",-10.18,-5.66,"5,910",241,"1,731",-189,5.48,-3.62,"5,800",77,"46,564","2,088",-502,0.81,N/A,-5.48
300,에코마케팅,"8,610",상승,60,+0.70%,100,"1,651",14,"8,550","2,709",470,9.81,"65,030","8,560","8,560","4,038",-14.75,12.87,"8,620","1,446","1,213",362,11.49,9.64,"8,560",61,"31,468","3,572",878,1.12,500,1.92
301,프로텍,"24,500",상승,300,+1.24%,500,"5,352",130,"24,250","2,695",134,9.95,"19,988","24,200","24,600","3,768",-22.89,7.35,"24,600",561,540,127,2.71,3.45,"24,000",116,"11,000","1,703","2,462",0.72,400,9.11
302,흥구석유,"17,900",하락,"1,270",-6.62%,100,"1,042,242","18,844","17,980","2,685",-3,406.82,"7,550,380","18,070","17,990",929,-425.10,0.79,"18,480","21,960",140,6,0.00,0.67,"17,580","1,937","15,000","1,169",44,3.31,30,-7.77
303,이지홀딩스,"4,145",하락,30,-0.72%,500,"17,541",72,"4,185","2,674","1,234",19.64,"298,446","4,190","4,225","28,559",18.90,2.70,"4,190",477,"16,493",351,4.83,1.30,"4,090",384,"64,516","32,850",211,0.40,250,5.32
304,웹케시,"19,550",상승,280,+1.45%,500,"199,578","3,941","19,700","2,666",139,33.94,"2,031,362","19,910","19,700","1,259",N/A,N/A,"20,075",552,236,72,1.52,N/A,"19,360",150,"13,636",742,576,2.43,100,N/A
305,제이에스링크,"9,830",상승,290,+3.04%,500,"25,275",246,"9,790","2,652",-91,-13.69,"372,239","17,670","17,600",378,N/A,N/A,"17,690",302,68,72,0.40,N/A,"17,390","1,085","15,044",296,N/A,N/A,0,N/A
306,바이오비쥬,"17,600",상승,300,+1.73%,500,"82,543","1,447","17,560","2,648",92,N/A,"232,963","9,750","9,800",544,-109.85,-42.11,"9,850","2,026",294,-108,1.04,-23.19,"9,600",950,"26,978",159,-718,7.83,0,-27.52
307,슈프리마,"36,400",하락,100,-0.27%,500,"2,963",108,"36,500","2,642",233,7.67,"73,831","36,600","36,600","2,601",39.76,14.74,"36,650",514,235,325,20.07,13.58,"36,250",147,"7,257","1,082","4,747",1.03,0,14.37
308,와이씨켐,"26,050",상승,450,+1.76%,"1,000","14,539",377,"26,150","2,634",-82,-17.64,"98,089","26,200","26,200","1,163",-4.30,-30.46,"26,200",520,718,-160,1.65,-13.56,"25,500",663,"10,111",703,"-1,477",5.56,N/A,12.90
309,한솔아이원스,"9,200",상승,140,+1.55%,500,"7,237",66,"9,330","2,631",231,8.03,"89,780","9,080","9,430","2,319",180.71,18.60,"9,240",54,497,311,5.68,13.72,"9,020",32,"28,593","1,571","1,146",1.32,0,26.79
310,석경에이티,"48,200",하락,400,-0.82%,500,678,33,"48,500","2,629",20,45.39,"12,147","48,950","49,400",492,-42.34,11.43,"48,950",131,94,43,1.21,9.70,"47,950",89,"5,455",138,"1,062",6.29,N/A,13.28
311,큐브엔터,"17,510",하락,130,-0.74%,500,"10,930",192,"17,420","2,627",166,19.48,"102,616","17,660","17,500","2,700",7.42,13.61,"17,760",246,"1,117",166,6.09,7.85,"17,470",27,"15,002","2,183",899,1.54,N/A,53.43
312,AP시스템,"17,080",상승,210,+1.24%,500,"3,483",59,"16,970","2,610",472,5.69,"30,552","16,950","17,000","5,998",-21.51,15.74,"20,750",150,67,-89,4.18,-39.23,"20,400","1,866","12,591",81,-556,12.47,N/A,329.69
313,JTC,"4,995",하락,275,-5.22%,0,"101,889",526,"5,270","2,585",476,3.33,"1,175,163","5,270","5,300","3,584",117.12,57.43,"17,080",116,"2,632",518,9.84,8.85,"16,830",147,"15,281","5,167","3,002",0.75,530,-3.16
314,씨어스테크놀로지,"20,500",하락,250,-1.20%,500,"4,237",87,"20,350","2,581",-87,-36.87,"128,130","20,750","20,550",281,11.44,-60.13,"5,340","7,312","1,752",772,10.42,24.80,"4,995",8,"51,746","3,086","1,501",1.41,N/A,105.76
315,디아이티,"13,650",상승,120,+0.89%,100,"6,893",94,"13,470","2,580",241,8.53,"48,672","13,780","13,510","2,409",178.68,14.50,"13,940",935,280,289,5.12,12.78,"13,480",8,"18,900","1,167","1,601",1.19,380,8.96
316,뉴로메카,"22,750",상승,150,+0.66%,500,"4,784",108,"23,000","2,579",-190,-13.18,"61,830","23,000","23,050",952,-28.26,-95.95,"23,000",116,844,-168,0.95,-17.55,"22,100",99,"11,338",253,"-1,726",11.21,0,83.87
317,해성산업,"7,900",보합,0,0.00%,500,"2,783",22,"7,910","2,572",714,-164.58,"49,250","7,900","7,940","25,920",-32.81,0.79,"7,900",239,"12,440",-34,1.33,-0.13,"7,820",186,"32,557","22,204",-48,0.33,225,-3.81
318,비덴트,"3,320",보합,0,0.00%,500,0,0,0,"2,563",-111,5.25,0,0,0,"7,408",-11.76,11.16,0,0,"1,026",672,1.43,9.67,0,0,"77,202",96,632,0.40,N/A,-3.82
319,미래나노텍,"8,250",상승,50,+0.61%,500,"18,998",156,"8,200","2,558",249,8.36,"102,751","8,210","8,280","5,976",81.41,8.51,"8,280","1,036","2,802",258,4.85,4.22,"8,110",300,"31,010","6,223",987,0.81,50,-10.33
320,티엑스알로보틱스,"16,410",상승,220,+1.36%,500,"25,319",412,"15,720","2,535",53,50.49,"118,705","16,130","16,190",732,46.50,14.93,"16,530",252,433,38,0.97,5.84,"16,120",416,"15,451",572,325,3.66,N/A,118.19
321,시너지이노베이션,"2,875",보합,0,0.00%,500,"25,067",72,"2,875","2,533",161,62.50,"131,435","2,895","2,885","3,141",7.51,5.75,"2,895","2,271",790,181,12.63,6.05,"2,860",464,"88,103",906,46,1.30,0,8.88
322,에치에프알,"19,020",상승,290,+1.55%,500,"4,302",81,"18,400","2,531",-202,-23.57,"140,576","11,890","11,680",717,-144.94,-6.32,"11,910","5,906",436,-19,7.21,-2.61,"11,650",123,"21,288",570,-150,9.80,N/A,-22.67
323,펨트론,"11,880",상승,590,+5.23%,500,"31,189",369,"11,640","2,529",-36,-79.20,"268,190","10,800","10,800","4,554",-38.26,8.48,"11,300","1,518","1,931",210,7.92,4.89,"10,790",86,"22,482","3,905","1,004",0.85,200,-19.50
324,진성티이씨,"11,240",상승,490,+4.56%,500,"124,828","1,386","10,750","2,527",244,11.20,"82,405","7,880","7,900","1,185",24.96,18.13,"7,880","1,104",97,183,7.06,16.83,"7,770","1,291","32,366",538,571,2.26,100,15.88
325,엠아이텍,"7,790",하락,50,-0.64%,500,"4,439",35,"7,840","2,521",176,13.64,"91,315","18,730","18,730","2,711",-140.39,-11.34,"19,050",504,"1,123",-185,6.07,-6.86,"18,530",71,"13,309","1,571",-807,1.59,N/A,-4.32
326,이스트소프트,"21,600",하락,50,-0.23%,500,"20,885",451,"21,750","2,516",-135,-25.71,"186,888","21,900","21,800","1,991",-51.08,-16.62,"21,950","2,721","1,106",-146,1.61,-7.52,"21,400",127,"11,647","1,025",-840,3.42,0,10.79
327,인트로메딕,"5,850",보합,0,0.00%,100,0,0,0,"2,515",-15,-42.39,0,0,0,105,58.32,-101.85,0,0,48,-70,0.76,-49.54,0,0,"42,998",104,-138,41.17,0,4.09
328,골프존홀딩스,"5,850",상승,10,+0.17%,500,"20,331",119,"5,740","2,506",394,5.14,"185,995","5,800","5,840","10,503",-26.50,6.02,"5,870","3,463","3,037",436,3.42,4.18,"5,800",904,"42,837","3,862","1,139",0.32,250,-8.94
329,헥토파이낸셜,"26,450",하락,"2,150",-7.52%,500,"190,894","5,066","27,600","2,500",133,26.40,"3,569,815","26,950","27,650","4,516",5.75,6.90,"27,050",995,"3,002",90,2.20,2.17,"26,050","2,934","9,453","1,593","1,002",1.52,350,4.07
330,쓰리빌리언,"7,820",하락,160,-2.01%,100,"214,164","1,677","7,980","2,481",-74,-34.00,"2,770,456","7,930","7,990",302,11.17,-32.81,"7,940",918,19,-66,6.86,-24.76,"7,710","6,581","31,722",58,-230,9.29,N/A,111.41
331,중앙첨단소재,"2,435",상승,60,+2.53%,500,"194,217",464,"2,365","2,479",-78,-3.54,"1,901,941","2,365","2,370","1,245","-13,814.06",-95.94,"2,460",467,278,-768,6.40,-60.25,"2,345","4,102","101,802",187,-688,2.59,0,-28.92
332,엑스게이트,"8,660",상승,60,+0.70%,100,"110,164",953,"8,160","2,472",35,85.74,"280,518","8,690","8,350",671,-15.05,9.43,"8,750","3,885",227,40,0.49,6.83,"8,580",84,"28,543",432,101,5.68,N/A,0.92
333,툴젠,"28,750",상승,400,+1.41%,500,"1,216",35,"28,550","2,467",-218,34.89,"50,974","28,550","29,200",755,-27.57,14.08,"28,800",410,170,62,0.98,7.38,"28,500",343,"8,583",9,824,4.55,0,-19.25
334,이트론,271,보합,0,0.00%,200,0,0,0,"2,456",-56,24.64,0,0,0,"1,195",0.61,-2.85,0,0,235,-23,3.54,-1.90,0,0,"906,131",163,11,2.53,0,-45.05
335,리파인,"14,160",상승,250,+1.80%,100,"9,129",129,"14,100","2,454",205,13.52,"57,340","14,100","14,150","1,816",-9.08,12.53,"14,220","4,944",112,206,3.50,11.63,"14,040",290,"17,330",678,"1,047",1.21,N/A,2.05
336,매커스,"15,130",상승,600,+4.13%,500,"22,358",333,"14,550","2,445",269,10.57,"95,248","14,750","14,740","4,092",2.04,18.59,"15,220","2,405","2,958",202,18.35,5.76,"14,580",77,"16,163","1,996","1,431",1.20,200,13.78
337,동원개발,"2,670",하락,25,-0.93%,500,"13,988",37,"2,665","2,425",210,95.36,"167,194","2,680","2,670","13,783",-29.97,1.76,"2,720",325,"3,320",183,3.03,1.30,"2,665",48,"90,808","5,204",28,0.23,80,-29.35
338,더블유씨피,"7,160",상승,90,+1.27%,500,"36,462",259,"7,070","2,423",-709,-2.22,"436,186","7,100","7,140","18,102",-252.91,-7.33,"7,160","1,872","8,415",-722,4.25,-4.56,"7,050",85,"33,843","3,221","-3,229",0.25,N/A,5.60
339,유니테스트,"11,420",상승,290,+2.61%,500,"23,781",268,"10,440","2,414",-234,-10.15,"94,928","11,360","11,140","1,850",-428.15,-19.88,"11,420",152,680,-273,6.94,-14.28,"11,130",44,"21,134",924,"-1,125",2.04,N/A,-44.90
340,GRT,"2,985",상승,55,+1.88%,0,"11,439",34,"2,935","2,413","1,470",3.06,"473,278","2,950","2,950","16,913",86.68,12.05,"2,995","1,082","7,628","1,105",79.86,6.96,"2,945","1,292","80,850","8,424",974,0.27,2,9.73
341,KH바텍,"10,160",상승,10,+0.10%,500,"4,375",44,"9,920","2,406",219,10.50,"54,791","10,150","10,160","3,871",-34.96,8.33,"10,190",333,"1,248",213,8.10,5.84,"10,040",33,"23,677","3,110",968,0.85,330,-14.46
342,토비스,"14,840",상승,20,+0.13%,500,"9,083",134,"14,740","2,384",584,4.36,"65,860","14,830","15,050","5,281",127.52,26.76,"14,840",307,"2,636",613,12.04,12.06,"14,700",466,"16,067","6,238","3,400",0.92,300,39.43
343,로보스타,"24,350",상승,50,+0.21%,500,"12,641",308,"24,400","2,374",1,-901.85,"76,063","24,450","24,500","1,126",-86.92,2.44,"24,600","1,365",206,22,2.71,1.94,"24,100",201,"9,750",891,-27,2.64,N/A,-13.19
344,뉴파워프라즈마,"5,430",상승,30,+0.56%,100,"30,855",167,"5,450","2,372",325,11.93,"198,737","5,460","5,460","9,415",102.30,7.43,"5,460","10,157","5,465",232,4.36,2.87,"5,340",926,"43,693","5,198",455,0.80,50,48.24
345,지씨지놈,"9,990",상승,710,+7.65%,500,"1,201,842","11,832","12,060","2,363",-12,N/A,"2,013,128","9,630",0,406,-870.57,-4.33,"10,080","660,564",75,-13,0.06,-3.01,"9,580",0,"23,651",259,N/A,N/A,0,-5.15
346,네오팜,"14,740",상승,20,+0.14%,500,"2,164",32,"14,640","2,363",247,9.81,"65,733","14,720","14,720","1,924",-2.58,13.69,"14,760",38,156,231,14.43,12.47,"14,600",156,"16,028","1,190","1,503",1.32,600,22.56
347,위지윅스튜디오,"1,376",상승,14,+1.03%,500,"69,067",94,"1,402","2,354",-118,-4.41,"991,639","1,399","1,403","2,935",41.74,-28.05,"1,399",555,"1,199",-603,5.22,-19.10,"1,360",924,"171,049",804,-312,1.43,N/A,-45.41
348,원일티엔아이,"28,050",하락,350,-1.23%,500,"28,533",792,"28,250","2,351",64,N/A,"241,352","28,100","28,400",730,122.86,24.45,"28,100",479,369,79,0.28,11.67,"27,450",394,"8,381",422,N/A,N/A,0,0.74
349,한국캐피탈,744,상승,4,+0.54%,500,"22,408",17,741,"2,348",969,2.91,"455,676",742,758,"44,603",17.93,12.62,744,"1,533","37,866",811,0.42,1.94,740,"11,274","315,610","4,626",256,0.34,30,21.08
350,휴림로봇,"2,130",하락,5,-0.23%,500,"304,629",648,"2,135","2,348",-49,-106.50,"2,752,841","2,140","2,140","3,349",-165.20,-5.59,"2,145","14,127","1,225",-94,2.16,-4.16,"2,115","1,660","110,238","1,331",-20,1.91,N/A,61.01
351,에이디테크놀로지,"17,470",상승,390,+2.28%,500,"18,763",326,"17,180","2,348",-170,-14.07,"88,705","17,480","17,340","2,449",2.61,-10.24,"17,500",515,"1,133",-152,2.14,-5.68,"17,110",150,"13,441","1,065","-1,242",1.75,71,-0.72
352,와이즈넛,"17,910",상승,190,+1.07%,500,"29,841",532,"18,200","2,346",17,179.10,"354,041","18,100","18,300",580,-50.74,6.10,"18,100",150,66,31,0.93,5.38,"17,650",14,"13,097",349,100,3.77,N/A,-8.40
353,우양에이치씨,"16,100",상승,90,+0.56%,500,"2,837",45,"15,990","2,342",311,16.98,"87,647","15,800","16,010","2,609",23.02,17.19,"16,100",24,878,274,0.59,10.63,"15,750",67,"14,548","1,832",948,1.26,30,21.08
354,파멥신,"2,915",보합,0,0.00%,500,0,0,0,"2,338",-77,-44.85,0,0,0,543,36.27,-15.32,0,0,66,-49,0.00,-12.16,0,0,"80,201",39,-65,4.90,N/A,"5,083.24"
355,비츠로테크,"8,890",보합,0,0.00%,500,"94,286",840,"8,890","2,329",511,28.49,"978,100","9,010","8,900","5,905",77.36,3.72,"9,080","5,028","1,679",415,5.02,7.56,"8,800","1,262","26,200","4,283",312,1.01,50,21.38
356,피에이치에이,"11,070",상승,290,+2.69%,500,"4,948",54,"10,750","2,325",515,4.04,"39,091","10,830","11,110","10,696",6.60,8.14,"11,070",543,"2,694",619,12.44,6.03,"10,810",11,"21,000","11,529","2,739",0.27,350,1.61
357,SG,"2,340",상승,25,+1.08%,100,"51,999",121,"2,315","2,306",-61,-9.40,"607,014","2,320","2,325","2,328",54.95,-50.91,"2,345","2,227","1,461",-362,1.60,-17.22,"2,305","3,581","98,559","1,189",-249,2.15,0,46.98
358,케이티알파,"4,700",상승,25,+0.53%,"1,000","3,943",18,"4,675","2,304",246,10.35,"167,074","4,675","4,680","4,621",156.07,7.78,"4,700",341,"2,009",197,1.31,4.40,"4,650",15,"49,019","3,882",454,0.85,N/A,-1.17
359,제테마,"6,410",하락,30,-0.47%,500,"4,167",27,"6,450","2,299",41,-94.26,"197,991","6,450","6,500","2,227",56.09,-0.26,"6,450",866,"1,513",-26,1.01,-1.13,"6,400",78,"35,859",685,-68,3.34,0,16.70
360,나이스정보통신,"22,950",상승,350,+1.55%,500,"3,782",86,"22,700","2,295",399,6.44,"23,729","22,800","22,750","11,226",8.55,11.22,"22,950",464,"7,367",377,23.59,3.23,"22,600",66,"10,000","9,751","3,562",0.57,810,9.37
361,잉글우드랩,"11,540",하락,110,-0.94%,0,"25,134",292,"11,710","2,293",188,14.11,"316,197","11,740","11,770","1,997",-34.86,15.17,"11,760",138,558,196,10.63,10.51,"11,480",372,"19,868","1,822",818,1.58,103,-11.88
362,컴투스홀딩스,"34,700",상승,200,+0.58%,500,"58,674","2,079","35,000","2,289",-506,-5.18,"82,053","35,800","35,100","5,420","-1,408.36",-13.72,"36,200",60,"3,305",-425,4.03,-7.47,"34,600",231,"6,595","1,493","-6,695",0.95,N/A,-2.49
363,파이버프로,"6,910",하락,50,-0.72%,100,"37,961",260,"6,840","2,270",72,31.13,"380,399","6,870","6,860",499,175.42,20.26,"6,950",119,113,72,1.98,15.80,"6,780",6,"32,854",329,222,5.97,66,69.93
364,애니플러스,"4,630",상승,30,+0.65%,100,"132,504",608,"4,600","2,268",251,11.69,"2,023,153","4,600","4,610","2,556",9.96,15.20,"4,640","10,356","1,317",180,9.11,7.92,"4,535","2,152","48,986","1,310",396,1.76,0,17.63
365,제일일렉트릭,"10,190",상승,310,+3.14%,500,"93,475",953,"10,240","2,264",89,21.82,"374,140","10,270","10,260","2,193",N/A,N/A,"10,290",776,648,104,2.02,N/A,"10,050","2,709","22,220","1,863",467,1.48,100,N/A
366,아스트,572,보합,0,0.00%,500,"37,217",21,572,"2,260",-64,19.72,"944,652",584,586,"5,620",82.42,-10.50,584,706,"2,659",-171,1.35,-3.32,568,"47,726","395,158","1,714",29,0.72,0,1.72
367,모두투어,"11,880",하락,40,-0.34%,500,"7,421",88,"11,920","2,245",47,22.46,"80,914","12,040","12,090","2,349",-59.75,15.33,"12,040",252,"1,638",108,13.72,4.06,"11,770","1,072","18,900","2,516",529,2.79,250,40.86
368,대양전기공업,"23,400",상승,550,+2.41%,500,"13,676",313,"23,000","2,239",157,10.34,"92,160","23,000","23,100","3,086",320.05,8.32,"23,450",245,633,196,5.89,6.46,"22,450",243,"9,567","1,963","2,263",0.86,100,27.17
369,모트렉스,"9,000",상승,70,+0.78%,500,"4,709",42,"9,000","2,238",436,13.12,"85,472","9,000","9,010","9,318",-18.01,8.22,"9,030",68,"6,600",193,3.29,2.64,"8,900",65,"24,862","5,869",686,0.92,162,10.52
370,한중엔시에스,"24,700",상승,200,+0.82%,500,"9,866",242,"24,650","2,237",96,12.13,"121,617","24,700","24,700","1,668",175.55,36.13,"24,750",831,864,154,2.15,10.61,"24,250",495,"9,058","1,773","2,036",2.74,N/A,45.83
371,KG모빌리언스,"5,880",하락,90,-1.51%,500,"174,154","1,036","6,130","2,235",74,33.03,"4,756,125","6,090","6,150","5,385",-77.48,2.84,"6,090","3,122","1,915",82,4.28,1.54,"5,810",723,"38,011","2,661",178,0.63,220,-4.82
372,풍원정밀,"10,600",상승,200,+1.92%,500,"5,872",65,"10,510","2,230",-182,-7.38,"20,933","10,510","12,000",963,16.80,-70.74,"11,610",36,689,-301,0.40,-30.26,"10,470",183,"21,040",493,"-1,436",10.37,0,14.42
373,아이씨티케이,"16,590",상승,350,+2.16%,500,"106,903","1,764","16,350","2,226",-67,-33.25,"489,015","12,860","12,860",391,-54.09,-46.12,"12,860","6,416",71,-120,3.42,-36.84,"12,370",53,"17,682",49,-808,7.97,N/A,20.29
374,에스오에스랩,"12,580",하락,280,-2.18%,100,"43,818",550,"12,510","2,224",-128,-15.57,"425,080","16,570","16,360",458,N/A,N/A,"16,620","3,177",28,-58,0.86,N/A,"16,360",61,"13,421",67,-499,5.37,0,N/A
375,네패스,"9,640",상승,260,+2.77%,500,"12,115",116,"9,500","2,223",34,-5.55,"179,213","9,600","9,600","7,101",-66.22,-48.21,"9,700",702,"5,029",-794,7.55,-9.49,"9,510","2,526","23,059","4,643","-1,736",2.04,N/A,-0.99
376,인터로조,"16,800",상승,180,+1.08%,500,"6,537",110,"16,620","2,220",58,-103.07,"76,118","16,620","16,800","2,344",12.02,0.11,"17,000",548,645,2,8.91,0.07,"16,620",210,"13,216","1,158",-163,1.26,300,-2.90
377,하이비젼시스템,"14,800",상승,150,+1.02%,500,"2,398",35,"14,650","2,211",310,6.84,"52,217","14,660","14,750","3,657",-47.30,15.91,"14,830",658,761,404,13.61,11.14,"14,650",8,"14,942","3,120","2,163",0.70,400,-10.41
378,우진엔텍,"23,800",상승,400,+1.71%,500,"97,334","2,342","24,450","2,207",53,47.22,"508,609","24,350","24,500",517,-9.74,13.35,"24,450","1,350",43,54,0.40,11.86,"23,550","1,023","9,271",440,504,4.80,200,8.05
379,아나패스,"18,180",상승,90,+0.50%,500,"1,085",20,"18,100","2,204",200,11.43,"20,625","18,170","18,300","1,176",348.44,29.88,"18,180",275,449,189,4.28,16.47,"18,050",61,"12,123","1,822","1,590",2.88,N/A,154.96
380,나인테크,"4,125",하락,125,-2.94%,100,"593,873","2,457","4,250","2,203",46,-21.60,"1,787,393","8,860","8,890","1,389",26.50,12.78,"8,860","1,035",490,110,3.76,7.78,"8,860","1,753","24,799",654,570,2.12,50,18.89
381,아톤,"8,860",상승,230,+2.67%,100,"53,725",476,"8,880","2,197",144,15.54,"82,788","9,540","9,550",769,-30.68,-13.67,"9,540",118,49,-106,4.46,-13.12,"9,380",14,"23,257",19,-469,3.06,0,"13,737.28"
382,박셀바이오,"9,440",하락,20,-0.21%,500,"5,233",50,"9,540","2,195",-150,-20.13,"58,062","4,805","4,850","3,450",9.69,-22.82,"4,840",199,834,-637,3.89,-17.66,"4,785",350,"45,540",29,"-1,633",0.90,N/A,-33.75
383,제넥신,"4,820",상승,30,+0.63%,500,"3,109",15,"4,795","2,195",-372,-2.95,"57,288","17,570","17,570","1,153",194.82,13.25,"17,570",64,272,108,1.66,10.09,"17,250",494,"12,524",835,868,2.41,N/A,38.33
384,디앤씨미디어,"17,450",하락,120,-0.68%,500,"6,661",116,"17,500","2,186",103,20.10,"455,657","6,580","6,580","10,762",2.07,4.47,"6,580","2,765","6,726",170,19.04,1.67,"6,450",299,"33,574","5,750",361,0.60,0,5.59
385,와이지-원,"6,505",하락,15,-0.23%,500,"39,151",254,"6,530","2,184",558,18.02,"1,204,485","14,140","14,180",113,24.48,9.83,"14,290",218,884,-77,0.00,-77.65,"14,000","2,607","15,418",131,-593,-2.29,160,3.94
386,로킷헬스케어,"14,140",상승,70,+0.50%,500,"104,671","1,476","14,160","2,180",-56,-23.84,"269,336","11,700","11,670","1,070",14.71,-1.78,"11,850",834,755,-8,1.04,-0.66,"11,430",161,"18,782",607,-176,6.22,0,-9.01
387,티로보틱스,"11,600",하락,40,-0.34%,500,"26,852",312,"11,640","2,179",-70,-65.91,"173,112","6,100","6,120","3,450",-12.96,18.47,"6,120","6,005",962,413,7.85,12.72,"6,030","1,367","35,860","3,203",812,1.19,100,5.21
388,세경하이테크,"6,060",상승,40,+0.66%,500,"21,735",132,"6,100","2,173",315,7.46,"3,227,388","4,250","4,255","1,860",249.45,-7.26,"4,250","11,472","1,019",-54,4.46,-2.41,"4,060",86,"53,398","1,972",-191,2.54,0,60.28
389,지투파워,"11,560",상승,280,+2.48%,500,"290,551","3,387","11,700","2,163",37,64.58,"3,203,076","11,820","11,750",641,488.22,12.22,"11,890","2,127",274,42,0.00,7.03,"11,520",109,"18,709",554,179,5.90,N/A,12.16
390,윤성에프앤씨,"27,100",상승,350,+1.31%,100,"2,714",73,"27,050","2,162",319,8.75,"29,950","27,250","27,250","3,009",20.55,20.70,"27,300",132,"1,036",371,1.91,11.47,"26,700",30,"7,979","2,713","3,097",1.10,200,-13.28
391,푸른소나무,"8,790",보합,0,0.00%,500,0,0,0,"2,161",-15,-32.20,0,0,0,116,85.36,-417.81,0,0,89,-77,0.00,-72.26,0,0,"24,580",37,-273,64.24,N/A,80.83
392,서호전기,"41,950",상승,850,+2.07%,500,"6,321",263,"41,100","2,160",16,14.11,"39,618","41,050","41,150","1,020",-87.32,12.69,"42,700",250,126,115,5.23,11.15,"40,450",7,"5,150",465,"2,974",2.17,"2,500",-29.78
393,한국알콜,"9,940",상승,20,+0.20%,500,"3,274",32,"9,900","2,148",274,8.04,"52,129","9,940","9,920","6,549",25.38,4.96,"9,980",164,930,304,2.88,4.64,"9,870",684,"21,606","4,210","1,237",0.40,110,-3.94
394,씨에스베어링,"7,870",하락,200,-2.48%,500,"58,681",465,"8,030","2,146",21,37.12,"332,564","7,990","8,040","1,480","3,596.39",2.80,"7,990",289,542,25,0.68,1.68,"7,860","4,312","27,270","1,054",212,2.27,N/A,37.60
395,유비케어,"4,105",상승,50,+1.23%,500,"22,539",92,"4,050","2,143",52,186.59,"203,756","4,070","4,060","1,601",47.12,-1.55,"4,110","1,478",523,-16,2.19,-0.99,"4,060",208,"52,197","1,906",22,2.08,30,23.73
396,앱클론,"11,220",하락,80,-0.71%,500,"18,164",204,"10,850","2,142",-156,-11.97,"215,565","11,300","11,300",482,-33.87,-57.57,"11,450",520,188,-163,8.48,-34.83,"11,130",202,"19,093",23,-937,8.69,0,-18.67
397,멀티캠퍼스,"35,950",하락,250,-0.69%,500,"1,277",46,"36,200","2,131",389,7.23,"6,692","36,200","36,300","3,207",-3.37,15.16,"36,400",41,997,315,7.70,9.97,"35,750",32,"5,927","3,527","4,970",1.02,"2,100",-1.63
398,금화피에스시,"35,450",상승,"1,450",+4.26%,500,"37,759","1,328","34,200","2,127",362,5.89,"110,020","34,900","34,800","4,618",-16.71,11.59,"35,750",476,"1,009",400,19.91,8.98,"34,550",335,"6,000","3,402","6,021",0.59,N/A,-67.74
399,동신건설,"25,300",하락,500,-1.94%,500,"10,244",260,"24,500","2,125",6,142.94,"80,729","25,600","25,600","1,126",-90.76,3.07,"25,750",777,139,30,1.61,2.60,"25,100",9,"8,400",690,177,2.21,"1,400",0.78
400,로체시스템즈,"13,890",상승,170,+1.24%,500,"4,511",63,"13,730","2,125",198,15.11,"64,948","13,720","13,780","1,575",65.83,10.36,"14,050",115,352,121,42.97,8.23,"13,500",280,"15,297","1,601",919,1.65,N/A,937.76
401,동신건설,"25,300",하락,500,-1.94%,500,"10,244",260,"24,500","2,125",6,142.94,"80,729","25,600","25,600","1,126",-90.76,3.07,"25,750",824,139,30,1.61,2.60,"25,100",9,"8,400",690,177,2.21,250,-16.65
402,로체시스템즈,"13,890",상승,170,+1.24%,500,"4,511",63,"13,730","2,125",198,15.11,"64,948","13,720","13,780","1,575",65.83,10.36,"14,050",115,352,121,42.97,8.23,"13,500",280,"15,297","1,601",919,1.65,50,52.07
403,DSC인베스트먼트,"7,860",상승,120,+1.55%,500,"256,135","1,983","7,790","2,122",150,29.33,"2,631,400","7,830","7,800","1,578",-14.77,9.98,"7,860","5,022",435,106,2.98,7.09,"7,630",132,"27,000",386,268,1.85,40,15.08
404,케이프,"6,840",상승,90,+1.33%,500,"15,789",107,"6,750","2,114",390,23.34,"43,245","22,200","22,000",944,156.71,9.05,"22,800",332,262,59,1.06,7.01,"21,950",108,"9,367",614,"1,162",3.06,N/A,34.88
405,폴라리스AI,"2,895",상승,35,+1.22%,500,"243,916",702,"2,900","2,105",-13,55.67,"233,061","6,760","6,760","24,047",-4.79,7.47,"6,850",351,"21,452",183,3.05,0.79,"6,600",882,"30,902","5,165",293,0.92,300,-12.56
406,오로스테크놀로지,"22,450",상승,500,+2.28%,500,"3,442",76,"21,800","2,103",61,19.32,"841,350","2,900","2,905","1,160",-189.87,1.32,"2,900","3,236",203,11,1.17,1.05,"2,835","8,404","72,696",531,52,2.15,0,-10.71
407,어보브반도체,"11,800",상승,160,+1.37%,500,"24,016",281,"11,480","2,098",-51,30.33,"165,438","11,890","11,670","2,930",65.17,2.44,"11,890","4,230","1,385",-181,4.53,-6.23,"11,550",13,"17,781","2,321",389,1.68,150,-0.14
408,텔레칩스,"13,830",상승,100,+0.73%,500,"3,058",42,"13,910","2,094",49,-5.84,"68,307","14,000","14,010","3,779",-70.95,-17.22,"14,000",13,"1,761",-386,1.69,-10.25,"13,660",104,"15,144","1,866","-2,369",1.03,60,-2.34
409,삼양엔씨켐,"19,270",상승,560,+2.99%,500,"26,475",504,"18,730","2,094",107,20.83,"96,245","18,980","19,100","1,283",45.87,11.32,"19,450","3,118",446,90,4.72,6.91,"18,780",516,"10,866","1,105",925,1.95,N/A,12.08
410,에브리봇,"17,050",상승,100,+0.59%,500,"13,095",223,"17,150","2,091",-22,"2,131.25","511,723","17,150","17,300","1,177",N/A,N/A,"17,150",860,508,3,0.00,N/A,"16,910",278,"12,262",298,8,3.21,N/A,N/A
411,뷰웍스,"21,400",상승,50,+0.23%,500,298,6,"21,350","2,086",223,13.73,"21,661","21,450","21,450","3,229",19.19,9.41,"21,450",385,861,211,32.78,6.85,"21,350",34,"9,750","2,229","1,559",0.84,600,1.20
412,미래반도체,"14,440",상승,200,+1.40%,100,"4,434",64,"14,200","2,085",102,25.69,"30,565","14,350","14,240","1,333",8.79,7.29,"14,450",97,474,60,0.76,4.28,"14,200",3,"14,438","4,876",562,2.31,N/A,28.15
413,티엘비,"21,200",보합,0,0.00%,500,"56,229","1,197","21,400","2,085",34,48.51,"229,803","22,000","21,450","1,884",10.28,3.25,"22,000",214,763,36,3.71,1.99,"20,850",533,"9,833","1,800",437,1.86,200,5.08
414,노바텍,"19,600",상승,160,+0.82%,500,"23,920",466,"19,400","2,073",126,13.90,"242,925","19,300","19,440","1,834",-50.75,10.80,"19,680",706,125,172,1.74,9.78,"19,020",134,"10,576",658,"1,410",1.25,"1,409",-28.79
415,아미코젠,"3,765",상승,40,+1.07%,500,"41,247",153,"3,725","2,071",-71,-3.91,"371,567","3,725","3,755","2,942",-442.93,-35.39,"3,790","4,862","1,711",-509,7.04,-13.37,"3,685","3,378","55,018","1,736",-963,1.77,N/A,8.57
416,오가노이드사이언스,"31,600",하락,500,-1.56%,500,"53,061","1,682","32,150","2,069",-122,-14.81,"2,668,120","32,100","32,200",259,-24.91,36.26,"32,250","2,804",106,-115,1.18,-39.34,"31,150",406,"6,546",20,"-2,134",10.88,0,22.77
417,동국산업,"3,810",상승,70,+1.87%,"1,000","20,252",77,"3,750","2,067",120,-36.99,"114,919","3,745","3,800","9,428",144.20,-1.63,"3,825","2,334","4,545",-296,5.37,-3.23,"3,740","1,257","54,244","7,903",-103,0.51,130,4.40
418,디지털대성,"7,460",하락,20,-0.27%,500,390,3,"7,460","2,065",237,12.80,"27,158","7,480","7,480","3,380",-5.28,10.45,"7,520",962,"1,769",161,3.04,5.49,"7,450",459,"27,675","2,177",583,1.61,500,2.92
419,헥토이노베이션,"15,640",하락,280,-1.76%,500,"262,311","4,137","16,000","2,053",489,7.21,"1,413,035","16,080","16,010","6,922",28.48,14.63,"16,100","5,073","3,624",348,10.17,5.46,"15,350",208,"13,125","3,195","2,169",1.02,490,10.74
420,안트로젠,"20,350",하락,100,-0.49%,500,330,7,"20,300","2,036",-37,-82.06,"8,192","20,350","20,350","1,161",26.09,-1.91,"20,400",44,59,-23,4.47,-1.73,"20,250",15,"10,006",69,-248,2.16,N/A,6.66
421,LB세미콘,"3,500",하락,50,-1.41%,500,"39,925",138,"3,550","2,033",-188,-6.76,"82,834","3,550","3,555","8,060",-48.16,-9.19,"3,555",525,"4,598",-230,29.06,-2.88,"3,300",121,"58,083","4,509",-518,0.61,N/A,8.16
422,레드캡투어,"12,130",하락,150,-1.22%,500,"5,534",67,"12,280","2,028",436,8.41,"49,388","12,300","12,300","6,972",12.37,9.64,"12,300",78,"4,816",202,9.55,2.81,"12,070",898,"16,721","3,589","1,442",1.06,"2,150",6.12
423,쇼박스,"3,235",하락,15,-0.46%,500,"29,739",96,"3,220","2,026",245,34.41,"141,688","3,230","3,255","1,540",186.67,23.14,"3,245","4,868",219,274,2.96,19.17,"3,210",370,"62,638",931,94,1.67,150,131.81
424,비나텍,"31,700",하락,450,-1.40%,500,"15,421",485,"31,650","2,020",-81,-15.91,"204,577","31,800","31,900","1,761",-365.73,-12.25,"31,850",293,922,-97,1.88,-6.32,"31,200",61,"6,372",596,"-1,993",2.33,24,8.42
425,대원산업,"10,080",상승,260,+2.65%,500,"7,006",70,"9,850","2,020",750,2.28,"55,422","9,900","10,000","7,117",58.72,15.16,"10,160","1,080","1,993",726,13.05,11.38,"9,900",165,"20,038","9,315","4,430",0.38,200,19.78
426,AP위성,"13,340",상승,20,+0.15%,500,"11,872",157,"13,320","2,012",73,32.62,"78,402","13,340","13,340","1,352",-27.51,10.41,"13,350",731,299,104,0.67,7.46,"13,200",339,"15,082",586,409,1.80,N/A,18.61
427,휴마시스,"1,550",상승,31,+2.04%,100,"763,229","1,192","1,564","2,005",-106,-5.94,"2,101,869","1,527","1,570","3,319",79.83,-11.79,"1,584",51,828,-356,5.49,-10.47,"1,520",153,"129,375",254,-261,0.77,N/A,83.79
428,퀄리타스반도체,"14,300",상승,140,+0.99%,500,"17,402",248,"13,810","2,004",-227,-10.22,"81,165","14,290","14,160",640,-102.87,-48.62,"14,370",83,134,-191,0.00,-36.39,"14,150",41,"14,011",61,"-1,399",4.36,N/A,-43.62
429,랩지노믹스,"2,695",상승,75,+2.86%,500,"1,216,267","3,316","2,575","2,001",-185,-9.91,"2,509,895","2,620","2,590","2,957",-167.09,-10.72,"2,785","2,783",793,-239,1.29,-7.85,"2,620",43,"74,240",859,-272,0.95,N/A,20.85
430,나무가,"13,540",상승,80,+0.59%,500,"2,944",39,"13,360","1,988",209,8.44,"22,276","13,460","13,660","2,644",-7.82,16.64,"13,590",246,975,261,3.06,11.11,"13,340",263,"14,685","4,504","1,604",1.19,650,23.18
431,포바이포,"17,740",하락,230,-1.28%,500,"122,990","2,170","17,960","1,982",-139,-19.60,"640,149","17,970","17,970",590,14.56,-32.55,"18,000",630,285,-123,0.27,-19.52,"17,440",305,"11,170",333,-905,7.28,0,-1.41
432,이크레더블,"16,450",상승,50,+0.30%,500,"1,173",19,"16,300","1,981",150,15.19,"18,229","16,400","16,390",594,18.68,27.34,"16,450",8,104,129,9.40,22.74,"16,380",138,"12,044",451,"1,083",6.52,"1,590",9.70
433,KX,"4,350",상승,250,+6.10%,500,"85,542",364,"4,150","1,972",597,2.41,"85,111","4,165","4,155","8,868",-3.73,27.09,"4,350","1,194","4,438",975,1.62,10.14,"4,165",3,"45,336","4,038","1,804",0.55,190,0.18
434,드림시큐리티,"3,890",상승,85,+2.23%,100,"54,496",210,"3,875","1,969",256,16.55,"389,925","3,885","3,880","5,366",-22.94,11.91,"3,895","2,625","3,889",121,4.25,2.56,"3,835",57,"50,606","2,688",235,1.63,N/A,15.51
435,이화전기,899,보합,0,0.00%,200,0,0,0,"1,968",17,-40.86,0,0,0,"2,799",-51.38,-5.83,0,0,523,-137,0.88,-4.69,0,0,"218,949",645,-22,0.86,0,-1.07
436,그래디언트,"14,370",하락,20,-0.14%,"2,500",706,10,"14,280","1,965",-55,-4.30,"22,616","14,400","14,500","17,380",-289.46,-7.70,"14,460",13,"9,559",-260,4.01,-1.43,"14,340",559,"13,677","33,179","-3,341",0.37,200,-3.10
437,앱트뉴로사이언스,"1,232",상승,12,+0.98%,100,"37,083",45,"1,220","1,956",-128,-22.40,"575,416","1,220","1,240","2,064",-94.80,-27.51,"1,238","6,462","1,255",-192,3.75,-12.57,"1,214","5,197","158,791",184,-55,2.16,0,-9.98
438,티씨머티리얼즈,"5,700",상승,80,+1.42%,500,"133,163",759,"5,630","1,951",109,30.65,"2,109,550","5,740","5,650",762,25.76,12.51,"5,800","8,495",193,63,1.55,8.58,"5,640",417,"34,228","3,039",186,3.32,0,20.57
439,동양이엔피,"24,800",상승,50,+0.20%,500,"2,181",54,"24,800","1,949",516,2.93,"57,931","24,900","24,900","4,885",20.16,19.25,"24,950",478,874,695,7.52,15.23,"24,600",143,"7,860","5,484","8,455",0.47,600,2.14
440,이니텍,"9,830",상승,50,+0.51%,500,"5,954",58,"9,780","1,945",2,79.92,"255,845","9,780","9,800","1,184",106.51,2.10,"9,860",312,73,23,1.97,1.97,"9,700","1,308","19,791",389,123,1.48,0,-14.83
441,아바코,"13,010",상승,100,+0.77%,500,"11,741",152,"12,910","1,940",211,9.59,"95,174","12,920","12,920","3,907",378.73,13.70,"13,050",326,"1,895",264,6.69,7.18,"12,860",342,"14,913","3,055","1,356",0.96,500,63.51
442,국전약품,"3,875",상승,110,+2.92%,100,"30,105",117,"3,830","1,936",4,133.62,"120,957","3,845","3,835","2,123",-94.33,1.79,"3,915",501,"1,148",5,0.48,0.25,"3,830",361,"49,966","1,365",29,1.92,10,11.86
443,탑머티리얼,"23,700",상승,200,+0.85%,500,"4,385",104,"23,600","1,930",-72,-17.52,"24,179","23,650","23,900","2,074",-152.29,-5.50,"23,750","1,225",663,-82,0.00,-3.97,"23,500",72,"8,144","1,061","-1,353",1.36,0,-13.19
444,이수앱지스,"5,220",상승,60,+1.16%,500,"13,827",71,"5,250","1,928",134,8.38,"163,514","5,200","5,260","1,602",244.86,16.53,"5,220",100,594,147,3.16,8.02,"5,130","2,170","36,937",603,623,1.98,0,10.96
445,파인엠텍,"5,210",하락,10,-0.19%,500,"6,462",33,"5,160","1,927",-79,-8.71,"133,586","5,170","5,250","3,333",-138.90,-11.87,"5,220","1,048","1,691",-158,2.29,-5.06,"5,100","8,994","36,988","3,822",-598,1.33,N/A,0.56
446,아티스트컴퍼니,"12,350",하락,200,-1.59%,500,"5,694",71,"12,450","1,926",-31,-21.78,"180,494","12,550","12,550",526,3.95,-30.27,"12,550",68,293,-78,2.32,-13.73,"12,310","1,118","15,591",213,-567,3.56,N/A,-0.03
447,인터플렉스,"8,240",상승,20,+0.24%,500,"2,263",19,"8,020","1,922",344,3.85,"43,206","8,230","8,230","3,649",58.79,21.95,"8,280","6,623",831,551,3.00,16.55,"8,180",155,"23,327","4,975","2,140",0.66,N/A,13.54
448,디에스케이,"7,460",상승,160,+2.19%,500,"14,055",105,"7,250","1,918",-197,-19.13,"57,922","7,300","7,300","1,664",-102.94,-6.21,"7,590","3,049",329,-114,1.61,-6.77,"7,250","1,098","25,710",226,-390,1.61,N/A,-68.34
449,덕산하이메탈,"4,210",상승,50,+1.20%,200,"17,362",72,"4,060","1,913",186,15.36,"91,538","4,160","4,160","8,185",269.97,6.76,"4,210","2,292","3,636",313,2.29,3.99,"4,110",612,"45,437","2,359",274,0.61,N/A,63.30
450,KZ정밀,"12,130",하락,60,-0.49%,500,139,2,"12,190","1,910",152,14.56,"6,396","12,270","12,350","6,044",-26.95,4.69,"12,270",135,"1,221",192,5.89,3.84,"12,130",25,"15,750","1,127",833,0.48,800,-18.74
451,성우,"12,680",상승,170,+1.36%,500,"28,359",361,"12,550","1,908",146,9.10,"383,963","12,820","12,580","2,549",-49.40,10.71,"12,830","1,042",321,182,1.32,8.71,"12,580",18,"15,046","1,309","1,393",0.87,150,-10.74
452,아가방컴퍼니,"5,800",하락,20,-0.34%,500,"26,366",152,"5,890","1,907",152,17.63,"84,472","16,370","16,320","4,927",-2.81,-3.13,"16,500",344,"2,533",-46,5.94,-0.92,"16,350",36,"11,568","1,426",-566,0.96,700,-2.87
453,유니셈,"6,210",상승,100,+1.64%,500,"34,885",216,"6,130","1,904",100,13.96,"496,843","5,840","5,900","2,238",-8.27,6.64,"5,840","1,659",562,102,2.52,4.57,"5,730","1,118","32,888","1,827",329,0.96,N/A,-1.97
454,KT나스미디어,"16,410",상승,100,+0.61%,500,"1,597",26,"16,310","1,898",199,-28.99,"86,891","6,140","6,150","2,631",-42.64,7.02,"6,230",116,348,155,7.45,6.12,"6,090",123,"30,664","2,182",445,0.79,80,-6.01
455,덱스터,"7,450",하락,50,-0.67%,500,"12,314",92,"7,500","1,893",-89,-15.65,"78,871","7,490","7,530","1,036","-21,406.94",-22.64,"7,490",283,547,-107,2.87,-11.33,"7,400",7,"25,412",537,-476,4.73,N/A,-20.72
456,사피엔반도체,"22,950",상승,350,+1.55%,100,"22,513",518,"22,600","1,885",-34,-76.50,"86,846","22,650","22,900",312,50.22,-125.23,"23,350",521,148,-171,4.19,-64.70,"22,650",570,"8,213",80,-300,12.24,0,148.96
457,지니언스,"20,750",하락,500,-2.35%,500,"14,123",295,"21,250","1,884",98,16.91,"176,889","21,600","21,300",693,52.16,20.33,"21,950","2,425",125,109,27.77,16.41,"20,300",167,"9,080",496,"1,227",3.27,250,15.65
458,강원에너지,"7,180",보합,0,0.00%,500,"8,167",58,"7,190","1,876",68,74.79,"59,600","7,140","7,220","1,639",-2.25,2.60,"7,180",24,920,-6,1.76,-0.35,"7,050",223,"26,123","2,244",96,4.58,N/A,61.21
459,BGF에코머티리얼즈,"2,985",상승,25,+0.84%,500,"4,824",14,"2,890","1,874",140,13.39,"63,664","2,945","2,960","7,152",-18.51,4.00,"2,985","1,604","2,213",155,1.07,2.41,"2,940",26,"62,767","3,643",223,0.46,50,27.54
460,현대사료,994,보합,0,0.00%,100,0,0,0,"1,873",27,4.38,0,0,0,"1,170",-56.45,340.50,0,0,281,284,2.38,25.24,0,0,"188,472","1,285",227,2.24,N/A,-20.01
461,넥써쓰,"3,180",하락,145,-4.36%,500,"225,514",726,"3,375","1,867",-89,-44.17,"2,573,770","3,370","3,390",338,44.70,-29.78,"4,675","1,585",341,153,2.86,16.91,"4,565",453,"40,191",853,335,2.56,15,4.46
462,케이에스피,"4,635",상승,20,+0.43%,500,"53,769",248,"4,640","1,863",138,13.84,"436,165","4,675","4,670","1,055",16.66,25.99,"2,325",713,"5,865",127,0.16,1.30,"2,325",3,"79,722","3,889",97,0.51,N/A,-0.28
463,에이스테크,"2,455",상승,35,+1.45%,500,"13,087",32,"2,415","1,854",-311,-2.70,"6,016","2,325","2,330","9,681",137.95,3.47,"10,830",234,"1,398",-447,5.78,-11.84,"10,350",108,"17,133","1,676","-2,801",0.88,N/A,-36.39
464,모다이노칩,"2,325",보합,0,0.00%,500,7,0,"2,300","1,854",386,23.97,"129,121","10,350","10,330","3,462",-109.01,-19.74,"3,380","12,531",80,-82,2.00,-22.40,"3,100",883,"58,718",76,-72,5.74,0,38.29
465,이엠텍,"10,780",상승,460,+4.46%,500,"13,320",141,"10,320","1,847",-305,-3.85,"1,511,965","5,120","5,010",285,-12.23,-134.66,"5,140","5,145",143,-270,3.02,-67.28,"4,900",43,"37,231",372,-963,10.34,N/A,"2,005.36"
466,비트맥스,"4,960",상승,85,+1.74%,500,"291,676","1,455","5,000","1,847",-185,-5.15,"62,099","2,420","2,420","3,049",49.99,-67.32,"2,515",56,"2,093",-408,0.00,-14.44,"2,420",403,"75,506","1,451",-909,1.89,0,3.59
467,경동제약,"5,970",상승,40,+0.67%,500,727,4,"5,930","1,837",26,31.59,"28,034","5,930","5,940","3,029",110.51,2.44,"5,970",937,825,54,1.73,1.83,"5,930",20,"30,769","1,939",189,0.75,300,19.22
468,디와이피엔에프,"17,000",상승,200,+1.19%,500,"3,603",61,"16,780","1,821",246,7.27,"48,804","16,800","16,800","3,208",195.44,15.14,"17,110",8,"1,926",182,4.48,5.94,"16,680",162,"10,714","2,810","2,339",1.19,N/A,95.08
469,대한약품,"30,350",상승,150,+0.50%,500,665,20,"30,200","1,821",381,5.50,"27,789","30,200","30,500","3,244",6.38,12.89,"30,450",252,484,338,17.08,10.91,"30,200",187,"6,000","2,042","5,523",0.64,900,4.23
470,에스피소프트,"7,310",상승,100,+1.39%,100,"16,123",117,"7,060","1,809",38,46.56,"77,514","7,240","7,070",768,N/A,N/A,"7,320","1,965",142,3,2.10,N/A,"7,180",662,"24,741",451,157,2.78,0,N/A
471,와이솔,"6,520",상승,30,+0.46%,500,"5,599",36,"6,490","1,804",5,-58.21,"81,786","6,530","6,530","4,143",-96.58,3.12,"6,530",322,524,110,5.83,2.71,"6,470",283,"27,672","3,750",-112,0.53,500,1.42
472,더네이쳐홀딩스,"12,130",하락,40,-0.33%,500,"2,503",30,"12,000","1,801",301,9.25,"52,586","12,010","12,170","6,983",-55.05,4.91,"12,170",8,"2,987",190,8.54,2.84,"12,010",130,"14,848","5,169","1,311",0.49,500,-5.75
473,HB테크놀러지,"1,936",상승,25,+1.31%,500,"120,870",232,"1,920","1,795",-165,-2.39,"157,630","7,390","7,390","2,324",109.54,28.16,"7,400",345,516,446,3.68,21.92,"7,240","2,314","24,396","1,016","1,361",1.02,N/A,14.80
474,사람인,"15,320",하락,100,-0.65%,500,"1,425",22,"15,420","1,794",213,18.09,"787,287","1,920","1,921","3,488",25.16,-18.17,"1,945","5,672",921,-516,0.26,-13.70,"1,908",785,"92,716","1,624",-811,0.68,20,45.43
475,인피니트헬스케어,"7,340",하락,70,-0.94%,500,"14,655",107,"7,380","1,791",139,5.39,"44,563","15,420","15,700","2,097",-15.84,7.12,"15,640",657,297,123,22.52,5.94,"15,280",37,"11,709","1,284",847,0.93,500,-2.41
476,아티스트스튜디오,"17,880",하락,200,-1.11%,500,"15,284",275,"18,130","1,787",-73,-11.99,"145,807","18,190","18,150",593,5.99,-31.73,"18,190",358,51,-150,0.68,-27.16,"17,850",133,"9,996",273,"-1,491",3.32,N/A,-34.77
477,에스와이,"3,650",상승,45,+1.25%,500,"18,475",67,"3,610","1,785",219,-101.39,"161,261","3,615","3,615","4,334",61.79,2.02,"3,655","1,098","2,375",63,0.95,1.47,"3,615",59,"48,907","5,610",-36,0.95,N/A,1.33
478,일진파워,"11,820",보합,0,0.00%,500,0,0,0,"1,782",103,97.69,0,0,0,"2,705",-21.70,7.94,0,0,"1,333",99,1.43,4.27,0,0,"15,079","1,931",121,1.36,330,1.19
479,서울옥션,"10,010",상승,290,+2.98%,500,"288,047","2,942","10,060","1,779",-34,-14.00,"343,136","10,250","10,070","2,125",4.44,-8.44,"28,800",93,509,279,8.53,5.14,"28,300",144,"6,216","4,653","4,540",0.33,462,4.00
480,녹십자웰빙,"9,990",하락,10,-0.10%,500,"6,666",66,"10,120","1,773",130,16.22,"128,113","10,010","10,130","1,615",N/A,N/A,"10,550","1,464","1,049",-95,1.10,-4.63,"9,890",119,"17,774",206,-715,1.61,N/A,-54.19
481,젝시믹스,"5,930",보합,0,0.00%,500,"4,596",27,"5,920","1,772",249,9.27,"130,741","5,950","5,930","1,727",36.85,20.72,"5,960",871,582,209,3.46,13.69,"5,870","1,375","29,882","2,716",640,1.61,180,16.78
482,삼지전자,"10,850",하락,30,-0.28%,500,"6,636",72,"10,880","1,771","1,156",2.71,"56,120","10,920","10,920","12,019",47.57,16.21,"10,920",388,"5,617",941,5.78,8.49,"10,760",54,"16,319","33,597","4,004",0.40,450,32.99
483,HB솔루션,"2,420",상승,5,+0.21%,500,"51,302",123,"2,280","1,770",193,-4.45,"200,191","2,395","2,345","2,933",185.95,-9.21,"2,435","2,583",724,-208,3.06,-7.02,"2,375",195,"73,141","1,315",-544,0.80,30,36.77
484,에스와이스틸텍,"5,780",상승,130,+2.30%,500,"69,479",397,"5,650","1,769",81,38.03,"425,588","5,660","5,680",800,-44.49,12.65,"5,780","1,393",299,61,2.57,7.62,"5,640",114,"30,610","1,170",152,3.60,50,-2.32
485,슈피겐코리아,"28,450",하락,300,-1.04%,500,168,5,"28,450","1,769",217,6.27,"10,478","28,700","28,800","5,690",-38.42,5.89,"10,200",524,899,218,5.76,9.01,"9,960",694,"17,600","1,898","1,371",1.01,110,0.38
486,엠에스씨,"10,030",하락,230,-2.24%,500,"56,528",568,"10,190","1,765",275,7.32,"1,839,519","10,190","10,200","2,595",16.10,13.61,"9,920","1,262",251,4,1.65,1.07,"9,690",590,"18,015",115,-48,5.22,0,6.40
487,마이크로디지탈,"9,790",하락,10,-0.10%,500,"10,358",101,"9,800","1,764",3,-203.96,"117,148","9,800","9,850",542,-68.20,2.38,"10,040",289,566,71,4.35,N/A,"9,850",34,"17,752","1,338",616,1.63,120,N/A
488,블루엠텍,"5,260",하락,20,-0.38%,100,"28,352",149,"5,280","1,763",-69,-38.12,"373,095","5,300","5,290","1,157",N/A,N/A,"5,310","1,200",685,-48,1.83,N/A,"5,250",73,"33,511","1,333",-138,3.87,0,N/A
489,파워로직스,"4,810",하락,25,-0.52%,500,"20,189",97,"4,820","1,761",24,40.08,"212,580","4,855","4,830","4,161",-84.46,5.32,"4,860",391,"1,981",100,0.79,2.49,"4,770",416,"36,611","7,334",120,0.83,N/A,-5.14
490,에스텍,"16,070",상승,50,+0.31%,500,"3,380",54,"16,030","1,753",440,3.66,"42,078","16,190","16,290","3,880",79.12,25.76,"16,190",253,"1,845",463,57.89,14.11,"15,960",15,"10,910","5,094","4,392",0.65,850,22.86
491,알서포트,"3,290",하락,5,-0.15%,100,"9,287",30,"3,250","1,752",37,84.36,"168,041","3,285","3,255","1,205",-53.60,3.23,"3,570","14,914",69,60,2.05,6.14,"3,435","1,083","49,130",771,120,1.91,N/A,-1.83
492,보성파워텍,"3,565",상승,185,+5.47%,500,"402,619","1,405","3,470","1,751",48,29.71,"1,741,940","3,500","3,475",972,44.06,6.80,"3,315","8,152",246,31,20.03,2.75,"3,255",21,"53,267",475,39,1.78,10,-5.72
493,대동기어,"19,330",상승,520,+2.76%,500,"91,642","1,763","18,810","1,737",45,-69.78,"234,414","10,150","10,150","2,083",197.53,8.22,"10,200",129,366,137,5.09,6.38,"10,000",11,"17,110","1,042",884,0.97,300,32.04
494,한라IMS,"10,110",하락,30,-0.30%,500,"6,334",64,"10,140","1,730",160,11.44,"1,173,620","18,850","18,850","2,494",-44.81,1.35,"19,430","5,215","1,639",12,0.69,0.47,"18,830",683,"8,988","2,571",-277,2.10,40,-8.60
495,엔케이맥스,"2,020",보합,0,0.00%,500,0,0,0,"1,727",-51,-5.40,0,0,0,232,92.46,219.63,0,0,464,-355,4.73,-91.48,0,0,"85,519",88,-374,-7.32,N/A,-18.29
496,하나기술,"21,500",상승,400,+1.90%,500,"2,873",61,"21,100","1,719",-264,-11.55,"74,559","21,150","21,200","2,400",-318.01,-14.73,"21,600",774,"1,421",-155,1.72,-6.58,"21,150",24,"7,995",942,"-1,861",1.78,0,-21.45
497,마음AI,"24,300",하락,150,-0.61%,500,"32,709",796,"24,700","1,707",-71,-13.88,"24,836","9,790","9,800","3,877",-55.99,3.64,"9,790",63,311,214,3.53,5.50,"24,050","1,814","7,025",78,"-1,751",7.99,0,-23.96
498,유비쿼스홀딩스,"9,690",하락,20,-0.21%,500,76,1,"9,700","1,706",143,24.97,"300,836","24,750","24,750",497,-84.58,-51.91,"24,750",432,364,-87,1.37,-16.49,"9,690",101,"17,605","1,256",388,0.64,130,-26.78
499,엠케이전자,"7,730",상승,70,+0.91%,500,"4,654",36,"7,730","1,706",561,-8.11,"33,686","7,700","7,750","23,142",20.72,-7.45,"7,730","1,518","14,001",-377,4.20,-1.63,"7,610","1,510","22,066","11,706",-953,0.47,100,4.80
500,동국S&C,"2,985",하락,25,-0.83%,500,"38,711",115,"3,010","1,706",-55,-5.28,"813,781","3,010","3,015","3,108",84.31,-19.37,"3,010","5,104","1,233",-398,2.29,-10.15,"2,950",902,"57,143","1,658",-565,0.87,N/A,-7.17
