N,종목명,현재가,전일비변동,전일비,등락률,액면가,거래량,거래대금,매수호가,시가총액,영업이익,PER,전일거래량,시가,매도호가,자산총계,영업이익증가율,ROE,고가,매수총잔량,부채총계,당기순이익,외국인비율,ROA,저가,매도총잔량,상장주식수,매출액,주당순이익,PBR,보통주배당금,매출액증가율
1,삼성전자,"61,000",상승,"1,200",+2.01%,100,"3,083,960","187,372","60,300","3,610,979","327,260",11.82,"17,110,294","60,400","60,400","5,145,319",398.34,9.03,"61,100","638,007","1,123,399","344,514",49.64,7.10,"60,200","807,865","5,919,638","3,008,709","5,162",1.03,"1,446",16.20
2,SK하이닉스,"293,500",상승,"1,500",+0.51%,"5,000","498,125","144,780","288,000","2,136,687","234,673",8.23,"4,375,298","291,000","288,500","1,198,552",403.58,31.06,"294,000","37,773","459,395","197,969",55.51,17.98,"287,000","32,926","728,002","661,930","35,682",2.48,"2,204",102.02
3,삼성바이오로직스,"999,000",상승,"7,000",+0.71%,"2,500","6,234","6,225","998,000","711,028","13,201",55.57,"44,549","994,000","1,000,000","173,363",18.53,10.45,"1,003,000","1,249","64,316","10,833",12.88,6.49,"994,000",780,"71,174","45,473","17,977",6.30,0,23.08
4,LG에너지솔루션,"296,500",하락,500,-0.17%,500,"18,766","5,540","293,500","693,810","5,754",-59.61,"209,821","296,500","294,000","603,068",-73.40,-4.93,"297,000","6,190","293,402","3,386",4.13,0.64,"292,500","2,716","234,000","256,196","-4,974",3.28,N/A,-24.08
5,두산에너빌리티,"69,000",상승,600,+0.88%,"5,000","1,564,590","107,600","69,100","441,987","10,176",-433.96,"12,295,863","67,800","69,200","263,148",-30.65,1.52,"69,300","36,758","146,537","3,947",24.27,1.55,"67,800","154,527","640,561","162,331",-159,5.81,N/A,-7.71
6,KB금융,"112,100",상승,"1,200",+1.08%,"5,000","258,659","28,849","111,600","427,619","80,453",7.78,"1,265,461","109,800","111,700","7,578,455",26.00,8.86,"112,700","4,073","6,980,304","50,286",78.19,0.68,"109,800","6,816","381,462","850,764","14,416",0.71,"3,174",9.77
7,현대차,"207,000",상승,"3,500",+1.72%,"5,000","72,811","14,984","204,000","423,849","142,396",4.51,"492,507","204,000","204,500","3,397,984",-5.87,12.43,"207,500","30,416","2,195,225","132,299",36.28,4.25,"203,500","15,808","204,758","1,752,312","45,880",0.49,"12,000",7.73
8,NAVER,"265,000",상승,"2,500",+0.95%,100,"213,324","56,408","263,000","419,858","19,793",23.14,"2,219,752","264,000","263,500","381,679",32.94,7.90,"267,000","27,856","111,670","19,320",45.92,5.23,"262,000","16,811","158,437","107,377","11,452",1.49,"1,130",11.03
9,삼성전자우,"50,300",상승,800,+1.62%,100,"198,351","9,949","49,900","410,435",N/A,9.74,"1,727,037","49,950","49,950",N/A,N/A,N/A,"50,400","25,221",N/A,N/A,73.84,N/A,"49,850","59,620","815,975",N/A,"5,162",0.85,N/A,N/A
10,한화에어로스페이스,"862,000",상승,"14,000",+1.65%,"5,000","26,882","23,126","861,000","407,693","17,319",17.43,"260,471","853,000","862,000","433,369",191.41,53.94,"867,000",804,"319,726","25,399",44.52,8.08,"853,000","1,972","47,296","112,401","49,447",9.97,"3,500",42.47
11,기아,"98,600",상승,"1,700",+1.75%,"5,000","125,152","12,281","97,200","392,105","126,671",4.21,"693,015","97,000","97,400","927,559",9.13,19.09,"98,800","13,167","369,156","97,750",39.19,11.28,"97,000","9,543","397,673","1,074,488","23,440",0.69,"6,500",7.66
12,HD현대중공업,"425,500",하락,"3,000",-0.70%,"5,000","34,631","14,741","430,000","377,730","7,052",43.07,"164,132","428,500","430,500","193,909",294.77,11.39,"433,500",974,"136,865","6,215",10.94,3.40,"421,500","1,275","88,773","144,865","9,880",6.51,"2,090",21.08
13,셀트리온,"160,700",상승,"1,100",+0.69%,"1,000","52,142","8,356","160,000","357,439","4,920",74.36,"313,849","159,700","160,100","210,552",-24.48,2.46,"160,900","5,033","34,752","4,189",21.38,2.04,"159,700","3,541","222,426","35,573","2,161",2.08,735,63.45
14,신한지주,"63,300",상승,"1,900",+3.09%,"5,000","371,788","23,410","62,800","313,868","64,587",6.95,"2,251,863","62,000","63,000","7,397,643",5.87,8.11,"63,600","5,680","6,809,432","45,582",58.99,0.64,"61,900","17,248","495,842","419,028","9,108",0.55,"2,160",6.26
15,삼성물산,"167,300",상승,"5,900",+3.66%,100,"103,021","17,117","163,800","284,371","29,834",13.36,"352,768","163,200","164,200","619,904",3.95,6.83,"167,700",654,"247,319","27,720",27.03,4.33,"163,100","2,020","169,977","421,032","12,523",0.86,"2,600",0.50
16,카카오,"61,400",상승,"1,400",+2.33%,100,"821,826","49,839","59,500","271,245","4,602",177.46,"4,067,265","59,900","59,600","257,730",-0.14,0.56,"61,500","58,719","118,301","-1,619",28.11,-0.64,"59,300","19,196","441,767","78,717",346,2.59,68,4.16
17,현대모비스,"293,000",상승,"6,000",+2.09%,"5,000","19,326","5,622","288,500","268,960","30,735",6.46,"150,016","287,500","289,500","665,969",33.90,9.35,"294,000","2,057","204,787","40,602",43.02,6.49,"287,500","1,164","91,795","572,370","45,380",0.56,"6,000",-3.41
18,삼성생명,"132,500",상승,"5,100",+4.00%,500,"80,683","10,583","130,000","265,000","24,998",12.50,"286,661","129,500","130,300","3,122,188",4.23,6.18,"133,400",306,"2,794,809","22,603",21.88,0.72,"128,800","2,541","200,000","337,860","10,600",0.81,"4,500",9.21
19,HD한국조선해양,"367,000",상승,"1,000",+0.27%,"5,000","30,732","11,217","366,500","259,737","14,341",17.56,"219,624","366,000","367,500","367,191",408.07,11.16,"370,000","1,846","225,633","14,546",33.08,4.22,"360,500","2,378","70,773","255,386","20,895",2.28,"5,100",19.92
20,하나금융지주,"90,300",상승,"4,000",+4.63%,"5,000","302,104","27,000","88,700","257,106","48,552",6.81,"1,132,168","87,400","88,800","6,378,475",3.45,9.11,"90,700","5,398","5,942,706","37,685",67.95,0.61,"87,300","5,570","284,724","816,143","13,252",0.58,"3,600",17.10
21,SK스퀘어,"191,400",상승,"8,400",+4.59%,100,"74,370","14,114","186,900","253,683","39,126",5.16,"829,115","188,500","187,100","219,211",267.23,21.70,"192,200",496,"23,356","36,505",51.77,18.30,"186,600",746,"132,541","61,385","37,069",1.23,0,169.41
22,한국전력,"38,400",하락,900,-2.29%,"5,000","893,037","34,207","38,550","246,514","83,647",4.69,"8,345,599","38,800","38,600","2,468,078",284.18,9.22,"38,800","54,501","2,054,450","36,220",19.08,1.49,"38,000","25,694","641,964","933,989","8,191",0.59,213,5.87
23,한화오션,"79,600",상승,200,+0.25%,"5,000","247,578","19,843","81,000","243,905","2,379",35.21,"1,849,414","80,300","80,900","178,438",221.06,11.52,"81,200","24,112","129,805","5,282",12.40,3.32,"79,500","18,314","306,413","107,760","2,261",4.80,N/A,45.46
24,HMM,"22,975",상승,475,+2.11%,"5,000","263,026","6,056","23,150","235,503","35,128",4.53,"987,748","22,850","23,200","338,486",500.72,15.35,"23,300","30,526","59,930","37,821",6.95,12.70,"22,800","29,138","1,025,039","117,002","5,073",0.72,600,39.27
25,현대로템,"200,500",상승,"4,000",+2.04%,"5,000","108,475","21,569","198,300","218,830","4,566",42.99,"804,130","197,900","198,100","52,854",117.36,21.85,"201,000","2,070","32,763","4,053",31.78,7.70,"197,000","1,694","109,142","43,766","4,664",10.01,200,22.00
26,POSCO홀딩스,"267,500",상승,"6,500",+2.49%,"5,000","48,632","12,950","265,000","216,496","21,736",26.01,"207,861","264,000","265,500","1,034,042",-38.45,2.00,"268,500","11,509","419,538","9,476",29.46,0.93,"263,000","9,669","80,933","726,881","10,286",0.36,"10,000",-5.76
27,메리츠금융지주,"117,200",상승,"4,700",+4.18%,500,"89,209","10,357","114,600","210,977","31,889",9.59,"258,082","113,300","114,700","1,155,782",8.71,23.44,"117,600",134,"1,046,482","23,334",15.93,2.14,"113,300","2,611","180,014","465,745","12,216",2.14,"1,350",-20.47
28,삼성화재,"452,000",상승,"18,000",+4.15%,500,"24,121","10,804","443,500","207,970","26,496",11.54,"76,620","438,500","444,500","872,695",12.40,13.11,"456,500",723,"716,673","20,768",55.89,2.41,"437,500",822,"46,011","226,570","39,171",1.25,"19,000",8.80
29,HD현대일렉트릭,"506,000",하락,"1,000",-0.20%,"5,000","22,960","11,621","505,000","182,398","6,690",32.48,"329,685","508,000","507,000","37,955",112.23,39.34,"510,000","3,529","22,880","4,984",34.82,14.87,"502,000","1,891","36,047","33,223","15,581",12.11,"5,350",22.92
30,SK이노베이션,"118,000",하락,"4,400",-3.59%,"5,000","424,528","50,367","121,100","178,221","3,155",-5.83,"3,309,175","121,700","121,200","1,105,301",-83.43,-9.65,"121,700","3,243","708,812","-23,725",13.80,-2.48,"116,900","3,077","151,035","747,170","-20,236",0.73,"2,000",-3.33
31,크래프톤,"360,000",하락,"3,000",-0.83%,100,"12,061","4,341","360,500","170,606","11,825",13.00,"174,279","363,500","361,000","79,195",53.96,21.10,"364,500","1,775","10,903","13,026",43.19,18.14,"358,000","1,481","47,391","27,098","27,686",2.27,0,41.83
32,우리금융지주,"22,750",상승,300,+1.34%,"5,000","294,691","6,716","22,800","168,940","42,552",5.87,"2,117,265","22,800","22,850","5,257,533",21.61,9.39,"22,900","51,639","4,898,581","31,715",46.85,0.62,"22,550","58,426","742,592","466,167","3,877",0.50,"1,200",11.03
33,고려아연,"828,000",상승,"9,000",+1.10%,"5,000","1,857","1,537","831,000","165,793","7,235",69.58,"33,087","821,000","834,000","147,923",9.63,2.28,"837,000",182,"71,969","1,948",12.31,1.45,"821,000",75,"20,023","120,529","11,900",2.03,"17,500",24.20
34,SK,"226,000",상승,"21,500",+10.51%,200,"228,198","50,320","214,500","163,856","23,553",18.40,"418,792","214,500","215,500","2,149,778",-50.46,-5.64,"226,500","4,669","1,346,902","5,288",23.86,0.25,"214,000","18,042","72,503","1,246,904","12,281",0.46,"7,000",-3.19
35,KT&G,"128,100",상승,400,+0.31%,"5,000","43,270","5,538","127,500","156,362","11,888",14.42,"338,240","127,600","127,300","139,252",1.84,12.66,"128,800","3,068","45,668","11,650",43.74,8.73,"127,000","1,502","122,062","59,088","8,881",1.52,"5,400",0.79
36,LG화학,"217,500",상승,"6,000",+2.84%,"5,000","51,209","11,077","213,000","153,538","9,168",-18.21,"173,180","213,000","215,000","938,578",-63.75,-2.11,"218,500","4,878","458,623","5,150",30.55,0.60,"212,000","9,074","70,592","489,161","-11,946",0.51,"1,000",-11.46
37,기업은행,"18,650",상승,390,+2.14%,"5,000","187,027","3,476","18,630","148,720","35,941",5.57,"1,113,926","18,430","18,620","4,722,198",4.71,8.06,"18,700","1,811","4,379,887","26,543",14.17,0.58,"18,320","8,641","797,426","324,300","3,351",0.44,"1,065",13.30
38,삼성중공업,"16,880",상승,120,+0.72%,"1,000","821,385","13,858","16,870","148,544","5,027",101.69,"8,343,891","16,880","16,880","171,946",115.43,1.77,"17,010","26,391","134,452",539,31.59,0.33,"16,730","6,859","880,000","99,031",166,3.74,N/A,23.64
39,카카오뱅크,"30,850",상승,850,+2.83%,"5,000","431,225","13,195","30,200","147,151","6,069",31.54,"2,805,349","30,100","30,250","628,053",26.83,6.95,"30,900","24,099","562,652","4,401",16.92,0.75,"30,050","21,385","476,989","29,456",978,2.26,360,18.11
40,KT,"56,500",상승,800,+1.44%,"5,000","42,891","2,403","55,800","142,392","8,095",22.50,"1,000,960","55,800","55,900","418,800",-50.93,2.85,"56,500","9,149","238,834","4,171",49.00,0.99,"55,700","11,871","252,022","264,312","2,511",0.83,"2,000",0.21
41,삼성SDI,"174,000",상승,"1,200",+0.69%,"5,000","62,479","10,870","173,400","140,219","3,633",119.10,"414,084","173,400","173,700","405,973",-76.49,3.13,"175,200",831,"190,301","5,755",27.73,1.54,"172,300","1,446","80,586","165,922","1,461",0.61,973,-22.60
42,LG,"85,100",상승,"5,500",+6.91%,"5,000","148,409","12,487","83,100","133,821","9,668",16.84,"312,042","81,400","83,300","316,393",-39.16,2.16,"85,800","1,452","35,066","7,905",34.67,2.55,"81,400","4,599","157,251","71,755","5,053",0.48,"3,100",-3.62
43,삼성에스디에스,"170,500",상승,900,+0.53%,500,"24,700","4,204","170,200","131,929","9,111",17.41,"362,309","169,900","170,300","132,383",12.73,8.42,"171,000","1,240","35,329","7,895",18.96,6.18,"169,100","1,597","77,378","138,282","9,791",1.41,"2,900",4.15
44,미래에셋증권,"22,750",상승,"1,300",+6.06%,"5,000","1,136,501","25,520","22,050","129,747","11,881",16.68,"3,234,887","22,100","22,100","1,371,770",128.02,7.94,"22,900","43,495","1,249,133","9,255",12.21,0.69,"21,900","89,902","570,316","222,342","1,364",1.09,250,9.22
45,하이브,"311,000",상승,"2,000",+0.65%,500,"22,366","6,931","310,500","129,538","1,840",247.61,"192,357","311,000","311,000","54,792",-37.75,0.31,"312,000","1,777","19,654",-34,19.43,-0.06,"308,000","2,697","41,652","22,556","1,256",3.93,200,3.56
46,LG전자,"75,400",상승,"1,600",+2.17%,"5,000","76,097","5,708","74,600","123,390","34,197",19.71,"422,420","74,300","74,700","656,296",-6.40,1.81,"75,600","7,741","404,179","5,914",29.34,0.94,"74,200","7,657","163,648","877,282","3,825",0.62,"1,000",6.64
47,SK텔레콤,"57,100",상승,400,+0.71%,100,"66,592","3,798","56,900","122,645","18,234",9.72,"741,639","57,000","57,000","305,153",4.00,10.83,"57,200","27,030","186,876","13,871",39.98,4.58,"56,800","19,184","214,790","179,406","5,874",1.03,"3,540",1.89
48,LIG넥스원,"547,000",상승,"7,000",+1.30%,"5,000","27,674","15,217","555,000","120,340","2,298",49.05,"119,318","553,000","555,000","61,253",23.29,19.59,"563,000",987,"48,878","2,166",31.55,4.36,"541,000","1,241","22,000","32,763","11,153",9.60,"2,400",41.92
49,한화시스템,"59,500",상승,"1,500",+2.59%,"5,000","330,896","19,841","60,800","112,407","2,193",25.53,"953,770","59,200","60,900","57,240",78.95,19.63,"61,000","7,254","33,076","4,454",8.21,8.73,"59,200","16,037","188,919","28,037","2,331",3.31,350,14.32
50,두산,"673,000",상승,"17,000",+2.59%,"5,000","20,629","13,767","661,000","111,205","10,038",-69.45,"204,167","660,000","663,000","301,431",-30.11,-14.57,"676,000",748,"182,536","3,022",13.07,1.03,"655,000","1,105","16,524","181,329","-9,690",8.03,"2,000",-5.21
51,HD현대,"135,400",상승,"5,900",+4.56%,"1,000","151,926","20,203","132,400","106,957","29,832",20.37,"277,399","133,500","132,700","738,667",46.84,6.36,"136,100","1,127","474,816","19,302",22.48,2.72,"129,200",665,"78,993","677,656","6,647",1.03,"3,600",10.49
52,카카오페이,"79,200",상승,"2,500",+3.26%,500,"856,435","66,699","74,500","106,680",-575,"-2,554.84","3,927,621","77,200","74,600","44,147",-1.59,-0.73,"79,500","20,680","25,039",-215,37.26,-0.51,"74,400","3,280","134,697","7,662",-31,5.69,0,24.52
53,삼양식품,"1,401,000",상승,"6,000",+0.43%,"5,000","6,384","8,906","1,383,000","105,538","3,446",34.65,"70,693","1,413,000","1,385,000","15,948",133.58,39.37,"1,423,000",80,"7,667","2,713",19.83,19.62,"1,382,000",251,"7,533","17,280","40,436",11.57,"3,300",44.86
54,현대글로비스,"138,000",상승,"3,200",+2.37%,500,"24,703","3,405","137,400","103,500","17,529",8.72,"155,065","135,800","137,600","168,491",12.80,13.24,"139,100",439,"80,398","10,995",49.62,6.96,"135,100","2,094","75,000","284,074","15,834",1.16,"3,700",10.61
55,삼성전기,"136,900",상승,"2,200",+1.63%,"5,000","41,246","5,626","135,500","102,256","7,350",16.87,"222,339","136,000","135,600","127,924",11.27,8.16,"137,200","1,537","37,765","7,032",32.46,5.75,"135,400","2,340","74,694","102,941","8,115",1.17,"1,800",15.76
56,포스코퓨처엠,"126,100",하락,300,-0.24%,500,"28,468","3,594","125,400","97,681",7,-45.13,"320,831","126,600","125,900","79,325",-97.99,-7.98,"127,800","1,251","46,120","-2,313",10.06,-3.24,"125,100",295,"77,463","36,999","-2,794",3.24,0,-22.27
57,한미반도체,"101,400",하락,600,-0.59%,100,"109,775","11,079","101,100","96,647","2,554",71.31,"911,057","100,800","101,200","7,109",638.74,27.43,"101,600","13,148","1,700","1,526",7.49,21.27,"100,500","2,842","95,312","5,589","1,422",18.44,720,251.50
58,HD현대마린솔루션,"213,500",상승,"8,000",+3.89%,500,"43,231","9,225","213,500","95,710","2,717",38.21,"91,692","207,000","214,000","11,522",34.87,44.98,"216,000","1,233","3,787","2,279",29.60,25.20,"206,500","5,028","44,829","17,455","5,588",13.37,"3,150",22.02
59,현대건설,"82,100",상승,"3,600",+4.59%,"5,000","777,320","64,289","81,800","91,423","-12,634",-45.31,"1,103,979","79,000","81,900","270,054",-260.86,-2.09,"83,900","4,471","173,360","-7,662",23.55,-3.02,"78,800","17,998","111,356","326,703","-1,812",1.14,600,10.18
60,DB손해보험,"127,900",상승,"4,600",+3.73%,500,"44,593","5,706","126,300","90,553","24,249",5.32,"229,286","124,400","126,600","665,061",8.50,18.98,"129,800",422,"571,149","18,532",46.21,2.93,"124,200","1,273","70,800","218,350","24,043",0.95,"6,800",10.49
61,한국항공우주,"92,100",상승,"2,300",+2.56%,"5,000","166,759","15,284","90,900","89,775","2,407",54.24,"392,577","89,700","90,600","80,255",-2.74,10.42,"92,800","4,965","62,984","1,709",33.60,2.25,"89,700","5,374","97,475","36,337","1,698",5.32,500,-4.86
62,LS ELECTRIC,"298,500",하락,500,-0.17%,"5,000","42,598","12,747","298,000","89,550","3,897",38.90,"278,915","302,000","298,500","44,852",19.96,13.44,"302,000","3,662","25,951","2,422",24.06,5.90,"296,500","1,465","30,000","45,518","7,673",4.84,"2,900",7.60
63,포스코인터내셔널,"49,950",상승,250,+0.50%,"5,000","58,421","2,921","50,000","87,873","11,169",16.33,"573,432","50,400","50,100","173,363",-3.97,8.14,"50,400","15,312","99,869","5,034",6.06,2.97,"49,700","12,081","175,923","323,408","3,058",1.32,"1,550",-2.39
64,KODEX CD금리액티브(합성),"1,073,470",상승,70,+0.01%,0,"29,467","31,631","1,073,465","84,859",N/A,N/A,"189,957","1,073,465","1,073,470",N/A,N/A,N/A,"1,073,470","707,646",N/A,N/A,0.00,N/A,"1,073,465","717,960","7,905",N/A,N/A,N/A,N/A,N/A
65,효성중공업,"909,000",상승,"18,000",+2.02%,"5,000","7,189","6,525","901,000","84,760","3,625",27.96,"60,680","906,000","902,000","62,188",40.59,14.90,"916,000",311,"41,632","2,229",22.71,4.06,"894,000",130,"9,325","48,950","32,509",4.31,"5,000",13.82
66,대한항공,"23,000",상승,100,+0.44%,"5,000","212,526","4,875","23,000","84,691","21,102",6.92,"2,077,008","22,900","23,050","470,121",17.88,13.17,"23,100","101,767","360,489","13,819",16.22,3.57,"22,850","35,903","368,221","178,707","3,322",0.81,750,10.92
67,HD현대미포,"211,000",보합,0,0.00%,"5,000","54,211","11,506","214,000","84,278",885,55.21,"407,987","214,500","214,500","51,089",157.89,5.25,"216,000","3,013","30,024","1,132",22.80,2.26,"209,500","5,761","39,942","46,300","3,822",4.07,710,14.63
68,유한양행,"104,600",상승,400,+0.38%,"1,000","34,463","3,602","104,600","83,647",549,127.41,"270,783","104,000","104,700","29,420",-3.77,3.41,"104,900","4,648","7,914",552,17.65,1.92,"103,900","3,305","79,968","20,678",821,3.79,500,11.23
69,TIGER 미국S&P500,"20,835",상승,10,+0.05%,0,"513,389","10,690","20,830","82,559",N/A,N/A,"5,144,796","20,835","20,830",N/A,N/A,N/A,"20,840","232,166",N/A,N/A,0.09,N/A,"20,812","140,837","396,250",N/A,N/A,N/A,N/A,N/A
70,아모레퍼시픽,"140,100",상승,"3,400",+2.49%,500,"64,182","8,946","138,300","81,948","2,205",15.47,"303,461","138,800","138,500","67,835",103.83,11.69,"141,000","2,336","14,575","6,016",23.29,9.50,"137,900","3,296","58,493","38,851","9,057",1.83,"1,125",5.75
71,한국금융지주,"146,600",상승,"7,000",+5.01%,"5,000","57,454","8,359","143,800","81,694","11,997",7.80,"239,041","141,800","144,200","1,092,202",46.24,11.54,"147,800",569,"994,857","10,459",37.12,1.02,"141,800",776,"55,726","211,741","18,792",0.86,"3,980",1.34
72,한진칼,"122,100",상승,"3,900",+3.30%,"2,500","16,517","2,001","119,700","81,517",492,17.90,"84,369","118,400","120,300","42,072",14.82,16.75,"122,700",667,"8,940","5,122",20.85,12.82,"118,400",474,"66,762","2,922","6,822",2.52,360,5.96
73,한화,"108,200",상승,"13,900",+14.74%,"5,000","876,533","91,412","99,500","81,105","24,161",10.34,"792,427","100,900","99,700","2,520,370",0.17,7.19,"109,000","6,905","2,124,752","16,904",15.79,0.73,"98,500","4,549","74,959","556,468","10,464",0.97,800,4.73
74,LG씨엔에스,"79,000",상승,"3,900",+5.19%,500,"425,025","33,307","76,300","76,540","5,129",17.19,"3,969,826","77,000","76,500","45,045",10.52,18.32,"79,600","8,387","23,817","3,649",4.19,8.54,"76,100","9,342","96,886","59,826","4,597",2.92,"1,672",6.73
75,SK바이오팜,"92,400",상승,400,+0.43%,500,"15,966","1,475","92,300","72,361",963,28.80,"132,065","92,400","92,600","10,368",356.75,58.01,"92,700","3,946","4,628","2,270",11.06,25.79,"92,100","2,421","78,313","5,476","3,208",12.75,N/A,54.30
76,코웨이,"99,800",상승,"3,000",+3.10%,500,"72,211","7,107","96,400","71,765","7,954",12.72,"238,675","95,700","96,500","57,616",8.77,19.38,"100,800","1,220","25,654","5,655",61.37,10.66,"95,000","1,243","71,909","43,101","7,843",2.28,"2,630",8.66
77,LS,"214,000",상승,"17,000",+8.63%,"5,000","125,197","26,281","202,000","68,908","10,729",24.26,"387,510","206,500","203,000","205,279",19.26,5.09,"216,000","6,890","136,468","3,915",14.78,2.02,"201,000","3,397","32,200","275,447","8,821",1.20,"1,650",12.52
78,삼성증권,"76,600",상승,"3,000",+4.08%,"5,000","116,509","8,808","74,600","68,404","12,058",7.65,"532,979","73,900","74,900","622,739",62.69,12.89,"76,900","5,230","549,497","8,990",28.35,1.51,"73,900","3,198","89,300","134,666","10,015",0.94,"3,500",2.26
79,S-Oil,"60,400",상승,500,+0.83%,"2,500","32,443","1,947","59,700","68,000","4,222",-17.44,"617,609","60,100","59,800","244,514",-68.83,-2.18,"60,500","8,941","157,558","-1,930",73.32,-0.84,"59,500","4,568","112,583","366,370","-3,463",0.81,125,2.55
80,KODEX 200,"42,465",상승,765,+1.83%,0,"1,983,117","83,780","42,045","67,243",N/A,N/A,"9,792,586","41,890","42,055",N/A,N/A,N/A,"42,500","268,933",N/A,N/A,33.51,N/A,"41,890","274,606","158,350",N/A,N/A,N/A,N/A,N/A
81,NH투자증권,"20,400",상승,410,+2.05%,"5,000","130,848","2,657","20,200","66,114","9,011",10.56,"604,627","20,200","20,300","624,271",24.16,8.73,"20,500","10,866","543,077","6,866",15.97,1.15,"20,100","19,222","324,086","100,343","1,932",0.88,950,-3.25
82,KODEX 머니마켓액티브,"103,192",상승,2,0.00%,0,"28,265","2,916","103,190","64,945",N/A,N/A,"216,341","103,195","103,195",N/A,N/A,N/A,"103,195","1,240,020",N/A,N/A,0.00,N/A,"103,190","995,062","62,936",N/A,N/A,N/A,N/A,N/A
83,LG유플러스,"14,270",하락,30,-0.21%,"5,000","54,599",779,"14,250","62,304","8,631",15.23,"1,334,842","14,280","14,280","197,077",-13.52,4.40,"14,320","8,360","109,394","3,146",37.48,1.58,"14,230","4,446","436,611","146,252",937,0.72,650,1.76
84,에이피알,"156,200",상승,"2,000",+1.30%,100,"41,165","6,423","155,700","59,425","1,227",44.44,"472,720","156,100","155,900","5,651",17.77,41.34,"157,400","1,528","2,416","1,076",23.96,25.24,"154,200",982,"38,044","7,228","3,515",16.66,0,37.98
85,키움증권,"237,000",상승,"8,000",+3.49%,"5,000","51,670","12,076","230,000","59,352","10,982",8.13,"143,366","230,000","232,000","556,884",94.50,15.98,"239,500","1,822","500,565","8,349",24.14,1.55,"229,000","2,751","25,043","112,803","29,164",1.12,"7,500",18.18
86,삼성카드,"50,700",상승,"1,300",+2.63%,"5,000","10,842",545,"49,900","58,740","8,854",8.75,"103,158","49,400","50,100","294,941",9.31,8.00,"50,900",521,"210,079","6,646",6.30,2.28,"49,400",679,"115,859","43,832","5,793",0.65,"2,800",9.47
87,한화솔루션,"33,950",상승,"2,350",+7.44%,"5,000","2,503,635","85,027","33,700","58,358","-3,002",-5.98,"1,743,417","33,150","33,900","300,368",-151.83,-15.99,"34,500","17,373","194,300","-13,690",13.00,-4.99,"32,950","89,928","171,893","123,940","-5,673",0.63,300,-5.23
88,두산밥캣,"59,750",상승,"1,550",+2.66%,500,"67,680","4,027","59,600","57,274","8,714",12.97,"624,914","58,700","59,700","120,096",-37.31,8.77,"59,800","2,392","51,151","5,634",33.94,5.03,"58,700","4,061","95,856","85,512","4,606",0.83,"1,600",-12.38
89,현대차2우B,"161,500",상승,"2,600",+1.64%,"5,000","26,816","4,305","159,200","56,467",N/A,3.52,"134,822","159,400","160,000",N/A,N/A,N/A,"161,800","2,180",N/A,N/A,60.01,N/A,"159,200",686,"34,964",N/A,"45,880",0.38,N/A,N/A
90,맥쿼리인프라,"11,550",상승,70,+0.61%,0,"132,717","1,532","11,530","55,315",N/A,N/A,"1,240,656","11,480","11,540",N/A,N/A,N/A,"11,570","9,092",N/A,N/A,8.84,N/A,"11,480","26,586","478,922",N/A,N/A,N/A,N/A,N/A
91,넷마블,"62,200",상승,200,+0.32%,100,"18,409","1,143","61,900","53,463","2,156",52.58,"332,411","62,100","62,200","81,771",414.93,0.49,"62,700","1,313","27,032",32,25.06,0.04,"61,500",696,"85,954","26,638","1,183",0.94,417,6.46
92,TIGER 미국나스닥100,"136,070",상승,80,+0.06%,0,"21,307","2,897","136,010","51,108",N/A,N/A,"238,180","136,055","136,045",N/A,N/A,N/A,"136,090","3,364",N/A,N/A,0.03,N/A,"135,910","1,569","37,560",N/A,N/A,N/A,N/A,N/A
93,LG생활건강,"324,500",상승,"5,000",+1.56%,"5,000","12,744","4,121","323,000","50,681","4,590",31.80,"73,441","322,000","323,500","74,058",-5.74,3.44,"325,500",996,"17,199","2,039",28.07,2.79,"321,000",988,"15,618","68,119","10,204",0.97,"3,500",0.10
94,CJ,"172,000",상승,"11,500",+7.17%,"5,000","93,046","15,756","165,800","50,184","25,475",61.76,"167,989","165,000","165,900","474,970",24.93,1.83,"172,300",551,"297,506","1,512",10.93,0.32,"164,100","1,785","29,177","436,467","2,785",1.06,"3,000",5.55
95,한국타이어앤테크놀로지,"40,500",상승,750,+1.89%,500,"55,713","2,246","40,000","50,169","17,623",4.65,"273,279","39,950","40,100","158,497",32.71,10.79,"40,600","2,775","46,549","11,311",35.78,7.91,"39,950","3,613","123,875","94,119","8,704",0.44,"2,000",5.28
96,TIGER CD금리투자KIS(합성),"56,235",보합,0,0.00%,0,"16,647",936,"56,235","48,237",N/A,N/A,"165,681","56,235","56,240",N/A,N/A,N/A,"56,240","1,291,202",N/A,N/A,0.03,N/A,"56,235","1,351,199","85,778",N/A,N/A,N/A,N/A,N/A
97,현대오토에버,"173,500",상승,"2,900",+1.70%,500,"11,782","2,038","172,800","47,581","2,244",28.84,"275,390","172,100","173,000","33,495",23.71,10.40,"173,900",269,"16,190","1,752",2.55,5.66,"170,700",294,"27,424","37,136","6,016",2.83,"1,780",21.16
98,LG디스플레이,"9,295",상승,335,+3.74%,"5,000","357,949","3,304","9,190","46,475","-5,606",-2.28,"1,082,406","9,050","9,210","328,596",77.67,-37.21,"9,330","7,515","247,868","-24,093",20.81,-7.02,"9,050","20,553","500,000","266,153","-4,084",0.74,N/A,24.77
99,GS,"49,100",상승,"2,450",+5.25%,"5,000","148,146","7,156","47,200","45,621","30,602",11.28,"427,611","47,050","47,350","350,634",-17.78,4.12,"49,250","4,949","165,930","8,635",16.90,2.48,"46,800","3,623","92,915","252,975","4,351",0.33,"2,700",-2.62
100,KODEX 미국S&P500,"19,175",상승,5,+0.03%,0,"629,026","12,055","19,165","44,946",N/A,N/A,"4,090,009","19,190","19,170",N/A,N/A,N/A,"19,190","316,128",N/A,N/A,0.14,N/A,"19,155","307,999","234,400",N/A,N/A,N/A,N/A,N/A
101,삼성E&A,"22,900",상승,800,+3.62%,"5,000","241,337","5,521","22,750","44,884","9,716",6.02,"827,132","22,500","22,800","100,133",-2.17,19.65,"23,150","10,206","61,176","6,387",45.30,7.17,"22,400","29,500","196,000","99,666","3,804",1.05,660,-6.20
102,엔씨소프트,"205,000",하락,"1,500",-0.73%,500,"13,953","2,854","206,000","44,165","-1,092",60.15,"292,068","206,000","207,000","39,539",-179.56,2.99,"207,000","2,284","8,904",941,33.16,2.26,"203,000","1,559","21,544","15,781","3,408",1.32,"1,460",-11.33
103,오리온,"109,300",상승,500,+0.46%,500,"4,842",528,"108,800","43,213","5,436",8.08,"109,714","109,500","109,100","43,084",10.40,16.57,"109,500",859,"7,344","5,332",29.89,13.62,"108,600","1,315","39,536","31,043","13,534",1.22,"2,500",6.59
104,두산로보틱스,"65,800",하락,300,-0.45%,500,"107,757","7,110","66,600","42,652",-412,-98.95,"744,642","67,300","66,700","4,217",-114.96,-8.69,"67,300","9,983",192,-366,2.00,-8.33,"64,900","6,230","64,820",468,-665,10.78,N/A,-11.71
105,SKC,"108,600",하락,"1,600",-1.45%,"5,000","82,571","9,069","111,700","41,125","-2,768",-7.88,"247,288","112,000","112,000","67,487",-29.53,-34.34,"112,300",983,"44,559","-4,551",13.86,-6.60,"108,000","2,720","37,868","17,216","-13,786",3.28,N/A,15.27
106,KODEX KOFR금리액티브(합성),"110,637",상승,2,0.00%,0,"35,502","3,927","110,635","40,990",N/A,N/A,"43,891","110,635","110,640",N/A,N/A,N/A,"110,640","290,469",N/A,N/A,0.00,N/A,"110,635","491,774","37,049",N/A,N/A,N/A,N/A,N/A
107,BNK금융지주,"12,810",상승,360,+2.89%,"5,000","257,891","3,286","12,640","40,785","8,759",6.37,"978,408","12,450","12,660","1,524,705",9.33,6.96,"12,880","2,083","1,413,229","7,500",39.85,0.50,"12,450","10,274","318,384","100,314","2,012",0.39,650,3.80
108,JB금융지주,"20,900",상승,350,+1.70%,"5,000","41,320",856,"20,650","40,527","9,061",6.11,"646,677","20,350","20,700","667,219",13.26,12.80,"20,950","2,620","609,971","6,930",34.54,1.07,"20,350","4,519","193,908","46,238","3,422",0.71,995,10.25
109,한전기술,"104,900",상승,600,+0.58%,200,"71,748","7,537","104,900","40,093",548,34.63,"544,750","103,100","105,000","9,468",91.88,10.40,"106,200","2,062","3,694",585,11.94,6.50,"103,000","1,770","38,220","5,534","3,029",6.65,999,1.52
110,현대제철,"29,900",상승,500,+1.70%,"5,000","70,000","2,084","29,750","39,900","1,595",-40.57,"419,319","29,500","29,800","347,438",-80.02,-0.06,"29,950","8,645","154,102",88,18.09,0.03,"29,400","9,746","133,446","232,261",-737,0.21,750,-10.38
111,강원랜드,"18,550",상승,250,+1.37%,500,"64,107","1,186","18,470","39,686","2,858",9.05,"389,182","18,370","18,490","47,006",1.25,12.09,"18,650","1,726","8,170","4,569",13.85,9.99,"18,370","16,337","213,940","14,269","2,050",1.00,"1,170",2.76
112,한국가스공사,"41,575",하락,75,-0.18%,"5,000","108,350","4,506","41,500","38,379","30,034",3.46,"955,453","42,000","41,550","576,696",93.34,11.21,"42,050","24,971","468,433","11,490",10.24,2.00,"41,200","1,469","92,313","383,887","12,001",0.33,"1,455",-13.84
113,이수페타시스,"52,100",하락,200,-0.38%,"1,000","108,865","5,703","52,100","38,246","1,019",36.46,"1,458,111","52,000","52,200","7,901",63.87,24.92,"52,900","12,642","4,626",740,15.47,10.45,"51,800","8,576","73,409","8,369","1,429",9.70,143,23.92
114,CJ제일제당,"253,500",상승,"4,500",+1.81%,"5,000","10,133","2,539","248,500","38,162","15,530",56.20,"74,779","250,000","249,000","301,500",20.24,1.97,"254,000","2,415","179,072","3,618",20.33,1.21,"248,500",518,"15,054","293,591","4,511",0.52,"6,000",1.16
115,SK바이오사이언스,"48,400",상승,650,+1.36%,500,"5,698",275,"48,050","37,931","-1,384",-78.83,"127,896","48,250","48,250","28,436","-1,054.77",-3.07,"48,500","1,143","8,211",-501,6.54,-2.13,"48,000","1,022","78,369","2,675",-614,2.09,0,-27.59
116,한미약품,"288,000",상승,"2,000",+0.70%,"2,500","4,355","1,254","288,500","36,896","2,162",33.87,"54,918","288,000","289,500","20,208",-2.04,11.89,"289,000",587,"7,801","1,404",10.43,7.17,"286,500","1,451","12,811","14,955","8,502",3.28,"1,250",0.31
117,포스코DX,"24,200",상승,750,+3.20%,500,"73,883","1,782","24,100","36,792","1,090",43.84,"304,023","24,100","24,150","8,925",-1.42,17.92,"24,350","13,531","3,666",886,3.04,9.94,"23,900","12,712","152,035","14,733",552,6.88,125,-0.85
118,현대차우,"157,100",상승,"2,600",+1.68%,"5,000","17,269","2,703","155,300","36,669",N/A,3.42,"163,294","155,000","155,700",N/A,N/A,N/A,"157,300","1,512",N/A,N/A,60.35,N/A,"154,900",448,"23,341",N/A,"45,880",0.37,N/A,N/A
119,LG이노텍,"153,300",상승,"5,900",+4.00%,"5,000","50,622","7,680","149,900","36,282","7,060",9.15,"102,450","148,900","150,000","113,782",-15.02,8.92,"153,800",351,"60,243","4,493",22.77,3.98,"148,600","3,153","23,667","212,008","16,750",0.67,"2,090",2.89
120,풍산,"128,600",하락,100,-0.08%,"5,000","81,428","10,413","130,900","36,039","3,238",14.97,"635,984","128,800","131,000","40,966",41.61,11.33,"131,200","3,289","18,973","2,360",23.40,6.09,"126,000","4,749","28,024","45,544","8,589",1.62,"2,600",10.40
121,KODEX 종합채권(AA-이상)액티브,"118,630",상승,50,+0.04%,0,"2,084",247,"118,590","34,213",N/A,N/A,"28,329","118,535","118,605",N/A,N/A,N/A,"118,650","34,012",N/A,N/A,0.00,N/A,"118,535","31,102","28,840",N/A,N/A,N/A,N/A,N/A
122,현대엘리베이터,"87,100",상승,"1,100",+1.28%,"5,000","30,846","2,671","86,600","34,049","2,257",16.29,"185,923","85,900","86,700","35,738",173.22,14.42,"87,400","1,875","22,315","1,939",26.05,5.46,"85,600","1,622","39,092","28,853","5,347",2.76,"5,500",10.88
123,대한전선,"17,750",상승,510,+2.96%,"1,000","1,091,343","19,329","17,510","33,094","1,152",42.36,"3,443,044","17,470","17,540","26,427",44.28,5.85,"17,920","7,959","11,466",742,6.96,3.28,"17,300","24,858","186,447","32,913",419,2.19,N/A,15.73
124,코스맥스,"283,500",상승,"4,000",+1.43%,500,"12,337","3,482","280,500","32,176","1,754",43.08,"113,376","278,500","281,000","19,337",51.61,20.53,"285,000",837,"14,249",884,35.49,5.07,"277,500",727,"11,350","21,661","6,581",7.35,"2,300",21.86
125,TIGER 미국테크TOP10 INDXX,"24,140",하락,90,-0.37%,0,"109,963","2,653","24,140","32,106",N/A,N/A,"2,714,629","24,160","24,165",N/A,N/A,N/A,"24,165","42,605",N/A,N/A,0.05,N/A,"24,100","66,545","133,000",N/A,N/A,N/A,N/A,N/A
126,에코프로머티,"45,550",상승,150,+0.33%,500,"60,269","2,732","45,050","31,854",-647,-75.92,"539,406","45,300","45,100","12,902",-837.74,-5.56,"45,750","3,154","5,526",-427,21.89,-3.57,"44,900","1,118","69,932","2,998",-600,4.35,0,-68.52
127,한미사이언스,"45,850",상승,"1,050",+2.34%,500,"35,766","1,627","45,350","31,358",989,59.47,"135,509","44,450","45,500","13,491",-20.57,7.30,"45,925","1,069","5,104",567,1.59,4.40,"44,450",984,"68,392","12,834",771,3.65,300,2.85
128,금호석유화학,"116,000",상승,"3,700",+3.29%,"5,000","41,909","4,813","114,100","30,693","2,728",9.53,"77,162","113,300","114,500","83,402",-24.00,5.88,"116,200",529,"22,980","3,486",17.51,4.27,"113,300","3,982","26,460","71,550","12,168",0.49,"2,200",13.17
129,F&F,"80,100",상승,"1,100",+1.39%,100,"6,684",531,"79,000","30,684","4,507",8.83,"68,714","79,000","79,600","22,859",-18.32,25.27,"80,100",545,"7,086","3,560",11.21,16.59,"78,600",471,"38,307","18,960","9,076",1.91,"1,700",-4.17
130,롯데지주,"29,150",상승,"1,350",+4.86%,200,"128,097","3,671","27,950","30,581","3,405",-2.84,"239,857","27,750","28,100","226,603",-31.04,-15.56,"29,250","3,306","134,605","-9,461",7.65,-4.13,"27,600","5,377","104,909","157,570","-10,260",0.34,"1,200",3.94
131,서울보증보험,"43,750",상승,650,+1.51%,"2,500","10,586",460,"43,650","30,547","2,797",14.33,"104,511","43,150","43,750","93,336",-46.64,4.12,"43,850",823,"41,581","2,133",1.05,2.31,"42,700","1,801","69,822","27,513","3,052",0.61,"2,865",5.41
132,동서,"30,150",상승,"1,750",+6.16%,500,"56,036","1,657","28,950","30,060",445,20.23,"146,416","28,600","29,050","17,791",1.66,9.52,"30,300","1,236",697,"1,590",4.26,9.16,"28,600","1,520","99,700","4,889","1,490",1.80,890,-0.17
133,한화생명,"3,420",상승,125,+3.79%,"5,000","815,000","2,766","3,350","29,704","10,970",4.40,"1,823,225","3,315","3,355","1,601,464",3.78,6.98,"3,420","16,192","1,458,684","8,660",10.34,0.56,"3,315","22,817","868,530","245,852",778,0.22,N/A,7.91
134,KODEX 레버리지,"24,000",상승,820,+3.54%,0,"8,179,832","194,296","23,555","29,352",N/A,N/A,"21,939,231","23,400","23,560",N/A,N/A,N/A,"24,050","214,365",N/A,N/A,0.29,N/A,"23,370","205,183","122,300",N/A,N/A,N/A,N/A,N/A
135,KCC,"327,000",상승,"15,000",+4.81%,"5,000","8,296","2,680","319,500","29,059","4,711",-24.72,"23,510","315,000","321,000","131,086",50.74,6.08,"327,500",303,"80,692","2,933",9.67,2.22,"314,500",332,"8,886","66,588","-13,230",0.38,"10,000",5.89
136,TIGER 200,"42,440",상승,780,+1.87%,0,"665,750","28,121","42,035","28,583",N/A,N/A,"1,844,596","41,935","42,045",N/A,N/A,N/A,"42,475","222,951",N/A,N/A,10.93,N/A,"41,870","123,904","67,350",N/A,N/A,N/A,N/A,N/A
137,시프트업,"48,500",하락,400,-0.82%,200,"12,255",596,"49,050","28,509","1,527",17.85,"105,550","49,300","49,100","8,038",37.47,31.30,"49,300","1,175",394,"1,480",37.67,29.37,"48,350",645,"58,782","2,241","2,717",3.59,0,32.91
138,TIGER KOFR금리액티브(합성),"109,130",상승,5,0.00%,0,"6,048",660,"109,130","28,492",N/A,N/A,"57,338","109,130","109,135",N/A,N/A,N/A,"109,135","108,912",N/A,N/A,0.00,N/A,"109,130","188,130","26,108",N/A,N/A,N/A,N/A,N/A
139,영원무역,"63,600",상승,400,+0.63%,500,"5,432",341,"63,100","28,182","3,156",6.54,"60,196","62,600","63,400","53,897",-50.47,12.32,"64,000",544,"14,941","2,945",29.64,5.51,"62,400",443,"44,311","35,178","9,724",0.74,"1,400",-2.40
140,KODEX 200TR,"15,125",상승,265,+1.78%,0,"132,579","1,996","14,975","27,860",N/A,N/A,"418,573","14,970","14,990",N/A,N/A,N/A,"15,150","95,558",N/A,N/A,0.01,N/A,"14,930","110,078","184,200",N/A,N/A,N/A,N/A,N/A
141,산일전기,"90,600",상승,"1,900",+2.14%,500,"227,748","20,855","90,900","27,583","1,092",28.19,"999,022","90,700","91,000","4,927",134.38,29.88,"93,600","1,860",584,837,9.55,24.47,"89,900","1,123","30,445","3,340","3,214",6.09,420,55.68
142,한전KPS,"59,900",하락,200,-0.33%,200,"48,970","2,926","59,600","26,955","2,095",19.24,"423,907","59,300","59,800","16,902",5.08,13.26,"60,200","4,836","3,617","1,724",12.33,10.49,"59,300","5,685","45,000","15,571","3,113",2.21,"2,469",1.52
143,KODEX 미국나스닥100,"20,460",상승,5,+0.02%,0,"105,826","2,164","20,455","26,649",N/A,N/A,"1,072,712","20,465","20,460",N/A,N/A,N/A,"20,470","185,633",N/A,N/A,0.15,N/A,"20,440","195,219","130,250",N/A,N/A,N/A,N/A,N/A
144,에스원,"69,400",상승,800,+1.17%,500,"7,957",549,"68,700","26,371","2,092",14.81,"47,536","68,100","68,800","23,227",-1.58,10.85,"69,600",964,"6,620","1,767",56.00,7.85,"68,100","1,500","37,999","28,047","4,687",1.46,"2,700",7.02
145,한화비전,"51,700",상승,"1,500",+2.99%,500,"72,750","3,735","50,700","26,102",-1,81.42,"435,388","50,600","50,800","15,911",N/A,N/A,"52,000","23,021","7,664",32,19.13,N/A,"50,600","5,537","50,488","4,933",635,3.15,N/A,N/A
146,롯데케미칼,"61,000",상승,"2,200",+3.74%,"5,000","44,086","2,654","59,900","26,093","-8,941",-1.44,"139,475","59,400","60,100","345,523",-157.14,-11.44,"61,100",396,"145,644","-18,256",20.86,-5.37,"59,100","9,063","42,775","204,304","-42,451",0.18,"2,000",2.43
147,TIGER 미국필라델피아반도체나스닥,"19,700",하락,120,-0.61%,0,"149,831","2,949","19,710","25,758",N/A,N/A,"1,310,926","19,730","19,715",N/A,N/A,N/A,"19,750","10,193",N/A,N/A,0.65,N/A,"19,655","36,416","130,750",N/A,N/A,N/A,N/A,N/A
148,아모레퍼시픽홀딩스,"32,250",상승,500,+1.57%,500,"21,003",674,"32,100","25,625","2,493",11.46,"210,179","31,900","32,200","85,405",64.00,7.57,"32,400","1,073","15,488","6,529",10.02,8.07,"31,900","3,618","79,458","42,599","2,813",0.86,330,5.93
149,현대해상,"27,950",상승,"1,500",+5.67%,500,"227,560","6,297","27,300","24,987","12,441",3.67,"330,819","26,800","27,350","485,238",67.33,15.75,"28,000","1,348","437,804","8,505",35.13,1.84,"26,750","14,922","89,400","173,245","7,619",0.54,N/A,8.86
150,이마트,"89,300",상승,"3,900",+4.57%,"5,000","81,118","7,169","87,100","24,643",471,-4.55,"210,725","85,800","87,400","339,306",200.35,-5.40,"89,400","1,360","207,466","-5,734",23.28,-1.70,"85,800","4,244","27,596","290,209","-19,614",0.23,"2,000",-1.53
151,HD현대인프라코어,"12,800",상승,160,+1.27%,"1,000","158,407","2,027","12,860","24,652","1,842",30.99,"1,398,927","12,710","12,900","42,872",-55.97,5.92,"12,910","1,555","24,400","1,084",14.34,2.49,"12,700","7,235","192,591","41,142",413,1.30,"2,000",-1.53
152,SK가스,"263,000",상승,"5,000",+1.94%,"5,000","2,630",688,"262,000","24,315","2,872",9.87,"18,895","261,500","262,500","75,396",-5.41,6.74,"264,500",104,"48,013","1,778",7.34,2.61,"259,000",302,"9,245","70,959","26,657",0.85,"8,000",1.48
153,농심,"397,000",상승,"4,000",+1.02%,"5,000","3,893","1,541","394,000","24,148","1,631",15.46,"22,609","394,000","394,500","35,975",-23.10,6.17,"398,000","1,182","9,249","1,576",17.89,4.61,"393,500",531,"6,083","34,387","25,679",0.85,"5,000",0.83
154,한국콜마,"99,900",상승,100,+0.10%,500,"40,733","4,048","98,800","23,581","1,939",24.31,"499,123","99,100","99,000","31,267",42.39,12.50,"100,500","2,690","16,210","1,253",39.99,4.09,"98,500","2,018","23,605","24,521","4,109",2.99,720,13.75
155,한화엔진,"28,200",하락,250,-0.88%,"1,000","66,401","1,881","28,550","23,532",715,28.12,"810,750","28,900","28,700","14,131",719.51,25.64,"28,900","4,417","10,198",792,13.10,6.21,"28,050","12,391","83,447","12,022","1,003",5.69,N/A,40.71
156,달바글로벌,"194,400",하락,"2,500",-1.27%,100,"24,003","4,667","194,200","23,519",598,136.23,"390,973","196,400","194,300","1,361",84.44,26.21,"198,400","1,005",340,154,5.69,14.39,"192,400",96,"12,098","3,091","1,427",17.88,305,53.91
157,제일기획,"20,100",상승,50,+0.25%,200,"15,234",306,"20,150","23,123","3,207",11.97,"335,459","20,100","20,200","33,066",4.29,15.12,"20,200","4,598","18,325","2,083",23.96,6.73,"20,050","18,240","115,041","43,443","1,679",1.47,"1,230",4.98
158,RISE 머니마켓액티브,"54,367",상승,2,0.00%,0,"63,721","3,464","54,365","22,871",N/A,N/A,"317,738","54,365","54,370",N/A,N/A,N/A,"54,370","308,700",N/A,N/A,1.23,N/A,"54,365","146,523","42,068",N/A,N/A,N/A,N/A,N/A
159,ACE 미국30년국채액티브(H),"7,785",상승,70,+0.91%,0,"585,809","4,563","7,790","22,802",N/A,N/A,"1,710,384","7,785","7,795",N/A,N/A,N/A,"7,795","441,149",N/A,N/A,0.01,N/A,"7,780","572,345","292,900",N/A,N/A,N/A,N/A,N/A
160,DL이앤씨,"58,100",상승,"6,300",+12.16%,"5,000","456,317","25,952","56,800","22,481","2,709",10.68,"677,910","55,000","56,900","97,124",-18.06,4.77,"58,300","4,407","48,667","2,292",29.43,2.41,"54,500","11,142","38,694","83,184","5,440",0.50,540,4.10
161,KODEX CD1년금리플러스액티브(합성),"1,021,820",상승,50,0.00%,0,299,305,"1,021,820","22,289",N/A,N/A,"8,602","1,021,820","1,021,825",N/A,N/A,N/A,"1,021,822","387,845",N/A,N/A,0.00,N/A,"1,021,820","383,005","2,181",N/A,N/A,N/A,N/A,N/A
162,미스토홀딩스,"36,250",상승,500,+1.40%,"1,000","10,023",362,"36,050","21,785","3,608",23.19,"124,182","35,950","36,300","55,364",18.88,4.30,"36,350","2,085","28,001","2,077",39.13,3.95,"35,950","3,100","60,096","42,687","1,563",1.05,"1,200",6.54
163,한온시스템,"3,155",상승,55,+1.77%,100,"77,469",243,"3,135","21,415",955,-4.57,"838,845","3,105","3,140","106,203",-66.31,-13.90,"3,160","14,872","76,215","-3,586",4.89,-3.61,"3,105","7,976","678,763","99,987",-690,0.75,N/A,5.01
164,iM금융지주,"12,870",상승,300,+2.39%,"5,000","96,619","1,238","12,680","21,415","2,634",8.44,"546,295","12,570","12,720","941,486",-50.69,3.60,"12,910","1,396","879,429","2,016",43.60,0.22,"12,570","6,358","166,393","80,505","1,525",0.35,500,-2.58
165,롯데쇼핑,"75,500",상승,"1,300",+1.75%,"5,000","11,222",841,"74,900","21,358","4,731",-2.07,"80,733","73,900","75,000","390,030",-6.94,-7.75,"75,600",284,"219,694","-9,941",8.16,-2.86,"73,900","3,684","28,289","139,866","-36,401",0.14,"3,800",-3.91
166,BGF리테일,"122,000",상승,"1,000",+0.83%,"1,000","5,127",621,"120,400","21,086","2,516",11.39,"49,694","121,000","120,700","34,026",-0.61,17.29,"122,100",191,"22,185","1,952",27.96,5.90,"120,400",83,"17,284","86,988","10,714",1.87,"4,100",6.15
167,ACE 미국S&P500,"21,065",상승,20,+0.10%,0,"126,842","2,670","21,050","21,086",N/A,N/A,"399,497","21,070","21,055",N/A,N/A,N/A,"21,070","50,255",N/A,N/A,0.09,N/A,"21,040","45,668","100,100",N/A,N/A,N/A,N/A,N/A
168,DB하이텍,"47,150",상승,350,+0.75%,"5,000","15,500",729,"46,900","20,934","1,908",9.06,"157,144","46,950","47,150","23,969",-28.10,12.44,"47,250","2,654","3,962","2,294",26.57,10.33,"46,700","4,472","44,399","11,312","5,205",1.00,"1,230",-2.00
169,더존비즈온,"67,600",상승,100,+0.15%,500,"29,794","2,015","67,600","20,539",881,38.24,"345,019","67,200","67,800","10,376",27.50,12.17,"68,200","4,078","4,828",780,10.19,8.12,"67,100","2,966","30,383","4,023","1,768",3.69,477,13.79
170,신영증권,"124,800",상승,"3,800",+3.14%,"5,000","8,814","1,096","123,200","20,517","1,361",18.89,"30,597","122,500","123,400","103,796",-20.09,6.45,"125,300",225,"85,469","1,123",6.99,1.04,"121,500",223,"16,440","24,664","6,607",0.55,"5,000",-10.78
171,씨에스윈드,"48,500",상승,"1,600",+3.41%,500,"66,202","3,196","48,150","20,453","2,555",7.41,"172,455","47,900","48,250","36,095",145.19,13.92,"48,650","2,666","24,092","1,437",12.78,4.44,"47,850","4,896","42,171","30,725","6,546",1.66,"1,000",102.12
172,CJ대한통운,"88,600",상승,"1,200",+1.37%,"5,000","5,625",496,"88,200","20,212","5,307",8.60,"40,476","87,400","88,400","97,439",10.50,6.58,"88,700","1,250","55,183","2,683",13.58,2.81,"87,400",495,"22,812","121,168","10,305",0.45,800,2.97
173,코리안리,"10,350",상승,110,+1.07%,500,"20,385",210,"10,250","20,164","4,054",5.70,"163,755","10,300","10,260","131,604",11.48,9.45,"10,360",620,"97,075","3,167",27.68,2.51,"10,220","3,941","194,821","69,579","1,816",0.54,515,-0.08
174,TIGER 미국배당다우존스,"11,445",보합,0,0.00%,0,"138,126","1,580","11,435","20,149",N/A,N/A,"1,225,491","11,445","11,440",N/A,N/A,N/A,"11,445","52,035",N/A,N/A,0.00,N/A,"11,430","90,645","176,050",N/A,N/A,N/A,N/A,N/A
175,팬오션,"3,755",상승,40,+1.08%,"1,000","113,840",427,"3,765","20,073","4,712",7.18,"889,375","3,720","3,770","102,715",22.11,5.17,"3,775","20,359","46,181","2,681",15.00,2.96,"3,720","21,395","534,570","51,612",523,0.36,120,18.35
176,아시아나항공,"9,700",상승,30,+0.31%,"5,000","6,634",64,"9,700","19,981","2,757",-8.82,"43,788","9,650","9,750","134,499",-55.53,-53.21,"9,770","6,930","124,468","-4,130",2.78,-3.12,"9,650","2,993","205,991","83,186","-1,100",1.96,N/A,9.12
177,호텔신라,"50,400",하락,"1,300",-2.51%,"5,000","108,435","5,428","51,500","19,781",-52,-30.51,"142,206","51,800","51,700","38,139",-105.68,-6.50,"51,800","4,207","25,295",-615,12.82,-1.80,"49,150","2,017","39,248","39,476","-1,652",1.49,N/A,10.62
178,한솔케미칼,"172,100",상승,400,+0.23%,"5,000","8,111","1,386","169,600","19,508","1,288",15.32,"47,921","170,000","169,700","14,647",3.77,13.48,"172,300",540,"3,932","1,249",33.30,8.87,"168,500",515,"11,335","7,764","11,232",1.92,"2,100",0.61
179,SK아이이테크놀로지,"27,250",상승,350,+1.30%,"1,000","21,544",585,"27,300","19,429","-2,910",-9.44,"191,150","27,650","27,450","41,501",-680.51,-10.41,"27,650","1,616","18,256","-2,466",6.67,-5.99,"26,950","3,381","71,298","2,179","-2,886",0.81,N/A,-66.40
180,KODEX 코스닥150레버리지,"8,075",상승,90,+1.13%,0,"4,780,318","38,494","8,050","19,340",N/A,N/A,"20,433,197","7,995","8,055",N/A,N/A,N/A,"8,100","199,736",N/A,N/A,0.32,N/A,"7,970","364,842","239,500",N/A,N/A,N/A,N/A,N/A
181,일진전기,"40,275",하락,925,-2.25%,"1,000","193,362","7,841","40,550","19,205",797,34.02,"2,474,368","40,750","40,600","12,490",31.25,10.60,"41,150","16,647","7,487",462,9.95,4.24,"40,150","2,808","47,685","15,772","1,184",3.77,300,26.51
182,동원산업,"47,900",상승,650,+1.38%,"1,000","4,797",228,"47,350","18,980","5,013",26.76,"44,631","47,300","47,550","71,582",7.87,2.74,"48,000",346,"39,118","1,136",1.89,1.53,"47,000",953,"39,624","89,442","1,790",0.67,"1,000",-0.05
183,영원무역홀딩스,"140,500",상승,"1,400",+1.01%,500,"4,720",661,"139,700","18,966","5,170",5.78,"28,146","139,800","140,000","65,767",-40.75,13.17,"141,600",287,"15,896","4,956",20.71,7.65,"139,000",323,"13,499","43,060","24,299",0.60,"5,350",-1.14
184,한국앤컴퍼니,"19,460",상승,260,+1.35%,500,"26,908",521,"19,360","18,474","4,183",5.25,"152,601","19,300","19,400","51,364",63.03,8.28,"19,480","1,090","6,836","3,507",10.38,7.17,"19,260",368,"94,935","13,910","3,709",0.41,"1,000",27.65
185,GS건설,"21,450",상승,700,+3.37%,"5,000","118,685","2,531","21,150","18,357","2,860",13.21,"626,849","20,850","21,200","178,033",173.71,5.63,"21,600","6,578","127,162","2,639",23.29,1.49,"20,800","21,578","85,581","128,638","1,624",0.41,300,-4.26
186,신세계,"188,600",상승,200,+0.11%,"5,000","2,870",539,"189,300","18,191","4,770",29.69,"50,684","188,300","190,000","150,718",-25.44,2.54,"190,700",83,"86,971","1,866",12.14,1.25,"186,600",380,"9,645","65,704","6,353",0.39,"4,500",3.36
187,엘앤에프,"49,700",상승,400,+0.81%,500,"28,466","1,406","49,600","18,049","-5,587",-4.78,"235,102","49,350","49,700","27,998",-151.32,-41.74,"49,950","3,373","20,765","-3,807",16.24,-12.38,"49,000","1,386","36,316","19,075","-10,395",2.78,0,-58.93
188,대우건설,"4,325",상승,145,+3.47%,"5,000","537,032","2,309","4,275","17,976","4,031",8.92,"1,372,041","4,195","4,280","126,585",-39.15,5.62,"4,350","7,352","83,244","2,428",11.61,2.03,"4,190","48,805","415,623","105,036",485,0.41,N/A,-9.82
189,SNT다이내믹스,"53,800",상승,"2,200",+4.26%,"2,500","18,791","1,000","52,600","17,890","1,105",17.71,"129,304","52,300","52,800","10,341",165.67,12.90,"54,000","1,295","2,437",961,8.18,9.20,"52,200","1,147","33,253","6,145","3,038",1.53,"1,300",26.44
190,TIGER 25-10 회사채(A+이상)액티브,"55,095",상승,5,+0.01%,0,"8,351",460,"55,090","17,405",N/A,N/A,"83,866","55,090","55,100",N/A,N/A,N/A,"55,100","141,516",N/A,N/A,0.14,N/A,"55,090","137,885","31,590",N/A,N/A,N/A,N/A,N/A
191,현대백화점,"76,900",상승,"1,300",+1.72%,"5,000","4,896",376,"77,200","17,402","2,840",-48.89,"76,320","76,800","77,300","112,177",-6.40,-0.81,"77,400",136,"49,833",-8,22.60,-0.01,"76,200","1,979","22,629","41,876","-1,573",0.38,"1,400",-0.47
192,HD현대마린엔진,"50,000",하락,300,-0.60%,"2,500","44,292","2,217","50,600","16,961",332,19.39,"262,823","50,400","50,900","4,950",80.60,28.34,"50,900","7,532","1,856",758,13.92,15.97,"49,700","3,155","33,921","3,158","2,579",5.19,N/A,29.23
193,대웅제약,"145,300",상승,"1,300",+0.90%,"2,500","1,748",253,"145,100","16,835","1,479",43.75,"29,356","144,500","145,400","19,770",20.68,3.17,"145,800",507,"10,500",233,9.13,1.25,"144,400",342,"11,587","14,227","3,321",2.08,600,3.44
194,다우기술,"36,100",상승,"1,850",+5.40%,500,"37,449","1,336","34,900","16,197","11,747",4.56,"166,910","34,600","34,950","571,479",83.58,13.16,"36,150",788,"508,554","8,528",24.32,1.54,"34,600","1,462","44,867","116,258","7,909",0.53,"1,400",17.97
195,KODEX 단기채권PLUS,"114,860",상승,15,+0.01%,0,"4,801",551,"114,865","16,018",N/A,N/A,"41,025","114,865","114,870",N/A,N/A,N/A,"114,870","67,572",N/A,N/A,0.00,N/A,"114,860","106,058","13,946",N/A,N/A,N/A,N/A,N/A
196,오뚜기,"396,500",상승,"2,500",+0.63%,"5,000","1,172",463,"393,500","15,891","2,220",12.98,"3,398","395,500","394,500","35,974",-12.90,6.86,"396,500",259,"14,159","1,376",11.75,3.88,"393,000",699,"4,008","35,391","30,537",0.67,"9,000",2.45
197,RISE 종합채권(A-이상)액티브,"110,120",상승,10,+0.01%,0,399,43,"110,130","15,842",N/A,N/A,"7,617","110,110","110,165",N/A,N/A,N/A,"110,165","18,003",N/A,N/A,0.00,N/A,"110,110","18,045","14,386",N/A,N/A,N/A,N/A,N/A
198,ACE 미국나스닥100,"23,395",상승,15,+0.06%,0,"62,469","1,460","23,390","15,721",N/A,N/A,"460,759","23,400","23,395",N/A,N/A,N/A,"23,405","110,344",N/A,N/A,0.01,N/A,"23,370","81,511","67,200",N/A,N/A,N/A,N/A,N/A
199,HL만도,"33,200",상승,350,+1.07%,"1,000","20,923",692,"32,850","15,590","3,588",85.57,"228,485","32,750","32,950","70,520",28.46,5.47,"33,300","11,449","43,793","1,582",24.90,2.37,"32,750","3,091","46,957","88,482",388,0.65,700,5.42
200,TIGER 차이나전기차SOLACTIVE,"9,175",보합,0,0.00%,0,"27,542",252,"9,185","15,513",N/A,N/A,"532,378","9,180","9,195",N/A,N/A,N/A,"9,200","3,803",N/A,N/A,0.48,N/A,"9,165","7,867","169,080",N/A,N/A,N/A,N/A,N/A
201,두산퓨얼셀,"23,550",상승,"1,100",+4.90%,100,"196,381","4,628","23,350","15,424",-17,-94.58,"669,770","23,400","23,400","11,797",N/A,N/A,"23,900","12,967","6,808",-105,10.20,N/A,"23,300","15,391","65,494","4,118",-249,3.94,N/A,N/A
202,두산우,"384,500",상승,"5,000",+1.32%,"5,000","10,325","3,937","380,500","15,366",N/A,-39.68,"73,984","389,000","382,500",N/A,N/A,N/A,"389,000",580,N/A,N/A,1.28,N/A,"375,000",298,"3,996",N/A,"-9,690",4.59,N/A,N/A
203,TIGER MSCI Korea TR,"17,470",상승,205,+1.19%,0,827,14,"17,310","15,216",N/A,N/A,"11,006","17,265","17,325",N/A,N/A,N/A,"17,470","12,000",N/A,N/A,0.00,N/A,"17,230","14,052","87,100",N/A,N/A,N/A,N/A,N/A
204,HDC현대산업개발,"22,900",상승,450,+2.00%,"5,000","65,644","1,499","22,650","15,093","1,846",8.41,"943,566","22,600","22,850","74,619",-5.47,5.09,"23,050","3,804","43,473","1,557",13.46,2.15,"22,400","9,047","65,907","42,562","2,722",0.47,700,1.56
205,녹십자,"126,800",상승,500,+0.40%,"5,000","1,382",175,"126,800","14,819",321,51.59,"20,766","127,100","127,000","27,439",-6.76,-2.06,"127,200",317,"12,629",-426,19.36,-1.58,"126,300",817,"11,687","16,799","2,458",1.16,"1,500",3.27
206,에스엘,"31,800",상승,550,+1.76%,500,"6,976",221,"31,500","14,771","3,952",4.20,"79,865","31,550","31,550","36,989",2.33,17.42,"31,850","2,753","13,016","3,820",15.91,11.02,"31,300","3,855","46,449","49,733","7,575",0.62,"1,200",2.78
207,한화투자증권,"6,860",상승,250,+3.78%,"5,000","1,006,115","6,889","6,790","14,718",40,"-2,286.67","2,557,112","6,760","6,820","140,181",-87.39,2.37,"6,930","23,751","123,119",389,7.94,0.29,"6,740","52,134","214,548","24,958",-3,0.86,N/A,26.75
208,HDC,"24,550",상승,"1,050",+4.47%,"5,000","30,617",741,"24,150","14,667","3,447",7.61,"317,960","23,700","24,250","123,983",10.25,5.65,"24,600","1,115","72,995","2,603",20.93,2.18,"23,700","6,299","59,742","62,003","3,226",0.46,350,4.94
209,하이트진로,"20,700",상승,100,+0.49%,"5,000","18,514",382,"20,650","14,518","2,081",13.71,"166,265","20,650","20,700","34,415",67.97,8.63,"20,750","15,203","22,920",957,9.27,2.82,"20,600","23,585","70,134","25,992","1,510",1.29,700,3.14
210,오리온홀딩스,"23,100",상승,"1,100",+5.00%,500,"72,077","1,642","22,550","14,471","5,062",9.48,"247,505","22,550","22,600","59,332",24.86,7.03,"23,150","5,346","10,545","4,795",10.99,8.66,"22,500","5,869","62,645","31,952","2,436",0.58,800,8.17
211,RISE 200,"42,740",상승,765,+1.82%,0,"293,764","12,494","42,365","14,467",N/A,N/A,"779,718","42,240","42,395",N/A,N/A,N/A,"42,780","126,240",N/A,N/A,0.05,N/A,"42,165","106,568","33,850",N/A,N/A,N/A,N/A,N/A
212,OCI홀딩스,"76,700",상승,"3,900",+5.36%,"5,000","51,431","3,898","74,800","14,431","1,015",-18.63,"48,152","74,000","75,000","80,937",-80.89,2.54,"77,000","1,106","32,581","1,137",17.14,1.62,"73,900","1,870","18,815","35,774","-4,116",0.36,"2,200",35.01
213,현대지에프홀딩스,"9,240",상승,280,+3.13%,500,"33,917",309,"9,120","14,406","1,981",1.77,"618,722","9,100","9,130","100,849","1,895.39",23.02,"9,250","3,710","30,927","7,920",5.08,10.46,"9,050","1,434","155,904","74,093","5,233",0.41,210,181.78
214,엠앤씨솔루션,"154,200",상승,"3,700",+2.46%,100,"4,309",663,"153,200","14,115",348,45.89,"45,178","152,500","153,800","3,571",68.59,21.82,"155,300",160,"1,917",270,5.33,7.86,"151,100",433,"9,154","2,828","3,360",8.84,"1,480",54.16
215,GS리테일,"16,650",보합,0,0.00%,"1,000","17,828",296,"16,650","13,921","2,391",-61.67,"186,518","16,650","16,660","75,816",-18.05,0.07,"16,670",819,"44,001",98,8.72,0.11,"16,520",506,"83,607","116,269",-270,0.44,500,4.43
216,파라다이스,"15,090",하락,180,-1.18%,500,"44,567",673,"15,190","13,848","1,361",17.15,"399,964","15,310","15,280","39,338",-6.67,4.97,"15,330",621,"18,586","1,107",5.92,2.93,"14,980","3,234","91,772","10,721",880,0.79,150,7.84
217,HD현대건설기계,"78,300",상승,"2,300",+3.03%,"5,000","17,375","1,350","77,000","13,829","1,904",17.62,"66,507","76,300","77,300","33,246",-25.97,6.18,"78,300",931,"15,308",860,17.37,2.60,"76,300","1,602","17,662","34,381","4,443",0.81,500,-10.12
218,대웅,"23,450",상승,400,+1.74%,500,"17,623",412,"23,300","13,634","2,819",21.65,"86,976","23,150","23,350","27,207",44.12,5.99,"23,575","3,322","12,182",689,5.75,2.71,"23,150","2,458","58,142","19,369","1,083",0.95,200,6.79
219,한국카본,"26,250",상승,250,+0.96%,500,"65,335","1,712","25,950","13,626",454,32.33,"747,162","26,250","26,000","8,790",176.01,4.38,"26,450","9,398","4,047",203,12.22,2.43,"25,900","5,141","51,908","7,417",812,2.64,130,24.79
220,KODEX 코스닥150,"12,685",상승,35,+0.28%,0,"708,763","8,981","12,670","13,535",N/A,N/A,"7,104,270","12,655","12,675",N/A,N/A,N/A,"12,720","147,811",N/A,N/A,0.88,N/A,"12,605","84,887","106,700",N/A,N/A,N/A,N/A,N/A
221,KODEX 200선물인버스2X,"1,370",하락,50,-3.52%,0,"96,502,616","133,538","1,395","13,525",N/A,N/A,"253,874,597","1,406","1,395",N/A,N/A,N/A,"1,409","9,526,492",N/A,N/A,0.46,N/A,"1,367","6,068,026","987,200",N/A,N/A,N/A,N/A,N/A
222,롯데관광개발,"17,430",하락,310,-1.75%,500,"129,031","2,253","17,320","13,438",390,-13.05,"1,045,068","18,130","17,340","21,666",164.36,-60.42,"18,130","3,343","18,536","-1,166",8.06,-5.93,"17,200",975,"77,096","4,715","-1,336",4.53,0,50.37
223,DN오토모티브,"22,750",상승,550,+2.48%,100,"16,524",372,"22,400","13,311","5,229",4.34,"48,539","22,300","22,500","50,060",6.63,19.78,"22,850",826,"28,353","3,182",4.28,6.65,"22,050","1,734","58,511","34,345","5,240",0.66,"1,000",5.06
224,효성,"78,500",상승,"2,200",+2.88%,"5,000","72,801","5,692","78,000","13,141","2,211",2.70,"112,212","78,600","78,200","43,409",283.53,19.62,"78,800","1,440","18,364","4,843",9.39,10.27,"77,300","5,003","16,740","22,728","29,071",0.60,"3,000",23.04
225,KODEX 삼성그룹,"9,465",상승,170,+1.83%,0,"70,252",664,"9,390","13,137",N/A,N/A,"379,289","9,320","9,410",N/A,N/A,N/A,"9,495","88,576",N/A,N/A,13.20,N/A,"9,320","91,885","138,800",N/A,N/A,N/A,N/A,N/A
226,이수스페셜티케미컬,"43,350",상승,"1,000",+2.36%,"1,000","34,414","1,477","42,500","13,095",142,90.12,"220,069","42,650","42,600","2,995",332.14,9.70,"43,450","2,891","1,779",105,5.20,4.06,"42,250","1,916","30,208","3,321",481,10.35,N/A,182.54
227,TIGER 미국30년국채커버드콜액티브(H),"8,060",상승,80,+1.00%,0,"333,581","2,688","8,060","13,085",N/A,N/A,"1,120,008","8,065","8,065",N/A,N/A,N/A,"8,070","201,399",N/A,N/A,0.02,N/A,"8,055","265,576","162,350",N/A,N/A,N/A,N/A,N/A
228,TIGER 25-12 금융채(AA-이상),"51,330",보합,0,0.00%,0,357,18,"51,320","13,071",N/A,N/A,"2,101","51,330","51,330",N/A,N/A,N/A,"51,330","105,000",N/A,N/A,0.00,N/A,"51,330","125,010","25,464",N/A,N/A,N/A,N/A,N/A
229,금호타이어,"4,550",상승,45,+1.00%,"5,000","47,813",217,"4,555","13,070","5,886",3.91,"371,995","4,485","4,575","53,628",43.21,21.77,"4,575","5,523","34,580","3,516",8.40,6.90,"4,485","14,307","287,260","45,322","1,163",0.72,N/A,12.14
230,코오롱인더,"47,350",상승,"3,300",+7.49%,"5,000","186,145","8,697","46,800","13,030","1,587",14.79,"282,176","45,100","46,950","72,481",-20.50,3.06,"47,450","1,841","34,750","1,106",11.42,1.67,"45,100","8,128","27,519","48,430","3,202",0.39,"1,300",2.28
231,한일시멘트,"18,790",상승,180,+0.97%,500,"13,237",248,"18,540","13,014","2,714",9.28,"54,167","18,600","18,740","29,883",10.09,11.13,"18,800",664,"11,495","1,990",4.72,6.80,"18,500",730,"69,262","17,417","2,025",0.78,"1,000",-3.21
232,메리츠 KIS CD금리투자 ETN,"54,005",보합,0,0.00%,0,0,0,"54,000","12,880",N/A,N/A,"9,708","54,005","54,010",N/A,N/A,N/A,"54,005","40,000",N/A,N/A,0.00,N/A,"54,005","40,000","23,850",N/A,N/A,N/A,N/A,N/A
233,에스디바이오센서,"10,570",상승,130,+1.25%,500,"8,869",93,"10,480","12,869",-541,-12.39,"109,896","10,420","10,530","38,885",78.21,-3.43,"10,580","1,592","9,562",-981,6.55,-2.56,"10,420",992,"121,749","6,946",-853,0.44,200,5.93
234,대신증권,"25,250",상승,850,+3.48%,"5,000","42,874","1,070","24,800","12,820",836,13.66,"203,564","24,650","24,850","263,961",-48.18,4.57,"25,300","5,677","230,807","1,442",10.13,0.59,"24,550","6,938","50,773","40,939","1,848",0.55,"1,200",6.21
235,한올바이오파마,"24,450",상승,200,+0.82%,500,"18,368",449,"24,350","12,773",2,-764.06,"148,883","24,250","24,500","2,129",-89.58,-1.02,"24,650","8,270",445,-18,7.11,-0.80,"24,250","6,894","52,241","1,389",-32,7.79,N/A,2.99
236,SK리츠,"4,610",하락,10,-0.22%,500,"41,277",190,"4,635","12,732",362,"1,152.50","456,070","4,625","4,640","44,213",2.31,0.08,"4,645","11,570","31,567",22,7.57,0.05,"4,595","4,578","276,189",534,4,1.08,70,2.28
237,ACE KRX금현물,"20,280",상승,180,+0.90%,0,"81,679","1,654","20,265","12,695",N/A,N/A,"802,151","20,180","20,270",N/A,N/A,N/A,"20,280","65,682",N/A,N/A,0.66,N/A,"20,180","8,187","62,600",N/A,N/A,N/A,N/A,N/A
238,현대위아,"46,300",상승,500,+1.09%,"5,000","5,493",254,"46,100","12,591","2,188",6.97,"49,888","45,900","46,400","70,760",-6.01,3.45,"46,400",826,"30,497","1,295",15.04,1.86,"45,900",478,"27,195","81,809","6,638",0.34,"1,100",0.19
239,롯데렌탈,"34,400",상승,150,+0.44%,"5,000","1,788",61,"34,150","12,490","2,848",10.46,"26,098","34,050","34,300","70,066",-6.68,7.51,"34,450",968,"55,380","1,027",6.62,1.50,"34,050","3,284","36,309","27,924","3,288",0.85,"1,200",1.46
240,SK케미칼,"71,900",하락,100,-0.14%,"5,000","12,521",895,"71,600","12,405",-452,42.32,"134,573","71,300","71,700","53,670",-154.23,0.41,"72,200","1,068","23,341",-44,10.27,-0.09,"71,000","8,852","17,254","17,368","1,699",0.62,"1,150",-0.69
241,더블유게임즈,"57,700",상승,600,+1.05%,500,"4,682",270,"57,600","12,403","2,487",7.12,"70,077","57,300","57,700","16,463",16.62,18.69,"58,100",882,899,"2,433",18.06,16.58,"57,200","1,732","21,496","6,335","8,108",1.00,"1,200",8.78
242,LX인터내셔널,"31,900",상승,750,+2.41%,"5,000","27,188",861,"31,700","12,364","4,892",6.32,"118,883","31,300","31,750","89,309",12.95,7.12,"31,900","3,237","56,113","2,695",21.54,3.18,"31,300","6,777","38,760","166,376","5,044",0.43,"2,000",14.63
243,TIGER 머니마켓액티브,"100,630",상승,10,+0.01%,0,"4,657",468,"100,630","12,266",N/A,N/A,"41,294","100,630","100,635",N/A,N/A,N/A,"100,635","339,980",N/A,N/A,0.00,N/A,"100,630","420,000","12,189",N/A,N/A,N/A,N/A,N/A
244,미래에셋증권2우B,"8,810",상승,420,+5.01%,"5,000","244,251","2,125","8,580","12,114",N/A,6.46,"1,211,728","8,550","8,600",N/A,N/A,N/A,"8,820","7,011",N/A,N/A,11.71,N/A,"8,550","13,384","137,500",N/A,"1,364",0.42,N/A,N/A
245,세아베스틸지주,"33,300",상승,400,+1.22%,"5,000","16,903",558,"33,150","11,942",523,116.84,"246,857","32,900","33,200","38,266",-73.39,1.04,"33,400",951,"17,952",203,6.00,0.54,"32,500","1,830","35,862","36,361",285,0.63,"1,200",-10.96
246,SK오션플랜트,"19,700",상승,600,+3.14%,500,"921,416","18,631","20,200","11,856",418,69.86,"207,993","21,000","20,300","14,219",-44.72,2.34,"21,300","28,910","7,084",169,5.00,1.18,"19,630","15,522","60,180","6,626",282,1.64,0,-28.43
247,PLUS K방산,"48,995",상승,645,+1.33%,0,"201,992","9,900","48,930","11,734",N/A,N/A,"1,097,423","48,780","48,990",N/A,N/A,N/A,"49,295",906,N/A,N/A,0.52,N/A,"48,765","21,936","23,950",N/A,N/A,N/A,N/A,N/A
248,종근당,"84,000",상승,"1,100",+1.33%,"2,500","1,277",107,"83,600","11,594",995,12.17,"18,932","83,000","84,200","14,588",-59.67,12.76,"84,300",627,"5,624","1,114",14.72,7.79,"83,000",419,"13,803","15,864","6,903",1.24,"1,050",-4.97
249,롯데에너지머티리얼즈,"22,050",상승,150,+0.68%,500,"7,792",171,"22,050","11,547",-644,-26.16,"93,360","21,900","22,100","22,820",-645.89,0.46,"22,150","2,231","3,801",288,7.55,1.23,"21,850","1,867","52,365","9,023",-843,0.66,N/A,11.53
250,SK디스커버리,"62,400",상승,"3,700",+6.30%,"5,000","23,578","1,451","60,200","11,449","1,726",15.46,"67,583","59,800","60,300","150,777",-32.78,0.88,"62,500",601,"86,243",319,14.37,0.23,"59,800","2,435","18,348","90,396","4,037",0.42,"1,700",1.12
251,태광산업,"1,029,000",상승,"50,000",+5.11%,"5,000",902,911,"1,008,000","11,457",-272,4.57,"6,945","991,000","1,011,000","47,223",72.66,5.45,"1,029,000",33,"7,067","2,184",4.55,4.62,"990,000",181,"1,113","21,219","225,266",0.22,"1,750",-6.34
252,미래에셋생명,"6,450",상승,130,+2.06%,"5,000","7,989",51,"6,370","11,418","1,221",10.90,"56,792","6,320","6,390","324,936",-17.88,4.88,"6,480",713,"299,300","1,361",1.29,0.42,"6,320","1,370","177,016","47,961",592,0.34,N/A,-5.09
253,동양생명,"7,040",상승,260,+3.83%,"5,000","47,393",329,"6,880","11,360","3,681",4.09,"81,523","6,860","6,910","345,472",25.08,12.91,"7,050","15,458","325,805","3,143",81.38,0.93,"6,840","4,168","161,359","34,994","1,722",0.77,N/A,7.65
254,PLUS 고배당주,"19,340",상승,360,+1.90%,0,"576,981","11,112","19,165","11,349",N/A,N/A,"1,485,702","19,005","19,180",N/A,N/A,N/A,"19,375","1,891",N/A,N/A,0.34,N/A,"19,000","40,946","58,680",N/A,N/A,N/A,N/A,N/A
255,롯데칠성,"121,500",상승,"2,300",+1.93%,500,"2,344",282,"120,200","11,274","1,849",25.17,"21,743","118,700","120,700","43,725",-12.22,3.99,"121,500",141,"27,941",600,11.41,1.39,"118,700",627,"9,279","40,245","4,828",0.83,"3,400",24.80
256,효성티앤씨,"260,000",상승,"10,000",+4.00%,"5,000","4,522","1,163","254,500","11,252","2,707",10.28,"13,008","249,000","255,000","47,242",26.87,9.84,"262,000",253,"29,042","1,838",17.44,4.18,"249,000",300,"4,328","77,761","25,287",0.78,"10,000",3.31
257,가온전선,"67,200",상승,"1,000",+1.51%,"5,000","42,264","2,876","67,900","11,117",450,20.13,"117,768","69,100","68,000","10,429",2.96,6.46,"69,400","1,567","5,892",254,2.63,2.75,"67,000","1,011","16,543","17,271","3,339",2.58,N/A,15.25
258,TIGER TOP10,"12,980",상승,150,+1.17%,0,"29,262",379,"12,860","11,085",N/A,N/A,"218,767","12,890","12,880",N/A,N/A,N/A,"13,010","57,862",N/A,N/A,30.68,N/A,"12,820","52,284","85,400",N/A,N/A,N/A,N/A,N/A
259,롯데웰푸드,"118,800",상승,"3,300",+2.86%,500,"4,881",572,"115,900","11,054","1,571",12.92,"32,470","116,000","116,400","43,417",-11.25,4.04,"119,300",318,"21,153",820,13.28,1.92,"115,100",420,"9,305","40,443","9,197",0.49,"3,300",-0.54
260,코스모신소재,"33,850",보합,0,0.00%,"1,000","24,416",824,"33,950","11,005",250,73.59,"143,907","33,700","34,000","7,845",-22.65,3.62,"34,050","4,807","2,890",176,9.23,2.42,"33,450","1,848","32,511","5,697",460,2.21,N/A,-9.51
261,LS에코에너지,"35,750",상승,"1,200",+3.47%,500,"63,149","2,250","35,350","10,948",448,31.06,"122,718","35,400","35,450","4,887",51.81,19.00,"36,200","2,710","2,917",353,3.46,7.88,"34,950","4,735","30,625","8,690","1,151",5.78,200,18.86
262,롯데리츠,"3,780",상승,30,+0.80%,500,"19,309",73,"3,780","10,923",420,44.47,"342,016","3,785","3,785","26,236",16.25,0.95,"3,795","3,459","14,542",106,7.81,0.43,"3,775","12,161","288,969",656,85,0.95,112,10.46
263,LX세미콘,"66,400",상승,"1,700",+2.63%,500,"4,162",276,"66,200","10,799","1,671",7.95,"26,045","65,500","66,300","14,998",29.48,12.69,"68,000",620,"4,202","1,305",31.35,9.65,"65,500",895,"16,264","18,656","8,349",0.99,"2,400",-1.88
264,한샘,"45,750",하락,350,-0.76%,"1,000","3,571",163,"45,750","10,767",312,9.60,"46,135","45,650","45,900","10,673","1,504.29",43.59,"46,100",770,"7,166","1,511",13.40,14.27,"45,500",117,"23,534","19,084","4,768",2.11,"8,530",-2.98
265,쿠쿠홀딩스,"30,150",상승,500,+1.69%,100,"2,184",65,"29,700","10,722","1,032",7.78,"27,662","29,650","29,850","13,699",19.16,12.08,"30,200",432,"1,735","1,370",12.04,10.47,"29,600","1,923","35,562","8,338","3,873",0.79,"1,200",7.97
266,RISE CD금리액티브(합성),"104,155",상승,5,0.00%,0,759,79,"104,155","10,692",N/A,N/A,"2,275","104,160","104,160",N/A,N/A,N/A,"104,160","39,035",N/A,N/A,0.00,N/A,"104,155","39,191","10,265",N/A,N/A,N/A,N/A,N/A
267,경동나비엔,"73,100",상승,700,+0.97%,"1,000","1,250",91,"72,800","10,650","1,326",8.15,"41,192","72,800","72,900","13,589",25.18,19.43,"73,100",610,"6,635","1,243",11.12,10.28,"72,500",798,"14,569","13,539","8,968",1.46,650,12.42
268,DL,"50,700",상승,"4,900",+10.70%,"5,000","111,964","5,531","48,150","10,625","4,125",26.53,"88,225","46,800","48,200","125,353",173.74,2.25,"50,700",913,"77,492",948,14.46,0.77,"46,600","1,745","20,956","56,154","1,911",0.28,"1,000",11.91
269,KODEX 25-12 은행채(AAA)액티브,"102,925",하락,5,0.00%,0,6,0,"102,925","10,458",N/A,N/A,748,"102,925","102,935",N/A,N/A,N/A,"102,925","20,000",N/A,N/A,0.00,N/A,"102,925","30,001","10,161",N/A,N/A,N/A,N/A,N/A
270,ACE 테슬라밸류체인액티브,"14,240",하락,345,-2.37%,0,"765,976","10,881","14,155","10,388",N/A,N/A,"5,323,500","14,180","14,165",N/A,N/A,N/A,"14,285","260,040",N/A,N/A,0.59,N/A,"14,130","43,377","72,950",N/A,N/A,N/A,N/A,N/A
271,롯데정밀화학,"40,150",상승,700,+1.77%,"5,000","13,495",538,"39,800","10,359",504,-55.53,"69,446","39,350","39,950","27,139",-67.46,1.53,"40,250",744,"3,452",364,17.24,1.35,"39,350",772,"25,800","16,705",-723,0.43,"1,400",-5.55
272,HS효성첨단소재,"230,000",상승,"21,500",+10.31%,"5,000","15,148","3,361","213,500","10,304","2,197",32.16,"14,804","209,500","214,000","38,208",26.22,5.46,"230,000",255,"26,634",782,11.81,2.24,"209,500",320,"4,480","33,112","7,152",1.01,"6,500",3.40
273,삼성화재우,"331,000",상승,"7,000",+2.16%,500,"2,435",799,"324,500","10,259",N/A,8.45,"5,119","325,000","327,000",N/A,N/A,N/A,"331,500",291,N/A,N/A,28.88,N/A,"324,000",410,"3,100",N/A,"39,171",0.91,N/A,N/A
274,SK네트웍스,"4,620",상승,140,+3.13%,"2,500","104,687",480,"4,565","10,223","1,139",29.43,"297,832","4,520","4,570","51,571",41.44,2.29,"4,625","2,266","31,038",463,14.62,0.65,"4,520","10,854","221,278","76,573",157,0.45,300,2.73
275,TIGER 종합채권(AA-이상)액티브,"56,840",상승,15,+0.03%,0,523,29,"56,825","10,200",N/A,N/A,"18,731","56,825","56,840",N/A,N/A,N/A,"56,850","36,055",N/A,N/A,0.00,N/A,"56,820","36,001","17,946",N/A,N/A,N/A,N/A,N/A
276,SOL 조선TOP3플러스,"26,360",상승,105,+0.40%,0,"367,263","9,689","26,370","10,135",N/A,N/A,"2,248,879","26,350","26,435",N/A,N/A,N/A,"26,620","82,466",N/A,N/A,1.01,N/A,"26,205","62,077","38,450",N/A,N/A,N/A,N/A,N/A
277,TIGER 차이나항셍테크,"7,960",상승,5,+0.06%,0,"94,225",749,"7,960","10,133",N/A,N/A,"1,075,009","7,970","7,965",N/A,N/A,N/A,"7,980","23,936",N/A,N/A,0.97,N/A,"7,950","21,670","127,300",N/A,N/A,N/A,N/A,N/A
278,TIGER CD1년금리액티브(합성),"1,047,460",상승,70,+0.01%,0,"1,103","1,155","1,047,455","10,013",N/A,N/A,"9,949","1,047,455","1,047,460",N/A,N/A,N/A,"1,047,460","239,734",N/A,N/A,0.00,N/A,"1,047,455","243,891",956,N/A,N/A,N/A,N/A,N/A
279,NICE평가정보,"16,780",상승,440,+2.69%,500,"10,988",183,"16,520","9,985",868,12.97,"113,129","16,300","16,560","5,857",32.85,19.48,"16,810",615,"1,689",760,32.76,14.09,"16,300",403,"59,507","5,350","1,294",2.43,460,10.15
280,교보증권,"8,740",상승,260,+3.07%,"5,000","45,738",396,"8,550","9,960","1,139",7.25,"162,231","8,510","8,620","158,983",62.11,6.09,"8,750","7,663","139,126","1,177",1.46,0.75,"8,510","7,499","113,963","31,663","1,206",0.49,500,-15.41
281,NHN,"29,450",상승,100,+0.34%,500,"7,296",214,"29,450","9,944",-326,-7.48,"74,523","29,350","29,500","31,930",-158.67,-8.60,"29,600","2,323","14,277","-1,926",10.66,-5.80,"29,200",670,"33,766","24,561","-3,937",0.64,500,8.22
282,KB발해인프라,"8,100",상승,30,+0.37%,0,"2,826",22,"8,090","9,926",N/A,N/A,"96,373","8,150","8,140",N/A,N/A,N/A,"8,150","2,555",N/A,N/A,0.22,N/A,"8,090","8,534","122,546",N/A,N/A,N/A,N/A,N/A
283,하나 CD금리투자 ETN,"104,270",보합,0,0.00%,0,221,23,"104,270","9,906",N/A,N/A,"43,283","104,270","104,275",N/A,N/A,N/A,"104,275","190,000",N/A,N/A,0.00,N/A,"104,270","190,000","9,500",N/A,N/A,N/A,N/A,N/A
284,RISE 미국나스닥100,"22,645",상승,5,+0.02%,0,"13,981",316,"22,625","9,896",N/A,N/A,"221,608","22,640","22,640",N/A,N/A,N/A,"22,650","129,185",N/A,N/A,0.01,N/A,"22,615","174,500","43,700",N/A,N/A,N/A,N/A,N/A
285,세방전지,"70,000",상승,"1,400",+2.04%,500,"8,423",584,"69,300","9,800","1,797",5.61,"34,054","68,600","69,400","20,941",38.30,12.22,"70,200",558,"5,863","1,723",25.37,8.76,"68,600",673,"14,000","20,595","12,471",0.61,"1,100",22.24
286,지역난방공사,"84,400",상승,600,+0.72%,"5,000","2,254",189,"84,400","9,772","3,279",3.24,"47,105","83,800","84,700","83,622",4.20,9.65,"84,700",573,"60,940","2,099",5.16,2.57,"83,700",190,"11,579","35,703","26,013",0.40,"3,879",-9.70
287,SNT홀딩스,"59,900",상승,"1,900",+3.28%,500,"6,968",412,"58,000","9,766","2,312",6.78,"39,975","58,000","58,400","28,326",29.14,12.40,"60,000",315,"6,994","2,465",12.79,8.91,"57,600",868,"16,304","18,205","8,835",0.70,"1,600",-3.97
288,TIGER 단기채권액티브,"55,870",상승,5,+0.01%,0,"2,933",163,"55,865","9,584",N/A,N/A,"17,355","55,865","55,870",N/A,N/A,N/A,"55,870","65,741",N/A,N/A,0.00,N/A,"55,865","54,294","17,154",N/A,N/A,N/A,N/A,N/A
289,KIWOOM 200TR,"54,925",상승,935,+1.73%,0,"87,654","4,790","54,445","9,475",N/A,N/A,"380,657","54,285","54,490",N/A,N/A,N/A,"55,005","80,080",N/A,N/A,0.00,N/A,"54,245","64,630","17,250",N/A,N/A,N/A,N/A,N/A
290,TIGER 미국배당다우존스타겟커버드콜2호,"9,190",하락,25,-0.27%,0,"62,907",578,"9,210","9,429",N/A,N/A,"449,049","9,215","9,215",N/A,N/A,N/A,"9,215","36,439",N/A,N/A,0.01,N/A,"9,175","203,410","102,600",N/A,N/A,N/A,N/A,N/A
291,RISE 미국S&P500,"18,170",상승,10,+0.06%,0,"22,700",412,"18,160","9,412",N/A,N/A,"275,157","18,170","18,165",N/A,N/A,N/A,"18,170","222,392",N/A,N/A,0.01,N/A,"18,150","232,435","51,800",N/A,N/A,N/A,N/A,N/A
292,GKL,"15,040",하락,90,-0.59%,500,"27,492",414,"15,130","9,303",383,23.87,"217,191","15,150","15,170","6,162",-24.88,8.01,"15,210","1,486","2,027",331,14.95,5.27,"14,970",711,"61,856","3,964",630,2.24,282,-0.08
293,동원시스템즈,"31,750",하락,100,-0.31%,"5,000","2,587",81,"31,750","9,205",919,13.75,"29,328","31,550","31,850","15,526",13.67,9.01,"31,875",482,"7,162",725,14.10,4.70,"31,550",472,"28,991","13,343","2,309",1.12,600,4.51
294,F&F홀딩스,"23,500",상승,"1,500",+6.82%,500,"65,793","1,498","22,300","9,192","4,164",8.95,"182,297","22,200","22,350","40,333",-19.06,4.92,"23,500","3,024","6,634","3,220",0.09,8.18,"22,100","3,460","39,114","18,983","2,627",0.41,450,-4.43
295,KODEX 2차전지산업,"10,555",상승,75,+0.72%,0,"576,840","6,066","10,525","9,151",N/A,N/A,"3,676,337","10,480","10,540",N/A,N/A,N/A,"10,580","102,642",N/A,N/A,0.31,N/A,"10,420","99,873","86,700",N/A,N/A,N/A,N/A,N/A
296,RISE 단기특수은행채액티브,"50,040",보합,0,0.00%,0,94,4,"50,045","9,107",N/A,N/A,"48,687","50,045","50,050",N/A,N/A,N/A,"50,045","110,002",N/A,N/A,0.00,N/A,"50,040","110,000","18,200",N/A,N/A,N/A,N/A,N/A
297,세아제강지주,"219,000",하락,"1,000",-0.45%,"5,000",545,119,"219,500","9,070","2,116",19.57,"9,372","218,500","220,500","55,556",-64.19,2.25,"220,500",136,"28,974","1,170",7.38,2.37,"218,000",164,"4,142","36,751","11,193",0.43,"1,800",-6.09
298,ESR켄달스퀘어리츠,"4,235",상승,35,+0.83%,"1,000","40,772",172,"4,215","9,024",266,54.29,"411,493","4,200","4,225","25,252",9.74,0.33,"4,240","7,170","14,405",36,42.32,0.15,"4,200","9,056","213,089",569,78,0.85,137,7.40
299,프레스티지바이오파마,"14,950",상승,250,+1.70%,0,"120,616","1,786","14,400","8,984",-628,41.18,"1,973,867","14,850","14,460","7,117",9.76,-7.40,"15,200","7,940","1,962",-551,63.19,-7.58,"14,400","8,951","60,096",7,363,2.03,N/A,325.77
300,SNT에너지,"43,300",상승,"1,650",+3.96%,500,"50,752","2,179","42,100","8,955",222,25.82,"129,493","42,200","42,400","5,166",7.04,11.90,"43,850","3,316","2,103",346,6.53,7.37,"42,100","8,661","20,681","2,943","1,677",2.77,500,-8.60
301,TIGER 단기통안채,"110,750",상승,10,+0.01%,0,"1,126",124,"110,740","8,925",N/A,N/A,"14,677","110,740","110,745",N/A,N/A,N/A,"110,760","67,049",N/A,N/A,1.47,N/A,"110,740","52,050","8,059",N/A,N/A,N/A,N/A,N/A
302,SOL 종합채권(AA-이상)액티브,"115,025",하락,5,0.00%,0,1,0,"114,995","8,794",N/A,N/A,"3,274","115,025","115,030",N/A,N/A,N/A,"115,025","18,001",N/A,N/A,0.00,N/A,"115,025","10,000","7,645",N/A,N/A,N/A,N/A,N/A
303,STX엔진,"21,700",상승,200,+0.93%,"2,500","12,576",272,"21,700","8,712",422,17.10,"155,170","21,700","21,750","9,688",123.85,10.15,"21,850","3,906","6,922",272,2.94,2.91,"21,550","8,758","40,148","7,246","1,269",3.05,0,14.95
304,대덕전자,"17,590",상승,270,+1.56%,500,"23,633",414,"17,450","8,692",113,56.38,"233,686","17,400","17,500","10,887",-52.56,2.73,"17,620","5,397","2,132",238,7.78,2.14,"17,380",798,"49,417","8,921",312,1.07,400,-1.93
305,SOL 초단기채권액티브,"53,327",상승,2,0.00%,0,"138,605","7,391","53,325","8,623",N/A,N/A,"210,980","53,325","53,330",N/A,N/A,N/A,"53,332","374,843",N/A,N/A,0.01,N/A,"53,325","165,421","16,170",N/A,N/A,N/A,N/A,N/A
306,태영건설,"2,925",상승,20,+0.69%,500,"57,457",171,"2,955","8,613",206,53.18,"100,115","3,060","2,970","43,239",105.10,61.93,"3,070","7,516","37,967",668,0.25,1.49,"2,905","3,351","294,468","26,862",55,1.78,0,-19.89
307,한화3우B,"44,050",상승,"3,950",+9.85%,"5,000","131,423","5,633","41,200","8,548",N/A,4.21,"219,138","41,450","41,250",N/A,N/A,N/A,"44,150","5,199",N/A,N/A,21.98,N/A,"41,050","1,731","19,404",N/A,"10,464",0.39,N/A,N/A
308,ACE 종합채권(AA-이상)KIS액티브,"108,520",하락,15,-0.01%,0,38,4,"108,550","8,543",N/A,N/A,"3,625","108,520","108,615",N/A,N/A,N/A,"108,520","15,020",N/A,N/A,0.00,N/A,"108,520","12,000","7,872",N/A,N/A,N/A,N/A,N/A
309,하나투어,"54,700",하락,100,-0.18%,500,"4,601",250,"54,400","8,473",509,12.19,"75,521","54,700","54,700","6,688",49.55,47.19,"54,900",793,"4,883",991,14.26,15.09,"54,300","1,752","15,490","6,166","4,487",5.60,"2,300",49.80
310,CJ CGV,"5,110",상승,40,+0.79%,500,"19,401",99,"5,100","8,461",759,-4.71,"146,885","5,090","5,120","39,970",54.76,-30.74,"5,130","2,638","34,203","-1,755",5.33,-4.88,"5,080","6,554","165,581","19,579","-1,084",1.29,0,26.66
311,영풍,"44,100",상승,"1,150",+2.68%,500,"7,031",307,"43,600","8,427","-1,607",20.33,"41,416","42,600","43,650","57,017",5.37,-6.81,"44,150",312,"17,164","-3,278",9.92,-5.82,"42,600",346,"19,108","27,874","2,169",0.20,24,-25.90
312,SNT모티브,"31,550",상승,250,+0.80%,"5,000","7,217",227,"31,700","8,373",981,8.49,"178,149","38,850","38,835",N/A,N/A,N/A,"38,860","23,884",N/A,N/A,0.06,N/A,"38,800","18,138","21,546",N/A,N/A,N/A,N/A,N/A
313,TIGER 미국30년국채스트립액티브(합성 H),"38,807",상승,652,+1.71%,0,"46,829","1,818","38,830","8,361",N/A,N/A,"41,584","31,450","31,750","12,418",-15.86,10.82,"31,900","1,110","2,570","1,043",17.81,8.51,"31,300",792,"26,540","9,689","3,718",0.76,937,-14.73
314,LG화학우,"108,700",상승,"2,000",+1.87%,"5,000","6,773",731,"107,500","8,358",N/A,-9.10,"50,408","106,700","107,600",N/A,N/A,N/A,"108,800",338,N/A,N/A,40.19,N/A,"106,000",418,"7,689",N/A,"-11,946",0.26,N/A,N/A
315,TIGER 2차전지테마,"13,330",상승,35,+0.26%,0,"258,311","3,434","13,300","8,251",N/A,N/A,"1,024,633","13,280","13,330",N/A,N/A,N/A,"13,365","165,527",N/A,N/A,0.93,N/A,"13,185","67,579","61,900",N/A,N/A,N/A,N/A,N/A
316,전진건설로봇,"56,200",하락,900,-1.58%,500,"25,383","1,440","57,500","8,201",313,27.23,"102,449","57,100","57,700","2,192",-4.74,24.55,"57,900","1,729",648,314,1.48,16.64,"55,700","1,242","14,593","1,698","2,064",5.82,"1,277",7.21
317,빙그레,"85,800",상승,800,+0.94%,"5,000","5,308",453,"85,200","8,199","1,313",8.76,"38,000","85,300","85,400","10,031",16.95,15.14,"85,800",380,"2,812","1,032",20.84,10.90,"85,000",770,"9,556","14,630","9,794",1.08,"3,300",4.93
318,SK이터닉스,"24,200",상승,550,+2.33%,200,"460,259","11,296","24,600","8,168",376,32.79,"868,913","24,950","24,650","7,317",N/A,N/A,"25,050","61,425","4,897",224,10.52,N/A,"41,950",164,"19,296","44,836","6,169",0.74,800,2.82
319,동원F&B,"42,250",상승,250,+0.60%,"1,000",467,19,"41,950","8,152","1,835",6.85,"16,454","42,050","42,100","21,457",10.04,12.43,"42,300",164,"10,627","1,278",7.79,5.88,"24,150","8,103","33,754","3,322",738,3.35,N/A,N/A
320,이노션,"20,050",상승,220,+1.11%,500,"3,470",69,"19,980","8,020","1,557",9.26,"157,321","19,900","20,050","27,146",3.76,10.48,"20,100",551,"16,827","1,161",25.79,4.40,"19,840","1,806","40,000","21,206","2,166",0.81,"1,175",1.32
321,파미셀,"13,360",상승,80,+0.60%,500,"109,969","1,463","13,270","8,018",47,49.67,"863,353","13,350","13,290",993,259.23,7.59,"13,440","3,640",128,63,11.03,6.60,"13,150","5,306","60,017",649,269,8.55,20,15.34
322,미원상사,"166,000",상승,"2,100",+1.28%,500,"1,747",286,"165,300","7,885",599,14.31,"5,106","163,900","167,200","4,787",-10.85,12.99,"167,000",6,782,505,2.97,10.92,"163,500",47,"4,750","4,358","11,599",1.90,"2,000",3.43
323,삼양홀딩스,"90,500",상승,"3,300",+3.78%,"5,000","14,034","1,252","88,300","7,883","1,275",31.80,"42,361","88,100","88,600","52,905",34.53,1.38,"90,600",910,"22,924",895,7.78,1.71,"87,600",569,"8,710","35,533","2,846",0.33,"3,500",10.66
324,KODEX Top5PlusTR,"26,600",상승,380,+1.45%,0,"1,855",49,"26,335","7,820",N/A,N/A,"21,288","26,175","26,370",N/A,N/A,N/A,"26,600","15,040",N/A,N/A,17.01,N/A,"26,175","30,159","29,400",N/A,N/A,N/A,N/A,N/A
325,신풍제약,"14,680",하락,650,-4.24%,500,"197,878","2,886","14,440","7,778",-205,-57.57,"2,038,544","14,540","14,450","3,421",56.84,-5.85,"14,850","6,106",840,-154,4.25,-4.44,"14,370","3,723","52,985","2,211",-255,2.95,N/A,10.42
326,율촌화학,"31,350",상승,500,+1.62%,500,"21,950",685,"31,200","7,775",-184,-36.62,"140,280","31,450","31,250","6,555",-13.30,-2.86,"31,600","3,578","3,645",-85,5.31,-1.28,"30,950","3,021","24,800","4,571",-856,2.65,250,10.28
327,대상,"22,400",상승,500,+2.28%,"1,000","50,244","1,115","22,050","7,761","1,769",7.82,"194,340","22,000","22,100","35,098",43.02,6.94,"22,450","9,908","20,622",967,18.59,2.83,"21,950","2,645","34,648","42,551","2,865",0.57,850,3.59
328,LX홀딩스,"10,170",상승,590,+6.16%,"1,000","277,089","2,767","9,780","7,758","1,560",4.34,"268,704","9,730","9,800","19,050",113.21,9.08,"10,200","7,136",357,"1,603",12.51,8.90,"9,710","17,295","76,281","1,945","2,346",0.41,290,64.67
329,녹십자홀딩스,"16,330",상승,260,+1.62%,500,"12,010",195,"16,210","7,680",-107,11.95,"33,816","16,000","16,240","36,706",34.81,2.43,"16,400","1,162","18,184",-111,10.29,-0.30,"16,000","1,127","47,028","22,049","1,367",0.77,500,7.14
330,미원에스씨,"153,100",상승,"5,900",+4.01%,500,352,54,"150,300","7,655",588,13.37,899,"160,000","151,600","5,121",160.87,14.00,"160,000",194,"1,058",546,0.53,11.21,"149,500",87,"5,000","5,093","11,447",1.81,"2,500",16.36
331,TIGER 미국나스닥100타겟데일리커버드콜,"9,465",하락,10,-0.11%,0,"58,637",555,"9,485","7,648",N/A,N/A,"505,776","9,490","9,490",N/A,N/A,N/A,"9,490","41,384",N/A,N/A,0.01,N/A,"9,460","91,904","80,800",N/A,N/A,N/A,N/A,N/A
332,솔루엠,"15,980",상승,80,+0.50%,500,"42,004",675,"15,850","7,641",691,26.11,"371,047","15,920","15,930","9,827",-55.29,9.48,"16,200","1,523","5,484",377,18.22,3.92,"15,840","1,330","47,816","15,944",612,1.76,0,-18.28
333,DI동일,"38,600",하락,100,-0.26%,500,"3,996",154,"38,750","7,610",78,-277.70,"70,422","39,800","39,050","10,137",23.89,0.28,"39,800","4,160","4,494",25,6.87,0.25,"38,200",831,"19,716","6,517",-139,1.44,262,-4.56
334,KODEX 25-11 은행채(AA-이상)PLUS액티브,"10,590",상승,5,+0.05%,0,83,0,"10,580","7,602",N/A,N/A,"6,493","10,585","10,585",N/A,N/A,N/A,"10,590","400,030",N/A,N/A,0.00,N/A,"10,580","390,065","71,780",N/A,N/A,N/A,N/A,N/A
335,유안타증권,"3,805",상승,110,+2.98%,"5,000","168,659",636,"3,730","7,595",948,16.84,"456,270","3,700","3,735","168,003",-26.62,4.52,"3,805","23,292","151,660",730,64.25,0.44,"3,700","35,983","199,597","27,127",226,0.49,200,-4.98
336,SOL 미국배당다우존스,"10,495",상승,10,+0.10%,0,"35,679",374,"10,485","7,567",N/A,N/A,"386,200","10,485","10,490",N/A,N/A,N/A,"10,500","53,032",N/A,N/A,0.00,N/A,"10,480","56,629","72,100",N/A,N/A,N/A,N/A,N/A
337,N2 KIS CD금리투자 ETN,"54,000",보합,0,0.00%,0,0,0,"54,000","7,560",N/A,N/A,0,"54,000","54,005",N/A,N/A,N/A,"54,000","80,000",N/A,N/A,0.00,N/A,"54,000","80,000","14,000",N/A,N/A,N/A,N/A,N/A
338,동아쏘시오홀딩스,"113,600",상승,"1,600",+1.43%,"5,000","1,648",186,"111,800","7,425",821,10.91,"11,458","112,700","112,400","20,305",6.78,5.63,"113,600",63,"9,665",576,13.89,2.89,"111,800",180,"6,536","13,332","10,412",0.69,"1,797",17.78
339,케이카,"15,400",상승,120,+0.79%,500,"15,825",243,"15,350","7,420",681,15.91,"92,124","15,230","15,370","5,248",15.41,19.09,"15,480",639,"2,991",440,10.10,8.15,"15,230",808,"48,182","23,015",968,3.32,"1,150",12.40
340,KODEX 미국S&P500(H),"14,230",하락,5,-0.04%,0,"29,892",425,"14,225","7,400",N/A,N/A,"334,345","14,235","14,235",N/A,N/A,N/A,"14,240","159,669",N/A,N/A,0.42,N/A,"14,225","165,275","52,000",N/A,N/A,N/A,N/A,N/A
341,GS피앤엘,"36,950",상승,900,+2.50%,"1,000","11,124",409,"36,250","7,327",0,-64.49,"160,511","36,200","36,300","22,696",N/A,N/A,"37,200",687,"10,328",-11,10.04,N/A,"36,100","1,120","19,831",383,-573,0.87,N/A,N/A
342,PLUS 200,"43,125",상승,695,+1.64%,0,"89,753","3,851","42,740","7,288",N/A,N/A,"123,956","42,600","42,755",N/A,N/A,N/A,"43,160","66,554",N/A,N/A,3.01,N/A,"42,595","64,092","16,900",N/A,N/A,N/A,N/A,N/A
343,KODEX 반도체,"37,470",상승,265,+0.71%,0,"113,517","4,235","37,230","7,250",N/A,N/A,"1,019,301","37,205","37,240",N/A,N/A,N/A,"37,520","4,555",N/A,N/A,1.13,N/A,"37,045","73,171","19,350",N/A,N/A,N/A,N/A,N/A
344,KG모빌리티,"3,570",상승,45,+1.28%,"1,000","27,323",97,"3,530","7,225",14,-41.03,"149,115","3,525","3,560","31,045",-88.58,2.70,"3,585","9,330","16,839",338,23.13,1.18,"3,520","11,028","202,375","39,051",-87,0.49,0,4.52
345,KODEX 26-12 회사채(AA-이상)액티브,"10,810",하락,5,-0.05%,0,"14,311",154,"10,810","7,192",N/A,N/A,"82,935","10,810","10,815",N/A,N/A,N/A,"10,810","136,763",N/A,N/A,0.00,N/A,"10,805","164,281","66,530",N/A,N/A,N/A,N/A,N/A
346,한화리츠,"3,975",하락,15,-0.38%,500,"17,922",71,"3,975","7,139",191,39.36,"267,053","4,040","3,985","15,864",54.05,0.83,"4,040","3,570","12,576",28,0.66,0.24,"3,970","10,489","179,600",335,101,1.01,135,43.99
347,보령,"8,290",상승,60,+0.73%,500,"1,950",16,"8,250","7,112",705,13.44,"48,079","8,250","8,280","11,641",3.23,10.45,"8,300","1,184","3,796",696,6.99,6.70,"8,250",930,"85,787","10,171",617,0.90,100,18.32
348,ACE 미국빅테크TOP7 Plus,"17,745",하락,120,-0.67%,0,"27,412",486,"17,735","7,045",N/A,N/A,"1,070,808","17,765","17,740",N/A,N/A,N/A,"17,765","23,356",N/A,N/A,0.02,N/A,"17,720","104,555","39,700",N/A,N/A,N/A,N/A,N/A
349,KODEX MSCI Korea TR,"13,915",상승,195,+1.42%,0,"5,679",78,"13,785","6,971",N/A,N/A,"9,947","13,800","13,800",N/A,N/A,N/A,"13,915","48,052",N/A,N/A,1.30,N/A,"13,795","41,913","50,100",N/A,N/A,N/A,N/A,N/A
350,한화손해보험,"5,940",상승,180,+3.13%,"5,000","174,364","1,026","5,820","6,934","4,357",2.54,"262,469","5,800","5,850","198,342",42.15,10.36,"5,950","4,999","168,811","3,160",14.45,1.67,"5,750","22,870","116,739","65,973","2,336",0.33,0,8.64
351,코오롱,"54,900",상승,"4,000",+7.86%,"5,000","236,635","12,641","51,100","6,932",-896,4.80,"635,637","51,500","51,200","70,405",-190.15,12.49,"55,600","3,507","46,926","1,576",4.03,2.57,"50,500","3,343","12,626","60,284","11,430",0.45,550,2.55
352,TKG휴켐스,"16,940",상승,140,+0.83%,"1,000","8,815",148,"16,860","6,925",808,11.23,"56,066","16,810","16,880","11,682",-33.35,9.09,"16,960",662,"2,933",775,8.72,6.83,"16,760","2,028","40,879","11,882","1,509",0.77,"1,000",12.88
353,TIGER 리츠부동산인프라,"4,225",보합,0,0.00%,0,"137,863",582,"4,220","6,899",N/A,N/A,"1,245,292","4,225","4,225",N/A,N/A,N/A,"4,230","284,993",N/A,N/A,0.04,N/A,"4,215","310,809","163,300",N/A,N/A,N/A,N/A,N/A
354,덴티움,"62,300",상승,600,+0.97%,500,"4,645",289,"62,200","6,896",985,10.05,"56,406","61,900","62,300","8,944",-28.77,14.27,"62,700","1,464","3,409",724,14.83,8.68,"61,800",819,"11,069","4,078","6,198",0.96,600,3.72
355,신한알파리츠,"5,640",보합,0,0.00%,"1,000","17,847",101,"5,670","6,821",451,67.14,"208,182","5,610","5,680","26,622",40.12,1.65,"5,690","7,471","18,343",124,10.51,0.53,"5,610","20,261","120,940",686,84,1.08,175,28.47
356,풍산홀딩스,"47,300",상승,"1,450",+3.16%,"5,000","22,814","1,071","47,100","6,819","1,047",6.70,"162,371","46,850","47,150","13,191",54.41,9.41,"47,350","1,603","2,037","1,000",14.83,7.95,"46,600","1,776","14,417","4,494","7,062",0.60,"1,400",10.49
357,현대홈쇼핑,"56,800",상승,300,+0.53%,"5,000","2,286",129,"56,500","6,816","1,301",8.18,"20,457","55,900","56,600","51,751",117.05,7.43,"56,900",473,"13,396","1,742",14.06,4.05,"55,900",191,"12,000","38,535","6,942",0.28,"2,800",86.66
358,KODEX 미국빅테크10(H),"52,350",하락,25,-0.05%,0,"16,859",882,"52,335","6,800",N/A,N/A,"183,551","52,430","52,410",N/A,N/A,N/A,"52,450",666,N/A,N/A,0.19,N/A,"52,305","6,671","12,990",N/A,N/A,N/A,N/A,N/A
359,TIGER Fn반도체TOP10,"12,055",상승,45,+0.37%,0,"155,639","1,866","11,965","6,793",N/A,N/A,"1,436,443","11,950","11,975",N/A,N/A,N/A,"12,060","64,957",N/A,N/A,0.08,N/A,"11,900","51,646","56,350",N/A,N/A,N/A,N/A,N/A
360,한국단자,"65,700",상승,500,+0.77%,500,"2,124",138,"65,300","6,646","1,713",5.06,"36,174","65,500","65,400","15,643",53.31,14.16,"65,800","1,057","4,880","1,425",24.10,9.54,"65,000","1,326","10,115","15,098","12,988",0.62,"2,200",16.41
361,아이에스동서,"22,000",상승,950,+4.51%,500,"5,752",124,"21,500","6,641","1,697",-3.69,"32,572","21,400","21,550","35,540",-50.17,-10.19,"22,000",548,"19,968","-1,602",4.50,-4.11,"21,150",988,"30,187","15,146","-5,961",0.49,"1,000",-25.37
362,HJ중공업,"7,940",하락,10,-0.13%,"5,000","135,046","1,070","7,930","6,612",73,-193.66,"935,326","7,990","7,970","22,044",106.67,1.56,"8,030","3,356","18,610",52,2.24,0.21,"7,840","1,649","83,274","18,860",-41,1.90,N/A,-12.77
363,KODEX 인버스,"3,560",하락,60,-1.66%,0,"12,003,763","42,966","3,590","6,511",N/A,N/A,"19,728,806","3,610","3,595",N/A,N/A,N/A,"3,610","8,299,793",N/A,N/A,2.07,N/A,"3,555","4,031,679","182,900",N/A,N/A,N/A,N/A,N/A
364,KODEX 미국30년국채타겟커버드콜(합성 H),"8,750",상승,60,+0.69%,0,"183,429","1,603","8,740","6,510",N/A,N/A,"825,022","8,745","8,745",N/A,N/A,N/A,"8,755","491,714",N/A,N/A,0.11,N/A,"8,740","448,324","74,400",N/A,N/A,N/A,N/A,N/A
365,아세아,"311,000",상승,"1,500",+0.48%,"5,000",44,13,"308,500","6,482","1,724",12.39,"5,911","309,500","310,500","33,343",-28.28,5.58,"311,000",419,"13,044","1,084",7.93,3.28,"308,500",293,"2,084","20,074","25,096",0.44,"5,330",-5.13
366,세진중공업,"11,400",하락,40,-0.35%,500,"63,846",729,"11,440","6,481",360,29.77,"533,889","11,490","11,480","6,209",7.23,6.16,"11,570","5,318","3,715",220,5.81,3.78,"11,330","1,157","56,849","3,524",383,3.42,200,-8.43
367,키움 CD금리투자 ETN,"103,950",보합,0,0.00%,0,0,0,"103,955","6,466",N/A,N/A,90,"103,950","103,960",N/A,N/A,N/A,"103,950","540,000",N/A,N/A,0.00,N/A,"103,950","540,000","6,220",N/A,N/A,N/A,N/A,N/A
368,유니드,"94,600",상승,"3,400",+3.73%,"5,000","7,608",712,"92,700","6,402",954,8.33,"51,299","93,200","92,800","13,648",197.62,7.96,"95,000",422,"3,525",762,9.92,5.81,"92,200",474,"6,768","11,116","11,360",0.61,"1,800",-1.95
369,LG전자우,"37,000",상승,500,+1.37%,"5,000","26,040",948,"36,650","6,359",N/A,9.67,"37,269","36,150","36,700",N/A,N/A,N/A,"37,050","2,303",N/A,N/A,44.52,N/A,"36,150",411,"17,186",N/A,"3,825",0.30,N/A,N/A
370,ACE 미국배당다우존스,"11,620",하락,25,-0.21%,0,"32,074",372,"11,615","6,356",N/A,N/A,"299,838","11,625","11,620",N/A,N/A,N/A,"11,630","65,330",N/A,N/A,0.01,N/A,"11,600","107,433","54,700",N/A,N/A,N/A,N/A,N/A
371,금양,"9,900",보합,0,0.00%,500,0,0,0,"6,333",-560,-4.09,0,0,0,"12,569",-283.36,-40.88,0,0,"7,624","-1,861",5.60,-18.99,0,0,"63,967","1,537","-2,420",1.27,0,1.12
372,KG스틸,"6,200",상승,80,+1.31%,"5,000","8,192",50,"6,140","6,201","2,060",3.53,"47,553","6,080","6,180","33,414",-26.53,6.93,"6,200","3,217","13,812","1,325",6.70,4.05,"6,080","3,218","100,009","33,010","1,757",0.30,250,-3.76
373,카프로,"3,660",보합,0,0.00%,500,0,0,0,"6,185",-324,17.43,0,0,0,"2,392",17.95,102.36,0,0,"1,510",332,0.08,14.56,0,0,"169,000",71,210,7.77,N/A,-90.64
374,KODEX 단기채권,"113,537",상승,12,+0.01%,0,367,41,"113,535","6,161",N/A,N/A,"11,751","113,535","113,540",N/A,N/A,N/A,"113,540","80,303",N/A,N/A,0.01,N/A,"113,530","130,035","5,426",N/A,N/A,N/A,N/A,N/A
375,일진하이솔루스,"16,660",상승,930,+5.91%,500,"21,619",356,"16,190","6,050",-95,757.27,"51,869","16,300","16,220","3,443",2.89,0.57,"16,670",617,268,18,4.16,0.53,"16,070",864,"36,313",793,22,1.91,N/A,0.71
376,콜마홀딩스,"17,600",하락,840,-4.56%,500,"69,687","1,227","17,580","6,036",381,30.77,"5,481,795","17,600","17,590","12,914",125.94,4.09,"17,600","1,751","4,763",334,20.41,2.59,"17,600","19,444","34,296","6,767",572,1.01,200,6.18
377,넥센타이어,"6,160",상승,60,+0.98%,500,"9,406",57,"6,150","6,016","1,721",5.12,"221,755","6,050","6,170","45,745",-7.94,7.10,"6,180","3,231","27,029","1,267",6.70,2.88,"6,040","3,808","97,668","28,479","1,203",0.33,130,5.41
378,신성통상,"4,085",상승,5,+0.12%,500,"45,665",186,"4,075","5,870","1,218",9.00,"202,262","4,080","4,085","11,626",-15.22,16.24,"4,085","1,891,941","6,780",737,0.47,6.61,"4,075","391,688","143,708","15,079",454,1.14,N/A,-2.25
379,제주은행,"15,530",하락,180,-1.15%,"5,000","145,127","2,257","15,590","5,870",114,55.66,"3,135,362","15,640","15,600","74,448",335.46,1.85,"15,700","8,413","68,547",104,1.55,0.14,"15,440","7,796","37,799","3,797",279,0.85,100,2.30
380,KIWOOM 국고채10년,"116,485",상승,35,+0.03%,0,"3,303",384,"116,490","5,856",N/A,N/A,"10,491","116,490","116,540",N/A,N/A,N/A,"116,570","27,032",N/A,N/A,0.02,N/A,"116,445","17,210","5,027",N/A,N/A,N/A,N/A,N/A
381,TIGER 200 IT,"33,145",상승,625,+1.92%,0,"15,725",518,"32,705","5,853",N/A,N/A,"74,255","32,605","32,760",N/A,N/A,N/A,"33,145","38,500",N/A,N/A,0.10,N/A,"32,605","16,903","17,660",N/A,N/A,N/A,N/A,N/A
382,KODEX 미국30년국채액티브(H),"9,030",상승,75,+0.84%,0,"109,156",986,"9,035","5,812",N/A,N/A,"520,778","9,040","9,040",N/A,N/A,N/A,"9,045","469,473",N/A,N/A,0.01,N/A,"9,030","524,215","64,360",N/A,N/A,N/A,N/A,N/A
383,쿠쿠홈시스,"25,900",상승,200,+0.78%,100,631,16,"25,850","5,811","1,648",4.78,"29,279","26,100","25,900","13,816",13.77,14.00,"26,100",335,"3,349","1,361",6.80,10.81,"25,650","1,741","22,437","10,572","5,424",0.61,"1,000",10.75
384,현대그린푸드,"17,480",상승,110,+0.63%,500,"4,581",81,"17,510","5,792",967,7.81,"41,959","18,100","17,590","9,556",49.10,11.41,"18,100","1,064","2,854",745,14.29,8.11,"17,150",517,"33,136","22,704","2,238",0.85,335,24.27
385,코스모화학,"14,970",상승,200,+1.35%,"1,000","20,448",304,"14,960","5,750",-20,-9.59,"108,597","14,780","14,980","12,043",-166.57,-24.71,"7,130","3,938","16,744",217,2.50,1.09,"7,040","2,802","80,641","19,358",-722,1.97,N/A,12.28
386,제주항공,"7,120",상승,60,+0.85%,"1,000","18,794",133,"7,100","5,742",799,-9.86,"79,239","7,040","7,110","19,985",-52.94,6.84,"136,400",661,N/A,N/A,5.04,N/A,"131,000",323,"4,227",N/A,"2,785",0.84,N/A,N/A
387,CJ4우(전환),"135,800",상승,"6,100",+4.70%,"5,000","6,072",820,"132,500","5,740",N/A,48.76,"12,497","131,500","132,800",N/A,N/A,N/A,"15,100",427,"6,136",-523,7.25,-4.56,"14,750","3,515","38,408","7,493","-1,561",2.52,N/A,-6.22
388,롯데손해보험,"1,842",상승,37,+2.05%,"1,000","165,405",301,"1,800","5,716",311,-108.35,"686,043","1,805","1,809","155,415",-91.73,2.31,"1,842","4,731","147,472",242,0.95,0.16,"1,794","7,189","310,336","31,515",-17,1.13,N/A,23.15
389,솔루스첨단소재,"8,120",상승,10,+0.12%,100,"24,937",202,"8,140","5,702",-544,-57.59,"116,124","8,110","8,150","20,794",25.67,0.62,"8,190","2,046","9,879",-427,3.71,-2.26,"8,060",654,"70,217","5,709",-141,0.98,10,32.96
390,대한유화,"87,100",상승,"3,200",+3.81%,"5,000","5,197",447,"85,600","5,662",-599,551.27,"14,141","83,900","85,800","22,197",3.90,-0.47,"87,300",119,"4,121",-85,7.36,-0.39,"83,900",346,"6,500","28,001",158,0.30,"1,000",12.01
391,1Q 머니마켓액티브,"52,375",보합,0,0.00%,0,"22,820","1,195","52,375","5,656",N/A,N/A,"117,262","52,380","52,380",N/A,N/A,N/A,"52,380","220,493",N/A,N/A,0.00,N/A,"52,375","219,995","10,800",N/A,N/A,N/A,N/A,N/A
392,E1,"82,100",상승,"3,200",+4.06%,"5,000","5,159",419,"80,200","5,632","2,176",5.38,"11,166","79,500","80,500","145,398",133.55,3.83,"82,300",212,"123,507",656,5.64,0.69,"79,200",504,"6,860","111,924","15,251",0.28,"3,450",42.98
393,KODEX 국고채3년,"62,790",하락,5,-0.01%,0,"1,753",110,"62,770","5,585",N/A,N/A,"17,670","62,785","62,795",N/A,N/A,N/A,"62,800","62,332",N/A,N/A,0.01,N/A,"62,765","61,812","8,894",N/A,N/A,N/A,N/A,N/A
394,한일홀딩스,"18,090",상승,310,+1.74%,"1,000","3,262",58,"17,830","5,578","2,793",5.97,"6,417","17,780","18,000","37,090",6.60,7.56,"18,090",414,"14,048","1,985",4.01,5.46,"17,750","1,078","30,833","22,487","3,032",0.35,930,-4.84
395,KODEX 국고채30년액티브,"121,235",하락,120,-0.10%,0,"2,847",345,"121,085","5,563",N/A,N/A,"18,274","121,355","121,175",N/A,N/A,N/A,"121,355","16,022",N/A,N/A,0.01,N/A,"121,060","16,252","4,589",N/A,N/A,N/A,N/A,N/A
396,한국쉘석유,"427,500",하락,500,-0.12%,"5,000",216,92,"430,000","5,558",460,14.49,"2,474","434,000","433,500","1,913",8.65,28.93,"434,000",46,640,367,59.33,19.31,"426,500",237,"1,300","3,272","29,500",5.19,"27,000",2.09
397,삼천리,"136,100",상승,"5,300",+4.05%,"5,000","4,019",538,"131,400","5,519","1,143",5.03,"9,381","131,000","131,600","45,182",-34.49,6.55,"136,300",250,"27,577","1,217",12.34,2.72,"130,200",295,"4,055","51,205","27,036",0.28,"3,000",-9.60
398,YG PLUS,"8,700",하락,230,-2.58%,500,"332,016","2,902","8,780","5,518",-7,68.50,"2,420,612","8,970","8,810","2,378",-103.45,0.73,"8,990","15,669",686,20,5.67,0.86,"8,620","3,025","63,429","1,849",127,3.23,N/A,-17.32
399,케이씨텍,"26,600",상승,150,+0.57%,500,"2,955",78,"26,550","5,504",498,11.36,"39,758","26,550","26,600","5,491",52.23,11.28,"26,700","1,641",673,527,12.78,10.04,"26,450","1,033","20,690","3,854","2,341",1.08,270,34.34
400,세아홀딩스,"136,700",상승,"12,400",+9.98%,"5,000","5,522",741,"130,400","5,468",992,17.06,"23,522","130,000","131,500","61,055",-50.60,1.53,"138,300",128,"29,554",342,1.17,0.58,"125,800",470,"4,000","60,168","8,013",0.24,"4,000",-6.27
401,삼양사,"53,100",상승,"1,500",+2.91%,"5,000","6,271",329,"52,100","5,476","1,335",4.91,"37,095","90,400","91,700",N/A,N/A,N/A,"93,400",267,N/A,N/A,14.68,N/A,"90,400","1,414","5,858",N/A,"18,792",0.55,N/A,N/A
402,한국금융지주우,"93,400",상승,"3,400",+3.78%,"5,000","6,205",572,"91,500","5,472",N/A,4.97,"23,522","130,000","130,200","61,055",-50.60,1.53,"138,300",74,"29,554",342,1.17,0.58,"125,800",294,"4,000","60,168","8,013",0.24,"4,000",-6.27
403,KODEX 200타겟위클리커버드콜,"11,195",상승,130,+1.17%,0,"489,872","5,461","11,120","5,418",N/A,N/A,"2,082,402","11,100","11,125",N/A,N/A,N/A,"11,200","98,195",N/A,N/A,0.05,N/A,"11,085","93,594","48,400",N/A,N/A,N/A,N/A,N/A
404,LF,"18,350",상승,230,+1.27%,"5,000","8,430",154,"17,960","5,366","1,261",7.03,"46,995","18,000","18,080","29,150",119.84,4.87,"18,350",685,"11,422",906,13.20,3.20,"17,930",393,"29,240","19,563","2,610",0.32,700,2.92
405,대한해운,"1,662",상승,34,+2.09%,500,"1,603,862","2,658","1,649","5,364","3,286",3.57,"2,120,645","1,634","1,650","45,804",31.48,8.93,"1,668","36,385","22,907","1,648",1.75,3.54,"1,632","84,590","322,747","17,472",465,0.26,0,25.03
406,TIGER 인도니프티50,"13,480",상승,5,+0.04%,0,"23,174",312,"13,445","5,358",N/A,N/A,"216,624","13,430","13,455",N/A,N/A,N/A,"13,490","52,800",N/A,N/A,0.11,N/A,"13,430","56,006","39,750",N/A,N/A,N/A,N/A,N/A
407,KCC글라스,"33,500",상승,550,+1.67%,"1,000","5,948",198,"33,100","5,350",572,32.15,"30,691","32,950","33,200","24,943",-39.82,2.48,"33,500","1,723","10,054",370,8.60,1.57,"32,900","1,214","15,971","19,033","1,042",0.37,"1,800",13.29
408,TIMEFOLIO 글로벌AI인공지능액티브,"29,590",상승,190,+0.65%,0,"16,625",491,"29,545","5,320",N/A,N/A,"318,713","29,465","29,550",N/A,N/A,N/A,"29,600","33,948",N/A,N/A,0.00,N/A,"29,465","33,944","17,980",N/A,N/A,N/A,N/A,N/A
409,PI첨단소재,"18,060",상승,100,+0.56%,500,"16,853",303,"18,000","5,304",349,18.97,"159,428","18,000","18,050","5,275",987.07,7.16,"18,100","1,572","1,896",234,9.74,4.47,"17,900",587,"29,366","2,513",952,1.59,350,15.46
410,대신증권우,"20,200",상승,480,+2.43%,"5,000","32,558",651,"19,840","5,252",N/A,10.93,"85,947","19,800","19,900",N/A,N/A,N/A,"20,200","1,404",N/A,N/A,14.05,N/A,"19,720","1,640","26,000",N/A,"1,848",0.44,N/A,N/A
411,JW중외제약,"22,400",보합,0,0.00%,"2,500","3,894",87,"22,300","5,216",825,8.93,"44,077","22,400","22,350","6,046",-17.76,21.87,"22,400","3,027","2,751",650,6.50,10.41,"22,300","1,943","23,286","7,194","2,507",1.65,450,-3.89
412,KB KIS CD금리투자 ETN,"52,130",보합,0,0.00%,0,0,0,0,"5,213",N/A,N/A,1,"52,130",0,N/A,N/A,N/A,"52,130",0,N/A,N/A,0.00,N/A,"52,130",0,"10,000",N/A,N/A,N/A,N/A,N/A
413,바이오노트,"5,100",상승,60,+1.19%,500,"2,694",13,"5,080","5,205",122,12.29,"26,365","5,060","5,110","16,972",125.97,3.46,"5,120","4,460",614,553,0.45,3.36,"5,060","4,954","102,056","1,028",415,0.32,200,14.10
414,OCI,"57,300",상승,"2,000",+3.62%,"5,000","12,186",690,"56,400","5,130","1,105",12.09,"34,820","55,600","56,400","22,830",N/A,N/A,"57,400",831,"10,414",897,6.46,N/A,"55,600",774,"8,952","22,153","4,741",0.44,"2,200",N/A
415,후성,"4,775",상승,45,+0.95%,500,"45,263",215,"4,765","5,121",-96,-8.15,"325,417","4,730","4,785","8,263",79.23,-21.71,"4,795","6,235","4,935",-834,7.53,-9.93,"4,730","7,617","107,255","4,378",-586,1.60,N/A,-16.32
416,신도리코,"50,700",보합,0,0.00%,"5,000",728,37,"50,900","5,111",202,7.83,"8,370","51,600","51,200","11,436",-33.06,7.12,"51,600",944,793,732,11.58,6.59,"50,400",446,"10,080","3,410","6,476",0.41,"1,500",-15.29
417,현대차증권,"8,230",상승,190,+2.36%,"5,000","59,943",491,"8,150","5,089",547,8.36,"279,479","8,070","8,160","119,920",-16.08,2.80,"8,280","3,207","106,899",362,3.77,0.31,"8,070","12,316","61,833","17,956",985,0.39,153,13.49
418,TIGER 우량회사채액티브,"117,220",보합,0,0.00%,0,"1,318",154,"117,235","5,084",N/A,N/A,"17,132","117,325","117,250",N/A,N/A,N/A,"117,325","14,018",N/A,N/A,0.00,N/A,"117,160","14,017","4,337",N/A,N/A,N/A,N/A,N/A
419,제이알글로벌리츠,"2,572",하락,18,-0.69%,"1,000","144,899",374,"2,580","5,077",310,12.99,"532,697","2,590","2,590","21,465",-4.87,2.48,"2,605","36,166","13,405",207,9.33,0.98,"2,572","8,092","197,376",626,198,0.62,N/A,3.49
420,애경케미칼,"10,390",하락,50,-0.48%,500,"72,450",755,"10,500","5,055",155,107.11,"688,792","10,430","10,520","13,564",-65.69,0.54,"10,540","10,181","6,155",85,0.00,0.64,"10,340","3,598","48,649","16,422",97,0.69,281,-8.45
421,HD현대에너지솔루션,"45,000",상승,"1,050",+2.39%,"5,000","45,652","2,074","45,650","5,040",35,27.34,"97,728","45,650","45,700","4,538",-80.03,0.03,"45,800","3,589",841,1,3.44,0.02,"44,850","3,529","11,200","4,224","1,646",1.37,N/A,-22.66
422,퍼시스,"43,650",하락,200,-0.46%,"1,000",540,23,"43,550","5,020",215,15.16,562,"43,550","43,950","6,439",-39.05,8.64,"43,850",51,699,477,19.94,7.69,"42,650",70,"11,500","3,857","2,879",0.69,"1,200",6.28
423,TIGER 미국달러단기채권액티브,"12,350",상승,10,+0.08%,0,"17,503",216,"12,335","5,007",N/A,N/A,"337,484","12,345","12,350",N/A,N/A,N/A,"12,355","171,685",N/A,N/A,0.01,N/A,"12,330","177,722","40,540",N/A,N/A,N/A,N/A,N/A
424,KODEX 미국AI전력핵심인프라,"14,995",상승,65,+0.44%,0,"429,197","6,424","14,975","5,001",N/A,N/A,"1,880,263","14,955","15,000",N/A,N/A,N/A,"15,010","41,308",N/A,N/A,0.30,N/A,"14,945","75,187","33,350",N/A,N/A,N/A,N/A,N/A
425,SBS,"26,750",상승,350,+1.33%,"5,000","4,919",130,"26,050","4,962",-192,35.43,"129,535","26,250","26,200","15,124",-132.90,3.80,"26,750","3,156","6,059",338,0.00,2.36,"26,050","1,158","18,551","10,467",755,0.55,N/A,5.01
426,신대양제지,"12,250",하락,160,-1.29%,500,"10,532",128,"12,300","4,936",293,16.90,"28,530","12,410","12,350","8,759",-49.95,6.00,"12,410","1,053","1,838",333,2.68,3.80,"11,570","27,587","40,298","6,585",725,0.62,200,2.04
427,TIGER 테슬라채권혼합Fn,"13,405",하락,180,-1.32%,0,"166,948","2,233","13,405","4,933",N/A,N/A,"696,200","13,225","13,410",N/A,N/A,N/A,"13,500","3,224",N/A,N/A,0.31,N/A,"13,225","12,508","36,800",N/A,N/A,N/A,N/A,N/A
428,TIGER 미국테크TOP10타겟커버드콜,"13,110",하락,30,-0.23%,0,"20,139",264,"13,120","4,890",N/A,N/A,"679,010","13,130","13,130",N/A,N/A,N/A,"13,135",898,N/A,N/A,0.01,N/A,"13,100","5,286","37,300",N/A,N/A,N/A,N/A,N/A
429,엠씨넥스,"27,150",상승,50,+0.18%,500,"2,562",69,"27,200","4,881",444,7.21,"47,501","27,100","27,250","5,741",143.55,18.28,"27,250","1,920","2,019",636,12.32,11.46,"27,100","2,771","17,978","10,571","3,768",1.21,800,13.36
430,KODEX 미국반도체,"25,790",하락,120,-0.46%,0,"13,803",355,"25,760","4,861",N/A,N/A,"317,504","25,805","25,790",N/A,N/A,N/A,"25,810","12,688",N/A,N/A,1.42,N/A,"25,690","51,684","18,850",N/A,N/A,N/A,N/A,N/A
431,고려제강,"17,970",상승,110,+0.62%,"1,000",662,11,"17,920","4,852",261,31.47,"9,174","17,860","18,040","26,090",-53.64,1.95,"18,040",466,"6,819",329,5.71,1.30,"17,850","1,426","27,000","17,396",571,0.27,324,-2.75
432,KODEX 코스피,"31,890",상승,530,+1.69%,0,"75,091","2,390","31,670","4,847",N/A,N/A,"442,741","31,590","31,685",N/A,N/A,N/A,"31,930","26,566",N/A,N/A,0.51,N/A,"31,555","38,524","15,200",N/A,N/A,N/A,N/A,N/A
433,삼성 레버리지 WTI원유 선물 ETN,"1,198",하락,14,-1.16%,0,"203,507",243,"1,201","4,840",N/A,N/A,"1,765,958","1,203","1,203",N/A,N/A,N/A,"1,203","7,128,504",N/A,N/A,0.00,N/A,"1,197","8,379,704","404,000",N/A,N/A,N/A,N/A,N/A
434,해성디에스,"28,450",상승,350,+1.25%,"5,000","8,003",226,"28,300","4,836",569,12.16,"135,676","28,350","28,450","7,942",-44.52,10.96,"28,550","2,524","2,379",587,7.08,7.92,"28,200","1,539","17,000","6,030","2,340",0.89,800,-10.30
435,ACE 200,"42,660",상승,690,+1.64%,0,"55,423","2,356","42,270","4,821",N/A,N/A,"83,235","42,220","42,345",N/A,N/A,N/A,"42,685","32,121",N/A,N/A,11.60,N/A,"42,220","21,626","11,300",N/A,N/A,N/A,N/A,N/A
436,KODEX 자동차,"18,775",상승,335,+1.82%,0,"121,606","2,271","18,575","4,816",N/A,N/A,"399,879","18,445","18,625",N/A,N/A,N/A,"18,777","49,367",N/A,N/A,0.80,N/A,"18,445","42,650","25,650",N/A,N/A,N/A,N/A,N/A
437,SPC삼립,"55,800",상승,200,+0.36%,"5,000",541,30,"55,500","4,815",950,5.54,"16,556","55,500","55,900","12,408",3.53,19.25,"55,900",750,"7,610",865,4.21,6.83,"55,300",750,"8,629","34,279","10,076",0.95,"1,800",-0.16
438,아모레퍼시픽우,"45,600",상승,"1,050",+2.36%,500,"9,408",425,"44,900","4,814",N/A,5.03,"18,259","45,100","45,050",N/A,N/A,N/A,"45,800","1,537",N/A,N/A,46.18,N/A,"44,700",91,"10,558",N/A,"9,057",0.60,N/A,N/A
439,NICE,"12,880",상승,240,+1.90%,500,"12,960",165,"12,640","4,782","1,743",9.78,"61,311","12,700","12,660","35,219",79.68,6.27,"12,890",558,"21,291","1,009",10.86,2.88,"12,500",514,"37,128","30,383","1,317",0.60,500,7.78
440,진에어,"9,160",하락,70,-0.76%,"1,000","12,460",114,"9,240","4,782","1,631",6.54,"114,381","9,270","9,260","12,271",-10.46,51.15,"9,270","1,980","9,959",957,4.19,8.78,"9,130","5,231","52,200","14,613","1,401",1.70,N/A,14.41
441,동국제강,"9,540",상승,140,+1.49%,"5,000","8,252",78,"9,370","4,733","1,025",58.17,"84,638","9,330","9,430","31,940",-56.49,2.04,"9,550","2,893","14,922",348,26.17,1.04,"9,330","2,014","49,608","35,275",164,0.28,600,34.02
442,아세아시멘트,"12,660",상승,70,+0.56%,500,"2,616",32,"12,510","4,728","1,408",7.41,"30,915","12,450","12,590","21,954",-4.18,7.65,"12,740",415,"10,890",801,6.25,3.71,"12,420",293,"37,347","11,103","1,709",0.43,260,-7.51
443,KIWOOM 종합채권(AA-이상)액티브,"109,185",보합,0,0.00%,0,0,0,"109,110","4,728",N/A,N/A,119,"109,185","109,185",N/A,N/A,N/A,"109,185","10,002",N/A,N/A,0.00,N/A,"109,185","12,000","4,330",N/A,N/A,N/A,N/A,N/A
444,TIGER 미국달러SOFR금리액티브(합성),"56,060",하락,15,-0.03%,0,"2,687",150,"56,030","4,710",N/A,N/A,"30,344","56,055","56,080",N/A,N/A,N/A,"56,120","14,949",N/A,N/A,0.00,N/A,"56,020","20,195","8,402",N/A,N/A,N/A,N/A,N/A
445,한전산업,"14,400",상승,20,+0.14%,500,"37,654",541,"14,350","4,694",161,40.91,"314,704","14,330","14,360","2,200",-38.00,10.59,"14,430","5,247","1,044",116,1.19,5.49,"14,320","2,438","32,600","3,675",352,4.28,367,1.17
446,TIGER 은행고배당플러스TOP10,"18,715",상승,475,+2.60%,0,"444,622","8,299","18,530","4,669",N/A,N/A,"1,229,493","18,305","18,550",N/A,N/A,N/A,"18,780","82,009",N/A,N/A,0.49,N/A,"18,305","75,377","24,950",N/A,N/A,N/A,N/A,N/A
447,풀무원,"12,140",상승,90,+0.75%,500,"15,479",187,"12,030","4,628",918,14.80,"163,769","12,140","12,070","23,312",48.16,11.40,"12,150","1,077","17,477",344,3.13,1.53,"12,010","1,634","38,121","32,137",820,1.51,102,7.36
448,RISE KIS국고채30년Enhanced,"81,085",하락,120,-0.15%,0,"3,745",303,"80,960","4,583",N/A,N/A,"15,807","81,210","81,025",N/A,N/A,N/A,"81,210","18,050",N/A,N/A,0.01,N/A,"80,940","18,007","5,652",N/A,N/A,N/A,N/A,N/A
449,KODEX 인도Nifty50,"13,750",상승,5,+0.04%,0,"10,826",148,"13,750","4,558",N/A,N/A,"199,551","13,785","13,755",N/A,N/A,N/A,"13,785","19,726",N/A,N/A,0.03,N/A,"13,745","17,527","33,150",N/A,N/A,N/A,N/A,N/A
450,KODEX 국고채10년액티브,"114,210",상승,65,+0.06%,0,"5,298",605,"114,220","4,552",N/A,N/A,"10,519","114,240","114,240",N/A,N/A,N/A,"114,260","55,000",N/A,N/A,0.00,N/A,"114,155","54,438","3,986",N/A,N/A,N/A,N/A,N/A
451,스틱인베스트먼트,"10,910",상승,50,+0.46%,500,"2,913",31,"10,870","4,547",134,-126.86,"46,278","10,950","10,950","2,647",-59.46,3.72,"10,950","1,322",159,93,27.18,3.40,"10,860","1,141","41,678",795,-86,1.68,250,-15.25
452,화승엔터프라이즈,"7,490",하락,70,-0.93%,500,"18,963",142,"7,550","4,538",826,13.03,"133,408","7,580","7,570","15,376",537.00,6.38,"7,600","4,355","9,739",344,6.36,2.37,"7,470","2,907","60,589","16,096",575,0.89,45,32.61
453,RISE 미국30년국채엔화노출(합성 H),"8,350",상승,105,+1.27%,0,"175,450","1,464","8,350","4,496",N/A,N/A,"754,800","8,340","8,355",N/A,N/A,N/A,"8,360","202,634",N/A,N/A,0.01,N/A,"8,340","242,603","53,850",N/A,N/A,N/A,N/A,N/A
454,DS단석,"25,500",상승,300,+1.19%,500,"6,482",164,"25,450","4,484",122,-81.21,"62,005","25,200","25,500","7,358",-84.01,-3.29,"25,600","3,790","4,528",-103,1.90,-1.42,"25,200","1,268","17,584","9,617",-314,1.57,N/A,-10.16
455,디아이,"15,730",상승,200,+1.29%,500,"27,699",433,"15,680","4,452",31,56.99,"177,079","15,560","15,700","3,196",-49.81,0.72,"15,740","2,260","1,519",28,7.17,0.92,"15,560","2,156","28,300","2,140",276,2.62,100,-0.27
456,동아에스티,"47,450",상승,300,+0.64%,"5,000","1,819",86,"47,200","4,438",-250,-558.24,"9,894","47,200","47,400","13,917",-323.66,-0.18,"47,600",934,"6,829",-232,17.56,-1.74,"47,200","1,077","9,353","6,979",-85,0.66,785,5.10
457,부국증권,"42,750",상승,"1,850",+4.52%,"5,000","5,547",235,"41,850","4,433",367,17.80,"12,030","41,000","42,000","16,514",-46.93,4.05,"43,000",869,"8,811",310,1.50,1.81,"41,000",231,"10,370","7,792","2,402",0.49,"1,500",-4.40
458,세아제강,"155,200",하락,200,-0.13%,"5,000","3,006",468,"156,100","4,402","2,029",3.61,"25,231","156,900","156,600","18,238",N/A,N/A,"157,200",373,"7,113","1,371",9.13,N/A,"153,700",330,"2,836","18,094","43,046",0.39,"7,000",N/A
459,티웨이항공,"2,040",상승,10,+0.49%,500,"132,638",269,"2,045","4,394",-123,-2.77,"262,465","2,030","2,050","15,624",-108.80,-55.03,"2,050","48,353","14,802",-659,0.88,-4.63,"2,025","28,588","215,379","15,368",-736,12.95,N/A,13.94
460,신세계인터내셔날,"12,430",상승,80,+0.65%,"1,000","19,086",235,"12,370","4,393",268,18.07,"280,413","12,410","12,380","13,331",-44.93,3.85,"12,470","1,326","4,866",327,4.23,2.46,"12,270","1,629","35,343","13,086",688,0.52,400,-3.37
461,TIGER 미국S&P500(H),"14,745",보합,0,0.00%,0,"12,866",189,"14,740","4,387",N/A,N/A,"191,717","14,745","14,745",N/A,N/A,N/A,"14,750","60,800",N/A,N/A,0.11,N/A,"14,735","43,406","29,750",N/A,N/A,N/A,N/A,N/A
462,쏘카,"13,330",상승,70,+0.53%,100,"1,606",21,"13,330","4,378",-98,-24.59,"2,053","13,270","13,360","6,315",-1.14,-15.69,"13,410",282,"4,480",-310,0.98,-4.73,"13,210",96,"32,842","4,318",-542,2.41,N/A,8.36
463,TIGER 2차전지소재Fn,"3,510",상승,30,+0.86%,0,"833,416","2,917","3,500","4,354",N/A,N/A,"2,623,492","3,490","3,505",N/A,N/A,N/A,"3,530","229,753",N/A,N/A,0.78,N/A,"3,465","198,548","124,050",N/A,N/A,N/A,N/A,N/A
464,비에이치,"12,570",상승,290,+2.36%,500,"33,400",418,"12,450","4,332",871,15.89,"218,002","12,330","12,460","13,199",2.67,9.90,"12,600","1,340","5,790",776,9.98,6.44,"12,330","2,853","34,464","17,544",791,0.58,250,10.20
465,코람코라이프인프라리츠,"4,440",보합,0,0.00%,500,"2,944",13,"4,435","4,322",356,11.47,"64,325","4,465","4,455","12,792",96.73,4.96,"4,465","1,796","7,776",238,1.38,1.87,"4,430","5,127","97,335",485,387,0.89,418,54.05
466,명신산업,"8,195",하락,5,-0.06%,500,"5,838",47,"8,190","4,300","1,481",4.00,"132,821","8,190","8,210","12,103",-28.83,20.95,"8,210","4,294","5,128","1,291",7.58,11.45,"8,170","2,850","52,470","15,738","2,048",0.61,150,-9.49
467,KODEX 미국배당커버드콜액티브,"11,385",상승,65,+0.57%,0,"30,988",352,"11,370","4,292",N/A,N/A,"529,724","11,375","11,375",N/A,N/A,N/A,"11,385","29,064",N/A,N/A,0.02,N/A,"11,370","112,881","37,700",N/A,N/A,N/A,N/A,N/A
468,TCC스틸,"16,340",상승,250,+1.55%,"1,000","18,438",300,"16,280","4,283",123,19.95,"123,465","16,090","16,310","5,740",9.08,8.30,"16,450",333,"3,149",202,7.71,3.57,"16,080","1,254","26,214","5,821",819,1.70,100,-6.78
469,KODEX 미국나스닥100(H),"17,590",하락,5,-0.03%,0,"35,671",627,"17,580","4,239",N/A,N/A,"264,578","17,580","17,590",N/A,N/A,N/A,"17,600","214,997",N/A,N/A,1.13,N/A,"17,580","142,313","24,100",N/A,N/A,N/A,N/A,N/A
470,KIWOOM 200,"42,385",상승,655,+1.57%,0,"130,695","5,509","42,005","4,238",N/A,N/A,"50,978","41,855","42,020",N/A,N/A,N/A,"42,410","121,671",N/A,N/A,0.00,N/A,"41,855","72,931","10,000",N/A,N/A,N/A,N/A,N/A
471,한세실업,"10,550",상승,120,+1.15%,500,"11,273",118,"10,480","4,220","1,422",8.54,"91,426","10,430","10,500","14,245",-15.47,8.58,"10,580","2,551","7,149",584,3.77,4.39,"10,430",481,"40,000","17,978","1,235",0.60,500,5.21
472,애경산업,"15,970",상승,10,+0.06%,"1,000","12,982",207,"15,960","4,218",468,12.38,"244,980","16,050","16,000","4,994",-24.40,10.81,"16,180","1,672",987,425,2.38,8.66,"15,950",297,"26,410","6,791","1,290",1.03,580,1.53
473,흥아해운,"1,754",상승,20,+1.15%,500,"647,740","1,135","1,750","4,217",275,11.03,"3,779,518","1,731","1,751","4,436",12.12,20.08,"1,768","14,802","2,095",400,1.51,10.39,"1,731","18,050","240,425","1,880",159,1.83,N/A,14.07
474,신한 레버리지 WTI원유 선물 ETN(H),838,하락,9,-1.06%,0,"58,561",49,839,"4,190",N/A,N/A,"583,404",840,841,N/A,N/A,N/A,841,"6,447,058",N/A,N/A,0.00,N/A,838,"6,660,108","500,000",N/A,N/A,N/A,N/A,N/A
475,BGF,"4,355",상승,180,+4.31%,"1,000","84,370",361,"4,235","4,168",552,4.79,"92,978","4,175","4,245","23,010",-8.82,5.43,"4,370","2,102","3,199",948,2.37,4.24,"4,170","4,164","95,717","4,341",909,0.24,130,21.80
476,조광피혁,"62,500",상승,200,+0.32%,"5,000",591,36,"62,000","4,156",72,35.71,"3,103","62,500","62,800","6,188",13.90,2.58,"63,400",137,754,126,0.51,2.24,"61,700",263,"6,649",902,"1,750",0.39,N/A,-28.70
477,드림텍,"6,030",상승,50,+0.84%,100,"14,861",89,"6,010","4,154",236,-354.71,"139,749","5,970","6,020","9,081",-30.82,0.95,"6,050","6,319","3,930",127,57.10,1.50,"5,970","3,010","68,890","11,727",-17,1.04,200,13.81
478,PLUS 종합채권(AA-이상)액티브,"115,625",하락,100,-0.09%,0,1,0,"115,570","4,147",N/A,N/A,317,"115,625","115,655",N/A,N/A,N/A,"115,625","8,002",N/A,N/A,0.00,N/A,"115,625","8,000","3,587",N/A,N/A,N/A,N/A,N/A
479,TIGER 27-04회사채(A+이상)액티브,"53,385",보합,0,0.00%,0,"2,015",107,"53,385","4,116",N/A,N/A,"10,584","53,410","53,395",N/A,N/A,N/A,"53,410","109,091",N/A,N/A,0.00,N/A,"53,380","112,576","7,710",N/A,N/A,N/A,N/A,N/A
480,KODEX 미국AI테크TOP10타겟커버드콜,"10,525",하락,75,-0.71%,0,"32,863",346,"10,550","4,084",N/A,N/A,"367,893","10,610","10,555",N/A,N/A,N/A,"10,610","50,808",N/A,N/A,0.01,N/A,"10,515","52,571","38,800",N/A,N/A,N/A,N/A,N/A
481,PLUS 머니마켓액티브,"52,360",보합,0,0.00%,0,"7,485",391,"52,360","4,082",N/A,N/A,"29,831","52,360","52,365",N/A,N/A,N/A,"52,365","59,398",N/A,N/A,0.01,N/A,"52,360","61,873","7,796",N/A,N/A,N/A,N/A,N/A
482,더본코리아,"27,550",상승,250,+0.92%,500,"4,403",121,"27,600","4,060",360,10.63,"31,534","27,350","27,650","3,527",40.75,15.52,"27,700","1,399",851,310,1.07,11.05,"27,350","1,657","14,737","4,642","2,591",1.50,300,13.03
483,삼성FN리츠,"4,450",보합,0,0.00%,500,"5,067",22,"4,445","4,052",78,153.45,"121,244","4,450","4,450","8,768",24.55,0.66,"4,450","9,063","4,607",26,0.23,0.32,"4,440","3,375","91,050",115,29,0.97,73,23.01
484,맵스리얼티1,"4,350",상승,25,+0.58%,0,181,0,"4,325","4,038",N/A,N/A,"86,970","4,360","4,360",N/A,N/A,N/A,"4,360","17,083",N/A,N/A,2.77,N/A,"4,330","17,431","92,834",N/A,N/A,N/A,N/A,N/A
485,영진약품,"2,205",하락,10,-0.45%,500,"57,384",126,"2,215","4,033",87,-220.50,"285,814","2,200","2,220","2,343",179.79,1.37,"2,225","38,289","1,445",12,3.03,0.54,"2,190","13,630","182,893","2,520",-10,4.44,N/A,7.30
486,RISE 200위클리커버드콜,"9,330",상승,100,+1.08%,0,"403,531","3,755","9,275","4,026",N/A,N/A,"1,386,706","9,230","9,285",N/A,N/A,N/A,"9,335","96,620",N/A,N/A,0.08,N/A,"9,230","151,367","43,150",N/A,N/A,N/A,N/A,N/A
487,KODEX 미국달러SOFR금리액티브(합성),"11,590",하락,20,-0.17%,0,"7,672",88,"11,585","4,019",N/A,N/A,"120,045","11,620","11,590",N/A,N/A,N/A,"11,620","202,220",N/A,N/A,0.01,N/A,"11,580","211,398","34,680",N/A,N/A,N/A,N/A,N/A
488,사조대림,"43,500",상승,500,+1.16%,"5,000","15,637",677,"42,650","3,987","1,330",5.66,"32,662","43,000","42,950","21,236",3.41,14.27,"43,700","1,072","12,850",958,2.44,5.66,"42,650","5,311","9,164","26,430","7,690",0.53,300,28.11
489,대상홀딩스,"10,910",상승,370,+3.51%,"1,000","35,167",378,"10,680","3,951","1,840",31.26,"99,514","10,630","10,690","44,186",60.56,2.70,"10,910","1,802","27,476",799,7.75,1.86,"10,630","2,039","36,213","53,579",349,0.54,270,1.87
490,남양유업,"64,300",보합,0,0.00%,500,"1,454",93,"64,000","3,942",-98,81.29,"6,985","64,500","64,200","7,242",86.28,0.04,"64,500",254,924,2,7.31,0.03,"63,800",720,"6,131","9,528",791,0.84,100,-4.41
491,현대코퍼레이션,"29,750",상승,750,+2.59%,"5,000","6,543",192,"29,200","3,936","1,335",3.57,"49,718","28,950","29,250","20,623",34.43,19.70,"29,750","1,112","14,070","1,210",13.09,5.87,"28,900",492,"13,229","69,957","8,330",0.54,700,6.31
492,KB스타리츠,"3,875",하락,5,-0.13%,500,"1,370",5,"3,865","3,930",266,-30.04,"38,512","3,880","3,875","10,667",-50.14,4.54,"3,880","3,340","6,842",190,0.32,1.81,"3,865","17,129","101,414",382,-129,1.13,180,-41.46
493,남해화학,"7,890",상승,60,+0.77%,"1,000","16,736",131,"7,880","3,920",363,15.84,"129,727","7,900","7,890","7,738",228.08,4.84,"7,920","2,576","2,391",215,3.30,2.68,"7,850","1,572","49,679","15,191",498,0.70,80,-4.34
494,HL홀딩스,"41,400",상승,900,+2.22%,"5,000","2,944",121,"40,700","3,893",904,-19.80,"17,696","40,500","40,800","23,708",-1.88,1.91,"41,500",648,"13,062",198,10.01,0.85,"40,500",463,"9,404","13,711","-2,091",0.37,"2,000",6.66
495,농심홀딩스,"83,800",상승,"2,800",+3.46%,"5,000","3,040",251,"82,300","3,886",866,5.90,"6,391","81,200","82,500","16,115",15.04,6.39,"83,900",270,"3,940",749,2.44,4.80,"81,000",456,"4,638","7,983","14,201",0.32,"2,500",3.74
496,넥스틸,"14,860",하락,860,-5.47%,500,"416,658","6,234","15,060","3,864",632,7.08,"3,960,932","15,000","15,090","6,918",-59.83,7.64,"15,240","3,378","2,269",347,0.81,5.20,"14,810","4,146","26,002","5,524","2,100",0.81,250,-10.77
497,TIGER 미국필라델피아AI반도체나스닥,"11,460",하락,60,-0.52%,0,"56,890",652,"11,460","3,856",N/A,N/A,"553,186","11,515","11,490",N/A,N/A,N/A,"11,515","1,787",N/A,N/A,0.23,N/A,"11,370","11,761","33,650",N/A,N/A,N/A,N/A,N/A
498,HANARO 200,"42,535",상승,730,+1.75%,0,"29,678","1,256","42,170","3,849",N/A,N/A,"3,804","41,940","42,205",N/A,N/A,N/A,"42,595","81,614",N/A,N/A,22.34,N/A,"41,940","71,096","9,050",N/A,N/A,N/A,N/A,N/A
499,엘브이엠씨홀딩스,"1,990",상승,8,+0.40%,0,"41,713",82,"1,995","3,845",164,104.74,"395,414","1,982","2,005","7,388",205.09,0.28,"2,005","11,039","2,678",42,10.93,0.61,"1,982","15,406","193,240","2,957",19,0.74,0,13.53
500,수산인더스트리,"26,750",상승,150,+0.56%,200,"17,433",467,"26,700","3,822",435,9.74,"101,017","27,000","26,900","6,238",-13.40,7.77,"27,000","1,338","1,054",394,1.60,6.41,"26,700","2,976","14,286","3,168","2,745",0.73,800,-2.45
