N,종목명,현재가,전일비변동,전일비,등락률,액면가,거래량,거래대금,매수호가,시가총액,영업이익,PER,전일거래량,시가,매도호가,자산총계,영업이익증가율,ROE,고가,매수총잔량,부채총계,당기순이익,외국인비율,ROA,저가,매도총잔량,상장주식수,매출액,주당순이익,PBR,보통주배당금,매출액증가율
1,알테오젠,"402,000",상승,"16,500",+4.28%,500,"197,300","79,876","402,500","214,929",254,172.02,"735,665","393,500","403,000","4,090",360.91,29.52,"412,000","4,631","1,349",607,14.72,18.25,"393,000","5,190","53,465","1,029","2,337",58.64,0,6.56
2,에코프로비엠,"90,500",하락,"1,500",-1.63%,500,"70,219","6,372","90,100","88,510",-341,-95.36,"417,317","91,700","90,200","43,237",-121.86,-6.26,"92,400","7,079","23,466",-585,11.60,-1.35,"89,500","1,841","97,801","27,668",-949,5.23,N/A,-59.91
3,HLB,"50,500",하락,"2,200",-4.17%,500,"201,133","10,260","50,900","66,370","-1,185",-35.14,"451,698","51,900","51,000","8,874",5.21,-16.33,"52,100","34,911","2,353","-1,080",20.94,-13.22,"50,400","8,519","131,425",681,"-1,437",12.89,0,58.80
4,에코프로,"42,100",하락,750,-1.75%,100,"160,243","6,764","41,900","57,162","-2,930",-32.59,"707,979","42,150","41,950","81,383",-198.28,-12.57,"43,100","9,850","42,998","-2,954",21.01,-3.76,"41,800","5,240","135,776","31,279","-1,292",3.59,100,-56.92
5,레인보우로보틱스,"274,000",하락,"3,000",-1.08%,500,"26,770","7,339","274,000","53,156",-30,"6,682.93","243,579","272,500","274,500","1,399",93.32,1.62,"277,000","4,917",71,21,7.33,1.57,"272,000","3,456","19,400",193,41,40.27,N/A,26.80
6,파마리서치,"454,500",상승,"21,000",+4.84%,500,"166,672","74,886","448,500","47,766","1,261",45.17,"897,628","450,000","449,000","8,557",36.63,18.93,"457,000","3,050","2,863",889,17.89,12.79,"443,000",652,"10,510","3,501","10,061",9.33,"1,100",34.14
7,휴젤,"367,500",상승,"11,500",+3.23%,500,"10,511","3,854","366,500","45,217","1,662",31.91,"79,182","362,500","367,000","9,394",41.13,17.51,"370,000",666,986,"1,431",55.23,15.32,"362,000","1,296","12,304","3,730","11,517",4.71,0,16.69
8,펩트론,"183,900",하락,"2,300",-1.24%,500,"51,675","9,607","186,000","42,844",-165,-186.32,"428,567","186,800","186,200","1,689",-4.05,-23.46,"189,000","2,956",172,-220,5.85,-19.91,"182,500",233,"23,297",32,-987,28.83,N/A,-5.68
9,리가켐바이오,"110,300",상승,"1,400",+1.29%,500,"91,060","10,136","111,500","40,381",-209,162.21,"667,698","109,100","111,600","7,384",74.12,2.04,"112,700",977,"1,224",78,10.85,1.68,"109,100","3,600","36,610","1,259",680,6.85,N/A,268.71
10,클래시스,"59,200",하락,800,-1.33%,100,"48,476","2,863","58,800","38,779","1,224",37.73,"332,939","60,000","59,000","6,084",36.62,26.54,"60,000","7,377","1,557",975,72.13,19.83,"58,500","2,999","65,506","2,429","1,569",8.28,257,34.87
11,삼천당제약,"159,400",하락,"2,000",-1.24%,500,"59,496","9,675","162,200","37,391",26,-322.67,"296,199","161,500","162,300","5,198",-72.36,-4.49,"166,300",473,"1,704",-51,2.73,-1.10,"158,800",439,"23,457","2,109",-494,14.15,200,9.48
12,에이비엘바이오,"75,000",상승,700,+0.94%,500,"240,017","18,192","75,700","36,396",-594,-54.70,"1,491,211","73,700","75,800","2,320","-2,168.82",-46.01,"76,700","6,530",647,-555,13.90,-28.32,"73,700","10,947","48,528",334,"-1,371",28.48,N/A,-49.04
13,리노공업,"47,250",하락,600,-1.25%,100,"80,258","3,796","47,050","36,010","1,242",29.51,"1,060,573","47,250","47,100","6,574",8.59,19.21,"48,200","3,944",348,"1,133",35.48,18.27,"46,450","4,226","76,212","2,782","1,601",5.91,600,8.85
14,실리콘투,"53,800",하락,300,-0.55%,500,"226,389","12,071","53,500","32,910","1,376",24.49,"1,658,589","53,000","53,600","4,578",187.76,60.90,"54,300","22,085","1,962","1,207",8.07,35.88,"52,600","23,236","61,172","6,915","2,197",10.78,N/A,101.69
15,에스엠,"134,500",상승,"2,200",+1.66%,500,"36,469","4,941","134,500","30,793",873,12.36,"332,346","132,500","134,600","14,191",-23.06,2.64,"137,200","1,608","5,900",8,25.48,0.06,"131,700","1,272","22,895","9,897","10,881",3.39,400,2.98
16,코오롱티슈진,"37,700",상승,850,+2.31%,0,"62,462","2,345","37,400","30,764",-220,-83.04,"504,294","36,850","37,550","2,223",-7.28,-25.91,"38,200","1,939",764,-338,3.71,-18.92,"36,250","3,770","81,601",51,-454,16.73,0,36.90
17,젬백스,"69,000",하락,800,-1.15%,500,"71,778","5,029","69,200","28,570",-383,-44.83,"417,235","70,000","69,300","1,507",-387.24,-127.30,"72,000","4,829","1,217",-872,6.31,-61.01,"68,400","2,477","41,406",627,"-1,539",67.56,0,-13.18
18,JYP Ent.,"75,400",하락,600,-0.79%,500,"98,964","7,447","75,200","26,791","1,283",19.78,"676,907","74,700","75,300","6,788",-24.30,22.41,"75,850","12,655","1,959",977,22.58,15.63,"74,700","7,027","35,532","6,018","3,811",4.70,534,6.23
19,펄어비스,"38,500",하락,550,-1.41%,100,"22,897",892,"38,750","24,735",-123,51.47,"294,983","39,050","38,800","11,428",24.82,7.88,"39,450","3,800","3,368",603,7.38,5.12,"38,450","1,013","64,248","3,424",748,2.93,N/A,2.67
20,HPSP,"28,150",상승,500,+1.81%,500,"184,415","5,152","28,200","23,505",939,29.20,"1,102,099","27,250","28,250","3,199",-1.32,31.09,"28,500","5,636",420,863,22.14,26.94,"26,750","12,983","83,499","1,814",964,9.20,600,1.29
21,신성델타테크,"81,400",상승,900,+1.12%,500,"176,228","14,271","81,700","22,372",272,"-1,769.57","1,189,194","78,600","81,900","7,741",-9.01,-0.48,"83,400","3,435","4,568",74,6.45,1.02,"78,200","4,270","27,484","9,097",-46,10.55,120,9.12
22,셀트리온제약,"49,800",하락,200,-0.40%,500,"13,926",695,"49,600","21,752",372,79.43,"94,876","50,000","49,650","6,695",3.19,5.68,"50,400","2,327","2,725",220,4.59,3.35,"49,350","2,852","43,679","4,778",627,5.38,24,22.90
23,네이처셀,"28,850",보합,0,0.00%,500,"73,042","2,101","28,700","18,590",6,"-9,616.67","419,780","28,550","28,750",720,105.82,1.95,"29,000","9,116",74,12,7.38,1.75,"28,350","8,835","64,435",323,-3,29.23,0,67.09
24,파크시스템스,"264,500",하락,"6,000",-2.22%,500,"2,773",739,"265,000","18,488",385,33.56,"43,202","272,500","266,000","2,743",39.80,25.83,"272,500",377,864,428,32.92,17.99,"264,000",430,"6,990","1,751","7,881",9.16,500,20.89
25,이오테크닉스,"145,400",보합,0,0.00%,500,"19,096","2,780","145,100","17,913",312,38.41,"168,964","145,400","145,600","6,530",0.84,7.43,"147,700",446,500,427,21.04,6.75,"143,400","1,819","12,320","3,209","3,785",2.90,500,1.46
26,보로노이,"94,600",하락,"1,200",-1.25%,500,"30,705","2,969","95,400","17,395",-179,-42.77,"207,737","96,300","95,600",640,-65.09,-96.66,"98,900",877,297,-199,3.86,-38.23,"94,100","1,314","18,388",98,"-2,212",32.09,0,-33.93
27,CJ ENM,"76,700",하락,800,-1.03%,"5,000","13,231","1,019","76,900","16,820","1,045",-3.06,"112,007","76,900","77,100","93,166",815.59,-16.69,"78,300",221,"56,386","-5,808",16.98,-6.03,"75,600",387,"21,929","52,314","-25,100",0.58,N/A,19.76
28,씨젠,"32,100",하락,250,-0.77%,500,"57,791","1,859","32,100","16,765",-165,157.35,"502,473","31,900","32,150","12,053",45.17,-2.03,"32,700","14,283","2,238",-203,16.15,-1.65,"31,750","1,916","52,226","4,143",204,1.48,800,12.76
29,케어젠,"31,200",하락,"1,800",-5.45%,100,"23,580",752,"32,050","16,759",342,53.70,"154,974","33,100","32,150","2,407",-15.18,14.35,"33,100","1,743",177,323,5.06,13.24,"31,000",432,"53,715",826,581,7.20,640,4.26
30,와이지엔터테인먼트,"86,600",상승,"1,100",+1.29%,500,"29,698","2,559","85,900","16,186",-206,69.34,"280,081","85,000","86,000","7,343",-123.65,3.90,"87,300","1,500","1,311",200,15.38,2.71,"85,000","1,179","18,691","3,649","1,249",3.31,250,-35.88
31,에스티팜,"80,200",하락,"1,000",-1.23%,500,"22,542","1,826","81,000","16,163",277,53.86,"151,195","81,300","81,200","7,219",-17.36,7.82,"82,400",787,"2,189",325,6.11,4.65,"79,700","1,603","20,153","2,738","1,489",3.27,500,-3.94
32,스튜디오드래곤,"51,500",하락,900,-1.72%,500,"27,057","1,397","51,800","15,480",364,98.85,"190,503","52,100","51,900","9,255",-34.86,4.63,"53,000","1,905","1,859",335,13.08,3.32,"50,400","1,879","30,058","5,501",521,2.10,N/A,-26.96
33,동진쎄미켐,"29,300",하락,500,-1.68%,500,"74,589","2,191","29,250","15,064","2,082",9.81,"556,715","29,600","29,300","20,170",18.19,17.17,"29,800","12,629","9,966","1,435",9.59,7.92,"29,100","3,185","51,414","14,081","2,986",1.47,200,7.50
34,브이티,"40,900",하락,350,-0.85%,500,"89,936","3,679","41,000","14,641","1,109",14.04,"771,816","40,900","41,050","3,596",143.48,56.07,"41,350","7,036","1,189","1,040",10.08,33.75,"40,550","5,895","35,798","4,317","2,914",5.90,N/A,46.09
35,주성엔지니어링,"30,750",하락,300,-0.97%,500,"83,390","2,570","30,700","14,535",972,12.34,"530,058","30,600","30,750","9,868",235.88,19.76,"31,300","14,411","4,202","1,068",17.19,11.92,"30,300","2,520","47,268","4,094","2,491",2.42,287,43.78
36,카카오게임즈,"16,900",하락,470,-2.71%,100,"66,536","1,137","16,980","14,004",191,-10.52,"619,179","17,260","17,010","31,732",-74.60,-7.96,"17,370","1,050","16,949","-1,281",10.70,-3.86,"16,810","1,674","82,866","6,272","-1,606",1.05,N/A,-13.58
37,비에이치아이,"43,775",상승,275,+0.63%,500,"246,170","10,808","43,950","13,546",219,60.80,"1,069,358","44,050","44,000","5,248",45.34,20.64,"44,550","7,006","4,083",196,18.10,4.12,"43,150","2,650","30,944","4,047",720,10.89,N/A,10.16
38,지아이이노베이션,"21,800",하락,350,-1.58%,500,"158,228","3,527","22,050","13,432",-483,-20.20,"1,188,505","22,000","22,100",458,9.46,-116.69,"22,700","7,631",167,-588,4.40,-92.49,"21,800","10,829","61,614",0,"-1,079",10.72,0,-99.54
39,디앤디파마텍,"121,700",상승,"24,000",+24.56%,500,"336,164","40,999","122,600","13,079",-250,-38.57,"414,013","121,000","122,700",975,-85.50,-49.03,"125,000",996,279,-295,2.51,-33.37,"117,100","5,618","10,747",114,"-3,155",20.38,0,-38.77
40,루닛,"44,600",하락,750,-1.65%,500,"49,662","2,215","44,400","13,001",-677,-18.66,"379,838","44,950","44,450","4,350",-60.30,-41.21,"45,200","9,675","2,702",-824,8.83,-23.45,"44,100","2,489","29,150",542,"-2,390",7.56,0,116.03
41,솔브레인,"163,400",하락,"3,600",-2.16%,500,"3,231",531,"164,300","12,710","1,679",12.27,"32,545","167,000","164,500","11,682",25.82,12.47,"167,800",264,"1,309","1,196",31.87,11.06,"162,100",156,"7,779","8,634","13,317",1.21,"2,300",2.29
42,디어유,"52,900",상승,700,+1.34%,500,"27,933","1,467","52,000","12,558",254,60.80,"305,811","51,900","52,100","2,203",N/A,N/A,"53,200","3,899",243,244,6.28,N/A,"51,900","2,534","23,738",749,870,6.37,215,N/A
43,HK이노엔,"43,800",상승,100,+0.23%,500,"52,601","2,327","43,950","12,408",882,18.11,"389,036","44,500","44,000","18,896",33.82,5.02,"44,850","2,318","6,382",616,10.43,3.30,"43,450","3,021","28,330","8,971","2,419",0.99,350,8.23
44,테크윙,"32,500",하락,150,-0.46%,500,"87,711","2,849","32,350","12,140",234,-86.90,"1,118,669","32,450","32,400","5,062",640.74,-10.25,"33,000","6,799","3,179",-220,10.25,-4.43,"32,000","4,140","37,354","1,855",-374,6.33,130,38.85
45,원익IPS,"24,700",하락,400,-1.59%,500,"29,607",739,"24,950","12,124",106,31.51,"318,916","25,150","25,000","11,241",158.88,2.37,"58,800","11,868","6,601","-5,712",6.43,-57.41,"56,800","2,638","21,194","3,657","-10,265",2.31,N/A,-13.89
46,엔켐,"57,100",하락,"1,800",-3.06%,500,"59,744","3,438","57,300","12,102",-653,-5.56,"276,120","57,900","57,400","11,269","-2,244.05",-156.31,"25,350","3,399","2,367",207,25.26,1.88,"24,650","4,578","49,084","7,482",784,1.37,50,8.38
47,메지온,"40,150",하락,400,-0.99%,500,"14,480",588,"40,300","12,048",-143,-52.55,"99,851","41,000","40,400",740,1.31,-36.23,"41,050","4,256",279,-195,21.34,-23.45,"40,150","1,868","30,007",86,-764,27.85,0,-72.85
48,메디톡스,"162,500",상승,200,+0.12%,500,"8,404","1,370","162,500","11,860",203,56.58,"84,081","161,900","162,600","6,152",17.47,3.62,"165,500","1,998","1,444",161,11.73,2.62,"161,200",117,"7,298","2,286","2,872",2.48,"1,100",3.39
49,티씨케이,"99,800",하락,100,-0.10%,500,"4,787",483,"99,600","11,652",807,15.35,"105,670","102,000","99,800","5,635",21.06,14.78,"102,200",439,473,720,64.65,13.60,"99,300",296,"11,675","2,757","6,503",2.27,"1,410",21.65
50,서진시스템,"20,550",보합,0,0.00%,500,"28,702",588,"20,450","11,559","1,087",23.35,"308,854","20,350","20,500","21,032",121.85,12.32,"20,650","25,868","12,276",839,7.53,4.63,"20,300","7,047","56,248","12,138",880,1.33,N/A,55.87
51,카페24,"45,950",하락,550,-1.18%,500,"26,094","1,200","45,700","11,144",319,37.54,"376,158","46,400","45,800","3,423","1,978.14",13.40,"46,650","5,494","1,267",235,22.26,7.08,"45,600","1,768","24,253","3,025","1,224",5.07,N/A,11.58
52,ISC,"52,000",하락,"1,000",-1.89%,500,"19,507","1,016","51,900","11,022",448,24.12,"181,961","52,500","52,000","5,829",317.11,10.98,"52,700","3,691",597,549,18.59,9.76,"51,700",984,"21,197","1,745","2,156",2.08,810,24.43
53,오스코텍,"28,550",상승,500,+1.78%,500,"51,856","1,491","28,500","10,920",-27,"2,855.00","176,386","28,350","28,550","1,708",91.63,0.77,"29,150","2,008",384,-16,10.18,-1.05,"28,050","8,230","38,248",340,10,8.97,N/A,586.89
54,위메이드,"31,900",상승,150,+0.47%,500,"39,953","1,285","31,900","10,830",71,4.89,"352,896","32,250","31,950","18,757",106.40,55.57,"33,000","2,955","10,438","1,816",8.30,11.03,"31,500","1,566","33,948","7,119","6,530",2.58,N/A,17.62
55,하이젠알앤엠,"34,950",하락,"1,050",-2.92%,500,"34,950","1,229","34,950","10,795",-4,-275.20,"199,876","35,350","35,000","1,202",-108.52,-1.92,"35,850","2,092",518,-11,3.07,-0.96,"34,650","1,649","30,888",759,-127,14.94,N/A,-1.76
56,제이앤티씨,"18,420",하락,450,-2.38%,500,"56,303","1,043","18,480","10,656",-461,-12.72,"380,960","18,890","18,540","6,397",-261.51,-9.65,"18,890","2,993","3,026",-334,2.43,-5.16,"18,320","1,400","57,848","2,732","-1,448",3.30,N/A,-15.52
57,하림지주,"9,510",상승,260,+2.81%,100,"187,489","1,770","9,470","10,652","7,655",11.12,"769,589","9,240","9,480","160,790",34.88,0.90,"9,560","5,180","101,370","1,748",9.06,1.19,"9,240","16,472","112,006","122,730",855,0.30,120,1.75
58,대주전자재료,"68,300",하락,900,-1.30%,500,"30,798","2,117","68,300","10,573",294,27.85,"197,014","69,800","68,400","6,230",372.76,19.30,"69,900","11,809","3,927",364,18.60,7.02,"68,000",842,"15,481","2,193","2,452",4.41,100,18.56
59,넥슨게임즈,"15,820",하락,"1,020",-6.06%,500,"484,352","7,577","15,490","10,419",387,33.24,"6,964,097","15,700","15,500","4,872",222.40,10.93,"16,020","6,329","1,745",314,3.71,7.36,"15,350","6,805","65,860","2,561",476,3.18,N/A,32.49
60,고영,"14,950",하락,250,-1.64%,100,"187,975","2,820","14,950","10,264",33,60.53,"1,523,591","15,000","14,960","3,779",-83.69,6.68,"15,200","17,447",548,210,15.19,5.64,"14,820","3,317","68,655","2,025",247,3.13,140,-10.24
61,코나아이,"70,000",상승,200,+0.29%,500,"201,616","13,914","69,000","10,194",334,30.58,"975,202","69,800","69,200","4,131",-0.80,16.19,"89,600","1,117","3,333","1,024",35.75,15.83,"88,300",771,"11,495","4,132","8,990",2.42,"1,500",20.10
62,SOOP,"88,600",하락,800,-0.89%,500,"11,915","1,059","88,600","10,184","1,135",9.86,"111,521","88,800","88,800","7,157",25.69,30.21,"71,000","5,573","2,153",302,1.91,6.90,"67,700","4,029","14,563","2,363","2,289",5.16,680,-15.67
63,LS마린솔루션,"29,550",상승,600,+2.07%,"1,000","153,290","4,414","28,750","9,654",124,58.75,"705,251","28,250","28,850","2,543",N/A,N/A,"29,550","2,949",461,132,3.48,N/A,"27,900","9,804","32,669","1,303",503,4.50,160,N/A
64,원텍,"10,520",상승,120,+1.15%,100,"232,016","2,451","10,390","9,409",348,26.77,"1,352,149","10,400","10,410","1,779",-24.43,25.76,"10,750","11,082",511,291,7.58,17.58,"10,350","4,147","89,439","1,153",393,7.00,50,-0.32
65,성광벤드,"33,200",하락,100,-0.30%,500,"73,823","2,457","33,300","9,272",420,24.22,"611,277","33,100","33,400","5,631",-6.35,8.01,"33,650","3,438",443,410,22.76,7.36,"32,800","5,401","27,929","2,277","1,371",1.69,200,-10.61
66,필옵틱스,"39,550",하락,"2,100",-5.04%,500,"350,891","14,105","40,350","9,051",138,178.96,"4,139,273","41,000","40,400","3,827",34.40,3.51,"41,200","30,898","1,441",129,0.76,3.11,"39,300","3,669","22,886","4,109",221,5.90,0,36.96
67,국일제지,800,보합,0,0.00%,100,0,0,0,"9,019",-13,-88.89,0,0,0,"1,424",19.80,-9.98,0,0,194,-130,0.82,-7.09,0,0,"1,127,406",564,-9,7.32,N/A,6.08
68,아난티,"10,020",하락,580,-5.47%,100,"1,916,739","19,545","10,190","8,881",8,-53.58,"13,448,205","10,280","10,190","16,224",-99.70,-4.56,"10,450","72,107","9,110",-324,8.07,-2.04,"9,960","12,300","88,629","2,852",-187,1.25,N/A,-68.22
69,에스앤에스텍,"39,550",하락,300,-0.75%,500,"22,556",899,"39,600","8,484",295,24.43,"414,778","40,150","39,650","2,970",17.73,13.07,"40,400","2,743",502,303,9.47,10.95,"39,400","2,659","21,451","1,760","1,619",3.24,150,17.09
70,유일로보틱스,"73,700",하락,"1,700",-2.25%,500,"15,536","1,147","73,300","8,463",4,160.57,"138,862","73,800","73,500","1,174",106.14,-13.94,"74,800","3,659",224,-91,15.81,-8.91,"73,000",730,"11,483",352,459,8.77,N/A,19.40
71,태성,"27,650",하락,350,-1.25%,100,"81,830","2,295","28,200","8,433",60,321.51,"712,989","27,650","28,250",796,980.50,16.61,"28,550","7,121",386,60,2.00,8.74,"27,550","5,827","30,501",592,86,6.52,0,77.61
72,덕산네오룩스,"33,150",하락,900,-2.64%,200,"33,475","1,123","33,450","8,232",525,18.15,"275,006","33,900","33,500","4,523",59.39,12.17,"34,100","5,125",533,458,7.89,10.68,"33,100","1,275","24,831","2,123","1,826",2.00,N/A,29.66
73,올릭스,"41,600",하락,"1,950",-4.48%,500,"216,105","9,063","42,100","8,227",-309,-16.07,"700,945","43,550","42,150",712,-70.02,-120.11,"43,900","6,813",528,-407,3.61,-46.71,"40,800","2,180","19,775",57,"-2,589",32.48,0,-66.73
74,동성화인텍,"27,300",상승,200,+0.74%,500,"97,770","2,679","27,300","8,187",540,20.63,"647,126","27,250","27,350","4,555",35.13,21.07,"27,650","8,207","2,530",393,17.44,9.60,"27,000","13,918","29,989","5,974","1,323",3.83,350,11.92
75,우리기술투자,"9,740",상승,10,+0.10%,500,"546,070","5,325","9,780","8,182","1,757",5.32,"3,362,339","9,820","9,790","8,038",14.13,24.89,"9,950","14,398","1,376","1,477",3.05,20.59,"9,640","16,917","84,000","1,923","1,830",1.11,N/A,12.60
76,유진테크,"35,150",하락,600,-1.68%,500,"9,817",348,"35,200","8,055",612,12.42,"145,504","36,000","35,250","5,395",151.49,16.85,"36,000",777,"1,038",654,31.01,13.40,"35,050","1,014","22,916","3,381","2,831",1.91,230,22.25
77,와이씨,"9,770",하락,120,-1.21%,100,"57,815",567,"9,730","8,016",106,93.94,"662,960","9,820","9,760","5,769",23.66,3.48,"9,920","5,916","1,586",129,0.89,2.45,"9,700","2,778","82,045","2,112",104,2.42,N/A,-17.22
78,레이크머티리얼즈,"11,950",하락,280,-2.29%,100,"70,562",849,"11,970","7,855",222,42.53,"466,541","12,230","11,980","3,513",-24.93,17.38,"12,300","5,615","2,200",210,6.72,6.46,"11,810","7,009","65,731","1,387",281,6.10,50,17.77
79,동국제약,"17,170",하락,160,-0.92%,500,"29,164",503,"17,220","7,707",804,13.39,"226,960","17,310","17,250","9,532",20.26,10.66,"17,490","2,502","2,742",623,14.21,6.95,"17,070","1,428","44,884","8,122","1,282",1.26,200,11.10
80,LS머트리얼즈,"11,160",하락,290,-2.53%,500,"84,098",939,"11,090","7,550",62,242.61,"393,049","11,280","11,120","2,531",-54.33,3.11,"11,290","9,418",460,57,4.22,2.19,"11,040","1,511","67,653","1,421",46,4.11,N/A,3.79
81,HLB테라퓨틱스,"8,930",하락,310,-3.35%,500,"133,561","1,209","8,950","7,534",-76,-27.31,"589,716","9,300","8,970","2,198",12.63,-14.34,"9,360","9,893",379,-235,6.36,-11.16,"8,900","2,139","84,371",549,-327,4.87,0,4.45
82,하나마이크론,"11,220",하락,320,-2.77%,500,"108,934","1,231","11,280","7,436","1,068",-79.01,"728,793","11,390","11,300","19,446",84.43,-6.99,"11,540","9,560","13,388",-112,10.70,-0.61,"11,190","2,300","66,272","12,507",-142,2.03,70,29.21
83,피에스케이홀딩스,"34,450",하락,800,-2.27%,500,"27,760",960,"34,450","7,428",885,8.03,"352,414","34,800","34,500","5,136",228.07,24.80,"35,000","3,045",821,958,4.20,20.94,"34,200","1,734","21,562","2,155","4,289",1.72,700,127.53
84,에스에프에이,"20,650",하락,400,-1.90%,500,"16,240",339,"20,750","7,415",-484,-8.99,"120,979","21,100","20,850","24,796",-154.44,-7.49,"21,100","5,385","9,572",-321,9.21,-1.21,"20,650","9,037","35,909","20,454","-2,296",0.66,270,9.95
85,심텍,"23,200",하락,800,-3.33%,500,"120,825","2,834","23,550","7,390",-470,-14.57,"792,010","23,500","23,600","14,433",46.70,-6.63,"23,750","14,795","9,948",-310,6.01,-2.37,"23,200","11,109","31,854","12,314","-1,592",1.81,100,18.19
86,현대힘스,"20,850",상승,350,+1.71%,500,"126,755","2,626","20,600","7,386",215,41.37,"1,209,909","20,850","20,650","3,265",48.99,8.07,"20,950","20,086",930,166,0.57,5.74,"20,500","22,016","35,425","2,232",504,3.13,100,17.96
87,엘앤씨바이오,"29,850",하락,550,-1.81%,500,"56,528","1,682","29,700","7,349",25,4.87,"428,653","30,050","29,750","4,756",-68.73,65.41,"30,200","9,238","1,809","1,410",9.02,38.21,"29,400","2,496","24,619",721,"6,131",2.39,50,9.35
88,로보티즈,"55,500",상승,300,+0.54%,500,"127,204","6,985","54,800","7,333",-30,"1,088.24","801,077","53,900","54,900","1,002",43.88,-3.31,"55,900","6,406",42,-30,8.80,-2.82,"53,500","7,171","13,213",300,51,7.23,0,3.13
89,피엔티,"30,750",하락,500,-1.60%,500,"26,102",806,"30,750","7,301","1,632",6.68,"223,742","31,250","30,750","16,203",112.19,26.52,"31,400","5,241","9,957","1,422",4.11,8.83,"30,550","2,482","23,743","10,351","4,605",1.24,100,89.78
90,안랩,"64,100",하락,400,-0.62%,500,"13,375",857,"63,700","7,132",277,19.16,"88,815","64,800","63,800","4,647",4.77,10.40,"64,800","2,378",959,324,32.59,7.71,"63,600",526,"11,127","2,606","3,346",1.72,"1,300",8.93
91,솔브레인홀딩스,"33,900",상승,150,+0.44%,500,"5,274",178,"33,650","7,107",853,15.02,"52,777","33,750","33,700","19,966",-29.47,4.62,"34,300",295,"5,055",557,5.06,2.95,"33,400","1,030","20,964","5,154","2,257",0.53,220,-22.10
92,펌텍코리아,"56,800",보합,0,0.00%,500,"3,308",187,"56,300","7,043",484,19.77,"77,676","56,800","56,400","4,076",37.15,12.99,"56,900","1,379",869,383,15.39,10.04,"55,900",357,"12,400","3,375","2,873",2.61,420,18.63
93,비츠로셀,"30,600",상승,500,+1.66%,500,"24,517",747,"30,300","6,999",519,13.35,"170,155","30,450","30,300","3,179",37.73,19.92,"30,750","11,166",348,513,29.44,17.86,"30,200","2,090","22,872","2,108","2,292",2.41,460,19.61
94,코미코,"66,700",상승,400,+0.60%,500,"25,963","1,734","67,000","6,977","1,125",12.16,"154,146","66,100","67,100","8,003",240.50,23.36,"67,700","1,223","4,246",878,19.63,12.60,"65,500",893,"10,461","5,071","5,483",2.53,"1,000",65.05
95,한글과컴퓨터,"28,550",상승,400,+1.42%,500,"183,660","5,288","28,500","6,903",404,44.40,"812,523","28,850","28,550","6,819",18.37,4.06,"29,250","8,918","1,963",140,7.47,2.13,"28,150","5,103","24,180","3,048",643,1.97,410,12.42
96,위메이드맥스,"8,320",하락,260,-3.03%,500,"31,232",262,"8,350","6,900",-81,-33.15,"197,133","8,550","8,360","5,976",-315.03,-3.29,"8,570","3,472",962,-157,11.36,-4.31,"8,200","1,437","82,936",750,-251,1.39,0,7.49
97,SAMG엔터,"78,600",하락,300,-0.38%,500,"41,887","3,265","77,500","6,894",-61,-93.35,"273,646","78,900","77,600",974,35.14,-52.24,"79,700","1,869",666,-194,20.03,-19.62,"76,000","1,079","8,771","1,164",-842,17.91,N/A,22.41
98,HLB생명과학,"5,600",하락,160,-2.78%,500,"113,578",640,"5,610","6,827",-248,-3.38,"395,806","5,740","5,620","5,390",-1.17,1.95,"5,760","24,381","1,402",62,9.62,1.29,"5,580","11,721","121,917","1,022","-1,657",2.00,0,4.34
99,다우데이타,"17,340",상승,520,+3.09%,500,"97,998","1,666","16,780","6,641","12,059",4.58,"305,486","16,620","16,850","577,571",80.54,12.96,"17,430",987,"512,862","8,659",11.01,1.55,"16,480","1,286","38,300","121,361","3,783",0.48,450,17.44
100,엠로,"51,300",상승,700,+1.38%,500,"15,276",779,"50,900","6,328",86,31.73,"142,890","50,800","51,000","1,024",84.58,31.88,"51,600","1,110",134,186,3.58,19.17,"50,000","2,178","12,335",795,"1,617",6.98,0,25.77
101,휴온스글로벌,"49,750",하락,200,-0.40%,500,"12,821",638,"49,600","6,287",970,24.13,"86,414","50,300","49,700","14,059",-14.88,5.05,"51,100",497,"4,418",671,7.87,4.93,"84,500","1,399","7,107","1,207","2,247",5.51,400,-0.69
102,아이쓰리시스템,"88,400",상승,"3,400",+4.00%,500,"22,659","1,961","85,200","6,282",148,39.34,"75,789","86,600","85,600","1,468",20.94,15.31,"88,400",927,411,150,4.97,10.77,"49,200","1,143","12,637","8,135","2,062",1.15,525,7.26
103,휴메딕스,"55,300",상승,600,+1.10%,500,"11,351",618,"53,900","6,210",431,14.30,"145,491","53,700","54,000","2,498",15.63,18.41,"55,300","2,005",212,393,10.22,16.72,"53,600","1,092","11,230","1,619","3,868",2.39,630,6.30
104,큐리옥스바이오시스템즈,"37,850",상승,"2,050",+5.73%,500,"96,807","3,675","37,500","6,112",-134,-67.35,"297,076","37,700","37,650",706,-26.72,-15.94,"38,700",655,219,-81,15.48,-12.60,"37,050",687,"16,149",46,-562,13.40,0,-32.42
105,비올,"10,440",하락,410,-3.78%,100,"542,975","5,715","10,560","6,099",361,17.34,"1,259,379","10,560","10,600",981,61.62,44.73,"10,670","17,408",92,326,6.89,40.31,"10,430","19,249","58,419",582,602,6.24,20,36.86
106,제룡전기,"37,850",상승,"2,550",+7.22%,500,"341,994","12,737","37,200","6,080",978,8.34,"292,533","35,300","37,300","2,418",39.48,49.72,"38,400","6,308",451,799,11.53,39.92,"35,000","18,328","16,062","2,627","4,539",3.11,"1,000",42.84
107,RFHIC,"22,950",하락,50,-0.22%,500,"91,572","2,131","23,250","6,078",15,80.53,"406,879","23,750","23,350","4,829",404.84,8.60,"23,800","6,469","1,250",197,12.07,3.97,"22,850","3,294","26,484","1,149",285,1.89,100,3.09
108,차바이오텍,"10,730",하락,160,-1.47%,500,"52,159",564,"10,740","6,043",-597,-47.90,"354,556","10,900","10,750","21,944",-523.82,-2.85,"10,980","8,427","14,755",-146,7.87,-0.74,"10,690","3,628","56,314","10,450",-224,2.36,0,9.55
109,HLB제약,"18,340",하락,760,-3.98%,500,"48,801",899,"18,340","6,014",15,112.52,"168,326","18,800","18,410","1,579",107.54,1.98,"18,870","3,276",415,20,1.11,1.35,"18,250","1,647","32,791","1,371",163,5.35,0,0.83
110,태웅,"29,550",하락,"1,350",-4.37%,500,"323,553","9,603","29,850","5,912",228,30.31,"1,420,846","30,500","29,900","8,126",-42.28,4.42,"30,500","7,994","2,081",247,7.52,3.17,"29,050","3,394","20,007","3,863",975,0.98,N/A,-12.94
111,태광,"22,250",하락,100,-0.45%,500,"62,258","1,393","22,300","5,896",399,15.15,"715,392","22,100","22,350","6,603",-30.93,8.20,"22,650","2,278",509,461,15.23,7.17,"21,850","11,546","26,500","2,668","1,469",1.01,250,-14.50
112,아이티센글로벌,"25,100",상승,"2,900",+13.06%,500,"765,095","18,487","24,100","5,824",586,49.60,"1,149,409","23,100","24,200","9,454",91.90,5.79,"25,500","9,096","6,229",361,2.44,4.19,"22,550","18,316","23,205","49,618",506,7.21,N/A,76.26
113,나노신소재,"47,650",하락,"1,350",-2.76%,500,"8,711",420,"47,750","5,812",30,-260.38,"74,899","49,450","47,800","4,422",-74.88,-0.77,"49,450","1,018","1,980",-19,8.46,-0.43,"47,500",416,"12,198",878,-183,2.32,250,5.53
114,솔트룩스,"47,650",상승,400,+0.85%,500,"544,859","25,855","46,500","5,780",-66,-110.30,"1,671,366","46,800","46,550",932,28.63,-6.63,"48,850","9,831",206,-59,4.62,-6.10,"45,650","3,557","12,131",459,-432,8.77,N/A,49.03
115,코스메카코리아,"53,800",하락,"1,000",-1.82%,500,"14,115",762,"54,200","5,746",604,13.81,"261,097","54,300","54,500","5,179",22.80,22.07,"54,600","4,956","2,103",537,12.02,11.30,"53,500","1,446","10,680","5,243","3,897",2.66,100,11.39
116,시노펙스,"6,440",하락,70,-1.08%,500,"65,950",426,"6,440","5,649",212,21.83,"842,545","6,500","6,460","2,354",-12.19,18.58,"6,500","43,490",678,280,2.01,12.82,"6,400","7,328","87,720","2,383",295,3.26,0,-9.09
117,쎄트렉아이,"51,400",상승,900,+1.78%,500,"52,326","2,705","51,500","5,629",-31,45.89,"107,710","51,500","51,600","4,470",29.44,3.49,"52,800","3,032","2,230",62,6.54,1.64,"50,400","1,860","10,951","1,713","1,120",2.39,190,36.55
118,서부T&D,"8,510",상승,590,+7.45%,500,"355,887","2,974","8,310","5,610",480,16.65,"828,118","8,240","8,320","28,945",28.91,3.70,"8,520","4,453","16,536",647,12.67,2.47,"7,830","8,762","65,927","1,875",511,0.55,100,10.83
119,바이넥스,"17,050",상승,490,+2.96%,500,"190,227","3,278","16,960","5,573",-308,-21.72,"483,802","16,970","16,970","2,794","-3,050.79",-19.34,"17,490","5,383",978,-352,5.88,-13.12,"16,940","5,812","32,684","1,301",-785,2.94,N/A,-16.00
120,피에스케이,"19,150",하락,150,-0.78%,500,"36,287",698,"19,180","5,547",839,7.07,"417,652","19,280","19,190","5,694",55.08,18.31,"19,400","2,314",976,791,25.75,14.88,"19,070","3,342","28,967","3,981","2,708",1.16,400,13.13
121,메가스터디교육,"51,500",상승,300,+0.59%,100,"2,963",154,"51,500","5,547","1,236",11.80,"25,978","52,200","51,900","8,783",-2.99,9.97,"52,300",624,"4,116",502,29.49,5.47,"24,800","2,249","22,177","3,885",615,2.18,150,-1.35
122,에스피지,"25,000",하락,550,-2.15%,500,"30,920",775,"24,950","5,544",123,40.65,"317,856","25,200","25,000","3,975",-22.76,5.54,"25,400","9,472","1,434",131,4.75,3.52,"51,300","1,021","10,771","9,422","4,363",1.21,"1,500",0.75
123,인카금융서비스,"10,730",하락,190,-1.74%,100,"71,823",772,"10,710","5,513",863,8.47,"330,335","10,920","10,760","7,074",85.22,50.62,"11,000","2,181","5,602",620,6.20,10.30,"10,550","1,350","51,380","8,323","1,267",3.28,100,49.47
124,지엔씨에너지,"33,500",상승,"3,850",+12.98%,500,"532,397","17,649","33,200","5,510",317,11.46,"1,349,639","31,300","33,350","2,652",187.62,27.54,"34,400","9,815","1,038",389,7.27,17.18,"31,150","4,143","16,449","2,263","2,924",2.98,100,35.99
125,넥스틴,"52,500",하락,900,-1.69%,500,"9,805",517,"52,600","5,500",470,20.55,"76,716","53,600","52,800","1,898",29.89,27.00,"53,600","2,339",322,384,12.27,23.10,"52,300",982,"10,477","1,137","2,555",3.46,500,29.33
126,인텔리안테크,"50,500",상승,"1,850",+3.80%,500,"46,513","2,313","50,400","5,420",-194,-44.18,"89,170","48,550","50,500","4,407",-281.28,-1.12,"50,800","2,607","1,761",-30,11.75,-0.67,"47,900","2,629","10,733","2,578","-1,143",2.10,100,-15.50
127,감성코퍼레이션,"5,870",상승,90,+1.56%,500,"313,566","1,846","5,840","5,371",361,18.01,"1,515,414","5,850","5,850","1,543",11.82,30.74,"5,990","15,794",419,293,13.01,21.77,"5,790","5,698","91,500","2,204",326,4.60,0,23.85
128,씨아이에스,"6,900",하락,130,-1.85%,100,"56,263",390,"6,900","5,339",593,8.80,"598,926","7,040","6,910","7,338",52.39,15.16,"7,040","11,830","2,551",562,8.38,8.44,"6,850","1,537","77,372","5,085",784,1.08,N/A,63.96
129,인투셀,"35,350",상승,350,+1.00%,500,"62,129","2,157","35,300","5,249",-98,-46.76,"316,085","34,000","35,350",237,43.70,-95.55,"35,550",729,162,-99,0.58,-39.93,"33,650","2,122","14,848",29,-756,62.43,0,79.72
130,두산테스나,"27,100",하락,950,-3.39%,500,"36,539",995,"27,100","5,238",379,38.71,"238,456","27,950","27,150","7,877",N/A,N/A,"27,950","3,683","3,500",368,4.53,N/A,"26,950","4,383","19,327","3,731",700,1.24,160,N/A
131,컴투스,"40,950",하락,200,-0.49%,500,"8,187",336,"40,950","5,216",61,-4.67,"71,443","41,400","41,050","16,460",118.47,-10.37,"41,550","1,127","5,961","-1,520",13.90,-9.04,"40,750","1,549","12,738","6,939","-8,768",0.48,"1,300",-6.18
132,데브시스터즈,"42,600",하락,550,-1.27%,500,"12,970",558,"42,650","5,199",272,17.91,"107,904","43,500","42,700","2,604",156.64,19.72,"43,800","1,883","1,062",283,11.22,11.31,"42,300",28,"12,203","2,362","2,379",2.87,0,46.57
133,네오위즈,"23,650",하락,100,-0.42%,500,"9,938",234,"23,550","5,169",329,-63.40,"232,885","23,600","23,600","6,200",4.20,0.49,"23,700","4,934","1,011",-70,13.65,-1.08,"23,400","3,488","21,857","3,668",-373,0.95,N/A,0.33
134,파두,"10,390",하락,280,-2.62%,100,"20,121",210,"10,420","5,136",-950,-5.86,"173,930","10,590","10,490","1,344",-62.28,-64.47,"10,640","4,319",365,-915,6.18,-48.41,"10,360",415,"49,428",435,"-1,772",6.04,0,93.60
135,갤럭시아머니트리,"12,990",상승,340,+2.69%,500,"933,121","12,058","12,890","5,096",132,240.56,"2,324,018","12,890","12,920","3,646",43.07,0.72,"13,160","2,195","2,525",6,2.47,0.15,"12,610","2,706","39,230","1,288",54,4.51,45,-2.73
136,티앤엘,"61,900",하락,500,-0.80%,500,"12,778",789,"61,400","5,031",570,9.12,"59,323","62,400","61,500","1,971",84.69,30.84,"62,500","6,255",256,464,13.26,27.36,"61,300",827,"8,128","1,749","6,787",2.76,750,51.47
137,웹젠,"14,520",하락,180,-1.22%,500,"18,475",272,"14,650","5,024",546,13.48,"154,402","14,860","14,660","7,509",9.32,8.81,"14,930","1,224",783,568,30.06,7.81,"14,460",128,"34,601","2,147","1,077",0.64,300,9.40
138,SFA반도체,"3,010",하락,25,-0.82%,500,"74,358",223,"2,985","4,950",0,-200.67,"1,401,256","2,980","2,990","6,235",99.77,4.51,"3,050","27,749","1,256",205,4.11,3.32,"2,980","6,959","164,460","4,005",-15,1.01,N/A,-3.90
139,에코프로에이치엔,"23,500",하락,350,-1.47%,500,"15,607",369,"23,450","4,929",242,23.08,"75,417","24,100","23,550","4,667",-42.02,10.59,"24,100","2,413","1,704",215,9.06,6.22,"22,800","1,310","20,975","2,345","1,018",1.67,300,2.43
140,가온칩스,"42,250",하락,550,-1.29%,500,"8,971",381,"42,350","4,900",35,211.25,"141,289","42,100","42,500","1,127",-19.00,11.46,"43,200","1,230",434,75,0.94,7.27,"42,100",708,"11,597",965,200,7.67,N/A,51.72
141,하나머티리얼즈,"24,700",하락,250,-1.00%,500,"14,923",371,"24,900","4,885",434,15.06,"321,829","24,900","25,000","5,739",5.16,8.43,"25,250","2,727","2,201",318,20.58,5.10,"24,600","2,329","19,778","2,516","1,640",1.32,250,7.74
142,현대바이오,"10,140",하락,110,-1.07%,500,"68,378",698,"10,190","4,869",8,-30.63,"435,571","10,350","10,200",677,108.08,-16.36,"10,380","4,978",283,-69,8.75,-11.50,"10,110","2,794","48,022",151,-331,4.14,N/A,58.73
143,대명에너지,"28,550",하락,250,-0.87%,100,"99,738","2,886","28,550","4,868",97,41.08,"369,499","29,300","28,650","3,699",-42.03,6.24,"29,900","3,778","2,412",78,0.66,2.18,"28,150",810,"17,050",678,695,3.55,0,9.93
144,미코,"14,510",상승,370,+2.62%,500,"156,902","2,265","14,590","4,849",946,16.70,"753,807","14,140","14,600","13,927",216.51,20.43,"14,690","2,991","8,598",765,10.29,6.87,"13,900","2,945","33,417","5,405",869,4.09,N/A,41.62
145,현대무벡스,"4,080",하락,20,-0.49%,100,"45,045",183,"4,080","4,808",246,21.70,"417,568","4,075","4,095","2,989",493.03,16.17,"4,105","11,627","1,267",269,2.95,9.83,"4,035","7,963","117,846","3,414",188,3.00,50,27.46
146,바이오다인,"16,000",하락,50,-0.31%,500,"16,119",258,"15,960","4,762",-17,"-2,285.71","110,324","16,010","16,090",443,15.65,0.03,"16,220","1,125",11,0,4.45,0.02,"15,550","2,217","29,764",53,-7,11.03,N/A,28.93
147,테스,"24,000",하락,400,-1.64%,500,"17,258",415,"23,950","4,744",385,9.19,"218,558","23,950","24,000","3,812",756.34,13.55,"24,300","3,694",506,427,6.59,12.13,"23,850","3,401","19,768","2,401","2,611",1.25,600,63.39
148,포스코엠텍,"11,240",하락,400,-3.44%,500,"29,284",331,"11,200","4,681",14,-267.62,"131,886","11,590","11,220","1,498",-68.30,0.50,"11,600","5,139",379,6,6.30,0.37,"11,180","3,661","41,643","3,466",-42,4.25,20,1.53
149,한국기업평가,"102,400",상승,600,+0.59%,"5,000",923,94,"101,800","4,649",327,18.44,"15,852","101,800","102,000","1,753",26.48,21.69,"103,900",128,405,286,80.81,17.31,"100,600",408,"4,541","1,041","5,552",4.33,"3,954",8.85
150,우리기술,"2,780",상승,55,+2.02%,500,"13,840,706","38,686","2,840","4,602",6,-60.43,"67,470,421","2,780","2,845","2,655",-91.71,-3.33,"2,890","300,174","1,534",-44,1.74,-1.93,"2,680","488,991","165,531",713,-46,4.08,0,12.80
151,에스티큐브,"6,740",상승,170,+2.59%,500,"43,543",291,"6,710","4,582",-226,-18.62,"223,997","6,550","6,730","1,119",13.15,-33.09,"6,780","3,072",176,-214,3.76,-27.16,"6,520","11,417","67,983",113,-362,5.10,N/A,93.88
152,성우하이텍,"5,720",하락,20,-0.35%,500,"43,356",247,"5,660","4,576","2,059",3.08,"397,337","5,760","5,680","45,631",-19.81,9.86,"5,760","15,536","27,210","1,351",6.41,3.14,"5,620","6,390","80,000","42,451","1,855",0.29,150,-1.78
153,유바이오로직스,"12,470",보합,0,0.00%,500,"53,602",676,"12,470","4,567",343,11.85,"385,300","12,470","12,480","2,021",345.78,15.61,"12,790","2,093",701,190,7.99,10.73,"12,400","1,324","36,624",960,"1,052",3.08,0,38.45
154,아이센스,"16,390",하락,50,-0.30%,500,"9,294",152,"16,350","4,521",27,420.26,"117,113","16,580","16,410","5,909",-75.68,-0.59,"16,580","1,816","2,479",-20,26.24,-0.36,"16,260","1,227","27,587","2,911",39,1.40,100,9.81
155,원익QnC,"17,190",하락,210,-1.21%,500,"26,995",466,"17,170","4,519",906,9.02,"267,185","17,390","17,210","15,347",9.19,11.67,"17,430","1,245","9,654",615,5.42,4.23,"17,090","1,443","26,288","8,915","1,905",0.94,100,10.62
156,이녹스첨단소재,"22,200",하락,150,-0.67%,500,"13,969",311,"22,150","4,491",868,5.91,"214,775","22,400","22,250","8,260",105.88,16.27,"22,600","4,832","3,574",701,14.83,10.02,"22,000","3,779","20,228","4,228","3,759",0.88,350,9.25
157,제주반도체,"12,980",하락,290,-2.19%,500,"64,588",840,"12,980","4,471",96,27.04,"552,968","12,990","12,990","2,254",-46.29,11.44,"13,170","8,240",412,194,0.00,9.15,"12,930","2,365","34,443","1,623",480,2.29,N/A,11.28
158,한텍,"40,050",상승,"1,900",+4.98%,"5,000","191,925","7,502","38,400","4,454",168,13.44,"340,841","38,150","38,600","2,075",10.40,26.22,"40,050","5,791",958,263,0.84,13.00,"37,200","2,957","11,121","1,559","2,981",3.33,450,-12.73
159,이엔에프테크놀로지,"30,800",하락,150,-0.48%,500,"3,819",118,"30,900","4,401",593,10.96,"75,920","30,550","30,950","7,236",148.52,8.21,"31,050","2,935","3,222",297,6.92,4.30,"30,550",825,"14,288","5,824","2,810",1.07,150,9.67
160,신라젠,"3,165",하락,55,-1.71%,500,"201,064",640,"3,150","4,372",-268,-15.59,"737,904","3,245","3,155","1,490",-25.40,-28.05,"3,250","46,050",172,-265,2.61,-23.50,"3,130","5,043","138,130",39,-203,3.43,0,-0.33
161,인벤티지랩,"40,900",보합,0,0.00%,500,"77,498","3,177","40,950","4,370",-190,-14.43,"350,771","41,850","41,100",723,-18.81,-91.93,"42,350","3,468",397,-170,1.95,-28.95,"39,400",686,"10,684",18,"-2,835",12.08,0,170.90
162,삼현,"13,690",하락,190,-1.37%,500,"56,058",774,"13,730","4,341",55,48.55,"546,858","14,020","13,790","1,403",N/A,N/A,"14,250","2,972",251,83,0.70,N/A,"13,590",655,"31,708","1,004",282,3.74,50,N/A
163,큐로셀,"30,300",하락,400,-1.30%,500,"9,175",278,"30,350","4,340",-106,-12.06,"82,646","30,250","30,400",515,-138.14,55.22,"30,800","1,780",490,-77,1.12,-22.88,"29,800","1,075","14,324",0,"-2,512",18.90,0,"8,891.25"
164,쏠리드,"7,100",하락,120,-1.66%,500,"145,470","1,039","7,110","4,338",351,14.12,"977,412","7,160","7,120","4,968",-3.11,15.52,"7,210","25,942","1,740",462,9.16,9.69,"7,060","11,711","61,095","3,311",503,1.34,50,3.02
165,티에스이,"39,200",하락,700,-1.75%,500,"10,199",402,"39,350","4,336",399,9.41,"86,985","39,900","39,450","5,194","1,776.34",13.36,"39,950","1,384","1,197",450,6.34,9.36,"39,100",746,"11,061","3,481","4,165",1.24,400,39.70
166,케이엠더블유,"10,860",하락,170,-1.54%,500,"22,313",243,"10,830","4,325",-455,-12.72,"156,256","11,050","10,850","2,690",27.65,-24.24,"11,060","1,293","1,254",-386,6.57,-14.17,"10,690",755,"39,821",874,-854,3.13,N/A,-12.70
167,콜마비앤에이치,"14,660",상승,60,+0.41%,500,"12,718",186,"14,540","4,312",246,34.01,"184,053","14,700","14,550","6,909",-18.62,4.54,"14,740","1,627","2,956",172,3.03,2.48,"14,510","1,174","29,416","6,156",431,1.08,308,6.23
168,글로벌텍스프리,"6,090",상승,160,+2.70%,500,"168,429","1,010","5,950","4,280",218,36.04,"957,052","5,910","5,960","1,745",121.88,5.60,"6,090","16,902",462,63,17.13,3.66,"5,870","12,664","70,283","1,297",169,3.74,N/A,58.84
169,바이오플러스,"7,050",하락,140,-1.95%,500,"86,746",614,"7,040","4,265",237,21.89,"756,776","7,100","7,060","2,643",-15.55,10.83,"7,200","17,665","1,166",175,8.77,8.01,"7,000","10,041","60,500",664,322,2.76,50,2.10
170,케이아이엔엑스,"87,100",하락,"1,000",-1.14%,500,"10,745",940,"86,600","4,250",237,24.77,"72,457","88,100","86,900","3,368",-10.67,10.13,"89,100","1,077","1,068",183,29.36,6.20,"86,000",458,"4,880","1,389","3,516",2.22,600,13.22
171,동화기업,"8,340",하락,210,-2.46%,200,"27,647",232,"8,360","4,216",167,-19.04,"90,442","8,510","8,380","23,972",200.80,-1.40,"8,660","4,125","14,194",-162,50.52,-0.69,"8,300","3,946","50,557","9,180",-438,0.45,N/A,-4.70
172,코난테크놀로지,"36,600",상승,800,+2.23%,500,"134,678","4,882","35,500","4,197",-141,-36.35,"464,214","35,500","35,700",444,-28.30,-53.30,"36,800","5,755",248,-136,1.20,-29.42,"35,350","1,791","11,467",263,"-1,007",26.55,N/A,7.74
173,다날,"6,050",상승,10,+0.17%,500,"2,376,782","14,366","6,040","4,171",14,67.98,"10,552,076","6,070","6,050","7,456",-60.17,2.46,"6,160","88,893","4,356",29,3.85,0.39,"5,880","114,767","68,949","2,609",89,1.37,N/A,-11.69
174,골프존,"66,400",상승,300,+0.45%,500,"2,769",183,"65,700","4,167",958,8.31,"26,065","67,100","65,800","6,655",-16.34,11.63,"67,200",698,"2,188",420,22.77,6.45,"65,500",603,"6,275","6,200","7,991",0.91,"4,000",-9.51
175,클로봇,"16,880",하락,560,-3.21%,500,"123,210","2,084","16,850","4,161",-75,-53.93,"494,957","16,940","16,860",695,-29.94,-15.71,"17,055","10,564",95,-67,0.21,-12.93,"16,780","4,533","24,651",334,-313,7.24,N/A,37.97
176,아스테라시스,"11,240",상승,10,+0.09%,100,"42,770",481,"11,120","4,120",67,64.97,"497,915","11,250","11,130",247,328.57,40.61,"11,440","3,815",51,54,3.62,25.90,"11,090",794,"36,655",288,173,11.45,32,64.78
177,셀바스AI,"15,280",상승,40,+0.26%,500,"120,077","1,832","15,130","4,113",8,-66.72,"522,815","15,120","15,130","3,121",-80.43,-4.61,"15,500","3,595",492,-10,5.12,-0.40,"15,010",707,"26,915","1,125",-229,3.43,N/A,112.13
178,네오셈,"9,320",하락,130,-1.38%,100,"30,235",283,"9,320","4,089",165,23.48,"375,211","9,360","9,340","1,419",103.63,18.96,"9,450","6,374",260,192,0.00,15.47,"9,280","5,212","43,869","1,052",397,3.44,60,4.27
179,유티아이,"22,650",하락,950,-4.03%,500,"10,662",244,"22,900","4,066",-322,-15.01,"75,541","23,300","23,000","1,606",-63.41,-49.58,"23,900","4,201",861,-227,13.16,-17.39,"22,550",695,"17,953",186,"-1,509",6.53,N/A,-4.14
180,원익홀딩스,"5,260",하락,80,-1.50%,500,"738,766","3,890","5,230","4,063",306,-9.51,"4,377,834","5,320","5,240","18,901",-33.12,-7.41,"5,390","43,446","6,416",-611,4.04,-3.26,"5,170","12,236","77,238","6,455",-553,0.41,N/A,-13.88
181,성일하이텍,"33,300",하락,700,-2.06%,500,"3,823",130,"33,450","4,055",-714,-3.49,"27,185","34,600","33,550","6,795",-756.19,-42.96,"34,600",867,"4,547","-1,125",2.78,-17.93,"33,150",547,"12,176","1,362","-9,553",2.17,0,-44.93
182,제우스,"13,060",하락,400,-2.97%,500,"49,162",645,"13,070","4,051",492,10.23,"247,673","13,400","13,090","6,409",588.24,12.99,"13,400","9,103","2,586",431,3.85,6.83,"12,990","3,994","31,017","4,908","1,277",1.16,100,21.82
183,대아티아이,"5,700",하락,160,-2.73%,100,"1,225,809","7,070","5,790","4,017",79,22.98,"7,234,106","5,790","5,800","2,920",122.05,11.52,"5,910","65,988","1,584",147,9.77,5.40,"5,610","16,391","70,473","1,491",248,2.91,N/A,32.77
184,서희건설,"1,741",하락,18,-1.02%,500,"78,663",136,"1,727","4,001","2,357",3.63,"558,091","1,759","1,730","15,406",3.30,17.64,"1,759","8,840","5,668","1,593",5.33,10.35,"1,722","18,524","229,808","14,736",479,0.33,45,2.20
185,큐렉소,"9,650",하락,140,-1.43%,500,"38,619",372,"9,560","3,965",-58,-54.21,"359,629","9,750","9,600","1,026",-612.71,-9.04,"9,750","5,936",92,-88,3.07,-8.34,"9,530","2,695","41,090",555,-178,4.19,N/A,-23.81
186,에이프릴바이오,"17,570",상승,80,+0.46%,"1,000","76,407","1,358","17,640","3,958",169,17.17,"348,205","17,340","17,700",996,226.00,26.90,"17,970","3,295",86,200,5.16,22.32,"17,260","3,126","22,528",275,"1,023",4.28,0,N/A
187,한국정보인증,"9,310",상승,730,+8.51%,500,"8,997,491","83,141","9,440","3,951",189,38.16,"5,041,926","8,700","9,450","4,053",35.02,6.14,"9,490","40,602","1,731",124,0.60,3.40,"8,690","212,085","42,441","1,219",244,1.94,150,32.18
188,바이오니아,"15,280",하락,20,-0.13%,500,"20,419",314,"15,280","3,944",-134,-19.84,"379,235","15,390","15,320","3,322","-1,794.54",-9.40,"15,580","1,232","1,053",-190,7.14,-5.88,"15,160","1,761","25,810","2,940",-770,1.85,N/A,11.68
189,천보,"38,950",하락,"2,050",-5.00%,500,"8,703",343,"39,200","3,895",-228,-136.19,"45,972","40,800","39,250","10,079",-182.81,-8.27,"40,800",896,"5,929",-323,4.23,-3.33,"38,900",667,"10,000","1,449",-286,1.05,N/A,-20.68
190,서울반도체,"6,640",하락,100,-1.48%,500,"20,314",136,"6,650","3,871",8,-14.34,"172,441","6,790","6,670","12,612",101.61,-0.74,"41,200",450,"1,703",400,1.18,10.68,"39,900","1,831","9,616",928,"-1,618",1.36,700,-10.74
191,인화정공,"40,250",상승,250,+0.63%,500,"5,745",232,"40,000","3,870",103,-24.88,"14,539","40,000","40,150","4,303",110.01,18.68,"6,800","15,549","5,602",-19,9.28,-0.16,"6,630","5,448","58,305","10,905",-463,0.57,N/A,5.63
192,이뮨온시아,"5,290",하락,230,-4.17%,500,"244,084","1,302","5,310","3,862",-126,N/A,"1,011,399","5,380","5,320",262,-6.80,77.02,"5,460","41,297",68,-57,0.25,-18.96,"5,240","4,977","73,004",7,N/A,N/A,0,495.04
193,넵튠,"8,250",보합,0,0.00%,500,"40,536",336,"8,280","3,853",96,-29.78,"329,317","8,230","8,310","4,075",345.59,0.53,"8,410","3,855",370,48,2.45,1.17,"8,160","7,183","46,702","1,216",-277,0.99,0,21.91
194,코오롱생명과학,"31,000",상승,200,+0.65%,500,"5,954",183,"30,700","3,851",-221,-4.84,"67,850","30,100","31,000","4,196",8.35,-64.87,"31,800","2,485","2,702",-931,3.08,-25.54,"30,000","2,293","12,423","1,614","-6,402",1.28,N/A,29.48
195,동운아나텍,"18,350",하락,380,-2.03%,500,"29,354",540,"18,370","3,837",175,28.27,"88,329","18,650","18,410",988,-30.43,37.49,"18,650","2,443",275,247,5.28,26.72,"18,240","2,627","20,910","1,383",649,5.68,109,24.02
196,에스앤디,"129,500",상승,"18,300",+16.46%,500,"56,977","6,982","124,200","3,746",201,20.69,"96,727","111,500","124,600",930,56.19,21.74,"129,700",204,250,170,6.71,17.11,"12,050","4,252","29,631",258,-22,3.08,167,-60.25
197,에코아이,"12,630",상승,300,+2.43%,500,"61,205",763,"12,510","3,742",2,-574.09,"344,339","12,330","12,550","1,498",-98.91,1.74,"12,690","3,902",213,23,1.57,1.50,"111,500","1,135","2,893","1,161","6,259",5.34,800,31.56
198,에프에스티,"17,000",하락,730,-4.12%,500,"31,575",544,"17,160","3,733",23,44.16,"304,933","17,470","17,210","5,061",121.21,0.60,"17,690","1,735","2,620",-16,5.08,-0.36,"16,980","1,671","21,956","2,374",385,1.38,5,20.14
199,넥스트바이오메디컬,"45,900",하락,800,-1.71%,500,"12,929",591,"45,500","3,730",-36,118.91,"115,850","46,350","45,550",588,31.60,14.56,"46,350","1,136",137,29,7.04,6.46,"20,200","2,574","17,786","1,049",885,1.66,N/A,103.87
200,에코앤드림,"20,950",하락,400,-1.87%,500,"22,494",474,"20,850","3,726",5,23.67,"142,284","21,300","20,900","4,058",116.42,8.41,"21,650","6,779","1,841",135,1.02,4.83,"45,350","1,793","8,127",95,386,8.18,0,95.46
201,코미팜,"5,140",상승,20,+0.39%,100,"28,270",145,"5,120","3,723",62,29.37,"134,312","5,230","5,140","1,228",198.72,22.11,"5,230","7,848",572,147,5.07,12.17,"5,060","6,239","72,440",588,175,5.71,0,95.46
202,메디포스트,"10,800",하락,110,-1.01%,500,"17,329",185,"10,640","3,696",-485,-5.69,"166,949","10,800","10,650","4,143",-93.17,-22.22,"17,720","2,097",786,112,1.95,5.42,"16,160",649,"20,956","1,001",505,2.88,0,25.42
203,유진로봇,"9,850",하락,240,-2.38%,500,"155,681","1,529","9,770","3,695",-42,-75.77,"764,392","9,930","9,780",547,20.92,-8.56,"10,900","3,165","1,617",-634,4.61,-14.68,"10,500","1,882","34,218",707,"-1,899",1.74,N/A,2.93
204,하이록코리아,"30,050",하락,150,-0.50%,500,"10,965",330,"30,100","3,695",501,8.64,"137,210","30,000","30,150","4,727",-3.39,11.38,"9,940","19,815",190,-32,13.05,-5.62,"9,750","14,075","37,512",260,-130,11.07,N/A,35.12
205,오름테라퓨틱,"17,510",하락,310,-1.74%,100,"31,156",546,"17,490","3,689",-83,-48.10,"331,013","17,800","17,530","1,538",-108.72,-17.50,"30,400","2,506",367,480,27.33,10.49,"29,800","2,355","12,295","1,905","3,480",0.86,"1,150",0.89
206,예스티,"17,480",상승,"1,250",+7.70%,500,"66,668","1,132","16,920","3,663",113,34.61,"208,504","16,250","16,970","2,044","2,839.92",10.51,"17,800",870,321,-57,2.38,-3.64,"17,270",884,"21,069",209,-364,2.27,0,-84.56
207,NHN KCP,"9,120",상승,190,+2.13%,500,"154,610","1,413","9,120","3,663",438,8.63,"409,642","8,990","9,160","5,703",4.35,18.71,"9,290","2,855","3,051",453,14.23,8.29,"8,930","5,525","40,161","11,053","1,057",1.33,100,13.72
208,미래에셋벤처투자,"6,890",상승,200,+2.99%,"1,000","221,378","1,498","6,790","3,660",157,-58.89,"926,395","6,500","6,800","10,608",-50.81,2.47,"6,940","2,803","7,089",86,2.70,0.79,"6,490","2,076","53,125","2,339",-117,1.06,85,7.75
209,파트론,"6,400",상승,20,+0.31%,500,"32,940",211,"6,380","3,648",617,8.07,"550,757","6,400","6,390","7,433",48.05,10.93,"6,460","16,268","1,878",559,15.87,8.02,"6,380","6,508","57,000","14,864",793,0.65,300,26.78
210,스피어,"9,340",하락,260,-2.71%,500,"121,940","1,134","9,260","3,647",-64,-16.83,"497,829","9,550","9,310",446,29.77,-84.53,"9,580","13,086",134,-170,1.46,-53.40,"9,120","7,617","39,050",26,-555,5.93,0,54.88
211,큐리언트,"10,640",상승,350,+3.40%,500,"36,738",390,"10,640","3,588",-275,-14.44,"387,487","10,200","10,700",656,-18.37,-45.23,"10,740","2,399",54,-245,2.59,-41.42,"10,200","2,265","33,726",92,-737,7.02,0,1.64
212,한국비엔씨,"5,220",하락,120,-2.25%,100,"136,366",714,"5,210","3,570",107,22.60,"784,854","5,270","5,220","2,671",77.07,6.06,"5,310","39,864",306,133,4.03,5.27,"5,190","11,282","68,395",892,231,1.52,N/A,10.16
213,켐트로닉스,"23,250",하락,850,-3.53%,500,"67,466","1,572","23,150","3,565",373,19.33,"440,481","23,650","23,200","6,417",95.24,10.70,"23,700","13,420","4,066",214,7.73,3.77,"23,000","3,252","15,334","5,752","1,203",1.77,200,6.08
214,칩스앤미디어,"16,770",하락,150,-0.89%,500,"25,284",425,"16,710","3,548",53,41.00,"234,719","16,880","16,720",840,-32.06,13.46,"16,970",594,82,100,2.75,12.16,"16,610","1,267","21,157",271,409,4.51,100,-1.79
215,다원시스,"9,260",상승,160,+1.76%,500,"89,159",830,"9,190","3,534",76,-18.19,"358,915","9,400","9,240","7,457",-60.32,4.81,"9,450","5,083","4,868",119,9.43,1.69,"9,100","3,674","38,163","3,015",-509,1.49,N/A,-15.74
216,퓨쳐켐,"15,960",하락,240,-1.48%,500,"29,271",472,"16,070","3,528",-95,-35.55,"249,064","15,870","16,150",744,-12.55,-15.94,"15,300","3,163",316,272,2.58,11.28,"14,960","2,354","23,487","1,382","1,187",1.52,150,2.94
217,바디텍메드,"15,010",하락,130,-0.86%,"1,000","16,600",251,"15,020","3,525",262,12.65,"179,437","15,100","15,030","2,547",-8.17,13.75,"16,420","1,869",199,-94,3.97,-12.80,"15,870",189,"22,102",173,-449,6.87,N/A,23.81
218,엔젤로보틱스,"22,750",하락,500,-2.15%,500,"9,624",219,"22,700","3,454",-108,-33.31,"94,951","22,700","22,750",439,-66.88,-40.84,"23,000","4,690",35,-100,2.50,-30.70,"22,600","1,112","15,183",42,-683,8.96,0,-18.17
219,GST,"18,710",하락,20,-0.11%,500,"14,722",275,"18,640","3,448",591,7.70,"224,588","18,650","18,650","3,348",38.89,18.71,"18,820","3,410",665,459,9.63,14.92,"18,600",874,"18,430","3,462","2,430",1.28,300,24.00
220,삼표시멘트,"3,185",상승,15,+0.47%,500,"32,551",103,"3,165","3,437","1,039",6.28,"186,391","3,170","3,170","14,851",22.70,9.04,"3,190","12,118","7,289",661,1.95,4.40,"3,145","4,854","107,916","7,908",507,0.46,110,-4.00
221,CJ프레시웨이,"28,900",상승,"1,100",+3.96%,"1,000","9,705",277,"28,300","3,431",940,13.09,"81,283","27,800","28,350","15,644",-5.27,7.36,"28,900",719,"11,490",274,13.98,1.87,"27,700",780,"11,872","32,248","2,207",0.83,450,4.90
222,에이유브랜즈,"24,100",상승,"1,850",+8.31%,100,"69,327","1,644","24,200","3,413",124,29.86,"139,035","22,250","24,300",448,-23.35,38.45,"24,500","1,230",122,101,0.89,28.58,"22,000","1,896","14,160",446,807,5.77,0,6.48
223,노바렉스,"18,170",상승,"1,420",+8.48%,500,"121,446","2,197","18,320","3,408",232,12.90,"485,596","17,730","18,330","2,896",-9.06,10.97,"18,530","2,557",693,238,6.42,8.60,"17,550","2,558","18,755","2,977","1,408",1.44,200,-1.47
224,기가비스,"26,700",하락,"1,000",-3.61%,200,"5,020",135,"26,600","3,384",-18,117.11,"69,575","27,450","26,700","2,297",-105.10,1.63,"27,450","1,246",240,34,1.80,1.50,"26,550",657,"12,676",261,228,1.73,800,-71.42
225,선익시스템,"35,300",하락,250,-0.70%,500,"13,566",478,"35,100","3,367",79,-14.75,"89,188","35,100","35,200","3,029",294.87,-47.86,"35,650","2,839","2,565",-281,1.09,-12.83,"35,000","1,098","9,537","1,129","-2,393",7.14,N/A,80.93
226,하림,"3,165",상승,15,+0.48%,500,"322,278","1,017","3,155","3,362",285,-166.58,"1,365,044","3,140","3,165","8,328",-29.51,-4.11,"3,185","83,762","5,437",-123,4.35,-1.47,"3,120","48,652","106,210","12,854",-19,1.15,N/A,-8.89
227,토모큐브,"25,450",상승,700,+2.83%,500,"47,197","1,182","25,000","3,352",-88,-33.80,"247,595","24,400","25,050",436,-30.40,-27.82,"25,450","5,939",16,-83,4.61,-26.20,"24,300","4,171","13,171",59,-753,8.42,0,58.48
228,휴온스,"27,950",하락,350,-1.24%,500,"3,736",105,"27,900","3,348",397,10.50,"62,007","28,300","27,950","6,063",-29.12,8.77,"28,400","1,857","2,557",291,17.84,5.09,"27,750","1,391","11,980","5,902","2,661",0.93,630,6.93
229,제닉,"41,850",상승,250,+0.60%,500,"27,242","1,125","41,050","3,335",60,27.50,"164,646","41,000","41,250",382,249.72,44.90,"25,250","4,504",319,327,36.54,11.27,"24,300","1,286","13,481","2,045","2,293",1.14,400,20.03
230,인바디,"24,600",하락,650,-2.57%,500,"8,543",210,"24,400","3,316",367,10.73,"68,581","25,250","24,450","3,058",-4.20,12.71,"30,750","3,547",828,-140,1.51,-8.57,"30,250",629,"10,872",941,"-2,233",4.33,N/A,26.84
231,에이직랜드,"30,500",하락,400,-1.29%,500,"12,182",371,"30,400","3,316",-170,-13.66,"65,603","30,650","30,450","1,671",-539.61,-15.39,"42,200","1,638",160,76,6.31,24.57,"40,700","3,666","7,969",499,"1,522",12.68,N/A,77.80
232,덕산테코피아,"16,040",하락,810,-4.81%,500,"52,033",842,"16,040","3,284",-302,-5.51,"219,191","16,520","16,050","6,630",-385.42,-28.30,"16,700","3,506","4,572",-726,3.74,-12.33,"15,980","5,590","20,477",997,"-2,911",1.75,N/A,5.97
233,삼목에스폼,"22,300",보합,0,0.00%,500,"4,427",98,"22,000","3,278",753,6.93,"62,868","22,300","22,100","7,813",-39.33,12.04,"22,350","3,889","1,366",734,3.13,9.65,"21,650","1,369","14,700","4,019","3,216",0.50,200,-8.53
234,지씨셀,"20,550",하락,850,-3.97%,500,"10,190",212,"20,850","3,247",-200,-3.95,"94,973","21,350","20,900","5,783",-590.55,-14.90,"21,350","3,927","1,160",-757,5.44,-12.18,"20,550","1,423","15,800","1,745","-5,205",0.70,N/A,-6.98
235,씨앤씨인터내셔널,"32,400",하락,300,-0.92%,100,"10,592",342,"32,200","3,245",290,12.89,"257,624","32,650","32,250","2,951",-9.75,17.15,"32,800","3,205",893,324,4.32,11.78,"32,000","1,065","10,014","2,829","2,514",1.62,"1,000",28.39
236,폰드그룹,"10,010",상승,760,+8.22%,500,"180,204","1,729","9,590","3,238",413,12.31,"372,623","9,250","9,630","4,227","6,089.52",12.62,"10,030","5,539","1,850",272,0.68,7.13,"9,060","3,399","32,344","3,687",813,1.53,250,"13,154.52"
237,한양이엔지,"17,860",상승,180,+1.02%,500,"18,210",322,"17,560","3,215",862,5.13,"173,293","19,660","19,650","3,918",8.45,23.78,"19,720",763,843,650,5.03,18.44,"19,410",568,"16,511","3,068","3,768",1.01,60,6.49
238,월덱스,"19,450",하락,310,-1.57%,500,"10,382",203,"19,560","3,211",703,5.16,"100,643","17,680","17,570","9,087",1.27,13.45,"17,900","1,780","3,067",764,14.19,8.80,"17,490",868,"18,000","11,863","3,481",0.49,650,15.60
239,쿠콘,"31,275",하락,125,-0.40%,500,"52,764","1,627","30,500","3,207",166,17.55,"336,996","31,050","30,600","2,629",0.02,11.48,"31,400","8,890","1,161",158,2.59,6.71,"30,300","2,168","10,255",730,"1,782",2.14,150,6.84
240,바텍,"21,550",하락,200,-0.92%,500,"4,349",94,"21,550","3,201",540,6.30,"25,858","21,750","21,600","6,503",-15.74,12.94,"21,850","2,822","1,798",553,26.89,8.93,"21,450",831,"14,854","3,852","3,418",0.68,100,0.07
241,우주일렉트로,"34,550",상승,"1,550",+4.70%,500,"35,308","1,204","33,900","3,193",201,15.23,"68,762","33,100","33,950","3,277",151.12,8.46,"34,700","1,622",814,198,7.88,6.34,"33,100","3,952","9,240","1,762","2,268",1.11,300,10.18
242,유니슨,"1,871",상승,267,+16.65%,500,"5,354,045","9,400","1,642","3,190",-125,-16.71,"3,420,873","1,590","1,643","2,490",36.06,-36.03,"1,885","26,926","1,828",-225,2.12,-8.81,"1,570","60,085","170,506",257,-112,5.03,0,-76.12
243,아이패밀리에스씨,"18,360",상승,120,+0.66%,500,"14,151",257,"18,150","3,180",336,12.86,"187,084","18,230","18,220","1,223",40.16,35.26,"18,380",71,308,283,6.35,26.68,"17,900",920,"17,320","2,049","1,428",3.30,118,37.79
244,아주IB투자,"2,625",상승,55,+2.14%,500,"220,838",572,"2,610","3,175",84,82.03,"958,118","2,555","2,615","3,417",-52.70,3.20,"2,635","31,806",806,83,1.81,2.39,"2,490","19,081","120,945",656,32,1.21,50,-11.09
245,에이스침대,"28,600",하락,150,-0.52%,"1,000","1,729",50,"28,600","3,172",662,5.15,"37,930","28,700","28,750","7,824",16.14,9.70,"29,800",508,757,659,1.18,8.79,"28,500","1,191","11,090","3,260","5,551",0.43,"1,450",6.39
246,노머스,"28,900",하락,"1,100",-3.67%,500,"92,206","2,649","28,600","3,143",82,28.28,"271,905","29,200","28,700",988,"4,101.07",15.81,"29,300","4,733",127,99,7.30,13.63,"28,350","1,998","10,876",689,"1,022",3.43,0,62.92
247,지노믹트리,"12,820",하락,380,-2.88%,500,"43,151",555,"12,820","3,125",-153,-29.74,"190,437","13,200","12,840","1,307",11.50,-8.24,"13,200",693,64,-104,1.02,-7.89,"12,740","2,047","24,377",24,-431,2.54,0,-30.89
248,에스티아이,"19,660",하락,440,-2.19%,500,"83,422","1,638","19,670","3,112",273,11.92,"381,483","19,910","19,690","3,688",13.95,10.89,"20,050","4,140","1,080",271,4.19,7.93,"19,460","39,737","15,830","3,340","1,650",1.11,200,4.56
249,나이벡,"27,450",하락,650,-2.31%,500,"90,145","2,542","27,950","3,103",-49,-26.19,"1,304,489","28,450","28,050",625,-120.87,-30.54,"29,250","5,349",302,-93,0.90,-14.43,"27,350","1,239","11,306",246,"-1,048",9.73,0,56.33
250,가비아,"22,900",보합,0,0.00%,500,"11,614",263,"22,550","3,100",351,22.02,"34,038","22,600","22,600","6,345",-17.59,9.49,"23,000","2,859","2,878",286,36.97,5.21,"22,450","3,262","13,536","2,824","1,040",1.81,80,7.96
251,한국정보통신,"8,260",상승,40,+0.49%,500,"3,010",25,"8,150","3,093",391,6.89,"16,488","8,270","8,210","4,629",9.66,15.09,"8,320",587,"1,564",435,62.89,9.62,"8,130",688,"37,444","7,910","1,199",0.94,N/A,9.08
252,CMG제약,"2,162",하락,58,-2.61%,500,"493,624","1,071","2,165","3,093",10,-270.25,"1,939,846","2,190","2,175","3,034",-66.40,1.42,"2,205","162,059","1,139",27,4.17,0.99,"2,150","43,847","143,057",991,-8,1.60,0,5.53
253,듀켐바이오,"10,810",하락,90,-0.83%,500,"16,941",181,"10,620","3,076",51,36.64,"93,467","10,660","10,690",652,N/A,N/A,"10,850","6,636",222,80,1.24,N/A,"10,570","1,457","28,455",356,295,7.06,N/A,N/A
254,킵스파마,"16,090",상승,850,+5.58%,500,"113,385","1,792","15,770","3,069",62,-41.47,"320,109","15,240","15,730","1,652",103.14,2.07,"16,090","2,870","1,020",16,2.25,1.14,"15,160","5,031","19,076","1,276",-388,5.56,0,38.48
255,에이치브이엠,"25,650",상승,450,+1.79%,500,"45,494","1,144","24,850","3,053",-68,-35.33,"516,103","24,750","24,950","1,196",-282.11,-17.39,"25,800","1,162",535,-84,2.61,-8.19,"24,250",958,"11,902",451,-726,4.55,N/A,8.88
256,제이브이엠,"25,250",상승,950,+3.91%,500,"26,453",667,"25,000","3,053",307,10.76,"60,385","24,800","25,100","2,848",3.04,15.11,"25,700","3,518",825,288,12.16,10.64,"24,800","2,307","12,090","1,594","2,346",1.42,500,1.50
257,오상헬스케어,"20,750",하락,750,-3.49%,500,"6,224",131,"21,000","3,011",-248,-34.35,"67,650","21,350","21,050","2,950",-117.35,-3.93,"21,400","1,280",90,-114,1.04,-3.70,"20,700",642,"14,509",805,-604,1.01,500,-77.38
258,신성에스티,"33,250",하락,400,-1.19%,500,"9,157",304,"33,300","3,006",88,43.92,"116,076","33,550","33,400","1,444",5.16,7.11,"33,550",976,419,71,1.59,5.06,"32,800",355,"9,040","1,270",757,2.84,200,1.89
259,KG에코솔루션,"6,290",상승,90,+1.45%,500,"44,891",279,"6,170","2,994","2,265",4.65,"200,318","6,200","6,180","62,134",-26.87,6.74,"6,300","5,083","32,544","2,142",3.70,3.55,"6,110","5,544","47,603","72,849","1,353",0.19,120,0.38
260,매일유업,"37,950",상승,150,+0.40%,500,"1,441",55,"37,800","2,977",703,7.41,"11,246","37,850","38,200","10,263",-2.62,8.16,"38,900",201,"4,510",455,12.69,4.56,"37,600",83,"7,844","18,114","5,120",0.48,"1,250",1.60
261,비보존 제약,"5,930",상승,80,+1.37%,"2,500","22,056",131,"5,880","2,971",29,-22.72,"273,928","5,980","5,890","1,844",10.36,-9.48,"6,020","5,077",780,-100,0.93,-5.58,"5,850","6,901","50,105",876,-261,2.88,N/A,22.83
262,나우로보틱스,"23,350",상승,800,+3.55%,500,"204,420","4,697","22,850","2,930",-29,-53.07,"596,821","22,100","23,000",163,47.80,-285.18,"23,700","11,342",105,-37,0.17,-26.63,"22,100","12,293","12,548",121,-440,40.35,0,15.89
263,클리오,"16,210",하락,220,-1.34%,500,"27,128",439,"16,130","2,929",246,14.33,"161,139","16,240","16,140","2,954",-27.23,12.43,"16,370","2,392",615,272,4.79,9.45,"16,060","1,388","18,071","3,514","1,131",1.23,400,6.29
264,오픈엣지테크놀로지,"13,250",상승,30,+0.23%,100,"31,502",423,"13,340","2,915",-246,-11.89,"131,906","13,560","13,350",867,-55.15,-67.14,"13,600","2,447",260,-273,6.48,-41.54,"13,180",282,"22,003",153,"-1,114",6.40,0,-21.77
265,마녀공장,"17,740",하락,230,-1.28%,100,"28,693",506,"17,630","2,906",186,17.94,"104,227","17,620","17,670","1,295",16.99,15.53,"17,810","3,942",157,164,0.51,13.93,"17,590",593,"16,378","1,279",989,2.49,N/A,21.83
266,폴라리스오피스,"5,830",상승,110,+1.92%,500,"206,425","1,212","5,820","2,899",48,45.91,"631,737","5,900","5,830","5,198",-23.14,9.19,"5,970","19,637",857,186,1.22,4.45,"5,760","9,348","49,725","2,763",127,3.22,N/A,156.07
267,브이엠,"12,040",하락,290,-2.35%,100,"15,311",184,"12,000","2,899",-86,293.66,"88,627","12,120","12,030","1,657",21.56,-2.80,"12,310",374,414,-35,3.41,-2.18,"11,970","2,490","24,076",703,41,2.25,N/A,170.21
268,흥구석유,"19,130",상승,"3,170",+19.86%,100,"3,249,633","62,881","19,080","2,870",-3,434.77,"6,455,992","19,330","19,090",929,-425.10,0.79,"20,000","16,578",140,6,0.00,0.67,"18,560","6,511","15,000","1,169",44,3.54,30,-7.77
269,에스바이오메딕스,"24,100",상승,"2,300",+10.55%,500,"385,750","9,220","24,050","2,858",-54,-39.51,"101,811","22,050","24,150",446,9.06,-70.89,"25,500","3,225",263,-58,1.59,-15.21,"22,000","15,565","11,860",137,-610,27.32,0,4.77
270,대화제약,"15,270",하락,190,-1.23%,500,"23,158",355,"15,250","2,843",67,162.45,"193,003","15,410","15,280","2,059",241.83,0.73,"15,600","2,231","1,295",8,0.03,0.39,"15,160","1,043","18,617","1,494",94,3.83,150,5.70
271,에스에이엠티,"2,835",하락,5,-0.18%,500,"44,380",125,"2,825","2,835",674,5.64,"317,660","2,830","2,830","8,330",25.83,13.46,"2,835","48,277","4,024",544,5.47,7.23,"2,810","12,908","99,995","28,895",503,0.65,200,34.70
272,티에프이,"24,900",하락,300,-1.19%,100,"8,845",219,"24,650","2,834",44,118.57,"57,148","24,700","24,700","1,267",-52.40,1.94,"25,050","3,052",483,15,1.74,1.33,"24,500",345,"11,381",736,210,3.38,N/A,-8.34
273,피아이이,"7,910",하락,380,-4.58%,100,"454,750","3,628","7,880","2,834",94,24.26,"4,655,250","8,060","7,890",980,136.17,22.56,"8,170","14,689",462,99,0.42,10.41,"7,820","7,558","35,826","1,240",326,4.21,N/A,44.51
274,KG이니시스,"10,230",상승,20,+0.20%,500,"76,617",785,"10,260","2,819",610,7.73,"453,922","10,190","10,290","18,664",-42.61,8.63,"10,360","2,085","11,128",447,7.36,2.50,"10,090","3,782","27,554","13,543","1,324",0.56,500,0.71
275,유진기업,"3,645",보합,0,0.00%,500,"49,174",178,"3,610","2,818",550,-4.46,"390,524","3,645","3,620","23,749",-34.86,-6.18,"3,655","16,533","13,482","-1,007",4.82,-4.32,"3,580","4,515","77,311","13,933",-817,0.28,170,-5.44
276,상아프론테크,"17,590",하락,150,-0.85%,500,"16,789",294,"17,430","2,812",58,54.80,"59,045","17,800","17,460","3,622",-34.70,3.13,"17,850","3,021","1,612",62,3.94,1.73,"17,400",991,"15,989","1,718",321,1.38,200,-6.45
277,아이스크림미디어,"21,300",상승,250,+1.19%,500,"20,837",436,"20,850","2,807",461,8.54,"154,321","21,000","20,950","2,229",35.41,23.29,"21,300","2,952",396,311,8.19,18.42,"20,450","5,883","13,177","1,522","2,493",1.62,738,23.67
278,인탑스,"16,260",하락,110,-0.67%,500,"5,457",88,"16,140","2,797",38,21.77,"70,155","16,530","16,170","9,007",-79.33,3.34,"16,530",989,"1,289",234,6.39,2.66,"15,900",763,"17,200","6,147",747,0.39,200,6.46
279,HLB이노베이션,"1,935",하락,80,-3.97%,500,"94,652",185,"1,957","2,792",-119,-15.48,"260,478","2,015","1,962","2,680",N/A,N/A,"2,015","8,472",160,-124,2.23,N/A,"1,934","7,653","144,304",254,-125,1.19,N/A,N/A
280,더즌,"3,905",상승,255,+6.99%,100,"9,095,309","35,530","3,990","2,789",100,24.25,"11,751,849","3,735","3,995","1,157",-6.08,28.06,"4,065","122,231",743,99,0.41,9.39,"3,700","95,512","71,413",627,161,4.18,0,48.96
281,프레스티지바이오로직스,"3,580",하락,90,-2.45%,500,"16,162",58,"3,585","2,772",-334,-7.58,"230,465","3,610","3,590","2,894",24.39,-34.26,"3,650","6,149","2,177",-294,41.47,-9.87,"3,570","2,735","77,418",22,-472,2.07,0,-37.32
282,오리엔탈정공,"6,080",상승,200,+3.40%,500,"118,894",713,"5,900","2,771",249,9.59,"484,496","5,900","5,920","2,157",94.84,26.45,"6,100","8,272","1,056",261,7.12,12.60,"5,820","8,866","45,574","2,073",634,2.46,100,31.60
283,필에너지,"12,890",하락,200,-1.53%,500,"16,306",210,"12,820","2,756",142,33.74,"131,579","13,010","12,850","2,121",-7.25,10.39,"13,080","26,404",691,134,1.86,5.79,"12,810",801,"21,378","2,854",382,2.01,67,45.08
284,아이티엠반도체,"12,070",하락,430,-3.44%,500,"8,407",102,"12,080","2,738",24,-51.14,"35,625","12,500","12,100","5,952",116.15,0.64,"12,500",578,"4,008",12,2.39,0.20,"11,980",294,"22,683","6,479",-236,1.38,N/A,11.61
285,슈어소프트테크,"5,200",하락,150,-2.80%,100,"152,509",792,"5,170","2,736",79,25.49,"1,027,687","5,250","5,180","1,624",-31.22,12.40,"5,290","40,797",563,101,0.81,6.29,"5,140","7,638","52,619",888,204,2.96,N/A,40.31
286,원익머트리얼즈,"21,650",하락,350,-1.59%,500,"26,863",584,"21,700","2,730",519,7.86,"223,865","22,000","21,750","5,833",110.29,6.84,"22,050","4,566","1,021",318,17.86,5.88,"21,550","1,685","12,608","3,107","2,755",0.56,350,-20.67
287,제이오,"8,500",하락,170,-1.96%,100,"21,569",184,"8,460","2,722",-55,-26.90,"138,791","8,630","8,490","2,226",-145.39,-5.67,"8,830","2,895",442,-89,2.49,-4.24,"8,430","2,602","32,018",829,-316,1.42,N/A,-27.62
288,디오,"18,120",하락,120,-0.66%,500,"6,292",114,"18,050","2,715",-407,-6.12,"61,879","17,950","18,080","3,433",-294.94,-20.74,"18,230",973,"1,392",-413,13.84,-11.62,"17,950","1,151","14,982","1,196","-2,963",1.24,0,-23.21
289,온코닉테라퓨틱스,"24,550",하락,150,-0.61%,500,"85,304","2,064","24,100","2,701",-48,-28.19,"702,704","24,100","24,200",609,-315.06,-44.55,"24,650","12,593",49,-81,2.28,-16.44,"23,650","5,382","11,002",148,-871,4.58,0,-29.53
290,샘씨엔에스,"4,625",하락,90,-1.91%,500,"13,486",63,"4,610","2,700",52,71.15,"91,415","4,680","4,620","2,222",278.57,2.70,"4,715","1,152",782,33,1.11,1.60,"4,595","3,497","58,388",533,65,1.82,N/A,72.35
291,인선이엔티,"5,775",하락,55,-0.94%,500,"36,693",210,"5,710","2,689",232,-11.50,"142,641","5,830","5,720","4,957",-10.18,-5.66,"5,830","7,093","1,731",-189,5.47,-3.62,"5,700","5,600","46,564","2,088",-502,0.80,N/A,-5.48
292,헥토파이낸셜,"28,400",상승,"4,950",+21.11%,500,"1,613,336","45,246","28,600","2,685",133,28.34,"800,175","25,550","28,650","4,516",5.75,6.90,"29,800","6,386","3,002",90,1.88,2.17,"25,500","5,485","9,453","1,593","1,002",1.63,350,4.07
293,에코마케팅,"8,520",하락,120,-1.39%,100,"20,790",178,"8,580","2,681",470,9.70,"58,501","8,620","8,600","4,038",-14.75,12.87,"8,670","2,281","1,213",362,11.44,9.64,"8,500","3,020","31,468","3,572",878,1.11,500,1.92
294,동방메디컬,"12,890",하락,170,-1.30%,500,"157,053","2,020","12,770","2,678",150,62.27,"1,111,026","13,010","12,780","1,504",-8.69,4.60,"13,030","10,436",696,31,4.14,2.34,"12,710","2,154","20,775","1,051",207,2.33,0,15.67
295,프로텍,"24,300",하락,250,-1.02%,500,"5,187",127,"24,250","2,673",134,9.87,"28,909","24,800","24,300","3,768",-22.89,7.35,"31,250",924,"1,467",-196,3.36,-2.28,"28,250","3,832","8,594","3,681","-1,908",0.62,313,0.40
296,네오위즈홀딩스,"31,050",상승,"2,650",+9.33%,500,"53,453","1,618","30,000","2,668",204,-16.27,"23,989","28,250","30,200","8,225",17.46,-3.65,"24,800","1,639",540,127,2.68,3.45,"24,150","1,213","11,000","1,703","2,462",0.72,400,9.11
297,뷰노,"19,050",상승,20,+0.11%,100,"8,617",164,"18,900","2,667",-125,-21.36,"151,085","19,080","18,970",502,20.58,-72.91,"19,320","1,820",195,-130,3.34,-35.80,"18,870",343,"14,002",259,-892,9.65,0,94.86
298,LS증권,"4,805",상승,10,+0.21%,"5,000","39,540",188,"4,780","2,666",218,24.52,"249,990","4,690","4,785","87,797",-34.30,1.84,"4,850","3,301","79,083",166,1.42,0.20,"4,690","2,376","55,481","16,537",196,0.31,100,25.07
299,석경에이티,"48,600",하락,500,-1.02%,500,"2,621",128,"48,700","2,651",20,45.76,"9,530","49,000","48,850",492,-42.34,11.43,"49,500",991,94,43,1.27,9.70,"48,500",403,"5,455",138,"1,062",6.35,N/A,13.28
300,웹케시,"19,440",상승,150,+0.78%,500,"195,915","3,774","19,240","2,651",139,33.75,"636,870","19,000","19,250","1,259",N/A,N/A,"19,690","1,070",236,72,2.65,N/A,"18,970","1,309","13,636",742,576,2.41,100,N/A
301,엣지파운드리,"3,375",하락,210,-5.86%,500,"417,556","1,423","3,410","2,643",-51,-160.71,"727,632","3,580","3,415","1,316",-4.87,-27.09,"3,580","28,610",547,-180,0.31,-15.27,"3,350","6,434","78,307",373,-21,2.26,0,0.70
302,이지홀딩스,"4,095",하락,5,-0.12%,500,"47,080",192,"4,080","2,642","1,234",19.41,"374,926","4,105","4,095","28,559",18.90,2.70,"4,105","19,913","16,493",351,4.83,1.30,"4,060","6,753","64,516","32,850",211,0.40,250,5.32
303,씨메스,"22,750",하락,400,-1.73%,500,"13,026",295,"22,450","2,641",-143,-16.23,"151,524","22,600","22,500",810,-43.04,-28.80,"22,950","5,915",67,-135,2.23,-25.68,"22,450",694,"11,608",69,"-1,402",3.81,N/A,-9.83
304,큐브엔터,"17,530",하락,200,-1.13%,500,"16,876",296,"17,470","2,630",166,19.50,"255,880","17,650","17,480","2,700",7.42,13.61,"17,720",759,"1,117",166,6.16,7.85,"17,360","1,806","15,002","2,183",899,1.54,N/A,53.43
305,셀비온,"20,500",상승,150,+0.74%,500,"35,862",746,"20,550","2,627",-71,-32.91,"333,832","20,600","20,600",344,-41.51,-39.20,"21,100","5,425",48,-73,6.39,-31.76,"20,400","4,086","12,816",23,-623,9.32,0,55.64
306,자람테크놀로지,"42,050",하락,200,-0.47%,500,"7,438",307,"41,100","2,606",4,-282.21,"39,923","41,050","41,350",784,117.07,5.09,"42,100","1,079",359,20,2.52,3.42,"41,000",627,"6,198",222,-149,6.38,N/A,90.74
307,슈프리마,"35,350",상승,100,+0.28%,500,"9,466",334,"35,050","2,565",233,7.45,"108,643","35,050","35,200","2,601",39.76,14.74,"35,550",681,235,325,20.15,13.58,"34,950","1,008","7,257","1,082","4,747",1.00,0,14.37
308,소룩스,"5,260",하락,120,-2.23%,500,"198,040","1,025","5,090","2,564",-66,-5.03,"839,419","5,180","5,130","1,173","-1,383.71",-58.22,"5,290","23,660",390,-410,0.16,-29.53,"5,080","6,258","48,740",507,"-1,046",2.87,0,-15.28
309,비덴트,"3,320",보합,0,0.00%,500,0,0,0,"2,563",-111,5.25,0,0,0,"7,408",-11.76,11.16,0,0,"1,026",672,1.43,9.67,0,0,"77,202",96,632,0.40,N/A,-3.82
310,제이에스링크,"9,490",보합,0,0.00%,500,"73,505",705,"9,630","2,560",-91,-13.22,"154,974","9,800","9,680",544,-109.85,-42.11,"9,800","2,542",294,-108,1.01,-23.19,"8,930","2,237","28,593","1,571","1,146",1.28,0,26.79
311,한솔아이원스,"8,930",하락,180,-1.98%,500,"31,343",283,"8,990","2,553",231,7.79,"257,164","9,160","9,040","2,319",180.71,18.60,"9,370","1,337",497,311,5.58,13.72,"22,300",801,"11,338",253,"-1,726",11.09,0,83.87
312,뉴로메카,"22,500",하락,400,-1.75%,500,"5,594",126,"22,400","2,551",-190,-13.04,"103,330","22,800","22,450",952,-28.26,-95.95,"22,800","2,989",844,-168,0.87,-17.55,"16,550",169,"15,281","5,167","3,002",0.73,530,-3.16
313,AP시스템,"16,690",하락,10,-0.06%,500,"5,934",99,"16,620","2,550",472,5.56,"95,017","16,700","16,670","5,998",-21.51,15.74,"16,750",780,"2,632",518,9.89,8.85,"9,450","16,144","26,978",159,-718,7.55,0,-27.52
314,바이오비쥬,"16,790",하락,700,-4.00%,500,"152,614","2,569","16,720","2,526",92,N/A,"591,877","17,190","16,740",378,N/A,N/A,"17,190","1,472",68,72,0.19,N/A,"16,500","4,280","15,044",296,N/A,N/A,100,15.88
315,엠아이텍,"7,800",상승,20,+0.26%,500,"8,418",65,"7,750","2,525",176,13.66,"182,633","7,780","7,770","1,185",24.96,18.13,"7,800","7,756",97,183,7.01,16.83,"7,730","2,617","32,366",538,571,2.27,0,N/A
316,와이씨켐,"24,950",하락,900,-3.48%,"1,000","18,886",474,"25,000","2,523",-82,-16.89,"285,932","25,350","25,050","1,163",-4.30,-30.46,"25,700","6,158",718,-160,1.54,-13.56,"24,850","1,384","10,111",703,"-1,477",5.32,N/A,12.90
317,디아이티,"13,330",하락,90,-0.67%,100,"13,018",174,"13,290","2,519",241,8.33,"81,524","13,260","13,330","2,409",178.68,14.50,"13,460","2,243",280,289,5.10,12.78,"13,050","2,121","18,900","1,167","1,601",1.16,380,8.96
318,인트로메딕,"5,850",보합,0,0.00%,100,0,0,0,"2,515",-15,-42.39,0,0,0,105,58.32,-101.85,0,0,48,-70,0.76,-49.54,0,0,"42,998",104,-138,41.17,0,4.09
319,미래나노텍,"8,100",하락,270,-3.23%,500,"38,083",311,"8,090","2,512",249,8.21,"151,138","8,440","8,170","5,976",81.41,8.51,"8,440","8,027","2,802",258,4.82,4.22,"8,010","4,917","31,010","6,223",987,0.80,50,-10.33
320,시너지이노베이션,"2,850",하락,35,-1.21%,500,"27,835",79,"2,850","2,511",161,61.96,"295,521","2,850","2,855","3,141",7.51,5.75,"2,880","16,019",790,181,12.63,6.05,"2,840","8,546","88,103",906,46,1.29,0,8.88
321,이스트소프트,"21,400",상승,650,+3.13%,500,"81,819","1,763","21,250","2,492",-135,-25.48,"151,281","21,500","21,300","1,991",-51.08,-16.62,"21,800","6,191","1,106",-146,1.70,-7.52,"21,150","6,649","11,647","1,025",-840,3.39,0,10.79
322,씨어스테크놀로지,"19,780",하락,70,-0.35%,500,"28,651",568,"19,660","2,490",-87,-35.58,"94,540","20,000","19,680",281,11.44,-60.13,"20,250",232,67,-89,4.05,-39.23,"19,590","3,181","12,591",81,-556,11.88,N/A,329.69
323,툴젠,"28,900",하락,600,-2.03%,500,"5,970",174,"28,950","2,480",-218,35.07,"59,387","29,450","29,150",755,-27.57,14.08,"29,550",632,170,62,1.03,7.38,"28,750",663,"8,583",9,824,4.59,0,-19.25
324,해성산업,"7,560",상승,10,+0.13%,500,"5,157",39,"7,500","2,461",714,-157.50,"172,816","7,550","7,550","25,920",-32.81,0.79,"7,640","2,043","12,440",-34,1.29,-0.13,"7,450",882,"32,557","22,204",-48,0.32,225,-3.81
325,이트론,271,보합,0,0.00%,200,0,0,0,"2,456",-56,24.64,0,0,0,"1,195",0.61,-2.85,0,0,235,-23,3.54,-1.90,0,0,"906,131",163,11,2.53,0,-45.05
326,티엑스알로보틱스,"15,840",하락,360,-2.22%,500,"40,330",641,"15,780","2,447",53,48.74,"254,311","16,100","15,800",732,46.50,14.93,"16,100","5,892",433,38,1.00,5.84,"15,760","7,504","15,451",572,325,3.53,N/A,118.19
327,동원개발,"2,685",하락,5,-0.19%,500,"39,777",106,"2,660","2,438",210,95.89,"222,362","2,675","2,665","13,783",-29.97,1.76,"2,735","2,873","3,320",183,2.99,1.30,"2,650","2,465","90,808","5,204",28,0.23,80,-29.35
328,골프존홀딩스,"5,690",상승,50,+0.89%,500,"49,991",282,"5,630","2,437",394,5.00,"221,854","5,640","5,650","10,503",-26.50,6.02,"5,710","5,898","3,037",436,3.32,4.18,"5,560","6,912","42,837","3,862","1,139",0.31,250,-8.94
329,중앙첨단소재,"2,390",하락,125,-4.97%,500,"586,704","1,402","2,380","2,433",-78,-3.47,"1,935,254","2,405","2,385","1,245","-13,814.06",-95.94,"2,435","37,015",278,-768,5.91,-60.25,"2,340","19,776","101,802",187,-688,2.54,0,-28.92
330,GRT,"2,995",하락,40,-1.32%,0,"56,535",169,"2,970","2,421","1,470",3.07,"318,098","3,000","2,975","16,913",86.68,12.05,"3,025","28,183","7,628","1,105",79.90,6.96,"2,965","11,256","80,850","8,424",974,0.27,2,9.73
331,원일티엔아이,"28,850",상승,"1,200",+4.34%,500,"114,589","3,289","28,450","2,418",64,N/A,"718,801","28,800","28,500",730,122.86,24.45,"29,350","9,950",369,79,0.22,11.67,"28,200","6,950","8,381",422,N/A,N/A,0,0.74
332,더블유씨피,"7,140",하락,240,-3.25%,500,"68,812",494,"7,120","2,416",-709,-2.21,"512,880","7,260","7,140","18,102",-252.91,-7.33,"7,310","14,619","8,415",-722,4.84,-4.56,"7,110","1,633","33,843","3,221","-3,229",0.25,N/A,5.60
333,리파인,"13,930",상승,70,+0.51%,100,"6,617",92,"13,870","2,414",205,13.30,"105,563","14,000","13,880","1,816",-9.08,12.53,"14,120","1,647",112,206,3.54,11.63,"13,790","2,300","17,330",678,"1,047",1.19,N/A,2.05
334,우양에이치씨,"16,550",상승,840,+5.35%,500,"35,014",571,"16,150","2,408",311,17.46,"188,306","16,100","16,220","2,609",23.02,17.19,"16,600",314,878,274,0.55,10.63,"15,870","2,578","14,548","1,832",948,1.30,N/A,-8.40
335,진성티이씨,"10,700",상승,140,+1.33%,500,"93,882",994,"10,560","2,406",244,10.66,"404,150","10,530","10,570","4,554",-38.26,8.48,"10,770","5,609","1,931",210,7.59,4.89,"10,370","6,626","22,482","3,905","1,004",0.81,200,-19.50
336,쓰리빌리언,"7,570",상승,50,+0.66%,100,"365,494","2,757","7,480","2,401",-74,-32.91,"1,618,366","7,640","7,490",302,11.17,-32.81,"7,710","29,408",19,-66,6.66,-24.76,"7,430","3,538","31,722",58,-230,8.99,N/A,111.41
337,JTC,"4,620",상승,125,+2.78%,0,"134,419",623,"4,580","2,391",476,3.08,"213,635","4,650","4,590","3,584",117.12,57.43,"4,700","6,331","1,752",772,10.33,24.80,"4,580","7,239","51,746","3,086","1,501",1.31,N/A,105.76
338,매커스,"14,790",하락,130,-0.87%,500,"19,148",285,"14,700","2,391",269,10.34,"113,343","14,920","14,790","4,092",2.04,18.59,"15,220",394,"2,958",202,18.27,5.76,"14,600",322,"16,163","1,996","1,431",1.17,200,13.78
339,엑스게이트,"8,370",하락,200,-2.33%,100,"75,931",632,"8,290","2,389",35,82.87,"593,033","8,330","8,310",671,-15.05,9.43,"8,420","15,906",227,40,0.53,6.83,"8,250","3,521","28,543",432,101,5.49,N/A,0.92
340,펨트론,"11,220",하락,70,-0.62%,500,"42,580",478,"11,160","2,389",-36,-74.80,"239,086","11,100","11,210",717,-144.94,-6.32,"11,720","4,371",436,-19,7.05,-2.61,"10,800","4,387","21,288",570,-150,9.26,N/A,-22.67
341,잉글우드랩,"11,990",상승,170,+1.44%,0,"94,739","1,110","11,650","2,382",188,14.66,"480,253","11,570","11,680","1,997",-34.86,15.17,"11,990","5,113",558,196,10.70,10.51,"11,540","11,415","19,868","1,822",818,1.65,103,-11.88
342,KH바텍,"10,030",하락,90,-0.89%,500,"16,871",170,"10,020","2,375",219,10.36,"123,898","9,960","10,040","3,871",-34.96,8.33,"10,160","2,383","1,248",213,8.06,5.84,"1,347","6,686","171,049",804,-312,1.44,N/A,-45.41
343,위지윅스튜디오,"1,386",상승,26,+1.91%,500,"393,190",541,"1,355","2,371",-118,-4.44,"2,031,843","1,397","1,364","2,935",41.74,-28.05,"1,399","14,574","1,199",-603,5.24,-19.10,"9,960","1,128","23,677","3,110",968,0.84,330,-14.46
344,뉴파워프라즈마,"5,400",상승,130,+2.47%,100,"51,985",278,"5,310","2,359",325,11.87,"227,580","5,350","5,320","9,415",102.30,7.43,"5,410","6,830","5,465",232,4.32,2.87,"5,260","13,315","43,693","5,198",455,0.79,50,48.24
345,로보스타,"24,100",하락,150,-0.62%,500,"15,098",363,"23,950","2,350",1,-892.59,"145,198","24,100","24,000","1,126",-86.92,2.44,"24,250","4,304",206,22,2.68,1.94,"23,550","4,265","9,750",891,-27,2.61,N/A,-13.19
346,파멥신,"2,915",보합,0,0.00%,500,0,0,0,"2,338",-77,-44.85,0,0,0,543,36.27,-15.32,0,0,66,-49,0.00,-12.16,0,0,"80,201",39,-65,4.90,N/A,"5,083.24"
347,토비스,"14,550",하락,70,-0.48%,500,"15,429",225,"14,560","2,338",584,4.28,"113,301","14,530","14,590","5,281",127.52,26.76,"14,710","4,596","2,636",613,12.14,12.06,"14,530",923,"16,067","6,238","3,400",0.91,300,39.43
348,제테마,"6,510",하락,140,-2.11%,500,"48,919",317,"6,460","2,334",41,-95.74,"399,743","6,740","6,470","2,227",56.09,-0.26,"6,740","16,881","1,513",-26,1.08,-1.13,"6,440","4,958","35,859",685,-68,3.39,0,16.70
349,에치에프알,"17,460",하락,70,-0.40%,500,"5,529",96,"17,320","2,324",-202,-21.64,"67,386","17,530","17,330","2,711",-140.39,-11.34,"17,590","1,538","1,123",-185,5.94,-6.86,"17,230",75,"13,309","1,571",-807,1.47,600,22.56
350,네오팜,"14,490",하락,50,-0.34%,500,"8,076",117,"14,440","2,322",247,9.64,"86,736","14,540","14,500","1,924",-2.58,13.69,"14,600","1,160",156,231,14.34,12.47,"14,330","1,473","16,028","1,190","1,503",1.30,N/A,-4.32
351,유니테스트,"10,940",하락,260,-2.32%,500,"22,524",248,"10,980","2,312",-234,-9.72,"190,272","11,000","10,990","1,850",-428.15,-19.88,"11,180","5,166",680,-273,6.84,-14.28,"10,920",747,"21,134",924,"-1,125",1.95,N/A,-44.90
352,한국캐피탈,732,상승,2,+0.27%,500,"57,466",42,724,"2,310",969,2.86,"640,981",730,725,"44,603",17.93,12.62,733,"32,769","37,866",811,0.40,1.94,"17,150","3,508","13,097",349,100,3.70,71,-0.72
353,휴림로봇,"2,085",하락,30,-1.42%,500,"487,325","1,020","2,080","2,298",-49,-104.25,"3,262,269","2,115","2,085","3,349",-165.20,-5.59,"18,010","2,488",66,31,1.42,5.38,720,"3,226","315,610","4,626",256,0.33,30,21.08
354,와이즈넛,"17,510",하락,290,-1.63%,500,"146,321","2,566","17,190","2,293",17,175.10,"835,148","18,010","17,210",580,-50.74,6.10,"2,115","173,332","1,225",-94,1.86,-4.16,"2,070","106,072","110,238","1,331",-20,1.87,N/A,61.01
355,파이버프로,"6,970",하락,50,-0.71%,100,"126,236",884,"6,870","2,290",72,31.40,"696,668","7,190","6,890",499,175.42,20.26,"7,190","11,345",113,72,2.32,15.80,"6,860","2,899","32,854",329,222,6.03,66,69.93
356,컴투스홀딩스,"34,400",상승,900,+2.69%,500,"12,279",424,"34,050","2,269",-506,-5.14,"82,468","34,900","34,100","5,420","-1,408.36",-13.72,"34,900",828,"3,305",-425,4.01,-7.47,"34,400","1,652","6,595","1,493","-6,695",0.95,N/A,-2.49
357,비츠로테크,"8,640",상승,430,+5.24%,500,"300,414","2,616","8,610","2,264",511,27.69,"454,704","8,610","8,620","5,905",77.36,3.72,"8,860","9,657","1,679",415,4.88,7.56,"8,510","3,434","26,200","4,283",312,0.98,50,21.38
358,에이디테크놀로지,"16,840",하락,500,-2.88%,500,"32,283",544,"16,830","2,263",-170,-13.56,"160,860","17,000","16,890","2,449",2.61,-10.24,"17,150","2,221","1,133",-152,2.15,-5.68,"11,650",982,"18,900","2,516",529,2.81,250,40.86
359,모두투어,"11,960",상승,20,+0.17%,500,"23,408",277,"11,780","2,260",47,22.61,"168,278","11,930","11,850","2,349",-59.75,15.33,"11,960","2,258","1,638",108,13.70,4.06,"15,900",720,"13,441","1,065","-1,242",1.68,N/A,6.36
360,아스트,569,하락,1,-0.18%,500,"272,012",154,563,"2,248",-64,19.62,"1,849,806",569,564,"5,620",82.42,-10.50,570,"264,002","2,659",-171,1.35,-3.32,563,"58,486","395,158","1,714",29,0.72,0,1.72
361,KG모빌리언스,"5,910",하락,60,-1.01%,500,"1,234,653","7,281","6,000","2,246",74,33.20,"5,170,862","5,730","6,010","5,385",-77.48,2.84,"6,050","17,906","1,915",82,4.01,1.54,"5,730","52,430","38,011","2,661",178,0.63,220,-4.82
362,피에이치에이,"10,680",하락,70,-0.65%,500,"4,202",45,"10,640","2,243",515,3.90,"43,977","10,740","10,650","10,696",6.60,8.14,"10,770","2,627","2,694",619,12.42,6.03,"10,600",354,"21,000","11,529","2,739",0.26,350,1.61
363,네패스,"9,690",하락,180,-1.82%,500,"41,005",398,"9,620","2,234",34,-5.58,"171,917","9,970","9,650","7,101",-66.22,-48.21,"4,550","8,940","2,009",197,1.22,4.40,"9,200","7,455","23,651",259,N/A,N/A,0,-5.15
364,케이티알파,"4,545",상승,45,+1.00%,"1,000","16,600",75,"4,490","2,228",246,10.01,"81,515","4,500","4,505","4,621",156.07,7.78,"9,970","2,813","5,029",-794,7.87,-9.49,"4,460","3,453","49,019","3,882",454,0.82,N/A,-1.17
365,로킷헬스케어,"14,420",상승,240,+1.69%,500,"334,591","4,847","14,520","2,223",-56,-24.32,"1,231,872","14,120","14,530",113,24.48,9.83,"14,750","3,374",884,-77,0.00,-77.65,"9,590",734,"23,059","4,643","-1,736",2.04,N/A,-0.99
366,지씨지놈,"9,400",하락,420,-4.28%,500,"720,354","6,775","9,230","2,223",-12,N/A,"3,162,294","9,570","9,250",406,-870.57,-4.33,"9,730","30,083",75,-13,0.04,-3.01,"11,410","1,581","19,093",23,-937,9.02,0,-18.67
367,앱클론,"11,640",하락,360,-3.00%,500,"45,475",532,"11,500","2,222",-156,-12.42,"233,101","11,710","11,570",482,-33.87,-57.57,"12,000","5,006",188,-163,8.49,-34.83,"14,110","3,829","15,418",131,-593,-2.33,0,5.59
368,SG,"2,250",상승,20,+0.90%,100,"104,401",234,"2,230","2,218",-61,-9.04,"834,483","2,220","2,240","2,328",54.95,-50.91,"2,265","33,233","1,461",-362,1.43,-17.22,"2,195","38,970","98,559","1,189",-249,2.06,0,46.98
369,한중엔시에스,"24,400",하락,150,-0.61%,500,"17,120",413,"24,200","2,210",96,11.98,"190,643","24,300","24,300","1,668",175.55,36.13,"24,450","3,985",864,154,2.07,10.61,"3,965","15,010","53,398","1,972",-191,2.59,0,60.28
370,나이스정보통신,"22,050",상승,300,+1.38%,500,"2,780",61,"21,800","2,205",399,6.19,"29,909","21,450","21,900","11,226",8.55,11.22,"22,150","1,704","7,367",377,23.57,3.23,"23,800","1,796","9,058","1,773","2,036",2.70,N/A,45.83
371,박셀바이오,"9,470",하락,190,-1.97%,500,"23,872",226,"9,410","2,202",-150,-20.19,"129,161","9,600","9,420",769,-30.68,-13.67,"9,600","1,869",49,-106,4.47,-13.12,"21,450",441,"10,000","9,751","3,562",0.55,810,9.37
372,애니플러스,"4,495",상승,175,+4.05%,100,"485,207","2,129","4,350","2,202",251,11.35,"920,101","4,305","4,355","2,556",9.96,15.20,"4,505","7,526","1,317",180,9.74,7.92,"9,360","1,743","23,257",19,-469,3.07,0,"13,737.28"
373,나인테크,"4,120",상승,45,+1.10%,100,"904,848","3,686","4,050","2,200",46,-21.57,"5,020,786","4,075","4,060","1,860",249.45,-7.26,"4,160","30,809","1,019",-54,4.51,-2.41,"4,205","13,031","48,986","1,310",396,1.71,0,17.63
374,아나패스,"18,100",하락,350,-1.90%,500,"8,360",152,"18,060","2,194",200,11.38,"34,544","18,400","18,070","1,176",348.44,29.88,"18,400","3,873",449,189,4.35,16.47,"18,030","1,338","12,123","1,822","1,590",2.87,N/A,154.96
375,모트렉스,"8,800",하락,150,-1.68%,500,"21,780",193,"8,750","2,188",436,12.83,"193,823","8,960","8,770","9,318",-18.01,8.22,"8,960","3,313","6,600",193,3.48,2.64,"8,730","2,670","24,862","5,869",686,0.90,162,10.52
376,디앤씨미디어,"17,430",하락,140,-0.80%,500,"13,796",239,"17,210","2,183",103,20.08,"91,971","17,460","17,230","1,153",194.82,13.25,"17,470","1,631",272,108,1.61,10.09,"17,030","1,395","12,524",835,868,2.40,N/A,38.33
377,풍원정밀,"10,370",하락,230,-2.17%,500,"1,757",18,"10,350","2,182",-182,-7.22,"19,892","10,520","10,430",963,16.80,-70.74,"10,530",774,689,-301,0.40,-30.26,"10,310",790,"21,040",493,"-1,436",10.15,0,14.42
378,와이지-원,"6,490",상승,130,+2.04%,500,"106,783",686,"6,440","2,179",558,17.98,"548,956","6,360","6,450","10,762",2.07,4.47,"6,490","21,860","6,726",170,19.08,1.67,"6,300","17,852","33,574","5,750",361,0.60,160,3.94
379,아이씨티케이,"16,190",상승,90,+0.56%,500,"163,362","2,612","16,100","2,173",-67,-32.44,"858,443","15,840","16,130",458,N/A,N/A,"16,260","2,133",28,-58,0.62,N/A,"15,640","3,085","13,421",67,-499,5.25,0,N/A
380,씨에스베어링,"7,960",하락,100,-1.24%,500,"72,899",576,"7,870","2,171",21,37.55,"683,987","7,940","7,880","1,480","3,596.39",2.80,"8,020","7,757",542,25,0.63,1.68,"7,820","8,226","27,270","1,054",212,2.30,N/A,37.60
381,제넥신,"4,745",하락,155,-3.16%,500,"21,968",105,"4,740","2,161",-372,-2.91,"124,595","4,900","4,745","3,450",9.69,-22.82,"4,915","5,080",834,-637,3.95,-17.66,0,0,"24,580",37,-273,64.24,N/A,80.83
382,푸른소나무,"8,790",보합,0,0.00%,500,0,0,0,"2,161",-15,-32.20,0,0,0,116,85.36,-417.81,0,0,89,-77,0.00,-72.26,"12,010","1,208","17,682",49,-808,7.73,N/A,20.29
383,에스오에스랩,"12,210",하락,70,-0.57%,100,"86,133","1,053","12,040","2,159",-128,-15.11,"664,360","12,450","12,100",391,-54.09,-46.12,"12,450","3,378",71,-120,2.87,-36.84,"4,715","2,474","45,540",29,"-1,633",0.89,N/A,-33.75
384,하이비젼시스템,"14,440",하락,340,-2.30%,500,"22,522",326,"14,410","2,158",310,6.68,"78,849","14,760","14,460","3,657",-47.30,15.91,"14,760","2,426",761,404,13.69,11.14,"14,380","1,242","14,942","3,120","2,163",0.68,400,-10.41
385,윤성에프앤씨,"26,900",하락,700,-2.54%,100,"6,358",172,"26,800","2,146",319,8.69,"43,336","27,600","26,900","3,009",20.55,20.70,"27,600","1,089","1,036",371,2.02,11.47,"26,700",832,"7,979","2,713","3,097",1.09,200,-13.28
386,멀티캠퍼스,"36,150",하락,50,-0.14%,500,"2,776",99,"35,700","2,143",389,7.27,"8,995","35,850","35,750","3,207",-3.37,15.16,"36,150",645,997,315,7.71,9.97,"35,400",465,"5,927","3,527","4,970",1.03,"2,100",-1.63
387,제일일렉트릭,"9,620",상승,200,+2.12%,500,"93,478",894,"9,550","2,138",89,20.60,"216,174","9,400","9,580","2,193",N/A,N/A,"9,710","2,489",648,104,1.32,N/A,"9,360","5,368","22,220","1,863",467,1.40,100,N/A
388,인터로조,"16,170",하락,30,-0.19%,500,"4,714",76,"16,250","2,137",58,-99.20,"58,968","16,200","16,320","2,344",12.02,0.11,"16,320","1,813",645,2,8.88,0.07,"16,100","1,513","13,216","1,158",-163,1.21,300,-2.90
389,대양전기공업,"22,250",상승,200,+0.91%,500,"12,138",268,"21,650","2,129",157,9.83,"78,439","22,000","21,800","3,086",320.05,8.32,"22,500","1,091",633,196,5.93,6.46,"21,650","1,554","9,567","1,963","2,263",0.82,100,27.17
390,유비케어,"4,065",하락,35,-0.85%,500,"57,506",233,"4,035","2,122",52,184.77,"245,959","4,060","4,045","1,601",47.12,-1.55,"4,110","21,816",523,-16,2.06,-0.99,"4,010","5,897","52,197","1,906",22,2.05,30,23.73
391,세경하이테크,"5,900",하락,120,-1.99%,500,"44,194",264,"5,920","2,116",315,7.27,"497,515","6,050","5,930","3,450",-12.96,18.47,"6,200","3,188",962,413,8.05,12.72,"5,880","8,641","35,860","3,203",812,1.16,100,5.21
392,티로보틱스,"11,240",하락,310,-2.68%,500,"96,112","1,085","11,210","2,111",-70,-63.86,"526,641","11,340","11,230","1,070",14.71,-1.78,"11,450","9,977",755,-8,0.90,-0.66,"11,170","6,628","18,782",607,-176,6.03,0,-9.01
393,한국알콜,"9,730",보합,0,0.00%,500,"9,976",97,"9,710","2,102",274,7.87,"164,474","9,660","9,790","6,549",25.38,4.96,"9,850","3,106",930,304,2.85,4.64,"9,660","6,454","21,606","4,210","1,237",0.39,110,-3.94
394,동신건설,"24,950",하락,750,-2.92%,500,"32,437",806,"24,500","2,096",6,140.96,"94,712","24,850","24,550","1,126",-90.76,3.07,"25,500","2,848",139,30,1.30,2.60,"24,500","1,775","8,400",690,177,2.18,250,-16.65
395,아톤,"8,450",상승,50,+0.60%,100,"214,558","1,815","8,470","2,096",144,14.82,"18,812,113","8,480","8,480","1,389",26.50,12.78,"8,480","12,603",490,110,3.96,7.78,"8,450","10,141","24,799",654,570,2.02,50,18.89
396,서호전기,"40,650",상승,900,+2.26%,500,"10,078",400,"40,250","2,093",16,13.67,"83,078","38,500","40,300","1,020",-87.32,12.69,"40,800",614,126,115,5.10,11.15,"38,450",262,"5,150",465,"2,974",2.11,"2,500",-29.78
397,뷰웍스,"21,450",하락,100,-0.46%,500,"2,397",51,"21,350","2,091",223,13.76,"34,579","21,550","21,400","3,229",19.19,9.41,"21,700","4,093",861,211,32.84,6.85,"21,300","1,600","9,750","2,229","1,559",0.84,600,1.20
398,아미코젠,"3,800",하락,15,-0.39%,500,"82,166",309,"3,750","2,091",-71,-3.95,"352,343","3,760","3,760","2,942",-442.93,-35.39,"5,780","16,125",884,-11,4.21,-0.15,"5,490","7,459","37,728","1,125",-259,0.32,N/A,-67.74
399,엑세스바이오,"5,540",하락,250,-4.32%,0,"152,588",857,"5,560","2,090",-42,-21.39,"763,439","5,750","5,570","7,409",-119.59,-0.06,"3,815","12,347","1,711",-509,6.85,-13.37,"3,740","4,739","55,018","1,736",-963,1.77,N/A,8.57
400,우진엔텍,"22,400",상승,250,+1.13%,500,"145,414","3,290","22,500","2,077",53,44.44,"333,963","22,650","22,550",517,-9.74,13.35,"23,050","7,236",43,54,0.19,11.86,"22,150","6,243","9,271",440,504,4.51,200,8.05
401,폴라리스AI,"2,850",상승,60,+2.15%,500,"345,151",983,"2,825","2,072",-13,54.81,"976,015","2,855","2,830","1,160",-189.87,1.32,"2,890","49,846",203,11,0.99,1.05,"2,810","26,780","72,696",531,52,2.12,0,-10.71
402,압타바이오,"7,690",상승,90,+1.18%,500,"6,071",46,"7,530","2,067",-189,-6.90,"63,169","7,610","7,570",774,-15.15,-50.84,"7,690","3,262",232,-294,1.57,-34.57,"7,450","1,094","26,881",34,"-1,115",4.00,N/A,937.76
403,DSC인베스트먼트,"7,650",상승,330,+4.51%,500,"707,699","5,351","7,490","2,066",150,28.54,"1,339,653","7,450","7,500","1,578",-14.77,9.98,"7,700","12,413",435,106,2.54,7.09,"7,210","2,908","27,000",386,268,1.80,40,15.08
404,디지털대성,"7,460",하락,30,-0.40%,500,713,5,"7,450","2,065",237,12.80,"16,857","7,440","7,500","3,380",-5.28,10.45,"7,530","1,614","1,769",161,3.05,5.49,"7,440","2,916","27,675","2,177",583,1.61,500,2.92
405,지투파워,"10,960",상승,140,+1.29%,500,"603,651","6,678","11,010","2,051",37,61.23,"1,609,882","11,250","11,020",641,488.22,12.22,"11,250","20,938",274,42,0.00,7.03,"10,790","7,075","18,709",554,179,5.59,N/A,12.16
406,레드캡투어,"12,210",상승,70,+0.58%,500,"12,706",154,"12,100","2,042",436,8.47,"79,562","12,140","12,160","6,972",12.37,9.64,"12,250","2,705","4,816",202,9.49,2.81,"12,030","2,297","16,721","3,589","1,442",1.06,"2,150",6.12
407,텔레칩스,"13,470",하락,260,-1.89%,500,"38,710",522,"13,450","2,040",49,-5.69,"60,353","13,590","13,460","3,779",-70.95,-17.22,"13,720","1,083","1,761",-386,1.54,-10.25,"13,380","5,093","15,144","1,866","-2,369",1.01,60,-2.34
408,포바이포,"18,240",상승,180,+1.00%,500,"231,892","4,212","18,080","2,037",-139,-20.15,"760,999","18,060","18,110",590,14.56,-32.55,"3,580","1,625","4,598",-230,29.05,-2.88,"3,480","2,523","58,083","4,509",-518,0.61,N/A,8.16
409,삼양엔씨켐,"18,740",하락,140,-0.74%,500,"22,186",413,"18,690","2,036",107,20.26,"229,573","18,570","18,740","1,283",45.87,11.32,"18,560","2,345",285,-123,0.54,-19.52,"17,560","10,955","11,170",333,-905,7.48,0,-1.41
410,케이프,"6,580",상승,90,+1.39%,500,"51,233",334,"6,510","2,033",390,22.46,"177,193","6,420","6,520","24,047",-4.79,7.47,"18,880","4,160",446,90,4.62,6.91,"18,500","1,337","10,866","1,105",925,1.89,N/A,12.08
411,안트로젠,"20,300",하락,200,-0.98%,500,"2,554",52,"20,450","2,031",-37,-81.85,"25,893","20,000","20,650","1,161",26.09,-1.91,"6,620","1,683","21,452",183,2.80,0.79,"6,200","7,025","30,902","5,165",293,0.89,300,-12.56
412,미래반도체,"14,060",하락,570,-3.90%,100,"10,221",145,"14,130","2,030",102,25.02,"62,191","14,210","14,150","1,333",8.79,7.29,"20,800","1,582",59,-23,4.46,-1.73,"20,000",710,"10,006",69,-248,2.15,N/A,6.66
413,동국산업,"3,740",하락,95,-2.48%,"1,000","28,745",108,"3,745","2,029",120,-36.31,"77,822","3,820","3,760","9,428",144.20,-1.63,"14,280","2,134",474,60,0.77,4.28,"14,060",695,"14,438","4,876",562,2.25,N/A,28.15
414,LB세미콘,"3,480",하락,100,-2.79%,500,"16,454",58,"3,500","2,021",-188,-6.72,"121,270","3,575","3,525","8,060",-48.16,-9.19,"3,820","4,992","4,545",-296,5.35,-3.23,"3,725","3,088","54,244","7,903",-103,0.50,130,4.40
415,로체시스템즈,"13,210",하락,270,-2.00%,500,"10,140",134,"13,100","2,021",198,14.37,"66,646","13,480","13,110","1,575",65.83,10.36,"13,480","1,620",352,121,42.89,8.23,"13,090","1,249","15,297","1,601",919,1.57,50,52.07
416,쇼박스,"3,215",상승,60,+1.90%,500,"42,134",134,"3,190","2,014",245,34.20,"589,247","3,175","3,190","1,540",186.67,23.14,"3,215","8,198",219,274,2.93,19.17,"3,145","2,146","62,638",931,94,1.65,150,131.81
417,어보브반도체,"11,280",하락,330,-2.84%,500,"60,762",685,"11,220","2,006",-51,29.00,"212,016","11,340","11,260","2,930",65.17,2.44,"11,400","4,909","1,385",-181,4.30,-6.23,"11,150","1,551","17,781","2,321",389,1.61,150,-0.14
418,에브리봇,"16,140",하락,180,-1.10%,500,"7,933",128,"16,040","1,979",-22,"2,017.50","114,627","16,090","16,070","1,177",N/A,N/A,"16,240","2,275",508,3,0.00,N/A,"16,040",456,"12,262",298,8,3.03,N/A,N/A
419,오로스테크놀로지,"21,100",하락,900,-4.09%,500,"14,167",301,"21,400","1,976",61,18.16,"60,855","21,800","21,550",944,156.71,9.05,"21,850","2,054",262,59,1.09,7.01,"14,220",766,"13,677","33,179","-3,341",0.37,200,-3.10
420,그래디언트,"14,420",상승,40,+0.28%,"2,500","3,733",54,"14,230","1,972",-55,-4.32,"28,956","14,390","14,380","17,380",-289.46,-7.70,"14,460",835,"9,559",-260,4.02,-1.43,0,0,"218,949",645,-22,0.86,0,-1.07
421,이화전기,899,보합,0,0.00%,200,0,0,0,"1,968",17,-40.86,0,0,0,"2,799",-51.38,-5.83,0,0,523,-137,0.88,-4.69,"13,010","1,316","15,082",586,409,1.76,N/A,18.61
422,AP위성,"13,050",하락,140,-1.06%,500,"20,593",270,"13,010","1,968",73,31.91,"118,125","13,150","13,070","1,352",-27.51,10.41,"13,300","2,813",299,104,0.55,7.46,"21,000",923,"9,367",614,"1,162",2.84,N/A,34.88
423,금화피에스시,"32,700",상승,"1,000",+3.15%,500,"24,797",804,"32,500","1,962",362,5.43,"49,949","32,150","32,600","4,618",-16.71,11.59,"32,850","1,889","1,009",400,19.99,8.98,"31,650","4,674","6,000","3,402","6,021",0.54,"1,400",0.78
424,퀄리타스반도체,"13,980",하락,400,-2.78%,500,"22,720",319,"13,980","1,959",-227,-9.99,"142,092","14,100","14,000",640,-102.87,-48.62,"14,220","2,547",134,-191,0.00,-36.39,"13,930","1,578","14,011",61,"-1,399",4.26,N/A,-43.62
425,티엘비,"19,920",하락,380,-1.87%,500,"47,180",939,"19,920","1,959",34,45.58,"269,473","19,950","19,970","1,884",10.28,3.25,"20,050","2,047",763,36,3.80,1.99,"19,710","3,350","9,833","1,800",437,1.75,200,5.08
426,나무가,"13,300",하락,30,-0.23%,500,"3,311",44,"13,160","1,953",209,8.29,"31,850","13,400","13,240","2,644",-7.82,16.64,"13,400",645,975,261,2.99,11.11,"13,120",866,"14,685","4,504","1,604",1.17,650,23.18
427,오가노이드사이언스,"29,750",하락,950,-3.09%,500,"105,132","3,196","29,950","1,948",-122,-13.94,"403,906","31,550","30,000",259,-24.91,36.26,"31,650","9,117",106,-115,0.95,-39.34,"29,600","2,499","6,546",20,"-2,134",10.24,0,22.77
428,헥토이노베이션,"14,820",상승,480,+3.35%,500,"332,018","4,927","14,710","1,945",489,6.83,"127,703","14,880","14,730","6,922",28.48,14.63,"15,070","3,838","3,624",348,10.37,5.46,"14,560","4,814","13,125","3,195","2,169",0.96,490,10.74
429,이크레더블,"16,140",상승,20,+0.12%,500,"4,480",72,"16,000","1,944",150,14.90,"25,763","16,010","16,050",594,18.68,27.34,"16,150","3,059",104,129,9.36,22.74,"15,910",594,"12,044",451,"1,083",6.39,"1,590",9.70
430,휴마시스,"1,497",하락,58,-3.73%,100,"1,098,271","1,652","1,494","1,937",-106,-5.74,"5,964,595","1,540","1,495","3,319",79.83,-11.79,"1,540","87,874",828,-356,5.40,-10.47,"1,491","276,252","129,375",254,-261,0.74,N/A,83.79
431,대원산업,"9,630",하락,10,-0.10%,500,"25,734",246,"9,530","1,930",750,2.17,"61,256","9,610","9,560","7,117",58.72,15.16,"9,640","4,247","1,993",726,13.00,11.38,"9,450","6,519","20,038","9,315","4,430",0.36,200,19.78
432,노바텍,"18,170",상승,210,+1.17%,500,"21,381",387,"18,160","1,922",126,12.89,"122,235","17,850","18,200","1,834",-50.75,10.80,"9,930","3,667",73,23,2.24,1.97,"9,530","6,834","19,791",389,123,1.46,0,-14.83
433,이니텍,"9,690",상승,100,+1.04%,500,"80,128",781,"9,620","1,918",2,78.78,"697,977","9,700","9,650","1,184",106.51,2.10,"18,400","1,391",125,172,1.23,9.78,"17,780","1,551","10,576",658,"1,410",1.16,"1,409",-28.79
434,아바코,"12,840",하락,120,-0.93%,500,"14,986",193,"12,880","1,915",211,9.47,"120,453","12,960","12,890","3,907",378.73,13.70,"12,970","5,642","1,895",264,6.74,7.18,"12,800",831,"14,913","3,055","1,356",0.95,500,63.51
435,앱트뉴로사이언스,"1,204",하락,13,-1.07%,100,"136,928",164,"1,201","1,912",-128,-21.89,"872,611","1,216","1,205","2,064",-94.80,-27.51,"1,216","16,532","1,255",-192,3.71,-12.57,"1,190","9,270","158,791",184,-55,2.11,0,-9.98
436,티씨머티리얼즈,"5,570",하락,30,-0.54%,500,"1,023,343","5,544","5,410","1,906",109,29.95,"1,314,883","5,550","5,420",762,25.76,12.51,"5,590","58,478",193,63,0.73,8.58,"5,250","43,902","34,228","3,039",186,3.24,0,20.57
437,KZ정밀,"12,090",하락,60,-0.49%,500,"2,359",29,"12,060","1,904",152,14.51,"12,015","12,100","12,100","6,044",-26.95,4.69,"12,250",251,"1,221",192,5.91,3.84,"23,100",479,"8,144","1,061","-1,353",1.34,0,-13.19
438,강원에너지,"7,280",하락,170,-2.28%,500,"23,604",171,"7,220","1,902",68,75.83,"184,327","7,260","7,230","1,639",-2.25,2.60,"7,360","5,915",920,-6,1.79,-0.35,"12,000",636,"15,750","1,127",833,0.48,800,-18.74
439,넥써쓰,"3,235",보합,0,0.00%,500,"83,095",270,"3,210","1,900",-89,-44.93,"1,014,480","3,205","3,220",338,44.70,-29.78,"3,325","12,586",80,-82,2.62,-22.40,"7,200",545,"26,123","2,244",96,4.65,N/A,61.21
440,탑머티리얼,"23,300",하락,600,-2.51%,500,"7,707",180,"23,350","1,897",-72,-17.22,"43,907","23,500","23,400","2,074",-152.29,-5.50,"24,100","2,501",663,-82,0.00,-3.97,"3,180","5,953","58,718",76,-72,5.91,0,38.29
441,이수앱지스,"5,120",상승,80,+1.59%,500,"71,195",363,"5,070","1,891",134,8.22,"307,308","4,980","5,080","1,602",244.86,16.53,"5,140","18,596",594,147,3.06,8.02,"4,980","12,180","36,937",603,623,1.94,0,10.96
442,랩지노믹스,"2,545",하락,145,-5.39%,500,"981,135","2,520","2,540","1,889",-185,-9.36,"9,969,684","2,645","2,545","2,957",-167.09,-10.72,"2,645","96,064",793,-239,1.44,-7.85,"2,520","18,797","74,240",859,-272,0.90,N/A,20.85
443,덱스터,"7,420",상승,80,+1.09%,500,"17,561",129,"7,320","1,886",-89,-15.59,"197,802","7,340","7,330","1,036","-21,406.94",-22.64,"7,440","1,584",547,-107,2.84,-11.33,"7,260","2,012","25,412",537,-476,4.71,N/A,-20.72
444,드림시큐리티,"3,725",보합,0,0.00%,100,"77,185",287,"3,710","1,885",256,15.85,"623,390","3,730","3,715","5,366",-22.94,11.91,"3,735","12,852","3,889",121,4.05,2.56,"3,685","5,433","50,606","2,688",235,1.56,N/A,15.51
445,인터플렉스,"8,080",하락,140,-1.70%,500,"15,572",126,"8,060","1,885",344,3.78,"85,073","8,170","8,070","3,649",58.79,21.95,"8,170","8,435",831,551,3.05,16.55,"8,010","2,073","23,327","4,975","2,140",0.65,N/A,13.54
446,아티스트컴퍼니,"12,080",상승,280,+2.37%,500,"49,193",588,"11,940","1,883",-31,-21.31,"134,495","11,580","11,990",526,3.95,-30.27,"12,150","11,218",293,-78,2.05,-13.73,"11,570","5,960","15,591",213,-567,3.48,N/A,-0.03
447,파인엠텍,"5,090",하락,100,-1.93%,500,"25,190",129,"5,090","1,883",-79,-8.51,"167,498","5,190","5,120","3,333",-138.90,-11.87,"5,220","13,451","1,691",-158,2.31,-5.06,"5,030","10,948","36,988","3,822",-598,1.30,N/A,0.56
448,동양이엔피,"23,900",상승,250,+1.06%,500,"9,281",219,"23,550","1,879",516,2.83,"59,222","23,650","23,650","4,885",20.16,19.25,"23,900","5,800",874,695,7.50,15.23,"23,300","1,706","7,860","5,484","8,455",0.45,600,2.14
449,현대사료,994,보합,0,0.00%,100,0,0,0,"1,873",27,4.38,0,0,0,"1,170",-56.45,340.50,0,0,281,284,2.38,25.24,0,0,"188,472","1,285",227,2.24,N/A,-20.01
450,덕산하이메탈,"4,120",하락,15,-0.36%,200,"27,681",113,"4,090","1,872",186,15.04,"131,462","4,135","4,110","8,185",269.97,6.76,"4,135","7,618","3,636",313,2.26,3.99,"4,075",517,"45,437","2,359",274,0.60,N/A,63.30
451,국전약품,"3,735",하락,20,-0.53%,100,"53,284",198,"3,695","1,866",4,128.79,"312,516","3,755","3,705","2,123",-94.33,1.79,"3,770","6,654","1,148",5,0.44,0.25,"3,680","2,392","49,966","1,365",29,1.85,N/A,-0.28
452,모다이노칩,"2,340",상승,35,+1.52%,500,"1,543",4,"2,305","1,865",386,24.12,"2,990","2,305","2,340","9,681",137.95,3.47,"2,345","2,308","5,865",127,0.16,1.30,"2,300","2,182","79,722","3,889",97,0.51,10,11.86
453,성우,"12,360",상승,830,+7.20%,500,"258,351","3,222","12,360","1,860",146,8.87,"69,944","11,930","12,420","2,549",-49.40,10.71,"12,950","8,014",321,182,1.27,8.71,"11,870","1,223","15,046","1,309","1,393",0.85,150,-10.74
454,디에스케이,"7,220",하락,160,-2.17%,500,"20,440",147,"7,190","1,856",-197,-18.51,"153,556","7,470","7,200","1,664",-102.94,-6.21,"7,470","8,896",329,-114,1.67,-6.77,"7,050","1,326","25,710",226,-390,1.56,N/A,-68.34
455,BGF에코머티리얼즈,"2,955",하락,35,-1.17%,500,"6,937",20,"2,925","1,855",140,13.25,"83,910","2,990","2,930","7,152",-18.51,4.00,"2,990","2,754","2,213",155,1.06,2.41,"2,915","4,352","62,767","3,643",223,0.46,50,27.54
456,KX,"4,085",하락,5,-0.12%,500,"20,453",84,"4,095","1,852",597,2.26,"63,396","4,090","4,105","8,868",-3.73,27.09,"4,195","4,639","4,438",975,1.64,10.14,"4,065","1,027","45,336","4,038","1,804",0.51,190,0.18
457,아가방컴퍼니,"5,630",하락,90,-1.57%,500,"176,269",986,"5,570","1,852",152,17.11,"717,642","5,560","5,590","2,238",-8.27,6.64,"5,670","22,362",562,102,2.15,4.57,"5,510","12,026","32,888","1,827",329,0.93,N/A,-1.97
458,유니셈,"6,030",하락,170,-2.74%,500,"21,771",132,"6,050","1,849",100,13.55,"128,752","6,100","6,080","2,631",-42.64,7.02,"6,120","5,012",348,155,7.42,6.12,"6,000","4,722","30,664","2,182",445,0.77,80,-6.01
459,KT나스미디어,"15,910",하락,390,-2.39%,500,"36,517",582,"15,970","1,840",199,-28.11,"38,275","16,300","16,030","4,927",-2.81,-3.13,"16,300","1,709","2,533",-46,5.89,-0.92,"15,810",957,"11,568","1,426",-566,0.92,700,-2.87
460,비나텍,"28,800",하락,400,-1.37%,500,"4,255",122,"28,600","1,835",-81,-14.45,"21,272","29,000","28,700","1,761",-365.73,-12.25,"29,000","4,043",922,-97,1.54,-6.32,"28,550","1,565","6,372",596,"-1,993",2.12,24,8.42
461,경동제약,"5,950",상승,10,+0.17%,500,"6,711",40,"5,930","1,831",26,31.48,"35,126","5,940","5,940","3,029",110.51,2.44,"5,970","7,963",825,54,1.72,1.83,"5,900",725,"30,769","1,939",189,0.75,300,19.22
462,대한약품,"30,400",하락,200,-0.65%,500,"5,945",181,"30,200","1,824",381,5.50,"36,789","30,500","30,250","3,244",6.38,12.89,"30,750","1,640",484,338,17.05,10.91,"30,200",593,"6,000","2,042","5,523",0.64,900,4.23
463,사람인,"15,530",하락,90,-0.58%,500,"14,962",230,"15,200","1,818",213,18.34,"62,572","15,650","15,230","2,097",-15.84,7.12,"15,790","2,432",297,123,22.59,5.94,"15,100",595,"11,709","1,284",847,0.94,500,-2.41
464,더네이쳐홀딩스,"12,200",상승,260,+2.18%,500,"10,540",126,"11,930","1,811",301,9.31,"73,273","11,930","11,940","6,983",-55.05,4.91,"12,210","2,152","2,987",190,8.51,2.84,"11,800","2,415","14,848","5,169","1,311",0.50,500,-5.75
465,아티스트스튜디오,"18,080",상승,640,+3.67%,500,"48,300",856,"17,460","1,807",-73,-12.13,"139,400","17,120","17,500",593,5.99,-31.73,"18,150","1,617",51,-150,0.44,-27.16,"17,120",626,"9,996",273,"-1,491",3.36,N/A,-34.77
466,케이에스피,"4,490",상승,165,+3.82%,500,"113,382",504,"4,440","1,805",138,13.40,"322,015","4,320","4,455","1,055",16.66,25.99,"4,515","14,487",341,153,2.76,16.91,"4,315","16,129","40,191",853,335,2.48,15,4.46
467,일진파워,"11,820",보합,0,0.00%,500,0,0,0,"1,782",103,97.69,"272,828",0,0,"2,705",-21.70,7.94,0,0,"1,333",99,1.43,4.27,0,0,"15,079","1,931",121,1.36,330,1.19
468,사피엔반도체,"21,700",하락,300,-1.36%,100,"18,276",397,"21,600","1,782",-34,-72.33,"97,708","21,900","21,700",312,50.22,-125.23,"22,000","5,468",148,-171,4.08,-64.70,"21,450","3,645","8,213",80,-300,11.57,0,148.96
469,에이스테크,"2,355",하락,35,-1.46%,500,"13,528",32,"2,370","1,778",-311,-2.59,"126,705","2,390","2,360","3,049",49.99,-67.32,"2,420","1,588","2,093",-408,0.00,-14.44,"2,305","4,542","75,506","1,451",-909,1.82,0,3.59
470,에스피소프트,"7,170",하락,20,-0.28%,100,"23,560",168,"7,100","1,774",38,45.67,"138,860","7,230","7,130",768,N/A,N/A,"7,240","3,311",142,3,2.03,N/A,"6,900","2,097","24,741",451,157,2.73,0,N/A
471,이엠텍,"10,320",하락,360,-3.37%,500,"28,128",292,"10,360","1,768",-305,-3.68,"177,611","10,600","10,380","3,462",-109.01,-19.74,"10,620","2,009","1,398",-447,5.65,-11.84,"10,280","2,059","17,133","1,676","-2,801",0.85,N/A,-36.39
472,디와이피엔에프,"16,480",상승,10,+0.06%,500,"9,525",157,"16,400","1,766",246,7.05,"82,788","16,470","16,440","3,208",195.44,15.14,"16,590","3,365","1,926",182,4.39,5.94,"16,300",468,"10,714","2,810","2,339",1.15,N/A,95.08
473,와이솔,"6,370",상승,30,+0.47%,500,"13,746",87,"6,320","1,763",5,-56.88,"85,895","6,340","6,360","4,143",-96.58,3.12,"6,370","8,200",524,110,5.81,2.71,"6,300","9,651","27,672","3,750",-112,0.52,500,1.42
474,파워로직스,"4,800",하락,60,-1.23%,500,"63,136",305,"4,840","1,757",24,40.00,"1,211,609","4,845","4,855","4,161",-84.46,5.32,"4,970","2,549","1,981",100,0.74,2.49,"4,800","9,299","36,611","7,334",120,0.83,N/A,-5.14
475,젝시믹스,"5,880",하락,50,-0.84%,500,"40,185",234,"5,810","1,757",249,9.19,"330,250","5,900","5,830","1,727",36.85,20.72,"5,920","10,163",582,209,3.55,13.69,"5,760","2,633","29,882","2,716",640,1.60,180,16.78
476,인피니트헬스케어,"7,200",하락,170,-2.31%,500,"34,014",245,"7,210","1,757",139,5.29,"247,449","7,370","7,220","2,324",109.54,28.16,"7,370","10,997",516,446,3.67,21.92,"7,110","2,551","24,396","1,016","1,361",0.99,N/A,14.80
477,지니언스,"19,310",상승,450,+2.39%,500,"13,538",255,"19,140","1,753",98,15.74,"80,159","18,860","19,220",693,52.16,20.33,"19,360",713,125,109,27.28,16.41,"18,000",55,"9,080",496,"1,227",3.04,250,15.65
478,슈피겐코리아,"28,050",하락,400,-1.41%,500,"3,249",91,"28,000","1,744",217,6.18,"13,838","28,950","28,100","5,690",-38.42,5.89,"29,000",937,509,279,8.50,5.14,"27,850",557,"6,216","4,653","4,540",0.32,462,4.00
479,블루엠텍,"5,200",하락,80,-1.52%,100,"92,671",483,"5,190","1,743",-69,-37.68,"620,385","5,260","5,210","1,157",N/A,N/A,"5,280","15,423",685,-48,1.76,N/A,"5,150","7,565","33,511","1,333",-138,3.82,120,N/A
480,HB솔루션,"2,380",하락,30,-1.24%,500,"33,709",80,"2,370","1,741",193,-4.38,"271,681","2,400","2,375","2,933",185.95,-9.21,"2,410","35,480",724,-208,3.05,-7.02,"2,365","17,710","73,141","1,315",-544,0.79,0,N/A
481,엠에스씨,"9,890",상승,"1,200",+13.81%,500,"414,553","3,944","9,360","1,741",275,7.21,"180,361","8,690","9,370","2,595",16.10,13.61,"9,900","3,100",899,218,5.21,9.01,"8,660","6,176","17,600","1,898","1,371",1.00,30,36.77
482,녹십자웰빙,"9,800",상승,50,+0.51%,500,"20,255",198,"9,700","1,740",130,15.91,"163,227","9,600","9,750","1,615",N/A,N/A,"9,890","4,290",566,71,4.21,N/A,"9,600",929,"17,752","1,338",616,1.61,110,0.38
483,에스와이,"3,555",하락,10,-0.28%,500,"24,347",86,"3,545","1,739",219,-98.75,"285,873","3,535","3,550","4,334",61.79,2.02,"3,575","19,460","2,375",63,0.90,1.47,"3,530","5,498","48,907","5,610",-36,0.92,N/A,1.33
484,HB테크놀러지,"1,874",하락,40,-2.09%,500,"224,730",422,"1,871","1,737",-165,-2.31,"1,243,322","1,900","1,872","3,488",25.16,-18.17,"1,905","26,453",921,-516,0.17,-13.70,"1,868","6,845","92,716","1,624",-811,0.65,20,45.43
485,마음AI,"24,700",상승,750,+3.13%,500,"131,529","3,199","24,350","1,735",-71,-14.11,"331,207","23,950","24,450",497,-84.58,-51.91,"24,800","6,301",364,-87,1.84,-16.49,"23,800","8,698","7,025",78,"-1,751",8.10,10,-5.72
486,알서포트,"3,255",하락,40,-1.21%,100,"27,660",90,"3,235","1,734",37,83.46,"302,910","3,265","3,245","1,205",-53.60,3.23,"3,285","17,726",246,31,20.05,2.75,"3,220","1,592","53,267",475,39,1.77,0,-23.96
487,에이럭스,"12,700",보합,0,0.00%,200,"323,687","4,187","12,790","1,730",30,53.81,"1,410,812","13,280","12,800",628,-40.25,6.60,"13,320","4,237",59,28,1.43,5.65,"12,570","7,444","13,625",550,236,3.11,0,0.36
488,비트맥스,"4,640",상승,225,+5.10%,500,"387,856","1,792","4,625","1,728",-185,-4.82,"1,131,270","4,400","4,630",285,-12.23,-134.66,"4,725","5,372",143,-270,2.66,-67.28,"4,400","20,001","37,231",372,-963,9.68,N/A,"2,005.36"
489,엔케이맥스,"2,020",보합,0,0.00%,500,0,0,0,"1,727",-51,-5.40,0,0,0,232,92.46,219.63,0,0,464,-355,4.73,-91.48,0,0,"85,519",88,-374,-7.32,N/A,-18.29
490,에스텍,"15,820",상승,80,+0.51%,500,"5,789",91,"15,680","1,726",440,3.60,"47,865","15,700","15,700","3,880",79.12,25.76,"15,970",976,"1,845",463,57.83,14.11,"15,530","3,163","10,910","5,094","4,392",0.64,0,-21.45
491,하나기술,"21,550",하락,600,-2.71%,500,"8,197",177,"21,500","1,723",-264,-11.58,"67,745","21,750","21,700","2,400",-318.01,-14.73,"22,150","1,307","1,421",-155,1.37,-6.58,"21,450",699,"7,995",942,"-1,861",1.79,850,22.86
492,마이크로디지탈,"9,550",상승,210,+2.25%,500,"16,935",161,"9,400","1,720",3,-198.96,"103,464","9,580","9,440",542,-68.20,2.38,"9,700","1,682",251,4,1.63,1.07,"9,390","3,151","18,015",115,-48,5.09,450,32.99
493,삼지전자,"10,540",하락,30,-0.28%,500,"8,789",93,"10,460","1,720","1,156",2.63,"78,706","10,550","10,500","12,019",47.57,16.21,"10,630","2,863","5,617",941,5.72,8.49,"10,460","1,778","16,319","33,597","4,004",0.39,0,6.40
494,서울옥션,"9,670",상승,140,+1.47%,500,"96,422",929,"9,690","1,719",-34,-13.52,"701,153","9,610","9,700","2,125",4.44,-8.44,"9,750","4,146","1,049",-95,1.03,-4.63,"9,730","1,592","17,605","1,256",388,0.65,130,-26.78
495,유비쿼스홀딩스,"9,750",하락,10,-0.10%,500,"10,613",104,"9,750","1,716",143,25.13,"2,823","9,810","9,770","3,877",-55.99,3.64,"9,810",504,311,214,3.53,5.50,"9,460","8,737","17,774",206,-715,1.56,N/A,-54.19
496,켄코아에어로스페이스,"13,050",하락,120,-0.91%,500,"64,048",844,"12,990","1,710",-54,-27.36,"311,652","13,330","13,000","2,531",-710.21,-6.38,"13,440","2,564",697,-77,3.91,-3.83,"12,960",377,"13,105",862,-477,0.93,N/A,-5.47
497,포니링크,"1,324",하락,36,-2.65%,100,"153,557",205,"1,331","1,692",-262,9.01,"995,007","1,360","1,355","2,466",-180.34,-22.16,"1,361","10,183",484,-384,3.81,-17.28,"1,318","69,110","127,807",613,147,0.68,N/A,-14.23
498,PS일렉트로닉스,"3,830",상승,190,+5.22%,500,"4,158,911","15,748","3,705","1,692",108,-28.80,"5,007,620","3,590","3,710","1,646",67.66,-9.27,"3,900","25,595",745,-77,1.34,-5.02,"3,590","71,456","44,176","1,221",-133,1.66,N/A,79.21
499,이엠코리아,"2,590",상승,295,+12.85%,500,"5,118,209","13,953","2,765","1,690",22,-21.95,"948,923","2,390","2,780","2,368",-26.73,-5.40,"2,950","37,966","1,440",-46,2.08,-2.01,"2,345","120,159","65,260","1,208",-118,1.50,N/A,19.01
500,마크로젠,"15,550",하락,150,-0.96%,500,"2,544",40,"15,550","1,686",-65,-21.96,"16,909","15,590","15,600","3,297","-1,427.80",-4.75,"15,600","1,584","1,522",-78,1.97,-2.65,"15,520","1,110","10,841","1,358",-708,1.08,300,2.24
