N,종목명,현재가,전일비변동,전일비,등락률,액면가,거래량,거래대금,매수호가,시가총액,영업이익,PER,액면가,전일거래량,시가,매도호가,자산총계,영업이익증가율,액면가,고가,매수총잔량,부채총계,당기순이익,외국인비율,액면가,저가,매도총잔량,상장주식수,매출액,주당순이익,액면가,보통주배당금
1,삼성전자,"57,800",상승,"1,000",+1.76%,100,"19,390,304","1,115,403","57,700","3,421,551","327,260",11.20,100,"12,870,515","57,200","57,800","5,145,319",398.34,100,"57,900","637,190","1,123,399","344,514",49.64,100,"56,800","2,228,750","5,919,638","3,008,709","5,162",100,"1,446"
2,SK하이닉스,"217,500",상승,"10,000",+4.82%,"5,000","4,997,967","1,096,484","217,500","1,583,405","234,673",6.10,"5,000","1,775,752","218,000","218,000","1,198,552",403.58,"5,000","223,000","214,223","459,395","197,969",54.41,"5,000","216,500","441,034","728,002","661,930","35,682","5,000","2,204"
3,삼성바이오로직스,"1,034,000",상승,"3,000",+0.29%,"2,500","78,581","81,007","1,033,000","735,939","13,201",57.52,"2,500","47,043","1,031,000","1,034,000","173,363",18.53,"2,500","1,040,000","4,005","64,316","10,833",12.86,"2,500","1,025,000","9,469","71,174","45,473","17,977","2,500",0
4,LG에너지솔루션,"288,500",상승,"4,000",+1.41%,500,"214,348","61,973","288,000","675,090","5,754",-58.00,500,"174,819","288,000","288,500","603,068",-73.40,500,"293,000","8,342","293,402","3,386",4.03,500,"286,000","25,353","234,000","256,196","-4,974",500,N/A
5,KB금융,"107,900",상승,"7,900",+7.90%,"5,000","2,292,671","241,743","107,900","424,617","80,453",8.49,"5,000","1,481,522","100,700","108,000","7,578,455",26.00,"5,000","107,900","254,011","6,980,304","50,286",75.49,"5,000","100,600","45,973","393,528","850,764","12,705","5,000","3,174"
6,한화에어로스페이스,"845,000",상승,"10,000",+1.20%,"5,000","213,653","178,433","843,000","399,653","17,319",17.09,"5,000","156,208","838,000","845,000","433,369",191.41,"5,000","845,000","4,529","319,726","25,399",45.06,"5,000","811,000","15,616","47,296","112,401","49,447","5,000","3,500"
7,삼성전자우,"47,500",상승,"1,150",+2.48%,100,"1,686,067","79,637","47,450","387,588",N/A,9.20,100,"817,556","47,300","47,500",N/A,N/A,100,"47,500","44,882",N/A,N/A,73.65,100,"46,700","113,552","815,975",N/A,"5,162",100,N/A
8,현대차,"186,000",상승,"2,000",+1.09%,"5,000","577,325","107,020","186,000","380,849","142,396",4.05,"5,000","538,182","185,100","186,100","3,397,984",-5.87,"5,000","186,500","22,904","2,195,225","132,299",35.53,"5,000","184,100","23,412","204,758","1,752,312","45,880","5,000","12,000"
9,HD현대중공업,"428,000",보합,0,0.00%,"5,000","250,762","105,627","428,000","379,949","7,052",43.32,"5,000","313,351","423,000","428,500","193,909",294.77,"5,000","429,500","12,208","136,865","6,215",10.58,"5,000","410,000","15,376","88,773","144,865","9,880","5,000","2,090"
10,셀트리온,"160,500",하락,500,-0.31%,"1,000","468,416","75,387","160,400","356,994","4,920",71.52,"1,000","410,768","161,400","160,500","210,552",-24.48,"1,000","162,500","17,864","34,752","4,189",21.50,"1,000","160,000","18,762","222,426","35,573","2,244","1,000",763
11,기아,"89,600",상승,"1,200",+1.36%,"5,000","851,750","76,170","89,500","356,315","126,671",3.82,"5,000","663,587","89,200","89,600","927,559",9.13,"5,000","90,400","58,748","369,156","97,750",38.47,"5,000","88,600","109,256","397,673","1,074,488","23,440","5,000","6,500"
12,신한지주,"59,900",상승,"4,100",+7.35%,"5,000","2,500,648","146,267","59,700","297,009","64,587",6.85,"5,000","1,899,090","55,300","59,900","7,397,643",5.87,"5,000","59,900","67,910","6,809,432","45,582",58.59,"5,000","55,300","70,168","495,842","419,028","8,740","5,000","2,160"
13,NAVER,"185,500",하락,"1,000",-0.54%,100,"817,069","152,523","185,500","293,901","19,793",16.20,100,"408,085","189,000","185,600","381,679",32.94,100,"189,100","34,238","111,670","19,320",48.44,100,"185,500","7,213","158,437","107,377","11,452",100,"1,130"
14,두산에너빌리티,"42,650",상승,"1,700",+4.15%,"5,000","11,387,783","477,656","42,650","273,199","10,176",-268.24,"5,000","10,013,882","40,900","42,700","263,148",-30.65,"5,000","42,900","259,939","146,537","3,947",26.25,"5,000","40,750","528,429","640,561","162,331",-159,"5,000",N/A
15,삼성물산,"157,800",상승,"6,500",+4.30%,100,"807,743","126,420","157,800","268,223","29,834",12.60,100,"480,912","153,400","157,900","619,904",3.95,100,"158,700","22,609","247,319","27,720",27.07,100,"153,000","15,365","169,977","421,032","12,523",100,"2,600"
16,한화오션,"76,800",하락,"1,000",-1.29%,"5,000","1,957,149","150,019","76,700","235,325","2,379",33.97,"5,000","1,499,970","77,500","76,800","178,438",221.06,"5,000","77,600","192,967","129,805","5,282",12.65,"5,000","75,600","110,637","306,413","107,760","2,261","5,000",N/A
17,현대모비스,"250,000",상승,"3,500",+1.42%,"5,000","204,704","51,123","249,500","232,488","30,735",5.51,"5,000","141,969","249,500","250,000","665,969",33.90,"5,000","252,000","11,533","204,787","40,602",41.86,"5,000","247,500","14,443","92,995","572,370","45,380","5,000","6,000"
18,HD한국조선해양,"327,500",상승,"15,000",+4.80%,"5,000","369,838","118,790","327,000","231,782","14,341",15.67,"5,000","214,765","312,500","327,500","367,191",408.07,"5,000","331,500","5,085","225,633","14,546",32.48,"5,000","305,000","20,585","70,773","255,386","20,895","5,000","5,100"
19,HMM,"22,550",상승,250,+1.12%,"5,000","2,651,013","60,127","22,500","231,146","35,128",4.45,"5,000","2,418,245","23,300","22,550","338,486",500.72,"5,000","23,650","175,433","59,930","37,821",7.79,"5,000","22,250","159,470","1,025,039","117,002","5,073","5,000",600
20,삼성생명,"108,800",상승,"8,900",+8.91%,500,"694,148","74,182","108,500","217,600","24,998",10.33,500,"551,726","101,900","108,800","3,122,188",4.23,500,"109,100","3,560","2,794,809","22,603",21.71,500,"101,200","18,950","200,000","337,860","10,534",500,"4,500"
21,하나금융지주,"74,500",상승,"4,500",+6.43%,"5,000","1,734,080","127,656","74,500","212,119","48,552",5.79,"5,000","1,318,834","71,200","74,600","6,378,475",3.45,"5,000","74,500","71,445","5,942,706","37,685",67.23,"5,000","70,700","56,451","284,724","816,143","12,872","5,000","3,600"
22,메리츠금융지주,"113,900",상승,"2,600",+2.34%,500,"313,877","35,844","113,900","205,036","31,889",9.57,500,"285,075","111,400","114,000","1,155,782",8.71,500,"115,400","10,089","1,046,482","23,334",15.85,500,"111,400","26,658","180,014","465,745","11,897",500,"1,350"
23,POSCO홀딩스,"245,500",상승,"1,500",+0.61%,"5,000","331,807","81,480","245,000","198,690","21,736",23.87,"5,000","329,321","246,500","245,500","1,034,042",-38.45,"5,000","251,000","28,027","419,538","9,476",29.00,"5,000","242,500","28,757","80,933","726,881","10,286","5,000","10,000"
24,삼성화재,"425,500",상승,"37,500",+9.66%,500,"152,127","63,578","425,000","195,777","26,496",10.38,500,"81,302","396,000","425,500","872,695",12.40,500,"426,000","7,133","716,673","20,768",55.52,500,"392,000","5,463","46,011","226,570","41,007",500,"19,000"
25,한국전력,"29,650",하락,450,-1.50%,"5,000","4,036,843","118,488","29,600","190,342","83,647",3.62,"5,000","2,166,813","29,700","29,650","2,468,078",284.18,"5,000","29,900","188,113","2,054,450","36,220",19.05,"5,000","28,550","231,125","641,964","933,989","8,191","5,000",213
26,카카오,"41,600",하락,"1,550",-3.59%,100,"3,838,475","161,418","41,550","183,752","4,602",120.23,100,"2,075,682","44,100","41,600","257,730",-0.14,100,"44,450","67,640","118,301","-1,619",29.16,100,"41,050","154,498","441,711","78,717",346,100,68
27,크래프톤,"367,500",하락,500,-0.14%,100,"163,369","60,013","367,000","176,104","11,825",13.27,100,"106,227","369,500","367,500","79,195",53.96,100,"372,500","5,452","10,903","13,026",42.26,100,"364,000","15,560","47,919","27,098","27,686",100,0
28,현대로템,"156,100",상승,"4,100",+2.70%,"5,000","1,001,543","154,059","156,000","170,371","4,566",33.47,"5,000","1,311,533","154,000","156,100","52,854",117.36,"5,000","156,100","4,248","32,763","4,053",32.05,"5,000","149,800","25,549","109,142","43,766","4,664","5,000",200
29,SK스퀘어,"124,700",상승,"14,400",+13.06%,100,"780,909","96,925","124,700","165,278","39,126",3.36,100,"341,324","115,000","124,800","219,211",267.23,100,"126,900","42,944","23,356","36,505",52.34,100,"113,000","3,364","132,541","61,385","37,069",100,0
30,고려아연,"770,000",상승,"40,000",+5.48%,"5,000","28,116","21,348","767,000","159,415","7,235",64.71,"5,000","16,607","730,000","770,000","147,923",9.63,"5,000","775,000",492,"71,969","1,948",12.00,"5,000","727,000","1,585","20,703","120,529","11,900","5,000","17,500"
31,KT&G,"124,400",상승,"3,800",+3.15%,"5,000","376,601","46,934","124,400","151,846","11,888",14.01,"5,000","319,843","123,200","124,500","139,252",1.84,"5,000","125,700","17,909","45,668","11,650",43.33,"5,000","123,100","9,692","122,062","59,088","8,881","5,000","5,400"
32,우리금융지주,"20,300",상승,"1,410",+7.46%,"5,000","4,745,709","95,020","20,250","150,746","42,552",4.90,"5,000","2,937,964","19,830","20,300","5,257,533",21.61,"5,000","20,350","213,864","4,898,581","31,715",45.19,"5,000","19,350","475,500","742,592","466,167","4,144","5,000","1,200"
33,삼성중공업,"16,880",상승,90,+0.54%,"1,000","9,351,134","155,407","16,870","148,544","5,027",101.69,"1,000","8,741,868","16,940","16,880","171,946",115.43,"1,000","16,940","98,977","134,452",539,31.83,"1,000","16,100","240,242","880,000","99,031",166,"1,000",N/A
34,LG화학,"198,700",상승,"3,400",+1.74%,"5,000","281,974","56,206","198,700","140,267","9,168",-16.63,"5,000","157,923","197,300","198,800","938,578",-63.75,"5,000","202,500","9,482","458,623","5,150",29.97,"5,000","197,200","3,045","70,592","489,161","-11,946","5,000","1,000"
35,HD현대일렉트릭,"382,000",상승,"4,000",+1.06%,"5,000","235,743","90,442","381,500","137,700","6,690",24.52,"5,000","131,789","383,000","382,000","37,955",112.23,"5,000","388,500","8,150","22,880","4,984",32.79,"5,000","380,000","11,934","36,047","33,223","15,581","5,000","5,350"
36,SK이노베이션,"90,900",상승,"3,200",+3.65%,"5,000","377,011","34,155","90,800","137,291","3,155",-4.49,"5,000","343,665","88,500","90,900","1,105,301",-83.43,"5,000","91,800","3,123","708,812","-23,725",13.46,"5,000","88,400","31,478","151,035","747,170","-20,236","5,000","2,000"
37,SK,"180,700",상승,"17,300",+10.59%,200,"885,037","155,971","180,600","131,012","23,553",14.71,200,"329,416","169,900","180,700","2,149,778",-50.46,200,"184,000","5,996","1,346,902","5,288",23.48,200,"169,200","5,021","72,503","1,246,904","12,281",200,"7,000"
38,기업은행,"15,800",상승,370,+2.40%,"5,000","1,742,846","27,423","15,800","125,993","35,941",4.76,"5,000","1,306,438","15,500","15,810","4,722,198",4.71,"5,000","15,830","59,338","4,379,887","26,543",13.97,"5,000","15,500","125,612","797,426","324,300","3,316","5,000","1,065"
39,KT,"49,850",상승,450,+0.91%,"5,000","310,425","15,570","49,850","125,633","8,095",19.85,"5,000","459,204","49,400","49,900","418,800",-50.93,"5,000","50,600","10,387","238,834","4,171",49.00,"5,000","49,400","11,885","252,022","264,312","2,511","5,000","2,000"
40,삼성SDI,"172,400",하락,400,-0.23%,"5,000","503,464","87,485","172,400","118,550","3,633",118.00,"5,000","438,261","174,600","172,500","405,973",-76.49,"5,000","179,000","12,260","190,301","5,755",30.13,"5,000","171,400","7,600","68,765","165,922","1,461","5,000",973
41,하이브,"281,000",상승,"9,000",+3.31%,500,"231,183","64,951","280,500","117,042","1,840",223.73,500,"199,983","279,000","281,000","54,792",-37.75,500,"285,500","7,882","19,654",-34,18.20,500,"274,500","18,217","41,652","22,556","1,256",500,200
42,LG전자,"71,300",상승,500,+0.71%,"5,000","535,683","38,424","71,300","116,681","34,197",18.64,"5,000","251,758","71,500","71,400","656,296",-6.40,"5,000","72,600","59,837","404,179","5,914",29.57,"5,000","71,100","23,948","163,648","877,282","3,825","5,000","1,000"
43,LG,"74,000",상승,"3,200",+4.52%,"5,000","592,876","43,892","73,800","116,366","9,668",14.64,"5,000","224,672","72,100","74,000","316,393",-39.16,"5,000","75,100","5,870","35,066","7,905",35.01,"5,000","71,900","37,620","157,251","71,755","5,053","5,000","3,100"
44,카카오뱅크,"23,700",하락,350,-1.46%,"5,000","606,488","14,428","23,700","113,046","6,069",25.68,"5,000","598,504","24,250","23,750","628,053",26.83,"5,000","24,350","64,285","562,652","4,401",17.38,"5,000","23,550","117,161","476,989","29,456",923,"5,000",360
45,SK텔레콤,"52,500",상승,800,+1.55%,100,"1,108,985","58,375","52,500","112,765","18,234",8.94,100,"677,882","51,900","52,600","305,153",4.00,100,"53,100","132,209","186,876","13,871",39.72,100,"51,800","103,348","214,790","179,406","5,874",100,"3,540"
46,삼성에스디에스,"132,800",상승,100,+0.08%,500,"150,383","20,048","132,800","102,758","9,111",13.56,500,"103,095","133,100","133,100","132,383",12.73,500,"135,500","10,692","35,329","7,895",19.22,500,"132,400","4,010","77,378","138,282","9,791",500,"2,900"
47,한진칼,"152,500",상승,"11,200",+7.93%,"2,500","325,112","48,451","152,400","101,812",492,22.35,"2,500","157,434","143,400","152,500","42,072",14.82,"2,500","154,500",580,"8,940","5,122",20.62,"2,500","139,900","8,413","66,762","2,922","6,822","2,500",360
48,미래에셋증권,"17,690",상승,"2,070",+13.25%,"5,000","12,638,701","218,877","17,680","100,889","11,881",14.39,"5,000","4,013,255","16,000","17,690","1,371,770",128.02,"5,000","18,100","61,827","1,249,133","9,255",13.66,"5,000","15,960","56,884","570,316","222,342","1,229","5,000",250
49,LIG넥스원,"452,000",상승,"4,500",+1.01%,"5,000","124,487","55,837","452,000","99,440","2,298",40.53,"5,000","117,199","450,000","452,500","61,253",23.29,"5,000","454,000","3,391","48,878","2,166",31.72,"5,000","436,000","5,404","22,000","32,763","11,153","5,000","2,400"
50,HD현대,"120,300",상승,"7,400",+6.55%,"1,000","905,742","108,004","120,000","95,029","29,832",18.10,"1,000","741,062","118,200","120,300","738,667",46.84,"1,000","121,500","3,417","474,816","19,302",21.58,"1,000","116,600","20,879","78,993","677,656","6,647","1,000","3,600"
51,삼성전기,"121,700",상승,900,+0.75%,"5,000","309,432","37,669","121,600","90,902","7,350",15.00,"5,000","204,952","121,700","121,700","127,924",11.27,"5,000","123,000","18,367","37,765","7,032",32.14,"5,000","121,000","11,282","74,694","102,941","8,115","5,000","1,800"
52,포스코퓨처엠,"117,000",상승,500,+0.43%,500,"289,821","34,215","116,900","90,632",7,-40.57,500,"315,401","117,800","117,000","79,325",-97.99,500,"121,500","3,105","46,120","-2,313",10.05,500,"115,900","10,332","77,463","36,999","-2,884",500,0
53,두산,"540,000",상승,"53,500",+11.00%,"5,000","228,484","119,645","539,000","89,229","10,038",-55.73,"5,000","178,259","496,500","540,000","301,431",-30.11,"5,000","543,000","3,114","182,536","3,022",12.14,"5,000","494,000","5,582","16,524","181,329","-9,690","5,000","2,000"
54,포스코인터내셔널,"49,650",상승,"1,250",+2.58%,"5,000","436,378","21,768","49,650","87,346","11,169",16.24,"5,000","234,537","48,450","49,700","173,363",-3.97,"5,000","50,600","11,047","99,869","5,034",6.41,"5,000","48,450","22,020","175,923","323,408","3,058","5,000","1,550"
55,삼양식품,"1,130,000",상승,"48,000",+4.44%,"5,000","62,357","70,053","1,129,000","85,123","3,446",27.95,"5,000","78,347","1,115,000","1,130,000","15,948",133.58,"5,000","1,135,000",737,"7,667","2,713",19.30,"5,000","1,100,000","4,169","7,533","17,280","40,436","5,000","3,300"
56,한국항공우주,"87,200",상승,"3,400",+4.06%,"5,000","1,372,220","118,986","87,100","84,998","2,407",51.35,"5,000","335,361","87,800","87,200","80,255",-2.74,"5,000","88,900","17,293","62,984","1,709",34.61,"5,000","84,400","54,731","97,475","36,337","1,698","5,000",500
57,현대글로비스,"113,200",상승,"1,600",+1.43%,500,"152,901","17,341","113,200","84,900","17,529",7.15,500,"96,703","111,900","113,300","168,491",12.80,500,"114,900","2,697","80,398","10,995",49.33,500,"110,200","6,395","75,000","284,074","15,834",500,"3,700"
58,대한항공,"22,800",상승,150,+0.66%,"5,000","1,125,126","25,621","22,800","83,954","21,102",6.86,"5,000","671,567","22,650","22,850","470,121",17.88,"5,000","22,950","247,102","360,489","13,819",17.07,"5,000","22,600","242,970","368,221","178,707","3,322","5,000",750
59,KODEX CD금리액티브(합성),"1,071,585",상승,295,+0.03%,0,"182,956","196,053","1,071,585","83,645",N/A,N/A,0,"155,962","1,071,585","1,071,590",N/A,N/A,0,"1,071,590","268,395",N/A,N/A,0.00,0,"1,071,585","376,648","7,806",N/A,N/A,0,N/A
60,한화시스템,"43,900",상승,550,+1.27%,"5,000","1,800,507","78,814","43,850","82,936","2,193",18.83,"5,000","2,558,857","43,850","43,900","57,240",78.95,"5,000","44,200","57,404","33,076","4,454",8.07,"5,000","43,200","54,359","188,919","28,037","2,331","5,000",350
61,유한양행,"103,000",하락,"1,000",-0.96%,"1,000","448,823","46,491","103,000","82,615",549,125.46,"1,000","235,960","104,400","103,100","29,420",-3.77,"1,000","105,200","31,016","7,914",552,17.91,"1,000","102,900","26,637","80,209","20,678",821,"1,000",500
62,HD현대마린솔루션,"183,300",상승,"3,400",+1.89%,500,"226,555","40,982","183,200","82,172","2,717",32.80,500,"84,011","180,000","183,300","11,522",34.87,500,"184,500",801,"3,787","2,279",28.57,500,"174,800","4,057","44,829","17,455","5,588",500,"3,150"
63,TIGER 미국S&P500,"20,315",상승,270,+1.35%,0,"2,294,570","46,757","20,310","81,199",N/A,N/A,0,"2,776,611","20,385","20,315",N/A,N/A,0,"20,435","131,101",N/A,N/A,0.10,0,"20,315","142,476","399,700",N/A,N/A,0,N/A
64,HD현대미포,"202,000",상승,"8,300",+4.28%,"5,000","375,281","74,063","201,500","80,683",885,52.85,"5,000","188,870","194,500","202,000","51,089",157.89,"5,000","205,000","4,131","30,024","1,132",20.60,"5,000","187,100","31,245","39,942","46,300","3,822","5,000",710
65,한미반도체,"82,800",상승,"2,800",+3.50%,100,"798,872","66,247","82,700","79,997","2,554",58.23,100,"428,944","82,000","82,800","7,109",638.74,100,"83,800","24,354","1,700","1,526",7.43,100,"81,800","69,612","96,614","5,589","1,422",100,720
66,아모레퍼시픽,"134,100",하락,200,-0.15%,500,"263,213","35,537","134,100","78,439","2,205",14.81,500,"240,937","135,300","134,200","67,835",103.83,500,"137,200","8,044","14,575","6,016",23.63,500,"133,500","4,634","58,493","38,851","9,057",500,"1,125"
67,LS ELECTRIC,"256,500",상승,"8,500",+3.43%,"5,000","156,632","40,150","256,000","76,950","3,897",33.43,"5,000","190,021","252,000","256,500","44,852",19.96,"5,000","258,500","6,692","25,951","2,422",23.54,"5,000","252,000","24,877","30,000","45,518","7,673","5,000","2,900"
68,현대건설,"68,800",상승,"3,100",+4.72%,"5,000","2,405,892","162,400","68,800","76,613","-12,634",-37.97,"5,000","2,257,010","65,500","68,900","270,054",-260.86,"5,000","69,600","43,156","173,360","-7,662",23.72,"5,000","64,500","54,006","111,356","326,703","-1,812","5,000",600
69,DB손해보험,"103,700",상승,"5,400",+5.49%,500,"231,222","23,829","103,600","73,420","24,249",3.97,500,"202,807","99,300","103,700","665,061",8.50,500,"104,500","10,255","571,149","18,532",46.08,500,"98,500","14,934","70,800","218,350","26,152",500,"6,800"
70,SK바이오팜,"89,700",하락,"1,400",-1.54%,500,"263,233","23,722","89,600","70,247",963,27.96,500,"153,835","91,200","89,700","10,368",356.75,500,"91,700","19,406","4,628","2,270",11.09,500,"89,500","14,497","78,313","5,476","3,208",500,N/A
71,한화,"93,400",상승,"16,200",+20.98%,"5,000","3,261,845","293,529","93,300","70,011","24,161",8.93,"5,000","857,218","80,400","93,400","2,520,370",0.17,"5,000","97,100","7,096","2,124,752","16,904",15.75,"5,000","79,700","17,349","74,959","556,468","10,464","5,000",800
72,KODEX 머니마켓액티브,"102,990",상승,5,0.00%,0,"461,623","47,541","102,985","68,793",N/A,N/A,0,"396,414","102,985","102,990",N/A,N/A,0,"102,990","1,253,768",N/A,N/A,0.00,0,"102,985","669,039","66,796",N/A,N/A,0,N/A
73,코웨이,"91,100",보합,0,0.00%,500,"205,090","18,694","91,000","65,509","7,954",11.62,500,"189,095","90,900","91,100","57,616",8.77,500,"93,400","8,257","25,654","5,655",61.62,500,"90,200","8,940","71,909","43,101","7,843",500,"2,630"
74,KODEX 200,"37,140",상승,"1,015",+2.81%,0,"7,164,874","265,157","37,140","64,884",N/A,N/A,0,"7,397,312","36,615","37,145",N/A,N/A,0,"37,170","286,782",N/A,N/A,30.11,0,"36,610","316,656","174,700",N/A,N/A,0,N/A
75,한국금융지주,"113,700",상승,"8,800",+8.39%,"5,000","572,512","64,535","113,500","63,360","11,997",6.73,"5,000","341,506","107,000","113,700","1,092,202",46.24,"5,000","115,000","5,274","994,857","10,459",37.99,"5,000","106,800","14,461","55,726","211,741","16,883","5,000","3,980"
76,S-Oil,"55,800",상승,800,+1.45%,"2,500","256,423","14,385","55,800","62,821","4,222",-16.11,"2,500","240,844","55,300","55,900","244,514",-68.83,"2,500","57,000","23,378","157,558","-1,930",73.40,"2,500","55,100","6,015","112,583","366,370","-3,463","2,500",125
77,효성중공업,"648,000",상승,"11,000",+1.73%,"5,000","40,001","26,055","648,000","60,423","3,625",19.93,"5,000","49,382","651,000","649,000","62,188",40.59,"5,000","664,000","1,592","41,632","2,229",22.75,"5,000","640,000","1,290","9,325","48,950","32,509","5,000","5,000"
78,NH투자증권,"17,920",상승,710,+4.13%,"5,000","1,533,154","27,647","17,920","58,687","9,011",9.07,"5,000","805,348","17,770","17,930","624,271",24.16,"5,000","18,400","39,877","543,077","6,866",16.34,"5,000","17,550","11,046","327,492","100,343","1,976","5,000",950
79,LG유플러스,"13,160",상승,280,+2.17%,"5,000","1,906,605","25,108","13,150","57,458","8,631",14.04,"5,000","1,219,298","12,990","13,160","197,077",-13.52,"5,000","13,280","28,837","109,394","3,146",36.67,"5,000","12,920","86,920","436,611","146,252",937,"5,000",650
80,맥쿼리인프라,"11,680",하락,10,-0.09%,0,"951,568","11,106","11,670","55,938",N/A,N/A,0,"557,722","11,670","11,680",N/A,N/A,0,"11,730","118,820",N/A,N/A,9.23,0,"11,610","170,456","478,922",N/A,N/A,0,N/A
81,LS,"173,200",상승,"12,500",+7.78%,"5,000","512,504","88,732","173,200","55,770","10,729",19.63,"5,000","146,487","166,700","173,400","205,279",19.26,"5,000","176,300","5,603","136,468","3,915",13.21,"5,000","166,100","2,088","32,200","275,447","8,821","5,000","1,650"
82,삼성증권,"62,000",상승,"2,800",+4.73%,"5,000","680,028","42,104","61,900","55,366","12,058",6.16,"5,000","1,015,133","60,200","62,000","622,739",62.69,"5,000","62,900","26,572","549,497","8,990",29.80,"5,000","59,800","25,223","89,300","134,666","10,068","5,000","3,500"
83,한화솔루션,"31,600",상승,"1,700",+5.69%,"5,000","5,043,612","158,034","31,600","54,318","-3,002",-5.57,"5,000","1,951,696","31,750","31,650","300,368",-151.83,"5,000","32,350","126,589","194,300","-13,690",13.53,"5,000","30,150","141,224","171,893","123,940","-5,673","5,000",300
84,현대차2우B,"150,800",상승,"4,200",+2.86%,"5,000","146,527","21,817","150,600","52,726",N/A,3.29,"5,000","101,533","147,400","150,800",N/A,N/A,"5,000","150,800",952,N/A,N/A,60.01,"5,000","146,700","5,773","34,964",N/A,"45,880","5,000",N/A
85,LG생활건강,"330,000",상승,"7,500",+2.33%,"5,000","53,632","17,721","329,500","51,540","4,590",32.34,"5,000","28,030","326,500","330,000","74,058",-5.74,"5,000","333,500","2,029","17,199","2,039",28.30,"5,000","326,500","3,546","15,618","68,119","10,204","5,000","3,500"
86,삼성카드,"44,150",상승,"1,350",+3.15%,"5,000","128,976","5,656","44,100","51,152","8,854",7.70,"5,000","58,818","42,850","44,150","294,941",9.31,"5,000","44,250","2,885","210,079","6,646",6.37,"5,000","42,850","10,205","115,859","43,832","5,736","5,000","2,800"
87,카카오페이,"37,300",하락,850,-2.23%,500,"366,439","13,814","37,300","50,241",-575,"-1,203.23",500,"236,086","39,300","37,350","44,147",-1.59,500,"39,800","11,796","25,039",-215,38.53,500,"37,050","9,814","134,694","7,662",-31,500,0
88,TIGER 미국나스닥100,"131,675",상승,"2,430",+1.88%,0,"161,134","21,287","131,670","49,668",N/A,N/A,0,"212,478","132,140","131,675",N/A,N/A,0,"132,400","14,745",N/A,N/A,0.04,0,"131,675","17,029","37,720",N/A,N/A,0,N/A
89,LG씨엔에스,"51,200",상승,800,+1.59%,500,"208,661","10,641","51,200","49,606","5,129",11.14,500,"143,323","50,600","51,300","45,045",10.52,500,"51,300","27,664","23,817","3,649",1.38,500,"50,600","38,367","96,886","59,826","4,597",500,"1,672"
90,한국타이어앤테크놀로지,"38,550",상승,450,+1.18%,500,"524,861","20,214","38,500","47,754","17,623",4.43,500,"274,557","38,400","38,550","158,497",32.71,500,"38,900","59,112","46,549","11,311",36.06,500,"38,200","15,214","123,875","94,119","8,704",500,"2,000"
91,TIGER CD금리투자KIS(합성),"56,150",상승,15,+0.03%,0,"152,106","8,540","56,145","47,749",N/A,N/A,0,"134,703","56,145","56,150",N/A,N/A,0,"56,150","1,248,297",N/A,N/A,0.01,0,"56,145","1,187,865","85,038",N/A,N/A,0,N/A
92,넷마블,"54,700",하락,400,-0.73%,100,"147,353","8,089","54,700","47,017","2,156",46.24,100,"359,288","54,900","54,800","81,771",414.93,100,"55,700","5,702","27,032",32,24.54,100,"54,100","7,476","85,954","26,638","1,183",100,417
93,에이피알,"124,800",상승,"1,600",+1.30%,100,"337,544","42,192","124,800","46,983","1,227",35.50,100,"749,381","123,600","124,900","5,651",17.77,100,"127,500","9,964","2,416","1,076",23.04,100,"121,600","2,966","37,647","7,228","3,515",100,0
94,두산밥캣,"47,600",상승,400,+0.85%,500,"229,222","10,986","47,600","45,627","8,714",10.33,500,"158,816","47,000","47,800","120,096",-37.31,500,"48,650","12,045","51,151","5,634",35.85,500,"47,000","4,179","95,856","85,512","4,606",500,"1,600"
95,CJ,"151,900",상승,"16,500",+12.19%,"5,000","578,240","86,198","151,900","44,320","25,475",54.54,"5,000","172,406","138,600","152,000","474,970",24.93,"5,000","154,100","2,189","297,506","1,512",11.07,"5,000","137,600","2,339","29,177","436,467","2,785","5,000","3,000"
96,오리온,"111,700",상승,900,+0.81%,500,"161,117","18,038","111,700","44,162","5,436",8.25,500,"63,348","111,700","111,800","43,084",10.40,500,"113,300","6,755","7,344","5,332",29.61,500,"110,900","4,456","39,536","31,043","13,534",500,"2,500"
97,KODEX 미국S&P500,"18,700",상승,250,+1.36%,0,"2,267,279","42,526","18,695","43,861",N/A,N/A,0,"2,722,122","18,760","18,700",N/A,N/A,0,"18,810","216,067",N/A,N/A,0.15,0,"18,700","258,464","234,550",N/A,N/A,0,N/A
98,삼성E&A,"21,850",상승,400,+1.86%,"5,000","853,163","18,612","21,850","42,826","9,716",5.74,"5,000","509,136","21,550","21,900","100,133",-2.17,"5,000","22,050","66,569","61,176","6,387",44.09,"5,000","21,400","121,675","196,000","99,666","3,804","5,000",660
99,키움증권,"173,000",상승,"10,600",+6.53%,"5,000","283,356","48,899","172,900","42,345","10,982",5.90,"5,000","253,315","165,900","173,000","556,884",94.50,"5,000","176,100","1,775","500,565","8,349",26.01,"5,000","165,500","1,550","24,477","112,803","29,304","5,000","7,500"
100,LG디스플레이,"8,420",상승,110,+1.32%,"5,000","1,100,984","9,258","8,420","42,100","-5,606",-2.06,"5,000","1,069,431","8,400","8,430","328,596",77.67,"5,000","8,490","99,697","247,868","-24,093",20.33,"5,000","8,340","90,783","500,000","266,153","-4,084","5,000",N/A
101,GS,"45,050",상승,"1,700",+3.92%,"5,000","597,109","26,885","45,050","41,858","30,602",10.35,"5,000","343,858","43,950","45,100","350,634",-17.78,"5,000","45,800","13,199","165,930","8,635",17.22,"5,000","43,850","9,273","92,915","252,975","4,351","5,000","2,700"
102,현대오토에버,"141,500",상승,"2,500",+1.80%,500,"33,133","4,686","141,400","38,805","2,244",23.52,500,"34,531","139,000","141,500","33,495",23.71,500,"142,700",400,"16,190","1,752",2.10,500,"138,300","1,044","27,424","37,136","6,016",500,"1,780"
103,KODEX KOFR금리액티브(합성),"110,435",상승,10,+0.01%,0,"397,192","43,863","110,430","38,686",N/A,N/A,0,"366,659","110,430","110,435",N/A,N/A,0,"110,435","376,943",N/A,N/A,0.00,0,"110,430","286,399","35,031",N/A,N/A,0,N/A
104,한미약품,"299,000",하락,"5,500",-1.81%,"2,500","84,301","25,151","298,500","38,305","2,162",35.17,"2,500","57,887","304,500","299,000","20,208",-2.04,"2,500","306,500","3,774","7,801","1,404",9.94,"2,500","295,500","5,436","12,811","14,955","8,502","2,500","1,250"
105,한국가스공사,"40,600",상승,700,+1.75%,"5,000","433,751","17,455","40,550","37,479","30,034",3.38,"5,000","672,020","40,200","40,600","576,696",93.34,"5,000","40,700","22,379","468,433","11,490",10.42,"5,000","39,000","30,526","92,313","383,887","12,001","5,000","1,455"
106,JB금융지주,"19,170",상승,790,+4.30%,"5,000","429,970","8,255","19,170","37,172","9,061",5.53,"5,000","460,016","18,480","19,200","667,219",13.26,"5,000","19,430","10,944","609,971","6,930",35.32,"5,000","18,470","2,129","193,908","46,238","3,469","5,000",995
107,현대제철,"27,650",상승,200,+0.73%,"5,000","539,669","14,852","27,650","36,898","1,595",-37.52,"5,000","652,675","27,500","27,700","347,438",-80.02,"5,000","27,900","24,709","154,102",88,18.01,"5,000","26,900","23,925","133,446","232,261",-737,"5,000",750
108,강원랜드,"17,220",상승,100,+0.58%,500,"510,909","8,813","17,220","36,841","2,858",8.40,500,"313,416","17,190","17,230","47,006",1.25,500,"17,310","17,097","8,170","4,569",13.49,500,"17,180","44,676","213,940","14,269","2,050",500,"1,170"
109,SK바이오사이언스,"46,150",상승,550,+1.21%,500,"148,575","6,884","46,150","36,167","-1,384",-75.16,500,"146,937","45,700","46,200","28,436","-1,054.77",500,"47,000","7,410","8,211",-501,6.35,500,"45,400","1,780","78,369","2,675",-614,500,0
110,엔씨소프트,"166,500",보합,0,0.00%,500,"199,578","33,449","166,500","35,871","-1,092",48.86,500,"330,236","166,800","166,700","39,539",-179.56,500,"169,000","8,959","8,904",941,35.70,500,"165,600",962,"21,544","15,781","3,408",500,"1,460"
111,BNK금융지주,"11,190",상승,440,+4.09%,"5,000","1,499,633","16,746","11,190","35,627","8,759",4.94,"5,000","869,696","10,920","11,200","1,524,705",9.33,"5,000","11,260","47,322","1,413,229","7,500",40.52,"5,000","10,870","63,153","318,384","100,314","2,266","5,000",650
112,CJ제일제당,"236,500",상승,"6,000",+2.60%,"5,000","88,774","20,883","236,000","35,603","15,530",52.43,"5,000","34,618","231,500","236,500","301,500",20.24,"5,000","238,000","4,522","179,072","3,618",20.35,"5,000","230,500","11,622","15,054","293,591","4,511","5,000","6,000"
113,현대차우,"149,900",상승,"3,400",+2.32%,"5,000","89,080","13,236","149,800","34,988",N/A,3.27,"5,000","68,966","147,500","149,900",N/A,N/A,"5,000","149,900",352,N/A,N/A,61.29,"5,000","147,500","4,233","23,341",N/A,"45,880","5,000",N/A
114,SKC,"90,300",상승,"1,900",+2.15%,"5,000","186,386","16,859","90,300","34,195","-2,768",-6.55,"5,000","151,714","90,000","90,400","67,487",-29.53,"5,000","91,400","7,572","44,559","-4,551",14.35,"5,000","89,500","7,153","37,868","17,216","-13,786","5,000",N/A
115,LG이노텍,"143,900",상승,"1,600",+1.12%,"5,000","84,779","12,213","143,900","34,057","7,060",8.59,"5,000","82,998","144,100","144,000","113,782",-15.02,"5,000","145,300","15,195","60,243","4,493",23.41,"5,000","143,000","1,734","23,667","212,008","16,750","5,000","2,090"
116,포스코DX,"21,800",상승,350,+1.63%,500,"293,993","6,419","21,750","33,144","1,090",39.49,500,"275,339","21,600","21,800","8,925",-1.42,500,"22,250","23,562","3,666",886,3.04,500,"21,550","37,079","152,035","14,733",552,500,125
117,롯데지주,"31,450",상승,"1,650",+5.54%,200,"971,543","30,189","31,400","32,994","3,405",-3.07,200,"424,513","30,850","31,450","226,603",-31.04,200,"31,850","9,324","134,605","-9,461",7.38,200,"30,300","21,404","104,909","157,570","-10,260",200,"1,200"
118,KODEX 종합채권(AA-이상)액티브,"118,160",하락,730,-0.61%,0,"111,866","13,235","118,160","32,651",N/A,N/A,0,"32,458","118,570","118,170",N/A,N/A,0,"118,730","23,261",N/A,N/A,0.00,0,"118,115","21,921","27,633",N/A,N/A,0,N/A
119,두산로보틱스,"49,750",상승,"2,300",+4.85%,500,"223,827","11,016","49,750","32,248",-412,-74.81,500,"116,399","48,000","49,800","4,217",-114.96,500,"49,750","7,339",192,-366,2.02,500,"47,900","22,698","64,820",468,-665,500,N/A
120,현대엘리베이터,"81,300",상승,"5,700",+7.54%,"5,000","487,337","39,560","81,200","31,782","2,257",15.20,"5,000","152,860","79,100","81,300","35,738",173.22,"5,000","83,800","12,618","22,315","1,939",29.10,"5,000","78,700","7,493","39,092","28,853","5,347","5,000","5,500"
121,TIGER 미국테크TOP10 INDXX,"23,010",상승,460,+2.04%,0,"922,155","21,286","23,005","31,512",N/A,N/A,0,"609,052","23,075","23,010",N/A,N/A,0,"23,150","100,953",N/A,N/A,0.79,0,"23,005","45,820","136,950",N/A,N/A,0,N/A
122,금호석유화학,"117,000",상승,"3,000",+2.63%,"5,000","104,191","12,251","117,000","30,958","2,728",9.62,"5,000","68,453","114,700","117,100","83,402",-24.00,"5,000","120,000","5,291","22,980","3,486",16.91,"5,000","114,600",781,"26,460","71,550","12,168","5,000","2,200"
123,에코프로머티,"44,200",상승,150,+0.34%,500,"590,271","26,507","44,200","30,910",-647,-73.67,500,"588,161","44,650","44,250","12,902",-837.74,500,"46,100","10,703","5,526",-427,23.44,500,"43,800","5,583","69,932","2,998",-600,500,0
124,이수페타시스,"40,050",상승,"1,950",+5.12%,"1,000","1,255,136","50,513","40,050","29,400","1,019",28.03,"1,000","764,947","39,100","40,100","7,901",63.87,"1,000","40,950","29,472","4,626",740,14.12,"1,000","39,100","20,957","73,409","8,369","1,429","1,000",143
125,시프트업,"49,250",상승,"1,100",+2.28%,200,"200,940","9,881","49,250","28,950","1,527",18.13,200,"350,551","48,700","49,300","8,038",37.47,200,"49,650","5,301",394,"1,480",37.38,200,"48,500","4,742","58,782","2,241","2,717",200,0
126,KCC,"325,000",상승,"23,000",+7.62%,"5,000","58,723","18,755","324,500","28,881","4,711",-24.57,"5,000","23,864","309,500","325,000","131,086",50.74,"5,000","327,500",953,"80,692","2,933",9.27,"5,000","307,500","3,866","8,886","66,588","-13,230","5,000","10,000"
127,F&F,"75,100",상승,400,+0.54%,100,"60,699","4,565","75,100","28,769","4,507",8.27,100,"36,271","74,300","75,300","22,859",-18.32,100,"75,800","2,638","7,086","3,560",11.40,100,"74,300","3,523","38,307","18,960","9,076",100,"1,700"
128,TIGER KOFR금리액티브(합성),"108,935",상승,5,0.00%,0,"66,124","7,203","108,930","28,676",N/A,N/A,0,"60,299","108,930","108,935",N/A,N/A,0,"108,935","65,348",N/A,N/A,0.00,0,"108,930","88,706","26,324",N/A,N/A,0,N/A
129,RISE 머니마켓액티브,"54,275",상승,15,+0.03%,0,"345,071","18,727","54,270","28,562",N/A,N/A,0,"423,108","54,270","54,275",N/A,N/A,0,"54,275","217,998",N/A,N/A,0.98,0,"54,265","195,176","52,624",N/A,N/A,0,N/A
130,영원무역,"61,500",상승,"1,800",+3.02%,500,"69,921","4,329","61,500","27,252","3,156",6.32,500,"42,810","58,500","61,600","53,897",-50.47,500,"62,900","2,511","14,941","2,945",29.23,500,"58,400","1,822","44,311","35,178","9,724",500,"1,400"
131,한화생명,"3,080",상승,170,+5.84%,"5,000","3,238,686","9,934","3,080","26,751","10,970",3.63,"5,000","1,546,491","2,965","3,085","1,601,464",3.78,"5,000","3,115","165,295","1,458,684","8,660",9.98,"5,000","2,955","181,723","868,530","245,852",849,"5,000",N/A
132,에스원,"69,500",상승,"3,000",+4.51%,500,"77,506","5,360","69,500","26,409","2,092",14.83,500,"28,833","66,600","69,600","23,227",-1.58,500,"69,800","7,257","6,620","1,767",56.06,500,"66,600","5,800","37,999","28,047","4,687",500,"2,700"
133,서울보증보험,"37,500",상승,"2,500",+7.14%,"2,500","427,755","15,765","37,450","26,183","2,797",12.29,"2,500","326,091","35,350","37,500","93,336",-46.64,"2,500","37,600","8,018","41,581","2,133",0.82,"2,500","35,300","20,504","69,822","27,513","3,052","2,500","2,865"
134,동서,"26,200",상승,900,+3.56%,500,"112,846","2,942","26,200","26,121",445,17.58,500,"55,788","25,150","26,300","17,791",1.66,500,"26,450","5,556",697,"1,590",4.29,500,"25,150","7,879","99,700","4,889","1,490",500,890
135,롯데케미칼,"60,200",상승,"1,000",+1.69%,"5,000","126,829","7,662","60,200","25,751","-8,941",-1.42,"5,000","83,953","59,800","60,300","345,523",-157.14,"5,000","61,300","6,782","145,644","-18,256",20.22,"5,000","59,000","6,133","42,775","204,304","-42,451","5,000","2,000"
136,한화비전,"50,800",하락,600,-1.17%,500,"687,605","35,152","50,700","25,648",-1,80.00,500,"337,227","52,100","50,800","15,911",N/A,500,"52,600","111,080","7,664",32,20.94,500,"50,500","19,191","50,488","4,933",635,500,N/A
137,KODEX 미국나스닥100,"19,805",상승,385,+1.98%,0,"899,906","17,876","19,800","25,618",N/A,N/A,0,"1,141,556","19,855","19,805",N/A,N/A,0,"19,910","109,212",N/A,N/A,0.22,0,"19,800","104,634","129,350",N/A,N/A,0,N/A
138,농심,"418,000",상승,"12,000",+2.96%,"5,000","40,227","16,759","418,000","25,425","1,631",16.28,"5,000","49,203","409,000","418,500","35,975",-23.10,"5,000","422,000",902,"9,249","1,576",17.39,"5,000","407,500","1,637","6,083","34,387","25,679","5,000","5,000"
139,TIGER 200,"37,110",상승,"1,025",+2.84%,0,"1,806,566","66,780","37,110","25,420",N/A,N/A,0,"1,335,921","36,660","37,115",N/A,N/A,0,"37,135","200,017",N/A,N/A,9.52,0,"36,600","181,928","68,500",N/A,N/A,0,N/A
140,코스맥스,"221,500",상승,"5,000",+2.31%,500,"89,048","20,034","221,500","25,139","1,754",33.66,500,"111,643","219,500","222,000","19,337",51.61,500,"229,500","1,343","14,249",884,35.19,500,"219,000","1,332","11,350","21,661","6,581",500,"2,300"
141,대한전선,"13,290",상승,650,+5.14%,"1,000","2,496,765","33,034","13,290","24,779","1,152",31.72,"1,000","514,500","12,870","13,300","26,427",44.28,"1,000","13,490","57,958","11,466",742,6.36,"1,000","12,860","31,675","186,447","32,913",419,"1,000",N/A
142,KODEX 200TR,"13,210",상승,335,+2.60%,0,"1,374,938","18,151","13,210","24,571",N/A,N/A,0,"440,103","13,045","13,220",N/A,N/A,0,"13,245","24,429",N/A,N/A,0.00,0,"13,045","81,693","186,000",N/A,N/A,0,N/A
143,TIGER 미국필라델피아반도체나스닥,"17,900",상승,860,+5.05%,0,"1,002,239","17,938","17,895","24,317",N/A,N/A,0,"704,711","17,900","17,900",N/A,N/A,0,"17,945","40,177",N/A,N/A,0.34,0,"17,840","99,194","135,850",N/A,N/A,0,N/A
144,한미사이언스,"35,300",상승,500,+1.44%,500,"147,983","5,212","35,300","24,142",989,45.78,500,"101,048","35,250","35,350","13,491",-20.57,500,"35,850","7,199","5,104",567,1.89,500,"34,750","6,008","68,392","12,834",771,500,300
145,이마트,"87,400",상승,"2,800",+3.31%,"5,000","192,828","16,726","87,300","24,119",471,-4.46,"5,000","384,728","85,300","87,400","339,306",200.35,"5,000","87,800","3,398","207,466","-5,734",20.58,"5,000","83,700","15,892","27,596","290,209","-19,614","5,000","2,000"
146,한화엔진,"28,050",하락,300,-1.06%,"1,000","961,616","26,595","28,000","23,407",715,27.97,"1,000","824,808","28,350","28,050","14,131",719.51,"1,000","28,400","52,225","10,198",792,11.67,"1,000","26,950","56,586","83,447","12,022","1,003","1,000",N/A
147,한전기술,"61,100",하락,800,-1.29%,200,"401,260","24,301","61,000","23,352",548,20.17,200,"231,805","61,300","61,100","9,468",91.88,200,"62,000","14,484","3,694",585,9.73,200,"58,800","12,333","38,220","5,534","3,029",200,999
148,KODEX 레버리지,"18,455",상승,970,+5.55%,0,"21,738,068","397,213","18,455","23,050",N/A,N/A,0,"18,218,842","17,960","18,460",N/A,N/A,0,"18,490","376,287",N/A,N/A,0.04,0,"17,955","811,066","124,900",N/A,N/A,0,N/A
149,현대해상,"25,100",상승,"1,150",+4.80%,500,"592,859","14,770","25,100","22,439","12,441",2.64,500,"486,933","24,200","25,150","485,238",67.33,500,"25,250","33,190","437,804","8,505",35.47,500,"24,050","36,079","89,400","173,245","9,514",500,N/A
150,롯데쇼핑,"79,300",상승,"1,700",+2.19%,"5,000","83,302","6,601","79,300","22,433","4,731",-2.18,"5,000","89,603","77,500","79,400","390,030",-6.94,"5,000","79,900","2,894","219,694","-9,941",8.01,"5,000","76,800","14,417","28,289","139,866","-36,401","5,000","3,800"
151,ACE 미국30년국채액티브(H),"7,550",하락,15,-0.20%,0,"2,780,265","21,019","7,550","22,310",N/A,N/A,0,"2,405,949","7,570","7,555",N/A,N/A,0,"7,575","585,974",N/A,N/A,0.01,0,"7,545","515,834","295,500",N/A,N/A,0,N/A
152,KODEX CD1년금리플러스액티브(합성),"1,022,395",상승,315,+0.03%,0,"7,991","8,169","1,022,395","22,052",N/A,N/A,0,"6,334","1,022,330","1,022,400",N/A,N/A,0,"1,022,400","387,894",N/A,N/A,0.00,0,"1,022,330","385,612","2,157",N/A,N/A,0,N/A
153,아모레퍼시픽홀딩스,"27,250",상승,350,+1.30%,500,"244,293","6,677","27,250","21,652","2,493",9.69,500,"281,833","27,100","27,300","85,405",64.00,500,"27,550","15,545","15,488","6,529",9.49,500,"27,000","17,184","79,458","42,599","2,813",500,330
154,제일기획,"18,550",상승,250,+1.37%,200,"315,581","5,873","18,550","21,340","3,207",11.05,200,"148,183","18,490","18,560","33,066",4.29,200,"18,760","12,610","18,325","2,083",24.72,200,"18,410","1,486","115,041","43,443","1,679",200,"1,230"
155,미스토홀딩스,"35,400",상승,350,+1.00%,"1,000","175,225","6,207","35,400","21,274","3,608",22.65,"1,000","106,547","35,000","35,450","55,364",18.88,"1,000","35,850","41,245","28,001","2,077",40.02,"1,000","34,900","8,533","60,096","42,687","1,563","1,000","1,200"
156,한온시스템,"3,080",상승,95,+3.18%,100,"833,620","2,548","3,080","20,906",955,-4.46,100,"1,996,570","3,000","3,085","106,203",-66.31,100,"3,090","77,527","76,215","-3,586",4.83,100,"3,000","53,268","678,763","99,987",-690,100,N/A
157,씨에스윈드,"49,200",하락,650,-1.30%,500,"820,104","40,650","49,200","20,748","2,555",7.52,500,"437,000","51,800","49,250","36,095",145.19,500,"52,300","20,156","24,092","1,437",12.20,500,"47,550","8,098","42,171","30,725","6,546",500,"1,000"
158,ACE 미국S&P500,"20,535",상승,270,+1.33%,0,"534,668","11,012","20,530","20,658",N/A,N/A,0,"437,554","20,605","20,535",N/A,N/A,0,"20,650","87,589",N/A,N/A,0.09,0,"20,535","77,729","100,600",N/A,N/A,0,N/A
159,산일전기,"67,800",하락,700,-1.02%,500,"230,152","15,771","67,700","20,642","1,092",21.10,500,"331,461","69,800","67,800","4,927",134.38,500,"69,800","21,638",584,837,9.24,500,"67,500","4,608","30,445","3,340","3,214",500,420
160,아시아나항공,"10,000",상승,40,+0.40%,"5,000","65,793",657,"10,000","20,599","2,757",-9.09,"5,000","79,896","9,980","10,030","134,499",-55.53,"5,000","10,030","8,588","124,468","-4,130",2.71,"5,000","9,960","17,670","205,991","83,186","-1,100","5,000",N/A
161,엘앤에프,"56,000",상승,"2,500",+4.67%,500,"322,568","18,035","55,900","20,337","-5,587",-5.39,500,"433,934","54,100","56,000","27,998",-151.32,500,"57,100","4,498","20,765","-3,807",16.29,500,"53,700","15,294","36,316","19,075","-10,395",500,0
162,한국콜마,"86,000",상승,"1,100",+1.30%,500,"210,516","18,130","85,900","20,300","1,939",20.93,500,"221,233","85,500","86,000","31,267",42.39,500,"87,000","5,417","16,210","1,253",37.24,500,"84,500","8,474","23,605","24,521","4,109",500,720
163,TIGER 미국배당다우존스,"11,465",상승,100,+0.88%,0,"1,158,490","13,318","11,465","20,104",N/A,N/A,0,"987,581","11,470","11,470",N/A,N/A,0,"11,525","81,997",N/A,N/A,0.00,0,"11,465","100,234","175,350",N/A,N/A,0,N/A
164,팬오션,"3,750",상승,45,+1.21%,"1,000","1,605,373","6,032","3,745","20,046","4,712",7.17,"1,000","1,023,101","3,730","3,750","102,715",22.11,"1,000","3,795","50,839","46,181","2,681",15.28,"1,000","3,730","128,772","534,570","51,612",523,"1,000",120
165,SK가스,"215,000",상승,"1,500",+0.70%,"5,000","16,620","3,554","214,500","19,877","2,872",8.07,"5,000","10,452","212,500","215,000","75,396",-5.41,"5,000","216,000","1,294","48,013","1,778",7.29,"5,000","211,000",648,"9,245","70,959","26,657","5,000","8,000"
166,GS건설,"23,100",상승,550,+2.44%,"5,000","692,500","15,996","23,100","19,769","2,860",14.22,"5,000","521,218","23,100","23,150","178,033",173.71,"5,000","23,400","33,339","127,162","2,639",22.67,"5,000","22,700","66,699","85,581","128,638","1,624","5,000",300
167,신영증권,"117,800",상승,"13,200",+12.62%,"5,000","130,856","15,159","117,700","19,366","1,704",15.79,"5,000","52,960","110,000","117,800","106,099",47.34,"5,000","119,500","1,909","89,215","1,494",7.14,"5,000","108,000","2,726","16,440","27,643","7,462","5,000","4,500"
168,호텔신라,"49,200",하락,650,-1.30%,"5,000","281,338","13,877","49,200","19,310",-52,-29.78,"5,000","222,221","50,300","49,250","38,139",-105.68,"5,000","50,400","23,193","25,295",-615,13.01,"5,000","48,850","2,730","39,248","39,476","-1,652","5,000",N/A
169,DL이앤씨,"49,650",상승,"1,150",+2.37%,"5,000","221,694","10,987","49,600","19,211","2,709",9.13,"5,000","197,120","49,300","49,650","97,124",-18.06,"5,000","50,100","16,324","48,667","2,292",31.49,"5,000","48,150","10,553","38,694","83,184","5,440","5,000",540
170,KODEX 코스닥150레버리지,"7,385",상승,105,+1.44%,0,"25,871,765","192,976","7,385","19,090",N/A,N/A,0,"24,024,401","7,400","7,390",N/A,N/A,0,"7,525","432,070",N/A,N/A,0.31,0,"7,360","426,795","258,500",N/A,N/A,0,N/A
171,CJ대한통운,"83,500",상승,"3,600",+4.51%,"5,000","147,399","12,228","83,500","19,048","5,307",8.10,"5,000","47,431","80,700","83,600","97,439",10.50,"5,000","84,100","1,519","55,183","2,683",13.29,"5,000","80,500","5,434","22,812","121,168","10,305","5,000",800
172,DB하이텍,"42,850",상승,550,+1.30%,"5,000","246,230","10,522","42,800","19,025","1,908",8.23,"5,000","822,558","42,700","42,850","23,969",-28.10,"5,000","43,350","7,804","3,962","2,294",26.46,"5,000","42,150","8,361","44,399","11,312","5,205","5,000","1,230"
173,한전KPS,"42,200",상승,200,+0.48%,200,"251,634","10,550","42,150","18,990","2,095",13.56,200,"188,113","41,750","42,200","16,902",5.08,200,"42,400","10,753","3,617","1,724",15.64,200,"41,300","8,659","45,000","15,571","3,113",200,"2,469"
174,더존비즈온,"62,400",상승,"6,100",+10.83%,500,"422,306","25,499","62,300","18,959",881,35.29,500,"183,168","57,500","62,400","10,376",27.50,500,"62,500","3,397","4,828",780,12.01,500,"56,700","10,908","30,383","4,023","1,768",500,477
175,BGF리테일,"109,500",상승,"7,700",+7.56%,"1,000","168,764","18,149","109,400","18,926","2,516",10.22,"1,000","45,088","102,100","109,500","34,026",-0.61,"1,000","110,200",418,"22,185","1,952",27.09,"1,000","102,000","1,476","17,284","86,988","10,714","1,000","4,100"
176,대웅제약,"163,000",하락,"5,500",-3.26%,"2,500","94,353","15,289","163,000","18,886","1,479",49.08,"2,500","159,220","165,000","163,400","19,770",20.68,"2,500","166,600","1,000","10,500",233,8.93,"2,500","158,400","2,006","11,587","14,227","3,321","2,500",600
177,iM금융지주,"11,340",상승,280,+2.53%,"5,000","665,647","7,523","11,330","18,869","2,634",8.93,"5,000","496,911","11,060","11,340","941,486",-50.69,"5,000","11,390","12,237","879,429","2,016",42.83,"5,000","11,060","31,777","166,393","80,505","1,270","5,000",500
178,동원산업,"46,850",상승,550,+1.19%,"1,000","51,855","2,423","46,850","18,564","5,013",26.17,"1,000","29,896","47,200","46,900","71,582",7.87,"1,000","47,500",706,"39,118","1,136",2.21,"1,000","46,000","1,644","39,624","89,442","1,790","1,000","1,000"
179,코리안리,"9,500",상승,230,+2.48%,500,"462,078","4,385","9,500","18,508","4,054",5.85,500,"261,679","9,280","9,510","131,604",11.48,500,"9,600","7,680","97,075","3,167",27.31,500,"9,280","10,362","194,821","69,579","1,625",500,515
180,풍산,"65,300",상승,"2,600",+4.15%,"5,000","307,688","19,733","65,200","18,300","3,238",7.60,"5,000","181,734","62,800","65,300","40,966",41.61,"5,000","65,300","3,418","18,973","2,360",20.15,"5,000","62,100","24,376","28,024","45,544","8,589","5,000","2,600"
181,대우건설,"4,395",상승,230,+5.52%,"5,000","2,859,570","12,387","4,390","18,267","4,031",9.06,"5,000","1,696,835","4,225","4,395","126,585",-39.15,"5,000","4,440","38,887","83,244","2,428",11.37,"5,000","4,180","183,034","415,623","105,036",485,"5,000",N/A
182,HD현대인프라코어,"9,460",상승,70,+0.75%,"1,000","1,513,432","14,276","9,450","18,219","1,842",22.91,"1,000","956,253","9,350","9,460","42,872",-55.97,"1,000","9,520","30,568","24,400","1,084",12.44,"1,000","9,240","107,708","192,591","41,142",413,"1,000",70
183,한국앤컴퍼니,"18,950",상승,210,+1.12%,500,"326,121","6,138","18,950","17,990","4,183",5.11,500,"455,707","18,650","18,960","51,364",63.03,500,"19,150","5,424","6,836","3,507",10.35,500,"18,200","3,064","94,935","13,910","3,709",500,"1,000"
184,달바글로벌,"145,200",하락,"6,800",-4.47%,100,"328,408","48,229","145,200","17,525",598,101.75,100,"586,570","149,000","145,300","1,361",84.44,100,"149,300","6,442",340,154,1.99,100,"144,700","1,875","12,070","3,091","1,427",100,305
185,TIGER 25-10 회사채(A+이상)액티브,"55,010",상승,15,+0.03%,0,"97,745","5,376","55,005","17,276",N/A,N/A,0,"97,871","55,005","55,010",N/A,N/A,0,"55,010","114,001",N/A,N/A,0.13,0,"55,000","111,768","31,406",N/A,N/A,0,N/A
186,영원무역홀딩스,"125,200",상승,"5,700",+4.77%,500,"29,471","3,715","125,200","17,072","5,170",5.15,500,"17,585","119,500","125,300","65,767",-40.75,500,"129,000",394,"15,896","4,956",20.31,500,"119,500","1,668","13,636","43,060","24,299",500,"5,350"
187,신세계,"175,200",상승,"4,400",+2.58%,"5,000","40,694","7,102","175,200","16,898","4,770",27.58,"5,000","49,843","169,100","175,700","150,718",-25.44,"5,000","177,900",871,"86,971","1,866",11.94,"5,000","169,100","1,054","9,645","65,704","6,353","5,000","4,500"
188,TIGER 차이나전기차SOLACTIVE,"9,430",상승,275,+3.00%,0,"951,699","8,975","9,430","16,469",N/A,N/A,0,"963,357","9,260","9,435",N/A,N/A,0,"9,495","16,510",N/A,N/A,0.42,0,"9,260","25,297","174,640",N/A,N/A,0,N/A
189,현대백화점,"72,400",상승,"1,700",+2.40%,"5,000","74,242","5,375","72,300","16,383","2,840",-46.03,"5,000","94,854","70,900","72,400","112,177",-6.40,"5,000","73,200","1,239","49,833",-8,22.67,"5,000","70,400","11,924","22,629","41,876","-1,573","5,000","1,400"
190,대웅,"28,000",상승,550,+2.00%,500,"371,354","10,380","27,950","16,280","2,819",25.85,500,"596,028","27,100","28,000","27,207",44.12,500,"28,550","1,135","12,182",689,5.13,500,"26,700","8,977","58,142","19,369","1,083",500,200
191,오뚜기,"399,500",상승,"8,500",+2.17%,"5,000","6,403","2,551","399,000","16,011","2,220",13.08,"5,000","4,368","391,500","399,500","35,974",-12.90,"5,000","401,000",276,"14,159","1,376",11.99,"5,000","391,500",701,"4,008","35,391","30,537","5,000","9,000"
192,HL만도,"33,550",상승,200,+0.60%,"1,000","328,612","11,050","33,550","15,754","3,588",86.47,"1,000","127,984","33,550","33,600","70,520",28.46,"1,000","34,100","24,112","43,793","1,582",27.08,"1,000","33,450","9,986","46,957","88,482",388,"1,000",700
193,KODEX 단기채권PLUS,"114,680",상승,10,+0.01%,0,"37,539","4,304","114,675","15,748",N/A,N/A,0,"73,666","114,670","114,680",N/A,N/A,0,"114,680","66,842",N/A,N/A,0.00,0,"114,665","69,266","13,732",N/A,N/A,0,N/A
194,SNT다이내믹스,"47,300",상승,"2,400",+5.35%,"2,500","137,377","6,362","47,250","15,729","1,105",15.57,"2,500","137,583","45,800","47,300","10,341",165.67,"2,500","47,450","1,213","2,437",961,8.39,"2,500","44,300","6,919","33,253","6,145","3,038","2,500","1,300"
195,TIGER MSCI Korea TR,"15,360",상승,435,+2.91%,0,"18,852",288,"15,340","15,498",N/A,N/A,0,"35,607","15,220","15,360",N/A,N/A,0,"15,360","10,514",N/A,N/A,0.00,0,"15,200",708,"100,900",N/A,N/A,0,N/A
196,HDC현대산업개발,"23,500",상승,150,+0.64%,"5,000","268,988","6,348","23,500","15,488","1,846",8.63,"5,000","271,400","23,600","23,550","74,619",-5.47,"5,000","23,950","15,021","43,473","1,557",12.94,"5,000","23,350","21,530","65,907","42,562","2,722","5,000",700
197,SK아이이테크놀로지,"21,650",상승,650,+3.10%,"1,000","109,742","2,387","21,650","15,436","-2,910",-7.50,"1,000","96,177","21,200","21,750","41,501",-680.51,"1,000","22,150","9,224","18,256","-2,466",6.31,"1,000","21,200","5,520","71,298","2,179","-2,886","1,000",N/A
198,ACE 미국나스닥100,"22,640",상승,435,+1.96%,0,"348,072","7,903","22,635","15,327",N/A,N/A,0,"401,155","22,720","22,640",N/A,N/A,0,"22,770","93,115",N/A,N/A,0.16,0,"22,640","80,419","67,700",N/A,N/A,0,N/A
199,HD현대마린엔진,"44,600",상승,"2,550",+6.06%,"2,500","709,667","30,913","44,550","15,129",332,17.29,"2,500","346,933","42,050","44,600","4,950",80.60,"2,500","45,100","4,188","1,856",758,14.30,"2,500","41,300","21,671","33,921","3,158","2,579","2,500",N/A
200,녹십자,"128,500",상승,"1,000",+0.78%,"5,000","34,527","4,468","128,500","15,017",321,52.28,"5,000","20,912","127,400","129,000","27,439",-6.76,"5,000","131,000","1,223","12,629",-426,19.48,"5,000","127,400","1,468","11,687","16,799","2,458","5,000","1,500"
201,한솔케미칼,"131,000",하락,"1,200",-0.91%,"5,000","60,050","7,906","130,900","14,849","1,288",11.66,"5,000","76,485","132,300","131,000","14,647",3.77,"5,000","134,500","2,047","3,932","1,249",31.23,"5,000","129,700","1,404","11,335","7,764","11,232","5,000","2,100"
202,RISE 종합채권(A-이상)액티브,"109,675",하락,690,-0.63%,0,"10,014","1,098","109,670","14,694",N/A,N/A,0,"2,518","110,230","109,675",N/A,N/A,0,"110,230","16,051",N/A,N/A,0.00,0,"109,535","17,989","13,398",N/A,N/A,0,N/A
203,에스엘,"31,200",상승,800,+2.63%,500,"99,674","3,081","31,200","14,492","3,952",4.12,500,"113,703","30,500","31,250","36,989",2.33,500,"31,550","6,792","13,016","3,820",16.09,500,"30,150","2,366","46,449","49,733","7,575",500,"1,200"
204,일진전기,"30,150",상승,150,+0.50%,"1,000","344,311","10,418","30,100","14,377",797,25.46,"1,000","431,605","30,600","30,150","12,490",31.25,"1,000","30,750","24,130","7,487",462,6.94,"1,000","30,000","22,714","47,685","15,772","1,184","1,000",300
205,OCI홀딩스,"76,400",상승,"4,900",+6.85%,"5,000","210,350","15,940","76,400","14,375","1,015",-18.56,"5,000","49,292","74,000","76,500","80,937",-80.89,"5,000","77,700","2,125","32,581","1,137",16.46,"5,000","72,500","6,363","18,815","35,774","-4,116","5,000","2,200"
206,에스디바이오센서,"11,630",상승,160,+1.39%,500,"261,706","3,045","11,630","14,159",-541,-13.63,500,"216,775","11,530","11,660","38,885",78.21,500,"11,810","10,830","9,562",-981,6.41,500,"11,520","10,280","121,749","6,946",-853,500,200
207,하이트진로,"20,150",상승,310,+1.56%,"5,000","196,470","3,951","20,150","14,132","2,081",13.34,"5,000","174,460","20,000","20,200","34,415",67.97,"5,000","20,250","15,098","22,920",957,9.35,"5,000","19,980","25,373","70,134","25,992","1,510","5,000",700
208,오리온홀딩스,"22,250",상승,"3,570",+19.11%,500,"1,136,734","24,211","22,200","13,939","5,062",9.13,500,"104,959","19,790","22,250","59,332",24.86,500,"22,450","10,533","10,545","4,795",11.61,500,"19,650","19,326","62,645","31,952","2,436",500,800
209,두산우,"343,000",상승,"19,500",+6.03%,"5,000","72,326","24,368","343,000","13,708",N/A,-35.40,"5,000","63,430","327,000","343,500",N/A,N/A,"5,000","346,500","1,503",N/A,N/A,1.08,"5,000","324,000","3,225","3,996",N/A,"-9,690","5,000",N/A
210,SK리츠,"4,820",상승,20,+0.42%,500,"497,999","2,406","4,820","13,312",354,"1,205.00",500,"209,498","4,815","4,850","44,335",-1.11,500,"4,870","16,834","31,687",23,7.79,500,"4,800","95,543","276,189",524,4,500,66
211,KODEX 200선물인버스2X,"1,806",하락,108,-5.64%,0,"198,763,073","362,275","1,805","13,222",N/A,N/A,0,"181,814,907","1,859","1,806",N/A,N/A,0,"1,861","15,137,536",N/A,N/A,0.92,0,"1,802","5,736,216","732,100",N/A,N/A,0,N/A
212,RISE 200,"37,375",상승,"1,025",+2.82%,0,"987,910","36,780","37,375","13,100",N/A,N/A,0,"362,138","36,885","37,380",N/A,N/A,0,"37,400","59,654",N/A,N/A,0.05,0,"36,865","79,391","35,050",N/A,N/A,0,N/A
213,한일시멘트,"18,840",상승,780,+4.32%,500,"101,586","1,900","18,840","13,049","2,714",9.30,500,"70,324","18,380","18,890","29,883",10.09,500,"18,940","1,078","11,495","1,990",4.52,500,"18,240","5,364","69,262","17,417","2,025",500,"1,000"
214,DN오토모티브,"22,300",상승,600,+2.76%,100,"65,491","1,447","22,300","13,048","5,229",4.26,100,"46,564","21,750","22,350","50,060",6.63,100,"22,400","4,242","28,353","3,182",5.23,100,"21,750","13,301","58,511","34,345","5,240",100,"1,000"
215,TIGER 25-12 금융채(AA-이상),"51,230",상승,10,+0.02%,0,"6,975",357,"51,225","13,045",N/A,N/A,0,497,"51,230","51,230",N/A,N/A,0,"51,240","119,736",N/A,N/A,0.00,0,"51,230","118,719","25,464",N/A,N/A,0,N/A
216,한올바이오파마,"24,900",하락,850,-3.30%,500,"275,743","6,961","24,850","13,008",2,-778.12,500,"114,451","25,750","24,900","2,129",-89.58,500,"26,100","18,859",445,-18,8.03,500,"24,800","10,562","52,241","1,389",-32,500,N/A
217,GS리테일,"15,390",상승,440,+2.94%,"1,000","252,316","3,890","15,390","12,867","2,391",-57.00,"1,000","169,002","14,980","15,450","75,816",-18.05,"1,000","15,590","7,195","44,001",98,8.51,"1,000","14,980","9,063","83,607","116,269",-270,"1,000",500
218,메리츠 KIS CD금리투자 ETN,"53,910",상승,10,+0.02%,0,43,2,"53,910","12,858",N/A,N/A,0,45,"53,910","53,920",N/A,N/A,0,"53,910","39,957",N/A,N/A,0.00,0,"53,910","40,000","23,850",N/A,N/A,0,N/A
219,ACE KRX금현물,"20,770",상승,30,+0.14%,0,"866,929","18,082","20,770","12,857",N/A,N/A,0,"668,608","20,810","20,780",N/A,N/A,0,"20,940","100,923",N/A,N/A,0.71,0,"20,770","29,767","61,900",N/A,N/A,0,N/A
220,TIGER 미국30년국채커버드콜액티브(H),"7,880",하락,5,-0.06%,0,"1,300,964","10,248","7,875","12,852",N/A,N/A,0,"840,217","7,875","7,880",N/A,N/A,0,"7,890","356,755",N/A,N/A,0.02,0,"7,865","252,753","163,100",N/A,N/A,0,N/A
221,금호타이어,"4,405",상승,15,+0.34%,"5,000","560,915","2,475","4,405","12,654","5,886",3.79,"5,000","362,276","4,405","4,410","53,628",43.21,"5,000","4,455","49,187","34,580","3,516",8.47,"5,000","4,380","37,698","287,260","45,322","1,163","5,000",N/A
222,현대지에프홀딩스,"8,100",상승,710,+9.61%,500,"751,276","5,997","8,090","12,628","1,981",1.55,500,"306,043","7,510","8,100","100,849","1,895.39",500,"8,190","4,358","30,927","7,920",5.00,500,"7,510","17,740","155,904","74,093","5,233",500,210
223,이수스페셜티케미컬,"41,400",상승,650,+1.60%,"1,000","348,573","14,664","41,400","12,506",142,86.07,"1,000","338,459","41,300","41,450","2,995",332.14,"1,000","43,300","26,536","1,779",105,5.52,"1,000","41,250","3,704","30,208","3,321",481,"1,000",N/A
224,HD현대건설기계,"70,200",하락,"1,000",-1.40%,"5,000","91,886","6,479","70,200","12,399","1,904",15.80,"5,000","80,335","70,800","70,300","33,246",-25.97,"5,000","71,200","8,830","15,308",860,17.37,"5,000","69,800","7,282","17,662","34,381","4,443","5,000",500
225,HDC,"20,450",상승,950,+4.87%,"5,000","333,277","6,768","20,450","12,217","3,447",6.34,"5,000","118,865","19,500","20,500","123,983",10.25,"5,000","20,700","9,731","72,995","2,603",21.18,"5,000","19,500","14,492","59,742","62,003","3,226","5,000",350
226,대신증권,"24,000",상승,900,+3.90%,"5,000","374,311","9,024","24,000","12,186",836,14.93,"5,000","264,423","23,550","24,050","263,961",-48.18,"5,000","24,500","7,937","230,807","1,442",10.01,"5,000","23,400","18,967","50,773","40,939","1,607","5,000","1,200"
227,파라다이스,"13,210",상승,400,+3.12%,500,"572,714","7,596","13,200","12,123","1,361",15.01,500,"595,984","13,020","13,210","39,338",-6.67,500,"13,430","15,226","18,586","1,107",5.38,500,"12,970","70,355","91,772","10,721",880,500,150
228,다우기술,"26,950",상승,550,+2.08%,500,"210,972","5,712","26,950","12,092","11,747",3.41,500,"142,045","26,650","27,000","571,479",83.58,500,"27,550","7,559","508,554","8,528",24.27,500,"26,500","8,061","44,867","116,258","7,909",500,"1,400"
229,KODEX 삼성그룹,"8,885",상승,210,+2.42%,0,"514,263","4,545","8,880","12,084",N/A,N/A,0,"481,984","8,740","8,885",N/A,N/A,0,"8,885","75,330",N/A,N/A,13.55,0,"8,730","54,281","136,000",N/A,N/A,0,N/A
230,KODEX 코스닥150,"12,105",상승,85,+0.71%,0,"6,081,582","73,955","12,105","11,990",N/A,N/A,0,"7,180,038","12,125","12,110",N/A,N/A,0,"12,225","117,127",N/A,N/A,0.87,0,"12,080","130,070","99,050",N/A,N/A,0,N/A
231,가온전선,"72,200",하락,100,-0.14%,"5,000","109,286","7,830","72,200","11,944",450,21.62,"5,000","94,480","72,300","72,300","10,429",2.96,"5,000","74,000","4,003","5,892",254,2.75,"5,000","70,900","2,765","16,543","17,271","3,339","5,000",N/A
232,두산퓨얼셀,"18,040",상승,170,+0.95%,100,"477,198","8,683","18,040","11,815",-17,-72.45,100,"545,554","18,880","18,050","11,797",N/A,100,"18,880","13,713","6,808",-105,10.23,100,"17,790","5,285","65,494","4,118",-249,100,N/A
233,롯데렌탈,"32,450",하락,750,-2.26%,"5,000","70,045","2,287","32,450","11,782","2,848",9.87,"5,000","72,670","33,200","32,500","70,066",-6.68,"5,000","33,350","4,042","55,380","1,027",6.69,"5,000","32,150","9,019","36,309","27,924","3,288","5,000","1,200"
234,종근당,"85,100",하락,400,-0.47%,"2,500","18,318","1,565","85,100","11,746",995,12.33,"2,500","19,161","86,000","85,400","14,588",-59.67,"2,500","86,100","1,695","5,624","1,114",14.88,"2,500","85,000","1,080","13,803","15,864","6,903","2,500","1,050"
235,현대위아,"42,900",상승,"1,000",+2.39%,"5,000","52,508","2,243","42,850","11,667","2,188",6.46,"5,000","56,268","42,100","42,900","70,760",-6.01,"5,000","43,150","4,079","30,497","1,295",15.22,"5,000","42,000","2,827","27,195","81,809","6,638","5,000","1,100"
236,롯데에너지머티리얼즈,"22,250",상승,400,+1.83%,500,"92,117","2,043","22,200","11,651",-644,-26.39,500,"85,665","22,000","22,250","22,820",-645.89,500,"22,550","4,799","3,801",288,7.46,500,"21,950","7,945","52,365","9,023",-843,500,N/A
237,엠앤씨솔루션,"126,800",하락,"4,100",-3.13%,100,"63,229","7,986","126,700","11,607",348,37.74,100,"45,651","133,000","126,800","3,571",68.59,100,"133,400",705,"1,917",270,5.72,100,"121,000",307,"9,154","2,828","3,360",100,"1,480"
238,SK오션플랜트,"19,450",상승,240,+1.25%,500,"696,153","13,658","19,440","11,514",418,68.97,500,"481,334","20,000","19,450","14,219",-44.72,500,"20,350","6,026","7,084",169,4.85,500,"18,990","3,984","59,196","6,626",282,500,N/A
239,ACE 테슬라밸류체인액티브,"15,065",상승,290,+1.96%,0,"1,446,477","21,823","15,060","11,480",N/A,N/A,0,"2,947,647","14,960","15,065",N/A,N/A,0,"15,125","158,756",N/A,N/A,0.48,0,"14,930","141,813","76,200",N/A,N/A,0,N/A
240,코스모신소재,"35,050",상승,"1,850",+5.57%,"1,000","661,229","23,710","35,050","11,395",250,76.20,"1,000","411,520","34,000","35,100","7,845",-22.65,"1,000","37,650","7,579","2,890",176,8.83,"1,000","33,900","5,722","32,511","5,697",460,"1,000",N/A
241,한국카본,"21,750",하락,150,-0.68%,500,"518,917","11,212","21,700","11,290",454,26.79,500,"326,126","21,800","21,750","8,790",176.01,500,"21,900","33,028","4,047",203,11.57,500,"21,150","35,688","51,908","7,417",812,500,130
242,경동나비엔,"77,400",상승,"2,000",+2.65%,"1,000","49,059","3,768","77,100","11,276","1,326",8.63,"1,000","37,545","75,500","77,400","13,589",25.18,"1,000","77,800",783,"6,635","1,243",10.54,"1,000","75,500","3,071","14,569","13,539","8,968","1,000",650
243,쿠쿠홀딩스,"31,600",상승,"1,650",+5.51%,100,"57,340","1,787","31,500","11,238","1,032",8.16,100,"23,615","30,050","31,600","13,699",19.16,100,"32,000",556,"1,735","1,370",11.96,100,"30,000","3,925","35,562","8,338","3,873",100,"1,200"
244,효성,"67,100",상승,"2,500",+3.87%,"5,000","112,718","7,519","67,100","11,233","2,211",2.31,"5,000","108,500","66,400","67,200","43,409",283.53,"5,000","68,200","1,692","18,364","4,843",7.97,"5,000","65,100","3,564","16,740","22,728","29,071","5,000","3,000"
245,롯데웰푸드,"120,700",상승,"3,700",+3.16%,500,"10,929","1,313","120,600","11,231","1,571",13.12,500,"9,566","119,000","120,700","43,417",-11.25,500,"121,300",373,"21,153",820,13.13,500,"118,000",601,"9,305","40,443","9,197",500,"3,300"
246,태광산업,"997,000",상승,"72,000",+7.78%,"5,000","6,955","6,955","996,000","11,101",-272,4.43,"5,000","4,087","947,000","997,000","47,223",72.66,"5,000","1,037,000",33,"7,067","2,184",4.93,"5,000","947,000",201,"1,113","21,219","225,266","5,000","1,750"
247,LX인터내셔널,"28,500",상승,450,+1.60%,"5,000","135,661","3,873","28,500","11,047","4,892",5.65,"5,000","126,505","28,100","28,550","89,309",12.95,"5,000","28,750","13,544","56,113","2,695",22.05,"5,000","28,100","33,590","38,760","166,376","5,044","5,000","2,000"
248,RISE CD금리액티브(합성),"103,990",상승,30,+0.03%,0,"98,995","10,294","103,985","11,008",N/A,N/A,0,"2,924","103,985","103,990",N/A,N/A,0,"103,995","39,386",N/A,N/A,0.00,0,"103,985","38,439","10,586",N/A,N/A,0,N/A
249,효성티앤씨,"252,000",상승,"11,500",+4.78%,"5,000","14,559","3,663","252,000","10,906","2,707",9.97,"5,000","6,019","242,000","252,500","47,242",26.87,"5,000","255,500",556,"29,042","1,838",17.43,"5,000","242,000","1,218","4,328","77,761","25,287","5,000","10,000"
250,미래에셋생명,"6,050",상승,620,+11.42%,"5,000","298,203","1,772","6,000","10,709","1,221",8.81,"5,000","78,072","5,440","6,050","324,936",-17.88,"5,000","6,110","8,077","299,300","1,361",1.14,"5,000","5,440","27,817","177,016","47,961",687,"5,000",N/A
251,더블유게임즈,"49,800",상승,50,+0.10%,500,"48,771","2,428","49,800","10,705","2,487",6.14,500,"50,991","49,600","49,850","16,463",16.62,500,"50,300","7,118",899,"2,433",17.46,500,"49,500","2,001","21,496","6,335","8,108",500,"1,200"
252,SK케미칼,"61,900",상승,"3,000",+5.09%,"5,000","92,400","5,636","61,900","10,680",-452,36.43,"5,000","185,801","58,900","62,000","53,670",-154.23,"5,000","62,100","2,745","23,341",-44,11.11,"5,000","58,900","5,399","17,254","17,368","1,699","5,000","1,150"
253,롯데리츠,"3,695",상승,15,+0.41%,500,"315,643","1,173","3,695","10,677",420,43.47,500,"246,335","3,680","3,725","26,236",16.25,500,"3,755","31,061","14,542",106,7.72,500,"3,680","40,178","288,969",656,85,500,112
254,TIGER 차이나항셍테크,"7,895",상승,195,+2.53%,0,"1,419,460","11,214","7,890","10,516",N/A,N/A,0,"1,634,807","7,865","7,895",N/A,N/A,0,"7,965","112,977",N/A,N/A,0.41,0,"7,840","154,362","133,200",N/A,N/A,0,N/A
255,DL,"49,900",상승,"5,500",+12.39%,"5,000","351,715","17,034","49,900","10,457","4,125",26.11,"5,000","96,467","44,200","50,000","125,353",173.74,"5,000","50,400","3,166","77,492",948,14.00,"5,000","44,200","8,811","20,956","56,154","1,911","5,000","1,000"
256,LS에코에너지,"33,600",상승,"1,000",+3.07%,500,"73,470","2,454","33,550","10,290",448,29.19,500,"81,751","32,850","33,600","4,887",51.81,500,"33,800","3,663","2,917",353,3.38,500,"32,850","8,687","30,625","8,690","1,151",500,200
257,한화투자증권,"4,790",상승,420,+9.61%,"5,000","6,429,290","30,076","4,785","10,277",40,27.06,"5,000","2,312,820","4,500","4,790","140,181",-87.39,"5,000","4,800","61,722","123,119",389,8.66,"5,000","4,495","133,498","214,548","24,958",177,"5,000",N/A
258,롯데칠성,"110,600",상승,"2,900",+2.69%,500,"23,207","2,553","110,600","10,262","1,849",22.91,500,"16,552","107,700","110,700","43,725",-12.22,500,"110,800",459,"27,941",600,11.46,500,"107,700","1,280","9,279","40,245","4,828",500,"3,400"
259,TIGER CD1년금리액티브(합성),"1,045,710",상승,285,+0.03%,0,"17,507","18,307","1,045,705","10,046",N/A,N/A,0,"10,456","1,045,705","1,045,710",N/A,N/A,0,"1,045,710","218,152",N/A,N/A,0.00,0,"1,045,705","216,845",961,N/A,N/A,0,N/A
260,LX세미콘,"61,700",상승,"1,400",+2.32%,500,"34,761","2,141","61,700","10,035","1,671",7.39,500,"32,823","60,600","61,800","14,998",29.48,500,"62,100","1,658","4,202","1,305",30.96,500,"60,600","5,694","16,264","18,656","8,349",500,"2,400"
261,롯데관광개발,"13,150",상승,440,+3.46%,500,"811,143","10,686","13,140","10,022",390,-9.84,500,"1,312,839","13,140","13,150","21,666",164.36,500,"13,300","9,069","18,536","-1,166",6.16,500,"13,050","18,157","76,212","4,715","-1,336",500,0
262,TIGER TOP10,"11,315",상승,375,+3.43%,0,"428,467","4,812","11,235","9,935",N/A,N/A,0,"142,630","11,170","11,315",N/A,N/A,0,"11,315","61,675",N/A,N/A,31.28,0,"11,105","81,233","87,800",N/A,N/A,0,N/A
263,KODEX 25-12 은행채(AAA)액티브,"102,760",상승,30,+0.03%,0,883,90,"102,755","9,931",N/A,N/A,0,598,"102,755","102,760",N/A,N/A,0,"102,760","51,667",N/A,N/A,0.00,0,"102,755","56,282","9,664",N/A,N/A,0,N/A
264,하나 CD금리투자 ETN,"104,100",상승,25,+0.02%,0,28,2,"104,100","9,890",N/A,N/A,0,"13,516","104,100","104,105",N/A,N/A,0,"104,100","189,972",N/A,N/A,0.00,0,"104,100","190,000","9,500",N/A,N/A,0,N/A
265,한샘,"42,000",상승,750,+1.82%,"1,000","35,383","1,493","42,000","9,884",312,8.81,"1,000","29,850","41,250","42,100","10,673","1,504.29","1,000","42,700","1,632","7,166","1,511",13.67,"1,000","41,250","2,069","23,534","19,084","4,768","1,000","8,530"
266,KB발해인프라,"7,980",상승,120,+1.53%,0,"68,935",548,"7,970","9,779",N/A,N/A,0,"91,855","7,920","7,980",N/A,N/A,0,"8,000","4,033",N/A,N/A,0.09,0,"7,860","10,789","122,546",N/A,N/A,0,N/A
267,롯데정밀화학,"37,800",상승,600,+1.61%,"5,000","31,667","1,203","37,800","9,752",504,-52.28,"5,000","45,913","37,450","37,900","27,139",-67.46,"5,000","38,350","4,932","3,452",364,16.75,"5,000","37,350","3,550","25,800","16,705",-723,"5,000","1,400"
268,1Q 머니마켓액티브,"52,280",상승,10,+0.02%,0,"249,219","13,028","52,275","9,730",N/A,N/A,0,"80,376","52,280","52,280",N/A,N/A,0,"52,285","154,136",N/A,N/A,0.00,0,"52,270","252,521","18,612",N/A,N/A,0,N/A
269,TIGER 미국배당다우존스타겟커버드콜2호,"9,340",상승,60,+0.65%,0,"666,275","6,232","9,340","9,672",N/A,N/A,0,"435,613","9,325","9,345",N/A,N/A,0,"9,415","186,127",N/A,N/A,0.01,0,"9,325","91,565","103,550",N/A,N/A,0,N/A
270,SK디스커버리,"52,000",상승,"4,100",+8.56%,"5,000","133,403","6,771","52,000","9,541","1,726",12.88,"5,000","32,790","48,100","52,100","150,777",-32.78,"5,000","52,300","4,238","86,243",319,14.01,"5,000","48,100","11,310","18,348","90,396","4,037","5,000","1,700"
271,ESR켄달스퀘어리츠,"4,450",상승,120,+2.77%,"1,000","434,920","1,929","4,450","9,482",266,57.05,"1,000","239,217","4,375","4,455","25,252",9.74,"1,000","4,580","18,842","14,405",36,42.53,"1,000","4,370","6,514","213,089",569,78,"1,000",137
272,세방전지,"67,600",상승,"2,100",+3.21%,500,"53,664","3,584","67,600","9,464","1,797",5.42,500,"36,136","65,900","67,700","20,941",38.30,500,"67,800","3,743","5,863","1,723",25.26,500,"65,900","4,378","14,000","20,595","12,471",500,"1,100"
273,세아제강지주,"227,500",상승,"5,000",+2.25%,"5,000","11,218","2,567","227,000","9,422","2,116",20.33,"5,000","22,540","221,000","228,500","55,556",-64.19,"5,000","232,000",430,"28,974","1,170",7.26,"5,000","220,500",559,"4,142","36,751","11,193","5,000","1,800"
274,RISE 미국S&P500,"17,775",상승,240,+1.37%,0,"457,031","8,142","17,770","9,421",N/A,N/A,0,"187,379","17,810","17,775",N/A,N/A,0,"17,875","144,221",N/A,N/A,0.01,0,"17,775","208,401","53,000",N/A,N/A,0,N/A
275,지역난방공사,"81,200",상승,"3,200",+4.10%,"5,000","79,776","6,336","81,200","9,402","3,279",3.12,"5,000","45,857","77,300","81,300","83,622",4.20,"5,000","81,400",738,"60,940","2,099",4.06,"5,000","74,800","1,107","11,579","35,703","26,013","5,000","3,879"
276,삼성화재우,"303,000",상승,"17,000",+5.94%,500,"48,956","14,625","302,500","9,392",N/A,7.39,500,"19,759","290,500","303,000",N/A,N/A,500,"303,000",693,N/A,N/A,27.82,500,"287,500","2,310","3,100",N/A,"41,007",500,N/A
277,SNT홀딩스,"57,500",상승,"4,600",+8.70%,500,"126,231","7,184","57,400","9,375","2,312",6.51,500,"47,555","53,000","57,500","28,326",29.14,500,"58,750",841,"6,994","2,465",12.12,500,"52,900","2,368","16,304","18,205","8,835",500,"1,600"
278,SK네트웍스,"4,235",상승,140,+3.42%,"2,500","1,201,724","5,073","4,230","9,371","1,139",26.97,"2,500","379,666","4,105","4,235","51,571",41.44,"2,500","4,300","32,832","31,038",463,14.28,"2,500","4,105","22,294","221,278","76,573",157,"2,500",300
279,STX엔진,"23,300",상승,550,+2.42%,"2,500","247,289","5,695","23,300","9,354",422,18.36,"2,500","185,349","23,000","23,350","9,688",123.85,"2,500","23,400","7,993","6,922",272,3.35,"2,500","22,200","18,364","40,148","7,246","1,269","2,500",0
280,RISE 미국나스닥100,"21,940",상승,410,+1.90%,0,"331,879","7,305","21,935","9,346",N/A,N/A,0,"268,081","22,000","21,940",N/A,N/A,0,"22,070","12,070",N/A,N/A,0.01,0,"21,940","19,448","42,600",N/A,N/A,0,N/A
281,동양생명,"5,790",상승,280,+5.08%,"5,000","326,869","1,872","5,780","9,343","3,681",2.97,"5,000","111,947","5,560","5,790","345,472",25.08,"5,000","5,830","9,355","325,805","3,143",81.17,"5,000","5,560","5,314","161,359","34,994","1,948","5,000",N/A
282,동원시스템즈,"32,200",상승,150,+0.47%,"5,000","29,808",967,"32,200","9,335",919,13.95,"5,000","43,251","32,050","32,400","15,526",13.67,"5,000","32,900",653,"7,162",725,14.23,"5,000","31,900","1,336","28,991","13,343","2,309","5,000",600
283,SOL 조선TOP3플러스,"25,170",상승,440,+1.78%,0,"2,810,116","69,690","25,165","9,288",N/A,N/A,0,"1,909,939","24,730","25,170",N/A,N/A,0,"25,210","8,994",N/A,N/A,0.45,0,"24,120","25,185","36,900",N/A,N/A,0,N/A
284,코오롱인더,"33,000",상승,350,+1.07%,"5,000","101,037","3,365","33,000","9,081","1,587",10.31,"5,000","82,816","32,900","33,100","72,481",-20.50,"5,000","33,900","6,200","34,750","1,106",12.78,"5,000","32,800",944,"27,519","48,430","3,202","5,000","1,300"
285,SNT에너지,"43,800",상승,"1,200",+2.82%,500,"181,487","7,901","43,750","9,058",222,26.12,500,"124,774","41,900","43,800","5,166",7.04,500,"44,050","2,096","2,103",346,5.81,500,"41,700","5,106","20,681","2,943","1,677",500,500
286,HS효성첨단소재,"201,000",상승,"6,900",+3.55%,"5,000","14,677","2,967","201,000","9,005","2,197",28.10,"5,000","9,476","197,000","202,000","38,208",26.22,"5,000","206,000",834,"26,634",782,12.47,"5,000","196,000","2,700","4,480","33,112","7,152","5,000","6,500"
287,교보증권,"7,850",상승,420,+5.65%,"5,000","348,891","2,741","7,840","8,946","1,139",7.60,"5,000","301,627","7,670","7,850","158,983",62.11,"5,000","7,990","5,315","139,126","1,177",1.71,"5,000","7,590","20,720","113,963","31,663","1,033","5,000",500
288,미래에셋증권2우B,"6,480",상승,520,+8.72%,"5,000","4,443,778","28,528","6,470","8,910",N/A,5.27,"5,000","3,640,741","6,090","6,480",N/A,N/A,"5,000","6,650","72,893",N/A,N/A,10.60,"5,000","6,090","197,411","137,500",N/A,"1,229","5,000",N/A
289,TIGER 종합채권(AA-이상)액티브,"56,565",하락,400,-0.70%,0,"28,191","1,595","56,560","8,850",N/A,N/A,0,"19,676","56,925","56,565",N/A,N/A,0,"56,925","32,232",N/A,N/A,0.00,0,"56,485","36,803","15,646",N/A,N/A,0,N/A
290,GKL,"14,290",하락,420,-2.86%,500,"360,297","5,271","14,290","8,839",383,22.68,500,"365,033","14,880","14,310","6,162",-24.88,500,"15,100","7,894","2,027",331,13.50,500,"14,240","12,460","61,856","3,964",630,500,282
291,미원상사,"184,500",상승,500,+0.27%,500,"2,092",385,"184,000","8,764",599,15.91,500,"3,117","184,000","184,500","4,787",-10.85,500,"186,000",168,782,505,3.22,500,"182,300",215,"4,750","4,358","11,599",500,"2,000"
292,NICE평가정보,"14,700",상승,500,+3.52%,500,"97,130","1,424","14,670","8,747",868,11.36,500,"41,664","14,200","14,700","5,857",32.85,500,"14,880",415,"1,689",760,32.67,500,"14,130",352,"59,507","5,350","1,294",500,460
293,TIGER 단기통안채,"110,575",상승,25,+0.02%,0,"11,207","1,239","110,565","8,649",N/A,N/A,0,"9,012","110,565","110,575",N/A,N/A,0,"110,580","19,883",N/A,N/A,1.51,0,"110,560","10,796","7,822",N/A,N/A,0,N/A
294,SOL 종합채권(AA-이상)액티브,"114,515",하락,755,-0.65%,0,"4,171",477,"114,470","8,631",N/A,N/A,0,213,"114,885","114,505",N/A,N/A,0,"114,920","18,015",N/A,N/A,0.00,0,"114,365","17,395","7,537",N/A,N/A,0,N/A
295,빙그레,"89,800",상승,"1,400",+1.58%,"5,000","31,193","2,795","89,800","8,581","1,313",9.17,"5,000","31,833","89,900","90,000","10,031",16.95,"5,000","90,400","3,274","2,812","1,032",20.98,"5,000","89,000","2,056","9,556","14,630","9,794","5,000","3,300"
296,PLUS 고배당주,"17,705",상승,725,+4.27%,0,"1,688,660","29,691","17,705","8,562",N/A,N/A,0,"1,793,204","17,190","17,710",N/A,N/A,0,"17,710","27,878",N/A,N/A,0.36,0,"17,175","38,471","48,360",N/A,N/A,0,N/A
297,태영건설,"2,890",상승,95,+3.40%,500,"327,751",949,"2,890","8,510",206,52.55,500,"154,543","2,820","2,910","43,239",105.10,500,"2,955","11,923","37,967",668,0.19,500,"2,805","40,013","294,468","26,862",55,500,0
298,KIWOOM 200TR,"48,075",상승,"1,325",+2.83%,0,"111,284","5,321","48,055","8,509",N/A,N/A,0,"95,423","47,385","48,075",N/A,N/A,0,"48,095","3,760",N/A,N/A,0.01,0,"47,385","14,270","17,700",N/A,N/A,0,N/A
299,SOL 초단기채권액티브,"53,220",상승,15,+0.03%,0,"194,903","10,373","53,220","8,482",N/A,N/A,0,"220,723","53,220","53,225",N/A,N/A,0,"53,225","92,447",N/A,N/A,0.01,0,"53,220","121,470","15,938",N/A,N/A,0,N/A
300,세아베스틸지주,"23,150",상승,450,+1.98%,"5,000","179,142","4,148","23,150","8,302",523,81.23,"5,000","246,919","22,300","23,200","38,266",-73.39,"5,000","23,800","5,777","17,952",203,7.01,"5,000","22,200","7,393","35,862","36,361",285,"5,000","1,200"
301,KODEX 2차전지산업,"9,880",상승,135,+1.39%,0,"1,982,253","19,719","9,880","8,270",N/A,N/A,0,"2,334,446","9,865","9,890",N/A,N/A,0,"10,075","105,528",N/A,N/A,0.31,0,"9,840","25,382","83,700",N/A,N/A,0,N/A
302,미원에스씨,"164,000",상승,500,+0.31%,500,"2,076",341,"162,800","8,200",588,14.33,500,"1,428","164,700","164,000","5,121",160.87,500,"166,700",85,"1,058",546,0.84,500,"162,000",298,"5,000","5,093","11,447",500,"2,500"
303,KODEX 25-11 은행채(AA-이상)PLUS액티브,"10,560",하락,5,-0.05%,0,"24,921",263,"10,560","8,168",N/A,N/A,0,"30,565","10,570","10,565",N/A,N/A,0,"10,570","440,721",N/A,N/A,0.00,0,"10,560","420,712","77,350",N/A,N/A,0,N/A
304,영풍,"42,650",상승,"3,400",+8.66%,500,"148,761","6,263","42,600","8,150","-1,607",19.66,500,"51,030","40,400","42,650","57,017",5.37,500,"43,400","2,777","17,164","-3,278",10.28,500,"40,050","3,621","19,108","27,874","2,169",500,24
305,CJ CGV,"4,915",상승,240,+5.13%,500,"366,735","1,794","4,915","8,138",759,-4.53,500,"116,570","4,700","4,920","39,970",54.76,500,"4,995","3,284","34,203","-1,755",5.50,500,"4,700","15,591","165,580","19,579","-1,084",500,0
306,율촌화학,"32,800",상승,"1,200",+3.80%,500,"203,622","6,627","32,800","8,134",-184,-38.32,500,"305,692","32,000","32,900","6,555",-13.30,500,"33,450","3,644","3,645",-85,4.91,500,"30,850","9,219","24,800","4,571",-856,500,250
307,PLUS K방산,"42,595",상승,"1,030",+2.48%,0,"1,397,854","58,852","42,595","8,093",N/A,N/A,0,"1,209,038","41,990","42,600",N/A,N/A,0,"42,595","7,361",N/A,N/A,0.62,0,"41,210","37,060","19,000",N/A,N/A,0,N/A
308,프레스티지바이오파마,"13,270",하락,410,-3.00%,0,"173,099","2,303","13,270","7,975",-628,-26.70,0,"146,709","13,720","13,280","7,117",9.76,0,"13,720","7,853","1,962",-551,63.06,0,"13,190","4,432","60,096",7,-497,0,N/A
309,KODEX Top5PlusTR,"22,745",상승,750,+3.41%,0,"95,142","2,160","22,730","7,961",N/A,N/A,0,"9,910","22,580","22,745",N/A,N/A,0,"22,755","30,095",N/A,N/A,14.29,0,"22,410","85,319","35,000",N/A,N/A,0,N/A
310,동원F&B,"41,100",상승,450,+1.11%,"1,000","17,510",720,"40,950","7,930","1,835",6.66,"1,000","16,072","40,600","41,100","21,457",10.04,"1,000","41,650","4,334","10,627","1,278",7.99,"1,000","40,600","2,881","19,296","44,836","6,169","1,000",800
311,TIGER 미국30년국채스트립액티브(합성 H),"36,755",하락,250,-0.68%,0,"225,175","8,298","36,755","7,881",N/A,N/A,0,"292,576","36,855","36,770",N/A,N/A,0,"37,000","25,891",N/A,N/A,0.13,0,"36,740","27,491","21,442",N/A,N/A,0,N/A
312,하나투어,"50,600",하락,500,-0.98%,500,"139,210","7,132","50,500","7,838",509,11.28,500,"49,794","51,600","50,600","6,688",49.55,500,"52,500","7,165","4,883",991,16.19,500,"50,600","7,778","15,490","6,166","4,487",500,"2,300"
313,케이카,"16,140",상승,780,+5.08%,500,"265,966","4,266","16,140","7,777",681,16.67,500,"158,443","15,810","16,150","5,248",15.41,500,"16,250","4,703","2,991",440,7.69,500,"15,700","4,705","48,182","23,015",968,500,"1,150"
314,SNT모티브,"29,050",상승,300,+1.04%,"5,000","46,890","1,348","28,900","7,710",981,7.81,"5,000","42,540","28,700","29,050","12,418",-15.86,"5,000","29,100","3,677","2,570","1,043",17.17,"5,000","28,300","2,211","26,540","9,689","3,718","5,000",937
315,대상,"22,100",상승,400,+1.84%,"1,000","159,959","3,525","22,100","7,657","1,769",7.71,"1,000","82,688","21,800","22,150","35,098",43.02,"1,000","22,250","19,306","20,622",967,18.03,"1,000","21,700","22,528","34,648","42,551","2,865","1,000",850
316,SOL 미국배당다우존스,"10,525",상승,90,+0.86%,0,"639,109","6,745","10,525","7,652",N/A,N/A,0,"484,327","10,550","10,530",N/A,N/A,0,"10,590","10,310",N/A,N/A,0.00,0,"10,520","21,219","72,700",N/A,N/A,0,N/A
317,TIGER 단기채권액티브,"55,775",상승,10,+0.02%,0,"27,979","1,560","55,775","7,594",N/A,N/A,0,"14,106","55,760","55,780",N/A,N/A,0,"55,785","23,475",N/A,N/A,0.00,0,"55,760","11,791","13,616",N/A,N/A,0,N/A
318,TIGER 2차전지테마,"12,215",상승,260,+2.17%,0,"742,032","9,074","12,200","7,567",N/A,N/A,0,"1,013,517","12,075","12,215",N/A,N/A,0,"12,385","12,793",N/A,N/A,1.08,0,"12,075","53,723","61,950",N/A,N/A,0,N/A
319,삼양홀딩스,"87,000",상승,"8,200",+10.41%,"5,000","127,454","10,719","87,000","7,560","1,275",30.57,"5,000","149,807","79,500","87,100","52,905",34.53,"5,000","87,000","1,607","22,924",895,7.84,"5,000","79,200","2,497","8,690","35,533","2,846","5,000","3,500"
320,N2 KIS CD금리투자 ETN,"53,910",상승,15,+0.03%,0,1,0,"53,910","7,547",N/A,N/A,0,0,"53,910","53,915",N/A,N/A,0,"53,910","39,999",N/A,N/A,0.00,0,"53,910","90,000","14,000",N/A,N/A,0,N/A
321,동아쏘시오홀딩스,"115,000",상승,"3,100",+2.77%,"5,000","14,673","1,652","114,500","7,517",821,11.04,"5,000","9,826","109,700","115,000","20,305",6.78,"5,000","115,200",486,"9,665",576,13.94,"5,000","109,700",314,"6,536","13,332","10,412","5,000","1,797"
322,TIGER 미국나스닥100타겟데일리커버드콜,"9,325",상승,175,+1.91%,0,"710,670","6,638","9,320","7,516",N/A,N/A,0,"389,928","9,265","9,325",N/A,N/A,0,"9,365","162,990",N/A,N/A,0.00,0,"9,265","152,929","80,600",N/A,N/A,0,N/A
323,대덕전자,"15,180",상승,220,+1.47%,500,"157,230","2,390","15,170","7,501",113,48.65,500,"114,230","15,160","15,180","10,887",-52.56,500,"15,410","2,022","2,132",238,9.68,500,"15,070","15,240","49,417","8,921",312,500,400
324,ACE 종합채권(AA-이상)KIS액티브,"108,340",하락,505,-0.46%,0,"2,997",324,"108,210","7,493",N/A,N/A,0,"2,206","108,630","108,285",N/A,N/A,0,"108,630","15,012",N/A,N/A,0.00,0,"108,200","12,024","6,916",N/A,N/A,0,N/A
325,솔루엠,"15,230",상승,110,+0.73%,500,"126,149","1,927","15,220","7,464",691,24.89,500,"164,678","15,310","15,230","9,827",-55.29,500,"15,400","3,227","5,484",377,17.75,500,"15,170","3,009","49,006","15,944",612,500,0
326,LG화학우,"96,800",상승,"2,000",+2.11%,"5,000","64,243","6,227","96,700","7,443",N/A,-8.10,"5,000","55,711","95,900","96,800",N/A,N/A,"5,000","98,400","2,185",N/A,N/A,41.25,"5,000","95,200","2,018","7,689",N/A,"-11,946","5,000",N/A
327,보령,"8,650",상승,30,+0.35%,500,"66,554",574,"8,640","7,421",705,14.02,500,"89,520","8,620","8,650","11,641",3.23,500,"8,680","9,333","3,796",696,7.09,500,"8,600","14,015","85,787","10,171",617,500,100
328,이노션,"18,450",상승,480,+2.67%,500,"86,074","1,581","18,420","7,380","1,557",8.52,500,"39,501","18,090","18,450","27,146",3.76,500,"18,510",833,"16,827","1,161",25.78,500,"18,000","3,710","40,000","21,206","2,166",500,"1,175"
329,파미셀,"11,960",상승,130,+1.10%,500,"407,647","4,923","11,960","7,178",47,44.46,500,"513,939","12,040","11,970",993,259.23,500,"12,290","20,659",128,63,9.63,500,"11,900","10,245","60,017",649,269,500,20
330,KODEX 미국S&P500(H),"13,725",상승,205,+1.52%,0,"236,186","3,243","13,725","7,103",N/A,N/A,0,"1,266,327","13,720","13,730",N/A,N/A,0,"13,760","171,238",N/A,N/A,0.00,0,"13,720","160,864","51,750",N/A,N/A,0,N/A
331,전진건설로봇,"48,300",하락,400,-0.82%,500,"87,636","4,240","48,300","7,048",313,23.40,500,"43,672","48,150","48,450","2,192",-4.74,500,"49,150","5,090",648,314,0.37,500,"46,900","2,539","14,593","1,698","2,064",500,"1,277"
332,유안타증권,"3,530",상승,200,+6.01%,"5,000","1,321,275","4,623","3,530","7,046",948,10.26,"5,000","826,641","3,395","3,535","168,003",-26.62,"5,000","3,550","18,067","151,660",730,64.43,"5,000","3,395","152,139","199,597","27,127",344,"5,000",200
333,SK이터닉스,"20,850",상승,200,+0.97%,200,"1,113,768","23,413","20,800","7,038",376,28.25,200,"1,281,554","21,700","20,850","7,317",N/A,200,"21,750","34,514","4,897",224,2.60,200,"20,450","34,917","33,754","3,322",738,200,N/A
334,덴티움,"63,400",상승,"2,200",+3.59%,500,"46,393","2,926","63,400","7,018",985,10.23,500,"28,036","61,800","63,500","8,944",-28.77,500,"63,800","1,847","3,409",724,15.03,500,"61,800","3,471","11,069","4,078","6,198",500,600
335,녹십자홀딩스,"14,920",상승,340,+2.33%,500,"180,849","2,717","14,920","7,017",-107,10.91,500,"87,793","14,670","14,940","36,706",34.81,500,"15,430","3,106","18,184",-111,9.98,500,"14,590","1,379","47,028","22,049","1,367",500,500
336,아이에스동서,"23,150",상승,"2,000",+9.46%,500,"162,575","3,674","23,100","6,988","1,697",-3.88,500,"35,004","21,200","23,150","35,540",-50.17,500,"23,250","1,500","19,968","-1,602",4.45,500,"21,200","7,447","30,187","15,146","-5,961",500,"1,000"
337,PLUS 200,"37,715",상승,"1,030",+2.81%,0,"411,985","15,489","37,715","6,977",N/A,N/A,0,"160,562","37,270","37,725",N/A,N/A,0,"37,740","15,925",N/A,N/A,2.75,0,"37,205","36,919","18,500",N/A,N/A,0,N/A
338,KG모빌리티,"3,420",상승,40,+1.18%,"1,000","235,253",803,"3,415","6,921",14,-39.31,"1,000","217,937","3,380","3,420","31,045",-88.58,"1,000","3,480","4,566","16,839",338,23.43,"1,000","3,335","12,705","202,375","39,051",-87,"1,000",0
339,ACE 미국빅테크TOP7 Plus,"17,060",상승,260,+1.55%,0,"554,268","9,478","17,055","6,909",N/A,N/A,0,"241,928","17,095","17,060",N/A,N/A,0,"17,150","40,671",N/A,N/A,0.01,0,"17,055","102,565","40,500",N/A,N/A,0,N/A
340,DI동일,"33,900",상승,100,+0.30%,500,"26,410",895,"33,900","6,893",78,-243.88,500,"31,153","33,450","33,950","10,137",23.89,500,"34,350","9,090","4,494",25,7.46,500,"33,450","1,988","20,334","6,517",-139,500,262
341,신한알파리츠,"5,680",상승,50,+0.89%,"1,000","317,799","1,805","5,680","6,869",338,57.37,"1,000","148,090","5,640","5,700","21,588",34.36,"1,000","5,730","39,325","16,187",47,10.17,"1,000","5,610","20,208","120,940",583,99,"1,000",173
342,한화리츠,"3,790",상승,10,+0.26%,500,"332,774","1,267","3,790","6,807",191,37.52,500,"127,748","3,780","3,795","15,864",54.05,500,"3,860","25,887","12,576",28,0.39,500,"3,780","26,028","179,600",335,101,500,135
343,현대홈쇼핑,"56,400",상승,"1,500",+2.73%,"5,000","31,718","1,784","56,100","6,768","1,301",8.12,"5,000","34,625","55,300","56,400","51,751",117.05,"5,000","56,700",371,"13,396","1,742",14.01,"5,000","54,900","2,728","12,000","38,535","6,942","5,000","2,800"
344,LX홀딩스,"8,820",상승,660,+8.09%,"1,000","843,460","7,311","8,810","6,728","1,560",3.76,"1,000","381,221","8,420","8,820","19,050",113.21,"1,000","8,850","14,292",357,"1,603",11.85,"1,000","8,410","21,547","76,281","1,945","2,346","1,000",290
345,KODEX 미국빅테크10(H),"49,010",상승,"1,090",+2.27%,0,"165,217","8,095","48,965","6,651",N/A,N/A,0,"62,508","49,080","49,010",N/A,N/A,0,"49,165","25,056",N/A,N/A,0.00,0,"48,890","16,971","13,570",N/A,N/A,0,N/A
346,NHN,"19,680",상승,400,+2.07%,500,"118,976","2,297","19,680","6,645",-326,-5.00,500,"22,941","19,390","19,690","31,930",-158.67,500,"19,690","1,492","14,277","-1,926",9.20,500,"19,110",796,"33,766","24,561","-3,937",500,500
347,한화3우B,"34,050",상승,"3,650",+12.01%,"5,000","685,216","23,063","34,000","6,607",N/A,3.25,"5,000","227,848","31,300","34,050",N/A,N/A,"5,000","35,350","3,212",N/A,N/A,22.63,"5,000","30,700","4,304","19,404",N/A,"10,464","5,000",N/A
348,넥센타이어,"6,750",상승,10,+0.15%,500,"622,264","4,150","6,750","6,593","1,721",5.61,500,"514,905","6,740","6,780","45,745",-7.94,500,"6,830","2,791","27,029","1,267",7.00,500,"6,270","22,082","97,668","28,479","1,203",500,130
349,TKG휴켐스,"16,040",상승,240,+1.52%,"1,000","45,098",725,"16,030","6,557",808,10.63,"1,000","86,506","15,830","16,140","11,682",-33.35,"1,000","16,210","1,188","2,933",775,8.41,"1,000","15,820","4,666","40,879","11,882","1,509","1,000","1,000"
350,F&F홀딩스,"16,690",상승,"1,530",+10.09%,500,"110,252","1,787","16,620","6,528","4,164",6.35,500,"55,053","15,440","16,690","40,333",-19.06,500,"16,770","7,195","6,634","3,220",0.09,500,"15,260","2,302","39,114","18,983","2,627",500,450
351,세진중공업,"11,470",상승,300,+2.69%,500,"968,397","10,974","11,460","6,521",360,29.95,500,"430,910","11,170","11,470","6,209",7.23,500,"11,530","33,762","3,715",220,5.72,500,"11,030","25,947","56,849","3,524",383,500,200
352,GS피앤엘,"32,800",상승,300,+0.92%,"1,000","322,047","10,782","32,750","6,505",0,-57.24,"1,000","371,399","32,500","32,800","22,696",N/A,"1,000","34,250","1,951","10,328",-11,9.82,"1,000","32,050","2,336","19,831",383,-573,"1,000",N/A
353,TIGER 리츠부동산인프라,"4,275",상승,20,+0.47%,0,"1,964,254","8,406","4,275","6,502",N/A,N/A,0,"875,820","4,260","4,280",N/A,N/A,0,"4,315","256,905",N/A,N/A,0.05,0,"4,250","131,571","152,100",N/A,N/A,0,N/A
354,솔루스첨단소재,"9,260",하락,460,-4.73%,100,"673,739","6,305","9,260","6,502",-544,-65.67,100,"5,463,941","9,550","9,270","20,794",25.67,100,"9,640","21,423","9,879",-427,4.11,100,"9,210","8,165","70,217","5,709",-141,100,10
355,키움 CD금리투자 ETN,"103,785",상승,30,+0.03%,0,"51,595","5,354","103,785","6,455",N/A,N/A,0,"38,279","103,787","103,790",N/A,N/A,0,"103,790","512,245",N/A,N/A,0.00,0,"103,785","512,214","6,220",N/A,N/A,0,N/A
356,KODEX 반도체,"32,195",상승,975,+3.12%,0,"721,238","23,260","32,185","6,391",N/A,N/A,0,"332,271","31,950","32,195",N/A,N/A,0,"32,385","5,179",N/A,N/A,0.21,0,"31,905","10,425","19,850",N/A,N/A,0,N/A
357,N2 코스피 변동성 매칭형 양매도 ETN,"9,065",하락,230,-2.47%,0,2,0,"9,060","6,346",N/A,N/A,0,1,"9,090","9,075",N/A,N/A,0,"9,090",129,N/A,N/A,0.00,0,"9,065","2,000","70,000",N/A,N/A,0,N/A
358,LG전자우,"36,900",상승,500,+1.37%,"5,000","38,428","1,419","36,900","6,342",N/A,9.65,"5,000","29,954","36,400","36,950",N/A,N/A,"5,000","37,400","1,653",N/A,N/A,45.70,"5,000","36,400","2,222","17,186",N/A,"3,825","5,000",N/A
359,금양,"9,900",보합,0,0.00%,500,0,0,0,"6,333",-560,-4.09,500,0,0,0,"12,569",-283.36,500,0,0,"7,624","-1,861",5.59,500,0,0,"63,967","1,537","-2,420",500,N/A
360,ACE 미국배당다우존스,"11,665",상승,90,+0.78%,0,"290,283","3,393","11,660","6,322",N/A,N/A,0,"175,295","11,685","11,665",N/A,N/A,0,"11,730","132,997",N/A,N/A,0.01,0,"11,665","81,525","54,200",N/A,N/A,0,N/A
361,TIGER Fn반도체TOP10,"10,160",상승,345,+3.52%,0,"1,615,876","16,403","10,150","6,279",N/A,N/A,0,"1,162,742","10,065","10,160",N/A,N/A,0,"10,205","10,403",N/A,N/A,0.32,0,"10,065","68,368","61,800",N/A,N/A,0,N/A
362,KG스틸,"6,220",상승,280,+4.71%,"5,000","176,867","1,094","6,220","6,221","2,060",3.54,"5,000","237,220","5,900","6,230","33,414",-26.53,"5,000","6,290","8,316","13,812","1,325",6.44,"5,000","5,900","15,530","100,009","33,010","1,757","5,000",250
363,카프로,"3,660",보합,0,0.00%,500,0,0,0,"6,185",-324,17.43,500,0,0,0,"2,392",17.95,500,0,0,"1,510",332,0.08,500,0,0,"169,000",71,210,500,N/A
364,KODEX 단기채권,"113,380",상승,25,+0.02%,0,"22,219","2,519","113,375","6,140",N/A,N/A,0,"46,063","113,360","113,380",N/A,N/A,0,"113,380","40,863",N/A,N/A,0.00,0,"113,360","48,995","5,415",N/A,N/A,0,N/A
365,한국단자,"60,500",상승,500,+0.83%,500,"27,549","1,670","60,500","6,120","1,713",4.66,500,"26,708","60,600","60,700","15,643",53.31,500,"61,000","2,255","4,880","1,425",25.58,500,"60,300","1,768","10,115","15,098","12,988",500,"2,200"
366,TIGER 머니마켓액티브,"100,440",상승,30,+0.03%,0,"46,460","4,666","100,435","6,117",N/A,N/A,0,"40,056","100,440","100,440",N/A,N/A,0,"100,445","250,541",N/A,N/A,0.00,0,"100,435","378,551","6,090",N/A,N/A,0,N/A
367,KODEX 미국30년국채타겟커버드콜(합성 H),"8,555",하락,20,-0.23%,0,"695,900","5,956","8,555","6,113",N/A,N/A,0,"684,827","8,570","8,560",N/A,N/A,0,"8,575","263,631",N/A,N/A,0.14,0,"8,545","254,718","71,450",N/A,N/A,0,N/A
368,KODEX MSCI Korea TR,"12,215",상승,335,+2.82%,0,"38,857",473,"12,200","6,108",N/A,N/A,0,"7,842","12,010","12,215",N/A,N/A,0,"12,215","51,544",N/A,N/A,1.30,0,"12,010","29,964","50,000",N/A,N/A,0,N/A
369,아세아,"293,000",상승,"8,500",+2.99%,"5,000","2,630",764,"290,000","6,107","1,724",11.68,"5,000","4,943","284,500","293,000","33,343",-28.28,"5,000","294,000",124,"13,044","1,084",7.99,"5,000","283,500",182,"2,084","20,074","25,096","5,000","5,330"
370,유니드,"90,200",하락,300,-0.33%,"5,000","24,327","2,189","90,100","6,104",954,7.94,"5,000","39,489","90,500","90,200","13,648",197.62,"5,000","91,300","1,438","3,525",762,9.63,"5,000","89,200","2,031","6,768","11,116","11,360","5,000","1,800"
371,HJ중공업,"7,320",상승,80,+1.10%,"5,000","554,907","3,977","7,300","6,096",73,-178.54,"5,000","408,144","7,230","7,320","22,044",106.67,"5,000","7,320","30,511","18,610",52,1.60,"5,000","7,010","20,718","83,274","18,860",-41,"5,000",N/A
372,쿠쿠홈시스,"26,800",상승,500,+1.90%,100,"46,023","1,226","26,750","6,013","1,648",4.94,100,"45,410","26,300","26,800","13,816",13.77,100,"26,950","2,629","3,349","1,361",6.62,100,"26,300","7,131","22,437","10,572","5,424",100,"1,000"
373,현대그린푸드,"18,000",상승,980,+5.76%,500,"105,563","1,891","18,000","5,964",967,8.04,500,"32,888","16,960","18,050","9,556",49.10,500,"18,220",354,"2,854",745,14.17,500,"16,960","3,333","33,136","22,704","2,238",500,335
374,신풍제약,"11,220",하락,550,-4.67%,500,"1,648,778","18,968","11,210","5,945",-205,-44.00,500,"910,874","11,250","11,220","3,421",56.84,500,"12,300","6,470",840,-154,5.52,500,"10,470","7,546","52,985","2,211",-255,500,N/A
375,KODEX 인버스,"4,080",하락,120,-2.86%,0,"21,864,484","89,664","4,075","5,867",N/A,N/A,0,"20,687,326","4,135","4,080",N/A,N/A,0,"4,140","2,728,179",N/A,N/A,1.02,0,"4,070","3,227,979","143,800",N/A,N/A,0,N/A
376,HD현대에너지솔루션,"52,300",상승,100,+0.19%,"5,000","1,265,123","67,882","52,300","5,858",35,31.77,"5,000","1,875,810","55,900","52,400","4,538",-80.03,"5,000","58,700","18,215",841,1,6.94,"5,000","51,100","14,353","11,200","4,224","1,646","5,000",N/A
377,KODEX 국고채30년액티브,"119,915",하락,"2,975",-2.42%,0,"36,924","4,445","119,915","5,738",N/A,N/A,0,"57,163","122,500","120,005",N/A,N/A,0,"122,500","15,596",N/A,N/A,0.02,0,"119,400","16,139","4,785",N/A,N/A,0,N/A
378,한화손해보험,"4,850",상승,300,+6.59%,"5,000","684,508","3,304","4,850","5,662","4,357",2.19,"5,000","330,731","4,700","4,855","198,342",42.15,"5,000","4,910","8,888","168,811","3,160",14.43,"5,000","4,680","48,153","116,739","65,973","2,217","5,000",0
379,KODEX 미국30년국채액티브(H),"8,765",하락,15,-0.17%,0,"1,812,878","15,886","8,760","5,633",N/A,N/A,0,"982,439","8,775","8,765",N/A,N/A,0,"8,780","342,075",N/A,N/A,0.03,0,"8,750","348,784","64,270",N/A,N/A,0,N/A
380,삼천리,"138,700",상승,"4,500",+3.35%,"5,000","42,007","5,796","138,700","5,624","1,143",5.13,"5,000","36,861","136,900","138,800","45,182",-34.49,"5,000","139,500",660,"27,577","1,217",10.37,"5,000","134,600","1,511","4,055","51,205","27,036","5,000","3,000"
381,한일홀딩스,"18,000",상승,970,+5.70%,"1,000","32,685",587,"17,990","5,550","2,793",5.94,"1,000","58,437","17,400","18,000","37,090",6.60,"1,000","18,320",722,"14,048","1,985",4.07,"1,000","17,090","1,539","30,833","22,487","3,032","1,000",930
382,코스모화학,"14,250",상승,310,+2.22%,"1,000","301,799","4,356","14,250","5,473",-20,-9.13,"1,000","203,499","14,010","14,300","12,043",-166.57,"1,000","14,880","3,462","6,136",-523,7.44,"1,000","14,010",332,"38,408","7,493","-1,561","1,000",N/A
383,애경케미칼,"11,210",하락,280,-2.44%,500,"801,630","9,122","11,200","5,454",155,115.57,500,"2,303,064","11,600","11,210","13,564",-65.69,500,"11,680","20,375","6,155",85,0.00,500,"11,120","13,278","48,649","16,422",97,500,281
384,대한유화,"83,900",상승,"2,700",+3.33%,"5,000","27,250","2,292","83,900","5,454",-599,531.01,"5,000","11,604","81,100","84,000","22,197",3.90,"5,000","85,400",636,"4,121",-85,7.04,"5,000","81,100","1,305","6,500","28,001",158,"5,000","1,000"
385,제이알글로벌리츠,"2,755",하락,20,-0.72%,"1,000","991,458","2,745","2,755","5,438",310,13.91,"1,000","295,902","2,755","2,765","21,465",-4.87,"1,000","2,815","120,815","13,405",207,8.64,"1,000","2,720","109,002","197,376",626,198,"1,000",N/A
386,제주항공,"6,720",상승,100,+1.51%,"1,000","65,236",437,"6,710","5,419",799,-9.31,"1,000","96,779","6,700","6,720","19,985",-52.94,"1,000","6,730","12,325","16,744",217,2.40,"1,000","6,660","24,774","80,641","19,358",-722,"1,000",N/A
387,삼양사,"52,200",상승,"1,200",+2.35%,"5,000","24,744","1,276","52,100","5,384","1,335",4.83,"5,000","8,731","51,300","52,200","33,199",17.95,"5,000","52,200","2,894","13,722","1,364",4.85,"5,000","50,800","7,645","10,313","26,718","10,808","5,000","1,750"
388,JW중외제약,"23,000",상승,100,+0.44%,"2,500","43,953","1,010","23,000","5,356",825,9.17,"2,500","36,416","23,050","23,050","6,046",-17.76,"2,500","23,200","14,873","2,751",650,6.27,"2,500","22,850","10,782","23,286","7,194","2,507","2,500",450
389,한국쉘석유,"407,000",상승,"10,000",+2.52%,"5,000","2,076",839,"406,500","5,291",460,13.80,"5,000","3,397","399,000","407,000","1,913",8.65,"5,000","407,500","1,030",640,367,58.96,"5,000","395,500",925,"1,300","3,272","29,500","5,000","27,000"
390,E1,"76,600",상승,"2,500",+3.37%,"5,000","36,653","2,807","76,500","5,255","2,176",5.02,"5,000","18,076","75,100","76,600","145,398",133.55,"5,000","77,200","1,475","123,507",656,5.40,"5,000","74,400","3,453","6,860","111,924","15,251","5,000","3,450"
391,KB KIS CD금리투자 ETN,"52,055",상승,20,+0.04%,0,3,0,"52,050","5,206",N/A,N/A,0,0,"52,055","52,055",N/A,N/A,0,"52,055","50,039",N/A,N/A,0.00,0,"52,055","49,997","10,000",N/A,N/A,0,N/A
392,케이씨텍,"25,100",상승,500,+2.03%,500,"56,003","1,402","25,100","5,193",498,10.72,500,"53,947","25,000","25,150","5,491",52.23,500,"25,350","6,278",673,527,12.42,500,"24,800","5,639","20,690","3,854","2,341",500,270
393,바이오노트,"5,080",상승,30,+0.59%,500,"44,430",224,"5,070","5,184",122,12.24,500,"51,654","5,120","5,080","16,972",125.97,500,"5,120","7,358",614,553,0.54,500,"5,020","5,885","102,056","1,028",415,500,200
394,LF,"17,730",상승,"1,320",+8.04%,"5,000","177,487","3,096","17,730","5,184","1,261",6.79,"5,000","37,308","16,990","17,740","29,150",119.84,"5,000","17,770","4,424","11,422",906,12.71,"5,000","16,990","3,804","29,240","19,563","2,610","5,000",700
395,OCI,"57,900",상승,"2,700",+4.89%,"5,000","79,091","4,571","57,900","5,183","1,105",12.21,"5,000","43,209","56,800","58,000","22,830",N/A,"5,000","59,200","2,847","10,414",897,6.08,"5,000","56,400",564,"8,952","22,153","4,741","5,000","2,200"
396,CJ4우(전환),"122,600",상승,"11,100",+9.96%,"5,000","42,003","5,031","122,000","5,182",N/A,44.02,"5,000","10,004","113,600","122,600",N/A,N/A,"5,000","123,000",700,N/A,N/A,4.45,"5,000","113,500",962,"4,227",N/A,"2,785","5,000",N/A
397,KIWOOM 국고채10년,"115,640",하락,915,-0.79%,0,"82,341","9,542","115,640","5,181",N/A,N/A,0,"34,194","116,275","115,655",N/A,N/A,0,"116,275","7,061",N/A,N/A,0.02,0,"115,500","9,535","4,480",N/A,N/A,0,N/A
398,롯데손해보험,"1,667",상승,32,+1.96%,"1,000","348,434",577,"1,667","5,173",311,21.37,"1,000","216,637","1,635","1,670","155,415",-91.73,"1,000","1,674","12,972","147,472",242,1.21,"1,000","1,635","35,918","310,336","31,515",78,"1,000",N/A
399,TIGER 인도니프티50,"13,155",하락,115,-0.87%,0,"190,129","2,513","13,150","5,157",N/A,N/A,0,"134,966","13,270","13,155",N/A,N/A,0,"13,275","1,552",N/A,N/A,0.09,0,"13,155","49,146","39,200",N/A,N/A,0,N/A
400,PLUS 머니마켓액티브,"52,270",상승,15,+0.03%,0,"74,274","3,882","52,265","5,132",N/A,N/A,0,"32,914","52,260","52,270",N/A,N/A,0,"52,275","60,212",N/A,N/A,0.00,0,"52,260","59,529","9,818",N/A,N/A,0,N/A
401,대한해운,"1,594",상승,54,+3.51%,500,"4,041,886","6,437","1,594","5,120","3,286",3.43,500,"2,181,835","1,559","1,595","45,804",31.48,500,"1,617","34,890","22,907","1,648",5.59,500,"1,558","111,903","321,210","17,472",465,500,0
402,퍼시스,"44,000",하락,50,-0.11%,"1,000",986,43,"44,000","5,060",215,15.28,"1,000","1,361","44,050","45,000","6,439",-39.05,"1,000","45,000",661,699,477,19.93,"1,000","43,650",342,"11,500","3,857","2,879","1,000","1,200"
403,풍산홀딩스,"35,000",상승,"2,600",+8.02%,"5,000","205,923","7,098","34,900","5,046","1,047",4.96,"5,000","32,356","33,000","35,000","13,191",54.41,"5,000","35,700","1,898","2,037","1,000",15.74,"5,000","31,400","18,592","14,417","4,494","7,062","5,000","1,400"
404,TIGER 미국달러단기채권액티브,"12,500",하락,15,-0.12%,0,"323,776","4,057","12,495","5,042",N/A,N/A,0,"116,399","12,525","12,500",N/A,N/A,0,"12,570","51,560",N/A,N/A,0.01,0,"12,495","53,061","40,340",N/A,N/A,0,N/A
405,TIGER 테슬라채권혼합Fn,"13,885",상승,80,+0.58%,0,"388,389","5,389","13,880","5,019",N/A,N/A,0,"629,516","13,860","13,885",N/A,N/A,0,"13,900","13,233",N/A,N/A,0.80,0,"13,850","13,454","36,150",N/A,N/A,0,N/A
406,KODEX 국고채3년,"62,680",하락,175,-0.28%,0,"37,253","2,337","62,680","5,014",N/A,N/A,0,"27,881","62,810","62,710",N/A,N/A,0,"62,815","63,113",N/A,N/A,0.01,0,"62,680","28,149","8,000",N/A,N/A,0,N/A
407,PI첨단소재,"17,060",보합,0,0.00%,500,"93,628","1,606","17,050","5,010",349,17.92,500,"181,404","17,090","17,060","5,275",987.07,500,"17,340","3,870","1,896",234,8.23,500,"17,030","3,966","29,366","2,513",952,500,350
408,SBS,"27,000",상승,100,+0.37%,"5,000","144,517","3,903","26,900","5,009",-192,35.76,"5,000","209,890","27,350","27,000","15,124",-132.90,"5,000","27,400","5,134","6,059",338,0.00,"5,000","26,350","10,374","18,551","10,467",755,"5,000",N/A
409,KCC글라스,"31,200",상승,800,+2.63%,"1,000","49,762","1,541","31,150","4,983",572,29.94,"1,000","30,007","30,450","31,200","24,943",-39.82,"1,000","31,200","2,035","10,054",370,9.32,"1,000","30,450","5,213","15,971","19,033","1,042","1,000","1,800"
410,진에어,"9,510",상승,100,+1.06%,"1,000","99,191",941,"9,470","4,964","1,631",6.79,"1,000","50,020","9,450","9,510","12,271",-10.46,"1,000","9,570","4,099","9,959",957,4.23,"1,000","9,400","10,323","52,200","14,613","1,401","1,000",N/A
411,일진하이솔루스,"13,660",상승,450,+3.41%,500,"96,435","1,325","13,650","4,960",-95,620.91,500,"89,174","13,780","13,660","3,443",2.89,500,"14,100",98,268,18,3.99,500,"13,310","1,012","36,313",793,22,500,N/A
412,대신증권우,"19,040",상승,340,+1.82%,"5,000","159,906","3,064","19,040","4,950",N/A,11.85,"5,000","130,696","18,870","19,060",N/A,N/A,"5,000","19,340","2,238",N/A,N/A,13.97,"5,000","18,870","5,133","26,000",N/A,"1,607","5,000",N/A
413,KODEX 미국AI전력핵심인프라,"14,025",상승,490,+3.62%,0,"1,414,383","19,896","14,025","4,944",N/A,N/A,0,"677,221","13,980","14,030",N/A,N/A,0,"14,140","91,096",N/A,N/A,0.65,0,"13,980","57,323","35,250",N/A,N/A,0,N/A
414,풀무원,"12,950",상승,500,+4.02%,500,"173,330","2,238","12,950","4,937",918,15.79,500,"72,499","12,570","12,970","23,312",48.16,500,"13,100","4,877","17,477",344,3.63,500,"12,500","3,106","38,121","32,137",820,500,102
415,신도리코,"48,750",상승,"2,200",+4.73%,"5,000","31,509","1,529","48,550","4,914",202,7.53,"5,000","26,908","46,500","48,750","11,436",-33.06,"5,000","49,900",298,793,732,11.70,"5,000","46,450",360,"10,080","3,410","6,476","5,000","1,500"
416,KODEX 26-12 회사채(AA-이상)액티브,"10,800",상승,5,+0.05%,0,"16,289",175,"10,795","4,903",N/A,N/A,0,"24,801","10,800","10,800",N/A,N/A,0,"10,800","129,339",N/A,N/A,0.00,0,"10,795","163,406","45,400",N/A,N/A,0,N/A
417,TIGER 200 IT,"27,615",상승,990,+3.72%,0,"109,351","3,016","27,590","4,871",N/A,N/A,0,"14,519","27,165","27,615",N/A,N/A,0,"27,830","33,054",N/A,N/A,0.10,0,"27,165","25,476","17,640",N/A,N/A,0,N/A
418,후성,"4,480",상승,285,+6.79%,500,"1,241,327","5,631","4,475","4,805",-96,-7.65,500,"182,675","4,250","4,480","8,263",79.23,500,"4,645","10,507","4,935",-834,6.26,500,"4,250","12,968","107,255","4,378",-586,500,N/A
419,엠씨넥스,"26,700",하락,550,-2.02%,500,"74,813","2,004","26,700","4,800",444,7.09,500,"38,910","27,800","26,750","5,741",143.55,500,"27,800","15,763","2,019",636,11.96,500,"26,575","4,316","17,978","10,571","3,768",500,800
420,고려제강,"17,720",상승,310,+1.78%,"1,000","19,194",339,"17,720","4,784",261,31.03,"1,000","20,720","17,600","17,750","26,090",-53.64,"1,000","17,780",774,"6,819",329,5.83,"1,000","17,470","2,653","27,000","17,396",571,"1,000",324
421,SPC삼립,"55,300",상승,"2,200",+4.14%,"5,000","31,464","1,728","55,200","4,772",950,5.49,"5,000","16,946","53,400","55,300","12,408",3.53,"5,000","55,800","2,320","7,610",865,4.74,"5,000","53,300","1,326","8,629","34,279","10,076","5,000","1,800"
422,TIGER 우량회사채액티브,"117,005",하락,365,-0.31%,0,"40,684","4,766","117,000","4,770",N/A,N/A,0,"13,921","117,400","117,005",N/A,N/A,0,"117,400","14,101",N/A,N/A,0.00,0,"116,970","14,047","4,077",N/A,N/A,0,N/A
423,TIGER 미국달러SOFR금리액티브(합성),"56,695",하락,105,-0.18%,0,"9,560",543,"56,670","4,764",N/A,N/A,0,"7,031","56,800","56,695",N/A,N/A,0,"56,970","24,514",N/A,N/A,0.01,0,"56,695","29,338","8,402",N/A,N/A,0,N/A
424,아모레퍼시픽우,"45,000",상승,600,+1.35%,500,"52,135","2,341","45,000","4,751",N/A,4.97,500,"71,045","44,450","45,050",N/A,N/A,500,"45,550","2,258",N/A,N/A,47.61,500,"44,300","1,131","10,558",N/A,"9,057",500,N/A
425,TIGER 미국테크TOP10타겟커버드콜,"12,665",상승,185,+1.48%,0,"238,731","3,030","12,660","4,749",N/A,N/A,0,"134,560","12,670","12,665",N/A,N/A,0,"12,720","138,623",N/A,N/A,0.01,0,"12,665","207,715","37,500",N/A,N/A,0,N/A
426,화승엔터프라이즈,"7,750",상승,20,+0.26%,500,"129,771","1,006","7,750","4,696",826,13.48,500,"109,355","7,790","7,770","15,376",537.00,500,"7,840","21,887","9,739",344,6.66,500,"7,710","6,598","60,589","16,096",575,500,45
427,한국금융지주우,"79,300",상승,"3,800",+5.03%,"5,000","62,193","4,924","79,300","4,646",N/A,4.70,"5,000","57,030","76,200","79,400",N/A,N/A,"5,000","79,900","1,210",N/A,N/A,14.84,"5,000","76,200","11,646","5,858",N/A,"16,883","5,000",N/A
428,TIMEFOLIO 글로벌AI인공지능액티브,"26,660",상승,"1,195",+4.69%,0,"310,019","8,269","26,655","4,602",N/A,N/A,0,"139,250","26,415","26,660",N/A,N/A,0,"26,735","2,452",N/A,N/A,0.09,0,"26,415","40,453","17,260",N/A,N/A,0,N/A
429,남양유업,"74,900",상승,"1,200",+1.63%,500,"17,444","1,298","74,900","4,592",-98,94.69,500,"8,991","74,000","75,100","7,242",86.28,500,"75,600",256,924,2,7.50,500,"73,000","1,056","6,131","9,528",791,500,100
430,아세아시멘트,"12,290",상승,670,+5.77%,500,"153,321","1,849","12,280","4,590","1,408",7.19,500,"63,022","11,670","12,290","21,954",-4.18,500,"12,290",520,"10,890",801,6.31,500,"11,670","5,335","37,347","11,103","1,709",500,260
431,삼성 레버리지 WTI원유 선물 ETN,"1,134",상승,27,+2.44%,0,"3,202,737","3,640","1,133","4,581",N/A,N/A,0,"8,532,463","1,138","1,134",N/A,N/A,0,"1,140","5,992,506",N/A,N/A,0.00,0,"1,130","9,208,032","404,000",N/A,N/A,0,N/A
432,현대차증권,"7,390",상승,420,+6.03%,"5,000","1,111,221","8,244","7,390","4,569",547,9.09,"5,000","479,080","7,090","7,400","119,920",-16.08,"5,000","7,570","25,552","106,899",362,4.45,"5,000","7,090","18,191","61,833","17,956",813,"5,000",153
433,KODEX 미국반도체,"23,325",상승,"1,025",+4.60%,0,"156,387","3,654","23,320","4,560",N/A,N/A,0,"145,640","23,420","23,325",N/A,N/A,0,"23,430","60,747",N/A,N/A,0.09,0,"23,300","111,071","19,550",N/A,N/A,0,N/A
434,코오롱,"36,100",상승,"2,100",+6.18%,"5,000","929,150","33,394","36,050","4,558",-896,3.16,"5,000","496,823","35,100","36,100","70,405",-190.15,"5,000","38,000","3,119","46,926","1,576",6.07,"5,000","34,600","20,440","12,626","60,284","11,430","5,000",550
435,KODEX 200타겟위클리커버드콜,"10,085",상승,235,+2.39%,0,"2,095,614","21,050","10,080","4,538",N/A,N/A,0,"1,654,918","9,970","10,085",N/A,N/A,0,"10,090","202,603",N/A,N/A,0.02,0,"9,955","156,928","45,000",N/A,N/A,0,N/A
436,TCC스틸,"17,230",상승,200,+1.17%,"1,000","86,920","1,512","17,230","4,517",123,21.04,"1,000","85,714","17,130","17,250","5,740",9.08,"1,000","17,700","3,321","3,149",202,8.26,"1,000","17,130",889,"26,214","5,821",819,"1,000",100
437,KODEX 코스피,"28,315",상승,790,+2.87%,0,"433,460","12,176","28,295","4,516",N/A,N/A,0,"268,860","27,870","28,315",N/A,N/A,0,"28,315","18,769",N/A,N/A,0.42,0,"27,820","14,948","15,950",N/A,N/A,0,N/A
438,동아에스티,"48,150",상승,150,+0.31%,"5,000","13,991",673,"48,100","4,503",-250,-566.47,"5,000","15,548","48,300","48,150","13,917",-323.66,"5,000","48,400","2,419","6,829",-232,17.92,"5,000","47,850","1,268","9,353","6,979",-85,"5,000",785
439,DS단석,"25,450",상승,550,+2.21%,500,"111,947","2,858","25,450","4,475",122,-81.05,500,"84,140","25,350","25,500","7,358",-84.01,500,"25,850","7,040","4,528",-103,1.95,500,"25,200","11,961","17,584","9,617",-314,500,N/A
440,ACE 200,"37,280",상승,"1,020",+2.81%,0,"112,929","4,197","37,280","4,474",N/A,N/A,0,"160,629","36,805","37,285",N/A,N/A,0,"37,315","7,092",N/A,N/A,10.94,0,"36,805","39,823","12,000",N/A,N/A,0,N/A
441,동국제강,"9,010",상승,200,+2.27%,"5,000","149,120","1,344","9,010","4,470","1,025",54.94,"5,000","157,941","8,750","9,020","31,940",-56.49,"5,000","9,130","1,797","14,922",348,26.31,"5,000","8,740","9,515","49,608","35,275",164,"5,000",600
442,디아이,"15,720",상승,800,+5.36%,500,"529,628","8,407","15,710","4,449",31,56.96,500,"341,391","15,350","15,720","3,196",-49.81,500,"16,200","7,999","1,519",28,8.94,500,"15,340","14,220","28,300","2,140",276,500,100
443,콜마홀딩스,"12,950",상승,820,+6.76%,500,"862,489","11,108","12,950","4,441",381,22.64,500,"294,484","12,620","12,960","12,914",125.94,500,"13,300","6,054","4,763",334,19.17,500,"12,400","12,060","34,296","6,767",572,500,200
444,세아제강,"156,500",상승,"4,600",+3.03%,"5,000","38,061","5,931","156,500","4,439","2,029",3.64,"5,000","91,957","151,000","156,800","18,238",N/A,"5,000","158,900",199,"7,113","1,371",8.80,"5,000","151,000",218,"2,836","18,094","43,046","5,000","7,000"
445,NICE,"11,890",하락,20,-0.17%,500,"283,377","3,407","11,890","4,415","1,743",9.03,500,"57,168","12,100","11,900","35,219",79.68,500,"12,300","4,711","21,291","1,009",11.40,500,"11,860","5,799","37,128","30,383","1,317",500,500
446,KODEX 자동차,"17,130",상승,170,+1.00%,0,"188,029","3,217","17,130","4,402",N/A,N/A,0,"413,633","16,995","17,155",N/A,N/A,0,"17,190","37,896",N/A,N/A,0.16,0,"16,995","20,708","25,700",N/A,N/A,0,N/A
447,티웨이항공,"2,040",상승,5,+0.25%,500,"321,293",655,"2,035","4,394",-123,-2.77,500,"330,516","2,010","2,040","15,624",-108.80,500,"2,060","134,603","14,802",-659,1.45,500,"2,010","61,064","215,379","15,368",-736,500,N/A
448,부국증권,"42,200",상승,"7,800",+22.67%,"5,000","543,349","23,267","42,150","4,376",367,18.23,"5,000","32,381","35,050","42,200","16,514",-46.93,"5,000","44,700","1,034","8,811",310,1.54,"5,000","35,050","1,366","10,370","7,792","2,315","5,000","1,500"
449,명신산업,"8,320",상승,210,+2.59%,500,"86,997",713,"8,300","4,366","1,481",4.06,500,"95,343","8,050","8,320","12,103",-28.83,500,"8,320","2,256","5,128","1,291",7.20,500,"8,050","2,057","52,470","15,738","2,048",500,150
450,쏘카,"13,290",하락,210,-1.56%,100,"7,447",99,"13,290","4,365",-98,-24.52,100,"3,873","13,500","13,340","6,315",-1.14,100,"13,520","1,036","4,480",-310,0.98,100,"13,280",321,"32,842","4,318",-542,100,N/A
451,한세실업,"10,900",상승,180,+1.68%,500,"169,148","1,843","10,900","4,360","1,422",8.83,500,"184,409","10,760","10,910","14,245",-15.47,500,"10,960","8,290","7,149",584,3.62,500,"10,760","3,124","40,000","17,978","1,235",500,500
452,KODEX 인도Nifty50,"13,440",하락,90,-0.67%,0,"212,576","2,866","13,435","4,355",N/A,N/A,0,"128,894","13,530","13,440",N/A,N/A,0,"13,530","15,886",N/A,N/A,0.04,0,"13,430","43,995","32,400",N/A,N/A,0,N/A
453,신성통상,"3,025",상승,60,+2.02%,500,"559,581","1,679","3,015","4,347","1,218",6.66,500,"590,266","3,010","3,025","11,626",-15.22,500,"3,060","39,396","6,780",737,0.66,500,"2,925","78,029","143,708","15,079",454,500,N/A
454,스틱인베스트먼트,"10,400",상승,210,+2.06%,500,"141,415","1,442","10,390","4,335",134,46.43,500,"137,278","10,100","10,400","2,647",-59.46,500,"10,500","2,185",159,93,26.31,500,"10,030","10,866","41,678",795,224,500,250
455,KODEX 미국나스닥100(H),"16,850",상승,370,+2.25%,0,"186,217","3,136","16,845","4,314",N/A,N/A,0,"216,442","16,845","16,850",N/A,N/A,0,"16,870","98,032",N/A,N/A,0.34,0,"16,820","118,905","25,600",N/A,N/A,0,N/A
456,RISE KIS국고채30년Enhanced,"80,100",하락,"2,890",-3.48%,0,"118,050","9,493","80,090","4,299",N/A,N/A,0,"24,446","82,665","80,100",N/A,N/A,0,"82,665","6,263",N/A,N/A,0.02,0,"79,640","17,675","5,367",N/A,N/A,0,N/A
457,TIGER 27-04회사채(A+이상)액티브,"53,285",하락,25,-0.05%,0,"22,859","1,218","53,280","4,296",N/A,N/A,0,"14,918","53,310","53,285",N/A,N/A,0,"53,330","71,573",N/A,N/A,0.02,0,"53,270","98,434","8,062",N/A,N/A,0,N/A
458,코람코라이프인프라리츠,"4,405",하락,10,-0.23%,500,"232,521","1,030","4,400","4,288",356,11.38,500,"87,483","4,470","4,405","12,792",96.73,500,"4,475","12,818","7,776",238,1.35,500,"4,395","24,733","97,335",485,387,500,418
459,TIGER 미국S&P500(H),"14,220",상승,240,+1.72%,0,"96,574","1,373","14,215","4,287",N/A,N/A,0,"92,850","14,250","14,220",N/A,N/A,0,"14,255","30,817",N/A,N/A,0.09,0,"14,200","27,093","30,150",N/A,N/A,0,N/A
460,RISE 미국30년국채엔화노출(합성 H),"8,205",하락,75,-0.91%,0,"899,018","7,395","8,200","4,254",N/A,N/A,0,"931,937","8,280","8,205",N/A,N/A,0,"8,285","394,294",N/A,N/A,0.05,0,"8,190","270,664","51,850",N/A,N/A,0,N/A
461,삼성FN리츠,"4,655",상승,35,+0.76%,500,"124,194",576,"4,645","4,238",78,160.52,500,"54,156","4,620","4,655","8,768",24.55,500,"4,670","6,827","4,607",26,0.16,500,"4,610","18,628","91,050",115,29,500,73
462,YG PLUS,"6,630",상승,200,+3.11%,500,"1,591,687","10,442","6,630","4,205",-7,52.20,500,"1,520,618","6,550","6,640","2,378",-103.45,500,"6,730","42,227",686,20,2.29,500,"6,400","54,703","63,429","1,849",127,500,N/A
463,BGF,"4,365",상승,245,+5.95%,"1,000","658,502","2,847","4,365","4,178",552,4.80,"1,000","455,307","4,225","4,370","23,010",-8.82,"1,000","4,415","5,549","3,199",948,2.16,"1,000","4,190","31,887","95,717","4,341",909,"1,000",130
464,드림텍,"6,060",상승,100,+1.68%,100,"108,511",661,"6,060","4,175",236,-356.47,100,"102,018","5,990","6,100","9,081",-30.82,100,"6,160","12,651","3,930",127,57.10,100,"5,990","11,920","68,890","11,727",-17,100,200
465,비에이치,"12,090",상승,120,+1.00%,500,"116,139","1,408","12,090","4,167",871,15.28,500,"216,247","12,090","12,100","13,199",2.67,500,"12,210","13,534","5,790",776,10.67,500,"12,060","5,399","34,464","17,544",791,500,250
466,KB스타리츠,"4,100",상승,100,+2.50%,500,"243,572",988,"4,095","4,158",266,21.93,500,"77,032","3,995","4,100","10,667",-50.14,500,"4,135","4,825","6,842",190,0.28,500,"3,995","19,109","101,414",382,187,500,180
467,신대양제지,"10,300",상승,580,+5.97%,500,"98,314",998,"10,280","4,151",293,14.21,500,"50,338","9,740","10,300","8,759",-49.95,500,"10,400","1,408","1,838",333,2.78,500,"9,740","4,450","40,298","6,585",725,500,200
468,KIWOOM 종합채권(AA-이상)액티브,"108,935",하락,565,-0.52%,0,173,18,"108,890","4,110",N/A,N/A,0,225,"109,295","108,920",N/A,N/A,0,"109,295","10,025",N/A,N/A,0.00,0,"108,850","12,000","3,773",N/A,N/A,0,N/A
469,조광피혁,"61,600",상승,"4,000",+6.94%,"5,000","15,080",921,"61,300","4,096",72,35.20,"5,000","3,273","58,500","61,600","6,188",13.90,"5,000","62,700",421,754,126,0.53,"5,000","58,500","1,072","6,649",902,"1,750","5,000",N/A
470,세아홀딩스,"102,300",상승,"3,700",+3.75%,"5,000","2,707",273,"101,500","4,092",992,12.77,"5,000","1,865","98,700","102,300","61,055",-50.60,"5,000","102,500",186,"29,554",342,1.17,"5,000","98,600",273,"4,000","60,168","8,013","5,000","4,000"
471,KODEX 국고채10년액티브,"113,460",하락,825,-0.72%,0,"40,271","4,572","113,440","4,057",N/A,N/A,0,"51,221","114,055","113,460",N/A,N/A,0,"114,055","18,070",N/A,N/A,0.00,0,"113,300","18,001","3,576",N/A,N/A,0,N/A
472,맵스리얼티1,"4,360",상승,10,+0.23%,0,"97,922",426,"4,360","4,048",N/A,N/A,0,"89,407","4,350","4,375",N/A,N/A,0,"4,375","28,923",N/A,N/A,2.56,0,"4,335","30,778","92,834",N/A,N/A,0,N/A
473,TIGER 2차전지소재Fn,"3,250",상승,50,+1.56%,0,"2,231,283","7,324","3,250","4,025",N/A,N/A,0,"2,111,303","3,255","3,255",N/A,N/A,0,"3,345","134,933",N/A,N/A,0.57,0,"3,235","186,863","123,850",N/A,N/A,0,N/A
474,KODEX 미국배당커버드콜액티브,"11,255",상승,80,+0.72%,0,"604,578","6,828","11,250","4,018",N/A,N/A,0,"444,801","11,185","11,255",N/A,N/A,0,"11,345","100,399",N/A,N/A,0.01,0,"11,175","72,697","35,700",N/A,N/A,0,N/A
475,넥스틸,"15,420",상승,230,+1.51%,500,"936,054","14,463","15,410","4,010",632,7.34,500,"1,341,707","14,720","15,420","6,918",-59.83,500,"15,900","3,505","2,269",347,0.91,500,"14,700","14,691","26,002","5,524","2,100",500,250
476,영진약품,"2,190",상승,20,+0.92%,500,"256,928",560,"2,190","4,005",87,-219.00,500,"286,896","2,195","2,195","2,343",179.79,500,"2,200","66,767","1,445",12,3.02,500,"2,160","25,086","182,893","2,520",-10,500,N/A
477,애경산업,"15,080",상승,80,+0.53%,"1,000","39,918",600,"15,060","3,983",468,11.69,"1,000","48,651","15,110","15,080","4,994",-24.40,"1,000","15,190","1,893",987,425,3.05,"1,000","14,920",770,"26,410","6,791","1,290","1,000",580
478,대한제강,"16,950",상승,240,+1.44%,"1,000","13,120",221,"16,840","3,969",103,10.92,"1,000","21,400","16,950","16,950","11,498",-90.62,"1,000","17,060",978,"2,538",400,4.58,"1,000","16,760","2,126","23,414","12,245","1,552","1,000",500
479,더본코리아,"26,900",상승,550,+2.09%,500,"45,888","1,235","26,850","3,964",360,10.38,500,"38,149","26,750","26,900","3,527",40.75,500,"27,200","2,974",851,310,0.80,500,"26,550","10,755","14,737","4,642","2,591",500,300
480,사조대림,"43,000",상승,"3,000",+7.50%,"5,000","67,381","2,847","42,950","3,941","1,330",5.59,"5,000","38,385","41,000","43,000","21,236",3.41,"5,000","43,400",770,"12,850",958,2.67,"5,000","40,650","2,205","9,164","26,430","7,690","5,000",300
481,HL홀딩스,"41,900",상승,"2,250",+5.67%,"5,000","69,213","2,861","41,850","3,940",904,-20.04,"5,000","39,113","39,900","41,900","23,708",-1.88,"5,000","42,100",638,"13,062",198,10.16,"5,000","39,900","2,673","9,404","13,711","-2,091","5,000","2,000"
482,KODEX 미국AI테크TOP10타겟커버드콜,"10,160",상승,200,+2.01%,0,"313,751","3,195","10,155","3,912",N/A,N/A,0,"243,508","10,125","10,160",N/A,N/A,0,"10,200","235,116",N/A,N/A,0.02,0,"10,125","293,296","38,500",N/A,N/A,0,N/A
483,신한 레버리지 WTI원유 선물 ETN(H),782,상승,20,+2.62%,0,"1,572,217","1,228",781,"3,910",N/A,N/A,0,"2,912,854",782,782,N/A,N/A,0,785,"5,743,607",N/A,N/A,0.00,0,778,"6,708,690","500,000",N/A,N/A,0,N/A
484,KIWOOM 200,"37,055",상승,"1,040",+2.89%,0,"167,709","6,160","37,035","3,891",N/A,N/A,0,"154,678","36,555","37,055",N/A,N/A,0,"37,065","21,213",N/A,N/A,0.00,0,"36,545","22,100","10,500",N/A,N/A,0,N/A
485,흥아해운,"1,617",상승,38,+2.41%,500,"1,736,904","2,794","1,617","3,888",275,10.17,500,"3,823,671","1,586","1,618","4,436",12.12,500,"1,620","72,487","2,095",400,1.76,500,"1,586","105,418","240,425","1,880",159,500,N/A
486,신세계인터내셔날,"10,860",상승,380,+3.63%,"1,000","170,530","1,837","10,860","3,838",268,15.78,"1,000","164,606","10,550","10,870","13,331",-44.93,"1,000","10,890","4,591","4,866",327,5.79,"1,000","10,480","3,267","35,343","13,086",688,"1,000",400
487,대상홀딩스,"10,570",상승,480,+4.76%,"1,000","480,992","5,027","10,570","3,828","1,840",30.29,"1,000","220,484","10,260","10,580","44,186",60.56,"1,000","10,650","35,553","27,476",799,7.52,"1,000","10,130","12,365","36,213","53,579",349,"1,000",270
488,TIGER 은행고배당플러스TOP10,"16,800",상승,905,+5.69%,0,"1,147,506","18,957","16,795","3,788",N/A,N/A,0,"1,139,165","16,035","16,800",N/A,N/A,0,"16,800","77,616",N/A,N/A,0.08,0,"16,035","1,056","22,550",N/A,N/A,0,N/A
489,TIGER 미국나스닥100커버드콜(합성),"9,770",상승,70,+0.72%,0,"161,757","1,582","9,770","3,786",N/A,N/A,0,"112,360","9,795","9,775",N/A,N/A,0,"9,805","33,561",N/A,N/A,0.00,0,"9,715","86,424","38,750",N/A,N/A,0,N/A
490,수산인더스트리,"26,450",하락,400,-1.49%,200,"127,029","3,335","26,400","3,779",435,9.64,200,"234,062","26,000","26,450","6,238",-13.40,200,"26,850","10,101","1,054",394,2.79,200,"25,600","4,589","14,286","3,168","2,745",200,800
491,한섬,"16,780",상승,750,+4.68%,500,"230,991","3,842","16,760","3,765",635,10.05,500,"80,522","16,100","16,780","17,462",-36.83,500,"16,820","1,101","3,401",433,23.29,500,"16,000","8,002","22,438","14,853","1,670",500,750
492,RISE 200위클리커버드콜,"8,440",상승,160,+1.93%,0,"1,325,616","11,153","8,435","3,735",N/A,N/A,0,"727,051","8,370","8,440",N/A,N/A,0,"8,440","103,131",N/A,N/A,0.01,0,"8,370","225,279","44,250",N/A,N/A,0,N/A
493,현대코퍼레이션,"28,150",상승,"1,800",+6.83%,"5,000","174,777","4,864","28,150","3,724","1,335",3.38,"5,000","67,740","26,800","28,200","20,623",34.43,"5,000","28,450","1,400","14,070","1,210",12.61,"5,000","26,250","10,672","13,229","69,957","8,330","5,000",700
494,한전산업,"11,400",상승,80,+0.71%,500,"165,218","1,865","11,390","3,716",161,32.39,500,"118,701","11,320","11,400","2,200",-38.00,500,"11,500","5,847","1,044",116,2.53,500,"11,120","2,283","32,600","3,675",352,500,367
495,ACE 미국S&P500채권혼합액티브,"12,545",상승,50,+0.40%,0,"127,296","1,600","12,535","3,713",N/A,N/A,0,"198,308","12,495","12,545",N/A,N/A,0,"12,615","36,146",N/A,N/A,0.01,0,"12,495","47,311","29,600",N/A,N/A,0,N/A
496,지누스,"16,650",하락,90,-0.54%,500,"134,874","2,220","16,600","3,705",-54,14.66,500,"87,378","16,700","16,650","11,922",-129.69,500,"16,790","1,130","5,195",-68,10.15,500,"16,220","2,304","22,255","9,204","1,136",500,90
497,제주은행,"9,720",상승,450,+4.85%,"5,000","262,117","2,525","9,720","3,674",114,30.00,"5,000","192,237","9,360","9,730","74,448",335.46,"5,000","9,730","5,742","68,547",104,2.42,"5,000","9,340","22,552","37,799","3,797",324,"5,000",100
498,엘브이엠씨홀딩스,"1,899",상승,43,+2.32%,0,"504,312",953,"1,899","3,670",164,271.29,0,"359,159","1,880","1,900","7,388",205.09,0,"1,918","9,095","2,678",42,11.09,0,"1,852","6,656","193,240","2,957",7,0,0
499,HANARO 200,"37,230",상승,"1,030",+2.85%,0,"245,737","9,055","37,225","3,667",N/A,N/A,0,"37,593","36,635","37,230",N/A,N/A,0,"37,230","53,751",N/A,N/A,20.57,0,"36,635","74,495","9,850",N/A,N/A,0,N/A
500,남해화학,"7,380",상승,70,+0.96%,"1,000","355,152","2,641","7,380","3,666",363,14.82,"1,000","202,648","7,490","7,390","7,738",228.08,"1,000","7,540","14,130","2,391",215,3.61,"1,000","7,290","5,575","49,679","15,191",498,"1,000",80
