N,종목명,현재가,전일비변동,전일비,등락률,액면가,거래량,거래대금,매수호가,시가총액,영업이익,PER,전일거래량,시가,매도호가,자산총계,영업이익증가율,ROE,고가,매수총잔량,부채총계,당기순이익,외국인비율,ROA,저가,매도총잔량,상장주식수,매출액,주당순이익,PBR,보통주배당금,매출액증가율
1,삼성전자,"59,100",하락,700,-1.17%,100,"13,584,870","804,715","59,000","3,498,506","327,260",11.45,"19,609,659","60,000","59,100","5,145,319",398.34,9.03,"60,100","1,403,460","1,123,399","344,514",49.81,7.10,"58,800","840,643","5,919,638","3,008,709","5,162",1.00,"1,446",16.20
2,SK하이닉스,"230,000",상승,"1,000",+0.44%,"5,000","2,892,248","666,707","230,000","1,674,405","234,673",6.45,"3,666,084","231,000","230,500","1,198,552",403.58,31.06,"232,500","114,352","459,395","197,969",55.00,17.98,"227,500","285,734","728,002","661,930","35,682",1.95,"2,204",102.02
3,삼성바이오로직스,"1,038,000",상승,"5,000",+0.48%,"2,500","65,402","67,681","1,036,000","738,786","13,201",57.74,"77,888","1,034,000","1,037,000","173,363",18.53,10.45,"1,041,000","1,915","64,316","10,833",12.89,6.49,"1,023,000","3,619","71,174","45,473","17,977",6.55,0,23.08
4,LG에너지솔루션,"288,000",상승,"3,000",+1.05%,500,"201,354","58,173","287,500","673,920","5,754",-57.90,"297,462","286,500","288,000","603,068",-73.40,-4.93,"292,000","9,798","293,402","3,386",4.03,0.64,"285,000","12,441","234,000","256,196","-4,974",3.18,N/A,-24.08
5,한화에어로스페이스,"935,000",상승,"55,000",+6.25%,"5,000","307,124","284,370","934,000","442,219","17,319",18.91,"284,593","904,000","935,000","433,369",191.41,53.94,"950,000","2,523","319,726","25,399",45.52,8.08,"883,000","4,648","47,296","112,401","49,447",10.82,"3,500",42.47
6,KB금융,"110,200",하락,500,-0.45%,"5,000","1,890,978","211,351","108,600","420,371","80,453",7.64,"2,084,938","110,800","108,700","7,578,455",26.00,8.86,"114,800","12,240","6,980,304","50,286",78.11,0.68,"108,400","14,497","381,462","850,764","14,416",0.70,"3,174",9.77
7,현대차,"196,700",하락,"1,100",-0.56%,"5,000","909,421","179,756","196,700","402,759","142,396",4.29,"1,665,140","201,000","196,600","3,397,984",-5.87,12.43,"201,500","22,338","2,195,225","132,299",35.78,4.25,"195,800","7,795","204,758","1,752,312","45,880",0.46,"12,000",7.73
8,삼성전자우,"48,700",하락,300,-0.61%,100,"942,828","45,879","48,500","397,380",N/A,9.43,"2,135,768","49,500","48,550",N/A,N/A,N/A,"49,750","102,872",N/A,N/A,73.78,N/A,"48,350","38,316","815,975",N/A,"5,162",0.82,N/A,N/A
9,HD현대중공업,"426,000",상승,"8,000",+1.91%,"5,000","319,226","134,059","425,000","378,173","7,052",43.12,"289,254","417,500","425,500","193,909",294.77,11.39,"427,500","2,182","136,865","6,215",10.71,3.40,"411,000","10,113","88,773","144,865","9,880",6.51,"2,090",21.08
10,기아,"94,400",하락,900,-0.94%,"5,000","939,240","89,097","94,300","375,403","126,671",4.03,"1,449,046","96,200","94,400","927,559",9.13,19.09,"96,400","53,462","369,156","97,750",38.62,11.28,"94,100","14,468","397,673","1,074,488","23,440",0.66,"6,500",7.66
11,셀트리온,"161,800",상승,"1,600",+1.00%,"1,000","304,690","48,983","161,400","359,885","4,920",74.87,"381,749","160,500","161,500","210,552",-24.48,2.46,"161,900","7,916","34,752","4,189",21.37,2.04,"158,100","13,911","222,426","35,573","2,161",2.09,735,63.45
12,NAVER,"199,500",상승,"1,000",+0.50%,100,"855,322","170,785","199,400","316,082","19,793",17.42,"1,407,038","204,000","199,500","381,679",32.94,7.90,"204,000","6,813","111,670","19,320",48.50,5.23,"196,800","27,770","158,437","107,377","11,452",1.13,"1,130",11.03
13,두산에너빌리티,"47,950",상승,450,+0.95%,"5,000","11,926,715","566,324","47,750","307,149","10,176",-301.57,"12,678,443","47,550","47,800","263,148",-30.65,1.52,"48,500","88,889","146,537","3,947",26.41,1.55,"45,800","295,231","640,561","162,331",-159,4.04,N/A,-7.71
14,신한지주,"60,600",상승,200,+0.33%,"5,000","1,547,736","94,077","59,800","300,480","64,587",6.65,"2,179,222","60,300","59,900","7,397,643",5.87,8.11,"61,700","14,856","6,809,432","45,582",58.71,0.64,"59,800","35,360","495,842","419,028","9,108",0.53,"2,160",6.26
15,삼성물산,"166,300",하락,800,-0.48%,100,"646,337","107,948","166,200","282,671","29,834",13.28,"1,042,179","167,300","166,300","619,904",3.95,6.83,"170,800","4,841","247,319","27,720",26.97,4.33,"163,000","3,192","169,977","421,032","12,523",0.85,"2,600",0.50
16,현대모비스,"274,500",하락,"5,000",-1.79%,"5,000","232,001","64,438","274,500","255,272","30,735",6.05,"537,125","281,500","275,000","665,969",33.90,9.35,"282,500","10,869","204,787","40,602",41.98,6.49,"274,000","8,291","92,995","572,370","45,380",0.53,"6,000",-3.41
17,한화오션,"78,700",상승,"3,100",+4.10%,"5,000","4,435,196","345,286","78,300","241,147","2,379",34.81,"2,388,406","76,200","78,400","178,438",221.06,11.52,"79,700","56,819","129,805","5,282",12.50,3.32,"75,800","92,009","306,413","107,760","2,261",4.74,N/A,45.46
18,HD한국조선해양,"335,000",상승,"13,500",+4.20%,"5,000","323,914","108,003","334,000","237,090","14,341",16.03,"313,087","318,500","334,500","367,191",408.07,11.16,"339,500","4,178","225,633","14,546",32.58,4.22,"318,500","7,145","70,773","255,386","20,895",2.08,"5,100",19.92
19,삼성생명,"116,200",하락,"5,600",-4.60%,500,"610,370","71,904","115,300","232,400","24,998",11.03,"877,963","122,000","115,400","3,122,188",4.23,6.18,"124,000","3,343","2,794,809","22,603",21.92,0.72,"114,000","2,437","200,000","337,860","10,534",0.68,"4,500",9.21
20,HMM,"22,300",상승,150,+0.68%,"5,000","2,131,707","47,536","22,250","228,584","35,128",4.40,"2,557,621","22,150","22,300","338,486",500.72,15.35,"22,700","102,494","59,930","37,821",7.62,12.70,"21,700","134,888","1,025,039","117,002","5,073",0.70,600,39.27
21,하나금융지주,"78,200",상승,600,+0.77%,"5,000","1,358,781","107,020","77,200","222,654","48,552",6.08,"1,670,019","78,100","77,300","6,378,475",3.45,9.11,"80,800","16,254","5,942,706","37,685",67.46,0.61,"77,000","18,301","284,724","816,143","12,872",0.52,"3,600",17.10
22,카카오,"49,850",하락,"1,550",-3.02%,100,"8,686,694","438,426","49,800","220,193","4,602",144.08,"12,784,767","53,300","49,850","257,730",-0.14,0.56,"53,300","47,705","118,301","-1,619",29.19,-0.64,"49,000","76,903","441,711","78,717",346,2.11,68,4.16
23,POSCO홀딩스,"262,000",상승,"4,000",+1.55%,"5,000","343,039","90,183","260,000","212,044","21,736",25.47,"451,792","261,000","260,500","1,034,042",-38.45,2.00,"266,500","13,648","419,538","9,476",29.20,0.93,"259,000","13,655","80,933","726,881","10,286",0.36,"10,000",-5.76
24,메리츠금융지주,"112,400",하락,"1,200",-1.06%,500,"290,507","32,645","112,200","202,336","31,889",9.45,"449,840","112,900","112,300","1,155,782",8.71,23.44,"113,300","12,579","1,046,482","23,334",15.87,2.14,"111,500","9,681","180,014","465,745","11,897",2.00,"1,350",-20.47
25,삼성화재,"432,000",하락,"12,500",-2.81%,500,"125,172","54,314","431,500","198,768","26,496",10.53,"267,876","440,000","432,000","872,695",12.40,13.11,"446,000","1,264","716,673","20,768",55.70,2.41,"429,500","1,691","46,011","226,570","41,007",1.18,"19,000",8.80
26,현대로템,"167,900",상승,"14,500",+9.45%,"5,000","1,839,283","303,482","167,900","183,250","4,566",36.00,"1,073,051","159,500","168,000","52,854",117.36,21.85,"169,300","6,721","32,763","4,053",32.25,7.70,"158,000","11,256","109,142","43,766","4,664",8.39,200,22.00
27,크래프톤,"374,500",상승,"1,000",+0.27%,100,"126,637","47,051","374,000","177,471","11,825",13.53,"107,584","371,500","374,500","79,195",53.96,21.10,"375,000","2,409","10,903","13,026",42.79,18.14,"365,000","7,764","47,389","27,098","27,686",2.36,0,41.83
28,한국전력,"27,450",하락,"3,100",-10.15%,"5,000","11,426,761","322,856","27,200","176,219","83,647",3.35,"5,069,114","31,000","27,250","2,468,078",284.18,9.22,"31,000","215,750","2,054,450","36,220",19.35,1.49,"26,700","128,973","641,964","933,989","8,191",0.42,213,5.87
29,SK스퀘어,"129,200",상승,600,+0.47%,100,"399,228","51,252","128,800","171,243","39,126",3.49,"865,086","127,400","128,900","219,211",267.23,21.70,"131,500","2,487","23,356","36,505",52.19,18.30,"125,700","2,911","132,541","61,385","37,069",0.83,0,169.41
30,고려아연,"764,000",하락,"6,000",-0.78%,"5,000","15,814","12,066","762,000","158,173","7,235",64.20,"22,599","763,000","763,000","147,923",9.63,2.28,"770,000",860,"71,969","1,948",12.04,1.45,"755,000",519,"20,703","120,529","11,900",1.88,"17,500",24.20
31,HD현대일렉트릭,"428,000",상승,"27,500",+6.87%,"5,000","501,813","212,302","428,500","154,282","6,690",27.47,"278,060","403,500","429,000","37,955",112.23,39.34,"433,000","4,176","22,880","4,984",33.38,14.87,"402,500","10,687","36,047","33,223","15,581",10.24,"5,350",22.92
32,우리금융지주,"20,650",상승,150,+0.73%,"5,000","2,638,893","54,623","20,400","153,345","42,552",5.33,"4,009,445","20,550","20,450","5,257,533",21.61,9.39,"21,100","91,535","4,898,581","31,715",45.87,0.62,"20,250","56,479","742,592","466,167","3,877",0.45,"1,200",11.03
33,삼성중공업,"17,230",상승,580,+3.48%,"1,000","10,443,242","178,052","17,220","151,624","5,027",103.80,"7,235,078","16,690","17,230","171,946",115.43,1.77,"17,250","74,925","134,452",539,31.53,0.33,"16,650","353,532","880,000","99,031",166,3.82,N/A,23.64
34,KT&G,"121,900",하락,"1,400",-1.14%,"5,000","296,037","35,982","121,400","148,794","11,888",13.73,"317,244","122,200","121,500","139,252",1.84,12.66,"123,400","3,280","45,668","11,650",43.41,8.73,"120,300","2,028","122,062","59,088","8,881",1.45,"5,400",0.79
35,LG화학,"206,500",상승,"5,000",+2.48%,"5,000","381,174","79,201","206,000","145,773","9,168",-17.29,"315,511","203,000","206,500","938,578",-63.75,-2.11,"212,500","11,705","458,623","5,150",29.94,0.60,"202,000","13,084","70,592","489,161","-11,946",0.49,"1,000",-11.46
36,SK이노베이션,"94,200",상승,900,+0.96%,"5,000","329,104","31,101","94,000","142,275","3,155",-4.66,"445,001","93,300","94,100","1,105,301",-83.43,-9.65,"95,900","8,536","708,812","-23,725",13.46,-2.48,"92,600","6,702","151,035","747,170","-20,236",0.58,"2,000",-3.33
37,SK,"187,700",하락,"8,000",-4.09%,200,"547,935","104,426","187,200","136,088","23,553",15.28,"832,122","196,600","187,200","2,149,778",-50.46,-5.64,"198,700","3,041","1,346,902","5,288",23.55,0.25,"186,000","2,155","72,503","1,246,904","12,281",0.38,"7,000",-3.19
38,카카오뱅크,"28,350",하락,800,-2.74%,"5,000","4,023,775","116,188","28,250","135,226","6,069",28.99,"8,989,144","30,650","28,300","628,053",26.83,6.95,"30,700","54,563","562,652","4,401",17.39,0.75,"27,750","35,204","476,989","29,456",978,2.07,360,18.11
39,기업은행,"16,770",보합,0,0.00%,"5,000","1,354,840","22,841","16,690","133,728","35,941",5.06,"1,684,680","17,040","16,700","4,722,198",4.71,8.06,"17,040","23,266","4,379,887","26,543",14.12,0.58,"16,620","25,449","797,426","324,300","3,316",0.39,"1,065",13.30
40,KT,"51,100",상승,500,+0.99%,"5,000","349,433","17,822","51,100","128,783","8,095",20.35,"513,418","50,600","51,200","418,800",-50.93,2.85,"51,300","39,646","238,834","4,171",49.00,0.99,"50,600","30,605","252,022","264,312","2,511",0.75,"2,000",0.21
41,하이브,"308,000",상승,"6,000",+1.99%,500,"320,513","98,164","308,000","128,288","1,840",245.22,"453,290","308,000","308,500","54,792",-37.75,0.31,"310,000","9,397","19,654",-34,18.53,-0.06,"300,000","32,974","41,652","22,556","1,256",3.89,200,3.56
42,LG전자,"73,600",상승,700,+0.96%,"5,000","588,656","43,479","73,400","120,445","34,197",19.24,"452,130","73,700","73,500","656,296",-6.40,1.81,"74,600","24,123","404,179","5,914",29.64,0.94,"72,600","17,818","163,648","877,282","3,825",0.60,"1,000",6.64
43,LG,"74,400",하락,"1,300",-1.72%,"5,000","315,015","23,577","74,400","116,995","9,668",14.72,"437,702","76,500","74,500","316,393",-39.16,2.16,"76,600","9,387","35,066","7,905",35.04,2.55,"73,900","1,783","157,251","71,755","5,053",0.42,"3,100",-3.62
44,삼성SDI,"169,800",하락,"1,000",-0.59%,"5,000","400,405","68,494","169,600","116,762","3,633",116.22,"489,915","171,900","169,700","405,973",-76.49,3.13,"172,900","20,818","190,301","5,755",29.54,1.54,"169,400","6,062","68,765","165,922","1,461",0.60,973,-22.60
45,SK텔레콤,"52,700",하락,400,-0.75%,100,"839,636","44,376","52,700","113,194","18,234",8.97,"939,726","53,200","52,800","305,153",4.00,10.83,"53,300","124,212","186,876","13,871",39.83,4.58,"52,600","76,426","214,790","179,406","5,874",0.95,"3,540",1.89
46,삼성에스디에스,"137,000",상승,600,+0.44%,500,"111,483","15,316","136,800","106,008","9,111",13.99,"155,534","138,000","136,900","132,383",12.73,8.42,"138,600","1,550","35,329","7,895",19.33,6.18,"136,100","1,156","77,378","138,282","9,791",1.13,"2,900",4.15
47,미래에셋증권,"18,160",상승,150,+0.83%,"5,000","3,284,918","59,588","17,950","103,569","11,881",14.78,"7,062,336","18,350","17,960","1,371,770",128.02,7.94,"18,580","35,152","1,249,133","9,255",13.55,0.69,"17,790","8,993","570,316","222,342","1,229",0.88,250,9.22
48,LIG넥스원,"457,500",상승,"17,500",+3.98%,"5,000","185,273","83,756","456,500","100,650","2,298",41.02,"132,928","444,500","457,000","61,253",23.29,19.59,"462,000","1,282","48,878","2,166",31.74,4.36,"441,000","5,101","22,000","32,763","11,153",8.03,"2,400",41.92
49,한화시스템,"51,700",상승,"8,900",+20.79%,"5,000","11,978,673","578,041","51,100","97,671","2,193",22.18,"2,457,045","43,750","51,200","57,240",78.95,19.63,"52,000","59,614","33,076","4,454",8.11,8.73,"43,550","61,159","188,919","28,037","2,331",2.88,350,14.32
50,삼성전기,"129,700",하락,300,-0.23%,"5,000","323,782","42,094","129,700","96,878","7,350",15.98,"449,209","131,100","129,800","127,924",11.27,8.16,"131,400","14,488","37,765","7,032",32.49,5.75,"129,200","7,846","74,694","102,941","8,115",1.11,"1,800",15.76
51,HD현대,"122,000",상승,"2,300",+1.92%,"1,000","540,200","65,401","120,100","96,372","29,832",18.35,"500,732","119,700","120,200","738,667",46.84,6.36,"124,400","11,490","474,816","19,302",21.75,2.72,"118,800","2,384","78,993","677,656","6,647",0.93,"3,600",10.49
52,두산,"579,000",하락,"9,000",-1.53%,"5,000","240,399","139,476","579,000","95,673","10,038",-59.75,"260,282","588,000","580,000","301,431",-30.11,-14.57,"603,000","3,257","182,536","3,022",12.47,1.03,"556,000","1,794","16,524","181,329","-9,690",6.90,"2,000",-5.21
53,한진칼,"139,500",하락,300,-0.21%,"2,500","111,680","15,614","139,000","93,133",492,20.45,"213,610","139,800","139,100","42,072",14.82,16.75,"141,000","2,612","8,940","5,122",20.67,12.82,"138,300","1,061","66,762","2,922","6,822",2.88,360,5.96
54,포스코퓨처엠,"119,300",상승,"1,700",+1.45%,500,"284,876","33,882","118,500","92,414",7,-41.37,"312,846","118,900","118,600","79,325",-97.99,-7.98,"120,300","4,003","46,120","-2,313",10.06,-3.24,"116,800","1,230","77,463","36,999","-2,884",3.06,0,-22.27
55,현대글로비스,"121,300",하락,200,-0.16%,500,"192,703","23,476","121,000","90,975","17,529",7.66,"336,261","122,300","121,100","168,491",12.80,13.24,"123,500","1,855","80,398","10,995",49.33,6.96,"120,000","1,237","75,000","284,074","15,834",1.02,"3,700",10.61
56,포스코인터내셔널,"51,600",상승,200,+0.39%,"5,000","522,020","27,068","51,500","90,776","11,169",16.87,"438,538","51,700","51,600","173,363",-3.97,8.14,"53,700","20,093","99,869","5,034",6.50,2.97,"50,400","8,462","175,923","323,408","3,058",1.37,"1,550",-2.39
57,한국항공우주,"89,800",상승,"5,100",+6.02%,"5,000","1,278,052","112,242","89,600","87,533","2,407",52.89,"1,078,921","85,300","89,700","80,255",-2.74,10.42,"89,900","9,429","62,984","1,709",34.46,2.25,"84,700","49,263","97,475","36,337","1,698",5.19,500,-4.86
58,삼양식품,"1,153,000",상승,"13,000",+1.14%,"5,000","43,580","49,869","1,154,000","86,856","3,446",28.51,"52,938","1,135,000","1,155,000","15,948",133.58,39.37,"1,158,000",289,"7,667","2,713",19.28,19.62,"1,121,000","2,446","7,533","17,280","40,436",9.52,"3,300",44.86
59,유한양행,"107,300",보합,0,0.00%,"1,000","341,276","36,366","106,800","86,064",549,130.69,"464,772","108,100","106,900","29,420",-3.77,3.41,"108,100","11,825","7,914",552,18.11,1.92,"105,500","7,731","80,209","20,678",821,3.89,500,11.23
60,대한항공,"22,950",상승,50,+0.22%,"5,000","1,034,214","23,742","22,850","84,507","21,102",6.91,"1,333,354","23,100","22,900","470,121",17.88,13.17,"23,100","139,201","360,489","13,819",16.99,3.57,"22,850","164,813","368,221","178,707","3,322",0.81,750,10.92
61,KODEX CD금리액티브(합성),"1,071,822",상승,77,+0.01%,0,"195,210","209,230","1,071,820","83,427",N/A,N/A,"212,390","1,071,820","1,071,825",N/A,N/A,N/A,"1,071,825","447,056",N/A,N/A,0.00,N/A,"1,071,820","435,970","7,784",N/A,N/A,N/A,N/A,N/A
62,HD현대마린솔루션,"184,700",상승,"6,900",+3.88%,500,"199,067","36,580","184,600","82,800","2,717",33.05,"212,545","178,000","184,700","11,522",34.87,44.98,"185,500",994,"3,787","2,279",28.73,25.20,"177,800","8,446","44,829","17,455","5,588",11.57,"3,150",22.02
63,아모레퍼시픽,"140,300",상승,400,+0.29%,500,"380,664","53,644","140,000","82,065","2,205",15.49,"436,123","140,600","140,100","67,835",103.83,11.69,"142,900","3,375","14,575","6,016",23.36,9.50,"138,100","2,573","58,493","38,851","9,057",1.83,"1,125",5.75
64,TIGER 미국S&P500,"20,370",상승,185,+0.92%,0,"4,298,178","87,432","20,390","81,602",N/A,N/A,"3,619,170","20,200","20,395",N/A,N/A,N/A,"20,400","262,972",N/A,N/A,0.16,N/A,"20,195","267,038","400,600",N/A,N/A,N/A,N/A,N/A
65,현대건설,"72,000",상승,"3,700",+5.42%,"5,000","3,112,978","224,523","71,400","80,176","-12,634",-39.74,"2,144,626","68,900","71,500","270,054",-260.86,-2.09,"74,000","20,520","173,360","-7,662",23.89,-3.02,"68,900","30,622","111,356","326,703","-1,812",1.00,600,10.18
66,LS ELECTRIC,"267,000",상승,"6,500",+2.50%,"5,000","226,775","60,497","266,500","80,100","3,897",34.80,"178,268","264,000","267,000","44,852",19.96,13.44,"274,500","5,756","25,951","2,422",23.73,5.90,"257,500","11,353","30,000","45,518","7,673",4.33,"2,900",7.60
67,한미반도체,"82,700",하락,800,-0.96%,100,"777,293","64,469","82,700","79,900","2,554",58.16,"689,244","83,900","82,800","7,109",638.74,27.43,"84,200","68,292","1,700","1,526",7.73,21.27,"82,200","24,311","96,614","5,589","1,422",15.04,720,251.50
68,카카오페이,"57,400",상승,"7,900",+15.96%,500,"5,050,087","282,477","56,000","77,314",-575,"-1,851.61","2,037,710","58,200","56,100","44,147",-1.59,-0.73,"58,400","25,285","25,039",-215,38.63,-0.51,"53,000","44,158","134,694","7,662",-31,4.12,0,24.52
69,DB손해보험,"107,900",하락,400,-0.37%,500,"147,270","15,949","107,600","76,393","24,249",4.13,"305,265","107,900","107,700","665,061",8.50,18.98,"109,900","3,599","571,149","18,532",46.29,2.93,"106,600","2,207","70,800","218,350","26,152",0.70,"6,800",10.49
70,HD현대미포,"187,300",상승,500,+0.27%,"5,000","469,237","87,504","186,600","74,812",885,49.01,"711,977","185,700","186,600","51,089",157.89,5.25,"189,700","3,085","30,024","1,132",20.94,2.26,"184,200","5,112","39,942","46,300","3,822",3.61,710,14.63
71,SK바이오팜,"92,700",보합,0,0.00%,500,"120,717","11,139","92,600","72,596",963,28.90,"232,318","92,700","92,700","10,368",356.75,58.01,"93,100","4,216","4,628","2,270",11.15,25.79,"91,500","7,399","78,313","5,476","3,208",12.79,N/A,54.30
72,한화,"95,050",상승,"3,050",+3.32%,"5,000","1,594,294","150,551","94,700","71,248","24,161",9.08,"1,245,212","92,800","94,800","2,520,370",0.17,7.19,"98,400","3,473","2,124,752","16,904",15.18,0.73,"89,900","11,333","74,959","556,468","10,464",0.85,800,4.73
73,KODEX 머니마켓액티브,"103,040",상승,10,+0.01%,0,"399,420","41,154","103,035","68,068",N/A,N/A,"502,237","103,035","103,040",N/A,N/A,N/A,"103,040","1,222,312",N/A,N/A,0.00,N/A,"103,035","1,312,669","66,060",N/A,N/A,N/A,N/A,N/A
74,코웨이,"94,300",상승,"2,600",+2.84%,500,"194,553","18,248","93,700","67,810","7,954",12.02,"206,463","92,000","93,800","57,616",8.77,19.38,"95,400","1,752","25,654","5,655",61.46,10.66,"91,500","1,248","71,909","43,101","7,843",2.15,"2,630",8.66
75,S-Oil,"58,800",상승,100,+0.17%,"2,500","216,820","12,757","58,900","66,199","4,222",-16.98,"374,419","58,800","59,000","244,514",-68.83,-2.18,"59,400","12,982","157,558","-1,930",73.35,-0.84,"57,700","27,799","112,583","366,370","-3,463",0.79,125,2.55
76,한국금융지주,"118,500",상승,700,+0.59%,"5,000","321,295","37,999","117,700","66,035","11,997",6.31,"463,060","117,300","117,800","1,092,202",46.24,11.54,"120,400","1,955","994,857","10,459",37.84,1.02,"116,300","1,802","55,726","211,741","18,792",0.70,"3,980",1.34
77,KODEX 200,"38,635",상승,190,+0.49%,0,"9,686,435","374,616","38,540","65,699",N/A,N/A,"12,580,883","38,705","38,550",N/A,N/A,N/A,"38,890","220,754",N/A,N/A,30.77,N/A,"38,335","171,051","170,050",N/A,N/A,N/A,N/A,N/A
78,효성중공업,"681,000",상승,"15,000",+2.25%,"5,000","70,966","48,002","679,000","63,500","3,625",20.95,"49,999","676,000","681,000","62,188",40.59,14.90,"690,000",832,"41,632","2,229",22.86,4.06,"665,000","1,666","9,325","48,950","32,509",3.23,"5,000",13.82
79,NH투자증권,"18,230",상승,180,+1.00%,"5,000","943,060","17,182","18,060","59,702","9,011",9.23,"1,341,854","18,160","18,080","624,271",24.16,8.73,"18,570","30,294","543,077","6,866",16.03,1.15,"18,000","1,942","327,492","100,343","1,976",0.78,950,-3.25
80,맥쿼리인프라,"11,820",상승,40,+0.34%,0,"1,237,816","14,653","11,800","56,609",N/A,N/A,"1,103,590","11,800","11,810",N/A,N/A,N/A,"11,900","98,748",N/A,N/A,9.15,N/A,"11,780","292,906","478,922",N/A,N/A,N/A,N/A,N/A
81,LG유플러스,"12,950",하락,40,-0.31%,"5,000","1,007,654","13,119","12,910","56,541","8,631",13.82,"1,794,001","12,900","12,920","197,077",-13.52,4.40,"13,110","14,048","109,394","3,146",36.90,1.58,"12,880","11,491","436,611","146,252",937,0.65,650,1.76
82,삼성증권,"63,300",하락,200,-0.31%,"5,000","426,712","27,037","63,000","56,527","12,058",6.32,"737,085","64,100","63,100","622,739",62.69,12.89,"64,500","12,400","549,497","8,990",29.61,1.51,"62,000","4,932","89,300","134,666","10,015",0.78,"3,500",2.26
83,LS,"174,500",하락,"3,600",-2.02%,"5,000","437,161","76,577","172,700","56,189","10,729",19.78,"671,550","182,000","172,800","205,279",19.26,5.09,"182,100","2,395","136,468","3,915",13.93,2.02,"170,500","3,009","32,200","275,447","8,821",0.98,"1,650",12.52
84,삼성카드,"47,850",상승,350,+0.74%,"5,000","141,648","6,841","47,850","55,438","8,854",8.26,"240,563","48,000","48,100","294,941",9.31,8.00,"49,150",344,"210,079","6,646",6.35,2.28,"47,350","1,974","115,859","43,832","5,793",0.61,"2,800",9.47
85,LG생활건강,"345,500",상승,"5,000",+1.47%,"5,000","42,519","14,618","344,000","53,961","4,590",33.86,"54,046","341,500","345,500","74,058",-5.74,3.44,"346,000","1,029","17,199","2,039",28.42,2.79,"340,500","2,445","15,618","68,119","10,204",1.03,"3,500",0.10
86,현대차2우B,"153,200",하락,"2,300",-1.48%,"5,000","148,783","22,988","153,100","53,565",N/A,3.34,"247,825","156,600","153,200",N/A,N/A,N/A,"156,900","4,846",N/A,N/A,60.14,N/A,"153,000","1,013","34,964",N/A,"45,880",0.36,N/A,N/A
87,한화솔루션,"31,100",상승,50,+0.16%,"5,000","1,754,575","54,487","31,050","53,459","-3,002",-5.48,"2,149,005","31,050","31,100","300,368",-151.83,-15.99,"31,500","102,609","194,300","-13,690",13.54,-4.99,"30,650","108,593","171,893","123,940","-5,673",0.58,300,-5.23
88,넷마블,"60,000",상승,"5,200",+9.49%,100,"696,323","41,420","59,700","51,572","2,156",50.72,"161,096","56,200","60,000","81,771",414.93,0.49,"61,300","3,339","27,032",32,24.56,0.04,"55,900","3,322","85,954","26,638","1,183",0.91,417,6.46
89,LG씨엔에스,"53,200",하락,300,-0.56%,500,"292,231","15,574","53,000","51,543","5,129",11.57,"382,031","53,900","53,100","45,045",10.52,18.32,"54,000","31,238","23,817","3,649",1.43,8.54,"52,700","42,383","96,886","59,826","4,597",1.97,"1,672",6.73
90,두산밥캣,"52,500",상승,"4,500",+9.38%,500,"652,470","33,875","52,200","50,324","8,714",11.40,"245,375","48,150","52,300","120,096",-37.31,8.77,"53,400","7,103","51,151","5,634",35.98,5.03,"48,100","19,705","95,856","85,512","4,606",0.73,"1,600",-12.38
91,TIGER 미국나스닥100,"132,135",상승,"1,410",+1.08%,0,"367,531","48,479","132,210","49,934",N/A,N/A,"225,662","130,975","132,245",N/A,N/A,N/A,"132,535","15,245",N/A,N/A,0.05,N/A,"130,975","11,546","37,790",N/A,N/A,N/A,N/A,N/A
92,한국타이어앤테크놀로지,"39,350",하락,350,-0.88%,500,"399,766","15,778","39,200","48,745","17,623",4.52,"432,089","40,000","39,250","158,497",32.71,10.79,"40,000","19,580","46,549","11,311",36.06,7.91,"39,100","3,568","123,875","94,119","8,704",0.43,"2,000",5.28
93,에이피알,"129,200",상승,"1,300",+1.02%,100,"551,804","71,304","128,300","48,639","1,227",36.76,"504,906","127,300","128,400","5,651",17.77,41.34,"130,900","4,409","2,416","1,076",23.29,25.24,"126,900","1,887","37,647","7,228","3,515",13.78,0,37.98
94,TIGER CD금리투자KIS(합성),"56,160",상승,5,+0.01%,0,"161,050","9,044","56,155","47,733",N/A,N/A,"176,288","56,155","56,160",N/A,N/A,N/A,"56,160","1,261,568",N/A,N/A,0.01,N/A,"56,155","1,188,744","84,994",N/A,N/A,N/A,N/A,N/A
95,키움증권,"187,300",하락,"4,100",-2.14%,"5,000","198,823","37,468","186,100","45,845","10,982",6.42,"248,685","195,600","186,200","556,884",94.50,15.98,"195,600",750,"500,565","8,349",26.12,1.55,"184,800","1,792","24,477","112,803","29,164",0.88,"7,500",18.18
96,삼성E&A,"22,900",상승,950,+4.33%,"5,000","1,140,707","25,855","22,750","44,884","9,716",6.02,"1,050,139","22,100","22,800","100,133",-2.17,19.65,"22,950","58,094","61,176","6,387",44.49,7.17,"22,100","133,732","196,000","99,666","3,804",1.05,660,-6.20
97,오리온,"112,900",상승,400,+0.36%,500,"89,359","10,046","112,600","44,636","5,436",8.34,"173,080","112,400","112,700","43,084",10.40,16.57,"113,200","14,302","7,344","5,332",29.75,13.62,"111,800","6,431","39,536","31,043","13,534",1.27,"2,500",6.59
98,KODEX 미국S&P500,"18,750",상승,165,+0.89%,0,"6,562,091","122,887","18,765","44,100",N/A,N/A,"4,087,973","18,600","18,770",N/A,N/A,N/A,"18,775","327,148",N/A,N/A,0.25,N/A,"18,585","351,000","235,200",N/A,N/A,N/A,N/A,N/A
99,LG디스플레이,"8,780",상승,30,+0.34%,"5,000","805,323","7,052","8,770","43,900","-5,606",-2.15,"1,325,043","8,830","8,780","328,596",77.67,-37.21,"8,840","59,064","247,868","-24,093",20.43,-7.02,"8,640","57,213","500,000","266,153","-4,084",0.70,N/A,24.77
100,CJ,"149,600",하락,"2,100",-1.38%,"5,000","332,582","50,164","147,900","43,649","25,475",53.72,"456,993","153,800","148,000","474,970",24.93,1.83,"156,000","1,923","297,506","1,512",11.26,0.32,"145,800",773,"29,177","436,467","2,785",0.93,"3,000",5.55
101,GS,"46,450",하락,"1,100",-2.31%,"5,000","521,733","24,572","46,300","43,159","30,602",10.68,"732,409","48,250","46,350","350,634",-17.78,4.12,"48,350","6,884","165,930","8,635",17.04,2.48,"45,750","2,400","92,915","252,975","4,351",0.31,"2,700",-2.62
102,현대제철,"30,650",상승,"1,900",+6.61%,"5,000","1,345,675","40,649","30,650","40,901","1,595",-41.59,"594,735","28,850","30,700","347,438",-80.02,-0.06,"30,900","13,686","154,102",88,17.90,0.03,"28,800","50,007","133,446","232,261",-737,0.21,750,-10.38
103,한미약품,"315,500",상승,"23,000",+7.86%,"2,500","176,810","54,396","314,500","40,419","2,162",37.11,"83,372","295,500","315,000","20,208",-2.04,11.89,"317,500","4,400","7,801","1,404",10.35,7.17,"291,500","6,810","12,811","14,955","8,502",3.59,"1,250",0.31
104,현대오토에버,"147,300",상승,200,+0.14%,500,"55,980","8,248","147,200","40,396","2,244",24.48,"105,284","149,500","147,300","33,495",23.71,10.40,"149,600",419,"16,190","1,752",2.29,5.66,"145,700","1,158","27,424","37,136","6,016",2.40,"1,780",21.16
105,KODEX KOFR금리액티브(합성),"110,477",상승,2,0.00%,0,"334,055","36,906","110,475","39,340",N/A,N/A,"388,229","110,480","110,480",N/A,N/A,N/A,"110,480","516,887",N/A,N/A,0.00,N/A,"110,475","445,516","35,609",N/A,N/A,N/A,N/A,N/A
106,엔씨소프트,"174,200",상승,"1,200",+0.69%,500,"120,958","21,158","174,300","37,530","-1,092",51.12,"134,819","173,200","174,400","39,539",-179.56,2.99,"177,600","1,682","8,904",941,34.36,2.26,"172,400","2,764","21,544","15,781","3,408",1.12,"1,460",-11.33
107,JB금융지주,"19,190",상승,230,+1.21%,"5,000","570,466","10,983","19,100","37,211","9,061",5.53,"481,611","18,910","19,110","667,219",13.26,12.80,"19,500","3,549","609,971","6,930",35.28,1.07,"18,770","2,171","193,908","46,238","3,469",0.65,995,10.25
108,강원랜드,"17,350",하락,40,-0.23%,500,"370,168","6,422","17,310","37,119","2,858",8.46,"710,547","17,450","17,320","47,006",1.25,12.09,"17,450","11,551","8,170","4,569",13.58,9.99,"17,250","18,373","213,940","14,269","2,050",0.94,"1,170",2.76
109,BNK금융지주,"11,650",상승,400,+3.56%,"5,000","1,662,339","19,293","11,600","37,092","8,759",5.14,"1,242,646","11,380","11,610","1,524,705",9.33,6.96,"11,730","25,644","1,413,229","7,500",40.63,0.50,"11,350","28,896","318,384","100,314","2,266",0.35,650,3.80
110,CJ제일제당,"245,500",보합,0,0.00%,"5,000","56,686","13,906","244,500","36,958","15,530",54.42,"103,843","246,000","245,000","301,500",20.24,1.97,"248,000","7,333","179,072","3,618",20.62,1.21,"242,000","6,578","15,054","293,591","4,511",0.50,"6,000",1.16
111,SK바이오사이언스,"46,300",상승,450,+0.98%,500,"93,770","4,317","46,300","36,285","-1,384",-75.41,"159,597","45,900","46,350","28,436","-1,054.77",-3.07,"46,500","3,477","8,211",-501,6.43,-2.13,"45,250","8,863","78,369","2,675",-614,2.01,0,-27.59
112,SKC,"94,800",상승,100,+0.11%,"5,000","181,095","17,191","94,300","35,899","-2,768",-6.88,"246,280","96,200","94,400","67,487",-29.53,-34.34,"96,700","10,522","44,559","-4,551",14.73,-6.60,"93,500","4,107","37,868","17,216","-13,786",2.86,N/A,15.27
113,현대차우,"152,100",하락,"2,800",-1.81%,"5,000","107,987","16,603","152,000","35,502",N/A,3.32,"136,965","155,700","152,100",N/A,N/A,N/A,"156,200","3,649",N/A,N/A,61.52,N/A,"151,900","1,348","23,341",N/A,"45,880",0.36,N/A,N/A
114,LG이노텍,"147,700",하락,400,-0.27%,"5,000","171,151","25,257","147,200","34,956","7,060",8.82,"129,752","148,200","147,300","113,782",-15.02,8.92,"149,300","9,858","60,243","4,493",23.40,3.98,"145,800","1,376","23,667","212,008","16,750",0.65,"2,090",2.89
115,한국가스공사,"37,700",하락,"3,800",-9.16%,"5,000","1,591,899","61,616","37,500","34,802","30,034",3.14,"526,847","41,200","37,550","576,696",93.34,11.21,"41,300","72,155","468,433","11,490",10.55,2.00,"37,100","15,254","92,313","383,887","12,001",0.30,"1,455",-13.84
116,포스코DX,"22,300",상승,150,+0.68%,500,"265,584","5,947","22,300","33,904","1,090",40.40,"478,184","22,300","22,350","8,925",-1.42,17.92,"22,650","30,732","3,666",886,3.07,9.94,"22,150","30,396","152,035","14,733",552,6.34,125,-0.85
117,두산로보틱스,"51,600",상승,700,+1.38%,500,"311,538","16,155","51,300","33,447",-412,-77.59,"192,030","51,200","51,400","4,217",-114.96,-8.69,"53,000","16,932",192,-366,2.20,-8.33,"50,300","7,778","64,820",468,-665,8.50,N/A,-11.71
118,금호석유화학,"125,900",상승,"9,300",+7.98%,"5,000","326,211","41,005","124,700","33,313","2,728",10.35,"99,719","117,100","124,800","83,402",-24.00,5.88,"129,200","1,760","22,980","3,486",17.13,4.27,"116,700","1,783","26,460","71,550","12,168",0.54,"2,200",13.17
119,KODEX 종합채권(AA-이상)액티브,"118,355",하락,130,-0.11%,0,"33,567","3,970","118,305","32,820",N/A,N/A,"119,285","118,275","118,315",N/A,N/A,N/A,"118,385","12,171",N/A,N/A,0.00,N/A,"118,205","33,555","27,730",N/A,N/A,N/A,N/A,N/A
120,TIGER 미국테크TOP10 INDXX,"23,195",상승,270,+1.18%,0,"699,674","16,207","23,210","31,592",N/A,N/A,"1,071,512","23,000","23,215",N/A,N/A,N/A,"23,270","147,413",N/A,N/A,0.58,N/A,"23,000","158,299","136,200",N/A,N/A,N/A,N/A,N/A
121,롯데지주,"29,750",하락,600,-1.98%,200,"658,699","19,688","29,450","31,210","3,405",-2.90,"758,710","30,500","29,500","226,603",-31.04,-15.56,"30,750","23,854","134,605","-9,461",7.27,-4.13,"29,225","4,448","104,909","157,570","-10,260",0.35,"1,200",3.94
122,현대엘리베이터,"79,600",상승,100,+0.13%,"5,000","220,605","17,672","79,400","31,118","2,257",14.89,"221,413","79,400","79,500","35,738",173.22,14.42,"81,300","2,009","22,315","1,939",29.00,5.46,"78,100","2,196","39,092","28,853","5,347",2.52,"5,500",10.88
123,에코프로머티,"43,900",하락,200,-0.45%,500,"339,896","14,951","43,750","30,700",-647,-73.17,"568,825","44,700","43,800","12,902",-837.74,-5.56,"44,850","11,285","5,526",-427,23.36,-3.57,"43,350","5,826","69,932","2,998",-600,4.19,0,-68.52
124,시프트업,"51,450",상승,"1,050",+2.08%,200,"206,080","10,584","51,200","30,243","1,527",18.94,"218,656","51,100","51,300","8,038",37.47,31.30,"52,000","10,817",394,"1,480",37.49,29.37,"50,500","7,457","58,782","2,241","2,717",3.80,0,32.91
125,이수페타시스,"41,000",하락,200,-0.49%,"1,000","832,106","34,301","41,000","30,098","1,019",28.69,"1,100,771","41,800","41,050","7,901",63.87,24.92,"42,000","23,589","4,626",740,14.53,10.45,"40,650","37,019","73,409","8,369","1,429",7.63,143,23.92
126,F&F,"77,900",상승,"1,600",+2.10%,100,"74,817","5,803","77,800","29,841","4,507",8.58,"81,862","76,400","77,900","22,859",-18.32,25.27,"78,400",969,"7,086","3,560",11.35,16.59,"76,000","10,266","38,307","18,960","9,076",1.85,"1,700",-4.17
127,대한전선,"15,460",상승,60,+0.39%,"1,000","7,732,304","122,136","15,460","28,825","1,152",36.90,"10,437,686","16,700","15,470","26,427",44.28,5.85,"16,710","23,636","11,466",742,7.48,3.28,"15,170","50,299","186,447","32,913",419,1.90,N/A,15.73
128,KCC,"323,500",하락,"3,500",-1.07%,"5,000","41,920","13,577","320,500","28,748","4,711",-24.45,"39,645","327,000","321,000","131,086",50.74,6.08,"330,000","1,065","80,692","2,933",9.11,2.22,"318,500",845,"8,886","66,588","-13,230",0.38,"10,000",5.89
129,TIGER KOFR금리액티브(합성),"108,975",보합,0,0.00%,0,"76,175","8,301","108,975","28,648",N/A,N/A,"71,777","108,975","108,980",N/A,N/A,N/A,"108,980","17,552",N/A,N/A,0.00,N/A,"108,970","36,813","26,289",N/A,N/A,N/A,N/A,N/A
130,롯데케미칼,"66,600",상승,"5,000",+8.12%,"5,000","446,068","29,717","66,500","28,488","-8,941",-1.57,"121,484","61,800","66,600","345,523",-157.14,-11.44,"68,800","3,309","145,644","-18,256",20.40,-5.37,"61,600","2,619","42,775","204,304","-42,451",0.19,"2,000",2.43
131,RISE 머니마켓액티브,"54,290",상승,5,+0.01%,0,"437,391","23,745","54,285","28,433",N/A,N/A,"283,462","54,285","54,290",N/A,N/A,N/A,"54,295","299,766",N/A,N/A,0.99,N/A,"54,285","200,191","52,372",N/A,N/A,N/A,N/A,N/A
132,영원무역,"62,200",상승,"1,400",+2.30%,500,"49,183","3,034","62,000","27,562","3,156",6.40,"51,814","59,800","62,100","53,897",-50.47,12.32,"62,300","1,612","14,941","2,945",29.22,5.51,"59,800","3,877","44,311","35,178","9,724",0.72,"1,400",-2.40
133,동서,"27,200",상승,300,+1.12%,500,"50,744","1,370","27,100","27,118",445,18.26,"75,909","27,050","27,150","17,791",1.66,9.52,"27,250","9,764",697,"1,590",4.36,9.16,"26,800","6,359","99,700","4,889","1,490",1.63,890,-0.17
134,코스맥스,"237,000",상승,"11,000",+4.87%,500,"113,009","26,541","236,500","26,898","1,754",36.01,"91,471","226,000","237,000","19,337",51.61,20.53,"240,000","1,962","14,249",884,35.30,5.07,"224,000","3,861","11,350","21,661","6,581",6.14,"2,300",21.86
135,한미사이언스,"39,300",상승,"2,200",+5.93%,500,"398,861","15,563","39,100","26,878",989,50.97,"187,089","37,050","39,200","13,491",-20.57,7.30,"39,650","11,621","5,104",567,2.03,4.40,"37,000","12,971","68,392","12,834",771,3.13,300,2.85
136,한화생명,"3,090",하락,65,-2.06%,"5,000","3,092,576","9,583","3,065","26,838","10,970",3.64,"3,461,439","3,175","3,070","1,601,464",3.78,6.98,"3,175","99,967","1,458,684","8,660",10.00,0.56,"3,020","40,374","868,530","245,852",849,0.20,N/A,7.91
137,한전기술,"70,200",하락,"3,200",-4.36%,200,"782,844","55,632","70,000","26,830",548,23.18,"1,490,182","72,300","70,100","9,468",91.88,10.40,"72,600","29,564","3,694",585,10.04,6.50,"69,300","10,250","38,220","5,534","3,029",4.45,999,1.52
138,서울보증보험,"37,900",보합,0,0.00%,"2,500","337,623","12,937","37,650","26,462","2,797",12.42,"243,376","38,250","37,750","93,336",-46.64,4.12,"39,600","11,121","41,581","2,133",1.06,2.31,"37,600","2,680","69,822","27,513","3,052",0.51,"2,865",5.41
139,에스원,"69,200",하락,"1,200",-1.70%,500,"34,723","2,399","69,100","26,295","2,092",14.76,"51,099","69,700","69,200","23,227",-1.58,10.85,"70,800","1,644","6,620","1,767",56.17,7.85,"68,500","1,019","37,999","28,047","4,687",1.45,"2,700",7.02
140,한화비전,"51,800",상승,500,+0.97%,500,"513,886","26,481","51,700","26,153",-1,81.57,"546,914","51,400","51,800","15,911",N/A,N/A,"52,400","29,936","7,664",32,20.47,N/A,"50,600","25,729","50,488","4,933",635,3.15,N/A,N/A
141,TIGER 200,"38,595",상승,180,+0.47%,0,"2,618,569","101,097","38,505","26,129",N/A,N/A,"4,767,713","38,635","38,515",N/A,N/A,N/A,"38,850","153,829",N/A,N/A,10.01,N/A,"38,315","131,199","67,700",N/A,N/A,N/A,N/A,N/A
142,KODEX 미국나스닥100,"19,870",상승,200,+1.02%,0,"1,873,977","37,188","19,885","25,722",N/A,N/A,"1,142,166","19,700","19,890",N/A,N/A,N/A,"19,930","172,097",N/A,N/A,0.06,N/A,"19,700","183,298","129,450",N/A,N/A,N/A,N/A,N/A
143,KODEX 200TR,"13,765",상승,60,+0.44%,0,"654,059","9,001","13,725","25,417",N/A,N/A,"1,221,149","13,760","13,735",N/A,N/A,N/A,"13,860","164,842",N/A,N/A,0.00,N/A,"13,665","237,243","184,650",N/A,N/A,N/A,N/A,N/A
144,KODEX 레버리지,"19,940",상승,190,+0.96%,0,"25,962,768","518,161","19,860","25,384",N/A,N/A,"25,410,193","19,995","19,870",N/A,N/A,N/A,"20,205","335,863",N/A,N/A,0.26,N/A,"19,645","310,076","127,300",N/A,N/A,N/A,N/A,N/A
145,TIGER 미국필라델피아반도체나스닥,"18,465",상승,565,+3.16%,0,"2,113,897","38,887","18,465","24,992",N/A,N/A,"649,977","18,250","18,470",N/A,N/A,N/A,"18,485","253,238",N/A,N/A,0.58,N/A,"18,235","92,758","135,350",N/A,N/A,N/A,N/A,N/A
146,농심,"397,000",하락,"4,000",-1.00%,"5,000","70,814","28,231","397,500","24,148","1,631",15.46,"122,665","404,000","398,000","35,975",-23.10,6.17,"404,500","6,704","9,249","1,576",17.14,4.61,"397,000","3,391","6,083","34,387","25,679",0.85,"5,000",0.83
147,한화엔진,"28,000",상승,"1,050",+3.90%,"1,000","911,573","25,193","27,850","23,365",715,27.92,"1,268,854","27,000","27,900","14,131",719.51,25.64,"28,100","14,707","10,198",792,11.70,6.21,"27,000","61,442","83,447","12,022","1,003",5.65,N/A,40.71
148,이마트,"83,100",하락,"7,500",-8.28%,"5,000","884,600","73,736","82,900","22,932",471,-4.24,"222,736","87,900","83,000","339,306",200.35,-5.40,"87,900","40,332","207,466","-5,734",21.22,-1.70,"82,100","5,633","27,596","290,209","-19,614",0.22,"2,000",-1.53
149,아모레퍼시픽홀딩스,"28,650",상승,50,+0.17%,500,"205,236","5,907","28,550","22,765","2,493",10.18,"264,389","29,000","28,600","85,405",64.00,7.57,"29,400","3,004","15,488","6,529",9.44,8.07,"28,000","3,148","79,458","42,599","2,813",0.77,330,5.93
150,ACE 미국30년국채액티브(H),"7,605",상승,40,+0.53%,0,"2,422,394","18,383","7,605","22,397",N/A,N/A,"2,572,744","7,585","7,610",N/A,N/A,N/A,"7,615","877,038",N/A,N/A,0.01,N/A,"7,575","589,961","294,500",N/A,N/A,N/A,N/A,N/A
151,현대해상,"24,800",하락,300,-1.20%,500,"463,410","11,576","24,750","22,171","12,441",2.61,"600,970","25,200","24,800","485,238",67.33,15.75,"25,450","36,133","437,804","8,505",35.19,1.84,"24,650","37,400","89,400","173,245","9,514",0.41,N/A,8.86
152,KODEX CD1년금리플러스액티브(합성),"1,022,665",상승,55,+0.01%,0,"8,656","8,852","1,022,660","22,058",N/A,N/A,"5,286","1,022,660","1,022,665",N/A,N/A,N/A,"1,022,665","379,336",N/A,N/A,0.00,N/A,"1,022,660","383,437","2,157",N/A,N/A,N/A,N/A,N/A
153,제일기획,"19,020",상승,210,+1.12%,200,"243,245","4,613","18,990","21,881","3,207",11.33,"296,020","18,830","19,000","33,066",4.29,15.12,"19,030","3,950","18,325","2,083",24.84,6.73,"18,760","31,688","115,041","43,443","1,679",1.39,"1,230",4.98
154,풍산,"76,600",상승,"10,600",+16.06%,"5,000","1,658,042","121,866","76,400","21,467","3,238",8.92,"189,968","67,400","76,500","40,966",41.61,11.33,"76,900","7,408","18,973","2,360",20.78,6.09,"67,100","26,041","28,024","45,544","8,589",0.96,"2,600",10.40
155,롯데쇼핑,"75,500",하락,"7,600",-9.15%,"5,000","488,501","37,242","75,400","21,358","4,731",-2.07,"165,487","81,700","75,500","390,030",-6.94,-7.75,"81,700","13,035","219,694","-9,941",8.15,-2.86,"74,800","6,553","28,289","139,866","-36,401",0.14,"3,800",-3.91
156,미스토홀딩스,"35,500",상승,50,+0.14%,"1,000","179,744","6,378","35,450","21,334","3,608",22.71,"137,959","35,450","35,500","55,364",18.88,4.30,"35,750","38,600","28,001","2,077",39.80,3.95,"35,000","11,650","60,096","42,687","1,563",1.03,"1,200",6.54
157,한국콜마,"89,900",상승,"3,300",+3.81%,500,"264,794","23,644","89,700","21,221","1,939",21.88,"182,361","86,700","89,800","31,267",42.39,12.50,"91,000","2,727","16,210","1,253",37.84,4.09,"85,800","5,121","23,605","24,521","4,109",2.69,720,13.75
158,BGF리테일,"122,100",하락,"1,800",-1.45%,"1,000","86,237","10,555","122,300","21,104","2,516",11.40,"291,821","123,600","122,400","34,026",-0.61,17.29,"124,500",384,"22,185","1,952",27.12,5.90,"119,800",705,"17,284","86,988","10,714",1.87,"4,100",6.15
159,한온시스템,"3,105",보합,0,0.00%,100,"835,042","2,593","3,095","21,076",955,-4.50,"1,048,162","3,115","3,100","106,203",-66.31,-13.90,"3,125","156,900","76,215","-3,586",4.92,-3.61,"3,075","75,634","678,763","99,987",-690,0.73,N/A,5.01
160,HD현대인프라코어,"10,930",상승,"1,550",+16.52%,"1,000","16,281,116","173,483","10,860","21,050","1,842",26.46,"1,435,748","9,380","10,870","42,872",-55.97,5.92,"11,200","46,933","24,400","1,084",13.16,2.49,"9,370","53,456","192,591","41,142",413,1.11,70,-11.71
161,산일전기,"69,000",상승,"2,000",+2.99%,500,"559,566","38,847","69,100","21,007","1,092",21.47,"365,849","68,400","69,200","4,927",134.38,29.88,"72,000","4,535",584,837,9.15,24.47,"67,000","9,796","30,445","3,340","3,214",4.64,420,55.68
162,씨에스윈드,"49,350",하락,500,-1.00%,500,"340,479","16,783","49,150","20,812","2,555",7.54,"342,309","49,800","49,200","36,095",145.19,13.92,"50,300","11,158","24,092","1,437",12.17,4.44,"48,200","3,452","42,171","30,725","6,546",1.69,"1,000",102.12
163,ACE 미국S&P500,"20,590",상승,180,+0.88%,0,"365,785","7,513","20,610","20,775",N/A,N/A,"528,046","20,420","20,615",N/A,N/A,N/A,"20,615","126,603",N/A,N/A,0.09,N/A,"20,410","110,444","100,900",N/A,N/A,N/A,N/A,N/A
164,GS건설,"24,150",상승,750,+3.21%,"5,000","1,051,909","25,433","24,000","20,668","2,860",14.87,"927,631","23,450","24,050","178,033",173.71,5.63,"24,600","21,571","127,162","2,639",22.29,1.49,"23,400","31,474","85,581","128,638","1,624",0.46,300,-4.26
165,KODEX 코스닥150레버리지,"7,865",상승,215,+2.81%,0,"30,609,613","238,459","7,820","20,528",N/A,N/A,"28,213,974","7,760","7,825",N/A,N/A,N/A,"7,920","512,537",N/A,N/A,0.41,N/A,"7,625","304,039","261,000",N/A,N/A,N/A,N/A,N/A
166,아시아나항공,"9,950",하락,50,-0.50%,"5,000","103,573","1,031","9,940","20,496","2,757",-9.05,"92,984","9,990","9,950","134,499",-55.53,-53.21,"10,010","13,678","124,468","-4,130",2.71,-3.12,"9,910","11,211","205,991","83,186","-1,100",2.02,N/A,9.12
167,호텔신라,"52,100",상승,"1,800",+3.58%,"5,000","439,468","22,694","51,900","20,448",-52,-31.54,"419,209","51,300","52,000","38,139",-105.68,-6.50,"52,300","14,947","25,295",-615,13.15,-1.80,"50,800","39,453","39,248","39,476","-1,652",1.54,N/A,10.62
168,TIGER 미국배당다우존스,"11,515",상승,120,+1.05%,0,"1,043,281","11,974","11,520","20,382",N/A,N/A,"1,285,844","11,410","11,525",N/A,N/A,N/A,"11,525","164,733",N/A,N/A,0.17,N/A,"11,410","126,414","177,000",N/A,N/A,N/A,N/A,N/A
169,신영증권,"122,800",하락,"8,100",-6.19%,"5,000","78,572","9,929","122,500","20,188","1,704",16.46,"122,912","133,400","122,700","106,099",47.34,9.27,"133,400","1,803","89,215","1,494",7.15,1.37,"121,000",533,"16,440","27,643","7,462",0.55,"4,500",17.45
170,CJ대한통운,"87,300",하락,100,-0.11%,"5,000","107,656","9,385","87,000","19,915","5,307",8.47,"117,615","88,700","87,100","97,439",10.50,6.58,"88,900","2,180","55,183","2,683",13.60,2.81,"86,100","1,713","22,812","121,168","10,305",0.44,800,2.97
171,팬오션,"3,720",보합,0,0.00%,"1,000","1,059,461","3,939","3,705","19,886","4,712",7.11,"1,378,043","3,730","3,710","102,715",22.11,5.17,"3,755","71,456","46,181","2,681",15.31,2.96,"3,665","65,693","534,570","51,612",523,0.35,120,18.35
172,한전KPS,"44,000",하락,500,-1.12%,200,"202,250","8,939","43,750","19,800","2,095",14.13,"441,975","44,100","43,800","16,902",5.08,13.26,"44,950","10,211","3,617","1,724",15.28,10.49,"43,600","5,305","45,000","15,571","3,113",1.62,"2,469",1.52
173,DB하이텍,"44,400",상승,350,+0.79%,"5,000","140,615","6,218","44,200","19,713","1,908",8.53,"209,000","44,500","44,250","23,969",-28.10,12.44,"44,700","8,986","3,962","2,294",26.43,10.33,"43,650","6,014","44,399","11,312","5,205",0.94,"1,230",-2.00
174,SK가스,"212,500",하락,"1,500",-0.70%,"5,000","12,665","2,701","212,000","19,646","2,872",7.97,"30,177","217,000","212,500","75,396",-5.41,6.74,"217,000","2,108","48,013","1,778",7.43,2.61,"211,500",866,"9,245","70,959","26,657",0.69,"8,000",1.48
175,DL이앤씨,"50,200",상승,"1,100",+2.24%,"5,000","477,083","23,924","49,850","19,424","2,709",9.23,"342,531","49,350","49,900","97,124",-18.06,4.77,"51,300","4,366","48,667","2,292",31.18,2.41,"48,800","8,120","38,694","83,184","5,440",0.43,540,4.10
176,더존비즈온,"63,900",상승,500,+0.79%,500,"276,745","17,542","63,600","19,415",881,36.14,"575,904","63,100","63,700","10,376",27.50,12.17,"64,200","9,085","4,828",780,12.34,8.12,"62,000","10,876","30,383","4,023","1,768",3.49,477,13.79
177,동원산업,"48,700",하락,"1,500",-2.99%,"1,000","84,262","4,153","48,850","19,297","5,013",27.21,"141,369","50,500","48,900","71,582",7.87,2.74,"51,000",718,"39,118","1,136",2.32,1.53,"47,950",491,"39,624","89,442","1,790",0.68,"1,000",-0.05
178,iM금융지주,"11,580",상승,200,+1.76%,"5,000","721,847","8,352","11,550","19,268","2,634",9.12,"790,587","11,380","11,560","941,486",-50.69,3.60,"11,680","8,757","879,429","2,016",43.05,0.22,"11,320","13,391","166,393","80,505","1,270",0.32,500,-2.58
179,코리안리,"9,870",하락,60,-0.60%,500,"366,328","3,599","9,800","19,229","4,054",6.07,"488,370","9,900","9,810","131,604",11.48,9.45,"9,990","6,556","97,075","3,167",27.30,2.51,"9,720","9,214","194,821","69,579","1,625",0.51,515,-0.08
180,대웅제약,"161,700",하락,300,-0.19%,"2,500","24,228","3,894","161,200","18,735","1,479",48.69,"42,558","162,000","161,300","19,770",20.68,3.17,"162,100",636,"10,500",233,9.02,1.25,"158,700",991,"11,587","14,227","3,321",2.31,600,3.44
181,대우건설,"4,485",상승,15,+0.34%,"5,000","3,150,935","14,145","4,455","18,641","4,031",9.25,"2,921,367","4,420","4,465","126,585",-39.15,5.62,"4,565","43,148","83,244","2,428",11.15,2.03,"4,400","90,296","415,623","105,036",485,0.42,N/A,-9.82
182,엘앤에프,"49,800",하락,"1,600",-3.11%,500,"758,371","37,869","49,800","18,085","-5,587",-4.79,"857,194","52,200","49,850","27,998",-151.32,-41.74,"52,400","11,529","20,765","-3,807",16.30,-12.38,"48,900","12,455","36,316","19,075","-10,395",2.78,0,-58.93
183,한국앤컴퍼니,"18,750",하락,120,-0.64%,500,"262,768","4,975","18,690","17,800","4,183",5.06,"298,641","19,030","18,710","51,364",63.03,8.28,"19,230","1,796","6,836","3,507",10.17,7.17,"18,600",961,"94,935","13,910","3,709",0.40,"1,000",27.65
184,HDC현대산업개발,"27,000",상승,"2,300",+9.31%,"5,000","744,929","19,764","26,800","17,795","1,846",9.92,"282,361","24,950","26,850","74,619",-5.47,5.09,"27,300","8,198","43,473","1,557",13.07,2.15,"24,750","29,063","65,907","42,562","2,722",0.55,700,1.56
185,영원무역홀딩스,"128,900",상승,"2,800",+2.22%,500,"37,022","4,718","126,900","17,401","5,170",5.30,"39,938","126,600","127,200","65,767",-40.75,13.17,"130,000","1,231","15,896","4,956",20.44,7.65,"122,900",223,"13,499","43,060","24,299",0.55,"5,350",-1.14
186,TIGER 25-10 회사채(A+이상)액티브,"55,020",상승,10,+0.02%,0,"93,596","5,149","55,020","17,325",N/A,N/A,"106,567","55,020","55,025",N/A,N/A,N/A,"55,025","121,890",N/A,N/A,0.12,N/A,"55,015","126,201","31,488",N/A,N/A,N/A,N/A,N/A
187,달바글로벌,"140,700",하락,"4,200",-2.90%,100,"255,759","36,510","141,300","16,982",598,98.60,"499,865","144,200","141,400","1,361",84.44,26.21,"146,900","1,235",340,154,2.35,14.39,"139,400","2,293","12,070","3,091","1,427",15.81,305,53.91
188,두산우,"423,500",상승,"21,500",+5.35%,"5,000","139,675","58,414","419,000","16,925",N/A,-43.70,"146,349","411,000","419,500",N/A,N/A,N/A,"439,000",952,N/A,N/A,1.77,N/A,"395,000","1,420","3,996",N/A,"-9,690",5.05,N/A,N/A
189,신세계,"175,400",하락,"2,500",-1.41%,"5,000","36,922","6,422","174,700","16,918","4,770",27.61,"37,908","178,100","175,000","150,718",-25.44,2.54,"178,200",207,"86,971","1,866",11.98,1.25,"170,500",256,"9,645","65,704","6,353",0.36,"4,500",3.36
190,SNT다이내믹스,"48,700",상승,"2,700",+5.87%,"2,500","106,194","5,104","48,550","16,194","1,105",16.03,"127,897","47,050","48,600","10,341",165.67,12.90,"49,200",588,"2,437",961,8.24,9.20,"46,200","1,717","33,253","6,145","3,038",1.39,"1,300",26.44
191,대웅,"27,850",상승,550,+2.01%,500,"160,005","4,408","27,650","16,193","2,819",25.72,"153,300","27,600","27,700","27,207",44.12,5.99,"28,100","3,703","12,182",689,5.33,2.71,"26,750","8,976","58,142","19,369","1,083",1.13,200,6.79
192,오뚜기,"401,500",하락,"2,500",-0.62%,"5,000","5,243","2,102","401,000","16,091","2,220",13.15,"8,846","404,000","401,500","35,974",-12.90,6.86,"404,000",961,"14,159","1,376",12.11,3.88,"397,500",657,"4,008","35,391","30,537",0.68,"9,000",2.45
193,SK아이이테크놀로지,"22,550",상승,250,+1.12%,"1,000","96,869","2,183","22,450","16,078","-2,910",-7.81,"114,193","22,550","22,500","41,501",-680.51,-10.41,"22,800","9,955","18,256","-2,466",6.40,-5.99,"22,200","7,684","71,298","2,179","-2,886",0.67,N/A,-66.40
194,TIGER MSCI Korea TR,"15,930",하락,45,-0.28%,0,"14,381",229,"15,915","16,073",N/A,N/A,"35,558","16,090","15,930",N/A,N/A,N/A,"16,090","28,097",N/A,N/A,0.00,N/A,"15,880","26,572","100,900",N/A,N/A,N/A,N/A,N/A
195,HL만도,"34,150",보합,0,0.00%,"1,000","238,125","8,130","34,000","16,036","3,588",88.02,"275,943","34,400","34,050","70,520",28.46,5.47,"34,550","23,488","43,793","1,582",27.08,2.37,"33,900","10,719","46,957","88,482",388,0.67,700,5.42
196,TIGER 차이나전기차SOLACTIVE,"9,125",하락,35,-0.38%,0,"1,549,937","14,196","9,120","15,867",N/A,N/A,"1,949,986","9,135","9,125",N/A,N/A,N/A,"9,230","74,428",N/A,N/A,0.79,N/A,"8,240","20,817","173,880",N/A,N/A,N/A,N/A,N/A
197,한솔케미칼,"139,900",상승,"2,600",+1.89%,"5,000","35,941","4,996","139,700","15,858","1,288",12.46,"96,850","138,000","139,800","14,647",3.77,13.48,"140,700",164,"3,932","1,249",31.34,8.87,"136,600",798,"11,335","7,764","11,232",1.56,"2,100",0.61
198,녹십자,"135,600",상승,600,+0.44%,"5,000","33,895","4,622","135,300","15,847",321,55.17,"45,791","137,300","135,500","27,439",-6.76,-2.06,"137,900",773,"12,629",-426,19.40,-1.58,"135,000",880,"11,687","16,799","2,458",1.24,"1,500",3.27
199,KODEX 단기채권PLUS,"114,720",상승,25,+0.02%,0,"44,049","5,052","114,715","15,800",N/A,N/A,"65,369","114,695","114,720",N/A,N/A,N/A,"114,720","103,620",N/A,N/A,0.00,N/A,"114,695","113,795","13,773",N/A,N/A,N/A,N/A,N/A
200,현대백화점,"69,300",하락,"2,900",-4.02%,"5,000","175,768","12,134","68,900","15,682","2,840",-44.06,"86,013","71,500","69,000","112,177",-6.40,-0.81,"71,900","2,376","49,833",-8,22.59,-0.01,"67,300","3,961","22,629","41,876","-1,573",0.34,"1,400",-0.47
201,ACE 미국나스닥100,"22,715",상승,235,+1.05%,0,"1,033,578","23,461","22,735","15,401",N/A,N/A,"306,376","22,535","22,745",N/A,N/A,N/A,"22,785","118,220",N/A,N/A,0.18,N/A,"22,520","118,029","67,800",N/A,N/A,N/A,N/A,N/A
202,일진전기,"31,900",상승,950,+3.07%,"1,000","970,272","30,989","31,850","15,212",797,26.94,"773,236","32,250","31,900","12,490",31.25,10.60,"32,450","14,548","7,487",462,7.33,4.24,"31,250","20,848","47,685","15,772","1,184",2.99,300,26.51
203,에스엘,"32,100",하락,50,-0.16%,500,"108,957","3,517","32,150","14,910","3,952",4.24,"141,251","32,600","32,200","36,989",2.33,17.42,"32,650","8,225","13,016","3,820",16.13,11.02,"32,050","5,528","46,449","49,733","7,575",0.63,"1,200",2.78
204,OCI홀딩스,"79,200",상승,"1,600",+2.06%,"5,000","116,972","9,249","78,700","14,901","1,015",-19.24,"134,441","77,600","78,800","80,937",-80.89,2.54,"80,700","1,344","32,581","1,137",16.73,1.62,"77,000","2,307","18,815","35,774","-4,116",0.38,"2,200",35.01
205,GS리테일,"17,650",보합,0,0.00%,"1,000","524,296","9,152","17,580","14,757","2,391",-65.37,"1,377,083","17,710","17,600","75,816",-18.05,0.07,"17,750","1,231","44,001",98,8.88,0.11,"17,190","2,382","83,607","116,269",-270,0.47,500,4.43
206,RISE 종합채권(A-이상)액티브,"109,810",상승,5,0.00%,0,"18,433","2,023","109,755","14,717",N/A,N/A,"18,409","109,805","109,785",N/A,N/A,N/A,"109,875","17,980",N/A,N/A,0.00,N/A,"109,710","18,105","13,402",N/A,N/A,N/A,N/A,N/A
207,HD현대마린엔진,"43,200",상승,900,+2.13%,"2,500","566,516","24,099","43,050","14,654",332,16.75,"749,450","42,300","43,100","4,950",80.60,28.34,"43,300","3,173","1,856",758,14.21,15.97,"41,650","11,596","33,921","3,158","2,579",4.48,N/A,29.23
208,하이트진로,"20,800",상승,200,+0.97%,"5,000","209,383","4,321","20,650","14,588","2,081",13.77,"293,292","20,850","20,700","34,415",67.97,8.63,"20,900","58,552","22,920",957,9.59,2.82,"20,400","37,572","70,134","25,992","1,510",1.30,700,3.14
209,오리온홀딩스,"22,650",하락,700,-3.00%,500,"476,700","10,969","22,550","14,189","5,062",9.30,"945,984","24,300","22,600","59,332",24.86,7.03,"24,350","10,168","10,545","4,795",11.19,8.66,"22,400","6,234","62,645","31,952","2,436",0.57,800,8.17
210,한올바이오파마,"26,900",상승,150,+0.56%,500,"146,727","3,918","26,850","14,053",2,-840.62,"370,582","26,750","26,900","2,129",-89.58,-1.02,"27,100","5,779",445,-18,8.11,-0.80,"26,100","11,924","52,241","1,389",-32,8.57,N/A,2.99
211,에스디바이오센서,"11,520",상승,20,+0.17%,500,"276,426","3,128","11,520","14,025",-541,-13.51,"239,513","11,430","11,540","38,885",78.21,-3.43,"11,550","2,108","9,562",-981,6.41,-2.56,"11,050","8,233","121,749","6,946",-853,0.48,200,5.93
212,RISE 200,"38,875",상승,175,+0.45%,0,"1,107,956","43,063","38,795","13,703",N/A,N/A,"1,752,967","38,935","38,800",N/A,N/A,N/A,"39,135","92,088",N/A,N/A,0.07,N/A,"38,585","86,546","35,250",N/A,N/A,N/A,N/A,N/A
213,DN오토모티브,"22,650",상승,50,+0.22%,100,"93,782","2,123","22,600","13,253","5,229",4.32,"94,838","22,700","22,650","50,060",6.63,19.78,"22,800","7,229","28,353","3,182",5.28,6.65,"22,350","4,979","58,511","34,345","5,240",0.65,"1,000",5.06
214,한일시멘트,"19,020",상승,340,+1.82%,500,"91,990","1,751","18,890","13,174","2,714",9.39,"86,721","18,790","18,900","29,883",10.09,11.13,"19,270","1,583","11,495","1,990",4.55,6.80,"18,770","2,986","69,262","17,417","2,025",0.79,"1,000",-3.21
215,SK리츠,"4,735",하락,5,-0.11%,500,"467,627","2,207","4,725","13,078",354,"1,183.75","529,065","4,745","4,730","44,335",-1.11,0.10,"4,755","66,688","31,687",23,7.78,0.05,"4,710","33,060","276,189",524,4,1.09,66,-0.43
216,TIGER 25-12 금융채(AA-이상),"51,245",하락,5,-0.01%,0,"1,935",99,"51,245","13,049",N/A,N/A,281,"51,250","51,250",N/A,N/A,N/A,"51,250","149,332",N/A,N/A,0.00,N/A,"51,245","133,871","25,464",N/A,N/A,N/A,N/A,N/A
217,KODEX 코스닥150,"12,500",상승,175,+1.42%,0,"8,508,172","106,083","12,470","12,938",N/A,N/A,"8,951,645","12,415","12,475",N/A,N/A,N/A,"12,550","148,329",N/A,N/A,0.91,N/A,"12,305","78,130","103,500",N/A,N/A,N/A,N/A,N/A
218,HD현대건설기계,"73,000",상승,"4,300",+6.26%,"5,000","314,814","22,847","72,800","12,893","1,904",16.43,"75,416","68,900","72,900","33,246",-25.97,6.18,"74,200","8,663","15,308",860,17.39,2.60,"68,700","14,014","17,662","34,381","4,443",0.76,500,-10.12
219,메리츠 KIS CD금리투자 ETN,"53,930",상승,10,+0.02%,0,"5,000",269,"53,920","12,862",N/A,N/A,17,"53,930","53,930",N/A,N/A,N/A,"53,930","40,000",N/A,N/A,0.00,N/A,"53,930","40,000","23,850",N/A,N/A,N/A,N/A,N/A
220,TIGER 미국30년국채커버드콜액티브(H),"7,935",상승,55,+0.70%,0,"1,274,757","10,089","7,930","12,795",N/A,N/A,"1,744,578","7,915","7,935",N/A,N/A,N/A,"7,940","346,507",N/A,N/A,0.03,N/A,"7,905","265,945","161,250",N/A,N/A,N/A,N/A,N/A
221,HDC,"21,400",하락,400,-1.83%,"5,000","280,767","6,173","21,500","12,785","3,447",6.63,"640,348","21,850","21,600","123,983",10.25,5.65,"22,650","7,028","72,995","2,603",21.56,2.18,"21,200","8,879","59,742","62,003","3,226",0.40,350,4.94
222,금호타이어,"4,425",하락,25,-0.56%,"5,000","605,178","2,667","4,405","12,711","5,886",3.80,"558,849","4,460","4,415","53,628",43.21,21.77,"4,460","51,523","34,580","3,516",8.58,6.90,"4,370","27,013","287,260","45,322","1,163",0.70,N/A,12.14
223,ACE KRX금현물,"20,495",상승,130,+0.64%,0,"611,818","12,471","20,485","12,707",N/A,N/A,"932,905","20,365","20,490",N/A,N/A,N/A,"20,510","52,096",N/A,N/A,0.72,N/A,"20,330","8,849","62,000",N/A,N/A,N/A,N/A,N/A
224,대신증권,"25,000",하락,400,-1.57%,"5,000","268,995","6,725","24,750","12,693",836,15.56,"397,076","25,800","24,800","263,961",-48.18,4.57,"25,850","20,103","230,807","1,442",9.78,0.59,"24,650","4,432","50,773","40,939","1,607",0.54,"1,200",6.21
225,파라다이스,"13,830",하락,60,-0.43%,500,"309,037","4,245","13,780","12,692","1,361",15.72,"845,671","13,850","13,790","39,338",-6.67,4.97,"13,930","5,569","18,586","1,107",5.51,2.93,"13,620","10,429","91,772","10,721",880,0.72,150,7.84
226,다우기술,"28,050",하락,750,-2.60%,500,"231,696","6,542","28,000","12,585","11,747",3.55,"397,745","28,850","28,050","571,479",83.58,13.16,"29,000","6,767","508,554","8,528",24.25,1.54,"27,500","4,431","44,867","116,258","7,909",0.41,"1,400",17.97
227,두산퓨얼셀,"19,120",상승,"1,050",+5.81%,100,"2,387,013","46,934","19,100","12,522",-17,-76.79,"364,619","18,390","19,140","11,797",N/A,N/A,"20,750","6,836","6,808",-105,10.18,N/A,"18,250","5,608","65,494","4,118",-249,3.20,N/A,N/A
228,KODEX 삼성그룹,"9,130",하락,65,-0.71%,0,"430,180","3,939","9,115","12,408",N/A,N/A,"851,901","9,235","9,120",N/A,N/A,N/A,"9,240","102,746",N/A,N/A,13.50,N/A,"9,085","91,332","135,900",N/A,N/A,N/A,N/A,N/A
229,롯데렌탈,"33,900",상승,800,+2.42%,"5,000","183,692","6,270","34,100","12,309","2,848",10.31,"52,497","33,200","34,200","70,066",-6.68,7.51,"34,600","9,802","55,380","1,027",6.73,1.50,"32,850","6,546","36,309","27,924","3,288",0.84,"1,200",1.46
230,KODEX 200선물인버스2X,"1,668",하락,14,-0.83%,0,"308,801,743","514,585","1,673","12,271",N/A,N/A,"311,209,174","1,664","1,674",N/A,N/A,N/A,"1,692","5,584,659",N/A,N/A,2.01,N/A,"1,645","4,527,467","735,700",N/A,N/A,N/A,N/A,N/A
231,현대지에프홀딩스,"7,810",하락,210,-2.62%,500,"532,759","4,176","7,760","12,176","1,981",1.49,"601,229","8,170","7,770","100,849","1,895.39",23.02,"8,170","9,713","30,927","7,920",4.92,10.46,"7,610","4,737","155,904","74,093","5,233",0.35,210,181.78
232,이수스페셜티케미컬,"40,050",하락,700,-1.72%,"1,000","182,005","7,320","39,950","12,098",142,83.26,"193,107","40,750","40,000","2,995",332.14,9.70,"41,250","22,607","1,779",105,5.40,4.06,"39,800","3,181","30,208","3,321",481,9.56,N/A,182.54
233,현대위아,"44,450",상승,600,+1.37%,"5,000","80,092","3,553","44,350","12,088","2,188",6.70,"124,849","44,050","44,400","70,760",-6.01,3.45,"45,000","3,620","30,497","1,295",14.95,1.86,"43,600","3,190","27,195","81,809","6,638",0.33,"1,100",0.19
234,종근당,"86,800",상승,900,+1.05%,"2,500","27,745","2,399","86,800","11,981",995,12.57,"19,153","86,200","86,900","14,588",-59.67,12.76,"87,100","1,073","5,624","1,114",14.88,7.79,"85,100","1,396","13,803","15,864","6,903",1.29,"1,050",-4.97
235,가온전선,"72,300",하락,"2,600",-3.47%,"5,000","111,585","8,203","72,200","11,961",450,21.65,"172,515","77,000","72,300","10,429",2.96,6.46,"77,300","5,430","5,892",254,3.05,2.75,"72,000","1,298","16,543","17,271","3,339",2.78,N/A,15.25
236,SK오션플랜트,"20,100",하락,50,-0.25%,500,"357,945","7,147","20,100","11,898",418,71.28,"519,598","19,950","20,100","14,219",-44.72,2.34,"20,500","6,354","7,084",169,4.28,1.18,"19,370","22,497","59,196","6,626",282,1.67,N/A,-28.43
237,한화투자증권,"5,430",상승,120,+2.26%,"5,000","4,888,153","26,270","5,350","11,650",40,30.68,"6,661,668","5,510","5,360","140,181",-87.39,2.37,"5,520","61,869","123,119",389,9.24,0.29,"5,200","54,805","214,548","24,958",177,0.69,N/A,26.75
238,태광산업,"1,035,000",하락,"6,000",-0.58%,"5,000","4,223","4,396","1,029,000","11,524",-272,4.59,"5,321","1,041,000","1,033,000","47,223",72.66,5.45,"1,081,000",145,"7,067","2,184",5.02,4.62,"1,022,000",39,"1,113","21,219","225,266",0.22,"1,750",-6.34
239,롯데에너지머티리얼즈,"21,950",하락,100,-0.45%,500,"67,365","1,486","22,000","11,494",-644,-26.04,"92,855","22,250","22,050","22,820",-645.89,0.46,"22,250","8,597","3,801",288,7.59,1.23,"21,800","5,745","52,365","9,023",-843,0.66,N/A,11.53
240,엠앤씨솔루션,"125,200",상승,"4,000",+3.30%,100,"37,819","4,689","124,900","11,461",348,37.26,"88,651","122,100","125,000","3,571",68.59,21.82,"125,700",304,"1,917",270,5.97,7.86,"121,400","2,162","9,154","2,828","3,360",7.17,"1,480",54.16
241,코스모신소재,"35,100",상승,100,+0.29%,"1,000","226,778","7,951","34,950","11,411",250,76.30,"295,054","35,400","35,000","7,845",-22.65,3.62,"35,750","7,082","2,890",176,8.42,2.42,"34,250","4,232","32,511","5,697",460,2.29,N/A,-9.51
242,롯데웰푸드,"122,500",하락,900,-0.73%,500,"14,175","1,733","122,000","11,398","1,571",13.32,"20,453","123,400","122,100","43,417",-11.25,4.04,"123,500","1,568","21,153",820,13.21,1.92,"121,000",329,"9,305","40,443","9,197",0.51,"3,300",-0.54
243,LX인터내셔널,"28,800",상승,250,+0.88%,"5,000","296,671","8,586","28,650","11,163","4,892",5.71,"214,582","28,600","28,700","89,309",12.95,7.12,"29,350","14,471","56,113","2,695",21.92,3.18,"28,550","10,657","38,760","166,376","5,044",0.39,"2,000",14.63
244,미래에셋생명,"6,300",하락,310,-4.69%,"5,000","253,222","1,628","6,280","11,152","1,221",9.17,"401,962","6,550","6,290","324,936",-17.88,4.88,"6,690","1,546","299,300","1,361",1.15,0.42,"5,950","13,941","177,016","47,961",687,0.32,N/A,-5.09
245,롯데칠성,"120,000",상승,"1,000",+0.84%,500,"35,113","4,205","119,500","11,135","1,849",24.86,"52,078","119,100","119,600","43,725",-12.22,3.99,"120,300","1,369","27,941",600,11.59,1.39,"118,300","2,780","9,279","40,245","4,828",0.82,"3,400",24.80
246,한국카본,"21,400",상승,600,+2.88%,500,"385,890","8,209","21,300","11,108",454,26.35,"989,727","21,000","21,350","8,790",176.01,4.38,"21,500","19,686","4,047",203,11.59,2.43,"20,700","40,830","51,908","7,417",812,2.16,130,24.79
247,효성,"66,000",하락,500,-0.75%,"5,000","61,068","4,031","65,800","11,049","2,211",2.27,"89,834","67,500","65,900","43,409",283.53,19.62,"67,800","2,408","18,364","4,843",7.98,10.27,"65,000",609,"16,740","22,728","29,071",0.51,"3,000",23.04
248,LS에코에너지,"35,850",상승,300,+0.84%,500,"335,600","12,246","35,700","10,979",448,31.15,"434,647","37,950","35,750","4,887",51.81,19.00,"37,950","6,881","2,917",353,3.71,7.88,"35,550","2,044","30,625","8,690","1,151",5.80,200,18.86
249,효성티앤씨,"253,000",상승,"5,000",+2.02%,"5,000","16,017","4,084","254,000","10,949","2,707",10.01,"10,253","248,500","255,000","47,242",26.87,9.84,"259,000",656,"29,042","1,838",17.45,4.18,"246,500","1,734","4,328","77,761","25,287",0.76,"10,000",3.31
250,RISE CD금리액티브(합성),"104,012",상승,12,+0.01%,0,"2,938",305,"104,010","10,928",N/A,N/A,"6,001","104,010","104,015",N/A,N/A,N/A,"104,015","39,701",N/A,N/A,0.00,N/A,"104,005","41,701","10,506",N/A,N/A,N/A,N/A,N/A
251,더블유게임즈,"50,500",상승,300,+0.60%,500,"69,237","3,488","50,400","10,855","2,487",6.23,"47,276","50,200","50,500","16,463",16.62,18.69,"50,800","11,610",899,"2,433",17.48,16.58,"49,850","7,098","21,496","6,335","8,108",0.88,"1,200",8.78
252,쿠쿠홀딩스,"30,400",하락,"1,000",-3.18%,100,"25,879",800,"30,550","10,811","1,032",7.85,"47,749","31,400","30,650","13,699",19.16,12.08,"31,900",596,"1,735","1,370",11.91,10.47,"30,250",129,"35,562","8,338","3,873",0.79,"1,200",7.97
253,경동나비엔,"74,100",하락,100,-0.13%,"1,000","69,380","5,197","73,800","10,795","1,326",8.26,"68,957","74,000","74,000","13,589",25.18,19.43,"76,900","1,498","6,635","1,243",10.48,10.28,"73,800","2,178","14,569","13,539","8,968",1.48,650,12.42
254,롯데리츠,"3,720",보합,0,0.00%,500,"405,023","1,511","3,730","10,750",420,43.76,"498,456","3,740","3,735","26,236",16.25,0.95,"3,745","74,871","14,542",106,7.71,0.43,"3,710","83,078","288,969",656,85,0.94,112,10.46
255,동양생명,"6,660",상승,350,+5.55%,"5,000","750,531","4,996","6,540","10,746","3,681",3.42,"438,199","6,450","6,570","345,472",25.08,12.91,"6,940","29,490","325,805","3,143",81.32,0.93,"6,420","2,567","161,359","34,994","1,948",0.55,N/A,7.65
256,TIGER 차이나항셍테크,"8,055",하락,55,-0.68%,0,"2,659,891","21,546","8,050","10,733",N/A,N/A,"2,406,173","8,115","8,060",N/A,N/A,N/A,"8,175","202,645",N/A,N/A,0.64,N/A,"8,020","285,028","133,250",N/A,N/A,N/A,N/A,N/A
257,ACE 테슬라밸류체인액티브,"14,147",상승,727,+5.42%,0,"3,033,068","42,803","14,170","10,681",N/A,N/A,"5,730,979","14,040","14,180",N/A,N/A,N/A,"14,260","33,686",N/A,N/A,0.50,N/A,"14,005","26,939","75,500",N/A,N/A,N/A,N/A,N/A
258,한샘,"45,000",하락,50,-0.11%,"1,000","47,082","2,136","45,000","10,590",312,9.44,"87,913","45,200","45,050","10,673","1,504.29",43.59,"45,950","1,269","7,166","1,511",13.82,14.27,"44,950","2,332","23,534","19,084","4,768",2.07,"8,530",-2.98
259,SK케미칼,"60,700",상승,"1,200",+2.02%,"5,000","101,796","6,217","60,700","10,473",-452,35.73,"124,856","60,300","60,800","53,670",-154.23,0.41,"62,500","2,180","23,341",-44,10.85,-0.09,"59,400","1,724","17,254","17,368","1,699",0.53,"1,150",-0.69
260,TIGER TOP10,"11,725",하락,35,-0.30%,0,"254,908","3,001","11,695","10,283",N/A,N/A,"387,274","11,780","11,700",N/A,N/A,N/A,"11,835","86,348",N/A,N/A,31.32,N/A,"11,680","98,130","87,700",N/A,N/A,N/A,N/A,N/A
261,롯데관광개발,"13,450",상승,230,+1.74%,500,"522,296","6,916","13,460","10,250",390,-10.07,"445,241","13,300","13,480","21,666",164.36,-60.42,"13,480","7,536","18,536","-1,166",6.15,-5.93,"12,780","15,908","76,212","4,715","-1,336",3.49,0,50.37
262,LX세미콘,"62,700",상승,"1,000",+1.62%,500,"39,375","2,469","62,600","10,198","1,671",7.51,"28,385","62,500","62,700","14,998",29.48,12.69,"63,500","1,923","4,202","1,305",30.91,9.65,"61,800","6,341","16,264","18,656","8,349",0.94,"2,400",-1.88
263,롯데정밀화학,"39,050",상승,950,+2.49%,"5,000","72,426","2,839","38,900","10,075",504,-54.01,"47,245","38,200","38,950","27,139",-67.46,1.53,"39,850",914,"3,452",364,16.85,1.35,"38,100","1,992","25,800","16,705",-723,0.42,"1,400",-5.55
264,TIGER CD1년금리액티브(합성),"1,045,935",상승,65,+0.01%,0,"10,267","10,738","1,045,930","10,017",N/A,N/A,"25,617","1,045,930","1,045,935",N/A,N/A,N/A,"1,045,935","210,192",N/A,N/A,0.00,N/A,"1,045,930","213,330",958,N/A,N/A,N/A,N/A,N/A
265,KB발해인프라,"8,160",상승,90,+1.12%,0,"138,221","1,122","8,140","10,000",N/A,N/A,"84,332","8,070","8,150",N/A,N/A,N/A,"8,160","10,967",N/A,N/A,0.10,N/A,"8,050","37,468","122,546",N/A,N/A,N/A,N/A,N/A
266,KODEX 25-12 은행채(AAA)액티브,"102,785",상승,5,0.00%,0,"10,664","1,096","102,780","9,934",N/A,N/A,"1,439","102,785","102,785",N/A,N/A,N/A,"102,785","52,497",N/A,N/A,0.00,N/A,"102,780","55,355","9,665",N/A,N/A,N/A,N/A,N/A
267,하나 CD금리투자 ETN,"104,125",상승,10,+0.01%,0,"34,552","3,597","104,120","9,892",N/A,N/A,"14,982","104,120","104,125",N/A,N/A,N/A,"104,125","180,867",N/A,N/A,0.00,N/A,"104,120","180,940","9,500",N/A,N/A,N/A,N/A,N/A
268,DL,"46,850",하락,"1,600",-3.30%,"5,000","181,866","8,620","46,750","9,818","4,125",24.52,"144,572","48,450","46,800","125,353",173.74,2.25,"49,500","2,562","77,492",948,13.80,0.77,"46,300","2,383","20,956","56,154","1,911",0.26,"1,000",11.91
269,세방전지,"70,000",상승,600,+0.86%,500,"47,650","3,322","69,900","9,800","1,797",5.61,"43,148","69,700","70,000","20,941",38.30,12.22,"70,300","3,329","5,863","1,723",25.29,8.76,"69,100","5,372","14,000","20,595","12,471",0.61,"1,100",22.24
270,TIGER 미국배당다우존스타겟커버드콜2호,"9,375",상승,110,+1.19%,0,"358,383","3,343","9,370","9,708",N/A,N/A,"600,830","9,265","9,375",N/A,N/A,N/A,"9,375","206,078",N/A,N/A,0.01,N/A,"9,265","184,029","103,550",N/A,N/A,N/A,N/A,N/A
271,미래에셋증권2우B,"7,050",상승,220,+3.22%,"5,000","2,306,616","16,215","7,030","9,694",N/A,5.74,"4,162,715","6,950","7,040",N/A,N/A,N/A,"7,190","139,551",N/A,N/A,10.19,N/A,"6,750","88,729","137,500",N/A,"1,229",0.34,N/A,N/A
272,세아제강지주,"230,500",보합,0,0.00%,"5,000","11,010","2,542","230,000","9,547","2,116",20.59,"18,159","227,000","230,500","55,556",-64.19,2.25,"234,500",458,"28,974","1,170",7.36,2.37,"225,000",625,"4,142","36,751","11,193",0.45,"1,800",-6.09
273,SK디스커버리,"52,000",상승,100,+0.19%,"5,000","28,433","1,480","51,700","9,541","1,726",12.88,"74,534","52,100","51,800","150,777",-32.78,0.88,"52,800","1,141","86,243",319,14.33,0.23,"51,300","1,260","18,348","90,396","4,037",0.35,"1,700",1.12
274,SK네트웍스,"4,310",하락,60,-1.37%,"2,500","537,759","2,332","4,310","9,537","1,139",27.45,"867,588","4,390","4,315","51,571",41.44,2.29,"4,390","43,119","31,038",463,14.36,0.65,"4,305","10,111","221,278","76,573",157,0.42,300,2.73
275,삼성화재우,"307,500",하락,"6,000",-1.91%,500,"18,115","5,598","306,000","9,531",N/A,7.50,"22,616","315,000","306,500",N/A,N/A,N/A,"315,500",761,N/A,N/A,27.90,N/A,"305,000",323,"3,100",N/A,"41,007",0.84,N/A,N/A
276,SOL 조선TOP3플러스,"25,350",상승,735,+2.99%,0,"2,826,876","70,942","25,285","9,405",N/A,N/A,"2,915,561","24,600","25,295",N/A,N/A,N/A,"25,400","174,559",N/A,N/A,0.37,N/A,"24,575","89,263","37,100",N/A,N/A,N/A,N/A,N/A
277,RISE 미국S&P500,"17,820",상승,160,+0.91%,0,"296,871","5,278","17,825","9,391",N/A,N/A,"217,519","17,660","17,835",N/A,N/A,N/A,"17,840","262,249",N/A,N/A,0.01,N/A,"17,650","202,095","52,700",N/A,N/A,N/A,N/A,N/A
278,STX엔진,"23,250",상승,550,+2.42%,"2,500","402,976","9,326","23,250","9,334",422,18.32,"344,708","22,750","23,300","9,688",123.85,10.15,"23,750","9,450","6,922",272,3.24,2.91,"22,500","22,768","40,148","7,246","1,269",3.27,0,14.95
279,ESR켄달스퀘어리츠,"4,375",상승,5,+0.11%,"1,000","381,292","1,653","4,355","9,323",266,56.09,"354,030","4,350","4,360","25,252",9.74,0.33,"4,405","21,233","14,405",36,42.58,0.15,"4,305","16,952","213,089",569,78,0.88,137,7.40
280,RISE 미국나스닥100,"22,020",상승,225,+1.03%,0,"338,627","7,445","22,040","9,314",N/A,N/A,"282,865","21,830","22,045",N/A,N/A,N/A,"22,085","79,822",N/A,N/A,0.01,N/A,"21,825","105,413","42,300",N/A,N/A,N/A,N/A,N/A
281,동원시스템즈,"32,000",하락,100,-0.31%,"5,000","12,630",405,"32,000","9,277",919,13.86,"22,544","32,050","32,050","15,526",13.67,9.01,"32,550","1,699","7,162",725,14.23,4.70,"31,750",669,"28,991","13,343","2,309",1.13,600,4.51
282,코오롱인더,"33,650",상승,500,+1.51%,"5,000","139,746","4,747","33,500","9,260","1,587",10.51,"95,038","33,300","33,550","72,481",-20.50,3.06,"34,650","3,148","34,750","1,106",12.71,1.67,"33,150","3,080","27,519","48,430","3,202",0.28,"1,300",2.28
283,SNT홀딩스,"56,300",하락,"1,600",-2.76%,500,"65,544","3,762","56,600","9,179","2,312",6.37,"49,547","57,900","56,900","28,326",29.14,12.40,"59,000",570,"6,994","2,465",12.21,8.91,"55,800",451,"16,304","18,205","8,835",0.65,"1,600",-3.97
284,태영건설,"3,110",상승,80,+2.64%,500,"360,338","1,103","3,090","9,158",206,56.55,"309,428","3,070","3,100","43,239",105.10,61.93,"3,125","20,535","37,967",668,0.24,1.49,"2,960","33,230","294,468","26,862",55,1.89,0,-19.89
285,GKL,"14,790",상승,130,+0.89%,500,"243,201","3,530","14,680","9,148",383,23.48,"175,981","14,620","14,690","6,162",-24.88,8.01,"14,820","6,021","2,027",331,13.67,5.27,"14,350","22,261","61,856","3,964",630,2.20,282,-0.08
286,TIGER 종합채권(AA-이상)액티브,"56,685",하락,15,-0.03%,0,"8,252",467,"56,655","9,112",N/A,N/A,"29,813","56,700","56,660",N/A,N/A,N/A,"56,700","36,235",N/A,N/A,0.00,N/A,"56,605","28,527","16,074",N/A,N/A,N/A,N/A,N/A
287,교보증권,"7,950",하락,130,-1.61%,"5,000","279,736","2,236","7,920","9,060","1,139",7.70,"384,574","8,180","7,930","158,983",62.11,6.09,"8,230","18,335","139,126","1,177",1.75,0.75,"7,880","10,755","113,963","31,663","1,033",0.45,500,-15.41
288,HS효성첨단소재,"201,000",상승,500,+0.25%,"5,000","17,612","3,577","200,500","9,005","2,197",28.10,"12,270","201,000","201,000","38,208",26.22,5.46,"208,000",418,"26,634",782,12.54,2.24,"198,300","1,329","4,480","33,112","7,152",0.89,"6,500",3.40
289,1Q 머니마켓액티브,"52,300",상승,5,+0.01%,0,"211,124","11,041","52,295","8,907",N/A,N/A,"113,438","52,295","52,300",N/A,N/A,N/A,"52,305","212,641",N/A,N/A,0.00,N/A,"52,295","205,624","17,030",N/A,N/A,N/A,N/A,N/A
290,PLUS K방산,"45,435",상승,"2,905",+6.83%,0,"2,820,581","125,591","45,395","8,905",N/A,N/A,"1,880,078","43,245","45,410",N/A,N/A,N/A,"45,485","23,702",N/A,N/A,0.50,N/A,"43,015","5,374","19,600",N/A,N/A,N/A,N/A,N/A
291,CJ CGV,"5,370",하락,10,-0.19%,500,"242,497","1,303","5,350","8,892",759,-4.95,"727,965","5,400","5,370","39,970",54.76,-30.74,"5,470","15,224","34,203","-1,755",5.72,-4.88,"5,270","27,588","165,580","19,579","-1,084",1.35,0,26.66
292,PLUS 고배당주,"18,035",하락,85,-0.47%,0,"2,072,620","37,468","17,930","8,868",N/A,N/A,"2,711,858","18,195","17,935",N/A,N/A,N/A,"18,290","82,067",N/A,N/A,0.33,N/A,"17,875","42,972","49,170",N/A,N/A,N/A,N/A,N/A
293,지역난방공사,"76,100",하락,"7,400",-8.86%,"5,000","133,718","10,629","75,800","8,811","3,279",2.93,"44,589","84,000","75,900","83,622",4.20,9.65,"86,400","1,332","60,940","2,099",4.29,2.57,"75,100",202,"11,579","35,703","26,013",0.36,"3,879",-9.70
294,KIWOOM 200TR,"49,950",상승,185,+0.37%,0,"279,400","13,953","49,860","8,791",N/A,N/A,"245,879","50,075","49,880",N/A,N/A,N/A,"50,290","123,511",N/A,N/A,0.01,N/A,"49,610","85,184","17,600",N/A,N/A,N/A,N/A,N/A
295,SNT에너지,"42,000",상승,50,+0.12%,500,"169,349","7,089","41,400","8,686",222,25.04,"198,793","42,150","41,450","5,166",7.04,11.90,"43,250","3,009","2,103",346,6.17,7.37,"40,800","8,314","20,681","2,943","1,677",2.69,500,-8.60
296,미원상사,"181,500",하락,"1,800",-0.98%,500,"1,616",292,"181,300","8,621",599,15.65,"3,067","181,100","181,500","4,787",-10.85,12.99,"182,000",60,782,505,3.19,10.92,"179,900",42,"4,750","4,358","11,599",2.08,"2,000",3.43
297,NICE평가정보,"14,380",하락,200,-1.37%,500,"61,364",888,"14,410","8,557",868,11.11,"103,122","14,580","14,420","5,857",32.85,19.48,"14,700","3,319","1,689",760,32.62,14.09,"14,370","1,205","59,507","5,350","1,294",2.09,460,10.15
298,SOL 종합채권(AA-이상)액티브,"114,830",상승,90,+0.08%,0,"8,104",929,"114,755","8,555",N/A,N/A,"2,967","114,650","114,760",N/A,N/A,N/A,"114,830","14,004",N/A,N/A,0.00,N/A,"114,630","12,674","7,450",N/A,N/A,N/A,N/A,N/A
299,빙그레,"89,100",하락,700,-0.78%,"5,000","40,578","3,600","88,700","8,514","1,313",9.10,"48,727","90,100","88,800","10,031",16.95,15.14,"90,100","6,732","2,812","1,032",20.85,10.90,"88,200","2,028","9,556","14,630","9,794",1.12,"3,300",4.93
300,KODEX 2차전지산업,"10,085",상승,85,+0.85%,0,"1,550,791","15,674","10,050","8,481",N/A,N/A,"2,130,671","10,105","10,060",N/A,N/A,N/A,"10,200","96,749",N/A,N/A,0.18,N/A,"10,020","111,377","84,100",N/A,N/A,N/A,N/A,N/A
301,TIGER 단기통안채,"110,605",하락,10,-0.01%,0,"6,632",733,"110,595","8,454",N/A,N/A,"8,773","110,600","110,605",N/A,N/A,N/A,"110,605","37,913",N/A,N/A,1.55,N/A,"110,585","32,854","7,643",N/A,N/A,N/A,N/A,N/A
302,SOL 초단기채권액티브,"53,235",상승,5,+0.01%,0,"160,134","8,524","53,230","8,419",N/A,N/A,"249,486","53,235","53,235",N/A,N/A,N/A,"53,235","159,610",N/A,N/A,0.01,N/A,"53,230","164,642","15,814",N/A,N/A,N/A,N/A,N/A
303,세아베스틸지주,"23,400",상승,500,+2.18%,"5,000","128,738","3,003","23,300","8,392",523,82.11,"252,865","23,150","23,350","38,266",-73.39,1.04,"23,800","3,801","17,952",203,7.22,0.54,"22,850","14,325","35,862","36,361",285,0.44,"1,200",-10.96
304,NHN,"24,750",상승,400,+1.64%,500,"186,914","4,615","24,650","8,357",-326,-6.29,"419,105","24,450","24,700","31,930",-158.67,-8.60,"25,000","4,103","14,277","-1,926",9.52,-5.80,"23,950","5,730","33,766","24,561","-3,937",0.54,500,8.22
305,KODEX Top5PlusTR,"23,760",하락,40,-0.17%,0,"61,783","1,475","23,695","8,316",N/A,N/A,"159,426","23,845","23,715",N/A,N/A,N/A,"24,020","14,997",N/A,N/A,14.29,N/A,"23,680","12,415","35,000",N/A,N/A,N/A,N/A,N/A
306,KODEX 25-11 은행채(AA-이상)PLUS액티브,"10,570",보합,0,0.00%,0,"71,812",758,"10,565","8,235",N/A,N/A,"37,749","10,565","10,570",N/A,N/A,N/A,"10,570","439,173",N/A,N/A,0.00,N/A,"10,565","386,210","77,910",N/A,N/A,N/A,N/A,N/A
307,동원F&B,"42,550",하락,950,-2.18%,"1,000","17,275",742,"42,450","8,210","1,835",6.90,"59,752","43,700","42,550","21,457",10.04,12.43,"44,000",835,"10,627","1,278",7.92,5.88,"42,200",427,"19,296","44,836","6,169",0.74,800,2.82
308,미원에스씨,"162,500",상승,600,+0.37%,500,"1,033",166,"162,100","8,125",588,14.20,839,"163,400","162,500","5,121",160.87,14.00,"163,400",104,"1,058",546,0.81,11.21,"160,900",233,"5,000","5,093","11,447",1.92,"2,500",16.36
309,하나투어,"52,200",하락,900,-1.69%,500,"147,913","7,779","52,300","8,086",509,11.63,"177,436","53,700","52,400","6,688",49.55,47.19,"53,700","7,728","4,883",991,16.25,15.09,"52,000","1,762","15,490","6,166","4,487",5.35,"2,300",49.80
310,TIGER 미국30년국채스트립액티브(합성 H),"37,465",상승,505,+1.37%,0,"165,749","6,180","37,410","8,083",N/A,N/A,"306,031","37,285","37,445",N/A,N/A,N/A,"37,500","36,029",N/A,N/A,0.09,N/A,"37,195","24,440","21,574",N/A,N/A,N/A,N/A,N/A
311,TIGER 머니마켓액티브,"100,470",상승,10,+0.01%,0,"27,696","2,782","100,465","8,078",N/A,N/A,"32,294","100,465","100,470",N/A,N/A,N/A,"100,470","189,249",N/A,N/A,0.00,N/A,"100,460","380,062","8,040",N/A,N/A,N/A,N/A,N/A
312,영풍,"42,050",하락,750,-1.75%,500,"36,385","1,542","41,900","8,035","-1,607",19.39,"57,420","42,350","41,950","57,017",5.37,-6.81,"42,950",847,"17,164","-3,278",10.42,-5.82,"41,800",257,"19,108","27,874","2,169",0.19,24,-25.90
313,LG화학우,"104,500",상승,"4,000",+3.98%,"5,000","57,883","6,003","104,100","8,035",N/A,-8.75,"58,379","101,500","104,400",N/A,N/A,N/A,"105,700",607,N/A,N/A,41.18,N/A,"100,100","1,405","7,689",N/A,"-11,946",0.25,N/A,N/A
314,녹십자홀딩스,"16,990",상승,590,+3.60%,500,"329,197","5,657","17,050","7,990",-107,12.43,"167,103","17,500","17,060","36,706",34.81,2.43,"17,700","1,758","18,184",-111,10.15,-0.30,"16,600","8,708","47,028","22,049","1,367",0.80,500,7.14
315,율촌화학,"32,100",상승,100,+0.31%,500,"87,002","2,803","32,050","7,961",-184,-37.50,"121,094","31,800","32,100","6,555",-13.30,-2.86,"32,850","5,522","3,645",-85,5.04,-1.28,"31,600","3,834","24,800","4,571",-856,2.71,250,10.28
316,SNT모티브,"29,450",상승,200,+0.68%,"5,000","50,853","1,492","29,350","7,816",981,7.92,"79,418","29,400","29,400","12,418",-15.86,10.82,"29,600","3,552","2,570","1,043",17.34,8.51,"29,050","4,995","26,540","9,689","3,718",0.71,937,-14.73
317,프레스티지바이오파마,"12,890",하락,70,-0.54%,0,"100,080","1,292","12,870","7,746",-628,35.51,"163,599","13,000","12,890","7,117",9.76,-7.40,"13,030","11,971","1,962",-551,63.06,-7.58,"12,840","11,425","60,096",7,363,1.75,N/A,325.77
318,동아쏘시오홀딩스,"118,500",하락,200,-0.17%,"5,000","25,529","3,036","119,200","7,746",821,11.38,"42,448","119,700","119,300","20,305",6.78,5.63,"120,600",66,"9,665",576,13.95,2.89,"117,100","3,232","6,536","13,332","10,412",0.72,"1,797",17.78
319,TIGER 2차전지테마,"12,410",상승,125,+1.02%,0,"789,001","9,819","12,365","7,744",N/A,N/A,"706,955","12,395","12,370",N/A,N/A,N/A,"12,560","157,404",N/A,N/A,0.89,N/A,"12,320","131,869","62,400",N/A,N/A,N/A,N/A,N/A
320,대상,"22,350",하락,150,-0.67%,"1,000","176,728","3,952","22,250","7,744","1,769",7.80,"188,630","22,600","22,300","35,098",43.02,6.94,"22,600","24,617","20,622",967,18.31,2.83,"22,200","23,921","34,648","42,551","2,865",0.57,850,3.59
321,SOL 미국배당다우존스,"10,570",상승,120,+1.15%,0,"294,897","3,107","10,575","7,716",N/A,N/A,"452,956","10,515","10,580",N/A,N/A,N/A,"10,580","174,401",N/A,N/A,0.69,N/A,"10,470","137,218","73,000",N/A,N/A,N/A,N/A,N/A
322,ACE 종합채권(AA-이상)KIS액티브,"108,330",하락,15,-0.01%,0,"2,800",303,"108,210","7,707",N/A,N/A,"1,301","108,250","108,285",N/A,N/A,N/A,"108,375","15,016",N/A,N/A,0.00,N/A,"108,195","12,000","7,114",N/A,N/A,N/A,N/A,N/A
323,대덕전자,"15,550",하락,140,-0.89%,500,"110,724","1,728","15,580","7,684",113,49.84,"200,180","15,800","15,590","10,887",-52.56,2.73,"15,840","9,766","2,132",238,9.59,2.14,"15,450","4,070","49,417","8,921",312,0.94,400,-1.93
324,SK이터닉스,"22,550",상승,500,+2.27%,200,"2,409,456","54,639","22,650","7,612",376,30.56,"1,937,877","21,900","22,700","7,317",N/A,N/A,"23,650","34,321","4,897",224,2.45,N/A,"21,450","25,972","33,754","3,322",738,3.13,N/A,N/A
325,TIGER 단기채권액티브,"55,805",상승,15,+0.03%,0,"13,886",774,"55,800","7,605",N/A,N/A,"18,143","55,790","55,805",N/A,N/A,N/A,"55,805","22,454",N/A,N/A,0.00,N/A,"55,790","10,882","13,628",N/A,N/A,N/A,N/A,N/A
326,보령,"8,860",상승,40,+0.45%,500,"77,193",679,"8,850","7,601",705,14.36,"97,132","8,830","8,860","11,641",3.23,10.45,"8,860","7,693","3,796",696,7.18,6.70,"8,750","4,698","85,787","10,171",617,0.96,100,18.32
327,DI동일,"37,300",상승,100,+0.27%,500,"29,634","1,096","37,000","7,585",78,-268.35,"52,567","37,400","37,200","10,137",23.89,0.28,"37,500","11,362","4,494",25,7.30,0.25,"36,700","1,332","20,334","6,517",-139,1.39,262,-4.56
328,N2 KIS CD금리투자 ETN,"53,920",보합,0,0.00%,0,0,0,"53,925","7,549",N/A,N/A,0,"53,920","53,930",N/A,N/A,N/A,"53,920","40,000",N/A,N/A,0.00,N/A,"53,920","90,000","14,000",N/A,N/A,N/A,N/A,N/A
329,케이카,"15,600",하락,150,-0.95%,500,"229,963","3,576","15,580","7,516",681,16.12,"237,939","15,700","15,590","5,248",15.41,19.09,"15,700","3,779","2,991",440,7.53,8.15,"15,300","2,185","48,182","23,015",968,3.37,"1,150",12.40
330,삼양홀딩스,"86,400",하락,"1,200",-1.37%,"5,000","71,829","6,218","86,100","7,508","1,275",30.36,"129,543","87,900","86,200","52,905",34.53,1.38,"88,200","1,091","22,924",895,7.31,1.71,"85,100",432,"8,690","35,533","2,846",0.31,"3,500",10.66
331,이노션,"18,700",상승,70,+0.38%,500,"102,135","1,910","18,670","7,480","1,557",8.63,"111,121","18,650","18,680","27,146",3.76,10.48,"18,850","3,845","16,827","1,161",25.90,4.40,"18,550","6,194","40,000","21,206","2,166",0.76,"1,175",1.32
332,KODEX 미국S&P500(H),"13,810",상승,30,+0.22%,0,"326,914","4,524","13,805","7,457",N/A,N/A,"445,482","13,805","13,810",N/A,N/A,N/A,"13,880","212,545",N/A,N/A,0.31,N/A,"13,775","173,049","54,000",N/A,N/A,N/A,N/A,N/A
333,한화3우B,"38,400",상승,600,+1.59%,"5,000","268,546","10,196","37,800","7,451",N/A,3.67,"382,581","38,100","37,850",N/A,N/A,N/A,"39,200","6,249",N/A,N/A,21.42,N/A,"37,200","3,420","19,404",N/A,"10,464",0.34,N/A,N/A
334,솔루엠,"15,200",하락,150,-0.98%,500,"116,731","1,783","15,200","7,449",691,24.84,"93,974","15,350","15,210","9,827",-55.29,9.48,"15,440","10,092","5,484",377,17.65,3.92,"15,130","1,977","49,006","15,944",612,1.68,0,-18.28
335,TIGER 미국나스닥100타겟데일리커버드콜,"9,355",상승,85,+0.92%,0,"582,045","5,439","9,370","7,442",N/A,N/A,"495,435","9,280","9,375",N/A,N/A,N/A,"9,380","218,055",N/A,N/A,0.02,N/A,"9,270","157,439","79,550",N/A,N/A,N/A,N/A,N/A
336,덴티움,"67,000",상승,400,+0.60%,500,"46,139","3,075","66,900","7,416",985,10.81,"63,270","66,500","67,000","8,944",-28.77,14.27,"67,300","3,439","3,409",724,15.20,8.68,"65,400","4,568","11,069","4,078","6,198",1.03,600,3.72
337,PLUS 200,"39,225",상승,165,+0.42%,0,"261,637","10,260","39,140","7,296",N/A,N/A,"377,886","39,265","39,150",N/A,N/A,N/A,"39,475","61,008",N/A,N/A,2.77,N/A,"38,930","68,930","18,600",N/A,N/A,N/A,N/A,N/A
338,LX홀딩스,"9,520",하락,100,-1.04%,"1,000","745,986","7,067","9,440","7,262","1,560",4.06,"1,501,099","9,660","9,450","19,050",113.21,9.08,"9,700","7,266",357,"1,603",12.23,8.90,"9,200","4,899","76,281","1,945","2,346",0.39,290,64.67
339,아이에스동서,"24,050",상승,50,+0.21%,500,"78,684","1,891","24,000","7,260","1,697",-4.03,"106,070","24,100","24,100","35,540",-50.17,-10.19,"24,500","2,616","19,968","-1,602",4.31,-4.11,"23,500","3,683","30,187","15,146","-5,961",0.54,"1,000",-25.37
340,전진건설로봇,"47,850",상승,800,+1.70%,500,"127,625","6,145","47,900","6,983",313,23.18,"167,148","47,200","47,950","2,192",-4.74,24.55,"49,100","1,341",648,314,0.45,16.64,"46,800","2,825","14,593","1,698","2,064",4.96,"1,277",7.21
341,KG모빌리티,"3,450",상승,5,+0.15%,"1,000","578,832","2,015","3,445","6,982",14,-39.66,"421,679","3,440","3,450","31,045",-88.58,2.70,"3,555","11,810","16,839",338,23.39,1.18,"3,430","28,673","202,375","39,051",-87,0.48,0,4.52
342,유안타증권,"3,490",하락,55,-1.55%,"5,000","729,317","2,552","3,475","6,966",948,15.44,"1,635,968","3,590","3,480","168,003",-26.62,4.52,"3,590","129,988","151,660",730,64.27,0.44,"3,465","11,491","199,597","27,127",226,0.45,200,-4.98
343,ACE 미국빅테크TOP7 Plus,"17,185",상승,260,+1.54%,0,"324,460","5,559","17,185","6,926",N/A,N/A,"328,616","17,055","17,200",N/A,N/A,N/A,"17,240","133,977",N/A,N/A,0.02,N/A,"17,040","118,746","40,300",N/A,N/A,N/A,N/A,N/A
344,한화리츠,"3,810",상승,30,+0.79%,500,"394,666","1,494","3,805","6,843",191,37.72,"348,731","3,780","3,810","15,864",54.05,0.83,"3,810","29,552","12,576",28,0.41,0.24,"3,765","30,523","179,600",335,101,0.97,135,43.99
345,TKG휴켐스,"16,650",상승,420,+2.59%,"1,000","104,091","1,725","16,600","6,806",808,11.03,"100,807","16,300","16,610","11,682",-33.35,9.09,"16,720","2,080","2,933",775,8.56,6.83,"16,240","2,382","40,879","11,882","1,509",0.75,"1,000",12.88
346,파미셀,"11,250",하락,790,-6.56%,500,"1,005,051","11,571","11,330","6,752",47,41.82,"454,403","12,090","11,350",993,259.23,7.59,"12,100","15,835",128,63,9.78,6.60,"11,200","10,233","60,017",649,269,7.20,20,15.34
347,F&F홀딩스,"17,220",하락,200,-1.15%,500,"62,555","1,087","17,320","6,735","4,164",6.56,"140,434","17,740","17,360","40,333",-19.06,4.92,"17,740",967,"6,634","3,220",0.11,8.18,"17,030","1,411","39,114","18,983","2,627",0.30,450,-4.43
348,KODEX 미국빅테크10(H),"49,615",상승,25,+0.05%,0,"190,921","9,477","49,550","6,733",N/A,N/A,"93,711","49,600","49,570",N/A,N/A,N/A,"49,910","38,955",N/A,N/A,0.06,N/A,"49,375","20,243","13,570",N/A,N/A,N/A,N/A,N/A
349,GS피앤엘,"33,850",상승,250,+0.74%,"1,000","191,895","6,461","33,850","6,713",0,-59.08,"342,714","33,650","34,000","22,696",N/A,N/A,"34,400","1,469","10,328",-11,9.64,N/A,"32,600","3,923","19,831",383,-573,0.80,N/A,N/A
350,신한알파리츠,"5,550",하락,120,-2.12%,"1,000","523,410","2,904","5,530","6,712",338,56.06,"371,178","5,670","5,540","21,588",34.36,0.61,"5,670","90,898","16,187",47,10.32,0.23,"5,490","29,579","120,940",583,99,1.06,173,21.83
351,현대홈쇼핑,"55,700",하락,"2,300",-3.97%,"5,000","21,411","1,206","55,700","6,684","1,301",8.02,"904,863","58,600","55,800","51,751",117.05,7.43,"58,700","1,238","13,396","1,742",13.95,4.05,"55,000",778,"12,000","38,535","6,942",0.27,"2,800",86.66
352,세진중공업,"11,750",상승,750,+6.82%,500,"2,963,078","34,603","11,770","6,680",360,30.68,"1,048,281","11,050","11,780","6,209",7.23,6.16,"12,090","8,532","3,715",220,5.23,3.78,"11,020","23,827","56,849","3,524",383,3.52,200,-8.43
353,KODEX 반도체,"33,325",하락,105,-0.31%,0,"699,740","23,374","33,275","6,598",N/A,N/A,"1,051,629","33,700","33,310",N/A,N/A,N/A,"33,710","10,489",N/A,N/A,0.83,N/A,"33,180","9,902","19,800",N/A,N/A,N/A,N/A,N/A
354,TIGER 리츠부동산인프라,"4,260",보합,0,0.00%,0,"2,427,707","10,320","4,255","6,511",N/A,N/A,"1,853,790","4,260","4,260",N/A,N/A,N/A,"4,270","611,356",N/A,N/A,0.05,N/A,"4,240","222,691","152,850",N/A,N/A,N/A,N/A,N/A
355,키움 CD금리투자 ETN,"103,805",상승,10,+0.01%,0,"45,749","4,749","103,805","6,457",N/A,N/A,"69,393","103,810","103,810",N/A,N/A,N/A,"103,810","513,051",N/A,N/A,0.00,N/A,"103,805","513,076","6,220",N/A,N/A,N/A,N/A,N/A
356,KODEX 미국30년국채타겟커버드콜(합성 H),"8,630",상승,60,+0.70%,0,"913,650","7,861","8,625","6,421",N/A,N/A,"1,601,193","8,605","8,630",N/A,N/A,N/A,"8,635","426,293",N/A,N/A,0.10,N/A,"8,590","366,718","74,400",N/A,N/A,N/A,N/A,N/A
357,KG스틸,"6,420",상승,30,+0.47%,"5,000","154,647",995,"6,390","6,421","2,060",3.65,"125,934","6,430","6,400","33,414",-26.53,6.93,"6,530","5,028","13,812","1,325",6.53,4.05,"6,310","6,923","100,009","33,010","1,757",0.31,250,-3.76
358,ACE 미국배당다우존스,"11,725",상승,140,+1.21%,0,"299,757","3,502","11,725","6,378",N/A,N/A,"609,497","11,620","11,730",N/A,N/A,N/A,"11,735","202,330",N/A,N/A,0.01,N/A,"11,610","177,452","54,400",N/A,N/A,N/A,N/A,N/A
359,LG전자우,"37,100",하락,450,-1.20%,"5,000","58,275","2,177","37,100","6,376",N/A,9.70,"55,395","37,600","37,150",N/A,N/A,N/A,"37,900","3,762",N/A,N/A,45.53,N/A,"36,950","1,159","17,186",N/A,"3,825",0.30,N/A,N/A
360,TIGER Fn반도체TOP10,"10,510",하락,30,-0.28%,0,"1,486,094","15,661","10,505","6,369",N/A,N/A,"2,574,517","10,620","10,510",N/A,N/A,N/A,"10,620","96,891",N/A,N/A,0.24,N/A,"10,470","106,649","60,600",N/A,N/A,N/A,N/A,N/A
361,금양,"9,900",보합,0,0.00%,500,0,0,0,"6,333",-560,-4.09,0,0,0,"12,569",-283.36,-40.88,0,0,"7,624","-1,861",5.59,-18.99,0,0,"63,967","1,537","-2,420",1.27,0,1.12
362,KODEX MSCI Korea TR,"12,665",상승,45,+0.36%,0,"6,639",84,"12,650","6,332",N/A,N/A,"20,056","12,800","12,695",N/A,N/A,N/A,"12,800","43,465",N/A,N/A,1.30,N/A,"12,620","34,146","50,000",N/A,N/A,N/A,N/A,N/A
363,넥센타이어,"6,440",하락,30,-0.46%,500,"242,133","1,560","6,380","6,290","1,721",5.35,"459,443","6,580","6,390","45,745",-7.94,7.10,"6,580","13,716","27,029","1,267",6.94,2.88,"6,320","9,184","97,668","28,479","1,203",0.35,130,5.41
364,아세아,"300,500",하락,"2,500",-0.83%,"5,000","1,940",587,"300,500","6,263","1,724",11.97,"3,436","305,000","302,000","33,343",-28.28,5.58,"309,000",245,"13,044","1,084",8.02,3.28,"299,500",228,"2,084","20,074","25,096",0.43,"5,330",-5.13
365,KODEX 단기채권,"113,400",상승,5,0.00%,0,"8,485",962,"113,395","6,235",N/A,N/A,"108,120","113,395","113,400",N/A,N/A,N/A,"113,400","91,415",N/A,N/A,0.00,N/A,"113,390","119,506","5,498",N/A,N/A,N/A,N/A,N/A
366,한국단자,"61,300",하락,"1,200",-1.92%,500,"47,626","2,938","61,400","6,200","1,713",4.72,"39,544","63,000","61,500","15,643",53.31,14.16,"63,100","5,374","4,880","1,425",25.52,9.54,"61,200","1,801","10,115","15,098","12,988",0.58,"2,200",16.41
367,카프로,"3,660",보합,0,0.00%,500,0,0,0,"6,185",-324,17.43,0,0,0,"2,392",17.95,102.36,0,0,"1,510",332,0.08,14.56,0,0,"169,000",71,210,7.77,N/A,-90.64
368,N2 코스피 변동성 매칭형 양매도 ETN,"8,740",보합,0,0.00%,0,0,0,"8,700","6,118",N/A,N/A,2,"8,740","8,715",N/A,N/A,N/A,"8,740",131,N/A,N/A,0.00,N/A,"8,740",100,"70,000",N/A,N/A,N/A,N/A,N/A
369,쿠쿠홈시스,"26,550",하락,150,-0.56%,100,"34,356",914,"26,500","5,957","1,648",4.89,"38,235","26,700","26,600","13,816",13.77,14.00,"26,950","3,973","3,349","1,361",6.64,10.81,"26,325","18,472","22,437","10,572","5,424",0.63,"1,000",10.75
370,유니드,"87,900",상승,500,+0.57%,"5,000","61,961","5,464","87,500","5,949",954,7.74,"50,665","88,000","87,600","13,648",197.62,7.96,"89,300","1,969","3,525",762,9.86,5.81,"87,000","1,013","6,768","11,116","11,360",0.57,"1,800",-1.95
371,현대그린푸드,"17,950",하락,210,-1.16%,500,"36,947",664,"17,910","5,948",967,8.02,"71,077","18,160","17,920","9,556",49.10,11.41,"18,180","5,416","2,854",745,14.33,8.11,"17,800","1,058","33,136","22,704","2,238",0.87,335,24.27
372,솔루스첨단소재,"8,450",하락,160,-1.86%,100,"223,941","1,918","8,450","5,933",-544,-59.93,"350,410","8,670","8,460","20,794",25.67,0.62,"8,780","14,982","9,879",-427,4.01,-2.26,"8,440","3,369","70,217","5,709",-141,1.02,10,32.96
373,HJ중공업,"7,120",하락,20,-0.28%,"5,000","433,760","3,089","7,110","5,929",73,-173.66,"846,140","7,110","7,120","22,044",106.67,1.56,"7,190","59,138","18,610",52,1.55,0.21,"7,060","35,715","83,274","18,860",-41,1.70,N/A,-12.77
374,KODEX 인버스,"3,917",하락,18,-0.46%,0,"33,726,051","132,142","3,925","5,895",N/A,N/A,"33,935,795","3,915","3,930",N/A,N/A,N/A,"3,950","6,889,882",N/A,N/A,1.13,N/A,"3,890","7,031,879","150,500",N/A,N/A,N/A,N/A,N/A
375,한일홀딩스,"19,080",하락,220,-1.14%,"1,000","43,363",835,"19,040","5,883","2,793",6.29,"47,675","19,300","19,070","37,090",6.60,7.56,"19,690","1,186","14,048","1,985",4.09,5.46,"18,050","1,251","30,833","22,487","3,032",0.37,930,-4.84
376,신성통상,"4,067",상승,142,+3.62%,500,"11,697,266","47,574","4,065","5,845","1,218",8.96,"1,147,899","4,070","4,070","11,626",-15.22,16.24,"4,075","10,240,435","6,780",737,0.66,6.61,"4,065","2,782,010","143,708","15,079",454,1.13,N/A,-2.25
377,제주항공,"7,020",상승,50,+0.72%,"1,000","196,816","1,386","7,000","5,661",799,-9.72,"158,522","7,000","7,010","19,985",-52.94,6.84,"7,130","12,596","16,744",217,2.56,1.09,"6,920","13,573","80,641","19,358",-722,1.94,N/A,12.28
378,대한유화,"86,600",상승,"3,700",+4.46%,"5,000","54,179","4,726","86,600","5,629",-599,548.10,"15,247","83,100","86,900","22,197",3.90,-0.47,"89,600","1,662","4,121",-85,7.04,-0.39,"83,000",417,"6,500","28,001",158,0.30,"1,000",12.01
379,신풍제약,"10,610",하락,190,-1.76%,500,"387,778","4,130","10,610","5,622",-205,-41.61,"574,196","10,650","10,640","3,421",56.84,-5.85,"10,840","13,711",840,-154,5.18,-4.44,"10,500","2,505","52,985","2,211",-255,2.13,N/A,10.42
380,한화손해보험,"4,805",하락,40,-0.83%,"5,000","549,372","2,645","4,765","5,609","4,357",2.17,"1,005,508","4,920","4,780","198,342",42.15,10.36,"4,945","9,939","168,811","3,160",14.54,1.67,"4,725","8,204","116,739","65,973","2,217",0.26,0,8.64
381,KODEX 미국30년국채액티브(H),"8,825",상승,60,+0.68%,0,"1,818,486","16,014","8,820","5,599",N/A,N/A,"1,825,488","8,805","8,825",N/A,N/A,N/A,"8,830","636,532",N/A,N/A,0.04,N/A,"8,787","684,440","63,440",N/A,N/A,N/A,N/A,N/A
382,KODEX 국고채30년액티브,"120,925",상승,130,+0.11%,0,"11,801","1,421","120,655","5,571",N/A,N/A,"22,297","120,710","120,675",N/A,N/A,N/A,"120,965","4,011",N/A,N/A,0.02,N/A,"120,275","16,194","4,607",N/A,N/A,N/A,N/A,N/A
383,코스모화학,"14,390",하락,60,-0.42%,"1,000","127,799","1,839","14,370","5,527",-20,-9.22,"150,534","14,530","14,380","12,043",-166.57,-24.71,"14,680","3,589","6,136",-523,7.35,-4.56,"14,200","1,797","38,408","7,493","-1,561",2.43,N/A,-6.22
384,한국쉘석유,"422,500",상승,"2,000",+0.48%,"5,000","3,453","1,463","421,000","5,492",460,14.32,"2,672","420,500","421,500","1,913",8.65,28.93,"430,000",386,640,367,59.12,19.31,"416,000",136,"1,300","3,272","29,500",5.13,"27,000",2.09
385,삼양사,"53,200",하락,700,-1.30%,"5,000","21,732","1,155","52,900","5,487","1,335",4.92,"30,973","53,900","53,100","33,199",17.95,7.53,"54,000",775,"13,722","1,364",4.93,4.18,"52,700","2,219","10,313","26,718","10,808",0.30,"1,750",0.77
386,JW중외제약,"23,500",상승,150,+0.64%,"2,500","89,297","2,092","23,400","5,472",825,9.37,"85,157","23,500","23,500","6,046",-17.76,21.87,"23,650","14,121","2,751",650,6.64,10.41,"22,950","9,184","23,286","7,194","2,507",1.73,450,-3.89
387,제이알글로벌리츠,"2,760",보합,0,0.00%,"1,000","658,639","1,817","2,760","5,448",310,13.94,"1,063,715","2,760","2,765","21,465",-4.87,2.48,"2,775","152,836","13,405",207,8.90,0.98,"2,740","81,163","197,376",626,198,0.66,N/A,3.49
388,케이씨텍,"26,300",상승,150,+0.57%,500,"90,970","2,394","26,400","5,442",498,11.23,"59,520","26,900","26,450","5,491",52.23,11.28,"26,900","5,416",673,527,12.39,10.04,"26,000","3,682","20,690","3,854","2,341",1.07,270,34.34
389,삼천리,"133,400",하락,"5,000",-3.61%,"5,000","54,121","7,290","132,900","5,409","1,143",4.93,"37,221","138,500","133,100","45,182",-34.49,6.55,"138,900",560,"27,577","1,217",10.66,2.72,"131,500",624,"4,055","51,205","27,036",0.28,"3,000",-9.60
390,SBS,"29,100",상승,"2,550",+9.60%,"5,000","619,638","17,707","29,350","5,398",-192,38.54,"200,546","26,500","29,400","15,124",-132.90,3.80,"29,450","2,979","6,059",338,0.00,2.36,"26,300","28,278","18,551","10,467",755,0.60,N/A,5.01
391,풍산홀딩스,"37,200",상승,"1,900",+5.38%,"5,000","245,689","9,223","37,050","5,363","1,047",5.27,"109,500","35,750","37,100","13,191",54.41,9.41,"38,900","1,514","2,037","1,000",15.82,7.95,"35,550",639,"14,417","4,494","7,062",0.47,"1,400",10.49
392,HD현대에너지솔루션,"47,850",하락,"1,150",-2.35%,"5,000","411,426","19,893","47,850","5,359",35,29.07,"449,234","48,450","47,900","4,538",-80.03,0.03,"49,450","10,056",841,1,5.00,0.02,"47,250","1,052","11,200","4,224","1,646",1.45,N/A,-22.66
393,일진하이솔루스,"14,730",상승,180,+1.24%,500,"128,990","1,924","14,700","5,349",-95,669.55,"89,902","14,500","14,710","3,443",2.89,0.57,"15,280","1,841",268,18,4.03,0.53,"14,390",396,"36,313",793,22,1.69,N/A,0.71
394,PI첨단소재,"18,200",상승,950,+5.51%,500,"256,030","4,569","18,060","5,345",349,19.12,"108,214","17,260","18,070","5,275",987.07,7.16,"18,200","1,235","1,896",234,8.48,4.47,"17,110","2,082","29,366","2,513",952,1.60,350,15.46
395,바이오노트,"5,230",상승,160,+3.16%,500,"78,400",404,"5,190","5,338",122,12.60,"49,204","5,140","5,200","16,972",125.97,3.46,"5,250","25,016",614,553,0.54,3.36,"5,030","5,182","102,056","1,028",415,0.33,200,14.10
396,KIWOOM 국고채10년,"115,830",하락,170,-0.15%,0,"14,181","1,641","115,755","5,327",N/A,N/A,"14,586","115,905","115,790",N/A,N/A,N/A,"115,950","15,728",N/A,N/A,0.02,N/A,"115,615","23,021","4,599",N/A,N/A,N/A,N/A,N/A
397,롯데손해보험,"1,695",하락,34,-1.97%,"1,000","276,578",469,"1,695","5,260",311,21.73,"320,802","1,729","1,697","155,415",-91.73,2.31,"1,730","13,185","147,472",242,1.29,0.16,"1,682",758,"310,336","31,515",78,0.66,N/A,23.15
398,TIGER 인도니프티50,"13,405",상승,70,+0.52%,0,"182,457","2,436","13,405","5,248",N/A,N/A,"296,750","13,335","13,420",N/A,N/A,N/A,"13,425","118,167",N/A,N/A,0.51,N/A,"13,285","63,297","39,150",N/A,N/A,N/A,N/A,N/A
399,OCI,"58,600",상승,400,+0.69%,"5,000","39,099","2,297","58,400","5,246","1,105",12.36,"36,636","58,200","58,500","22,830",N/A,N/A,"59,600","5,077","10,414",897,6.42,N/A,"57,900","1,265","8,952","22,153","4,741",0.45,"2,200",N/A
400,대한해운,"1,631",하락,1,-0.06%,500,"3,783,530","6,202","1,629","5,239","3,286",3.51,"5,347,138","1,632","1,630","45,804",31.48,8.93,"1,685","65,460","22,907","1,648",6.02,3.54,"1,599","19,134","321,210","17,472",465,0.25,0,25.03
401,LF,"17,910",상승,210,+1.19%,"5,000","118,709","2,125","17,860","5,237","1,261",6.86,"70,959","17,710","17,870","29,150",119.84,4.87,"18,110","10,551","11,422",906,12.93,3.20,"17,650",822,"29,240","19,563","2,610",0.31,700,2.92
402,KCC글라스,"32,700",상승,550,+1.71%,"1,000","39,082","1,275","32,550","5,222",572,31.38,"93,862","32,700","32,600","24,943",-39.82,2.48,"32,950","6,573","10,054",370,9.41,1.57,"32,100","6,129","15,971","19,033","1,042",0.36,"1,800",13.29
403,E1,"76,100",하락,"1,100",-1.42%,"5,000","25,518","1,955","75,800","5,220","2,176",4.99,"25,124","77,800","75,900","145,398",133.55,3.83,"77,800",827,"123,507",656,5.42,0.69,"75,500","1,292","6,860","111,924","15,251",0.26,"3,450",42.98
404,KB KIS CD금리투자 ETN,"52,060",보합,0,0.00%,0,67,3,"52,060","5,206",N/A,N/A,58,"52,060","52,065",N/A,N/A,N/A,"52,060","49,933",N/A,N/A,0.00,N/A,"52,060","50,000","10,000",N/A,N/A,N/A,N/A,N/A
405,애경케미칼,"10,690",보합,0,0.00%,500,"411,096","4,391","10,680","5,201",155,110.21,"482,738","10,730","10,690","13,564",-65.69,0.54,"10,820","8,829","6,155",85,0.00,0.64,"10,550","8,426","48,649","16,422",97,0.71,281,-8.45
406,신대양제지,"12,810",상승,"1,240",+10.72%,500,"324,441","4,155","12,820","5,162",293,17.67,"1,683,713","12,040","12,820","8,759",-49.95,6.00,"13,810","1,460","1,838",333,2.80,3.80,"11,620",288,"40,298","6,585",725,0.65,200,2.04
407,KODEX 국고채3년,"62,780",상승,5,+0.01%,0,"25,298","1,587","62,765","5,149",N/A,N/A,"48,869","62,770","62,770",N/A,N/A,N/A,"62,785","55,152",N/A,N/A,0.00,N/A,"62,720","54,285","8,202",N/A,N/A,N/A,N/A,N/A
408,퍼시스,"44,750",상승,50,+0.11%,"1,000","1,105",49,"44,700","5,146",215,15.54,"1,488","45,300","44,750","6,439",-39.05,8.64,"45,300",216,699,477,19.94,7.69,"44,600",223,"11,500","3,857","2,879",0.71,"1,200",6.28
409,후성,"4,795",상승,235,+5.15%,500,"665,036","3,163","4,755","5,143",-96,-8.18,"365,859","4,580","4,760","8,263",79.23,-21.71,"4,865","9,099","4,935",-834,6.78,-9.93,"4,540","4,875","107,255","4,378",-586,1.61,N/A,-16.32
410,CJ4우(전환),"120,900",하락,"2,100",-1.71%,"5,000","22,018","2,688","119,900","5,110",N/A,43.41,"31,401","123,100","120,000",N/A,N/A,N/A,"125,600",298,N/A,N/A,4.81,N/A,"119,000",410,"4,227",N/A,"2,785",0.75,N/A,N/A
411,신도리코,"50,600",하락,600,-1.17%,"5,000","22,809","1,174","50,500","5,100",202,7.81,"45,752","51,900","50,700","11,436",-33.06,7.12,"52,400","1,247",793,732,11.61,6.59,"50,400","1,183","10,080","3,410","6,476",0.41,"1,500",-15.29
412,PLUS 머니마켓액티브,"52,280",보합,0,0.00%,0,"51,948","2,715","52,275","5,074",N/A,N/A,"42,387","52,280","52,280",N/A,N/A,N/A,"52,280","58,330",N/A,N/A,0.00,N/A,"52,275","52,036","9,706",N/A,N/A,N/A,N/A,N/A
413,진에어,"9,710",상승,70,+0.73%,"1,000","114,795","1,109","9,670","5,069","1,631",6.93,"141,012","9,720","9,690","12,271",-10.46,51.15,"9,730","6,922","9,959",957,4.40,8.78,"9,580","9,106","52,200","14,613","1,401",1.81,N/A,14.41
414,TIGER 미국달러단기채권액티브,"12,435",상승,45,+0.36%,0,"100,885","1,249","12,450","5,044",N/A,N/A,"103,776","12,300","12,460",N/A,N/A,N/A,"12,465","134,369",N/A,N/A,0.01,N/A,"12,265","180,993","40,560",N/A,N/A,N/A,N/A,N/A
415,TIGER 200 IT,"28,455",하락,30,-0.11%,0,"49,611","1,412","28,410","5,014",N/A,N/A,"63,569","28,485","28,425",N/A,N/A,N/A,"28,675","26,521",N/A,N/A,0.10,N/A,"28,215","29,474","17,620",N/A,N/A,N/A,N/A,N/A
416,엠씨넥스,"27,450",상승,450,+1.67%,500,"46,922","1,287","27,400","4,935",444,7.29,"40,524","27,000","27,450","5,741",143.55,18.28,"27,700","3,284","2,019",636,12.05,11.46,"27,000","5,519","17,978","10,571","3,768",1.23,800,13.36
417,KODEX 26-12 회사채(AA-이상)액티브,"10,805",상승,5,+0.05%,0,"44,721",482,"10,795","4,915",N/A,N/A,"19,178","10,800","10,800",N/A,N/A,N/A,"10,805","153,167",N/A,N/A,0.00,N/A,"10,795","164,786","45,490",N/A,N/A,N/A,N/A,N/A
418,아모레퍼시픽우,"46,350",하락,600,-1.28%,500,"31,463","1,457","46,350","4,894",N/A,5.12,"66,317","46,950","46,400",N/A,N/A,N/A,"47,100",647,N/A,N/A,47.26,N/A,"45,800","1,450","10,558",N/A,"9,057",0.60,N/A,N/A
419,대신증권우,"18,800",하락,210,-1.10%,"5,000","247,482","4,671","18,800","4,888",N/A,11.70,"239,907","19,170","18,810",N/A,N/A,N/A,"19,170","8,241",N/A,N/A,13.87,N/A,"18,600","13,495","26,000",N/A,"1,607",0.41,N/A,N/A
420,TIGER 테슬라채권혼합Fn,"13,535",상승,450,+3.44%,0,"592,937","7,987","13,525","4,886",N/A,N/A,"1,115,077","13,395","13,530",N/A,N/A,N/A,"13,535","29,133",N/A,N/A,0.71,N/A,"13,395","6,598","36,100",N/A,N/A,N/A,N/A,N/A
421,삼성 레버리지 WTI원유 선물 ETN,"1,209",상승,45,+3.87%,0,"3,682,528","4,423","1,209","4,884",N/A,N/A,"3,551,814","1,192","1,210",N/A,N/A,N/A,"1,211","9,898,351",N/A,N/A,0.00,N/A,"1,191","5,180,630","404,000",N/A,N/A,N/A,N/A,N/A
422,고려제강,"18,010",하락,80,-0.44%,"1,000","16,889",306,"18,040","4,863",261,31.54,"16,303","18,040","18,070","26,090",-53.64,1.95,"18,240","6,161","6,819",329,5.87,1.30,"17,940","6,448","27,000","17,396",571,0.27,324,-2.75
423,풀무원,"12,670",하락,280,-2.16%,500,"125,343","1,601","12,670","4,830",918,15.45,"102,398","13,090","12,680","23,312",48.16,11.40,"13,090","15,176","17,477",344,3.64,1.53,"12,660","1,462","38,121","32,137",820,1.58,102,7.36
424,동국제강,"9,690",상승,370,+3.97%,"5,000","226,309","2,172","9,680","4,807","1,025",59.09,"331,644","9,430","9,700","31,940",-56.49,2.04,"9,770","2,617","14,922",348,26.73,1.04,"9,310","13,457","49,608","35,275",164,0.28,600,34.02
425,SPC삼립,"55,600",상승,200,+0.36%,"5,000","21,797","1,207","55,600","4,798",950,5.52,"28,423","55,400","55,700","12,408",3.53,19.25,"56,000","6,413","7,610",865,4.75,6.83,"55,000","2,483","8,629","34,279","10,076",0.95,"1,800",-0.16
426,KODEX 200타겟위클리커버드콜,"10,425",상승,30,+0.29%,0,"2,766,506","28,839","10,395","4,796",N/A,N/A,"3,034,094","10,465","10,400",N/A,N/A,N/A,"10,480","311,123",N/A,N/A,0.02,N/A,"10,355","226,684","46,000",N/A,N/A,N/A,N/A,N/A
427,KODEX 미국AI전력핵심인프라,"13,940",상승,50,+0.36%,0,"565,327","7,850","13,920","4,795",N/A,N/A,"629,992","13,860","13,940",N/A,N/A,N/A,"13,970","38,366",N/A,N/A,0.47,N/A,"13,790","38,314","34,400",N/A,N/A,N/A,N/A,N/A
428,DS단석,"27,200",하락,750,-2.68%,500,"246,580","6,701","27,150","4,783",122,-86.62,"1,776,954","27,550","27,250","7,358",-84.01,-3.29,"27,650","28,940","4,528",-103,1.86,-1.42,"26,900","6,020","17,584","9,617",-314,1.67,N/A,-10.16
429,TIGER 우량회사채액티브,"117,230",상승,70,+0.06%,0,"87,071","10,206","117,210","4,779",N/A,N/A,"19,491","117,345","117,210",N/A,N/A,N/A,"117,345","14,003",N/A,N/A,0.00,N/A,"117,110","14,011","4,077",N/A,N/A,N/A,N/A,N/A
430,NICE,"12,825",상승,105,+0.83%,500,"368,172","4,837","12,850","4,762","1,743",9.74,"317,124","13,300","12,860","35,219",79.68,6.27,"13,630","3,313","21,291","1,009",11.24,2.88,"12,720","2,839","37,128","30,383","1,317",0.60,500,7.78
431,TIGER 미국테크TOP10타겟커버드콜,"12,725",상승,120,+0.95%,0,"174,623","2,222","12,730","4,759",N/A,N/A,"160,563","12,625","12,735",N/A,N/A,N/A,"12,770","104,864",N/A,N/A,0.01,N/A,"12,625","45,038","37,400",N/A,N/A,N/A,N/A,N/A
432,TIGER 미국달러SOFR금리액티브(합성),"56,510",상승,315,+0.56%,0,"7,241",407,"56,540","4,748",N/A,N/A,"26,679","56,100","56,570",N/A,N/A,N/A,"56,580","24,517",N/A,N/A,0.01,N/A,"55,980","29,536","8,402",N/A,N/A,N/A,N/A,N/A
433,한국금융지주우,"81,000",보합,0,0.00%,"5,000","39,744","3,212","80,600","4,745",N/A,4.31,"73,531","82,000","80,800",N/A,N/A,N/A,"82,400","1,889",N/A,N/A,14.78,N/A,"80,000","1,896","5,858",N/A,"18,792",0.48,N/A,N/A
434,화승엔터프라이즈,"7,800",하락,30,-0.38%,500,"132,295","1,044","7,820","4,726",826,13.57,"141,159","7,850","7,850","15,376",537.00,6.38,"8,030","9,119","9,739",344,6.50,2.37,"7,780","4,381","60,589","16,096",575,0.92,45,32.61
435,KODEX 미국반도체,"24,010",상승,655,+2.80%,0,"219,886","5,268","24,025","4,682",N/A,N/A,"122,517","23,795","24,050",N/A,N/A,N/A,"24,075","81,835",N/A,N/A,0.55,N/A,"23,730","100,928","19,500",N/A,N/A,N/A,N/A,N/A
436,TIMEFOLIO 글로벌AI인공지능액티브,"27,030",상승,685,+2.60%,0,"229,330","6,192","27,025","4,671",N/A,N/A,"181,958","26,980","27,050",N/A,N/A,N/A,"27,125","49,817",N/A,N/A,0.11,N/A,"26,380","51,079","17,280",N/A,N/A,N/A,N/A,N/A
437,KODEX 코스피,"29,250",상승,170,+0.58%,0,"508,309","14,856","29,165","4,651",N/A,N/A,"900,154","29,290","29,175",N/A,N/A,N/A,"29,425","46,296",N/A,N/A,0.47,N/A,"29,020","61,686","15,900",N/A,N/A,N/A,N/A,N/A
438,ACE 200,"38,745",상승,135,+0.35%,0,"105,675","4,097","38,695","4,649",N/A,N/A,"102,795","38,865","38,710",N/A,N/A,N/A,"39,035","49,721",N/A,N/A,10.93,N/A,"38,500","72,354","12,000",N/A,N/A,N/A,N/A,N/A
439,KODEX 자동차,"18,025",하락,180,-0.99%,0,"559,260","10,139","18,010","4,641",N/A,N/A,"867,652","18,345","18,015",N/A,N/A,N/A,"18,345","20,806",N/A,N/A,0.33,N/A,"17,965","38,090","25,750",N/A,N/A,N/A,N/A,N/A
440,동아에스티,"49,400",상승,600,+1.23%,"5,000","14,472",711,"49,400","4,620",-250,-581.18,"18,505","49,050","49,450","13,917",-323.66,-0.18,"49,500",730,"6,829",-232,18.05,-1.74,"47,800",984,"9,353","6,979",-85,0.69,785,5.10
441,아세아시멘트,"12,360",상승,20,+0.16%,500,"52,715",651,"12,300","4,616","1,408",7.23,"59,078","12,230","12,320","21,954",-4.18,7.65,"12,540","2,047","10,890",801,6.37,3.71,"12,200",910,"37,347","11,103","1,709",0.42,260,-7.51
442,티웨이항공,"2,125",상승,60,+2.91%,500,"508,875","1,074","2,120","4,577",-123,-2.89,"423,161","2,065","2,125","15,624",-108.80,-55.03,"2,140","51,401","14,802",-659,1.43,-4.63,"2,065","69,494","215,379","15,368",-736,13.49,N/A,13.94
443,현대차증권,"7,380",하락,180,-2.38%,"5,000","733,076","5,460","7,350","4,563",547,7.49,"999,300","7,620","7,360","119,920",-16.08,2.80,"7,690","21,400","106,899",362,4.34,0.31,"7,300","23,329","61,833","17,956",985,0.35,153,13.49
444,스틱인베스트먼트,"10,870",상승,60,+0.56%,500,"87,946",944,"10,880","4,530",134,-126.40,"116,989","10,820","10,890","2,647",-59.46,3.72,"10,900","2,788",159,93,26.60,3.40,"10,600","5,606","41,678",795,-86,1.67,250,-15.25
445,두산2우B,"507,000",상승,"49,500",+10.82%,"5,000","28,767","14,278","497,500","4,528",N/A,-52.32,"27,749","457,500","499,500",N/A,N/A,N/A,"534,000",45,N/A,N/A,2.78,N/A,"436,000",144,893,N/A,"-9,690",6.05,N/A,N/A
446,YG PLUS,"7,130",상승,300,+4.39%,500,"2,409,821","17,096","7,110","4,523",-7,56.14,"1,652,100","6,920","7,120","2,378",-103.45,0.73,"7,220","30,514",686,20,2.69,0.86,"6,790","84,733","63,429","1,849",127,2.65,N/A,-17.32
447,디아이,"15,890",하락,100,-0.63%,500,"208,156","3,334","15,920","4,497",31,57.57,"470,455","16,220","15,950","3,196",-49.81,0.72,"16,220","13,051","1,519",28,9.10,0.92,"15,860","4,648","28,300","2,140",276,2.65,100,-0.27
448,TCC스틸,"17,100",상승,130,+0.77%,"1,000","89,439","1,524","17,060","4,483",123,20.88,"144,894","17,050","17,080","5,740",9.08,8.30,"17,220",908,"3,149",202,8.15,3.57,"16,860",867,"26,214","5,821",819,1.78,100,-6.78
449,명신산업,"8,480",상승,140,+1.68%,500,"688,935","5,879","8,450","4,449","1,481",4.14,"178,305","8,450","8,470","12,103",-28.83,20.95,"8,930","13,923","5,128","1,291",7.41,11.45,"8,200","2,552","52,470","15,738","2,048",0.63,150,-9.49
450,세아제강,"156,500",하락,100,-0.06%,"5,000","13,382","2,100","156,200","4,439","2,029",3.64,"19,034","157,200","156,300","18,238",N/A,N/A,"158,800",511,"7,113","1,371",9.40,N/A,"154,800",352,"2,836","18,094","43,046",0.39,"7,000",N/A
451,부국증권,"42,800",상승,350,+0.82%,"5,000","73,753","3,228","43,050","4,438",367,18.49,"133,622","43,300","43,100","16,514",-46.93,4.05,"45,450","1,114","8,811",310,1.53,1.81,"42,450",893,"10,370","7,792","2,315",0.49,"1,500",-4.40
452,코오롱,"35,150",하락,250,-0.71%,"5,000","339,637","12,093","34,900","4,438",-896,3.08,"565,865","35,800","34,950","70,405",-190.15,12.49,"36,625","2,023","46,926","1,576",5.30,2.57,"34,250","1,741","12,626","60,284","11,430",0.29,550,2.55
453,KODEX 인도Nifty50,"13,695",상승,75,+0.55%,0,"186,740","2,549","13,695","4,437",N/A,N/A,"228,884","13,620","13,705",N/A,N/A,N/A,"13,705","45,767",N/A,N/A,0.04,N/A,"13,585","21,923","32,400",N/A,N/A,N/A,N/A,N/A
454,한세실업,"11,030",상승,130,+1.19%,500,"149,131","1,647","10,970","4,412","1,422",8.93,"121,305","10,970","10,980","14,245",-15.47,8.58,"11,220","8,004","7,149",584,3.56,4.39,"10,860",893,"40,000","17,978","1,235",0.62,500,5.21
455,쏘카,"13,400",하락,20,-0.15%,100,"7,348",98,"13,390","4,401",-98,-24.72,"4,710","13,420","13,400","6,315",-1.14,-15.69,"13,500","4,376","4,480",-310,0.99,-4.73,"13,300","1,484","32,842","4,318",-542,2.43,N/A,8.36
456,남양유업,"71,700",하락,"3,300",-4.40%,500,"32,177","2,332","71,700","4,396",-98,90.64,"14,253","75,100","71,800","7,242",86.28,0.04,"75,100","1,443",924,2,7.54,0.03,"71,200",500,"6,131","9,528",791,0.93,100,-4.41
457,세아홀딩스,"109,800",상승,"1,800",+1.67%,"5,000","3,028",337,"109,600","4,392",992,13.70,"2,545","108,300","110,900","61,055",-50.60,1.53,"115,500",150,"29,554",342,1.17,0.58,"108,300",120,"4,000","60,168","8,013",0.20,"4,000",-6.27
458,콜마홀딩스,"12,800",상승,20,+0.16%,500,"287,931","3,682","12,680","4,390",381,22.38,"413,566","12,850","12,700","12,914",125.94,4.09,"12,990","9,920","4,763",334,19.45,2.59,"12,640","3,853","34,296","6,767",572,0.74,200,6.18
459,RISE KIS국고채30년Enhanced,"80,790",상승,35,+0.04%,0,"32,732","2,631","80,490","4,388",N/A,N/A,"56,987","80,755","80,555",N/A,N/A,N/A,"80,800","18,042",N/A,N/A,0.03,N/A,"80,200","19,181","5,431",N/A,N/A,N/A,N/A,N/A
460,KODEX 미국나스닥100(H),"16,955",상승,70,+0.41%,0,"265,414","4,512","16,945","4,340",N/A,N/A,"409,033","16,940","16,955",N/A,N/A,N/A,"17,070","122,306",N/A,N/A,0.41,N/A,"16,900","133,858","25,600",N/A,N/A,N/A,N/A,N/A
461,코람코라이프인프라리츠,"4,425",상승,30,+0.68%,500,"157,530",692,"4,410","4,307",356,11.43,"263,432","4,390","4,425","12,792",96.73,4.96,"4,430","67,134","7,776",238,1.36,1.87,"4,375","8,137","97,335",485,387,0.89,418,54.05
462,TIGER 27-04회사채(A+이상)액티브,"53,320",상승,10,+0.02%,0,"13,225",705,"53,305","4,302",N/A,N/A,"19,774","53,310","53,315",N/A,N/A,N/A,"53,325","103,183",N/A,N/A,0.00,N/A,"53,300","91,421","8,068",N/A,N/A,N/A,N/A,N/A
463,조광피혁,"64,300",하락,500,-0.77%,"5,000","16,277","1,060","64,100","4,275",72,36.74,"18,626","65,300","64,200","6,188",13.90,2.58,"68,000",991,754,126,0.59,2.24,"63,800",149,"6,649",902,"1,750",0.40,N/A,-28.70
464,비에이치,"12,400",상승,10,+0.08%,500,"196,504","2,441","12,370","4,274",871,15.68,"140,803","12,410","12,390","13,199",2.67,9.90,"12,560","16,442","5,790",776,11.06,6.44,"12,280","3,398","34,464","17,544",791,0.57,250,10.20
465,RISE 미국30년국채엔화노출(합성 H),"8,200",상승,100,+1.23%,0,"679,164","5,520","8,200","4,252",N/A,N/A,"1,512,600","8,100","8,205",N/A,N/A,N/A,"8,210","375,926",N/A,N/A,0.01,N/A,"8,095","357,668","51,850",N/A,N/A,N/A,N/A,N/A
466,TIGER 미국S&P500(H),"14,290",상승,45,+0.32%,0,"220,877","3,164","14,290","4,251",N/A,N/A,"183,617","14,270","14,295",N/A,N/A,N/A,"14,360","251,343",N/A,N/A,0.09,N/A,"14,260","236,846","29,750",N/A,N/A,N/A,N/A,N/A
467,드림텍,"6,170",하락,10,-0.16%,100,"76,676",474,"6,170","4,251",236,-362.94,"123,558","6,170","6,180","9,081",-30.82,0.95,"6,220","23,992","3,930",127,57.29,1.50,"6,110","5,491","68,890","11,727",-17,1.06,200,13.81
468,더본코리아,"28,800",하락,800,-2.70%,500,"99,630","2,888","28,750","4,244",360,11.12,"286,415","30,050","28,800","3,527",40.75,15.52,"30,050","11,190",851,310,1.64,11.05,"28,650","2,838","14,737","4,642","2,591",1.57,300,13.03
469,삼성FN리츠,"4,600",하락,45,-0.97%,500,"105,677",489,"4,605","4,188",78,158.62,"74,061","4,660","4,620","8,768",24.55,0.66,"4,660","4,913","4,607",26,0.17,0.32,"4,590","11,638","91,050",115,29,1.01,73,23.01
470,신한 레버리지 WTI원유 선물 ETN(H),837,상승,25,+3.08%,0,"1,157,804",968,837,"4,185",N/A,N/A,"1,409,353",834,838,N/A,N/A,N/A,842,"5,610,612",N/A,N/A,0.00,N/A,833,"6,672,725","500,000",N/A,N/A,N/A,N/A,N/A
471,KIWOOM 종합채권(AA-이상)액티브,"108,895",하락,75,-0.07%,0,361,39,"108,810","4,171",N/A,N/A,180,"108,970","108,885",N/A,N/A,N/A,"108,975","10,009",N/A,N/A,0.00,N/A,"108,795","12,111","3,830",N/A,N/A,N/A,N/A,N/A
472,BGF,"4,325",하락,145,-3.24%,"1,000","409,509","1,794","4,315","4,140",552,4.76,"689,130","4,470","4,320","23,010",-8.82,5.43,"4,510","21,072","3,199",948,2.19,4.24,"4,290","9,464","95,717","4,341",909,0.24,130,21.80
473,TIGER 2차전지소재Fn,"3,325",상승,20,+0.61%,0,"1,997,380","6,662","3,315","4,123",N/A,N/A,"2,378,543","3,335","3,320",N/A,N/A,N/A,"3,365","213,141",N/A,N/A,0.56,N/A,"3,300","262,006","124,000",N/A,N/A,N/A,N/A,N/A
474,애경산업,"15,570",하락,180,-1.14%,"1,000","52,548",820,"15,570","4,112",468,12.07,"106,511","15,900","15,580","4,994",-24.40,10.81,"15,900","7,537",987,425,3.00,8.66,"15,520",320,"26,410","6,791","1,290",1.00,580,1.53
475,영진약품,"2,240",하락,5,-0.22%,500,"266,381",594,"2,235","4,097",87,-224.00,"431,998","2,250","2,240","2,343",179.79,1.37,"2,275","75,144","1,445",12,3.16,0.54,"2,215","37,005","182,893","2,520",-10,4.51,N/A,7.30
476,맵스리얼티1,"4,395",하락,5,-0.11%,0,"121,598",535,"4,395","4,080",N/A,N/A,"22,095","4,410","4,430",N/A,N/A,N/A,"4,435","49,661",N/A,N/A,2.56,N/A,"4,370","6,057","92,834",N/A,N/A,N/A,N/A,N/A
477,KODEX 미국배당커버드콜액티브,"11,250",상승,55,+0.49%,0,"604,983","6,786","11,255","4,061",N/A,N/A,"702,416","11,240","11,260",N/A,N/A,N/A,"11,265","111,280",N/A,N/A,0.02,N/A,"11,170","79,119","36,100",N/A,N/A,N/A,N/A,N/A
478,대한제강,"17,260",하락,160,-0.92%,"1,000","34,775",604,"17,230","4,041",103,11.12,"53,029","17,450","17,250","11,498",-90.62,4.91,"17,900","3,467","2,538",400,4.69,3.53,"17,210",334,"23,414","12,245","1,552",0.37,500,-15.42
479,KB스타리츠,"3,970",상승,35,+0.89%,500,"230,695",914,"3,950","4,026",266,21.23,"222,315","3,950","3,975","10,667",-50.14,4.54,"4,005","22,230","6,842",190,0.31,1.81,"3,940","7,865","101,414",382,187,1.05,180,-41.46
480,KIWOOM 200,"38,515",상승,150,+0.39%,0,"413,113","15,903","38,450","4,025",N/A,N/A,"172,724","38,565","38,460",N/A,N/A,N/A,"38,785","250,553",N/A,N/A,0.00,N/A,"38,250","208,694","10,450",N/A,N/A,N/A,N/A,N/A
481,사조대림,"43,600",상승,700,+1.63%,"5,000","125,517","5,633","43,500","3,996","1,330",5.67,"44,693","44,900","43,650","21,236",3.41,14.27,"46,100","5,545","12,850",958,3.10,5.66,"43,200",455,"9,164","26,430","7,690",0.53,300,28.11
482,대상홀딩스,"11,020",하락,140,-1.25%,"1,000","293,275","3,250","11,020","3,991","1,840",31.58,"401,356","11,000","11,030","44,186",60.56,2.70,"11,240","19,660","27,476",799,7.89,1.86,"10,940","4,827","36,213","53,579",349,0.54,270,1.87
483,한전산업,"12,180",하락,440,-3.49%,500,"625,707","7,697","12,150","3,971",161,34.60,"968,833","12,570","12,160","2,200",-38.00,10.59,"12,580","15,651","1,044",116,1.85,5.49,"12,090","4,139","32,600","3,675",352,3.62,367,1.17
484,KODEX 국고채10년액티브,"113,555",하락,135,-0.12%,0,"19,846","2,252","113,520","3,968",N/A,N/A,"33,239","113,675","113,540",N/A,N/A,N/A,"113,675","29,601",N/A,N/A,0.01,N/A,"113,395","27,576","3,494",N/A,N/A,N/A,N/A,N/A
485,넥스틸,"15,220",상승,330,+2.22%,500,"783,520","12,044","15,210","3,958",632,7.25,"761,016","15,000","15,220","6,918",-59.83,7.64,"15,730","5,845","2,269",347,1.13,5.20,"14,860","2,732","26,002","5,524","2,100",0.83,250,-10.77
486,KODEX 미국AI테크TOP10타겟커버드콜,"10,225",상승,135,+1.34%,0,"419,162","4,279","10,240","3,937",N/A,N/A,"375,163","10,145","10,245",N/A,N/A,N/A,"10,260","160,665",N/A,N/A,0.02,N/A,"10,145","151,409","38,500",N/A,N/A,N/A,N/A,N/A
487,HL홀딩스,"41,650",하락,550,-1.30%,"5,000","41,933","1,742","41,450","3,917",904,-19.92,"65,202","42,900","41,500","23,708",-1.88,1.91,"42,900","1,153","13,062",198,10.27,0.85,"40,950",777,"9,404","13,711","-2,091",0.37,"2,000",6.66
488,TIGER 은행고배당플러스TOP10,"17,307",상승,47,+0.27%,0,"2,028,465","35,290","17,165","3,911",N/A,N/A,"1,983,707","17,335","17,175",N/A,N/A,N/A,"17,685","153,985",N/A,N/A,0.17,N/A,"17,150","99,592","22,600",N/A,N/A,N/A,N/A,N/A
489,농심홀딩스,"84,200",하락,"1,400",-1.64%,"5,000","28,641","2,444","84,300","3,905",866,5.93,"58,208","86,300","84,400","16,115",15.04,6.39,"87,400","1,258","3,940",749,2.79,4.80,"83,700",447,"4,638","7,983","14,201",0.32,"2,500",3.74
490,흥아해운,"1,616",하락,8,-0.49%,500,"1,087,755","1,762","1,614","3,885",275,10.16,"1,405,620","1,630","1,617","4,436",12.12,20.08,"1,637","87,083","2,095",400,1.77,10.39,"1,603","23,934","240,425","1,880",159,1.68,N/A,14.07
491,신세계인터내셔날,"10,940",하락,340,-3.01%,"1,000","182,563","2,006","10,940","3,867",268,15.90,"236,853","11,330","10,950","13,331",-44.93,3.85,"11,330","13,948","4,866",327,5.87,2.46,"10,830","3,141","35,343","13,086",688,0.46,400,-3.37
492,제주은행,"10,210",하락,350,-3.31%,"5,000","333,859","3,420","10,180","3,859",114,36.59,"2,225,270","10,440","10,190","74,448",335.46,1.85,"10,440","8,797","68,547",104,2.25,0.14,"10,000","5,212","37,799","3,797",279,0.56,100,2.30
493,지누스,"17,170",하락,310,-1.77%,500,"73,127","1,261","17,100","3,821",-54,15.11,"145,503","17,520","17,110","11,922",-129.69,-1.05,"17,630","1,075","5,195",-68,10.62,-0.61,"17,060","1,622","22,255","9,204","1,136",0.55,90,-3.35
494,엘브이엠씨홀딩스,"1,973",상승,34,+1.75%,0,"511,677",993,"1,972","3,813",164,103.84,"424,944","1,940","1,973","7,388",205.09,0.28,"1,985","15,756","2,678",42,11.07,0.61,"1,913","15,457","193,240","2,957",19,0.74,0,13.53
495,RISE 200위클리커버드콜,"8,690",상승,50,+0.58%,0,"1,050,833","9,128","8,670","3,798",N/A,N/A,"2,428,817","8,665","8,675",N/A,N/A,N/A,"8,730","143,942",N/A,N/A,0.04,N/A,"8,625","131,931","43,700",N/A,N/A,N/A,N/A,N/A
496,HANARO 200,"38,665",상승,130,+0.34%,0,"30,766","1,193","38,615","3,789",N/A,N/A,"105,025","38,635","38,635",N/A,N/A,N/A,"38,965","79,589",N/A,N/A,20.63,N/A,"38,440","82,694","9,800",N/A,N/A,N/A,N/A,N/A
497,TIGER 미국나스닥100커버드콜(합성),"9,755",상승,90,+0.93%,0,"277,185","2,694","9,740","3,780",N/A,N/A,"226,608","9,670","9,745",N/A,N/A,N/A,"9,760","56,588",N/A,N/A,0.01,N/A,"9,670","28,250","38,750",N/A,N/A,N/A,N/A,N/A
498,한섬,"16,750",하락,40,-0.24%,500,"72,027","1,214","16,740","3,758",635,10.03,"105,221","16,790","16,750","17,462",-36.83,3.19,"17,090","2,594","3,401",433,22.94,2.50,"16,640",605,"22,438","14,853","1,670",0.26,750,-2.84
499,남해화학,"7,540",하락,180,-2.33%,"1,000","223,416","1,699","7,540","3,746",363,15.14,"341,899","7,690","7,550","7,738",228.08,4.84,"7,790","7,423","2,391",215,3.67,2.68,"7,170","2,221","49,679","15,191",498,0.67,80,-4.34
500,KISCO홀딩스,"26,200",하락,900,-3.32%,"1,000","60,268","1,604","26,150","3,714",-36,21.64,"41,188","27,900","26,200","17,103",-102.43,2.82,"27,900","4,206","1,495",453,7.08,2.58,"26,050","3,317","14,176","10,132","1,211",0.29,"1,800",-34.29
