N,종목명,현재가,전일비변동,전일비,등락률,액면가,거래량,거래대금,매수호가,시가총액,영업이익,PER,전일거래량,시가,매도호가,자산총계,영업이익증가율,ROE,고가,매수총잔량,부채총계,당기순이익,외국인비율,ROA,저가,매도총잔량,상장주식수,매출액,주당순이익,PBR,보통주배당금,매출액증가율
1,알테오젠,"438,000",하락,"1,000",-0.23%,500,"183,419","80,879","437,500","234,177",254,187.42,"352,929","444,500","438,000","4,090",360.91,29.52,"447,000","11,983","1,349",607,15.38,18.25,"435,000","3,339","53,465","1,029","2,337",63.89,0,6.56
2,에코프로비엠,"104,600",하락,600,-0.57%,500,"285,147","29,751","103,900","102,300",-341,-110.22,"659,029","106,900","104,000","43,237",-121.86,-6.26,"106,900","17,266","23,466",-585,12.30,-1.35,"103,200","5,374","97,801","27,668",-949,6.04,N/A,-59.91
3,HLB,"52,100",상승,900,+1.76%,500,"363,359","19,036","52,100","68,475","-1,185",-36.26,"772,774","52,900","52,200","8,874",5.21,-16.33,"53,250","38,501","2,353","-1,080",20.73,-13.22,"51,800","21,918","131,430",681,"-1,437",13.30,0,58.80
4,에코프로,"48,050",상승,850,+1.80%,100,"516,369","24,342","46,700","65,240","-2,930",-37.19,"1,483,975","47,800","46,750","81,383",-198.28,-12.57,"48,550","23,596","42,998","-2,954",21.14,-3.76,"46,400","7,363","135,776","31,279","-1,292",4.10,100,-56.92
5,파마리서치,"562,000",상승,"1,000",+0.18%,500,"36,256","20,611","565,000","58,390","1,261",55.86,"101,558","566,000","566,000","8,557",36.63,18.93,"576,000","1,722","2,863",889,16.91,12.79,"562,000","1,615","10,390","3,501","10,061",11.52,"1,100",34.14
6,레인보우로보틱스,"267,000",하락,"2,000",-0.74%,500,"42,264","11,383","266,500","51,798",-30,"6,512.20","80,458","269,500","267,000","1,399",93.32,1.62,"273,000","14,970",71,21,4.65,1.57,"266,500","4,036","19,400",193,41,39.25,N/A,26.80
7,리가켐바이오,"132,900",하락,"3,800",-2.78%,500,"309,309","41,817","133,400","48,655",-209,195.44,"559,689","138,100","133,700","7,384",74.12,2.04,"138,900","6,344","1,224",78,11.37,1.68,"132,600",762,"36,610","1,259",680,8.26,N/A,268.71
8,펩트론,"189,600",하락,"1,800",-0.94%,500,"79,015","15,052","189,300","44,172",-165,-192.10,"146,255","191,700","189,400","1,689",-4.05,-23.46,"193,500","1,641",172,-220,5.64,-19.91,"187,900",468,"23,297",32,-987,29.67,N/A,-5.68
9,휴젤,"344,000",하락,"3,000",-0.86%,500,"21,377","7,375","344,000","42,326","1,662",29.87,"61,702","348,000","344,500","9,394",41.13,17.51,"350,500","3,735",986,"1,431",56.40,15.32,"342,000",500,"12,304","3,730","11,517",4.41,0,16.69
10,리노공업,"51,400",상승,"1,200",+2.39%,100,"349,553","18,008","51,300","39,173","1,242",32.10,"466,439","50,400","51,400","6,574",8.59,19.21,"52,200","12,378",348,"1,133",34.52,18.27,"50,400","25,166","76,212","2,782","1,601",6.43,600,8.85
11,삼천당제약,"162,100",상승,"1,500",+0.93%,500,"62,673","10,139","161,900","38,025",26,-328.14,"80,286","162,400","162,000","5,198",-72.36,-4.49,"163,300","1,482","1,704",-51,1.64,-1.10,"159,500",989,"23,457","2,109",-494,14.39,200,9.48
12,클래시스,"56,100",하락,"1,200",-2.09%,100,"277,743","15,613","56,200","36,749","1,224",35.76,"181,136","57,500","56,400","6,084",36.62,26.54,"57,700","29,393","1,557",975,71.72,19.83,"55,700","4,182","65,506","2,429","1,569",7.84,257,34.87
13,코오롱티슈진,"41,900",상승,50,+0.12%,0,"98,182","4,114","41,800","34,191",-220,-92.29,"163,922","42,250","41,850","2,223",-7.28,-25.91,"42,400","16,833",764,-338,3.69,-18.92,"41,500","5,574","81,601",51,-454,18.60,0,36.90
14,실리콘투,"54,200",하락,200,-0.37%,500,"469,621","25,628","54,100","33,155","1,376",24.67,"897,594","55,300","54,200","4,578",187.76,60.90,"55,600","27,109","1,962","1,207",9.38,35.88,"53,900","19,930","61,172","6,915","2,197",10.84,N/A,101.69
15,에이비엘바이오,"64,800",하락,"4,000",-5.81%,500,"668,488","43,721","64,600","31,446",-594,-47.26,"656,584","68,600","64,700","2,320","-2,168.82",-46.01,"68,800","20,094",647,-555,12.01,-28.32,"63,300","2,490","48,528",334,"-1,371",24.60,N/A,-49.04
16,에스엠,"134,700",하락,"1,500",-1.10%,500,"86,377","11,766","135,000","30,839",873,12.38,"163,359","136,100","135,100","14,191",-23.06,2.64,"138,500","1,259","5,900",8,26.77,0.06,"133,300",324,"22,895","9,897","10,881",3.40,400,2.98
17,JYP Ent.,"75,100",상승,200,+0.27%,500,"263,263","19,845","75,100","26,685","1,283",19.71,"1,408,185","75,500","75,300","6,788",-24.30,22.41,"76,300","8,949","1,959",977,22.41,15.63,"74,300","25,909","35,532","6,018","3,811",4.68,534,6.23
18,이오테크닉스,"211,500",하락,"2,500",-1.17%,500,"72,285","15,390","211,000","26,056",312,55.88,"398,533","212,000","211,500","6,530",0.84,7.43,"218,000","3,595",500,427,19.16,6.75,"209,000","2,538","12,320","3,209","3,785",4.22,500,1.46
19,펄어비스,"40,200",하락,800,-1.95%,100,"98,027","3,953","40,200","25,828",-123,53.74,"107,848","40,700","40,250","11,428",24.82,7.88,"40,950","6,021","3,368",603,7.67,5.12,"39,850","1,682","64,248","3,424",748,3.06,N/A,2.67
20,젬백스,"58,100",상승,"2,300",+4.12%,500,"142,895","8,340","58,300","24,057",-383,-37.75,"102,763","56,700","58,400","1,507",-387.24,-127.30,"59,400","8,749","1,217",-872,6.86,-61.01,"56,500","1,760","41,406",627,"-1,539",56.89,0,-13.18
21,셀트리온제약,"53,600",하락,700,-1.29%,500,"50,444","2,708","53,500","23,412",372,85.49,"106,338","54,400","53,600","6,695",3.19,5.68,"54,700","10,310","2,725",220,3.96,3.35,"53,200","5,021","43,679","4,778",627,5.79,24,22.90
22,보로노이,"123,900",보합,0,0.00%,500,"67,712","8,338","122,600","22,783",-179,-56.01,"99,005","124,400","122,900",640,-65.09,-96.66,"126,500","1,343",297,-199,3.88,-38.23,"120,600",434,"18,388",98,"-2,212",42.03,0,-33.93
23,HPSP,"26,000",하락,250,-0.95%,500,"241,876","6,312","26,050","21,710",939,26.97,"451,365","26,650","26,100","3,199",-1.32,31.09,"26,750","21,107",420,863,22.10,26.94,"25,700","20,035","83,499","1,814",964,8.50,600,1.29
24,케어젠,"40,350",상승,"3,550",+9.65%,100,"379,882","15,375","40,750","21,674",342,69.45,"67,954","38,700","40,800","2,407",-15.18,14.35,"41,950","3,830",177,323,4.95,13.24,"37,250","3,850","53,715",826,581,9.31,640,4.26
25,파크시스템스,"304,500",상승,"4,000",+1.33%,500,"12,109","3,706","304,000","21,292",385,38.64,"35,634","300,000","305,000","2,743",39.80,25.83,"310,000",926,864,428,33.83,17.99,"300,000","1,898","6,992","1,751","7,881",10.54,500,20.89
26,신성델타테크,"69,200",하락,"1,600",-2.26%,500,"111,480","7,720","69,200","19,019",272,"-1,504.35","644,841","69,500","69,300","7,741",-9.01,-0.48,"70,200","9,685","4,568",74,5.41,1.02,"68,600","4,136","27,484","9,097",-46,8.97,120,9.12
27,네이처셀,"26,700",하락,900,-3.26%,500,"216,297","5,816","26,700","17,204",6,"-8,900.00","264,305","27,550","26,750",720,105.82,1.95,"27,700","43,023",74,12,7.19,1.75,"26,500","11,092","64,435",323,-3,27.05,0,67.09
28,에스티팜,"84,900",상승,"1,600",+1.92%,500,"79,349","6,644","84,600","17,110",277,57.02,"102,589","84,200","84,800","7,219",-17.36,7.82,"85,500","1,901","2,189",325,6.43,4.65,"81,900","3,655","20,153","2,738","1,489",3.46,500,-3.94
29,씨젠,"32,400",상승,150,+0.47%,500,"80,123","2,598","32,500","16,921",-165,158.82,"190,133","32,050","32,550","12,053",45.17,-2.03,"32,750","3,589","2,238",-203,17.37,-1.65,"32,050","10,581","52,226","4,143",204,1.49,800,12.76
30,와이지엔터테인먼트,"86,900",상승,400,+0.46%,500,"151,152","13,252","86,800","16,243",-206,69.58,"199,057","89,200","86,900","7,343",-123.65,3.90,"90,300","6,143","1,311",200,16.86,2.71,"86,400","2,081","18,691","3,649","1,249",3.32,250,-35.88
31,동진쎄미켐,"30,550",하락,300,-0.97%,500,"129,568","3,973","30,550","15,707","2,082",10.23,"412,630","30,900","30,600","20,170",18.19,17.17,"31,000","36,750","9,966","1,435",9.69,7.92,"30,500","16,774","51,414","14,081","2,986",1.54,200,7.50
32,CJ ENM,"69,600",상승,600,+0.87%,"5,000","21,050","1,466","69,400","15,263","1,045",-2.77,"55,527","69,200","69,500","93,166",815.59,-16.69,"70,300","3,726","56,386","-5,808",17.77,-6.03,"68,800","2,290","21,929","52,314","-25,100",0.53,N/A,19.76
33,솔브레인,"195,000",상승,300,+0.15%,500,"22,571","4,411","196,100","15,168","1,679",14.64,"60,662","191,700","196,300","11,682",25.82,12.47,"198,400",63,"1,309","1,196",31.99,11.06,"190,100",300,"7,779","8,634","13,317",1.44,"2,300",2.29
34,카카오게임즈,"17,620",하락,580,-3.19%,100,"304,211","5,389","17,510","14,601",191,-10.97,"317,434","18,220","17,520","31,732",-74.60,-7.96,"18,220","14,985","16,949","-1,281",10.01,-3.86,"17,480","4,086","82,866","6,272","-1,606",1.10,N/A,-13.58
35,스튜디오드래곤,"47,650",상승,100,+0.21%,500,"57,768","2,778","47,650","14,323",364,91.46,"110,576","48,200","47,750","9,255",-34.86,4.63,"48,800","3,055","1,859",335,12.54,3.32,"47,550","1,663","30,058","5,501",521,1.94,N/A,-26.96
36,주성엔지니어링,"30,100",보합,0,0.00%,500,"131,692","3,963","30,100","14,228",972,12.08,"471,807","30,150","30,150","9,868",235.88,19.76,"30,300","42,362","4,202","1,068",17.17,11.92,"29,950","22,295","47,268","4,094","2,491",2.37,287,43.78
37,디어유,"58,500",하락,"1,200",-2.01%,500,"59,217","3,496","58,600","13,887",254,67.24,"139,215","60,000","58,700","2,203",N/A,N/A,"60,300","5,899",243,244,7.88,N/A,"58,300",493,"23,738",749,870,7.05,215,N/A
38,원익IPS,"28,025",하락,375,-1.32%,500,"91,891","2,571","27,950","13,756",106,35.75,"416,173","28,400","28,000","11,241",158.88,2.37,"28,450","11,097","2,367",207,25.26,1.88,"27,800","4,526","49,084","7,482",784,1.55,50,8.38
39,루닛,"46,500",하락,"1,200",-2.52%,500,"175,034","8,191","46,350","13,555",-677,-19.46,"186,521","47,950","46,400","4,350",-60.30,-41.21,"48,000","23,006","2,702",-824,8.43,-23.45,"46,200","1,307","29,150",542,"-2,390",7.86,0,116.03
40,디앤디파마텍,"124,200",하락,"3,200",-2.51%,500,"163,028","20,455","124,500","13,439",-250,-39.37,"191,617","130,700","124,600",975,-85.50,-49.03,"130,800","1,363",279,-295,2.65,-33.37,"122,700","1,093","10,821",114,"-3,155",20.80,0,-38.77
41,ISC,"62,400",상승,"1,600",+2.63%,500,"148,498","9,242","62,400","13,227",448,28.94,"183,801","61,000","62,500","5,829",317.11,10.98,"63,600","7,197",597,549,17.69,9.76,"59,800","12,028","21,197","1,745","2,156",2.49,810,24.43
42,브이티,"35,150",상승,600,+1.74%,500,"298,243","10,459","35,150","12,583","1,109",12.06,"348,438","35,000","35,200","3,596",143.48,56.07,"35,400","10,966","1,189","1,040",7.52,33.75,"34,550","22,872","35,798","4,317","2,914",5.07,N/A,46.09
43,지아이이노베이션,"19,820",하락,280,-1.39%,500,"226,395","4,547","19,830","12,249",-483,-18.37,"386,157","20,150","19,840",458,9.46,-116.69,"20,450","4,192",167,-588,6.59,-92.49,"19,780","3,637","61,803",0,"-1,079",9.75,0,-99.54
44,엔켐,"57,600",하락,500,-0.86%,500,"93,046","5,362","57,200","12,249",-653,-5.61,"250,840","58,700","57,300","11,269","-2,244.05",-156.31,"60,000","10,458","6,601","-5,712",7.11,-57.41,"57,000","4,798","21,265","3,657","-10,265",2.33,0,-13.89
45,서진시스템,"21,700",하락,650,-2.91%,500,"132,004","2,888","21,700","12,206","1,087",24.66,"254,820","22,250","21,750","21,032",121.85,12.32,"22,300","37,901","12,276",839,7.50,4.63,"21,650","10,289","56,248","12,138",880,1.41,N/A,55.87
46,HK이노엔,"42,800",상승,200,+0.47%,500,"94,630","4,060","42,850","12,125",882,17.69,"153,503","42,800","42,900","18,896",33.82,5.02,"43,350","10,968","6,382",616,9.80,3.30,"42,500","7,339","28,330","8,971","2,419",0.96,350,8.23
47,오스코텍,"30,950",하락,650,-2.06%,500,"54,576","1,697","30,850","11,838",-27,"3,095.00","214,277","31,500","30,950","1,708",91.63,0.77,"31,600","9,167",384,-16,9.83,-1.05,"30,800","3,514","38,248",340,10,9.72,N/A,586.89
48,메디톡스,"160,900",하락,"2,200",-1.35%,500,"20,255","3,278","161,200","11,743",203,56.02,"55,286","163,100","161,300","6,152",17.47,3.62,"164,200","2,136","1,444",161,12.79,2.62,"160,800","1,599","7,298","2,286","2,872",2.45,"1,100",3.39
49,티씨케이,"100,200",하락,700,-0.69%,500,"18,125","1,812","100,100","11,698",807,15.41,"77,075","99,100","100,200","5,635",21.06,14.78,"100,800",519,473,720,64.93,13.60,"99,000",311,"11,675","2,757","6,503",2.28,"1,410",21.65
50,하림지주,"10,270",상승,370,+3.74%,100,"533,125","5,447","10,270","11,503","7,655",12.01,"462,253","9,950","10,280","160,790",34.88,0.90,"10,420","10,911","101,370","1,748",10.27,1.19,"9,910","7,942","112,006","122,730",855,0.32,120,1.75
51,비에이치아이,"36,350",하락,700,-1.89%,500,"199,824","7,309","36,500","11,248",219,50.49,"294,959","37,000","36,550","5,248",45.34,20.64,"37,750","10,083","4,083",196,18.33,4.12,"36,150","6,875","30,944","4,047",720,9.04,N/A,10.16
52,위메이드,"33,000",하락,350,-1.05%,500,"89,222","2,976","33,150","11,203",71,5.05,"95,840","33,900","33,200","18,757",106.40,55.57,"34,100","10,891","10,438","1,816",7.31,11.03,"32,950","2,080","33,948","7,119","6,530",2.67,N/A,17.62
53,대주전자재료,"71,800",상승,"1,000",+1.41%,500,"87,129","6,201","71,400","11,115",294,29.28,"189,650","72,000","71,600","6,230",372.76,19.30,"72,100","2,745","3,927",364,17.66,7.02,"70,300","6,303","15,481","2,193","2,452",4.64,100,18.56
54,메지온,"36,400",하락,250,-0.68%,500,"23,552",857,"36,300","10,961",-143,-47.64,"61,326","36,450","36,350",740,1.31,-36.23,"36,800","15,856",279,-195,21.86,-23.45,"36,200","3,863","30,113",86,-764,25.25,0,-72.85
55,테크윙,"29,150",하락,900,-3.00%,500,"319,683","9,393","29,100","10,889",234,-77.94,"589,820","30,000","29,150","5,062",640.74,-10.25,"30,000","40,806","3,179",-220,9.08,-4.43,"29,100","15,706","37,354","1,855",-374,5.68,130,38.85
56,카페24,"44,150",하락,"1,800",-3.92%,500,"186,182","8,292","44,200","10,708",319,36.07,"149,318","45,750","44,250","3,423","1,978.14",13.40,"45,800","19,687","1,267",235,21.64,7.08,"44,050","1,785","24,253","3,025","1,224",4.88,N/A,11.58
57,하이젠알앤엠,"34,050",하락,750,-2.16%,500,"40,639","1,393","34,050","10,517",-4,-268.11,"69,818","34,650","34,100","1,202",-108.52,-1.92,"34,900","6,974",518,-11,1.09,-0.96,"34,000","2,212","30,888",759,-127,14.57,N/A,-1.76
58,원텍,"11,660",상승,100,+0.87%,100,"156,260","1,826","11,630","10,490",348,29.67,"458,167","11,670","11,640","1,779",-24.43,25.76,"11,800","10,423",511,291,9.38,17.58,"11,560","13,067","89,969","1,153",393,7.76,50,-0.32
59,SOOP,"90,100",하락,800,-0.88%,500,"21,163","1,916","90,000","10,357","1,135",10.02,"26,845","90,900","90,100","7,157",25.69,30.21,"91,500","4,601","3,333","1,024",36.21,15.83,"89,800","1,002","11,495","4,132","8,990",2.46,"1,500",20.10
60,우리기술투자,"12,270",상승,340,+2.85%,500,"12,423,659","149,195","12,260","10,307","1,757",6.70,"23,079,867","11,890","12,320","8,038",14.13,24.89,"12,500","38,445","1,376","1,477",2.68,20.59,"11,380","46,887","84,000","1,923","1,830",1.40,N/A,12.60
61,제이앤티씨,"17,680",상승,910,+5.43%,500,"304,062","5,303","17,770","10,228",-461,-12.21,"207,102","16,900","17,800","6,397",-261.51,-9.65,"17,870","4,290","3,026",-334,1.84,-5.16,"16,750","9,901","57,848","2,732","-1,448",3.16,N/A,-15.52
62,고영,"14,850",하락,270,-1.79%,100,"338,225","5,068","14,880","10,195",33,60.12,"728,459","15,140","14,890","3,779",-83.69,6.68,"15,190","38,574",548,210,14.67,5.64,"14,850","1,937","68,655","2,025",247,3.11,140,-10.24
63,에스앤에스텍,"46,400",상승,100,+0.22%,500,"87,669","4,039","46,550","9,953",295,28.66,"246,104","46,500","46,600","2,970",17.73,13.07,"46,750","1,170",502,303,10.04,10.95,"45,500",708,"21,451","1,760","1,619",3.80,150,17.09
64,로보티즈,"72,500",상승,"1,300",+1.83%,500,"131,574","9,406","71,700","9,580",-30,"1,421.57","210,226","70,500","71,800","1,002",43.88,-3.31,"72,800","6,543",42,-30,3.95,-2.82,"70,000","8,919","13,214",300,51,9.44,0,3.13
65,유진테크,"41,150",하락,850,-2.02%,500,"52,823","2,188","41,300","9,430",612,14.54,"183,463","41,750","41,350","5,395",151.49,16.85,"42,050","3,425","1,038",654,31.69,13.40,"40,950",814,"22,916","3,381","2,831",2.24,230,22.25
66,넥슨게임즈,"14,200",하락,80,-0.56%,500,"85,831","1,212","14,110","9,352",387,29.83,"128,729","14,160","14,130","4,872",222.40,10.93,"14,240","5,096","1,745",314,4.04,7.36,"14,070",908,"65,860","2,561",476,2.86,N/A,32.49
67,차바이오텍,"12,100",하락,20,-0.17%,500,"519,926","6,372","12,110","9,248",-597,-54.02,"308,047","12,400","12,130","21,944",-523.82,-2.85,"12,680","4,830","14,755",-146,9.69,-0.74,"11,980","2,304","76,426","10,450",-224,2.66,0,9.55
68,LS마린솔루션,"28,050",하락,"1,650",-5.56%,"1,000","181,836","5,115","27,950","9,164",124,63.61,"93,336","29,200","28,000","2,543",N/A,N/A,"29,200","21,631",461,132,2.10,N/A,"27,550","9,688","32,669","1,303",441,4.27,140,N/A
69,국일제지,800,보합,0,0.00%,100,0,0,0,"9,019",-13,-88.89,0,0,0,"1,424",19.80,-9.98,0,0,194,-130,0.84,-7.09,0,0,"1,127,406",564,-9,7.32,N/A,6.08
70,에스에프에이,"25,050",상승,"1,200",+5.03%,500,"194,201","4,878","25,000","8,995",-484,-10.91,"87,025","24,900","25,100","24,796",-154.44,-7.49,"25,700","5,355","9,572",-321,9.29,-1.21,"24,550","3,797","35,909","20,454","-2,296",0.80,270,9.95
71,아난티,"9,720",하락,80,-0.82%,100,"758,838","7,488","9,700","8,615",8,-51.98,"1,893,275","9,900","9,710","16,224",-99.70,-4.56,"10,060","21,499","9,110",-324,5.26,-2.04,"9,680","6,782","88,629","2,852",-187,1.22,N/A,-68.22
72,덕산네오룩스,"33,650",상승,250,+0.75%,200,"146,969","4,959","33,650","8,356",525,18.43,"373,714","34,100","33,700","4,523",59.39,12.17,"34,600","7,751",533,458,9.91,10.68,"33,200","1,995","24,831","2,123","1,826",2.03,N/A,29.66
73,태성,"27,100",하락,350,-1.28%,100,"64,466","1,746","27,100","8,266",60,315.12,"109,025","27,300","27,150",796,980.50,16.61,"27,400","9,473",386,60,1.63,8.74,"26,900","8,585","30,501",592,86,6.39,0,77.61
74,코나아이,"56,700",하락,"2,400",-4.06%,500,"131,560","7,470","56,700","8,257",334,24.77,"123,133","57,900","56,800","4,131",-0.80,16.19,"58,200","6,447","2,153",302,0.98,6.90,"55,700","2,440","14,563","2,363","2,289",4.18,680,-15.67
75,솔브레인홀딩스,"39,300",하락,"1,200",-2.96%,500,"32,333","1,281","39,150","8,239",853,17.41,"36,371","40,500","39,200","19,966",-29.47,4.62,"40,700","4,311","5,055",557,4.08,2.95,"39,050",872,"20,964","5,154","2,257",0.61,220,-22.10
76,와이씨,"9,900",하락,90,-0.90%,100,"120,495","1,196","9,900","8,122",106,95.19,"321,914","10,000","9,910","5,769",23.66,3.48,"10,020","27,899","1,586",129,0.82,2.45,"9,890","5,840","82,045","2,112",104,2.45,N/A,-17.22
77,동국제약,"18,080",하락,50,-0.28%,500,"77,711","1,411","18,080","8,115",804,14.10,"211,387","18,130","18,100","9,532",20.26,10.66,"18,310","6,868","2,742",623,13.63,6.95,"18,010","4,455","44,884","8,122","1,282",1.33,200,11.10
78,유일로보틱스,"70,300",하락,600,-0.85%,500,"38,876","2,729","70,400","8,073",4,153.16,"80,457","70,900","70,500","1,174",106.14,-13.94,"70,900","7,675",224,-91,14.70,-8.91,"69,400","1,843","11,483",352,459,8.36,N/A,19.40
79,올릭스,"39,250",상승,250,+0.64%,500,"136,189","5,364","39,200","7,771",-309,-15.16,"208,272","39,900","39,250",712,-70.02,-120.11,"40,050","6,037",528,-407,4.79,-46.71,"38,900","4,515","19,799",57,"-2,589",30.65,0,-66.73
80,레이크머티리얼즈,"11,780",하락,120,-1.01%,100,"107,071","1,267","11,740","7,743",222,41.92,"222,998","11,980","11,750","3,513",-24.93,17.38,"12,030","14,766","2,200",210,6.35,6.46,"11,740","8,885","65,731","1,387",281,6.01,50,17.77
81,피엔티,"32,600",상승,600,+1.88%,500,"127,358","4,139","32,350","7,740","1,632",7.08,"216,901","32,750","32,450","16,203",112.19,26.52,"32,950","9,088","9,957","1,422",3.95,8.83,"32,150","8,591","23,743","10,351","4,605",1.32,100,89.78
82,펌텍코리아,"62,400",상승,"2,000",+3.31%,500,"95,541","6,055","62,300","7,738",484,21.72,"34,254","62,100","62,400","4,076",37.15,12.99,"65,200","1,357",869,383,15.89,10.04,"61,400","2,609","12,400","3,375","2,873",2.86,420,18.63
83,필옵틱스,"33,800",하락,"1,350",-3.84%,500,"239,845","8,195","33,750","7,735",138,152.94,"199,111","35,200","33,800","3,827",34.40,3.51,"35,400","21,301","1,441",129,0.00,3.11,"33,700","5,184","22,886","4,109",221,5.04,0,36.96
84,엘앤씨바이오,"31,100",하락,200,-0.64%,500,"115,183","3,569","31,050","7,656",25,5.07,"628,766","31,250","31,150","4,756",-68.73,65.41,"31,750","6,276","1,809","1,410",9.74,38.21,"30,500","5,076","24,619",721,"6,131",2.49,50,9.35
85,성광벤드,"28,750",하락,900,-3.04%,500,"121,700","3,534","28,800","7,635",420,20.97,"195,785","29,850","28,850","5,631",-6.35,8.01,"29,900","17,821",443,410,25.83,7.36,"28,650","9,312","26,557","2,277","1,371",1.46,200,-10.61
86,피에스케이홀딩스,"34,950",하락,750,-2.10%,500,"92,593","3,251","34,900","7,536",885,8.15,"259,109","35,850","34,950","5,136",228.07,24.80,"36,450","13,917",821,958,4.17,20.94,"34,750","3,468","21,562","2,155","4,289",1.75,700,127.53
87,코스메카코리아,"70,500",상승,"3,300",+4.91%,500,"165,949","11,689","71,400","7,529",604,18.09,"178,927","69,100","71,500","5,179",22.80,22.07,"71,900","2,283","2,103",537,12.27,11.30,"67,300","11,528","10,680","5,243","3,897",3.49,100,11.39
88,다우데이타,"19,470",상승,220,+1.14%,500,"164,708","3,185","19,400","7,457","12,059",5.15,"508,768","19,540","19,420","577,571",80.54,12.96,"19,750","1,325","512,862","8,659",11.88,1.55,"19,130","3,084","38,300","121,361","3,783",0.54,"1,300",8.93
89,안랩,"67,000",상승,300,+0.45%,500,"20,045","1,339","66,900","7,455",277,20.02,"95,721","66,700","67,000","4,647",4.77,10.40,"67,200","5,155",959,324,31.94,7.71,"66,500","3,065","11,127","2,606","3,346",1.80,450,17.44
90,아이쓰리시스템,"104,300",상승,300,+0.29%,500,"32,251","3,358","103,700","7,412",148,46.42,"62,220","104,200","103,900","1,468",20.94,15.31,"105,900","2,012",411,150,6.73,10.77,"102,000",889,"7,107","1,207","2,247",6.50,400,-0.69
91,비올,"12,510",상승,10,+0.08%,100,"86,594","1,083","12,500","7,308",361,20.78,"337,282","12,500","12,510",981,61.62,44.73,"12,540","179,021",92,326,0.91,40.31,"12,500","76,788","58,419",582,602,7.47,20,36.86
92,하나마이크론,"10,960",하락,490,-4.28%,500,"660,901","7,248","10,960","7,263","1,068",-77.18,"602,645","11,360","10,970","19,446",84.43,-6.99,"11,360","27,330","13,388",-112,11.14,-0.61,"10,800","9,946","66,272","12,507",-142,1.99,70,29.21
93,LS머트리얼즈,"10,620",하락,210,-1.94%,500,"123,933","1,320","10,600","7,185",62,230.87,"139,392","10,830","10,610","2,531",-54.33,3.11,"10,830","34,474",460,57,3.72,2.19,"10,600","3,958","67,653","1,421",46,3.91,N/A,3.79
94,심텍,"22,400",하락,200,-0.88%,500,"121,233","2,709","22,350","7,135",-470,-14.07,"237,520","22,600","22,400","14,433",46.70,-6.63,"22,650","20,315","9,948",-310,5.54,-2.37,"22,000","10,595","31,854","12,314","-1,592",1.75,100,18.19
95,한글과컴퓨터,"28,800",하락,450,-1.54%,500,"109,705","3,179","28,750","6,964",404,44.79,"256,139","29,100","28,800","6,819",18.37,4.06,"29,500","14,395","1,963",140,8.22,2.13,"28,600","5,786","24,180","3,048",643,1.99,410,12.42
96,RFHIC,"26,250",하락,850,-3.14%,500,"132,582","3,510","26,300","6,952",15,92.11,"192,616","26,800","26,350","4,829",404.84,8.60,"27,150","10,036","1,250",197,12.91,3.97,"26,000","6,449","26,484","1,149",285,2.16,100,3.09
97,SAMG엔터,"77,100",하락,"2,900",-3.62%,500,"103,717","8,006","77,300","6,814",-61,-91.57,"114,951","79,000","77,400",974,35.14,-52.24,"79,000","1,091",666,-194,19.70,-19.62,"76,000","1,538","8,837","1,164",-842,17.56,0,22.41
98,현대바이오,"14,030",상승,110,+0.79%,500,"2,307,227","34,250","14,100","6,737",8,-42.39,"5,336,594","14,810","14,110",677,108.08,-16.36,"15,880","12,606",283,-69,9.18,-11.50,"14,000","3,936","48,022",151,-331,5.73,0,58.73
99,코미코,"64,400",하락,"1,900",-2.87%,500,"66,158","4,283","64,400","6,737","1,125",11.75,"67,010","66,500","64,500","8,003",240.50,23.36,"66,500","13,156","4,246",878,20.61,12.60,"64,250",744,"10,461","5,071","5,483",2.45,"1,000",65.05
100,NHN KCP,"16,660",하락,"1,120",-6.30%,500,"1,216,876","20,414","16,530","6,691",438,15.76,"19,932,535","17,010","16,540","5,703",4.35,18.71,"17,010","37,047","3,051",453,9.60,8.29,"16,500","1,651","40,161","11,053","1,057",2.44,100,13.72
101,위메이드맥스,"7,790",상승,10,+0.13%,500,"51,651",403,"7,770","6,528",-81,-31.04,"76,246","7,880","7,790","5,976",-315.03,-3.29,"7,970","9,998",962,-157,10.82,-4.31,"7,730",738,"83,803",750,-251,1.31,0,7.49
102,서부T&D,"9,970",상승,30,+0.30%,500,"284,775","2,838","9,950","6,523",480,19.51,"585,556","9,980","9,960","28,945",28.91,3.70,"10,160","9,705","16,536",647,12.83,2.47,"9,730","14,622","65,427","1,875",511,0.64,100,10.83
103,큐리옥스바이오시스템즈,"40,250",하락,"3,400",-7.79%,500,"175,531","7,195","40,350","6,505",-134,-71.62,"85,341","43,900","40,450",706,-26.72,-15.94,"44,200","7,514",219,-81,15.67,-12.60,"39,950",791,"16,163",46,-562,14.25,0,-32.42
104,동성화인텍,"21,650",보합,0,0.00%,500,"374,004","8,133","21,500","6,493",540,16.36,"1,002,618","21,650","21,550","4,555",35.13,21.07,"22,100","20,535","2,530",393,20.02,9.60,"21,450","18,024","29,989","5,974","1,323",3.03,350,11.92
105,현대힘스,"18,220",하락,360,-1.94%,500,"54,939","1,008","18,240","6,454",215,36.15,"105,886","18,580","18,260","3,265",48.99,8.07,"18,680","7,464",930,166,0.47,5.74,"18,190",865,"35,425","2,232",504,2.74,100,17.96
106,인카금융서비스,"12,510",하락,160,-1.26%,100,"323,861","4,048","12,610","6,428",863,9.87,"211,464","12,540","12,620","7,074",85.22,50.62,"12,800","3,838","5,602",620,5.51,10.30,"12,120","5,068","51,380","8,323","1,267",3.82,100,49.47
107,HLB생명과학,"5,250",상승,100,+1.94%,500,"838,598","4,409","5,270","6,401",-248,-3.17,"5,001,365","5,270","5,290","5,390",-1.17,1.95,"5,470","22,236","1,402",62,9.92,1.29,"5,040","31,185","121,917","1,022","-1,657",1.88,0,4.34
108,시노펙스,"7,230",하락,30,-0.41%,500,"191,773","1,384","7,190","6,342",212,24.51,"332,589","7,270","7,200","2,354",-12.19,18.58,"7,330","39,237",678,280,0.70,12.82,"7,180","14,486","87,720","2,383",295,3.66,0,-9.09
109,비츠로셀,"27,300",하락,300,-1.09%,500,"69,417","1,897","27,150","6,244",519,11.91,"107,956","27,750","27,200","3,179",37.73,19.92,"27,850","7,482",348,513,30.02,17.86,"27,100","3,049","22,872","2,108","2,292",2.15,0,12.80
110,우리기술,"3,760",하락,60,-1.57%,500,"7,568,759","28,839","3,755","6,224",6,-81.74,"11,307,008","3,820","3,760","2,655",-91.71,-3.33,"3,975","100,850","1,534",-44,1.90,-1.93,"3,680","73,662","165,531",713,-46,5.51,460,19.61
111,제룡전기,"38,550",하락,"1,100",-2.77%,500,"111,224","4,335","38,550","6,192",978,8.49,"119,058","39,400","38,600","2,418",39.48,49.72,"39,750","11,248",451,799,8.42,39.92,"38,350","2,865","16,062","2,627","4,539",3.17,"1,000",42.84
112,휴메딕스,"54,900",상승,300,+0.55%,500,"26,388","1,446","54,600","6,165",431,14.19,"83,218","54,600","54,700","2,498",15.63,18.41,"55,700","2,694",212,393,8.86,16.72,"53,900","1,413","11,230","1,619","3,868",2.37,630,6.30
113,엠로,"49,900",하락,400,-0.80%,500,"30,170","1,514","49,900","6,155",86,30.86,"79,404","50,300","49,950","1,024",84.58,31.88,"50,800","6,173",134,186,2.34,19.17,"49,750","1,203","12,335",795,"1,617",6.79,0,25.77
114,태웅,"30,400",하락,900,-2.88%,500,"149,105","4,603","30,150","6,082",228,31.18,"325,674","31,250","30,250","8,126",-42.28,4.42,"32,000","7,146","2,081",247,6.15,3.17,"30,100","5,071","20,007","3,863",975,1.00,N/A,-12.94
115,HLB제약,"18,430",상승,370,+2.05%,500,"99,150","1,838","18,450","6,043",15,113.07,"157,226","18,720","18,460","1,579",107.54,1.98,"18,800","1,855",415,20,1.10,1.35,"18,320","2,403","32,791","1,371",163,5.37,0,0.83
116,나노신소재,"49,450",하락,250,-0.50%,500,"24,659","1,219","49,200","6,032",30,-270.22,"94,924","49,750","49,350","4,422",-74.88,-0.77,"50,100","4,860","1,980",-19,8.43,-0.43,"48,950",645,"12,198",878,-183,2.41,250,5.53
117,파두,"12,040",하락,560,-4.44%,100,"110,288","1,345","12,070","5,953",-950,-6.79,"112,941","12,690","12,090","1,344",-62.28,-64.47,"12,690","35,753",365,-915,6.10,-48.41,"12,030","1,314","49,442",435,"-1,772",7.00,0,93.60
118,지엔씨에너지,"35,600",하락,800,-2.20%,500,"92,397","3,314","35,500","5,856",317,12.18,"300,111","36,450","35,550","2,652",187.62,27.54,"36,550","6,652","1,038",389,6.48,17.18,"35,400","1,984","16,449","2,263","2,924",3.17,100,35.99
119,휴온스글로벌,"46,050",하락,350,-0.75%,500,"15,616",720,"45,950","5,819",970,22.33,"70,843","46,550","46,000","14,059",-14.88,5.05,"46,650",987,"4,418",671,7.63,4.93,"45,550",317,"12,637","8,135","2,062",1.06,525,7.26
120,에스피지,"25,950",하락,500,-1.89%,500,"45,322","1,183","25,950","5,755",123,42.20,"90,834","26,300","26,000","3,975",-22.76,5.54,"26,350","15,648","1,434",131,2.73,3.52,"25,900","6,183","22,177","3,885",615,2.27,150,-1.35
121,피에스케이,"19,810",보합,0,0.00%,500,"251,598","4,979","19,810","5,738",839,7.32,"1,063,344","19,810","19,820","5,694",55.08,18.31,"20,100","3,492",976,791,27.00,14.88,"19,510","1,109","28,967","3,981","2,708",1.20,400,13.13
122,감성코퍼레이션,"6,260",보합,0,0.00%,500,"202,066","1,267","6,250","5,728",361,19.20,"461,317","6,180","6,260","1,543",11.82,30.74,"6,380","12,096",419,293,13.18,21.77,"6,150","26,586","91,500","2,204",326,4.91,0,23.85
123,이엔에프테크놀로지,"40,000",하락,900,-2.20%,500,"57,228","2,297","40,300","5,715",593,14.23,"79,768","40,450","40,350","7,236",148.52,8.21,"40,500","2,468","3,222",297,7.31,4.30,"39,850","2,205","14,288","5,824","2,810",1.39,150,9.67
124,씨아이에스,"7,340",상승,60,+0.82%,100,"247,858","1,828","7,300","5,679",593,9.36,"314,497","7,410","7,310","7,338",52.39,15.16,"7,490","17,659","2,551",562,8.53,8.44,"7,270","9,619","77,372","5,085",784,1.15,N/A,63.96
125,다날,"8,160",하락,570,-6.53%,500,"5,951,108","50,227","8,230","5,626",14,91.69,"9,374,215","8,520","8,240","7,456",-60.17,2.46,"8,790","110,070","4,356",29,2.56,0.39,"8,150","25,958","68,949","2,609",89,1.84,N/A,-11.69
126,메가스터디교육,"51,500",상승,600,+1.18%,100,"25,508","1,312","51,200","5,547","1,236",11.80,"12,703","50,900","51,300","8,783",-2.99,9.97,"52,100","1,628","4,116",502,29.71,5.47,"50,500","3,355","10,771","9,422","4,363",1.22,"1,500",0.75
127,케이엠더블유,"13,730",하락,340,-2.42%,500,"58,669",809,"13,720","5,467",-455,-16.08,"157,913","13,950","13,750","2,690",27.65,-24.24,"14,130","5,184","1,254",-386,6.53,-14.17,"13,600",95,"39,821",874,-854,3.96,N/A,-12.70
128,현대무벡스,"4,910",하락,150,-2.96%,100,"543,945","2,683","4,900","5,462",246,26.12,"686,426","5,060","4,905","2,989",493.03,16.17,"5,070","58,866","1,267",269,3.54,9.83,"4,865","9,777","111,252","3,414",188,3.62,50,27.46
129,에스티큐브,"7,970",하락,170,-2.09%,500,"131,684","1,058","7,950","5,418",-226,-22.02,"388,718","8,140","7,980","1,119",13.15,-33.09,"8,250","16,981",176,-214,3.93,-27.16,"7,920","1,982","67,983",113,-362,6.04,N/A,93.88
130,에코프로에이치엔,"25,750",하락,250,-0.96%,500,"31,185",802,"25,550","5,401",242,25.29,"126,917","26,150","25,600","4,667",-42.02,10.59,"26,150","6,185","1,704",215,9.25,6.22,"25,450","3,164","20,975","2,345","1,018",1.83,300,2.43
131,데브시스터즈,"44,150",하락,200,-0.45%,500,"14,899",660,"44,200","5,388",272,18.56,"39,382","44,450","44,400","2,604",156.64,19.72,"45,050","1,257","1,062",283,11.95,11.31,"43,650",499,"12,203","2,362","2,379",2.97,0,46.57
132,바이넥스,"16,480",하락,310,-1.85%,500,"124,692","2,069","16,450","5,386",-308,-20.99,"315,651","16,830","16,470","2,794","-3,050.79",-19.34,"16,870","10,622",978,-352,5.86,-13.12,"16,420","1,194","32,684","1,301",-785,2.84,N/A,-16.00
133,제주반도체,"15,490",하락,450,-2.82%,500,"257,366","4,004","15,500","5,335",96,32.27,"621,175","15,780","15,510","2,254",-46.29,11.44,"15,790","20,599",412,194,0.00,9.15,"15,460","3,078","34,443","1,623",480,2.73,N/A,11.28
134,네오위즈,"24,350",하락,50,-0.20%,500,"25,736",628,"24,350","5,322",329,-65.28,"28,036","24,400","24,450","6,200",4.20,0.49,"24,600","11,334","1,011",-70,15.25,-1.08,"24,200","4,624","21,857","3,668",-373,0.98,N/A,0.33
135,테스,"26,700",상승,200,+0.75%,500,"49,800","1,319","26,650","5,278",385,10.23,"128,148","26,450","26,700","3,812",756.34,13.55,"26,800","5,378",506,427,7.15,12.13,"26,250","14,044","19,768","2,401","2,611",1.39,600,63.39
136,웹젠,"15,140",상승,200,+1.34%,500,"76,766","1,157","15,130","5,239",546,14.06,"108,617","14,860","15,150","7,509",9.32,8.81,"15,410","1,958",783,568,30.10,7.81,"14,760","3,311","34,601","2,147","1,077",0.67,300,9.40
137,아이센스,"18,930",하락,110,-0.58%,500,"38,900",736,"18,970","5,222",27,485.38,"95,714","18,900","18,980","5,909",-75.68,-0.59,"19,360",773,"2,479",-20,25.87,-0.36,"18,670","1,074","27,587","2,911",39,1.61,0,51.72
138,가온칩스,"45,000",상승,100,+0.22%,500,"25,315","1,139","44,950","5,220",35,225.00,"69,894","45,400","45,000","1,127",-19.00,11.46,"45,400","5,709",434,75,0.24,7.27,"44,650","1,714","11,600",965,200,8.17,100,9.81
139,컴투스,"40,850",하락,"1,150",-2.74%,500,"31,938","1,317","40,800","5,203",61,-4.66,"29,937","41,800","40,900","16,460",118.47,-10.37,"42,000","4,678","5,961","-1,520",14.93,-9.04,"40,750","1,104","12,738","6,939","-8,768",0.48,"1,300",-6.18
140,솔트룩스,"42,850",하락,950,-2.17%,500,"109,528","4,741","42,800","5,199",-66,-99.19,"119,055","43,000","42,850",932,28.63,-6.63,"44,450","9,786",206,-59,1.96,-6.10,"42,750","2,404","12,133",459,-432,7.88,0,49.03
141,두산테스나,"26,800",하락,650,-2.37%,500,"91,912","2,481","26,800","5,180",379,38.29,"165,576","27,600","26,850","7,877",N/A,N/A,"27,800","15,289","3,500",368,3.23,N/A,"26,700","2,797","19,327","3,731",700,1.23,160,N/A
142,SFA반도체,"3,135",보합,0,0.00%,500,"184,685",578,"3,135","5,156",0,-209.00,"569,021","3,145","3,140","6,235",99.77,4.51,"3,155","39,918","1,256",205,4.36,3.32,"3,105","12,561","164,460","4,005",-15,1.05,N/A,-3.90
143,인텔리안테크,"47,700",하락,850,-1.75%,500,"19,951",963,"47,600","5,120",-194,-41.73,"32,955","48,600","47,650","4,407",-281.28,-1.12,"49,050","1,815","1,761",-30,13.61,-0.67,"47,600",571,"10,733","2,578","-1,143",1.98,100,-15.50
144,넥스틴,"48,400",하락,600,-1.22%,500,"42,971","2,086","48,450","5,071",470,18.94,"54,534","48,900","48,500","1,898",29.89,27.00,"49,100","5,151",322,384,11.84,23.10,"48,250","1,484","10,477","1,137","2,555",3.19,500,29.33
145,태광,"19,030",하락,260,-1.35%,500,"86,347","1,655","19,110","5,043",399,12.95,"177,540","19,270","19,120","6,603",-30.93,8.20,"19,450","3,444",509,461,14.29,7.17,"19,010","1,592","26,500","2,668","1,469",0.86,250,-14.50
146,성우하이텍,"6,250",상승,160,+2.63%,500,"604,912","3,776","6,240","5,000","2,059",3.37,"250,133","6,100","6,250","45,631",-19.81,9.86,"6,350","30,564","27,210","1,351",6.94,3.14,"6,060","46,893","80,000","42,451","1,855",0.32,150,-1.78
147,쎄트렉아이,"45,250",하락,100,-0.22%,500,"29,452","1,340","45,250","4,955",-31,40.40,"49,312","45,650","45,300","4,470",29.44,3.49,"46,100","2,884","2,230",62,6.49,1.64,"45,100",757,"10,951","1,713","1,120",2.10,190,36.55
148,하나머티리얼즈,"25,000",하락,50,-0.20%,500,"56,403","1,409","25,000","4,944",434,15.24,"100,496","25,150","25,050","5,739",5.16,8.43,"25,150","14,399","2,201",318,20.58,5.10,"24,800","4,699","19,778","2,516","1,640",1.34,250,7.74
149,포스코엠텍,"11,830",상승,30,+0.25%,500,"56,005",661,"11,800","4,926",14,-281.67,"158,497","11,960","11,840","1,498",-68.30,0.50,"11,960","9,979",379,6,6.48,0.37,"11,740","1,518","41,643","3,466",-42,4.47,20,1.53
150,티앤엘,"60,400",하락,"1,500",-2.42%,500,"49,638","3,033","60,200","4,909",570,8.90,"114,754","62,800","60,300","1,971",84.69,30.84,"63,200","10,082",256,464,10.93,27.36,"60,100",903,"8,128","1,749","6,787",2.69,750,51.47
151,글로벌텍스프리,"6,970",하락,30,-0.43%,500,"358,099","2,518","6,950","4,899",218,41.24,"473,244","7,000","6,960","1,745",121.88,5.60,"7,130","14,221",462,63,17.48,3.66,"6,900","4,951","70,283","1,297",169,4.27,N/A,58.84
152,유바이오로직스,"13,180",하락,60,-0.45%,500,"71,610",943,"13,170","4,827",343,12.53,"115,981","13,250","13,190","2,021",345.78,15.61,"13,280","5,366",701,190,9.00,10.73,"13,080","7,712","36,624",960,"1,052",3.26,0,38.45
153,이녹스첨단소재,"23,600",보합,0,0.00%,500,"69,996","1,654","23,600","4,774",868,6.28,"346,007","23,650","23,650","8,260",105.88,16.27,"23,950","12,082","3,574",701,14.66,10.02,"23,400","10,098","20,228","4,228","3,759",0.93,350,9.25
154,골프존,"75,800",상승,400,+0.53%,500,"10,557",798,"75,700","4,757",958,9.49,"33,476","76,000","76,000","6,655",-16.34,11.63,"76,200","1,208","2,188",420,23.45,6.45,"74,600",645,"6,275","6,200","7,991",1.04,"4,000",-9.51
155,원익QnC,"18,080",하락,70,-0.39%,500,"75,167","1,359","18,060","4,753",906,9.49,"167,599","18,120","18,080","15,347",9.19,11.67,"18,280","5,017","9,654",615,5.33,4.23,"17,900",687,"26,288","8,915","1,905",0.99,100,10.62
156,클로봇,"19,170",하락,430,-2.19%,500,"283,415","5,482","19,140","4,747",-75,-61.25,"1,781,189","19,640","19,150",695,-29.94,-15.71,"19,690","17,400",95,-67,0.16,-12.93,"19,120","3,753","24,765",334,-313,8.23,0,37.97
157,아이티센글로벌,"20,250",하락,"1,100",-5.15%,500,"328,031","6,758","20,250","4,699",586,40.02,"639,390","21,000","20,300","9,454",91.90,5.79,"21,300","17,085","6,229",361,6.51,4.19,"19,710","10,439","23,205","49,618",506,5.82,N/A,76.26
158,원익홀딩스,"6,020",상승,180,+3.08%,500,"1,840,435","11,100","6,030","4,650",306,-10.89,"1,017,916","5,940","6,040","18,901",-33.12,-7.41,"6,130","39,499","6,416",-611,4.25,-3.26,"5,880","34,857","77,238","6,455",-553,0.47,N/A,-13.88
159,대명에너지,"25,950",하락,550,-2.08%,100,"48,343","1,253","26,050","4,649",97,37.34,"264,049","26,250","26,150","3,699",-42.03,6.24,"26,350","6,202","2,412",78,0.34,2.18,"25,550","2,378","17,916",678,695,3.23,0,9.93
160,서희건설,"2,005",상승,23,+1.16%,500,"605,035","1,207","2,000","4,608","2,357",4.19,"1,085,023","1,980","2,005","15,406",3.30,17.64,"2,035","29,197","5,668","1,593",4.96,10.35,"1,950","43,122","229,808","14,736",479,0.38,45,2.20
161,한국기업평가,"100,800",상승,500,+0.50%,"5,000","1,307",131,"100,700","4,577",327,18.16,"1,631","100,100","100,800","1,753",26.48,21.69,"101,300",522,405,286,80.61,17.31,"99,300",639,"4,541","1,041","5,552",4.26,"3,954",8.85
162,오름테라퓨틱,"21,650",상승,800,+3.84%,100,"150,459","3,228","21,550","4,561",-83,-59.48,"187,528","21,200","21,600","1,538",-108.72,-17.50,"21,950","6,451",321,-57,2.66,-3.64,"20,800","12,954","21,069",209,-364,2.80,0,-84.56
163,유티아이,"23,950",하락,"1,500",-5.89%,500,"160,820","3,877","23,750","4,535",-322,-15.87,"100,585","26,000","23,800","1,606",-63.41,-49.58,"26,000","15,187",861,-227,12.67,-17.39,"23,650","1,109","18,936",186,"-1,509",6.91,0,-4.14
164,에프에스티,"20,550",상승,560,+2.80%,500,"95,302","1,952","20,550","4,512",23,53.38,"125,347","20,700","20,600","5,061",121.21,0.60,"20,850","7,964","2,620",-16,5.36,-0.36,"20,200","13,113","21,956","2,374",385,1.67,5,20.14
165,더즌,"6,280",상승,40,+0.64%,100,"10,795,297","67,882","6,350","4,502",100,39.01,"24,552,902","6,170","6,360","1,157",-6.08,28.06,"6,480","79,432",743,99,1.01,9.39,"6,070","196,740","71,686",627,161,6.73,0,48.96
166,갤럭시아머니트리,"11,440",하락,370,-3.13%,500,"248,098","2,872","11,480","4,488",132,211.85,"526,407","11,800","11,510","3,646",43.07,0.72,"11,930","13,559","2,525",6,1.10,0.15,"11,390","2,276","39,230","1,288",54,3.97,45,-2.73
167,콜마비앤에이치,"15,170",상승,100,+0.66%,500,"62,490",951,"15,140","4,462",246,35.20,"53,840","15,150","15,150","6,909",-18.62,4.54,"15,330","3,425","2,956",172,2.46,2.48,"15,110","1,078","29,416","6,156",431,1.11,308,6.23
168,씨앤씨인터내셔널,"44,400",상승,700,+1.60%,100,"132,067","5,897","44,450","4,446",290,17.66,"140,990","44,600","44,550","2,951",-9.75,17.15,"45,400","3,003",893,324,5.02,11.78,"43,950","3,379","10,014","2,829","2,514",2.22,"1,000",28.39
169,아스테라시스,"12,050",상승,940,+8.46%,100,"314,508","3,751","12,070","4,422",67,69.65,"70,193","11,150","12,110",247,328.57,40.61,"12,320","2,473",51,54,3.84,25.90,"11,150","4,609","36,695",288,173,12.27,32,64.78
170,큐로셀,"30,750",하락,450,-1.44%,500,"20,758",636,"30,700","4,404",-106,-12.24,"29,705","31,000","30,850",515,-138.14,55.22,"31,200","5,506",490,-77,1.06,-22.88,"30,350",808,"14,324",0,"-2,512",19.18,0,"8,891.25"
171,동화기업,"8,710",하락,10,-0.11%,200,"38,333",332,"8,660","4,404",167,-19.89,"115,707","8,700","8,670","23,972",200.80,-1.40,"8,900","5,354","14,194",-162,50.76,-0.69,"8,570",342,"50,557","9,180",-438,0.47,N/A,-4.70
172,코난테크놀로지,"38,400",하락,800,-2.04%,500,"43,745","1,684","38,350","4,403",-141,-38.13,"49,222","39,000","38,400",444,-28.30,-53.30,"39,300","10,756",248,-136,0.40,-29.42,"38,100","1,268","11,467",263,"-1,007",27.78,N/A,7.74
173,케이아이엔엑스,"90,000",하락,200,-0.22%,500,"13,745","1,233","90,200","4,392",237,25.60,"30,778","91,400","90,300","3,368",-10.67,10.13,"91,400","1,072","1,068",183,31.28,6.20,"88,500",720,"4,880","1,389","3,516",2.30,600,13.22
174,스피어,"11,180",상승,850,+8.23%,500,"634,899","6,958","11,170","4,386",-64,-20.14,"199,271","10,740","11,190",446,29.77,-84.53,"11,330","3,431",134,-170,1.47,-53.40,"10,300","12,079","39,228",26,-555,7.10,0,54.88
175,쿠콘,"41,950",상승,350,+0.84%,500,"1,521,015","64,692","42,600","4,302",166,23.54,"2,953,979","40,400","42,750","2,629",0.02,11.48,"44,350","3,966","1,161",158,2.23,6.71,"39,450","11,563","10,255",730,"1,782",2.87,150,6.84
176,바이오다인,"14,420",하락,450,-3.03%,500,"68,844",997,"14,400","4,292",-17,"-2,060.00","31,471","14,620","14,460",443,15.65,0.03,"14,810","2,648",11,0,3.89,0.02,"14,380","1,835","29,764",53,-7,9.94,N/A,28.93
177,티에스이,"38,800",하락,350,-0.89%,500,"19,254",747,"38,700","4,292",399,9.32,"27,752","39,100","38,800","5,194","1,776.34",13.36,"39,150","8,900","1,197",450,6.75,9.36,"38,650",587,"11,061","3,481","4,165",1.23,400,39.70
178,미코,"12,810",하락,650,-4.83%,500,"323,564","4,164","12,730","4,281",946,14.74,"184,612","13,460","12,740","13,927",216.51,20.43,"13,480","14,089","8,598",765,9.92,6.87,"12,680","3,397","33,417","5,405",869,3.61,N/A,41.62
179,코오롱생명과학,"34,250",보합,0,0.00%,500,"15,065",514,"34,150","4,255",-221,-5.35,"24,059","34,250","34,200","4,196",8.35,-64.87,"34,650","1,703","2,702",-931,2.54,-25.54,"33,750","7,026","12,423","1,614","-6,402",1.41,N/A,29.48
180,성일하이텍,"34,650",상승,50,+0.14%,500,"13,825",481,"34,800","4,226",-714,-3.63,"28,754","34,600","34,850","6,795",-756.19,-42.96,"35,175","1,767","4,547","-1,125",2.80,-17.93,"34,050","3,085","12,195","1,362","-9,553",2.26,0,-44.93
181,바이오플러스,"6,980",하락,110,-1.55%,500,"136,480",959,"6,980","4,223",237,21.68,"279,568","7,110","6,990","2,643",-15.55,10.83,"7,130","40,541","1,166",175,7.96,8.01,"6,970","11,358","60,500",664,322,2.73,50,2.10
182,이뮨온시아,"5,710",상승,110,+1.96%,500,"4,211,905","25,116","5,720","4,220",-126,N/A,"2,260,238","6,100","5,730",262,-6.80,77.02,"6,250","71,474",68,-57,0.74,-18.96,"5,670","27,492","73,906",7,N/A,N/A,0,495.04
183,쏠리드,"6,880",하락,120,-1.71%,500,"212,048","1,467","6,880","4,203",351,13.68,"275,489","7,000","6,890","4,968",-3.11,15.52,"7,010","79,355","1,740",462,9.71,9.69,"6,870","8,793","61,095","3,311",503,1.29,50,3.02
184,씨어스테크놀로지,"32,700",상승,"2,150",+7.04%,500,"189,138","5,931","32,000","4,117",-87,-58.81,"176,713","30,550","32,100",281,11.44,-60.13,"32,950","7,743",67,-89,6.03,-39.23,"29,800","4,738","12,591",81,-556,19.65,N/A,329.69
185,인투셀,"27,700",하락,"1,050",-3.65%,500,"248,748","7,055","27,850","4,113",-98,-40.80,"690,855","29,250","27,900",237,43.70,-95.55,"29,250","13,062",162,-99,0.93,-39.93,"27,700","3,752","14,848",29,-679,94.07,0,79.72
186,폰드그룹,"12,670",상승,690,+5.76%,500,"321,353","4,140","12,610","4,098",413,15.58,"87,279","12,000","12,650","4,227","6,089.52",12.62,"13,440",746,"1,850",272,0.48,7.13,"12,000","3,497","32,344","3,687",813,1.94,250,"13,154.52"
187,서울반도체,"6,960",하락,100,-1.42%,500,"78,814",550,"6,950","4,058",8,-15.03,"202,571","7,060","6,960","12,612",101.61,-0.74,"7,060","18,126","5,602",-19,8.95,-0.16,"6,930","3,401","58,305","10,905",-463,0.59,N/A,5.63
188,월덱스,"24,550",하락,450,-1.80%,500,"139,327","3,433","24,450","4,053",703,6.52,"449,783","25,450","24,500","3,918",8.45,23.78,"25,700","9,732",843,650,3.92,18.44,"24,100","3,118","16,511","3,068","3,768",1.27,60,6.49
189,삼현,"12,770",하락,270,-2.07%,500,"105,000","1,343","12,750","4,049",55,45.28,"73,720","13,060","12,770","1,403",N/A,N/A,"13,120","15,564",251,83,0.67,N/A,"12,670","1,503","31,708","1,004",282,3.49,50,N/A
190,에이프릴바이오,"17,910",상승,350,+1.99%,"1,000","147,522","2,661","17,930","4,035",169,17.51,"161,620","18,000","17,940",996,226.00,26.90,"18,380","8,500",86,200,4.74,22.32,"17,780",541,"22,528",275,"1,023",4.36,0,N/A
191,신라젠,"2,915",하락,180,-5.82%,500,"1,420,100","4,183","2,915","4,026",-268,-14.36,"516,353","3,050","2,920","1,490",-25.40,-28.05,"3,050","223,023",172,-265,3.00,-23.50,"2,910","90,151","138,130",39,-203,3.16,0,-0.33
192,천보,"40,250",하락,200,-0.49%,500,"9,316",376,"40,250","4,025",-228,-140.73,"31,396","40,750","40,300","10,079",-182.81,-8.27,"41,450","2,979","5,929",-323,4.27,-3.33,"40,050",630,"10,000","1,449",-286,1.09,N/A,-20.68
193,에코아이,"13,510",하락,260,-1.89%,500,"134,219","1,795","13,450","4,003",2,-614.09,"660,956","13,510","13,460","1,498",-98.91,1.74,"13,760",225,213,23,3.15,1.50,"13,200",916,"29,631",258,-22,3.29,167,-60.25
194,유진로봇,"10,650",하락,260,-2.38%,500,"127,515","1,362","10,570","3,995",-42,-81.92,"211,490","10,980","10,580",547,20.92,-8.56,"10,980","20,305",190,-32,12.82,-5.62,"10,550","2,408","37,512",260,-130,11.97,N/A,35.12
195,코미팜,"5,410",하락,40,-0.73%,100,"57,392",312,"5,410","3,926",62,30.91,"83,463","5,530","5,420","1,228",198.72,22.11,"5,530","10,171",572,147,4.60,12.17,"5,330","5,751","72,573",588,175,6.01,0,37.83
196,퓨쳐켐,"17,750",하락,540,-2.95%,500,"175,574","3,144","17,670","3,923",-95,-39.53,"395,832","18,230","17,710",744,-12.55,-15.94,"18,510","7,780",199,-94,2.36,-12.80,"17,570",687,"22,102",173,-449,7.65,N/A,23.81
197,제우스,"12,590",하락,320,-2.48%,500,"76,422",967,"12,580","3,905",492,9.86,"163,327","12,810","12,590","6,409",588.24,12.99,"12,850","21,608","2,586",431,3.61,6.83,"12,570","2,117","31,017","4,908","1,277",1.12,100,21.82
198,뉴엔AI,"43,300",하락,"1,800",-3.99%,500,"2,277,626","103,507","43,300","3,845",4,-46.96,"9,325,653","45,500","43,350",299,-70.93,-35.79,"47,350","10,602",87,-56,1.11,-18.73,"42,800","1,285","8,879",197,-922,13.87,0,10.27
199,네오셈,"8,720",하락,170,-1.91%,100,"105,873",923,"8,690","3,825",165,21.96,"141,271","8,560","8,700","1,419",103.63,18.96,"8,920","21,973",260,192,0.00,15.47,"8,560","5,331","43,869","1,052",397,3.22,60,4.27
200,칩스앤미디어,"18,070",상승,200,+1.12%,500,"176,737","3,191","17,960","3,823",53,44.18,"196,238","18,090","17,970",840,-32.06,13.46,"18,260","7,316",82,100,1.39,12.16,"17,870","2,085","21,157",271,409,4.85,100,-1.79
201,큐리언트,"10,950",하락,340,-3.01%,500,"43,951",485,"10,930","3,812",-275,-14.86,"57,087","11,280","10,950",656,-18.37,-45.23,"11,390","1,906",54,-245,2.77,-41.42,"10,900","4,218","34,815",92,-737,7.22,0,1.64
202,셀바스AI,"14,080",하락,240,-1.68%,500,"141,649","2,013","14,080","3,790",8,-61.48,"274,590","14,450","14,100","3,121",-80.43,-4.61,"14,460","11,724",492,-10,2.86,-0.40,"13,990","4,566","26,915","1,125",-229,3.16,N/A,112.13
203,에코앤드림,"21,250",하락,150,-0.70%,500,"56,030","1,186","21,150","3,780",5,24.01,"126,806","21,600","21,200","4,058",116.42,8.41,"21,700","12,693","1,841",135,1.92,4.83,"20,900","2,977","17,786","1,049",885,1.68,N/A,103.87
204,노바렉스,"20,150",하락,200,-0.98%,500,"61,444","1,245","20,250","3,779",232,14.31,"150,621","20,350","20,300","2,896",-9.06,10.97,"20,650","2,941",693,238,7.98,8.60,"19,820","4,610","18,755","2,977","1,408",1.60,200,-1.47
205,비보존 제약,"7,540",상승,280,+3.86%,"2,500","450,715","3,449","7,560","3,778",29,-28.89,"481,182","7,560","7,580","1,844",10.36,-9.48,"7,820","20,826",780,-100,0.95,-5.58,"7,500","6,494","50,105",876,-261,3.66,N/A,22.83
206,바이오니아,"14,590",하락,110,-0.75%,500,"35,284",517,"14,570","3,766",-134,-18.95,"54,585","14,710","14,590","3,322","-1,794.54",-9.40,"14,850","7,289","1,053",-190,7.61,-5.88,"14,550",722,"25,810","2,940",-770,1.76,N/A,11.68
207,넵튠,"8,060",하락,570,-6.60%,500,"208,900","1,696","8,070","3,764",96,-29.10,"196,991","8,220","8,090","4,075",345.59,0.53,"8,340","7,348",370,48,2.29,1.17,"7,950","3,580","46,702","1,216",-277,0.96,0,21.91
208,미래에셋벤처투자,"7,010",하락,110,-1.54%,"1,000","173,093","1,194","6,950","3,724",157,-59.91,"288,166","6,990","6,960","10,608",-50.81,2.47,"7,010","8,207","7,089",86,2.34,0.79,"6,850","7,280","53,125","2,339",-117,1.08,85,7.75
209,제이에스링크,"13,740",하락,100,-0.72%,500,"134,429","1,871","13,690","3,721",-91,-19.14,"238,773","13,840","13,730",544,-109.85,-42.11,"14,280","9,129",294,-108,2.53,-23.19,"13,590","1,078","27,085",159,-718,10.97,0,-27.52
210,파트론,"6,525",상승,5,+0.08%,500,"47,491",309,"6,510","3,719",617,8.23,"67,282","6,470","6,520","7,433",48.05,10.93,"6,530","21,107","1,878",559,15.20,8.02,"6,470","19,648","57,000","14,864",793,0.66,300,26.78
211,우주일렉트로,"40,100",하락,200,-0.50%,500,"23,547",954,"40,300","3,705",201,17.68,"93,177","40,300","40,450","3,277",151.12,8.46,"42,000","1,503",814,198,9.26,6.34,"40,000","1,582","9,240","1,762","2,268",1.29,300,10.18
212,예스티,"17,330",하락,570,-3.18%,500,"54,907",953,"17,330","3,694",113,34.32,"164,960","18,000","17,360","2,044","2,839.92",10.51,"18,000","8,808",786,112,2.84,5.42,"16,500",240,"21,317","1,001",505,2.82,0,25.42
213,신성에스티,"40,800",상승,"3,050",+8.08%,500,"217,456","8,681","40,750","3,688",88,53.90,"156,825","39,050","40,800","1,444",5.16,7.11,"41,000","1,688",419,71,3.52,5.06,"38,600","10,819","9,040","1,270",757,3.48,200,1.89
214,메디포스트,"10,760",하락,240,-2.18%,500,"28,661",311,"10,790","3,682",-485,-5.67,"75,289","10,920","10,800","4,143",-93.17,-22.22,"11,000","4,642","1,617",-634,3.78,-14.68,"10,760",304,"34,218",707,"-1,899",1.73,N/A,2.93
215,한국정보통신,"9,820",하락,420,-4.10%,500,"64,902",647,"9,820","3,677",391,8.19,"93,278","10,200","9,840","4,629",9.66,15.09,"10,250","4,125","1,564",435,62.72,9.62,"9,710","2,837","37,444","7,910","1,199",1.12,N/A,9.08
216,에이스침대,"32,950",상승,"1,600",+5.10%,"1,000","16,696",548,"33,000","3,654",662,5.94,"3,788","31,350","33,200","7,824",16.14,9.70,"33,600","1,527",757,659,1.20,8.79,"31,350","4,992","11,090","3,260","5,551",0.50,"1,450",6.39
217,JTC,"7,060",상승,50,+0.71%,0,"168,676","1,194","7,020","3,653",476,4.70,"195,243","7,020","7,050","3,584",117.12,57.43,"7,250","15,857","1,752",772,10.20,24.80,"6,910","15,489","51,746","3,086","1,501",1.99,N/A,105.76
218,선익시스템,"38,300",하락,"1,150",-2.92%,500,"22,653",872,"38,300","3,653",79,-16.01,"45,184","39,450","38,350","3,029",294.87,-47.86,"39,450","3,376","2,565",-281,2.44,-12.83,"38,250","1,313","9,537","1,129","-2,393",7.74,N/A,80.93
219,노머스,"33,500",하락,650,-1.90%,500,"68,586","2,347","33,750","3,648",82,32.78,"132,578","34,250","33,850",988,"4,101.07",15.81,"34,750","2,341",127,99,9.02,13.63,"33,400","1,419","10,889",689,"1,022",3.98,0,62.92
220,동운아나텍,"17,420",하락,540,-3.01%,500,"90,460","1,591","17,400","3,643",175,26.84,"106,429","18,000","17,420",988,-30.43,37.49,"18,000","5,314",275,247,4.69,26.72,"17,300","1,322","20,910","1,383",649,5.39,109,24.02
221,GST,"19,660",하락,210,-1.06%,500,"75,942","1,498","19,660","3,623",591,8.09,"229,093","19,900","19,670","3,348",38.89,18.71,"19,900","3,262",665,459,10.77,14.92,"19,550",943,"18,430","3,462","2,430",1.34,300,24.00
222,대아티아이,"5,130",하락,70,-1.35%,100,"285,391","1,476","5,110","3,615",79,20.69,"629,168","5,200","5,130","2,920",122.05,11.52,"5,270","23,222","1,584",147,7.56,5.40,"5,080","10,761","70,473","1,491",248,2.62,N/A,32.77
223,매커스,"22,350",하락,650,-2.83%,500,"1,328,206","30,743","22,450","3,612",269,15.62,"6,268,094","22,350","22,500","4,092",2.04,18.59,"24,200","24,299","2,958",202,19.34,5.76,"21,950","2,359","16,163","1,996","1,431",1.77,200,13.78
224,가비아,"26,650",상승,350,+1.33%,500,"37,835",999,"26,550","3,607",351,25.62,"44,929","26,300","26,600","6,345",-17.59,9.49,"26,750","4,179","2,878",286,37.75,5.21,"25,750","6,522","13,536","2,824","1,040",2.11,80,7.96
225,KG에코솔루션,"7,560",상승,260,+3.56%,500,"338,968","2,527","7,540","3,599","2,265",5.59,"537,692","7,310","7,560","62,134",-26.87,6.74,"7,730","5,422","32,544","2,142",3.93,3.55,"7,150","8,990","47,603","72,849","1,353",0.23,120,0.38
226,LS증권,"6,470",상승,20,+0.31%,"5,000","941,294","6,070","6,460","3,590",218,33.01,"5,392,586","6,520","6,470","87,797",-34.30,1.84,"6,570","75,084","79,083",166,2.29,0.20,"6,380","22,666","55,481","16,537",196,0.42,100,25.07
227,큐렉소,"8,720",하락,140,-1.58%,500,"75,935",662,"8,680","3,583",-58,-48.99,"133,813","8,870","8,700","1,026",-612.71,-9.04,"8,890","9,459",92,-88,2.27,-8.34,"8,640","4,206","41,090",555,-178,3.79,N/A,-23.81
228,피아이이,"10,000",상승,40,+0.40%,100,"666,551","6,711","9,960","3,583",94,30.67,"685,635","10,340","9,980",980,136.17,22.56,"10,340","14,442",462,99,0.52,10.41,"9,800","4,422","35,826","1,240",326,5.32,N/A,44.51
229,넥스트바이오메디컬,"44,000",하락,"1,000",-2.22%,500,"26,688","1,175","44,000","3,576",-36,113.99,"54,686","44,750","44,000",588,31.60,14.56,"44,850","3,520",137,29,6.86,6.46,"43,750",637,"8,127",95,386,7.86,0,95.46
230,에이직랜드,"32,800",하락,50,-0.15%,500,"30,789","1,011","32,800","3,566",-170,-14.69,"90,262","33,250","32,850","1,671",-539.61,-15.39,"33,300","6,137",828,-140,0.74,-8.57,"32,500","3,895","10,872",941,"-2,233",4.65,N/A,26.84
231,킵스파마,"17,740",상승,430,+2.48%,500,"125,487","2,231","17,710","3,562",62,-45.72,"188,033","17,920","17,760","1,652",103.14,2.07,"18,070","6,763","1,020",16,1.62,1.14,"17,470","1,394","20,078","1,276",-388,6.12,0,38.48
232,하이록코리아,"28,900",보합,0,0.00%,500,"17,440",503,"28,750","3,553",501,8.30,"43,563","28,900","28,800","4,727",-3.39,11.38,"29,150","12,131",367,480,27.21,10.49,"28,750","4,374","12,295","1,905","3,480",0.83,"1,150",0.89
233,삼표시멘트,"3,280",상승,15,+0.46%,500,"129,389",424,"3,275","3,540","1,039",6.47,"155,095","3,270","3,280","14,851",22.70,9.04,"3,290","28,006","7,289",661,2.12,4.40,"3,235","45,413","107,916","7,908",507,0.48,110,-4.00
234,엔젤로보틱스,"22,950",하락,150,-0.65%,500,"20,798",479,"22,950","3,485",-108,-33.60,"18,913","23,100","23,000",439,-66.88,-40.84,"23,200","8,862",35,-100,2.92,-30.70,"22,950","3,963","15,183",42,-683,9.03,0,-18.17
235,휴온스,"29,000",상승,100,+0.35%,500,"7,711",222,"28,900","3,474",397,10.90,"13,281","28,900","29,000","6,063",-29.12,8.77,"29,100","5,468","2,557",291,17.89,5.09,"28,550","6,353","11,980","5,902","2,661",0.96,630,6.93
236,CJ프레시웨이,"29,150",상승,550,+1.92%,"1,000","24,315",703,"29,100","3,461",940,13.21,"60,463","28,600","29,200","15,644",-5.27,7.36,"29,250",327,"11,490",274,14.19,1.87,"28,550","4,807","11,872","32,248","2,207",0.84,450,4.90
237,프레스티지바이오로직스,"4,450",하락,70,-1.55%,500,"340,045","1,534","4,420","3,460",-334,-9.43,"743,158","4,565","4,430","2,894",24.39,-34.26,"4,745","15,334","2,177",-294,41.61,-9.87,"4,415","2,484","77,753",22,-472,2.58,0,-37.32
238,HLB테라퓨틱스,"4,090",하락,20,-0.49%,500,"332,259","1,372","4,110","3,451",-76,-12.51,"719,022","4,170","4,115","2,198",12.63,-14.34,"4,195","33,572",379,-235,5.57,-11.16,"4,080","13,331","84,382",549,-327,2.23,0,4.45
239,한텍,"31,000",하락,900,-2.82%,"5,000","51,788","1,611","31,050","3,448",168,10.40,"55,003","31,800","31,150","2,075",10.40,26.22,"31,800","3,430",958,263,0.37,13.00,"30,650","4,318","11,121","1,559","2,981",2.58,450,-12.73
240,한국비엔씨,"5,040",하락,70,-1.37%,100,"197,030",997,"5,040","3,447",107,21.82,"185,601","5,140","5,060","2,671",77.07,6.06,"5,150","42,732",306,133,4.83,5.27,"5,020","8,700","68,395",892,231,1.46,N/A,10.16
241,한국정보인증,"8,120",하락,520,-6.02%,500,"610,641","5,042","8,150","3,446",189,33.28,"1,043,575","8,460","8,160","4,053",35.02,6.14,"8,480","15,057","1,731",124,0.42,3.40,"8,070","10,171","42,441","1,219",244,1.69,150,32.18
242,에이치브이엠,"28,925",상승,425,+1.49%,500,"200,842","5,947","29,150","3,443",-68,-39.84,"89,243","29,300","29,200","1,196",-282.11,-17.39,"30,400","7,469",535,-84,5.87,-8.19,"28,850",890,"11,902",451,-726,5.13,N/A,8.88
243,KG이니시스,"12,490",하락,340,-2.65%,500,"655,930","8,084","12,390","3,442",610,9.43,"1,963,558","12,710","12,400","18,664",-42.61,8.63,"12,790","5,277","11,128",447,6.56,2.50,"11,440","2,037","27,554","13,543","1,324",0.69,500,0.71
244,한양이엔지,"18,980",하락,270,-1.40%,500,"47,366",901,"18,960","3,416",862,5.45,"149,029","19,260","19,020","9,087",1.27,13.45,"19,310","1,113","3,067",764,14.57,8.80,"18,890","4,030","18,000","11,863","3,481",0.52,650,15.60
245,하림,"3,210",하락,25,-0.77%,500,"720,404","2,331","3,210","3,409",285,-168.95,"986,441","3,235","3,225","8,328",-29.51,-4.11,"3,270","202,971","5,437",-123,4.30,-1.47,"3,200","150,859","106,210","12,854",-19,1.17,N/A,-8.89
246,티에프이,"29,900",하락,850,-2.76%,100,"36,360","1,093","30,150","3,403",44,142.38,"125,103","30,300","30,250","1,267",-52.40,1.94,"30,700",915,483,15,1.47,1.33,"29,500","1,932","11,381",736,210,4.06,N/A,-8.34
247,강원에너지,"12,950",상승,"2,150",+19.91%,500,"6,760,545","84,906","12,690","3,383",68,134.90,"468,064","11,370","12,690","1,639",-2.25,2.60,"13,440","2,922",920,-6,1.38,-0.35,"10,850","9,572","26,123","2,244",96,8.26,N/A,61.21
248,토모큐브,"25,500",하락,800,-3.04%,500,"72,699","1,868","25,600","3,359",-88,-33.86,"463,372","26,000","25,650",436,-30.40,-27.82,"26,100","10,828",16,-83,3.20,-26.20,"25,450","2,685","13,171",59,-753,8.44,0,58.48
249,켐트로닉스,"21,650",하락,400,-1.81%,500,"45,087",979,"21,550","3,320",373,18.00,"99,364","22,100","21,600","6,417",95.24,10.70,"22,100","12,257","4,066",214,7.33,3.77,"21,500","5,432","15,334","5,752","1,203",1.64,200,6.08
250,삼목에스폼,"22,500",하락,500,-2.17%,500,"11,872",268,"22,500","3,308",753,7.00,"10,201","22,900","22,600","7,813",-39.33,12.04,"23,050","3,866","1,366",734,2.90,9.65,"22,300","2,083","14,700","4,019","3,216",0.50,200,-8.53
251,휴림로봇,"2,995",하락,35,-1.16%,500,"2,424,319","7,241","2,975","3,302",-49,-149.75,"5,683,584","3,005","2,980","3,349",-165.20,-5.59,"3,040","313,465","1,225",-94,1.71,-4.16,"2,960","111,144","110,238","1,331",-20,2.69,N/A,61.01
252,덕산테코피아,"16,000",하락,170,-1.05%,500,"52,839",842,"15,910","3,276",-302,-5.50,"193,939","16,200","15,930","6,630",-385.42,-28.30,"16,200","5,209","4,572",-726,4.68,-12.33,"15,830",912,"20,477",997,"-2,911",1.74,N/A,5.97
253,바디텍메드,"13,930",하락,200,-1.42%,"1,000","73,068","1,018","13,900","3,272",262,11.74,"82,223","14,150","13,920","2,547",-8.17,13.75,"14,150","12,573",316,272,2.92,11.28,"13,860",622,"23,487","1,382","1,187",1.41,150,2.94
254,지씨셀,"20,650",보합,0,0.00%,500,"7,187",148,"20,600","3,263",-200,-3.97,"15,271","20,750","20,700","5,783",-590.55,-14.90,"20,950","5,992","1,160",-757,5.31,-12.18,"20,500","1,498","15,800","1,745","-5,205",0.71,N/A,-6.98
255,인벤티지랩,"30,500",하락,950,-3.02%,500,"66,638","2,046","30,450","3,259",-190,-10.76,"61,746","31,250","30,500",723,-18.81,-91.93,"31,450","8,079",397,-170,2.06,-28.95,"30,100","3,005","10,684",18,"-2,835",9.01,0,170.90
256,바텍,"21,800",상승,100,+0.46%,500,"31,174",688,"21,900","3,238",540,6.38,"15,421","21,750","21,950","6,503",-15.74,12.94,"22,300","7,389","1,798",553,27.08,8.93,"21,650","5,812","14,854","3,852","3,418",0.69,100,0.07
257,제닉,"40,100",상승,"1,300",+3.35%,500,"81,216","3,269","39,850","3,195",60,26.35,"90,684","40,400","40,000",382,249.72,44.90,"41,200","1,330",160,76,7.37,24.57,"39,450","1,212","7,969",499,"1,522",12.22,N/A,77.80
258,에이유브랜즈,"22,550",하락,"1,150",-4.85%,100,"66,411","1,504","22,700","3,193",124,27.94,"291,909","22,800","22,750",448,-23.35,38.45,"23,150","2,487",122,101,1.41,28.58,"22,050","3,693","14,160",446,807,5.39,0,6.48
259,아이패밀리에스씨,"18,330",상승,30,+0.16%,500,"55,646","1,024","18,350","3,175",336,12.84,"152,019","18,760","18,360","1,223",40.16,35.26,"18,760","1,875",308,283,6.26,26.68,"18,230","1,007","17,320","2,049","1,428",3.29,118,37.79
260,지노믹트리,"13,010",하락,180,-1.36%,500,"40,412",527,"13,010","3,171",-153,-30.19,"54,597","13,070","13,020","1,307",11.50,-8.24,"13,230","2,753",64,-104,1.48,-7.89,"12,970","2,362","24,377",24,-431,2.58,0,-30.89
261,바이오비쥬,"21,050",상승,"1,230",+6.21%,500,"1,398,676","30,052","20,900","3,167",92,N/A,"240,765","20,550","20,950",378,N/A,N/A,"22,300","17,287",68,72,0.27,N/A,"20,100","5,525","15,044",296,N/A,N/A,0,N/A
262,폴라리스오피스,"6,360",하락,130,-2.00%,500,"498,249","3,218","6,360","3,163",48,50.08,"996,785","6,560","6,370","5,198",-23.14,9.19,"6,560","55,736",857,186,0.80,4.45,"6,350","6,566","49,725","2,763",127,3.51,N/A,156.07
263,온코닉테라퓨틱스,"28,700",상승,450,+1.59%,500,"735,361","21,155","28,450","3,158",-48,-32.95,"2,321,508","29,150","28,500",609,-315.06,-44.55,"29,950","9,138",49,-81,4.79,-16.44,"27,700","7,293","11,002",148,-871,5.35,0,-29.53
264,기가비스,"24,900",하락,450,-1.78%,200,"8,004",200,"24,900","3,156",-18,109.21,"7,643","25,200","24,950","2,297",-105.10,1.63,"25,600","3,873",240,34,1.55,1.50,"24,850",509,"12,676",261,228,1.62,800,-71.42
265,싸이닉솔루션,"13,290",상승,290,+2.23%,100,"24,754,552","353,956","13,310","3,137",53,47.98,"42,912,704","13,370","13,320",482,51.16,33.21,"15,240","64,103",289,55,2.79,12.38,"13,000","15,883","23,605","1,674",277,13.60,0,20.05
266,마녀공장,"19,150",상승,260,+1.38%,100,"390,178","7,585","19,180","3,136",186,19.36,"80,730","19,590","19,200","1,295",16.99,15.53,"19,760","2,482",157,164,0.51,13.93,"19,110","3,001","16,378","1,279",989,2.69,N/A,21.83
267,에스에이엠티,"3,130",상승,5,+0.16%,500,"97,047",302,"3,120","3,130",674,6.22,"230,561","3,115","3,130","8,330",25.83,13.46,"3,135","67,833","4,024",544,5.48,7.23,"3,105","14,151","99,995","28,895",503,0.72,200,34.70
268,다원시스,"8,170",하락,110,-1.33%,500,"71,084",582,"8,160","3,118",76,-16.05,"108,651","8,260","8,170","7,457",-60.32,4.81,"8,300","14,088","4,868",119,8.08,1.69,"8,110","5,333","38,163","3,015",-509,1.31,N/A,-15.74
269,인바디,"23,100",하락,900,-3.75%,500,"47,239","1,101","23,100","3,114",367,10.07,"54,728","24,000","23,200","3,058",-4.20,12.71,"24,000","19,471",319,327,35.90,11.27,"23,050","9,697","13,481","2,045","2,293",1.07,400,20.03
270,매일유업,"39,250",하락,50,-0.13%,500,"2,145",84,"39,150","3,079",703,7.67,"9,515","39,300","39,200","10,263",-2.62,8.16,"39,350",922,"4,510",455,12.68,4.56,"39,100","2,920","7,844","18,114","5,120",0.50,"1,250",1.60
271,리파인,"17,740",상승,640,+3.74%,100,"215,977","3,793","17,700","3,074",205,16.94,"238,156","17,100","17,710","1,816",-9.08,12.53,"17,750","1,527",112,206,4.06,11.63,"16,900","13,614","17,330",678,"1,047",1.52,N/A,2.05
272,아주IB투자,"2,540",하락,40,-1.55%,500,"363,381",917,"2,530","3,072",84,79.38,"1,727,763","2,530","2,535","3,417",-52.70,3.20,"2,570","54,651",806,83,1.56,2.39,"2,500","18,917","120,945",656,32,1.18,50,-11.09
273,인화정공,"31,650",하락,300,-0.94%,500,"13,367",428,"31,700","3,043",103,-19.56,"24,013","31,950","31,750","4,303",110.01,18.68,"32,650","3,826","1,703",400,0.57,10.68,"31,650","2,315","9,616",928,"-1,618",1.07,700,-10.74
274,셀비온,"23,700",상승,300,+1.28%,500,"68,607","1,635","23,850","3,037",-71,-38.04,"167,559","23,300","23,900",344,-41.51,-39.20,"24,250","6,564",48,-73,4.83,-31.76,"23,300","5,840","12,816",23,-623,10.78,0,55.64
275,자람테크놀로지,"48,700",상승,150,+0.31%,500,"97,153","4,732","49,400","3,018",4,-326.85,"247,577","47,550","49,450",784,117.07,5.09,"51,000",913,359,20,3.99,3.42,"46,750",832,"6,198",222,-149,7.38,N/A,90.74
276,앱트뉴로사이언스,"1,554",상승,131,+9.21%,100,"8,246,327","12,534","1,547","3,008",-128,-28.25,"3,107,351","1,425","1,548","2,064",-94.80,-27.51,"1,579","9,433","1,255",-192,2.99,-12.57,"1,425","16,671","193,582",184,-55,2.73,0,-9.98
277,제이브이엠,"24,700",하락,300,-1.20%,500,"25,373",632,"24,750","2,986",307,10.53,"31,854","25,000","24,800","2,848",3.04,15.11,"25,300","8,302",825,288,12.60,10.64,"24,700","3,283","12,090","1,594","2,346",1.39,500,1.50
278,동원개발,"3,265",상승,125,+3.98%,500,"324,857","1,044","3,300","2,965",210,116.61,"315,560","3,140","3,315","13,783",-29.97,1.76,"3,340","5,871","3,320",183,3.13,1.30,"3,120","45,944","90,808","5,204",28,0.28,80,-29.35
279,클리오,"16,390",상승,140,+0.86%,500,"156,850","2,583","16,360","2,962",246,14.49,"110,723","16,390","16,380","2,954",-27.23,12.43,"16,750","7,019",615,272,5.04,9.45,"16,310","1,725","18,071","3,514","1,131",1.24,400,6.29
280,유진기업,"3,830",상승,30,+0.79%,500,"318,012","1,216","3,815","2,961",550,-4.69,"405,834","3,820","3,820","23,749",-34.86,-6.18,"3,840","29,606","13,482","-1,007",4.74,-4.32,"3,775","61,360","77,311","13,933",-817,0.29,170,-5.44
281,에이디테크놀로지,"22,000",상승,300,+1.38%,500,"201,210","4,444","22,050","2,957",-170,-17.71,"403,491","22,450","22,100","2,449",2.61,-10.24,"22,450","19,788","1,133",-152,1.46,-5.68,"21,750","20,958","13,441","1,065","-1,242",2.20,N/A,6.36
282,CMG제약,"1,998",하락,22,-1.09%,500,"435,963",878,"1,997","2,941",10,-249.75,"471,439","2,065","1,998","3,034",-66.40,1.42,"2,065","79,819","1,139",27,4.17,0.99,"1,997","36,586","147,221",991,-8,1.48,0,5.53
283,에스앤디,"101,500",하락,"30,200",-22.93%,500,"319,681","33,470","98,400","2,936",201,16.22,"58,039","113,700","98,700",930,56.19,21.74,"116,000","4,056",250,170,3.46,17.11,"97,600",965,"2,893","1,161","6,259",4.19,800,31.56
284,에코마케팅,"9,290",상승,20,+0.22%,100,"36,021",333,"9,270","2,923",470,10.58,"48,081","9,220","9,280","4,038",-14.75,12.87,"9,320","13,502","1,213",362,11.68,9.64,"9,140","4,338","31,468","3,572",878,1.21,500,1.92
285,아이스크림미디어,"22,150",하락,550,-2.42%,500,"47,357","1,042","22,200","2,919",461,8.88,"73,184","22,500","22,250","2,229",35.41,23.29,"22,700","5,755",396,311,7.88,18.42,"21,400","6,083","13,177","1,522","2,493",1.69,738,23.67
286,슈어소프트테크,"5,500",하락,30,-0.54%,100,"153,583",844,"5,480","2,894",79,26.96,"416,103","5,550","5,490","1,624",-31.22,12.40,"5,550","40,265",563,101,0.65,6.29,"5,440","28,794","52,619",888,204,3.13,N/A,40.31
287,에스티아이,"18,280",하락,190,-1.03%,500,"68,831","1,256","18,260","2,894",273,11.08,"130,525","18,460","18,280","3,688",13.95,10.89,"18,470","6,856","1,080",271,3.75,7.93,"18,110","1,361","15,830","3,340","1,650",1.03,200,4.56
288,애니플러스,"5,870",상승,20,+0.34%,100,"472,619","2,771","5,980","2,875",251,14.82,"1,646,265","5,850","5,990","2,556",9.96,15.20,"6,020","11,889","1,317",180,8.88,7.92,"5,560","46,976","48,986","1,310",396,2.23,0,17.63
289,원익머트리얼즈,"22,800",상승,100,+0.44%,500,"85,650","1,966","22,800","2,875",519,8.28,"123,251","22,750","22,850","5,833",110.29,6.84,"23,450","7,265","1,021",318,17.18,5.88,"22,650","3,361","12,608","3,107","2,755",0.59,350,-20.67
290,에이비온,"10,000",상승,"1,410",+16.41%,500,"6,743,767","66,911","10,160","2,864",-341,-5.53,"641,108","8,650","10,170",638,-9.00,-227.67,"10,750","3,059",357,-434,0.46,-80.00,"8,440","8,480","28,637",8,"-1,808",16.18,150,5.70
291,대화제약,"15,370",하락,150,-0.97%,500,"62,761",971,"15,350","2,861",67,163.51,"120,989","15,430","15,380","2,059",241.83,0.73,"15,750","2,754","1,295",8,0.27,0.39,"15,270","1,552","18,617","1,494",94,3.86,N/A,-40.39
292,인탑스,"16,550",상승,10,+0.06%,500,"18,958",313,"16,540","2,847",38,22.16,"27,226","16,520","16,550","9,007",-79.33,3.34,"16,650","3,538","1,289",234,6.46,2.66,"16,460",897,"17,200","6,147",747,0.40,200,6.46
293,KH바텍,"12,000",상승,360,+3.09%,500,"346,554","4,138","12,040","2,841",219,12.40,"722,921","11,690","12,050","3,871",-34.96,8.33,"12,140","9,160","1,248",213,7.81,5.84,"11,620","4,668","23,677","3,110",968,1.01,330,-14.46
294,디아이티,"14,960",하락,650,-4.16%,100,"108,742","1,666","15,030","2,827",241,9.34,"246,193","15,630","15,040","2,409",178.68,14.50,"15,810","2,737",280,289,6.05,12.78,"14,950","2,372","18,900","1,167","1,601",1.30,380,8.96
295,오픈엣지테크놀로지,"12,830",하락,550,-4.11%,100,"91,015","1,182","12,860","2,823",-246,-11.52,"62,656","13,420","12,870",867,-55.15,-67.14,"13,420","5,524",260,-273,6.05,-41.54,"12,770","1,129","22,003",153,"-1,114",6.20,0,-21.77
296,듀켐바이오,"9,920",하락,210,-2.07%,500,"51,151",512,"9,950","2,823",51,33.63,"74,431","10,190","9,960",652,N/A,N/A,"10,200","7,610",222,80,0.98,N/A,"9,920","1,181","28,455",356,295,6.48,N/A,N/A
297,한국캐피탈,894,상승,1,+0.11%,500,"238,080",213,896,"2,822",969,3.49,"491,423",893,897,"44,603",17.93,12.62,902,"28,089","37,866",811,0.58,1.94,888,"54,980","315,610","4,626",256,0.41,30,21.08
298,나이벡,"24,950",상승,350,+1.42%,500,"64,281","1,621","25,000","2,821",-49,-23.81,"112,226","25,250","25,050",625,-120.87,-30.54,"25,550","6,916",302,-93,0.99,-14.43,"24,850","4,817","11,306",246,"-1,048",8.85,0,56.33
299,잉글우드랩,"14,180",하락,50,-0.35%,0,"258,888","3,695","14,160","2,817",188,17.33,"269,827","14,380","14,170","1,997",-34.86,15.17,"14,620","12,552",558,196,11.83,10.51,"13,990","3,008","19,868","1,822",818,1.95,103,-11.88
300,아이티엠반도체,"12,410",하락,140,-1.12%,500,"9,788",122,"12,390","2,815",24,-52.58,"21,870","12,440","12,400","5,952",116.15,0.64,"12,640","1,427","4,008",12,2.40,0.20,"12,350","3,676","22,683","6,479",-236,1.42,N/A,11.61
301,오상헬스케어,"19,290",하락,10,-0.05%,500,"7,220",139,"19,210","2,799",-248,-31.94,"18,241","19,150","19,300","2,950",-117.35,-3.93,"19,340","2,242",90,-114,1.05,-3.70,"19,110","2,132","14,509",805,-604,0.94,500,-77.38
302,상아프론테크,"17,380",하락,500,-2.80%,500,"38,934",679,"17,390","2,779",58,54.14,"35,371","17,880","17,400","3,622",-34.70,3.13,"17,880","4,054","1,612",62,3.84,1.73,"17,320","4,175","15,989","1,718",321,1.37,200,-6.45
303,프로텍,"25,150",하락,100,-0.40%,500,"9,541",240,"25,050","2,766",134,10.22,"18,949","25,250","25,100","3,768",-22.89,7.35,"25,550","5,240",540,127,2.74,3.45,"24,850","1,418","11,000","1,703","2,462",0.74,400,9.11
304,골프존홀딩스,"6,440",상승,20,+0.31%,500,"157,461","1,014","6,430","2,759",394,5.65,"210,795","6,420","6,440","10,503",-26.50,6.02,"6,490","42,412","3,037",436,3.69,4.18,"6,380","30,894","42,837","3,862","1,139",0.35,250,-8.94
305,샘씨엔에스,"4,690",하락,90,-1.88%,500,"104,789",494,"4,690","2,738",52,72.15,"121,600","4,775","4,695","2,222",278.57,2.70,"4,775","17,282",782,33,0.94,1.60,"4,680","7,077","58,388",533,65,1.84,N/A,72.35
306,필에너지,"12,790",상승,20,+0.16%,500,"23,898",307,"12,800","2,734",142,33.48,"41,497","13,090","12,820","2,121",-7.25,10.39,"13,090","5,251",691,134,1.73,5.79,"12,760","2,780","21,378","2,854",382,1.99,67,45.08
307,석경에이티,"50,100",하락,600,-1.18%,500,"13,559",678,"50,100","2,733",20,47.18,"21,449","50,500","50,300",492,-42.34,11.43,"50,500",673,94,43,1.09,9.70,"49,300",680,"5,455",138,"1,062",6.54,N/A,13.28
308,HLB이노베이션,"1,892",상승,2,+0.11%,500,"123,494",234,"1,889","2,730",-119,-15.14,"289,158","1,923","1,890","2,680",N/A,N/A,"1,938","3,132",160,-124,2.29,N/A,"1,865","6,244","144,304",254,-125,1.16,N/A,N/A
309,디오,"18,950",상승,300,+1.61%,500,"39,857",755,"18,970","2,724",-407,-6.40,"45,736","18,650","18,990","3,433",-294.94,-20.74,"19,090","1,179","1,392",-413,13.97,-11.62,"18,580","9,087","14,375","1,196","-2,963",1.30,0,-23.21
310,해성산업,"8,360",상승,60,+0.72%,500,"74,839",616,"8,390","2,722",714,-174.17,"62,948","8,260","8,420","25,920",-32.81,0.79,"8,430","2,911","12,440",-34,1.55,-0.13,"8,130","6,411","32,557","22,204",-48,0.35,225,-3.81
311,제이오,"8,500",하락,10,-0.12%,100,"35,201",297,"8,440","2,722",-55,-26.90,"82,918","8,550","8,460","2,226",-145.39,-5.67,"8,550","4,411",442,-89,2.46,-4.24,"8,370","2,669","32,018",829,-316,1.42,N/A,-27.62
312,AP시스템,"17,790",하락,90,-0.50%,500,"62,410","1,108","17,840","2,719",472,5.93,"222,290","17,810","17,850","5,998",-21.51,15.74,"17,860","5,099","2,632",518,9.47,8.85,"17,680","2,140","15,281","5,167","3,002",0.78,530,-3.16
313,스맥,"3,965",상승,585,+17.31%,500,"20,578,956","77,392","3,825","2,706",240,9.99,"13,467,115","3,415","3,835","3,011",8.71,18.73,"4,030","83,999","1,715",221,2.60,8.71,"3,320","24,358","68,243","2,013",397,1.38,0,13.97
314,한솔아이원스,"9,300",하락,140,-1.48%,500,"61,767",574,"9,290","2,659",231,8.12,"132,288","9,490","9,300","2,319",180.71,18.60,"9,490","15,359",497,311,5.88,13.72,"9,230","1,082","28,593","1,571","1,146",1.33,0,26.79
315,이지홀딩스,"4,120",보합,0,0.00%,500,"63,597",262,"4,120","2,658","1,234",19.53,"151,006","4,120","4,125","28,559",18.90,2.70,"4,160","32,031","16,493",351,4.82,1.30,"4,085","23,253","64,516","32,850",211,0.40,250,5.32
316,로보스타,"27,250",하락,250,-0.91%,500,"33,859",920,"27,050","2,657",1,"-1,009.26","64,744","27,500","27,100","1,126",-86.92,2.44,"27,550","7,858",206,22,1.10,1.94,"5,610","25,913","46,564","2,088",-502,0.79,N/A,-5.48
317,인선이엔티,"5,700",상승,50,+0.88%,500,"79,222",451,"5,690","2,654",232,-11.35,"55,579","5,680","5,700","4,957",-10.18,-5.66,"5,750","13,587","1,731",-189,4.98,-3.62,"26,950","2,192","9,750",891,-27,2.95,N/A,-13.19
318,토비스,"16,440",상승,30,+0.18%,500,"62,873","1,028","16,420","2,641",584,4.84,"107,478","16,470","16,430","5,281",127.52,26.76,"16,480","14,975","2,636",613,12.38,12.06,"16,250","1,150","16,067","6,238","3,400",1.02,300,39.43
319,동방메디컬,"12,660",보합,0,0.00%,500,"293,960","3,789","12,630","2,630",150,61.16,"328,247","12,790","12,640","1,504",-8.69,4.60,"13,060","7,768",696,31,1.48,2.34,"12,620","3,781","20,775","1,051",207,2.29,0,15.67
320,파인엠텍,"7,100",상승,10,+0.14%,500,"928,244","6,415","7,110","2,626",-79,-11.87,"3,538,883","7,030","7,130","3,333",-138.90,-11.87,"7,210","9,546","1,691",-158,3.57,-5.06,"6,610","8,707","36,988","3,822",-598,1.81,N/A,0.56
321,네오위즈홀딩스,"30,550",하락,100,-0.33%,500,"17,654",537,"30,450","2,625",204,-16.01,"40,085","30,650","30,500","8,225",17.46,-3.65,"31,000",565,"1,467",-196,3.24,-2.28,"29,900","1,770","8,594","3,681","-1,908",0.61,313,0.40
322,로킷헬스케어,"16,950",하락,490,-2.81%,500,"283,477","4,842","16,930","2,620",-56,-28.58,"643,301","17,350","16,960",113,24.48,9.83,"17,440","14,234",884,-77,0.00,-77.65,"16,880","2,368","15,460",131,-593,-2.74,0,5.59
323,안트로젠,"26,150",하락,"1,700",-6.10%,500,"49,654","1,327","26,100","2,617",-37,-105.44,"66,586","27,500","26,250","1,161",26.09,-1.91,"27,950","10,092",59,-23,4.43,-1.73,"26,000","2,844","10,006",69,-248,2.77,N/A,6.66
324,유니슨,"1,526",하락,9,-0.59%,500,"1,022,167","1,551","1,520","2,605",-125,-13.62,"2,029,314","1,537","1,521","2,490",36.06,-36.03,"1,548","10,305","1,828",-225,1.71,-8.81,"1,502","26,868","170,711",257,-112,4.10,0,-76.12
325,헥토파이낸셜,"27,400",하락,900,-3.18%,500,"176,036","4,819","27,500","2,590",133,27.35,"913,042","27,500","27,550","4,516",5.75,6.90,"28,000","9,172","3,002",90,3.64,2.17,"26,800","3,549","9,453","1,593","1,002",1.58,350,4.07
326,뉴로메카,"22,800",하락,500,-2.15%,500,"25,027",572,"22,800","2,585",-190,-13.21,"21,659","23,500","22,850",952,-28.26,-95.95,"23,500","8,090",844,-168,0.15,-17.55,"22,700","2,128","11,338",253,"-1,726",11.23,0,83.87
327,뉴파워프라즈마,"5,890",상승,350,+6.32%,100,"1,385,583","8,158","5,890","2,573",325,12.95,"213,979","5,570","5,900","9,415",102.30,7.43,"6,080","40,919","5,465",232,4.36,2.87,"5,550","17,039","43,693","5,198",455,0.87,50,48.24
328,케이티알파,"5,240",상승,40,+0.77%,"1,000","47,844",251,"5,230","2,569",246,11.54,"34,676","5,150","5,240","4,621",156.07,7.78,"5,300","3,170","2,009",197,1.42,4.40,"5,150","37,590","49,019","3,882",454,0.95,N/A,-1.17
329,비덴트,"3,320",보합,0,0.00%,500,0,0,0,"2,563",-111,5.25,0,0,0,"7,408",-11.76,11.16,0,0,"1,026",672,1.43,9.67,0,0,"77,202",96,632,0.40,N/A,-3.82
330,미래반도체,"17,730",하락,110,-0.62%,100,"75,897","1,346","17,740","2,560",102,31.55,"258,965","17,980","17,750","1,333",8.79,7.29,"17,980","1,322",474,60,0.27,4.28,"17,490",931,"14,438","4,876",562,2.84,N/A,28.15
331,씨메스,"21,900",하락,900,-3.95%,500,"59,950","1,325","21,850","2,559",-143,-15.62,"58,719","23,050","21,900",810,-43.04,-28.80,"23,050","13,815",67,-135,1.35,-25.68,"21,800",697,"11,685",69,"-1,402",3.67,0,-9.83
332,뷰노,"18,180",하락,370,-1.99%,100,"29,444",540,"18,160","2,546",-125,-20.38,"46,436","18,950","18,180",502,20.58,-72.91,"18,950","3,140",195,-130,2.79,-35.80,"18,130","3,223","14,002",259,-892,9.21,0,94.86
333,엠아이텍,"7,850",하락,100,-1.26%,500,"27,376",216,"7,860","2,541",176,13.75,"37,304","7,950","7,870","1,185",24.96,18.13,"8,030","7,156",97,183,6.31,16.83,"7,850","5,589","32,366",538,571,2.28,100,15.88
334,브이엠,"10,500",하락,140,-1.32%,100,"66,331",700,"10,420","2,528",-86,256.10,"178,416","10,640","10,430","1,657",21.56,-2.80,"10,900","2,118",414,-35,4.45,-2.18,"10,350","1,123","24,076",703,41,1.96,N/A,170.21
335,제테마,"7,040",하락,150,-2.09%,500,"50,633",359,"7,040","2,524",41,-103.53,"72,893","7,150","7,050","2,227",56.09,-0.26,"7,190","12,520","1,513",-26,1.50,-1.13,"7,020","6,293","35,859",685,-68,3.67,0,16.70
336,미래나노텍,"8,140",상승,20,+0.25%,500,"48,602",393,"8,100","2,524",249,8.25,"130,569","8,120","8,110","5,976",81.41,8.51,"8,150","9,101","2,802",258,5.54,4.22,"8,030","4,920","31,010","6,223",987,0.80,50,-10.33
337,아톤,"10,150",하락,700,-6.45%,100,"1,015,918","10,486","10,170","2,522",144,17.81,"3,281,174","10,590","10,180","1,389",26.50,12.78,"10,620","18,973",490,110,2.56,7.78,"10,080","4,354","24,851",654,570,2.43,50,18.89
338,모두투어,"13,340",하락,90,-0.67%,500,"142,142","1,906","13,310","2,521",47,25.22,"123,612","13,530","13,320","2,349",-59.75,15.33,"13,590","7,027","1,638",108,13.69,4.06,"13,230","2,713","18,900","2,516",529,3.13,250,40.86
339,이스트소프트,"21,600",하락,100,-0.46%,500,"39,554",861,"21,600","2,518",-135,-25.71,"48,155","22,000","21,650","1,991",-51.08,-16.62,"22,000","10,100","1,106",-146,0.86,-7.52,"21,550","5,798","11,655","1,025",-840,3.42,0,10.79
340,인트로메딕,"5,850",보합,0,0.00%,100,0,0,0,"2,515",-15,-42.39,0,0,0,105,58.32,-101.85,0,0,48,-70,0.76,-49.54,0,0,"42,998",104,-138,41.17,0,4.09
341,한중엔시에스,"27,750",상승,500,+1.83%,500,"127,314","3,487","27,450","2,514",96,13.63,"190,146","27,800","27,500","1,668",175.55,36.13,"28,050","3,221",864,154,5.13,10.61,"26,900","7,748","9,058","1,773","2,036",3.07,N/A,45.83
342,네패스,"10,900",상승,190,+1.77%,500,"39,996",433,"10,890","2,513",34,-6.28,"146,683","10,720","10,920","7,101",-66.22,-48.21,"10,975","9,500","5,029",-794,6.86,-9.49,"10,600","2,835","23,059","4,643","-1,736",2.31,N/A,-0.99
343,피에이치에이,"11,930",상승,150,+1.27%,500,"20,880",249,"11,910","2,505",515,4.36,"17,757","11,760","11,930","10,696",6.60,8.14,"12,030",796,"2,694",619,12.21,6.03,"11,710","4,511","21,000","11,529","2,739",0.29,350,1.61
344,시너지이노베이션,"2,835",하락,30,-1.05%,500,"128,777",365,"2,830","2,498",161,61.63,"265,159","2,865","2,835","3,141",7.51,5.75,"2,865","119,593",790,181,12.55,6.05,"2,820","41,357","88,103",906,46,1.28,0,8.88
345,툴젠,"29,100",하락,250,-0.85%,500,"8,287",242,"29,050","2,498",-218,35.32,"8,425","29,350","29,200",755,-27.57,14.08,"29,400","2,075",170,62,0.96,7.38,"28,950","1,247","8,583",9,824,4.61,0,-19.25
346,큐브엔터,"16,630",하락,130,-0.78%,500,"33,265",557,"16,620","2,495",166,18.50,"41,057","16,830","16,640","2,700",7.42,13.61,"16,910","2,027","1,117",166,4.44,7.85,"16,600","1,052","15,002","2,183",899,1.46,N/A,53.43
347,GRT,"3,080",상승,60,+1.99%,0,"436,037","1,370","3,070","2,490","1,470",3.16,"319,809","3,045","3,080","16,913",86.68,12.05,"3,210","39,920","7,628","1,105",79.30,6.96,"3,045","26,773","80,850","8,424",974,0.28,2,9.73
348,네오팜,"15,510",상승,180,+1.17%,500,"90,143","1,393","15,510","2,486",247,10.32,"63,916","15,340","15,520","1,924",-2.58,13.69,"15,570","9,125",156,231,15.45,12.47,"15,290","5,497","16,028","1,190","1,503",1.39,600,22.56
349,슈프리마,"34,250",하락,"1,100",-3.11%,500,"34,771","1,207","34,300","2,486",233,7.22,"64,676","35,400","34,350","2,601",39.76,14.74,"35,400","3,550",235,325,20.02,13.58,"34,200",803,"7,257","1,082","4,747",0.97,0,14.37
350,펨트론,"11,640",하락,920,-7.32%,500,"438,084","5,149","11,740","2,478",-36,-77.60,"1,140,725","12,300","11,750",717,-144.94,-6.32,"12,340","5,758",436,-19,5.45,-2.61,"11,500","3,328","21,288",570,-150,9.61,N/A,-22.67
351,오가노이드사이언스,"37,600",상승,"1,500",+4.16%,500,"627,641","23,714","37,350","2,462",-122,-17.62,"437,087","36,700","37,400",259,-24.91,36.26,"39,000","8,152",106,-115,0.34,-39.34,"36,200","2,683","6,547",20,"-2,134",12.94,0,22.77
352,우진엔텍,"26,500",하락,900,-3.28%,500,"112,017","2,995","26,400","2,457",53,52.58,"128,607","27,400","26,450",517,-9.74,13.35,"27,700","11,118",43,54,0.00,11.86,"26,300","2,895","9,271",440,504,5.34,200,8.05
353,이트론,271,보합,0,0.00%,200,0,0,0,"2,456",-56,24.64,0,0,0,"1,195",0.61,-2.85,0,0,235,-23,3.53,-1.90,0,0,"906,131",163,11,2.53,0,-45.05
354,인포바인,"76,500",상승,"10,000",+15.04%,500,"810,855","61,049","76,800","2,443",79,27.53,"1,558,835","64,800","76,900","1,240",1.45,8.16,"84,900","1,552",104,90,3.93,7.51,"63,400",675,"3,193",252,"2,779",1.27,"1,200",10.49
355,대원산업,"12,170",상승,50,+0.41%,500,"28,316",345,"12,190","2,439",750,2.75,"47,476","12,180","12,200","7,117",58.72,15.16,"12,280","1,262","1,993",726,13.01,11.38,"12,070","5,772","20,038","9,315","4,430",0.46,200,19.78
356,유니테스트,"11,480",하락,170,-1.46%,500,"59,860",683,"11,490","2,426",-234,-10.20,"253,532","11,550","11,500","1,850",-428.15,-19.88,"11,550","3,150",680,-273,7.78,-14.28,"11,220","3,071","21,134",924,"-1,125",2.05,N/A,-44.90
357,더블유씨피,"7,120",하락,50,-0.70%,500,"126,551",900,"7,090","2,410",-709,-2.21,"335,065","7,170","7,100","18,102",-252.91,-7.33,"7,220","40,838","8,415",-722,3.80,-4.56,"7,060","2,130","33,843","3,221","-3,229",0.25,N/A,5.60
358,엣지파운드리,"3,070",하락,100,-3.15%,500,"265,461",820,"3,075","2,404",-51,-146.19,"513,342","3,170","3,085","1,316",-4.87,-27.09,"3,170","83,259",547,-180,0.29,-15.27,"3,050","11,483","78,307",373,-21,2.06,0,0.70
359,나인테크,"4,390",하락,90,-2.01%,100,"950,545","4,188","4,400","2,403",46,-22.98,"2,668,933","4,485","4,400","1,860",249.45,-7.26,"4,500","40,055","1,019",-54,0.23,-2.41,"4,345","47,239","54,749","1,972",-191,2.75,0,60.28
360,진성티이씨,"10,660",하락,170,-1.57%,500,"24,733",265,"10,650","2,397",244,10.62,"56,245","10,810","10,660","4,554",-38.26,8.48,"10,850","5,880","1,931",210,8.13,4.89,"10,640","3,421","22,482","3,905","1,004",0.80,200,-19.50
361,나이스정보통신,"23,750",하락,400,-1.66%,500,"24,840",589,"23,650","2,375",399,6.67,"43,849","24,150","23,700","11,226",8.55,11.22,"24,250","2,706","7,367",377,23.79,3.23,"23,500","6,007","10,000","9,751","3,562",0.59,810,9.37
362,오리엔탈정공,"5,210",하락,70,-1.33%,500,"109,118",569,"5,190","2,374",249,8.22,"173,235","5,270","5,200","2,157",94.84,26.45,"5,290","29,403","1,056",261,7.22,12.60,"5,160","2,904","45,574","2,073",634,2.11,100,31.60
363,에치에프알,"17,760",하락,660,-3.58%,500,"45,449",815,"17,770","2,364",-202,-22.01,"36,997","18,300","17,780","2,711",-140.39,-11.34,"18,410","2,580","1,123",-185,6.54,-6.86,"17,710",150,"13,309","1,571",-807,1.49,N/A,-4.32
364,윤성에프앤씨,"29,600",보합,0,0.00%,100,"9,291",273,"29,300","2,362",319,9.56,"20,127","30,000","29,400","3,009",20.55,20.70,"30,000","2,184","1,036",371,2.13,11.47,"29,100",555,"7,979","2,713","3,097",1.20,200,-13.28
365,나우로보틱스,"18,450",하락,250,-1.34%,500,"43,247",804,"18,470","2,352",-29,-41.93,"62,725","18,720","18,480",163,47.80,-285.18,"18,890","4,208",105,-37,0.35,-26.63,"18,340",255,"12,751",121,-440,31.88,0,15.89
366,에스바이오메딕스,"19,800",하락,200,-1.00%,500,"21,470",426,"19,800","2,348",-54,-32.46,"44,166","20,000","19,810",446,9.06,-70.89,"20,300",676,263,-58,1.60,-15.21,"19,740","1,663","11,860",137,-610,22.45,0,4.77
367,디지털대성,"8,460",상승,140,+1.68%,500,"60,908",512,"8,480","2,341",237,14.51,"115,446","8,320","8,490","3,380",-5.28,10.45,"8,500","1,483","1,769",161,3.02,5.49,"8,170","41,404","27,675","2,177",583,1.83,500,2.92
368,파멥신,"2,915",보합,0,0.00%,500,0,0,0,"2,338",-77,-44.85,0,0,0,543,36.27,-15.32,0,0,66,-49,0.00,-12.16,0,0,"80,201",39,-65,4.90,N/A,"5,083.24"
369,웹케시,"17,140",하락,150,-0.87%,500,"96,139","1,644","17,140","2,337",139,29.76,"199,988","17,160","17,160","1,259",N/A,N/A,"17,320","1,290",236,72,0.81,N/A,"16,960","4,567","13,636",742,576,2.13,100,N/A
370,제일일렉트릭,"10,500",하락,350,-3.23%,500,"168,493","1,789","10,430","2,333",89,22.48,"234,896","10,860","10,440","2,193",N/A,N/A,"10,900","21,419",648,104,0.40,N/A,"10,430","1,804","22,220","1,863",467,1.53,100,N/A
371,인터로조,"18,860",상승,430,+2.33%,500,"60,685","1,146","18,910","2,329",58,-115.71,"142,600","18,430","18,970","2,344",12.02,0.11,"19,160",597,645,2,9.86,0.07,"18,190","2,031","12,349","1,158",-163,1.41,300,-2.90
372,비츠로테크,"8,870",상승,10,+0.11%,500,"106,371",941,"8,840","2,324",511,28.43,"156,822","8,840","8,860","5,905",77.36,3.72,"8,950","15,662","1,679",415,3.09,7.56,"8,800","5,800","26,200","4,283",312,1.01,50,21.38
373,아스트,586,상승,2,+0.34%,500,"482,667",282,585,"2,316",-64,20.21,"1,800,527",575,586,"5,620",82.42,-10.50,592,"112,195","2,659",-171,1.38,-3.32,572,"179,948","395,158","1,714",29,0.74,0,1.72
374,중앙첨단소재,"2,250",하락,80,-3.43%,500,"1,893,476","4,254","2,230","2,291",-78,-3.27,"5,784,313","2,345","2,235","1,245","-13,814.06",-95.94,"2,350","316,830",278,-768,4.89,-60.25,"2,210","67,580","101,802",187,-688,2.40,0,-28.92
375,하이비젼시스템,"15,300",상승,90,+0.59%,500,"44,770",683,"15,280","2,286",310,7.07,"54,028","15,300","15,290","3,657",-47.30,15.91,"15,350","1,520",761,404,14.12,11.14,"15,140","2,029","14,942","3,120","2,163",0.72,400,-10.41
376,제넥신,"5,020",하락,70,-1.38%,500,"60,248",306,"5,030","2,286",-372,-3.07,"112,393","5,090","5,040","3,450",9.69,-22.82,"5,170","15,502",834,-637,4.34,-17.66,"5,020","4,569","45,540",29,"-1,633",0.94,N/A,-33.75
377,박셀바이오,"9,760",하락,150,-1.51%,500,"47,516",464,"9,730","2,270",-150,-20.81,"66,829","9,970","9,750",769,-30.68,-13.67,"9,970","8,576",49,-106,5.69,-13.12,"9,680",952,"23,257",19,-469,3.16,0,"13,737.28"
378,모트렉스,"9,110",상승,10,+0.11%,500,"36,610",333,"9,100","2,265",436,13.28,"44,862","9,100","9,120","9,318",-18.01,8.22,"9,170","11,282","6,600",193,3.11,2.64,"9,040","7,006","24,862","5,869",686,0.93,162,10.52
379,압타바이오,"8,400",하락,560,-6.25%,500,"227,036","1,959","8,400","2,258",-189,-7.53,"365,745","8,970","8,420",774,-15.15,-50.84,"9,140","12,594",232,-294,1.44,-34.57,"8,400","5,624","26,881",34,"-1,115",4.36,N/A,937.76
380,디앤씨미디어,"18,010",상승,270,+1.52%,500,"48,208",874,"18,050","2,256",103,20.75,"64,388","17,920","18,100","1,153",194.82,13.25,"18,390","2,032",272,108,2.43,10.09,"17,850",716,"12,524",835,868,2.48,N/A,38.33
381,와이씨켐,"22,000",하락,600,-2.65%,"1,000","42,303",940,"21,950","2,224",-82,-14.90,"120,600","22,650","22,000","1,163",-4.30,-30.46,"22,750","7,164",718,-160,2.78,-13.56,"21,900","2,087","10,111",703,"-1,477",4.69,N/A,12.90
382,세경하이테크,"6,190",하락,110,-1.75%,500,"221,203","1,369","6,190","2,220",315,7.62,"642,416","6,350","6,200","3,450",-12.96,18.47,"6,390","25,771",962,413,5.24,12.72,"6,110","10,387","35,860","3,203",812,1.21,100,5.21
383,소룩스,"4,540",하락,140,-2.99%,500,"586,636","2,696","4,555","2,213",-66,-4.34,"796,605","4,600","4,575","1,173","-1,383.71",-58.22,"4,695","18,246",390,-410,0.13,-29.53,"4,525","19,436","48,740",507,"-1,046",2.47,0,-15.28
384,KG모빌리언스,"5,800",하락,210,-3.49%,500,"768,176","4,550","5,780","2,205",74,32.58,"1,088,922","6,020","5,810","5,385",-77.48,2.84,"6,190","31,387","1,915",82,4.93,1.54,"5,740","7,906","38,011","2,661",178,0.62,220,-4.82
385,한국알콜,"10,360",하락,10,-0.10%,500,"28,282",293,"10,360","2,204",274,8.38,"57,160","10,370","10,370","6,549",25.38,4.96,"10,420","13,609",930,304,3.33,4.64,"10,250","9,451","21,274","4,210","1,237",0.41,110,-3.94
386,티로보틱스,"11,690",하락,230,-1.93%,500,"98,999","1,162","11,670","2,196",-70,-66.42,"116,785","11,990","11,690","1,070",14.71,-1.78,"12,030","9,353",755,-8,0.20,-0.66,"11,630","1,535","18,782",607,-176,6.27,0,-9.01
387,동국산업,"4,035",하락,15,-0.37%,"1,000","35,962",145,"4,030","2,189",120,-39.17,"82,724","4,060","4,035","9,428",144.20,-1.63,"4,060","23,741","4,545",-296,5.55,-3.23,"4,005","2,380","54,244","7,903",-103,0.54,130,4.40
388,아미코젠,"3,970",상승,235,+6.29%,500,"692,688","2,755","4,015","2,184",-71,-4.12,"132,537","3,775","4,025","2,942",-442.93,-35.39,"4,130","18,446","1,711",-509,6.78,-13.37,"3,745","5,576","55,018","1,736",-963,1.86,N/A,8.57
389,풍원정밀,"10,360",하락,20,-0.19%,500,"31,994",333,"10,350","2,180",-182,-7.21,"37,308","10,380","10,360",963,16.80,-70.74,"10,630","16,749",689,-301,0.47,-30.26,"10,320",922,"21,040",493,"-1,436",10.14,0,14.42
390,원일티엔아이,"26,000",하락,450,-1.70%,500,"21,274",556,"26,000","2,179",64,N/A,"49,073","26,700","26,050",730,122.86,24.45,"26,700","4,814",369,79,0.23,11.67,"25,950","2,520","8,381",422,N/A,N/A,0,0.74
391,티엘비,"22,150",하락,700,-3.06%,500,"79,522","1,771","22,000","2,178",34,50.69,"90,210","22,850","22,100","1,884",10.28,3.25,"22,850","7,607",763,36,4.12,1.99,"21,800","8,180","9,833","1,800",437,1.94,200,5.08
392,엑스게이트,"7,630",하락,250,-3.17%,100,"113,564",872,"7,600","2,178",35,75.54,"95,424","7,860","7,620",671,-15.05,9.43,"7,860","11,332",227,40,0.83,6.83,"7,600","2,529","28,543",432,101,5.01,N/A,0.92
393,아나패스,"17,960",하락,70,-0.39%,500,"13,860",249,"17,960","2,177",200,11.30,"13,778","18,130","17,970","1,176",348.44,29.88,"18,130","4,815",449,189,4.30,16.47,"17,900","2,903","12,123","1,822","1,590",2.85,N/A,154.96
394,티엑스알로보틱스,"14,025",하락,245,-1.72%,500,"19,680",278,"14,040","2,167",53,43.15,"29,825","14,210","14,050",732,46.50,14.93,"14,330","3,297",433,38,0.98,5.84,"14,010","1,348","15,451",572,325,3.13,N/A,118.19
395,멀티캠퍼스,"36,550",상승,150,+0.41%,500,"3,149",115,"36,450","2,166",389,7.35,"5,020","36,400","36,550","3,207",-3.37,15.16,"36,550","1,894",997,315,7.80,9.97,"36,150","3,174","5,927","3,527","4,970",1.04,"2,100",-1.63
396,사피엔반도체,"26,350",하락,550,-2.04%,100,"18,964",500,"26,400","2,164",-34,-87.83,"38,682","26,900","26,500",312,50.22,-125.23,"27,000","2,189",148,-171,2.85,-64.70,"26,000","1,043","8,213",80,-300,14.05,0,148.96
397,푸른소나무,"8,790",보합,0,0.00%,500,0,0,0,"2,161",-15,-32.20,0,0,0,116,85.36,-417.81,0,0,89,-77,0.00,-72.26,0,0,"24,580",37,-273,64.24,0,80.83
398,비트맥스,"5,790",상승,690,+13.53%,500,"5,443,270","30,452","5,560","2,156",-185,-6.01,"2,233,684","5,110","5,580",285,-12.23,-134.66,"5,920","17,338",143,-270,1.30,-67.28,"5,030","18,261","37,231",372,-963,12.08,N/A,"2,005.36"
399,그래디언트,"15,660",하락,340,-2.12%,"2,500","91,385","1,432","15,660","2,142",-55,-4.69,"700,379","15,620","15,670","17,380",-289.46,-7.70,"15,920","1,068","9,559",-260,3.32,-1.43,"15,440","1,525","13,677","33,179","-3,341",0.40,200,-3.10
400,케이프,"6,870",하락,90,-1.29%,500,"75,763",521,"6,880","2,123",390,23.45,"235,806","6,940","6,890","24,047",-4.79,7.47,"6,960","9,026","21,452",183,3.70,0.79,"6,780","9,877","30,902","5,165",293,0.92,300,-12.56
401,KX,"4,725",하락,50,-1.05%,500,"83,546",396,"4,745","2,118",597,2.62,"253,697","4,780","4,750","8,868",-3.73,27.09,"4,810","12,322","4,438",975,1.67,10.14,"4,700","5,626","44,820","4,038","1,804",0.59,190,0.18
402,지씨지놈,"8,940",하락,280,-3.04%,500,"189,702","1,714","8,960","2,114",-12,-129.57,"1,086,526","9,160","8,970",406,-870.57,-4.33,"9,200","17,155",75,-13,0.55,-3.01,"8,930","2,387","23,651",259,-69,5.24,0,-5.15
403,쓰리빌리언,"6,650",하락,80,-1.19%,100,"254,317","1,702","6,640","2,109",-74,-28.91,"303,284","6,820","6,650",302,11.17,-32.81,"6,820","24,329",19,-66,5.86,-24.76,"6,600","1,107","31,722",58,-230,7.90,N/A,111.41
404,오로라,"19,560",상승,"1,270",+6.94%,500,"422,533","8,186","19,610","2,105",310,27.28,"343,079","18,480","19,620","5,657",8.94,4.43,"20,000","1,024","4,125",42,1.34,0.76,"18,100","6,512","10,763","2,757",717,1.22,180,18.55
405,레드캡투어,"12,560",상승,20,+0.16%,500,"52,406",659,"12,590","2,100",436,8.71,"52,010","12,580","12,600","6,972",12.37,9.64,"12,690","8,545","4,816",202,9.53,2.81,"12,480","8,360","16,721","3,589","1,442",1.09,"2,150",6.12
406,뷰웍스,"21,500",보합,0,0.00%,500,"7,138",153,"21,400","2,096",223,13.79,"17,644","21,500","21,500","3,229",19.19,9.41,"21,600","5,128",861,211,32.95,6.85,"21,300","3,655","9,750","2,229","1,559",0.84,600,1.20
407,유니셈,"6,810",상승,10,+0.15%,500,"284,799","1,950","6,860","2,088",100,15.30,"591,638","6,810","6,870","2,631",-42.64,7.02,"6,970","26,314",348,155,6.77,6.12,"6,740","7,332","30,664","2,182",445,0.87,80,-6.01
408,이수앱지스,"5,610",하락,30,-0.53%,500,"57,200",323,"5,630","2,075",134,9.00,"278,330","5,630","5,640","1,602",244.86,16.53,"5,720","20,748",594,147,2.68,8.02,"5,590","7,628","36,989",603,623,2.13,0,10.96
409,유비케어,"3,975",하락,35,-0.87%,500,"90,908",362,"3,970","2,075",52,180.68,"122,908","3,990","3,975","1,601",47.12,-1.55,"4,020","37,431",523,-16,1.90,-0.99,"3,955","17,345","52,197","1,906",22,2.01,30,23.73
410,텔레칩스,"13,690",하락,20,-0.15%,500,"39,762",544,"13,700","2,073",49,-5.78,"48,538","13,870","13,710","3,779",-70.95,-17.22,"13,870","9,153","1,761",-386,1.35,-10.25,"13,500","3,310","15,144","1,866","-2,369",1.02,60,-2.34
411,대양전기공업,"21,600",상승,300,+1.41%,500,"14,932",322,"21,550","2,067",157,9.54,"57,365","21,300","21,650","3,086",320.05,8.32,"21,900","6,796",633,196,5.87,6.46,"21,050","5,438","9,567","1,963","2,263",0.80,100,27.17
412,어보브반도체,"11,600",하락,190,-1.61%,500,"61,994",727,"11,590","2,063",-51,29.82,"97,288","11,750","11,600","2,930",65.17,2.44,"12,360","8,225","1,385",-181,2.26,-6.23,"11,580","2,184","17,781","2,321",389,1.65,150,-0.14
413,나무가,"14,040",상승,50,+0.36%,500,"34,822",489,"14,050","2,062",209,8.75,"29,600","14,070","14,060","2,644",-7.82,16.64,"14,100","2,400",975,261,3.00,11.11,"13,910","7,507","14,685","4,504","1,604",1.24,650,23.18
414,서호전기,"39,850",상승,"1,750",+4.59%,500,"29,872","1,176","40,100","2,052",16,13.40,"11,989","37,900","40,150","1,020",-87.32,12.69,"40,275",638,126,115,5.17,11.15,"37,900","2,836","5,150",465,"2,974",2.07,"2,500",-29.78
415,인터플렉스,"8,760",하락,20,-0.23%,500,"37,808",331,"8,770","2,043",344,4.09,"89,396","8,780","8,780","3,649",58.79,21.95,"8,810","10,243",831,551,3.09,16.55,"8,660","6,548","23,327","4,975","2,140",0.71,N/A,13.54
416,LB세미콘,"3,515",하락,50,-1.40%,500,"49,282",174,"3,515","2,042",-188,-6.79,"60,908","3,560","3,520","8,060",-48.16,-9.19,"3,560","34,754","4,598",-230,29.20,-2.88,"3,505","1,894","58,083","4,509",-518,0.61,N/A,8.16
417,지니언스,"22,400",하락,850,-3.66%,500,"26,186",594,"22,400","2,034",98,18.26,"83,382","23,650","22,450",693,52.16,20.33,"23,700","4,246",125,109,27.06,16.41,"22,000","1,675","9,080",496,"1,227",3.52,250,15.65
418,동양이엔피,"25,850",상승,300,+1.17%,500,"25,109",646,"25,750","2,032",516,3.06,"24,733","25,700","25,900","4,885",20.16,19.25,"26,000","5,200",874,695,7.81,15.23,"25,100","6,794","7,860","5,484","8,455",0.49,600,2.14
419,컴투스홀딩스,"30,700",하락,900,-2.85%,500,"46,659","1,416","30,500","2,025",-506,-4.59,"56,744","31,450","30,600","5,420","-1,408.36",-13.72,"31,450",649,"3,305",-425,3.65,-7.47,"29,850",864,"6,595","1,493","-6,695",0.84,N/A,-2.49
420,앱클론,"10,580",하락,620,-5.54%,500,"89,098",963,"10,570","2,020",-156,-11.29,"66,117","11,200","10,600",482,-33.87,-57.57,"11,200","6,653",188,-163,7.96,-34.83,"10,550","2,731","19,093",23,-937,8.20,0,-18.67
421,탑머티리얼,"24,800",상승,50,+0.20%,500,"23,329",578,"24,600","2,020",-72,-18.33,"28,153","25,200","24,650","2,074",-152.29,-5.50,"25,200","7,808",663,-82,0.00,-3.97,"24,450","2,087","8,144","1,061","-1,353",1.42,0,-13.19
422,이크레더블,"16,700",하락,110,-0.65%,500,"11,605",194,"16,730","2,011",150,15.42,"12,887","16,780","16,750",594,18.68,27.34,"16,790",956,104,129,9.54,22.74,"16,630","3,432","12,044",451,"1,083",6.61,"1,590",9.70
423,KZ정밀,"12,750",보합,0,0.00%,500,"6,366",81,"12,750","2,008",152,15.31,"6,423","12,920","12,790","6,044",-26.95,4.69,"12,920","2,014","1,221",192,5.74,3.84,"12,710","1,089","15,750","1,127",833,0.50,800,-18.74
424,엑세스바이오,"5,320",하락,50,-0.93%,0,"61,637",328,"5,290","2,007",-42,-20.54,"143,539","5,350","5,310","7,409",-119.59,-0.06,"5,430","43,895",884,-11,4.95,-0.15,"5,300","5,215","37,728","1,125",-259,0.31,N/A,-67.74
425,에스오에스랩,"11,330",하락,460,-3.90%,100,"173,562","1,985","11,330","2,003",-128,-14.02,"401,863","11,760","11,340",391,-54.09,-46.12,"11,790","12,791",71,-120,2.56,-36.84,"11,290","7,260","17,682",49,-808,7.18,N/A,20.29
426,헥토이노베이션,"15,240",하락,330,-2.12%,500,"102,787","1,572","15,240","2,000",489,7.03,"121,715","15,440","15,250","6,922",28.48,14.63,"15,440","4,180","3,624",348,8.56,5.46,"15,150","2,442","13,125","3,195","2,169",0.99,490,10.74
427,와이지-원,"5,950",하락,20,-0.34%,500,"37,647",223,"5,900","1,998",558,16.48,"47,220","5,990","5,910","10,762",2.07,4.47,"6,000","10,435","6,726",170,18.59,1.67,"5,900","2,698","33,574","5,750",361,0.55,160,3.94
428,대한약품,"33,200",상승,400,+1.22%,500,"11,705",385,"33,150","1,992",381,6.01,"45,291","32,800","33,200","3,244",6.38,12.89,"33,250","2,560",484,338,16.88,10.91,"32,450","2,961","6,000","2,042","5,523",0.70,900,4.23
429,에브리봇,"16,210",하락,260,-1.58%,500,"23,672",386,"16,230","1,991",-22,"2,026.25","29,989","16,470","16,240","1,177",N/A,N/A,"16,470","3,605",508,3,0.00,N/A,"16,150",435,"12,284",298,8,3.05,0,N/A
430,퀄리타스반도체,"14,180",하락,360,-2.48%,500,"36,594",523,"14,180","1,990",-227,-10.14,"52,894","14,550","14,190",640,-102.87,-48.62,"14,580","5,405",134,-191,0.00,-36.39,"14,120","1,163","14,037",61,"-1,399",4.32,0,-43.62
431,바이오솔루션,"8,200",하락,400,-4.65%,500,"96,851",815,"8,200","1,989",-51,-18.26,"57,635","8,650","8,210",675,1.42,-32.51,"8,830","6,173",362,-119,2.08,-14.93,"8,180","3,346","24,251",129,-449,6.81,0,3.43
432,SG,"2,015",하락,40,-1.95%,100,"345,987",702,"2,015","1,988",-61,-8.09,"595,758","2,040","2,020","2,328",54.95,-50.91,"2,060","209,075","1,461",-362,1.95,-17.22,"2,010","38,383","98,670","1,189",-249,1.85,0,46.98
433,넥써쓰,"3,375",하락,80,-2.32%,500,"451,227","1,512","3,340","1,982",-89,-46.88,"1,493,604","3,440","3,360",338,44.70,-29.78,"3,440","13,436",80,-82,0.74,-22.40,"3,245","22,875","58,718",76,-72,6.16,0,38.29
434,에이스테크,"2,615",하락,55,-2.06%,500,"37,975",100,"2,610","1,974",-311,-2.88,"170,698","2,725","2,615","3,049",49.99,-67.32,"2,725","7,965","2,093",-408,0.00,-14.44,"2,610","5,217","75,506","1,451",-909,2.02,0,3.59
435,와이즈넛,"15,060",하락,540,-3.46%,500,"36,337",553,"15,080","1,972",17,150.60,"53,538","15,400","15,100",580,-50.74,6.10,"15,460","3,419",66,31,0.00,5.38,"15,040","2,256","13,097",349,100,3.17,71,-0.72
436,에스텍,"18,070",상승,160,+0.89%,500,"17,575",316,"17,980","1,971",440,4.11,"25,284","18,100","18,090","3,880",79.12,25.76,"18,350",780,"1,845",463,57.96,14.11,"17,720","1,280","10,910","5,094","4,392",0.73,850,22.86
437,이화전기,899,보합,0,0.00%,200,0,0,0,"1,968",17,-40.86,0,0,0,"2,799",-51.38,-5.83,0,0,523,-137,0.87,-4.69,0,0,"218,949",645,-22,0.86,0,-1.07
438,드림시큐리티,"3,875",하락,100,-2.52%,100,"317,871","1,234","3,870","1,961",256,16.49,"865,928","3,935","3,880","5,366",-22.94,11.91,"3,960","62,010","3,889",121,5.37,2.56,"3,840","12,736","50,606","2,688",235,1.63,N/A,15.51
439,금화피에스시,"32,650",하락,100,-0.31%,500,"6,827",223,"32,750","1,959",362,5.42,"12,475","32,750","32,850","4,618",-16.71,11.59,"32,900","1,057","1,009",400,19.68,8.98,"32,450","1,134","6,000","3,402","6,021",0.54,"1,400",0.78
440,씨에스베어링,"7,180",하락,130,-1.78%,500,"36,919",266,"7,170","1,958",21,33.87,"102,564","7,340","7,180","1,480","3,596.39",2.80,"7,340","9,498",542,25,1.37,1.68,"7,160","3,316","27,270","1,054",212,2.08,N/A,37.60
441,노바텍,"18,510",상승,10,+0.05%,500,"17,173",319,"18,530","1,958",126,13.13,"136,809","18,510","18,560","1,834",-50.75,10.80,"18,700","2,480",125,172,2.22,9.78,"18,500",580,"10,576",658,"1,410",1.19,"1,409",-28.79
442,파이버프로,"5,950",하락,120,-1.98%,100,"89,840",540,"5,930","1,955",72,26.80,"48,730","6,100","5,950",499,175.42,20.26,"6,110","13,431",113,72,2.29,15.80,"5,930","5,146","32,854",329,222,5.14,66,69.93
443,삼지전자,"11,930",하락,110,-0.91%,500,"36,028",429,"11,970","1,947","1,156",2.98,"45,396","12,030","11,990","12,019",47.57,16.21,"12,030","3,919","5,617",941,5.50,8.49,"3,035","22,761","62,767","3,643",223,0.48,50,27.54
444,BGF에코머티리얼즈,"3,100",상승,10,+0.32%,500,"50,853",157,"3,090","1,946",140,13.90,"115,534","3,055","3,095","7,152",-18.51,4.00,"3,115","28,120","2,213",155,1.22,2.41,"11,850","2,678","16,319","33,597","4,004",0.44,450,32.99
445,삼양엔씨켐,"17,870",하락,210,-1.16%,500,"25,948",464,"17,800","1,942",107,19.32,"44,250","18,110","17,870","1,283",45.87,11.32,"18,140","1,353",446,90,3.49,6.91,"17,790",651,"10,866","1,105",925,1.81,N/A,12.08
446,흥구석유,"12,940",하락,100,-0.77%,100,"129,436","1,683","12,920","1,941",-3,294.09,"173,648","13,120","12,930",929,-425.10,0.79,"13,220","6,334",140,6,1.07,0.67,"12,830","3,630","15,000","1,169",44,2.39,30,-7.77
447,티씨머티리얼즈,"5,640",하락,10,-0.18%,500,"110,825",624,"5,610","1,930",109,30.32,"366,929","5,670","5,620",762,25.76,12.51,"5,680","18,324",193,63,0.39,8.58,"5,590","7,233","34,228","3,039",186,3.28,0,20.57
448,KT나스미디어,"16,640",하락,280,-1.65%,500,"15,694",262,"16,630","1,925",199,-29.40,"32,235","16,920","16,660","4,927",-2.81,-3.13,"17,020",915,"2,533",-46,5.71,-0.92,"16,590",566,"11,568","1,426",-566,0.97,700,-2.87
449,아이디스,"17,890",상승,380,+2.17%,500,"17,525",309,"17,800","1,917",161,14.98,"41,826","17,520","17,850","4,521",-28.96,6.29,"17,900",510,"1,118",129,2.17,2.87,"17,010",699,"10,716","3,136","1,194",0.78,300,12.75
450,자이언트스텝,"8,580",상승,480,+5.93%,500,"147,424","1,223","8,430","1,914",-173,-7.10,"64,466","8,140","8,440",917,33.64,-33.10,"8,600","2,784",216,-283,2.99,-25.85,"8,060","12,930","22,312",501,"-1,209",2.92,N/A,18.39
451,DSC인베스트먼트,"7,070",하락,130,-1.81%,500,"140,669",996,"7,050","1,909",150,26.38,"215,148","7,270","7,080","1,578",-14.77,9.98,"7,280","34,873",435,106,1.11,7.09,"7,010","5,172","27,000",386,268,1.66,40,15.08
452,비나텍,"29,950",하락,550,-1.80%,500,"11,170",334,"29,950","1,909",-81,-15.03,"12,599","30,500","30,000","1,761",-365.73,-12.25,"30,600","2,250",922,-97,1.52,-6.32,"29,650",930,"6,372",596,"-1,993",2.20,24,8.42
453,경동제약,"6,170",상승,20,+0.33%,500,"11,916",73,"6,160","1,898",26,32.65,"39,881","6,170","6,170","3,029",110.51,2.44,"6,190","5,676",825,54,1.67,1.83,"6,120","4,678","30,769","1,939",189,0.78,300,19.22
454,성우,"12,600",하락,70,-0.55%,500,"17,134",215,"12,550","1,896",146,9.05,"74,966","12,650","12,560","2,549",-49.40,10.71,"12,760","3,834",321,182,1.92,8.71,"12,520",545,"15,046","1,309","1,393",0.86,150,-10.74
455,덕산하이메탈,"4,160",하락,20,-0.48%,200,"48,886",203,"4,150","1,890",186,15.18,"127,851","4,230","4,165","8,185",269.97,6.76,"4,230","27,809","3,636",313,2.07,3.99,"4,130","8,795","45,437","2,359",274,0.60,N/A,63.30
456,AP위성,"12,490",하락,110,-0.87%,500,"32,863",411,"12,480","1,884",73,30.54,"29,159","12,590","12,490","1,352",-27.51,10.41,"12,650","4,990",299,104,0.68,7.46,"12,470","5,746","15,082",586,409,1.69,N/A,18.61
457,엘오티베큠,"10,550",상승,330,+3.23%,500,"464,676","4,942","10,570","1,879",-42,-25.92,"283,043","10,520","10,580","3,392",-106.21,0.65,"10,850","16,520",824,24,5.76,0.67,"10,400","1,088","17,810","2,660",-407,0.69,N/A,-43.77
458,현대사료,994,보합,0,0.00%,100,0,0,0,"1,873",27,4.38,0,0,0,"1,170",-56.45,340.50,0,0,281,284,2.38,25.24,0,0,"188,472","1,285",227,2.24,N/A,-20.01
459,오로스테크놀로지,"20,000",하락,100,-0.50%,500,"11,048",221,"20,000","1,873",61,17.21,"29,634","20,300","20,050",944,156.71,9.05,"20,300","2,615",262,59,1.09,7.01,"19,850","3,939","9,367",614,"1,162",2.70,N/A,34.88
460,디와이피엔에프,"17,470",상승,50,+0.29%,500,"12,253",213,"17,490","1,872",246,7.47,"29,056","17,420","17,500","3,208",195.44,15.14,"17,590","5,029","1,926",182,4.56,5.94,"23,200","2,551","7,943","1,247",-584,1.46,N/A,-5.46
461,그리드위즈,"23,550",상승,150,+0.64%,200,"64,513","1,524","23,500","1,871",-43,-40.33,"560,821","24,250","23,550","1,688",-372.86,-2.90,"24,250","5,160",384,-28,1.16,-1.92,"17,280","2,286","10,714","2,810","2,339",1.22,N/A,95.08
462,폴라리스AI,"2,570",하락,85,-3.20%,500,"789,986","2,059","2,565","1,868",-13,49.42,"815,769","2,655","2,570","1,160",-189.87,1.32,"2,680","95,550",203,11,0.43,1.05,"2,550","113,932","72,696",531,52,1.91,0,-10.71
463,이니텍,"9,440",하락,50,-0.53%,500,"50,201",480,"9,440","1,868",2,76.75,"61,372","9,490","9,460","1,184",106.51,2.10,"9,780","7,555",73,23,1.10,1.97,"9,240","3,024","19,791",389,123,1.42,0,-14.83
464,휴마시스,"1,444",하락,7,-0.48%,100,"340,714",493,"1,443","1,868",-106,-5.53,"640,296","1,452","1,444","3,319",79.83,-11.79,"1,462","107,996",828,-356,6.06,-10.47,"1,442","28,732","129,375",254,-261,0.71,N/A,83.79
465,모다이노칩,"2,335",보합,0,0.00%,500,"6,069",14,"2,325","1,861",386,24.07,"10,379","2,335","2,335","9,681",137.95,3.47,"2,340",505,"5,865",127,0.12,1.30,"2,270","2,608","79,722","3,889",97,0.51,N/A,-0.28
466,하나기술,"23,250",상승,250,+1.09%,500,"24,294",559,"23,100","1,859",-264,-12.49,"41,344","23,050","23,200","2,400",-318.01,-14.73,"23,300","4,522","1,421",-155,0.97,-6.58,"22,700","4,723","7,995",942,"-1,861",1.94,0,-21.45
467,더네이쳐홀딩스,"12,510",상승,30,+0.24%,500,"15,085",188,"12,470","1,858",301,9.54,"23,095","12,580","12,490","6,983",-55.05,4.91,"12,580","2,267","2,987",190,9.36,2.84,"12,320","1,207","14,848","5,169","1,311",0.51,500,-5.75
468,티케이케미칼,"2,040",상승,258,+14.48%,500,"8,801,501","17,832","2,065","1,854",-16,-3.10,"519,373","1,785","2,070","14,864",63.12,-10.89,"2,145","36,684","3,783","-1,121",3.67,-7.84,"1,785","141,960","90,895","3,396",-659,0.16,N/A,-10.44
469,아가방컴퍼니,"5,620",하락,100,-1.75%,500,"182,214","1,030","5,630","1,848",152,17.08,"345,565","5,760","5,640","2,238",-8.27,6.64,"5,760","44,939",562,102,1.66,4.57,"5,600","18,027","32,888","1,827",329,0.93,N/A,-1.97
470,로체시스템즈,"12,030",하락,180,-1.47%,500,"11,334",136,"12,020","1,840",198,13.09,"17,907","12,210","12,040","1,575",65.83,10.36,"12,280","4,169",352,121,43.27,8.23,"11,970","3,013","15,297","1,601",919,1.43,50,52.07
471,아바코,"12,520",상승,40,+0.32%,500,"24,435",306,"12,480","1,838",211,9.23,"62,045","12,480","12,490","3,907",378.73,13.70,"12,610","7,594","1,895",264,6.18,7.18,"12,450","2,156","14,677","3,055","1,356",0.92,500,63.51
472,아이씨티케이,"13,690",하락,"1,130",-7.62%,500,"263,571","3,671","13,690","1,837",-67,-27.43,"135,092","14,310","13,700",458,N/A,N/A,"14,370","14,783",28,-58,1.65,N/A,"13,610","1,601","13,421",67,-499,4.44,0,N/A
473,동신건설,"21,850",하락,"1,000",-4.38%,500,"27,756",613,"21,800","1,835",6,123.45,"34,976","22,650","21,850","1,126",-90.76,3.07,"22,650","4,252",139,30,2.77,2.60,"21,750","2,100","8,400",690,177,1.91,250,-16.65
474,엠에스오토텍,"2,925",상승,25,+0.86%,500,"275,663",802,"2,915","1,832",963,-6.47,"624,156","2,900","2,920","17,410",-44.92,0.63,"2,960","17,310","10,617",774,1.17,4.54,"2,860","34,193","62,628","17,775",-452,0.46,N/A,-14.62
475,디에스케이,"7,100",보합,0,0.00%,500,"16,413",116,"6,990","1,825",-197,-18.21,"35,644","7,200","7,000","1,664",-102.94,-6.21,"7,300","4,650",329,-114,1.24,-6.77,"6,920","6,453","25,710",226,-390,1.53,N/A,-68.34
476,슈피겐코리아,"29,300",보합,0,0.00%,500,"4,029",118,"29,300","1,821",217,6.45,"13,179","29,300","29,400","5,690",-38.42,5.89,"29,500",733,509,279,8.42,5.14,"29,100","1,207","6,216","4,653","4,540",0.34,462,4.00
477,국전약품,"3,640",상승,15,+0.41%,100,"43,571",159,"3,635","1,819",4,125.52,"63,046","3,630","3,645","2,123",-94.33,1.79,"3,670","15,458","1,148",5,0.70,0.25,"3,630","6,702","49,966","1,365",29,1.80,10,11.86
478,이엠텍,"10,580",상승,220,+2.12%,500,"52,236",546,"10,540","1,813",-305,-3.78,"79,211","10,350","10,550","3,462",-109.01,-19.74,"10,620","2,802","1,398",-447,7.10,-11.84,"10,230","3,058","17,133","1,676","-2,801",0.87,N/A,-36.39
479,와이솔,"6,510",하락,60,-0.91%,500,"39,300",256,"6,500","1,801",5,-58.12,"73,519","6,570","6,510","4,143",-96.58,3.12,"6,570","19,467",524,110,5.49,2.71,"6,490","7,228","27,672","3,750",-112,0.53,500,1.42
480,이지바이오,"5,440",상승,100,+1.87%,100,"168,383",914,"5,420","1,800",324,9.08,"118,010","5,340","5,430","3,600",57.00,26.72,"5,520","23,267","2,712",199,5.05,7.48,"5,320","39,720","33,082","3,843",599,2.17,200,132.39
481,인피니트헬스케어,"7,370",하락,300,-3.91%,500,"85,647",639,"7,370","1,798",139,5.42,"237,566","7,670","7,380","2,324",109.54,28.16,"7,670","12,297",516,446,5.37,21.92,"7,340","3,777","24,396","1,016","1,361",1.02,N/A,14.80
482,젝시믹스,"5,990",상승,20,+0.34%,500,"38,280",230,"5,990","1,790",249,9.36,"83,000","5,970","6,010","1,727",36.85,20.72,"6,040","7,778",582,209,3.34,13.69,"5,940","14,986","29,882","2,716",640,1.63,180,16.78
483,쇼박스,"2,850",하락,25,-0.87%,500,"150,174",428,"2,845","1,785",245,30.32,"231,492","2,895","2,850","1,540",186.67,23.14,"2,895","87,917",219,274,2.10,19.17,"2,835","14,679","62,638",931,94,1.47,150,131.81
484,엠케이전자,"8,090",상승,180,+2.28%,500,"41,798",337,"8,090","1,785",561,-8.49,"35,101","7,950","8,100","23,142",20.72,-7.45,"8,200","11,699","14,001",-377,4.76,-1.63,"7,950","7,969","22,066","11,706",-953,0.49,100,4.80
485,일진파워,"11,820",보합,0,0.00%,500,0,0,0,"1,782",103,97.69,0,0,0,"2,705",-21.70,7.94,0,0,"1,333",99,1.39,4.27,0,0,"15,079","1,931",121,1.36,330,1.19
486,사람인,"15,160",하락,20,-0.13%,500,"6,754",102,"15,140","1,775",213,17.90,"49,599","15,180","15,150","2,097",-15.84,7.12,"15,240","2,004",297,123,22.70,5.94,"15,090","2,039","11,709","1,284",847,0.92,500,-2.41
487,와이바이오로직스,"11,860",상승,50,+0.42%,500,"88,018","1,054","11,930","1,773",-84,-26.41,"106,565","12,000","11,970",217,16.72,-30.85,"12,200","11,168",34,-64,2.07,-24.77,"11,760","3,759","14,949",58,-449,10.62,0,65.64
488,에스엠씨지,"9,170",보합,0,0.00%,100,"368,720","3,401","9,160","1,770",44,-79.05,"659,968","9,330","9,170",646,61.75,-11.67,"9,490","1,760",366,-21,7.75,-3.26,"2,375","29,572","74,240",859,-272,0.84,N/A,20.85
489,랩지노믹스,"2,380",하락,30,-1.24%,500,"258,317",617,"2,380","1,767",-185,-8.75,"650,831","2,410","2,385","2,957",-167.09,-10.72,"2,420","157,882",793,-239,2.07,-7.85,"8,910","3,584","19,303",546,-116,4.64,0,46.02
490,위지윅스튜디오,"1,032",하락,37,-3.46%,500,"496,554",518,"1,033","1,765",-118,-3.31,"1,103,883","1,069","1,034","2,935",41.74,-28.05,"1,076","124,950","1,199",-603,3.43,-19.10,"1,030","4,946","171,049",804,-312,1.07,N/A,-45.41
491,삼보판지,"10,900",상승,40,+0.37%,500,"14,667",159,"10,890","1,763",387,6.36,"17,432","10,860","10,900","8,137",-42.52,5.80,"10,950","12,617","1,757",378,3.88,4.80,"10,700","5,940","16,170","5,583","1,713",0.30,250,0.48
492,국보디자인,"23,450",상승,100,+0.43%,500,"20,936",499,"23,550","1,759",417,4.70,"33,304","23,350","23,600","4,270",28.67,16.61,"24,400","1,625","1,472",407,9.94,10.65,"23,000","2,769","7,500","4,216","4,990",0.60,500,5.08
493,삼륭물산,"11,590",상승,"1,530",+15.21%,500,"9,877,189","116,395","11,630","1,753",58,-31.16,"7,816,582","11,300","11,640",987,390.93,-10.53,"12,700","7,741",470,-59,1.54,-5.84,"10,740","2,417","15,125",940,-372,3.30,75,9.01
494,마이크로컨텍솔,"20,900",하락,150,-0.71%,500,"71,580","1,483","21,000","1,737",102,13.40,"144,969","20,650","21,050",769,37.36,17.78,"21,300","2,630",119,107,15.90,15.27,"20,350","1,956","8,313",697,"1,560",2.53,80,7.48
495,네패스아크,"14,230",상승,170,+1.21%,500,"104,366","1,487","14,170","1,734",-26,-5.86,"85,851","14,410","14,190","3,122",-485.15,-14.67,"14,500","7,565","1,469",-287,1.41,-8.10,"14,060","3,521","12,184","1,193","-2,429",1.06,N/A,-2.99
496,엔케이맥스,"2,020",보합,0,0.00%,500,0,0,0,"1,727",-51,-5.40,0,0,0,232,92.46,219.63,0,0,464,-355,4.73,-91.48,0,0,"85,519",88,-374,-7.32,0,-18.29
497,마이크로디지탈,"9,570",하락,220,-2.25%,500,"20,175",194,"9,570","1,724",3,-199.38,"30,488","9,730","9,580",542,-68.20,2.38,"9,750","8,892",251,4,1.53,1.07,"9,550","1,172","18,015",115,-48,5.10,0,6.40
498,파워로직스,"4,705",하락,30,-0.63%,500,"57,611",272,"4,700","1,723",24,39.21,"196,565","4,755","4,705","4,161",-84.46,5.32,"4,755","23,199","1,981",100,1.25,2.49,"4,685","11,920","36,611","7,334",120,0.81,N/A,-5.14
499,유비쿼스홀딩스,"9,770",하락,10,-0.10%,500,"45,721",446,"9,760","1,720",143,25.18,"18,638","9,780","9,780","3,877",-55.99,3.64,"9,850","6,557",311,214,3.38,5.50,"9,730","4,575","17,605","1,256",388,0.65,130,-26.78
500,마크로젠,"15,840",상승,130,+0.83%,500,"18,289",289,"15,800","1,717",-65,-22.37,"26,696","15,720","15,810","3,297","-1,427.80",-4.75,"15,850","1,508","1,522",-78,2.02,-2.65,"15,670","1,962","10,841","1,358",-708,1.10,300,2.24
