N,종목명,현재가,전일비변동,전일비,등락률,액면가,거래량,거래대금,매수호가,시가총액,영업이익,PER,전일거래량,시가,매도호가,자산총계,영업이익증가율,ROE,고가,매수총잔량,부채총계,당기순이익,외국인비율,ROA,저가,매도총잔량,상장주식수,매출액,주당순이익,PBR,보통주배당금,매출액증가율
1,알테오젠,"402,500",상승,"9,500",+2.42%,500,"146,672","59,316","396,000","215,196",254,172.23,"385,590","398,500","396,500","4,090",360.91,29.52,"410,500","7,684","1,349",607,14.55,18.25,"395,500","10,456","53,465","1,029","2,337",58.79,0,6.56
2,에코프로비엠,"95,200",상승,"3,000",+3.25%,500,"145,174","13,825","95,000","93,107",-341,-100.32,"349,959","93,000","95,500","43,237",-121.86,-6.26,"96,700","1,171","23,466",-585,11.32,-1.35,"93,000","8,548","97,801","27,668",-949,5.50,N/A,-59.91
3,HLB,"52,600",상승,100,+0.19%,500,"51,380","2,710","52,800","69,130","-1,185",-36.60,"440,889","53,000","53,000","8,874",5.21,-16.33,"53,400","10,792","2,353","-1,080",20.71,-13.22,"52,400","11,371","131,425",681,"-1,437",13.43,0,58.80
4,에코프로,"44,450",상승,250,+0.57%,100,"197,064","8,836","45,050","60,352","-2,930",-34.40,"535,924","44,550","45,150","81,383",-198.28,-12.57,"45,350","4,571","42,998","-2,954",20.97,-3.76,"44,200","14,763","135,776","31,279","-1,292",3.80,100,-56.92
5,파마리서치,"531,000",상승,"11,000",+2.12%,500,"7,803","4,133","527,000","55,806","1,261",52.78,"84,979","526,000","529,000","8,557",36.63,18.93,"534,000",878,"2,863",889,17.83,12.79,"523,000",440,"10,510","3,501","10,061",10.88,"1,100",34.14
6,레인보우로보틱스,"283,000",상승,"1,000",+0.35%,500,"12,136","3,428","282,000","54,902",-30,"6,902.44","168,718","283,500","282,500","1,399",93.32,1.62,"284,000","4,824",71,21,7.69,1.57,"281,500","1,655","19,400",193,41,41.60,N/A,26.80
7,펩트론,"197,100",상승,"4,600",+2.39%,500,"97,306","19,060","195,100","45,919",-165,-199.70,"1,494,010","198,300","195,200","1,689",-4.05,-23.46,"199,500","2,404",172,-220,6.64,-19.91,"193,300",349,"23,297",32,-987,30.85,N/A,-5.68
8,휴젤,"367,000",상승,"3,500",+0.96%,500,"10,540","3,876","368,000","45,156","1,662",31.87,"107,622","365,500","368,500","9,394",41.13,17.51,"370,500",744,986,"1,431",55.01,15.32,"364,500","1,494","12,304","3,730","11,517",4.70,0,16.69
9,리가켐바이오,"113,500",상승,900,+0.80%,500,"51,081","5,792","112,500","41,553",-209,166.91,"278,009","113,600","112,600","7,384",74.12,2.04,"114,300","2,249","1,224",78,11.26,1.68,"111,600",421,"36,610","1,259",680,7.05,N/A,268.71
10,에이비엘바이오,"80,600",상승,"1,900",+2.41%,500,"146,998","11,806","78,700","39,114",-594,-58.79,"586,292","79,500","78,900","2,320","-2,168.82",-46.01,"81,300","8,107",647,-555,14.72,-28.32,"78,200","2,640","48,528",334,"-1,371",30.83,N/A,-49.04
11,삼천당제약,"165,000",상승,"10,200",+6.59%,500,"87,212","14,140","161,600","38,705",26,-334.01,"138,617","155,900","161,900","5,198",-72.36,-4.49,"165,000",698,"1,704",-51,2.94,-1.10,"155,800","1,624","23,457","2,109",-494,14.64,200,9.48
12,클래시스,"57,600",보합,0,0.00%,100,"28,990","1,674","58,000","37,731","1,224",36.71,"553,504","58,000","58,200","6,084",36.62,26.54,"58,300","4,391","1,557",975,72.38,19.83,"57,200","13,256","65,506","2,429","1,569",8.06,257,34.87
13,리노공업,"49,200",상승,"1,150",+2.39%,100,"86,226","4,236","49,000","37,496","1,242",30.73,"384,332","48,500","49,050","6,574",8.59,19.21,"49,450","1,352",348,"1,133",35.31,18.27,"48,400","6,814","76,212","2,782","1,601",6.16,600,8.85
14,에스엠,"141,000",상승,100,+0.07%,500,"17,317","2,426","139,600","32,282",873,12.96,"196,111","142,000","139,700","14,191",-23.06,2.64,"142,000",463,"5,900",8,25.20,0.06,"138,700",282,"22,895","9,897","10,881",3.56,400,2.98
15,코오롱티슈진,"39,100",상승,600,+1.56%,0,"54,621","2,139","38,750","31,906",-220,-86.12,"216,558","38,700","38,950","2,223",-7.28,-25.91,"39,900",592,764,-338,3.64,-18.92,"38,350","2,677","81,601",51,-454,17.35,0,36.90
16,실리콘투,"51,800",보합,0,0.00%,500,"118,031","6,115","51,600","31,687","1,376",23.58,"1,221,184","52,300","51,700","4,578",187.76,60.90,"52,300","8,456","1,962","1,207",7.46,35.88,"51,000","16,094","61,172","6,915","2,197",10.38,N/A,101.69
17,JYP Ent.,"80,100",하락,"1,300",-1.60%,500,"127,728","10,197","79,700","28,462","1,283",21.02,"538,914","81,400","79,900","6,788",-24.30,22.41,"81,400","12,641","1,959",977,22.34,15.63,"79,000","2,488","35,532","6,018","3,811",4.99,534,6.23
18,펄어비스,"38,650",상승,200,+0.52%,100,"7,133",275,"38,400","24,832",-123,51.67,"193,777","38,400","38,500","11,428",24.82,7.88,"38,850","1,839","3,368",603,7.44,5.12,"38,400","2,388","64,248","3,424",748,2.94,N/A,2.67
19,젬백스,"57,100",상승,"2,900",+5.35%,500,"45,002","2,556","57,300","23,643",-383,-37.10,"247,635","55,200","57,400","1,507",-387.24,-127.30,"57,900","1,521","1,217",-872,6.13,-61.01,"55,200","3,942","41,406",627,"-1,539",55.71,0,-13.18
20,셀트리온제약,"50,900",상승,100,+0.20%,500,"10,617",538,"50,700","22,232",372,81.18,"63,474","50,600","50,800","6,695",3.19,5.68,"51,000","8,265","2,725",220,4.65,3.35,"50,400","2,516","43,679","4,778",627,5.50,24,22.90
21,HPSP,"24,900",상승,750,+3.11%,500,"130,624","3,252","24,700","20,791",939,25.83,"649,780","24,400","24,750","3,199",-1.32,31.09,"25,100","7,266",420,863,20.96,26.94,"24,400","16,946","83,499","1,814",964,8.11,600,1.29
22,케어젠,"35,150",상승,350,+1.01%,100,"11,319",400,"35,000","18,881",342,60.50,"52,463","34,800","35,100","2,407",-15.18,14.35,"36,000","3,397",177,323,5.00,13.24,"34,800",741,"53,715",826,581,8.11,640,4.26
23,파크시스템스,"266,500",상승,"1,500",+0.57%,500,"1,091",289,"264,500","18,628",385,33.82,"32,993","264,000","265,500","2,743",39.80,25.83,"267,500",466,864,428,32.82,17.99,"264,000",488,"6,990","1,751","7,881",9.23,500,20.89
24,이오테크닉스,"149,300",상승,"2,100",+1.43%,500,"13,420","2,011","149,000","18,393",312,39.45,"49,822","149,300","149,600","6,530",0.84,7.43,"150,800",287,500,427,21.05,6.75,"148,100",464,"12,320","3,209","3,785",2.98,500,1.46
25,보로노이,"99,000",보합,0,0.00%,500,"21,924","2,173","98,400","18,205",-179,-44.76,"167,200","98,900","98,700",640,-65.09,-96.66,"100,500",812,297,-199,4.14,-38.23,"97,600",759,"18,388",98,"-2,212",33.72,0,-33.93
26,네이처셀,"27,750",상승,300,+1.09%,500,"88,144","2,452","27,500","17,881",6,"-9,250.00","1,126,592","27,600","27,650",720,105.82,1.95,"28,150","9,989",74,12,6.93,1.75,"27,300","6,203","64,435",323,-3,28.12,0,67.09
27,씨젠,"34,150",상승,950,+2.86%,500,"80,289","2,725","33,200","17,835",-165,167.40,"437,408","33,300","33,350","12,053",45.17,-2.03,"34,450","5,549","2,238",-203,15.94,-1.65,"33,200","1,599","52,226","4,143",204,1.57,800,12.76
28,CJ ENM,"79,600",상승,"2,300",+2.98%,"5,000","43,771","3,447","77,200","17,456","1,045",-3.17,"422,633","80,000","77,400","93,166",815.59,-16.69,"80,100","1,070","56,386","-5,808",17.28,-6.03,"76,800",269,"21,929","52,314","-25,100",0.61,N/A,19.76
29,와이지엔터테인먼트,"89,600",하락,700,-0.78%,500,"26,486","2,360","88,700","16,747",-206,71.74,"332,761","90,000","88,800","7,343",-123.65,3.90,"90,000","3,268","1,311",200,14.75,2.71,"88,500",889,"18,691","3,649","1,249",3.42,250,-35.88
30,에스티팜,"82,600",하락,600,-0.72%,500,"8,064",669,"82,800","16,646",277,55.47,"208,627","83,300","83,000","7,219",-17.36,7.82,"83,700","1,403","2,189",325,6.29,4.65,"82,600",374,"20,153","2,738","1,489",3.36,500,-3.94
31,신성델타테크,"60,300",상승,100,+0.17%,500,"16,367",988,"60,300","16,573",272,"-1,310.87","98,781","60,200","60,400","7,741",-9.01,-0.48,"60,800","2,859","4,568",74,7.99,1.02,"60,100","3,550","27,484","9,097",-46,7.82,120,9.12
32,스튜디오드래곤,"55,100",하락,900,-1.61%,500,"38,264","2,109","54,900","16,562",364,105.76,"696,355","55,900","55,000","9,255",-34.86,4.63,"56,000","3,535","1,859",335,12.63,3.32,"54,700",830,"30,058","5,501",521,2.24,N/A,-26.96
33,동진쎄미켐,"30,450",상승,400,+1.33%,500,"78,833","2,398","30,350","15,656","2,082",10.20,"342,641","30,300","30,400","20,170",18.19,17.17,"30,550","6,350","9,966","1,435",9.80,7.92,"30,125","16,480","51,414","14,081","2,986",1.53,200,7.50
34,브이티,"43,100",상승,100,+0.23%,500,"55,707","2,404","43,050","15,429","1,109",14.79,"789,482","43,350","43,150","3,596",143.48,56.07,"43,450","4,112","1,189","1,040",10.20,33.75,"42,350","5,443","35,798","4,317","2,914",6.21,N/A,46.09
35,주성엔지니어링,"32,050",상승,"1,100",+3.55%,500,"243,708","7,768","31,850","15,149",972,12.87,"1,111,285","31,200","31,900","9,868",235.88,19.76,"32,300","7,143","4,202","1,068",16.15,11.92,"31,200","13,650","47,268","4,094","2,491",2.52,287,43.78
36,루닛,"48,250",하락,400,-0.82%,500,"41,578","2,014","48,100","14,065",-677,-20.19,"368,906","48,850","48,150","4,350",-60.30,-41.21,"49,150","3,677","2,702",-824,9.77,-23.45,"48,000","2,469","29,150",542,"-2,390",8.16,0,116.03
37,카카오게임즈,"16,940",하락,70,-0.41%,100,"58,271",983,"16,830","14,038",191,-10.55,"618,829","16,970","16,840","31,732",-74.60,-7.96,"17,010","1,720","16,949","-1,281",10.73,-3.86,"16,710","1,555","82,866","6,272","-1,606",1.06,N/A,-13.58
38,엔켐,"63,700",상승,900,+1.43%,500,"42,616","2,731","63,900","13,501",-653,-6.21,"210,585","63,200","64,100","11,269","-2,244.05",-156.31,"64,900",749,"6,601","-5,712",6.68,-57.41,"62,900","4,649","21,194","3,657","-10,265",2.58,N/A,-13.89
39,디어유,"56,300",하락,100,-0.18%,500,"17,158",963,"55,700","13,365",254,64.71,"250,912","56,500","55,900","2,203",N/A,N/A,"56,700","2,146",243,244,5.50,N/A,"55,400",732,"23,738",749,870,6.79,215,N/A
40,솔브레인,"171,100",상승,"2,400",+1.42%,500,"2,326",396,"169,700","13,309","1,679",12.85,"14,496","169,100","170,300","11,682",25.82,12.47,"171,400",327,"1,309","1,196",31.62,11.06,"169,100",231,"7,779","8,634","13,317",1.27,"2,300",2.29
41,HK이노엔,"46,850",하락,100,-0.21%,500,"44,265","2,067","46,550","13,273",882,19.37,"522,564","47,050","46,650","18,896",33.82,5.02,"47,150","4,653","6,382",616,9.82,3.30,"46,250","1,875","28,330","8,971","2,419",1.05,350,8.23
42,테크윙,"35,500",상승,"1,450",+4.26%,500,"167,464","5,900","34,800","13,261",234,-94.92,"546,982","34,450","34,850","5,062",640.74,-10.25,"35,650","7,572","3,179",-220,10.35,-4.43,"34,450","13,742","37,354","1,855",-374,6.91,130,38.85
43,지아이이노베이션,"20,950",상승,150,+0.72%,500,"248,392","5,177","20,400","12,908",-483,-19.42,"1,771,810","20,400","20,450",458,9.46,-116.69,"21,600","10,080",167,-588,4.87,-92.49,"19,750","7,274","61,614",0,"-1,079",10.30,0,-99.54
44,서진시스템,"22,000",상승,200,+0.92%,500,"30,217",665,"22,000","12,375","1,087",25.00,"150,441","21,900","22,050","21,032",121.85,12.32,"22,100","9,613","12,276",839,7.14,4.63,"21,850","7,888","56,248","12,138",880,1.42,N/A,55.87
45,메디톡스,"167,200",상승,300,+0.18%,500,"3,954",661,"166,900","12,203",203,58.22,"62,970","166,000","167,000","6,152",17.47,3.62,"168,000",860,"1,444",161,11.63,2.62,"166,000",348,"7,298","2,286","2,872",2.54,"1,100",3.39
46,원익IPS,"24,700",상승,700,+2.92%,500,"49,158","1,204","24,350","12,124",106,31.51,"126,527","24,150","24,450","11,241",158.88,2.37,"24,800","4,379","2,367",207,24.84,1.88,"24,150","3,473","49,084","7,482",784,1.37,50,8.38
47,메지온,"40,100",하락,"1,300",-3.14%,500,"23,698",956,"40,500","12,033",-143,-52.49,"165,482","40,850","40,600",740,1.31,-36.23,"40,900","3,049",279,-195,21.19,-23.45,"40,000","2,112","30,007",86,-764,27.82,0,-72.85
48,ISC,"55,800",상승,"2,600",+4.89%,500,"34,324","1,902","54,500","11,828",448,25.88,"129,116","54,200","54,700","5,829",317.11,10.98,"56,200","1,845",597,549,18.74,9.76,"54,200","1,692","21,197","1,745","2,156",2.23,810,24.43
49,비에이치아이,"38,200",상승,500,+1.33%,500,"148,171","5,620","37,300","11,821",219,53.06,"765,033","37,400","37,450","5,248",45.34,20.64,"38,500","9,164","4,083",196,17.67,4.12,"37,050","9,289","30,944","4,047",720,9.50,N/A,10.16
50,카페24,"47,550",상승,"1,500",+3.26%,500,"151,858","7,277","46,950","11,532",319,38.85,"248,750","46,750","47,050","3,423","1,978.14",13.40,"48,600","2,063","1,267",235,22.16,7.08,"46,600","5,773","24,253","3,025","1,224",5.25,N/A,11.58
51,대주전자재료,"72,600",상승,"1,500",+2.11%,500,"29,215","2,130","72,800","11,239",294,29.61,"94,868","71,700","72,900","6,230",372.76,19.30,"73,600","1,329","3,927",364,18.71,7.02,"71,700","3,444","15,481","2,193","2,452",4.69,100,18.56
52,티씨케이,"95,400",상승,900,+0.95%,500,"2,311",220,"95,400","11,138",807,14.67,"22,889","94,000","95,900","5,635",21.06,14.78,"96,000",165,473,720,65.35,13.60,"93,800",326,"11,675","2,757","6,503",2.17,"1,410",21.65
53,하이젠알앤엠,"35,900",하락,400,-1.10%,500,"16,111",581,"36,050","11,089",-4,-282.68,"134,313","36,450","36,150","1,202",-108.52,-1.92,"36,600","1,446",518,-11,3.82,-0.96,"35,800",846,"30,888",759,-127,15.36,N/A,-1.76
54,제이앤티씨,"18,960",상승,910,+5.04%,500,"156,003","2,932","18,610","10,968",-461,-13.09,"472,133","18,120","18,670","6,397",-261.51,-9.65,"19,030","9,582","3,026",-334,2.38,-5.16,"18,120","3,279","57,848","2,732","-1,448",3.36,N/A,-15.52
55,고영,"15,780",상승,130,+0.83%,100,"186,983","2,963","15,740","10,834",33,63.89,"839,202","15,700","15,790","3,779",-83.69,6.68,"15,970","9,230",548,210,14.66,5.64,"15,700","4,425","68,655","2,025",247,3.31,140,-10.24
56,오스코텍,"28,200",상승,50,+0.18%,500,"7,948",224,"28,200","10,786",-27,"2,820.00","77,310","28,200","28,300","1,708",91.63,0.77,"28,550","1,763",384,-16,10.25,-1.05,"28,150","2,122","38,248",340,10,8.86,N/A,586.89
57,SOOP,"92,800",상승,"3,300",+3.69%,500,"37,110","3,439","92,700","10,667","1,135",10.32,"154,673","93,000","93,000","7,157",25.69,30.21,"93,300","1,156","3,333","1,024",35.82,15.83,"91,200","1,230","11,495","4,132","8,990",2.53,"1,500",20.10
58,위메이드,"30,950",상승,450,+1.48%,500,"11,658",359,"30,650","10,507",71,4.74,"300,771","30,700","30,800","18,757",106.40,55.57,"31,000","2,961","10,438","1,816",8.41,11.03,"30,600","1,835","33,948","7,119","6,530",2.51,N/A,17.62
59,하림지주,"9,100",하락,20,-0.22%,100,"131,215","1,181","8,950","10,193","7,655",10.64,"833,364","9,060","8,960","160,790",34.88,0.90,"9,140","5,612","101,370","1,748",8.48,1.19,"8,910","5,356","112,006","122,730",855,0.29,120,1.75
60,코나아이,"69,600",하락,"1,700",-2.38%,500,"564,201","40,668","72,800","10,136",334,30.41,"2,558,749","71,300","72,900","4,131",-0.80,16.19,"74,800","10,139","2,153",302,1.62,6.90,"68,600","13,434","14,563","2,363","2,289",5.13,680,-15.67
61,디앤디파마텍,"91,800",상승,"6,400",+7.49%,500,"101,237","9,306","92,800","9,866",-250,-29.10,"329,964","92,500","93,100",975,-85.50,-49.03,"93,700",593,279,-295,3.70,-33.37,"90,500","3,924","10,747",114,"-3,155",15.38,0,-38.77
62,성광벤드,"34,150",하락,500,-1.44%,500,"150,801","5,134","34,200","9,538",420,24.91,"1,056,995","34,700","34,100","5,631",-6.35,8.01,"34,800","6,420",443,410,24.13,7.36,"33,500","1,413","27,929","2,277","1,371",1.74,200,-10.61
63,LS마린솔루션,"28,650",상승,150,+0.53%,"1,000","233,321","6,560","27,850","9,360",124,56.96,"2,548,416","27,900","27,900","2,543",N/A,N/A,"28,750","5,276",461,132,3.24,N/A,"27,550","21,632","32,669","1,303",503,4.36,160,N/A
64,올릭스,"47,000",하락,650,-1.36%,500,"107,448","5,058","47,250","9,294",-309,-18.15,"840,012","48,450","47,350",712,-70.02,-120.11,"48,500","2,182",528,-407,4.43,-46.71,"46,100","1,098","19,775",57,"-2,589",36.78,0,-66.73
65,원텍,"10,310",하락,130,-1.25%,100,"82,538",852,"10,270","9,221",348,26.23,"1,813,243","10,380","10,300","1,779",-24.43,25.76,"10,410","11,656",511,291,7.11,17.58,"10,260","1,486","89,439","1,153",393,6.86,50,-0.32
66,넥슨게임즈,"13,720",하락,10,-0.07%,500,"21,818",298,"13,700","9,036",387,28.82,"219,658","13,720","13,680","4,872",222.40,10.93,"13,800","1,355","1,745",314,4.87,7.36,"13,590","1,382","65,860","2,561",476,2.76,N/A,32.49
67,국일제지,800,보합,0,0.00%,100,0,0,0,"9,019",-13,-88.89,0,0,0,"1,424",19.80,-9.98,0,0,194,-130,0.82,-7.09,0,0,"1,127,406",564,-9,7.32,N/A,6.08
68,덕산네오룩스,"35,500",상승,200,+0.57%,200,"20,363",716,"35,250","8,815",525,19.44,"140,996","35,200","35,400","4,523",59.39,12.17,"35,500","1,216",533,458,7.72,10.68,"34,900","6,046","24,831","2,123","1,826",2.14,N/A,29.66
69,유일로보틱스,"76,400",상승,100,+0.13%,500,"10,160",777,"76,400","8,773",4,166.45,"109,331","76,500","76,800","1,174",106.14,-13.94,"76,900","1,817",224,-91,15.41,-8.91,"76,100",305,"11,483",352,459,9.09,N/A,19.40
70,필옵틱스,"37,850",상승,"1,000",+2.71%,500,"182,632","6,944","37,950","8,662",138,171.27,"438,414","37,350","38,000","3,827",34.40,3.51,"38,500","5,475","1,441",129,1.62,3.11,"37,250","14,793","22,886","4,109",221,5.64,0,36.96
71,에스앤에스텍,"39,250",상승,"1,050",+2.75%,500,"33,031","1,293","38,650","8,420",295,24.24,"125,309","38,350","38,850","2,970",17.73,13.07,"39,650","2,337",502,303,9.82,10.95,"38,350","2,413","21,451","1,760","1,619",3.22,150,17.09
72,와이씨,"10,010",상승,200,+2.04%,100,"91,408",915,"9,970","8,213",106,96.25,"290,297","9,910","10,000","5,769",23.66,3.48,"10,100","4,508","1,586",129,0.87,2.45,"9,910","4,694","82,045","2,112",104,2.48,N/A,-17.22
73,유진테크,"35,550",상승,"1,000",+2.89%,500,"47,918","1,692","34,950","8,147",612,12.56,"106,119","34,900","35,050","5,395",151.49,16.85,"35,650","3,146","1,038",654,29.89,13.40,"34,750","4,372","22,916","3,381","2,831",1.93,230,22.25
74,레이크머티리얼즈,"12,370",상승,150,+1.23%,100,"24,851",308,"12,390","8,131",222,44.02,"204,324","12,290","12,400","3,513",-24.93,17.38,"12,530","1,007","2,200",210,6.89,6.46,"12,270","3,629","65,731","1,387",281,6.31,50,17.77
75,우리기술투자,"9,660",상승,210,+2.22%,500,"1,408,789","13,204","9,200","8,114","1,757",5.28,"14,288,920","9,420","9,230","8,038",14.13,24.89,"9,660","35,115","1,376","1,477",1.98,20.59,"9,170","9,963","84,000","1,923","1,830",1.10,N/A,12.60
76,동국제약,"17,840",상승,530,+3.06%,500,"55,645",986,"17,520","8,007",804,13.92,"149,853","17,460","17,540","9,532",20.26,10.66,"17,890","4,328","2,742",623,14.33,6.95,"17,460","3,067","44,884","8,122","1,282",1.31,200,11.10
77,에스에프에이,"21,850",상승,400,+1.86%,500,"7,142",155,"21,550","7,846",-484,-9.52,"70,632","21,450","21,650","24,796",-154.44,-7.49,"21,900","2,849","9,572",-321,9.01,-1.21,"21,450","3,812","35,909","20,454","-2,296",0.70,270,9.95
78,태성,"25,600",상승,"1,600",+6.67%,100,"84,448","2,102","24,250","7,808",60,297.67,"642,307","60,500","60,500","1,002",43.88,-3.31,"60,600","3,364",42,-30,9.63,-2.82,"58,700","4,406","13,213",300,51,7.68,0,3.13
79,로보티즈,"59,000",하락,200,-0.34%,500,"60,116","3,587","60,400","7,795",-30,"1,156.86","583,693","26,800","26,350","4,555",35.13,21.07,"26,850","10,274","2,530",393,17.45,9.60,"25,700","4,320","29,989","5,974","1,323",3.62,350,11.92
80,동성화인텍,"25,850",하락,800,-3.00%,500,"77,785","2,025","26,250","7,752",540,19.54,"316,159","24,500","24,300",796,980.50,16.61,"25,700","5,470",386,60,3.67,8.74,"24,150","2,339","30,501",592,86,5.99,0,77.61
81,하나마이크론,"11,680",상승,210,+1.83%,500,"107,777","1,261","11,720","7,741","1,068",-82.25,"657,951","11,630","11,730","19,446",84.43,-6.99,"11,780","2,854","13,388",-112,10.35,-0.61,"11,620","16,499","66,272","12,507",-142,2.12,70,29.21
82,피엔티,"32,050",상승,300,+0.94%,500,"24,863",800,"32,150","7,610","1,632",6.96,"136,820","31,850","32,200","16,203",112.19,26.52,"32,550","1,783","9,957","1,422",4.15,8.83,"31,850","3,128","23,743","10,351","4,605",1.30,100,89.78
83,LS머트리얼즈,"11,210",상승,30,+0.27%,500,"36,039",405,"11,280","7,584",62,243.70,"208,386","11,200","11,300","2,531",-54.33,3.11,"11,320","7,682",460,57,4.20,2.19,"11,190","5,083","67,653","1,421",46,4.13,N/A,3.79
84,피에스케이홀딩스,"34,550",상승,"1,550",+4.70%,500,"129,686","4,501","34,850","7,450",885,8.06,"106,020","33,800","34,950","5,136",228.07,24.80,"35,350","4,344",821,958,4.16,20.94,"33,750","6,815","21,562","2,155","4,289",1.73,700,127.53
85,심텍,"23,000",상승,"1,500",+6.98%,500,"704,232","16,424","23,400","7,326",-470,-14.45,"689,380","23,000","23,500","14,433",46.70,-6.63,"23,850","13,717","9,948",-310,6.34,-2.37,"22,650","21,967","31,854","12,314","-1,592",1.79,100,18.19
86,솔브레인홀딩스,"34,500",하락,300,-0.86%,500,"4,472",155,"34,800","7,233",853,15.29,"40,029","35,100","34,900","19,966",-29.47,4.62,"35,100",98,"5,055",557,5.14,2.95,"34,100",853,"20,964","5,154","2,257",0.54,220,-22.10
87,안랩,"64,700",보합,0,0.00%,500,"6,138",397,"65,000","7,199",277,19.34,"66,634","64,900","65,200","4,647",4.77,10.40,"65,300","2,202",959,324,32.34,7.71,"64,300",704,"11,127","2,606","3,346",1.74,"1,300",8.93
88,HLB생명과학,"5,870",상승,30,+0.51%,500,"28,530",168,"5,870","7,157",-248,-3.54,"259,024","5,860","5,910","5,390",-1.17,1.95,"5,940","8,211","1,402",62,9.71,1.29,"5,840","13,513","121,917","1,022","-1,657",2.10,0,4.34
89,펌텍코리아,"57,500",상승,400,+0.70%,500,"1,920",110,"57,100","7,130",484,20.01,"39,487","57,600","57,400","4,076",37.15,12.99,"57,800",553,869,383,15.44,10.04,"57,100",934,"12,400","3,375","2,873",2.63,420,18.63
90,코미코,"68,000",상승,"1,100",+1.64%,500,"17,140","1,162","67,700","7,113","1,125",12.40,"125,051","67,400","67,900","8,003",240.50,23.36,"68,400","1,618","4,246",878,19.38,12.60,"66,900",988,"10,461","5,071","5,483",2.58,"1,000",65.05
91,HLB테라퓨틱스,"8,290",상승,70,+0.85%,500,"60,393",500,"8,350","6,994",-76,-25.35,"524,021","8,270","8,360","2,198",12.63,-14.34,"8,410","17,999",379,-235,6.12,-11.16,"8,210","3,998","84,371",549,-327,4.52,0,4.45
92,비츠로셀,"30,400",상승,50,+0.16%,500,"4,674",142,"30,350","6,953",519,13.26,"255,639","30,250","30,550","3,179",37.73,19.92,"30,550","2,588",348,513,29.42,17.86,"30,150","2,140","22,872","2,108","2,292",2.39,460,19.61
93,현대힘스,"19,460",하락,160,-0.82%,500,"74,858","1,466","19,630","6,894",215,38.61,"417,464","19,830","19,650","3,265",48.99,8.07,"19,850","2,632",930,166,1.34,5.74,"19,360","3,163","35,425","2,232",504,2.93,100,17.96
94,아난티,"7,760",하락,70,-0.89%,100,"141,789","1,106","7,800","6,878",8,-41.50,"948,918","7,830","7,820","16,224",-99.70,-4.56,"7,860","14,194","9,110",-324,6.60,-2.04,"7,750","6,521","88,629","2,852",-187,0.97,N/A,-68.22
95,한글과컴퓨터,"28,150",하락,950,-3.26%,500,"123,889","3,509","28,300","6,807",404,43.78,"633,494","28,650","28,350","6,819",18.37,4.06,"28,650","20,057","1,963",140,6.40,2.13,"28,050","8,002","24,180","3,048",643,1.94,410,12.42
96,휴온스글로벌,"53,200",상승,400,+0.76%,500,"1,825",97,"52,800","6,723",970,25.80,"70,556","52,800","53,000","14,059",-14.88,5.05,"53,400",868,"4,418",671,7.95,4.93,"52,600",103,"12,637","8,135","2,062",1.23,525,7.26
97,위메이드맥스,"8,010",상승,110,+1.39%,500,"11,593",92,"7,850","6,643",-81,-31.91,"107,353","7,900","7,930","5,976",-315.03,-3.29,"8,030","1,886",962,-157,11.75,-4.31,"7,840","6,379","82,936",750,-251,1.34,0,7.49
98,엘앤씨바이오,"28,400",하락,100,-0.35%,500,"44,176","1,252","28,100","6,583",25,4.63,"726,583","28,250","28,150","4,756",-68.73,65.41,"28,950","7,023","1,809","1,410",9.02,38.21,"27,900","1,001","23,179",721,"6,131",2.27,50,9.35
99,차바이오텍,"11,620",상승,20,+0.17%,500,"66,670",769,"11,460","6,544",-597,-51.88,"1,351,648","11,490","11,490","21,944",-523.82,-2.85,"11,690","11,034","14,755",-146,8.01,-0.74,"11,440","1,904","56,314","10,450",-224,2.56,0,9.55
100,SAMG엔터,"74,000",하락,"1,700",-2.25%,500,"21,660","1,614","74,500","6,490",-61,-87.89,"251,212","76,100","74,800",974,35.14,-52.24,"76,300",763,666,-194,18.45,-19.62,"73,500",644,"8,771","1,164",-842,16.86,N/A,22.41
101,다우데이타,"16,770",하락,70,-0.42%,500,"59,033",982,"16,650","6,423","12,059",4.43,"335,401","16,780","16,700","577,571",80.54,12.96,"16,810","4,241","512,862","8,659",10.65,1.55,"16,520","3,316","38,300","121,361","3,783",0.46,450,17.44
102,솔트룩스,"52,600",하락,600,-1.13%,500,"148,283","7,834","52,200","6,381",-66,-121.76,"885,670","52,500","52,300",932,28.63,-6.63,"53,700","14,107",206,-59,4.54,-6.10,"51,500","7,776","12,131",459,-432,9.67,N/A,49.03
103,나노신소재,"51,400",상승,600,+1.18%,500,"7,274",375,"51,600","6,270",30,-280.87,"37,375","50,800","51,900","4,422",-74.88,-0.77,"52,200",988,"1,980",-19,8.32,-0.43,"50,800",469,"12,198",878,-183,2.51,250,5.53
104,HLB제약,"18,960",하락,20,-0.11%,500,"17,119",325,"19,040","6,217",15,116.32,"115,168","19,020","19,120","1,579",107.54,1.98,"19,150","2,868",415,20,0.93,1.35,"18,870",819,"32,791","1,371",163,5.53,0,0.83
105,태웅,"30,750",상승,"1,450",+4.95%,500,"625,567","19,191","29,850","6,152",228,31.54,"6,371,541","29,350","29,900","8,126",-42.28,4.42,"31,950","7,063","2,081",247,8.22,3.17,"29,150","12,072","20,007","3,863",975,1.02,N/A,-12.94
106,엠로,"49,800",상승,200,+0.40%,500,"4,731",235,"49,700","6,143",86,30.80,"75,836","49,800","49,850","1,024",84.58,31.88,"50,100","1,306",134,186,4.29,19.17,"49,450",821,"12,335",795,"1,617",6.77,0,25.77
107,비올,"10,350",상승,90,+0.88%,100,"111,927","1,159","10,330","6,046",361,17.19,"557,550","10,350","10,360",981,61.62,44.73,"10,420","33,866",92,326,7.42,40.31,"10,300","13,466","58,419",582,602,6.18,20,36.86
108,RFHIC,"22,650",상승,200,+0.89%,500,"35,257",785,"22,200","5,999",15,79.47,"181,726","22,450","22,300","4,829",404.84,8.60,"22,700","1,757","1,250",197,11.65,3.97,"21,850","2,987","26,484","1,149",285,1.86,100,3.09
109,휴메딕스,"53,200",하락,800,-1.48%,500,"12,488",670,"54,100","5,974",431,13.75,"162,832","54,500","54,400","2,498",15.63,18.41,"54,800","1,818",212,393,10.26,16.72,"53,000","1,122","11,230","1,619","3,868",2.30,630,6.30
110,아이쓰리시스템,"82,600",상승,800,+0.98%,500,"10,540",879,"83,300","5,870",148,36.76,"53,833","84,600","83,500","1,468",20.94,15.31,"84,700",954,411,150,5.14,10.77,"82,500",638,"7,107","1,207","2,247",5.15,400,-0.69
111,인카금융서비스,"11,310",상승,230,+2.08%,100,"24,485",273,"11,130","5,811",863,8.93,"531,714","11,080","11,150","7,074",85.22,50.62,"11,340","5,944","5,602",620,5.23,10.30,"11,050","1,643","51,380","8,323","1,267",3.46,100,49.47
112,에스피지,"26,000",보합,0,0.00%,500,"13,348",347,"25,900","5,766",123,42.28,"172,363","26,200","25,950","3,975",-22.76,5.54,"26,200","5,788","1,434",131,4.75,3.52,"25,800","5,427","22,177","3,885",615,2.27,150,-1.35
113,피에스케이,"19,890",상승,440,+2.26%,500,"42,971",853,"19,880","5,761",839,7.34,"158,307","19,630","19,890","5,694",55.08,18.31,"19,960","2,433",976,791,25.63,14.88,"19,630","1,671","28,967","3,981","2,708",1.20,400,13.13
114,바이넥스,"17,540",상승,40,+0.23%,500,"38,381",674,"17,490","5,733",-308,-22.34,"214,923","17,550","17,520","2,794","-3,050.79",-19.34,"17,710","1,943",978,-352,6.31,-13.12,"17,450","2,114","32,684","1,301",-785,3.03,N/A,-16.00
115,시노펙스,"6,480",상승,90,+1.41%,500,"65,255",422,"6,450","5,684",212,21.97,"347,818","6,400","6,470","2,354",-12.19,18.58,"6,520","16,614",678,280,2.07,12.82,"6,390","21,630","87,720","2,383",295,3.28,0,-9.09
116,넥스틴,"54,200",상승,"1,000",+1.88%,500,"9,238",500,"53,800","5,679",470,21.21,"49,844","54,000","54,000","1,898",29.89,27.00,"54,500","1,962",322,384,12.40,23.10,"53,600","2,714","10,477","1,137","2,555",3.57,500,29.33
117,제룡전기,"35,300",하락,200,-0.56%,500,"31,266","1,106","35,350","5,670",978,7.78,"265,571","35,750","35,400","2,418",39.48,49.72,"35,800","5,209",451,799,13.00,39.92,"35,150","2,634","16,062","2,627","4,539",2.90,"1,000",42.84
118,태광,"21,350",하락,50,-0.23%,500,"34,850",742,"21,150","5,658",399,14.53,"439,936","21,600","21,250","6,603",-30.93,8.20,"21,600","15,543",509,461,14.76,7.17,"21,050","4,531","26,500","2,668","1,469",0.97,250,-14.50
119,메가스터디교육,"52,300",상승,300,+0.58%,100,"1,854",96,"51,900","5,633","1,236",11.99,"26,636","51,500","52,100","8,783",-2.99,9.97,"52,400","1,209","4,116",502,29.20,5.47,"51,500",630,"10,771","9,422","4,363",1.24,"1,500",0.75
120,코스메카코리아,"52,600",상승,800,+1.54%,500,"10,162",535,"52,400","5,618",604,13.50,"92,052","53,000","52,600","5,179",22.80,22.07,"53,200","2,595","2,103",537,12.69,11.30,"52,100","2,093","10,680","5,243","3,897",2.60,100,11.39
121,인투셀,"37,700",하락,"1,000",-2.58%,500,"113,343","4,285","38,550","5,591",-98,-49.87,"722,282","39,100","38,650",237,43.70,-95.55,"39,150","2,742",162,-99,0.51,-39.93,"37,400",410,"14,829",29,-756,66.58,0,79.72
122,씨아이에스,"7,140",상승,60,+0.85%,100,"38,776",277,"7,170","5,524",593,9.11,"193,074","7,090","7,190","7,338",52.39,15.16,"7,210","7,639","2,551",562,8.45,8.44,"7,060","10,878","77,372","5,085",784,1.12,N/A,63.96
123,쎄트렉아이,"49,800",하락,"1,000",-1.97%,500,"14,349",720,"50,300","5,454",-31,44.46,"129,011","51,000","50,400","4,470",29.44,3.49,"51,100","1,708","2,230",62,6.69,1.64,"49,600","1,286","10,951","1,713","1,120",2.31,190,36.55
124,서부T&D,"8,250",하락,80,-0.96%,500,"43,922",363,"8,210","5,439",480,16.14,"439,264","8,360","8,240","28,945",28.91,3.70,"8,360","2,684","16,536",647,11.85,2.47,"8,170","7,208","65,927","1,875",511,0.53,100,10.83
125,대명에너지,"31,800",상승,"3,200",+11.19%,100,"1,177,560","38,994","33,750","5,422",97,45.76,"465,733","31,200","33,900","3,699",-42.03,6.24,"34,800","11,729","2,412",78,0.44,2.18,"30,850","21,737","17,050",678,695,3.97,N/A,9.93
126,네오위즈,"24,550",상승,150,+0.61%,500,"10,679",262,"24,400","5,366",329,-65.82,"190,693","24,400","24,450","6,200",4.20,0.49,"24,650","3,614","1,011",-70,12.86,-1.08,"24,400","3,503","21,857","3,668",-373,0.99,N/A,0.33
127,두산테스나,"27,750",상승,650,+2.40%,500,"35,164",969,"27,400","5,363",379,39.64,"97,310","27,400","27,550","7,877",N/A,N/A,"27,900","3,677","3,500",368,4.67,N/A,"27,300","3,328","19,327","3,731",700,1.27,160,N/A
128,파두,"10,770",상승,110,+1.03%,100,"13,516",146,"10,720","5,323",-950,-6.08,"67,540","10,710","10,770","1,344",-62.28,-64.47,"10,860","1,980",365,-915,6.27,-48.41,"10,680",599,"49,428",435,"-1,772",6.25,0,93.60
129,티앤엘,"65,200",하락,100,-0.15%,500,"6,110",401,"66,100","5,299",570,9.61,"62,158","66,200","66,200","1,971",84.69,30.84,"66,200","1,533",256,464,13.75,27.36,"65,000","1,677","8,128","1,749","6,787",2.90,750,51.47
130,인텔리안테크,"49,100",상승,550,+1.13%,500,"26,389","1,288","48,800","5,270",-194,-42.96,"147,641","49,500","48,850","4,407",-281.28,-1.12,"49,500","1,599","1,761",-30,11.81,-0.67,"48,100","1,363","10,733","2,578","-1,143",2.04,100,-15.50
131,컴투스,"41,100",상승,150,+0.37%,500,"3,211",131,"40,800","5,235",61,-4.69,"49,527","41,000","40,850","16,460",118.47,-10.37,"41,100","1,384","5,961","-1,520",13.63,-9.04,"40,700",225,"12,738","6,939","-8,768",0.48,"1,300",-6.18
132,하나머티리얼즈,"26,250",상승,900,+3.55%,500,"28,959",755,"25,900","5,192",434,16.01,"148,637","25,600","26,000","5,739",5.16,8.43,"26,400","4,659","2,201",318,20.14,5.10,"25,600","6,350","19,778","2,516","1,640",1.40,250,7.74
133,현대바이오,"10,795",하락,45,-0.42%,500,"34,695",375,"10,830","5,184",8,-32.61,"173,119","10,840","10,860",677,108.08,-16.36,"10,880","5,547",283,-69,9.44,-11.50,"10,790","1,163","48,022",151,-331,4.41,N/A,58.73
134,SFA반도체,"3,140",상승,35,+1.13%,500,"41,976",132,"3,125","5,164",0,-209.33,"273,339","3,120","3,140","6,235",99.77,4.51,"3,160","5,449","1,256",205,4.12,3.32,"3,120","8,409","164,460","4,005",-15,1.05,N/A,-3.90
135,에코프로에이치엔,"24,600",상승,250,+1.03%,500,"17,389",430,"24,700","5,160",242,24.17,"66,818","24,550","24,850","4,667",-42.02,10.59,"25,000","2,047","1,704",215,9.21,6.22,"24,500","1,467","20,975","2,345","1,018",1.75,300,2.43
136,데브시스터즈,"42,100",하락,400,-0.94%,500,"8,235",345,"42,250","5,138",272,17.70,"72,595","42,100","42,350","2,604",156.64,19.72,"42,500","1,125","1,062",283,10.76,11.31,"41,700",246,"12,203","2,362","2,379",2.84,0,46.57
137,가온칩스,"44,200",상승,450,+1.03%,500,"11,125",498,"45,050","5,126",35,221.00,"47,132","44,900","45,150","1,127",-19.00,11.46,"45,250",372,434,75,1.19,7.27,"44,050","3,440","11,597",965,200,8.03,N/A,51.72
138,큐리옥스바이오시스템즈,"31,650",하락,450,-1.40%,500,"13,300",424,"31,750","5,111",-134,-56.32,"345,724","31,850","31,850",706,-26.72,-15.94,"32,150","2,794",219,-81,14.98,-12.60,"31,550","1,731","16,149",46,-562,11.22,0,-32.42
139,웹젠,"14,770",하락,50,-0.34%,500,"6,719",99,"14,700","5,111",546,13.71,"71,506","14,850","14,820","7,509",9.32,8.81,"14,900","2,067",783,568,30.00,7.81,"14,670",512,"34,601","2,147","1,077",0.65,300,9.40
140,감성코퍼레이션,"5,420",상승,240,+4.63%,500,"327,509","1,746","5,230","4,959",361,16.63,"896,734","5,220","5,250","1,543",11.82,30.74,"5,420","20,357",419,293,13.66,21.77,"5,180","11,244","91,500","2,204",326,4.25,0,23.85
141,현대무벡스,"4,200",상승,40,+0.96%,100,"45,916",191,"4,135","4,950",246,22.34,"306,085","4,190","4,140","2,989",493.03,16.17,"4,205","9,538","1,267",269,2.77,9.83,"4,130","3,365","117,846","3,414",188,3.09,50,27.46
142,테스,"24,300",상승,600,+2.53%,500,"49,656","1,214","24,300","4,804",385,9.31,"72,757","24,100","24,450","3,812",756.34,13.55,"25,050","3,029",506,427,7.09,12.13,"24,100","8,834","19,768","2,401","2,611",1.26,600,63.39
143,유바이오로직스,"13,090",상승,40,+0.31%,500,"19,717",258,"13,060","4,794",343,12.44,"167,942","13,140","13,100","2,021",345.78,15.61,"13,140","3,666",701,190,8.12,10.73,"13,000","1,614","36,624",960,"1,052",3.23,0,38.45
144,갤럭시아머니트리,"12,200",하락,650,-5.06%,500,"643,601","7,831","12,100","4,786",132,225.93,"10,486,050","12,400","12,110","3,646",43.07,0.72,"12,410","16,198","2,525",6,1.96,0.15,"12,000","11,070","39,230","1,288",54,4.23,45,-2.73
145,성우하이텍,"5,980",상승,80,+1.36%,500,"44,304",265,"5,980","4,784","2,059",3.22,"316,423","5,940","5,990","45,631",-19.81,9.86,"6,020","7,886","27,210","1,351",6.48,3.14,"5,940","6,933","80,000","42,451","1,855",0.31,150,-1.78
146,포스코엠텍,"11,450",상승,130,+1.15%,500,"23,403",269,"11,460","4,768",14,-272.62,"80,057","11,330","11,510","1,498",-68.30,0.50,"11,580","1,820",379,6,6.30,0.37,"11,330","1,718","41,643","3,466",-42,4.33,20,1.53
147,원익QnC,"18,060",상승,650,+3.73%,500,"46,018",823,"17,660","4,748",906,9.48,"117,193","17,500","17,700","15,347",9.19,11.67,"18,100","2,549","9,654",615,5.29,4.23,"17,500","1,154","26,288","8,915","1,905",0.99,100,10.62
148,이녹스첨단소재,"23,350",상승,400,+1.74%,500,"13,907",325,"23,250","4,723",868,6.21,"88,344","23,100","23,300","8,260",105.88,16.27,"16,120","2,334",11,0,4.20,0.02,"15,550",340,"29,764",53,-7,10.94,N/A,28.93
149,바이오다인,"15,810",상승,300,+1.93%,500,"18,190",289,"15,600","4,706",-17,"-2,258.57","147,102","15,690","15,680",443,15.65,0.03,"23,500","2,978","3,574",701,14.89,10.02,"23,100","2,178","20,228","4,228","3,759",0.92,350,9.25
150,제주반도체,"13,660",상승,160,+1.19%,500,"83,462","1,143","13,660","4,705",96,28.46,"386,106","13,640","13,670","2,254",-46.29,11.44,"13,760","4,068",412,194,0.00,9.15,"13,600","4,288","34,443","1,623",480,2.41,N/A,11.28
151,지엔씨에너지,"28,300",상승,300,+1.07%,500,"34,948",998,"28,350","4,655",317,9.68,"183,059","28,800","28,400","2,652",187.62,27.54,"28,950","10,044","1,038",389,7.82,17.18,"28,100","1,446","16,449","2,263","2,924",2.53,100,35.99
152,에스티큐브,"6,740",상승,40,+0.60%,500,"3,747",25,"6,720","4,582",-226,-18.62,"149,222","6,800","6,740","1,119",13.15,-33.09,"6,800","5,489",176,-214,3.76,-27.16,"6,700","2,369","67,983",113,-362,5.10,N/A,93.88
153,신라젠,"3,300",상승,20,+0.61%,500,"83,670",275,"3,265","4,558",-268,-16.26,"729,824","3,295","3,270","1,490",-25.40,-28.05,"3,315","12,030",172,-265,2.69,-23.50,"3,265","13,455","138,130",39,-203,3.58,0,-0.33
154,티에스이,"41,200",상승,550,+1.35%,500,"4,829",199,"41,150","4,557",399,9.89,"43,886","40,800","41,350","5,194","1,776.34",13.36,"41,450",948,"1,197",450,6.19,9.36,"40,800","1,326","11,061","3,481","4,165",1.31,400,39.70
155,아이센스,"16,430",상승,280,+1.73%,500,"7,938",129,"16,300","4,554",27,421.28,"49,022","16,020","16,330","5,909",-75.68,-0.59,"16,440","4,959","2,479",-20,26.04,-0.36,"16,020",692,"27,715","2,911",39,1.40,100,9.81
156,한국기업평가,"100,000",상승,"1,400",+1.42%,"5,000",711,71,"99,100","4,541",327,18.01,"6,280","99,100","99,700","1,753",26.48,21.69,"100,300",188,405,286,81.00,17.31,"98,600",163,"4,541","1,041","5,552",4.23,"3,954",8.85
157,삼현,"14,170",하락,60,-0.42%,500,"45,288",644,"14,200","4,493",55,50.25,"561,462","14,390","14,210","1,403",N/A,N/A,"14,390","6,153",251,83,0.86,N/A,"14,100","1,059","31,708","1,004",282,3.87,50,N/A
158,원익홀딩스,"5,810",상승,100,+1.75%,500,"427,900","2,470","5,730","4,488",306,-10.51,"3,297,412","5,750","5,750","18,901",-33.12,-7.41,"5,835","64,049","6,416",-611,4.03,-3.26,"5,710","24,181","77,238","6,455",-553,0.46,N/A,-13.88
159,이엔에프테크놀로지,"31,400",상승,100,+0.32%,500,"3,826",120,"31,250","4,486",593,11.17,"48,320","31,300","31,400","7,236",148.52,8.21,"31,450","2,743","3,222",297,6.97,4.30,"31,200","3,755","14,288","5,824","2,810",1.09,150,9.67
160,미코,"13,400",상승,140,+1.06%,500,"35,902",483,"13,400","4,478",946,15.42,"431,951","13,320","13,430","13,927",216.51,20.43,"13,540",666,"8,598",765,10.71,6.87,"13,310","4,125","33,417","5,405",869,3.77,N/A,41.62
161,콜마비앤에이치,"15,090",하락,120,-0.79%,500,"9,561",144,"15,080","4,439",246,35.01,"62,395","15,070","15,090","6,909",-18.62,4.54,"15,340",992,"2,956",172,2.90,2.48,"14,940",672,"29,416","6,156",431,1.11,308,6.23
162,쏠리드,"7,250",상승,90,+1.26%,500,"89,163",644,"7,180","4,429",351,14.41,"648,939","7,160","7,200","4,968",-3.11,15.52,"7,270","14,182","1,740",462,10.46,9.69,"7,150","23,036","61,095","3,311",503,1.36,50,3.02
163,코난테크놀로지,"38,550",하락,"1,250",-3.14%,500,"59,933","2,322","38,750","4,421",-141,-38.28,"298,378","38,800","38,800",444,-28.30,-53.30,"39,350","4,459",248,-136,1.21,-29.42,"38,300","1,823","11,467",263,"-1,007",27.88,N/A,7.74
164,클로봇,"17,870",하락,70,-0.39%,500,"53,377",957,"17,960","4,405",-75,-57.09,"360,121","18,030","17,970",695,-29.94,-15.71,"18,030","3,407",95,-67,0.42,-12.93,"17,870","3,229","24,651",334,-313,7.67,N/A,37.97
165,바이오플러스,"7,280",상승,40,+0.55%,500,"49,283",357,"7,210","4,404",237,22.61,"760,094","7,240","7,230","2,643",-15.55,10.83,"7,350","8,119","1,166",175,8.22,8.01,"40,400",764,"10,684",18,"-2,835",12.14,0,170.90
166,인벤티지랩,"41,100",상승,450,+1.11%,500,"100,975","4,149","41,250","4,391",-190,-14.50,"533,763","40,950","41,300",723,-18.81,-91.93,"42,050","5,118",397,-170,2.24,-28.95,"11,600","4,153","36,655",288,173,12.18,50,2.10
167,아스테라시스,"11,955",상승,355,+3.06%,100,"48,006",570,"11,680","4,382",67,69.10,"267,729","11,600","11,760",247,328.57,40.61,"11,980","1,530",51,54,3.43,25.90,"7,170","4,323","60,500",664,322,2.83,32,64.78
168,동화기업,"8,640",상승,80,+0.93%,200,"13,864",120,"8,660","4,368",167,-19.73,"73,869","8,600","8,690","23,972",200.80,-1.40,"8,730","2,551","14,194",-162,50.48,-0.69,"8,590",931,"50,557","9,180",-438,0.46,N/A,-4.70
169,코엔텍,"8,940",보합,0,0.00%,500,0,0,0,"4,343",305,16.93,0,0,0,"2,335",-11.33,14.48,0,0,514,263,7.64,11.52,0,0,"48,581",805,528,2.29,0,2.21
170,글로벌텍스프리,"6,150",상승,40,+0.65%,500,"101,144",623,"6,150","4,322",218,36.39,"1,050,301","6,150","6,160","1,745",121.88,5.60,"6,200","20,107",462,63,16.72,3.66,"6,090","26,608","70,283","1,297",169,3.77,N/A,58.84
171,골프존,"68,200",상승,600,+0.89%,500,"1,506",102,"67,800","4,280",958,8.53,"14,262","67,500","67,900","6,655",-16.34,11.63,"68,200",464,"2,188",420,22.68,6.45,"67,400",298,"6,275","6,200","7,991",0.94,"4,000",-9.51
172,네오셈,"9,670",상승,120,+1.26%,100,"34,107",329,"9,650","4,242",165,24.36,"174,394","9,630","9,670","1,419",103.63,18.96,"9,700","7,465",260,192,0.00,15.47,"13,430","3,765","31,017","4,908","1,277",1.21,100,21.82
173,제우스,"13,650",상승,300,+2.25%,500,"51,569",702,"13,470","4,234",492,10.69,"166,714","13,430","13,520","6,409",588.24,12.99,"13,730","3,814","2,586",431,4.68,6.83,"9,620","4,796","43,869","1,052",397,3.56,60,4.27
174,큐로셀,"29,550",상승,800,+2.78%,500,"12,229",361,"29,050","4,233",-106,-11.76,"34,124","29,200","29,100",515,-138.14,55.22,"29,750","1,615",490,-77,0.97,-22.88,"28,900","2,204","14,324",0,"-2,512",18.43,0,"8,891.25"
175,한텍,"37,900",상승,300,+0.80%,"5,000","65,822","2,477","37,400","4,215",168,12.71,"308,200","37,600","37,450","2,075",10.40,26.22,"38,200","13,160",958,263,2.49,13.00,"37,150","5,191","11,121","1,559","2,981",3.15,450,-12.73
176,셀바스AI,"15,610",하락,790,-4.82%,500,"233,881","3,710","15,910","4,201",8,-68.17,"662,483","16,200","15,920","3,121",-80.43,-4.61,"16,200","3,150",492,-10,4.35,-0.40,"15,590","7,094","26,915","1,125",-229,3.50,N/A,112.13
177,이뮨온시아,"5,750",하락,160,-2.71%,500,"280,662","1,620","5,730","4,198",-126,N/A,"1,516,032","5,900","5,740",262,-6.80,77.02,"5,900","8,154",68,-57,0.47,-18.96,"5,680","18,111","73,004",7,N/A,N/A,0,495.04
178,바이오니아,"16,260",상승,210,+1.31%,500,"15,422",249,"16,070","4,197",-134,-21.12,"79,602","16,020","16,150","3,322","-1,794.54",-9.40,"16,280","1,608","1,053",-190,7.45,-5.88,"16,000","2,136","25,810","2,940",-770,1.96,N/A,11.68
179,다날,"6,080",상승,150,+2.53%,500,"6,780,065","40,765","5,840","4,192",14,68.31,"34,304,429","6,110","5,850","7,456",-60.17,2.46,"6,270","83,793","4,356",29,3.50,0.39,"5,740","88,407","68,949","2,609",89,1.37,N/A,-11.69
180,케이엠더블유,"10,500",상승,150,+1.45%,500,"16,832",175,"10,380","4,181",-455,-12.30,"131,866","10,410","10,400","2,690",27.65,-24.24,"10,500","1,847","1,254",-386,6.40,-14.17,"10,340","1,628","39,821",874,-854,3.03,N/A,-12.70
181,유티아이,"23,250",상승,250,+1.09%,500,"5,697",132,"23,100","4,174",-322,-15.41,"28,185","22,800","23,150","1,606",-63.41,-49.58,"23,400","1,703",861,-227,13.13,-17.39,"22,650",985,"17,953",186,"-1,509",6.70,N/A,-4.14
182,아이티센글로벌,"17,920",상승,490,+2.81%,500,"362,426","6,417","17,230","4,158",586,35.42,"3,250,221","17,340","17,280","9,454",91.90,5.79,"18,300","2,831","6,229",361,3.72,4.19,"16,890","2,576","23,205","49,618",506,5.15,N/A,76.26
183,서희건설,"1,772",하락,41,-2.26%,500,"229,743",408,"1,789","4,072","2,357",3.70,"649,920","1,829","1,793","15,406",3.30,17.64,"1,829","9,871","5,668","1,593",5.36,10.35,"1,762","3,092","229,808","14,736",479,0.34,45,2.20
184,에코앤드림,"22,800",상승,400,+1.79%,500,"21,528",491,"22,900","4,055",5,25.76,"95,827","22,600","22,950","4,058",116.42,8.41,"23,050","2,327","1,841",135,1.04,4.83,"22,500","2,027","17,786","1,049",885,1.80,N/A,103.87
185,성일하이텍,"33,250",상승,250,+0.76%,500,"2,989",99,"33,200","4,049",-714,-3.48,"21,632","33,000","33,350","6,795",-756.19,-42.96,"33,500",557,"4,547","-1,125",2.60,-17.93,"32,850",381,"12,176","1,362","-9,553",2.17,0,-44.93
186,동운아나텍,"19,300",상승,100,+0.52%,500,"10,338",198,"19,090","4,036",175,29.74,"62,933","19,190","19,130",988,-30.43,37.49,"19,320","1,466",275,247,5.45,26.72,"19,080",794,"20,910","1,383",649,5.98,109,24.02
187,큐렉소,"9,770",보합,0,0.00%,500,"14,740",144,"9,760","4,014",-58,-54.89,"145,118","9,780","9,790","1,026",-612.71,-9.04,"9,840","5,724",92,-88,2.83,-8.34,"9,740","2,201","41,090",555,-178,4.25,N/A,-23.81
188,에이프릴바이오,"17,810",상승,280,+1.60%,"1,000","36,402",650,"17,620","4,012",169,17.41,"142,021","17,720","17,660",996,226.00,26.90,"18,010",303,86,200,5.52,22.32,"17,610","1,853","22,528",275,"1,023",4.34,0,N/A
189,케이아이엔엑스,"82,000",하락,"1,500",-1.80%,500,"2,182",180,"82,600","4,002",237,23.32,"12,733","83,500","82,800","3,368",-10.67,10.13,"83,500",818,"1,068",183,29.20,6.20,"82,000",76,"4,880","1,389","3,516",2.09,600,13.22
190,서울반도체,"6,845",상승,45,+0.66%,500,"15,698",107,"6,830","3,991",8,-14.78,"102,264","6,800","6,840","12,612",101.61,-0.74,"6,850","5,934","5,602",-19,9.35,-0.16,"6,790","4,458","58,305","10,905",-463,0.58,N/A,5.63
191,에프에스티,"18,040",상승,390,+2.21%,500,"18,397",331,"17,970","3,961",23,46.86,"46,379","17,650","17,990","5,061",121.21,0.60,"18,150",555,"2,620",-16,5.09,-0.36,"17,600","2,795","21,956","2,374",385,1.47,5,20.14
192,유진로봇,"10,510",보합,0,0.00%,500,"62,146",655,"10,530","3,943",-42,-80.85,"468,451","10,590","10,540",547,20.92,-8.56,"2,400","91,332","1,534",-44,1.19,-1.93,"2,250","94,441","164,677",713,-46,3.51,0,12.80
193,천보,"39,400",상승,300,+0.77%,500,"6,399",253,"39,700","3,940",-228,-137.76,"29,513","39,400","39,800","10,079",-182.81,-8.27,"10,590","15,090",190,-32,13.35,-5.62,"10,500","7,180","37,512",260,-130,11.81,N/A,35.12
194,우리기술,"2,390",상승,65,+2.80%,500,"3,957,211","9,292","2,310","3,936",6,-51.96,"10,336,967","2,325","2,315","2,655",-91.71,-3.33,"40,200",514,"5,929",-323,4.12,-3.33,"39,200",751,"10,000","1,449",-286,1.07,N/A,-20.68
195,코오롱생명과학,"31,150",상승,"1,850",+6.31%,500,"19,569",604,"30,050","3,870",-221,-4.87,"40,634","30,100","30,300","4,196",8.35,-64.87,"31,600","1,095","2,702",-931,2.82,-25.54,"29,600",327,"12,423","1,614","-6,402",1.28,N/A,29.48
196,넵튠,"8,260",상승,110,+1.35%,500,"41,130",336,"8,110","3,858",96,-29.82,"1,518,181","8,130","8,130","4,075",345.59,0.53,"8,260","3,757",370,48,2.28,1.17,"7,990","3,441","46,702","1,216",-277,0.99,0,21.91
197,덕산테코피아,"18,610",상승,190,+1.03%,500,"15,086",281,"18,600","3,811",-302,-6.39,"194,717","18,420","18,660","6,630",-385.42,-28.30,"18,820",970,"4,572",-726,3.99,-12.33,"18,420","1,947","20,477",997,"-2,911",2.03,N/A,5.97
198,오름테라퓨틱,"17,990",상승,350,+1.98%,100,"62,138","1,108","17,630","3,790",-83,-49.42,"316,905","17,770","17,700","1,538",-108.72,-17.50,"18,090","2,218",321,-57,2.34,-3.64,"17,450","1,782","21,069",209,-364,2.33,0,-84.56
199,켐트로닉스,"24,700",상승,400,+1.65%,500,"44,672","1,106","24,800","3,788",373,20.53,"227,393","24,650","24,900","6,417",95.24,10.70,"24,950","5,183","4,066",214,7.36,3.77,"24,600","6,489","15,334","5,752","1,203",1.88,200,6.08
200,코미팜,"5,210",상승,20,+0.39%,100,"11,675",61,"5,160","3,774",62,29.77,"154,947","5,230","5,210","1,228",198.72,22.11,"5,230","5,896",572,147,4.95,12.17,"5,140","4,387","72,440",588,175,5.80,0,37.83
201,하이록코리아,"30,650",하락,250,-0.81%,500,"11,795",360,"30,450","3,769",501,8.81,"99,059","31,050","30,500","4,727",-3.39,11.38,"31,100","4,942",367,480,27.23,10.49,"30,300",555,"12,295","1,905","3,480",0.88,"1,150",0.89
202,파트론,"6,610",상승,10,+0.15%,500,"12,495",83,"6,610","3,768",617,8.34,"229,452","6,600","6,620","7,433",48.05,10.93,"6,630","19,871","1,878",559,16.51,8.02,"6,590","7,204","57,000","14,864",793,0.67,300,26.78
203,에코아이,"12,650",상승,600,+4.98%,500,"599,081","7,729","13,160","3,748",2,-575.00,"499,718","12,490","13,050","1,498",-98.91,1.74,"13,200","1,698",213,23,1.38,1.50,"12,400","1,961","29,631",258,-22,3.08,167,-60.25
204,바디텍메드,"15,810",상승,130,+0.83%,"1,000","11,096",175,"15,700","3,713",262,13.32,"133,480","15,790","15,750","2,547",-8.17,13.75,"15,870","2,331",316,272,2.66,11.28,"15,610","1,865","23,487","1,382","1,187",1.60,150,2.94
205,인화정공,"38,350",보합,0,0.00%,500,"4,320",166,"38,150","3,688",103,-23.70,"17,272","39,500","38,100","4,303",110.01,18.68,"39,500",912,"1,703",400,1.11,10.68,"37,850","1,197","9,616",928,"-1,618",1.30,700,-10.74
206,퓨쳐켐,"16,640",하락,20,-0.12%,500,"16,624",276,"16,630","3,678",-95,-37.06,"134,656","16,700","16,680",744,-12.55,-15.94,"16,750","1,251",199,-94,3.97,-12.80,"16,210","1,249","22,102",173,-449,7.17,N/A,23.81
207,넥스트바이오메디컬,"45,250",상승,"1,450",+3.31%,500,"19,250",867,"44,350","3,677",-36,117.23,"51,952","44,650","44,550",588,31.60,14.56,"45,700","2,362",137,29,6.59,6.46,"44,300",337,"8,127",95,386,8.08,0,95.46
208,NHN KCP,"9,100",보합,0,0.00%,500,"78,205",703,"8,930","3,655",438,8.61,"977,075","8,930","8,980","5,703",4.35,18.71,"9,100","6,658","3,051",453,14.12,8.29,"8,890","1,771","40,161","11,053","1,057",1.33,100,13.72
209,스피어,"9,470",하락,20,-0.21%,500,"70,016",666,"9,500","3,646",-64,-17.06,"709,055","9,620","9,550",446,29.77,-84.53,"9,650","4,202",134,-170,1.32,-53.40,"9,250","12,383","38,501",26,-555,6.02,0,54.88
210,칩스앤미디어,"17,230",상승,380,+2.26%,500,"34,942",605,"17,290","3,645",53,42.13,"138,846","17,190","17,310",840,-32.06,13.46,"17,440","1,465",82,100,2.59,12.16,"17,170","3,056","21,157",271,409,4.62,100,-1.79
211,큐리언트,"10,780",상승,230,+2.18%,500,"13,556",143,"10,330","3,636",-275,-14.63,"209,226","10,550","10,450",656,-18.37,-45.23,"10,790","1,235",54,-245,2.69,-41.42,"10,140","2,200","33,726",92,-737,7.11,0,1.64
212,한국비엔씨,"5,300",하락,20,-0.38%,100,"170,706",910,"5,310","3,625",107,22.94,"4,499,526","5,380","5,320","2,671",77.07,6.06,"5,390","41,338",306,133,4.24,5.27,"5,280","7,714","68,395",892,231,1.54,N/A,10.16
213,선익시스템,"37,950",상승,450,+1.20%,500,"6,831",260,"38,050","3,619",79,-15.86,"56,950","37,750","38,150","3,029",294.87,-47.86,"38,300","3,974","2,565",-281,1.45,-12.83,"37,750","1,453","9,537","1,129","-2,393",7.67,N/A,80.93
214,엔젤로보틱스,"23,700",하락,300,-1.25%,500,"6,623",158,"23,900","3,598",-108,-34.70,"43,320","24,050","23,950",439,-66.88,-40.84,"24,100","2,367",35,-100,2.35,-30.70,"23,700","2,559","15,183",42,-683,9.33,0,-18.17
215,기가비스,"28,300",상승,750,+2.72%,200,"4,882",137,"27,650","3,587",-18,124.12,"12,885","27,350","27,850","2,297",-105.10,1.63,"28,450",402,240,34,1.84,1.50,"27,350",174,"12,676",261,228,1.84,800,-71.42
216,메디포스트,"10,430",상승,200,+1.96%,500,"6,317",66,"10,270","3,569",-485,-5.49,"34,056","10,300","10,340","4,143",-93.17,-22.22,"10,490","3,042","1,617",-634,4.75,-14.68,"10,290",978,"34,218",707,"-1,899",1.68,N/A,2.93
217,GST,"19,240",상승,250,+1.32%,500,"19,315",371,"19,200","3,546",591,7.92,"173,937","19,110","19,220","3,348",38.89,18.71,"19,320","2,412",665,459,9.31,14.92,"19,070","1,344","18,430","3,462","2,430",1.31,300,24.00
218,미래에셋벤처투자,"6,640",하락,70,-1.04%,"1,000","90,892",603,"6,650","3,527",157,-56.75,"804,639","6,600","6,660","10,608",-50.81,2.47,"6,700","17,195","7,089",86,2.17,0.79,"6,600","9,521","53,125","2,339",-117,1.02,85,7.75
219,씨앤씨인터내셔널,"35,200",상승,200,+0.57%,100,"5,487",194,"35,250","3,525",290,14.00,"142,789","35,200","35,300","2,951",-9.75,17.15,"35,450","3,533",893,324,4.53,11.78,"35,050",794,"10,014","2,829","2,514",1.76,"1,000",28.39
220,지씨셀,"22,300",상승,350,+1.59%,500,"4,612",102,"22,050","3,523",-200,-4.28,"88,321","22,350","22,100","5,783",-590.55,-14.90,"22,350","1,548","1,160",-757,4.55,-12.18,"21,900","2,711","15,800","1,745","-5,205",0.76,N/A,-6.98
221,삼목에스폼,"23,800",하락,100,-0.42%,500,"5,057",121,"23,850","3,499",753,7.40,"30,242","24,400","23,950","7,813",-39.33,12.04,"24,400",711,"1,366",734,2.94,9.65,"23,650",941,"14,700","4,019","3,216",0.53,200,-8.53
222,토모큐브,"26,500",상승,550,+2.12%,500,"46,259","1,223","26,300","3,490",-88,-35.19,"288,678","26,350","26,400",436,-30.40,-27.82,"26,850","8,762",16,-83,4.81,-26.20,"26,150","5,449","13,171",59,-753,8.77,0,58.48
223,삼표시멘트,"3,225",하락,5,-0.15%,500,"9,702",31,"3,230","3,480","1,039",6.36,"155,723","3,240","3,240","14,851",22.70,9.04,"3,250","16,737","7,289",661,2.00,4.40,"3,220","1,877","107,916","7,908",507,0.47,110,-4.00
224,휴온스,"28,950",하락,350,-1.19%,500,"3,117",91,"28,900","3,468",397,10.88,"46,325","29,300","29,000","6,063",-29.12,8.77,"29,300","3,221","2,557",291,17.93,5.09,"28,900",745,"11,980","5,902","2,661",0.96,630,6.93
225,하림,"3,250",하락,15,-0.46%,500,"252,814",820,"3,250","3,452",285,-171.05,"1,263,153","3,270","3,255","8,328",-29.51,-4.11,"3,270","60,693","5,437",-123,4.01,-1.47,"3,230","58,287","106,210","12,854",-19,1.19,N/A,26.84
226,에이직랜드,"31,750",상승,750,+2.42%,500,"26,129",839,"32,000","3,452",-170,-14.22,"42,410","32,300","32,150","1,671",-539.61,-15.39,"32,400","1,973",828,-140,1.14,-8.57,"31,650","5,341","10,872",941,"-2,233",4.51,N/A,-8.89
227,노머스,"31,550",하락,800,-2.47%,500,"65,805","2,082","31,700","3,431",82,30.87,"171,856","32,750","31,800",988,"4,101.07",15.81,"32,750","1,123",127,99,8.06,13.63,"31,050",428,"10,876",689,"1,022",3.75,0,62.92
228,인바디,"25,400",하락,300,-1.17%,500,"1,821",46,"25,500","3,424",367,11.08,"70,098","25,700","25,550","3,058",-4.20,12.71,"25,700","2,837",319,327,36.55,11.27,"21,150","6,023","15,830","3,340","1,650",1.22,200,4.56
229,에스티아이,"21,600",상승,750,+3.60%,500,"31,848",684,"21,300","3,419",273,13.09,"151,686","21,150","21,350","3,688",13.95,10.89,"21,750","4,974","1,080",271,3.84,7.93,"25,400",587,"13,481","2,045","2,293",1.17,400,20.03
230,CJ프레시웨이,"28,800",하락,200,-0.69%,"1,000","4,801",138,"28,750","3,419",940,13.05,"101,653","29,500","28,800","15,644",-5.27,7.36,"29,500","3,568","11,490",274,14.07,1.87,"28,600","2,344","11,872","32,248","2,207",0.83,450,4.90
231,한국정보인증,"8,000",상승,300,+3.90%,500,"5,780,619","47,019","7,560","3,395",189,32.79,"10,492,827","7,710","7,580","4,053",35.02,6.14,"8,640","61,051","1,731",124,0.78,3.40,"7,500","7,985","42,441","1,219",244,1.65,150,32.18
232,대아티아이,"4,690",하락,50,-1.05%,100,"102,942",485,"4,715","3,305",79,18.91,"867,866","4,710","4,720","2,920",122.05,11.52,"4,735","28,684","1,584",147,8.57,5.40,"4,680","7,897","70,473","1,491",248,2.39,N/A,32.77
233,아이패밀리에스씨,"19,050",상승,190,+1.01%,500,"4,953",94,"18,850","3,299",336,13.34,"79,297","18,860","18,980","1,223",40.16,35.26,"19,050","1,046",308,283,6.62,26.68,"18,820","1,112","17,320","2,049","1,428",3.42,118,37.79
234,월덱스,"19,980",상승,490,+2.51%,500,"7,244",144,"19,610","3,299",703,5.30,"70,973","19,800","19,750","3,918",8.45,23.78,"20,000","1,135",843,650,4.66,18.44,"19,560",557,"16,511","3,068","3,768",1.03,60,6.49
235,노바렉스,"17,430",상승,260,+1.51%,500,"15,840",276,"17,390","3,269",232,12.38,"115,219","17,260","17,490","2,896",-9.06,10.97,"17,560","1,295",693,238,5.57,8.60,"17,210","1,132","18,755","2,977","1,408",1.38,200,-1.47
236,CMG제약,"2,280",하락,15,-0.65%,500,"343,885",783,"2,270","3,262",10,-285.00,"4,614,627","2,295","2,280","3,034",-66.40,1.42,"2,300","125,632","1,139",27,4.38,0.99,"8,400","2,032","38,163","3,015",-509,1.37,N/A,-15.74
237,다원시스,"8,540",상승,50,+0.59%,500,"4,861",41,"8,520","3,259",76,-16.78,"184,565","8,410","8,530","7,457",-60.32,4.81,"8,560","1,737","4,868",119,7.97,1.69,"2,260","32,080","143,057",991,-8,1.68,0,5.53
238,쿠콘,"31,500",하락,"1,400",-4.26%,500,"159,679","5,127","32,550","3,230",166,17.68,"926,157","32,900","32,750","2,629",0.02,11.48,"33,200","2,970","1,161",158,3.25,6.71,"31,150","8,876","10,255",730,"1,782",2.15,150,6.84
239,지노믹트리,"13,200",상승,80,+0.61%,500,"6,747",89,"13,060","3,218",-153,-30.63,"85,661","13,140","13,090","1,307",11.50,-8.24,"13,200","1,671",64,-104,1.20,-7.89,"21,400",645,"14,854","3,852","3,418",0.69,100,0.07
240,바텍,"21,650",상승,150,+0.70%,500,"1,224",26,"21,500","3,216",540,6.33,"17,726","21,800","21,650","6,503",-15.74,12.94,"21,850","1,088","1,798",553,26.78,8.93,"13,010","2,636","24,377",24,-431,2.61,0,-30.89
241,예스티,"15,080",상승,100,+0.67%,500,"4,545",69,"15,140","3,160",113,29.86,"44,952","15,000","15,150","2,044","2,839.92",10.51,"15,390",251,786,112,1.98,5.42,"15,000",116,"20,956","1,001",505,2.45,0,25.42
242,킵스파마,"16,530",상승,70,+0.43%,500,"65,418","1,095","16,720","3,153",62,-42.60,"312,962","16,990","16,780","1,652",103.14,2.07,"16,990","4,730","1,020",16,2.98,1.14,"16,530","7,340","19,076","1,276",-388,5.71,0,38.48
243,에이스침대,"28,350",상승,50,+0.18%,"1,000",275,8,"28,150","3,144",662,5.11,"8,188","28,700","28,600","7,824",16.14,9.70,"28,700",94,757,659,1.13,8.79,"28,300","4,585","11,090","3,260","5,551",0.43,"1,450",6.39
244,나우로보틱스,"25,000",하락,200,-0.79%,500,"93,855","2,339","24,850","3,137",-29,-56.82,"1,192,905","25,250","24,950",163,47.80,-285.18,"25,350","19,015",105,-37,0.22,-26.63,"24,650","4,360","12,548",121,-440,43.20,0,15.89
245,아주IB투자,"2,590",하락,5,-0.19%,500,"130,727",340,"2,590","3,132",84,80.94,"1,215,566","2,595","2,595","3,417",-52.70,3.20,"2,625","70,080",806,83,1.42,2.39,"2,585","6,882","120,945",656,32,1.20,50,-11.09
246,에이유브랜즈,"22,050",하락,250,-1.12%,100,"28,387",626,"21,900","3,122",124,27.32,"439,186","22,250","22,050",448,-23.35,38.45,"22,800","3,048",122,101,1.10,28.58,"21,650","1,260","14,160",446,807,5.28,0,6.48
247,듀켐바이오,"10,970",하락,20,-0.18%,500,"3,526",39,"11,050","3,122",51,37.19,"39,920","11,070","11,140",652,N/A,N/A,"11,130","2,216",222,80,1.22,N/A,"10,970","2,131","28,455",356,295,7.16,N/A,N/A
248,지씨지놈,"13,180",상승,"2,680",+25.52%,500,"11,936,603","171,194","14,620","3,117",-12,N/A,0,"14,300","14,630",406,-870.57,-4.33,"15,180","55,324",75,-13,2.96,-3.01,"13,070","38,822","23,651",259,N/A,N/A,0,-5.15
249,나이벡,"27,650",상승,150,+0.55%,500,"23,023",637,"27,500","3,108",-49,-26.38,"278,953","27,850","27,550",625,-120.87,-30.54,"27,950","5,568",302,-93,1.10,-14.43,"27,450","1,381","11,241",246,"-1,048",9.80,0,56.33
250,오상헬스케어,"21,300",상승,600,+2.90%,500,"6,735",141,"20,900","3,090",-248,-35.26,"49,296","20,750","21,000","2,950",-117.35,-3.93,"21,300","2,048",90,-114,1.12,-3.70,"20,700","1,409","14,509",805,-604,1.03,500,-77.38
251,한양이엔지,"17,120",상승,20,+0.12%,500,"2,116",36,"17,100","3,082",862,4.92,"38,165","17,250","17,230","9,087",1.27,13.45,"17,250",938,"3,067",764,14.19,8.80,"17,040","2,281","18,000","11,863","3,481",0.47,650,15.60
252,가비아,"22,750",하락,400,-1.73%,500,"8,787",201,"22,850","3,079",351,21.88,"61,949","23,150","22,900","6,345",-17.59,9.49,"23,150","2,764","2,878",286,37.07,5.21,"22,750","6,743","13,536","2,824","1,040",1.80,80,7.96
253,제닉,"38,400",상승,950,+2.54%,500,"13,353",508,"37,750","3,060",60,25.23,"173,237","37,450","37,900",382,249.72,44.90,"38,500","2,089",160,76,4.95,24.57,"37,200",403,"7,969",499,"1,522",11.70,N/A,77.80
254,피아이이,"8,520",상승,20,+0.24%,100,"172,235","1,478","8,590","3,052",94,26.13,"957,179","8,500","8,600",980,136.17,22.56,"8,725","3,115",462,99,0.80,10.41,"8,470","8,391","35,826","1,240",326,4.54,N/A,44.51
255,오픈엣지테크놀로지,"13,800",보합,0,0.00%,100,"12,289",171,"13,930","3,036",-246,-12.39,"82,209","13,900","13,970",867,-55.15,-67.14,"14,020",791,260,-273,6.38,-41.54,"13,700","2,001","22,003",153,"-1,114",6.67,0,-21.77
256,한국정보통신,"8,100",상승,60,+0.75%,500,"1,198",10,"8,050","3,033",391,6.76,"34,339","8,120","8,110","4,629",9.66,15.09,"8,120","1,233","1,564",435,62.89,9.62,"8,050",929,"37,444","7,910","1,199",0.92,N/A,9.08
257,KG에코솔루션,"6,370",하락,310,-4.64%,500,"138,722",881,"6,280","3,032","2,265",4.71,"247,995","6,490","6,300","62,134",-26.87,6.74,"6,490","16,227","32,544","2,142",3.68,3.55,"6,250","1,189","47,603","72,849","1,353",0.19,120,0.38
258,클리오,"16,700",하락,100,-0.60%,500,"17,289",289,"16,720","3,018",246,14.77,"209,730","16,860","16,750","2,954",-27.23,12.43,"16,920","1,039",615,272,4.93,9.45,"16,670","1,856","18,071","3,514","1,131",1.27,400,6.29
259,에스앤디,"104,200",상승,"6,600",+6.76%,500,"42,398","4,331","98,000","3,014",201,16.65,"67,229","98,900","98,700",930,56.19,21.74,"105,800","1,554",250,170,4.57,17.11,"97,300","3,003","2,893","1,161","6,259",4.30,800,31.56
260,매일유업,"38,400",하락,100,-0.26%,500,603,23,"38,300","3,012",703,7.50,"7,338","38,200","38,500","10,263",-2.62,8.16,"39,000",443,"4,510",455,12.61,4.56,"38,100",96,"7,844","18,114","5,120",0.48,"1,250",1.60
261,제이브이엠,"24,850",상승,250,+1.02%,500,"8,726",216,"24,650","3,004",307,10.59,"37,499","24,700","24,700","2,848",3.04,15.11,"24,900","5,131",825,288,12.05,10.64,"24,650",879,"12,090","1,594","2,346",1.40,500,1.50
262,마녀공장,"18,250",하락,100,-0.54%,100,"13,531",248,"18,350","2,989",186,18.45,"109,525","18,470","18,380","1,295",16.99,15.53,"18,550","1,793",157,164,1.02,13.93,"18,230","1,269","16,378","1,279",989,2.56,N/A,21.83
263,대화제약,"15,980",상승,70,+0.44%,500,"13,251",212,"15,930","2,975",67,170.00,"134,254","16,010","15,940","2,059",241.83,0.73,"16,030","3,547","1,295",8,0.12,0.39,"15,870","1,815","18,617","1,494",94,4.01,150,5.70
264,에이치브이엠,"24,900",하락,450,-1.78%,500,"22,930",571,"24,900","2,964",-68,-34.30,"378,031","25,350","24,950","1,196",-282.11,-17.39,"25,450","3,639",535,-84,2.34,-8.19,"24,650","2,155","11,902",451,-726,4.41,N/A,8.88
265,신성에스티,"32,700",상승,100,+0.31%,500,"1,964",64,"32,600","2,956",88,43.20,"23,223","32,600","32,750","1,444",5.16,7.11,"33,000",983,419,71,1.87,5.06,"32,550","1,613","9,040","1,270",757,2.79,200,1.89
266,브이엠,"12,270",상승,110,+0.90%,100,"2,567",32,"12,200","2,954",-86,299.27,"26,505","12,580","12,300","1,657",21.56,-2.80,"12,580","1,866",414,-35,3.34,-2.18,"12,260","1,113","24,076",703,41,2.29,N/A,170.21
267,프레스티지바이오로직스,"3,805",보합,0,0.00%,500,"10,086",38,"3,800","2,946",-334,-8.06,"41,640","3,805","3,820","2,894",24.39,-34.26,"3,820","2,543","2,177",-294,41.54,-9.87,"3,780","2,593","77,418",22,-472,2.20,0,-37.32
268,비보존 제약,"5,850",상승,30,+0.52%,"2,500","3,851",22,"5,840","2,931",29,-22.41,"113,082","5,820","5,890","1,844",10.36,-9.48,"5,950","1,580",780,-100,1.02,-5.58,"5,820","1,998","50,105",876,-261,2.85,N/A,22.83
269,티에프이,"25,500",상승,500,+2.00%,100,"12,258",309,"24,700","2,902",44,121.43,"36,476","25,150","24,900","1,267",-52.40,1.94,"25,850","2,922",483,15,1.67,1.33,"24,500",330,"11,381",736,210,3.46,N/A,-8.34
270,제이오,"9,060",상승,70,+0.78%,100,"13,925",126,"9,060","2,901",-55,-28.67,"62,443","8,950","9,130","2,226",-145.39,-5.67,"9,190","1,753",442,-89,1.71,-4.24,"8,950","2,040","32,018",829,-316,1.51,N/A,-27.62
271,폴라리스오피스,"5,830",하락,70,-1.19%,500,"89,587",525,"5,840","2,899",48,45.91,"441,698","5,910","5,850","5,198",-23.14,9.19,"5,930","10,261",857,186,1.52,4.45,"5,820","5,409","49,725","2,763",127,3.21,N/A,156.07
272,중앙첨단소재,"2,845",상승,70,+2.52%,500,"202,575",577,"2,840","2,896",-78,-4.14,"1,928,611","2,815","2,855","1,245","-13,814.06",-95.94,"2,890","14,193",278,-768,5.49,-60.25,"2,810","17,676","101,802",187,-688,3.03,0,-28.92
273,HLB이노베이션,"2,005",상승,6,+0.30%,500,"11,972",24,"2,010","2,893",-119,-16.04,"244,803","2,030","2,020","2,680",N/A,N/A,"2,030","3,769",160,-124,2.11,N/A,"1,995","26,507","144,304",254,-125,1.23,N/A,N/A
274,슈어소프트테크,"5,480",상승,190,+3.59%,100,"210,735","1,151","5,440","2,884",79,26.86,"500,591","5,480","5,450","1,624",-31.22,12.40,"5,500","29,512",563,101,1.53,6.29,"5,420","36,648","52,619",888,204,3.12,N/A,40.31
275,큐브엔터,"19,170",하락,290,-1.49%,500,"30,390",583,"19,130","2,876",166,21.32,"308,783","19,350","19,160","2,700",7.42,13.61,"19,400","1,138","1,117",166,5.80,7.85,"19,050","2,117","15,002","2,183",899,1.68,N/A,53.43
276,로킷헬스케어,"18,610",상승,"1,380",+8.01%,500,"1,898,245","34,162","17,030","2,869",-56,-31.38,"12,518,775","16,980","17,050",113,24.48,9.83,"18,700","16,699",884,-77,0.97,-77.65,"16,720","2,451","15,418",131,-593,-3.01,0,5.59
277,디오,"19,100",하락,10,-0.05%,500,"5,210",99,"19,010","2,862",-407,-6.45,"39,942","19,010","19,140","3,433",-294.94,-20.74,"19,140","1,012","1,392",-413,13.84,-11.62,"18,910",224,"14,982","1,196","-2,963",1.31,0,-23.21
278,필에너지,"13,380",상승,80,+0.60%,500,"12,975",174,"13,410","2,860",142,35.03,"47,173","13,390","13,470","2,121",-7.25,10.39,"13,540","1,889",691,134,1.72,5.79,"13,360",788,"21,378","2,854",382,2.09,67,45.08
279,에스에이엠티,"2,845",상승,15,+0.53%,500,"23,118",66,"2,830","2,845",674,5.66,"278,269","2,830","2,835","8,330",25.83,13.46,"2,845","50,583","4,024",544,5.46,7.23,"2,830","18,291","99,995","28,895",503,0.66,200,34.70
280,샘씨엔에스,"4,865",상승,65,+1.35%,500,"9,593",47,"4,870","2,841",52,74.85,"53,126","4,825","4,875","2,222",278.57,2.70,"4,890",385,782,33,1.05,1.60,"4,825","4,649","58,388",533,65,1.91,N/A,72.35
281,엣지파운드리,"3,625",상승,225,+6.62%,500,"448,595","1,605","3,670","2,839",-51,-172.62,"1,385,683","3,445","3,680","1,316",-4.87,-27.09,"3,695","25,498",547,-180,0.54,-15.27,"3,440","18,286","78,307",373,-21,2.43,0,0.70
282,유진기업,"3,655",하락,25,-0.68%,500,"91,524",334,"3,650","2,826",550,-4.47,"496,140","3,665","3,670","23,749",-34.86,-6.18,"3,685","24,757","13,482","-1,007",4.68,-4.32,"3,640","3,092","77,311","13,933",-817,0.28,170,-5.44
283,상아프론테크,"17,670",상승,20,+0.11%,500,"11,874",211,"17,740","2,825",58,55.05,"190,500","17,760","17,780","3,622",-34.70,3.13,"17,860","1,547","1,612",62,3.75,1.73,"17,650",579,"15,989","1,718",321,1.39,200,-6.45
284,소룩스,"5,820",상승,280,+5.05%,500,"1,409,545","8,654","6,130","2,823",-66,-5.56,"11,149,354","6,400","6,140","1,173","-1,383.71",-58.22,"6,410","33,158",390,-410,0.17,-29.53,"5,810","15,628","48,499",507,"-1,046",3.17,0,-15.28
285,뷰노,"20,150",하락,50,-0.25%,100,"6,911",140,"20,200","2,821",-125,-22.59,"87,206","20,500","20,250",502,20.58,-72.91,"20,500","2,714",195,-130,2.99,-35.80,"20,100",985,"14,002",259,-892,10.21,0,94.86
286,폰드그룹,"8,660",상승,470,+5.74%,500,"103,380",893,"8,540","2,801",413,10.65,"217,567","8,300","8,610","4,227","6,089.52",12.62,"8,890","5,360","1,850",272,0.65,7.13,"8,300","4,748","32,344","3,687",813,1.32,250,"13,154.52"
287,인탑스,"16,280",상승,110,+0.68%,500,"3,100",50,"16,200","2,800",38,21.79,"32,296","16,170","16,310","9,007",-79.33,3.34,"16,310","1,032","1,289",234,6.35,2.66,"16,170",255,"17,200","6,147",747,0.39,200,6.46
288,원익머트리얼즈,"22,100",상승,600,+2.79%,500,"24,431",539,"21,600","2,786",519,8.02,"34,906","21,500","21,650","5,833",110.29,6.84,"10,250","6,448","11,128",447,6.48,2.50,"10,010",829,"27,554","13,543","1,324",0.56,500,0.71
289,KG이니시스,"10,110",하락,80,-0.79%,500,"26,639",269,"10,020","2,786",610,7.64,"276,340","10,210","10,040","18,664",-42.61,8.63,"22,450","4,183","1,021",318,17.00,5.88,"21,500","4,950","12,608","3,107","2,755",0.57,350,-20.67
290,에코마케팅,"8,830",하락,60,-0.67%,100,"11,277",100,"8,820","2,779",470,10.06,"155,090","8,900","8,850","4,038",-14.75,12.87,"8,910","3,683","1,213",362,11.50,9.64,"8,780",342,"31,468","3,572",878,1.16,500,1.92
291,아이티엠반도체,"12,200",상승,140,+1.16%,500,"2,106",26,"12,190","2,767",24,-51.69,"14,544","12,070","12,200","5,952",116.15,0.64,"12,330",987,"4,008",12,2.34,0.20,"12,070","1,097","22,683","6,479",-236,1.39,N/A,11.61
292,우주일렉트로,"29,900",상승,250,+0.84%,500,"2,708",81,"29,450","2,763",201,13.18,"36,132","29,800","29,650","3,277",151.12,8.46,"30,050","2,239",814,198,6.89,6.34,"29,400",859,"9,240","1,762","2,268",0.96,300,10.18
293,씨메스,"23,800",상승,50,+0.21%,500,"11,988",285,"23,700","2,763",-143,-16.98,"102,949","23,750","23,850",810,-43.04,-28.80,"24,100","7,376",67,-135,2.59,-25.68,"23,650","1,840","11,608",69,"-1,402",3.98,N/A,-9.83
294,웹케시,"20,250",하락,600,-2.88%,500,"300,528","6,164","20,750","2,761",139,35.16,"1,956,625","20,650","20,800","1,259",N/A,N/A,"21,050","8,046",236,72,2.48,N/A,"20,100","16,938","13,636",742,576,2.52,100,N/A
295,프로텍,"24,950",상승,450,+1.84%,500,"1,459",36,"24,950","2,744",134,10.13,"18,895","24,600","25,000","3,768",-22.89,7.35,"25,100","1,068",540,127,2.65,3.45,"24,600",929,"11,000","1,703","2,462",0.74,400,9.11
296,유니슨,"1,607",상승,28,+1.77%,500,"1,368,910","2,246","1,652","2,739",-125,-14.35,"2,172,225","1,598","1,657","2,490",36.06,-36.03,"1,680","6,923","1,828",-225,1.85,-8.81,"1,598","19,795","170,462",257,-112,4.32,0,-76.12
297,한솔아이원스,"9,520",상승,140,+1.49%,500,"9,840",93,"9,480","2,722",231,8.31,"149,044","9,500","9,510","2,319",180.71,18.60,"9,530","1,807",497,311,5.35,13.72,"49,650","3,736","5,455",138,"1,062",6.51,N/A,13.28
298,석경에이티,"49,850",상승,350,+0.71%,500,903,45,"50,000","2,719",20,46.94,"5,380","50,000","50,900",492,-42.34,11.43,"50,200",278,94,43,0.99,9.70,"9,430","1,320","28,593","1,571","1,146",1.36,0,26.79
299,바이오비쥬,"17,970",상승,480,+2.74%,500,"209,936","3,778","18,080","2,703",92,N/A,"594,820","17,570","18,110",378,N/A,N/A,"18,250","3,151",68,72,0.12,N/A,"17,570","10,190","15,044",296,N/A,N/A,0,N/A
300,인선이엔티,"5,770",하락,10,-0.17%,500,"8,944",51,"5,740","2,687",232,-11.49,"137,585","5,790","5,760","4,957",-10.18,-5.66,"5,800","5,263","1,731",-189,5.58,-3.62,"5,710",749,"46,564","2,088",-502,0.80,N/A,-5.48
301,뉴로메카,"23,700",하락,100,-0.42%,500,"5,402",128,"23,650","2,687",-190,-13.73,"44,506","23,650","23,750",952,-28.26,-95.95,"23,750","3,232",844,-168,0.95,-17.55,"23,550","1,651","11,338",253,"-1,726",11.68,0,14.37
302,툴젠,"31,300",상승,300,+0.97%,500,"1,618",51,"31,500","2,686",-218,37.99,"12,667","31,700","31,700",755,-27.57,14.08,"31,700",476,170,62,1.19,7.38,"31,300",455,"8,583",9,824,4.96,0,83.87
303,슈프리마,"37,000",하락,500,-1.33%,500,"6,129",229,"37,200","2,685",233,7.79,"63,575","37,650","37,400","2,601",39.76,14.74,"37,650","1,559",235,325,19.59,13.58,"37,000",788,"7,257","1,082","4,747",1.04,0,-19.25
304,와이씨켐,"26,350",상승,100,+0.38%,"1,000","36,387",970,"26,700","2,664",-82,-17.84,"119,548","26,600","26,800","1,163",-4.30,-30.46,"26,950","3,741",718,-160,2.18,-13.56,"17,270","1,511","15,281","5,167","3,002",0.76,530,-3.16
305,AP시스템,"17,410",상승,160,+0.93%,500,"14,167",247,"17,330","2,660",472,5.80,"72,259","17,270","17,400","5,998",-21.51,15.74,"17,520","3,910","2,632",518,9.95,8.85,"42,000","1,114","6,198",222,-149,6.49,N/A,90.74
306,자람테크놀로지,"42,800",상승,"1,300",+3.13%,500,"8,503",364,"42,300","2,653",4,-287.25,"26,335","42,200","42,500",784,117.07,5.09,"43,000",887,359,20,2.15,3.42,"26,200","3,517","10,111",703,"-1,477",5.59,N/A,12.90
307,더블유씨피,"7,800",상승,130,+1.69%,500,"42,663",334,"7,850","2,640",-709,-2.42,"182,131","7,730","7,870","18,102",-252.91,-7.33,"5,960","9,096","1,056",261,7.10,12.60,"5,580","3,010","45,574","2,073",634,2.35,100,31.60
308,오리엔탈정공,"5,780",하락,50,-0.86%,500,"94,872",548,"5,770","2,634",249,9.12,"374,705","5,960","5,800","2,157",94.84,26.45,"7,900","4,685","8,415",-722,4.08,-4.56,"7,730","9,440","33,843","3,221","-3,229",0.27,N/A,5.60
309,디아이티,"13,820",상승,390,+2.90%,100,"25,923",357,"13,670","2,612",241,8.63,"50,155","13,600","13,690","2,409",178.68,14.50,"13,890","1,447",280,289,4.61,12.78,"13,500",426,"18,900","1,167","1,601",1.20,380,8.96
310,LS증권,"4,705",하락,45,-0.95%,"5,000","49,032",231,"4,705","2,610",218,24.01,"225,345","4,750","4,720","87,797",-34.30,1.84,"4,755","4,904","79,083",166,1.47,0.20,"4,665","1,694","55,481","16,537",196,0.30,100,25.07
311,셀비온,"20,200",상승,320,+1.61%,500,"51,681","1,041","19,930","2,589",-71,-32.42,"368,772","20,000","19,990",344,-41.51,-39.20,"20,400","1,555",48,-73,5.44,-31.76,"19,710","8,553","12,816",23,-623,9.19,0,55.64
312,동방메디컬,"12,440",상승,330,+2.73%,500,"254,716","3,126","12,020","2,584",150,60.10,"1,181,569","12,120","12,030","1,504",-8.69,4.60,"12,460","7,784",696,31,3.64,2.34,"12,010","4,110","20,775","1,051",207,2.25,0,15.67
313,엠아이텍,"7,950",상승,50,+0.63%,500,"5,517",44,"7,930","2,573",176,13.92,"64,180","7,990","7,940","1,185",24.96,18.13,"7,990","6,195",97,183,6.98,16.83,"7,910","4,254","32,366",538,571,2.31,100,15.88
314,티엑스알로보틱스,"16,640",상승,20,+0.12%,500,"16,542",276,"16,650","2,571",53,51.20,"156,774","16,670","16,690",732,46.50,14.93,"16,750","2,994",433,38,0.93,5.84,"16,620","1,616","15,451",572,325,3.71,N/A,118.19
315,시너지이노베이션,"2,915",상승,20,+0.69%,500,"77,977",227,"2,905","2,568",161,63.37,"251,465","2,900","2,910","3,141",7.51,5.75,"2,945","17,536",790,181,12.49,6.05,"2,890","14,492","88,100",906,46,1.32,0,8.88
316,비덴트,"3,320",보합,0,0.00%,500,0,0,0,"2,563",-111,5.25,0,0,0,"7,408",-11.76,11.16,0,0,"1,026",672,1.42,9.67,0,0,"77,202",96,632,0.40,N/A,-3.82
317,이지홀딩스,"3,935",하락,15,-0.38%,500,"11,598",46,"3,915","2,539","1,234",18.65,"283,147","3,960","3,925","28,559",18.90,2.70,"3,960","14,853","16,493",351,4.65,1.30,"3,920","1,202","64,516","32,850",211,0.38,250,5.32
318,제이에스링크,"9,400",하락,260,-2.69%,500,"21,838",205,"9,280","2,536",-91,-13.09,"275,783","9,590","9,310",544,-109.85,-42.11,"9,590","1,932",294,-108,0.77,-23.19,"9,280","1,913","26,978",159,-718,7.51,0,-27.52
319,미래나노텍,"8,160",상승,40,+0.49%,500,"28,349",233,"8,230","2,530",249,8.27,"90,555","8,180","8,240","5,976",81.41,8.51,"8,270","1,626","2,802",258,4.24,4.22,"8,160","8,754","31,010","6,223",987,0.81,50,-10.33
320,에스바이오메딕스,"21,250",상승,100,+0.47%,500,"9,524",202,"21,000","2,520",-54,-34.84,"144,748","21,150","21,050",446,9.06,-70.89,"21,650","2,663",263,-58,1.49,-15.21,"20,950",281,"11,860",137,-610,24.09,0,4.77
321,인트로메딕,"5,850",보합,0,0.00%,100,0,0,0,"2,515",-15,-42.39,0,0,0,105,58.32,-101.85,0,0,48,-70,0.76,-49.54,0,0,"42,998",104,-138,41.17,0,4.09
322,제테마,"6,990",하락,20,-0.29%,500,"15,547",109,"6,980","2,507",41,-102.79,"98,570","7,010","6,990","2,227",56.09,-0.26,"7,050","1,880","1,513",-26,1.09,-1.13,"6,960","11,827","35,859",685,-68,3.64,0,16.70
323,진성티이씨,"11,120",하락,140,-1.24%,500,"50,053",558,"11,080","2,500",244,11.08,"701,112","11,300","11,090","4,554",-38.26,8.48,"11,320","11,801","1,931",210,7.94,4.89,"11,050","1,532","22,482","3,905","1,004",0.84,200,-19.50
324,해성산업,"7,640",하락,30,-0.39%,500,"4,077",31,"7,580","2,487",714,-159.17,"60,534","7,730","7,600","25,920",-32.81,0.79,"7,730","1,984","12,440",-34,1.31,-0.13,"7,580",369,"32,557","22,204",-48,0.32,225,-3.81
325,로보스타,"25,500",상승,200,+0.79%,500,"13,857",353,"25,400","2,486",1,-944.44,"100,937","25,500","25,450","1,126",-86.92,2.44,"25,600","6,351",206,22,2.65,1.94,"25,350","3,182","9,750",891,-27,2.77,N/A,-13.19
326,GRT,"3,075",상승,25,+0.82%,0,"46,408",142,"3,075","2,486","1,470",3.16,"376,730","3,090","3,085","16,913",86.68,12.05,"3,105","4,985","7,628","1,105",79.98,6.96,"3,045","12,104","80,850","8,424",974,0.28,2,9.73
327,동원개발,"2,735",하락,25,-0.91%,500,"13,943",38,"2,750","2,484",210,97.68,"147,083","2,760","2,755","13,783",-29.97,1.76,"2,770","11,117","3,320",183,2.92,1.30,"2,730","12,374","90,808","5,204",28,0.24,80,-29.35
328,아이스크림미디어,"18,840",상승,190,+1.02%,500,"5,817",109,"18,760","2,483",461,7.56,"34,604","18,620","18,770","2,229",35.41,23.29,"18,970","1,073",396,311,7.61,18.42,"18,620","3,210","13,177","1,522","2,493",1.43,738,23.67
329,매커스,"15,340",상승,180,+1.19%,500,"22,441",345,"15,380","2,479",269,10.72,"207,621","15,140","15,450","4,092",2.04,18.59,"15,560","1,445","2,958",202,18.04,5.76,"15,140","3,543","16,163","1,996","1,431",1.22,200,13.78
330,골프존홀딩스,"5,780",하락,80,-1.37%,500,"14,035",82,"5,830","2,476",394,5.07,"190,685","5,860","5,840","10,503",-26.50,6.02,"5,870","9,734","3,037",436,3.14,4.18,"5,780","3,709","42,837","3,862","1,139",0.31,250,-8.94
331,위지윅스튜디오,"1,444",하락,24,-1.63%,500,"219,462",318,"1,443","2,470",-118,-4.63,"2,048,426","1,472","1,444","2,935",41.74,-28.05,"1,475","18,001","1,199",-603,5.38,-19.10,"1,438","14,375","171,049",804,-312,1.50,N/A,-45.41
332,이스트소프트,"21,100",하락,700,-3.21%,500,"37,999",807,"21,150","2,457",-135,-25.12,"194,801","21,400","21,250","1,991",-51.08,-16.62,"21,400","8,999","1,106",-146,1.62,-7.52,"21,000","5,815","11,647","1,025",-840,3.34,0,10.79
333,이트론,271,보합,0,0.00%,200,0,0,0,"2,456",-56,24.64,0,0,0,"1,195",0.61,-2.85,0,0,235,-23,3.54,-1.90,0,0,"906,131",163,11,2.53,0,-45.05
334,와이즈넛,"18,630",하락,620,-3.22%,500,"134,098","2,520","18,940","2,440",17,186.30,"792,941","19,050","19,020",580,-50.74,6.10,"19,090","1,940",66,31,1.72,5.38,"18,630","1,550","13,097",349,100,3.92,71,-0.72
335,온코닉테라퓨틱스,"22,150",상승,250,+1.14%,500,"54,656","1,220","22,250","2,437",-48,-25.43,"152,793","22,350","22,300",609,-315.06,-44.55,"22,550","12,121",49,-81,1.44,-16.44,"22,100","11,036","11,002",148,-871,4.13,0,-29.53
336,KH바텍,"10,270",상승,100,+0.98%,500,"7,759",80,"10,260","2,432",219,10.61,"56,533","10,220","10,300","3,871",-34.96,8.33,"10,320","1,531","1,248",213,8.02,5.84,"10,220",655,"23,677","3,110",968,0.86,330,-14.46
337,유니테스트,"11,500",상승,190,+1.68%,500,"59,882",695,"11,620","2,430",-234,-10.22,"195,051","11,550","11,650","1,850",-428.15,-19.88,"11,720","4,349",680,-273,6.50,-14.28,"11,480","4,844","21,134",924,"-1,125",2.05,N/A,-44.90
338,엑스게이트,"8,480",상승,10,+0.12%,100,"80,427",684,"8,480","2,420",35,83.96,"314,429","8,580","8,500",671,-15.05,9.43,"8,590","15,084",227,40,0.46,6.83,"8,440","4,615","28,543",432,101,5.57,N/A,0.92
339,더즌,"3,380",상승,50,+1.50%,100,"3,471,874","11,735","3,310","2,414",100,20.99,"15,235,131","3,430","3,320","1,157",-6.08,28.06,"3,435","137,154",743,99,1.13,9.39,"3,270","38,793","71,413",627,161,3.62,0,48.96
340,에치에프알,"18,090",하락,40,-0.22%,500,"5,269",95,"17,950","2,408",-202,-22.42,"40,319","18,130","18,040","2,711",-140.39,-11.34,"18,230",323,"1,123",-185,5.96,-6.86,"17,950",177,"13,309","1,571",-807,1.52,N/A,-4.32
341,토비스,"14,980",상승,500,+3.45%,500,"44,069",658,"14,860","2,407",584,4.41,"121,178","14,710","14,880","5,281",127.52,26.76,"15,090","2,322","2,636",613,12.82,12.06,"14,700","1,722","16,067","6,238","3,400",0.93,300,39.43
342,네오팜,"15,000",하락,40,-0.27%,500,"3,635",54,"14,960","2,404",247,9.98,"54,211","15,160","15,000","1,924",-2.58,13.69,"15,160","2,014",156,231,14.19,12.47,"14,930","2,469","16,028","1,190","1,503",1.34,600,22.56
343,펨트론,"11,270",상승,240,+2.18%,500,"22,406",253,"11,330","2,399",-36,-75.13,"106,727","11,300","11,420",717,-144.94,-6.32,"11,460",550,436,-19,6.42,-2.61,"11,100","8,931","21,288",570,-150,9.30,N/A,-22.67
344,앱클론,"12,540",상승,40,+0.32%,500,"12,999",163,"12,510","2,394",-156,-13.38,"154,062","12,550","12,580",482,-33.87,-57.57,"12,660","3,176",188,-163,8.56,-34.83,"12,450","1,762","19,093",23,-937,9.71,0,-18.67
345,JTC,"4,625",상승,150,+3.35%,0,"119,537",546,"4,565","2,393",219,7.34,"1,173,634","4,475","4,585","2,644",246.06,26.40,"4,635","11,166","1,825",205,10.41,7.72,"4,460","6,984","51,746","1,500",630,2.00,0,318.86
346,한중엔시에스,"26,350",상승,750,+2.93%,500,"79,243","2,091","25,900","2,387",96,12.94,"263,856","26,000","26,000","1,668",175.55,36.13,"26,750","4,235",864,154,1.68,10.61,"5,300","11,650","43,693","5,198",455,0.80,50,48.24
347,뉴파워프라즈마,"5,460",상승,110,+2.06%,100,"99,776",538,"5,370","2,386",325,12.00,"732,345","5,360","5,380","9,415",102.30,7.43,"5,510","21,219","5,465",232,4.43,2.87,"34,800","1,407","6,541",20,"-2,134",12.53,0,22.77
348,오가노이드사이언스,"36,400",상승,550,+1.53%,500,"172,517","6,169","35,200","2,381",-122,-17.06,"2,953,406","35,550","35,250",259,-24.91,36.26,"36,700","7,948",106,-115,1.69,-39.34,"25,900","3,612","9,058","1,773","2,036",2.91,N/A,45.83
349,박셀바이오,"10,180",상승,110,+1.09%,500,"15,700",160,"10,130","2,368",-150,-21.71,"138,778","10,270","10,140",769,-30.68,-13.67,"10,290","6,047",49,-106,4.43,-13.12,"10,120",696,"23,257",19,-469,3.30,0,"13,737.28"
350,네패스,"10,190",상승,310,+3.14%,500,"20,987",212,"9,980","2,350",34,-5.87,"168,117","9,880","10,000","7,101",-66.22,-48.21,"10,230","2,503","5,029",-794,6.74,-9.49,"9,850",592,"23,059","4,643","-1,736",2.16,N/A,-0.99
351,파멥신,"2,915",보합,0,0.00%,500,0,0,0,"2,338",-77,-44.85,0,0,0,543,36.27,-15.32,0,0,66,-49,0.00,-12.16,0,0,"80,201",39,-65,4.90,N/A,"5,083.24"
352,제넥신,"5,100",상승,60,+1.19%,500,"19,983",101,"5,050","2,323",-372,-3.12,"98,253","5,070","5,070","3,450",9.69,-22.82,"5,120","3,002",834,-637,4.00,-17.66,"5,020","1,603","45,540",29,"-1,633",0.96,N/A,-33.75
353,네오위즈홀딩스,"26,950",하락,900,-3.23%,500,"7,161",194,"27,300","2,316",204,-14.12,"56,015","27,850","27,400","8,225",17.46,-3.65,"27,850","1,081","1,467",-196,3.39,-2.28,"26,700",846,"8,594","3,681","-1,908",0.54,313,0.40
354,모두투어,"12,240",하락,60,-0.49%,500,"5,530",68,"12,250","2,313",47,23.14,"122,097","12,350","12,300","2,349",-59.75,15.33,"12,400",411,"1,638",108,13.27,4.06,"12,180","1,413","18,900","2,516",529,2.87,250,40.86
355,윤성에프앤씨,"28,950",상승,300,+1.05%,100,"3,071",90,"29,400","2,310",319,9.35,"13,916","28,700","29,500","3,009",20.55,20.70,"29,500",682,"1,036",371,1.44,11.47,"28,700",690,"7,979","2,713","3,097",1.18,200,-13.28
356,모트렉스,"9,290",상승,110,+1.20%,500,"10,860",101,"9,310","2,310",436,13.54,"68,090","9,250","9,350","9,318",-18.01,8.22,"9,370","2,923","6,600",193,2.62,2.64,"9,250","4,602","24,862","5,869",686,0.95,162,10.52
357,휴림로봇,"2,087",하락,18,-0.86%,500,"286,258",600,"2,090","2,301",-49,-104.35,"2,327,563","2,110","2,095","3,349",-165.20,-5.59,"2,115","130,311","1,225",-94,2.01,-4.16,"2,087","79,371","110,238","1,331",-20,1.87,N/A,61.01
358,아이씨티케이,"17,120",상승,130,+0.77%,500,"105,996","1,820","17,250","2,298",-67,-34.31,"1,083,465","17,100","17,260",458,N/A,N/A,"17,300","8,018",28,-58,0.62,N/A,"17,030","7,933","13,421",67,-499,5.55,0,N/A
359,씨어스테크놀로지,"18,220",상승,80,+0.44%,500,"17,139",313,"18,180","2,294",-87,-32.77,"90,263","18,420","18,260",281,11.44,-60.13,"18,490",810,67,-89,3.62,-39.23,"18,110",150,"12,591",81,-556,10.95,N/A,329.69
360,피에이치에이,"10,920",상승,20,+0.18%,500,"1,698",19,"10,950","2,293",515,3.99,"44,283","10,910","10,980","10,696",6.60,8.14,"10,980",781,"2,694",619,12.46,6.03,"10,810","1,532","21,000","11,529","2,739",0.26,350,1.61
361,디앤씨미디어,"18,275",상승,265,+1.47%,500,"56,163","1,031","18,290","2,289",103,21.05,"1,163,299","18,630","18,300","1,153",194.82,13.25,"18,630","3,333",272,108,1.24,10.09,"18,230","3,199","12,524",835,868,2.52,N/A,38.33
362,세경하이테크,"6,380",상승,60,+0.95%,500,"28,249",181,"6,410","2,288",315,7.86,"438,924","6,380","6,430","3,450",-12.96,18.47,"6,450","9,118",962,413,9.02,12.72,"6,370","12,790","35,860","3,203",812,1.25,100,5.21
363,티씨머티리얼즈,"6,670",상승,20,+0.30%,500,"260,072","1,711","6,530","2,283",109,35.86,"8,609,377","6,550","6,540",762,25.76,12.51,"6,670","46,015",193,63,1.24,8.58,"6,510","7,919","34,228","3,039",186,3.88,0,20.57
364,아스트,576,하락,4,-0.69%,500,"125,720",72,573,"2,276",-64,19.86,"1,234,544",580,576,"5,620",82.42,-10.50,581,"188,234","2,659",-171,1.39,-3.32,570,"37,554","395,158","1,714",29,0.72,0,1.72
365,리파인,"13,100",상승,40,+0.31%,100,"2,668",35,"13,110","2,270",205,12.51,"46,498","13,210","13,210","1,816",-9.08,12.53,"13,210","1,856",112,206,3.30,11.63,"13,060","1,202","17,330",678,"1,047",1.12,N/A,2.05
366,쓰리빌리언,"7,130",상승,40,+0.56%,100,"170,549","1,228","7,160","2,262",-74,-31.00,"377,632","7,280","7,180",302,11.17,-32.81,"7,290","5,240",19,-66,6.39,-24.76,"7,090","4,576","31,722",58,-230,8.47,N/A,111.41
367,파이버프로,"6,870",상승,60,+0.88%,100,"43,279",299,"6,900","2,257",72,30.95,"179,628","6,930","6,900",499,175.42,20.26,"7,000","3,707",113,72,2.10,15.80,"6,790","5,849","32,854",329,222,5.94,66,69.93
368,엑세스바이오,"5,980",상승,230,+4.00%,0,"242,978","1,441","5,750","2,256",-42,-23.09,"303,542","5,750","5,760","7,409",-119.59,-0.06,"6,040","12,344",884,-11,4.54,-0.15,"5,730","6,938","37,728","1,125",-259,0.35,N/A,-67.74
369,하이비젼시스템,"15,070",상승,320,+2.17%,500,"25,326",380,"14,890","2,252",310,6.97,"100,598","14,830","14,900","3,657",-47.30,15.91,"15,100","1,203",761,404,13.99,11.14,"14,820","2,367","14,942","3,120","2,163",0.71,400,-10.41
370,티로보틱스,"11,970",하락,70,-0.58%,500,"46,998",564,"12,020","2,248",-70,-68.01,"365,274","12,090","12,000","1,070",14.71,-1.78,"12,130","2,213",755,-8,1.45,-0.66,"11,940","4,953","18,782",607,-176,6.42,0,-9.01
371,케이티알파,"4,570",하락,10,-0.22%,"1,000","39,594",180,"4,575","2,240",246,10.07,"109,276","4,570","4,580","4,621",156.07,7.78,"4,580","8,641","2,009",197,1.21,4.40,"4,525","3,723","49,019","3,882",454,0.83,N/A,-1.17
372,에이디테크놀로지,"16,580",상승,260,+1.59%,500,"8,589",143,"16,680","2,228",-170,-13.35,"53,777","16,700","16,750","2,449",2.61,-10.24,"16,780",608,"1,133",-152,2.27,-5.68,"16,500","1,297","13,441","1,065","-1,242",1.66,N/A,6.36
373,SG,"2,260",하락,10,-0.44%,100,"60,909",138,"2,255","2,227",-61,-9.08,"504,842","2,280","2,265","2,328",54.95,-50.91,"2,280","20,653","1,461",-362,1.05,-17.22,"2,255","11,662","98,559","1,189",-249,2.07,0,46.98
374,아나패스,"18,270",상승,20,+0.11%,500,"2,443",45,"18,230","2,215",200,11.49,"36,842","18,200","18,270","1,176",348.44,29.88,"18,380","3,379",449,189,4.48,16.47,"18,200",249,"12,123","1,822","1,590",2.90,N/A,154.96
375,우양에이치씨,"15,200",하락,230,-1.49%,500,"4,199",64,"15,240","2,211",311,16.03,"35,537","15,430","15,300","2,609",23.02,17.19,"15,430","1,621",878,274,0.74,10.63,"15,130","1,025","14,548","1,832",948,1.19,N/A,-8.40
376,한국캐피탈,700,하락,5,-0.71%,500,"86,589",61,705,"2,209",969,2.73,"708,121",710,708,"44,603",17.93,12.62,714,"26,983","37,866",811,0.32,1.94,699,"5,005","315,610","4,626",256,0.32,30,21.08
377,동신건설,"26,300",상승,50,+0.19%,500,"33,018",881,"26,900","2,209",6,148.59,"107,286","26,550","26,950","1,126",-90.76,3.07,"27,300","2,093",139,30,1.45,2.60,"26,300","2,196","8,400",690,177,2.30,250,-16.65
378,잉글우드랩,"11,070",하락,140,-1.25%,0,"98,133","1,088","11,030","2,199",188,13.53,"329,589","11,250","11,080","1,997",-34.86,15.17,"11,300","14,600",558,196,11.13,10.51,"10,980",959,"19,868","1,822",818,1.52,103,-11.88
379,인터로조,"16,580",하락,70,-0.42%,500,"2,951",49,"16,550","2,191",58,-101.72,"90,120","16,880","16,600","2,344",12.02,0.11,"16,880","3,522",645,2,8.50,0.07,"16,530","1,450","13,216","1,158",-163,1.24,300,-2.90
380,에스오에스랩,"12,330",상승,320,+2.66%,100,"122,551","1,518","12,360","2,180",-128,-15.26,"424,798","12,480","12,360",391,-54.09,-46.12,"12,480","3,347",71,-120,2.17,-36.84,"12,300","6,563","17,682",49,-808,7.81,N/A,20.29
381,한국알콜,"10,090",상승,60,+0.60%,500,"6,235",63,"10,040","2,180",274,8.16,"132,892","10,120","10,070","6,549",25.38,4.96,"10,130","4,546",930,304,2.63,4.64,"10,020","3,271","21,606","4,210","1,237",0.40,"2,500",-29.78
382,서호전기,"42,300",하락,800,-1.86%,500,"10,042",424,"42,050","2,178",16,14.22,"49,984","43,950","42,250","1,020",-87.32,12.69,"43,950",982,126,115,4.21,11.15,"41,750",703,"5,150",465,"2,974",2.19,110,-3.94
383,나이스정보통신,"21,700",하락,800,-3.56%,500,"11,298",248,"22,050","2,170",399,6.09,"52,856","22,350","22,150","11,226",8.55,11.22,"22,550","1,429","7,367",377,23.43,3.23,"21,600",827,"10,000","9,751","3,562",0.54,810,9.37
384,푸른소나무,"8,790",보합,0,0.00%,500,0,0,0,"2,161",-15,-32.20,0,0,0,116,85.36,-417.81,0,0,89,-77,0.00,-72.26,0,0,"24,580",37,-273,64.24,N/A,80.83
385,풍원정밀,"10,250",상승,170,+1.69%,500,"2,155",22,"10,040","2,157",-182,-7.14,"13,324","10,190","10,180",963,16.80,-70.74,"10,250",807,689,-301,0.36,-30.26,"10,000",708,"21,040",493,"-1,436",10.03,0,14.42
386,안트로젠,"21,550",하락,150,-0.69%,500,709,15,"21,400","2,156",-37,-86.90,"8,507","21,700","21,700","1,161",26.09,-1.91,"21,750","1,063",59,-23,4.55,-1.73,"21,300",466,"10,006",69,-248,2.29,N/A,6.66
387,뷰웍스,"22,000",보합,0,0.00%,500,"3,728",82,"22,000","2,145",223,14.11,"30,991","22,000","22,100","3,229",19.19,9.41,"22,150","3,117",861,211,32.92,6.85,"21,850","1,453","9,750","2,229","1,559",0.86,600,1.20
388,텔레칩스,"14,150",상승,250,+1.80%,500,"12,584",178,"14,120","2,143",49,-5.97,"40,648","14,120","14,190","3,779",-70.95,-17.22,"14,230","1,938","1,761",-386,1.63,-10.25,"14,010","1,605","15,144","1,866","-2,369",1.06,60,-2.34
389,제일일렉트릭,"9,630",하락,140,-1.43%,500,"50,310",487,"9,690","2,140",89,20.62,"326,305","9,770","9,700","2,193",N/A,N/A,"9,770","5,230",648,104,1.57,N/A,"9,600","2,141","22,220","1,863",467,1.40,100,N/A
390,미래반도체,"14,740",상승,220,+1.52%,100,"9,064",134,"14,750","2,128",102,26.23,"41,577","14,790","14,800","1,333",8.79,7.29,"14,900",922,474,60,0.76,4.28,"14,730","2,571","14,438","4,876",562,2.36,N/A,28.15
391,유비케어,"4,075",보합,0,0.00%,500,"40,628",165,"4,075","2,127",52,185.23,"1,501,945","4,050","4,085","1,601",47.12,-1.55,"4,100","6,039",523,-16,1.54,-0.99,"4,045","5,419","52,197","1,906",22,2.06,30,23.73
392,씨에스베어링,"7,780",상승,230,+3.05%,500,"189,156","1,481","7,800","2,122",21,36.70,"237,521","7,800","7,850","1,480","3,596.39",2.80,"7,940","8,154",542,25,0.96,1.68,"7,730","9,369","27,270","1,054",212,2.25,N/A,37.60
393,아미코젠,"3,855",보합,0,0.00%,500,"59,382",228,"3,800","2,121",-71,-4.00,"435,090","3,855","3,825","2,942",-442.93,-35.39,"3,895","6,169","1,711",-509,6.49,-13.37,"3,795","2,386","55,018","1,736",-963,1.81,N/A,8.57
394,포바이포,"19,070",하락,520,-2.65%,500,"191,494","3,671","19,320","2,119",-139,-21.07,"1,637,921","19,340","19,330",590,14.56,-32.55,"19,480","2,619",285,-123,0.37,-19.52,"18,860","1,962","11,113",333,-905,7.82,N/A,-1.41
395,폴라리스AI,"2,915",하락,35,-1.19%,500,"181,528",531,"2,915","2,119",-13,56.06,"1,255,350","2,950","2,920","1,160",-189.87,1.32,"2,950","51,785",203,11,1.52,1.05,"2,910","23,561","72,696",531,52,2.17,0,-10.71
396,퀄리타스반도체,"15,110",상승,260,+1.75%,500,"32,711",497,"15,290","2,117",-227,-10.80,"186,062","15,200","15,330",640,-102.87,-48.62,"15,320","1,382",134,-191,0.07,-36.39,"15,100","1,910","14,011",61,"-1,399",4.61,N/A,-43.62
397,동국산업,"3,895",상승,50,+1.30%,"1,000","17,034",66,"3,910","2,113",120,-37.82,"61,989","3,845","3,925","9,428",144.20,-1.63,"3,925","5,164","4,545",-296,5.38,-3.23,"3,845","5,102","54,244","7,903",-103,0.52,130,4.40
398,컴투스홀딩스,"32,000",하락,800,-2.44%,500,"52,904","1,645","30,700","2,110",-506,-4.78,"626,472","31,600","30,850","5,420","-1,408.36",-13.72,"32,150","1,930","3,305",-425,3.86,-7.47,"30,200",360,"6,595","1,493","-6,695",0.88,N/A,-2.49
399,레드캡투어,"12,620",하락,120,-0.94%,500,"11,614",147,"12,600","2,110",436,8.75,"89,858","12,800","12,710","6,972",12.37,9.64,"12,800",612,"4,816",202,9.58,2.81,"12,520","2,829","16,721","3,589","1,442",1.10,50,21.38
400,비츠로테크,"8,050",상승,60,+0.75%,500,"10,478",84,"7,970","2,109",511,25.80,"167,806","8,050","8,010","5,905",77.36,3.72,"8,060","1,888","1,679",415,5.18,7.56,"7,960","2,802","26,200","4,283",312,0.91,"2,150",6.12
401,LB세미콘,"3,630",상승,50,+1.40%,500,"12,732",46,"3,600","2,108",-188,-7.01,"56,258","3,585","3,630","8,060",-48.16,-9.19,"3,640","2,391","4,598",-230,29.03,-2.88,"3,580","8,855","58,083","4,509",-518,0.63,N/A,8.16
402,로체시스템즈,"13,780",상승,80,+0.58%,500,"1,447",20,"13,740","2,108",198,14.99,"21,238","13,710","13,830","1,575",65.83,10.36,"13,830","1,952",352,121,42.92,8.23,"13,710",324,"15,297","1,601",919,1.64,50,52.07
403,원일티엔아이,"25,050",하락,150,-0.60%,500,"19,067",480,"25,250","2,099",64,N/A,"119,756","25,600","25,450",730,122.86,24.45,"25,600","2,608",369,79,0.43,11.67,"24,950","2,493","8,381",422,N/A,N/A,0,0.74
404,어보브반도체,"11,800",상승,110,+0.94%,500,"36,623",435,"11,860","2,098",-51,30.33,"152,271","11,900","11,870","2,930",65.17,2.44,"11,930","2,109","1,385",-181,4.28,-6.23,"11,790","3,316","17,781","2,321",389,1.68,150,-0.14
405,삼양엔씨켐,"19,300",상승,190,+0.99%,500,"41,810",809,"19,310","2,097",107,20.86,"359,832","19,160","19,380","1,283",45.87,11.32,"19,500","1,282",446,90,3.88,6.91,"19,120","4,406","10,866","1,105",925,1.95,N/A,12.08
406,압타바이오,"7,770",하락,10,-0.13%,500,"4,410",34,"7,740","2,089",-189,-6.97,"44,640","7,960","7,790",774,-15.15,-50.84,"7,960","2,091",232,-294,1.60,-34.57,"7,740",617,"26,881",34,"-1,115",4.04,N/A,937.76
407,쇼박스,"3,325",하락,10,-0.30%,500,"27,154",90,"3,310","2,083",245,35.37,"309,962","3,355","3,315","1,540",186.67,23.14,"3,355","10,625",219,274,3.07,19.17,"3,305","11,182","62,638",931,94,1.71,150,131.81
408,휴마시스,"1,600",상승,48,+3.09%,100,"1,889,981","3,019","1,570","2,070",-106,-6.13,"2,434,650","1,540","1,572","3,319",79.83,-11.79,"1,626","18,217",828,-356,5.79,-10.47,"1,540","40,669","129,375",254,-261,0.79,N/A,83.79
409,멀티캠퍼스,"34,800",상승,100,+0.29%,500,240,8,"34,600","2,063",389,7.00,"11,321","34,700","34,700","3,207",-3.37,15.16,"34,900",638,997,315,7.43,9.97,"34,550",743,"5,927","3,527","4,970",0.99,"2,100",-1.63
410,디지털대성,"7,440",하락,70,-0.93%,500,"1,336",10,"7,420","2,059",237,12.76,"39,290","7,470","7,440","3,380",-5.28,10.45,"7,500","3,104","1,769",161,3.12,5.49,"7,420","2,156","27,675","2,177",583,1.61,500,2.92
411,그래디언트,"15,040",보합,0,0.00%,"2,500","1,354",20,"14,940","2,057",-55,-4.50,"25,195","15,070","15,000","17,380",-289.46,-7.70,"15,070",643,"9,559",-260,4.16,-1.43,"14,940","2,110","13,677","33,179","-3,341",0.39,200,-3.10
412,오로스테크놀로지,"21,850",상승,350,+1.63%,500,"5,245",115,"21,600","2,047",61,18.80,"30,117","21,650","21,750",944,156.71,9.05,"22,200",629,262,59,0.76,7.01,"21,500","1,716","9,367",614,"1,162",2.95,N/A,34.88
413,에브리봇,"16,630",하락,20,-0.12%,500,"11,429",191,"16,660","2,039",-22,"2,078.75","96,680","16,810","16,680","1,177",N/A,N/A,"16,810","1,028",508,3,0.00,N/A,"16,620",724,"12,262",298,8,3.13,N/A,N/A
414,와이지-원,"6,060",상승,10,+0.17%,500,"25,291",153,"6,020","2,035",558,16.79,"199,856","6,090","6,030","10,762",2.07,4.47,"6,100","7,710","6,726",170,19.28,1.67,"6,000","5,245","33,574","5,750",361,0.56,160,3.94
415,탑머티리얼,"24,900",상승,350,+1.43%,500,"2,183",55,"25,250","2,028",-72,-18.40,"24,110","24,800","25,300","2,074",-152.29,-5.50,"25,400",413,663,-82,0.00,-3.97,"24,800",681,"8,144","1,061","-1,353",1.43,0,-13.19
416,넥써쓰,"3,445",상승,95,+2.84%,500,"767,997","2,686","3,445","2,023",-89,-47.85,"1,893,709","3,445","3,480",338,44.70,-29.78,"3,670","14,381",80,-82,2.93,-22.40,"3,330","22,578","58,718",76,-72,6.29,0,38.29
417,파인엠텍,"5,460",상승,60,+1.11%,500,"6,474",35,"5,420","2,020",-79,-9.13,"95,982","5,390","5,450","3,333",-138.90,-11.87,"5,470","2,874","1,691",-158,2.50,-5.06,"5,350","1,281","36,988","3,822",-598,1.39,N/A,0.56
418,랩지노믹스,"2,705",상승,115,+4.44%,500,"2,025,989","5,457","2,615","2,008",-185,-9.94,"1,626,910","2,590","2,620","2,957",-167.09,-10.72,"2,745","46,250",793,-239,2.46,-7.85,"2,580","43,468","74,240",859,-272,0.95,N/A,20.85
419,애니플러스,"4,095",상승,100,+2.50%,100,"219,714",883,"4,000","2,003",251,10.34,"1,811,224","4,000","4,010","2,556",9.96,15.20,"4,100","9,441","1,317",180,3.10,7.92,"3,950","30,041","48,911","1,310",396,1.56,0,17.63
420,대원산업,"9,990",상승,120,+1.22%,500,"6,886",68,"9,970","2,002",750,2.26,"91,035","9,880","9,990","7,117",58.72,15.16,"9,990","3,867","1,993",726,12.86,11.38,"9,870",778,"20,038","9,315","4,430",0.38,200,19.78
421,AP위성,"13,270",하락,80,-0.60%,500,"32,725",437,"13,280","2,001",73,32.44,"180,859","13,430","13,300","1,352",-27.51,10.41,"13,520","1,540",299,104,0.31,7.46,"13,210","1,382","15,082",586,409,1.79,N/A,18.61
422,케이프,"6,455",하락,65,-1.00%,500,"23,889",154,"6,460","1,995",390,22.03,"105,652","6,530","6,530","24,047",-4.79,7.47,"6,550","4,950","21,452",183,2.69,0.79,"6,410","1,727","30,902","5,165",293,0.87,300,-12.56
423,나무가,"13,580",상승,120,+0.89%,500,446,6,"13,480","1,994",209,8.47,"26,885","13,560","13,540","2,644",-7.82,16.64,"13,580",968,975,261,2.72,11.11,"13,460",858,"14,685","4,504","1,604",1.20,650,23.18
424,앱트뉴로사이언스,"1,251",상승,6,+0.48%,100,"40,475",51,"1,242","1,986",-128,-22.75,"925,884","1,260","1,246","2,064",-94.80,-27.51,"1,260","15,962","1,255",-192,3.97,-12.57,"1,242","7,310","158,791",184,-55,2.20,0,-9.98
425,대양전기공업,"20,750",하락,450,-2.12%,500,"8,532",179,"21,000","1,985",157,9.17,"47,958","21,400","21,150","3,086",320.05,8.32,"21,500",648,633,196,5.88,6.46,"20,700",965,"9,567","1,963","2,263",0.77,100,27.17
426,인터플렉스,"8,490",상승,50,+0.59%,500,"3,437",29,"8,520","1,980",344,3.97,"38,626","8,500","8,570","3,649",58.79,21.95,"8,570","2,026",831,551,3.08,16.55,"8,480","1,689","23,327","4,975","2,140",0.68,N/A,13.54
427,아바코,"13,260",상승,90,+0.68%,500,"14,136",187,"13,180","1,977",211,9.78,"63,900","13,150","13,260","3,907",378.73,13.70,"13,280","4,547","1,895",264,7.08,7.18,"13,150","3,792","14,913","3,055","1,356",0.98,500,63.51
428,나인테크,"3,700",상승,15,+0.41%,100,"547,425","2,021","3,680","1,976",46,-19.37,"3,775,689","3,685","3,685","1,860",249.45,-7.26,"3,735","34,204","1,019",-54,2.28,-2.41,"3,625","21,146","53,398","1,972",-191,2.32,0,60.28
429,KT나스미디어,"17,030",상승,100,+0.59%,500,"2,552",43,"17,000","1,970",199,-30.09,"65,124","16,870","17,080","4,927",-2.81,-3.13,"17,150","3,856","2,533",-46,5.84,-0.92,"16,870",154,"11,568","1,426",-566,0.99,700,-2.87
430,국전약품,"3,940",상승,130,+3.41%,100,"143,247",559,"3,820","1,969",4,135.86,"462,444","3,845","3,830","2,123",-94.33,1.79,"3,955","26,072","1,148",5,0.49,0.25,"3,815","1,695","49,966","1,365",29,1.95,10,11.86
431,이화전기,899,보합,0,0.00%,200,0,0,0,"1,968",17,-40.86,0,0,0,"2,799",-51.38,-5.83,0,0,523,-137,0.88,-4.69,0,0,"218,949",645,-22,0.86,0,-1.07
432,아티스트컴퍼니,"12,610",하락,270,-2.10%,500,"26,111",334,"12,890","1,966",-31,-22.24,"83,489","12,980","12,900",526,3.95,-30.27,"13,020","2,925",293,-78,1.91,-13.73,"12,610","1,553","15,591",213,-567,3.63,N/A,-0.03
433,DSC인베스트먼트,"7,280",하락,20,-0.27%,500,"269,676","1,955","7,300","1,966",150,27.16,"2,462,346","7,310","7,320","1,578",-14.77,9.98,"7,390","15,744",435,106,1.26,7.09,"7,160","12,491","27,000",386,268,1.71,40,15.08
434,헥토파이낸셜,"20,750",하락,900,-4.16%,500,"182,036","3,787","20,750","1,961",133,20.71,"2,694,743","21,100","20,650","4,516",5.75,6.90,"21,300","12,051","3,002",90,1.93,2.17,"20,450","1,634","9,453","1,593","1,002",1.19,350,4.07
435,덱스터,"7,680",보합,0,0.00%,500,"23,600",181,"7,640","1,952",-89,-16.13,"182,720","7,790","7,660","1,036","-21,406.94",-22.64,"7,790","11,554",547,-107,2.88,-11.33,"7,600","1,921","25,412",537,-476,4.88,N/A,-20.72
436,더네이쳐홀딩스,"13,120",상승,120,+0.92%,500,"10,650",139,"12,960","1,948",301,10.01,"185,788","13,000","13,000","6,983",-55.05,4.91,"13,150","5,312","2,987",190,8.51,2.84,"12,970",499,"14,848","5,169","1,311",0.53,500,-5.75
437,우진엔텍,"21,000",상승,650,+3.19%,500,"81,939","1,708","20,200","1,947",53,41.67,"118,887","20,400","20,250",517,-9.74,13.35,"21,200","7,332",43,54,0.17,11.86,"20,150","5,793","9,271",440,504,4.23,200,8.05
438,BGF에코머티리얼즈,"3,100",보합,0,0.00%,500,"1,704",5,"3,075","1,946",140,13.90,"52,517","3,075","3,110","7,152",-18.51,4.00,"3,110","1,538","2,213",155,1.07,2.41,"3,075","3,692","62,767","3,643",223,0.48,50,27.54
439,노바텍,"18,300",상승,30,+0.16%,500,"15,519",283,"18,090","1,935",126,12.98,"126,155","18,400","18,120","1,834",-50.75,10.80,"18,400","5,095",125,172,1.03,9.78,"18,020",874,"10,576",658,"1,410",1.17,"1,409",-28.79
440,유니셈,"6,310",상승,120,+1.94%,500,"29,323",185,"6,280","1,935",100,14.18,"91,250","6,220","6,300","2,631",-42.64,7.02,"6,350","6,689",348,155,7.32,6.12,"6,220","4,708","30,664","2,182",445,0.81,80,-6.01
441,KZ정밀,"12,220",상승,90,+0.74%,500,996,12,"12,160","1,925",152,14.67,"11,052","12,190","12,180","6,044",-26.95,4.69,"12,230","1,008","1,221",192,5.89,3.84,"12,160",480,"15,750","1,127",833,0.48,800,-18.74
442,아가방컴퍼니,"5,830",하락,40,-0.68%,500,"78,105",459,"5,930","1,917",152,17.72,"483,811","5,940","5,940","2,238",-8.27,6.64,"5,950","22,025",562,102,2.08,4.57,"5,820","18,957","32,888","1,827",329,0.96,N/A,-1.97
443,덕산하이메탈,"4,210",상승,45,+1.08%,200,"14,295",60,"4,195","1,913",186,15.36,"70,708","4,225","4,220","8,185",269.97,6.76,"4,230","3,323","3,636",313,2.15,3.99,"4,175","6,347","45,437","2,359",274,0.61,N/A,63.30
444,금화피에스시,"31,800",상승,650,+2.09%,500,"14,354",453,"31,150","1,908",362,5.28,"47,293","31,150","31,200","4,618",-16.71,11.59,"31,850","1,525","1,009",400,19.86,8.98,"31,100",132,"6,000","3,402","6,021",0.53,"1,400",0.78
445,이크레더블,"15,830",상승,10,+0.06%,500,680,11,"15,780","1,906",150,14.62,"16,964","15,880","15,840",594,18.68,27.34,"15,880",630,104,129,8.89,22.74,"15,750","6,702","12,044",451,"1,083",6.27,"1,590",9.70
446,동양이엔피,"24,250",상승,50,+0.21%,500,"4,659",113,"24,100","1,906",516,2.87,"66,015","24,200","24,150","4,885",20.16,19.25,"24,400","3,386",874,695,7.06,15.23,"24,100","2,377","7,860","5,484","8,455",0.46,600,2.14
447,이엠텍,"11,080",하락,70,-0.63%,500,"16,329",182,"11,200","1,898",-305,-3.96,"97,391","11,150","11,240","3,462",-109.01,-19.74,"11,370","2,939","1,398",-447,5.93,-11.84,"11,060",503,"17,133","1,676","-2,801",0.91,N/A,-36.39
448,헥토이노베이션,"14,420",상승,330,+2.34%,500,"58,142",828,"14,170","1,893",489,6.65,"942,797","14,090","14,180","6,922",28.48,14.63,"14,420","2,060","3,624",348,9.13,5.46,"14,070","4,395","13,125","3,195","2,169",0.94,490,10.74
449,이수앱지스,"5,110",상승,20,+0.39%,500,"6,399",33,"5,090","1,887",134,8.20,"114,467","5,090","5,120","1,602",244.86,16.53,"5,120","13,530",594,147,3.25,8.02,"5,090","5,666","36,937",603,623,1.94,0,10.96
450,드림시큐리티,"3,715",하락,30,-0.80%,100,"43,491",162,"3,715","1,880",256,15.81,"489,944","3,765","3,730","5,366",-22.94,11.91,"3,765","9,685","3,889",121,3.81,2.56,"3,710","3,080","50,606","2,688",235,1.56,N/A,15.51
451,디와이피엔에프,"17,490",상승,200,+1.16%,500,"2,089",36,"17,230","1,874",246,7.48,"32,404","17,300","17,300","3,208",195.44,15.14,"17,490",655,"1,926",182,4.46,5.94,"17,170",46,"10,714","2,810","2,339",1.22,N/A,95.08
452,비나텍,"29,400",상승,200,+0.68%,500,942,28,"29,350","1,873",-81,-14.75,"32,199","29,500","29,500","1,761",-365.73,-12.25,"29,900","1,152",922,-97,1.39,-6.32,"29,250",637,"6,372",596,"-1,993",2.16,24,8.42
453,현대사료,994,보합,0,0.00%,100,0,0,0,"1,873",27,4.38,0,0,0,"1,170",-56.45,340.50,0,0,281,284,2.38,25.24,0,0,"188,472","1,285",227,2.24,N/A,-20.01
454,블루엠텍,"5,560",상승,120,+2.21%,100,"244,523","1,368","5,580","1,863",-69,-40.29,"1,966,041","5,650","5,600","1,157",N/A,N/A,"5,660","33,957",685,-48,1.59,N/A,"5,520","20,340","33,511","1,333",-138,4.09,0,N/A
455,대한약품,"31,050",상승,300,+0.98%,500,"6,855",213,"31,050","1,863",381,5.62,"62,341","30,800","31,100","3,244",6.38,12.89,"31,150","1,018",484,338,16.59,10.91,"30,750",612,"6,000","2,042","5,523",0.66,900,4.23
456,아티스트스튜디오,"18,620",하락,300,-1.59%,500,"51,765",978,"19,080","1,861",-73,-12.49,"167,102","19,300","19,110",593,5.99,-31.73,"19,300","4,766",51,-150,1.64,-27.16,"18,550","1,316","9,996",273,"-1,491",3.46,N/A,-34.77
457,경동제약,"6,040",보합,0,0.00%,500,817,5,"6,020","1,858",26,31.96,"17,319","6,000","6,040","3,029",110.51,2.44,"6,050","3,772",825,54,1.77,1.83,"6,000","1,400","30,769","1,939",189,0.76,300,19.22
458,하나기술,"23,200",상승,250,+1.09%,500,"3,381",78,"23,100","1,855",-264,-12.47,"24,329","23,150","23,200","2,400",-318.01,-14.73,"23,500",776,"1,421",-155,1.15,-6.58,"23,000",481,"7,995",942,"-1,861",1.93,0,-21.45
459,젝시믹스,"6,180",하락,50,-0.80%,500,"15,866",98,"6,190","1,847",249,9.66,"183,839","6,230","6,200","1,727",36.85,20.72,"6,250","4,971",582,209,3.57,13.69,"6,160",840,"29,882","2,716",640,1.68,180,16.78
460,KX,"4,070",하락,50,-1.21%,500,"7,962",33,"4,100","1,845",597,2.26,"124,613","4,150","4,140","8,868",-3.73,27.09,"4,150","1,801","4,438",975,1.55,10.14,"4,070","8,487","45,336","4,038","1,804",0.51,190,0.18
461,HB테크놀러지,"1,988",상승,8,+0.40%,500,"145,269",290,"1,990","1,843",-165,-2.45,"426,129","1,982","1,997","3,488",25.16,-18.17,"2,005","11,411",921,-516,0.00,-13.70,"1,982","22,214","92,716","1,624",-811,0.69,20,45.43
462,모다이노칩,"2,305",보합,0,0.00%,500,886,2,"2,290","1,838",386,23.76,"49,765","2,310","2,305","9,681",137.95,3.47,"2,310","2,740","5,865",127,0.14,1.30,"2,285","1,872","79,722","3,889",97,0.50,N/A,-0.28
463,티엘비,"18,600",상승,460,+2.54%,500,"67,330","1,266","18,910","1,829",34,42.56,"67,124","18,650","18,930","1,884",10.28,3.25,"19,020","1,332",763,36,2.13,1.99,"18,590","4,961","9,833","1,800",437,1.63,200,5.08
464,HB솔루션,"2,500",상승,20,+0.81%,500,"25,974",65,"2,510","1,829",193,-4.60,"141,392","2,510","2,520","2,933",185.95,-9.21,"2,535","4,929",724,-208,2.95,-7.02,"2,495","7,418","73,141","1,315",-544,0.82,30,36.77
465,에이스테크,"2,415",하락,35,-1.43%,500,"23,813",57,"2,430","1,823",-311,-2.66,"166,647","2,430","2,440","3,049",49.99,-67.32,"2,435","8,043","2,093",-408,0.00,-14.44,"2,375","1,022","75,506","1,451",-909,1.87,0,3.59
466,강원에너지,"6,980",상승,30,+0.43%,500,"10,404",73,"7,000","1,823",68,72.71,"47,749","6,930","7,040","1,639",-2.25,2.60,"7,060","1,724",920,-6,1.92,-0.35,"6,930",358,"26,123","2,244",96,4.45,N/A,61.21
467,사람인,"15,540",상승,110,+0.71%,500,"11,990",186,"15,580","1,820",213,18.35,"31,086","15,460","15,590","2,097",-15.84,7.12,"15,640",341,297,123,22.25,5.94,"15,420","3,542","11,709","1,284",847,0.94,500,-2.41
468,알서포트,"3,415",하락,10,-0.29%,100,"34,695",118,"3,425","1,819",37,87.56,"204,205","3,425","3,435","1,205",-53.60,3.23,"3,475","7,138",246,31,19.65,2.75,"3,385","2,479","53,267",475,39,1.85,10,-5.72
469,KG모빌리언스,"4,785",하락,85,-1.75%,500,"38,040",182,"4,785","1,819",74,26.88,"579,636","4,835","4,805","5,385",-77.48,2.84,"4,835","2,741","1,915",82,4.19,1.54,"4,765","5,410","38,011","2,661",178,0.51,220,-4.82
470,와이솔,"6,560",상승,10,+0.15%,500,"2,739",18,"6,530","1,815",5,-58.57,"91,681","6,560","6,550","4,143",-96.58,3.12,"6,570","4,806",524,110,5.96,2.71,"6,550","25,083","27,672","3,750",-112,0.54,500,1.42
471,성우,"12,010",상승,210,+1.78%,500,"12,976",155,"11,840","1,807",146,8.62,"70,846","22,100","21,850",312,50.22,-125.23,"22,100","2,273",148,-171,3.74,-64.70,"21,700","2,082","8,213",80,-300,11.73,0,148.96
472,사피엔반도체,"22,000",상승,100,+0.46%,100,"8,274",181,"21,800","1,807",-34,-73.33,"59,311","11,900","11,910","2,549",-49.40,10.71,"12,010","3,901",321,182,1.59,8.71,"11,760","1,492","15,046","1,309","1,393",0.82,150,-10.74
473,이니텍,"9,120",상승,110,+1.22%,500,"14,315",130,"9,040","1,805",2,74.15,"91,179","9,160","9,120","1,184",106.51,2.10,"9,160","9,089",73,23,1.63,1.97,"9,010","10,544","19,791",389,123,1.37,0,-14.83
474,에스피소프트,"7,270",하락,110,-1.49%,100,"5,740",42,"7,320","1,799",38,46.31,"63,353","7,400","7,370",768,N/A,N/A,"7,400","5,247",142,3,1.63,N/A,"7,260","5,363","24,741",451,157,2.76,0,N/A
475,지니언스,"19,640",상승,340,+1.76%,500,"40,303",809,"20,100","1,783",98,16.01,"38,557","19,430","20,150",693,52.16,20.33,"20,600","1,102",125,109,26.67,16.41,"19,340","5,682","9,080",496,"1,227",3.09,250,15.65
476,인피니트헬스케어,"7,290",상승,60,+0.83%,500,"19,919",143,"7,180","1,778",139,5.36,"183,518","7,230","7,190","2,324",109.54,28.16,"7,290","2,160",516,446,3.47,21.92,"7,130",652,"24,396","1,016","1,361",1.01,N/A,14.80
477,마음AI,"25,200",하락,900,-3.45%,500,"143,419","3,667","25,300","1,770",-71,-14.39,"2,173,736","26,250","25,400",497,-84.58,-51.91,"26,250","11,075",364,-87,1.53,-16.49,"25,200","3,590","7,025",78,"-1,751",8.27,0,-23.96
478,엠케이전자,"7,980",상승,50,+0.63%,500,"10,198",81,"7,960","1,761",561,-8.37,"82,669","7,980","7,970","23,142",20.72,-7.45,"8,100","3,848","14,001",-377,4.23,-1.63,"7,900","2,859","22,066","11,706",-953,0.48,100,4.80
479,지투파워,"9,400",상승,180,+1.95%,500,"115,811","1,080","9,200","1,759",37,52.51,"170,569","6,550","6,730","1,664",-102.94,-6.21,"7,280","7,826",329,-114,1.35,-6.77,"6,540","5,444","25,710",226,-390,1.48,N/A,-68.34
480,디에스케이,"6,840",상승,500,+7.89%,500,"371,463","2,602","6,680","1,759",-197,-17.54,"144,253","3,580","3,595","4,334",61.79,2.02,"3,605","32,243","2,375",63,1.16,1.47,"3,580","2,134","48,907","5,610",-36,0.93,N/A,1.33
481,에스와이,"3,595",상승,15,+0.42%,500,"12,102",43,"3,590","1,758",219,-99.86,"164,464","9,960","9,950","1,615",N/A,N/A,"10,000","1,458",566,71,3.88,N/A,"9,870","8,247","17,752","1,338",616,1.62,120,N/A
482,녹십자웰빙,"9,880",하락,30,-0.30%,500,"12,433",123,"9,910","1,754",130,16.04,"467,662","13,660","13,540","2,531",-710.21,-6.38,"13,720","2,742",697,-77,4.12,-3.83,"13,310","2,944","13,105",862,-477,0.95,N/A,-5.47
483,켄코아에어로스페이스,"13,370",상승,30,+0.22%,500,"49,393",666,"13,480","1,752",-54,-28.03,"331,715","22,450","22,650","1,688",-372.86,-2.90,"22,750","3,615",384,-28,1.01,-1.92,"22,000","4,859","7,943","1,247",-584,1.37,N/A,-5.46
484,그리드위즈,"22,050",하락,150,-0.68%,200,"25,299",566,"22,550","1,751",-43,-37.76,"375,846","9,270","9,240",641,488.22,12.22,"9,420","4,725",274,42,0.00,7.03,"9,090","7,462","18,709",554,179,4.78,N/A,12.16
485,에스텍,"16,040",상승,"1,470",+10.09%,500,"69,704","1,125","15,130","1,750",440,3.65,"41,484","14,950","15,190","3,880",79.12,25.76,"17,250","1,410","1,845",463,57.63,14.11,"14,900","3,477","10,910","5,094","4,392",0.65,850,22.86
486,삼지전자,"10,700",하락,40,-0.37%,500,"6,140",66,"10,740","1,746","1,156",2.67,"56,927","10,760","10,750","12,019",47.57,16.21,"10,830","3,122","5,617",941,5.71,8.49,"10,660",694,"16,319","33,597","4,004",0.39,450,32.99
487,유비쿼스홀딩스,"9,900",하락,50,-0.50%,500,282,3,"9,900","1,743",143,25.52,"15,366","9,950","9,950","3,877",-55.99,3.64,"9,950",519,311,214,3.52,5.50,"9,890",340,"17,605","1,256",388,0.66,130,-26.78
488,케이에스피,"4,320",하락,35,-0.80%,500,"26,677",116,"4,350","1,736",138,12.90,"115,545","4,380","4,360","1,055",16.66,25.99,"4,400","9,078",341,153,2.64,16.91,"4,310","5,296","40,191",853,335,2.39,15,4.46
489,마크로젠,"15,950",상승,40,+0.25%,500,"2,318",37,"15,900","1,729",-65,-22.53,"5,687","15,920","15,920","3,297","-1,427.80",-4.75,"15,970",296,"1,522",-78,1.99,-2.65,"15,860",488,"10,841","1,358",-708,1.11,300,2.24
490,엔케이맥스,"2,020",보합,0,0.00%,500,0,0,0,"1,727",-51,-5.40,0,0,0,232,92.46,219.63,0,0,464,-355,4.73,-91.48,0,0,"85,519",88,-374,-7.32,N/A,-18.29
491,서울옥션,"9,710",상승,410,+4.41%,500,"764,319","7,704","10,050","1,726",-34,-13.58,"818,654","10,100","10,060","2,125",4.44,-8.44,"10,600","21,669","1,049",-95,1.18,-4.63,"9,700","6,445","17,774",206,-715,1.57,N/A,-54.19
492,이지바이오,"5,210",하락,20,-0.38%,100,"14,004",73,"5,190","1,724",324,8.70,"153,973","5,230","5,220","3,600",57.00,26.72,"5,230","10,113","2,712",199,4.41,7.48,"5,170","17,270","33,082","3,843",599,2.08,200,132.39
493,엘오티베큠,"9,630",상승,170,+1.80%,500,"5,009",48,"9,590","1,715",-42,-23.66,"54,643","9,480","9,610","3,392",-106.21,0.65,"9,650",934,824,24,5.85,0.67,"9,480","1,264","17,810","2,660",-407,0.63,N/A,-43.77
494,와이엠티,"10,470",상승,30,+0.29%,500,"3,687",39,"10,420","1,708",36,-59.83,"41,685","10,420","10,470","3,506",213.39,-2.94,"10,590",871,"1,540",-23,1.80,-0.78,"10,400",709,"16,314","1,372",-175,0.98,N/A,7.71
495,NICE인프라,"5,000",하락,10,-0.20%,500,"8,875",44,"5,000","1,707",187,84.75,"68,140","5,010","5,010","5,478",-32.60,1.36,"5,030","6,516","3,673",24,1.61,0.45,"4,975","2,961","34,148","3,387",59,0.86,125,-5.50
496,에이럭스,"12,510",상승,870,+7.47%,200,"1,325,827","17,223","12,850","1,704",30,53.01,"153,537","12,780","12,860",628,-40.25,6.60,"13,450","12,577",59,28,2.38,5.65,"12,500","7,625","13,625",550,236,3.07,0,0.36
497,아톤,"6,820",하락,110,-1.59%,100,"469,270","3,207","6,800","1,691",144,11.96,"3,983,454","6,940","6,830","1,389",26.50,12.78,"6,940","35,288",490,110,5.26,7.78,"6,730","12,082","24,799",654,570,1.63,50,18.89
498,엠에스오토텍,"2,700",하락,70,-2.53%,500,"513,223","1,393","2,710","1,691",963,-5.97,"12,775,479","2,730","2,720","17,410",-44.92,0.63,"2,755","76,905","10,617",774,1.16,4.54,"2,690","67,158","62,628","17,775",-452,0.42,N/A,-14.62
499,톱텍,"4,445",상승,35,+0.79%,500,"11,918",53,"4,380","1,690",125,27.10,"149,274","4,415","4,415","6,165",-81.89,9.07,"4,450","3,332","2,021",326,3.55,4.67,"4,380","4,309","38,023","4,736",164,0.41,150,-21.28
500,에어레인,"20,650",하락,400,-1.90%,100,"55,766","1,161","20,900","1,688",19,75.92,"448,826","21,100","20,950",824,679.39,4.03,"21,150","16,069",184,20,0.51,3.10,"20,550","7,118","8,175",245,272,2.15,N/A,49.90
