N,종목명,현재가,전일비변동,전일비,등락률,액면가,거래량,거래대금,매수호가,시가총액,영업이익,PER,전일거래량,시가,매도호가,자산총계,영업이익증가율,ROE,고가,매수총잔량,부채총계,당기순이익,외국인비율,ROA,저가,매도총잔량,상장주식수,매출액,주당순이익,PBR,보통주배당금,매출액증가율
1,알테오젠,"399,000",상승,"1,500",+0.38%,500,"38,329","15,100","388,000","213,325",254,170.73,"281,659","392,000","393,000","4,090",360.91,29.52,"399,500",483,"1,349",607,15.01,18.25,"389,500",521,"53,465","1,029","2,337",58.21,0,6.56
2,에코프로비엠,"90,300",상승,800,+0.89%,500,"66,191","6,005","89,100","88,315",-341,-95.15,"346,708","89,400","89,300","43,237",-121.86,-6.26,"92,100",523,"23,466",-585,11.64,-1.35,"89,400",257,"97,801","27,668",-949,5.21,N/A,-59.91
3,HLB,"50,100",하락,800,-1.57%,500,"86,706","4,353","50,700","65,844","-1,185",-34.86,"460,047","50,400","50,800","8,874",5.21,-16.33,"50,600",765,"2,353","-1,080",20.85,-13.22,"50,000","2,141","131,425",681,"-1,437",12.79,0,58.80
4,에코프로,"42,000",상승,450,+1.08%,100,"114,709","4,841","41,900","57,026","-2,930",-32.51,"560,646","41,700","42,300","81,383",-198.28,-12.57,"42,750",108,"42,998","-2,954",20.97,-3.76,"41,700","5,401","135,776","31,279","-1,292",3.59,100,-56.92
5,레인보우로보틱스,"270,000",하락,500,-0.18%,500,"7,953","2,147","272,000","52,380",-30,"6,585.37","156,113","272,000","272,500","1,399",93.32,1.62,"272,000",399,71,21,7.37,1.57,"268,750",99,"19,400",193,41,39.69,N/A,26.80
6,파마리서치,"434,500",상승,"14,500",+3.45%,500,"41,824","17,965","421,000","45,664","1,261",43.19,"308,638","421,000","423,000","8,557",36.63,18.93,"435,000",821,"2,863",889,17.34,12.79,"421,000",90,"10,510","3,501","10,061",8.90,"1,100",34.14
7,휴젤,"371,000",상승,"11,500",+3.20%,500,"6,640","2,416","353,500","45,648","1,662",32.21,"56,306","353,500","355,000","9,394",41.13,17.51,"371,500",354,986,"1,431",55.33,15.32,"353,000",5,"12,304","3,730","11,517",4.76,0,16.69
8,펩트론,"188,200",하락,"1,000",-0.53%,500,"16,060","3,011","187,600","43,846",-165,-190.68,"217,343","187,000","187,700","1,689",-4.05,-23.46,"189,900",25,172,-220,5.96,-19.91,"185,500",107,"23,297",32,-987,29.45,N/A,-5.68
9,리가켐바이오,"110,200",하락,"1,000",-0.90%,500,"17,561","1,929","110,900","40,345",-209,162.06,"235,328","110,100","111,000","7,384",74.12,2.04,"110,700","1,429","1,224",78,11.01,1.68,"109,200",159,"36,610","1,259",680,6.85,N/A,268.71
10,클래시스,"61,300",상승,600,+0.99%,100,"18,904","1,148","60,900","40,155","1,224",39.07,"292,748","60,300","61,000","6,084",36.62,26.54,"61,500",467,"1,557",975,72.12,19.83,"60,100",251,"65,506","2,429","1,569",8.58,257,34.87
11,삼천당제약,"163,000",하락,"2,500",-1.51%,500,"20,132","3,270","163,000","38,236",26,-329.96,"222,970","163,400","164,300","5,198",-72.36,-4.49,"164,300",17,"1,704",-51,2.59,-1.10,"161,200",98,"23,457","2,109",-494,14.47,200,9.48
12,리노공업,"48,650",상승,250,+0.52%,100,"48,913","2,397","49,050","37,077","1,242",30.39,"857,427","48,450","49,100","6,574",8.59,19.21,"49,400",302,348,"1,133",34.93,18.27,"48,450",127,"76,212","2,782","1,601",6.09,600,8.85
13,에이비엘바이오,"72,300",하락,900,-1.23%,500,"62,103","4,449","72,600","35,086",-594,-52.74,"1,168,796","55,400","55,500","4,578",187.76,60.90,"57,200","1,986","1,962","1,207",7.66,35.88,"54,900",538,"61,172","6,915","2,197",11.44,N/A,101.69
14,실리콘투,"57,100",상승,"1,800",+3.25%,500,"188,241","10,601","55,300","34,929","1,376",25.99,"506,570","72,200","72,700","2,320","-2,168.82",-46.01,"72,400",367,647,-555,14.10,-28.32,"71,200",423,"48,528",334,"-1,371",27.30,N/A,-49.04
15,코오롱티슈진,"39,500",하락,600,-1.50%,0,"18,375",723,"40,100","32,232",-220,-87.00,"400,256","40,000","40,200","2,223",-7.28,-25.91,"40,000",513,764,-338,3.97,-18.92,"39,200",78,"81,601",51,-454,17.53,0,36.90
16,에스엠,"138,500",상승,"3,200",+2.37%,500,"24,436","3,352","133,900","31,709",873,12.73,"136,315","133,900","134,700","14,191",-23.06,2.64,"138,900",457,"5,900",8,25.61,0.06,"133,600",224,"22,895","9,897","10,881",3.49,400,2.98
17,젬백스,"70,100",상승,600,+0.86%,500,"21,866","1,525","70,200","29,026",-383,-45.55,"188,758","70,100","70,300","1,507",-387.24,-127.30,"70,600","1,498","1,217",-872,6.33,-61.01,"69,200",361,"41,406",627,"-1,539",68.64,0,-13.18
18,JYP Ent.,"76,700",상승,"1,400",+1.86%,500,"66,666","5,066","74,700","27,253","1,283",20.13,"433,161","74,300","74,800","6,788",-24.30,22.41,"76,700",307,"1,959",977,22.51,15.63,"74,100",220,"35,532","6,018","3,811",4.78,534,6.23
19,펄어비스,"42,000",상승,350,+0.84%,100,"23,345",975,"41,650","26,984",-123,56.15,"691,714","41,550","41,700","11,428",24.82,7.88,"42,250","2,822","3,368",603,7.55,5.12,"41,400",263,"64,248","3,424",748,3.19,N/A,2.67
20,HPSP,"28,100",하락,100,-0.35%,500,"41,643","1,167","28,200","23,463",939,29.15,"772,811","28,000","28,350","3,199",-1.32,31.09,"28,350",852,420,863,21.84,26.94,"27,800",426,"83,499","1,814",964,9.20,600,1.29
21,셀트리온제약,"49,550",하락,150,-0.30%,500,"5,972",294,"49,250","21,643",372,79.03,"77,702","49,200","49,350","6,695",3.19,5.68,"49,550",281,"2,725",220,4.57,3.35,"48,900",72,"43,679","4,778",627,5.35,24,22.90
22,신성델타테크,"78,600",하락,700,-0.88%,500,"21,056","1,642","77,000","21,602",272,"-1,708.70","300,057","77,600","77,200","7,741",-9.01,-0.48,"79,300","1,520","4,568",74,6.72,1.02,"77,500",55,"27,484","9,097",-46,10.19,120,9.12
23,파크시스템스,"274,000",상승,"4,500",+1.67%,500,"1,411",382,"268,000","19,153",385,34.77,"32,292","267,000","270,000","2,743",39.80,25.83,"275,000",8,864,428,32.98,17.99,"266,000",11,"6,990","1,751","7,881",9.49,500,20.89
24,이오테크닉스,"152,500",하락,800,-0.52%,500,"10,049","1,541","154,000","18,787",312,40.29,"215,630","153,600","155,000","6,530",0.84,7.43,"155,400",458,500,427,21.00,6.75,"152,400",24,"12,320","3,209","3,785",3.05,500,1.46
25,네이처셀,"27,450",하락,350,-1.26%,500,"40,793","1,121","27,300","17,687",6,"-9,150.00","354,813","27,400","27,400",720,105.82,1.95,"27,700","6,230",74,12,7.37,1.75,"27,400","2,069","64,435",323,-3,27.81,0,67.09
26,씨젠,"33,550",상승,100,+0.30%,500,"47,556","1,601","34,200","17,522",-165,164.46,"441,859","33,950","34,500","12,053",45.17,-2.03,"34,000",712,"2,238",-203,16.41,-1.65,"33,350",840,"52,226","4,143",204,1.54,800,12.76
27,보로노이,"94,000",하락,"1,500",-1.57%,500,"13,531","1,265","93,500","17,285",-179,-42.50,"92,175","93,500","94,000",640,-65.09,-96.66,"94,300",139,297,-199,3.93,-38.23,"93,000",449,"18,388",98,"-2,212",31.95,0,-33.93
28,CJ ENM,"76,100",상승,300,+0.40%,"5,000","3,700",278,"75,100","16,688","1,045",-3.03,"100,239","75,000","75,400","93,166",815.59,-16.69,"76,300",157,"56,386","-5,808",17.01,-6.03,"74,500",90,"21,929","52,314","-25,100",0.58,N/A,19.76
29,와이지엔터테인먼트,"89,100",상승,"1,500",+1.71%,500,"27,673","2,444","87,000","16,654",-206,71.34,"172,450","86,700","87,100","7,343",-123.65,3.90,"89,300",14,"1,311",200,15.30,2.71,"86,400",35,"18,691","3,649","1,249",3.40,250,-35.88
30,케어젠,"30,800",하락,350,-1.12%,100,"2,931",90,"30,850","16,544",342,53.01,"115,997","30,700","31,100","2,407",-15.18,14.35,"30,900",94,177,323,5.11,13.24,"30,500",137,"53,715",826,581,7.10,640,4.26
31,스튜디오드래곤,"53,200",상승,900,+1.72%,500,"12,071",636,"52,000","15,991",364,102.11,"131,511","51,600","52,200","9,255",-34.86,4.63,"53,300",116,"1,859",335,13.22,3.32,"51,500",481,"30,058","5,501",521,2.17,N/A,-26.96
32,동진쎄미켐,"30,900",보합,0,0.00%,500,"41,941","1,297","31,000","15,887","2,082",10.35,"791,662","30,900","31,200","20,170",18.19,17.17,"31,250","1,146","9,966","1,435",9.90,7.92,"30,700",611,"51,414","14,081","2,986",1.55,200,7.50
33,에스티팜,"78,800",하락,300,-0.38%,500,"7,809",614,"78,700","15,880",277,52.92,"53,847","78,700","79,000","7,219",-17.36,7.82,"79,200","1,320","2,189",325,5.99,4.65,"78,300","2,291","20,153","2,738","1,489",3.21,500,-3.94
34,주성엔지니어링,"31,600",하락,200,-0.63%,500,"30,779",974,"31,800","14,937",972,12.69,"621,019","31,500","31,850","9,868",235.88,19.76,"32,000",576,"4,202","1,068",17.33,11.92,"31,350","1,870","47,268","4,094","2,491",2.49,287,43.78
35,디앤디파마텍,"136,200",상승,100,+0.07%,500,"39,652","5,348","134,400","14,638",-250,-43.17,"875,171","134,100","134,500",975,-85.50,-49.03,"136,900",500,279,-295,3.96,-33.37,"133,400",125,"10,747",114,"-3,155",22.65,0,-38.77
36,브이티,"39,700",하락,100,-0.25%,500,"47,017","1,860","39,700","14,212","1,109",13.62,"766,143","39,500","39,750","3,596",143.48,56.07,"39,850","2,381","1,189","1,040",10.06,33.75,"39,300","7,014","35,798","4,317","2,914",5.73,N/A,46.09
37,비에이치아이,"45,600",상승,600,+1.33%,500,"111,160","5,030","44,400","14,111",219,63.33,"1,477,593","44,450","44,450","5,248",45.34,20.64,"45,850",920,"4,083",196,16.02,4.12,"44,400",406,"30,944","4,047",720,11.34,N/A,10.16
38,카카오게임즈,"16,980",상승,410,+2.47%,100,"27,907",468,"16,490","14,071",191,-10.57,"329,133","16,400","16,500","31,732",-74.60,-7.96,"16,980",735,"16,949","-1,281",10.80,-3.86,"16,350",205,"82,866","6,272","-1,606",1.06,N/A,-13.58
39,지아이이노베이션,"21,850",하락,350,-1.58%,500,"33,038",718,"21,650","13,463",-483,-20.25,"701,334","21,700","21,750",458,9.46,-116.69,"22,050","1,078",167,-588,4.94,-92.49,"21,450",106,"61,614",0,"-1,079",10.74,0,-99.54
40,디어유,"55,600",상승,"1,600",+2.96%,500,"29,305","1,612","53,500","13,199",254,63.91,"254,810","53,500","54,000","2,203",N/A,N/A,"55,900","1,213",243,244,6.17,N/A,"53,500",86,"23,738",749,870,6.72,215,N/A
41,솔브레인,"167,900",상승,100,+0.06%,500,405,68,"167,800","13,060","1,679",12.61,"21,879","166,200","168,300","11,682",25.82,12.47,"168,000",20,"1,309","1,196",31.64,11.06,"166,200",14,"7,779","8,634","13,317",1.24,"2,300",2.29
42,루닛,"44,250",하락,250,-0.56%,500,"17,670",779,"44,450","12,899",-677,-18.51,"190,083","44,200","44,500","4,350",-60.30,-41.21,"44,300",174,"2,702",-824,8.70,-23.45,"43,800",638,"29,150",542,"-2,390",7.48,0,116.03
43,원익IPS,"25,750",하락,100,-0.39%,500,"21,086",542,"26,150","12,639",106,32.84,"405,257","25,700","26,500","11,241",158.88,2.37,"26,000",185,"2,367",207,25.27,1.88,"25,500",816,"49,084","7,482",784,1.43,50,8.38
44,테크윙,"33,550",하락,450,-1.32%,500,"32,481","1,093","33,800","12,532",234,-89.71,"869,343","33,650","33,850","5,062",640.74,-10.25,"34,050",428,"3,179",-220,10.92,-4.43,"33,350",823,"37,354","1,855",-374,6.54,130,38.85
45,HK이노엔,"42,700",상승,50,+0.12%,500,"12,203",518,"42,450","12,097",882,17.65,"311,275","42,300","42,500","18,896",33.82,5.02,"42,750",813,"6,382",616,10.48,3.30,"42,200",339,"28,330","8,971","2,419",0.96,350,8.23
46,메지온,"40,000",상승,50,+0.13%,500,"9,987",396,"38,850","12,003",-143,-52.36,"103,377","39,250","39,600",740,1.31,-36.23,"40,200","2,418",279,-195,21.90,-23.45,"39,250",132,"30,007",86,-764,27.75,0,-72.85
47,메디톡스,"161,100",상승,"1,200",+0.75%,500,"3,275",524,"159,900","11,758",203,56.09,"34,419","158,400","160,000","6,152",17.47,3.62,"161,600",42,"1,444",161,11.91,2.62,"158,300",6,"7,298","2,286","2,872",2.45,"1,100",3.39
48,제이앤티씨,"20,200",하락,450,-2.18%,500,"51,491","1,043","20,200","11,685",-461,-13.95,"1,303,640","20,300","20,350","6,397",-261.51,-9.65,"20,550","11,182","3,026",-334,2.73,-5.16,"20,100","1,342","57,848","2,732","-1,448",3.61,N/A,-15.52
49,엔켐,"54,800",하락,"1,000",-1.79%,500,"34,107","1,892","55,000","11,614",-653,-5.34,"240,382","55,000","55,100","11,269","-2,244.05",-156.31,"56,400","1,221","6,601","-5,712",6.07,-57.41,"54,400",332,"21,194","3,657","-10,265",2.23,N/A,-13.89
50,티씨케이,"99,300",상승,300,+0.30%,500,"1,755",173,"99,000","11,593",807,15.27,"47,056","98,100","101,200","5,635",21.06,14.78,"100,000",50,473,720,64.61,13.60,"98,100",9,"11,675","2,757","6,503",2.26,"1,410",21.65
51,서진시스템,"20,450",하락,50,-0.24%,500,"23,120",472,"20,300","11,503","1,087",23.24,"192,456","20,300","20,350","21,032",121.85,12.32,"20,600","3,814","12,276",839,7.60,4.63,"20,300","10,246","56,248","12,138",880,1.32,N/A,55.87
52,코나아이,"78,900",상승,"1,800",+2.33%,500,"421,186","33,606","77,700","11,490",334,34.47,"1,055,330","78,300","77,800","4,131",-0.80,16.19,"81,900","2,845","2,153",302,2.49,6.90,"78,000","1,671","14,563","2,363","2,289",5.82,680,-15.67
53,카페24,"47,100",하락,250,-0.53%,500,"13,758",645,"47,600","11,423",319,38.48,"630,680","47,000","47,650","3,423","1,978.14",13.40,"47,200",605,"1,267",235,22.35,7.08,"46,600",161,"24,253","3,025","1,224",5.20,N/A,11.58
54,ISC,"52,900",하락,300,-0.56%,500,"11,650",616,"53,200","11,213",448,24.54,"165,995","52,800","53,300","5,829",317.11,10.98,"53,700",73,597,549,18.45,9.76,"52,300",129,"21,197","1,745","2,156",2.11,810,24.43
55,위메이드,"32,450",상승,300,+0.93%,500,"17,083",552,"31,700","11,016",71,4.97,"154,747","31,750","32,050","18,757",106.40,55.57,"32,750","1,282","10,438","1,816",8.24,11.03,"31,750","1,861","33,948","7,119","6,530",2.63,N/A,17.62
56,하림지주,"9,600",하락,50,-0.52%,100,"35,361",340,"9,650","10,753","7,655",11.23,"740,199","9,630","9,660","160,790",34.88,0.90,"9,680",115,"101,370","1,748",9.48,1.19,"9,550",75,"112,006","122,730",855,0.30,120,1.75
57,SOOP,"92,700",상승,"1,000",+1.09%,500,"6,565",603,"91,400","10,656","1,135",10.31,"74,119","91,000","91,500","7,157",25.69,30.21,"92,800",166,"3,333","1,024",35.85,15.83,"90,500",298,"11,495","4,132","8,990",2.53,"1,500",20.10
58,오스코텍,"27,600",상승,200,+0.73%,500,"6,149",168,"26,800","10,556",-27,"2,760.00","104,504","27,000","27,450","1,708",91.63,0.77,"27,700",193,384,-16,10.20,-1.05,"27,000",54,"38,248",340,10,8.67,N/A,586.89
59,하이젠알앤엠,"33,850",하락,50,-0.15%,500,"8,911",302,"34,000","10,456",-4,-266.54,"129,705","34,000","34,400","1,202",-108.52,-1.92,"34,050","1,027",518,-11,3.01,-0.96,"33,600",208,"30,888",759,-127,14.49,N/A,-1.76
60,대주전자재료,"67,400",상승,800,+1.20%,500,"15,292","1,032","66,600","10,434",294,27.49,"152,542","66,200","66,700","6,230",372.76,19.30,"68,400",347,"3,927",364,18.36,7.02,"66,200",268,"15,481","2,193","2,452",4.35,100,18.56
61,고영,"15,100",하락,110,-0.72%,100,"52,076",786,"15,200","10,367",33,61.13,"1,063,260","15,150","15,210","3,779",-83.69,6.68,"15,160","2,111",548,210,15.57,5.64,"15,000","1,142","68,655","2,025",247,3.16,140,-10.24
62,성광벤드,"35,400",상승,"1,650",+4.89%,500,"168,478","5,935","33,700","9,887",420,25.82,"634,560","33,800","33,750","5,631",-6.35,8.01,"35,850",600,443,410,22.21,7.36,"33,750",423,"27,929","2,277","1,371",1.80,200,-10.61
63,원텍,"11,000",상승,350,+3.29%,100,"227,829","2,477","10,860","9,838",348,27.99,"1,013,292","10,880","10,870","1,779",-24.43,25.76,"11,020","10,381",511,291,7.90,17.58,"10,690","1,118","89,439","1,153",393,7.32,50,-0.32
64,넥슨게임즈,"14,900",상승,80,+0.54%,500,"151,247","2,208","14,320","9,813",387,31.30,"1,430,986","14,320","14,390","4,872",222.40,10.93,"14,900","28,116","1,745",314,4.20,7.36,"14,320",325,"65,860","2,561",476,3.00,N/A,32.49
65,필옵틱스,"42,200",하락,700,-1.63%,500,"79,522","3,352","42,450","9,658",138,190.95,"2,874,666","42,400","42,500","3,827",34.40,3.51,"42,600","2,061","1,441",129,0.00,3.11,"41,900",313,"22,886","4,109",221,6.29,0,36.96
66,아난티,"10,820",상승,230,+2.17%,100,"743,284","8,063","10,900","9,590",8,-57.86,"7,133,354","10,860","10,910","16,224",-99.70,-4.56,"10,940","6,614","9,110",-324,6.92,-2.04,"10,730","6,489","88,629","2,852",-187,1.35,N/A,-68.22
67,LS마린솔루션,"28,000",하락,300,-1.06%,"1,000","35,708",995,"27,900","9,147",124,55.67,"439,565","27,900","27,950","2,543",N/A,N/A,"28,350",326,461,132,3.56,N/A,"27,400",33,"32,669","1,303",503,4.26,160,N/A
68,올릭스,"46,000",하락,750,-1.60%,500,"45,467","2,110","47,000","9,097",-309,-17.77,"741,952","47,250","47,050",712,-70.02,-120.11,"47,300","1,186",528,-407,3.76,-46.71,"45,900",123,"19,775",57,"-2,589",35.92,0,-66.73
69,국일제지,800,보합,0,0.00%,100,0,0,0,"9,019",-13,-88.89,0,0,0,"1,424",19.80,-9.98,0,0,194,-130,0.82,-7.09,0,0,"1,127,406",564,-9,7.32,N/A,6.08
70,태성,"29,400",상승,50,+0.17%,100,"31,793",925,"29,000","8,967",60,341.86,"1,014,788","29,000","29,050",796,980.50,16.61,"29,550",580,386,60,1.75,8.74,"28,900",3,"30,501",592,86,6.93,0,77.61
71,덕산네오룩스,"35,150",상승,"1,950",+5.87%,200,"72,859","2,509","33,050","8,728",525,19.25,"224,815","32,900","33,100","4,523",59.39,12.17,"35,300",86,533,458,8.43,10.68,"32,850",217,"24,831","2,123","1,826",2.12,N/A,29.66
72,유일로보틱스,"73,200",하락,200,-0.27%,500,"3,338",244,"73,700","8,406",4,159.48,"103,401","73,500","74,000","1,174",106.14,-13.94,"73,500",235,224,-91,15.96,-8.91,"72,500",302,"11,483",352,459,8.71,N/A,19.40
73,에스앤에스텍,"39,150",하락,150,-0.38%,500,"8,058",315,"39,500","8,398",295,24.18,"281,755","39,050","39,600","2,970",17.73,13.07,"39,500",492,502,303,9.67,10.95,"38,850",269,"21,451","1,760","1,619",3.21,150,17.09
74,와이씨,"10,230",하락,50,-0.49%,100,"79,391",817,"10,390","8,393",106,98.37,"1,878,693","10,300","10,400","5,769",23.66,3.48,"10,450",704,"1,586",129,1.20,2.45,"10,210",189,"82,045","2,112",104,2.53,N/A,-17.22
75,동성화인텍,"27,900",하락,100,-0.36%,500,"22,570",629,"27,950","8,367",540,21.09,"654,362","27,750","28,000","4,555",35.13,21.07,"28,200",134,"2,530",393,17.60,9.60,"27,450",207,"29,989","5,974","1,323",3.91,350,11.92
76,유진테크,"36,250",하락,100,-0.28%,500,"5,017",183,"36,400","8,307",612,12.80,"180,880","36,400","36,700","5,395",151.49,16.85,"36,900","1,550","1,038",654,31.29,13.40,"36,100",18,"22,916","3,381","2,831",1.97,230,22.25
77,솔브레인홀딩스,"39,400",상승,350,+0.90%,500,"30,115","1,180","39,400","8,260",853,17.46,"335,415","39,300","39,450","19,966",-29.47,4.62,"40,000",294,"5,055",557,5.12,2.95,"38,500",14,"20,964","5,154","2,257",0.61,220,-22.10
78,레이크머티리얼즈,"11,910",하락,30,-0.25%,100,"26,294",315,"11,920","7,828",222,42.38,"257,723","11,830","11,950","3,513",-24.93,17.38,"12,140",203,"2,200",210,6.63,6.46,"11,790",596,"65,731","1,387",281,6.08,50,17.77
79,HLB테라퓨틱스,"9,100",하락,460,-4.81%,500,"184,544","1,685","9,410","7,678",-76,-27.83,"989,420","9,350","9,420","2,198",12.63,-14.34,"9,350",55,379,-235,6.19,-11.16,"8,950",710,"84,371",549,-327,4.96,0,4.45
80,하나마이크론,"11,570",하락,100,-0.86%,500,"42,785",496,"11,660","7,668","1,068",-81.48,"943,828","11,510","11,670","19,446",84.43,-6.99,"11,720",152,"13,388",-112,10.93,-0.61,"11,480","1,045","66,272","12,507",-142,2.10,70,29.21
81,동국제약,"16,960",상승,80,+0.47%,500,"8,174",137,"16,900","7,612",804,13.23,"176,221","16,710","16,930","9,532",20.26,10.66,"16,980",96,"2,742",623,14.18,6.95,"16,600",325,"44,884","8,122","1,282",1.24,200,11.10
82,피에스케이홀딩스,"35,250",하락,350,-0.98%,500,"9,589",339,"35,300","7,601",885,8.22,"274,751","35,400","35,600","5,136",228.07,24.80,"35,800",845,821,958,4.17,20.94,"35,150",411,"21,562","2,155","4,289",1.76,700,127.53
83,심텍,"23,800",하락,100,-0.42%,500,"46,600","1,113","24,000","7,581",-470,-14.95,"1,098,684","24,000","24,050","14,433",46.70,-6.63,"24,300","1,413","9,948",-310,5.61,-2.37,"23,700",510,"31,854","12,314","-1,592",1.86,100,18.19
84,LS머트리얼즈,"11,070",하락,60,-0.54%,500,"10,341",114,"11,220","7,489",62,240.65,"269,206","11,010","11,240","2,531",-54.33,3.11,"11,200",81,460,57,4.11,2.19,"10,910",685,"67,653","1,421",46,4.07,N/A,3.79
85,에스에프에이,"20,800",보합,0,0.00%,500,"4,685",98,"20,800","7,469",-484,-9.06,"80,858","20,600","20,900","24,796",-154.44,-7.49,"21,200",242,"9,572",-321,9.11,-1.21,"20,600",214,"35,909","20,454","-2,296",0.67,270,9.95
86,로보티즈,"56,200",상승,400,+0.72%,500,"27,898","1,574","56,900","7,426",-30,"1,101.96","465,843","57,100","57,000","1,002",43.88,-3.31,"57,200",883,42,-30,8.37,-2.82,"55,600",523,"13,213",300,51,7.32,0,3.13
87,SAMG엔터,"84,500",하락,600,-0.71%,500,"17,147","1,442","85,100","7,411",-61,-100.36,"221,927","85,100","85,200",974,35.14,-52.24,"85,100",478,666,-194,19.62,-19.62,"83,300","2,020","8,771","1,164",-842,19.25,N/A,22.41
88,한글과컴퓨터,"30,350",상승,100,+0.33%,500,"59,611","1,787","29,750","7,339",404,47.20,"1,091,494","29,600","29,800","6,819",18.37,4.06,"30,400",898,"1,963",140,7.13,2.13,"29,400",648,"24,180","3,048",643,2.09,N/A,12.60
89,우리기술투자,"8,720",하락,70,-0.80%,500,"220,261","1,931","8,860","7,325","1,757",4.77,"4,977,871","8,880","8,870","8,038",14.13,24.89,"8,920","8,609","1,376","1,477",2.90,20.59,"8,650","1,712","84,000","1,923","1,830",1.00,410,12.42
90,피엔티,"30,750",보합,0,0.00%,500,"10,939",336,"30,600","7,301","1,632",6.68,"153,057","30,450","30,750","16,203",112.19,26.52,"31,100",149,"9,957","1,422",4.08,8.83,"30,450",400,"23,743","10,351","4,605",1.24,100,89.78
91,안랩,"65,600",하락,200,-0.30%,500,"3,236",212,"65,400","7,299",277,19.61,"75,103","65,200","65,700","4,647",4.77,10.40,"65,800",76,959,324,32.60,7.71,"65,200",69,"11,127","2,606","3,346",1.76,"1,300",8.93
92,현대힘스,"20,550",상승,100,+0.49%,500,"51,022","1,053","20,450","7,280",215,40.77,"503,149","20,500","20,500","3,265",48.99,8.07,"20,850","9,988",930,166,0.63,5.74,"20,400",168,"35,425","2,232",504,3.09,100,17.96
93,엘앤씨바이오,"29,550",하락,200,-0.67%,500,"14,565",429,"29,750","7,275",25,4.82,"383,462","29,450","29,800","4,756",-68.73,65.41,"30,000",264,"1,809","1,410",9.38,38.21,"29,200",396,"24,619",721,"6,131",2.37,50,9.35
94,코미코,"69,500",하락,800,-1.14%,500,"9,854",688,"68,800","7,270","1,125",12.68,"192,110","68,600","69,100","8,003",240.50,23.36,"70,500",177,"4,246",878,19.46,12.60,"68,500",246,"10,461","5,071","5,483",2.64,"1,000",65.05
95,비올,"12,360",상승,"1,160",+10.36%,100,"3,952,317","48,902","12,400","7,221",361,20.53,"2,817,100","12,400","12,410",981,61.62,44.73,"12,400","1,756,898",92,326,7.61,40.31,"12,360","235,543","58,419",582,602,7.38,20,36.86
96,펌텍코리아,"57,800",상승,"1,000",+1.76%,500,"2,170",124,"56,900","7,167",484,20.12,"78,156","56,800","57,000","4,076",37.15,12.99,"57,800",279,869,383,15.37,10.04,"56,500",203,"12,400","3,375","2,873",2.65,420,18.63
97,제룡전기,"42,950",상승,850,+2.02%,500,"108,534","4,650","43,100","6,899",978,9.46,"1,534,653","43,300","43,150","2,418",39.48,49.72,"43,300","4,120",451,799,10.09,39.92,"42,200",38,"16,062","2,627","4,539",3.53,"1,000",42.84
98,아이티센글로벌,"29,500",상승,"2,200",+8.06%,500,"364,326","10,320","27,250","6,845",586,58.30,"2,157,458","27,200","27,300","9,454",91.90,5.79,"29,800",320,"6,229",361,2.10,4.19,"26,300","3,965","23,205","49,618",506,8.48,N/A,76.26
99,비츠로셀,"29,850",하락,200,-0.67%,500,"4,963",149,"30,100","6,827",519,13.02,"183,571","30,200","30,200","3,179",37.73,19.92,"30,200",396,348,513,29.25,17.86,"29,600",304,"22,872","2,108","2,292",2.35,460,19.61
100,HLB생명과학,"5,570",하락,50,-0.89%,500,"39,559",221,"5,580","6,791",-248,-3.36,"291,396","5,580","5,680","5,390",-1.17,1.95,"5,620","3,004","1,402",62,9.55,1.29,"5,550",513,"121,917","1,022","-1,657",1.99,0,4.34
101,휴메딕스,"58,700",상승,600,+1.03%,500,"9,034",525,"58,500","6,592",431,15.18,"172,920","58,300","58,500","2,498",15.63,18.41,"58,800",611,212,393,9.95,16.72,"57,300",165,"11,230","1,619","3,868",2.54,630,6.30
102,다우데이타,"17,140",하락,260,-1.49%,500,"33,996",588,"17,350","6,565","12,059",4.53,"522,153","17,400","17,400","577,571",80.54,12.96,"17,500",378,"512,862","8,659",11.13,1.55,"17,130","1,162","38,300","121,361","3,783",0.47,450,17.44
103,엠로,"52,600",하락,300,-0.57%,500,"6,121",320,"52,600","6,488",86,32.53,"191,148","52,500","52,900","1,024",84.58,31.88,"52,600",99,134,186,3.13,19.17,"52,000",143,"12,335",795,"1,617",7.16,0,25.77
104,큐리옥스바이오시스템즈,"40,150",상승,"1,100",+2.82%,500,"20,394",812,"38,900","6,484",-134,-71.44,"393,439","39,500","39,100",706,-26.72,-15.94,"40,300",705,219,-81,15.95,-12.60,"39,350",192,"16,149",46,-562,14.22,0,-32.42
105,위메이드맥스,"7,680",상승,80,+1.05%,500,"6,233",48,"7,620","6,369",-81,-30.60,"211,240","7,600","7,720","5,976",-315.03,-3.29,"7,740","1,273",962,-157,11.37,-4.31,"7,600",554,"82,936",750,-251,1.29,0,7.49
106,우리기술,"3,815",상승,215,+5.97%,500,"18,388,161","68,753","3,600","6,315",6,-82.93,"171,387,153","3,620","3,605","2,655",-91.71,-3.33,"3,885","424,281","1,534",-44,2.31,-1.93,"3,525","33,562","165,531",713,-46,5.60,0,12.80
107,RFHIC,"23,650",보합,0,0.00%,500,"46,887","1,122","24,300","6,264",15,82.98,"516,021","24,250","24,400","4,829",404.84,8.60,"24,350",528,"1,250",197,11.77,3.97,"23,550","2,800","26,484","1,149",285,1.94,100,3.09
108,시노펙스,"7,050",상승,400,+6.02%,500,"758,181","5,395","7,390","6,184",212,23.90,"743,542","7,350","7,400","2,354",-12.19,18.58,"7,350","4,374",678,280,2.34,12.82,"6,990","12,362","87,720","2,383",295,3.57,0,-9.09
109,휴온스글로벌,"48,750",하락,600,-1.22%,500,"2,501",122,"49,150","6,160",970,23.64,"54,471","49,700","49,850","14,059",-14.88,5.05,"49,700",33,"4,418",671,7.99,4.93,"48,600",41,"12,637","8,135","2,062",1.13,525,7.26
110,코스메카코리아,"57,000",보합,0,0.00%,500,"7,134",405,"57,200","6,088",604,14.63,"173,717","57,100","57,500","5,179",22.80,22.07,"57,400",469,"2,103",537,11.83,11.30,"56,300",274,"10,680","5,243","3,897",2.82,100,11.39
111,태웅,"29,950",하락,150,-0.50%,500,"90,199","2,622","30,000","5,992",228,30.72,"1,172,712","29,800","30,050","8,126",-42.28,4.42,"30,000",277,"2,081",247,7.82,3.17,"27,600","1,645","20,007","3,863",975,0.99,N/A,-12.94
112,HLB제약,"18,130",하락,260,-1.41%,500,"11,674",213,"18,390","5,945",15,111.23,"109,851","18,370","18,400","1,579",107.54,1.98,"18,400",191,415,20,0.90,1.35,"18,120","1,028","32,791","1,371",163,5.29,0,0.83
113,차바이오텍,"10,510",하락,40,-0.38%,500,"35,459",370,"10,610","5,919",-597,-46.92,"282,090","10,470","10,630","21,944",-523.82,-2.85,"10,550","1,232","14,755",-146,7.72,-0.74,"10,310",266,"56,314","10,450",-224,2.31,0,9.55
114,태광,"22,250",상승,350,+1.60%,500,"37,257",828,"22,000","5,896",399,15.15,"321,207","21,950","22,000","6,603",-30.93,8.20,"22,600",633,509,461,14.95,7.17,"21,650",236,"26,500","2,668","1,469",1.01,250,-14.50
115,나노신소재,"48,100",상승,200,+0.42%,500,"3,993",192,"47,550","5,867",30,-262.84,"57,698","47,400","47,850","4,422",-74.88,-0.77,"48,850",20,"1,980",-19,8.85,-0.43,"47,400",24,"12,198",878,-183,2.35,250,5.53
116,아이쓰리시스템,"82,400",하락,600,-0.72%,500,"11,007",915,"83,200","5,856",148,36.67,"71,199","84,000","84,500","1,468",20.94,15.31,"84,600",383,411,150,4.82,10.77,"82,000",626,"7,107","1,207","2,247",5.13,400,-0.69
117,솔트룩스,"47,750",상승,"1,200",+2.58%,500,"150,222","6,950","46,400","5,792",-66,-110.53,"924,422","46,300","46,450",932,28.63,-6.63,"47,775",365,206,-59,4.01,-6.10,"45,000","4,146","12,131",459,-432,8.78,N/A,49.03
118,인카금융서비스,"11,270",상승,70,+0.63%,100,"24,038",272,"11,150","5,790",863,8.90,"367,019","11,200","11,200","7,074",85.22,50.62,"11,460",32,"5,602",620,5.80,10.30,"11,050","8,161","51,380","8,323","1,267",3.44,100,49.47
119,서부T&D,"8,670",상승,170,+2.00%,500,"74,212",642,"8,480","5,716",480,16.97,"622,478","8,500","8,500","28,945",28.91,3.70,"8,750","1,270","16,536",647,12.59,2.47,"8,440",260,"65,927","1,875",511,0.56,100,10.83
120,에스피지,"25,650",하락,50,-0.19%,500,"6,269",160,"25,650","5,688",123,41.71,"186,569","25,650","25,700","3,975",-22.76,5.54,"25,750",44,"1,434",131,4.89,3.52,"25,400",570,"22,177","3,885",615,2.24,150,-1.35
121,인투셀,"38,100",하락,550,-1.42%,500,"20,877",789,"37,850","5,657",-98,-50.40,"326,308","37,850","37,900",237,43.70,-95.55,"38,200","1,922",162,-99,0.91,-39.93,"37,350",269,"14,848",29,-756,67.29,0,79.72
122,피에스케이,"19,520",하락,160,-0.81%,500,"14,754",288,"19,650","5,654",839,7.21,"388,765","19,500","19,660","5,694",55.08,18.31,"19,720",332,976,791,26.27,14.88,"19,410",204,"28,967","3,981","2,708",1.18,400,13.13
123,쎄트렉아이,"51,100",상승,700,+1.39%,500,"7,161",366,"51,300","5,596",-31,45.62,"66,863","51,500","51,400","4,470",29.44,3.49,"51,500",41,"2,230",62,6.58,1.64,"50,900",283,"10,951","1,713","1,120",2.38,190,36.55
124,갤럭시아머니트리,"14,210",상승,430,+3.12%,500,"762,561","10,889","14,260","5,575",132,263.15,"4,880,863","14,240","14,270","3,646",43.07,0.72,"14,460","3,124","2,525",6,1.34,0.15,"14,110","10,457","39,230","1,288",54,4.93,45,-2.73
125,넥스틴,"52,700",하락,300,-0.57%,500,"3,101",163,"52,500","5,521",470,20.63,"100,860","52,500","53,000","1,898",29.89,27.00,"53,200",794,322,384,12.42,23.10,"52,500",30,"10,477","1,137","2,555",3.47,500,29.33
126,인텔리안테크,"51,400",하락,"1,000",-1.91%,500,"27,150","1,413","52,800","5,517",-194,-44.97,"122,080","53,200","52,900","4,407",-281.28,-1.12,"53,800","1,056","1,761",-30,12.20,-0.67,"51,400",226,"10,733","2,578","-1,143",2.14,100,-15.50
127,메가스터디교육,"50,800",상승,500,+0.99%,100,"1,541",77,"49,500","5,472","1,236",11.64,"29,053","49,750","50,000","8,783",-2.99,9.97,"50,800",229,"4,116",502,29.52,5.47,"49,500",10,"10,771","9,422","4,363",1.20,"1,500",0.75
128,두산테스나,"28,300",상승,50,+0.18%,500,"13,166",374,"28,800","5,470",379,40.43,"319,777","28,500","28,800","7,877",N/A,N/A,"28,750",154,"3,500",368,4.36,N/A,"28,000",177,"19,327","3,731",700,1.30,160,N/A
129,바이넥스,"16,620",하락,270,-1.60%,500,"36,226",600,"16,760","5,432",-308,-21.17,"316,518","16,730","16,790","2,794","-3,050.79",-19.34,"16,730",511,978,-352,5.92,-13.12,"16,440",714,"32,684","1,301",-785,2.87,N/A,-16.00
130,감성코퍼레이션,"5,860",하락,60,-1.01%,500,"41,705",244,"5,850","5,362",361,17.98,"866,376","5,860","5,860","1,543",11.82,30.74,"5,940","10,026",419,293,12.72,21.77,"5,800","5,342","91,500","2,204",326,4.59,0,23.85
131,지엔씨에너지,"32,400",하락,350,-1.07%,500,"21,988",710,"32,750","5,329",317,11.08,"425,862","32,700","32,800","2,652",187.62,27.54,"32,750",518,"1,038",389,7.98,17.18,"31,750",513,"16,449","2,263","2,924",2.88,100,35.99
132,씨아이에스,"6,880",상승,10,+0.15%,100,"12,432",85,"6,880","5,323",593,8.78,"251,352","6,820","6,920","7,338",52.39,15.16,"6,920",208,"2,551",562,8.23,8.44,"6,820","1,707","77,372","5,085",784,1.08,N/A,63.96
133,파두,"10,600",하락,30,-0.28%,100,"6,347",67,"10,600","5,239",-950,-5.98,"115,493","10,630","10,630","1,344",-62.28,-64.47,"10,660",285,365,-915,6.25,-48.41,"10,480",132,"49,428",435,"-1,772",6.17,0,93.60
134,컴투스,"41,000",상승,300,+0.74%,500,"6,254",254,"40,100","5,222",61,-4.68,"88,166","40,200","40,300","16,460",118.47,-10.37,"41,000",675,"5,961","-1,520",14.29,-9.04,"40,050",472,"12,738","6,939","-8,768",0.48,"1,300",-6.18
135,데브시스터즈,"42,400",상승,"1,500",+3.67%,500,"9,891",414,"40,900","5,174",272,17.82,"93,799","40,900","40,950","2,604",156.64,19.72,"42,450",422,"1,062",283,11.55,11.31,"40,800",41,"12,203","2,362","2,379",2.86,0,46.57
136,SFA반도체,"3,110",하락,20,-0.64%,500,"30,374",94,"3,090","5,115",0,-207.33,"456,920","3,095","3,095","6,235",99.77,4.51,"3,145","3,499","1,256",205,4.26,3.32,"3,090","1,200","164,460","4,005",-15,1.04,N/A,-3.90
137,가온칩스,"43,750",하락,250,-0.57%,500,"6,497",286,"44,100","5,074",35,218.75,"95,306","44,100","44,300","1,127",-19.00,11.46,"44,700",500,434,75,1.04,7.27,"43,650",20,"11,597",965,200,7.94,N/A,51.72
138,네오위즈,"23,200",보합,0,0.00%,500,"5,651",130,"23,200","5,071",329,-62.20,"151,522","23,000","23,250","6,200",4.20,0.49,"23,200",561,"1,011",-70,14.07,-1.08,"22,800",256,"21,857","3,668",-373,0.93,N/A,0.33
139,티앤엘,"62,200",하락,200,-0.32%,500,"3,139",195,"62,100","5,056",570,9.16,"51,350","62,300","62,700","1,971",84.69,30.84,"62,600",37,256,464,12.99,27.36,"61,600",748,"8,128","1,749","6,787",2.77,750,51.47
140,웹젠,"14,490",상승,150,+1.05%,500,"3,733",53,"14,230","5,014",546,13.45,"102,436","14,180","14,300","7,509",9.32,8.81,"14,500",59,783,568,29.98,7.81,"14,170",300,"34,601","2,147","1,077",0.64,300,9.40
141,하나머티리얼즈,"25,250",하락,150,-0.59%,500,"11,911",301,"24,600","4,994",434,15.40,"145,322","25,050","25,300","5,739",5.16,8.43,"25,850","1,326","2,201",318,20.81,5.10,"25,050",412,"19,778","2,516","1,640",1.35,250,7.74
142,에코프로에이치엔,"23,700",상승,150,+0.64%,500,"7,443",177,"23,600","4,971",242,23.28,"50,377","23,350","23,700","4,667",-42.02,10.59,"24,100",20,"1,704",215,8.96,6.22,"23,300",295,"20,975","2,345","1,018",1.69,300,2.43
143,테스,"25,050",하락,450,-1.76%,500,"10,024",251,"25,350","4,952",385,9.59,"292,241","25,300","25,400","3,812",756.34,13.55,"25,400",39,506,427,6.95,12.13,"24,800",461,"19,768","2,401","2,611",1.31,600,63.39
144,바이오다인,"16,540",상승,360,+2.22%,500,"19,705",325,"16,020","4,923",-17,"-2,362.86","55,991","16,060","16,120",443,15.65,0.03,"16,700",270,11,0,4.40,0.02,"16,060",222,"29,764",53,-7,11.40,N/A,28.93
145,현대무벡스,"4,170",보합,0,0.00%,100,"26,004",108,"4,180","4,914",246,22.18,"302,663","4,130","4,190","2,989",493.03,16.17,"4,170","7,767","1,267",269,2.96,9.83,"4,120",345,"117,846","3,414",188,3.07,50,27.46
146,미코,"14,600",하락,50,-0.34%,500,"25,790",376,"14,740","4,879",946,16.80,"657,528","14,760","14,770","13,927",216.51,20.43,"14,760",300,"8,598",765,10.37,6.87,"14,460",260,"33,417","5,405",869,4.11,N/A,41.62
147,현대바이오,"10,100",상승,60,+0.60%,500,"10,451",105,"10,050","4,850",8,-30.51,"296,303","9,950","10,150",677,108.08,-16.36,"10,120",38,283,-69,8.54,-11.50,"9,950",917,"48,022",151,-331,4.13,N/A,58.73
148,글로벌텍스프리,"6,860",상승,510,+8.03%,500,"394,762","2,636","6,460","4,821",218,40.59,"865,961","6,480","6,470","1,745",121.88,5.60,"6,880","2,908",462,63,17.59,3.66,"6,470","19,985","70,283","1,297",169,4.21,N/A,58.84
149,포스코엠텍,"11,400",상승,30,+0.26%,500,"6,962",79,"11,400","4,747",14,-271.43,"107,044","11,300","11,420","1,498",-68.30,0.50,"11,470",352,379,6,6.17,0.37,"11,300",401,"41,643","3,466",-42,4.31,20,1.53
150,케이엠더블유,"11,910",상승,10,+0.08%,500,"9,749",115,"11,880","4,743",-455,-13.95,"376,817","11,760","11,890","2,690",27.65,-24.24,"11,910",284,"1,254",-386,6.70,-14.17,"11,660",208,"39,821",874,-854,3.44,N/A,-12.70
151,에스티큐브,"6,970",하락,80,-1.13%,500,"16,163",113,"6,990","4,738",-226,-19.25,"353,220","7,000","7,050","1,119",13.15,-33.09,"7,040",258,176,-214,3.95,-27.16,"6,900",261,"67,983",113,-362,5.28,N/A,93.88
152,인벤티지랩,"44,000",하락,"2,500",-5.38%,500,"69,747","3,092","45,150","4,701",-190,-15.52,"489,477","45,500","45,350",723,-18.81,-91.93,"45,550",383,397,-170,2.04,-28.95,"43,350",408,"10,684",18,"-2,835",12.99,0,170.90
153,원익QnC,"17,670",보합,0,0.00%,500,"12,694",224,"17,720","4,645",906,9.28,"255,853","17,570","17,770","15,347",9.19,11.67,"17,790",31,"9,654",615,5.61,4.23,"17,520",149,"26,288","8,915","1,905",0.97,100,10.62
154,유바이오로직스,"12,660",하락,140,-1.09%,500,"17,926",227,"12,630","4,637",343,12.03,"249,879","12,800","12,800","2,021",345.78,15.61,"12,800",353,701,190,8.35,10.73,"12,590",221,"36,624",960,"1,052",3.13,0,38.45
155,이엔에프테크놀로지,"32,450",하락,50,-0.15%,500,"5,847",190,"32,350","4,636",593,11.55,"140,463","32,450","32,500","7,236",148.52,8.21,"32,900",22,"3,222",297,6.82,4.30,"32,350",39,"14,288","5,824","2,810",1.13,150,9.67
156,제주반도체,"13,410",상승,30,+0.22%,500,"49,036",656,"13,390","4,619",96,27.94,"140,182","22,500","22,650","8,260",105.88,16.27,"22,900","1,585","3,574",701,15.03,10.02,"22,500",672,"20,228","4,228","3,759",0.90,350,9.25
157,이녹스첨단소재,"22,750",상승,50,+0.22%,500,"6,592",149,"22,450","4,602",868,6.05,"795,830","13,390","13,400","2,254",-46.29,11.44,"13,590","2,281",412,194,0.00,9.15,"13,110",165,"34,443","1,623",480,2.37,N/A,11.28
158,성우하이텍,"5,750",하락,50,-0.86%,500,"24,857",143,"5,760","4,600","2,059",3.10,"293,097","5,750","5,800","45,631",-19.81,9.86,"5,800",631,"27,210","1,351",6.53,3.14,"5,720",648,"80,000","42,451","1,855",0.30,150,-1.78
159,한국기업평가,"101,200",하락,"1,800",-1.75%,"5,000",473,48,"101,100","4,595",327,18.23,"4,021","101,100","102,600","1,753",26.48,21.69,"102,500",30,405,286,80.82,17.31,"100,900",27,"4,541","1,041","5,552",4.28,"3,954",8.85
160,대명에너지,"26,850",하락,700,-2.54%,100,"24,665",657,"26,750","4,578",97,38.63,"187,913","26,750","26,950","3,699",-42.03,6.24,"26,950",216,"2,412",78,0.54,2.18,"26,400",144,"17,050",678,695,3.34,0,9.93
161,아이센스,"16,430",하락,70,-0.42%,500,"4,092",67,"16,290","4,533",27,421.28,"53,809","16,290","16,550","5,909",-75.68,-0.59,"16,550",461,"2,479",-20,26.26,-0.36,"16,290",160,"27,587","2,911",39,1.40,100,9.81
162,신라젠,"3,225",하락,15,-0.46%,500,"22,019",71,"3,165","4,455",-268,-15.89,"699,179","3,200","3,215","1,490",-25.40,-28.05,"3,240","2,192",172,-265,2.57,-23.50,"3,195",522,"138,130",39,-203,3.51,0,-0.33
163,콜마비앤에이치,"15,060",상승,340,+2.31%,500,"55,766",844,"14,540","4,430",246,34.94,"100,810","14,600","14,720","6,909",-18.62,4.54,"15,380",14,"2,956",172,3.02,2.48,"14,600",233,"29,416","6,156",431,1.11,308,6.23
164,쏠리드,"7,250",상승,10,+0.14%,500,"28,447",205,"7,190","4,429",351,14.41,"807,326","7,170","7,200","4,968",-3.11,15.52,"7,280",281,"1,740",462,9.44,9.69,"7,130","2,493","61,095","3,311",503,1.36,50,3.02
165,바이오플러스,"7,250",하락,30,-0.41%,500,"14,418",104,"7,250","4,386",237,22.52,"550,102","7,260","7,280","2,643",-15.55,10.83,"7,270",756,"1,166",175,9.16,8.01,"7,180",904,"60,500",664,322,2.84,50,2.10
166,티에스이,"39,550",상승,200,+0.51%,500,"2,357",93,"39,350","4,375",399,9.50,"66,510","39,000","39,400","5,194","1,776.34",13.36,"39,650",100,"1,197",450,6.44,9.36,"38,950",3,"11,061","3,481","4,165",1.26,400,39.70
167,아스테라시스,"11,820",상승,220,+1.90%,100,"54,678",643,"11,950","4,333",67,68.32,"440,614","11,600","11,960",247,328.57,40.61,"11,940","9,129",51,54,3.65,25.90,"11,470","13,198","36,655",288,173,12.10,32,64.78
168,큐로셀,"29,950",하락,350,-1.16%,500,"2,314",69,"30,200","4,290",-106,-11.92,"40,378","30,250","30,300",515,-138.14,55.22,"30,300",167,490,-77,1.08,-22.88,"29,800",569,"14,324",0,"-2,512",18.68,0,"8,891.25"
169,코난테크놀로지,"37,350",상승,"1,350",+3.75%,500,"49,303","1,820","36,000","4,283",-141,-37.09,"250,496","36,050","36,050",444,-28.30,-53.30,"37,700","1,890",248,-136,1.12,-29.42,"35,650",35,"11,467",263,"-1,007",27.02,N/A,7.74
170,클로봇,"17,350",하락,250,-1.42%,500,"31,745",550,"17,210","4,277",-75,-55.43,"697,337","17,300","17,370",695,-29.94,-15.71,"17,430","3,140",95,-67,0.21,-12.93,"17,260",144,"24,651",334,-313,7.45,N/A,37.97
171,케이아이엔엑스,"87,500",하락,"1,700",-1.91%,500,"3,026",265,"89,300","4,270",237,24.89,"43,688","89,800","90,000","3,368",-10.67,10.13,"89,800",32,"1,068",183,29.24,6.20,"86,500",194,"4,880","1,389","3,516",2.23,600,13.22
172,삼현,"13,460",보합,0,0.00%,500,"10,534",142,"13,520","4,268",55,47.73,"203,910","13,570","13,580","1,403",N/A,N/A,"13,570",273,251,83,0.69,N/A,"13,410",509,"31,708","1,004",282,3.67,50,N/A
173,동화기업,"8,350",하락,50,-0.60%,200,"10,785",91,"8,390","4,222",167,-19.06,"70,553","8,320","8,400","23,972",200.80,-1.40,"8,490",213,"14,194",-162,50.47,-0.69,"8,300",268,"50,557","9,180",-438,0.45,N/A,-4.70
174,유티아이,"23,250",하락,700,-2.92%,500,"10,228",236,"22,850","4,174",-322,-15.41,"128,671","23,000","23,000","1,606",-63.41,-49.58,"23,500","1,446",861,-227,13.25,-17.39,"22,700",175,"17,953",186,"-1,509",6.69,0,-4.14
175,한텍,"37,500",하락,800,-2.09%,"5,000","51,772","1,942","38,300","4,170",168,12.58,"539,561","38,300","38,400","2,075",10.40,26.22,"38,300","1,440",958,263,0.69,13.00,"37,100",91,"11,121","1,559","2,981",3.11,450,-12.73
176,네오셈,"9,450",보합,0,0.00%,100,"9,744",92,"9,450","4,146",165,23.80,"342,193","9,440","9,470","1,419",103.63,18.96,"9,500",644,260,192,0.00,15.47,"9,370",270,"43,869","1,052",397,3.49,60,4.27
177,다날,"6,000",하락,20,-0.33%,500,"705,447","4,238","6,050","4,137",14,67.42,"6,619,784","6,080","6,060","7,456",-60.17,2.46,"6,180","7,980","4,356",29,3.67,0.39,"5,800","2,676","68,949","2,609",89,1.35,N/A,-11.69
178,원익홀딩스,"5,350",하락,10,-0.19%,500,"156,872",832,"5,360","4,132",306,-9.67,"2,662,053","5,360","5,370","18,901",-33.12,-7.41,"5,360","6,164","6,416",-611,4.02,-3.26,"5,250","6,197","77,238","6,455",-553,0.42,N/A,-13.88
179,셀바스AI,"15,320",상승,60,+0.39%,500,"58,011",875,"15,060","4,123",8,-66.90,"372,957","15,050","15,100","3,121",-80.43,-4.61,"15,330","1,063",492,-10,4.35,-0.40,"14,910","1,015","26,915","1,125",-229,3.44,N/A,112.13
180,골프존,"65,500",하락,200,-0.30%,500,736,48,"65,600","4,110",958,8.20,"22,665","65,100","65,700","6,655",-16.34,11.63,"65,700",40,"2,188",420,22.77,6.45,"65,100",22,"6,275","6,200","7,991",0.90,"4,000",-9.51
181,넵튠,"8,790",하락,60,-0.68%,500,"31,737",277,"8,850","4,105",96,-31.73,"463,200","8,870","8,860","4,075",345.59,0.53,"8,880","1,042",370,48,2.55,1.17,"8,620",354,"46,702","1,216",-277,1.05,0,21.91
182,에이프릴바이오,"18,160",하락,350,-1.89%,"1,000","24,929",451,"18,360","4,091",169,17.75,"243,982","18,210","18,400",996,226.00,26.90,"18,330",152,86,200,5.49,22.32,"17,940",128,"22,528",275,"1,023",4.40,0,N/A
183,코오롱생명과학,"32,650",하락,300,-0.91%,500,"2,404",78,"32,950","4,056",-221,-5.10,"68,454","33,000","33,000","4,196",8.35,-64.87,"33,000",104,"2,702",-931,3.17,-25.54,"32,300",112,"12,423","1,614","-6,402",1.35,N/A,29.48
184,대아티아이,"5,740",상승,20,+0.35%,100,"291,838","1,680","5,790","4,045",79,23.15,"3,407,216","5,820","5,800","2,920",122.05,11.52,"5,820","3,548","1,584",147,8.51,5.40,"5,700","7,142","70,473","1,491",248,2.93,N/A,32.77
185,서희건설,"1,756",하락,3,-0.17%,500,"15,767",27,"1,746","4,035","2,357",3.67,"527,053","1,747","1,759","15,406",3.30,17.64,"33,300",71,"4,547","-1,125",2.71,-17.93,"32,550",129,"12,176","1,362","-9,553",2.16,0,-44.93
186,에스앤디,"139,500",상승,"1,800",+1.31%,500,"5,995",821,"136,300","4,035",201,22.29,"64,088","136,400","136,400",930,56.19,21.74,"1,758",603,"5,668","1,593",5.26,10.35,"1,736","1,668","229,808","14,736",479,0.33,45,2.20
187,성일하이텍,"33,100",상승,150,+0.46%,500,"1,947",64,"32,800","4,030",-714,-3.46,"22,327","32,650","32,850","6,795",-756.19,-42.96,"139,700",168,250,170,6.88,17.11,"134,600",215,"2,893","1,161","6,259",5.75,800,31.56
188,제우스,"12,940",하락,40,-0.31%,500,"12,706",164,"12,990","4,014",492,10.13,"308,302","12,910","13,000","6,409",588.24,12.99,"13,010",471,"2,586",431,3.79,6.83,"12,890",621,"31,017","4,908","1,277",1.15,100,21.82
189,킵스파마,"20,850",상승,800,+3.99%,500,"423,822","8,738","20,250","3,977",62,-53.74,"4,776,749","20,600","20,400","1,652",103.14,2.07,"21,200",637,"1,020",16,4.30,1.14,"19,890",460,"19,076","1,276",-388,7.20,0,38.48
190,오름테라퓨틱,"18,810",하락,290,-1.52%,100,"24,136",452,"18,200","3,963",-83,-51.68,"373,558","18,910","18,500","1,538",-108.72,-17.50,"18,910","3,668",321,-57,2.43,-3.64,"18,530",277,"21,069",209,-364,2.43,0,-84.56
191,에코아이,"13,280",상승,450,+3.51%,500,"64,422",843,"12,700","3,935",2,-603.64,"358,815","12,720","12,730","1,498",-98.91,1.74,"13,280",405,213,23,2.02,1.50,"12,670",91,"29,631",258,-22,3.23,167,-60.25
192,동운아나텍,"18,760",상승,300,+1.63%,500,"7,852",146,"18,280","3,923",175,28.91,"94,408","18,310","18,380",988,-30.43,37.49,"18,760",191,275,247,5.18,26.72,"18,310",165,"20,910","1,383",649,5.81,109,24.02
193,바이오니아,"15,150",하락,90,-0.59%,500,"5,327",80,"15,120","3,910",-134,-19.68,"103,236","15,090","15,170","3,322","-1,794.54",-9.40,"15,200","1,457","1,053",-190,7.31,-5.88,"15,080",101,"25,810","2,940",-770,1.83,N/A,11.68
194,천보,"39,100",하락,200,-0.51%,500,"4,335",169,"38,600","3,910",-228,-136.71,"31,947","38,100","38,950","10,079",-182.81,-8.27,"40,000",14,"5,929",-323,4.10,-3.33,"37,500",42,"10,000","1,449",-286,1.06,N/A,-20.68
195,이뮨온시아,"5,350",하락,60,-1.11%,500,"83,484",444,"5,310","3,906",-126,N/A,"823,418","5,320","5,320",262,-6.80,77.02,"5,350","4,242",68,-57,0.30,-18.96,"5,290","14,453","73,004",7,N/A,N/A,0,495.04
196,스피어,"9,990",하락,320,-3.10%,500,"48,102",481,"10,300","3,901",-64,-18.00,"710,112","10,300","10,310",446,29.77,-84.53,"10,300",124,134,-170,1.85,-53.40,"9,920",716,"39,050",26,-555,6.35,0,54.88
197,메디포스트,"11,370",하락,80,-0.70%,500,"1,542",17,"11,200","3,891",-485,-5.99,"94,806","11,270","11,450","4,143",-93.17,-22.22,"11,440","1,076","1,617",-634,4.37,-14.68,"11,180","1,001","34,218",707,"-1,899",1.83,N/A,2.93
198,코미팜,"5,360",하락,90,-1.65%,100,"19,263",103,"5,450","3,883",62,30.63,"185,542","5,440","5,490","1,228",198.72,22.11,"5,440",528,572,147,5.09,12.17,"5,310",428,"72,440",588,175,5.95,0,37.83
199,큐렉소,"9,410",상승,100,+1.07%,500,"20,479",191,"9,330","3,867",-58,-52.87,"401,460","9,300","9,390","1,026",-612.71,-9.04,"9,450",634,92,-88,2.70,-8.34,"9,240",104,"41,090",555,-178,4.09,N/A,-23.81
200,서울반도체,"6,600",하락,30,-0.45%,500,"9,250",61,"6,570","3,848",8,-14.25,"170,590","6,560","6,590","12,612",101.61,-0.74,"6,640",666,"5,602",-19,9.35,-0.16,"6,560",228,"58,305","10,905",-463,0.56,N/A,5.63
201,인화정공,"39,950",보합,0,0.00%,500,368,15,"39,950","3,841",103,-24.69,"436,698","9,370","9,370","5,703",4.35,18.71,"9,760",337,"3,051",453,13.88,8.29,"9,350",775,"40,161","11,053","1,057",1.40,100,13.72
202,NHN KCP,"9,560",상승,420,+4.60%,500,"407,694","3,906","9,360","3,839",438,9.04,"23,175","39,950","40,600","4,303",110.01,18.68,"40,250",64,"1,703",400,1.03,10.68,"39,750",615,"9,616",928,"-1,618",1.35,700,-10.74
203,하이록코리아,"31,200",상승,300,+0.97%,500,"5,500",170,"30,900","3,836",501,8.97,"87,590","30,850","31,000","4,727",-3.39,11.38,"31,250",189,367,480,27.27,10.49,"30,400",35,"12,295","1,905","3,480",0.90,"1,150",0.89
204,토모큐브,"28,850",하락,600,-2.04%,500,"18,310",528,"29,000","3,800",-88,-38.31,"355,914","29,000","29,050",436,-30.40,-27.82,"29,100",292,16,-83,4.78,-26.20,"28,600",269,"13,171",59,-753,9.55,0,58.48
205,유진로봇,"10,020",하락,100,-0.99%,500,"33,928",339,"9,990","3,759",-42,-77.08,"551,768","10,000","10,030",547,20.92,-8.56,"10,040","1,026",190,-32,13.56,-5.62,"9,920",541,"37,512",260,-130,11.26,N/A,35.12
206,피아이이,"10,460",하락,50,-0.48%,100,"4,018,690","41,598","10,510","3,747",94,32.09,"43,341,341","10,410","10,520",980,136.17,22.56,"10,540","36,231",462,99,1.70,10.41,"10,170","23,261","35,826","1,240",326,5.57,N/A,44.51
207,에프에스티,"17,010",하락,30,-0.18%,500,"7,568",128,"16,960","3,735",23,44.18,"190,876","16,960","17,050","5,061",121.21,0.60,"17,150",133,"2,620",-16,5.21,-0.36,"16,910","1,566","21,956","2,374",385,1.38,5,20.14
208,넥스트바이오메디컬,"45,700",하락,550,-1.19%,500,"2,880",131,"45,450","3,714",-36,118.39,"76,737","45,500","45,500",588,31.60,14.56,"45,900",237,137,29,7.03,6.46,"45,200",483,"8,127",95,386,8.16,0,95.46
209,한국비엔씨,"5,420",하락,20,-0.37%,100,"32,250",173,"5,390","3,707",107,23.46,"535,786","5,380","5,400","2,671",77.07,6.06,"5,430",712,306,133,4.09,5.27,"5,330","1,007","68,395",892,231,1.57,N/A,10.16
210,큐리언트,"10,950",상승,90,+0.83%,500,"9,608",103,"11,000","3,693",-275,-14.86,"143,984","10,860","11,010",656,-18.37,-45.23,"11,000",767,54,-245,2.89,-41.42,"10,530",85,"33,726",92,-737,7.22,0,1.64
211,파트론,"6,470",상승,10,+0.15%,500,"5,321",34,"6,420","3,688",617,8.16,"203,273","6,400","6,450","7,433",48.05,10.93,"6,470","2,152","1,878",559,15.76,8.02,"6,400","3,592","57,000","14,864",793,0.66,300,26.78
212,예스티,"17,580",하락,770,-4.20%,500,"28,964",512,"18,010","3,684",113,34.81,"118,366","18,020","18,220","2,044","2,839.92",10.51,"18,350",317,786,112,2.66,5.42,"17,420",28,"20,956","1,001",505,2.86,0,25.42
213,켐트로닉스,"23,950",하락,450,-1.84%,500,"22,451",539,"24,000","3,673",373,19.91,"599,632","24,100","24,050","6,417",95.24,10.70,"24,400","3,684","4,066",214,7.77,3.77,"23,850",299,"15,334","5,752","1,203",1.82,200,6.08
214,칩스앤미디어,"17,330",하락,180,-1.03%,500,"7,883",137,"17,360","3,667",53,42.37,"157,959","17,360","17,370",840,-32.06,13.46,"17,560",472,82,100,2.97,12.16,"17,280",622,"21,157",271,409,4.65,100,-1.79
215,미래에셋벤처투자,"6,860",하락,90,-1.29%,"1,000","45,734",313,"6,880","3,644",157,-58.63,"193,117","20,150","20,300","4,058",116.42,8.41,"20,650","1,808","1,841",135,1.22,4.83,"20,100",614,"17,786","1,049",885,1.62,N/A,103.87
216,에코앤드림,"20,450",상승,50,+0.25%,500,"11,616",237,"20,150","3,637",5,23.11,"500,903","6,900","6,940","10,608",-50.81,2.47,"6,940","2,086","7,089",86,3.00,0.79,"6,790",408,"53,125","2,339",-117,1.05,85,7.75
217,한국정보인증,"8,530",상승,220,+2.65%,500,"819,855","6,891","8,340","3,620",189,34.96,"7,099,289","8,350","8,350","4,053",35.02,6.14,"8,620","5,070","1,731",124,1.05,3.40,"8,180","1,417","42,441","1,219",244,1.78,150,32.18
218,폰드그룹,"11,090",하락,80,-0.72%,500,"13,373",148,"11,000","3,587",413,13.64,"270,187","11,120","11,120","4,227","6,089.52",12.62,"11,120",99,"1,850",272,0.96,7.13,"16,030",510,"22,102",173,-449,6.96,N/A,23.81
219,퓨쳐켐,"16,150",하락,420,-2.53%,500,"15,224",246,"16,520","3,569",-95,-35.97,"254,058","16,520","16,530",744,-12.55,-15.94,"16,520",14,199,-94,4.56,-12.80,"10,980","2,795","32,344","3,687",813,1.69,250,"13,154.52"
220,바디텍메드,"15,060",하락,20,-0.13%,"1,000","2,439",37,"15,240","3,537",262,12.69,"83,411","15,130","15,260","2,547",-8.17,13.75,"15,130",15,316,272,2.63,11.28,"14,930",867,"23,487","1,382","1,187",1.52,150,2.94
221,GST,"19,000",하락,190,-0.99%,500,"10,925",208,"18,950","3,502",591,7.82,"363,982","18,950","19,080","3,348",38.89,18.71,"19,240",870,665,459,10.33,14.92,"18,950","1,411","18,430","3,462","2,430",1.30,300,24.00
222,다원시스,"9,100",상승,70,+0.78%,500,"10,098",92,"9,030","3,473",76,-17.88,"219,732","9,090","9,040","7,457",-60.32,4.81,"9,200","1,477","4,868",119,8.83,1.69,"9,070",56,"38,163","3,015",-509,1.46,N/A,-15.74
223,에이직랜드,"31,800",하락,250,-0.78%,500,"6,479",207,"32,050","3,457",-170,-14.24,"108,399","32,000","32,100","1,671",-539.61,-15.39,"32,200",491,828,-140,1.47,-8.57,"31,650",192,"10,872",941,"-2,233",4.51,N/A,26.84
224,삼표시멘트,"3,195",하락,5,-0.16%,500,"9,663",31,"3,180","3,448","1,039",6.30,"150,595","3,160","3,195","14,851",22.70,9.04,"3,195",37,"7,289",661,1.95,4.40,"3,160",772,"107,916","7,908",507,0.46,110,-4.00
225,기가비스,"27,150",하락,250,-0.91%,200,"1,527",42,"27,400","3,441",-18,119.08,"26,956","27,150","27,650","2,297",-105.10,1.63,"27,350",33,240,34,1.75,1.50,"27,100",312,"12,676",261,228,1.76,800,-71.42
226,엔젤로보틱스,"22,550",하락,150,-0.66%,500,"4,030",91,"22,600","3,424",-108,-33.02,"87,098","22,650","22,650",439,-66.88,-40.84,"22,700",776,35,-100,2.62,-30.70,"22,400",118,"15,183",42,-683,8.88,0,-18.17
227,월덱스,"20,700",하락,50,-0.24%,500,"5,319",110,"20,750","3,418",703,5.49,"160,509","20,700","20,800","3,918",8.45,23.78,"20,800",187,843,650,5.17,18.44,"20,450",190,"16,511","3,068","3,768",1.07,60,6.49
228,에이유브랜즈,"24,050",하락,550,-2.24%,100,"12,374",305,"24,600","3,405",124,29.80,"161,124","24,600","24,800",448,-23.35,38.45,"25,350",55,122,101,1.12,28.58,"24,050",347,"14,160",446,807,5.75,0,6.48
229,우주일렉트로,"36,700",상승,250,+0.69%,500,"6,076",223,"36,750","3,391",201,16.18,"64,843","36,750","36,800","3,277",151.12,8.46,"37,350",28,814,198,8.26,6.34,"36,200",30,"9,240","1,762","2,268",1.18,300,10.18
230,선익시스템,"35,550",하락,900,-2.47%,500,"6,672",238,"36,400","3,390",79,-14.86,"109,208","36,100","36,450","3,029",294.87,-47.86,"36,450",44,"2,565",-281,1.03,-12.83,"35,250",57,"9,537","1,129","-2,393",7.19,N/A,80.93
231,CJ프레시웨이,"28,500",하락,100,-0.35%,"1,000","2,690",77,"28,750","3,383",940,12.91,"94,304","28,750","29,000","15,644",-5.27,7.36,"28,750",292,"11,490",274,13.76,1.87,"28,400",731,"11,872","32,248","2,207",0.82,450,4.90
232,휴온스,"28,100",상승,100,+0.36%,500,"3,566",100,"28,000","3,366",397,10.56,"25,628","28,400","28,400","6,063",-29.12,8.77,"28,400",24,"2,557",291,17.87,5.09,"27,800",68,"11,980","5,902","2,661",0.93,630,6.93
233,오상헬스케어,"23,200",상승,700,+3.11%,500,"7,791",178,"22,250","3,366",-248,-38.41,"217,603","22,500","22,500","2,950",-117.35,-3.93,"23,300",156,90,-114,1.01,-3.70,"22,450",148,"14,509",805,-604,1.12,500,-77.38
234,삼목에스폼,"22,750",상승,150,+0.66%,500,272,6,"22,600","3,344",753,7.07,"17,983","22,750","22,700","7,813",-39.33,12.04,"3,155","9,487","5,437",-123,4.28,-1.47,"3,110","1,584","106,210","12,854",-19,1.15,N/A,-8.89
235,하림,"3,145",상승,20,+0.64%,500,"136,692",427,"3,120","3,340",285,-165.53,"991,594","3,120","3,125","8,328",-29.51,-4.11,"22,750",183,"1,366",734,3.12,9.65,"22,400",53,"14,700","4,019","3,216",0.51,200,-8.53
236,쿠콘,"32,550",상승,750,+2.36%,500,"152,921","4,991","31,800","3,338",166,18.27,"231,153","31,800","31,850","2,629",0.02,11.48,"33,150",495,"1,161",158,2.68,6.71,"31,800",691,"10,255",730,"1,782",2.23,150,6.84
237,에이치브이엠,"28,000",상승,"1,150",+4.28%,500,"78,477","2,176","27,600","3,333",-68,-38.57,"131,009","27,700","27,700","1,196",-282.11,-17.39,"41,900",363,160,76,7.00,24.57,"40,300",251,"7,969",499,"1,522",12.73,N/A,77.80
238,제닉,"41,750",상승,950,+2.33%,500,"5,687",235,"40,200","3,327",60,27.43,"145,507","40,300","40,800",382,249.72,44.90,"28,100",754,535,-84,3.14,-8.19,"26,700",590,"11,902",451,-726,4.96,N/A,8.88
239,노바렉스,"17,710",상승,40,+0.23%,500,"12,732",222,"17,670","3,321",232,12.58,"284,061","17,670","17,690","2,896",-9.06,10.97,"17,710",44,693,238,6.71,8.60,"17,320",130,"18,755","2,977","1,408",1.41,200,-1.47
240,인바디,"24,550",하락,250,-1.01%,500,"1,331",33,"24,900","3,310",367,10.71,"22,559","24,800","25,050","3,058",-4.20,12.71,"24,800",106,319,327,36.40,11.27,"24,300",35,"13,481","2,045","2,293",1.14,400,20.03
241,노머스,"30,300",상승,"1,400",+4.84%,500,"60,138","1,816","29,650","3,295",82,29.65,"260,815","29,850","29,900",988,"4,101.07",15.81,"30,500",685,127,99,7.88,13.63,"29,500","1,205","10,876",689,"1,022",3.60,0,62.92
242,씨앤씨인터내셔널,"32,750",상승,200,+0.61%,100,"6,971",226,"32,250","3,280",290,13.03,"100,672","32,250","32,550","2,951",-9.75,17.15,"32,900","1,044",893,324,4.47,11.78,"32,100",63,"10,014","2,829","2,514",1.64,"1,000",28.39
243,바텍,"21,950",상승,100,+0.46%,500,404,9,"22,000","3,260",540,6.42,"18,191","21,650","22,150","6,503",-15.74,12.94,"22,000",34,"1,798",553,26.92,8.93,"21,650",375,"14,854","3,852","3,418",0.69,100,0.07
244,나이벡,"28,750",상승,"1,050",+3.79%,500,"45,584","1,312","28,700","3,250",-49,-27.43,"203,024","28,950","28,850",625,-120.87,-30.54,"29,300",428,302,-93,0.85,-14.43,"28,300",279,"11,306",246,"-1,048",10.19,0,56.33
245,오픈엣지테크놀로지,"14,720",상승,130,+0.89%,100,"126,017","1,876","15,230","3,239",-246,-13.21,"460,754","15,220","15,240",867,-55.15,-67.14,"15,230","2,441",260,-273,6.99,-41.54,"14,680",354,"22,003",153,"-1,114",7.11,0,-21.77
246,지씨셀,"20,350",하락,100,-0.49%,500,"1,907",39,"20,400","3,215",-200,-3.91,"45,863","20,400","20,500","5,783",-590.55,-14.90,"20,500",84,"1,160",-757,5.11,-12.18,"20,150",20,"15,800","1,745","-5,205",0.70,N/A,-6.98
247,비보존 제약,"6,410",하락,200,-3.03%,"2,500","34,951",225,"6,530","3,212",29,-24.56,"1,636,763","6,520","6,570","1,844",10.36,-9.48,"6,520",279,780,-100,0.59,-5.58,"6,400","7,997","50,105",876,-261,3.12,N/A,22.83
248,가비아,"23,700",보합,0,0.00%,500,"3,792",90,"23,750","3,208",351,22.79,"68,601","23,750","23,900","6,345",-17.59,9.49,"23,850",471,"2,878",286,37.26,5.21,"23,600",764,"13,536","2,824","1,040",1.88,80,7.96
249,더즌,"4,490",상승,170,+3.94%,100,"5,622,103","25,336","4,320","3,206",100,27.89,"29,013,054","4,310","4,325","1,157",-6.08,28.06,"4,700","8,658",743,99,1.29,9.39,"4,290",688,"71,413",627,161,4.81,0,48.96
250,에이스침대,"28,800",하락,200,-0.69%,"1,000",213,6,"29,000","3,194",662,5.19,"7,366","29,000","29,750","7,824",16.14,9.70,"29,200",93,757,659,1.18,8.79,"28,700",783,"11,090","3,260","5,551",0.43,"1,450",6.39
251,아주IB투자,"2,640",상승,10,+0.38%,500,"33,091",86,"2,625","3,193",84,82.50,"858,990","2,600","2,630","3,417",-52.70,3.20,"2,640",30,806,83,1.88,2.39,"2,590",209,"120,945",656,32,1.22,50,-11.09
252,한양이엔지,"17,700",상승,40,+0.23%,500,"1,832",32,"17,660","3,186",862,5.08,"69,488","17,660","17,670","9,087",1.27,13.45,"17,710",213,"3,067",764,14.25,8.80,"17,570",6,"18,000","11,863","3,481",0.49,650,15.60
253,덕산테코피아,"15,520",하락,10,-0.06%,500,"14,311",221,"15,200","3,178",-302,-5.33,"202,359","15,440","15,480","6,630",-385.42,-28.30,"15,690",675,"4,572",-726,3.77,-12.33,"15,380",769,"20,477",997,"-2,911",1.69,N/A,5.97
254,아이패밀리에스씨,"18,320",상승,120,+0.66%,500,"2,288",42,"18,230","3,173",336,12.83,"71,606","18,050","18,300","1,223",40.16,35.26,"20,150",40,"1,080",271,4.24,7.93,"19,860",189,"15,830","3,340","1,650",1.13,200,4.56
255,에스티아이,"19,980",하락,70,-0.35%,500,"12,516",250,"20,050","3,163",273,12.11,"322,064","19,990","20,100","3,688",13.95,10.89,"18,330",280,308,283,6.27,26.68,"18,050",5,"17,320","2,049","1,428",3.27,118,37.79
256,제이브이엠,"26,000",하락,100,-0.38%,500,"1,094",28,"26,000","3,143",307,11.08,"57,944","26,050","26,050","2,848",3.04,15.11,"26,100",644,825,288,12.47,10.64,"25,900",52,"12,090","1,594","2,346",1.47,500,1.50
257,유니슨,"1,837",하락,17,-0.92%,500,"1,152,789","2,085","1,836","3,132",-125,-16.40,"12,237,121","1,825","1,840","2,490",36.06,-36.03,"1,840","1,555","1,828",-225,3.58,-8.81,"1,788","1,384","170,506",257,-112,4.94,0,-76.12
258,CMG제약,"2,170",상승,10,+0.46%,500,"84,902",184,"2,185","3,104",10,-271.25,"1,686,693","2,180","2,190","3,034",-66.40,1.42,"2,180","1,168","1,139",27,3.97,0.99,"2,145","8,895","143,057",991,-8,1.60,0,5.53
259,한국정보통신,"8,200",상승,150,+1.86%,500,"1,956",16,"8,110","3,070",391,6.84,"25,205","8,290","8,270","4,629",9.66,15.09,"8,290",643,"1,564",435,62.89,9.62,"8,110",483,"37,444","7,910","1,199",0.94,N/A,9.08
260,듀켐바이오,"10,760",하락,70,-0.65%,500,"4,189",45,"10,500","3,062",51,36.47,"46,516","10,720","10,830",652,N/A,N/A,"10,900","2,774",222,80,1.28,N/A,"10,720",124,"28,455",356,295,7.03,N/A,N/A
261,지노믹트리,"12,410",상승,80,+0.65%,500,"3,390",42,"12,450","3,025",-153,-28.79,"137,124","12,570","12,580","1,307",11.50,-8.24,"12,570",449,64,-104,0.89,-7.89,"12,380",527,"24,377",24,-431,2.46,0,-30.89
262,브이엠,"12,560",하락,140,-1.10%,100,"1,917",24,"12,710","3,024",-86,306.34,"151,324","12,990","13,050","1,657",21.56,-2.80,"12,990",133,414,-35,3.66,-2.18,"12,480",237,"24,076",703,41,2.35,N/A,170.21
263,흥구석유,"20,050",상승,"1,640",+8.91%,100,"939,228","19,027","21,000","3,008",-3,455.68,"10,537,365","21,000","21,050",929,-425.10,0.79,"21,050","20,724",140,6,0.00,0.67,"19,770","7,547","15,000","1,169",44,3.69,30,-7.77
264,매일유업,"38,100",하락,150,-0.39%,500,384,14,"37,400","2,988",703,7.44,"9,249","37,450","38,200","10,263",-2.62,8.16,"38,100",333,"4,510",455,12.69,4.56,"37,450",5,"7,844","18,114","5,120",0.48,"1,250",1.60
265,신성에스티,"33,000",하락,300,-0.90%,500,"5,680",188,"33,700","2,983",88,43.59,"132,205","33,500","33,750","1,444",5.16,7.11,"33,500",192,419,71,1.76,5.06,"32,800",189,"9,040","1,270",757,2.82,200,1.89
266,마녀공장,"18,150",상승,150,+0.83%,100,"7,486",135,"18,100","2,973",186,18.35,"134,381","18,140","18,130","1,295",16.99,15.53,"18,270",230,157,164,0.55,13.93,"18,000",216,"16,378","1,279",989,2.55,N/A,21.83
267,KG에코솔루션,"6,220",하락,20,-0.32%,500,"2,515",16,"6,180","2,961","2,265",4.60,"141,169","6,240","6,240","62,134",-26.87,6.74,"6,280",598,"32,544","2,142",3.69,3.55,"6,190",51,"47,603","72,849","1,353",0.19,120,0.38
268,클리오,"16,200",상승,110,+0.68%,500,"7,673",124,"16,100","2,928",246,14.32,"129,833","16,090","16,160","2,954",-27.23,12.43,"16,240",817,615,272,4.57,9.45,"16,030",660,"18,071","3,514","1,131",1.23,400,6.29
269,나우로보틱스,"23,325",상승,375,+1.63%,500,"80,267","1,844","22,850","2,927",-29,-53.01,"647,546","22,950","22,950",163,47.80,-285.18,"23,500",227,105,-37,0.37,-26.63,"22,500","1,805","12,548",121,-440,40.30,0,15.89
270,동방메디컬,"14,010",하락,20,-0.14%,500,"59,592",832,"14,000","2,911",150,67.68,"995,932","14,050","14,030","1,504",-8.69,4.60,"14,090",573,696,31,4.39,2.34,"13,840",201,"20,775","1,051",207,2.54,0,15.67
271,상아프론테크,"18,190",하락,290,-1.57%,500,"6,827",124,"18,270","2,908",58,56.67,"102,371","18,260","18,480","3,622",-34.70,3.13,"18,470",404,"1,612",62,3.97,1.73,"18,140",508,"15,989","1,718",321,1.43,200,-6.45
272,대화제약,"15,550",하락,200,-1.27%,500,"9,444",147,"15,550","2,895",67,165.43,"428,809","2,910","2,915","8,330",25.83,13.46,"2,915",122,"4,024",544,5.47,7.23,"2,885",266,"99,995","28,895",503,0.67,200,34.70
273,에스에이엠티,"2,895",하락,15,-0.52%,500,"4,404",13,"2,910","2,895",674,5.76,"135,400","15,690","15,690","2,059",241.83,0.73,"15,690",532,"1,295",8,0.15,0.39,"15,510",948,"18,617","1,494",94,3.90,150,5.70
274,폴라리스오피스,"5,820",상승,30,+0.52%,500,"36,778",213,"5,790","2,894",48,45.83,"431,028","5,760","5,800","5,198",-23.14,9.19,"5,820","2,743",857,186,1.49,4.45,"5,730",554,"49,725","2,763",127,3.21,N/A,156.07
275,유진기업,"3,735",상승,5,+0.13%,500,"23,613",88,"3,725","2,888",550,-4.57,"379,222","3,730","3,730","23,749",-34.86,-6.18,"3,780","4,048","13,482","-1,007",4.95,-4.32,"3,710",267,"77,311","13,933",-817,0.29,170,-5.44
276,KG이니시스,"10,440",상승,220,+2.15%,500,"19,708",206,"10,300","2,877",610,7.89,"192,333","23,800","23,900",446,9.06,-70.89,"24,400",47,263,-58,2.67,-15.21,"23,600",146,"11,860",137,-610,27.49,0,4.77
277,에스바이오메딕스,"24,250",상승,450,+1.89%,500,"10,865",262,"23,800","2,876",-54,-39.75,"1,017,595","19,240","19,130","1,259",N/A,N/A,"21,750","1,381",236,72,0.99,N/A,"19,240",694,"13,636",742,576,2.62,100,N/A
278,웹케시,"21,050",상승,"2,130",+11.26%,500,"2,146,620","45,151","19,120","2,870",139,36.55,"195,145","10,300","10,390","18,664",-42.61,8.63,"10,540","1,405","11,128",447,7.56,2.50,"10,270",911,"27,554","13,543","1,324",0.57,500,0.71
279,자람테크놀로지,"45,650",하락,250,-0.54%,500,"2,337",107,"46,400","2,829",4,-306.38,"70,968","46,300","46,600",784,117.07,5.09,"46,300",154,359,20,3.01,3.42,"45,300",271,"6,198",222,-149,6.92,N/A,90.74
280,펨트론,"13,290",상승,520,+4.07%,500,"83,914","1,115","13,480","2,829",-36,-88.60,"606,937","13,500","13,500",717,-144.94,-6.32,"13,500","1,531",436,-19,7.69,-2.61,"13,100","3,102","21,288",570,-150,10.97,N/A,-22.67
281,인탑스,"16,440",하락,110,-0.66%,500,"1,273",21,"16,540","2,828",38,22.01,"58,473","16,390","16,560","9,007",-79.33,3.34,"16,630",110,"1,289",234,6.41,2.66,"16,320",56,"17,200","6,147",747,0.39,200,6.46
282,티에프이,"24,750",상승,150,+0.61%,100,"1,425",35,"24,300","2,817",44,117.86,"67,903","24,500","24,500","1,267",-52.40,1.94,"25,100",25,483,15,1.90,1.33,"24,400",11,"11,381",736,210,3.36,N/A,-8.34
283,슈어소프트테크,"5,320",하락,60,-1.12%,100,"23,966",127,"5,280","2,799",79,26.08,"503,515","5,290","5,290","1,624",-31.22,12.40,"5,350","3,472",563,101,1.22,6.29,"5,280","1,397","52,619",888,204,3.03,N/A,40.31
284,필에너지,"13,090",상승,80,+0.61%,500,"4,273",56,"13,010","2,798",142,34.27,"72,684","13,010","13,090","2,121",-7.25,10.39,"13,220","1,162",691,134,1.78,5.79,"12,990",9,"21,378","2,854",382,2.04,67,45.08
285,와이씨켐,"27,650",하락,350,-1.25%,"1,000","49,592","1,372","28,100","2,796",-82,-18.72,"670,783","28,150","28,150","1,163",-4.30,-30.46,"28,200","5,218",718,-160,2.41,-13.56,"27,300",337,"10,111",703,"-1,477",5.90,N/A,12.90
286,프레스티지바이오로직스,"3,580",하락,30,-0.83%,500,"22,492",81,"3,610","2,772",-334,-7.58,"31,893","3,610","3,650","2,894",24.39,-34.26,"3,645",143,"2,177",-294,41.43,-9.87,"20,800",132,"13,177","1,522","2,493",1.60,738,23.67
287,HLB이노베이션,"1,920",하락,8,-0.41%,500,"12,760",25,"1,930","2,771",-119,-15.36,"215,124","1,928","1,945","2,680",N/A,N/A,"1,937","1,196",160,-124,2.07,N/A,"3,550",640,"77,418",22,-472,2.07,0,-37.32
288,원익머트리얼즈,"21,950",하락,150,-0.68%,500,"5,020",110,"22,050","2,767",519,7.97,"138,608","22,100","22,100","5,833",110.29,6.84,"22,300",136,"1,021",318,17.56,5.88,"1,910","3,258","144,304",254,-125,1.18,N/A,N/A
289,아이스크림미디어,"21,000",하락,100,-0.47%,500,"5,164",108,"20,700","2,767",461,8.42,"68,116","20,900","20,850","2,229",35.41,23.29,"21,050",488,396,311,8.09,18.42,"21,800",71,"12,608","3,107","2,755",0.57,350,-20.67
290,아이티엠반도체,"12,080",하락,150,-1.23%,500,"3,361",41,"11,430","2,740",24,-51.19,"26,778","12,000","12,210","5,952",116.15,0.64,"12,350",371,"4,008",12,2.37,0.20,"11,950",71,"22,683","6,479",-236,1.38,N/A,11.61
291,오리엔탈정공,"6,010",상승,10,+0.17%,500,"17,323",104,"5,870","2,739",249,9.48,"525,736","5,950","5,950","2,157",94.84,26.45,"6,050","1,063","1,056",261,7.10,12.60,"5,950",259,"45,574","2,073",634,2.43,100,31.60
292,인선이엔티,"5,860",상승,70,+1.21%,500,"18,772",110,"5,780","2,729",232,-11.67,"98,419","5,790","5,790","4,957",-10.18,-5.66,"5,890",8,"1,731",-189,5.42,-3.62,"5,790",119,"46,564","2,088",-502,0.81,N/A,-5.48
293,샘씨엔에스,"4,665",하락,35,-0.74%,500,"3,011",14,"4,650","2,724",52,71.77,"84,989","4,650","4,700","2,222",278.57,2.70,"4,725",274,782,33,1.14,1.60,"4,650",73,"58,388",533,65,1.83,N/A,72.35
294,씨메스,"23,275",하락,375,-1.59%,500,"9,600",223,"23,200","2,720",-143,-16.60,"130,856","23,250","23,450",810,-43.04,-28.80,"23,400",989,67,-135,2.97,-25.68,"23,150",868,"11,685",69,"-1,402",3.89,N/A,-9.83
295,제이오,"8,480",하락,20,-0.24%,100,"10,429",88,"8,210","2,715",-55,-26.84,"98,756","8,430","8,480","2,226",-145.39,-5.67,"8,560","3,322",442,-89,2.40,-4.24,"8,430",975,"32,018",829,-316,1.41,N/A,-27.62
296,뷰노,"19,390",상승,240,+1.25%,100,"7,637",147,"19,200","2,715",-125,-21.74,"145,440","19,300","19,320",502,20.58,-72.91,"19,470",297,195,-130,3.80,-35.80,"19,020",63,"14,002",259,-892,9.83,0,94.86
297,셀비온,"21,150",하락,200,-0.94%,500,"7,888",165,"21,050","2,711",-71,-33.95,"192,154","21,050","21,150",344,-41.51,-39.20,"18,110",509,"1,392",-413,13.72,-11.62,"17,840",109,"14,982","1,196","-2,963",1.23,0,-23.21
298,디오,"18,050",상승,160,+0.89%,500,"9,013",162,"17,780","2,704",-407,-6.09,"50,789","17,850","17,870","3,433",-294.94,-20.74,"21,200",320,48,-73,6.42,-31.76,"20,650",187,"12,816",23,-623,9.57,0,55.64
299,에코마케팅,"8,580",상승,80,+0.94%,100,"1,544",13,"8,500","2,700",470,9.77,"117,406","8,500","8,510","4,038",-14.75,12.87,"4,230",713,"16,493",351,4.79,1.30,"4,145",498,"64,516","32,850",211,0.41,250,5.32
300,이지홀딩스,"4,180",상승,35,+0.84%,500,"31,233",131,"4,125","2,697","1,234",19.81,"245,981","4,145","4,135","28,559",18.90,2.70,"8,580","4,824","1,213",362,11.48,9.64,"8,500",67,"31,468","3,572",878,1.12,500,1.92
301,프로텍,"24,400",상승,50,+0.21%,500,"1,803",44,"24,150","2,684",134,9.91,"36,251","24,150","24,600","3,768",-22.89,7.35,"24,450",196,540,127,2.72,3.45,"24,050",51,"11,000","1,703","2,462",0.72,400,9.11
302,LS증권,"4,835",하락,30,-0.62%,"5,000","15,267",74,"4,865","2,683",218,24.67,"272,245","4,850","4,870","87,797",-34.30,1.84,"4,900","1,020","79,083",166,1.38,0.20,"4,750","1,887","55,481","16,537",196,0.31,100,25.07
303,온코닉테라퓨틱스,"24,200",상승,50,+0.21%,500,"20,774",504,"24,350","2,663",-48,-27.78,"607,331","24,400","24,400",609,-315.06,-44.55,"24,500","1,000",49,-81,1.77,-16.44,"24,150",515,"11,002",148,-871,4.51,0,-29.53
304,한솔아이원스,"9,310",하락,90,-0.96%,500,"4,611",43,"9,400","2,662",231,8.12,"176,244","9,380","9,410","2,319",180.71,18.60,"9,400",662,497,311,5.60,13.72,"9,290",607,"28,593","1,571","1,146",1.33,0,26.79
305,엣지파운드리,"3,395",하락,70,-2.02%,500,"47,458",161,"3,470","2,659",-51,-161.67,"741,167","3,470","3,495","1,316",-4.87,-27.09,"3,470","2,218",547,-180,0.30,-15.27,"3,365",508,"78,307",373,-21,2.28,0,0.70
306,네오위즈홀딩스,"30,900",하락,350,-1.12%,500,"9,955",304,"31,100","2,655",204,-16.19,"132,500","31,050","31,200","8,225",17.46,-3.65,"31,150",4,"1,467",-196,3.57,-2.28,"30,200",126,"8,594","3,681","-1,908",0.61,313,0.40
307,석경에이티,"48,600",상승,50,+0.10%,500,652,32,"48,400","2,651",20,45.76,"13,342","48,450","48,450",492,-42.34,11.43,"48,700",97,94,43,1.15,9.70,"48,100",24,"5,455",138,"1,062",6.35,N/A,13.28
308,큐브엔터,"17,630",상승,220,+1.26%,500,"13,376",235,"17,380","2,645",166,19.61,"116,432","17,390","17,390","2,700",7.42,13.61,"17,770",6,"1,117",166,6.13,7.85,"17,220",385,"15,002","2,183",899,1.55,N/A,53.43
309,바이오비쥬,"17,540",상승,150,+0.86%,500,"50,581",875,"17,410","2,639",92,N/A,"555,500","17,420","17,420",378,N/A,N/A,"17,560","3,775",68,72,0.49,N/A,"17,070",146,"15,044",296,N/A,N/A,0,N/A
310,슈프리마,"36,200",하락,50,-0.14%,500,"1,384",50,"35,450","2,627",233,7.63,"47,495","35,850","35,850","2,601",39.76,14.74,"36,200",210,235,325,20.09,13.58,"35,750",100,"7,257","1,082","4,747",1.02,0,14.37
311,AP시스템,"16,960",상승,40,+0.24%,500,"1,442",24,"16,920","2,592",472,5.65,"98,730","16,920","16,940","5,998",-21.51,15.74,"17,000",185,"2,632",518,9.92,8.85,"16,890",45,"15,281","5,167","3,002",0.74,530,-3.16
312,소룩스,"5,310",하락,40,-0.75%,500,"83,800",437,"5,200","2,588",-66,-5.08,"612,403","5,200","5,220","1,173","-1,383.71",-58.22,"5,310","1,280",390,-410,0.26,-29.53,"5,120",717,"48,740",507,"-1,046",2.89,0,-15.28
313,이스트소프트,"22,050",상승,350,+1.61%,500,"29,507",645,"21,850","2,568",-135,-26.25,"172,726","21,800","21,900","1,991",-51.08,-16.62,"22,100",728,"1,106",-146,1.84,-7.52,"21,500","1,644","11,647","1,025",-840,3.49,0,10.79
314,디아이티,"13,580",하락,250,-1.81%,100,"5,959",81,"13,670","2,567",241,8.48,"96,600","13,670","13,810","2,409",178.68,14.50,"13,780",716,280,289,5.13,12.78,"13,260",648,"18,900","1,167","1,601",1.18,380,8.96
315,비덴트,"3,320",보합,0,0.00%,500,0,0,0,"2,563",-111,5.25,0,0,0,"7,408",-11.76,11.16,0,0,"1,026",672,1.43,9.67,0,0,"77,202",96,632,0.40,N/A,-3.82
316,씨어스테크놀로지,"20,350",상승,100,+0.49%,500,"1,463",30,"20,450","2,562",-87,-36.60,"80,575","20,700","20,750",281,11.44,-60.13,"20,700",83,67,-89,4.21,-39.23,"20,100",206,"12,591",81,-556,12.23,N/A,329.69
317,쓰리빌리언,"8,040",하락,100,-1.23%,100,"159,666","1,286","8,180","2,550",-74,-34.96,"2,210,937","8,180","8,190",302,11.17,-32.81,"8,190","5,238",19,-66,6.63,-24.76,"7,960",533,"31,722",58,-230,9.55,N/A,111.41
318,툴젠,"29,700",상승,800,+2.77%,500,"3,440",102,"29,600","2,549",-218,36.04,"39,264","29,650","29,650",755,-27.57,14.08,"29,850",457,170,62,1.10,7.38,"29,200",95,"8,583",9,824,4.70,0,-19.25
319,제이에스링크,"9,420",하락,120,-1.26%,500,"4,905",46,"9,540","2,541",-91,-13.12,"226,416","9,550","9,550",544,-109.85,-42.11,"22,500",599,844,-168,0.96,-17.55,"22,200",238,"11,338",253,"-1,726",11.06,0,83.87
320,뉴로메카,"22,400",하락,50,-0.22%,500,"4,629",103,"22,400","2,540",-190,-12.98,"54,331","22,450","22,450",952,-28.26,-95.95,"9,650",76,294,-108,1.15,-23.19,"9,410",8,"26,978",159,-718,7.52,0,-27.52
321,엠아이텍,"7,840",보합,0,0.00%,500,"3,528",28,"7,900","2,537",176,13.73,"102,752","7,840","7,920","1,185",24.96,18.13,"7,840",640,97,183,7.08,16.83,"7,770",756,"32,366",538,571,2.28,100,15.88
322,JTC,"4,900",하락,15,-0.31%,0,"12,625",62,"4,915","2,536",476,3.26,"536,327","4,915","4,925","3,584",117.12,57.43,"4,945",912,"1,752",772,10.24,24.80,"4,750",481,"51,746","3,086","1,501",1.38,N/A,105.76
323,시너지이노베이션,"2,870",하락,5,-0.17%,500,"12,366",36,"2,870","2,529",161,62.39,"233,780","2,860","2,875","3,141",7.51,5.75,"2,880",369,790,181,12.64,6.05,"2,850",307,"88,103",906,46,1.29,0,8.88
324,해성산업,"7,760",하락,60,-0.77%,500,"1,401",11,"7,820","2,526",714,-161.67,"54,373","7,790","7,830","25,920",-32.81,0.79,"7,800",15,"12,440",-34,1.30,-0.13,"7,720",27,"32,557","22,204",-48,0.32,225,-3.81
325,진성티이씨,"11,210",하락,170,-1.49%,500,"97,983","1,112","11,370","2,520",244,11.17,"853,651","11,380","11,380","4,554",-38.26,8.48,"11,500","1,405","1,931",210,8.28,4.89,"11,170",720,"22,482","3,905","1,004",0.85,200,-19.50
326,인트로메딕,"5,850",보합,0,0.00%,100,0,0,0,"2,515",-15,-42.39,0,0,0,105,58.32,-101.85,0,0,48,-70,0.76,-49.54,0,0,"42,998",104,-138,41.17,0,4.09
327,미래나노텍,"8,100",하락,20,-0.25%,500,"4,826",39,"8,100","2,512",249,8.21,"124,439","8,040","8,160","5,976",81.41,8.51,"8,180",736,"2,802",258,4.83,4.22,"8,040",816,"31,010","6,223",987,0.80,50,-10.33
328,로보스타,"25,700",하락,100,-0.39%,500,"12,090",309,"25,700","2,506",1,-951.85,"629,508","25,600","25,750","1,126",-86.92,2.44,"25,750",241,206,22,2.81,1.94,"25,350",836,"9,750",891,-27,2.79,N/A,-13.19
329,위지윅스튜디오,"1,462",상승,76,+5.48%,500,"741,405","1,072","1,386","2,501",-118,-4.69,"855,765","1,385","1,388","2,935",41.74,-28.05,"1,485","8,063","1,199",-603,5.23,-19.10,"1,379","1,285","171,049",804,-312,1.52,N/A,-45.41
330,티엑스알로보틱스,"16,180",하락,110,-0.68%,500,"15,229",246,"16,410","2,500",53,49.78,"181,887","16,390","16,420",732,46.50,14.93,"16,390",18,433,38,1.02,5.84,"16,100",386,"15,451",572,325,3.61,N/A,118.19
331,에치에프알,"18,750",상승,10,+0.05%,500,"1,657",31,"18,730","2,495",-202,-23.23,"66,775","18,730","18,740","2,711",-140.39,-11.34,"18,750",42,"1,123",-185,6.20,-6.86,"18,500",431,"13,309","1,571",-807,1.58,N/A,-4.32
332,골프존홀딩스,"5,820",하락,20,-0.34%,500,"11,014",64,"5,840","2,493",394,5.11,"230,429","5,840","5,890","10,503",-26.50,6.02,"5,840","1,220","3,037",436,3.46,4.18,"5,770","1,703","42,837","3,862","1,139",0.32,250,-8.94
333,KH바텍,"10,420",상승,220,+2.16%,500,"20,658",214,"10,290","2,467",219,10.76,"59,911","10,270","10,300","3,871",-34.96,8.33,"10,480",294,"1,248",213,8.12,5.84,"10,260",496,"23,677","3,110",968,0.88,330,-14.46
334,동원개발,"2,705",상승,45,+1.69%,500,"9,748",26,"2,655","2,456",210,96.61,"182,918","2,660","2,660","13,783",-29.97,1.76,"2,730",413,"3,320",183,3.04,1.30,"2,635",388,"90,808","5,204",28,0.24,80,-29.35
335,이트론,271,보합,0,0.00%,200,0,0,0,"2,456",-56,24.64,0,0,0,"1,195",0.61,-2.85,0,0,235,-23,3.54,-1.90,0,0,"906,131",163,11,2.53,0,-45.05
336,엑스게이트,"8,600",하락,70,-0.81%,100,"28,199",241,"8,600","2,455",35,85.15,"519,525","8,590","8,620",671,-15.05,9.43,"8,630","1,099",227,40,0.79,6.83,"8,510",210,"28,543",432,101,5.64,N/A,0.92
337,로킷헬스케어,"15,800",상승,"2,030",+14.74%,500,"4,699,984","74,031","14,520","2,436",-56,-26.64,"1,098,077","14,850","14,530",113,24.48,9.83,"16,300","3,681",884,-77,0.00,-77.65,"14,790","1,594","15,418",131,-593,-2.56,0,5.59
338,리파인,"14,040",상승,140,+1.01%,100,"4,312",61,"13,900","2,433",205,13.41,"60,208","13,950","14,190","1,816",-9.08,12.53,"14,200",862,112,206,3.49,11.63,"13,950","1,504","17,330",678,"1,047",1.20,N/A,2.05
339,헥토파이낸셜,"25,650",상승,350,+1.38%,500,"233,051","6,077","26,500","2,425",133,25.60,"1,712,082","26,800","26,550","4,516",5.75,6.90,"26,800","8,308","3,002",90,1.86,2.17,"25,600","2,434","9,453","1,593","1,002",1.48,350,4.07
340,유니테스트,"11,230",하락,110,-0.97%,500,"5,703",64,"11,300","2,373",-234,-9.98,"207,608","11,280","11,320","1,850",-428.15,-19.88,"7,100",62,"8,415",-722,4.26,-4.56,"6,940","5,271","33,843","3,221","-3,229",0.25,N/A,5.60
341,휴림로봇,"2,150",하락,45,-2.05%,500,"803,705","1,736","2,210","2,370",-49,-107.50,"7,509,481","2,210","2,215","3,349",-165.20,-5.59,"11,320",214,680,-273,7.04,-14.28,"11,150",724,"21,134",924,"-1,125",2.01,N/A,-44.90
342,더블유씨피,"7,000",하락,10,-0.14%,500,"32,597",228,"7,150","2,369",-709,-2.17,"274,346","6,960","7,210","18,102",-252.91,-7.33,"2,210","11,985","1,225",-94,2.71,-4.16,"2,135","20,414","110,238","1,331",-20,1.93,N/A,61.01
343,네오팜,"14,770",상승,130,+0.89%,500,"8,606",127,"14,720","2,367",247,9.83,"76,459","14,680","14,740","1,924",-2.58,13.69,"14,800",73,156,231,14.47,12.47,"14,550",376,"16,028","1,190","1,503",1.32,600,22.56
344,토비스,"14,660",하락,30,-0.20%,500,"12,200",178,"14,670","2,355",584,4.31,"92,134","14,670","14,680","5,281",127.52,26.76,"14,710",385,"2,636",613,12.00,12.06,"14,560",151,"16,067","6,238","3,400",0.91,300,39.43
345,매커스,"14,570",하락,230,-1.55%,500,"6,903",100,"14,700","2,355",269,10.18,"136,630","14,720","14,750","4,092",2.04,18.59,"14,720",570,"2,958",202,18.25,5.76,"14,400",533,"16,163","1,996","1,431",1.15,200,13.78
346,네패스,"10,190",상승,350,+3.56%,500,"16,630",167,"10,050","2,350",34,-5.87,"156,860","10,120","10,140","7,101",-66.22,-48.21,"10,190",377,"5,029",-794,7.54,-9.49,"9,900",296,"23,059","4,643","-1,736",2.16,N/A,-0.99
347,GRT,"2,900",보합,0,0.00%,0,"21,140",61,"2,900","2,345","1,470",2.98,"261,053","2,910","2,915","16,913",86.68,12.05,"2,910",998,"7,628","1,105",79.90,6.96,"2,870",501,"80,850","8,424",974,0.26,2,9.73
348,파멥신,"2,915",보합,0,0.00%,500,0,0,0,"2,338",-77,-44.85,0,0,0,543,36.27,-15.32,0,0,66,-49,0.00,-12.16,0,0,"80,201",39,-65,4.90,N/A,"5,083.24"
349,케이티알파,"4,755",상승,10,+0.21%,"1,000","1,422",7,"4,725","2,331",246,10.47,"128,488","4,720","4,735","4,621",156.07,7.78,"4,760",16,"2,009",197,1.30,4.40,"4,720",93,"49,019","3,882",454,0.86,N/A,-1.17
350,와이즈넛,"17,760",상승,10,+0.06%,500,"35,222",616,"17,720","2,326",17,177.60,"688,577","17,680","17,750",580,-50.74,6.10,"17,780",193,66,31,0.31,5.38,"17,220",788,"13,097",349,100,3.74,71,-0.72
351,와이즈넛,"17,760",상승,10,+0.06%,500,"35,222",616,"17,720","2,326",17,177.60,"688,577","17,680","17,750",580,-50.74,6.10,"17,780",178,66,31,0.31,5.38,"17,220","1,058","13,097",349,100,3.74,71,-0.72
352,중앙첨단소재,"2,280",하락,20,-0.87%,500,"230,598",530,"2,270","2,321",-78,-3.31,"1,798,852","2,275","2,275","1,245","-13,814.06",-95.94,"2,360","1,864",278,-768,6.68,-60.25,"2,260","7,244","101,802",187,-688,2.43,0,-28.92
353,뉴파워프라즈마,"5,310",하락,20,-0.38%,100,"16,705",88,"5,320","2,320",325,11.67,"193,726","5,310","5,330","9,415",102.30,7.43,"5,340",53,"5,465",232,4.36,2.87,"5,260",932,"43,693","5,198",455,0.78,50,48.24
354,애니플러스,"4,730",상승,55,+1.18%,100,"172,087",811,"4,675","2,317",251,11.94,"966,157","4,675","4,680","2,556",9.96,15.20,"4,775","2,385","1,317",180,8.92,7.92,"4,610","2,215","48,986","1,310",396,1.80,103,-11.88
355,잉글우드랩,"11,660",상승,30,+0.26%,0,"24,988",288,"11,630","2,317",188,14.25,"287,202","11,630","11,740","1,997",-34.86,15.17,"11,720",804,558,196,10.66,10.51,"11,450",277,"19,868","1,822",818,1.60,0,17.63
356,제테마,"6,410",하락,20,-0.31%,500,"3,236",21,"6,400","2,299",41,-94.26,"127,213","6,460","6,490","2,227",56.09,-0.26,"6,460",72,"1,513",-26,0.95,-1.13,"6,390","1,193","35,859",685,-68,3.34,0,16.70
357,한국캐피탈,726,보합,0,0.00%,500,"18,521",13,725,"2,291",969,2.84,"493,194",726,726,"44,603",17.93,12.62,727,30,"37,866",811,0.40,1.94,723,757,"315,610","4,626",256,0.33,30,21.08
358,파이버프로,"6,960",상승,40,+0.58%,100,"22,325",155,"6,940","2,287",72,31.35,"240,668","6,960","6,950",499,175.42,20.26,"6,990","3,106",113,72,2.10,15.80,"6,900","2,841","32,854",329,222,6.02,66,69.93
359,피에이치에이,"10,880",하락,90,-0.82%,500,"1,810",20,"10,970","2,285",515,3.97,"51,725","10,970","10,990","10,696",6.60,8.14,"10,970",471,"2,694",619,12.46,6.03,"10,820",220,"21,000","11,529","2,739",0.26,350,1.61
360,원일티엔아이,"27,150",하락,400,-1.45%,500,"9,077",246,"27,200","2,275",64,N/A,"167,940","27,450","27,250",730,122.86,24.45,"27,450",860,369,79,0.70,11.67,"27,000",62,"8,381",422,N/A,N/A,0,0.74
361,SG,"2,290",하락,45,-1.93%,100,"45,346",104,"2,265","2,257",-61,-9.20,"890,950","2,280","2,290","2,328",54.95,-50.91,"2,300","8,958","1,461",-362,1.74,-17.22,"2,275","3,887","98,559","1,189",-249,2.10,0,46.98
362,나이스정보통신,"22,450",하락,50,-0.22%,500,"1,347",30,"22,100","2,245",399,6.30,"29,980","22,500","22,500","11,226",8.55,11.22,"22,500",334,"7,367",377,23.67,3.23,"22,000",145,"10,000","9,751","3,562",0.56,810,9.37
363,아스트,565,하락,1,-0.18%,500,"39,442",22,565,"2,233",-64,19.48,"530,858",566,566,"5,620",82.42,-10.50,569,"17,405","2,659",-171,1.34,-3.32,560,"2,405","395,158","1,714",29,0.71,0,1.72
364,제일일렉트릭,"10,040",상승,50,+0.50%,500,"27,518",275,"10,020","2,231",89,21.50,"454,019","10,020","10,030","2,193",N/A,N/A,"10,060","1,370",648,104,1.70,N/A,"9,910",694,"22,220","1,863",467,1.46,100,N/A
365,아나패스,"18,380",상승,220,+1.21%,500,"6,846",125,"18,100","2,228",200,11.56,"28,075","18,150","18,150","1,176",348.44,29.88,"18,410",201,449,189,4.27,16.47,"18,130",13,"12,123","1,822","1,590",2.92,N/A,154.96
366,우양에이치씨,"15,300",하락,250,-1.61%,500,"5,005",77,"15,560","2,226",311,16.14,"40,431","15,770","15,890","2,609",23.02,17.19,"15,770",118,878,274,0.59,10.63,"15,270",130,"14,548","1,832",948,1.20,N/A,-8.40
367,하이비젼시스템,"14,860",상승,80,+0.54%,500,"4,099",61,"14,700","2,220",310,6.87,"51,644","14,700","14,750","3,657",-47.30,15.91,"14,940",69,761,404,13.63,11.14,"14,700",78,"14,942","3,120","2,163",0.70,400,-10.41
368,인터로조,"16,790",하락,230,-1.35%,500,"18,418",311,"17,000","2,219",58,-103.01,"96,128","17,020","17,020","2,344",12.02,0.11,"17,370",130,645,2,8.92,0.07,"16,680",71,"13,216","1,158",-163,1.25,300,-2.90
369,박셀바이오,"9,530",상승,60,+0.63%,500,"3,944",37,"9,400","2,216",-150,-20.32,"71,663","9,430","9,540",769,-30.68,-13.67,"9,540",379,49,-106,4.41,-13.12,"9,410",3,"23,257",19,-469,3.09,0,"13,737.28"
370,KG모빌리언스,"5,820",하락,10,-0.17%,500,"60,878",356,"5,850","2,212",74,32.70,"1,303,667","5,860","5,860","5,385",-77.48,2.84,"5,890","1,901","1,915",82,4.23,1.54,"5,770",320,"38,011","2,661",178,0.62,220,-4.82
371,한중엔시에스,"24,400",보합,0,0.00%,500,"9,216",224,"24,450","2,210",96,11.98,"91,218","24,600","24,700","1,668",175.55,36.13,"24,800",816,864,154,2.11,10.61,"24,150",182,"9,058","1,773","2,036",2.70,N/A,45.83
372,모트렉스,"8,880",하락,50,-0.56%,500,"5,365",47,"8,800","2,208",436,12.94,"74,761","8,810","8,910","9,318",-18.01,8.22,"8,910",540,"6,600",193,3.31,2.64,"8,810",328,"24,862","5,869",686,0.91,162,10.52
373,모두투어,"11,650",상승,40,+0.34%,500,"5,747",67,"11,600","2,202",47,22.02,"116,155","11,610","11,610","2,349",-59.75,15.33,"11,700",32,"1,638",108,13.75,4.06,"11,550",689,"18,900","2,516",529,2.74,250,40.86
374,지씨지놈,"9,280",하락,20,-0.22%,500,"205,085","1,901","9,300","2,195",-12,N/A,"3,493,910","9,330","9,310",406,-870.57,-4.33,"7,150",968,"21,452",183,3.15,0.79,"6,890",777,"30,902","5,165",293,0.96,300,-12.56
375,디앤씨미디어,"17,500",상승,140,+0.81%,500,"5,764",101,"17,250","2,192",103,20.16,"79,804","17,360","17,360","1,153",194.82,13.25,"9,390","1,882",75,-13,0.12,-3.01,"9,150",74,"23,651",259,N/A,N/A,0,-5.15
376,케이프,"7,090",상승,60,+0.85%,500,"49,349",347,"7,030","2,191",390,24.20,"359,062","7,040","7,040","24,047",-4.79,7.47,"17,640",9,272,108,1.66,10.09,"17,210",26,"12,524",835,868,2.41,N/A,38.33
377,비츠로테크,"8,340",하락,140,-1.65%,500,"32,183",269,"8,430","2,185",511,26.73,"596,061","8,470","8,480","5,905",77.36,3.72,"8,470",908,"1,679",415,4.79,7.56,"8,300",611,"26,200","4,283",312,0.95,50,21.38
378,세경하이테크,"6,090",상승,90,+1.50%,500,"9,667",58,"6,050","2,184",315,7.50,"202,039","6,030","6,060","3,450",-12.96,18.47,"6,100",367,962,413,7.79,12.72,"5,990",593,"35,860","3,203",812,1.19,100,5.21
379,아이씨티케이,"16,260",하락,260,-1.57%,500,"53,042",860,"16,460","2,182",-67,-32.59,"654,101","16,350","16,470",458,N/A,N/A,"16,360",349,28,-58,0.77,N/A,"16,120","1,036","13,421",67,-499,5.27,0,N/A
380,에스오에스랩,"12,340",하락,380,-2.99%,100,"28,756",356,"12,440","2,182",-128,-15.27,"373,305","12,450","12,450",391,-54.09,-46.12,"12,450",204,71,-120,3.52,-36.84,"12,320",420,"17,682",49,-808,7.82,N/A,20.29
381,제넥신,"4,790",상승,55,+1.16%,500,"4,714",22,"4,700","2,181",-372,-2.93,"83,348","4,705","4,760","3,450",9.69,-22.82,"4,790",10,834,-637,3.90,-17.66,"4,705","1,392","45,540",29,"-1,633",0.90,N/A,-33.75
382,삼양엔씨켐,"20,050",하락,250,-1.23%,500,"69,586","1,406","20,500","2,179",107,21.68,"853,205","20,500","20,550","1,283",45.87,11.32,"20,500","2,030",446,90,5.76,6.91,"19,950","1,091","10,866","1,105",925,2.03,N/A,12.08
383,와이지-원,"6,480",보합,0,0.00%,500,"27,042",173,"6,450","2,176",558,17.95,"392,717","6,480","6,480","10,762",2.07,4.47,"6,500",305,"6,726",170,18.91,1.67,"6,360","4,007","33,574","5,750",361,0.60,160,3.94
384,티로보틱스,"11,570",하락,80,-0.69%,500,"18,070",209,"11,640","2,173",-70,-65.74,"297,684","11,640","11,650","1,070",14.71,-1.78,"11,650",703,755,-8,0.93,-0.66,"11,470",689,"18,782",607,-176,6.21,0,-9.01
385,푸른소나무,"8,790",보합,0,0.00%,500,0,0,0,"2,161",-15,-32.20,0,0,0,116,85.36,-417.81,0,0,89,-77,0.00,-72.26,0,0,"24,580",37,-273,64.24,N/A,80.83
386,풍원정밀,"10,250",상승,100,+0.99%,500,"2,980",30,"10,040","2,157",-182,-7.14,"32,673","10,050","10,130",963,16.80,-70.74,"10,260",149,689,-301,0.35,-30.26,"10,050",345,"21,040",493,"-1,436",10.03,0,14.42
387,동신건설,"25,650",상승,200,+0.79%,500,"9,836",250,"25,000","2,155",6,144.92,"54,073","25,300","25,200","1,126",-90.76,3.07,"25,850",444,139,30,1.77,2.60,"25,050",135,"8,400",690,177,2.24,250,-16.65
388,지투파워,"11,510",상승,490,+4.45%,500,"822,320","9,584","11,600","2,153",37,64.30,"81,785","9,890","9,950","6,549",25.38,4.96,"9,990","1,768",930,304,2.93,4.64,"9,890",151,"21,606","4,210","1,237",0.40,110,-3.94
389,서호전기,"41,800",상승,200,+0.48%,500,872,36,"41,600","2,153",16,14.06,"1,616,247","11,630","11,610",641,488.22,12.22,"11,910","10,863",274,42,0.00,7.03,"11,380","1,712","18,709",554,179,5.87,N/A,12.16
390,한국알콜,"9,960",상승,10,+0.10%,500,"1,374",14,"9,890","2,152",274,8.05,"55,396","41,600","41,650","1,020",-87.32,12.69,"41,900",56,126,115,5.48,11.15,"41,200",7,"5,150",465,"2,974",2.17,"2,500",-29.78
391,엑세스바이오,"5,700",하락,90,-1.55%,0,"38,847",222,"5,800","2,150",-42,-22.01,"574,643","5,800","5,810","7,409",-119.59,-0.06,"5,810",923,884,-11,4.41,-0.15,"5,670",144,"37,728","1,125",-259,0.33,N/A,-67.74
392,유비케어,"4,115",상승,15,+0.37%,500,"18,113",74,"4,080","2,148",52,187.05,"214,740","4,100","4,100","1,601",47.12,-1.55,"4,125",120,523,-16,2.23,-0.99,"4,060",410,"52,197","1,906",22,2.08,30,23.73
393,대양전기공업,"22,400",하락,400,-1.75%,500,"5,080",114,"22,750","2,143",157,9.90,"94,976","22,750","22,800","3,086",320.05,8.32,"22,750",11,633,196,5.74,6.46,"22,100",72,"9,567","1,963","2,263",0.83,100,27.17
394,비트맥스,"5,740",상승,390,+7.29%,500,"355,265","1,982","5,340","2,137",-185,-5.96,"1,881,498","5,350","5,350",285,-12.23,-134.66,"5,790",198,143,-270,2.92,-67.28,"5,220","4,481","37,231",372,-963,11.98,50,18.89
395,아톤,"8,610",상승,260,+3.11%,100,"49,700",428,"8,520","2,135",144,15.11,"988,513","8,610","8,530","1,389",26.50,12.78,"8,610","3,542",490,110,3.76,7.78,"8,610",226,"24,799",654,570,2.06,N/A,"2,005.36"
396,나인테크,"3,995",상승,25,+0.63%,100,"414,427","1,635","3,965","2,133",46,-20.92,"5,089,388","3,925","3,970","1,860",249.45,-7.26,"4,010",585,"1,019",-54,2.51,-2.41,"3,870","3,247","53,398","1,972",-191,2.50,0,60.28
397,컴투스홀딩스,"32,300",상승,"1,100",+3.53%,500,"23,597",747,"31,200","2,130",-506,-4.82,"257,981","31,400","31,350","5,420","-1,408.36",-13.72,"32,450",915,"3,305",-425,3.95,-7.47,"30,800",34,"6,595","1,493","-6,695",0.89,N/A,-2.49
398,어보브반도체,"11,930",상승,110,+0.93%,500,"38,339",459,"12,100","2,121",-51,30.67,"293,449","12,050","12,110","2,930",65.17,2.44,"12,090",877,"1,385",-181,4.62,-6.23,"11,910","2,550","17,781","2,321",389,1.70,150,-0.14
399,로체시스템즈,"13,860",하락,140,-1.00%,500,"2,377",33,"14,370","2,120",198,15.08,"247,129","14,270","14,400","1,575",65.83,10.36,"14,270",3,352,121,43.11,8.23,"13,860",665,"15,297","1,601",919,1.65,50,52.07
400,우진엔텍,"22,850",상승,50,+0.22%,500,"24,109",547,"22,500","2,118",53,45.34,"537,995","22,500","22,550",517,-9.74,13.35,"22,950","1,075",43,54,0.00,11.86,"22,250",326,"9,271",440,504,4.60,200,8.05
401,DSC인베스트먼트,"7,840",하락,120,-1.51%,500,"344,245","2,683","7,970","2,117",150,29.25,"2,744,695","7,960","7,980","1,578",-14.77,9.98,"7,960","7,567",435,106,2.89,7.09,"7,700","1,536","27,000",386,268,1.85,40,15.08
402,윤성에프앤씨,"26,500",상승,50,+0.19%,100,"3,684",98,"26,400","2,114",319,8.56,"24,074","26,500","26,500","3,009",20.55,20.70,"27,000",249,"1,036",371,1.89,11.47,"26,300",256,"7,979","2,713","3,097",1.08,200,-13.28
403,텔레칩스,"13,920",상승,70,+0.51%,500,"4,339",60,"13,860","2,108",49,-5.88,"49,413","14,010","14,050","3,779",-70.95,-17.22,"14,010",651,"1,761",-386,1.68,-10.25,"13,800",492,"15,144","1,866","-2,369",1.04,60,-2.34
404,이니텍,"10,640",상승,50,+0.47%,500,"28,682",307,"10,590","2,106",2,86.50,"459,845","10,600","10,620","1,184",106.51,2.10,"10,900",644,73,23,2.22,1.97,"10,540",74,"19,791",389,123,1.60,0,-14.83
405,압타바이오,"7,790",하락,30,-0.38%,500,"1,131",9,"7,700","2,094",-189,-6.99,"44,061","7,800","7,800",774,-15.15,-50.84,"7,840","1,158",232,-294,1.64,-34.57,"7,720",319,"26,881",34,"-1,115",4.05,N/A,937.76
406,헥토이노베이션,"15,900",하락,350,-2.15%,500,"97,169","1,563","16,270","2,087",489,7.33,"894,085","16,290","16,280","6,922",28.48,14.63,"16,340","5,248","3,624",348,9.14,5.46,"15,885","1,590","13,125","3,195","2,169",1.03,490,10.74
407,뷰웍스,"21,400",하락,150,-0.70%,500,"1,052",23,"21,300","2,086",223,13.73,"26,489","21,450","21,450","3,229",19.19,9.41,"21,450","1,205",861,211,32.77,6.85,"21,300",113,"9,750","2,229","1,559",0.84,600,1.20
408,에브리봇,"17,010",하락,20,-0.12%,500,"8,071",137,"17,080","2,086",-22,"2,126.25","156,078","17,100","17,120","1,177",N/A,N/A,"17,100",569,508,3,0.00,N/A,"16,910",100,"12,262",298,8,3.20,N/A,N/A
409,티엘비,"21,200",하락,150,-0.70%,500,"22,223",473,"21,200","2,085",34,48.51,"362,947","21,250","21,250","1,884",10.28,3.25,"21,600","1,356",763,36,3.11,1.99,"21,100","4,746","9,833","1,800",437,1.86,200,5.08
410,랩지노믹스,"2,805",하락,60,-2.09%,500,"1,310,318","3,721","2,880","2,082",-185,-10.31,"20,506,140","2,885","2,885","2,957",-167.09,-10.72,"2,900","24,963",793,-239,2.58,-7.85,"2,790","8,134","74,240",859,-272,0.99,N/A,20.85
411,디지털대성,"7,490",상승,10,+0.13%,500,418,3,"7,530","2,073",237,12.85,"37,624","7,540","7,550","3,380",-5.28,10.45,"7,540","1,209","1,769",161,2.93,5.49,"7,480",224,"27,675","2,177",583,1.62,500,2.92
412,앱클론,"10,830",하락,520,-4.58%,500,"31,233",341,"11,300","2,068",-156,-11.56,"97,288","11,270","11,380",482,-33.87,-57.57,"11,280",322,188,-163,8.56,-34.83,"10,790",990,"19,093",23,-937,8.39,24,8.42
413,멀티캠퍼스,"34,850",하락,150,-0.43%,500,675,23,"34,700","2,065",389,7.01,"12,738","35,000","35,000","3,207",-3.37,15.16,"35,000",29,997,315,7.53,9.97,"34,450",190,"5,927","3,527","4,970",0.99,0,-18.67
414,비나텍,"32,400",상승,600,+1.89%,500,"4,281",136,"31,800","2,065",-81,-16.26,"86,262","31,800","31,850","1,761",-365.73,-12.25,"32,650",142,922,-97,2.03,-6.32,"31,100",281,"6,372",596,"-1,993",2.38,"2,100",-1.63
415,폴라리스AI,"2,835",상승,10,+0.35%,500,"77,788",219,"2,820","2,061",-13,54.52,"1,451,071","2,815","2,825","1,160",-189.87,1.32,"2,840","2,279",203,11,0.90,1.05,"3,235",537,"62,638",931,94,1.69,150,131.81
416,쇼박스,"3,290",상승,30,+0.92%,500,"68,501",226,"3,235","2,061",245,35.00,"160,950","3,235","3,260","1,540",186.67,23.14,"3,320","2,442",219,274,2.88,19.17,"2,790","5,132","72,696",531,52,2.11,0,-10.71
417,LB세미콘,"3,540",상승,5,+0.14%,500,"3,648",13,"3,540","2,056",-188,-6.83,"183,893","3,530","3,565","8,060",-48.16,-9.19,"3,550",15,"4,598",-230,29.09,-2.88,"3,515",35,"58,083","4,509",-518,0.62,N/A,8.16
418,씨에스베어링,"7,520",하락,230,-2.97%,500,"47,465",355,"7,490","2,051",21,35.47,"336,716","7,450","7,500","1,480","3,596.39",2.80,"7,540",119,542,25,0.84,1.68,"7,380",98,"27,270","1,054",212,2.17,N/A,37.60
419,아미코젠,"3,725",하락,30,-0.80%,500,"17,705",66,"3,755","2,049",-71,-3.87,"290,992","3,755","3,795","2,942",-442.93,-35.39,"3,785",811,"1,711",-509,7.16,-13.37,"3,725","1,468","55,018","1,736",-963,1.75,N/A,8.57
420,오로스테크놀로지,"21,850",하락,150,-0.68%,500,"1,515",33,"22,000","2,047",61,18.80,"80,240","22,000","22,350",944,156.71,9.05,"22,250",25,262,59,1.35,7.01,"21,750",376,"9,367",614,"1,162",2.95,N/A,34.88
421,안트로젠,"20,450",하락,50,-0.24%,500,"2,370",48,"20,300","2,046",-37,-82.46,"8,717","20,350","20,350","1,161",26.09,-1.91,"20,500","1,083",59,-23,4.40,-1.73,"20,150",11,"10,006",69,-248,2.17,N/A,6.66
422,동국산업,"3,765",하락,5,-0.13%,"1,000","6,140",23,"3,770","2,042",120,-36.55,"103,812","3,780","3,820","9,428",144.20,-1.63,"3,800",503,"4,545",-296,5.37,-3.23,"3,745",304,"54,244","7,903",-103,0.51,130,4.40
423,미래반도체,"14,100",하락,90,-0.63%,100,"6,265",88,"14,200","2,036",102,25.09,"73,844","14,190","14,210","1,333",8.79,7.29,"14,290",27,474,60,0.87,4.28,"13,990",243,"14,438","4,876",562,2.26,N/A,28.15
424,디에스케이,"7,910",상승,310,+4.08%,500,"61,681",483,"7,600","2,034",-197,-20.28,"119,247","7,600","7,610","1,664",-102.94,-6.21,"7,930","1,017",329,-114,1.59,-6.77,"7,600",125,"25,710",226,-390,1.71,N/A,-68.34
425,휴마시스,"1,565",하락,15,-0.95%,100,"646,144","1,019","1,582","2,025",-106,-6.00,"5,543,567","1,590","1,583","3,319",79.83,-11.79,"1,604","46,295",828,-356,5.79,-10.47,"1,563",37,"129,375",254,-261,0.77,N/A,83.79
426,레드캡투어,"12,080",보합,0,0.00%,500,"4,016",48,"11,880","2,020",436,8.38,"60,038","11,900","11,900","6,972",12.37,9.64,"12,140",342,"4,816",202,9.44,2.81,"11,900",399,"16,721","3,589","1,442",1.05,"2,150",6.12
427,오가노이드사이언스,"30,850",상승,450,+1.48%,500,"78,936","2,436","30,000","2,020",-122,-14.46,"417,232","30,000","30,050",259,-24.91,36.26,"31,300","1,141",106,-115,1.07,-39.34,"29,950",148,"6,546",20,"-2,134",10.62,0,22.77
428,이크레더블,"16,720",상승,260,+1.58%,500,"6,046",100,"16,450","2,014",150,15.44,"25,430","16,450","16,490",594,18.68,27.34,"16,730",205,104,129,9.32,22.74,"16,450","1,508","12,044",451,"1,083",6.62,"1,590",9.70
429,국전약품,"4,020",상승,140,+3.61%,100,"269,118","1,091","3,885","2,009",4,138.62,"368,142","3,900","3,890","2,123",-94.33,1.79,"4,150","5,787","1,148",5,0.46,0.25,"3,890",855,"49,966","1,365",29,1.99,10,11.86
430,KX,"4,425",상승,5,+0.11%,500,"30,083",132,"4,365","2,006",597,2.45,"1,043,260","4,365","4,370","8,868",-3.73,27.09,"4,455",319,"4,438",975,1.95,10.14,"4,330",336,"45,336","4,038","1,804",0.56,190,0.18
431,AP위성,"13,300",상승,10,+0.08%,500,"10,450",139,"13,280","2,006",73,32.52,"93,273","13,290","13,290","1,352",-27.51,10.41,"13,350",135,299,104,0.77,7.46,"13,190","1,252","15,082",586,409,1.79,N/A,18.61
432,포바이포,"17,850",상승,110,+0.62%,500,"55,704",984,"17,740","1,994",-139,-19.72,"830,946","17,740","17,750",590,14.56,-32.55,"17,880","2,679",285,-123,0.52,-19.52,"17,480",257,"11,170",333,-905,7.32,0,-1.41
433,금화피에스시,"33,200",하락,600,-1.78%,500,"3,589",120,"33,800","1,992",362,5.51,"112,335","33,800","33,900","4,618",-16.71,11.59,"33,850",223,"1,009",400,19.83,8.98,"33,150",57,"6,000","3,402","6,021",0.55,"1,400",0.78
434,퀄리타스반도체,"14,210",하락,20,-0.14%,500,"16,701",238,"14,400","1,991",-227,-10.16,"162,137","14,450","14,450",640,-102.87,-48.62,"14,450",484,134,-191,0.09,-36.39,"14,160",332,"14,011",61,"-1,399",4.33,N/A,-43.62
435,노바텍,"18,820",하락,210,-1.10%,500,"12,065",227,"19,270","1,990",126,13.35,"201,954","19,180","19,300","1,834",-50.75,10.80,"19,180",30,125,172,2.12,9.78,"18,740","1,080","10,576",658,"1,410",1.20,850,22.86
436,드림시큐리티,"3,895",상승,30,+0.78%,100,"55,043",214,"3,895","1,971",256,16.57,"435,602","3,890","3,900","5,366",-22.94,11.91,"3,910","1,518","3,889",121,4.40,2.56,"16,200",80,"10,910","5,094","4,392",0.74,"1,409",-28.79
437,이화전기,899,보합,0,0.00%,200,0,0,0,"1,968",17,-40.86,0,0,0,"2,799",-51.38,-5.83,0,0,523,-137,0.88,-4.69,"3,830","1,138","50,606","2,688",235,1.64,N/A,15.51
438,에스텍,"18,010",상승,"2,260",+14.35%,500,"42,798",749,"16,000","1,965",440,4.10,"31,350","16,200","16,180","3,880",79.12,25.76,"18,170",408,"1,845",463,57.70,14.11,0,0,"218,949",645,-22,0.86,0,-1.07
439,파인엠텍,"5,310",보합,0,0.00%,500,"2,375",13,"5,290","1,964",-79,-8.88,"110,472","5,330","5,330","3,333",-138.90,-11.87,"5,330",383,"1,691",-158,2.34,-5.06,"5,230","3,438","36,988","3,822",-598,1.35,N/A,0.56
440,대원산업,"9,790",하락,110,-1.11%,500,"2,051",20,"9,810","1,962",750,2.21,"55,179","9,890","9,900","7,117",58.72,15.16,"9,890",216,"1,993",726,13.07,11.38,"9,780","3,213","20,038","9,315","4,430",0.37,200,19.78
441,그래디언트,"14,340",상승,30,+0.21%,"2,500",663,10,"14,330","1,961",-55,-4.29,"25,697","14,360","14,360","17,380",-289.46,-7.70,"14,480",104,"9,559",-260,3.97,-1.43,"14,330",49,"13,677","33,179","-3,341",0.37,200,-3.10
442,나무가,"13,350",보합,0,0.00%,500,"2,048",27,"13,400","1,960",209,8.32,"22,402","13,400","13,520","2,644",-7.82,16.64,"13,520","1,086",975,261,2.99,11.11,"13,260",547,"14,685","4,504","1,604",1.18,650,23.18
443,이수앱지스,"5,300",상승,40,+0.76%,500,"4,319",23,"5,300","1,960",134,8.51,"302,073","5,290","5,400","1,602",244.86,16.53,"5,300",367,594,147,3.21,8.02,"5,230","7,525","36,988",603,623,2.01,0,10.96
444,덱스터,"7,690",상승,120,+1.59%,500,"27,029",206,"7,560","1,954",-89,-16.16,"95,858","7,560","7,570","1,036","-21,406.94",-22.64,"7,720",5,547,-107,2.88,-11.33,"7,460","4,491","25,412",537,-476,4.88,N/A,-20.72
445,앱트뉴로사이언스,"1,229",보합,0,0.00%,100,"45,972",56,"1,229","1,952",-128,-22.35,"906,245","1,230","1,238","2,064",-94.80,-27.51,"1,238","1,864","1,255",-192,3.81,-12.57,"1,207","4,211","158,791",184,-55,2.16,0,-9.98
446,케이에스피,"4,855",상승,215,+4.63%,500,"163,523",781,"4,750","1,951",138,14.49,"377,089","4,750","4,775","1,055",16.66,25.99,"4,855","2,846",341,153,2.88,16.91,"4,670","1,879","40,191",853,335,2.68,15,4.46
447,아바코,"12,970",하락,160,-1.22%,500,"10,533",137,"13,120","1,934",211,9.56,"112,047","13,090","13,130","3,907",378.73,13.70,"13,090",982,"1,895",264,6.59,7.18,"12,940","1,072","14,913","3,055","1,356",0.96,500,63.51
448,티씨머티리얼즈,"5,620",상승,50,+0.90%,500,"100,440",561,"5,610","1,924",109,30.22,"1,157,283","5,600","5,610",762,25.76,12.51,"5,660",830,193,63,1.07,8.58,"5,510",643,"34,228","3,039",186,3.27,0,20.57
449,동양이엔피,"24,450",하락,50,-0.20%,500,963,24,"24,450","1,922",516,2.89,"40,816","24,500","24,500","4,885",20.16,19.25,"24,500",59,874,695,7.49,15.23,"24,150","1,816","7,860","5,484","8,455",0.46,600,2.14
450,아티스트컴퍼니,"12,320",하락,100,-0.81%,500,"14,567",179,"12,220","1,921",-31,-21.73,"133,070","12,230","12,380",526,3.95,-30.27,"12,410",607,293,-78,2.10,-13.73,"12,180",3,"15,591",213,-567,3.55,N/A,-0.03
451,지니언스,"21,100",상승,50,+0.24%,500,"52,292","1,121","22,300","1,916",98,17.20,"126,859","22,300","22,350",693,52.16,20.33,"22,350",240,125,109,27.46,16.41,"20,650",271,"9,080",496,"1,227",3.32,N/A,13.54
452,인터플렉스,"8,210",하락,40,-0.48%,500,"2,378",20,"8,270","1,915",344,3.84,"45,891","8,280","8,280","3,649",58.79,21.95,"8,280",143,831,551,2.92,16.55,"8,180",792,"23,327","4,975","2,140",0.66,800,-18.74
453,KZ정밀,"12,140",상승,60,+0.50%,500,32,0,"12,090","1,912",152,14.57,"12,173","12,090","12,240","6,044",-26.95,4.69,"12,240",103,"1,221",192,5.75,3.84,"12,090",115,"15,750","1,127",833,0.48,150,-10.74
454,성우,"12,650",하락,70,-0.55%,500,"15,545",198,"12,670","1,903",146,9.08,"137,598","12,710","12,690","2,549",-49.40,10.71,"12,870",224,321,182,1.37,8.71,"12,640",95,"15,046","1,309","1,393",0.87,250,15.65
455,탑머티리얼,"23,350",상승,50,+0.21%,500,"2,651",62,"23,750","1,902",-72,-17.26,"21,978","23,750","23,950","2,074",-152.29,-5.50,"24,100",42,663,-82,0.00,-3.97,"23,250",129,"8,144","1,061","-1,353",1.34,0,-13.19
456,덕산하이메탈,"4,180",보합,0,0.00%,200,"2,986",13,"4,165","1,899",186,15.26,"124,737","4,180","4,180","8,185",269.97,6.76,"4,230",85,"3,636",313,2.32,3.99,"4,165",860,"45,437","2,359",274,0.61,N/A,63.30
457,아가방컴퍼니,"5,760",하락,20,-0.35%,500,"31,517",180,"5,730","1,894",152,17.51,"340,092","5,740","5,750","2,238",-8.27,6.64,"5,760","2,410",562,102,2.70,4.57,"5,600","1,688","32,888","1,827",329,0.95,N/A,-1.97
458,에이스테크,"2,495",상승,10,+0.40%,500,"24,912",62,"2,515","1,884",-311,-2.74,"221,515","2,500","2,520","3,049",49.99,-67.32,"2,550","2,786","2,093",-408,0.00,-14.44,"2,465","1,317","75,506","1,451",-909,1.93,0,3.59
459,KT나스미디어,"16,250",상승,90,+0.56%,500,970,16,"16,170","1,880",199,-28.71,"37,299","16,170","16,180","4,927",-2.81,-3.13,"16,320",312,"2,533",-46,5.95,-0.92,"16,110",29,"11,568","1,426",-566,0.94,700,-2.87
460,유니셈,"6,120",하락,10,-0.16%,500,"8,965",55,"6,120","1,877",100,13.75,"204,648","6,120","6,160","2,631",-42.64,7.02,"6,190",205,348,155,7.67,6.12,"6,060",325,"30,664","2,182",445,0.78,80,-6.01
461,현대사료,994,보합,0,0.00%,100,0,0,0,"1,873",27,4.38,0,0,0,"1,170",-56.45,340.50,0,0,281,284,2.38,25.24,0,0,"188,472","1,285",227,2.24,N/A,-20.01
462,강원에너지,"7,150",하락,70,-0.97%,500,"1,780",13,"7,170","1,868",68,74.48,"49,750","7,170","7,220","1,639",-2.25,2.60,"7,230",107,920,-6,1.74,-0.35,"7,130",17,"26,123","2,244",96,4.56,N/A,61.21
463,디와이피엔에프,"17,290",상승,80,+0.46%,500,"2,117",37,"17,080","1,852",246,7.39,"44,567","17,210","17,210","3,208",195.44,15.14,"17,330",237,"1,926",182,4.48,5.94,"17,100",120,"10,714","2,810","2,339",1.21,N/A,95.08
464,BGF에코머티리얼즈,"2,950",상승,10,+0.34%,500,"1,826",5,"2,940","1,852",140,13.23,"75,890","2,940","2,945","7,152",-18.51,4.00,"2,950",4,"2,213",155,1.05,2.41,"2,935",401,"62,767","3,643",223,0.45,50,27.54
465,모다이노칩,"2,320",상승,20,+0.87%,500,"1,550",4,"2,295","1,850",386,23.92,"25,231","2,280","2,300","9,681",137.95,3.47,"2,320",3,"5,865",127,0.16,1.30,"2,265",487,"79,722","3,889",97,0.51,N/A,-0.28
466,사피엔반도체,"22,450",하락,250,-1.10%,100,"1,839",41,"22,700","1,844",-34,-74.83,"134,842","22,700","22,800",312,50.22,-125.23,"22,700",14,148,-171,4.25,-64.70,"22,200",7,"8,213",80,-300,11.97,0,148.96
467,경동제약,"5,980",상승,20,+0.34%,500,857,5,"5,960","1,840",26,31.64,"12,220","5,960","5,970","3,029",110.51,2.44,"5,990",23,825,54,1.68,1.83,"5,930","1,632","30,769","1,939",189,0.75,300,19.22
468,HB테크놀러지,"1,965",하락,23,-1.16%,500,"228,799",448,"1,980","1,822",-165,-2.42,"5,943,194","1,980","1,981","3,488",25.16,-18.17,"1,981",300,921,-516,0.46,-13.70,"1,942",388,"92,716","1,624",-811,0.69,500,-5.75
469,더네이쳐홀딩스,"12,230",상승,210,+1.75%,500,"3,545",43,"11,970","1,816",301,9.33,"32,637","12,000","11,990","6,983",-55.05,4.91,"12,230",4,"2,987",190,8.50,2.84,"11,950",129,"14,848","5,169","1,311",0.50,20,45.43
470,아티스트스튜디오,"18,140",상승,20,+0.11%,500,"13,672",247,"17,910","1,813",-73,-12.17,"122,669","18,010","18,040",593,5.99,-31.73,"18,200",141,51,-150,0.62,-27.16,"17,860","2,694","9,996",273,"-1,491",3.37,N/A,-34.77
471,사람인,"15,460",상승,130,+0.85%,500,937,14,"15,150","1,810",213,18.25,"36,056","15,330","15,330","2,097",-15.84,7.12,"15,650",470,297,123,22.50,5.94,"15,160",45,"11,709","1,284",847,0.94,500,-2.41
472,에스피소프트,"7,300",보합,0,0.00%,100,"6,025",44,"7,260","1,806",38,46.50,"148,850","7,260","7,270",768,N/A,N/A,"7,300",628,142,3,2.19,N/A,"7,180","1,176","24,741",451,157,2.77,0,N/A
473,대한약품,"29,950",상승,100,+0.34%,500,"1,875",56,"29,750","1,797",381,5.42,"21,122","29,850","29,800","3,244",6.38,12.89,"30,000",321,484,338,16.92,10.91,"29,650",120,"6,000","2,042","5,523",0.63,900,4.23
474,와이솔,"6,480",상승,60,+0.93%,500,"2,184",14,"6,410","1,793",5,-57.86,"78,067","6,410","6,420","4,143",-96.58,3.12,"6,480",310,524,110,5.84,2.71,"6,410",409,"27,672","3,750",-112,0.53,500,1.42
475,넥써쓰,"3,050",상승,45,+1.50%,500,"60,589",182,"3,015","1,791",-89,-42.36,"1,319,468","3,005","3,020",338,44.70,-29.78,"3,060","7,766",80,-82,1.22,-22.40,"2,975","1,425","58,718",76,-72,5.57,0,38.29
476,하나기술,"22,300",상승,750,+3.48%,500,"7,134",155,"21,500","1,783",-264,-11.98,"95,505","21,550","21,550","2,400",-318.01,-14.73,"22,500",272,"1,421",-155,2.05,-6.58,"21,250",717,"7,995",942,"-1,861",1.86,0,-21.45
477,일진파워,"11,820",보합,0,0.00%,500,0,0,0,"1,782",103,97.69,0,0,0,"2,705",-21.70,7.94,0,0,"1,333",99,1.43,4.27,0,0,"15,079","1,931",121,1.36,330,1.19
478,이엠텍,"10,400",상승,10,+0.10%,500,"3,461",36,"10,350","1,782",-305,-3.71,"120,873","10,290","10,390","3,462",-109.01,-19.74,"10,470",721,"1,398",-447,5.84,-11.84,"10,290",286,"17,133","1,676","-2,801",0.85,N/A,-36.39
479,에스와이,"3,640",상승,10,+0.28%,500,"18,736",68,"3,635","1,780",219,-101.11,"227,651","3,635","3,640","4,334",61.79,2.02,"3,640",811,"2,375",63,1.05,1.47,"3,600","4,424","48,907","5,610",-36,0.94,N/A,1.33
480,HB솔루션,"2,425",하락,5,-0.21%,500,"11,594",28,"2,430","1,774",193,-4.46,"271,992","2,430","2,450","2,933",185.95,-9.21,"2,450",17,724,-208,3.03,-7.02,"2,410","1,116","73,141","1,315",-544,0.80,30,36.77
481,인피니트헬스케어,"7,270",상승,40,+0.55%,500,"11,615",83,"7,270","1,774",139,5.34,"180,421","7,300","7,300","2,324",109.54,28.16,"7,300",13,516,446,3.74,21.92,"7,120",376,"24,396","1,016","1,361",1.00,N/A,14.80
482,젝시믹스,"5,910",하락,30,-0.51%,500,"1,620",10,"5,960","1,766",249,9.23,"98,234","5,940","6,150","1,727",36.85,20.72,"5,960","1,043",582,209,3.46,13.69,"5,890","1,990","29,882","2,716",640,1.61,180,16.78
483,삼지전자,"10,800",하락,70,-0.64%,500,"3,550",38,"10,870","1,762","1,156",2.70,"86,014","10,870","10,950","12,019",47.57,16.21,"10,920","1,316","5,617",941,5.83,8.49,"10,770",6,"16,319","33,597","4,004",0.39,450,32.99
484,슈피겐코리아,"28,350",하락,350,-1.22%,500,207,6,"28,100","1,762",217,6.24,"8,161","28,450","28,600","5,690",-38.42,5.89,"28,600",200,509,279,8.56,5.14,"28,200",83,"6,216","4,653","4,540",0.33,462,4.00
485,녹십자웰빙,"9,910",하락,70,-0.70%,500,"5,213",52,"9,910","1,759",130,16.09,"63,419","9,910","10,010","1,615",N/A,N/A,"10,000",471,566,71,4.30,N/A,"9,830",203,"17,752","1,338",616,1.63,120,N/A
486,유비쿼스홀딩스,"9,960",보합,0,0.00%,500,252,3,"9,860","1,753",143,25.67,"16,059","9,960","9,960","3,877",-55.99,3.64,"9,980",98,311,214,3.53,5.50,"9,860",6,"17,605","1,256",388,0.66,130,-26.78
487,블루엠텍,"5,230",하락,30,-0.57%,100,"67,937",352,"5,090","1,753",-69,-37.90,"349,622","5,180","5,180","1,157",N/A,N/A,"5,230","4,214",685,-48,1.90,N/A,"5,160","4,656","33,511","1,333",-138,3.85,0,N/A
488,알서포트,"3,280",상승,5,+0.15%,100,"31,669",103,"3,260","1,747",37,84.10,"235,525","3,260","3,265","1,205",-53.60,3.23,"3,285","2,723",246,31,20.02,2.75,"3,255",24,"53,267",475,39,1.78,10,-5.72
489,파워로직스,"4,760",하락,35,-0.73%,500,"17,852",85,"4,730","1,743",24,39.67,"166,731","4,730","4,770","4,161",-84.46,5.32,"4,770","2,704","1,981",100,0.82,2.49,"4,725",770,"36,611","7,334",120,0.82,N/A,-5.14
490,에스와이스틸텍,"5,670",하락,130,-2.24%,500,"57,303",325,"5,710","1,736",81,37.30,"744,310","5,710","5,720",800,-44.49,12.65,"5,710","4,221",299,61,2.57,7.62,"5,620","2,819","30,610","1,170",152,3.53,50,-2.32
491,서울옥션,"9,760",상승,160,+1.67%,500,"44,023",427,"9,600","1,735",-34,-13.65,"672,034","9,610","9,650","2,125",4.44,-8.44,"9,790",163,"1,049",-95,1.44,-4.63,"9,590",375,"17,774",206,-715,1.58,N/A,-54.19
492,엠에스씨,"9,840",보합,0,0.00%,500,"11,810",116,"9,820","1,732",275,7.18,"352,852","9,750","9,830","2,595",16.10,13.61,"9,920",166,899,218,5.76,9.01,"9,630",66,"17,600","1,898","1,371",1.00,110,0.38
493,자이언트스텝,"7,750",상승,150,+1.97%,500,"44,017",336,"7,560","1,729",-173,-6.41,"121,267","7,570","7,570",917,33.64,-33.10,"7,790",207,216,-283,2.69,-25.85,"7,490",766,"22,312",501,"-1,209",2.64,N/A,18.39
494,엔케이맥스,"2,020",보합,0,0.00%,500,0,0,0,"1,727",-51,-5.40,0,0,0,232,92.46,219.63,0,0,464,-355,4.73,-91.48,0,0,"85,519",88,-374,-7.32,N/A,-18.29
495,한라IMS,"10,050",상승,50,+0.50%,500,"6,960",70,"10,000","1,720",160,11.37,"103,811","10,000","10,060","2,083",197.53,8.22,"10,060",245,366,137,4.97,6.38,"9,820","1,801","17,110","1,042",884,0.96,300,32.04
496,마음AI,"24,300",상승,400,+1.67%,500,"45,615","1,097","23,900","1,707",-71,-13.88,"330,573","23,900","23,950",497,-84.58,-51.91,"24,500",631,364,-87,2.07,-16.49,"15,480",126,"10,907",813,274,2.39,50,-2.36
497,한국파마,"15,650",상승,190,+1.23%,500,"1,818",28,"15,470","1,707",61,57.12,"33,348","15,610","15,610","1,124",-2.92,5.42,"15,690",708,409,38,0.87,3.25,"23,450",32,"7,025",78,"-1,751",7.97,0,-23.96
498,마크로젠,"15,700",상승,50,+0.32%,500,570,9,"15,680","1,702",-65,-22.18,"9,229","15,840","15,860","3,297","-1,427.80",-4.75,"15,840",14,"1,522",-78,1.94,-2.65,"15,650",138,"10,841","1,358",-708,1.09,300,2.24
499,지어소프트,"10,970",하락,130,-1.17%,500,"6,997",77,"11,100","1,698",291,8.93,"127,961","11,100","11,110","3,048",91.31,12.90,"11,130",328,881,280,9.90,9.32,"10,900",6,"15,474","5,472","1,228",1.08,N/A,7.52
500,마이크로디지탈,"9,420",하락,80,-0.84%,500,"1,822",17,"9,410","1,697",3,-196.25,"113,632","9,570","9,570",542,-68.20,2.38,"9,570",200,251,4,1.59,1.07,"9,390",915,"18,015",115,-48,5.02,0,6.40
