N,종목명,현재가,전일비변동,전일비,등락률,액면가,거래량,거래대금,매수호가,시가총액,영업이익,PER,전일거래량,시가,매도호가,자산총계,영업이익증가율,ROE,고가,매수총잔량,부채총계,당기순이익,외국인비율,ROA,저가,매도총잔량,상장주식수,매출액,주당순이익,PBR,보통주배당금,매출액증가율
1,삼성전자,"62,200",하락,400,-0.64%,100,"8,402,622","522,050","62,200","3,682,015","327,260",12.05,"19,140,650","62,300","62,300","5,145,319",398.34,9.03,"62,600","1,589,204","1,123,399","344,514",49.78,7.10,"61,800","869,302","5,919,638","3,008,709","5,162",1.05,"1,446",16.20
2,SK하이닉스,"299,500",상승,"5,000",+1.70%,"5,000","1,957,587","585,041","299,500","2,180,367","234,673",8.39,"3,732,533","292,500","300,000","1,198,552",403.58,31.06,"302,500","73,214","459,395","197,969",55.46,17.98,"292,500","210,387","728,002","661,930","35,682",2.54,"2,204",102.02
3,삼성바이오로직스,"1,045,000",하락,"12,000",-1.14%,"2,500","31,861","33,303","1,047,000","743,768","13,201",58.13,"324,342","1,054,000","1,048,000","173,363",18.53,10.45,"1,059,000","2,021","64,316","10,833",13.07,6.49,"1,037,000",863,"71,174","45,473","17,977",6.59,0,23.08
4,LG에너지솔루션,"315,500",하락,"6,000",-1.87%,500,"137,816","43,515","314,500","738,270","5,754",-63.43,"390,914","321,000","315,000","603,068",-73.40,-4.93,"321,000","19,040","293,402","3,386",4.19,0.64,"313,500","5,020","234,000","256,196","-4,974",3.49,N/A,-24.08
5,KB금융,"118,700",상승,"1,400",+1.19%,"5,000","495,269","58,653","118,500","452,796","80,453",8.23,"981,697","118,000","118,600","7,578,455",26.00,8.86,"119,200","13,764","6,980,304","50,286",77.88,0.68,"117,500","30,210","381,462","850,764","14,416",0.75,"3,174",9.77
6,현대차,"215,250",상승,"7,250",+3.49%,"5,000","663,970","141,720","215,000","440,741","142,396",4.69,"592,335","208,500","215,500","3,397,984",-5.87,12.43,"216,000","25,222","2,195,225","132,299",36.14,4.25,"208,000","149,615","204,758","1,752,312","45,880",0.51,"12,000",7.73
7,삼성전자우,"52,000",하락,200,-0.38%,100,"592,008","30,737","52,000","424,307",N/A,10.07,"1,428,323","52,100","52,100",N/A,N/A,N/A,"52,200","110,532",N/A,N/A,73.98,N/A,"51,700","105,848","815,975",N/A,"5,162",0.88,N/A,N/A
8,기아,"102,500",상승,"1,700",+1.69%,"5,000","667,492","67,804","102,500","407,614","126,671",4.37,"1,087,429","100,200","102,600","927,559",9.13,19.09,"103,100","9,523","369,156","97,750",39.32,11.28,"99,600","92,724","397,673","1,074,488","23,440",0.72,"6,500",7.66
9,NAVER,"247,000",하락,"6,000",-2.37%,100,"876,791","217,521","247,000","391,339","19,793",21.57,"1,249,355","252,000","247,500","381,679",32.94,7.90,"252,500","69,321","111,670","19,320",45.02,5.23,"244,000","35,220","158,437","107,377","11,452",1.39,"1,130",11.03
10,셀트리온,"175,800",하락,"2,800",-1.57%,"1,000","221,232","38,936","175,800","391,025","4,920",81.35,"371,533","177,400","175,900","210,552",-24.48,2.46,"178,900","6,485","34,752","4,189",21.50,2.04,"174,700","4,922","222,426","35,573","2,161",2.27,735,63.45
11,두산에너빌리티,"59,800",하락,700,-1.16%,"5,000","5,889,255","356,079","59,300","383,056","10,176",-376.10,"7,581,825","60,800","59,400","263,148",-30.65,1.52,"63,000","346,193","146,537","3,947",23.79,1.55,"59,000","137,341","640,561","162,331",-159,5.04,N/A,-7.71
12,한화에어로스페이스,"795,000",하락,"11,000",-1.36%,"5,000","107,895","86,438","793,000","376,005","17,319",16.08,"255,773","808,000","794,000","433,369",191.41,53.94,"819,000","9,535","319,726","25,399",44.46,8.08,"791,000","3,050","47,296","112,401","49,447",9.20,"3,500",42.47
13,신한지주,"71,700",상승,"2,400",+3.46%,"5,000","939,260","66,497","71,700","348,100","64,587",7.87,"1,522,382","69,200","71,800","7,397,643",5.87,8.11,"72,200","14,727","6,809,432","45,582",60.05,0.64,"69,200","27,619","485,495","419,028","9,108",0.62,"2,160",6.26
14,HD현대중공업,"383,000",하락,"5,000",-1.29%,"5,000","65,804","25,409","384,000","340,001","7,052",38.77,"191,657","384,000","384,500","193,909",294.77,11.39,"392,500","6,595","136,865","6,215",10.99,3.40,"381,500","2,753","88,773","144,865","9,880",5.86,"2,090",21.08
15,삼성물산,"181,300",상승,"9,000",+5.22%,100,"760,887","138,765","181,400","308,167","29,834",14.48,"673,078","172,300","181,500","619,904",3.95,6.83,"186,600","3,051","247,319","27,720",27.13,4.33,"172,300","4,564","169,977","421,032","12,523",0.93,"2,600",0.50
16,현대모비스,"311,500",상승,"5,000",+1.63%,"5,000","99,667","31,070","311,500","285,942","30,735",6.86,"186,798","304,500","312,000","665,969",33.90,9.35,"316,000","2,412","204,787","40,602",43.26,6.49,"304,500","17,697","91,795","572,370","45,380",0.60,"6,000",-3.41
17,삼성생명,"141,500",상승,"9,900",+7.52%,500,"630,599","89,514","141,300","283,000","24,998",13.35,"164,677","131,500","141,500","3,122,188",4.23,6.18,"146,800","2,300","2,794,809","22,603",21.74,0.72,"131,500","2,414","200,000","337,860","10,600",0.86,"4,500",9.21
18,하나금융지주,"95,500",상승,"2,300",+2.47%,"5,000","593,289","56,139","95,400","271,911","48,552",7.21,"1,204,820","93,300","95,500","6,378,475",3.45,9.11,"95,900","27,097","5,942,706","37,685",67.76,0.61,"93,200","22,334","284,724","816,143","13,252",0.61,"3,600",17.10
19,POSCO홀딩스,"322,500",상승,"1,500",+0.47%,"5,000","228,903","73,025","322,000","261,009","21,736",31.35,"638,710","323,000","322,500","1,034,042",-38.45,2.00,"323,000","7,472","419,538","9,476",30.16,0.93,"314,500","18,205","80,933","726,881","10,286",0.44,"10,000",-5.76
20,HMM,"25,300",하락,150,-0.59%,"5,000","987,890","24,962","25,350","259,335","35,128",4.99,"3,099,390","25,500","25,400","338,486",500.72,15.35,"25,600","178,059","59,930","37,821",7.02,12.70,"25,000","110,003","1,025,039","117,002","5,073",0.80,600,39.27
21,카카오,"57,400",하락,"2,600",-4.33%,100,"2,529,258","146,077","57,300","253,716","4,602",165.90,"2,465,478","59,500","57,400","257,730",-0.14,0.56,"59,600","192,008","118,301","-1,619",27.68,-0.64,"56,500","76,580","442,014","78,717",346,2.43,68,4.16
22,삼성화재,"521,000",상승,"48,000",+10.15%,500,"100,062","51,205","519,000","239,718","26,496",13.30,"109,234","476,000","520,000","872,695",12.40,13.11,"526,000","1,640","716,673","20,768",55.95,2.41,"476,000","3,406","46,011","226,570","39,171",1.43,"19,000",8.80
23,SK스퀘어,"178,000",상승,"4,000",+2.30%,100,"197,096","35,258","178,400","235,923","39,126",4.80,"3,230,160","175,100","178,500","219,211",267.23,21.70,"181,300",960,"23,356","36,505",53.15,18.30,"175,100","4,580","132,541","61,385","37,069",1.14,0,169.41
24,한국전력,"36,550",하락,450,-1.22%,"5,000","1,949,278","70,835","36,500","234,638","83,647",4.46,"2,499,008","36,500","36,550","2,468,078",284.18,9.22,"36,800","55,598","2,054,450","36,220",19.30,1.49,"35,800","128,791","641,964","933,989","8,191",0.56,213,5.87
25,한화오션,"76,300",하락,"1,200",-1.55%,"5,000","753,620","57,924","76,100","233,793","2,379",33.75,"1,242,558","76,800","76,200","178,438",221.06,11.52,"78,500","55,596","129,805","5,282",12.09,3.32,"75,800","15,977","306,413","107,760","2,261",4.59,N/A,45.46
26,HD한국조선해양,"323,000",상승,"2,000",+0.62%,"5,000","99,879","32,224","323,000","228,597","14,341",15.46,"276,642","317,000","323,500","367,191",408.07,11.16,"327,000","3,365","225,633","14,546",32.79,4.22,"317,000","5,176","70,773","255,386","20,895",2.01,"5,100",19.92
27,메리츠금융지주,"120,000",상승,"1,700",+1.44%,500,"159,716","19,111","119,800","216,017","31,889",9.82,"241,375","118,000","119,900","1,155,782",8.71,23.44,"120,100","6,888","1,046,482","23,334",15.87,2.14,"117,900","12,618","180,014","465,745","12,216",2.19,"1,350",-20.47
28,현대로템,"190,100",상승,"5,300",+2.87%,"5,000","727,184","138,660","189,900","207,479","4,566",40.76,"1,160,036","187,000","190,000","52,854",117.36,21.85,"193,200","4,282","32,763","4,053",31.08,7.70,"187,000","4,197","109,142","43,766","4,664",9.49,200,22.00
29,우리금융지주,"26,650",상승,800,+3.09%,"5,000","1,660,593","43,690","26,550","197,901","42,552",6.87,"2,567,076","25,900","26,600","5,257,533",21.61,9.39,"26,650","93,110","4,898,581","31,715",46.72,0.62,"25,800","146,327","742,592","466,167","3,877",0.59,"1,200",11.03
30,LG화학,"274,500",상승,"2,500",+0.92%,"5,000","125,627","34,343","272,500","193,776","9,168",-22.98,"359,580","272,500","273,000","938,578",-63.75,-2.11,"277,500","6,200","458,623","5,150",31.13,0.60,"269,500","11,598","70,592","489,161","-11,946",0.65,"1,000",-11.46
31,SK이노베이션,"115,900",하락,200,-0.17%,"5,000","123,161","14,310","115,700","175,049","3,155",-5.73,"502,833","116,500","115,800","1,105,301",-83.43,-9.65,"117,100","8,807","708,812","-23,725",13.71,-2.48,"115,500","4,953","151,035","747,170","-20,236",0.72,"2,000",-3.33
32,KT&G,"141,300",상승,"4,900",+3.59%,"5,000","246,182","34,948","141,600","172,474","11,888",15.91,"257,589","137,600","141,700","139,252",1.84,12.66,"144,000","2,333","45,668","11,650",43.21,8.73,"137,500","1,123","122,062","59,088","8,881",1.68,"5,400",0.79
33,기업은행,"21,600",상승,600,+2.86%,"5,000","1,256,084","27,020","21,550","172,244","35,941",6.45,"1,575,768","21,400","21,600","4,722,198",4.71,8.06,"21,800","193,085","4,379,887","26,543",14.14,0.58,"21,200","128,997","797,426","324,300","3,351",0.51,"1,065",13.30
34,고려아연,"847,000",하락,"7,000",-0.82%,"5,000","6,802","5,747","845,000","169,597","7,235",71.18,"10,727","847,000","846,000","147,923",9.63,2.28,"856,000",484,"71,969","1,948",12.27,1.45,"837,000",496,"20,023","120,529","11,900",2.08,"17,500",24.20
35,크래프톤,"345,500",하락,"8,000",-2.26%,100,"67,787","23,491","345,500","163,735","11,825",12.48,"105,967","352,000","346,000","79,195",53.96,21.10,"352,500","7,689","10,903","13,026",43.29,18.14,"343,500","4,007","47,391","27,098","27,686",2.18,0,41.83
36,SK,"225,500",상승,"6,000",+2.73%,200,"177,680","40,270","226,000","163,494","23,553",18.36,"329,185","220,000","226,500","2,149,778",-50.46,-5.64,"231,000","8,896","1,346,902","5,288",24.30,0.25,"219,500","25,313","72,503","1,246,904","12,281",0.46,"7,000",-3.19
37,HD현대일렉트릭,"444,500",상승,"2,000",+0.45%,"5,000","115,160","51,206","443,500","160,230","6,690",28.53,"209,099","435,000","444,500","37,955",112.23,39.34,"454,500","2,392","22,880","4,984",34.79,14.87,"434,500","1,670","36,047","33,223","15,581",10.64,"5,350",22.92
38,삼성중공업,"17,290",하락,250,-1.43%,"1,000","2,408,777","41,688","17,250","152,152","5,027",104.16,"4,543,162","17,250","17,260","171,946",115.43,1.77,"17,510","95,334","134,452",539,31.80,0.33,"17,090","24,770","880,000","99,031",166,3.83,N/A,23.64
39,카카오뱅크,"30,750",하락,600,-1.91%,"5,000","895,494","27,430","30,800","146,674","6,069",31.44,"4,474,171","30,850","30,850","628,053",26.83,6.95,"31,050","24,648","562,652","4,401",16.70,0.75,"30,150","38,157","476,989","29,456",978,2.25,360,18.11
40,KT,"57,900",하락,200,-0.34%,"5,000","237,275","13,739","57,900","145,921","8,095",23.06,"425,135","57,800","58,000","418,800",-50.93,2.85,"58,400","32,368","238,834","4,171",49.00,0.99,"57,500","38,289","252,022","264,312","2,511",0.86,"2,000",0.21
41,삼성SDI,"180,300",상승,900,+0.50%,"5,000","278,020","49,730","180,500","145,296","3,633",123.41,"1,066,739","180,200","180,600","405,973",-76.49,3.13,"180,800","4,518","190,301","5,755",28.07,1.54,"176,700","9,386","80,586","165,922","1,461",0.63,973,-22.60
42,삼성에스디에스,"183,900",하락,100,-0.05%,500,"267,157","49,240","183,900","142,298","9,111",18.78,"683,189","180,800","184,000","132,383",12.73,8.42,"187,200","2,463","35,329","7,895",18.52,6.18,"178,700",768,"77,378","138,282","9,791",1.52,"2,900",4.15
43,LG,"82,700",상승,200,+0.24%,"5,000","175,313","14,574","82,600","130,047","9,668",16.37,"199,411","81,700","82,700","316,393",-39.16,2.16,"84,400","4,083","35,066","7,905",34.84,2.55,"81,600","3,223","157,251","71,755","5,053",0.46,"3,100",-3.62
44,LIG넥스원,"587,000",상승,"17,000",+2.98%,"5,000","88,810","52,452","586,000","129,140","2,298",52.63,"166,692","576,000","587,000","61,253",23.29,19.59,"599,000","2,125","48,878","2,166",31.90,4.36,"575,000","3,473","22,000","32,763","11,153",10.30,"2,400",41.92
45,LG전자,"77,300",상승,"2,000",+2.66%,"5,000","1,605,682","126,175","77,200","126,500","34,197",20.21,"332,192","75,800","77,300","656,296",-6.40,1.81,"80,900","32,505","404,179","5,914",29.53,0.94,"75,700","45,879","163,648","877,282","3,825",0.63,"1,000",6.64
46,미래에셋증권,"21,900",하락,50,-0.23%,"5,000","1,708,437","36,947","21,950","124,899","11,881",16.06,"2,661,436","21,550","22,000","1,371,770",128.02,7.94,"22,000","65,128","1,249,133","9,255",12.28,0.69,"21,350","82,814","570,316","222,342","1,364",1.05,250,9.22
47,SK텔레콤,"56,700",상승,"1,000",+1.80%,100,"453,471","25,583","56,700","121,786","18,234",9.65,"786,726","55,600","56,800","305,153",4.00,10.83,"56,900","38,051","186,876","13,871",39.73,4.58,"55,600","70,745","214,790","179,406","5,874",1.02,"3,540",1.89
48,하이브,"272,000",상승,"1,000",+0.37%,500,"96,213","26,085","272,000","113,294","1,840",216.56,"319,274","271,000","272,500","54,792",-37.75,0.31,"273,000","15,693","19,654",-34,20.15,-0.06,"267,500","15,558","41,652","22,556","1,256",3.45,200,3.56
49,현대글로비스,"148,700",상승,"7,400",+5.24%,500,"169,752","25,005","148,200","111,525","17,529",9.39,"124,023","140,600","148,300","168,491",12.80,13.24,"149,500","1,023","80,398","10,995",49.71,6.96,"140,600","3,868","75,000","284,074","15,834",1.25,"3,700",10.61
50,삼양식품,"1,456,000",하락,"14,000",-0.95%,"5,000","20,546","30,348","1,457,000","109,681","3,446",36.01,"49,741","1,464,000","1,458,000","15,948",133.58,39.37,"1,496,000",770,"7,667","2,713",20.39,19.62,"1,455,000",274,"7,533","17,280","40,436",12.02,"3,300",44.86
51,HD현대,"138,200",상승,"2,000",+1.47%,"1,000","179,262","24,810","139,000","109,168","29,832",20.79,"183,786","134,700","139,100","738,667",46.84,6.36,"140,200",727,"474,816","19,302",23.36,2.72,"134,200","10,808","78,993","677,656","6,647",1.06,"3,600",10.49
52,포스코퓨처엠,"137,600",하락,"1,400",-1.01%,500,"267,914","36,861","137,000","106,589",7,-49.25,"980,908","142,000","137,100","79,325",-97.99,-7.98,"142,200","2,095","46,120","-2,313",10.21,-3.24,"135,300","2,119","77,463","36,999","-2,794",3.54,0,-22.27
53,DB손해보험,"147,100",상승,"8,300",+5.98%,500,"209,923","30,364","147,100","104,147","24,249",6.12,"335,449","138,600","147,200","665,061",8.50,18.98,"147,600",596,"571,149","18,532",45.54,2.93,"138,600","1,200","70,800","218,350","24,043",1.10,"6,800",10.49
54,삼성전기,"136,800",하락,300,-0.22%,"5,000","120,292","16,436","136,600","102,181","7,350",16.86,"322,790","136,700","136,700","127,924",11.27,8.16,"137,300","11,980","37,765","7,032",32.95,5.75,"136,100","7,104","74,694","102,941","8,115",1.17,"1,800",15.76
55,한화시스템,"53,100",하락,"1,100",-2.03%,"5,000","582,238","31,224","52,900","100,316","2,193",22.78,"874,792","54,300","53,000","57,240",78.95,19.63,"55,100","64,712","33,076","4,454",7.61,8.73,"52,500","23,889","188,919","28,037","2,331",2.96,350,14.32
56,대한항공,"26,250",상승,"1,400",+5.63%,"5,000","5,949,261","155,513","26,150","96,658","21,102",7.36,"2,990,016","24,650","26,200","470,121",17.88,13.17,"26,750","181,310","360,489","13,819",16.62,3.57,"24,600","275,952","368,221","178,707","3,567",0.92,750,10.92
57,카카오페이,"71,100",하락,"8,500",-10.68%,500,"2,477,474","181,503","71,300","95,769",-575,"-2,293.55","2,391,994","77,800","71,400","44,147",-1.59,-0.73,"77,800","69,300","25,039",-215,37.00,-0.51,"70,700","25,983","134,697","7,662",-31,5.11,0,24.52
58,두산,"563,000",상승,"4,000",+0.72%,"5,000","82,611","46,667","561,000","93,029","10,038",-58.10,"281,679","560,000","562,000","301,431",-30.11,-14.57,"577,000","3,303","182,536","3,022",14.62,1.03,"556,000","1,554","16,524","181,329","-9,690",6.71,"2,000",-5.21
59,효성중공업,"991,000",상승,"13,000",+1.33%,"5,000","35,137","34,472","988,000","92,406","3,625",30.48,"42,974","969,000","989,000","62,188",40.59,14.90,"995,000",625,"41,632","2,229",22.65,4.06,"959,000","1,187","9,325","48,950","32,509",4.70,"5,000",13.82
60,포스코인터내셔널,"52,200",상승,700,+1.36%,"5,000","197,475","10,196","51,600","91,832","11,169",17.07,"361,821","51,500","51,700","173,363",-3.97,8.14,"52,200","23,396","99,869","5,034",6.25,2.97,"51,200","41,180","175,923","323,408","3,058",1.38,"1,550",-2.39
61,한국금융지주,"159,900",상승,"1,900",+1.20%,"5,000","160,104","25,264","159,700","89,106","11,997",8.51,"344,803","157,300","159,800","1,092,202",46.24,11.54,"160,100","1,079","994,857","10,459",36.81,1.02,"155,800","2,163","55,726","211,741","18,792",0.94,"3,980",1.34
62,유한양행,"111,100",하락,600,-0.54%,"1,000","163,813","18,248","110,800","88,845",549,135.32,"352,209","112,300","110,900","29,420",-3.77,3.41,"113,300","17,129","7,914",552,18.00,1.92,"110,500","6,618","79,968","20,678",821,4.02,500,11.23
63,TIGER 미국S&P500,"21,375",하락,55,-0.26%,0,"2,570,641","54,885","21,365","85,639",N/A,N/A,"4,627,005","21,365","21,370",N/A,N/A,N/A,"21,380","505,313",N/A,N/A,0.11,N/A,"21,310","392,264","400,650",N/A,N/A,N/A,N/A,N/A
64,한미반도체,"89,600",하락,"5,800",-6.08%,100,"810,681","73,575","89,700","85,400","2,554",63.01,"640,699","93,800","89,800","7,109",638.74,27.43,"94,200","91,867","1,700","1,526",7.41,21.27,"89,200","12,222","95,312","5,589","1,422",16.27,720,251.50
65,KODEX CD금리액티브(합성),"1,074,405",상승,75,+0.01%,0,"148,066","159,082","1,074,400","84,976",N/A,N/A,"172,763","1,074,405","1,074,405",N/A,N/A,N/A,"1,074,405","379,217",N/A,N/A,0.00,N/A,"1,074,400","402,609","7,909",N/A,N/A,N/A,N/A,N/A
66,한국항공우주,"85,300",하락,600,-0.70%,"5,000","227,986","19,539","85,100","83,146","2,407",50.24,"598,215","85,600","85,200","80,255",-2.74,10.42,"87,000","24,503","62,984","1,709",33.59,2.25,"85,000","8,816","97,475","36,337","1,698",4.93,500,-4.86
67,한진칼,"123,800",상승,"1,200",+0.98%,"2,500","34,345","4,231","123,500","82,652",492,18.15,"136,514","121,200","123,600","42,072",14.82,16.75,"124,100","1,100","8,940","5,122",20.72,12.82,"121,100","1,727","66,762","2,922","6,822",2.56,360,5.96
68,HD현대마린솔루션,"184,200",하락,"4,400",-2.33%,500,"61,315","11,360","183,900","82,575","2,717",32.96,"117,451","187,500","184,000","11,522",34.87,44.98,"190,700","1,754","3,787","2,279",29.83,25.20,"183,300",285,"44,829","17,455","5,588",11.54,"3,150",22.02
69,아모레퍼시픽,"140,300",상승,"7,500",+5.65%,500,"530,348","73,258","139,300","82,065","2,205",15.49,"382,631","134,300","139,400","67,835",103.83,11.69,"141,200","2,972","14,575","6,016",23.37,9.50,"133,800","17,651","58,493","38,851","9,057",1.83,"1,125",5.75
70,LS ELECTRIC,"263,000",하락,"2,500",-0.94%,"5,000","80,089","21,133","262,000","78,900","3,897",34.28,"192,218","265,500","262,500","44,852",19.96,13.44,"268,000","8,797","25,951","2,422",23.30,5.90,"261,500","3,339","30,000","45,518","7,673",4.26,"2,900",7.60
71,현대건설,"70,100",하락,"2,000",-2.77%,"5,000","652,557","46,112","70,300","78,060","-12,634",-38.69,"1,046,519","71,300","70,400","270,054",-260.86,-2.09,"71,600","63,357","173,360","-7,662",24.85,-3.02,"70,000","21,190","111,356","326,703","-1,812",0.97,600,10.18
72,SK바이오팜,"96,400",하락,"1,900",-1.93%,500,"117,806","11,362","96,300","75,494",963,30.05,"228,098","98,300","96,400","10,368",356.75,58.01,"99,000","6,953","4,628","2,270",11.10,25.79,"95,400","3,238","78,313","5,476","3,208",13.30,N/A,54.30
73,NH투자증권,"23,000",상승,350,+1.55%,"5,000","593,565","13,516","22,950","74,540","9,011",11.90,"1,007,812","22,650","23,000","624,271",24.16,8.73,"23,000","37,901","543,077","6,866",15.84,1.15,"22,500","76,699","324,086","100,343","1,932",0.99,950,-3.25
74,코웨이,"103,400",상승,900,+0.88%,500,"140,887","14,516","103,500","74,354","7,954",13.18,"209,661","103,500","103,600","57,616",8.77,19.38,"104,000","1,106","25,654","5,655",61.07,10.66,"101,000","1,628","71,909","43,101","7,843",2.36,"2,630",8.66
75,LG씨엔에스,"75,300",하락,"6,500",-7.95%,500,"1,041,571","80,166","75,500","72,955","5,129",16.38,"1,755,449","80,100","75,600","45,045",10.52,18.32,"80,400","39,707","23,817","3,649",3.62,8.54,"75,100","9,861","96,886","59,826","4,597",2.78,"1,672",6.73
76,S-Oil,"63,200",하락,300,-0.47%,"2,500","82,638","5,221","63,200","71,152","4,222",-18.25,"229,585","63,200","63,300","244,514",-68.83,-2.18,"63,700","13,090","157,558","-1,930",73.94,-0.84,"63,000","12,661","112,583","366,370","-3,463",0.85,125,2.55
77,삼성증권,"79,300",상승,"2,000",+2.59%,"5,000","345,891","27,232","79,300","70,815","12,058",7.92,"428,840","77,000","79,400","622,739",62.69,12.89,"79,800","8,803","549,497","8,990",28.18,1.51,"77,000","44,931","89,300","134,666","10,015",0.97,"3,500",2.26
78,HD현대미포,"175,900",하락,"3,200",-1.79%,"5,000","141,009","24,962","175,700","70,258",885,46.02,"439,225","176,400","175,800","51,089",157.89,5.25,"180,300","3,449","30,024","1,132",22.42,2.26,"175,000",909,"39,942","46,300","3,822",3.39,710,14.63
79,한화,"93,200",상승,"1,100",+1.19%,"5,000","239,563","22,171","92,700","69,862","24,161",8.91,"395,756","91,700","92,800","2,520,370",0.17,7.19,"93,800","3,899","2,124,752","16,904",15.79,0.73,"91,500","7,799","74,959","556,468","10,464",0.83,800,4.73
80,삼성카드,"59,500",상승,"2,900",+5.12%,"5,000","109,392","6,434","59,500","68,936","8,854",10.27,"92,772","56,200","59,600","294,941",9.31,8.00,"59,700","1,577","210,079","6,646",6.28,2.28,"56,200","8,026","115,859","43,832","5,793",0.76,"2,800",9.47
81,KODEX 200,"43,320",상승,295,+0.69%,0,"4,520,263","195,375","43,310","68,467",N/A,N/A,"13,469,702","42,985","43,315",N/A,N/A,N/A,"43,440","401,383",N/A,N/A,33.48,N/A,"42,930","318,015","158,050",N/A,N/A,N/A,N/A,N/A
82,에이피알,"173,500",상승,"7,200",+4.33%,100,"409,354","71,336","173,200","66,006","1,227",49.36,"704,785","175,300","173,300","5,651",17.77,41.34,"178,000","2,957","2,416","1,076",23.93,25.24,"169,800",771,"38,044","7,228","3,515",18.50,0,37.98
83,LG유플러스,"14,980",하락,10,-0.07%,"5,000","647,887","9,724","14,990","65,404","8,631",15.99,"1,256,720","14,990","15,000","197,077",-13.52,4.40,"15,090","20,622","109,394","3,146",37.79,1.58,"14,960","18,234","436,611","146,252",937,0.75,650,1.76
84,KODEX 머니마켓액티브,"103,300",상승,5,0.00%,0,"305,142","31,519","103,295","64,409",N/A,N/A,"394,844","103,300","103,300",N/A,N/A,N/A,"103,300","1,194,923",N/A,N/A,0.00,N/A,"103,295","1,070,568","62,351",N/A,N/A,N/A,N/A,N/A
85,키움증권,"238,000",보합,0,0.00%,"5,000","117,422","27,778","238,500","61,097","10,982",8.16,"176,244","236,500","239,000","556,884",94.50,15.98,"240,500","3,551","500,565","8,349",25.27,1.55,"233,500","5,440","25,671","112,803","29,164",1.12,"7,500",18.18
86,한화솔루션,"34,850",하락,550,-1.55%,"5,000","1,564,568","55,046","34,650","59,905","-3,002",-6.14,"8,904,015","36,200","34,700","300,368",-151.83,-15.99,"36,200","83,190","194,300","-13,690",13.70,-4.99,"34,550","22,406","171,893","123,940","-5,673",0.65,300,-5.23
87,LS,"185,200",상승,"2,800",+1.54%,"5,000","89,723","16,702","185,100","59,634","10,729",21.00,"184,527","182,000","185,200","205,279",19.26,5.09,"189,600","1,162","136,468","3,915",14.41,2.02,"181,700",903,"32,200","275,447","8,821",1.04,"1,650",12.52
88,한국타이어앤테크놀로지,"46,850",상승,"2,550",+5.76%,500,"320,571","14,709","46,800","58,035","17,623",5.38,"481,643","44,050","46,850","158,497",32.71,10.79,"46,900","3,375","46,549","11,311",35.51,7.91,"44,050","15,505","123,875","94,119","8,704",0.51,"2,000",5.28
89,현대차2우B,"164,600",상승,"3,700",+2.30%,"5,000","153,018","25,041","164,500","57,551",N/A,3.59,"99,072","161,000","164,700",N/A,N/A,N/A,"165,300",952,N/A,N/A,59.74,N/A,"160,900","9,576","34,964",N/A,"45,880",0.39,N/A,N/A
90,맥쿼리인프라,"11,490",하락,50,-0.43%,0,"563,669","6,480","11,490","55,028",N/A,N/A,"911,709","11,540","11,500",N/A,N/A,N/A,"11,560","151,942",N/A,N/A,9.06,N/A,"11,470","290,729","478,922",N/A,N/A,N/A,N/A,N/A
91,두산밥캣,"57,400",상승,800,+1.41%,500,"227,603","13,012","56,800","55,021","8,714",12.46,"264,647","57,900","56,900","120,096",-37.31,8.77,"58,000","17,553","51,151","5,634",34.02,5.03,"56,500","9,428","95,856","85,512","4,606",0.80,"1,600",-12.38
92,LG생활건강,"338,000",상승,"8,500",+2.58%,"5,000","52,065","17,638","337,500","52,790","4,590",33.12,"38,905","334,500","338,000","74,058",-5.74,3.44,"342,000","2,208","17,199","2,039",28.11,2.79,"334,500","6,933","15,618","68,119","10,204",1.01,"3,500",0.10
93,넷마블,"61,200",하락,500,-0.81%,100,"130,418","8,027","61,200","52,604","2,156",51.73,"277,626","61,500","61,300","81,771",414.93,0.49,"62,500","5,439","27,032",32,25.29,0.04,"61,000","7,833","85,954","26,638","1,183",0.93,417,6.46
94,TIGER 미국나스닥100,"139,025",하락,215,-0.15%,0,"194,664","27,024","138,990","52,399",N/A,N/A,"425,963","138,855","139,000",N/A,N/A,N/A,"139,030","21,737",N/A,N/A,0.07,N/A,"138,565","19,930","37,690",N/A,N/A,N/A,N/A,N/A
95,BNK금융지주,"15,840",상승,530,+3.46%,"5,000","1,403,425","21,786","15,820","50,432","8,759",7.87,"2,773,942","15,260","15,830","1,524,705",9.33,6.96,"15,880","16,626","1,413,229","7,500",39.52,0.50,"15,250","37,698","318,384","100,314","2,012",0.48,650,3.80
96,CJ,"172,000",상승,"13,000",+8.18%,"5,000","333,236","56,695","170,800","50,184","25,475",61.76,"145,107","160,400","170,900","474,970",24.93,1.83,"174,200","1,617","297,506","1,512",11.02,0.32,"160,300",882,"29,177","436,467","2,785",1.06,"3,000",5.55
97,GS,"53,700",상승,"1,600",+3.07%,"5,000","496,978","26,639","53,600","49,896","30,602",12.34,"327,041","51,600","53,700","350,634",-17.78,4.12,"54,200","14,757","165,930","8,635",16.47,2.48,"51,600","18,964","92,915","252,975","4,351",0.36,"2,700",-2.62
98,삼성E&A,"25,150",상승,350,+1.41%,"5,000","512,716","12,856","25,200","49,294","9,716",6.61,"836,414","24,800","25,250","100,133",-2.17,19.65,"25,350","25,816","61,176","6,387",45.54,7.17,"24,550","93,569","196,000","99,666","3,804",1.15,660,-6.20
99,JB금융지주,"25,300",하락,50,-0.20%,"5,000","559,550","14,189","25,400","49,059","9,061",7.39,"1,031,956","25,300","25,450","667,219",13.26,12.80,"25,650","35,458","609,971","6,930",34.31,1.07,"25,200","41,380","193,908","46,238","3,422",0.85,995,10.25
100,TIGER CD금리투자KIS(합성),"56,285",하락,5,-0.01%,0,"114,666","6,454","56,285","48,094",N/A,N/A,"674,069","56,290","56,290",N/A,N/A,N/A,"56,290","1,315,966",N/A,N/A,0.03,N/A,"56,285","1,413,417","85,448",N/A,N/A,N/A,N/A,N/A
101,오리온,"120,500",하락,200,-0.17%,500,"40,744","4,909","120,300","47,641","5,436",8.90,"100,200","119,700","120,400","43,084",10.40,16.57,"121,200","3,018","7,344","5,332",30.42,13.62,"119,700","2,909","39,536","31,043","13,534",1.35,"2,500",6.59
102,현대제철,"35,650",상승,650,+1.86%,"5,000","610,551","21,550","35,600","47,573","1,595",-48.37,"2,804,575","34,750","35,650","347,438",-80.02,-0.06,"35,800","6,827","154,102",88,18.08,0.03,"34,200","34,026","133,446","232,261",-737,0.25,750,-10.38
103,KODEX 미국S&P500,"19,680",하락,50,-0.25%,0,"2,210,882","43,452","19,670","46,838",N/A,N/A,"6,250,361","19,670","19,675",N/A,N/A,N/A,"19,685","363,181",N/A,N/A,0.11,N/A,"19,620","285,261","238,000",N/A,N/A,N/A,N/A,N/A
104,LG디스플레이,"9,250",상승,10,+0.11%,"5,000","379,647","3,512","9,250","46,250","-5,606",-2.26,"776,435","9,180","9,260","328,596",77.67,-37.21,"9,340","53,086","247,868","-24,093",20.97,-7.02,"9,180","64,122","500,000","266,153","-4,084",0.74,N/A,24.77
105,엔씨소프트,"212,500",상승,"1,000",+0.47%,500,"62,258","13,245","211,500","45,781","-1,092",62.35,"77,156","213,000","212,500","39,539",-179.56,2.99,"216,500","4,708","8,904",941,32.48,2.26,"209,000","5,442","21,544","15,781","3,408",1.37,"1,460",-11.33
106,현대오토에버,"165,100",하락,"3,300",-1.96%,500,"54,604","9,031","164,900","45,277","2,244",27.44,"43,615","168,300","164,900","33,495",23.71,10.40,"168,300","4,892","16,190","1,752",2.70,5.66,"164,100",362,"27,424","37,136","6,016",2.69,"1,780",21.16
107,강원랜드,"20,400",하락,50,-0.24%,500,"226,618","4,618","20,350","43,644","2,858",9.95,"444,848","20,500","20,400","47,006",1.25,12.09,"20,550","63,070","8,170","4,569",14.35,9.99,"20,250","120,886","213,940","14,269","2,050",1.10,"1,170",2.76
108,한국가스공사,"45,850",상승,350,+0.77%,"5,000","332,364","15,270","45,700","42,326","30,034",3.82,"509,320","45,650","45,750","576,696",93.34,11.21,"46,300","23,746","468,433","11,490",9.98,2.00,"45,400","15,296","92,313","383,887","12,001",0.36,"1,455",-13.84
109,이수페타시스,"56,200",상승,600,+1.08%,"1,000","513,655","29,080","56,300","41,256","1,019",39.33,"1,518,418","55,900","56,500","7,901",63.87,24.92,"57,300","29,780","4,626",740,18.50,10.45,"55,300","41,791","73,409","8,369","1,429",10.46,143,23.92
110,KODEX KOFR금리액티브(합성),"110,740",상승,5,0.00%,0,"267,638","29,638","110,735","39,639",N/A,N/A,"332,271","110,735","110,740",N/A,N/A,N/A,"110,740","524,460",N/A,N/A,0.00,N/A,"110,735","486,875","35,795",N/A,N/A,N/A,N/A,N/A
111,두산로보틱스,"60,900",하락,800,-1.30%,500,"106,203","6,512","60,700","39,475",-412,-91.58,"183,088","61,900","60,800","4,217",-114.96,-8.69,"62,500","27,716",192,-366,2.13,-8.33,"60,500","4,455","64,820",468,-665,10.04,N/A,-11.71
112,CJ제일제당,"261,000",상승,"2,000",+0.77%,"5,000","24,957","6,504","260,000","39,291","15,530",57.86,"34,351","258,500","260,500","301,500",20.24,1.97,"263,000","8,665","179,072","3,618",20.21,1.21,"258,000","6,133","15,054","293,591","4,511",0.53,"6,000",1.16
113,SKC,"102,100",하락,"1,600",-1.54%,"5,000","99,676","10,179","102,000","38,664","-2,768",-7.41,"165,802","103,400","102,100","67,487",-29.53,-34.34,"104,100","9,291","44,559","-4,551",13.43,-6.60,"101,500","3,361","37,868","17,216","-13,786",3.08,N/A,15.27
114,SK바이오사이언스,"47,750",하락,400,-0.83%,500,"56,923","2,711","47,600","37,421","-1,384",-77.77,"79,226","47,900","47,650","28,436","-1,054.77",-3.07,"48,200","11,903","8,211",-501,6.33,-2.13,"47,400","4,268","78,369","2,675",-614,2.07,0,-27.59
115,현대차우,"160,100",상승,"2,200",+1.39%,"5,000","190,237","30,365","160,200","37,369",N/A,3.49,"137,521","158,000","160,300",N/A,N/A,N/A,"160,800","3,714",N/A,N/A,58.52,N/A,"157,700","5,362","23,341",N/A,"45,880",0.38,N/A,N/A
116,포스코DX,"24,450",상승,300,+1.24%,500,"232,803","5,661","24,400","37,172","1,090",44.29,"443,221","24,550","24,450","8,925",-1.42,17.92,"24,550","43,401","3,666",886,3.20,9.94,"24,100","40,259","152,035","14,733",552,6.95,125,-0.85
117,한화생명,"4,260",상승,90,+2.16%,"5,000","4,455,273","18,985","4,225","36,999","10,970",5.48,"5,829,939","4,210","4,230","1,601,464",3.78,6.98,"4,355","68,336","1,458,684","8,660",10.58,0.56,"4,160","47,062","868,530","245,852",778,0.28,N/A,7.91
118,LG이노텍,"155,000",하락,"2,300",-1.46%,"5,000","98,827","15,366","155,100","36,684","7,060",9.25,"148,293","156,000","155,200","113,782",-15.02,8.92,"157,700","3,150","60,243","4,493",23.32,3.98,"154,200",977,"23,667","212,008","16,750",0.68,"2,090",2.89
119,풍산,"130,800",하락,"3,900",-2.90%,"5,000","350,942","46,186","130,500","36,656","3,238",15.23,"332,361","136,000","130,400","40,966",41.61,11.33,"138,400","2,926","18,973","2,360",23.76,6.09,"127,900",943,"28,024","45,544","8,589",1.65,"2,600",10.40
120,에코프로머티,"51,900",상승,400,+0.78%,500,"307,743","15,914","51,700","36,295",-647,-86.50,"1,136,554","52,200","51,800","12,902",-837.74,-5.56,"52,300","28,335","5,526",-427,21.54,-3.57,"51,200","15,159","69,932","2,998",-600,4.96,0,-68.52
121,한미약품,"280,000",하락,"5,500",-1.93%,"2,500","42,122","11,847","280,000","35,871","2,162",32.93,"39,979","285,500","280,500","20,208",-2.04,11.89,"287,000","7,658","7,801","1,404",11.28,7.17,"279,000","3,328","12,811","14,955","8,502",3.19,"1,250",0.31
122,롯데지주,"33,275",하락,825,-2.42%,200,"523,619","17,519","33,350","34,909","3,405",-3.24,"766,010","33,450","33,400","226,603",-31.04,-15.56,"34,000","23,493","134,605","-9,461",7.79,-4.13,"32,750","5,975","104,909","157,570","-10,260",0.39,"1,200",3.94
123,현대엘리베이터,"88,200",상승,800,+0.92%,"5,000","152,994","13,399","87,900","34,479","2,257",16.50,"290,739","86,800","88,000","35,738",173.22,14.42,"88,500","2,952","22,315","1,939",26.01,5.46,"85,100","6,427","39,092","28,853","5,347",2.79,"5,500",10.88
124,KODEX 종합채권(AA-이상)액티브,"118,640",하락,100,-0.08%,0,"39,392","4,675","118,665","34,447",N/A,N/A,"34,804","118,650","118,670",N/A,N/A,N/A,"118,760","16,852",N/A,N/A,0.00,N/A,"118,635","30,090","29,035",N/A,N/A,N/A,N/A,N/A
125,한전기술,"88,100",하락,"2,800",-3.08%,200,"223,935","19,872","87,800","33,672",548,29.09,"366,523","89,900","87,900","9,468",91.88,10.40,"91,200","14,806","3,694",585,11.70,6.50,"87,400","1,636","38,220","5,534","3,029",5.58,999,1.52
126,금호석유화학,"125,200",하락,500,-0.40%,"5,000","57,055","7,142","124,900","33,127","2,728",10.29,"222,721","126,800","125,200","83,402",-24.00,5.88,"126,800","2,244","22,980","3,486",18.69,4.27,"123,700","6,672","26,460","71,550","12,168",0.53,"2,200",13.17
127,TIGER 미국테크TOP10 INDXX,"24,945",상승,125,+0.50%,0,"1,030,947","25,653","24,935","33,015",N/A,N/A,"3,027,088","24,840","24,945",N/A,N/A,N/A,"24,950","123,995",N/A,N/A,0.02,N/A,"24,835","170,538","132,350",N/A,N/A,N/A,N/A,N/A
128,KCC,"370,500",상승,"13,500",+3.78%,"5,000","68,983","26,219","371,500","32,924","4,711",-28.00,"27,426","371,000","372,000","131,086",50.74,6.08,"389,000","1,144","80,692","2,933",9.56,2.22,"370,000",263,"8,886","66,588","-13,230",0.44,"10,000",5.89
129,한미사이언스,"46,950",보합,0,0.00%,500,"113,455","5,324","47,100","32,110",989,60.89,"264,581","46,550","47,150","13,491",-20.57,7.30,"47,500","2,686","5,104",567,1.88,4.40,"45,950","6,482","68,392","12,834",771,3.74,300,2.85
130,서울보증보험,"45,400",상승,50,+0.11%,"2,500","352,205","16,371","45,400","31,699","2,797",14.88,"139,264","49,800","45,450","93,336",-46.64,4.12,"49,950","12,446","41,581","2,133",1.29,2.31,"45,100","1,869","69,822","27,513","3,052",0.63,"2,865",5.41
131,F&F,"81,000",상승,"1,400",+1.76%,100,"37,937","3,067","80,400","31,029","4,507",8.92,"59,569","79,300","80,500","22,859",-18.32,25.27,"82,200","1,090","7,086","3,560",11.06,16.59,"78,700",620,"38,307","18,960","9,076",1.93,"1,700",-4.17
132,동서,"31,100",보합,0,0.00%,500,"88,718","2,766","30,950","31,007",445,20.87,"76,471","31,000","31,050","17,791",1.66,9.52,"31,750","5,790",697,"1,590",4.21,9.16,"30,850","6,474","99,700","4,889","1,490",1.86,890,-0.17
133,대한전선,"15,630",하락,280,-1.76%,"1,000","534,474","8,397","15,620","29,142","1,152",37.30,"697,585","15,860","15,630","26,427",44.28,5.85,"15,900","34,213","11,466",742,7.03,3.28,"15,560","9,304","186,447","32,913",419,1.93,N/A,15.73
134,롯데케미칼,"67,950",하락,"2,050",-2.93%,"5,000","82,633","5,643","68,000","29,066","-8,941",-1.60,"253,882","69,200","68,100","345,523",-157.14,-11.44,"69,300","5,912","145,644","-18,256",21.90,-5.37,"67,700","2,761","42,775","204,304","-42,451",0.20,"2,000",2.43
135,TIGER 200,"43,295",상승,305,+0.71%,0,"1,942,590","83,936","43,295","28,986",N/A,N/A,"3,329,506","42,915","43,300",N/A,N/A,N/A,"43,410","247,407",N/A,N/A,10.69,N/A,"42,885","145,735","66,950",N/A,N/A,N/A,N/A,N/A
136,코스맥스,"253,000",상승,"7,500",+3.05%,500,"88,912","22,160","253,500","28,714","1,754",38.44,"167,143","246,000","254,000","19,337",51.61,20.53,"254,500","2,299","14,249",884,36.17,5.07,"242,000","3,375","11,350","21,661","6,581",6.56,"2,300",21.86
137,달바글로벌,"235,000",상승,"5,000",+2.17%,100,"185,948","43,934","238,500","28,438",598,164.68,"212,388","236,500","239,000","1,361",84.44,26.21,"241,000","2,961",340,154,8.02,14.39,"229,500","10,968","12,101","3,091","1,427",21.61,305,53.91
138,KODEX 200TR,"15,435",상승,95,+0.62%,0,"412,350","6,357","15,435","28,431",N/A,N/A,"948,105","15,345","15,445",N/A,N/A,N/A,"15,485","225,077",N/A,N/A,0.00,N/A,"15,300","209,810","184,200",N/A,N/A,N/A,N/A,N/A
139,TIGER KOFR금리액티브(합성),"109,235",상승,5,0.00%,0,"42,435","4,635","109,230","28,315",N/A,N/A,"63,710","109,230","109,235",N/A,N/A,N/A,"109,235","18,542",N/A,N/A,0.00,N/A,"109,225","59,813","25,921",N/A,N/A,N/A,N/A,N/A
140,KODEX 미국나스닥100,"20,910",하락,25,-0.12%,0,"1,009,631","21,070","20,900","27,674",N/A,N/A,"1,321,116","20,875","20,905",N/A,N/A,N/A,"20,910","236,733",N/A,N/A,0.23,N/A,"20,835","146,334","132,350",N/A,N/A,N/A,N/A,N/A
141,KODEX 레버리지,"24,945",상승,320,+1.30%,0,"15,710,706","390,273","24,935","27,539",N/A,N/A,"32,679,977","24,470","24,950",N/A,N/A,N/A,"25,080","289,037",N/A,N/A,0.27,N/A,"24,470","268,440","110,400",N/A,N/A,N/A,N/A,N/A
142,영원무역,"61,700",상승,"1,500",+2.49%,500,"34,490","2,088","61,500","27,340","3,156",6.35,"47,650","59,600","61,600","53,897",-50.47,12.32,"61,900","6,199","14,941","2,945",29.71,5.51,"58,700","1,993","44,311","35,178","9,724",0.71,"1,400",-2.40
143,산일전기,"89,800",하락,"1,600",-1.75%,500,"415,060","38,631","89,800","27,340","1,092",27.94,"229,828","90,600","89,900","4,927",134.38,29.88,"96,300","6,092",584,837,9.40,24.47,"89,300","1,778","30,445","3,340","3,214",6.03,420,55.68
144,에스원,"71,800",상승,500,+0.70%,500,"11,862",847,"71,600","27,283","2,092",15.32,"31,266","70,600","71,700","23,227",-1.58,10.85,"71,900","2,411","6,620","1,767",55.98,7.85,"70,600","1,414","37,999","28,047","4,687",1.51,"2,700",7.02
145,이마트,"98,800",상승,"2,600",+2.70%,"5,000","111,042","10,977","98,700","27,265",471,-5.04,"152,700","96,700","98,800","339,306",200.35,-5.40,"100,000","2,471","207,466","-5,734",25.00,-1.70,"96,400","4,289","27,596","290,209","-19,614",0.26,"2,000",-1.53
146,한화비전,"54,000",하락,"1,500",-2.70%,500,"512,867","27,495","53,900","27,264",-1,85.04,"1,182,022","54,400","54,000","15,911",N/A,N/A,"54,700","39,767","7,664",32,18.99,N/A,"52,900","15,664","50,488","4,933",635,3.29,N/A,N/A
147,SK가스,"293,000",상승,"3,000",+1.03%,"5,000","5,944","1,732","292,500","27,089","2,872",10.99,"13,900","290,000","293,000","75,396",-5.41,6.74,"294,500",161,"48,013","1,778",7.33,2.61,"286,000",729,"9,245","70,959","26,657",0.95,"8,000",1.48
148,현대해상,"30,200",상승,"1,850",+6.53%,500,"1,058,871","31,767","29,950","26,999","12,441",3.96,"645,710","28,950","30,000","485,238",67.33,15.75,"30,650","20,554","437,804","8,505",34.51,1.84,"28,700","54,212","89,400","173,245","7,619",0.59,N/A,8.86
149,아모레퍼시픽홀딩스,"33,850",상승,950,+2.89%,500,"244,634","8,264","33,850","26,897","2,493",12.03,"170,154","33,200","33,900","85,405",64.00,7.57,"34,300","7,586","15,488","6,529",10.33,8.07,"33,200","21,333","79,458","42,599","2,813",0.91,330,5.93
150,시프트업,"45,200",상승,350,+0.78%,200,"63,223","2,869","45,150","26,569","1,527",16.64,"128,523","45,300","45,200","8,038",37.47,31.30,"45,850","6,254",394,"1,480",37.58,29.37,"45,000","2,497","58,782","2,241","2,717",3.34,0,32.91
151,TIGER 미국필라델피아반도체나스닥,"20,600",상승,40,+0.19%,0,"727,386","14,944","20,585","26,059",N/A,N/A,"1,703,111","20,555","20,590",N/A,N/A,N/A,"20,600","201,508",N/A,N/A,0.33,N/A,"20,505","185,026","126,500",N/A,N/A,N/A,N/A,N/A
152,신영증권,"157,600",하락,"4,000",-2.48%,"5,000","81,432","12,688","158,600","25,909","1,361",23.85,"108,517","160,300","158,800","103,796",-20.09,6.45,"161,000",531,"85,469","1,123",7.05,1.04,"150,800",408,"16,440","24,664","6,607",0.69,"5,000",-10.78
153,제일기획,"22,250",상승,600,+2.77%,200,"303,843","6,719","22,150","25,597","3,207",13.25,"273,034","21,800","22,200","33,066",4.29,15.12,"22,250","22,736","18,325","2,083",23.63,6.73,"21,800","62,732","115,041","43,443","1,679",1.63,"1,230",4.98
154,한국콜마,"108,000",상승,"2,100",+1.98%,500,"104,677","11,184","107,700","25,493","1,939",26.28,"224,431","108,000","107,800","31,267",42.39,12.50,"108,400","5,503","16,210","1,253",40.84,4.09,"105,500","1,161","23,605","24,521","4,109",3.23,720,13.75
155,농심,"416,000",상승,"15,500",+3.87%,"5,000","39,281","15,983","406,000","25,304","1,631",16.20,"16,285","399,500","406,500","35,975",-23.10,6.17,"417,000","1,267","9,249","1,576",18.37,4.61,"398,000","5,300","6,083","34,387","25,679",0.89,"5,000",0.83
156,iM금융지주,"15,140",상승,160,+1.07%,"5,000","757,821","11,457","15,140","25,192","2,634",9.93,"1,143,059","14,870","15,150","941,486",-50.69,3.60,"15,270","19,521","879,429","2,016",43.16,0.22,"14,700","77,990","166,393","80,505","1,525",0.42,500,-2.58
157,더존비즈온,"80,400",상승,400,+0.50%,500,"177,403","14,393","80,400","24,428",881,45.48,"198,552","79,500","80,500","10,376",27.50,12.17,"82,400","2,723","4,828",780,9.42,8.12,"79,300","1,428","30,383","4,023","1,768",4.39,477,13.79
158,한국앤컴퍼니,"25,450",상승,"1,350",+5.60%,500,"206,157","5,164","25,500","24,161","4,183",6.86,"237,090","24,100","25,550","51,364",63.03,8.28,"25,650","3,826","6,836","3,507",10.23,7.17,"23,900","13,475","94,935","13,910","3,709",0.54,"1,000",27.65
159,한전KPS,"53,200",하락,"1,300",-2.39%,200,"169,533","9,045","52,900","23,940","2,095",17.09,"172,879","54,000","53,000","16,902",5.08,13.26,"54,500","18,355","3,617","1,724",12.56,10.49,"52,700","5,273","45,000","15,571","3,113",1.96,"2,469",1.52
160,RISE 머니마켓액티브,"54,422",상승,2,0.00%,0,"188,819","10,275","54,420","23,247",N/A,N/A,"317,161","54,420","54,425",N/A,N/A,N/A,"54,425","224,353",N/A,N/A,1.22,N/A,"54,420","311,991","42,716",N/A,N/A,N/A,N/A,N/A
161,롯데쇼핑,"80,300",상승,"2,200",+2.82%,"5,000","55,375","4,421","80,100","22,716","4,731",-2.21,"61,302","78,300","80,300","390,030",-6.94,-7.75,"80,500","4,945","219,694","-9,941",8.98,-2.86,"77,700","5,986","28,289","139,866","-36,401",0.15,"3,800",-3.91
162,HD현대인프라코어,"11,680",하락,160,-1.35%,"1,000","508,944","5,951","11,660","22,495","1,842",28.28,"959,923","11,780","11,670","42,872",-55.97,5.92,"11,960","14,125","24,400","1,084",14.70,2.49,"11,490","18,484","192,591","41,142",413,1.19,70,-11.71
163,KODEX CD1년금리플러스액티브(합성),"1,022,827",상승,52,+0.01%,0,"14,196","14,520","1,022,825","22,418",N/A,N/A,"36,902","1,022,825","1,022,830",N/A,N/A,N/A,"1,022,830","386,419",N/A,N/A,0.00,N/A,"1,022,825","395,557","2,192",N/A,N/A,N/A,N/A,N/A
164,미스토홀딩스,"37,250",상승,200,+0.54%,"1,000","50,557","1,879","37,050","22,386","3,608",23.83,"124,140","36,800","37,100","55,364",18.88,4.30,"37,600","7,893","28,001","2,077",38.74,3.95,"36,800","1,896","60,096","42,687","1,563",1.08,"1,200",6.54
165,코리안리,"11,450",상승,300,+2.69%,500,"561,608","6,418","11,430","22,307","4,054",6.31,"392,670","11,180","11,440","131,604",11.48,9.45,"11,530","5,150","97,075","3,167",27.52,2.51,"11,180","11,416","194,821","69,579","1,816",0.59,515,-0.08
166,ACE 미국30년국채액티브(H),"7,590",하락,75,-0.98%,0,"2,326,622","17,641","7,585","22,132",N/A,N/A,"4,315,386","4,075","4,130","102,715",22.11,5.17,"4,215","81,261","46,181","2,681",15.48,2.96,"4,015","56,462","534,570","51,612",523,0.39,120,18.35
167,팬오션,"4,140",상승,95,+2.35%,"1,000","2,667,261","11,019","4,125","22,131","4,712",7.92,"1,979,237","7,580","7,590",N/A,N/A,N/A,"7,595","994,868",N/A,N/A,0.01,N/A,"7,570","467,807","291,600",N/A,N/A,N/A,N/A,N/A
168,한온시스템,"3,230",하락,10,-0.31%,100,"407,269","1,317","3,220","21,924",955,-4.68,"580,221","3,225","3,225","106,203",-66.31,-13.90,"3,275","50,323","76,215","-3,586",5.07,-3.61,"3,205","15,425","678,763","99,987",-690,0.76,N/A,5.01
169,한화엔진,"25,950",하락,700,-2.63%,"1,000","208,217","5,476","25,950","21,655",715,25.87,"453,309","26,550","26,000","14,131",719.51,25.64,"26,950","30,508","10,198",792,12.95,6.21,"25,850","11,015","83,447","12,022","1,003",5.24,N/A,40.71
170,ACE 미국S&P500,"21,600",하락,60,-0.28%,0,"350,383","7,560","21,590","21,578",N/A,N/A,"376,441","21,580","21,595",N/A,N/A,N/A,"21,610","120,748",N/A,N/A,0.08,N/A,"21,540","97,170","99,900",N/A,N/A,N/A,N/A,N/A
171,CJ대한통운,"94,300",상승,300,+0.32%,"5,000","29,798","2,791","93,900","21,512","5,307",9.15,"101,464","94,000","94,000","97,439",10.50,6.58,"94,700","1,574","55,183","2,683",13.96,2.81,"92,300","2,666","22,812","121,168","10,305",0.48,800,2.97
172,TIGER 미국배당다우존스,"11,990",하락,40,-0.33%,0,"755,922","9,052","11,985","21,462",N/A,N/A,"1,204,776","12,005","11,990",N/A,N/A,N/A,"12,005","218,079",N/A,N/A,0.01,N/A,"11,955","224,682","179,000",N/A,N/A,N/A,N/A,N/A
173,BGF리테일,"123,600",상승,"3,000",+2.49%,"1,000","33,911","4,187","123,500","21,363","2,516",11.54,"78,283","121,100","123,600","34,026",-0.61,17.29,"124,500",635,"22,185","1,952",28.29,5.90,"120,800","1,960","17,284","86,988","10,714",1.89,"4,100",6.15
174,DB하이텍,"46,750",상승,700,+1.52%,"5,000","140,497","6,559","46,800","20,756","1,908",8.98,"219,042","46,450","46,850","23,969",-28.10,12.44,"47,600","4,115","3,962","2,294",26.75,10.33,"45,550","19,125","44,399","11,312","5,205",0.99,"1,230",-2.00
175,아시아나항공,"10,060",상승,30,+0.30%,"5,000","126,469","1,283","10,070","20,723","2,757",-9.15,"127,298","10,030","10,080","134,499",-55.53,-53.21,"10,280","12,543","124,468","-4,130",2.84,-3.12,"9,920","24,157","205,991","83,186","-1,100",2.04,N/A,9.12
176,호텔신라,"52,200",상승,"2,300",+4.61%,"5,000","398,086","20,484","51,600","20,488",-52,-31.60,"220,840","49,900","51,700","38,139",-105.68,-6.50,"52,300","11,503","25,295",-615,12.84,-1.80,"49,600","42,808","39,248","39,476","-1,652",1.55,N/A,10.62
177,엘앤에프,"56,100",하락,"1,900",-3.28%,500,"288,140","16,141","55,900","20,373","-5,587",-5.40,"1,253,175","57,200","56,000","27,998",-151.32,-41.74,"57,400","29,683","20,765","-3,807",17.12,-12.38,"55,200","7,846","36,316","19,075","-10,395",3.14,0,-58.93
178,씨에스윈드,"47,600",하락,800,-1.65%,500,"106,661","5,071","47,400","20,074","2,555",7.27,"269,671","48,350","47,450","36,095",145.19,13.92,"48,350","12,753","24,092","1,437",13.05,4.44,"47,150","6,612","42,171","30,725","6,546",1.63,"1,000",102.12
179,SK아이이테크놀로지,"28,100",하락,350,-1.23%,"1,000","78,196","2,211","28,000","20,035","-2,910",-9.74,"175,610","28,250","28,050","41,501",-680.51,-10.41,"28,850","9,919","18,256","-2,466",6.76,-5.99,"27,900","1,620","71,298","2,179","-2,886",0.83,N/A,-66.40
180,한솔케미칼,"176,100",하락,"3,400",-1.89%,"5,000","31,001","5,495","176,500","19,961","1,288",15.68,"170,645","177,800","176,600","14,647",3.77,13.48,"179,300",120,"3,932","1,249",33.91,8.87,"175,100",216,"11,335","7,764","11,232",1.97,"2,100",0.61
181,동원산업,"49,550",상승,200,+0.41%,"1,000","20,428","1,011","49,600","19,634","5,013",27.68,"29,710","49,200","49,650","71,582",7.87,2.74,"49,950","1,782","39,118","1,136",1.97,1.53,"49,000","1,567","39,624","89,442","1,790",0.70,"1,000",-0.05
182,KODEX 코스닥150레버리지,"8,405",하락,65,-0.77%,0,"15,511,920","131,291","8,375","19,558",N/A,N/A,"30,522,811","8,510","8,385",N/A,N/A,N/A,"8,595","528,168",N/A,N/A,0.21,N/A,"8,355","290,128","232,700",N/A,N/A,N/A,N/A,N/A
183,영원무역홀딩스,"142,500",상승,"4,500",+3.26%,500,"16,991","2,418","142,600","19,236","5,170",5.86,"12,458","138,000","142,700","65,767",-40.75,13.17,"144,000",259,"15,896","4,956",20.74,7.65,"136,600",524,"13,499","43,060","24,299",0.60,"5,350",-1.14
184,대웅제약,"165,000",상승,"3,500",+2.17%,"2,500","25,273","4,139","163,600","19,118","1,479",49.68,"30,713","162,200","163,800","19,770",20.68,3.17,"167,100",255,"10,500",233,8.95,1.25,"161,700",467,"11,587","14,227","3,321",2.36,600,3.44
185,신세계,"197,800",상승,"12,200",+6.57%,"5,000","73,050","14,281","196,700","19,078","4,770",31.13,"28,172","185,200","196,800","150,718",-25.44,2.54,"199,300",631,"86,971","1,866",11.97,1.25,"185,200","7,419","9,645","65,704","6,353",0.41,"4,500",3.36
186,DL이앤씨,"48,900",하락,600,-1.21%,"5,000","126,033","6,169","49,050","18,921","2,709",8.99,"291,227","49,500","49,100","97,124",-18.06,4.77,"49,500","6,019","48,667","2,292",29.14,2.41,"48,600","5,385","38,694","83,184","5,440",0.42,540,4.10
187,현대백화점,"83,000",상승,"4,400",+5.60%,"5,000","126,026","10,351","82,900","18,782","2,840",-52.77,"53,786","78,200","83,000","112,177",-6.40,-0.81,"83,700",673,"49,833",-8,22.95,-0.01,"78,200","12,976","22,629","41,876","-1,573",0.41,"1,400",-0.47
188,다우기술,"41,500",하락,50,-0.12%,500,"129,898","5,345","41,250","18,620","11,747",5.25,"126,907","42,100","41,300","571,479",83.58,13.16,"42,100","4,187","508,554","8,528",24.56,1.54,"40,600","3,416","44,867","116,258","7,909",0.61,"1,400",17.97
189,GS건설,"21,100",상승,200,+0.96%,"5,000","269,972","5,713","21,150","18,058","2,860",12.99,"458,710","21,000","21,200","178,033",173.71,5.63,"21,350","41,284","127,162","2,639",23.18,1.49,"20,800","49,977","85,581","128,638","1,624",0.40,300,-4.26
190,SNT다이내믹스,"54,200",상승,100,+0.18%,"2,500","43,926","2,378","54,100","18,023","1,105",17.84,"69,759","54,000","54,300","10,341",165.67,12.90,"54,800","1,569","2,437",961,8.26,9.20,"53,000","1,467","33,253","6,145","3,038",1.55,"1,300",26.44
191,일진전기,"37,350",하락,850,-2.23%,"1,000","241,595","9,150","37,250","17,810",797,31.55,"389,811","38,000","37,300","12,490",31.25,10.60,"38,750","14,837","7,487",462,9.90,4.24,"37,200","6,754","47,685","15,772","1,184",3.50,300,26.51
192,TIGER 25-10 회사채(A+이상)액티브,"55,155",상승,5,+0.01%,0,"63,285","3,490","55,150","17,276",N/A,N/A,"93,676","55,160","55,155",N/A,N/A,N/A,"55,160","126,545",N/A,N/A,0.20,N/A,"55,150","135,537","31,322",N/A,N/A,N/A,N/A,N/A
193,TIGER 머니마켓액티브,"100,730",보합,0,0.00%,0,"33,460","3,370","100,730","17,158",N/A,N/A,"41,555","100,730","100,735",N/A,N/A,N/A,"100,735","444,279",N/A,N/A,0.00,N/A,"100,730","477,952","17,034",N/A,N/A,N/A,N/A,N/A
194,대우건설,"4,110",상승,15,+0.37%,"5,000","424,246","1,742","4,110","17,082","4,031",8.47,"1,321,996","4,090","4,115","126,585",-39.15,5.62,"4,130","26,508","83,244","2,428",11.70,2.03,"4,070","84,208","415,623","105,036",485,0.39,N/A,-9.82
195,OCI홀딩스,"90,200",하락,"3,800",-4.04%,"5,000","142,280","12,954","90,200","16,971","1,015",-21.91,"743,879","93,000","90,300","80,937",-80.89,2.54,"93,400","8,847","32,581","1,137",18.77,1.62,"89,700","1,607","18,815","35,774","-4,116",0.43,"2,200",35.01
196,파라다이스,"18,460",하락,320,-1.70%,500,"518,090","9,638","18,480","16,841","1,361",20.98,"1,250,996","18,940","18,530","39,338",-6.67,4.97,"18,950","6,817","18,586","1,107",7.61,2.93,"18,340","2,666","91,230","10,721",880,0.96,150,7.84
197,HL만도,"35,550",상승,300,+0.85%,"1,000","177,023","6,300","35,400","16,693","3,588",91.62,"251,875","35,200","35,450","70,520",28.46,5.47,"36,200","21,305","43,793","1,582",25.73,2.37,"34,900","7,677","46,957","88,482",388,0.69,700,5.42
198,오뚜기,"410,000",상승,500,+0.12%,"5,000","4,011","1,644","409,000","16,432","2,220",13.43,"5,870","408,000","410,000","35,974",-12.90,6.86,"412,000",580,"14,159","1,376",11.92,3.88,"407,500","1,108","4,008","35,391","30,537",0.69,"9,000",2.45
199,대웅,"28,050",상승,600,+2.19%,500,"122,640","3,424","28,000","16,309","2,819",25.90,"272,041","28,300","28,050","27,207",44.12,5.99,"28,300","4,208","12,182",689,5.51,2.71,"27,450","10,002","58,142","19,369","1,083",1.13,200,6.79
200,대신증권,"31,700",상승,450,+1.44%,"5,000","385,891","11,981","31,800","16,095",836,17.15,"817,219","31,000","31,850","263,961",-48.18,4.57,"31,950","3,348","230,807","1,442",10.21,0.59,"30,200","10,405","50,773","40,939","1,848",0.69,"1,200",6.21
201,ACE 미국나스닥100,"23,910",하락,25,-0.10%,0,"360,793","8,607","23,895","16,091",N/A,N/A,"344,674","23,865","23,900",N/A,N/A,N/A,"23,910","147,072",N/A,N/A,0.02,N/A,"23,825","124,954","67,300",N/A,N/A,N/A,N/A,N/A
202,HD현대마린엔진,"47,300",하락,50,-0.11%,"2,500","157,761","7,493","47,250","16,045",332,18.34,"457,730","46,400","47,300","4,950",80.60,28.34,"48,350","3,190","1,856",758,12.28,15.97,"46,050","1,597","33,921","3,158","2,579",4.91,N/A,29.23
203,DN오토모티브,"27,100",상승,200,+0.74%,100,"72,080","1,941","27,150","15,856","5,229",5.17,"109,554","26,650","27,250","50,060",6.63,19.78,"27,550","3,806","28,353","3,182",4.43,6.65,"26,450","4,960","58,511","34,345","5,240",0.78,"1,000",5.06
204,오리온홀딩스,"25,200",상승,650,+2.65%,500,"142,295","3,554","25,100","15,787","5,062",10.34,"450,019","24,900","25,150","59,332",24.86,7.03,"25,300","8,522","10,545","4,795",10.56,8.66,"24,450","6,280","62,645","31,952","2,436",0.64,800,8.17
205,KODEX 단기채권PLUS,"114,975",보합,0,0.00%,0,"35,447","4,075","114,975","15,770",N/A,N/A,"33,656","114,975","114,980",N/A,N/A,N/A,"114,985","78,716",N/A,N/A,0.00,N/A,"114,970","147,843","13,716",N/A,N/A,N/A,N/A,N/A
206,RISE 종합채권(A-이상)액티브,"110,245",하락,100,-0.09%,0,862,95,"110,220","15,767",N/A,N/A,"4,808","110,345","110,255",N/A,N/A,N/A,"110,345","18,023",N/A,N/A,0.00,N/A,"110,200","16,824","14,302",N/A,N/A,N/A,N/A,N/A
207,현대지에프홀딩스,"10,080",상승,580,+6.11%,500,"490,409","4,882","10,070","15,715","1,981",1.93,"271,950","9,510","10,080","100,849","1,895.39",23.02,"10,200","5,353","30,927","7,920",5.23,10.46,"9,510","8,142","155,904","74,093","5,233",0.45,210,181.78
208,TIGER 차이나전기차SOLACTIVE,"9,360",하락,25,-0.27%,0,"397,968","3,734","9,360","15,654",N/A,N/A,"1,226,338","9,375","9,365",N/A,N/A,N/A,"9,470","33,962",N/A,N/A,0.30,N/A,"9,340","27,342","167,240",N/A,N/A,N/A,N/A,N/A
209,HDC현대산업개발,"23,650",상승,300,+1.28%,"5,000","112,248","2,647","23,550","15,587","1,846",8.69,"339,398","23,450","23,600","74,619",-5.47,5.09,"23,850","8,640","43,473","1,557",14.54,2.15,"23,150","21,761","65,907","42,562","2,722",0.49,700,1.56
210,TIGER MSCI Korea TR,"17,885",상승,110,+0.62%,0,"7,783",138,"17,880","15,578",N/A,N/A,"10,498","17,810","17,900",N/A,N/A,N/A,"17,925","28,203",N/A,N/A,0.00,N/A,"17,755","22,478","87,100",N/A,N/A,N/A,N/A,N/A
211,한화투자증권,"7,240",하락,20,-0.28%,"5,000","3,028,699","21,377","7,140","15,533",40,"-2,413.33","6,027,831","7,260","7,150","140,181",-87.39,2.37,"7,270","30,587","123,119",389,8.84,0.29,"6,880","64,567","214,548","24,958",-3,0.91,N/A,26.75
212,엠앤씨솔루션,"168,500",상승,"5,800",+3.56%,100,"39,076","6,708","168,600","15,424",348,50.15,"35,391","165,000","168,800","3,571",68.59,21.82,"181,100",373,"1,917",270,5.60,7.86,"165,000",629,"9,154","2,828","3,360",9.66,"1,480",54.16
213,녹십자,"131,600",하락,"1,300",-0.98%,"5,000","12,613","1,665","131,600","15,379",321,53.54,"38,552","132,200","131,700","27,439",-6.76,-2.06,"133,300",820,"12,629",-426,19.77,-1.58,"129,400",179,"11,687","16,799","2,458",1.20,"1,500",3.27
214,하이트진로,"21,900",상승,250,+1.15%,"5,000","128,659","2,814","21,850","15,359","2,081",14.50,"152,190","21,750","21,900","34,415",67.97,8.63,"22,050","30,839","22,920",957,9.81,2.82,"21,600","52,045","70,134","25,992","1,510",1.37,700,3.14
215,에스엘,"32,950",상승,700,+2.17%,500,"109,942","3,614","32,850","15,305","3,952",4.35,"120,854","32,250","32,900","36,989",2.33,17.42,"33,450","4,552","13,016","3,820",15.91,11.02,"32,000","11,772","46,449","49,733","7,575",0.65,"1,200",2.78
216,GS리테일,"18,300",상승,860,+4.93%,"1,000","383,560","6,946","18,200","15,300","2,391",-67.78,"276,179","17,580","18,210","75,816",-18.05,0.07,"18,380","13,402","44,001",98,8.93,0.11,"17,520","14,514","83,607","116,269",-270,0.48,500,4.43
217,두산우,"380,000",상승,"39,000",+11.44%,"5,000","113,876","42,003","376,500","15,187",N/A,-39.22,"61,426","349,000","377,000",N/A,N/A,N/A,"381,500","1,134",N/A,N/A,2.18,N/A,"349,000","1,095","3,996",N/A,"-9,690",4.53,N/A,N/A
218,RISE 200,"43,610",상승,290,+0.67%,0,"504,154","21,918","43,605","15,154",N/A,N/A,"1,675,527","43,195","43,615",N/A,N/A,N/A,"43,710","120,737",N/A,N/A,0.06,N/A,"43,195","170,531","34,750",N/A,N/A,N/A,N/A,N/A
219,두산퓨얼셀,"23,000",하락,"1,000",-4.17%,100,"231,431","5,375","23,050","15,064",-17,-92.37,"460,760","23,850","23,100","11,797",N/A,N/A,"23,900","25,024","6,808",-105,10.51,N/A,"22,850","12,170","65,494","4,118",-249,3.85,N/A,N/A
220,금호타이어,"5,010",상승,35,+0.70%,"5,000","415,824","2,088","5,010","14,392","5,886",4.31,"434,337","4,955","5,020","53,628",43.21,21.77,"5,080","28,145","34,580","3,516",8.35,6.90,"4,955","61,980","287,260","45,322","1,163",0.80,N/A,12.14
221,현대위아,"52,500",상승,"1,000",+1.94%,"5,000","90,030","4,677","52,300","14,277","2,188",7.91,"186,194","51,100","52,400","70,760",-6.01,3.45,"53,000","3,948","30,497","1,295",15.57,1.86,"49,800","12,173","27,195","81,809","6,638",0.39,"1,100",0.19
222,KODEX 200선물인버스2X,"1,315",하락,16,-1.20%,0,"268,019,991","353,793","1,314","14,160",N/A,N/A,"418,916,545","1,338","1,315",N/A,N/A,N/A,"1,340","17,705,652",N/A,N/A,1.31,N/A,"1,308","10,768,912","1,076,800",N/A,N/A,N/A,N/A,N/A
223,롯데관광개발,"17,650",하락,240,-1.34%,500,"255,586","4,553","17,700","13,949",390,-13.21,"714,508","17,850","17,720","21,666",164.36,-60.42,"18,050","16,152","18,536","-1,166",9.13,-5.93,"17,640","1,715","79,031","4,715","-1,336",4.59,0,50.37
224,KODEX 삼성그룹,"9,985",상승,190,+1.94%,0,"916,483","9,117","9,990","13,919",N/A,N/A,"546,091","9,805","10,000",N/A,N/A,N/A,"10,040","134,587",N/A,N/A,13.28,N/A,"9,770","132,308","139,400",N/A,N/A,N/A,N/A,N/A
225,한올바이오파마,"26,600",상승,100,+0.38%,500,"117,590","3,129","26,500","13,896",2,-831.25,"216,614","26,800","26,550","2,129",-89.58,-1.02,"27,150","9,718",445,-18,7.58,-0.80,"26,250","7,130","52,241","1,389",-32,8.47,N/A,2.99
226,PLUS 고배당주,"21,295",상승,560,+2.70%,0,"3,446,370","72,739","21,305","13,691",N/A,N/A,"3,655,510","20,820","21,310",N/A,N/A,N/A,"21,320","65,528",N/A,N/A,0.46,N/A,"20,735","71,544","64,290",N/A,N/A,N/A,N/A,N/A
227,SK리츠,"4,765",하락,40,-0.83%,500,"92,369",440,"4,755","13,657",362,"1,191.25","263,596","4,800","4,765","44,213",2.31,0.08,"4,805","34,206","31,567",22,7.32,0.05,"4,750","24,789","286,619",534,4,1.11,70,2.28
228,미래에셋생명,"7,710",상승,350,+4.76%,"5,000","788,024","6,088","7,920","13,648","1,221",13.02,"217,220","7,380","7,930","324,936",-17.88,4.88,"7,960","8,436","299,300","1,361",1.27,0.42,"7,290","70,822","177,016","47,961",592,0.41,N/A,-5.09
229,미래에셋증권2우B,"9,810",상승,120,+1.24%,"5,000","754,057","7,351","9,810","13,489",N/A,7.19,"1,550,478","9,690","9,820",N/A,N/A,N/A,"9,910","10,925",N/A,N/A,13.83,N/A,"9,560","66,471","137,500",N/A,"1,364",0.47,N/A,N/A
230,태광산업,"1,209,000",하락,"21,000",-1.71%,"5,000","3,382","4,013","1,207,000","13,461",-272,5.37,"4,731","1,201,000","1,208,000","47,223",72.66,5.45,"1,210,000",104,"7,067","2,184",4.16,4.62,"1,155,000",57,"1,113","21,219","225,266",0.26,"1,750",-6.34
231,한일시멘트,"19,260",상승,560,+2.99%,500,"58,084","1,110","19,240","13,340","2,714",9.51,"40,929","18,700","19,250","29,883",10.09,11.13,"19,300","1,770","11,495","1,990",4.79,6.80,"18,670","5,740","69,262","17,417","2,025",0.80,"1,000",-3.21
232,동양생명,"8,260",하락,70,-0.84%,"5,000","234,809","1,939","8,250","13,328","3,681",4.80,"238,420","8,320","8,260","345,472",25.08,12.91,"8,370","7,444","325,805","3,143",81.54,0.93,"8,150","16,379","161,359","34,994","1,722",0.90,N/A,7.65
233,HD현대건설기계,"74,200",하락,"2,400",-3.13%,"5,000","83,205","6,204","73,900","13,105","1,904",16.70,"64,741","76,100","74,000","33,246",-25.97,6.18,"76,300","10,741","15,308",860,16.43,2.60,"73,600","1,529","17,662","34,381","4,443",0.77,500,-10.12
234,ACE KRX금현물,"20,950",상승,160,+0.77%,0,"658,455","13,806","20,950","13,094",N/A,N/A,"972,461","20,960","20,955",N/A,N/A,N/A,"21,005","77,071",N/A,N/A,0.68,N/A,"20,930","148,194","62,500",N/A,N/A,N/A,N/A,N/A
235,TIGER 25-12 금융채(AA-이상),"51,380",보합,0,0.00%,0,45,2,"51,380","13,083",N/A,N/A,811,"51,380","51,385",N/A,N/A,N/A,"51,380","105,272",N/A,N/A,0.00,N/A,"51,380","125,000","25,464",N/A,N/A,N/A,N/A,N/A
236,KODEX 코스닥150,"12,975",하락,40,-0.31%,0,"3,454,826","44,954","12,950","13,059",N/A,N/A,"11,622,895","13,075","12,955",N/A,N/A,N/A,"13,115","249,915",N/A,N/A,0.80,N/A,"12,930","186,812","100,650",N/A,N/A,N/A,N/A,N/A
237,메리츠 KIS CD금리투자 ETN,"54,050",보합,0,0.00%,0,0,0,"54,050","12,891",N/A,N/A,"370,002","54,050","54,055",N/A,N/A,N/A,"60,500","6,096",899,"2,433",18.15,16.58,"59,400","7,811","21,496","6,335","8,108",1.04,"1,200",8.78
238,더블유게임즈,"59,900",보합,0,0.00%,500,"31,816","1,910","60,000","12,876","2,487",7.39,"59,785","59,900","60,100","16,463",16.62,18.69,"54,050","40,000",N/A,N/A,0.00,N/A,"54,050","40,000","23,850",N/A,N/A,N/A,N/A,N/A
239,효성,"76,700",상승,700,+0.92%,"5,000","41,151","3,135","76,600","12,840","2,211",2.64,"61,254","76,200","76,700","43,409",283.53,19.62,"77,000","3,331","18,364","4,843",10.92,10.27,"75,100","10,324","16,740","22,728","29,071",0.59,"3,000",23.04
240,롯데렌탈,"35,100",상승,550,+1.59%,"5,000","61,063","2,162","35,050","12,745","2,848",10.68,"25,409","34,400","35,100","70,066",-6.68,7.51,"35,800","3,443","55,380","1,027",6.78,1.50,"34,400","3,259","36,309","27,924","3,288",0.87,"1,200",1.46
241,SK케미칼,"73,500",상승,700,+0.96%,"5,000","42,053","3,064","73,400","12,682",-452,43.26,"41,362","72,100","73,500","53,670",-154.23,0.41,"73,900","1,184","23,341",-44,10.07,-0.09,"71,500","2,953","17,254","17,368","1,699",0.64,"1,150",-0.69
242,TIGER 미국30년국채커버드콜액티브(H),"7,875",하락,85,-1.07%,0,"1,279,470","10,056","7,870","12,639",N/A,N/A,"1,186,811","7,860","7,875",N/A,N/A,N/A,"7,880","788,677",N/A,N/A,0.02,N/A,"7,850","326,159","160,500",N/A,N/A,N/A,N/A,N/A
243,코오롱인더,"45,800",하락,350,-0.76%,"5,000","135,687","6,246","45,950","12,604","1,587",14.30,"375,715","46,250","46,000","72,481",-20.50,3.06,"46,650","8,048","34,750","1,106",11.97,1.67,"45,350","2,091","27,519","48,430","3,202",0.38,"1,300",2.28
244,LX인터내셔널,"32,500",상승,600,+1.88%,"5,000","137,754","4,445","32,450","12,597","4,892",6.44,"152,743","31,900","32,500","89,309",12.95,7.12,"32,650","6,456","56,113","2,695",21.63,3.18,"31,750","27,777","38,760","166,376","5,044",0.44,"2,000",14.63
245,이수스페셜티케미컬,"41,650",하락,"1,000",-2.34%,"1,000","124,853","5,222","41,500","12,582",142,86.59,"242,808","42,700","41,550","2,995",332.14,9.70,"42,700","15,795","1,779",105,4.90,4.06,"41,400","3,660","30,208","3,321",481,9.94,N/A,182.54
246,HDC,"21,000",하락,"1,750",-7.69%,"5,000","250,442","5,411","21,250","12,546","3,447",6.51,"309,627","22,750","21,300","123,983",10.25,5.65,"23,100","23,639","72,995","2,603",20.67,2.18,"20,950","4,692","59,742","62,003","3,226",0.39,350,4.94
247,에스디바이오센서,"10,280",하락,50,-0.48%,500,"53,917",554,"10,290","12,516",-541,-12.05,"123,899","10,260","10,300","38,885",78.21,-3.43,"10,370","8,689","9,562",-981,6.52,-2.56,"10,220","3,083","121,749","6,946",-853,0.43,200,5.93
248,SK오션플랜트,"20,250",하락,600,-2.88%,500,"238,006","4,856","20,200","12,187",418,71.81,"654,759","21,000","20,300","14,219",-44.72,2.34,"21,000","35,394","7,084",169,3.65,1.18,"20,100","4,837","60,180","6,626",282,1.68,0,-28.43
249,롯데칠성,"130,800",상승,"1,000",+0.77%,500,"16,585","2,175","130,600","12,137","1,849",27.09,"21,033","128,000","130,700","43,725",-12.22,3.99,"132,800",426,"27,941",600,11.91,1.39,"128,000",602,"9,279","40,245","4,828",0.89,"3,400",24.80
250,코스모신소재,"37,050",하락,50,-0.13%,"1,000","172,652","6,327","36,800","12,045",250,80.54,"532,775","37,250","36,850","7,845",-22.65,3.62,"37,300","5,897","2,890",176,9.05,2.42,"36,250","5,435","32,511","5,697",460,2.42,N/A,-9.51
251,롯데에너지머티리얼즈,"23,100",하락,300,-1.28%,500,"41,637",965,"23,100","12,096",-644,-27.40,"156,529","23,300","23,200","22,820",-645.89,0.46,"23,600","5,328","3,801",288,7.81,1.23,"23,000","4,556","52,365","9,023",-843,0.69,N/A,11.53
252,교보증권,"10,530",상승,250,+2.43%,"5,000","327,815","3,396","10,550","12,000","1,139",8.73,"675,161","10,390","10,570","158,983",62.11,6.09,"10,590","5,208","139,126","1,177",1.97,0.75,"10,090","9,040","113,963","31,663","1,206",0.58,500,-15.41
253,쿠쿠홀딩스,"33,300",상승,850,+2.62%,100,"14,979",491,"33,050","11,842","1,032",8.60,"14,871","32,300","33,100","13,699",19.16,12.08,"33,400","1,137","1,735","1,370",12.04,10.47,"32,300",926,"35,562","8,338","3,873",0.87,"1,200",7.97
254,한국카본,"22,750",상승,350,+1.56%,500,"287,280","6,584","22,750","11,809",454,28.02,"655,907","22,300","22,800","8,790",176.01,4.38,"23,350","17,737","4,047",203,13.26,2.43,"22,200","11,133","51,908","7,417",812,2.29,130,24.79
255,삼성화재우,"380,000",상승,"30,000",+8.57%,500,"20,622","7,637","379,000","11,778",N/A,9.70,"9,212","353,000","379,500",N/A,N/A,N/A,"380,000",604,N/A,N/A,29.26,N/A,"353,000","1,029","3,100",N/A,"39,171",1.05,N/A,N/A
256,종근당,"84,000",하락,500,-0.59%,"2,500","10,402",874,"83,800","11,594",995,12.17,"25,843","84,200","83,900","14,588",-59.67,12.76,"84,900","2,475","5,624","1,114",14.77,7.79,"83,800",644,"13,803","15,864","6,903",1.24,"1,050",-4.97
257,효성티앤씨,"267,000",상승,500,+0.19%,"5,000","5,016","1,336","266,500","11,555","2,707",10.56,"26,227","268,000","267,000","47,242",26.87,9.84,"270,000","1,198","29,042","1,838",17.56,4.18,"264,500","1,079","4,328","77,761","25,287",0.80,"10,000",3.31
258,롯데웰푸드,"124,000",하락,300,-0.24%,500,"17,212","2,129","123,400","11,538","1,571",13.48,"16,086","123,800","123,600","43,417",-11.25,4.04,"125,400","1,734","21,153",820,13.35,1.92,"122,500",376,"9,305","40,443","9,197",0.51,"3,300",-0.54
259,TIGER TOP10,"13,295",상승,45,+0.34%,0,"141,526","1,877","13,300","11,533",N/A,N/A,"540,037","13,250","13,305",N/A,N/A,N/A,"13,330","92,831",N/A,N/A,30.21,N/A,"13,165","99,500","86,750",N/A,N/A,N/A,N/A,N/A
260,PLUS K방산,"47,095",상승,15,+0.03%,0,"734,246","34,832","47,010","11,444",N/A,N/A,"1,309,736","47,090","47,035",N/A,N/A,N/A,"48,205","4,637",N/A,N/A,0.42,N/A,"46,900","24,751","24,300",N/A,N/A,N/A,N/A,N/A
261,세아베스틸지주,"31,900",상승,900,+2.90%,"5,000","247,315","7,937","31,950","11,440",523,111.93,"136,682","30,700","32,000","38,266",-73.39,1.04,"33,100","2,500","17,952",203,6.82,0.54,"30,300","1,778","35,862","36,361",285,0.61,"1,200",-10.96
262,LG화학우,"148,000",상승,"2,900",+2.00%,"5,000","49,831","7,279","147,000","11,379",N/A,-12.39,"109,201","145,300","147,100",N/A,N/A,N/A,"148,100",436,N/A,N/A,40.43,N/A,"138,000","1,668","7,689",N/A,"-11,946",0.35,N/A,N/A
263,SK디스커버리,"61,900",하락,300,-0.48%,"5,000","16,318","1,012","61,900","11,357","1,726",15.33,"26,619","62,400","62,000","150,777",-32.78,0.88,"62,700","1,512","86,243",319,14.32,0.23,"58,200","3,933","18,348","90,396","4,037",0.41,"1,700",1.12
264,한샘,"48,150",하락,600,-1.23%,"1,000","31,302","1,510","48,250","11,332",312,10.10,"51,171","48,800","48,300","10,673","1,504.29",43.59,"48,950","1,199","7,166","1,511",13.70,14.27,"47,350","1,046","23,534","19,084","4,768",2.22,"8,530",-2.98
265,DL,"53,000",상승,"1,500",+2.91%,"5,000","84,994","4,496","52,900","11,107","4,125",27.73,"155,027","51,200","53,000","125,353",173.74,2.25,"53,700","1,865","77,492",948,13.90,0.77,"50,500","3,363","20,956","56,154","1,911",0.29,"1,000",11.91
266,롯데리츠,"3,790",하락,60,-1.56%,500,"274,103","1,036","3,770","10,952",420,44.59,"307,473","3,850","3,775","26,236",16.25,0.95,"3,860","43,986","14,542",106,7.80,0.43,"3,745","19,196","288,969",656,85,0.96,112,10.46
267,LX세미콘,"66,800",상승,"2,400",+3.73%,500,"39,712","2,617","67,000","10,865","1,671",8.00,"30,476","64,500","67,100","14,998",29.48,12.69,"67,400",943,"4,202","1,305",31.47,9.65,"64,300","4,696","16,264","18,656","8,349",1.00,"2,400",-1.88
268,지역난방공사,"92,400",상승,"2,100",+2.33%,"5,000","19,975","1,845","92,500","10,699","3,279",3.55,"24,236","89,600","92,700","83,622",4.20,9.65,"93,800",244,"60,940","2,099",5.39,2.57,"89,200","2,718","11,579","35,703","26,013",0.44,"3,879",-9.70
269,가온전선,"64,600",상승,300,+0.47%,"5,000","28,677","1,850","64,500","10,687",450,19.35,"29,245","64,200","64,800","10,429",2.96,6.46,"65,100","1,788","5,892",254,1.87,2.75,"63,700","3,752","16,543","17,271","3,339",2.48,N/A,15.25
270,프레스티지바이오파마,"17,770",하락,660,-3.58%,0,"398,525","7,163","17,650","10,679",-628,48.95,"477,717","18,430","17,680","7,117",9.76,-7.40,"18,880","19,141","1,962",-551,63.81,-7.58,"17,400","1,984","60,096",7,363,2.41,N/A,325.77
271,RISE CD금리액티브(합성),"104,230",하락,10,-0.01%,0,"15,596","1,625","104,230","10,665",N/A,N/A,"88,298","104,250","104,235",N/A,N/A,N/A,"104,250","37,800",N/A,N/A,0.00,N/A,"104,230","41,642","10,232",N/A,N/A,N/A,N/A,N/A
272,SK네트웍스,"4,795",상승,15,+0.31%,"2,500","154,120",735,"4,770","10,610","1,139",30.54,"306,935","4,780","4,780","51,571",41.44,2.29,"4,795","24,565","31,038",463,14.85,0.65,"4,700","31,902","221,278","76,573",157,0.46,300,2.73
273,경동나비엔,"72,700",하락,"1,200",-1.62%,"1,000","24,262","1,769","72,700","10,591","1,326",8.11,"32,049","73,900","72,800","13,589",25.18,19.43,"74,300","3,366","6,635","1,243",11.23,10.28,"72,600",385,"14,569","13,539","8,968",1.46,650,12.42
274,GKL,"17,090",하락,360,-2.06%,500,"156,955","2,710","17,130","10,571",383,27.13,"242,778","17,370","17,150","6,162",-24.88,8.01,"17,510","4,490","2,027",331,15.18,5.27,"17,060","2,397","61,856","3,964",630,2.54,282,-0.08
275,RISE 미국나스닥100,"23,140",하락,35,-0.15%,0,"167,179","3,862","23,130","10,552",N/A,N/A,"215,147","23,110","23,135",N/A,N/A,N/A,"23,140","249,156",N/A,N/A,0.01,N/A,"23,060","252,942","45,600",N/A,N/A,N/A,N/A,N/A
276,롯데정밀화학,"40,700",하락,550,-1.33%,"5,000","17,356",706,"40,650","10,501",504,-56.29,"41,401","40,850","40,700","27,139",-67.46,1.53,"40,950","3,806","3,452",364,17.49,1.35,"40,500","2,871","25,800","16,705",-723,0.44,"1,400",-5.55
277,RISE 단기특수은행채액티브,"50,090",하락,5,-0.01%,0,"40,939","2,050","50,090","10,437",N/A,N/A,"58,328","50,092","50,095",N/A,N/A,N/A,"50,095","138,608",N/A,N/A,0.00,N/A,"50,090","109,515","20,836",N/A,N/A,N/A,N/A,N/A
278,NICE평가정보,"17,280",상승,60,+0.35%,500,"32,105",556,"17,340","10,283",868,13.35,"118,954","17,400","17,350","5,857",32.85,19.48,"17,450","1,197","1,689",760,32.83,14.09,"17,200","3,071","59,507","5,350","1,294",2.51,460,10.15
279,TIGER 종합채권(AA-이상)액티브,"56,870",하락,70,-0.12%,0,"4,557",259,"56,875","10,260",N/A,N/A,"10,745","56,940","56,885",N/A,N/A,N/A,"56,940","38,343",N/A,N/A,0.00,N/A,"56,860","37,278","18,042",N/A,N/A,N/A,N/A,N/A
280,KODEX 2차전지산업,"11,580",하락,10,-0.09%,0,"2,501,049","28,820","11,540","10,179",N/A,N/A,"4,960,212","11,655","11,545",N/A,N/A,N/A,"11,655","79,160",N/A,N/A,0.46,N/A,"11,410","139,674","87,900",N/A,N/A,N/A,N/A,N/A
281,세방전지,"72,200",상승,100,+0.14%,500,"27,725","1,987","72,000","10,108","1,797",5.79,"49,426","71,100","72,200","20,941",38.30,12.22,"72,600","7,043","5,863","1,723",25.72,8.76,"70,400","4,290","14,000","20,595","12,471",0.63,"1,100",22.24
282,TIGER CD1년금리액티브(합성),"1,048,480",상승,55,+0.01%,0,"20,745","21,750","1,048,475","9,994",N/A,N/A,"47,992","1,048,475","1,048,480",N/A,N/A,N/A,"1,048,480","223,235",N/A,N/A,0.00,N/A,"1,048,475","234,431",953,N/A,N/A,N/A,N/A,N/A
283,KODEX 25-12 은행채(AAA)액티브,"103,025",보합,0,0.00%,0,441,45,"103,025","9,953",N/A,N/A,"3,253","103,025","103,030",N/A,N/A,N/A,"103,035","34,695",N/A,N/A,0.00,N/A,"103,025","47,689","9,661",N/A,N/A,N/A,N/A,N/A
284,TIGER 차이나항셍테크,"8,005",하락,65,-0.81%,0,"1,501,107","11,975","7,995","9,946",N/A,N/A,"1,984,648","8,020","8,000",N/A,N/A,N/A,"8,020","278,223",N/A,N/A,0.43,N/A,"7,930","199,381","124,250",N/A,N/A,N/A,N/A,N/A
285,KB발해인프라,"8,100",하락,70,-0.86%,0,"155,260","1,258","8,090","9,926",N/A,N/A,"71,943","8,130","8,100",N/A,N/A,N/A,"8,200","60,381",N/A,N/A,0.26,N/A,"8,090","39,849","122,546",N/A,N/A,N/A,N/A,N/A
286,하나 CD금리투자 ETN,"104,365",상승,10,+0.01%,0,"15,332","1,600","104,365","9,915",N/A,N/A,"16,054","104,370","104,370",N/A,N/A,N/A,"104,370","182,334",N/A,N/A,0.00,N/A,"104,365","182,334","9,500",N/A,N/A,N/A,N/A,N/A
287,KIWOOM 200TR,"56,060",상승,385,+0.69%,0,"17,452",976,"56,050","9,867",N/A,N/A,"182,660","55,660","56,075",N/A,N/A,N/A,"56,210","133,239",N/A,N/A,0.01,N/A,"55,560","123,524","17,600",N/A,N/A,N/A,N/A,N/A
288,TIGER 미국배당다우존스타겟커버드콜2호,"9,635",하락,15,-0.16%,0,"240,348","2,311","9,625","9,861",N/A,N/A,"583,904","9,650","9,630",N/A,N/A,N/A,"9,655","660,727",N/A,N/A,0.01,N/A,"9,600","342,842","102,350",N/A,N/A,N/A,N/A,N/A
289,NHN,"29,000",하락,"1,700",-5.54%,500,"143,341","4,237","29,000","9,792",-326,-7.37,"372,574","30,200","29,050","31,930",-158.67,-8.60,"30,400","7,582","14,277","-1,926",10.37,-5.80,"28,950","1,165","33,766","24,561","-3,937",0.63,500,8.22
290,SOL 조선TOP3플러스,"24,330",하락,265,-1.08%,0,"1,492,468","36,514","24,305","9,768",N/A,N/A,"3,536,545","24,410","24,310",N/A,N/A,N/A,"24,830","68,150",N/A,N/A,0.81,N/A,"24,200","32,601","40,150",N/A,N/A,N/A,N/A,N/A
291,RISE 미국S&P500,"18,640",하락,55,-0.29%,0,"254,858","4,745","18,630","9,749",N/A,N/A,"291,387","18,645","18,635",N/A,N/A,N/A,"18,645","204,831",N/A,N/A,0.01,N/A,"18,585","227,000","52,300",N/A,N/A,N/A,N/A,N/A
292,SNT홀딩스,"59,700",상승,"1,000",+1.70%,500,"11,246",666,"59,000","9,733","2,312",6.76,"15,773","58,700","59,200","28,326",29.14,12.40,"60,700",515,"6,994","2,465",12.66,8.91,"57,800","1,393","16,304","18,205","8,835",0.69,"1,600",-3.97
293,LS에코에너지,"31,575",하락,"1,075",-3.29%,500,"76,864","2,452","31,600","9,670",448,27.43,"62,338","32,600","31,650","4,887",51.81,19.00,"32,600","9,078","2,917",353,2.93,7.88,"31,550","3,662","30,625","8,690","1,151",5.11,200,18.86
294,HS효성첨단소재,"211,500",하락,"3,000",-1.40%,"5,000","6,005","1,269","211,000","9,475","2,197",29.57,"12,845","215,000","211,500","38,208",26.22,5.46,"215,000","1,832","26,634",782,11.57,2.24,"210,000",304,"4,480","33,112","7,152",0.93,"6,500",3.40
295,세아제강지주,"226,000",하락,"5,000",-2.16%,"5,000","8,607","1,937","224,000","9,360","2,116",20.19,"5,357","228,000","225,000","55,556",-64.19,2.25,"229,500","1,255","28,974","1,170",7.34,2.37,"222,500",463,"4,142","36,751","11,193",0.45,"1,800",-6.09
296,한화손해보험,"7,980",상승,470,+6.26%,"5,000","2,288,819","18,217","7,960","9,316","4,357",3.42,"2,779,394","7,590","7,970","198,342",42.15,10.36,"8,150","18,263","168,811","3,160",14.32,1.67,"7,560","29,606","116,739","65,973","2,336",0.45,0,8.64
297,동원시스템즈,"31,950",하락,350,-1.08%,"5,000","11,081",353,"31,850","9,263",919,13.84,"19,188","32,000","31,900","15,526",13.67,9.01,"32,250","3,486","7,162",725,14.17,4.70,"31,750",762,"28,991","13,343","2,309",1.13,600,4.51
298,ACE 테슬라밸류체인액티브,"14,775",상승,180,+1.23%,0,"1,529,106","22,518","14,780","9,227",N/A,N/A,"2,206,070","14,620","14,785",N/A,N/A,N/A,"14,830","201,913",N/A,N/A,0.45,N/A,"14,570","185,714","62,450",N/A,N/A,N/A,N/A,N/A
299,ESR켄달스퀘어리츠,"4,330",하락,55,-1.25%,"1,000","140,856",610,"4,340","9,227",266,56.23,"227,737","4,385","4,345","25,252",9.74,0.33,"4,385","18,864","14,405",36,42.75,0.15,"4,295","10,127","213,089",569,77,0.88,137,7.40
300,SOL 종합채권(AA-이상)액티브,"115,145",하락,80,-0.07%,0,179,20,"115,100","9,160",N/A,N/A,"1,811","114,990","115,130",N/A,N/A,N/A,"115,165","18,003",N/A,N/A,0.00,N/A,"114,990","12,004","7,955",N/A,N/A,N/A,N/A,N/A
301,SNT모티브,"34,000",상승,150,+0.44%,"5,000","27,778",943,"34,000","9,024",981,9.14,"35,201","33,800","34,050","12,418",-15.86,10.82,"34,300","1,705","2,570","1,043",17.95,8.51,"33,400","1,768","26,540","9,689","3,718",0.82,937,-14.73
302,TIGER 2차전지테마,"14,530",하락,75,-0.51%,0,"565,706","8,188","14,475","9,009",N/A,N/A,"979,008","14,590","14,480",N/A,N/A,N/A,"14,635","148,375",N/A,N/A,0.91,N/A,"14,350","109,970","62,000",N/A,N/A,N/A,N/A,N/A
303,유안타증권,"4,495",상승,115,+2.63%,"5,000","1,073,216","4,746","4,485","8,972",948,19.89,"1,292,126","4,385","4,490","168,003",-26.62,4.52,"4,500","40,795","151,660",730,64.83,0.44,"4,325","104,523","199,597","27,127",226,0.58,200,-4.98
304,하나투어,"57,900",상승,"1,000",+1.76%,500,"99,708","5,685","57,700","8,969",509,12.90,"47,387","56,900","57,800","6,688",49.55,47.19,"58,600","5,820","4,883",991,14.74,15.09,"55,500","11,456","15,490","6,166","4,487",5.93,"2,300",49.80
305,GS피앤엘,"44,950",상승,"2,300",+5.39%,"1,000","224,456","10,224","45,400","8,914",0,-78.45,"221,627","43,400","45,450","22,696",N/A,N/A,"46,500","3,377","10,328",-11,8.36,N/A,"43,200","2,107","19,831",383,-573,1.06,N/A,N/A
306,TIGER 단기통안채,"110,835",상승,5,0.00%,0,"7,933",879,"110,830","8,847",N/A,N/A,"8,693","110,840","110,835",N/A,N/A,N/A,"110,840","61,196",N/A,N/A,1.48,N/A,"110,830","53,403","7,982",N/A,N/A,N/A,N/A,N/A
307,KODEX Top5PlusTR,"27,660",상승,300,+1.10%,0,"22,181",611,"27,630","8,824",N/A,N/A,"22,754","27,360","27,650",N/A,N/A,N/A,"27,675","16,061",N/A,N/A,15.68,N/A,"27,330","27,175","31,900",N/A,N/A,N/A,N/A,N/A
308,CJ CGV,"5,320",상승,60,+1.14%,500,"104,184",555,"5,330","8,809",759,-4.91,"209,252","5,280","5,340","39,970",54.76,-30.74,"5,380","22,472","34,203","-1,755",5.31,-4.88,"5,250","41,801","165,581","19,579","-1,084",1.34,0,26.66
309,SOL 초단기채권액티브,"53,380",보합,0,0.00%,0,"264,141","14,100","53,380","8,798",N/A,N/A,"316,667","53,380","53,385",N/A,N/A,N/A,"53,385","268,678",N/A,N/A,0.01,N/A,"53,375","287,585","16,482",N/A,N/A,N/A,N/A,N/A
310,대덕전자,"17,760",상승,110,+0.62%,500,"105,858","1,868","17,720","8,776",113,56.92,"273,745","17,680","17,730","10,887",-52.56,2.73,"17,780","2,881","2,132",238,7.83,2.14,"17,560","5,330","49,417","8,921",312,1.08,400,-1.93
311,영풍,"45,600",하락,650,-1.41%,500,"14,547",663,"45,650","8,713","-1,607",21.02,"41,759","45,800","45,700","57,017",5.37,-6.81,"46,300","2,665","17,164","-3,278",10.02,-5.82,"45,200",338,"19,108","27,874","2,169",0.21,24,-25.90
312,ACE 종합채권(AA-이상)KIS액티브,"108,705",하락,65,-0.06%,0,"1,559",169,"108,635","8,702",N/A,N/A,"2,387","108,745","108,705",N/A,N/A,N/A,"108,745","15,001",N/A,N/A,0.00,N/A,"108,605","11,552","8,005",N/A,N/A,N/A,N/A,N/A
313,빙그레,"91,000",보합,0,0.00%,"5,000","34,184","3,113","90,900","8,696","1,313",9.29,"64,444","90,500","91,000","10,031",16.95,15.14,"92,300","2,217","2,812","1,032",21.01,10.90,"89,700","2,117","9,556","14,630","9,794",1.14,"3,300",4.93
314,1Q 머니마켓액티브,"52,430",상승,5,+0.01%,0,"90,641","4,752","52,425","8,668",N/A,N/A,"71,892","52,425","52,430",N/A,N/A,N/A,"52,430","219,758",N/A,N/A,0.00,N/A,"52,425","223,163","16,532",N/A,N/A,N/A,N/A,N/A
315,삼양홀딩스,"99,300",하락,700,-0.70%,"5,000","17,221","1,702","99,000","8,649","1,275",34.89,"45,862","100,000","99,100","52,905",34.53,1.38,"100,000","2,289","22,924",895,7.78,1.71,"98,100","1,041","8,710","35,533","2,846",0.36,"3,500",10.66
316,동원F&B,"44,700",보합,0,0.00%,"1,000",0,0,0,"8,625","1,835",7.25,0,0,0,"21,457",10.04,12.43,0,0,"10,627","1,278",7.50,5.88,0,0,"19,296","44,836","6,169",0.78,800,2.82
317,이노션,"21,450",상승,500,+2.39%,500,"65,538","1,390","21,150","8,580","1,557",9.90,"70,715","21,000","21,200","27,146",3.76,10.48,"21,450","5,475","16,827","1,161",25.82,4.40,"20,950","12,150","40,000","21,206","2,166",0.87,"1,175",1.32
318,DI동일,"42,450",보합,0,0.00%,500,"12,368",526,"42,500","8,369",78,-305.40,"58,548","42,450","42,600","10,137",23.89,0.28,"42,900","5,182","4,494",25,6.92,0.25,"42,200","2,639","19,716","6,517",-139,1.58,262,-4.56
319,대상,"24,000",상승,400,+1.69%,"1,000","107,618","2,583","23,900","8,316","1,769",8.38,"128,041","23,500","23,950","35,098",43.02,6.94,"24,350","8,860","20,622",967,19.06,2.83,"23,500","10,030","34,648","42,551","2,865",0.61,850,3.59
320,F&F홀딩스,"21,150",상승,150,+0.71%,500,"53,174","1,122","21,200","8,273","4,164",8.05,"62,236","21,100","21,250","40,333",-19.06,4.92,"21,600","2,556","6,634","3,220",0.06,8.18,"20,550","5,001","39,114","18,983","2,627",0.37,450,-4.43
321,솔루엠,"17,270",상승,320,+1.89%,500,"149,840","2,610","17,400","8,258",691,28.22,"112,417","16,990","17,410","9,827",-55.29,9.48,"17,600","6,365","5,484",377,18.17,3.92,"16,990","3,214","47,816","15,944",612,1.90,0,-18.28
322,태영건설,"2,780",하락,30,-1.07%,500,"49,880",139,"2,780","8,186",206,50.55,"58,839","2,835","2,785","43,239",105.10,61.93,"2,860","18,647","37,967",668,0.21,1.49,"2,740","10,368","294,468","26,862",55,1.69,0,-19.89
323,케이카,"16,810",상승,800,+5.00%,500,"212,224","3,524","16,850","8,099",681,17.37,"190,501","16,150","16,860","5,248",15.41,19.09,"16,920","1,113","2,991",440,10.21,8.15,"16,110","2,125","48,182","23,015",968,3.63,"1,150",12.40
324,STX엔진,"20,150",하락,200,-0.98%,"2,500","48,197",978,"20,150","8,090",422,15.88,"157,043","20,500","20,200","9,688",123.85,10.15,"20,700","15,822","6,922",272,2.99,2.91,"19,990","4,879","40,148","7,246","1,269",2.83,0,14.95
325,TIGER 미국30년국채스트립액티브(합성 H),"37,035",하락,800,-2.11%,0,"329,350","12,183","37,040","8,048",N/A,N/A,"179,722","36,965","37,055",N/A,N/A,N/A,"37,090","40,866",N/A,N/A,0.07,N/A,"36,930","35,115","21,732",N/A,N/A,N/A,N/A,N/A
326,파미셀,"13,410",상승,"1,270",+10.46%,500,"1,650,919","21,305","12,780","8,048",47,49.85,"1,694,147","12,180","12,790",993,259.23,7.59,"13,630","7,080",128,63,8.55,6.60,"12,180","9,201","60,017",649,269,8.59,20,15.34
327,동아쏘시오홀딩스,"122,800",상승,"1,300",+1.07%,"5,000","4,937",606,"122,700","8,027",821,11.79,"6,826","124,400","122,900","20,305",6.78,5.63,"124,400",56,"9,665",576,13.73,2.89,"120,500","2,425","6,536","13,332","10,412",0.74,"1,797",17.78
328,SOL 미국배당다우존스,"10,995",하락,40,-0.36%,0,"246,713","2,710","10,985","7,960",N/A,N/A,"270,572","11,010","10,995",N/A,N/A,N/A,"11,010","151,025",N/A,N/A,0.03,N/A,"10,965","131,085","72,400",N/A,N/A,N/A,N/A,N/A
329,녹십자홀딩스,"16,750",상승,20,+0.12%,500,"38,783",648,"16,740","7,877",-107,12.25,"56,250","16,560","16,750","36,706",34.81,2.43,"16,860","1,534","18,184",-111,10.37,-0.30,"16,250","3,217","47,028","22,049","1,367",0.79,500,7.14
330,미원상사,"165,800",하락,"1,400",-0.84%,500,"1,129",187,"165,500","7,876",599,14.29,"1,458","167,200","165,800","4,787",-10.85,12.99,"167,200",204,782,505,3.11,10.92,"165,200","1,531","4,750","4,358","11,599",1.90,"2,000",3.43
331,덴티움,"70,300",상승,600,+0.86%,500,"35,432","2,484","70,300","7,781",985,11.34,"78,359","69,700","70,400","8,944",-28.77,14.27,"71,000","2,928","3,409",724,15.37,8.68,"68,600","1,669","11,069","4,078","6,198",1.08,600,3.72
332,미원에스씨,"155,200",상승,200,+0.13%,500,422,65,"154,900","7,760",588,13.56,"1,743","153,700","155,000","5,121",160.87,14.00,"157,900",140,"1,058",546,0.55,11.21,"153,700",20,"5,000","5,093","11,447",1.83,"2,500",16.36
333,한화3우B,"39,800",상승,350,+0.89%,"5,000","98,679","3,935","39,800","7,723",N/A,3.80,"100,847","39,200","39,850",N/A,N/A,N/A,"40,300","4,904",N/A,N/A,23.37,N/A,"39,000","7,015","19,404",N/A,"10,464",0.36,N/A,N/A
334,TIGER 미국나스닥100타겟데일리커버드콜,"9,720",보합,0,0.00%,0,"346,144","3,357","9,710","7,654",N/A,N/A,"426,920","9,710","9,715",N/A,N/A,N/A,"9,720","309,079",N/A,N/A,0.02,N/A,"9,680","203,930","78,750",N/A,N/A,N/A,N/A,N/A
335,KG모빌리티,"3,775",상승,30,+0.80%,"1,000","103,957",390,"3,775","7,640",14,-43.39,"161,745","3,750","3,780","31,045",-88.58,2.70,"3,790","16,021","16,839",338,23.29,1.18,"3,725","35,577","202,375","39,051",-87,0.52,0,4.52
336,KODEX 25-11 은행채(AA-이상)PLUS액티브,"10,600",보합,0,0.00%,0,"2,564",27,"10,590","7,603",N/A,N/A,"9,029","10,600","10,600",N/A,N/A,N/A,"10,600","399,503",N/A,N/A,0.07,N/A,"10,590","401,194","71,730",N/A,N/A,N/A,N/A,N/A
337,N2 KIS CD금리투자 ETN,"54,045",보합,0,0.00%,0,0,0,"54,050","7,566",N/A,N/A,0,"54,045","54,055",N/A,N/A,N/A,"54,045","80,000",N/A,N/A,0.00,N/A,"54,045","80,000","14,000",N/A,N/A,N/A,N/A,N/A
338,SK이터닉스,"22,375",하락,425,-1.86%,200,"297,705","6,680","22,350","7,552",376,30.32,"928,946","22,600","22,400","7,317",N/A,N/A,"22,700","66,445","4,897",224,5.01,N/A,"22,250","14,751","33,754","3,322",738,3.11,N/A,N/A
339,KODEX 미국S&P500(H),"14,295",하락,75,-0.52%,0,"199,813","2,858","14,290","7,548",N/A,N/A,"431,889","14,325","14,295",N/A,N/A,N/A,"14,365","164,573",N/A,N/A,0.29,N/A,"14,280","145,417","52,800",N/A,N/A,N/A,N/A,N/A
340,KODEX 반도체,"37,360",하락,85,-0.23%,0,"649,499","24,303","37,390","7,528",N/A,N/A,"1,583,975","37,245","37,405",N/A,N/A,N/A,"37,620","8,528",N/A,N/A,0.80,N/A,"37,125","6,349","20,150",N/A,N/A,N/A,N/A,N/A
341,TIGER 단기채권액티브,"55,925",하락,5,-0.01%,0,"35,235","1,970","55,920","7,513",N/A,N/A,"64,352","55,930","55,925",N/A,N/A,N/A,"55,935","66,083",N/A,N/A,0.00,N/A,"55,920","53,082","13,434",N/A,N/A,N/A,N/A,N/A
342,LX홀딩스,"9,790",상승,60,+0.62%,"1,000","242,414","2,371","9,790","7,468","1,560",4.17,"459,435","9,740","9,800","19,050",113.21,9.08,"9,840","10,252",357,"1,603",12.38,8.90,"9,670","15,008","76,281","1,945","2,346",0.40,290,64.67
343,신풍제약,"14,010",하락,500,-3.45%,500,"181,854","2,585","14,010","7,423",-205,-54.94,"225,387","14,590","14,020","3,421",56.84,-5.85,"14,650","8,943",840,-154,4.38,-4.44,"13,960","1,575","52,985","2,211",-255,2.81,N/A,10.42
344,PLUS 200,"44,010",상승,295,+0.67%,0,"89,498","3,927","44,010","7,372",N/A,N/A,"407,373","43,590","44,020",N/A,N/A,N/A,"44,115","64,949",N/A,N/A,3.06,N/A,"43,580","52,117","16,750",N/A,N/A,N/A,N/A,N/A
345,코오롱,"58,300",상승,"3,400",+6.19%,"5,000","378,125","21,758","58,000","7,361",-896,5.10,"388,008","54,500","58,100","70,405",-190.15,12.49,"59,600","3,678","46,926","1,576",4.03,2.57,"54,000","7,218","12,626","60,284","11,430",0.48,550,2.55
346,KODEX 200타겟위클리커버드콜,"11,220",상승,50,+0.45%,0,"2,933,636","32,864","11,220","7,315",N/A,N/A,"7,046,495","11,160","11,225",N/A,N/A,N/A,"11,245","303,992",N/A,N/A,0.05,N/A,"11,145","489,496","65,200",N/A,N/A,N/A,N/A,N/A
347,보령,"8,510",하락,130,-1.50%,500,"45,765",393,"8,540","7,300",705,13.79,"104,601","8,610","8,550","11,641",3.23,10.45,"8,670","7,543","3,796",696,7.05,6.70,"8,510","9,568","85,787","10,171",617,0.92,100,18.32
348,한화리츠,"4,060",상승,20,+0.50%,500,"156,206",632,"4,065","7,292",309,58.84,"235,871","4,040","4,070","15,552",137.96,2.06,"4,070","27,500","8,461",108,0.67,0.95,"4,020","29,030","179,600",504,69,1.03,N/A,121.19
349,전진건설로봇,"49,800",하락,800,-1.58%,500,"47,997","2,390","49,600","7,267",313,24.13,"108,043","50,500","49,650","2,192",-4.74,24.55,"50,600","4,814",648,314,0.67,16.64,"49,350","1,560","14,593","1,698","2,064",5.16,"1,277",7.21
350,풍산홀딩스,"50,200",하락,"1,700",-3.28%,"5,000","80,133","4,081","50,100","7,237","1,047",7.11,"107,066","52,000","50,200","13,191",54.41,9.41,"53,100","6,923","2,037","1,000",15.45,7.95,"49,950","4,438","14,417","4,494","7,062",0.64,"1,400",10.49
351,ACE 미국빅테크TOP7 Plus,"18,335",상승,120,+0.66%,0,"609,386","11,144","18,325","7,233",N/A,N/A,"1,228,472","18,230","18,330",N/A,N/A,N/A,"18,335","74,126",N/A,N/A,0.01,N/A,"18,225","163,366","39,450",N/A,N/A,N/A,N/A,N/A
352,SNT에너지,"34,950",하락,850,-2.37%,500,"95,300","3,359","35,000","7,228",222,20.84,"199,793","35,700","35,050","5,166",7.04,11.90,"36,050","8,881","2,103",346,6.48,7.37,"34,850","1,242","20,681","2,943","1,677",2.24,500,-8.60
353,KODEX 26-12 회사채(AA-이상)액티브,"10,830",하락,5,-0.05%,0,"13,929",150,"10,830","7,227",N/A,N/A,"35,848","10,830","10,835",N/A,N/A,N/A,"10,835","152,789",N/A,N/A,0.13,N/A,"10,830","163,997","66,730",N/A,N/A,N/A,N/A,N/A
354,현대홈쇼핑,"59,900",상승,"2,200",+3.81%,"5,000","38,696","2,293","59,800","7,188","1,301",8.63,"13,277","58,000","59,900","51,751",117.05,7.43,"60,000","1,576","13,396","1,742",14.43,4.05,"57,300","11,158","12,000","38,535","6,942",0.30,"2,800",86.66
355,부국증권,"69,000",상승,"1,600",+2.37%,"5,000","51,409","3,415","68,700","7,155",367,28.73,"1,238,112","65,100","68,800","16,514",-46.93,4.05,"69,000","1,967","8,811",310,1.14,1.81,"65,100","1,485","10,370","7,792","2,402",0.79,"1,500",-4.40
356,KODEX MSCI Korea TR,"14,225",상승,130,+0.92%,0,"2,049",29,"14,215","7,141",N/A,N/A,"14,022","14,185","14,235",N/A,N/A,N/A,"14,260","43,060",N/A,N/A,1.30,N/A,"14,160","42,801","50,200",N/A,N/A,N/A,N/A,N/A
357,TKG휴켐스,"17,240",하락,300,-1.71%,"1,000","51,777",894,"17,240","7,047",808,11.42,"55,833","17,410","17,250","11,682",-33.35,9.09,"17,540","5,847","2,933",775,8.56,6.83,"17,190",725,"40,879","11,882","1,509",0.78,"1,000",12.88
358,TIGER Fn반도체TOP10,"12,015",하락,5,-0.04%,0,"1,028,116","12,391","12,035","7,023",N/A,N/A,"2,701,608","11,980","12,045",N/A,N/A,N/A,"12,130","96,413",N/A,N/A,0.54,N/A,"11,945","79,965","58,450",N/A,N/A,N/A,N/A,N/A
359,아세아,"332,500",하락,"5,000",-1.48%,"5,000","1,227",414,"333,000","6,930","1,724",13.25,"1,140","337,500","333,500","33,343",-28.28,5.58,"341,000",567,"13,044","1,084",7.99,3.28,"332,500",574,"2,084","20,074","25,096",0.48,"5,330",-5.13
360,TIGER 리츠부동산인프라,"4,265",하락,30,-0.70%,0,"1,773,966","7,563","4,255","6,918",N/A,N/A,"1,610,586","4,285","4,260",N/A,N/A,N/A,"4,285","495,037",N/A,N/A,0.06,N/A,"4,250","294,412","162,200",N/A,N/A,N/A,N/A,N/A
361,제주은행,"18,020",상승,180,+1.01%,"5,000","1,643,046","29,722","17,930","6,811",114,64.59,"1,932,734","17,930","17,940","74,448",335.46,1.85,"18,450","5,403","68,547",104,1.53,0.14,"17,510","4,467","37,799","3,797",279,0.98,100,2.30
362,삼천리,"167,500",하락,"4,500",-2.62%,"5,000","24,792","4,202","167,600","6,792","1,143",6.20,"85,628","175,100","167,700","45,182",-34.49,6.55,"175,200",686,"27,577","1,217",12.50,2.72,"166,900",182,"4,055","51,205","27,036",0.35,"3,000",-9.60
363,KODEX 미국빅테크10(H),"51,480",하락,355,-0.68%,0,"82,044","4,218","51,460","6,770",N/A,N/A,"113,344","51,515","51,465",N/A,N/A,N/A,"51,515","19,981",N/A,N/A,0.00,N/A,"51,350","40,394","13,150",N/A,N/A,N/A,N/A,N/A
364,E1,"98,500",상승,200,+0.20%,"5,000","9,212",912,"98,700","6,757","2,176",6.46,"20,478","98,700","98,900","145,398",133.55,3.83,"99,800","1,089","123,507",656,5.76,0.69,"98,100",388,"6,860","111,924","15,251",0.33,"3,450",42.98
365,한국단자,"66,700",상승,"1,100",+1.68%,500,"15,276","1,009","66,600","6,747","1,713",5.14,"48,264","65,700","66,700","15,643",53.31,14.16,"66,800","2,613","4,880","1,425",24.00,9.54,"65,000","2,964","10,115","15,098","12,988",0.63,"2,200",16.41
366,율촌화학,"27,150",하락,700,-2.51%,500,"117,214","3,183","27,100","6,733",-184,-31.72,"102,073","27,800","27,200","6,555",-13.30,-2.86,"27,850","30,265","3,645",-85,5.40,-1.28,"26,850","3,085","24,800","4,571",-856,2.29,250,10.28
367,LG전자우,"38,800",상승,650,+1.70%,"5,000","86,268","3,365","38,750","6,668",N/A,10.14,"40,683","38,150","38,800",N/A,N/A,N/A,"39,600","3,615",N/A,N/A,44.80,N/A,"38,050","4,403","17,186",N/A,"3,825",0.32,N/A,N/A
368,신한알파리츠,"5,510",하락,90,-1.61%,"1,000","223,605","1,236","5,520","6,664",451,65.60,"267,280","5,600","5,530","26,622",40.12,1.65,"5,600","57,407","18,343",124,10.69,0.53,"5,490","43,206","120,940",686,84,1.06,175,28.47
369,KODEX 인버스,"3,490",하락,20,-0.57%,0,"39,652,957","138,700","3,485","6,659",N/A,N/A,"61,405,696","3,515","3,490",N/A,N/A,N/A,"3,525","9,653,291",N/A,N/A,2.73,N/A,"3,480","5,991,490","190,800",N/A,N/A,N/A,N/A,N/A
370,대한유화,"102,400",하락,"1,800",-1.73%,"5,000","17,456","1,786","102,400","6,656",-599,648.10,"77,253","103,100","102,500","22,197",3.90,-0.47,"103,900",690,"4,121",-85,8.31,-0.39,"100,400","1,064","6,500","28,001",158,0.35,"1,000",12.01
371,KG스틸,"6,630",하락,10,-0.15%,"5,000","58,895",389,"6,620","6,631","2,060",3.77,"122,873","6,670","6,630","33,414",-26.53,6.93,"6,670","13,177","13,812","1,325",6.94,4.05,"6,560","15,665","100,009","33,010","1,757",0.32,250,-3.76
372,KODEX 미국30년국채타겟커버드콜(합성 H),"8,480",하락,100,-1.17%,0,"947,731","8,027","8,480","6,585",N/A,N/A,"2,529,932","8,470","8,485",N/A,N/A,N/A,"8,485","687,718",N/A,N/A,0.10,N/A,"8,460","872,659","77,650",N/A,N/A,N/A,N/A,N/A
373,아이에스동서,"21,700",하락,300,-1.36%,500,"7,189",156,"21,700","6,551","1,697",-3.64,"26,392","22,050","21,750","35,540",-50.17,-10.19,"22,050","4,373","19,968","-1,602",4.53,-4.11,"21,600","2,502","30,187","15,146","-5,961",0.48,"1,000",-25.37
374,ACE 미국배당다우존스,"12,145",하락,50,-0.41%,0,"165,224","2,004","12,135","6,510",N/A,N/A,"268,239","12,145","12,140",N/A,N/A,N/A,"12,145","207,295",N/A,N/A,0.01,N/A,"12,110","207,780","53,600",N/A,N/A,N/A,N/A,N/A
375,쿠쿠홈시스,"29,000",상승,"1,350",+4.88%,100,"57,768","1,653","29,000","6,507","1,648",5.35,"31,583","27,500","29,050","13,816",13.77,14.00,"29,050","1,915","3,349","1,361",6.91,10.81,"27,500","11,170","22,437","10,572","5,424",0.69,"1,000",10.75
376,키움 CD금리투자 ETN,"104,050",상승,10,+0.01%,0,"7,690",800,"104,050","6,472",N/A,N/A,"7,694","104,055","104,055",N/A,N/A,N/A,"104,055","586,155",N/A,N/A,0.00,N/A,"104,050","586,155","6,220",N/A,N/A,N/A,N/A,N/A
377,HJ중공업,"7,770",상승,150,+1.97%,"5,000","525,585","4,092","7,750","6,470",73,-189.51,"583,646","7,540","7,760","22,044",106.67,1.56,"7,920","7,656","18,610",52,2.16,0.21,"7,540","49,656","83,274","18,860",-41,1.86,N/A,-12.77
378,일진하이솔루스,"17,750",상승,620,+3.62%,500,"78,144","1,375","17,820","6,446",-95,806.82,"88,771","17,300","17,830","3,443",2.89,0.57,"17,910",986,268,18,4.10,0.53,"17,180","2,346","36,313",793,22,2.03,N/A,0.71
379,현대차증권,"10,410",상승,480,+4.83%,"5,000","439,413","4,458","10,370","6,437",547,10.57,"561,557","10,000","10,390","119,920",-16.08,2.80,"10,430","7,339","106,899",362,4.44,0.31,"9,930","6,442","61,833","17,956",985,0.49,153,13.49
380,한국금융지주우,"108,100",상승,"3,100",+2.95%,"5,000","64,772","6,869","107,600","6,333",N/A,5.75,"56,635","104,000","107,700",N/A,N/A,N/A,"108,200","1,234",N/A,N/A,17.66,N/A,"104,000","6,995","5,858",N/A,"18,792",0.64,N/A,N/A
381,금양,"9,900",보합,0,0.00%,500,0,0,0,"6,333",-560,-4.09,0,0,0,"12,569",-283.36,-40.88,0,0,"7,624","-1,861",5.59,-18.99,0,0,"63,967","1,537","-2,420",1.27,0,1.12
382,한국쉘석유,"486,500",상승,"1,000",+0.21%,"5,000","1,661",807,"486,000","6,324",460,16.49,"6,137","485,500","486,500","1,913",8.65,28.93,"488,500",167,640,367,59.90,19.31,"479,500",463,"1,300","3,272","29,500",5.91,"27,000",2.09
383,넥센타이어,"6,470",상승,40,+0.62%,500,"92,757",602,"6,460","6,319","1,721",5.38,"89,298","6,450","6,480","45,745",-7.94,7.10,"6,570","11,542","27,029","1,267",6.87,2.88,"6,400","8,802","97,668","28,479","1,203",0.35,130,5.41
384,카프로,"3,660",보합,0,0.00%,500,0,0,0,"6,185",-324,17.43,0,0,0,"2,392",17.95,102.36,0,0,"1,510",332,0.08,14.56,0,0,"169,000",71,210,7.77,N/A,-90.64
385,KODEX 국고채30년액티브,"121,445",하락,370,-0.30%,0,"6,604",802,"121,440","6,173",N/A,N/A,"16,579","121,810","121,480",N/A,N/A,N/A,"121,810","10,018",N/A,N/A,0.01,N/A,"121,290","16,188","5,083",N/A,N/A,N/A,N/A,N/A
386,대한해운,"1,909",상승,19,+1.01%,500,"5,595,442","10,614","1,903","6,161","3,286",4.11,"12,040,932","1,902","1,906","45,804",31.48,8.93,"1,916","26,471","22,907","1,648",5.24,3.54,"1,859","229,792","322,747","17,472",465,0.29,0,25.03
387,롯데손해보험,"1,978",상승,33,+1.70%,"1,000","814,483","1,596","1,972","6,138",311,-116.35,"1,273,823","1,949","1,974","155,415",-91.73,2.31,"1,992","11,366","147,472",242,1.18,0.16,"1,918","7,201","310,336","31,515",-17,1.21,N/A,23.15
388,KODEX 단기채권,"113,645",보합,0,0.00%,0,"6,322",718,"113,645","6,132",N/A,N/A,"9,457","113,655","113,650",N/A,N/A,N/A,"113,655","93,103",N/A,N/A,0.01,N/A,"113,645","130,833","5,396",N/A,N/A,N/A,N/A,N/A
389,신대양제지,"15,200",상승,440,+2.98%,500,"37,213",559,"15,220","6,125",293,20.97,"92,596","14,800","15,280","8,759",-49.95,6.00,"15,360","3,799","1,838",333,2.78,3.80,"14,800","3,571","40,298","6,585",725,0.77,200,2.04
390,TIGER 은행고배당플러스TOP10,"21,115",상승,630,+3.08%,0,"1,816,793","38,036","21,110","6,123",N/A,N/A,"1,791,027","20,560","21,115",N/A,N/A,N/A,"21,150","38,414",N/A,N/A,0.53,N/A,"20,555","42,937","29,000",N/A,N/A,N/A,N/A,N/A
391,삼양사,"58,600",보합,0,0.00%,"5,000","15,660",917,"58,600","6,044","1,335",5.42,"25,783","58,600","58,700","33,199",17.95,7.53,"59,500","2,516","13,722","1,364",5.01,4.18,"58,000","4,661","10,313","26,718","10,808",0.33,"1,750",0.77
392,애경케미칼,"12,390",하락,630,-4.84%,500,"521,738","6,515","12,420","6,028",155,127.73,"1,468,589","12,800","12,430","13,564",-65.69,0.54,"12,830","43,656","6,155",85,0.00,0.64,"12,340","8,722","48,649","16,422",97,0.83,281,-8.45
393,유니드,"89,000",하락,"3,300",-3.58%,"5,000","53,771","4,792","89,200","6,023",954,7.83,"38,180","91,900","89,300","13,648",197.62,7.96,"92,000","4,354","3,525",762,10.49,5.81,"88,200",547,"6,768","11,116","11,360",0.58,"1,800",-1.95
394,대신증권우,"23,000",상승,200,+0.88%,"5,000","59,020","1,346","22,950","5,980",N/A,12.45,"90,810","23,000","23,000",N/A,N/A,N/A,"23,050","11,602",N/A,N/A,14.84,N/A,"22,550","13,307","26,000",N/A,"1,848",0.50,N/A,N/A
395,CJ4우(전환),"141,300",상승,"9,700",+7.37%,"5,000","31,780","4,436","141,100","5,972",N/A,50.74,"10,813","133,000","141,300",N/A,N/A,N/A,"142,300",169,N/A,N/A,5.11,N/A,"132,600","2,559","4,227",N/A,"2,785",0.87,N/A,N/A
396,신성통상,"4,140",상승,15,+0.36%,500,"749,612","3,084","4,135","5,950","1,218",9.12,"1,451,571","4,095","4,145","11,626",-15.22,16.24,"4,155","66,388","6,780",737,0.50,6.61,"4,060","51,024","143,708","15,079",454,1.15,N/A,-2.25
397,세진중공업,"10,430",하락,180,-1.70%,500,"255,929","2,691","10,410","5,929",360,27.23,"356,170","10,610","10,430","6,209",7.23,6.16,"10,780","13,169","3,715",220,6.07,3.78,"10,360","2,780","56,849","3,524",383,3.13,200,-8.43
398,한일홀딩스,"19,210",상승,370,+1.96%,"1,000","14,455",276,"19,230","5,923","2,793",6.34,"15,923","18,840","19,240","37,090",6.60,7.56,"19,410",799,"14,048","1,985",4.12,5.46,"18,840",474,"30,833","22,487","3,032",0.37,930,-4.84
399,솔루스첨단소재,"8,390",하락,260,-3.01%,100,"145,462","1,224","8,360","5,891",-544,-59.50,"263,663","8,670","8,370","20,794",25.67,0.62,"8,680","13,798","9,879",-427,3.77,-2.26,"8,300","5,207","70,217","5,709",-141,1.01,10,32.96
400,TIGER 200 IT,"33,100",상승,135,+0.41%,0,"27,994",928,"33,160","5,885",N/A,N/A,"100,250","32,965","33,165",N/A,N/A,N/A,"33,340","48,097",N/A,N/A,0.10,N/A,"32,885","30,127","17,780",N/A,N/A,N/A,N/A,N/A
401,현대그린푸드,"17,750",상승,50,+0.28%,500,"18,904",336,"17,760","5,882",967,7.93,"14,487","17,710","17,780","9,556",49.10,11.41,"17,930","1,652","2,854",745,14.24,8.11,"17,650",932,"33,136","22,704","2,238",0.86,335,24.27
402,코스모화학,"15,280",하락,140,-0.91%,"1,000","78,794","1,207","15,250","5,869",-20,-9.79,"200,927","15,490","15,260","12,043",-166.57,-24.71,"15,600","2,139","6,136",-523,7.00,-4.56,"15,150","2,046","38,408","7,493","-1,561",2.58,N/A,-6.22
403,KIWOOM 국고채10년,"116,070",하락,350,-0.30%,0,"4,117",478,"116,115","5,856",N/A,N/A,"7,733","116,265","116,125",N/A,N/A,N/A,"116,265","23,302",N/A,N/A,0.01,N/A,"116,050","25,471","5,045",N/A,N/A,N/A,N/A,N/A
404,제주항공,"7,250",상승,20,+0.28%,"1,000","139,557","1,013","7,230","5,846",799,-10.04,"128,437","7,230","7,240","19,985",-52.94,6.84,"7,330","25,114","16,744",217,2.59,1.09,"7,170","12,846","80,641","19,358",-722,2.01,N/A,12.28
405,YG PLUS,"9,120",하락,230,-2.46%,500,"1,952,194","18,474","9,160","5,785",-7,71.81,"2,572,938","9,780","9,170","2,378",-103.45,0.73,"9,980","35,713",686,20,3.35,0.86,"9,100","10,280","63,429","1,849",127,3.39,N/A,-17.32
406,LF,"19,720",상승,650,+3.41%,"5,000","64,515","1,260","19,710","5,766","1,261",7.56,"65,717","19,070","19,720","29,150",119.84,4.87,"19,800","27,020","11,422",906,13.49,3.20,"19,000","5,808","29,240","19,563","2,610",0.34,700,2.92
407,케이씨텍,"27,650",하락,300,-1.07%,500,"35,541",987,"27,600","5,721",498,11.81,"98,000","28,450","27,650","5,491",52.23,11.28,"28,450","3,603",673,527,12.58,10.04,"27,500","1,529","20,690","3,854","2,341",1.13,270,34.34
408,세아홀딩스,"142,000",상승,"1,500",+1.07%,"5,000","6,942","1,005","141,700","5,680",992,17.72,"6,328","140,600","141,800","61,055",-50.60,1.53,"149,000",633,"29,554",342,1.27,0.58,"140,600",552,"4,000","60,168","8,013",0.25,"4,000",-6.27
409,KODEX 미국30년국채액티브(H),"8,795",하락,105,-1.18%,0,"870,868","7,652","8,795","5,649",N/A,N/A,"849,017","8,790","8,800",N/A,N/A,N/A,"8,810","756,620",N/A,N/A,0.01,N/A,"8,775","594,505","64,230",N/A,N/A,N/A,N/A,N/A
410,동국제강,"11,380",상승,190,+1.70%,"5,000","201,638","2,292","11,390","5,645","1,025",69.39,"248,419","11,440","11,410","31,940",-56.49,2.04,"11,500","3,935","14,922",348,26.95,1.04,"11,170","5,410","49,608","35,275",164,0.33,600,34.02
411,퍼시스,"48,900",상승,50,+0.10%,"1,000",471,22,"48,850","5,624",215,16.99,986,"48,850","48,900","6,439",-39.05,8.64,"49,300",187,699,477,19.94,7.69,"48,050",376,"11,500","3,857","2,879",0.77,"1,200",6.28
412,KODEX 국고채3년,"62,780",하락,25,-0.04%,0,"30,658","1,924","62,785","5,552",N/A,N/A,"15,342","62,790","62,805",N/A,N/A,N/A,"62,815","61,198",N/A,N/A,0.00,N/A,"62,780","57,513","8,844",N/A,N/A,N/A,N/A,N/A
413,삼성 레버리지 WTI원유 선물 ETN,"1,360",상승,54,+4.13%,0,"893,503","1,212","1,359","5,494",N/A,N/A,"1,064,137","1,359","1,360",N/A,N/A,N/A,"1,361","8,814,970",N/A,N/A,0.00,N/A,"1,352","5,201,150","404,000",N/A,N/A,N/A,N/A,N/A
414,조광피혁,"82,500",상승,"2,700",+3.38%,"5,000","46,938","3,830","82,700","5,486",72,47.14,"123,180","79,800","82,800","6,188",13.90,2.58,"87,600",460,754,126,0.53,2.24,"77,000",534,"6,649",902,"1,750",0.51,N/A,-28.70
415,PI첨단소재,"18,670",하락,60,-0.32%,500,"52,520",977,"18,630","5,483",349,19.61,"168,699","18,720","18,650","5,275",987.07,7.16,"18,780","8,967","1,896",234,10.16,4.47,"18,420","2,307","29,366","2,513",952,1.64,350,15.46
416,TIMEFOLIO 글로벌AI인공지능액티브,"29,360",상승,35,+0.12%,0,"105,730","3,098","29,350","5,473",N/A,N/A,"225,633","29,325","29,360",N/A,N/A,N/A,"29,380","27,526",N/A,N/A,0.01,N/A,"29,230","26,406","18,640",N/A,N/A,N/A,N/A,N/A
417,일동제약,"19,500",상승,"1,040",+5.63%,"1,000","423,546","8,133","19,420","5,472",131,-201.03,"578,121","19,000","19,430","5,890",124.32,-2.77,"19,500","4,525","4,300",-124,3.49,-2.07,"19,000","1,366","28,063","6,149",-97,3.37,N/A,2.36
418,콜마홀딩스,"15,800",상승,340,+2.20%,500,"395,936","6,349","15,870","5,419",381,27.62,"474,240","16,230","15,880","12,914",125.94,4.09,"16,390","5,073","4,763",334,20.32,2.59,"15,700","1,585","34,296","6,767",572,0.91,200,6.18
419,KCC글라스,"33,900",상승,50,+0.15%,"1,000","20,159",683,"33,900","5,414",572,32.53,"62,676","33,850","33,950","24,943",-39.82,2.48,"34,400","4,469","10,054",370,8.84,1.57,"33,500","3,758","15,971","19,033","1,042",0.37,"1,800",13.29
420,바이오노트,"5,260",상승,10,+0.19%,500,"80,668",421,"5,240","5,368",122,12.67,"72,667","5,250","5,260","16,972",125.97,3.46,"5,270","13,733",614,553,0.59,3.36,"5,190","5,560","102,056","1,028",415,0.33,200,14.10
421,JW중외제약,"22,800",하락,100,-0.44%,"2,500","29,715",678,"22,750","5,309",825,9.09,"41,327","23,000","22,800","6,046",-17.76,21.87,"23,050","6,903","2,751",650,6.92,10.41,"22,700","4,695","23,286","7,194","2,507",1.68,450,-3.89
422,TIGER 인도니프티50,"13,480",하락,45,-0.33%,0,"112,741","1,521","13,480","5,304",N/A,N/A,"231,241","13,530","13,485",N/A,N/A,N/A,"13,535","49,213",N/A,N/A,0.11,N/A,"13,475","76,858","39,350",N/A,N/A,N/A,N/A,N/A
423,KODEX 코스피,"32,600",상승,145,+0.45%,0,"301,441","9,808","32,580","5,265",N/A,N/A,"669,910","32,400","32,590",N/A,N/A,N/A,"32,665","22,012",N/A,N/A,1.12,N/A,"32,335","48,174","16,150",N/A,N/A,N/A,N/A,N/A
424,TIGER 미국달러SOFR금리액티브(합성),"57,325",상승,160,+0.28%,0,"10,815",619,"57,320","5,243",N/A,N/A,"11,367","57,800","57,325",N/A,N/A,N/A,"57,800",715,N/A,N/A,0.01,N/A,"57,162","15,599","9,146",N/A,N/A,N/A,N/A,N/A
425,NICE,"14,110",상승,220,+1.58%,500,"50,212",696,"13,870","5,239","1,743",10.71,"40,058","13,890","13,880","35,219",79.68,6.27,"14,140","1,986","21,291","1,009",10.96,2.88,"13,700","3,060","37,128","30,383","1,317",0.66,500,7.78
426,신도리코,"51,900",하락,"2,400",-4.42%,"5,000","14,462",753,"52,100","5,232",202,8.01,"10,972","54,200","52,200","11,436",-33.06,7.12,"54,200","4,476",793,732,11.61,6.59,"51,400","1,977","10,080","3,410","6,476",0.42,"1,500",-15.29
427,KODEX 미국AI전력핵심인프라,"15,370",상승,220,+1.45%,0,"1,244,346","19,076","15,370","5,226",N/A,N/A,"735,563","15,240","15,380",N/A,N/A,N/A,"15,385","18,061",N/A,N/A,0.49,N/A,"15,240","118,623","34,000",N/A,N/A,N/A,N/A,N/A
428,KB KIS CD금리투자 ETN,"52,180",보합,0,0.00%,0,0,0,"52,180","5,218",N/A,N/A,"391,641","52,180","52,185",N/A,N/A,N/A,"52,180","50,000",N/A,N/A,0.00,N/A,"52,180","50,000","10,000",N/A,N/A,N/A,N/A,N/A
429,TIGER 우량회사채액티브,"117,330",하락,75,-0.06%,0,"70,694","8,297","117,345","5,180",N/A,N/A,"20,656","117,405","117,360",N/A,N/A,N/A,"117,405","14,759",N/A,N/A,0.00,N/A,"117,320","16,371","4,415",N/A,N/A,N/A,N/A,N/A
430,RISE KIS국고채30년Enhanced,"81,355",하락,385,-0.47%,0,"13,015","1,059","81,370","5,160",N/A,N/A,"37,055","81,410","81,380",N/A,N/A,N/A,"81,695","4,775",N/A,N/A,0.02,N/A,"81,260","18,541","6,343",N/A,N/A,N/A,N/A,N/A
431,제이알글로벌리츠,"2,610",하락,20,-0.76%,"1,000","286,909",750,"2,605","5,152",310,13.18,"429,739","2,650","2,610","21,465",-4.87,2.48,"2,650","208,979","13,405",207,9.54,0.98,"2,605","160,004","197,376",626,198,0.63,N/A,3.49
432,OCI,"57,500",하락,700,-1.20%,"5,000","26,125","1,499","57,300","5,148","1,105",12.13,"109,801","57,900","57,400","22,830",N/A,N/A,"58,000","6,981","10,414",897,6.89,N/A,"57,100","1,745","8,952","22,153","4,741",0.44,"2,200",N/A
433,후성,"4,785",하락,115,-2.35%,500,"216,346","1,040","4,775","5,132",-96,-8.17,"276,419","4,875","4,780","8,263",79.23,-21.71,"4,895","24,175","4,935",-834,7.49,-9.93,"4,760","5,317","107,255","4,378",-586,1.61,N/A,-16.32
434,TIGER 미국달러단기채권액티브,"12,615",상승,20,+0.16%,0,"136,416","1,719","12,610","5,129",N/A,N/A,"394,113","19,510","20,065",N/A,N/A,N/A,"20,145","46,297",N/A,N/A,0.48,N/A,"19,485","49,006","25,550",N/A,N/A,N/A,N/A,N/A
435,KODEX 자동차,"20,075",상승,490,+2.50%,0,"541,925","10,804","20,050","5,129",N/A,N/A,"164,796","12,610","12,620",N/A,N/A,N/A,"12,625","135,134",N/A,N/A,0.01,N/A,"12,585","130,423","40,660",N/A,N/A,N/A,N/A,N/A
436,스틱인베스트먼트,"12,220",상승,50,+0.41%,500,"174,225","2,121","12,160","5,093",134,-142.09,"373,084","12,200","12,170","2,647",-59.46,3.72,"12,380","3,804",159,93,27.55,3.40,"11,970","4,891","41,678",795,-86,1.88,250,-15.25
437,고려제강,"18,650",하락,180,-0.96%,"1,000","12,666",236,"18,630","5,036",261,32.66,"20,409","18,910","18,670","26,090",-53.64,1.95,"18,920","1,894","6,819",329,5.80,1.30,"18,570","2,114","27,000","17,396",571,0.28,324,-2.75
438,SPC삼립,"58,100",상승,800,+1.40%,"5,000","10,059",584,"58,000","5,013",950,5.77,"8,003","57,200","58,100","12,408",3.53,19.25,"58,600","1,073","7,610",865,4.10,6.83,"57,100","2,261","8,629","34,279","10,076",0.99,"1,800",-0.16
439,TIGER 미국테크TOP10타겟커버드콜,"13,440",상승,55,+0.41%,0,"231,248","3,100","13,425","4,993",N/A,N/A,"232,674","13,430","13,430",N/A,N/A,N/A,"13,440","256,043",N/A,N/A,0.02,N/A,"13,385","439,780","37,150",N/A,N/A,N/A,N/A,N/A
440,ACE 200,"43,515",상승,310,+0.72%,0,"7,535",327,"43,500","4,961",N/A,N/A,"110,343","43,175","43,525",N/A,N/A,N/A,"43,615","122,560",N/A,N/A,11.50,N/A,"43,115","126,181","11,400",N/A,N/A,N/A,N/A,N/A
441,엠씨넥스,"27,500",상승,650,+2.42%,500,"35,002",950,"27,150","4,944",444,7.30,"45,842","27,000","27,200","5,741",143.55,18.28,"27,550","2,916","2,019",636,12.46,11.46,"26,900","5,006","17,978","10,571","3,768",1.23,800,13.36
442,진에어,"9,440",상승,10,+0.11%,"1,000","234,795","2,228","9,420","4,928","1,631",6.74,"233,004","9,410","9,440","12,271",-10.46,51.15,"9,660","18,250","9,959",957,4.89,8.78,"9,300","4,317","52,200","14,613","1,401",1.76,N/A,14.41
443,아모레퍼시픽우,"46,500",상승,"2,700",+6.16%,500,"110,688","5,051","46,250","4,909",N/A,5.13,"34,880","44,500","46,300",N/A,N/A,N/A,"46,550",382,N/A,N/A,45.12,N/A,"44,200","2,029","10,558",N/A,"9,057",0.61,N/A,N/A
444,화승엔터프라이즈,"8,100",하락,280,-3.34%,500,"335,303","2,711","8,080","4,908",826,14.09,"261,505","8,380","8,100","15,376",537.00,6.38,"8,380","16,983","9,739",344,6.38,2.37,"7,960","10,611","60,589","16,096",575,0.96,45,32.61
445,HD현대에너지솔루션,"43,725",하락,"1,025",-2.29%,"5,000","57,894","2,542","43,600","4,897",35,26.56,"243,773","45,200","43,650","4,538",-80.03,0.03,"45,500","5,381",841,1,3.69,0.02,"43,350",821,"11,200","4,224","1,646",1.33,N/A,-22.66
446,신세계인터내셔날,"13,800",상승,"1,120",+8.83%,"1,000","653,489","8,799","13,750","4,877",268,20.06,"103,072","12,850","13,760","13,331",-44.93,3.85,"13,880","2,865","4,866",327,4.18,2.46,"12,790","12,321","35,343","13,086",688,0.57,400,-3.37
447,DS단석,"27,700",상승,50,+0.18%,500,"67,889","1,885","27,650","4,871",122,-88.22,"154,554","27,900","27,750","7,358",-84.01,-3.29,"28,050","9,508","4,528",-103,3.66,-1.42,"27,550","12,329","17,584","9,617",-314,1.70,N/A,-10.16
448,TIGER 2차전지소재Fn,"3,885",하락,10,-0.26%,0,"2,572,634","9,934","3,860","4,854",N/A,N/A,"5,360,672","3,920","3,865",N/A,N/A,N/A,"3,925","277,827",N/A,N/A,0.49,N/A,"3,815","205,135","124,950",N/A,N/A,N/A,N/A,N/A
449,풀무원,"12,720",상승,80,+0.63%,500,"95,236","1,220","12,710","4,849",918,15.51,"53,601","12,790","12,730","23,312",48.16,11.40,"12,890","4,839","17,477",344,3.05,1.53,"12,680","2,011","38,121","32,137",820,1.58,102,7.36
450,TIGER 테슬라채권혼합Fn,"13,590",상승,40,+0.30%,0,"256,821","3,487","13,580","4,838",N/A,N/A,"327,882","13,570","13,590",N/A,N/A,N/A,"13,620","44,793",N/A,N/A,0.11,N/A,"13,465","77,580","35,600",N/A,N/A,N/A,N/A,N/A
451,KODEX 미국반도체,"27,050",상승,115,+0.43%,0,"216,668","5,846","27,040","4,788",N/A,N/A,"262,307","26,935","27,045",N/A,N/A,N/A,"27,055","28,247",N/A,N/A,0.42,N/A,"26,930","38,890","17,700",N/A,N/A,N/A,N/A,N/A
452,KIWOOM 종합채권(AA-이상)액티브,"109,350",하락,145,-0.13%,0,25,2,"109,285","4,738",N/A,N/A,231,"109,400","109,355",N/A,N/A,N/A,"109,400","11,002",N/A,N/A,0.00,N/A,"109,350","12,000","4,333",N/A,N/A,N/A,N/A,N/A
453,KODEX 미국배당커버드콜액티브,"11,530",하락,55,-0.47%,0,"504,534","5,809","11,520","4,710",N/A,N/A,"786,217","11,570","11,525",N/A,N/A,N/A,"11,570","263,267",N/A,N/A,0.02,N/A,"11,490","202,500","40,850",N/A,N/A,N/A,N/A,N/A
454,동아에스티,"50,100",하락,200,-0.40%,"5,000","8,256",411,"49,800","4,686",-250,-589.41,"28,156","50,400","49,900","13,917",-323.66,-0.18,"50,500","3,211","6,829",-232,18.02,-1.74,"49,550",853,"9,353","6,979",-85,0.70,785,5.10
455,신한 레버리지 WTI원유 선물 ETN(H),933,상승,34,+3.78%,0,"455,440",424,933,"4,665",N/A,N/A,"664,640",926,934,N/A,N/A,N/A,935,"753,748",N/A,N/A,0.00,N/A,926,"1,056,081","500,000",N/A,N/A,N/A,N/A,N/A
456,아세아시멘트,"12,460",상승,280,+2.30%,500,"46,905",583,"12,410","4,653","1,408",7.29,"73,881","12,180","12,430","21,954",-4.18,7.65,"12,580","2,091","10,890",801,6.36,3.71,"12,180","3,602","37,347","11,103","1,709",0.42,260,-7.51
457,KODEX 미국달러SOFR금리액티브(합성),"11,870",상승,45,+0.38%,0,"40,018",474,"11,860","4,617",N/A,N/A,"37,357","11,825","11,865",N/A,N/A,N/A,"11,870","172,388",N/A,N/A,0.01,N/A,"11,820","187,482","38,900",N/A,N/A,N/A,N/A,N/A
458,KODEX 국고채10년액티브,"113,785",하락,330,-0.29%,0,"12,773","1,454","113,825","4,603",N/A,N/A,"14,959","113,730","113,835",N/A,N/A,N/A,"113,955","16,132",N/A,N/A,0.01,N/A,"113,730","23,554","4,045",N/A,N/A,N/A,N/A,N/A
459,PLUS 머니마켓액티브,"52,417",상승,2,0.00%,0,"4,262",223,"52,415","4,553",N/A,N/A,"10,893","52,420","52,420",N/A,N/A,N/A,"52,420","62,463",N/A,N/A,0.00,N/A,"52,415","59,330","8,686",N/A,N/A,N/A,N/A,N/A
460,DB증권,"10,690",상승,660,+6.58%,"5,000","485,484","4,920","10,490","4,538",619,10.01,"361,888","10,030","10,510","106,706",190.46,4.94,"10,690","3,997","94,966",529,7.79,0.48,"9,800","4,378","42,446","13,185","1,068",0.42,400,9.24
461,TCC스틸,"17,240",하락,360,-2.05%,"1,000","93,974","1,614","17,190","4,519",123,21.05,"198,880","17,610","17,210","5,740",9.08,8.30,"17,680","12,063","3,149",202,8.31,3.57,"17,000","1,575","26,214","5,821",819,1.80,100,-6.78
462,KODEX 인도Nifty50,"13,755",하락,25,-0.18%,0,"131,324","1,809","13,750","4,519",N/A,N/A,"174,865","13,800","13,755",N/A,N/A,N/A,"13,825","57,022",N/A,N/A,0.03,N/A,"13,745","59,850","32,850",N/A,N/A,N/A,N/A,N/A
463,한세실업,"11,230",하락,80,-0.71%,500,"69,848",783,"11,190","4,492","1,422",9.09,"199,830","11,310","11,200","14,245",-15.47,8.58,"11,320","12,982","7,149",584,4.09,4.39,"11,180","7,019","40,000","17,978","1,235",0.63,500,5.21
464,해성디에스,"26,350",하락,850,-3.12%,"5,000","168,646","4,460","26,400","4,480",569,11.26,"119,050","27,350","26,450","7,942",-44.52,10.96,"27,350","17,617","2,379",587,7.30,7.92,"26,150","3,347","17,000","6,030","2,340",0.82,800,-10.30
465,흥아해운,"1,856",하락,10,-0.54%,500,"2,314,665","4,302","1,860","4,462",275,11.67,"6,269,170","1,867","1,861","4,436",12.12,20.08,"1,882","63,924","2,095",400,2.08,10.39,"1,844","52,714","240,425","1,880",159,1.93,N/A,14.07
466,KODEX 미국나스닥100(H),"17,595",하락,65,-0.37%,0,"205,527","3,613","17,590","4,443",N/A,N/A,"407,687","17,575","17,595",N/A,N/A,N/A,"17,600","178,970",N/A,N/A,0.92,N/A,"17,570","145,414","25,250",N/A,N/A,N/A,N/A,N/A
467,TIGER 미국S&P500(H),"14,805",하락,75,-0.50%,0,"62,798",929,"14,795","4,442",N/A,N/A,"394,101","14,800","14,800",N/A,N/A,N/A,"14,830","51,922",N/A,N/A,0.10,N/A,"14,790","39,097","30,000",N/A,N/A,N/A,N/A,N/A
468,대한제강,"18,900",상승,150,+0.80%,"1,000","22,981",434,"18,900","4,425",103,12.18,"37,112","18,950","18,920","11,498",-90.62,4.91,"19,210",419,"2,538",400,4.88,3.53,"18,600","4,795","23,414","12,245","1,552",0.41,500,-15.42
469,명신산업,"8,410",상승,90,+1.08%,500,"74,926",629,"8,410","4,413","1,481",4.11,"70,455","8,350","8,420","12,103",-28.83,20.95,"8,470","13,917","5,128","1,291",8.08,11.45,"8,310","29,506","52,470","15,738","2,048",0.63,150,-9.49
470,세아제강,"155,300",하락,"2,400",-1.52%,"5,000","7,499","1,168","155,300","4,405","2,029",3.61,"10,142","156,800","155,400","18,238",N/A,N/A,"157,300",495,"7,113","1,371",8.83,N/A,"155,100",183,"2,836","18,094","43,046",0.39,"7,000",N/A
471,비에이치,"12,720",하락,170,-1.32%,500,"73,715",938,"12,700","4,384",871,16.08,"103,813","12,910","12,730","13,199",2.67,9.90,"12,910","14,926","5,790",776,10.29,6.44,"12,680","3,760","34,464","17,544",791,0.58,250,10.20
472,티웨이항공,"2,025",하락,5,-0.25%,500,"431,756",875,"2,025","4,361",-123,-2.75,"765,315","2,035","2,030","15,624",-108.80,-55.03,"2,045","323,283","14,802",-659,1.00,-4.63,"2,005","228,944","215,379","15,368",-736,12.86,N/A,13.94
473,RISE 미국30년국채엔화노출(합성 H),"8,075",하락,95,-1.16%,0,"569,106","4,592","8,080","4,348",N/A,N/A,"801,918","8,050","8,085",N/A,N/A,N/A,"8,090","433,650",N/A,N/A,0.00,N/A,"8,050","313,275","53,850",N/A,N/A,N/A,N/A,N/A
474,TIGER 27-04회사채(A+이상)액티브,"53,495",보합,0,0.00%,0,"16,984",908,"53,485","4,345",N/A,N/A,"59,627","53,495","53,490",N/A,N/A,N/A,"53,500","105,502",N/A,N/A,0.00,N/A,"53,485","101,062","8,122",N/A,N/A,N/A,N/A,N/A
475,코람코라이프인프라리츠,"4,460",하락,55,-1.22%,500,"45,113",201,"4,450","4,341",356,11.52,"113,549","4,515","4,455","12,792",96.73,4.96,"4,515","18,622","7,776",238,1.40,1.87,"4,445","15,952","97,335",485,387,0.90,418,54.05
476,BGF,"4,520",하락,5,-0.11%,"1,000","201,159",911,"4,530","4,326",552,4.97,"241,240","4,515","4,535","23,010",-8.82,5.43,"4,600","6,772","3,199",948,2.56,4.24,"4,450","9,115","95,717","4,341",909,0.25,130,21.80
477,PLUS 종합채권(AA-이상)액티브,"115,695",하락,145,-0.13%,0,171,19,"115,675","4,325",N/A,N/A,78,"115,835","115,715",N/A,N/A,N/A,"115,835","8,055",N/A,N/A,0.00,N/A,"115,695","8,000","3,738",N/A,N/A,N/A,N/A,N/A
478,애경산업,"16,330",상승,70,+0.43%,"1,000","37,246",609,"16,320","4,313",468,12.66,"75,046","16,360","16,330","4,994",-24.40,10.81,"16,490","4,474",987,425,2.32,8.66,"16,250","3,166","26,410","6,791","1,290",1.05,580,1.53
479,쏘카,"13,110",하락,80,-0.61%,100,"2,226",29,"13,110","4,306",-98,-24.19,"2,123","13,250","13,140","6,315",-1.14,-15.69,"13,250","2,660","4,480",-310,0.99,-4.73,"13,060","1,386","32,842","4,318",-542,2.38,N/A,8.36
480,드림텍,"6,170",하락,30,-0.48%,100,"55,959",344,"6,160","4,251",236,-362.94,"137,663","6,220","6,170","9,081",-30.82,0.95,"6,220","18,361","3,930",127,57.44,1.50,"6,110","9,838","68,890","11,727",-17,1.06,200,13.81
481,한전산업,"13,030",하락,180,-1.36%,500,"113,409","1,483","13,010","4,248",161,37.02,"137,201","13,140","13,020","2,200",-38.00,10.59,"13,270","12,954","1,044",116,1.27,5.49,"13,000","2,991","32,600","3,675",352,3.87,367,1.17
482,SBS,"22,850",상승,50,+0.22%,"5,000","27,993",637,"22,800","4,239",-192,30.26,"60,429","22,950","22,850","15,124",-132.90,3.80,"23,000","13,010","6,059",338,0.00,2.36,"22,650","6,393","18,551","10,467",755,0.47,N/A,5.01
483,더본코리아,"28,600",상승,300,+1.06%,500,"30,820",877,"28,550","4,215",360,11.04,"29,980","28,300","28,650","3,527",40.75,15.52,"28,650","5,785",851,310,1.59,11.05,"28,150","9,404","14,737","4,642","2,591",1.56,300,13.03
484,TIGER 미국필라델피아AI반도체나스닥,"11,880",상승,55,+0.47%,0,"797,218","9,452","11,870","4,194",N/A,N/A,"526,981","11,820","11,875",N/A,N/A,N/A,"11,880","97,860",N/A,N/A,0.02,N/A,"11,800","104,595","35,300",N/A,N/A,N/A,N/A,N/A
485,KODEX 미국AI테크TOP10타겟커버드콜,"10,937",상승,67,+0.62%,0,"235,595","2,571","10,930","4,178",N/A,N/A,"340,170","10,870","10,935",N/A,N/A,N/A,"10,937","314,883",N/A,N/A,0.02,N/A,"10,870","298,422","38,200",N/A,N/A,N/A,N/A,N/A
486,KIWOOM 200,"43,245",상승,315,+0.73%,0,"39,426","1,697","43,230","4,173",N/A,N/A,"306,404","42,835","43,235",N/A,N/A,N/A,"43,340","196,277",N/A,N/A,0.00,N/A,"42,815","100,448","9,650",N/A,N/A,N/A,N/A,N/A
487,맵스리얼티1,"4,465",하락,35,-0.78%,0,"10,766",48,"4,460","4,145",N/A,N/A,"44,200","4,500","4,470",N/A,N/A,N/A,"4,500","34,275",N/A,N/A,2.79,N/A,"4,460","5,226","92,834",N/A,N/A,N/A,N/A,N/A
488,지누스,"18,580",하락,150,-0.80%,500,"49,113",918,"18,540","4,135",-54,16.36,"31,463","18,940","18,550","11,922",-129.69,-1.05,"18,960","1,073","5,195",-68,11.21,-0.61,"18,390",726,"22,255","9,204","1,136",0.59,90,-3.35
489,삼성FN리츠,"4,535",하락,50,-1.09%,500,"57,958",263,"4,530","4,129",82,119.34,"88,731","4,600","4,535","8,740",27.84,0.89,"4,600","25,647","4,611",35,0.41,0.43,"4,530","47,790","91,050",118,38,1.00,69,25.43
490,디아이,"14,560",하락,440,-2.93%,500,"160,556","2,364","14,580","4,120",31,52.75,"262,138","15,020","14,590","3,196",-49.81,0.72,"15,020","15,781","1,519",28,6.84,0.92,"14,530","1,857","28,300","2,140",276,2.43,100,-0.27
491,영진약품,"2,250",하락,20,-0.88%,500,"297,115",673,"2,260","4,115",87,-225.00,"265,351","2,270","2,265","2,343",179.79,1.37,"2,310","95,050","1,445",12,3.20,0.54,"2,245","51,042","182,893","2,520",-10,4.53,N/A,7.30
492,사조대림,"44,900",하락,50,-0.11%,"5,000","29,080","1,307","44,650","4,115","1,330",5.84,"22,739","45,350","44,900","21,236",3.41,14.27,"45,700","6,003","12,850",958,2.78,5.66,"44,500","1,534","9,164","26,430","7,690",0.55,300,28.11
493,남양유업,"66,400",하락,200,-0.30%,500,"3,914",260,"66,200","4,071",-98,83.94,"7,033","67,000","66,400","7,242",86.28,0.04,"67,400",933,924,2,7.38,0.03,"66,200","1,407","6,131","9,528",791,0.86,100,-4.41
494,KB스타리츠,"4,005",하락,10,-0.25%,500,"39,857",159,"4,010","4,062",266,-31.05,"68,612","4,015","4,015","10,667",-50.14,4.54,"4,030","21,914","6,842",190,0.40,1.81,"4,000","29,802","101,414",382,-129,1.17,180,-41.46
495,유진투자증권,"4,170",상승,55,+1.34%,"5,000","1,407,621","5,810","4,180","4,039",583,10.10,"2,796,070","4,115","4,185","96,467",115.75,4.81,"4,200","55,796","85,953",496,9.00,0.54,"4,045","218,101","96,866","16,526",413,0.37,100,0.30
496,대상홀딩스,"11,150",보합,0,0.00%,"1,000","107,175","1,198","11,120","4,038","1,840",31.95,"153,964","11,120","11,150","44,186",60.56,2.70,"11,350","9,712","27,476",799,7.97,1.86,"11,030","4,395","36,213","53,579",349,0.55,270,1.87
497,한섬,"17,980",상승,180,+1.01%,500,"68,922","1,235","17,970","4,034",635,10.77,"118,276","17,800","17,980","17,462",-36.83,3.19,"18,090","1,116","3,401",433,21.96,2.50,"17,640","7,830","22,438","14,853","1,670",0.27,750,-2.84
498,HL홀딩스,"42,900",상승,600,+1.42%,"5,000","15,823",668,"42,200","4,034",904,-20.52,"25,559","42,300","42,250","23,708",-1.88,1.91,"42,900","1,446","13,062",198,10.00,0.85,"41,600","3,877","9,404","13,711","-2,091",0.38,"2,000",6.66
499,농심홀딩스,"86,900",하락,"1,000",-1.14%,"5,000","8,579",744,"86,700","4,030",866,6.12,"9,971","87,800","86,800","16,115",15.04,6.39,"87,800","1,175","3,940",749,2.64,4.80,"86,200",415,"4,638","7,983","14,201",0.33,"2,500",3.74
500,엘브이엠씨홀딩스,"2,075",상승,76,+3.80%,0,"837,585","1,718","2,080","4,010",164,109.21,"583,551","2,025","2,085","7,388",205.09,0.28,"2,100","32,470","2,678",42,10.85,0.61,"1,999","120,103","193,240","2,957",19,0.77,0,13.53
