N,종목명,현재가,전일비변동,전일비,등락률,액면가,거래량,거래대금,매수호가,시가총액,영업이익,PER,전일거래량,시가,매도호가,자산총계,영업이익증가율,ROE,고가,매수총잔량,부채총계,당기순이익,외국인비율,ROA,저가,매도총잔량,상장주식수,매출액,주당순이익,PBR,보통주배당금,매출액증가율
1,삼성전자,"60,000",상승,800,+1.35%,100,"2,208,776","132,091","59,700","3,551,783","327,260",11.62,"15,305,760","59,500","59,800","5,145,319",398.34,9.03,"60,100","958,124","1,123,399","344,514",49.77,7.10,"59,500","527,728","5,919,638","3,008,709","5,162",1.02,"1,446",16.20
2,SK하이닉스,"239,000",상승,"8,500",+3.69%,"5,000","893,353","211,978","235,500","1,739,926","234,673",6.70,"3,718,655","236,000","236,000","1,198,552",403.58,31.06,"239,500","92,064","459,395","197,969",55.01,17.98,"235,000","194,218","728,002","661,930","35,682",2.03,"2,204",102.02
3,삼성바이오로직스,"1,043,000",상승,"3,000",+0.29%,"2,500","4,844","5,039","1,038,000","742,345","13,201",58.02,"74,543","1,038,000","1,043,000","173,363",18.53,10.45,"1,044,000",598,"64,316","10,833",12.90,6.49,"1,037,000","1,332","71,174","45,473","17,977",6.58,0,23.08
4,LG에너지솔루션,"293,000",상승,"4,500",+1.56%,500,"68,460","20,118","293,000","685,620","5,754",-58.91,"213,404","291,000","293,500","603,068",-73.40,-4.93,"296,000","4,565","293,402","3,386",4.04,0.64,"291,000","18,496","234,000","256,196","-4,974",3.24,N/A,-24.08
5,한화에어로스페이스,"913,000",하락,"23,000",-2.46%,"5,000","107,206","98,539","928,000","431,814","17,319",18.46,"337,596","936,000","931,000","433,369",191.41,53.94,"942,000","3,555","319,726","25,399",45.73,8.08,"906,000","1,289","47,296","112,401","49,447",10.56,"3,500",42.47
6,KB금융,"108,600",하락,"2,300",-2.07%,"5,000","205,480","22,338","109,500","414,268","80,453",7.53,"2,263,281","110,600","109,600","7,578,455",26.00,8.86,"110,600","4,308","6,980,304","50,286",78.14,0.68,"107,000","5,565","381,462","850,764","14,416",0.69,"3,174",9.77
7,현대차,"200,000",상승,"3,000",+1.52%,"5,000","98,973","19,800","200,000","409,516","142,396",4.36,"998,951","199,100","200,500","3,397,984",-5.87,12.43,"201,000","1,276","2,195,225","132,299",35.78,4.25,"199,100","30,627","204,758","1,752,312","45,880",0.47,"12,000",7.73
8,삼성전자우,"49,350",상승,350,+0.71%,100,"183,299","9,028","49,200","402,683",N/A,9.56,"1,219,086","49,300","49,300",N/A,N/A,N/A,"49,400","11,825",N/A,N/A,73.78,N/A,"49,050","26,753","815,975",N/A,"5,162",0.84,N/A,N/A
9,기아,"96,050",상승,"1,550",+1.64%,"5,000","158,162","15,166","95,700","381,965","126,671",4.10,"1,077,370","95,100","95,900","927,559",9.13,19.09,"96,500","3,951","369,156","97,750",38.63,11.28,"95,100","26,922","397,673","1,074,488","23,440",0.67,"6,500",7.66
10,HD현대중공업,"419,500",하락,"7,500",-1.76%,"5,000","56,180","23,540","422,000","372,403","7,052",42.46,"332,695","428,000","422,500","193,909",294.77,11.39,"428,000",974,"136,865","6,215",10.76,3.40,"416,000",445,"88,773","144,865","9,880",6.41,"2,090",21.08
11,셀트리온,"162,000",하락,200,-0.12%,"1,000","60,327","9,730","161,800","360,330","4,920",74.97,"352,701","161,800","161,900","210,552",-24.48,2.46,"162,200","1,941","34,752","4,189",21.43,2.04,"160,400","5,105","222,426","35,573","2,161",2.09,735,63.45
12,두산에너빌리티,"50,800",상승,"2,800",+5.83%,"5,000","4,664,749","230,514","47,750","325,405","10,176",-319.50,"12,176,419","47,950","47,700","263,148",-30.65,1.52,"51,200","100,752","146,537","3,947",26.27,1.55,"47,450","94,540","640,561","162,331",-159,4.28,N/A,-7.71
13,NAVER,"201,000",상승,"1,000",+0.50%,100,"86,904","17,389","200,500","318,458","19,793",17.55,"911,907","200,500","201,000","381,679",32.94,7.90,"201,500","4,726","111,670","19,320",48.48,5.23,"198,900","26,005","158,437","107,377","11,452",1.13,"1,130",11.03
14,신한지주,"59,600",하락,"1,300",-2.13%,"5,000","156,780","9,349","60,300","295,522","64,587",6.54,"1,887,065","60,400","60,400","7,397,643",5.87,8.11,"60,600","19,384","6,809,432","45,582",58.78,0.64,"58,700","9,573","495,842","419,028","9,108",0.52,"2,160",6.26
15,삼성물산,"167,000",상승,700,+0.42%,100,"57,459","9,527","167,000","283,861","29,834",13.34,"689,562","166,400","167,500","619,904",3.95,6.83,"168,000","3,109","247,319","27,720",26.97,4.33,"163,900","1,544","169,977","421,032","12,523",0.86,"2,600",0.50
16,현대모비스,"284,000",상승,"9,000",+3.27%,"5,000","116,842","33,241","282,500","264,106","30,735",6.26,"254,661","280,000","283,000","665,969",33.90,9.35,"290,000","2,809","204,787","40,602",41.95,6.49,"279,000","21,004","92,995","572,370","45,380",0.55,"6,000",-3.41
17,삼성생명,"121,100",상승,"4,900",+4.22%,500,"79,944","9,491","117,700","242,200","24,998",11.42,"922,709","117,100","118,100","3,122,188",4.23,6.18,"121,250","1,235","2,794,809","22,603",21.90,0.72,"116,600","2,111","200,000","337,860","10,600",0.74,"4,500",9.21
18,한화오션,"79,000",상승,100,+0.13%,"5,000","1,041,609","82,945","80,500","242,067","2,379",34.94,"4,552,742","81,400","80,800","178,438",221.06,11.52,"81,400","62,207","129,805","5,282",12.95,3.32,"78,300","16,691","306,413","107,760","2,261",4.76,N/A,45.46
19,HD한국조선해양,"339,500",상승,"4,000",+1.19%,"5,000","40,468","13,614","337,000","240,275","14,341",16.25,"345,143","339,000","337,500","367,191",408.07,11.16,"340,000","2,169","225,633","14,546",32.65,4.22,"332,500","2,089","70,773","255,386","20,895",2.11,"5,100",19.92
20,HMM,"22,150",하락,200,-0.89%,"5,000","260,949","5,790","22,450","227,046","35,128",4.37,"2,285,665","22,450","22,500","338,486",500.72,15.35,"22,500","63,166","59,930","37,821",7.61,12.70,"22,000","43,005","1,025,039","117,002","5,073",0.70,600,39.27
21,카카오,"50,800",상승,800,+1.60%,100,"986,590","49,339","49,600","224,389","4,602",146.82,"8,896,042","49,100","49,650","257,730",-0.14,0.56,"50,900","9,126","118,301","-1,619",28.83,-0.64,"49,100","53,205","441,711","78,717",346,2.15,68,4.16
22,하나금융지주,"76,900",하락,"1,400",-1.79%,"5,000","181,671","13,946","77,300","218,953","48,552",5.80,"1,680,784","77,400","77,300","6,378,475",3.45,9.11,"78,300","6,230","5,942,706","37,685",67.56,0.61,"75,800","5,357","284,724","816,143","13,252",0.49,"3,600",17.10
23,POSCO홀딩스,"267,500",상승,"5,500",+2.10%,"5,000","65,756","17,671","268,500","216,496","21,736",26.01,"454,259","266,000","269,000","1,034,042",-38.45,2.00,"271,500","4,646","419,538","9,476",29.23,0.93,"266,000","4,531","80,933","726,881","10,286",0.36,"10,000",-5.76
24,메리츠금융지주,"112,200",하락,400,-0.36%,500,"26,049","2,912","112,300","201,976","31,889",9.18,"309,157","111,700","112,500","1,155,782",8.71,23.44,"112,600","1,553","1,046,482","23,334",15.85,2.14,"111,300","1,768","180,014","465,745","12,216",1.99,"1,350",-20.47
25,삼성화재,"438,000",상승,"4,000",+0.92%,500,"6,405","2,779","432,500","201,529","26,496",11.18,"199,749","429,500","435,000","872,695",12.40,13.11,"438,500",953,"716,673","20,768",55.74,2.41,"429,500",429,"46,011","226,570","39,171",1.21,"19,000",8.80
26,현대로템,"171,700",상승,"3,400",+2.02%,"5,000","451,997","78,645","176,600","187,397","4,566",36.81,"1,884,303","176,800","176,900","52,854",117.36,21.85,"178,000","11,389","32,763","4,053",32.54,7.70,"171,100","4,568","109,142","43,766","4,664",8.58,200,22.00
27,한국전력,"28,200",상승,750,+2.73%,"5,000","849,117","23,716","27,950","181,034","83,647",3.44,"11,795,810","27,950","28,000","2,468,078",284.18,9.22,"28,250","71,723","2,054,450","36,220",19.31,1.49,"27,600","164,819","641,964","933,989","8,191",0.43,213,5.87
28,크래프톤,"376,000",상승,500,+0.13%,100,"15,043","5,619","375,000","178,181","11,825",13.58,"138,832","375,500","375,500","79,195",53.96,21.10,"378,000","2,288","10,903","13,026",42.85,18.14,"370,500","1,893","47,389","27,098","27,686",2.37,0,41.83
29,SK스퀘어,"133,500",상승,"4,300",+3.33%,100,"89,394","11,746","129,300","176,942","39,126",3.60,"541,808","129,200","129,900","219,211",267.23,21.70,"133,900","1,602","23,356","36,505",52.24,18.30,"128,600","1,426","132,541","61,385","37,069",0.86,0,169.41
30,고려아연,"772,000",상승,"7,000",+0.92%,"5,000","1,081",829,"766,000","159,829","7,235",64.87,"17,839","761,000","768,000","147,923",9.63,2.28,"774,000",246,"71,969","1,948",12.05,1.45,"761,000",165,"20,703","120,529","11,900",1.90,"17,500",24.20
31,HD현대일렉트릭,"426,000",하락,"3,500",-0.81%,"5,000","22,408","9,549","427,000","153,561","6,690",27.34,"522,673","428,000","427,500","37,955",112.23,39.34,"428,000","1,192","22,880","4,984",34.00,14.87,"424,000","1,322","36,047","33,223","15,581",10.19,"5,350",22.92
32,우리금융지주,"20,600",상승,100,+0.49%,"5,000","246,432","5,031","20,500","152,974","42,552",5.31,"3,775,865","20,450","20,550","5,257,533",21.61,9.39,"20,600","49,092","4,898,581","31,715",45.86,0.62,"20,250","27,226","742,592","466,167","3,877",0.45,"1,200",11.03
33,삼성중공업,"17,040",하락,210,-1.22%,"1,000","2,115,465","36,126","17,210","149,952","5,027",102.65,"10,908,337","17,520","17,220","171,946",115.43,1.77,"17,520","65,393","134,452",539,31.83,0.33,"16,890","14,016","880,000","99,031",166,3.78,N/A,23.64
34,KT&G,"121,700",하락,300,-0.25%,"5,000","12,661","1,539","121,000","148,550","11,888",13.70,"317,841","120,800","121,700","139,252",1.84,12.66,"122,200",847,"45,668","11,650",43.42,8.73,"120,800","2,598","122,062","59,088","8,881",1.45,"5,400",0.79
35,LG화학,"210,000",상승,"3,500",+1.69%,"5,000","57,951","12,235","212,000","148,244","9,168",-17.58,"407,152","210,000","212,500","938,578",-63.75,-2.11,"214,000","5,491","458,623","5,150",30.13,0.60,"208,000","8,924","70,592","489,161","-11,946",0.49,"1,000",-11.46
36,SK이노베이션,"94,500",상승,200,+0.21%,"5,000","48,068","4,544","95,300","142,728","3,155",-4.67,"350,643","94,500","95,400","1,105,301",-83.43,-9.65,"95,500","1,501","708,812","-23,725",13.49,-2.48,"93,600","2,508","151,035","747,170","-20,236",0.59,"2,000",-3.33
37,SK,"193,700",상승,"6,000",+3.20%,200,"69,306","13,268","191,500","140,438","23,553",15.77,"564,565","191,400","191,600","2,149,778",-50.46,-5.64,"194,100","1,316","1,346,902","5,288",23.54,0.25,"190,100",855,"72,503","1,246,904","12,281",0.40,"7,000",-3.19
38,카카오뱅크,"28,350",보합,0,0.00%,"5,000","233,453","6,533","27,950","135,226","6,069",28.99,"4,148,965","27,750","28,050","628,053",26.83,6.95,"28,350","25,267","562,652","4,401",17.34,0.75,"27,650","34,247","476,989","29,456",978,2.07,360,18.11
39,기업은행,"16,760",하락,10,-0.06%,"5,000","94,989","1,590","16,800","133,649","35,941",5.00,"1,445,766","16,770","16,840","4,722,198",4.71,8.06,"16,850","4,384","4,379,887","26,543",14.08,0.58,"16,670","1,730","797,426","324,300","3,351",0.39,"1,065",13.30
40,하이브,"309,000",보합,0,0.00%,500,"53,623","16,554","309,000","128,705","1,840",246.02,"329,855","313,500","309,500","54,792",-37.75,0.31,"313,500","1,374","19,654",-34,18.25,-0.06,"305,000","3,260","41,652","22,556","1,256",3.91,200,3.56
41,KT,"50,900",보합,0,0.00%,"5,000","20,444","1,041","50,900","128,279","8,095",20.27,"436,500","50,900","51,000","418,800",-50.93,2.85,"51,100","31,040","238,834","4,171",49.00,0.99,"50,800","14,272","252,022","264,312","2,511",0.75,"2,000",0.21
42,LG전자,"74,300",상승,600,+0.81%,"5,000","66,198","4,902","73,800","121,590","34,197",19.42,"640,483","74,000","74,000","656,296",-6.40,1.81,"74,600","12,569","404,179","5,914",29.65,0.94,"73,400","12,225","163,648","877,282","3,825",0.61,"1,000",6.64
43,삼성SDI,"173,000",상승,"2,700",+1.59%,"5,000","185,093","32,074","172,200","118,963","3,633",118.41,"426,240","170,800","172,900","405,973",-76.49,3.13,"175,000","2,024","190,301","5,755",29.41,1.54,"170,400","1,306","68,765","165,922","1,461",0.61,973,-22.60
44,LG,"75,400",상승,800,+1.07%,"5,000","16,499","1,234","74,700","118,567","9,668",14.92,"345,801","74,600","75,100","316,393",-39.16,2.16,"75,500","3,273","35,066","7,905",35.04,2.55,"74,500","1,214","157,251","71,755","5,053",0.42,"3,100",-3.62
45,SK텔레콤,"52,950",상승,150,+0.28%,100,"68,658","3,639","52,900","113,731","18,234",9.01,"894,461","52,900","53,000","305,153",4.00,10.83,"53,200","55,989","186,876","13,871",39.85,4.58,"52,800","33,843","214,790","179,406","5,874",0.95,"3,540",1.89
46,삼성에스디에스,"136,600",하락,500,-0.36%,500,"9,808","1,337","137,300","105,698","9,111",13.95,"121,393","136,500","137,400","132,383",12.73,8.42,"137,400","1,343","35,329","7,895",19.32,6.18,"135,800",386,"77,378","138,282","9,791",1.13,"2,900",4.15
47,미래에셋증권,"18,120",하락,50,-0.28%,"5,000","328,655","5,896","18,020","103,341","11,881",13.28,"3,360,815","18,040","18,030","1,371,770",128.02,7.94,"18,130","13,560","1,249,133","9,255",13.45,0.69,"17,790","5,302","570,316","222,342","1,364",0.87,250,9.22
48,삼성전기,"131,100",상승,"1,300",+1.00%,"5,000","38,713","5,077","130,900","97,923","7,350",16.16,"350,480","130,900","131,400","127,924",11.27,8.16,"131,800","2,906","37,765","7,032",32.53,5.75,"130,600","3,946","74,694","102,941","8,115",1.12,"1,800",15.76
49,LIG넥스원,"443,000",하락,"15,500",-3.38%,"5,000","44,712","19,902","454,000","97,460","2,298",39.72,"193,581","462,500","454,500","61,253",23.29,19.59,"463,000",864,"48,878","2,166",31.92,4.36,"439,000",502,"22,000","32,763","11,153",7.77,"2,400",41.92
50,HD현대,"123,000",상승,"1,100",+0.90%,"1,000","55,496","6,730","121,000","97,161","29,832",18.50,"580,409","122,000","121,200","738,667",46.84,6.36,"123,400","1,679","474,816","19,302",21.96,2.72,"119,700",411,"78,993","677,656","6,647",0.94,"3,600",10.49
51,두산,"588,000",상승,"7,000",+1.20%,"5,000","18,124","10,520","576,000","97,160","10,038",-60.68,"245,854","587,000","579,000","301,431",-30.11,-14.57,"589,000","1,448","182,536","3,022",12.69,1.03,"570,000","1,329","16,524","181,329","-9,690",7.02,"2,000",-5.21
52,한화시스템,"50,900",하락,500,-0.97%,"5,000","1,324,757","68,117","51,600","96,160","2,193",21.84,"12,232,648","53,000","51,700","57,240",78.95,19.63,"53,100","45,482","33,076","4,454",9.08,8.73,"50,500","8,625","188,919","28,037","2,331",2.83,350,14.32
53,포스코퓨처엠,"123,100",상승,"3,800",+3.19%,500,"144,356","18,028","124,100","95,357",7,-42.68,"297,141","121,600","124,200","79,325",-97.99,-7.98,"127,400","1,207","46,120","-2,313",10.08,-3.24,"121,500","2,256","77,463","36,999","-2,884",3.17,0,-22.27
54,한진칼,"138,500",하락,"1,000",-0.72%,"2,500","16,207","2,247","139,700","92,466",492,20.30,"118,067","139,400","140,200","42,072",14.82,16.75,"140,500",302,"8,940","5,122",20.68,12.82,"137,700",589,"66,762","2,922","6,822",2.86,360,5.96
55,포스코인터내셔널,"52,300",상승,600,+1.16%,"5,000","76,191","4,017","52,600","92,008","11,169",17.10,"541,527","52,800","52,800","173,363",-3.97,8.14,"53,300","6,853","99,869","5,034",6.47,2.97,"52,100","14,702","175,923","323,408","3,058",1.38,"1,550",-2.39
56,현대글로비스,"122,600",상승,"1,300",+1.07%,500,"34,103","4,187","122,700","91,950","17,529",7.74,"216,015","122,100","123,200","168,491",12.80,13.24,"123,900","2,386","80,398","10,995",49.33,6.96,"122,000",741,"75,000","284,074","15,834",1.03,"3,700",10.61
57,삼양식품,"1,219,000",상승,"62,000",+5.36%,"5,000","20,679","24,822","1,173,000","91,827","3,446",30.15,"46,455","1,175,000","1,176,000","15,948",133.58,39.37,"1,225,000",512,"7,667","2,713",19.62,19.62,"1,169,000",720,"7,533","17,280","40,436",10.07,"3,300",44.86
58,유한양행,"107,400",상승,100,+0.09%,"1,000","38,903","4,172","107,000","86,145",549,130.82,"363,005","107,500","107,100","29,420",-3.77,3.41,"108,000","3,755","7,914",552,18.09,1.92,"106,600","2,061","80,209","20,678",821,3.90,500,11.23
59,한국항공우주,"86,800",하락,"3,000",-3.34%,"5,000","334,254","29,184","88,900","84,608","2,407",51.12,"1,335,187","90,700","89,000","80,255",-2.74,10.42,"90,700","9,227","62,984","1,709",35.07,2.25,"86,200","1,478","97,475","36,337","1,698",5.01,500,-4.86
60,HD현대마린솔루션,"188,600",상승,"3,600",+1.95%,500,"39,355","7,379","185,200","84,548","2,717",33.75,"213,772","186,400","185,700","11,522",34.87,44.98,"189,000",500,"3,787","2,279",28.89,25.20,"184,300",274,"44,829","17,455","5,588",11.81,"3,150",22.02
61,대한항공,"22,900",하락,50,-0.22%,"5,000","191,914","4,399","23,000","84,323","21,102",6.89,"1,107,139","23,050","23,050","470,121",17.88,13.17,"23,050","120,630","360,489","13,819",17.00,3.57,"22,850","121,174","368,221","178,707","3,322",0.81,750,10.92
62,KODEX CD금리액티브(합성),"1,071,907",상승,82,+0.01%,0,"32,115","34,424","1,071,905","83,338",N/A,N/A,"196,697","1,071,905","1,071,910",N/A,N/A,N/A,"1,071,910","688,070",N/A,N/A,0.00,N/A,"1,071,905","681,298","7,775",N/A,N/A,N/A,N/A,N/A
63,아모레퍼시픽,"141,300",상승,700,+0.50%,500,"30,055","4,219","140,200","82,650","2,205",15.60,"593,159","140,800","140,500","67,835",103.83,11.69,"141,400",938,"14,575","6,016",23.25,9.50,"139,200","1,422","58,493","38,851","9,057",1.84,"1,125",5.75
64,TIGER 미국S&P500,"20,460",상승,85,+0.42%,0,"413,013","8,452","20,465","82,004",N/A,N/A,"4,323,538","20,455","20,470",N/A,N/A,N/A,"20,500","153,319",N/A,N/A,0.13,N/A,"20,450","106,380","400,800",N/A,N/A,N/A,N/A,N/A
65,한미반도체,"84,000",상승,"1,100",+1.33%,100,"271,094","22,812","83,600","81,156","2,554",59.07,"801,422","83,500","83,700","7,109",638.74,27.43,"84,800","20,500","1,700","1,526",7.58,21.27,"83,500","21,893","96,614","5,589","1,422",15.27,720,251.50
66,LS ELECTRIC,"269,000",상승,"1,500",+0.56%,"5,000","19,558","5,247","267,500","80,700","3,897",35.06,"237,588","268,000","267,500","44,852",19.96,13.44,"270,000","1,094","25,951","2,422",23.87,5.90,"267,000","2,806","30,000","45,518","7,673",4.36,"2,900",7.60
67,현대건설,"71,200",하락,800,-1.11%,"5,000","318,374","22,342","70,500","79,285","-12,634",-39.29,"3,161,871","70,600","70,600","270,054",-260.86,-2.09,"71,400","12,375","173,360","-7,662",24.13,-3.02,"69,200","6,143","111,356","326,703","-1,812",0.99,600,10.18
68,DB손해보험,"109,700",상승,"1,800",+1.67%,500,"11,513","1,255","108,700","77,668","24,249",4.56,"176,170","107,600","109,300","665,061",8.50,18.98,"109,800","1,895","571,149","18,532",46.28,2.93,"107,600","1,661","70,800","218,350","24,043",0.82,"6,800",10.49
69,카카오페이,"56,500",하락,900,-1.57%,500,"501,555","27,621","54,000","76,102",-575,"-1,822.58","5,144,110","54,600","54,200","44,147",-1.59,-0.73,"56,700","19,619","25,039",-215,38.36,-0.51,"53,700","21,002","134,694","7,662",-31,4.04,0,24.52
70,HD현대미포,"184,100",하락,"3,400",-1.81%,"5,000","82,920","15,172","184,500","73,533",885,48.17,"487,901","188,600","184,600","51,089",157.89,5.25,"188,600",905,"30,024","1,132",21.33,2.26,"180,100",692,"39,942","46,300","3,822",3.55,710,14.63
71,SK바이오팜,"92,900",보합,0,0.00%,500,"16,478","1,535","93,000","72,753",963,28.96,"135,238","93,000","93,100","10,368",356.75,58.01,"93,700","1,184","4,628","2,270",11.13,25.79,"92,600",768,"78,313","5,476","3,208",12.82,N/A,54.30
72,한화,"94,200",하락,900,-0.95%,"5,000","137,084","12,918","95,600","70,611","24,161",9.00,"1,629,015","96,500","96,000","2,520,370",0.17,7.19,"96,500","3,074","2,124,752","16,904",15.35,0.73,"93,000","6,978","74,959","556,468","10,464",0.85,800,4.73
73,코웨이,"95,500",상승,"1,200",+1.27%,500,"13,586","1,292","94,300","68,673","7,954",12.18,"223,581","94,200","94,900","57,616",8.77,19.38,"96,000",869,"25,654","5,655",61.41,10.66,"93,900","1,529","71,909","43,101","7,843",2.18,"2,630",8.66
74,KODEX 머니마켓액티브,"103,050",상승,10,+0.01%,0,"23,764","2,448","103,045","67,675",N/A,N/A,"412,934","103,045","103,050",N/A,N/A,N/A,"103,050","1,531,498",N/A,N/A,0.00,N/A,"103,045","1,266,464","65,672",N/A,N/A,N/A,N/A,N/A
75,S-Oil,"58,500",하락,500,-0.85%,"2,500","19,701","1,154","59,200","65,861","4,222",-16.89,"232,014","58,800","59,400","244,514",-68.83,-2.18,"59,500","1,132","157,558","-1,930",73.35,-0.84,"58,300","9,186","112,583","366,370","-3,463",0.79,125,2.55
76,KODEX 200,"39,070",상승,400,+1.03%,0,"947,876","36,883","38,935","65,657",N/A,N/A,"9,797,525","38,865","38,940",N/A,N/A,N/A,"39,105","345,640",N/A,N/A,31.10,N/A,"38,795","258,724","168,050",N/A,N/A,N/A,N/A,N/A
77,한국금융지주,"117,000",하락,"1,500",-1.27%,"5,000","33,489","3,902","117,300","65,199","11,997",6.23,"347,274","117,400","117,500","1,092,202",46.24,11.54,"118,100",826,"994,857","10,459",37.95,1.02,"115,700",377,"55,726","211,741","18,792",0.69,"3,980",1.34
78,효성중공업,"695,000",상승,"13,000",+1.91%,"5,000","7,699","5,333","684,000","64,806","3,625",21.38,"72,807","686,000","688,000","62,188",40.59,14.90,"698,000",703,"41,632","2,229",22.87,4.06,"683,000",371,"9,325","48,950","32,509",3.29,"5,000",13.82
79,NH투자증권,"17,990",하락,260,-1.42%,"5,000","104,913","1,884","18,120","58,303","9,011",9.31,"1,050,120","18,200","18,150","624,271",24.16,8.73,"18,210","3,891","543,077","6,866",16.18,1.15,"17,830","2,278","324,086","100,343","1,932",0.78,950,-3.25
80,LG유플러스,"13,060",상승,80,+0.62%,"5,000","75,829",983,"12,910","57,021","8,631",13.94,"1,577,299","12,900","12,960","197,077",-13.52,4.40,"13,070","28,417","109,394","3,146",36.94,1.58,"12,890","2,993","436,611","146,252",937,0.66,650,1.76
81,맥쿼리인프라,"11,790",하락,40,-0.34%,0,"97,803","1,152","11,830","56,465",N/A,N/A,"1,245,666","11,830","11,840",N/A,N/A,N/A,"11,850","60,653",N/A,N/A,9.22,N/A,"11,760","53,180","478,922",N/A,N/A,N/A,N/A,N/A
82,LS,"175,000",상승,500,+0.29%,"5,000","20,156","3,502","173,100","56,350","10,729",19.84,"448,826","174,300","173,600","205,279",19.26,5.09,"175,000",312,"136,468","3,915",14.19,2.02,"172,100",231,"32,200","275,447","8,821",0.98,"1,650",12.52
83,삼성증권,"63,000",하락,400,-0.63%,"5,000","64,158","4,001","62,800","56,259","12,058",6.29,"447,588","63,000","62,900","622,739",62.69,12.89,"63,100","4,145","549,497","8,990",29.47,1.51,"61,600","2,856","89,300","134,666","10,015",0.77,"3,500",2.26
84,한화솔루션,"32,650",상승,"1,550",+4.98%,"5,000","1,938,012","64,062","32,900","56,123","-3,002",-5.76,"1,860,024","33,100","32,950","300,368",-151.83,-15.99,"33,850","58,877","194,300","-13,690",13.59,-4.99,"32,250","32,910","171,893","123,940","-5,673",0.60,300,-5.23
85,삼성카드,"48,300",상승,300,+0.63%,"5,000","7,268",350,"48,400","55,960","8,854",8.34,"147,289","48,000","48,500","294,941",9.31,8.00,"48,500","1,103","210,079","6,646",6.32,2.28,"48,000",246,"115,859","43,832","5,793",0.62,"2,800",9.47
86,현대차2우B,"154,600",상승,"1,300",+0.85%,"5,000","18,275","2,822","154,100","54,054",N/A,3.37,"157,695","153,500","154,600",N/A,N/A,N/A,"155,000","2,541",N/A,N/A,60.02,N/A,"153,400","1,288","34,964",N/A,"45,880",0.37,N/A,N/A
87,LG생활건강,"345,500",하락,"1,000",-0.29%,"5,000","3,792","1,312","347,500","53,961","4,590",33.86,"46,453","348,500","348,000","74,058",-5.74,3.44,"349,000",474,"17,199","2,039",28.49,2.79,"344,000",600,"15,618","68,119","10,204",1.03,"3,500",0.10
88,LG씨엔에스,"53,800",상승,500,+0.94%,500,"42,745","2,293","53,300","52,125","5,129",11.70,"297,179","53,400","53,400","45,045",10.52,18.32,"54,100","8,268","23,817","3,649",1.44,8.54,"53,100","8,267","96,886","59,826","4,597",1.99,"1,672",6.73
89,넷마블,"59,900",하락,200,-0.33%,100,"26,469","1,575","59,600","51,486","2,156",50.63,"703,124","59,500","59,800","81,771",414.93,0.49,"60,200","1,200","27,032",32,24.56,0.04,"59,000","2,579","85,954","26,638","1,183",0.91,417,6.46
90,TIGER 미국나스닥100,"132,815",상승,680,+0.51%,0,"33,264","4,419","132,830","50,178",N/A,N/A,"369,522","132,850","132,865",N/A,N/A,N/A,"133,070","17,555",N/A,N/A,0.05,N/A,"132,705","10,354","37,780",N/A,N/A,N/A,N/A,N/A
91,에이피알,"132,700",상승,"3,700",+2.87%,100,"47,151","6,181","129,100","49,957","1,227",37.75,"597,092","129,200","129,300","5,651",17.77,41.34,"132,700","1,465","2,416","1,076",23.50,25.24,"128,500","1,018","37,647","7,228","3,515",14.15,0,37.98
92,두산밥캣,"51,500",하락,"1,200",-2.28%,500,"34,531","1,783","51,800","49,366","8,714",11.18,"683,288","52,200","52,000","120,096",-37.31,8.77,"52,200","2,759","51,151","5,634",36.17,5.03,"51,100","2,953","95,856","85,512","4,606",0.72,"1,600",-12.38
93,한국타이어앤테크놀로지,"39,500",상승,150,+0.38%,500,"32,897","1,300","39,450","48,931","17,623",4.54,"452,236","39,400","39,600","158,497",32.71,10.79,"39,800","5,001","46,549","11,311",36.00,7.91,"39,400","3,463","123,875","94,119","8,704",0.43,"2,000",5.28
94,TIGER CD금리투자KIS(합성),"56,162",상승,2,0.00%,0,"21,518","1,208","56,160","47,734",N/A,N/A,"163,741","56,160","56,165",N/A,N/A,N/A,"56,165","1,400,464",N/A,N/A,0.01,N/A,"56,160","1,405,440","84,994",N/A,N/A,N/A,N/A,N/A
95,키움증권,"185,100",하락,"2,400",-1.28%,"5,000","16,264","3,013","187,000","45,306","10,982",6.35,"204,339","188,100","188,100","556,884",94.50,15.98,"189,200",288,"500,565","8,349",24.99,1.55,"183,800",357,"24,477","112,803","29,164",0.87,"7,500",18.18
96,삼성E&A,"23,100",상승,200,+0.87%,"5,000","172,311","3,974","23,100","45,276","9,716",6.07,"1,286,531","23,200","23,150","100,133",-2.17,19.65,"23,250","17,060","61,176","6,387",44.68,7.17,"22,800","57,679","196,000","99,666","3,804",1.06,660,-6.20
97,CJ,"152,800",상승,"3,100",+2.07%,"5,000","33,072","5,018","152,200","44,582","25,475",54.87,"344,546","150,500","152,300","474,970",24.93,1.83,"153,300",634,"297,506","1,512",11.24,0.32,"150,100",154,"29,177","436,467","2,785",0.95,"3,000",5.55
98,KODEX 미국S&P500,"18,825",상승,80,+0.43%,0,"364,118","6,857","18,825","44,380",N/A,N/A,"6,577,492","18,815","18,830",N/A,N/A,N/A,"18,860","352,783",N/A,N/A,0.21,N/A,"18,815","297,467","235,750",N/A,N/A,N/A,N/A,N/A
99,오리온,"112,100",하락,900,-0.80%,500,"12,002","1,347","113,000","44,320","5,436",8.28,"100,862","112,500","113,500","43,084",10.40,16.57,"113,600","1,014","7,344","5,332",29.80,13.62,"111,800","2,757","39,536","31,043","13,534",1.26,"2,500",6.59
100,LG디스플레이,"8,850",상승,70,+0.80%,"5,000","129,534","1,148","8,840","44,250","-5,606",-2.17,"903,673","8,830","8,850","328,596",77.67,-37.21,"8,900","23,427","247,868","-24,093",20.44,-7.02,"8,810","54,790","500,000","266,153","-4,084",0.71,N/A,24.77
101,GS,"47,100",상승,500,+1.07%,"5,000","33,666","1,569","46,500","43,763","30,602",10.83,"534,957","46,600","46,650","350,634",-17.78,4.12,"47,150","1,488","165,930","8,635",17.02,2.48,"46,300","5,031","92,915","252,975","4,351",0.32,"2,700",-2.62
102,현대제철,"31,000",상승,350,+1.14%,"5,000","110,397","3,394","30,750","41,368","1,595",-42.06,"1,374,169","30,900","30,800","347,438",-80.02,-0.06,"31,200","13,597","154,102",88,17.90,0.03,"30,300","1,050","133,446","232,261",-737,0.22,750,-10.38
103,한미약품,"321,500",상승,"5,000",+1.58%,"2,500","18,146","5,788","315,500","41,187","2,162",37.81,"181,102","319,500","316,500","20,208",-2.04,11.89,"324,500","1,081","7,801","1,404",10.43,7.17,"313,000","1,666","12,811","14,955","8,502",3.66,"1,250",0.31
104,현대오토에버,"148,100",상승,800,+0.54%,500,"4,200",624,"148,800","40,615","2,244",24.62,"56,991","148,100","149,000","33,495",23.71,10.40,"149,400",68,"16,190","1,752",2.29,5.66,"147,600",779,"27,424","37,136","6,016",2.41,"1,780",21.16
105,KODEX KOFR금리액티브(합성),"110,482",상승,2,0.00%,0,"3,894",430,"110,480","39,420",N/A,N/A,"337,387","110,480","110,485",N/A,N/A,N/A,"110,485","560,028",N/A,N/A,0.00,N/A,"110,480","781,818","35,680",N/A,N/A,N/A,N/A,N/A
106,엔씨소프트,"175,300",상승,"1,000",+0.57%,500,"16,597","2,939","177,400","37,767","-1,092",51.44,"127,181","178,000","177,600","39,539",-179.56,2.99,"178,600",902,"8,904",941,34.11,2.26,"175,100","2,300","21,544","15,781","3,408",1.13,"1,460",-11.33
107,BNK금융지주,"11,670",상승,20,+0.17%,"5,000","161,431","1,884","11,760","37,155","8,759",5.80,"1,755,280","11,670","11,800","1,524,705",9.33,6.96,"11,880","7,120","1,413,229","7,500",40.59,0.50,"11,570","3,390","318,384","100,314","2,012",0.35,650,3.80
108,강원랜드,"17,300",하락,80,-0.46%,500,"62,787","1,085","17,310","37,012","2,858",8.44,"401,716","17,340","17,370","47,006",1.25,12.09,"17,370","5,435","8,170","4,569",13.55,9.99,"17,210","3,924","213,940","14,269","2,050",0.93,"1,170",2.76
109,JB금융지주,"19,000",하락,180,-0.94%,"5,000","67,338","1,277","19,100","36,843","9,061",5.55,"610,941","19,180","19,150","667,219",13.26,12.80,"19,180","3,261","609,971","6,930",35.29,1.07,"18,790","4,944","193,908","46,238","3,422",0.64,995,10.25
110,CJ제일제당,"244,500",하락,"1,500",-0.61%,"5,000","3,918",958,"245,000","36,807","15,530",54.20,"61,003","246,000","245,500","301,500",20.24,1.97,"246,000","2,712","179,072","3,618",20.63,1.21,"243,500","1,669","15,054","293,591","4,511",0.50,"6,000",1.16
111,SKC,"96,800",상승,"2,000",+2.11%,"5,000","37,334","3,588","96,000","36,657","-2,768",-7.02,"189,455","95,100","96,100","67,487",-29.53,-34.34,"96,900",785,"44,559","-4,551",14.48,-6.60,"95,100","2,414","37,868","17,216","-13,786",2.92,N/A,15.27
112,SK바이오사이언스,"46,600",상승,300,+0.65%,500,"9,239",427,"46,300","36,520","-1,384",-75.90,"100,829","46,300","46,450","28,436","-1,054.77",-3.07,"46,600","2,242","8,211",-501,6.44,-2.13,"46,100","1,222","78,369","2,675",-614,2.02,0,-27.59
113,현대차우,"153,700",상승,"1,400",+0.92%,"5,000","13,378","2,055","153,100","35,875",N/A,3.35,"114,317","152,500","153,600",N/A,N/A,N/A,"154,050","2,908",N/A,N/A,61.36,N/A,"152,500",980,"23,341",N/A,"45,880",0.36,N/A,N/A
114,LG이노텍,"151,400",상승,"3,300",+2.23%,"5,000","27,898","4,203","150,100","35,832","7,060",9.04,"179,488","148,800","150,300","113,782",-15.02,8.92,"151,800",241,"60,243","4,493",23.31,3.98,"148,800",809,"23,667","212,008","16,750",0.67,"2,090",2.89
115,한국가스공사,"38,050",상승,300,+0.79%,"5,000","78,958","2,992","37,800","35,125","30,034",3.17,"1,626,701","38,050","37,850","576,696",93.34,11.21,"38,100","17,620","468,433","11,490",10.15,2.00,"37,700","10,310","92,313","383,887","12,001",0.30,"1,455",-13.84
116,포스코DX,"22,550",상승,150,+0.67%,500,"90,082","2,048","22,900","34,284","1,090",40.85,"282,568","22,600","22,900","8,925",-1.42,17.92,"23,000","14,173","3,666",886,3.09,9.94,"22,450","8,739","152,035","14,733",552,6.41,125,-0.85
117,두산로보틱스,"51,200",하락,500,-0.97%,500,"24,637","1,267","51,500","33,188",-412,-76.99,"322,760","52,000","51,600","4,217",-114.96,-8.69,"52,000","4,858",192,-366,2.19,-8.33,"51,000","2,583","64,820",468,-665,8.44,N/A,-11.71
118,KODEX 종합채권(AA-이상)액티브,"118,420",상승,35,+0.03%,0,"1,443",170,"118,295","32,858",N/A,N/A,"33,997","118,365","118,330",N/A,N/A,N/A,"118,450","30,000",N/A,N/A,0.00,N/A,"118,300","31,020","27,747",N/A,N/A,N/A,N/A,N/A
119,금호석유화학,"123,800",하락,"2,200",-1.75%,"5,000","10,641","1,320","124,700","32,757","2,728",10.17,"333,643","124,900","125,000","83,402",-24.00,5.88,"125,600",812,"22,980","3,486",17.60,4.27,"123,300",565,"26,460","71,550","12,168",0.53,"2,200",13.17
120,TIGER 미국테크TOP10 INDXX,"23,345",상승,145,+0.63%,0,"110,277","2,575","23,335","31,831",N/A,N/A,"732,424","23,340","23,355",N/A,N/A,N/A,"23,400","10,281",N/A,N/A,0.55,N/A,"23,315","46,148","136,350",N/A,N/A,N/A,N/A,N/A
121,롯데지주,"29,900",상승,100,+0.34%,200,"40,557","1,200","29,500","31,368","3,405",-2.91,"673,745","29,600","29,550","226,603",-31.04,-15.56,"29,900","3,223","134,605","-9,461",7.39,-4.13,"29,400","4,335","104,909","157,570","-10,260",0.35,"1,200",3.94
122,이수페타시스,"42,700",상승,"1,600",+3.89%,"1,000","228,163","9,637","41,400","31,346","1,019",29.88,"844,186","41,650","41,450","7,901",63.87,24.92,"42,800","6,468","4,626",740,14.69,10.45,"41,250","7,523","73,409","8,369","1,429",7.95,143,23.92
123,에코프로머티,"44,450",상승,600,+1.37%,500,"172,527","7,740","44,750","31,085",-647,-74.08,"356,043","44,200","44,800","12,902",-837.74,-5.56,"45,400","4,837","5,526",-427,23.11,-3.57,"44,150","4,866","69,932","2,998",-600,4.25,0,-68.52
124,현대엘리베이터,"78,600",하락,"1,200",-1.50%,"5,000","29,233","2,302","79,200","30,727","2,257",14.70,"224,791","79,200","79,300","35,738",173.22,14.42,"79,800","1,904","22,315","1,939",28.93,5.46,"78,300",841,"39,092","28,853","5,347",2.49,"5,500",10.88
125,시프트업,"52,200",상승,500,+0.97%,200,"30,316","1,580","52,400","30,684","1,527",19.21,"209,550","52,700","52,500","8,038",37.47,31.30,"52,700","6,842",394,"1,480",37.59,29.37,"51,700","2,747","58,782","2,241","2,717",3.86,0,32.91
126,F&F,"77,100",하락,"1,000",-1.28%,100,"6,625",511,"77,400","29,535","4,507",8.49,"77,940","77,800","77,700","22,859",-18.32,25.27,"78,000",479,"7,086","3,560",11.33,16.59,"76,700",387,"38,307","18,960","9,076",1.83,"1,700",-4.17
127,대한전선,"15,700",상승,210,+1.36%,"1,000","854,225","13,337","15,470","29,272","1,152",37.47,"7,805,888","15,360","15,500","26,427",44.28,5.85,"15,790","10,502","11,466",742,6.64,3.28,"15,300","19,808","186,447","32,913",419,1.93,N/A,15.73
128,KCC,"326,500",상승,"3,500",+1.08%,"5,000","4,130","1,338","322,500","29,014","4,711",-24.68,"43,090","323,500","323,500","131,086",50.74,6.08,"327,000",363,"80,692","2,933",9.24,2.22,"320,500",357,"8,886","66,588","-13,230",0.38,"10,000",5.89
129,TIGER KOFR금리액티브(합성),"108,990",상승,15,+0.01%,0,"4,151",452,"108,985","28,525",N/A,N/A,"77,685","108,985","108,990",N/A,N/A,N/A,"108,990","87,396",N/A,N/A,0.00,N/A,"108,985","117,655","26,172",N/A,N/A,N/A,"2,000",2.43
130,롯데케미칼,"66,400",하락,500,-0.75%,"5,000","20,906","1,384","66,600","28,403","-8,941",-1.56,"454,920","66,900","66,700","345,523",-157.14,-11.44,"67,000","2,508","145,644","-18,256",20.78,-5.37,"65,400",858,"42,775","204,304","-42,451",0.19,N/A,N/A
131,RISE 머니마켓액티브,"54,290",보합,0,0.00%,0,"34,923","1,896","54,290","28,223",N/A,N/A,"440,834","54,290","54,295",N/A,N/A,N/A,"54,295","272,887",N/A,N/A,1.00,N/A,"54,290","212,599","51,986",N/A,N/A,N/A,N/A,N/A
132,한미사이언스,"39,900",상승,550,+1.40%,500,"44,482","1,763","39,700","27,288",989,51.75,"406,751","39,950","39,800","13,491",-20.57,7.30,"40,000","5,332","5,104",567,2.03,4.40,"39,050","19,953","68,392","12,834",771,3.16,300,2.85
133,한전기술,"71,000",상승,700,+1.00%,200,"144,695","10,204","70,100","27,136",548,23.44,"803,266","70,800","70,200","9,468",91.88,10.40,"71,400","14,486","3,694",585,10.04,6.50,"69,700","4,249","38,220","5,534","3,029",4.50,999,1.52
134,동서,"27,200",보합,0,0.00%,500,"2,725",73,"26,950","27,118",445,18.26,"55,055","27,050","27,100","17,791",1.66,9.52,"27,200","1,844",697,"1,590",4.36,9.16,"26,950","1,915","99,700","4,889","1,490",1.63,N/A,7.91
135,한화생명,"3,120",상승,30,+0.97%,"5,000","144,525",447,"3,085","27,098","10,970",3.67,"3,172,747","3,090","3,090","1,601,464",3.78,6.98,"3,125","44,281","1,458,684","8,660",10.05,0.56,"3,075","10,802","868,530","245,852",849,0.20,890,-0.17
136,서울보증보험,"38,600",상승,700,+1.85%,"2,500","21,099",811,"38,400","26,951","2,797",12.65,"339,641","38,200","38,550","93,336",-46.64,4.12,"38,750","1,134","41,581","2,133",1.12,2.31,"38,100","8,348","69,822","27,513","3,052",0.52,"2,865",5.41
137,코스맥스,"234,000",하락,"3,000",-1.27%,500,"7,874","1,848","235,500","26,558","1,754",35.56,"114,807","237,500","236,000","19,337",51.61,20.53,"238,000","2,137","14,249",884,35.41,5.07,"232,500",913,"11,350","21,661","6,581",6.07,"2,300",21.86
138,영원무역,"59,900",하락,"2,200",-3.54%,500,"8,980",541,"61,400","26,543","3,156",6.16,"52,746","61,300","61,700","53,897",-50.47,12.32,"62,100",550,"14,941","2,945",29.23,5.51,"59,600",522,"44,311","35,178","9,724",0.69,"1,400",-2.40
139,한화비전,"52,400",상승,700,+1.35%,500,"81,830","4,312","52,300","26,456",-1,82.52,"560,988","52,500","52,500","15,911",N/A,N/A,"53,200","13,716","7,664",32,20.53,N/A,"52,100","7,061","50,488","4,933",635,3.19,N/A,N/A
140,에스원,"69,500",상승,500,+0.72%,500,"1,846",127,"68,400","26,409","2,092",14.83,"38,500","68,500","68,900","23,227",-1.58,10.85,"69,800",516,"6,620","1,767",56.18,7.85,"68,200",574,"37,999","28,047","4,687",1.46,"2,700",7.02
141,TIGER 200,"39,065",상승,435,+1.13%,0,"571,944","22,240","38,910","26,271",N/A,N/A,"2,626,527","38,840","38,915",N/A,N/A,N/A,"39,070","257,050",N/A,N/A,10.05,N/A,"38,760","138,757","67,250",N/A,N/A,N/A,N/A,N/A
142,KODEX 미국나스닥100,"19,975",상승,105,+0.53%,0,"113,695","2,271","19,980","25,868",N/A,N/A,"1,884,538","19,980","19,985",N/A,N/A,N/A,"20,015","155,872",N/A,N/A,0.07,N/A,"19,960","121,844","129,500",N/A,N/A,N/A,N/A,N/A
143,KODEX 200TR,"13,930",상승,150,+1.09%,0,"105,790","1,467","13,850","25,596",N/A,N/A,"733,035","13,845","13,870",N/A,N/A,N/A,"13,935","46,109",N/A,N/A,0.00,N/A,"13,830","25,888","183,750",N/A,N/A,N/A,N/A,N/A
144,TIGER 미국필라델피아반도체나스닥,"18,775",상승,300,+1.62%,0,"288,656","5,423","18,800","25,412",N/A,N/A,"2,367,155","18,790","18,805",N/A,N/A,N/A,"18,815","67,580",N/A,N/A,0.60,N/A,"18,765","46,399","135,350",N/A,N/A,N/A,N/A,N/A
145,KODEX 레버리지,"20,405",상승,450,+2.26%,0,"5,554,131","112,380","20,225","24,394",N/A,N/A,"26,317,112","20,180","20,235",N/A,N/A,N/A,"20,415","346,238",N/A,N/A,0.26,N/A,"20,100","201,857","119,550",N/A,N/A,N/A,N/A,N/A
146,농심,"400,500",상승,"2,500",+0.63%,"5,000","10,620","4,237","398,500","24,361","1,631",15.60,"72,309","400,500","399,000","35,975",-23.10,6.17,"401,000","1,350","9,249","1,576",17.25,4.61,"396,500","1,873","6,083","34,387","25,679",0.86,"5,000",0.83
147,이마트,"84,700",상승,"1,600",+1.93%,"5,000","37,833","3,187","84,300","23,374",471,-4.32,"896,091","84,500","84,400","339,306",200.35,-5.40,"84,800","2,763","207,466","-5,734",20.49,-1.70,"83,800","2,639","27,596","290,209","-19,614",0.22,"2,000",-1.53
148,한화엔진,"28,000",하락,50,-0.18%,"1,000","183,109","5,167","28,400","23,365",715,27.92,"933,236","28,650","28,450","14,131",719.51,25.64,"28,700","28,872","10,198",792,12.21,6.21,"27,900","9,530","83,447","12,022","1,003",5.65,N/A,40.71
149,풍산,"81,400",상승,"4,400",+5.71%,"5,000","424,791","35,617","84,700","22,812","3,238",9.48,"1,700,993","85,200","84,800","40,966",41.61,11.33,"86,500","3,576","18,973","2,360",22.39,6.09,"81,300","7,556","28,024","45,544","8,589",1.02,"2,600",10.40
150,아모레퍼시픽홀딩스,"28,550",하락,150,-0.52%,500,"13,987",400,"28,450","22,685","2,493",10.15,"214,155","28,900","28,550","85,405",64.00,7.57,"28,900","2,978","15,488","6,529",9.47,8.07,"28,450","2,218","79,458","42,599","2,813",0.76,330,5.93
151,ACE 미국30년국채액티브(H),"7,615",보합,0,0.00%,0,"223,445","1,700","7,605","22,426",N/A,N/A,"2,449,770","7,610","7,610",N/A,N/A,N/A,"7,620","771,610",N/A,N/A,0.01,N/A,"7,605","767,164","294,500",N/A,N/A,N/A,N/A,N/A
152,현대해상,"24,800",보합,0,0.00%,500,"35,809",886,"24,750","22,171","12,441",3.26,"491,052","24,900","24,800","485,238",67.33,15.75,"24,900","12,290","437,804","8,505",35.13,1.84,"24,650","5,939","89,400","173,245","7,619",0.48,N/A,8.86
153,KODEX CD1년금리플러스액티브(합성),"1,022,720",상승,55,+0.01%,0,"1,331","1,361","1,022,715","22,059",N/A,N/A,"8,790","1,022,715","1,022,720",N/A,N/A,N/A,"1,022,720","383,945",N/A,N/A,0.00,N/A,"1,022,715","385,000","2,157",N/A,N/A,N/A,N/A,N/A
154,제일기획,"19,040",보합,0,0.00%,200,"15,761",299,"19,040","21,904","3,207",11.34,"263,353","19,030","19,080","33,066",4.29,15.12,"19,100","3,448","18,325","2,083",24.86,6.73,"19,000","1,692","115,041","43,443","1,679",1.39,"1,230",4.98
155,롯데쇼핑,"77,200",상승,"1,600",+2.12%,"5,000","26,022","2,002","76,800","21,839","4,731",-2.12,"494,825","76,600","76,900","390,030",-6.94,-7.75,"77,500","1,042","219,694","-9,941",7.61,-2.86,"76,400","2,390","28,289","139,866","-36,401",0.14,"3,800",-3.91
156,미스토홀딩스,"35,600",하락,100,-0.28%,"1,000","3,744",133,"35,550","21,394","3,608",22.78,"191,318","35,450","35,700","55,364",18.88,4.30,"35,700","3,212","28,001","2,077",39.73,3.95,"35,450",366,"60,096","42,687","1,563",1.03,"1,200",6.54
157,씨에스윈드,"50,400",상승,950,+1.92%,500,"135,084","6,867","51,400","21,254","2,555",7.70,"350,344","50,700","50,900","36,095",145.19,13.92,"51,900","6,282","24,092","1,437",12.37,4.44,"49,950","6,209","42,171","30,725","6,546",1.72,"1,000",102.12
158,한국콜마,"89,900",하락,100,-0.11%,500,"20,033","1,800","90,100","21,221","1,939",21.88,"273,828","90,200","89,900","31,267",42.39,12.50,"90,900","3,423","16,210","1,253",38.08,4.09,"89,400","1,194","23,605","24,521","4,109",2.69,720,13.75
159,산일전기,"69,600",상승,500,+0.72%,500,"71,871","5,054","70,000","21,190","1,092",21.66,"564,000","70,300","70,200","4,927",134.38,29.88,"71,000","3,858",584,837,9.23,24.47,"69,400","10,315","30,445","3,340","3,214",4.68,420,55.68
160,한온시스템,"3,110",상승,15,+0.48%,100,"36,807",114,"3,115","21,110",955,-4.51,"892,079","3,100","3,125","106,203",-66.31,-13.90,"3,130","41,425","76,215","-3,586",4.91,-3.61,"3,100","22,926","678,763","99,987",-690,0.73,N/A,5.01
161,BGF리테일,"120,700",하락,"1,500",-1.23%,"1,000","10,460","1,258","120,800","20,862","2,516",11.27,"88,473","120,900","121,300","34,026",-0.61,17.29,"121,900","1,214","22,185","1,952",27.15,5.90,"119,500","1,433","17,284","86,988","10,714",1.85,"4,100",6.15
162,ACE 미국S&P500,"20,680",상승,85,+0.41%,0,"38,473",795,"20,670","20,845",N/A,N/A,"374,901","20,665","20,675",N/A,N/A,N/A,"20,720","73,251",N/A,N/A,0.10,N/A,"20,660","42,437","100,800",N/A,N/A,N/A,N/A,N/A
163,TIGER 미국배당다우존스,"11,635",상승,120,+1.04%,0,"158,806","1,849","11,650","20,594",N/A,N/A,"1,050,144","11,625","11,655",N/A,N/A,N/A,"11,660","129,996",N/A,N/A,0.28,N/A,"11,625","109,194","177,000",N/A,N/A,N/A,N/A,N/A
164,KODEX 코스닥150레버리지,"8,110",상승,225,+2.85%,0,"8,786,101","70,849","8,015","20,583",N/A,N/A,"31,289,968","7,995","8,020",N/A,N/A,N/A,"8,135","497,266",N/A,N/A,0.56,N/A,"7,975","416,020","253,800",N/A,N/A,N/A,N/A,N/A
165,아시아나항공,"9,960",하락,30,-0.30%,"5,000","6,401",63,"9,980","20,517","2,757",-9.05,"105,974","9,950","9,990","134,499",-55.53,-53.21,"9,980","11,444","124,468","-4,130",2.71,-3.12,"9,940","1,735","205,991","83,186","-1,100",2.02,N/A,9.12
166,GS건설,"23,950",하락,50,-0.21%,"5,000","51,806","1,231","23,800","20,497","2,860",14.75,"1,066,344","23,800","23,850","178,033",173.71,5.63,"24,000","10,368","127,162","2,639",22.23,1.49,"23,550","6,529","85,581","128,638","1,624",0.45,300,-4.26
167,호텔신라,"52,100",보합,0,0.00%,"5,000","42,841","2,238","52,300","20,448",-52,-31.54,"451,426","52,900","52,400","38,139",-105.68,-6.50,"53,000","5,013","25,295",-615,13.08,-1.80,"51,300","4,912","39,248","39,476","-1,652",1.54,N/A,10.62
168,HD현대인프라코어,"10,550",하락,420,-3.83%,"1,000","1,103,014","11,618","10,650","20,318","1,842",25.54,"16,638,079","10,820","10,660","42,872",-55.97,5.92,"10,820","30,537","24,400","1,084",14.96,2.49,"10,310","4,936","192,591","41,142",413,1.07,70,-11.71
169,신영증권,"122,200",하락,"1,200",-0.97%,"5,000","12,763","1,544","122,900","20,090","1,704",16.38,"80,766","124,500","122,700","106,099",47.34,9.27,"124,600",842,"89,215","1,494",7.10,1.37,"119,100",135,"16,440","27,643","7,462",0.55,"4,500",17.45
170,팬오션,"3,725",상승,5,+0.13%,"1,000","104,412",388,"3,745","19,913","4,712",7.12,"1,100,777","3,735","3,750","102,715",22.11,5.17,"3,750","47,206","46,181","2,681",15.34,2.96,"3,710","63,203","534,570","51,612",523,0.35,120,18.35
171,한전KPS,"44,250",상승,250,+0.57%,200,"21,582",947,"43,650","19,912","2,095",14.21,"210,950","44,050","43,750","16,902",5.08,13.26,"44,300","2,223","3,617","1,724",15.37,10.49,"43,600","1,158","45,000","15,571","3,113",1.63,"2,469",1.52
172,DB하이텍,"44,800",상승,300,+0.67%,"5,000","16,632",745,"44,750","19,891","1,908",8.61,"147,299","45,300","45,000","23,969",-28.10,12.44,"45,300",822,"3,962","2,294",26.42,10.33,"44,500",847,"44,399","11,312","5,205",0.95,"1,230",-2.00
173,CJ대한통운,"87,100",하락,200,-0.23%,"5,000","4,502",391,"87,300","19,870","5,307",8.45,"112,937","87,200","87,700","97,439",10.50,6.58,"87,700",746,"55,183","2,683",13.68,2.81,"86,600",508,"22,812","121,168","10,305",0.44,800,2.97
174,SK가스,"212,000",하락,"1,000",-0.47%,"5,000",920,195,"212,500","19,600","2,872",7.95,"13,028","213,500","214,000","75,396",-5.41,6.74,"213,500",645,"48,013","1,778",7.46,2.61,"211,500",555,"9,245","70,959","26,657",0.69,"8,000",1.48
175,DL이앤씨,"50,200",상승,200,+0.40%,"5,000","32,955","1,634","49,450","19,424","2,709",9.23,"487,472","49,500","49,500","97,124",-18.06,4.77,"50,400","4,914","48,667","2,292",31.07,2.41,"49,100",595,"38,694","83,184","5,440",0.43,540,4.10
176,더존비즈온,"63,500",하락,400,-0.63%,500,"19,562","1,240","63,800","19,293",881,35.92,"280,881","64,300","64,100","10,376",27.50,12.17,"64,300","1,674","4,828",780,12.35,8.12,"62,800","2,792","30,383","4,023","1,768",3.47,477,13.79
177,iM금융지주,"11,550",하락,40,-0.35%,"5,000","39,447",454,"11,560","19,218","2,634",7.57,"760,257","11,530","11,600","941,486",-50.69,3.60,"11,610","7,453","879,429","2,016",43.05,0.22,"11,450","7,512","166,393","80,505","1,525",0.32,500,-2.58
178,코리안리,"9,830",하락,30,-0.30%,500,"18,108",177,"9,830","19,151","4,054",5.41,"384,557","9,900","9,850","131,604",11.48,9.45,"9,900",857,"97,075","3,167",27.30,2.51,"9,740","2,608","194,821","69,579","1,816",0.51,515,-0.08
179,대웅제약,"164,700",상승,"3,000",+1.86%,"2,500","4,931",808,"162,100","19,083","1,479",49.59,"25,616","162,200","162,700","19,770",20.68,3.17,"165,500",282,"10,500",233,9.03,1.25,"162,000",623,"11,587","14,227","3,321",2.36,600,3.44
180,동원산업,"48,100",하락,600,-1.23%,"1,000","9,134",440,"48,300","19,059","5,013",26.87,"84,841","48,600","48,750","71,582",7.87,2.74,"49,400","1,505","39,118","1,136",2.34,1.53,"47,700",399,"39,624","89,442","1,790",0.68,"1,000",-0.05
181,엘앤에프,"51,000",상승,"1,100",+2.20%,500,"116,801","6,024","51,700","18,521","-5,587",-4.91,"773,860","50,800","51,900","27,998",-151.32,-41.74,"52,200","2,705","20,765","-3,807",16.36,-12.38,"50,600","9,771","36,316","19,075","-10,395",2.85,0,-58.93
182,대우건설,"4,430",하락,45,-1.01%,"5,000","401,228","1,769","4,440","18,412","4,031",9.13,"3,254,048","4,475","4,455","126,585",-39.15,5.62,"4,480","19,712","83,244","2,428",11.06,2.03,"4,360","9,366","415,623","105,036",485,0.42,N/A,-9.82
183,한국앤컴퍼니,"18,700",하락,100,-0.53%,500,"51,000",954,"18,730","17,753","4,183",5.04,"269,769","18,740","18,780","51,364",63.03,8.28,"18,950","2,353","6,836","3,507",10.14,7.17,"18,600","1,299","94,935","13,910","3,709",0.39,"1,000",27.65
184,HDC현대산업개발,"26,500",하락,500,-1.85%,"5,000","29,793",789,"26,500","17,465","1,846",9.74,"752,467","27,000","26,650","74,619",-5.47,5.09,"27,000","1,326","43,473","1,557",13.32,2.15,"26,300","3,773","65,907","42,562","2,722",0.54,700,1.56
185,TIGER 25-10 회사채(A+이상)액티브,"55,030",상승,5,+0.01%,0,"2,827",155,"55,025","17,328",N/A,N/A,"94,590","55,025","55,030",N/A,N/A,N/A,"55,030","133,686",N/A,N/A,0.12,N/A,"55,025","96,493","31,488",N/A,N/A,N/A,N/A,N/A
186,한솔케미칼,"152,000",상승,"12,300",+8.80%,"5,000","44,885","6,639","144,900","17,229","1,288",13.53,"37,629","146,500","145,200","14,647",3.77,13.48,"152,500",570,"3,932","1,249",31.30,8.87,"144,100",589,"11,335","7,764","11,232",1.70,"2,100",0.61
187,달바글로벌,"142,600",상승,"1,900",+1.35%,100,"31,849","4,488","141,300","17,211",598,99.93,"259,280","141,500","141,600","1,361",84.44,26.21,"143,000","1,886",340,154,2.03,14.39,"137,100",774,"12,070","3,091","1,427",16.02,305,53.91
188,두산우,"430,000",상승,"6,500",+1.53%,"5,000","17,102","7,291","420,500","17,185",N/A,-44.38,"140,589","435,000","421,500",N/A,N/A,N/A,"435,000",392,N/A,N/A,1.30,N/A,"410,000",888,"3,996",N/A,"-9,690",5.13,N/A,N/A
189,신세계,"175,500",상승,100,+0.06%,"5,000","1,904",331,"174,300","16,927","4,770",27.62,"37,845","173,700","175,100","150,718",-25.44,2.54,"176,000",129,"86,971","1,866",11.90,1.25,"173,400",85,"9,645","65,704","6,353",0.36,"4,500",3.36
190,영원무역홀딩스,"123,600",하락,"4,100",-3.21%,500,"2,501",312,"127,300","16,685","5,170",5.09,"38,553","126,800","128,100","65,767",-40.75,13.17,"129,300",500,"15,896","4,956",20.46,7.65,"122,000",112,"13,499","43,060","24,299",0.52,"5,350",-1.14
191,TIGER MSCI Korea TR,"16,170",상승,185,+1.16%,0,"7,857",126,"16,125","16,332",N/A,N/A,"14,014,384","16,095","16,135",N/A,N/A,N/A,"16,170","24,181",N/A,N/A,13.86,N/A,"16,085","13,701","101,000",N/A,N/A,N/A,N/A,N/A
192,SK아이이테크놀로지,"22,900",상승,300,+1.33%,"1,000","16,494",379,"22,900","16,327","-2,910",-7.93,"101,476","22,850","23,050","41,501",-680.51,-10.41,"23,250",955,"18,256","-2,466",6.41,-5.99,"22,700","9,660","71,298","2,179","-2,886",0.68,N/A,-66.40
193,HL만도,"34,250",상승,100,+0.29%,"1,000","26,421",906,"34,300","16,083","3,588",88.27,"249,861","34,250","34,400","70,520",28.46,5.47,"34,500","8,792","43,793","1,582",27.04,2.37,"34,150","8,373","46,957","88,482",388,0.67,700,5.42
194,오뚜기,"401,000",하락,500,-0.12%,"5,000",213,85,"401,000","16,071","2,220",13.13,"5,622","401,500","402,000","35,974",-12.90,6.86,"401,500",260,"14,159","1,376",12.08,3.88,"400,000",136,"4,008","35,391","30,537",0.68,"9,000",2.45
195,현대백화점,"71,000",상승,"1,500",+2.16%,"5,000","13,563",956,"69,600","16,066","2,840",-45.14,"181,740","69,200","69,800","112,177",-6.40,-0.81,"71,400","1,094","49,833",-8,22.79,-0.01,"69,200",644,"22,629","41,876","-1,573",0.35,"1,400",-0.47
196,TIGER 차이나전기차SOLACTIVE,"9,170",상승,40,+0.44%,0,"74,987",686,"9,140","15,948",N/A,N/A,"1,563,603","9,145","9,145",N/A,N/A,N/A,"9,180","2,107",N/A,N/A,0.66,N/A,"9,127","20,289","173,920",N/A,N/A,N/A,N/A,N/A
197,대웅,"27,350",하락,500,-1.80%,500,"13,369",365,"27,250","15,902","2,819",25.25,"166,201","27,350","27,350","27,207",44.12,5.99,"27,800","3,408","12,182",689,5.45,2.71,"27,100","1,502","58,142","19,369","1,083",1.10,200,6.79
198,녹십자,"135,600",하락,100,-0.07%,"5,000","2,677",362,"135,900","15,847",321,55.17,"34,889","135,700","136,200","27,439",-6.76,-2.06,"136,700",833,"12,629",-426,19.38,-1.58,"134,800",345,"11,687","16,799","2,458",1.24,"1,500",3.27
199,SNT다이내믹스,"47,600",하락,"1,050",-2.16%,"2,500","15,809",767,"49,350","15,828","1,105",15.67,"107,796","49,900","49,300","10,341",165.67,12.90,"49,900","3,950","2,437",961,8.21,9.20,"47,550","1,895","33,253","6,145","3,038",1.36,"1,300",26.44
200,KODEX 단기채권PLUS,"114,720",보합,0,0.00%,0,"4,272",490,"114,720","15,798",N/A,N/A,"44,372","114,720","114,725",N/A,N/A,N/A,"114,730","101,032",N/A,N/A,0.00,N/A,"114,715","114,947","13,771",N/A,N/A,N/A,N/A,N/A
201,ACE 미국나스닥100,"22,835",상승,115,+0.51%,0,"88,382","2,018","22,840","15,482",N/A,N/A,"1,037,024","22,835","22,850",N/A,N/A,N/A,"22,885","89,080",N/A,N/A,0.02,N/A,"22,820","93,083","67,800",N/A,N/A,N/A,N/A,N/A
202,에스엘,"32,450",상승,150,+0.46%,500,"16,788",547,"32,650","15,073","3,952",4.28,"115,663","32,400","32,800","36,989",2.33,17.42,"32,900","1,811","13,016","3,820",16.15,11.02,"32,300","4,260","46,449","49,733","7,575",0.64,"1,200",2.78
203,일진전기,"31,600",하락,350,-1.10%,"1,000","56,723","1,799","31,550","15,069",797,26.69,"992,839","32,050","31,600","12,490",31.25,10.60,"32,100","14,296","7,487",462,7.33,4.24,"31,550","2,377","47,685","15,772","1,184",2.96,300,26.51
204,OCI홀딩스,"79,700",상승,700,+0.89%,"5,000","42,822","3,442","80,800","14,995","1,015",-19.36,"120,148","81,500","81,200","80,937",-80.89,2.54,"81,500","2,911","32,581","1,137",16.85,1.62,"79,300",895,"18,815","35,774","-4,116",0.38,"2,200",35.01
205,RISE 종합채권(A-이상)액티브,"109,915",상승,105,+0.10%,0,67,7,"109,830","14,836",N/A,N/A,"18,433","109,825","109,860",N/A,N/A,N/A,"109,935","18,005",N/A,N/A,0.00,N/A,"109,825","18,045","13,498",N/A,N/A,N/A,N/A,N/A
206,GS리테일,"17,410",하락,220,-1.25%,"1,000","30,026",520,"17,430","14,556","2,391",-64.48,"535,870","17,470","17,480","75,816",-18.05,0.07,"17,530",990,"44,001",98,8.79,0.11,"17,200","1,976","83,607","116,269",-270,0.46,500,4.43
207,에스디바이오센서,"11,950",상승,430,+3.73%,500,"101,833","1,196","11,520","14,549",-541,-14.01,"284,041","11,530","11,550","38,885",78.21,-3.43,"11,950","3,936","9,562",-981,6.44,-2.56,"11,460","2,629","121,749","6,946",-853,0.50,200,5.93
208,HD현대마린엔진,"42,550",하락,750,-1.73%,"2,500","49,995","2,135","43,000","14,434",332,16.50,"574,180","43,550","43,000","4,950",80.60,28.34,"43,600","1,335","1,856",758,14.28,15.97,"42,350","1,820","33,921","3,158","2,579",4.42,N/A,29.23
209,하이트진로,"20,450",하락,300,-1.45%,"5,000","31,703",649,"20,550","14,342","2,081",13.54,"215,993","20,600","20,650","34,415",67.97,8.63,"20,650","18,763","22,920",957,9.52,2.82,"20,400","13,040","70,134","25,992","1,510",1.28,700,3.14
210,한올바이오파마,"27,200",상승,300,+1.12%,500,"40,591","1,107","27,100","14,209",2,-850.00,"155,011","27,250","27,200","2,129",-89.58,-1.02,"27,600","5,462",445,-18,8.07,-0.80,"27,000","4,290","52,241","1,389",-32,8.67,N/A,2.99
211,오리온홀딩스,"22,400",하락,250,-1.10%,500,"88,789","1,971","22,300","14,033","5,062",9.20,"489,442","22,100","22,400","59,332",24.86,7.03,"22,550","13,645","10,545","4,795",11.12,8.66,"22,000","4,708","62,645","31,952","2,436",0.57,800,8.17
212,RISE 200,"39,345",상승,435,+1.12%,0,"162,980","6,394","39,150","13,692",N/A,N/A,"1,115,381","39,090","39,185",N/A,N/A,N/A,"39,350","123,717",N/A,N/A,0.04,N/A,"39,035","116,609","34,800",N/A,N/A,N/A,N/A,N/A
213,DN오토모티브,"22,500",하락,300,-1.32%,100,"10,565",239,"22,850","13,165","5,229",4.29,"97,200","22,900","22,900","50,060",6.63,19.78,"22,900","3,012","28,353","3,182",5.30,6.65,"22,450","1,173","58,511","34,345","5,240",0.65,"1,000",5.06
214,SK리츠,"4,732",하락,18,-0.38%,500,"11,161",52,"4,740","13,069",354,"1,183.00","484,082","4,750","4,745","44,335",-1.11,0.10,"4,750","6,235","31,687",23,7.77,0.05,"4,730","4,170","276,189",524,4,1.09,66,-0.43
215,KODEX 코스닥150,"12,700",상승,180,+1.44%,0,"1,358,693","17,208","12,630","13,062",N/A,N/A,"11,192,344","12,610","12,640",N/A,N/A,N/A,"12,720","129,047",N/A,N/A,0.89,N/A,"12,595","104,900","102,850",N/A,N/A,N/A,N/A,N/A
216,TIGER 25-12 금융채(AA-이상),"51,255",상승,10,+0.02%,0,335,17,"51,250","13,052",N/A,N/A,"1,935","51,255","51,255",N/A,N/A,N/A,"51,255","130,000",N/A,N/A,0.00,N/A,"51,250","89,999","25,464",N/A,N/A,N/A,N/A,N/A
217,한일시멘트,"18,610",하락,410,-2.16%,500,"12,505",234,"18,910","12,890","2,714",9.19,"95,153","19,100","18,920","29,883",10.09,11.13,"19,100",207,"11,495","1,990",4.55,6.80,"18,600",422,"69,262","17,417","2,025",0.78,"1,000",-3.21
218,메리츠 KIS CD금리투자 ETN,"53,930",보합,0,0.00%,0,0,0,"53,925","12,862",N/A,N/A,"5,000","53,930","53,935",N/A,N/A,N/A,"53,930","40,000",N/A,N/A,0.00,N/A,"53,930","40,000","23,850",N/A,N/A,N/A,N/A,N/A
219,TIGER 미국30년국채커버드콜액티브(H),"7,940",상승,5,+0.06%,0,"214,224","1,701","7,940","12,760",N/A,N/A,"1,282,886","7,945","7,945",N/A,N/A,N/A,"7,945","282,166",N/A,N/A,0.04,N/A,"7,940","289,479","160,700",N/A,N/A,N/A,N/A,N/A
220,금호타이어,"4,440",상승,5,+0.11%,"5,000","46,260",205,"4,435","12,754","5,886",3.82,"649,739","4,415","4,455","53,628",43.21,21.77,"4,470","8,452","34,580","3,516",8.53,6.90,"4,415","17,538","287,260","45,322","1,163",0.71,N/A,12.14
221,ACE KRX금현물,"20,550",상승,40,+0.20%,0,"79,621","1,634","20,505","12,741",N/A,N/A,"626,658","20,510","20,520",N/A,N/A,N/A,"20,550","3,097",N/A,N/A,0.71,N/A,"20,500","5,153","62,000",N/A,N/A,N/A,N/A,N/A
222,HDC,"21,300",하락,250,-1.16%,"5,000","25,191",538,"21,250","12,725","3,447",6.60,"285,100","21,550","21,300","123,983",10.25,5.65,"21,700","2,146","72,995","2,603",21.60,2.18,"21,150",822,"59,742","62,003","3,226",0.40,350,4.94
223,파라다이스,"13,830",하락,50,-0.36%,500,"35,181",487,"13,890","12,692","1,361",15.72,"318,347","14,000","13,900","39,338",-6.67,4.97,"14,010","3,553","18,586","1,107",5.39,2.93,"13,770","5,724","91,772","10,721",880,0.72,150,7.84
224,KODEX 200선물인버스2X,"1,628",하락,37,-2.22%,0,"54,453,073","89,417","1,642","12,671",N/A,N/A,"313,219,366","1,644","1,643",N/A,N/A,N/A,"1,653","11,947,525",N/A,N/A,1.38,N/A,"1,627","9,412,694","778,300",N/A,N/A,N/A,N/A,N/A
225,다우기술,"28,150",보합,0,0.00%,500,"20,154",563,"27,750","12,630","11,747",3.56,"234,084","28,150","27,850","571,479",83.58,13.16,"28,250","8,419","508,554","8,528",24.27,1.54,"27,650",480,"44,867","116,258","7,909",0.41,"1,400",17.97
226,HD현대건설기계,"71,400",하락,"1,600",-2.19%,"5,000","18,999","1,359","71,800","12,611","1,904",16.07,"319,762","72,900","72,300","33,246",-25.97,6.18,"72,900","1,962","15,308",860,18.03,2.60,"71,000",620,"17,662","34,381","4,443",0.74,500,-10.12
227,두산퓨얼셀,"19,130",하락,30,-0.16%,100,"71,627","1,377","19,330","12,529",-17,-76.83,"2,411,022","19,410","19,300","11,797",N/A,N/A,"19,410","2,037","6,808",-105,10.18,N/A,"19,100","1,126","65,494","4,118",-249,3.21,N/A,N/A
228,KODEX 삼성그룹,"9,225",상승,60,+0.65%,0,"84,474",777,"9,185","12,491",N/A,N/A,"434,099","9,170","9,200",N/A,N/A,N/A,"9,230","81,341",N/A,N/A,13.57,N/A,"9,165","80,680","135,400",N/A,N/A,N/A,N/A,N/A
229,대신증권,"24,350",하락,650,-2.60%,"5,000","38,654",942,"24,550","12,363",836,13.18,"275,096","24,950","24,650","263,961",-48.18,4.57,"24,950","2,818","230,807","1,442",9.66,0.59,"24,175","2,338","50,773","40,939","1,848",0.53,"1,200",6.21
230,롯데렌탈,"33,850",하락,250,-0.73%,"5,000","4,760",160,"33,800","12,291","2,848",10.30,"185,066","34,100","33,850","70,066",-6.68,7.51,"34,100",903,"55,380","1,027",6.63,1.50,"33,600",997,"36,309","27,924","3,288",0.84,"1,200",1.46
231,현대위아,"44,950",상승,500,+1.12%,"5,000","11,736",529,"44,950","12,224","2,188",6.77,"84,137","44,750","45,150","70,760",-6.01,3.45,"41,050","1,159","1,779",105,5.24,4.06,"40,200","1,844","30,208","3,321",481,9.67,N/A,182.54
232,현대지에프홀딩스,"7,840",상승,30,+0.38%,500,"33,158",258,"7,810","12,223","1,981",1.50,"537,631","7,920","7,810","100,849","1,895.39",23.02,"45,450","1,097","30,497","1,295",15.02,1.86,"44,600","1,516","27,195","81,809","6,638",0.33,"1,100",0.19
233,이수스페셜티케미컬,"40,450",상승,500,+1.25%,"1,000","40,792","1,659","40,700","12,219",142,84.10,"188,433","40,200","40,750","2,995",332.14,9.70,"7,920","1,359","30,927","7,920",4.96,10.46,"7,750","1,991","155,904","74,093","5,233",0.35,210,181.78
234,종근당,"87,800",상승,900,+1.04%,"2,500","2,312",202,"87,300","12,119",995,12.72,"29,533","87,600","87,500","14,588",-59.67,12.76,"88,000",391,"5,624","1,114",14.94,7.79,"86,900",176,"13,803","15,864","6,903",1.30,"1,050",-4.97
235,SK오션플랜트,"20,450",상승,350,+1.74%,500,"184,649","3,829","20,550","12,105",418,72.52,"366,969","20,800","20,650","14,219",-44.72,2.34,"21,100","9,437","7,084",169,4.30,1.18,"20,300","20,973","59,196","6,626",282,1.70,N/A,-28.43
236,가온전선,"72,600",상승,200,+0.28%,"5,000","6,754",487,"72,000","12,010",450,21.74,"113,044","72,800","72,300","10,429",2.96,6.46,"72,800","1,193","5,892",254,2.63,2.75,"71,600",630,"16,543","17,271","3,339",2.79,N/A,15.25
237,롯데에너지머티리얼즈,"22,250",상승,250,+1.14%,500,"12,789",285,"22,350","11,651",-644,-26.39,"68,862","22,050","22,750","22,820",-645.89,0.46,"22,750",981,"3,801",288,7.60,1.23,"22,050","3,541","52,365","9,023",-843,0.67,N/A,11.53
238,코스모신소재,"35,750",상승,500,+1.42%,"1,000","52,409","1,882","36,050","11,623",250,77.72,"237,843","35,550","36,100","7,845",-22.65,3.62,"36,500",702,"2,890",176,8.53,2.42,"35,400","2,717","32,511","5,697",460,2.34,N/A,-9.51
239,태광산업,"1,036,000",보합,0,0.00%,"5,000",191,196,"1,033,000","11,535",-272,4.60,"4,307","1,026,000","1,034,000","47,223",72.66,5.45,"1,038,000",72,"7,067","2,184",5.05,4.62,"1,026,000",23,"1,113","21,219","225,266",0.22,"1,750",-6.34
240,한화투자증권,"5,350",하락,80,-1.47%,"5,000","504,372","2,680","5,310","11,478",40,"-1,783.33","5,065,430","5,360","5,320","140,181",-87.39,2.37,"5,380","44,004","123,119",389,8.93,0.29,"5,270","39,366","214,548","24,958",-3,0.67,N/A,26.75
241,롯데웰푸드,"122,100",하락,400,-0.33%,500,968,118,"122,400","11,361","1,571",13.28,"14,472","122,200","122,700","43,417",-11.25,4.04,"122,700",299,"21,153",820,13.20,1.92,"121,900",127,"9,305","40,443","9,197",0.50,"3,300",-0.54
242,LX인터내셔널,"29,050",상승,200,+0.69%,"5,000","18,482",534,"28,900","11,260","4,892",5.76,"305,102","28,900","28,950","89,309",12.95,7.12,"29,100","6,463","56,113","2,695",22.08,3.18,"28,850","7,692","38,760","166,376","5,044",0.39,"2,000",14.63
243,롯데칠성,"119,700",보합,0,0.00%,500,"1,899",226,"119,700","11,107","1,849",24.79,"35,585","119,800","119,800","43,725",-12.22,3.99,"120,000",124,"27,941",600,11.50,1.39,"118,600",645,"9,279","40,245","4,828",0.82,"3,400",24.80
244,효성티앤씨,"256,500",상승,"1,500",+0.59%,"5,000","1,507",383,"255,000","11,100","2,707",10.14,"16,574","257,500","256,000","47,242",26.87,9.84,"257,500",625,"29,042","1,838",17.46,4.18,"251,000",140,"4,328","77,761","25,287",0.77,"10,000",3.31
245,엠앤씨솔루션,"121,200",하락,"4,000",-3.19%,100,"7,449",915,"124,200","11,095",348,36.07,"38,549","126,300","124,700","3,571",68.59,21.82,"126,300",245,"1,917",270,6.01,7.86,"121,200",185,"9,154","2,828","3,360",6.95,"1,480",54.16
246,효성,"66,000",보합,0,0.00%,"5,000","4,245",279,"65,700","11,049","2,211",2.27,"62,247","66,000","65,900","43,409",283.53,19.62,"66,200",558,"18,364","4,843",8.02,10.27,"65,500",475,"16,740","22,728","29,071",0.51,"3,000",23.04
247,RISE CD금리액티브(합성),"104,015",보합,0,0.00%,0,700,72,"104,015","10,928",N/A,N/A,"3,027","104,015","104,020",N/A,N/A,N/A,"104,020","41,063",N/A,N/A,0.00,N/A,"104,015","42,041","10,506",N/A,N/A,N/A,N/A,N/A
248,미래에셋생명,"6,170",하락,120,-1.91%,"5,000","19,343",119,"6,280","10,922","1,221",10.42,"256,945","6,290","6,290","324,936",-17.88,4.88,"6,290","1,593","299,300","1,361",1.16,0.42,"6,110","4,752","177,016","47,961",592,0.32,N/A,-5.09
249,LS에코에너지,"35,650",하락,250,-0.70%,500,"13,943",497,"35,550","10,918",448,30.97,"338,678","35,800","35,600","4,887",51.81,19.00,"35,850","2,568","2,917",353,3.21,7.88,"35,450","1,527","30,625","8,690","1,151",5.77,200,18.86
250,한국카본,"20,975",하락,425,-1.99%,500,"60,491","1,274","21,400","10,888",454,25.83,"397,449","21,600","21,500","8,790",176.01,4.38,"21,600","2,523","4,047",203,11.91,2.43,"20,800","7,716","51,908","7,417",812,2.11,130,24.79
251,ACE 테슬라밸류체인액티브,"14,510",상승,355,+2.51%,0,"506,968","7,368","14,570","10,861",N/A,N/A,"3,057,845","14,555","14,580",N/A,N/A,N/A,"14,640","8,756",N/A,N/A,0.36,N/A,"14,495","7,339","74,850",N/A,N/A,N/A,N/A,N/A
252,TIGER 차이나항셍테크,"8,135",상승,65,+0.81%,0,"115,708",941,"8,135","10,836",N/A,N/A,"2,677,868","8,135","8,140",N/A,N/A,N/A,"8,145","14,109",N/A,N/A,0.79,N/A,"8,115","27,436","133,200",N/A,N/A,N/A,N/A,N/A
253,더블유게임즈,"50,400",하락,100,-0.20%,500,"1,630",82,"50,400","10,834","2,487",6.22,"75,447","50,400","50,600","16,463",16.62,18.69,"50,600","1,570",899,"2,433",17.43,16.58,"50,300","1,896","21,496","6,335","8,108",0.88,"1,200",8.78
254,롯데리츠,"3,745",상승,5,+0.13%,500,"16,633",62,"3,735","10,822",420,44.06,"415,237","3,745","3,740","26,236",16.25,0.95,"3,750","16,684","14,542",106,7.72,0.43,"3,735","11,684","288,969",656,85,0.94,112,10.46
255,경동나비엔,"74,000",하락,100,-0.13%,"1,000","2,109",156,"73,900","10,781","1,326",8.25,"70,836","74,500","74,000","13,589",25.18,19.43,"74,500",776,"6,635","1,243",10.57,10.28,"74,000",566,"14,569","13,539","8,968",1.48,650,12.42
256,쿠쿠홀딩스,"30,100",하락,400,-1.31%,100,"4,372",131,"30,150","10,704","1,032",7.77,"27,031","30,450","30,200","13,699",19.16,12.08,"30,450",510,"1,735","1,370",11.92,10.47,"29,850",802,"35,562","8,338","3,873",0.78,"1,200",7.97
257,SK케미칼,"61,700",상승,800,+1.31%,"5,000","4,977",304,"60,800","10,646",-452,36.32,"104,144","60,300","61,000","53,670",-154.23,0.41,"61,800","1,698","23,341",-44,10.93,-0.09,"60,300",299,"17,254","17,368","1,699",0.53,"1,150",-0.69
258,동양생명,"6,550",하락,100,-1.50%,"5,000","55,082",361,"6,560","10,569","3,681",3.80,"758,198","6,660","6,580","345,472",25.08,12.91,"6,700","16,641","325,805","3,143",81.39,0.93,"6,490","7,604","161,359","34,994","1,722",0.71,N/A,7.65
259,한샘,"44,550",하락,450,-1.00%,"1,000","13,871",614,"44,900","10,484",312,9.34,"49,591","45,200","44,950","10,673","1,504.29",43.59,"45,500",620,"7,166","1,511",13.83,14.27,"43,500","2,348","23,534","19,084","4,768",2.05,"8,530",-2.98
260,TIGER TOP10,"11,910",상승,130,+1.10%,0,"15,083",179,"11,880","10,421",N/A,N/A,"274,556","11,830","11,890",N/A,N/A,N/A,"11,925","57,314",N/A,N/A,30.25,N/A,"11,830","37,253","87,500",N/A,N/A,N/A,N/A,N/A
261,LX세미콘,"63,000",상승,200,+0.32%,500,"1,725",108,"63,100","10,246","1,671",7.55,"50,681","63,400","63,300","14,998",29.48,12.69,"63,400",489,"4,202","1,305",31.03,9.65,"62,700","1,370","16,264","18,656","8,349",0.94,"2,400",-1.88
262,롯데정밀화학,"39,250",상승,250,+0.64%,"5,000","3,276",127,"38,900","10,126",504,-54.29,"75,044","39,050","39,200","27,139",-67.46,1.53,"39,300",462,"3,452",364,16.91,1.35,"38,800","1,176","25,800","16,705",-723,0.42,"1,400",-5.55
263,롯데관광개발,"13,270",하락,210,-1.56%,500,"104,707","1,386","13,190","10,113",390,-9.93,"536,926","13,300","13,260","21,666",164.36,-60.42,"13,380","2,171","18,536","-1,166",6.20,-5.93,"13,120","3,954","76,212","4,715","-1,336",3.45,0,50.37
264,TIGER CD1년금리액티브(합성),"1,046,025",상승,95,+0.01%,0,"2,256","2,359","1,046,020","9,953",N/A,N/A,"10,386","1,046,020","1,046,025",N/A,N/A,N/A,"1,046,025","206,577",N/A,N/A,0.00,N/A,"1,046,020","209,094",952,N/A,N/A,N/A,N/A,N/A
265,KODEX 25-12 은행채(AAA)액티브,"102,790",상승,5,0.00%,0,3,0,"102,790","9,935",N/A,N/A,"10,664","102,790","102,795",N/A,N/A,N/A,"102,790","57,001",N/A,N/A,0.00,N/A,"102,790","61,000","9,665",N/A,N/A,N/A,N/A,N/A
266,KB발해인프라,"8,100",하락,20,-0.25%,0,"3,062",24,"8,100","9,926",N/A,N/A,"140,157","8,120","8,120",N/A,N/A,N/A,"8,130","4,112",N/A,N/A,0.12,N/A,"8,100","21,420","122,546",N/A,N/A,N/A,N/A,N/A
267,DL,"47,300",상승,450,+0.96%,"5,000","15,798",741,"47,000","9,912","4,125",24.75,"187,569","47,300","47,150","125,353",173.74,2.25,"47,350",672,"77,492",948,14.04,0.77,"46,500",450,"20,956","56,154","1,911",0.26,"1,000",11.91
268,하나 CD금리투자 ETN,"104,125",보합,0,0.00%,0,0,0,"104,125","9,892",N/A,N/A,"34,552","104,125","104,130",N/A,N/A,N/A,"104,125","190,000",N/A,N/A,0.00,N/A,"104,125","190,000","9,500",N/A,N/A,N/A,N/A,N/A
269,세방전지,"70,200",상승,200,+0.29%,500,"4,327",303,"70,100","9,828","1,797",5.63,"49,406","69,500","70,200","20,941",38.30,12.22,"70,700",680,"5,863","1,723",25.28,8.76,"69,500",567,"14,000","20,595","12,471",0.61,"1,100",22.24
270,TIGER 미국배당다우존스타겟커버드콜2호,"9,460",상승,85,+0.91%,0,"86,406",816,"9,450","9,796",N/A,N/A,"365,345","9,445","9,455",N/A,N/A,N/A,"9,465","129,849",N/A,N/A,0.01,N/A,"9,440","151,444","103,550",N/A,N/A,N/A,N/A,N/A
271,미래에셋증권2우B,"7,040",하락,70,-0.98%,"5,000","217,655","1,534","7,040","9,680",N/A,5.16,"2,376,845","7,200","7,060",N/A,N/A,N/A,"7,200","10,353",N/A,N/A,10.14,N/A,"6,960","13,154","137,500",N/A,"1,364",0.34,N/A,N/A
272,삼성화재우,"311,000",상승,"2,000",+0.65%,500,"1,154",356,"308,000","9,639",N/A,7.94,"18,315","309,000","309,000",N/A,N/A,N/A,"311,000",437,N/A,N/A,28.09,N/A,"307,500",183,"3,100",N/A,"39,171",0.86,N/A,N/A
273,SK디스커버리,"52,300",하락,200,-0.38%,"5,000","3,923",204,"52,400","9,596","1,726",12.96,"28,928","53,100","52,600","150,777",-32.78,0.88,"53,100",138,"86,243",319,14.29,0.23,"51,900","2,305","18,348","90,396","4,037",0.35,"1,700",1.12
274,SK네트웍스,"4,330",보합,0,0.00%,"2,500","22,036",95,"4,315","9,581","1,139",27.58,"557,961","4,330","4,325","51,571",41.44,2.29,"4,345","6,930","31,038",463,14.27,0.65,"4,305","1,373","221,278","76,573",157,0.42,300,2.73
275,태영건설,"3,240",상승,130,+4.18%,500,"83,208",266,"3,120","9,541",206,58.91,"363,247","3,105","3,140","43,239",105.10,61.93,"3,250","2,531","37,967",668,0.26,1.49,"3,105","1,387","294,468","26,862",55,1.97,0,-19.89
276,세아제강지주,"229,000",하락,"2,000",-0.87%,"5,000",860,197,"230,500","9,484","2,116",20.46,"11,229","232,500","232,500","55,556",-64.19,2.25,"232,500",160,"28,974","1,170",7.41,2.37,"227,500",147,"4,142","36,751","11,193",0.45,"1,800",-6.09
277,RISE 미국S&P500,"17,885",상승,60,+0.34%,0,"21,839",390,"17,895","9,425",N/A,N/A,"305,382","17,880","17,910",N/A,N/A,N/A,"17,930","211,503",N/A,N/A,0.01,N/A,"17,880","254,364","52,700",N/A,N/A,N/A,N/A,N/A
278,SOL 조선TOP3플러스,"25,280",하락,75,-0.30%,0,"530,541","13,427","25,300","9,379",N/A,N/A,"2,846,992","25,650","25,315",N/A,N/A,N/A,"25,700","97,846",N/A,N/A,0.63,N/A,"25,050","61,138","37,100",N/A,N/A,N/A,N/A,N/A
279,RISE 미국나스닥100,"22,135",상승,110,+0.50%,0,"42,278",936,"22,150","9,363",N/A,N/A,"344,827","22,125","22,155",N/A,N/A,N/A,"22,185","133,577",N/A,N/A,0.02,N/A,"22,125","132,411","42,300",N/A,N/A,N/A,N/A,N/A
280,ESR켄달스퀘어리츠,"4,370",하락,5,-0.11%,"1,000","11,806",51,"4,345","9,312",266,56.03,"395,966","4,375","4,365","25,252",9.74,0.33,"4,380","8,727","14,405",36,42.55,0.15,"4,340","6,097","213,089",569,78,0.87,137,7.40
281,동원시스템즈,"32,000",상승,50,+0.16%,"5,000","1,213",38,"31,950","9,277",919,13.86,"13,361","31,900","32,050","15,526",13.67,9.01,"32,250",979,"7,162",725,14.23,4.70,"31,850",377,"28,991","13,343","2,309",1.13,600,4.51
282,STX엔진,"23,000",하락,250,-1.08%,"2,500","73,722","1,712","23,200","9,234",422,18.12,"408,778","23,550","23,300","9,688",123.85,10.15,"23,700","8,275","6,922",272,3.15,2.91,"33,250",746,"27,519","48,430","3,202",0.28,"1,300",2.28
283,코오롱인더,"33,500",하락,200,-0.59%,"5,000","10,025",335,"33,600","9,219","1,587",10.46,"144,760","33,650","33,700","72,481",-20.50,3.06,"33,750","1,547","34,750","1,106",12.72,1.67,"56,710","36,015","16,238",N/A,N/A,N/A,N/A,N/A
284,TIGER 종합채권(AA-이상)액티브,"56,725",상승,10,+0.02%,0,56,3,"56,685","9,211",N/A,N/A,"8,453","56,745","56,705",N/A,N/A,N/A,"56,745","36,003",N/A,N/A,0.00,N/A,"22,700","11,106","40,148","7,246","1,269",3.21,0,14.95
285,SNT홀딩스,"56,000",하락,600,-1.06%,500,"6,403",357,"55,900","9,130","2,312",6.34,"69,139","56,600","56,000","28,326",29.14,12.40,"56,600",810,"6,994","2,465",12.40,8.91,"55,400","2,358","16,304","18,205","8,835",0.65,"1,600",-3.97
286,GKL,"14,740",하락,70,-0.47%,500,"12,165",178,"14,690","9,118",383,23.40,"258,072","14,810","14,750","6,162",-24.88,8.01,"14,820",607,"2,027",331,13.64,5.27,"14,600",876,"61,856","3,964",630,2.19,282,-0.08
287,PLUS 고배당주,"18,040",하락,30,-0.17%,0,"372,935","6,699","17,960","9,038",N/A,N/A,"2,086,644","18,065","17,980",N/A,N/A,N/A,"18,067","27,807",N/A,N/A,0.51,N/A,"17,895","38,252","50,100",N/A,N/A,N/A,N/A,N/A
288,HS효성첨단소재,"201,500",보합,0,0.00%,"5,000",854,171,"201,500","9,027","2,197",28.17,"18,453","201,000","202,000","38,208",26.22,5.46,"202,500",198,"26,634",782,12.46,2.24,"199,700",298,"4,480","33,112","7,152",0.89,"6,500",3.40
289,지역난방공사,"77,400",상승,"1,100",+1.44%,"5,000","8,494",655,"77,000","8,962","3,279",2.98,"134,758","77,600","77,200","83,622",4.20,9.65,"77,900",687,"60,940","2,099",4.57,2.57,"76,400","1,007","11,579","35,703","26,013",0.37,"3,879",-9.70
290,CJ CGV,"5,380",보합,0,0.00%,500,"21,466",115,"5,360","8,908",759,-4.96,"246,046","5,400","5,380","39,970",54.76,-30.74,"5,440","3,258","34,203","-1,755",5.73,-4.88,"5,340","8,725","165,580","19,579","-1,084",1.36,0,26.66
291,1Q 머니마켓액티브,"52,305",상승,5,+0.01%,0,"4,805",251,"52,300","8,908",N/A,N/A,"211,259","52,305","52,305",N/A,N/A,N/A,"52,305","222,452",N/A,N/A,0.00,N/A,"52,300","220,238","17,030",N/A,N/A,N/A,N/A,N/A
292,교보증권,"7,800",하락,160,-2.01%,"5,000","41,644",325,"7,840","8,889","1,139",6.47,"282,714","8,050","7,850","158,983",62.11,6.09,"8,050","6,640","139,126","1,177",1.68,0.75,"7,780","5,368","113,963","31,663","1,206",0.43,500,-15.41
293,KIWOOM 200TR,"50,575",상승,600,+1.20%,0,"29,572","1,491","50,330","8,851",N/A,N/A,"279,601","50,170","50,370",N/A,N/A,N/A,"50,575","90,240",N/A,N/A,0.00,N/A,"50,170","50,792","17,500",N/A,N/A,N/A,N/A,N/A
294,PLUS K방산,"45,260",하락,185,-0.41%,0,"636,922","28,940","45,845","8,826",N/A,N/A,"2,837,320","46,330","45,950",N/A,N/A,N/A,"46,475","1,465",N/A,N/A,0.82,N/A,"45,000","7,201","19,500",N/A,N/A,N/A,N/A,N/A
295,SNT에너지,"42,000",상승,50,+0.12%,500,"9,807",408,"41,600","8,686",222,25.04,"171,265","42,050","41,800","5,166",7.04,11.90,"42,100",540,"2,103",346,6.22,7.37,"41,150","1,402","20,681","2,943","1,677",2.69,500,-8.60
296,KODEX 2차전지산업,"10,270",상승,195,+1.94%,0,"742,980","7,644","10,355","8,637",N/A,N/A,"1,617,898","10,155","10,360",N/A,N/A,N/A,"10,385","52,694",N/A,N/A,0.11,N/A,"10,155","63,529","84,100",N/A,N/A,N/A,N/A,N/A
297,NICE평가정보,"14,470",상승,90,+0.63%,500,"3,688",53,"14,380","8,611",868,11.18,"62,134","14,600","14,510","5,857",32.85,19.48,"14,600",701,"1,689",760,32.60,14.09,"14,370",423,"59,507","5,350","1,294",2.10,460,10.15
298,SOL 종합채권(AA-이상)액티브,"114,805",하락,25,-0.02%,0,1,0,"114,750","8,553",N/A,N/A,"8,104","114,805","114,785",N/A,N/A,N/A,"114,805","18,001",N/A,N/A,0.00,N/A,"114,805","12,336","7,450",N/A,N/A,N/A,N/A,N/A
299,미원상사,"179,600",하락,200,-0.11%,500,104,18,"179,700","8,531",599,15.48,"1,826","179,400","181,700","4,787",-10.85,12.99,"180,800",77,782,505,3.18,10.92,"179,000",87,"4,750","4,358","11,599",2.06,"2,000",3.43
300,빙그레,"88,800",하락,300,-0.34%,"5,000","3,353",298,"89,200","8,485","1,313",9.07,"41,251","89,300","89,300","10,031",16.95,15.14,"89,400",478,"2,812","1,032",20.68,10.90,"88,800","2,507","9,556","14,630","9,794",1.12,"3,300",4.93
301,TIGER 단기통안채,"110,600",하락,5,0.00%,0,"1,298",143,"110,605","8,464",N/A,N/A,"7,646","110,605","110,610",N/A,N/A,N/A,"110,615","39,002",N/A,N/A,1.55,N/A,"110,595","32,040","7,653",N/A,N/A,N/A,N/A,N/A
302,SOL 초단기채권액티브,"53,235",보합,0,0.00%,0,"31,236","1,662","53,235","8,419",N/A,N/A,"161,734","53,235","53,240",N/A,N/A,N/A,"53,240","191,014",N/A,N/A,0.01,N/A,"53,235","156,609","15,814",N/A,N/A,N/A,N/A,N/A
303,TIGER 머니마켓액티브,"100,477",상승,7,+0.01%,0,"4,400",442,"100,475","8,380",N/A,N/A,"27,797","100,475","100,480",N/A,N/A,N/A,"100,480","220,129",N/A,N/A,0.00,N/A,"100,475","440,020","8,340",N/A,N/A,N/A,N/A,N/A
304,NHN,"24,800",상승,100,+0.40%,500,"12,081",298,"24,850","8,374",-326,-6.30,"188,831","25,100","24,950","31,930",-158.67,-8.60,"25,100","1,166","14,277","-1,926",9.46,-5.80,"24,450","2,273","33,766","24,561","-3,937",0.54,500,8.22
305,세아베스틸지주,"23,350",하락,50,-0.21%,"5,000","13,529",316,"23,250","8,374",523,81.93,"132,799","23,650","23,300","38,266",-73.39,1.04,"23,700","1,916","17,952",203,7.27,0.54,"23,200","2,184","35,862","36,361",285,0.44,"1,200",-10.96
306,LG화학우,"107,300",상승,"2,800",+2.68%,"5,000","17,492","1,878","107,300","8,250",N/A,-8.98,"58,904","105,300","107,400",N/A,N/A,N/A,"108,600",669,N/A,N/A,41.17,N/A,"105,300",269,"7,689",N/A,"-11,946",0.25,N/A,N/A
307,KODEX 25-11 은행채(AA-이상)PLUS액티브,"10,570",보합,0,0.00%,0,"1,079",11,"10,565","8,235",N/A,N/A,"71,812","10,570","10,570",N/A,N/A,N/A,"10,570","440,091",N/A,N/A,0.00,N/A,"10,565","440,519","77,910",N/A,N/A,N/A,N/A,N/A
308,동원F&B,"42,500",하락,200,-0.47%,"1,000","1,240",52,"42,600","8,201","1,835",6.89,"17,636","42,800","42,800","21,457",10.04,12.43,"43,550",90,"10,627","1,278",7.92,5.88,"42,250","1,409","19,296","44,836","6,169",0.74,800,2.82
309,하나투어,"52,900",상승,700,+1.34%,500,"10,108",533,"52,800","8,194",509,11.79,"187,369","53,500","52,900","6,688",49.55,47.19,"53,500","4,884","4,883",991,15.93,15.09,"52,500","1,513","15,490","6,166","4,487",5.42,"2,300",49.80
310,TIGER 미국30년국채스트립액티브(합성 H),"37,515",상승,20,+0.05%,0,"15,403",577,"37,430","8,093",N/A,N/A,"168,621","37,460","37,450",N/A,N/A,N/A,"37,535","25,767",N/A,N/A,0.10,N/A,"37,440","24,022","21,574",N/A,N/A,N/A,N/A,N/A
311,영풍,"42,350",하락,100,-0.24%,500,"1,307",55,"42,100","8,092","-1,607",19.53,"36,959","42,450","42,300","57,017",5.37,-6.81,"42,500","3,114","17,164","-3,278",10.45,-5.82,"42,000",120,"19,108","27,874","2,169",0.20,24,-25.90
312,녹십자홀딩스,"17,110",상승,120,+0.71%,500,"26,424",451,"17,010","8,047",-107,12.52,"335,093","17,100","17,050","36,706",34.81,2.43,"17,230","3,401","18,184",-111,10.18,-0.30,"16,950",725,"47,028","22,049","1,367",0.81,500,7.14
313,미원에스씨,"160,100",하락,"3,200",-1.96%,500,574,92,"163,300","8,005",588,13.99,"1,067","165,200","165,000","5,121",160.87,14.00,"165,200",27,"1,058",546,0.81,11.21,"160,000",126,"5,000","5,093","11,447",1.89,"2,500",16.36
314,KODEX Top5PlusTR,"24,100",상승,300,+1.26%,0,"3,018",72,"23,990","7,977",N/A,N/A,"62,021","23,915","24,075",N/A,N/A,N/A,"24,120","10,295",N/A,N/A,15.11,N/A,"23,915","26,124","33,100",N/A,N/A,N/A,N/A,N/A
315,율촌화학,"32,150",상승,50,+0.16%,500,"7,661",244,"32,150","7,973",-184,-37.56,"89,442","32,250","32,200","6,555",-13.30,-2.86,"32,250","2,913","3,645",-85,5.08,-1.28,"31,800",994,"24,800","4,571",-856,2.72,250,10.28
316,대덕전자,"16,060",상승,500,+3.21%,500,"109,545","1,757","15,850","7,936",113,51.47,"115,916","15,790","15,860","10,887",-52.56,2.73,"16,200","4,993","2,132",238,9.53,2.14,"15,780","1,636","49,417","8,921",312,0.97,400,-1.93
317,TIGER 2차전지테마,"12,595",상승,180,+1.45%,0,"389,059","4,937","12,735","7,859",N/A,N/A,"824,882","12,525","12,755",N/A,N/A,N/A,"12,780","143,469",N/A,N/A,0.82,N/A,"12,525","124,691","62,400",N/A,N/A,N/A,N/A,N/A
318,SK이터닉스,"23,250",상승,550,+2.42%,200,"766,346","18,205","23,500","7,848",376,31.50,"2,431,318","23,800","23,550","7,317",N/A,N/A,"24,400","18,341","4,897",224,2.75,N/A,"23,150","21,298","33,754","3,322",738,3.23,N/A,N/A
319,동아쏘시오홀딩스,"119,100",하락,500,-0.42%,"5,000","1,739",205,"118,100","7,785",821,11.44,"25,684","120,000","119,500","20,305",6.78,5.63,"120,700",55,"9,665",576,13.98,2.89,"113,500","1,144","6,536","13,332","10,412",0.72,"1,797",17.78
320,SOL 미국배당다우존스,"10,690",상승,120,+1.14%,0,"131,253","1,403","10,690","7,782",N/A,N/A,"297,525","10,680","10,695",N/A,N/A,N/A,"10,700","189,139",N/A,N/A,0.62,N/A,"10,665","102,026","72,800",N/A,N/A,N/A,N/A,N/A
321,SNT모티브,"29,300",하락,250,-0.85%,"5,000","7,239",212,"29,550","7,776",981,7.88,"52,496","29,700","29,650","12,418",-15.86,10.82,"30,150","2,021","2,570","1,043",17.38,8.51,"29,100",431,"26,540","9,689","3,718",0.70,937,-14.73
322,ACE 종합채권(AA-이상)KIS액티브,"108,325",하락,5,0.00%,0,30,3,"108,295","7,733",N/A,N/A,"2,800","108,325","108,370",N/A,N/A,N/A,"108,325","15,010",N/A,N/A,0.00,N/A,"108,325","12,000","7,139",N/A,N/A,N/A,N/A,N/A
323,대상,"22,300",하락,50,-0.22%,"1,000","6,700",149,"22,350","7,726","1,769",7.78,"181,914","22,350","22,400","35,098",43.02,6.94,"22,450","21,082","20,622",967,18.38,2.83,"22,250","11,884","34,648","42,551","2,865",0.57,850,3.59
324,프레스티지바이오파마,"12,780",하락,70,-0.54%,0,"13,356",170,"12,880","7,680",-628,35.21,"101,323","12,870","12,890","7,117",9.76,-7.40,"12,950","2,295","1,962",-551,63.12,-7.58,"12,730","5,786","60,096",7,363,1.73,N/A,325.77
325,DI동일,"37,750",상승,350,+0.94%,500,"1,296",48,"37,450","7,676",78,-271.58,"30,804","37,400","37,600","10,137",23.89,0.28,"37,900","1,066","4,494",25,7.27,0.25,"37,200","1,137","20,334","6,517",-139,1.41,262,-4.56
326,보령,"8,880",상승,20,+0.23%,500,"6,009",53,"8,860","7,618",705,14.39,"79,685","8,870","8,890","11,641",3.23,10.45,"8,890","2,680","3,796",696,7.18,6.70,"8,850","1,958","85,787","10,171",617,0.96,100,18.32
327,TIGER 단기채권액티브,"55,810",상승,5,+0.01%,0,"1,677",93,"55,805","7,610",N/A,N/A,"14,010","55,810","55,810",N/A,N/A,N/A,"55,810","21,811",N/A,N/A,0.00,N/A,"55,800","12,261","13,636",N/A,N/A,N/A,N/A,N/A
328,케이카,"15,670",하락,10,-0.06%,500,"10,109",157,"15,630","7,550",681,16.19,"233,314","15,640","15,670","5,248",15.41,19.09,"15,700",722,"2,991",440,7.50,8.15,"15,510",505,"48,182","23,015",968,3.38,"1,150",12.40
329,N2 KIS CD금리투자 ETN,"53,925",보합,0,0.00%,0,0,0,"53,920","7,550",N/A,N/A,0,"53,925","53,925",N/A,N/A,N/A,"53,925","40,000",N/A,N/A,0.00,N/A,"53,925","90,100","14,000",N/A,N/A,N/A,N/A,N/A
330,솔루엠,"15,390",상승,130,+0.85%,500,"13,057",200,"15,340","7,542",691,25.15,"119,173","15,260","15,370","9,827",-55.29,9.48,"15,460","1,025","5,484",377,17.52,3.92,"15,260","1,049","49,006","15,944",612,1.70,0,-18.28
331,KODEX 미국S&P500(H),"13,875",상승,55,+0.40%,0,"57,654",799,"13,875","7,499",N/A,N/A,"329,618","13,870","13,880",N/A,N/A,N/A,"13,885","211,617",N/A,N/A,0.11,N/A,"13,865","173,995","54,050",N/A,N/A,N/A,N/A,N/A
332,삼양홀딩스,"86,200",하락,300,-0.35%,"5,000","14,114","1,208","86,100","7,491","1,275",30.29,"72,587","86,500","86,300","52,905",34.53,1.38,"86,700","1,401","22,924",895,7.37,1.71,"84,900","1,050","8,690","35,533","2,846",0.31,"3,500",10.66
333,TIGER 미국나스닥100타겟데일리커버드콜,"9,400",상승,45,+0.48%,0,"46,610",438,"9,400","7,487",N/A,N/A,"590,249","9,395","9,405",N/A,N/A,N/A,"9,420","53,376",N/A,N/A,0.01,N/A,"9,395","60,326","79,650",N/A,N/A,N/A,N/A,N/A
334,한화3우B,"38,550",상승,250,+0.65%,"5,000","21,600",822,"37,950","7,480",N/A,3.68,"272,778","38,600","38,050",N/A,N/A,N/A,"38,750",504,N/A,N/A,21.39,N/A,"37,700","1,043","19,404",N/A,"10,464",0.34,N/A,N/A
335,이노션,"18,660",하락,60,-0.32%,500,"8,333",155,"18,600","7,464","1,557",8.61,"105,145","18,700","18,650","27,146",3.76,10.48,"18,750","1,249","16,827","1,161",25.88,4.40,"18,550",840,"40,000","21,206","2,166",0.76,"1,175",1.32
336,덴티움,"67,000",하락,100,-0.15%,500,"3,030",202,"66,900","7,416",985,10.81,"48,747","66,700","67,000","8,944",-28.77,14.27,"67,100",682,"3,409",724,15.19,8.68,"66,200",980,"11,069","4,078","6,198",1.03,600,3.72
337,PLUS 200,"39,665",상승,435,+1.11%,0,"89,570","3,540","39,530","7,398",N/A,N/A,"261,650","39,505","39,550",N/A,N/A,N/A,"39,695","70,257",N/A,N/A,2.72,N/A,"39,400","71,383","18,650",N/A,N/A,N/A,N/A,N/A
338,아이에스동서,"23,950",하락,200,-0.83%,500,"11,959",284,"23,850","7,230","1,697",-4.02,"79,477","24,350","23,900","35,540",-50.17,-10.19,"24,350",767,"19,968","-1,602",4.25,-4.11,"23,550",487,"30,187","15,146","-5,961",0.53,"1,000",-25.37
339,LX홀딩스,"9,440",하락,90,-0.94%,"1,000","99,843",933,"9,380","7,201","1,560",4.02,"755,151","9,460","9,410","19,050",113.21,9.08,"9,460","3,487",357,"1,603",12.22,8.90,"9,250","7,157","76,281","1,945","2,346",0.38,290,64.67
340,ACE 미국빅테크TOP7 Plus,"17,345",상승,150,+0.87%,0,"26,493",459,"17,345","7,007",N/A,N/A,"398,733","17,290","17,370",N/A,N/A,N/A,"17,385","42,739",N/A,N/A,0.02,N/A,"17,290","43,102","40,400",N/A,N/A,N/A,N/A,N/A
341,KG모빌리티,"3,415",하락,35,-1.01%,"1,000","82,935",282,"3,445","6,911",14,-39.25,"599,105","3,450","3,460","31,045",-88.58,2.70,"3,465","5,831","16,839",338,23.37,1.18,"3,335",855,"202,375","39,051",-87,0.47,0,4.52
342,유안타증권,"3,455",하락,40,-1.14%,"5,000","123,042",423,"3,435","6,896",948,15.29,"749,049","3,500","3,440","168,003",-26.62,4.52,"3,500","39,449","151,660",730,64.18,0.44,"3,420","8,099","199,597","27,127",226,0.45,200,-4.98
343,전진건설로봇,"47,000",하락,950,-1.98%,500,"25,078","1,186","47,450","6,858",313,22.77,"128,915","48,200","47,500","2,192",-4.74,24.55,"48,200","2,629",648,314,0.78,16.64,"46,900",256,"14,593","1,698","2,064",4.87,"1,277",7.21
344,한화리츠,"3,810",하락,5,-0.13%,500,"11,620",44,"3,800","6,843",191,37.72,"404,528","3,815","3,805","15,864",54.05,0.83,"3,815","6,626","12,576",28,0.43,0.24,"3,790","37,283","179,600",335,101,0.97,135,43.99
345,현대홈쇼핑,"56,700",상승,900,+1.61%,"5,000",806,45,"55,700","6,804","1,301",8.17,"21,664","55,900","55,900","51,751",117.05,7.43,"56,700",521,"13,396","1,742",13.93,4.05,"55,600",161,"12,000","38,535","6,942",0.28,"2,800",86.66
346,TKG휴켐스,"16,640",하락,20,-0.12%,"1,000","5,979",99,"16,630","6,802",808,11.03,"107,695","16,660","16,700","11,682",-33.35,9.09,"16,720",389,"2,933",775,8.58,6.83,"16,600",580,"40,879","11,882","1,509",0.75,"1,000",12.88
347,F&F홀딩스,"17,390",상승,140,+0.81%,500,"5,855",101,"17,320","6,802","4,164",6.62,"63,569","17,440","17,430","40,333",-19.06,4.92,"17,590",992,"6,634","3,220",0.13,8.18,"17,270","1,277","39,114","18,983","2,627",0.31,450,-4.43
348,파미셀,"11,290",상승,40,+0.36%,500,"72,939",828,"11,230","6,776",47,41.97,"1,019,124","11,250","11,240",993,259.23,7.59,"11,450","3,235",128,63,9.58,6.60,"11,220","2,572","60,017",649,269,7.23,20,15.34
349,GS피앤엘,"33,850",하락,150,-0.44%,"1,000","13,729",466,"33,800","6,713",0,-59.08,"192,935","34,150","34,200","22,696",N/A,N/A,"34,600",933,"10,328",-11,9.41,N/A,"33,550",593,"19,831",383,-573,0.80,N/A,N/A
350,신한알파리츠,"5,530",하락,10,-0.18%,"1,000","25,050",138,"5,530","6,688",338,55.86,"537,047","5,540","5,540","21,588",34.36,0.61,"5,540","30,374","16,187",47,10.22,0.23,"5,500","16,096","120,940",583,99,1.06,173,21.83
351,KODEX 반도체,"34,140",상승,845,+2.54%,0,"209,850","7,140","33,880","6,674",N/A,N/A,"763,753","33,650","33,895",N/A,N/A,N/A,"34,190","24,163",N/A,N/A,0.89,N/A,"33,645","6,153","19,550",N/A,N/A,N/A,N/A,N/A
352,KODEX 미국빅테크10(H),"49,620",하락,60,-0.12%,0,"15,365",762,"49,645","6,659",N/A,N/A,"239,772","49,780","49,670",N/A,N/A,N/A,"49,780","6,470",N/A,N/A,0.00,N/A,"49,580","25,444","13,420",N/A,N/A,N/A,N/A,N/A
353,세진중공업,"11,680",하락,120,-1.02%,500,"235,663","2,774","11,680","6,640",360,30.50,"2,996,332","12,080","11,720","6,209",7.23,6.16,"12,080","2,882","3,715",220,5.63,3.78,"11,600","3,794","56,849","3,524",383,3.50,200,-8.43
354,TIGER 리츠부동산인프라,"4,260",상승,5,+0.12%,0,"176,231",750,"4,255","6,522",N/A,N/A,"2,505,456","4,270","4,260",N/A,N/A,N/A,"4,270","147,072",N/A,N/A,0.05,N/A,"4,250","139,243","153,100",N/A,N/A,N/A,N/A,N/A
355,TIGER Fn반도체TOP10,"10,750",상승,260,+2.48%,0,"472,071","5,058","10,660","6,477",N/A,N/A,"1,734,348","10,615","10,680",N/A,N/A,N/A,"10,765","67,956",N/A,N/A,0.07,N/A,"10,615","61,555","60,250",N/A,N/A,N/A,N/A,N/A
356,키움 CD금리투자 ETN,"103,805",보합,0,0.00%,0,0,0,"103,810","6,457",N/A,N/A,"45,749","103,805","103,815",N/A,N/A,N/A,"103,805","500,000",N/A,N/A,0.00,N/A,"103,805","500,000","6,220",N/A,N/A,N/A,N/A,N/A
357,ACE 미국배당다우존스,"11,840",상승,110,+0.94%,0,"41,586",492,"11,835","6,441",N/A,N/A,"314,363","11,830","11,840",N/A,N/A,N/A,"11,850","89,083",N/A,N/A,0.01,N/A,"11,830","72,267","54,400",N/A,N/A,N/A,N/A,N/A
358,LG전자우,"37,450",상승,150,+0.40%,"5,000","9,821",367,"37,300","6,436",N/A,9.79,"59,460","37,450","37,400",N/A,N/A,N/A,"37,500","2,239",N/A,N/A,45.43,N/A,"37,300","1,249","17,186",N/A,"3,825",0.31,N/A,N/A
359,KODEX MSCI Korea TR,"12,850",상승,180,+1.42%,0,"1,735",22,"12,790","6,425",N/A,N/A,"6,663","12,770","12,800",N/A,N/A,N/A,"12,850","40,153",N/A,N/A,1.30,N/A,"12,770","33,308","50,000",N/A,N/A,N/A,N/A,N/A
360,KODEX 미국30년국채타겟커버드콜(합성 H),"8,635",보합,0,0.00%,0,"302,834","2,613","8,620","6,424",N/A,N/A,"926,250","8,630","8,625",N/A,N/A,N/A,"8,635","362,394",N/A,N/A,0.12,N/A,"8,620","342,902","74,400",N/A,N/A,N/A,N/A,N/A
361,KG스틸,"6,370",하락,70,-1.09%,"5,000","17,271",110,"6,440","6,371","2,060",3.63,"157,350","6,470","6,470","33,414",-26.53,6.93,"6,490","1,397","13,812","1,325",6.55,4.05,"6,320","4,648","100,009","33,010","1,757",0.31,250,-3.76
362,금양,"9,900",보합,0,0.00%,500,0,0,0,"6,333",-560,-4.09,0,0,0,"12,569",-283.36,-40.88,0,0,"7,624","-1,861",5.59,-18.99,0,0,"63,967","1,537","-2,420",1.27,0,1.12
363,넥센타이어,"6,410",하락,30,-0.47%,500,"37,515",238,"6,430","6,261","1,721",5.33,"243,150","6,450","6,440","45,745",-7.94,7.10,"6,450","1,050","27,029","1,267",6.91,2.88,"6,290","2,596","97,668","28,479","1,203",0.35,130,5.41
364,한국단자,"61,500",보합,0,0.00%,500,"6,962",428,"61,600","6,221","1,713",4.74,"50,395","62,000","61,700","15,643",53.31,14.16,"62,000","1,071","4,880","1,425",25.38,9.54,"61,200","1,329","10,115","15,098","12,988",0.58,"2,200",16.41
365,아세아,"297,500",하락,"5,000",-1.65%,"5,000",119,35,"299,500","6,200","1,724",11.85,"2,103","302,500","302,000","33,343",-28.28,5.58,"302,500",56,"13,044","1,084",8.00,3.28,"297,000",463,"2,084","20,074","25,096",0.42,"5,330",-5.13
366,카프로,"3,660",보합,0,0.00%,500,0,0,0,"6,185",-324,17.43,0,0,0,"2,392",17.95,102.36,0,0,"1,510",332,0.08,14.56,0,0,"169,000",71,210,7.77,N/A,-90.64
367,KODEX 단기채권,"113,395",하락,5,0.00%,0,863,97,"113,395","6,121",N/A,N/A,"8,705","113,395","113,405",N/A,N/A,N/A,"113,405","107,889",N/A,N/A,0.00,N/A,"113,395","121,001","5,398",N/A,N/A,N/A,N/A,N/A
368,N2 코스피 변동성 매칭형 양매도 ETN,"8,695",보합,0,0.00%,0,0,0,"8,680","6,086",N/A,N/A,0,"8,695","8,695",N/A,N/A,N/A,"8,695",131,N/A,N/A,0.00,N/A,"8,695",100,"70,000",N/A,N/A,N/A,N/A,N/A
369,솔루스첨단소재,"8,500",상승,50,+0.59%,100,"44,132",378,"8,610","5,968",-544,-60.28,"230,293","8,530","8,620","20,794",25.67,0.62,"8,650","2,045","9,879",-427,3.90,-2.26,"8,480","4,616","70,217","5,709",-141,1.02,10,32.96
370,현대그린푸드,"17,980",상승,90,+0.50%,500,"2,096",37,"17,920","5,958",967,8.03,"37,359","17,920","18,170","9,556",49.10,11.41,"18,190",213,"2,854",745,14.34,8.11,"17,840",393,"33,136","22,704","2,238",0.87,335,24.27
371,HJ중공업,"7,130",보합,0,0.00%,"5,000","69,909",501,"7,200","5,937",73,-173.90,"441,529","7,250","7,210","22,044",106.67,1.56,"7,260","3,407","18,610",52,1.51,0.21,"7,100","13,446","83,274","18,860",-41,1.70,N/A,-12.77
372,쿠쿠홈시스,"26,450",하락,100,-0.38%,100,"1,980",52,"26,600","5,935","1,648",4.88,"34,602","26,550","26,800","13,816",13.77,14.00,"26,900",589,"3,349","1,361",6.60,10.81,"26,300","10,380","22,437","10,572","5,424",0.63,"1,000",10.75
373,KODEX 인버스,"3,875",하락,40,-1.02%,0,"8,455,717","32,891","3,885","5,913",N/A,N/A,"34,610,931","3,895","3,890",N/A,N/A,N/A,"3,905","5,476,241",N/A,N/A,1.84,N/A,"3,870","3,618,592","152,600",N/A,N/A,N/A,N/A,N/A
374,신풍제약,"11,130",상승,510,+4.80%,500,"203,137","2,234","10,670","5,897",-205,-43.65,"395,725","10,730","10,730","3,421",56.84,-5.85,"11,200","2,038",840,-154,5.22,-4.44,"10,610","2,015","52,985","2,211",-255,2.23,N/A,10.42
375,신성통상,"4,067",상승,2,+0.05%,500,"839,106","3,412","4,065","5,845","1,218",8.96,"12,027,614","4,065","4,070","11,626",-15.22,16.24,"4,070","9,528,702","6,780",737,0.37,6.61,"4,065","1,625,774","143,708","15,079",454,1.13,N/A,-2.25
376,유니드,"86,000",하락,"1,900",-2.16%,"5,000","6,217",538,"87,700","5,820",954,7.57,"62,356","88,500","88,100","13,648",197.62,7.96,"88,900",288,"3,525",762,10.22,5.81,"86,000",281,"6,768","11,116","11,360",0.56,"1,800",-1.95
377,한일홀딩스,"18,660",하락,240,-1.27%,"1,000","3,812",71,"18,920","5,753","2,793",6.15,"44,667","18,900","19,240","37,090",6.60,7.56,"19,200",69,"14,048","1,985",4.08,5.46,"18,620",913,"30,833","22,487","3,032",0.36,930,-4.84
378,HD현대에너지솔루션,"51,300",상승,"3,550",+7.43%,"5,000","613,635","31,866","51,000","5,746",35,31.17,"427,054","51,200","51,100","4,538",-80.03,0.03,"53,900","18,531",841,1,4.62,0.02,"50,000","10,215","11,200","4,224","1,646",1.56,N/A,-22.66
379,한화손해보험,"4,870",상승,70,+1.46%,"5,000","60,277",290,"4,810","5,685","4,357",2.20,"554,174","4,820","4,820","198,342",42.15,10.36,"4,870","27,016","168,811","3,160",14.59,1.67,"4,805","8,297","116,739","65,973","2,217",0.26,0,8.64
380,대한유화,"87,200",상승,200,+0.23%,"5,000","3,569",309,"87,100","5,668",-599,551.90,"55,074","87,200","87,500","22,197",3.90,-0.47,"87,900",432,"4,121",-85,7.29,-0.39,"86,000",438,"6,500","28,001",158,0.30,"1,000",12.01
381,제주항공,"7,010",하락,20,-0.28%,"1,000","15,144",106,"7,030","5,653",799,-9.71,"198,952","7,060","7,050","19,985",-52.94,6.84,"7,070","13,528","16,744",217,2.61,1.09,"6,990","5,543","80,641","19,358",-722,1.94,N/A,12.28
382,케이씨텍,"27,200",상승,700,+2.64%,500,"16,371",442,"26,750","5,628",498,11.62,"93,206","26,750","26,850","5,491",52.23,11.28,"27,250","1,925",673,527,12.28,10.04,"26,700","1,333","20,690","3,854","2,341",1.11,270,34.34
383,코스모화학,"14,600",상승,200,+1.39%,"1,000","31,580",460,"14,600","5,608",-20,-9.35,"132,302","14,550","14,650","12,043",-166.57,-24.71,"14,720","1,797","6,136",-523,7.34,-4.56,"14,350",902,"38,408","7,493","-1,561",2.47,N/A,-6.22
384,KODEX 미국30년국채액티브(H),"8,830",상승,5,+0.06%,0,"151,297","1,335","8,825","5,602",N/A,N/A,"1,820,363","8,830","8,830",N/A,N/A,N/A,"8,835","376,315",N/A,N/A,0.04,N/A,"8,820","365,136","63,440",N/A,N/A,N/A,N/A,N/A
385,KODEX 국고채30년액티브,"121,155",상승,265,+0.22%,0,"3,021",365,"120,835","5,567",N/A,N/A,"14,176","120,890","120,920",N/A,N/A,N/A,"121,255","16,006",N/A,N/A,0.01,N/A,"120,800","16,102","4,595",N/A,N/A,N/A,N/A,N/A
386,삼양사,"53,500",상승,200,+0.38%,"5,000","2,443",130,"53,300","5,518","1,335",4.95,"22,110","53,800","53,600","33,199",17.95,7.53,"53,800","1,854","13,722","1,364",4.89,4.18,"53,200","1,093","10,313","26,718","10,808",0.30,"1,750",0.77
387,한국쉘석유,"423,000",하락,"2,000",-0.47%,"5,000",178,75,"422,000","5,499",460,14.34,"3,544","425,000","424,500","1,913",8.65,28.93,"425,000",72,640,367,59.09,19.31,"420,500",138,"1,300","3,272","29,500",5.14,"27,000",2.09
388,JW중외제약,"23,600",상승,150,+0.64%,"2,500","5,990",141,"23,400","5,495",825,9.41,"90,650","23,700","23,500","6,046",-17.76,21.87,"23,700","1,851","2,751",650,6.83,10.41,"23,400","2,928","23,286","7,194","2,507",1.74,450,-3.89
389,제이알글로벌리츠,"2,770",보합,0,0.00%,"1,000","32,605",90,"2,760","5,467",310,13.99,"678,461","2,770","2,765","21,465",-4.87,2.48,"2,775","34,210","13,405",207,9.04,0.98,"2,760","95,571","197,376",626,198,0.66,N/A,3.49
390,풍산홀딩스,"37,850",상승,550,+1.47%,"5,000","189,858","7,484","40,150","5,457","1,047",5.36,"255,687","41,450","40,350","13,191",54.41,9.41,"41,450","6,660","2,037","1,000",16.02,7.95,"37,750","1,345","14,417","4,494","7,062",0.48,"1,400",10.49
391,삼천리,"134,100",하락,400,-0.30%,"5,000","4,718",631,"133,000","5,438","1,143",4.96,"55,226","133,500","133,200","45,182",-34.49,6.55,"135,000",474,"27,577","1,217",11.04,2.72,"132,700",758,"4,055","51,205","27,036",0.28,"3,000",-9.60
392,SBS,"29,150",하락,50,-0.17%,"5,000","17,354",503,"29,150","5,408",-192,38.61,"626,009","28,950","29,200","15,124",-132.90,3.80,"29,225","3,939","6,059",338,0.00,2.36,"28,700","2,505","18,551","10,467",755,0.60,N/A,5.01
393,바이오노트,"5,290",상승,60,+1.15%,500,"10,330",54,"5,220","5,399",122,12.75,"81,476","5,250","5,240","16,972",125.97,3.46,"5,310","5,471",614,553,0.56,3.36,"5,230","2,198","102,056","1,028",415,0.33,200,14.10
394,일진하이솔루스,"14,830",상승,120,+0.82%,500,"8,057",120,"14,990","5,385",-95,674.09,"131,816","15,000","15,030","3,443",2.89,0.57,"15,030",685,268,18,4.04,0.53,"14,800","2,235","36,313",793,22,1.70,N/A,0.71
395,KIWOOM 국고채10년,"115,965",상승,115,+0.10%,0,908,105,"115,835","5,333",N/A,N/A,"14,193","115,790","115,850",N/A,N/A,N/A,"115,995","24,001",N/A,N/A,0.02,N/A,"115,790","24,060","4,599",N/A,N/A,N/A,N/A,N/A
396,PI첨단소재,"18,130",하락,60,-0.33%,500,"9,087",164,"18,060","5,324",349,19.04,"262,944","18,020","18,140","5,275",987.07,7.16,"18,200","3,105","1,896",234,8.79,4.47,"18,020",350,"29,366","2,513",952,1.60,350,15.46
397,OCI,"59,100",상승,500,+0.85%,"5,000","6,186",368,"59,800","5,291","1,105",12.47,"41,145","59,500","59,900","22,830",N/A,N/A,"60,000","1,715","10,414",897,6.58,N/A,"58,800","2,581","8,952","22,153","4,741",0.45,"2,200",N/A
398,TIGER 인도니프티50,"13,400",하락,5,-0.04%,0,"11,908",159,"13,400","5,246",N/A,N/A,"184,503","13,405","13,435",N/A,N/A,N/A,"13,435",737,N/A,N/A,0.51,N/A,"13,370","31,185","39,150",N/A,N/A,N/A,N/A,N/A
399,롯데손해보험,"1,686",하락,5,-0.30%,"1,000","24,014",40,"1,685","5,232",311,-99.18,"283,313","1,691","1,689","155,415",-91.73,2.31,"1,696","3,947","147,472",242,1.26,0.16,"1,680","2,583","310,336","31,515",-17,1.03,N/A,23.15
400,애경케미칼,"10,730",보합,0,0.00%,500,"124,359","1,348","10,840","5,220",155,110.62,"417,808","10,820","10,870","13,564",-65.69,0.54,"10,950","6,897","6,155",85,0.00,0.64,"10,730","7,249","48,649","16,422",97,0.72,281,-8.45
401,CJ4우(전환),"123,200",상승,"1,600",+1.32%,"5,000","2,929",356,"121,300","5,207",N/A,44.24,"22,504","121,600","121,900",N/A,N/A,N/A,"123,200",134,N/A,N/A,4.93,N/A,"120,500",79,"4,227",N/A,"2,785",0.76,N/A,N/A
402,KODEX 국고채3년,"62,770",하락,15,-0.02%,0,"9,235",579,"62,750","5,206",N/A,N/A,"26,279","62,725","62,775",N/A,N/A,N/A,"62,780","64,995",N/A,N/A,0.00,N/A,"62,725","42,023","8,294",N/A,N/A,N/A,N/A,N/A
403,KB KIS CD금리투자 ETN,"52,060",보합,0,0.00%,0,0,0,"52,060","5,206",N/A,N/A,67,"52,060","52,065",N/A,N/A,N/A,"52,060","50,000",N/A,N/A,0.00,N/A,"52,060","50,000","10,000",N/A,N/A,N/A,N/A,N/A
404,대한해운,"1,619",하락,10,-0.61%,500,"470,168",764,"1,639","5,200","3,286",3.48,"3,830,888","1,650","1,647","45,804",31.48,8.93,"1,655","39,026","22,907","1,648",5.95,3.54,"1,613","16,557","321,210","17,472",465,0.25,0,25.03
405,KCC글라스,"32,550",하락,250,-0.76%,"1,000","5,350",174,"32,600","5,198",572,31.24,"40,340","32,800","32,750","24,943",-39.82,2.48,"32,850",437,"10,054",370,9.39,1.57,"32,350","1,354","15,971","19,033","1,042",0.36,"1,800",13.29
406,E1,"75,700",하락,"1,100",-1.43%,"5,000","3,383",255,"76,000","5,193","2,176",4.96,"26,120","77,400","76,300","145,398",133.55,3.83,"77,400",207,"123,507",656,5.44,0.69,"74,900",107,"6,860","111,924","15,251",0.26,"3,450",42.98
407,후성,"4,835",상승,40,+0.83%,500,"113,783",557,"4,945","5,186",-96,-8.25,"675,652","4,960","4,950","8,263",79.23,-21.71,"4,960","7,619","4,935",-834,6.98,-9.93,"4,830","1,539","107,255","4,378",-586,1.62,N/A,-16.32
408,LF,"17,730",하락,240,-1.34%,"5,000","17,972",320,"17,990","5,184","1,261",6.79,"120,041","17,990","18,010","29,150",119.84,4.87,"18,060","4,937","11,422",906,12.90,3.20,"17,610","1,583","29,240","19,563","2,610",0.31,700,2.92
409,신대양제지,"12,850",하락,10,-0.08%,500,"12,089",155,"12,720","5,178",293,17.72,"328,300","13,060","12,750","8,759",-49.95,6.00,"13,190","3,703","1,838",333,2.85,3.80,"12,620",933,"40,298","6,585",725,0.65,200,2.04
410,퍼시스,"45,000",상승,250,+0.56%,"1,000",13,0,"44,900","5,175",215,15.63,"1,130","45,200","45,200","6,439",-39.05,8.64,"45,200",64,699,477,19.94,7.69,"44,900",102,"11,500","3,857","2,879",0.71,"1,200",6.28
411,TIGER 200 IT,"29,040",상승,500,+1.75%,0,"7,642",221,"28,820","5,123",N/A,N/A,"51,119","28,795","28,890",N/A,N/A,N/A,"29,065","8,434",N/A,N/A,0.09,N/A,"28,795","13,531","17,640",N/A,N/A,N/A,N/A,N/A
412,신도리코,"50,800",상승,300,+0.59%,"5,000","1,873",95,"50,800","5,121",202,7.84,"22,910","50,600","50,900","11,436",-33.06,7.12,"51,100","1,608",793,732,11.59,6.59,"50,400","3,945","10,080","3,410","6,476",0.41,"1,500",-15.29
413,PLUS 머니마켓액티브,"52,280",하락,5,-0.01%,0,"3,125",163,"52,280","5,088",N/A,N/A,"53,514","52,285","52,285",N/A,N/A,N/A,"52,285","61,484",N/A,N/A,0.00,N/A,"52,280","52,258","9,732",N/A,N/A,N/A,N/A,N/A
414,엠씨넥스,"28,200",상승,750,+2.73%,500,"10,616",297,"27,850","5,070",444,7.48,"47,957","28,000","27,950","5,741",143.55,18.28,"28,250","1,430","2,019",636,12.13,11.46,"27,800","2,813","17,978","10,571","3,768",1.26,800,13.36
415,TIGER 미국달러단기채권액티브,"12,460",상승,10,+0.08%,0,"14,816",184,"12,435","5,054",N/A,N/A,"101,205","12,435","12,450",N/A,N/A,N/A,"12,465","181,568",N/A,N/A,0.01,N/A,"12,435","180,257","40,560",N/A,N/A,N/A,N/A,N/A
416,진에어,"9,640",하락,100,-1.03%,"1,000","15,690",151,"9,700","5,032","1,631",6.88,"120,079","9,740","9,730","12,271",-10.46,51.15,"9,740","4,051","9,959",957,4.41,8.78,"9,620","4,027","52,200","14,613","1,401",1.80,N/A,14.41
417,TIGER 테슬라채권혼합Fn,"13,675",상승,135,+1.00%,0,"113,359","1,548","13,670","4,944",N/A,N/A,"624,536","13,665","13,695",N/A,N/A,N/A,"13,735","7,684",N/A,N/A,0.33,N/A,"13,605","15,665","36,150",N/A,N/A,N/A,N/A,N/A
418,동국제강,"9,930",상승,240,+2.48%,"5,000","229,168","2,279","9,940","4,926","1,025",60.55,"229,141","10,060","9,980","31,940",-56.49,2.04,"10,070","18,519","14,922",348,26.82,1.04,"9,810","9,407","49,608","35,275",164,0.29,600,34.02
419,KODEX 26-12 회사채(AA-이상)액티브,"10,805",보합,0,0.00%,0,543,5,"10,800","4,915",N/A,N/A,"44,721","10,805","10,805",N/A,N/A,N/A,"10,805","155,012",N/A,N/A,0.00,N/A,"10,805","175,305","45,490",N/A,N/A,N/A,N/A,N/A
420,아모레퍼시픽우,"46,350",하락,50,-0.11%,500,"3,688",170,"46,600","4,894",N/A,5.12,"31,845","46,400","46,800",N/A,N/A,N/A,"46,900",661,N/A,N/A,47.13,N/A,"46,000",137,"10,558",N/A,"9,057",0.60,N/A,N/A
421,고려제강,"18,120",상승,30,+0.17%,"1,000","3,345",60,"18,000","4,892",261,31.73,"19,423","18,090","18,070","26,090",-53.64,1.95,"18,160",813,"6,819",329,5.86,1.30,"18,000","1,342","27,000","17,396",571,0.27,324,-2.75
422,풀무원,"12,790",상승,120,+0.95%,500,"8,477",108,"12,760","4,876",918,15.60,"127,755","12,780","12,770","23,312",48.16,11.40,"12,810","1,295","17,477",344,3.48,1.53,"12,750","3,318","38,121","32,137",820,1.59,102,7.36
423,KODEX 200타겟위클리커버드콜,"10,530",상승,95,+0.91%,0,"378,455","3,970","10,485","4,875",N/A,N/A,"2,811,842","10,475","10,495",N/A,N/A,N/A,"10,540","113,238",N/A,N/A,0.03,N/A,"10,470","282,054","46,300",N/A,N/A,N/A,N/A,N/A
424,대신증권우,"18,740",하락,70,-0.37%,"5,000","23,007",429,"18,760","4,872",N/A,10.14,"250,073","18,810","18,820",N/A,N/A,N/A,"18,880","2,349",N/A,N/A,13.95,N/A,"18,610","1,482","26,000",N/A,"1,848",0.41,N/A,N/A
425,TIGER 미국테크TOP10타겟커버드콜,"12,825",상승,60,+0.47%,0,"21,940",281,"12,850","4,797",N/A,N/A,"195,123","12,925","12,895",N/A,N/A,N/A,"12,925","15,079",N/A,N/A,0.02,N/A,"12,820","12,136","37,400",N/A,N/A,N/A,N/A,N/A
426,DS단석,"27,250",보합,0,0.00%,500,"31,941",874,"27,250","4,792",122,-86.78,"251,112","27,400","27,300","7,358",-84.01,-3.29,"27,550","13,971","4,528",-103,1.71,-1.42,"27,150","5,546","17,584","9,617",-314,1.67,N/A,-10.16
427,SPC삼립,"55,400",하락,300,-0.54%,"5,000","1,480",82,"55,400","4,780",950,5.50,"22,003","55,700","55,700","12,408",3.53,19.25,"55,800",993,"7,610",865,4.70,6.83,"55,400",809,"8,629","34,279","10,076",0.95,"1,800",-0.16
428,TIGER 우량회사채액티브,"117,185",하락,55,-0.05%,0,"2,244",262,"117,180","4,778",N/A,N/A,"87,389","117,220","117,195",N/A,N/A,N/A,"117,220","14,122",N/A,N/A,0.00,N/A,"117,135","14,009","4,077",N/A,N/A,N/A,N/A,N/A
429,KODEX 미국반도체,"24,435",상승,405,+1.69%,0,"81,472","1,991","24,420","4,765",N/A,N/A,"223,177","24,475","24,465",N/A,N/A,N/A,"24,475","53,555",N/A,N/A,0.40,N/A,"24,365","41,461","19,500",N/A,N/A,N/A,N/A,N/A
430,삼성 레버리지 WTI원유 선물 ETN,"1,179",하락,29,-2.40%,0,"84,851",100,"1,182","4,763",N/A,N/A,"3,699,782","1,185","1,183",N/A,N/A,N/A,"1,186","4,104,211",N/A,N/A,0.00,N/A,"1,179","10,012,211","404,000",N/A,N/A,N/A,N/A,N/A
431,디아이,"16,810",상승,930,+5.86%,500,"262,519","4,380","16,430","4,757",31,60.91,"214,152","16,300","16,440","3,196",-49.81,0.72,"16,920","3,316","1,519",28,8.90,0.92,"16,270","3,545","28,300","2,140",276,2.80,100,-0.27
432,화승엔터프라이즈,"7,850",상승,40,+0.51%,500,"16,869",132,"7,890","4,756",826,13.65,"135,294","7,940","7,920","15,376",537.00,6.38,"7,940","8,357","9,739",344,6.50,2.37,"7,830","3,728","60,589","16,096",575,0.93,45,32.61
433,TIGER 미국달러SOFR금리액티브(합성),"56,520",하락,25,-0.04%,0,856,48,"56,475","4,749",N/A,N/A,"7,247","56,545","56,540",N/A,N/A,N/A,"56,600","29,909",N/A,N/A,0.01,N/A,"56,475","24,109","8,402",N/A,N/A,N/A,N/A,N/A
434,KODEX 자동차,"18,295",상승,270,+1.50%,0,"216,531","3,968","18,395","4,729",N/A,N/A,"564,518","18,205","18,435",N/A,N/A,N/A,"18,490","32,972",N/A,N/A,0.36,N/A,"18,155","25,647","25,850",N/A,N/A,N/A,N/A,N/A
435,ACE 200,"39,250",상승,450,+1.16%,0,"36,639","1,432","39,030","4,710",N/A,N/A,"105,722","38,990","39,115",N/A,N/A,N/A,"39,250","31,104",N/A,N/A,10.94,N/A,"38,950","66,115","12,000",N/A,N/A,N/A,N/A,N/A
436,한국금융지주우,"80,200",하락,"1,000",-1.23%,"5,000","2,432",194,"80,200","4,698",N/A,4.27,"40,643","81,200","80,600",N/A,N/A,N/A,"81,200","1,168",N/A,N/A,14.62,N/A,"79,500",274,"5,858",N/A,"18,792",0.47,N/A,N/A
437,KODEX 미국AI전력핵심인프라,"13,585",하락,390,-2.79%,0,"206,960","2,811","13,580","4,687",N/A,N/A,"642,776","13,585","13,585",N/A,N/A,N/A,"13,605","26,765",N/A,N/A,0.56,N/A,"13,550","40,541","34,500",N/A,N/A,N/A,N/A,N/A
438,NICE,"12,595",하락,355,-2.74%,500,"34,846",439,"12,710","4,676","1,743",9.56,"371,326","12,930","12,720","35,219",79.68,6.27,"12,930","1,184","21,291","1,009",11.06,2.88,"12,515",539,"37,128","30,383","1,317",0.59,500,7.78
439,동아에스티,"49,600",상승,150,+0.30%,"5,000","1,162",57,"49,550","4,639",-250,-583.53,"244,259","26,850","26,860",N/A,N/A,N/A,"26,915","32,031",N/A,N/A,0.10,N/A,"26,810","25,235","17,260",N/A,N/A,N/A,N/A,N/A
440,TIMEFOLIO 글로벌AI인공지능액티브,"26,865",하락,165,-0.61%,0,"24,250",651,"26,815","4,637",N/A,N/A,"14,607","49,600","49,600","13,917",-323.66,-0.18,"49,900",752,"6,829",-232,18.09,-1.74,"49,450",346,"9,353","6,979",-85,0.69,785,5.10
441,두산2우B,"512,000",상승,"5,000",+0.99%,"5,000","4,828","2,499","501,000","4,572",N/A,-52.84,"28,995","527,000","503,000",N/A,N/A,N/A,"532,000",96,N/A,N/A,2.53,N/A,"500,000",140,893,N/A,"-9,690",6.11,N/A,N/A
442,아세아시멘트,"12,200",하락,220,-1.77%,500,"4,601",56,"12,220","4,556","1,408",7.14,"53,731","12,400","12,240","21,954",-4.18,7.65,"12,400","2,848","10,890",801,6.37,3.71,"12,190",895,"37,347","11,103","1,709",0.41,260,-7.51
443,YG PLUS,"7,160",상승,10,+0.14%,500,"292,117","2,092","7,140","4,542",-7,56.38,"2,448,276","7,280","7,160","2,378",-103.45,0.73,"7,290","42,419",686,20,3.09,0.86,"7,090","6,004","63,429","1,849",127,2.66,N/A,-17.32
444,TCC스틸,"17,300",상승,200,+1.17%,"1,000","27,022",467,"17,340","4,535",123,21.12,"94,066","17,120","17,400","5,740",9.08,8.30,"17,470","2,417","3,149",202,8.20,3.57,"17,080",655,"26,214","5,821",819,1.80,100,-6.78
445,티웨이항공,"2,105",하락,20,-0.94%,500,"64,506",135,"2,115","4,534",-123,-2.86,"527,409","2,140","2,125","15,624",-108.80,-55.03,"2,140","26,059","14,802",-659,1.53,-4.63,"2,095","28,578","215,379","15,368",-736,13.36,N/A,13.94
446,스틱인베스트먼트,"10,860",하락,40,-0.37%,500,"7,095",76,"10,810","4,526",134,-126.28,"89,968","10,940","10,820","2,647",-59.46,3.72,"10,950","2,048",159,93,26.65,3.40,"10,710","1,920","41,678",795,-86,1.67,250,-15.25
447,현대차증권,"7,320",하락,70,-0.95%,"5,000","104,230",767,"7,300","4,526",547,7.43,"744,829","7,460","7,330","119,920",-16.08,2.80,"7,470","8,677","106,899",362,4.29,0.31,"7,280","7,081","61,833","17,956",985,0.34,153,13.49
448,세아제강,"158,800",상승,800,+0.51%,"5,000","4,869",780,"160,400","4,504","2,029",3.69,"535,431","29,460","29,440",N/A,N/A,N/A,"29,535","35,477",N/A,N/A,0.46,N/A,"29,380","98,369","15,250",N/A,N/A,N/A,N/A,N/A
449,KODEX 코스피,"29,520",상승,230,+0.79%,0,"93,152","2,742","29,460","4,502",N/A,N/A,"13,960","161,000","160,500","18,238",N/A,N/A,"161,700",279,"7,113","1,371",9.42,N/A,"158,200",301,"2,836","18,094","43,046",0.40,"7,000",N/A
450,부국증권,"42,900",하락,200,-0.46%,"5,000","6,129",261,"42,350","4,449",367,17.86,"74,860","43,250","42,450","16,514",-46.93,4.05,"43,250","1,358","8,811",310,1.52,1.81,"42,100",474,"10,370","7,792","2,402",0.49,"1,500",-4.40
451,세아홀딩스,"111,000",상승,"1,900",+1.74%,"5,000",41,4,"109,500","4,440",992,13.85,"3,039","109,100","111,000","61,055",-50.60,1.53,"111,000",72,"29,554",342,1.17,0.58,"109,100","1,134","4,000","60,168","8,013",0.20,"4,000",-6.27
452,코오롱,"35,150",상승,200,+0.57%,"5,000","29,039","1,012","34,750","4,438",-896,3.08,"342,644","34,700","34,850","70,405",-190.15,12.49,"35,250","3,093","46,926","1,576",5.80,2.57,"34,500","1,422","12,626","60,284","11,430",0.29,550,2.55
453,KODEX 인도Nifty50,"13,695",상승,15,+0.11%,0,"16,796",230,"13,680","4,437",N/A,N/A,"188,383","13,690","13,690",N/A,N/A,N/A,"13,710","30,175",N/A,N/A,0.04,N/A,"13,680","19,306","32,400",N/A,N/A,N/A,N/A,N/A
454,명신산업,"8,450",하락,30,-0.35%,500,"25,490",216,"8,480","4,434","1,481",4.13,"694,369","8,500","8,500","12,103",-28.83,20.95,"8,570","4,452","5,128","1,291",7.40,11.45,"8,420","1,690","52,470","15,738","2,048",0.63,150,-9.49
455,남양유업,"72,300",상승,100,+0.14%,500,"1,536",110,"72,000","4,433",-98,91.40,"32,658","72,900","72,200","7,242",86.28,0.04,"72,900",272,924,2,7.64,0.03,"71,700",519,"6,131","9,528",791,0.94,100,-4.41
456,쏘카,"13,380",하락,20,-0.15%,100,401,5,"13,400","4,394",-98,-24.69,"7,599","13,400","13,430","6,315",-1.14,-15.69,"13,410",317,"4,480",-310,0.99,-4.73,"13,380",124,"32,842","4,318",-542,2.42,N/A,8.36
457,한세실업,"10,970",하락,50,-0.45%,500,"15,567",171,"11,030","4,388","1,422",8.88,"151,239","11,060","11,050","14,245",-15.47,8.58,"11,090","3,069","7,149",584,3.55,4.39,"10,960",523,"40,000","17,978","1,235",0.62,500,5.21
458,RISE KIS국고채30년Enhanced,"81,080",상승,315,+0.39%,0,"3,249",262,"80,725","4,379",N/A,N/A,"34,149","80,365","80,765",N/A,N/A,N/A,"81,080","18,011",N/A,N/A,0.03,N/A,"80,365","18,046","5,401",N/A,N/A,N/A,N/A,N/A
459,KODEX 미국나스닥100(H),"17,050",상승,85,+0.50%,0,"70,518","1,201","17,050","4,373",N/A,N/A,"268,725","17,035","17,060",N/A,N/A,N/A,"17,065","144,226",N/A,N/A,0.40,N/A,"17,030","137,360","25,650",N/A,N/A,N/A,N/A,N/A
460,콜마홀딩스,"12,700",하락,50,-0.39%,500,"53,539",676,"12,650","4,356",381,22.20,"290,482","12,760","12,670","12,914",125.94,4.09,"12,760","5,693","4,763",334,19.52,2.59,"12,500","1,173","34,296","6,767",572,0.73,200,6.18
461,코람코라이프인프라리츠,"4,430",하락,20,-0.45%,500,"3,645",16,"4,410","4,312",356,11.45,"164,759","4,410","4,445","12,792",96.73,4.96,"4,445","4,603","7,776",238,1.36,1.87,"4,410","2,449","97,335",485,387,0.89,418,54.05
462,TIGER 27-04회사채(A+이상)액티브,"53,315",하락,5,-0.01%,0,"3,179",169,"53,310","4,301",N/A,N/A,"13,413","53,325","53,320",N/A,N/A,N/A,"53,330","112,076",N/A,N/A,0.00,N/A,"53,310","107,354","8,068",N/A,N/A,N/A,N/A,N/A
463,비에이치,"12,480",상승,70,+0.56%,500,"26,577",332,"12,520","4,301",871,15.78,"199,788","12,460","12,530","13,199",2.67,9.90,"12,570","3,887","5,790",776,11.19,6.44,"12,460","1,195","34,464","17,544",791,0.57,250,10.20
464,드림텍,"6,220",상승,50,+0.81%,100,"8,639",53,"6,210","4,285",236,-365.88,"78,824","6,220","6,230","9,081",-30.82,0.95,"6,230","10,437","3,930",127,57.31,1.50,"6,190","9,496","68,890","11,727",-17,1.07,200,13.81
465,조광피혁,"64,300",상승,100,+0.16%,"5,000","1,080",68,"63,900","4,275",72,36.74,"16,336","63,900","64,200","6,188",13.90,2.58,"65,000",450,754,126,0.59,2.24,"63,400",529,"6,649",902,"1,750",0.40,N/A,-28.70
466,TIGER 미국S&P500(H),"14,355",상승,55,+0.38%,0,"7,683",110,"14,360","4,271",N/A,N/A,"221,072","14,360","14,365",N/A,N/A,N/A,"14,370","71,224",N/A,N/A,0.11,N/A,"14,350","54,168","29,750",N/A,N/A,N/A,N/A,N/A
467,RISE 미국30년국채엔화노출(합성 H),"8,195",하락,10,-0.12%,0,"172,499","1,412","8,175","4,249",N/A,N/A,"691,150","8,195","8,185",N/A,N/A,N/A,"8,195","213,545",N/A,N/A,0.05,N/A,"8,170","210,091","51,850",N/A,N/A,N/A,N/A,N/A
468,더본코리아,"28,700",보합,0,0.00%,500,"5,547",160,"28,850","4,230",360,11.08,"101,771","29,100","28,900","3,527",40.75,15.52,"29,100","2,693",851,310,1.43,11.05,"28,700",918,"14,737","4,642","2,591",1.56,300,13.03
469,삼성FN리츠,"4,645",보합,0,0.00%,500,"4,885",22,"4,610","4,229",78,160.17,"108,779","4,630","4,625","8,768",24.55,0.66,"4,650","9,441","4,607",26,0.19,0.32,"4,615","5,728","91,050",115,29,1.02,73,23.01
470,TIGER 2차전지소재Fn,"3,400",상승,70,+2.10%,0,"1,089,191","3,732","3,425","4,216",N/A,N/A,"2,001,069","3,365","3,435",N/A,N/A,N/A,"3,470","157,171",N/A,N/A,0.59,N/A,"3,365","203,663","124,000",N/A,N/A,N/A,N/A,N/A
471,KIWOOM 종합채권(AA-이상)액티브,"108,895",보합,0,0.00%,0,0,0,"108,885","4,171",N/A,N/A,371,"108,895","108,960",N/A,N/A,N/A,"108,895","12,011",N/A,N/A,0.00,N/A,"108,895","12,000","3,830",N/A,N/A,N/A,N/A,N/A
472,BGF,"4,345",상승,35,+0.81%,"1,000","69,303",299,"4,315","4,159",552,4.78,"417,902","4,320","4,325","23,010",-8.82,5.43,"4,370","17,456","3,199",948,2.19,4.24,"4,305","2,021","95,717","4,341",909,0.24,130,21.80
473,영진약품,"2,270",상승,30,+1.34%,500,"102,003",230,"2,235","4,152",87,-227.00,"274,533","2,240","2,240","2,343",179.79,1.37,"2,270","40,671","1,445",12,3.17,0.54,"2,230","10,701","182,893","2,520",-10,4.57,N/A,7.30
474,맵스리얼티1,"4,450",상승,15,+0.34%,0,"6,106",27,"4,390","4,131",N/A,N/A,"128,923","4,435","4,435",N/A,N/A,N/A,"4,455","17,091",N/A,N/A,2.58,N/A,"4,420",688,"92,834",N/A,N/A,N/A,N/A,N/A
475,애경산업,"15,630",하락,30,-0.19%,"1,000","5,854",91,"15,520","4,128",468,12.12,"53,459","15,660","15,540","4,994",-24.40,10.81,"15,660","1,898",987,425,2.96,8.66,"15,520",568,"26,410","6,791","1,290",1.01,580,1.53
476,신한 레버리지 WTI원유 선물 ETN(H),818,하락,19,-2.27%,0,"117,414",95,818,"4,090",N/A,N/A,"1,165,126",820,819,N/A,N/A,N/A,820,"6,648,828",N/A,N/A,0.00,N/A,816,"6,465,920","500,000",N/A,N/A,N/A,N/A,N/A
477,대한제강,"17,420",상승,130,+0.75%,"1,000","2,346",40,"17,350","4,079",103,11.22,"34,978","17,550","17,410","11,498",-90.62,4.91,"17,550",584,"2,538",400,4.74,3.53,"17,340",628,"23,414","12,245","1,552",0.38,500,-15.42
478,KODEX 미국배당커버드콜액티브,"11,265",상승,20,+0.18%,0,"129,625","1,460","11,265","4,078",N/A,N/A,"608,325","11,255","11,270",N/A,N/A,N/A,"11,280","65,928",N/A,N/A,0.01,N/A,"11,255","53,432","36,200",N/A,N/A,N/A,N/A,N/A
479,한전산업,"12,420",상승,250,+2.05%,500,"148,920","1,830","12,180","4,049",161,35.28,"639,903","12,190","12,210","2,200",-38.00,10.59,"12,500","7,442","1,044",116,1.75,5.49,"12,100","3,100","32,600","3,675",352,3.69,367,1.17
480,KIWOOM 200,"38,970",상승,400,+1.04%,0,"76,854","2,985","38,765","4,033",N/A,N/A,"414,229","38,765","38,790",N/A,N/A,N/A,"39,000","101,157",N/A,N/A,0.00,N/A,"38,720","26,019","10,350",N/A,N/A,N/A,N/A,N/A
481,해성디에스,"23,700",상승,"2,400",+11.27%,"5,000","170,612","3,918","22,050","4,029",569,10.13,"200,135","22,150","22,150","7,942",-44.52,10.96,"23,850","2,352","2,379",587,8.71,7.92,"21,650","3,472","17,000","6,030","2,340",0.74,800,-10.30
482,KB스타리츠,"3,970",하락,35,-0.87%,500,"5,553",22,"3,970","4,026",266,21.23,"237,765","4,060","3,995","10,667",-50.14,4.54,"4,060","6,264","6,842",190,0.31,1.81,"3,960","11,625","101,414",382,187,1.05,180,-41.46
483,사조대림,"43,450",하락,350,-0.80%,"5,000","3,669",159,"43,200","3,982","1,330",5.65,"125,917","43,700","43,500","21,236",3.41,14.27,"43,750","1,060","12,850",958,3.00,5.66,"43,100",508,"9,164","26,430","7,690",0.53,300,28.11
484,KODEX 국고채10년액티브,"113,655",상승,40,+0.04%,0,316,35,"113,600","3,971",N/A,N/A,"19,960","113,575","113,620",N/A,N/A,N/A,"113,655","20,000",N/A,N/A,0.00,N/A,"113,525","22,001","3,494",N/A,N/A,N/A,N/A,N/A
485,KODEX 미국AI테크TOP10타겟커버드콜,"10,290",상승,60,+0.59%,0,"47,704",491,"10,295","3,962",N/A,N/A,"424,013","10,285","10,300",N/A,N/A,N/A,"10,320","47,648",N/A,N/A,0.02,N/A,"10,285","61,589","38,500",N/A,N/A,N/A,N/A,N/A
486,대상홀딩스,"10,900",하락,140,-1.27%,"1,000","51,854",569,"11,140","3,947","1,840",31.23,"299,879","11,130","11,150","44,186",60.56,2.70,"11,190","8,279","27,476",799,8.02,1.86,"10,710","1,975","36,213","53,579",349,0.54,270,1.87
487,농심홀딩스,"85,100",상승,200,+0.24%,"5,000","4,863",413,"84,400","3,947",866,5.99,"28,885","85,600","84,500","16,115",15.04,6.39,"85,900",426,"3,940",749,2.74,4.80,"83,900",80,"4,638","7,983","14,201",0.32,"2,500",3.74
488,신세계인터내셔날,"11,120",상승,170,+1.55%,"1,000","48,286",533,"11,010","3,930",268,16.16,"186,438","10,960","11,040","13,331",-44.93,3.85,"11,140","2,783","4,866",327,5.68,2.46,"15,030","1,384","26,002","5,524","2,100",0.82,250,-10.77
489,넥스틸,"15,070",하락,170,-1.12%,500,"89,380","1,354","15,190","3,918",632,7.18,"790,939","15,330","15,200","6,918",-59.83,7.64,"15,430","10,770","2,269",347,2.00,5.20,"10,890","3,196","35,343","13,086",688,0.46,400,-3.37
490,TIGER 은행고배당플러스TOP10,"17,220",하락,140,-0.81%,0,"322,051","5,518","17,185","3,900",N/A,N/A,"2,033,076","17,350","17,195",N/A,N/A,N/A,"17,360","79,121",N/A,N/A,0.55,N/A,"17,025","96,156","22,650",N/A,N/A,N/A,N/A,N/A
491,흥아해운,"1,615",하락,1,-0.06%,500,"105,998",171,"1,613","3,883",275,10.16,"1,110,365","1,619","1,617","4,436",12.12,20.08,"1,625","33,260","2,095",400,1.82,10.39,"1,607","33,583","240,425","1,880",159,1.68,N/A,14.07
492,제주은행,"10,230",상승,20,+0.20%,"5,000","47,378",485,"10,220","3,867",114,36.67,"339,295","10,340","10,270","74,448",335.46,1.85,"10,390","2,256","68,547",104,2.33,0.14,"10,110","1,592","37,799","3,797",279,0.56,100,2.30
493,HANARO 200,"39,140",상승,415,+1.07%,0,"50,291","1,967","38,915","3,855",N/A,N/A,"30,820","38,845","38,985",N/A,N/A,N/A,"39,175","20,245",N/A,N/A,20.56,N/A,"38,845","74,666","9,850",N/A,N/A,N/A,N/A,N/A
494,HL홀딩스,"40,950",하락,"1,100",-2.62%,"5,000","4,431",181,"41,150","3,851",904,-19.58,"43,374","42,000","41,200","23,708",-1.88,1.91,"42,000","1,752","13,062",198,10.24,0.85,"40,800","2,505","9,404","13,711","-2,091",0.36,"2,000",6.66
495,지누스,"17,250",하락,30,-0.17%,500,"3,279",56,"17,260","3,839",-54,15.18,"74,428","17,320","17,320","11,922",-129.69,-1.05,"17,320","1,077","5,195",-68,10.59,-0.61,"17,150",413,"22,255","9,204","1,136",0.55,90,-3.35
496,엘브이엠씨홀딩스,"1,970",하락,8,-0.40%,0,"38,271",75,"1,970","3,807",164,103.68,"522,590","1,978","1,983","7,388",205.09,0.28,"1,984","1,535","2,678",42,11.09,0.61,"1,935","7,777","193,240","2,957",19,0.73,0,13.53
497,한섬,"16,880",상승,80,+0.48%,500,"4,503",75,"16,770","3,787",635,10.11,"73,940","16,800","16,790","17,462",-36.83,3.19,"16,880","3,575","3,401",433,22.85,2.50,"16,750",643,"22,438","14,853","1,670",0.26,750,-2.84
498,TIGER 미국나스닥100커버드콜(합성),"9,770",상승,15,+0.15%,0,"17,769",173,"9,790","3,786",N/A,N/A,"277,542","9,815","9,800",N/A,N/A,N/A,"9,815","11,074",N/A,N/A,0.01,N/A,"9,750","86,713","38,750",N/A,N/A,N/A,N/A,N/A
499,RISE 200위클리커버드콜,"8,765",상승,75,+0.86%,0,"206,704","1,808","8,740","3,760",N/A,N/A,"1,062,126","8,750","8,745",N/A,N/A,N/A,"8,770","62,607",N/A,N/A,0.05,N/A,"8,730","146,247","42,900",N/A,N/A,N/A,N/A,N/A
500,남해화학,"7,550",상승,10,+0.13%,"1,000","14,742",110,"7,530","3,751",363,15.16,"224,847","7,650","7,560","7,738",228.08,4.84,"7,650","2,500","2,391",215,3.74,2.68,"7,480","2,451","49,679","15,191",498,0.67,80,-4.34
