N,종목명,현재가,전일비변동,전일비,등락률,액면가,거래량,거래대금,매수호가,시가총액,영업이익,PER,전일거래량,시가,매도호가,자산총계,영업이익증가율,ROE,고가,매수총잔량,부채총계,당기순이익,외국인비율,ROA,저가,매도총잔량,상장주식수,매출액,주당순이익,PBR,보통주배당금,매출액증가율
1,삼성전자,"60,600",하락,700,-1.14%,100,"6,595,292","400,568","60,500","3,587,301","327,260",11.74,"23,933,612","61,300","60,600","5,145,319",398.34,9.03,"61,300","1,428,876","1,123,399","344,514",49.78,7.10,"60,200","552,398","5,919,638","3,008,709","5,162",1.03,"1,446",16.20
2,SK하이닉스,"294,500",상승,"8,500",+2.97%,"5,000","1,787,244","527,154","294,500","2,143,967","234,673",8.25,"5,466,598","294,500","295,000","1,198,552",403.58,31.06,"298,500","120,177","459,395","197,969",55.61,17.98,"292,500","188,400","728,002","661,930","35,682",2.50,"2,204",102.02
3,삼성바이오로직스,"1,007,000",상승,"3,000",+0.30%,"2,500","8,017","8,060","1,005,000","716,722","13,201",56.02,"57,537","1,007,000","1,006,000","173,363",18.53,10.45,"1,010,000","3,286","64,316","10,833",12.88,6.49,"1,003,000","2,227","71,174","45,473","17,977",6.35,0,23.08
4,LG에너지솔루션,"296,500",하락,"1,500",-0.50%,500,"45,011","13,436","299,500","693,810","5,754",-59.61,"185,031","299,000","300,000","603,068",-73.40,-4.93,"300,500","9,233","293,402","3,386",4.13,0.64,"296,500","9,520","234,000","256,196","-4,974",3.28,N/A,-24.08
5,현대차,"212,000",하락,"5,000",-2.30%,"5,000","235,836","50,041","210,500","434,086","142,396",4.62,"1,789,517","214,500","211,000","3,397,984",-5.87,12.43,"215,000","52,395","2,195,225","132,299",36.42,4.25,"210,000","19,330","204,758","1,752,312","45,880",0.50,"12,000",7.73
6,두산에너빌리티,"66,050",상승,250,+0.38%,"5,000","4,701,851","309,452","65,700","423,091","10,176",-415.41,"11,308,003","63,800","65,800","263,148",-30.65,1.52,"66,900","59,021","146,537","3,947",24.35,1.55,"63,800","235,817","640,561","162,331",-159,5.56,N/A,-7.71
7,NAVER,"265,000",하락,"18,500",-6.53%,100,"1,454,684","390,213","266,500","419,858","19,793",23.14,"2,862,461","270,000","267,000","381,679",32.94,7.90,"275,000","74,957","111,670","19,320",46.81,5.23,"263,000","22,865","158,437","107,377","11,452",1.49,"1,130",11.03
8,KB금융,"108,800",하락,700,-0.64%,"5,000","317,187","34,777","109,100","415,031","80,453",7.55,"1,685,148","111,200","109,200","7,578,455",26.00,8.86,"111,300","17,025","6,980,304","50,286",78.18,0.68,"108,700","8,110","381,462","850,764","14,416",0.69,"3,174",9.77
9,삼성전자우,"50,400",보합,0,0.00%,100,"1,181,076","59,812","50,400","411,251",N/A,9.76,"2,075,146","50,900","50,500",N/A,N/A,N/A,"51,200","173,237",N/A,N/A,73.73,N/A,"50,300","190,964","815,975",N/A,"5,162",0.85,N/A,N/A
10,한화에어로스페이스,"868,000",상승,"12,000",+1.40%,"5,000","89,813","78,589","875,000","410,531","17,319",17.55,"313,167","871,000","876,000","433,369",191.41,53.94,"885,000","2,898","319,726","25,399",44.82,8.08,"862,000","3,474","47,296","112,401","49,447",10.04,"3,500",42.47
11,기아,"99,700",하락,"1,400",-1.38%,"5,000","361,354","36,369","100,000","396,480","126,671",4.25,"2,778,238","100,700","100,100","927,559",9.13,19.09,"102,500","38,640","369,156","97,750",39.19,11.28,"99,600","9,266","397,673","1,074,488","23,440",0.70,"6,500",7.66
12,HD현대중공업,"428,000",하락,"9,000",-2.06%,"5,000","88,696","38,396","428,500","379,949","7,052",43.32,"318,755","439,500","429,000","193,909",294.77,11.39,"443,000","6,096","136,865","6,215",10.93,3.40,"426,000","1,355","88,773","144,865","9,880",6.54,"2,090",21.08
13,셀트리온,"160,100",하락,400,-0.25%,"1,000","78,554","12,613","160,400","356,104","4,920",74.09,"380,643","161,500","160,500","210,552",-24.48,2.46,"161,600","11,826","34,752","4,189",21.43,2.04,"160,000","5,214","222,426","35,573","2,161",2.07,735,63.45
14,신한지주,"60,400",하락,200,-0.33%,"5,000","492,213","30,021","60,500","299,489","64,587",6.63,"12,851,355","60,800","60,600","7,397,643",5.87,8.11,"61,900","28,434","6,809,432","45,582",58.96,0.64,"60,200","24,134","495,842","419,028","9,108",0.52,"2,160",6.26
15,카카오,"63,700",하락,"5,700",-8.21%,100,"3,545,110","232,052","65,000","281,405","4,602",184.10,"6,399,440","67,500","65,100","257,730",-0.14,0.56,"67,600","119,424","118,301","-1,619",28.29,-0.64,"63,600","39,188","441,767","78,717",346,2.69,68,4.16
16,삼성물산,"159,100",하락,"6,000",-3.63%,100,"246,255","38,991","158,400","270,433","29,834",12.70,"714,792","163,600","158,600","619,904",3.95,6.83,"163,600","4,008","247,319","27,720",26.98,4.33,"156,000","2,178","169,977","421,032","12,523",0.82,"2,600",0.50
17,현대모비스,"293,000",하락,"4,500",-1.51%,"5,000","56,861","16,780","295,000","268,960","30,735",6.46,"397,717","294,500","295,500","665,969",33.90,9.35,"297,500","7,420","204,787","40,602",42.97,6.49,"293,000","9,206","91,795","572,370","45,380",0.56,"6,000",-3.41
18,HD한국조선해양,"364,500",상승,500,+0.14%,"5,000","89,310","32,545","362,500","257,968","14,341",17.44,"434,574","361,000","363,000","367,191",408.07,11.16,"370,000","3,852","225,633","14,546",33.04,4.22,"360,000","1,643","70,773","255,386","20,895",2.27,"5,100",19.92
19,SK스퀘어,"193,200",상승,"1,000",+0.52%,100,"314,346","60,391","191,100","256,069","39,126",5.21,"1,169,212","190,000","191,200","219,211",267.23,21.70,"195,100","1,759","23,356","36,505",51.93,18.30,"189,200","1,881","132,541","61,385","37,069",1.24,0,169.41
20,삼성생명,"125,300",하락,"3,700",-2.87%,500,"82,521","10,449","127,100","250,600","24,998",11.82,"289,015","127,600","127,300","3,122,188",4.23,6.18,"128,850","3,181","2,794,809","22,603",21.94,0.72,"125,000",674,"200,000","337,860","10,600",0.76,"4,500",9.21
21,한화오션,"80,800",하락,"1,700",-2.06%,"5,000","941,253","76,869","81,000","247,582","2,379",35.74,"3,391,991","83,000","81,100","178,438",221.06,11.52,"83,500","52,889","129,805","5,282",12.63,3.32,"80,300","19,886","306,413","107,760","2,261",4.87,N/A,45.46
22,한국전력,"36,900",하락,950,-2.51%,"5,000","3,573,238","131,807","36,750","236,885","83,647",4.50,"19,546,586","36,600","36,800","2,468,078",284.18,9.22,"37,500","144,701","2,054,450","36,220",19.58,1.49,"36,350","39,792","641,964","933,989","8,191",0.56,213,5.87
23,HMM,"23,100",상승,250,+1.09%,"5,000","1,233,486","28,732","23,300","236,784","35,128",4.55,"1,816,170","23,000","23,350","338,486",500.72,15.35,"23,700","76,512","59,930","37,821",7.00,12.70,"22,850","147,915","1,025,039","117,002","5,073",0.73,600,39.27
24,하나금융지주,"83,000",하락,200,-0.24%,"5,000","165,677","13,794","83,100","236,321","48,552",6.26,"1,020,020","82,800","83,300","6,378,475",3.45,9.11,"84,200","9,775","5,942,706","37,685",67.78,0.61,"82,600","19,949","284,724","816,143","13,252",0.53,"3,600",17.10
25,POSCO홀딩스,"267,500",하락,"2,000",-0.74%,"5,000","79,214","21,342","269,500","216,496","21,736",26.01,"383,736","272,000","270,000","1,034,042",-38.45,2.00,"272,500","13,413","419,538","9,476",29.56,0.93,"267,000","11,700","80,933","726,881","10,286",0.36,"10,000",-5.76
26,현대로템,"197,450",상승,"5,650",+2.95%,"5,000","551,780","109,099","198,600","215,501","4,566",42.33,"1,551,571","195,500","198,700","52,854",117.36,21.85,"202,000","11,507","32,763","4,053",32.07,7.70,"195,100","1,783","109,142","43,766","4,664",9.86,200,22.00
27,메리츠금융지주,"113,300",하락,"1,000",-0.87%,500,"53,252","6,065","114,100","203,956","31,889",9.27,"330,528","113,300","114,300","1,155,782",8.71,23.44,"114,700","1,845","1,046,482","23,334",16.04,2.14,"112,900","6,130","180,014","465,745","12,216",2.06,"1,350",-20.47
28,삼성화재,"431,500",하락,"9,000",-2.04%,500,"18,584","8,074","433,500","198,538","26,496",11.02,"88,585","440,000","435,500","872,695",12.40,13.11,"442,500","1,566","716,673","20,768",55.94,2.41,"430,500","1,015","46,011","226,570","39,171",1.19,"19,000",8.80
29,HD현대일렉트릭,"488,000",하락,"9,000",-1.81%,"5,000","54,890","26,999","489,000","175,910","6,690",31.32,"243,200","493,000","490,000","37,955",112.23,39.34,"498,000","3,367","22,880","4,984",34.73,14.87,"485,500",896,"36,047","33,223","15,581",11.68,"5,350",22.92
30,크래프톤,"355,500",하락,"1,500",-0.42%,100,"21,610","7,731","358,000","168,474","11,825",12.84,"171,881","355,000","358,500","79,195",53.96,21.10,"360,000","2,544","10,903","13,026",43.12,18.14,"355,000","4,305","47,391","27,098","27,686",2.24,0,41.83
31,우리금융지주,"22,450",하락,50,-0.22%,"5,000","619,462","13,944","22,450","166,712","42,552",5.79,"3,278,835","22,500","22,500","5,257,533",21.61,9.39,"22,800","124,646","4,898,581","31,715",46.92,0.62,"22,350","119,656","742,592","466,167","3,877",0.49,"1,200",11.03
32,고려아연,"793,000",상승,"3,000",+0.38%,"5,000","5,722","4,512","793,000","164,177","7,235",66.64,"25,148","794,000","794,000","147,923",9.63,2.28,"798,000",315,"71,969","1,948",11.95,1.45,"782,000",180,"20,703","120,529","11,900",1.95,"17,500",24.20
33,카카오뱅크,"33,050",하락,"3,550",-9.70%,"5,000","658,628","22,242","34,150","157,645","6,069",33.79,"2,833,709","35,200","34,200","628,053",26.83,6.95,"35,200","14,147","562,652","4,401",17.12,0.75,"33,050","162,961","476,989","29,456",978,2.42,360,18.11
34,KT&G,"125,600",상승,300,+0.24%,"5,000","42,864","5,354","125,000","153,310","11,888",14.14,"317,989","124,600","125,100","139,252",1.84,12.66,"125,800","4,004","45,668","11,650",43.76,8.73,"124,200","4,165","122,062","59,088","8,881",1.49,"5,400",0.79
35,SK이노베이션,"99,800",하락,"1,200",-1.19%,"5,000","83,899","8,391","100,000","150,733","3,155",-4.93,"330,462","100,300","100,100","1,105,301",-83.43,-9.65,"100,900","21,789","708,812","-23,725",13.74,-2.48,"99,500","5,530","151,035","747,170","-20,236",0.62,"2,000",-3.33
36,LG화학,"213,250",상승,750,+0.35%,"5,000","105,033","22,584","216,500","150,538","9,168",-17.85,"178,210","213,500","217,000","938,578",-63.75,-2.11,"218,000","6,579","458,623","5,150",30.65,0.60,"211,000","15,512","70,592","489,161","-11,946",0.50,"1,000",-11.46
37,기업은행,"18,650",하락,140,-0.75%,"5,000","579,369","10,866","18,780","148,720","35,941",5.57,"1,683,146","18,840","18,790","4,722,198",4.71,8.06,"18,980","10,569","4,379,887","26,543",14.22,0.58,"18,590","11,731","797,426","324,300","3,351",0.44,"1,065",13.30
38,SK,"200,500",하락,"2,000",-0.99%,200,"144,601","29,511","202,000","145,368","23,553",16.33,"417,497","202,500","202,500","2,149,778",-50.46,-5.64,"209,000","7,458","1,346,902","5,288",23.91,0.25,"200,000","6,757","72,503","1,246,904","12,281",0.41,"7,000",-3.19
39,삼성중공업,"16,240",하락,290,-1.75%,"1,000","2,449,368","40,115","16,300","142,912","5,027",97.83,"7,951,547","16,660","16,310","171,946",115.43,1.77,"16,660","104,963","134,452",539,31.67,0.33,"16,190","15,663","880,000","99,031",166,3.60,N/A,23.64
40,삼성SDI,"175,500",상승,100,+0.06%,"5,000","170,817","30,181","176,700","141,428","3,633",120.12,"421,667","177,000","176,800","405,973",-76.49,3.13,"178,700","5,978","190,301","5,755",28.25,1.54,"174,900","3,878","80,586","165,922","1,461",0.62,973,-22.60
41,삼성에스디에스,"172,500",하락,"7,600",-4.22%,500,"213,931","37,421","173,900","133,477","9,111",17.62,"774,478","175,100","174,400","132,383",12.73,8.42,"178,900","1,235","35,329","7,895",18.63,6.18,"172,400",592,"77,378","138,282","9,791",1.43,"2,900",4.15
42,KT,"52,300",하락,100,-0.19%,"5,000","42,470","2,218","52,200","131,807","8,095",20.83,"476,935","52,400","52,300","418,800",-50.93,2.85,"52,500","17,220","238,834","4,171",49.00,0.99,"52,000","28,771","252,022","264,312","2,511",0.77,"2,000",0.21
43,LG,"82,000",하락,"2,000",-2.38%,"5,000","110,699","9,126","82,100","128,946","9,668",16.23,"444,346","83,700","82,200","316,393",-39.16,2.16,"83,800","9,946","35,066","7,905",34.64,2.55,"81,600","2,673","157,251","71,755","5,053",0.46,"3,100",-3.62
44,하이브,"307,500",하락,"3,000",-0.97%,500,"59,129","18,217","308,000","128,080","1,840",244.82,"243,590","310,500","308,500","54,792",-37.75,0.31,"311,000","5,991","19,654",-34,19.08,-0.06,"305,500","4,271","41,652","22,556","1,256",3.88,200,3.56
45,카카오페이,"93,800",보합,0,0.00%,500,0,0,0,"126,345",-575,"-3,025.81","12,214,811",0,0,"44,147",-1.59,-0.73,0,0,"25,039",-215,71.58,-0.51,0,0,"134,697","7,662",-31,6.74,0,24.52
46,미래에셋증권,"22,000",하락,"1,450",-6.18%,"5,000","2,547,664","55,749","21,950","125,470","11,881",16.13,"7,830,793","22,750","22,000","1,371,770",128.02,7.94,"22,850","94,374","1,249,133","9,255",12.84,0.69,"21,250","47,631","570,316","222,342","1,364",1.06,250,9.22
47,LG전자,"75,150",하락,950,-1.25%,"5,000","106,111","8,020","75,400","122,981","34,197",19.65,"514,310","76,200","75,500","656,296",-6.40,1.81,"76,200","28,794","404,179","5,914",29.46,0.94,"75,100","10,278","163,648","877,282","3,825",0.62,"1,000",6.64
48,SK텔레콤,"56,600",하락,500,-0.88%,100,"191,853","10,882","56,500","121,571","18,234",9.64,"788,270","57,200","56,600","305,153",4.00,10.83,"57,200","49,024","186,876","13,871",39.93,4.58,"56,500","70,242","214,790","179,406","5,874",1.02,"3,540",1.89
49,LIG넥스원,"528,000",상승,"1,000",+0.19%,"5,000","66,948","35,946","530,000","116,160","2,298",47.34,"298,512","540,000","531,000","61,253",23.29,19.59,"549,000","2,974","48,878","2,166",31.54,4.36,"526,000","2,609","22,000","32,763","11,153",9.26,"2,400",41.92
50,한화시스템,"59,200",상승,300,+0.51%,"5,000","927,518","56,068","59,500","111,840","2,193",25.40,"2,416,203","61,500","59,600","57,240",78.95,19.63,"62,400","40,397","33,076","4,454",8.55,8.73,"59,000","24,385","188,919","28,037","2,331",3.30,350,14.32
51,두산,"670,000",상승,"3,000",+0.45%,"5,000","32,560","21,928","668,000","110,710","10,038",-69.14,"165,286","670,000","669,000","301,431",-30.11,-14.57,"688,000","1,265","182,536","3,022",13.37,1.03,"664,000",770,"16,524","181,329","-9,690",7.99,"2,000",-5.21
52,삼성전기,"139,200",상승,100,+0.07%,"5,000","293,730","41,408","139,600","103,974","7,350",17.15,"415,635","143,900","139,600","127,924",11.27,8.16,"144,000","6,579","37,765","7,032",32.77,5.75,"138,400","1,815","74,694","102,941","8,115",1.19,"1,800",15.76
53,현대글로비스,"136,800",상승,300,+0.22%,500,"38,014","5,226","137,000","102,600","17,529",8.64,"249,658","136,600","137,200","168,491",12.80,13.24,"139,200","1,273","80,398","10,995",49.59,6.96,"135,600","1,069","75,000","284,074","15,834",1.15,"3,700",10.61
54,포스코퓨처엠,"129,200",하락,800,-0.62%,500,"61,561","7,996","129,800","100,082",7,-46.24,"249,585","130,600","129,900","79,325",-97.99,-7.98,"131,100","5,016","46,120","-2,313",10.10,-3.24,"128,700","1,063","77,463","36,999","-2,794",3.32,0,-22.27
55,HD현대,"126,000",하락,"3,600",-2.78%,"1,000","86,037","10,951","126,500","99,531","29,832",18.96,"303,935","128,100","126,600","738,667",46.84,6.36,"129,500","4,749","474,816","19,302",22.50,2.72,"102,100","15,311","95,312","5,589","1,422",19.02,720,251.50
56,한미반도체,"104,200",상승,"6,700",+6.87%,100,"2,685,631","285,190","106,200","99,315","2,554",73.28,"2,227,465","104,900","106,300","7,109",638.74,27.43,"109,000","25,910","1,700","1,526",7.50,21.27,"126,000","2,525","78,993","677,656","6,647",0.96,"3,600",10.49
57,삼양식품,"1,299,000",보합,0,0.00%,"5,000","10,223","13,247","1,295,000","97,854","3,446",32.12,"35,706","1,297,000","1,296,000","15,948",133.58,39.37,"1,311,000",563,"7,667","2,713",19.55,19.62,"1,288,000",362,"7,533","17,280","40,436",10.73,"3,300",44.86
58,HD현대마린솔루션,"199,300",하락,"2,700",-1.34%,500,"34,305","6,877","200,000","89,345","2,717",35.67,"164,169","202,500","200,000","11,522",34.87,44.98,"203,000","3,543","3,787","2,279",29.45,25.20,"198,800","1,525","44,829","17,455","5,588",12.49,"3,150",22.02
59,대한항공,"24,000",상승,100,+0.42%,"5,000","989,244","23,686","24,050","88,373","21,102",7.22,"4,765,714","23,950","24,100","470,121",17.88,13.17,"24,150","101,349","360,489","13,819",16.43,3.57,"90,000","1,982","97,475","36,337","1,698",5.23,500,-4.86
60,한국항공우주,"90,600",상승,700,+0.78%,"5,000","208,116","18,999","90,500","88,312","2,407",53.36,"734,570","90,900","90,600","80,255",-2.74,10.42,"92,400","14,355","62,984","1,709",34.07,2.25,"23,700","216,216","368,221","178,707","3,322",0.84,750,10.92
61,DB손해보험,"122,000",하락,200,-0.16%,500,"54,067","6,616","122,100","86,376","24,249",5.07,"262,693","121,300","122,200","665,061",8.50,18.98,"123,600","1,052","571,149","18,532",46.36,2.93,"121,300","1,949","70,800","218,350","24,043",0.91,"6,800",10.49
62,포스코인터내셔널,"49,000",하락,250,-0.51%,"5,000","107,577","5,287","49,050","86,202","11,169",16.02,"657,587","49,650","49,100","173,363",-3.97,8.14,"49,650","21,535","99,869","5,034",6.07,2.97,"48,900","7,597","175,923","323,408","3,058",1.30,"1,550",-2.39
63,현대건설,"77,200",하락,"3,900",-4.81%,"5,000","994,130","77,115","77,200","85,967","-12,634",-42.60,"5,753,180","79,000","77,300","270,054",-260.86,-2.09,"79,800","40,562","173,360","-7,662",23.89,-3.02,"285,500","3,610","30,000","45,518","7,673",4.65,"2,900",7.60
64,LS ELECTRIC,"286,500",하락,"9,000",-3.05%,"5,000","91,718","26,594","288,000","85,950","3,897",37.34,"318,081","298,500","288,500","44,852",19.96,13.44,"298,500","7,359","25,951","2,422",24.29,5.90,"76,400","18,465","111,356","326,703","-1,812",1.07,600,10.18
65,KODEX CD금리액티브(합성),"1,073,247",상승,222,+0.02%,0,"66,332","71,190","1,073,245","85,162",N/A,N/A,"207,937","1,073,245","1,073,250",N/A,N/A,N/A,"1,073,250","463,596",N/A,N/A,0.00,N/A,"1,073,245","476,848","7,935",N/A,N/A,N/A,N/A,N/A
66,TIGER 미국S&P500,"20,595",하락,60,-0.29%,0,"939,745","19,332","20,600","81,927",N/A,N/A,"3,921,704","20,585","20,605",N/A,N/A,N/A,"20,610","289,557",N/A,N/A,0.21,N/A,"20,540","274,864","397,800",N/A,N/A,N/A,N/A,N/A
67,유한양행,"101,700",하락,300,-0.29%,"1,000","85,296","8,733","102,000","81,328",549,123.87,"268,455","102,800","102,200","29,420",-3.77,3.41,"103,400","9,995","7,914",552,17.64,1.92,"101,600","3,871","79,968","20,678",821,3.68,500,11.23
68,한진칼,"121,000",하락,"2,000",-1.63%,"2,500","16,608","2,016","121,000","80,782",492,17.74,"90,734","122,500","121,100","42,072",14.82,16.75,"123,000","1,262","8,940","5,122",20.84,12.82,"120,500",432,"66,762","2,922","6,822",2.50,360,5.96
69,아모레퍼시픽,"136,000",하락,"2,800",-2.02%,500,"101,450","13,865","136,600","79,550","2,205",15.02,"786,457","138,800","136,700","67,835",103.83,11.69,"139,100","8,877","14,575","6,016",23.37,9.50,"135,700","2,462","58,493","38,851","9,057",1.77,"1,125",5.75
70,효성중공업,"848,000",하락,"8,000",-0.93%,"5,000","13,657","11,566","848,000","79,072","3,625",26.09,"85,071","845,000","848,000","62,188",40.59,14.90,"858,000",857,"41,632","2,229",22.71,4.06,"835,000",399,"9,325","48,950","32,509",4.02,"5,000",13.82
71,한국금융지주,"141,500",하락,"4,800",-3.28%,"5,000","121,776","17,295","141,500","78,852","11,997",7.53,"335,626","144,300","141,600","1,092,202",46.24,11.54,"146,300","1,704","994,857","10,459",37.18,1.02,"140,100",563,"55,726","211,741","18,792",0.83,"3,980",1.34
72,HD현대미포,"190,600",상승,"2,100",+1.11%,"5,000","157,167","30,352","191,900","76,130",885,49.87,"519,081","192,200","192,100","51,089",157.89,5.25,"196,500","4,392","30,024","1,132",22.35,2.26,"189,000",383,"39,942","46,300","3,822",3.67,710,14.63
73,LG씨엔에스,"76,700",하락,"8,800",-10.29%,500,"564,785","43,972","77,900","74,312","5,129",16.68,"1,352,050","80,300","78,000","45,045",10.52,18.32,"80,300","13,510","23,817","3,649",4.10,8.54,"76,700","8,655","96,886","59,826","4,597",2.83,"1,672",6.73
74,SK바이오팜,"91,900",하락,500,-0.54%,500,"21,634","1,993","92,100","71,970",963,28.65,"136,378","92,600","92,200","10,368",356.75,58.01,"92,700","10,875","4,628","2,270",11.07,25.79,"91,800","1,705","78,313","5,476","3,208",12.68,N/A,54.30
75,코웨이,"96,100",상승,500,+0.52%,500,"66,840","6,381","95,400","69,105","7,954",12.25,"169,210","94,600","95,500","57,616",8.77,19.38,"96,500","1,737","25,654","5,655",61.47,10.66,"93,400",962,"71,909","43,101","7,843",2.20,"2,630",8.66
76,삼성증권,"76,300",하락,900,-1.17%,"5,000","181,014","13,746","76,100","68,136","12,058",7.62,"707,944","76,500","76,200","622,739",62.69,12.89,"77,000","9,718","549,497","8,990",28.46,1.51,"75,100","3,147","89,300","134,666","10,015",0.94,"3,500",2.26
77,한화,"90,500",하락,"1,700",-1.84%,"5,000","96,408","8,800","90,800","67,838","24,161",8.65,"623,066","93,000","90,900","2,520,370",0.17,7.19,"93,300","6,500","2,124,752","16,904",15.94,0.73,"90,200","1,927","74,959","556,468","10,464",0.81,800,4.73
78,KODEX 200,"41,730",하락,340,-0.81%,0,"3,368,692","141,113","41,800","67,561",N/A,N/A,"14,993,820","42,070","41,805",N/A,N/A,N/A,"42,175","341,916",N/A,N/A,32.40,N/A,"41,725","181,041","161,900",N/A,N/A,N/A,N/A,N/A
79,S-Oil,"58,200",상승,300,+0.52%,"2,500","50,956","2,953","57,800","65,523","4,222",-16.81,"380,584","58,000","57,900","244,514",-68.83,-2.18,"58,500","21,872","157,558","-1,930",73.21,-0.84,"57,700","22,160","112,583","366,370","-3,463",0.78,125,2.55
80,NH투자증권,"20,200",하락,500,-2.42%,"5,000","295,033","5,976","20,250","65,465","9,011",10.46,"1,270,734","20,550","20,300","624,271",24.16,8.73,"20,650","31,575","543,077","6,866",15.94,1.15,"20,050","21,936","324,086","100,343","1,932",0.87,950,-3.25
81,KODEX 머니마켓액티브,"103,160",보합,0,0.00%,0,"72,246","7,453","103,160","63,887",N/A,N/A,"441,514","103,160","103,165",N/A,N/A,N/A,"103,165","1,419,959",N/A,N/A,0.00,N/A,"103,160","964,662","61,930",N/A,N/A,N/A,N/A,N/A
82,LG유플러스,"13,840",상승,50,+0.36%,"5,000","314,725","4,352","13,890","60,427","8,631",14.77,"1,476,782","13,720","13,900","197,077",-13.52,4.40,"13,900","9,917","109,394","3,146",37.50,1.58,"13,670","19,333","436,611","146,252",937,0.70,650,1.76
83,두산밥캣,"60,300",하락,600,-0.99%,500,"195,584","11,738","59,900","57,801","8,714",13.09,"1,570,827","60,000","60,100","120,096",-37.31,8.77,"60,800","20,895","51,151","5,634",34.22,5.03,"59,500","4,794","95,856","85,512","4,606",0.84,"1,600",-12.38
84,LS,"179,400",하락,"2,100",-1.16%,"5,000","31,901","5,755","180,100","57,767","10,729",20.34,"184,050","181,400","179,800","205,279",19.26,5.09,"183,000","2,019","136,468","3,915",14.83,2.02,"179,200",656,"32,200","275,447","8,821",1.01,"1,650",12.52
85,키움증권,"230,000",하락,"6,500",-2.75%,"5,000","73,909","16,956","230,500","57,090","10,982",7.89,"202,772","234,000","231,000","556,884",94.50,15.98,"234,500","1,600","500,565","8,349",24.10,1.55,"225,000","2,269","24,822","112,803","29,164",1.09,"7,500",18.18
86,현대차2우B,"163,100",하락,"1,900",-1.15%,"5,000","44,759","7,305","163,100","57,026",N/A,3.55,"230,620","164,800","163,200",N/A,N/A,N/A,"164,800","4,929",N/A,N/A,60.17,N/A,"162,400",711,"34,964",N/A,"45,880",0.39,N/A,N/A
87,맥쿼리인프라,"11,860",하락,20,-0.17%,0,"579,588","6,877","11,860","56,800",N/A,N/A,"2,187,746","11,880","11,870",N/A,N/A,N/A,"11,890","155,936",N/A,N/A,9.11,N/A,"11,850","416,670","478,922",N/A,N/A,N/A,N/A,N/A
88,에이피알,"148,800",하락,"2,800",-1.85%,100,"123,711","18,322","149,400","56,610","1,227",42.33,"600,305","149,500","149,600","5,651",17.77,41.34,"150,800","1,790","2,416","1,076",24.20,25.24,"48,800","2,533","115,859","43,832","5,793",0.62,"2,800",9.47
89,삼성카드,"48,850",하락,500,-1.01%,"5,000","19,769",970,"49,050","56,597","8,854",8.43,"82,725","49,100","49,100","294,941",9.31,8.00,"49,600","2,271","210,079","6,646",6.37,2.28,"145,300","2,653","38,044","7,228","3,515",15.87,0,37.98
90,한화솔루션,"32,000",하락,600,-1.84%,"5,000","619,822","19,969","32,000","55,006","-3,002",-5.64,"4,148,235","33,000","32,050","300,368",-151.83,-15.99,"33,050","65,707","194,300","-13,690",13.09,-4.99,"31,650","29,055","171,893","123,940","-5,673",0.59,300,-5.23
91,LG생활건강,"336,500",하락,"5,000",-1.46%,"5,000","10,779","3,650","338,000","52,555","4,590",32.98,"59,859","341,000","339,000","74,058",-5.74,3.44,"341,000","3,192","17,199","2,039",28.41,2.79,"336,500",696,"15,618","68,119","10,204",1.00,"3,500",0.10
92,넷마블,"59,200",하락,"1,300",-2.15%,100,"34,161","2,032","59,200","50,884","2,156",50.04,"184,415","60,200","59,300","81,771",414.93,0.49,"60,400","5,702","27,032",32,24.98,0.04,"59,100","4,935","85,954","26,638","1,183",0.90,417,6.46
93,TIGER 미국나스닥100,"134,275",하락,105,-0.08%,0,"62,214","8,345","134,330","50,367",N/A,N/A,"353,823","134,130","134,340",N/A,N/A,N/A,"134,380","8,136",N/A,N/A,0.07,N/A,"133,955","17,951","37,510",N/A,N/A,N/A,N/A,N/A
94,한국타이어앤테크놀로지,"40,600",상승,350,+0.87%,500,"145,957","5,933","40,600","50,293","17,623",4.66,"517,379","40,500","40,700","158,497",32.71,10.79,"40,950","6,314","46,549","11,311",35.75,7.91,"40,350","16,970","123,875","94,119","8,704",0.44,"2,000",5.28
95,현대오토에버,"179,900",상승,"1,800",+1.01%,500,"38,893","6,974","178,800","49,336","2,244",29.90,"214,812","181,900","178,700","33,495",23.71,10.40,"184,000","1,022","16,190","1,752",2.60,5.66,"176,000","1,311","27,424","37,136","6,016",2.93,"1,780",21.16
96,TIGER CD금리투자KIS(합성),"56,225",상승,5,+0.01%,0,"32,105","1,805","56,225","47,677",N/A,N/A,"200,001","56,225","56,230",N/A,N/A,N/A,"56,230","1,231,627",N/A,N/A,0.03,N/A,"56,225","1,235,322","84,796",N/A,N/A,N/A,N/A,N/A
97,LG디스플레이,"9,310",하락,30,-0.32%,"5,000","208,596","1,949","9,340","46,550","-5,606",-2.28,"1,186,944","9,350","9,350","328,596",77.67,-37.21,"9,420","27,903","247,868","-24,093",20.94,-7.02,"9,280","50,373","500,000","266,153","-4,084",0.74,N/A,24.77
98,CJ,"153,700",하락,"6,900",-4.30%,"5,000","44,970","6,996","155,100","44,845","25,475",55.19,"173,935","160,000","155,200","474,970",24.93,1.83,"160,000","1,973","297,506","1,512",11.09,0.32,"153,600",508,"29,177","436,467","2,785",0.95,"3,000",5.55
99,KODEX 미국S&P500,"18,955",하락,50,-0.26%,0,"1,023,475","19,376","18,955","44,648",N/A,N/A,"4,343,514","18,940","18,960",N/A,N/A,N/A,"18,970","340,002",N/A,N/A,0.29,N/A,"18,905","343,604","235,550",N/A,N/A,N/A,N/A,N/A
100,삼성E&A,"22,600",하락,400,-1.74%,"5,000","240,342","5,453","22,550","44,296","9,716",5.94,"869,069","22,900","22,600","100,133",-2.17,19.65,"23,000","33,123","61,176","6,387",45.28,7.17,"22,500","17,871","196,000","99,666","3,804",1.03,660,-6.20
101,SKC,"114,900",상승,"4,700",+4.26%,"5,000","227,202","25,513","111,800","43,511","-2,768",-8.33,"526,977","110,500","111,900","67,487",-29.53,-34.34,"115,000","4,009","44,559","-4,551",13.40,-6.60,"109,200","9,621","37,868","17,216","-13,786",3.47,N/A,15.27
102,오리온,"108,000",하락,600,-0.55%,500,"22,737","2,450","108,000","42,699","5,436",7.98,"156,656","108,400","108,100","43,084",10.40,16.57,"108,500","2,408","7,344","5,332",29.94,13.62,"107,100",831,"39,536","31,043","13,534",1.21,"2,500",6.59
103,한전기술,"111,300",하락,"3,600",-3.13%,200,"207,209","23,411","111,600","42,539",548,36.74,"991,029","112,100","111,800","9,468",91.88,10.40,"115,500","5,051","3,694",585,10.84,6.50,"110,850","2,012","38,220","5,534","3,029",7.05,999,1.52
104,GS,"45,750",하락,"1,000",-2.14%,"5,000","86,222","3,968","45,900","42,509","30,602",10.51,"332,903","46,750","45,950","350,634",-17.78,4.12,"46,950","10,489","165,930","8,635",16.89,2.48,"45,650","6,971","92,915","252,975","4,351",0.31,"2,700",-2.62
105,현대제철,"30,600",하락,350,-1.13%,"5,000","166,212","5,088","30,750","40,834","1,595",-41.52,"1,169,819","30,750","30,800","347,438",-80.02,-0.06,"30,950","7,769","154,102",88,18.12,0.03,"30,300","14,632","133,446","232,261",-737,0.21,750,-10.38
106,두산로보틱스,"62,600",하락,"5,000",-7.40%,500,"324,338","20,739","63,100","40,577",-412,-94.14,"1,617,684","65,700","63,200","4,217",-114.96,-8.69,"66,400","20,916",192,-366,2.74,-8.33,"62,400","5,473","64,820",468,-665,10.32,N/A,-11.71
107,엔씨소프트,"187,800",하락,"5,000",-2.59%,500,"32,294","6,100","188,400","40,460","-1,092",55.11,"90,442","191,800","188,500","39,539",-179.56,2.99,"191,800","1,009","8,904",941,33.07,2.26,"187,500",384,"21,544","15,781","3,408",1.21,"1,460",-11.33
108,JB금융지주,"20,650",하락,450,-2.13%,"5,000","192,666","3,999","20,700","40,042","9,061",6.03,"652,418","20,900","20,750","667,219",13.26,12.80,"21,100","11,043","609,971","6,930",34.57,1.07,"20,550","8,587","193,908","46,238","3,422",0.70,995,10.25
109,강원랜드,"18,660",하락,250,-1.32%,500,"276,867","5,191","18,750","39,921","2,858",9.10,"1,172,515","19,020","18,760","47,006",1.25,12.09,"19,060","9,913","8,170","4,569",13.93,9.99,"18,570","3,336","213,940","14,269","2,050",1.01,"1,170",2.76
110,KODEX KOFR금리액티브(합성),"110,602",상승,7,+0.01%,0,"61,558","6,808","110,600","39,820",N/A,N/A,"331,642","110,600","110,605",N/A,N/A,N/A,"110,605","527,499",N/A,N/A,0.00,N/A,"110,600","722,933","36,003",N/A,N/A,N/A,N/A,N/A
111,BNK금융지주,"12,450",하락,260,-2.05%,"5,000","283,645","3,566","12,510","39,639","8,759",6.19,"1,855,768","12,600","12,520","1,524,705",9.33,6.96,"12,800","11,648","1,413,229","7,500",40.23,0.50,"12,400","2,436","318,384","100,314","2,012",0.38,650,3.80
112,CJ제일제당,"258,000",상승,"3,000",+1.18%,"5,000","40,957","10,558","261,000","38,840","15,530",57.19,"107,658","259,000","261,500","301,500",20.24,1.97,"261,500","1,616","179,072","3,618",20.86,1.21,"255,000","3,222","15,054","293,591","4,511",0.53,"6,000",1.16
113,SK바이오사이언스,"49,100",하락,700,-1.41%,500,"41,677","2,067","49,500","38,479","-1,384",-79.97,"159,580","50,000","49,550","28,436","-1,054.77",-3.07,"50,200","5,730","8,211",-501,6.62,-2.13,"49,050","1,374","78,369","2,675",-614,2.13,0,-27.59
114,이수페타시스,"52,400",상승,"3,550",+7.27%,"1,000","2,284,769","119,807","53,400","38,466","1,019",36.67,"1,697,236","50,600","53,600","7,901",63.87,24.92,"53,900","25,025","4,626",740,14.92,10.45,"50,100","91,134","73,409","8,369","1,429",9.75,143,23.92
115,현대차우,"160,900",하락,"2,600",-1.59%,"5,000","27,751","4,477","161,000","37,556",N/A,3.51,"190,076","162,800","161,300",N/A,N/A,N/A,"162,900","1,532",N/A,N/A,61.09,N/A,"160,200",596,"23,341",N/A,"45,880",0.38,N/A,N/A
116,한미약품,"291,000",하락,"4,000",-1.36%,"2,500","14,028","4,095","292,000","37,280","2,162",34.23,"61,911","293,500","292,500","20,208",-2.04,11.89,"294,500","3,084","7,801","1,404",10.39,7.17,"290,500","2,790","12,811","14,955","8,502",3.31,"1,250",0.31
117,포스코DX,"24,500",보합,0,0.00%,500,"204,237","5,029","24,600","37,248","1,090",44.38,"479,585","24,700","24,650","8,925",-1.42,17.92,"25,000","24,224","3,666",886,3.09,9.94,"24,350","19,707","152,035","14,733",552,6.96,125,-0.85
118,한국가스공사,"40,150",하락,"1,750",-4.18%,"5,000","284,456","11,486","40,150","37,064","30,034",3.35,"4,194,947","41,100","40,200","576,696",93.34,11.21,"41,100","28,430","468,433","11,490",10.29,2.00,"40,000","3,869","92,313","383,887","12,001",0.32,"1,455",-13.84
119,LG이노텍,"152,600",하락,"1,100",-0.72%,"5,000","49,399","7,611","152,800","36,116","7,060",9.11,"154,094","154,800","153,000","113,782",-15.02,8.92,"156,000","2,512","60,243","4,493",23.19,3.98,"152,500",232,"23,667","212,008","16,750",0.67,"2,090",2.89
120,풍산,"127,200",하락,"3,200",-2.45%,"5,000","248,272","31,936","127,800","35,647","3,238",14.81,"950,364","127,200","127,900","40,966",41.61,11.33,"134,100","8,555","18,973","2,360",22.66,6.09,"125,600","2,203","28,024","45,544","8,589",1.60,"2,600",10.40
121,KODEX 종합채권(AA-이상)액티브,"118,715",상승,175,+0.15%,0,"12,907","1,531","118,685","34,317",N/A,N/A,"44,899","118,540","118,720",N/A,N/A,N/A,"118,730","41,049",N/A,N/A,0.00,N/A,"118,540","43,013","28,907",N/A,N/A,N/A,N/A,N/A
122,에코프로머티,"47,900",보합,0,0.00%,500,"428,011","20,756","48,050","33,498",-647,-79.83,"676,805","49,650","48,100","12,902",-837.74,-5.56,"49,800","11,665","5,526",-427,22.46,-3.57,"47,850","2,613","69,932","2,998",-600,4.58,0,-68.52
123,현대엘리베이터,"84,300",하락,"1,000",-1.17%,"5,000","43,484","3,677","84,600","32,955","2,257",15.77,"337,209","85,300","84,700","35,738",173.22,14.42,"85,400","4,177","22,315","1,939",26.04,5.46,"84,000",888,"39,092","28,853","5,347",2.67,"5,500",10.88
124,TIGER 미국테크TOP10 INDXX,"23,745",상승,140,+0.59%,0,"388,251","9,204","23,745","31,759",N/A,N/A,"4,468,972","23,675","23,750",N/A,N/A,N/A,"23,750","96,502",N/A,N/A,0.35,N/A,"23,662","123,110","133,750",N/A,N/A,N/A,N/A,N/A
125,대한전선,"16,700",하락,520,-3.02%,"1,000","879,268","14,822","16,780","31,137","1,152",39.86,"3,021,250","17,090","16,800","26,427",44.28,5.85,"17,160","46,213","11,466",742,6.77,3.28,"16,680","7,817","186,447","32,913",419,2.06,N/A,15.73
126,코스맥스,"273,500",하락,"8,500",-3.01%,500,"20,375","5,633","276,000","31,041","1,754",41.56,"96,164","282,000","276,500","19,337",51.61,20.53,"283,000","2,061","14,249",884,35.46,5.07,"273,500","1,151","11,350","21,661","6,581",7.09,"2,300",21.86
127,한미사이언스,"44,650",하락,"1,250",-2.72%,500,"63,950","2,899","45,100","30,537",989,57.91,"181,146","46,000","45,150","13,491",-20.57,7.30,"46,300","1,673","5,104",567,1.59,4.40,"44,600",639,"68,392","12,834",771,3.56,300,2.85
128,서울보증보험,"43,300",하락,500,-1.14%,"2,500","43,197","1,881","43,450","30,233","2,797",14.19,"221,974","44,450","43,550","93,336",-46.64,4.12,"44,600","4,161","41,581","2,133",1.11,2.31,"43,100","4,596","69,822","27,513","3,052",0.60,"2,865",5.41
129,금호석유화학,"113,100",하락,"1,400",-1.22%,"5,000","22,776","2,579","113,200","29,926","2,728",9.29,"105,726","115,000","113,400","83,402",-24.00,5.88,"115,000","5,147","22,980","3,486",17.73,4.27,"112,700",531,"26,460","71,550","12,168",0.48,"2,200",13.17
130,F&F,"78,100",상승,300,+0.39%,100,"17,712","1,395","78,700","29,918","4,507",8.61,"82,788","78,300","78,800","22,859",-18.32,25.27,"79,600","1,062","7,086","3,560",11.30,16.59,"77,800","3,716","38,307","18,960","9,076",1.86,"1,700",-4.17
131,시프트업,"49,750",하락,450,-0.90%,200,"51,327","2,563","49,950","29,244","1,527",18.31,"132,507","50,600","50,100","8,038",37.47,31.30,"50,600","6,659",394,"1,480",37.78,29.37,"49,450","5,558","58,782","2,241","2,717",3.68,0,32.91
132,TIGER KOFR금리액티브(합성),"109,095",상승,10,+0.01%,0,"10,436","1,138","109,095","29,003",N/A,N/A,"70,231","109,095","109,100",N/A,N/A,N/A,"109,100","28,210",N/A,N/A,0.00,N/A,"109,095","49,297","26,585",N/A,N/A,N/A,N/A,N/A
133,롯데지주,"27,400",하락,750,-2.66%,200,"67,580","1,873","27,600","28,745","3,405",-2.67,"179,215","28,200","27,650","226,603",-31.04,-15.56,"28,200","10,329","134,605","-9,461",7.75,-4.13,"27,350","3,214","104,909","157,570","-10,260",0.32,"1,200",3.94
134,한화생명,"3,275",하락,100,-2.96%,"5,000","816,805","2,698","3,290","28,444","10,970",4.21,"1,573,224","3,385","3,295","1,601,464",3.78,6.98,"3,385","130,148","1,458,684","8,660",10.32,0.56,"3,250","44,719","868,530","245,852",778,0.21,N/A,7.91
135,동서,"28,200",하락,850,-2.93%,500,"221,730","6,487","28,250","28,115",445,18.93,"489,822","30,950","28,300","17,791",1.66,9.52,"31,000","8,612",697,"1,590",4.41,9.16,"28,000","1,922","99,700","4,889","1,490",1.69,890,-0.17
136,한전KPS,"61,800",하락,"1,500",-2.37%,200,"223,277","13,879","61,400","27,810","2,095",19.85,"912,724","62,100","61,500","16,902",5.08,13.26,"63,700","11,094","3,617","1,724",12.54,10.49,"61,100","3,030","45,000","15,571","3,113",2.28,"2,469",1.52
137,TIGER 200,"41,705",하락,350,-0.83%,0,"1,199,445","50,226","41,765","27,776",N/A,N/A,"5,882,048","42,085","41,770",N/A,N/A,N/A,"42,170","264,297",N/A,N/A,11.12,N/A,"41,705","164,716","66,600",N/A,N/A,N/A,N/A,N/A
138,영원무역,"62,400",상승,600,+0.97%,500,"14,343",899,"62,200","27,650","3,156",6.42,"58,723","62,000","62,300","53,897",-50.47,12.32,"64,600","1,074","14,941","2,945",29.56,5.51,"61,900",560,"44,311","35,178","9,724",0.72,"1,400",-2.40
139,KODEX 200TR,"14,870",하락,100,-0.67%,0,"140,357","2,095","14,890","27,391",N/A,N/A,"808,667","14,995","14,900",N/A,N/A,N/A,"15,030","159,978",N/A,N/A,0.01,N/A,"14,870","73,702","184,200",N/A,N/A,N/A,N/A,N/A
140,KCC,"307,500",하락,"3,500",-1.13%,"5,000","6,497","2,020","309,500","27,326","4,711",-23.24,"32,286","311,000","310,000","131,086",50.74,6.08,"314,500",485,"80,692","2,933",9.76,2.22,"307,000",474,"8,886","66,588","-13,230",0.36,"10,000",5.89
141,롯데케미칼,"62,200",하락,700,-1.11%,"5,000","41,207","2,568","62,300","26,606","-8,941",-1.47,"192,687","63,400","62,400","345,523",-157.14,-11.44,"63,400","5,594","145,644","-18,256",21.03,-5.37,"61,500","1,068","42,775","204,304","-42,451",0.18,"2,000",2.43
142,KODEX 미국나스닥100,"20,195",하락,20,-0.10%,0,"197,063","3,974","20,195","26,334",N/A,N/A,"819,388","20,175","20,200",N/A,N/A,N/A,"20,210","245,146",N/A,N/A,0.15,N/A,"20,140","189,125","130,400",N/A,N/A,N/A,N/A,N/A
143,한화비전,"51,900",상승,"2,400",+4.85%,500,"617,386","31,709","51,000","26,203",-1,81.73,"639,250","49,950","51,100","15,911",N/A,N/A,"52,600","17,573","7,664",32,19.20,N/A,"49,900","68,509","50,488","4,933",635,3.16,N/A,N/A
144,RISE 머니마켓액티브,"54,360",상승,10,+0.02%,0,"143,188","7,783","54,355","25,987",N/A,N/A,"343,654","54,355","54,360",N/A,N/A,N/A,"54,360","185,703",N/A,N/A,1.08,N/A,"54,355","180,622","47,806",N/A,N/A,N/A,N/A,N/A
145,TIGER 미국필라델피아반도체나스닥,"19,620",상승,165,+0.85%,0,"441,555","8,640","19,610","25,879",N/A,N/A,"2,250,725","19,585","19,615",N/A,N/A,N/A,"19,630","69,103",N/A,N/A,1.46,N/A,"19,490","72,644","131,900",N/A,N/A,N/A,N/A,N/A
146,에스원,"67,000",하락,"1,200",-1.76%,500,"37,366","2,507","67,100","25,459","2,092",14.29,"47,122","67,600","67,200","23,227",-1.58,10.85,"67,700","3,042","6,620","1,767",56.06,7.85,"66,800","1,184","37,999","28,047","4,687",1.41,"2,700",7.02
147,산일전기,"82,800",하락,"3,800",-4.39%,500,"212,878","17,664","81,900","25,209","1,092",25.76,"555,587","85,300","82,100","4,927",134.38,29.88,"85,500","8,843",584,837,9.28,24.47,"81,400",897,"30,445","3,340","3,214",5.56,420,55.68
148,아모레퍼시픽홀딩스,"31,200",하락,100,-0.32%,500,"57,659","1,807","31,350","24,791","2,493",11.09,"212,349","31,900","31,400","85,405",64.00,7.57,"31,900","4,909","15,488","6,529",9.95,8.07,"31,100","2,001","79,458","42,599","2,813",0.83,330,5.93
149,KODEX 레버리지,"23,250",하락,380,-1.61%,0,"10,312,231","241,318","23,300","24,343",N/A,N/A,"29,845,530","23,580","23,305",N/A,N/A,N/A,"23,725","384,963",N/A,N/A,0.30,N/A,"23,210","216,381","104,700",N/A,N/A,N/A,N/A,N/A
150,HD현대인프라코어,"12,560",하락,290,-2.26%,"1,000","775,718","9,865","12,590","24,189","1,842",30.41,"1,755,130","12,990","12,600","42,872",-55.97,5.92,"13,080","27,079","24,400","1,084",14.12,2.49,"12,500","6,292","192,591","41,142",413,1.28,70,-11.71
151,농심,"392,500",하락,"3,500",-0.88%,"5,000","5,517","2,170","392,500","23,874","1,631",15.28,"28,946","397,000","393,500","35,975",-23.10,6.17,"397,000","2,780","9,249","1,576",17.74,4.61,"392,000","1,453","6,083","34,387","25,679",0.84,"5,000",0.83
152,이마트,"85,900",하락,"1,100",-1.26%,"5,000","27,692","2,379","85,900","23,705",471,-4.38,"176,853","86,800","85,900","339,306",200.35,-5.40,"86,800","3,650","207,466","-5,734",22.95,-1.70,"85,400","3,494","27,596","290,209","-19,614",0.22,"2,000",-1.53
153,현대해상,"26,350",하락,700,-2.59%,500,"96,059","2,544","26,400","23,557","12,441",3.46,"555,347","26,950","26,450","485,238",67.33,15.75,"27,000","22,967","437,804","8,505",35.39,1.84,"26,300","6,678","89,400","173,245","7,619",0.51,N/A,8.86
154,SK가스,"254,000",하락,"4,500",-1.74%,"5,000","3,625",921,"254,500","23,483","2,872",9.53,"24,822","254,500","255,000","75,396",-5.41,6.74,"257,000","1,478","48,013","1,778",7.35,2.61,"252,000",317,"9,245","70,959","26,657",0.83,"8,000",1.48
155,제일기획,"20,200",하락,100,-0.49%,200,"53,949","1,091","20,250","23,238","3,207",12.03,"340,760","20,200","20,300","33,066",4.29,15.12,"20,350","18,332","18,325","2,083",24.02,6.73,"20,150","17,522","115,041","43,443","1,679",1.48,"1,230",4.98
156,달바글로벌,"189,500",상승,"2,500",+1.34%,100,"53,081","9,996","188,400","22,922",598,132.80,"252,694","187,900","188,500","1,361",84.44,26.21,"189,800",487,340,154,5.09,14.39,"185,700",898,"12,096","3,091","1,427",17.43,305,53.91
157,ACE 미국30년국채액티브(H),"7,752",상승,17,+0.22%,0,"547,247","4,241","7,750","22,806",N/A,N/A,"2,129,357","7,745","7,755",N/A,N/A,N/A,"7,755","560,038",N/A,N/A,0.01,N/A,"7,745","541,277","294,200",N/A,N/A,N/A,N/A,N/A
158,한화엔진,"27,300",하락,650,-2.33%,"1,000","222,905","6,137","27,300","22,781",715,27.22,"1,261,131","28,100","27,350","14,131",719.51,25.64,"28,150","29,515","10,198",792,12.58,6.21,"27,100","7,159","83,447","12,022","1,003",5.51,N/A,40.71
159,KODEX CD1년금리플러스액티브(합성),"1,024,020",상승,195,+0.02%,0,"7,184","7,356","1,024,020","22,245",N/A,N/A,"6,433","1,024,020","1,024,025",N/A,N/A,N/A,"1,024,025","189,614",N/A,N/A,0.00,N/A,"1,024,020","187,956","2,172",N/A,N/A,N/A,N/A,N/A
160,한온시스템,"3,150",하락,45,-1.41%,100,"245,071",773,"3,160","21,381",955,-4.57,"1,063,017","3,180","3,165","106,203",-66.31,-13.90,"3,180","51,481","76,215","-3,586",5.01,-3.61,"3,140","18,598","678,763","99,987",-690,0.74,N/A,5.01
161,롯데쇼핑,"75,300",하락,500,-0.66%,"5,000","13,796","1,042","75,400","21,301","4,731",-2.07,"68,098","76,100","75,500","390,030",-6.94,-7.75,"76,300","5,341","219,694","-9,941",8.34,-2.86,"75,200","2,695","28,289","139,866","-36,401",0.14,"3,800",-3.91
162,DL이앤씨,"54,100",하락,"1,300",-2.35%,"5,000","445,249","24,294","53,700","20,933","2,709",9.94,"2,461,511","56,500","53,800","97,124",-18.06,4.77,"56,500","9,543","48,667","2,292",30.10,2.41,"52,800","4,424","38,694","83,184","5,440",0.47,540,4.10
163,ACE 미국S&P500,"20,815",하락,60,-0.29%,0,"93,934","1,952","20,815","20,898",N/A,N/A,"363,151","20,805","20,820",N/A,N/A,N/A,"20,830","87,699",N/A,N/A,0.07,N/A,"20,760","93,365","100,400",N/A,N/A,N/A,N/A,N/A
164,한국콜마,"88,300",하락,"1,400",-1.56%,500,"44,376","3,915","88,400","20,843","1,939",21.49,"177,996","89,700","88,500","31,267",42.39,12.50,"89,900","5,157","16,210","1,253",38.76,4.09,"87,700",894,"23,605","24,521","4,109",2.64,720,13.75
165,미스토홀딩스,"34,550",상승,"1,050",+3.13%,"1,000","40,075","1,379","34,600","20,763","3,608",22.10,"89,005","34,150","34,700","55,364",18.88,4.30,"34,750","7,449","28,001","2,077",39.27,3.95,"34,150","8,657","60,096","42,687","1,563",1.00,"1,200",6.54
166,iM금융지주,"12,390",하락,190,-1.51%,"5,000","166,066","2,068","12,430","20,616","2,634",8.12,"626,873","12,540","12,440","941,486",-50.69,3.60,"12,640","14,220","879,429","2,016",43.73,0.22,"12,350","6,948","166,393","80,505","1,525",0.34,500,-2.58
167,BGF리테일,"119,200",하락,400,-0.33%,"1,000","7,223",860,"119,100","20,602","2,516",11.13,"74,291","119,800","119,200","34,026",-0.61,17.29,"119,800",953,"22,185","1,952",27.73,5.90,"117,000",344,"17,284","86,988","10,714",1.83,"4,100",6.15
168,DB하이텍,"46,200",하락,750,-1.60%,"5,000","73,355","3,404","46,100","20,512","1,908",8.88,"166,719","47,500","46,150","23,969",-28.10,12.44,"47,550","9,308","3,962","2,294",26.52,10.33,"45,950",891,"44,399","11,312","5,205",0.98,"1,230",-2.00
169,호텔신라,"51,700",하락,500,-0.96%,"5,000","66,587","3,468","51,700","20,291",-52,-31.30,"369,355","52,800","51,800","38,139",-105.68,-6.50,"53,300","17,813","25,295",-615,12.84,-1.80,"51,600","3,182","39,248","39,476","-1,652",1.53,N/A,10.62
170,아시아나항공,"9,820",하락,100,-1.01%,"5,000","35,304",348,"9,840","20,228","2,757",-8.93,"124,836","9,920","9,860","134,499",-55.53,-53.21,"9,930","5,614","124,468","-4,130",2.76,-3.12,"9,750","4,605","205,991","83,186","-1,100",1.99,N/A,9.12
171,TIGER 미국배당다우존스,"11,455",하락,130,-1.12%,0,"503,120","5,756","11,445","20,212",N/A,N/A,"975,323","11,460","11,450",N/A,N/A,N/A,"11,465","279,218",N/A,N/A,0.03,N/A,"11,410","112,342","176,450",N/A,N/A,N/A,N/A,N/A
172,코리안리,"10,350",하락,240,-2.27%,500,"105,367","1,092","10,390","20,164","4,054",5.70,"363,224","10,500","10,390","131,604",11.48,9.45,"10,590","2,966","97,075","3,167",27.88,2.51,"10,270","1,248","194,821","69,579","1,816",0.54,515,-0.08
173,SK아이이테크놀로지,"28,250",상승,550,+1.99%,"1,000","87,249","2,449","28,200","20,142","-2,910",-9.79,"173,975","27,750","28,250","41,501",-680.51,-10.41,"28,450","3,435","18,256","-2,466",6.60,-5.99,"27,550","10,249","71,298","2,179","-2,886",0.84,N/A,-66.40
174,팬오션,"3,765",하락,50,-1.31%,"1,000","380,784","1,444","3,785","20,127","4,712",7.20,"2,002,151","3,805","3,790","102,715",22.11,5.17,"3,830","54,690","46,181","2,681",14.99,2.96,"3,760","32,430","534,570","51,612",523,0.36,120,18.35
175,더존비즈온,"65,700",하락,"6,500",-9.00%,500,"359,224","24,182","66,400","19,961",881,37.16,"518,717","70,300","66,500","10,376",27.50,12.17,"71,000","16,900","4,828",780,10.31,8.12,"65,400","4,148","30,383","4,023","1,768",3.59,477,13.79
176,CJ대한통운,"87,400",하락,"1,800",-2.02%,"5,000","17,178","1,512","87,500","19,938","5,307",8.48,"49,547","89,200","87,600","97,439",10.50,6.58,"89,200","3,239","55,183","2,683",13.70,2.81,"87,000",637,"22,812","121,168","10,305",0.44,800,2.97
177,씨에스윈드,"46,900",하락,900,-1.88%,500,"68,547","3,238","46,950","19,778","2,555",7.16,"343,344","47,600","47,000","36,095",145.19,13.92,"48,150","11,843","24,092","1,437",12.92,4.44,"46,800","2,613","42,171","30,725","6,546",1.60,"1,000",102.12
178,KODEX 코스닥150레버리지,"8,200",하락,135,-1.62%,0,"8,792,081","72,591","8,235","19,131",N/A,N/A,"25,647,317","8,370","8,240",N/A,N/A,N/A,"8,392","618,887",N/A,N/A,0.35,N/A,"8,180","326,147","233,300",N/A,N/A,N/A,N/A,N/A
179,신영증권,"116,300",하락,"5,600",-4.59%,"5,000","21,935","2,561","116,200","19,120","1,361",17.60,"41,547","121,800","116,800","103,796",-20.09,6.45,"121,800","2,262","85,469","1,123",7.03,1.04,"115,600",272,"16,440","24,664","6,607",0.51,"5,000",-10.78
180,엘앤에프,"52,500",하락,900,-1.69%,500,"96,099","5,098","52,800","19,066","-5,587",-5.05,"291,447","54,000","52,900","27,998",-151.32,-41.74,"54,100","19,386","20,765","-3,807",16.68,-12.38,"52,500","3,792","36,316","19,075","-10,395",2.94,0,-58.93
181,한솔케미칼,"166,300",상승,"4,300",+2.65%,"5,000","45,684","7,660","167,900","18,850","1,288",14.81,"52,868","164,000","168,000","14,647",3.77,13.48,"170,700",736,"3,932","1,249",32.88,8.87,"163,700",373,"11,335","7,764","11,232",1.86,"2,100",0.61
182,GS건설,"21,450",하락,950,-4.24%,"5,000","302,804","6,566","21,550","18,357","2,860",13.21,"845,424","22,400","21,600","178,033",173.71,5.63,"22,500","27,952","127,162","2,639",23.20,1.49,"21,350","18,730","85,581","128,638","1,624",0.41,300,-4.26
183,동원산업,"45,950",하락,"1,300",-2.75%,"1,000","7,597",351,"46,150","18,207","5,013",25.67,"43,701","47,050","46,200","71,582",7.87,2.74,"47,050","1,328","39,118","1,136",1.77,1.53,"45,700",945,"39,624","89,442","1,790",0.65,"1,000",-0.05
184,한국앤컴퍼니,"19,110",하락,260,-1.34%,500,"34,861",668,"19,080","18,142","4,183",5.15,"189,696","19,370","19,100","51,364",63.03,8.28,"19,480","5,349","6,836","3,507",10.38,7.17,"19,040",225,"94,935","13,910","3,709",0.40,"1,000",27.65
185,SNT다이내믹스,"53,900",보합,0,0.00%,"2,500","15,896",861,"54,100","17,923","1,105",17.74,"105,410","53,900","54,300","10,341",165.67,12.90,"54,900","1,373","2,437",961,8.35,9.20,"53,600","5,268","33,253","6,145","3,038",1.54,"1,300",26.44
186,영원무역홀딩스,"131,600",하락,"1,400",-1.05%,500,"3,848",507,"131,700","17,765","5,170",5.42,"20,877","135,000","131,800","65,767",-40.75,13.17,"135,000",574,"15,896","4,956",20.60,7.65,"130,400",59,"13,499","43,060","24,299",0.56,"5,350",-1.14
187,대우건설,"4,230",하락,130,-2.98%,"5,000","785,855","3,343","4,200","17,581","4,031",8.72,"4,465,856","4,385","4,205","126,585",-39.15,5.62,"4,395","67,225","83,244","2,428",11.62,2.03,"4,190","20,159","415,623","105,036",485,0.40,N/A,-9.82
188,신세계,"181,600",하락,"1,900",-1.04%,"5,000","4,896",894,"182,000","17,516","4,770",28.58,"23,202","184,000","182,200","150,718",-25.44,2.54,"184,900",597,"86,971","1,866",12.11,1.25,"181,500",117,"9,645","65,704","6,353",0.38,"4,500",3.36
189,TIGER 25-10 회사채(A+이상)액티브,"55,080",상승,10,+0.02%,0,"14,395",792,"55,080","17,446",N/A,N/A,"257,744","55,080","55,085",N/A,N/A,N/A,"55,085","116,117",N/A,N/A,0.14,N/A,"55,075","128,631","31,674",N/A,N/A,N/A,N/A,N/A
190,HD현대마린엔진,"50,500",하락,"1,900",-3.63%,"2,500","194,321","9,864","50,600","17,130",332,19.58,"523,778","52,200","50,700","4,950",80.60,28.34,"52,400","29,399","1,856",758,14.02,15.97,"49,950","9,208","33,921","3,158","2,579",5.24,N/A,29.23
191,현대백화점,"74,900",하락,"1,600",-2.09%,"5,000","11,350",854,"74,800","16,949","2,840",-47.62,"84,962","76,100","75,200","112,177",-6.40,-0.81,"76,100","1,253","49,833",-8,22.69,-0.01,"74,600",888,"22,629","41,876","-1,573",0.37,"1,400",-0.47
192,대웅제약,"142,800",하락,"2,700",-1.86%,"2,500","6,899",985,"142,400","16,546","1,479",43.00,"50,529","145,000","142,600","19,770",20.68,3.17,"145,500",519,"10,500",233,9.22,1.25,"141,700",451,"11,587","14,227","3,321",2.04,600,3.44
193,두산우,"407,000",상승,"4,000",+0.99%,"5,000","21,240","8,662","404,000","16,266",N/A,-42.00,"59,425","404,000","405,000",N/A,N/A,N/A,"415,000",977,N/A,N/A,1.70,N/A,"401,500",915,"3,996",N/A,"-9,690",4.85,N/A,N/A
194,KODEX 단기채권PLUS,"114,830",상승,5,0.00%,0,"11,496","1,320","114,825","16,167",N/A,N/A,"139,324","114,825","114,830",N/A,N/A,N/A,"114,835","106,194",N/A,N/A,0.00,N/A,"114,825","116,535","14,079",N/A,N/A,N/A,N/A,N/A
195,TIGER 차이나전기차SOLACTIVE,"9,395",하락,20,-0.21%,0,"156,739","1,468","9,365","15,979",N/A,N/A,"1,227,462","9,370","9,375",N/A,N/A,N/A,"9,400","29,731",N/A,N/A,0.67,N/A,"9,345","9,357","170,080",N/A,N/A,N/A,N/A,N/A
196,오뚜기,"393,500",하락,"3,500",-0.88%,"5,000","1,424",561,"394,000","15,771","2,220",12.89,"5,633","397,000","394,500","35,974",-12.90,6.86,"397,000",545,"14,159","1,376",11.81,3.88,"392,500",470,"4,008","35,391","30,537",0.66,"9,000",2.45
197,RISE 종합채권(A-이상)액티브,"110,260",상승,130,+0.12%,0,410,45,"110,240","15,768",N/A,N/A,"6,485","110,150","110,270",N/A,N/A,N/A,"110,275","18,002",N/A,N/A,0.00,N/A,"110,130","18,045","14,301",N/A,N/A,N/A,N/A,N/A
198,일진전기,"32,900",하락,900,-2.66%,"1,000","175,025","5,817","33,100","15,688",797,27.79,"570,983","33,750","33,150","12,490",31.25,10.60,"33,900","21,258","7,487",462,7.57,4.24,"32,800","5,306","47,685","15,772","1,184",3.08,300,26.51
199,HL만도,"33,350",하락,550,-1.62%,"1,000","102,480","3,429","33,400","15,660","3,588",85.95,"524,300","34,000","33,450","70,520",28.46,5.47,"34,000","18,007","43,793","1,582",25.52,2.37,"33,250","2,628","46,957","88,482",388,0.65,700,5.42
200,다우기술,"34,600",하락,800,-2.26%,500,"114,997","3,952","34,350","15,524","11,747",4.37,"261,970","35,250","34,400","571,479",83.58,13.16,"35,500","9,937","508,554","8,528",24.28,1.54,"33,700","1,462","44,867","116,258","7,909",0.51,"1,400",17.97
201,HDC현대산업개발,"23,550",하락,"1,400",-5.61%,"5,000","256,066","6,097","23,500","15,521","1,846",8.65,"345,819","24,950","23,550","74,619",-5.47,5.09,"24,950","13,100","43,473","1,557",13.71,2.15,"23,400","4,831","65,907","42,562","2,722",0.48,700,1.56
202,ACE 미국나스닥100,"23,100",하락,5,-0.02%,0,"57,792","1,332","23,090","15,500",N/A,N/A,"364,921","23,070","23,095",N/A,N/A,N/A,"23,105","148,956",N/A,N/A,0.01,N/A,"23,030","152,024","67,100",N/A,N/A,N/A,N/A,N/A
203,두산퓨얼셀,"23,300",하락,200,-0.85%,100,"189,734","4,459","23,200","15,260",-17,-93.57,"608,476","23,300","23,250","11,797",N/A,N/A,"24,050","17,041","6,808",-105,10.37,N/A,"23,050","4,256","65,494","4,118",-249,3.90,N/A,N/A
204,에스엘,"32,450",하락,950,-2.84%,500,"44,138","1,446","32,550","15,073","3,952",4.28,"404,757","33,200","32,600","36,989",2.33,17.42,"33,350","6,187","13,016","3,820",16.07,11.02,"32,350","2,873","46,449","49,733","7,575",0.64,"1,200",2.78
205,TIGER MSCI Korea TR,"17,265",하락,115,-0.66%,0,"5,526",95,"17,290","15,038",N/A,N/A,"17,624","17,380","17,300",N/A,N/A,N/A,"17,400","23,938",N/A,N/A,0.00,N/A,"17,260","22,690","87,100",N/A,N/A,N/A,N/A,N/A
206,녹십자,"126,300",하락,"2,100",-1.64%,"5,000","11,188","1,421","126,600","14,760",321,51.38,"31,798","128,700","126,700","27,439",-6.76,-2.06,"129,000","1,594","12,629",-426,19.39,-1.58,"126,200",181,"11,687","16,799","2,458",1.15,"1,500",3.27
207,RISE 200,"42,065",하락,320,-0.75%,0,"238,629","10,076","42,060","14,344",N/A,N/A,"2,061,758","42,390","42,070",N/A,N/A,N/A,"42,460","150,625",N/A,N/A,0.04,N/A,"42,000","78,967","34,100",N/A,N/A,N/A,N/A,N/A
208,엠앤씨솔루션,"156,000",상승,"4,700",+3.11%,100,"18,451","2,889","155,700","14,280",348,46.43,"65,715","155,300","156,100","3,571",68.59,21.82,"158,500",738,"1,917",270,5.71,7.86,"155,000",510,"9,154","2,828","3,360",8.94,"1,480",54.16
209,하이트진로,"20,300",하락,200,-0.98%,"5,000","51,823","1,055","20,350","14,237","2,081",13.44,"156,988","20,550","20,400","34,415",67.97,8.63,"20,550","57,924","22,920",957,9.38,2.82,"20,250","19,187","70,134","25,992","1,510",1.27,700,3.14
210,TIGER 25-12 금융채(AA-이상),"51,315",상승,5,+0.01%,0,3,0,"51,315","14,093",N/A,N/A,610,"51,315","51,325",N/A,N/A,N/A,"51,315","135,005",N/A,N/A,0.00,N/A,"51,315","130,000","27,464",N/A,N/A,N/A,N/A,N/A
211,GS리테일,"16,650",하락,160,-0.95%,"1,000","31,565",529,"16,750","13,921","2,391",-61.67,"199,992","16,980","16,760","75,816",-18.05,0.07,"16,980","2,921","44,001",98,8.81,0.11,"16,640",952,"83,607","116,269",-270,0.44,500,4.43
212,HDC,"23,250",하락,400,-1.69%,"5,000","30,136",700,"23,250","13,890","3,447",7.21,"223,640","23,600","23,250","123,983",10.25,5.65,"23,650","5,229","72,995","2,603",20.85,2.18,"22,850","8,297","59,742","62,003","3,226",0.43,350,4.94
213,한화투자증권,"6,460",하락,370,-5.42%,"5,000","1,437,932","9,348","6,440","13,860",40,"-2,153.33","3,057,987","6,730","6,450","140,181",-87.39,2.37,"6,730","105,330","123,119",389,7.50,0.29,"6,390","16,641","214,548","24,958",-3,0.81,N/A,26.75
214,OCI홀딩스,"73,100",하락,400,-0.54%,"5,000","13,668","1,003","73,300","13,754","1,015",-17.76,"98,720","74,000","73,400","80,937",-80.89,2.54,"74,200","1,823","32,581","1,137",17.30,1.62,"73,000","2,704","18,815","35,774","-4,116",0.35,"2,200",35.01
215,KODEX 200선물인버스2X,"1,417",상승,24,+1.72%,0,"130,235,076","183,141","1,413","13,649",N/A,N/A,"340,247,733","1,394","1,414",N/A,N/A,N/A,"1,419","13,048,427",N/A,N/A,0.32,N/A,"1,389","14,491,305","963,200",N/A,N/A,N/A,N/A,N/A
216,KODEX 코스닥150,"12,795",하락,90,-0.70%,0,"2,540,814","32,625","12,815","13,620",N/A,N/A,"7,737,732","12,915","12,820",N/A,N/A,N/A,"12,935","267,953",N/A,N/A,0.95,N/A,"12,770","188,181","106,450",N/A,N/A,N/A,N/A,N/A
217,파라다이스,"14,810",하락,140,-0.94%,500,"87,869","1,301","14,910","13,591","1,361",16.83,"504,436","15,080","14,970","39,338",-6.67,4.97,"15,080","4,794","18,586","1,107",6.02,2.93,"14,700","27,146","91,772","10,721",880,0.77,150,7.84
218,HD현대건설기계,"76,600",하락,900,-1.16%,"5,000","32,618","2,507","76,700","13,529","1,904",17.24,"148,253","77,900","76,800","33,246",-25.97,6.18,"78,200","5,941","15,308",860,17.70,2.60,"76,200","1,203","17,662","34,381","4,443",0.79,500,-10.12
219,오리온홀딩스,"21,500",보합,0,0.00%,500,"45,948",989,"21,450","13,469","5,062",8.83,"343,762","21,600","21,500","59,332",24.86,7.03,"21,850","10,954","10,545","4,795",11.12,8.66,"21,300","4,682","62,645","31,952","2,436",0.54,800,8.17
220,이수스페셜티케미컬,"44,550",상승,"2,100",+4.95%,"1,000","1,131,766","52,797","45,500","13,458",142,92.62,"243,284","45,850","45,650","2,995",332.14,9.70,"49,700","10,045","1,779",105,5.95,4.06,"44,400","3,163","30,208","3,321",481,10.63,N/A,182.54
221,한국카본,"25,600",상승,900,+3.64%,500,"204,474","5,178","25,200","13,289",454,31.53,"647,276","24,900","25,250","8,790",176.01,4.38,"25,650","8,401","4,047",203,12.38,2.43,"24,650","14,316","51,908","7,417",812,2.58,130,24.79
222,에스디바이오센서,"10,760",하락,200,-1.82%,500,"36,901",399,"10,810","13,100",-541,-12.61,"220,573","10,950","10,820","38,885",78.21,-3.43,"11,000","3,798","9,562",-981,6.56,-2.56,"10,700","1,491","121,749","6,946",-853,0.45,200,5.93
223,SK리츠,"4,740",상승,65,+1.39%,500,"152,610",719,"4,730","13,091",362,"1,185.00","744,814","4,695","4,735","44,213",2.31,0.08,"4,740","18,560","31,567",22,7.68,0.05,"4,675","69,171","276,189",534,4,1.11,70,2.28
224,한올바이오파마,"25,000",하락,150,-0.60%,500,"34,009",852,"25,100","13,060",2,-781.25,"176,277","25,200","25,150","2,129",-89.58,-1.02,"25,300","18,226",445,-18,7.29,-0.80,"24,950","5,119","52,241","1,389",-32,7.96,N/A,2.99
225,현대지에프홀딩스,"8,360",하락,330,-3.80%,500,"98,165",822,"8,330","13,034","1,981",1.60,"315,793","8,700","8,340","100,849","1,895.39",23.02,"8,710","11,403","30,927","7,920",5.07,10.46,"8,260","2,175","155,904","74,093","5,233",0.37,210,181.78
226,대웅,"22,300",하락,450,-1.98%,500,"21,151",475,"22,350","12,966","2,819",20.59,"103,307","22,650","22,400","27,207",44.12,5.99,"22,850","5,396","12,182",689,5.86,2.71,"22,200",946,"58,142","19,369","1,083",0.90,200,6.79
227,KODEX 삼성그룹,"9,305",하락,145,-1.53%,0,"82,158",767,"9,320","12,962",N/A,N/A,"500,528","9,450","9,330",N/A,N/A,N/A,"9,460","110,445",N/A,N/A,13.16,N/A,"9,305","99,712","139,300",N/A,N/A,N/A,N/A,N/A
228,TIGER 미국30년국채커버드콜액티브(H),"8,090",상승,10,+0.12%,0,"355,216","2,873","8,085","12,924",N/A,N/A,"1,420,762","8,090","8,090",N/A,N/A,N/A,"8,095","411,637",N/A,N/A,0.03,N/A,"8,080","345,187","159,750",N/A,N/A,N/A,N/A,N/A
229,금호타이어,"4,490",하락,20,-0.44%,"5,000","103,460",467,"4,505","12,898","5,886",3.86,"499,669","4,545","4,510","53,628",43.21,21.77,"4,575","18,578","34,580","3,516",8.49,6.90,"4,485","12,538","287,260","45,322","1,163",0.71,N/A,12.14
230,롯데관광개발,"16,710",하락,70,-0.42%,500,"217,638","3,635","16,860","12,883",390,-12.51,19,"53,980","53,995",N/A,N/A,N/A,"53,980","40,000",N/A,N/A,0.00,N/A,"53,980","40,000","23,850",N/A,N/A,N/A,N/A,N/A
231,메리츠 KIS CD금리투자 ETN,"53,980",보합,0,0.00%,0,0,0,"53,990","12,874",N/A,N/A,"873,118","17,000","16,850","21,666",164.36,-60.42,"17,130","4,733","18,536","-1,166",7.60,-5.93,"16,380","1,974","77,096","4,715","-1,336",4.33,0,50.37
232,ACE KRX금현물,"20,525",하락,45,-0.22%,0,"231,374","4,749","20,540","12,849",N/A,N/A,"862,691","20,575","20,545",N/A,N/A,N/A,"20,590","111,885",N/A,N/A,0.69,N/A,"20,450","56,867","62,600",N/A,N/A,N/A,N/A,N/A
233,현대위아,"47,050",하락,"1,100",-2.28%,"5,000","29,657","1,402","47,150","12,795","2,188",7.09,"128,940","48,050","47,250","70,760",-6.01,3.45,"48,050","2,791","30,497","1,295",15.00,1.86,"47,000","1,499","27,195","81,809","6,638",0.35,"1,100",0.19
234,DN오토모티브,"21,750",하락,200,-0.91%,100,"13,022",283,"21,800","12,726","5,229",4.15,"65,177","21,850","21,850","50,060",6.63,19.78,"21,900","5,651","28,353","3,182",4.40,6.65,"21,600","2,684","58,511","34,345","5,240",0.63,"1,000",5.06
235,SK케미칼,"72,200",상승,"3,200",+4.64%,"5,000","70,241","5,018","72,000","12,457",-452,42.50,"135,678","68,700","72,100","53,670",-154.23,0.41,"18,390","1,867","11,495","1,990",4.72,6.80,"17,880","1,376","69,262","17,417","2,025",0.75,"1,000",-3.21
236,한일시멘트,"17,960",하락,430,-2.34%,500,"22,107",399,"18,120","12,439","2,714",8.87,"88,315","18,250","18,140","29,883",10.09,11.13,"58,000",824,899,"2,433",18.05,16.58,"55,900",919,"21,496","6,335","8,108",1.01,"1,200",8.78
237,롯데렌탈,"34,100",하락,350,-1.02%,"5,000","6,312",215,"34,150","12,382","2,848",10.37,"62,977","34,500","34,200","70,066",-6.68,7.51,"73,000","1,335","23,341",-44,10.84,-0.09,"68,100","3,553","17,254","17,368","1,699",0.62,"1,150",-0.69
238,더블유게임즈,"57,500",하락,200,-0.35%,500,"60,593","3,439","57,500","12,360","2,487",7.09,"285,218","57,100","57,700","16,463",16.62,18.69,"34,500","1,148","55,380","1,027",6.74,1.50,"33,950","2,118","36,309","27,924","3,288",0.85,"1,200",1.46
239,대신증권,"24,300",하락,"1,000",-3.95%,"5,000","76,248","1,866","24,450","12,338",836,13.15,"208,717","25,100","24,500","263,961",-48.18,4.57,"25,100","17,391","230,807","1,442",10.11,0.59,"24,150","4,125","50,773","40,939","1,848",0.53,"1,200",6.21
240,TIGER 머니마켓액티브,"100,605",상승,20,+0.02%,0,"12,063","1,213","100,605","12,283",N/A,N/A,"26,010","100,605","100,610",N/A,N/A,N/A,"100,610","427,749",N/A,N/A,0.00,N/A,"100,605","408,444","12,209",N/A,N/A,N/A,N/A,N/A
241,롯데에너지머티리얼즈,"23,300",상승,200,+0.87%,500,"52,651","1,235","23,500","12,201",-644,-27.64,"82,469","23,200","23,550","22,820",-645.89,0.46,"23,700","3,045","3,801",288,7.74,1.23,"23,050","13,603","52,365","9,023",-843,0.70,N/A,11.53
242,LX인터내셔널,"31,250",하락,250,-0.79%,"5,000","41,502","1,294","31,200","12,112","4,892",6.20,"132,900","31,450","31,250","89,309",12.95,7.12,"31,650","8,621","56,113","2,695",21.45,3.18,"31,000","10,278","38,760","166,376","5,044",0.42,"2,000",14.63
243,효성,"72,200",하락,300,-0.41%,"5,000","14,578","1,052","71,900","12,087","2,211",2.48,"91,109","72,700","72,000","43,409",283.53,19.62,"72,900","1,902","18,364","4,843",8.99,10.27,"71,500","5,097","16,740","22,728","29,071",0.55,"3,000",23.04
244,미래에셋증권2우B,"8,710",하락,690,-7.34%,"5,000","828,186","7,242","8,610","11,976",N/A,6.39,"2,162,621","9,230","8,620",N/A,N/A,N/A,"9,240","21,068",N/A,N/A,11.20,N/A,"8,390","5,719","137,500",N/A,"1,364",0.42,N/A,N/A
245,태광산업,"1,062,000",하락,"20,000",-1.85%,"5,000",393,419,"1,067,000","11,824",-272,4.71,"2,026","1,079,000","1,069,000","47,223",72.66,5.45,"1,081,000",92,"7,067","2,184",4.72,4.62,"1,062,000",30,"1,113","21,219","225,266",0.23,"1,750",-6.34
246,PLUS K방산,"48,705",상승,295,+0.61%,0,"832,555","40,859","48,805","11,543",N/A,N/A,"2,669,915","49,030","48,825",N/A,N/A,N/A,"49,760","2,396",N/A,N/A,0.67,N/A,"48,410","17,215","23,700",N/A,N/A,N/A,N/A,N/A
247,코오롱인더,"41,900",상승,"2,500",+6.35%,"5,000","280,428","11,574","40,750","11,530","1,587",13.09,"349,394","41,350","40,800","72,481",-20.50,3.06,"42,300","8,556","34,750","1,106",12.22,1.67,"40,350","4,863","27,519","48,430","3,202",0.35,"1,300",2.28
248,코스모신소재,"35,100",하락,400,-1.13%,"1,000","89,076","3,168","35,450","11,411",250,76.30,"242,467","36,000","35,500","7,845",-22.65,3.62,"36,200","8,989","2,890",176,9.59,2.42,"35,050","3,698","32,511","5,697",460,2.29,N/A,-9.51
249,종근당,"82,500",하락,"1,300",-1.55%,"2,500","5,100",422,"82,900","11,387",995,11.95,"32,132","83,300","83,000","14,588",-59.67,12.76,"83,800",939,"5,624","1,114",14.79,7.79,"82,500",371,"13,803","15,864","6,903",1.22,"1,050",-4.97
250,롯데리츠,"3,820",상승,10,+0.26%,500,"62,015",237,"3,830","11,039",420,44.94,"636,041","3,810","3,835","26,236",16.25,0.95,"3,850","8,728","14,542",106,7.86,0.43,"3,770","71,988","288,969",656,85,0.96,112,10.46
251,롯데칠성,"118,900",하락,"1,900",-1.57%,500,"5,141",613,"119,100","11,033","1,849",24.63,"25,811","121,500","119,700","43,725",-12.22,3.99,"122,000",378,"27,941",600,11.47,1.39,"118,100",148,"9,279","40,245","4,828",0.81,"3,400",24.80
252,쿠쿠홀딩스,"30,850",하락,850,-2.68%,100,"14,128",439,"30,900","10,971","1,032",7.97,"34,913","32,000","31,000","13,699",19.16,12.08,"32,000",745,"1,735","1,370",12.01,10.47,"30,700",905,"35,562","8,338","3,873",0.80,"1,200",7.97
253,한샘,"46,550",하락,350,-0.75%,"1,000","28,955","1,351","46,600","10,955",312,9.76,"49,620","47,000","46,700","10,673","1,504.29",43.59,"47,200","1,187","7,166","1,511",13.56,14.27,"46,050",473,"23,534","19,084","4,768",2.14,"8,530",-2.98
254,동양생명,"6,770",하락,170,-2.45%,"5,000","58,718",398,"6,800","10,924","3,681",3.93,"176,801","6,990","6,810","345,472",25.08,12.91,"6,990","14,285","325,805","3,143",81.42,0.93,"6,710","9,854","161,359","34,994","1,722",0.74,N/A,7.65
255,효성티앤씨,"251,000",하락,"3,000",-1.18%,"5,000","3,730",942,"251,000","10,862","2,707",9.93,"15,449","254,500","252,000","47,242",26.87,9.84,"258,000","1,364","29,042","1,838",17.59,4.18,"250,500",238,"4,328","77,761","25,287",0.75,"10,000",3.31
256,ACE 테슬라밸류체인액티브,"14,840",하락,380,-2.50%,0,"1,502,902","22,241","14,820","10,804",N/A,N/A,"5,603,625","14,735","14,825",N/A,N/A,N/A,"14,875","16,801",N/A,N/A,0.36,N/A,"14,715","14,160","72,800",N/A,N/A,N/A,N/A,N/A
257,SK오션플랜트,"18,180",하락,460,-2.47%,500,"82,576","1,507","18,200","10,762",418,64.47,"290,636","18,530","18,210","14,219",-44.72,2.34,"18,650","2,530","7,084",169,5.01,1.18,"18,100","1,901","59,196","6,626",282,1.51,0,-28.43
258,미래에셋생명,"6,060",하락,120,-1.94%,"5,000","23,494",143,"6,050","10,727","1,221",10.24,"148,214","6,170","6,070","324,936",-17.88,4.88,"6,190","5,141","299,300","1,361",1.29,0.42,"6,040","1,868","177,016","47,961",592,0.32,N/A,-5.09
259,PLUS 고배당주,"18,885",하락,245,-1.28%,0,"921,259","17,451","18,915","10,702",N/A,N/A,"2,369,896","19,085","18,920",N/A,N/A,N/A,"19,125","75,863",N/A,N/A,0.20,N/A,"18,865","117,754","56,670",N/A,N/A,N/A,N/A,N/A
260,롯데웰푸드,"114,900",하락,"2,000",-1.71%,500,"7,369",851,"115,200","10,691","1,571",12.49,"21,538","117,300","115,600","43,417",-11.25,4.04,"117,300",776,"21,153",820,13.11,1.92,"114,800",921,"9,305","40,443","9,197",0.47,"3,300",-0.54
261,LX세미콘,"65,500",하락,200,-0.30%,500,"17,700","1,171","65,900","10,653","1,671",7.85,"41,582","66,500","66,100","14,998",29.48,12.69,"67,000","1,852","4,202","1,305",31.47,9.65,"65,200","1,722","16,264","18,656","8,349",0.98,"2,400",-1.88
262,세아베스틸지주,"29,250",하락,850,-2.82%,"5,000","80,995","2,387","29,450","10,490",523,102.63,"994,040","29,250","29,500","38,266",-73.39,1.04,"29,950","1,303","17,952",203,6.69,0.54,"28,950","2,425","35,862","36,361",285,0.56,"1,200",-10.96
263,KODEX 25-12 은행채(AAA)액티브,"102,905",상승,15,+0.01%,0,361,37,"102,905","10,456",N/A,N/A,691,"102,915","102,910",N/A,N/A,N/A,"102,915","19,804",N/A,N/A,0.00,N/A,"102,905","25,456","10,161",N/A,N/A,N/A,N/A,N/A
264,경동나비엔,"71,700",하락,600,-0.83%,"1,000","5,896",423,"71,700","10,446","1,326",8.00,"26,305","72,300","71,900","13,589",25.18,19.43,"72,700","2,057","6,635","1,243",11.07,10.28,"71,400",473,"14,569","13,539","8,968",1.44,650,12.42
265,RISE CD금리액티브(합성),"104,140",상승,20,+0.02%,0,264,27,"104,140","10,364",N/A,N/A,"3,145","104,140","104,145",N/A,N/A,N/A,"104,145","39,110",N/A,N/A,0.00,N/A,"104,135","40,285","9,952",N/A,N/A,N/A,N/A,N/A
266,가온전선,"62,400",하락,"1,300",-2.04%,"5,000","16,005","1,005","62,700","10,323",450,18.69,"48,824","63,600","62,900","10,429",2.96,6.46,"64,100","5,855","5,892",254,2.69,2.75,"62,100",923,"16,543","17,271","3,339",2.40,N/A,15.25
267,LS에코에너지,"33,700",하락,"1,200",-3.44%,500,"61,671","2,100","33,950","10,321",448,29.28,"174,239","34,750","34,050","4,887",51.81,19.00,"34,900","8,671","2,917",353,3.36,7.88,"33,600","3,526","30,625","8,690","1,151",5.45,200,18.86
268,TIGER 차이나항셍테크,"8,005",하락,65,-0.81%,0,"170,737","1,365","7,995","10,306",N/A,N/A,"1,746,368","8,065","8,000",N/A,N/A,N/A,"8,065","53,137",N/A,N/A,1.56,N/A,"7,970","10,709","128,750",N/A,N/A,N/A,N/A,N/A
269,KB발해인프라,"8,390",상승,10,+0.12%,0,"11,554",96,"8,380","10,282",N/A,N/A,"1,355,885","8,380","8,390",N/A,N/A,N/A,"8,400","19,169",N/A,N/A,0.25,N/A,"8,370","16,528","122,546",N/A,N/A,N/A,N/A,N/A
270,롯데정밀화학,"39,550",상승,300,+0.76%,"5,000","17,947",710,"39,600","10,204",504,-54.70,"76,257","39,350","39,700","27,139",-67.46,1.53,"39,800","2,848","3,452",364,17.15,1.35,"39,250","3,002","25,800","16,705",-723,0.43,"1,400",-5.55
271,SK디스커버리,"55,300",하락,"2,500",-4.33%,"5,000","11,327",638,"55,600","10,146","1,726",13.70,"69,692","57,700","55,700","150,777",-32.78,0.88,"58,000","1,474","86,243",319,14.42,0.23,"54,900",168,"18,348","90,396","4,037",0.37,"1,700",1.12
272,TIGER 종합채권(AA-이상)액티브,"56,880",상승,55,+0.10%,0,"1,130",64,"56,875","10,114",N/A,N/A,"29,326","56,845","56,895",N/A,N/A,N/A,"56,880","36,104",N/A,N/A,0.00,N/A,"56,840","36,181","17,782",N/A,N/A,N/A,N/A,N/A
273,지역난방공사,"86,600",하락,800,-0.92%,"5,000","11,832","1,024","86,600","10,027","3,279",3.33,"86,089","86,900","86,700","83,622",4.20,9.65,"87,600",485,"60,940","2,099",5.21,2.57,"85,300",727,"11,579","35,703","26,013",0.41,"3,879",-9.70
274,TIGER CD1년금리액티브(합성),"1,047,232",상승,222,+0.02%,0,"2,617","2,740","1,047,230","10,010",N/A,N/A,"12,476","1,047,230","1,047,235",N/A,N/A,N/A,"1,047,235","211,665",N/A,N/A,0.00,N/A,"1,047,230","213,544",956,N/A,N/A,N/A,N/A,N/A
275,NICE평가정보,"16,820",하락,30,-0.18%,500,"36,917",619,"16,800","10,009",868,13.00,"194,965","16,850","16,810","5,857",32.85,19.48,"16,930","1,299","1,689",760,32.67,14.09,"16,000",910,"59,507","5,350","1,294",2.44,460,10.15
276,SK네트웍스,"4,495",하락,95,-2.07%,"2,500","164,914",746,"4,520","9,946","1,139",28.63,"705,530","4,590","4,530","51,571",41.44,2.29,"4,595","19,728","31,038",463,14.69,0.65,"4,495","10,541","221,278","76,573",157,0.44,300,2.73
277,삼성화재우,"320,500",하락,"5,500",-1.69%,500,"2,781",892,"321,500","9,934",N/A,8.18,"5,235","326,000","322,500",N/A,N/A,N/A,"326,000","1,052",N/A,N/A,29.03,N/A,"318,500",467,"3,100",N/A,"39,171",0.88,N/A,N/A
278,하나 CD금리투자 ETN,"104,252",상승,17,+0.02%,0,"13,435","1,400","104,250","9,904",N/A,N/A,"27,457","104,252","104,255",N/A,N/A,N/A,"104,255","190,000",N/A,N/A,0.00,N/A,"104,250","190,000","9,500",N/A,N/A,N/A,N/A,N/A
279,교보증권,"8,690",하락,270,-3.01%,"5,000","102,564",893,"8,700","9,903","1,139",7.21,"317,076","8,960","8,710","158,983",62.11,6.09,"8,960","12,890","139,126","1,177",1.58,0.75,"8,630","3,473","113,963","31,663","1,206",0.48,500,-15.41
280,NHN,"29,250",하락,"2,650",-8.31%,500,"153,036","4,574","29,450","9,877",-326,-7.43,"365,392","30,700","29,500","31,930",-158.67,-8.60,"31,050","5,174","14,277","-1,926",10.02,-5.80,"29,200","1,773","33,766","24,561","-3,937",0.63,500,8.22
281,SOL 조선TOP3플러스,"25,820",하락,245,-0.94%,0,"1,191,540","30,967","25,790","9,876",N/A,N/A,"3,265,027","26,100","25,795",N/A,N/A,N/A,"26,370","44,220",N/A,N/A,0.42,N/A,"25,655","73,681","38,250",N/A,N/A,N/A,N/A,N/A
282,RISE 미국나스닥100,"22,390",하락,5,-0.02%,0,"35,491",793,"22,380","9,784",N/A,N/A,"295,445","22,350","22,390",N/A,N/A,N/A,"22,395","120,809",N/A,N/A,0.01,N/A,"22,315","162,746","43,700",N/A,N/A,N/A,N/A,N/A
283,세방전지,"68,800",하락,900,-1.29%,500,"9,709",670,"68,900","9,632","1,797",5.52,"72,410","69,700","69,000","20,941",38.30,12.22,"69,700","4,177","5,863","1,723",25.59,8.76,"68,600",709,"14,000","20,595","12,471",0.60,"1,100",22.24
284,TIGER 미국배당다우존스타겟커버드콜2호,"9,320",하락,85,-0.90%,0,"220,185","2,049","9,305","9,530",N/A,N/A,"523,283","9,405","9,310",N/A,N/A,N/A,"9,405","321,687",N/A,N/A,0.01,N/A,"9,290","168,055","102,250",N/A,N/A,N/A,N/A,N/A
285,DL,"44,850",하락,"1,350",-2.92%,"5,000","53,387","2,420","45,150","9,399","4,125",23.47,"484,653","46,650","45,200","125,353",173.74,2.25,"47,150","2,079","77,492",948,14.89,0.77,"44,600","1,338","20,956","56,154","1,911",0.25,"1,000",11.91
286,TIGER TOP10,"12,885",하락,55,-0.43%,0,"143,461","1,853","12,880","9,393",N/A,N/A,"547,533","12,960","12,890",N/A,N/A,N/A,"13,000","75,272",N/A,N/A,35.95,N/A,"12,855","73,135","72,900",N/A,N/A,N/A,N/A,N/A
287,RISE 미국S&P500,"18,020",하락,40,-0.22%,0,"54,297",977,"18,015","9,370",N/A,N/A,"286,550","18,010","18,020",N/A,N/A,N/A,"18,025","247,924",N/A,N/A,0.01,N/A,"17,960","183,026","52,000",N/A,N/A,N/A,N/A,N/A
288,HS효성첨단소재,"208,500",상승,"3,500",+1.71%,"5,000","5,278","1,099","208,000","9,341","2,197",29.15,"17,266","207,000","208,500","38,208",26.22,5.46,"210,500",648,"26,634",782,12.15,2.24,"205,500","1,527","4,480","33,112","7,152",0.92,"6,500",3.40
289,KIWOOM 200TR,"54,085",하락,380,-0.70%,0,"44,475","2,412","54,060","9,330",N/A,N/A,"190,500","54,470","54,065",N/A,N/A,N/A,"54,545","27,868",N/A,N/A,0.01,N/A,"53,995","94,778","17,250",N/A,N/A,N/A,N/A,N/A
290,동원시스템즈,"31,800",하락,350,-1.09%,"5,000","6,648",213,"32,000","9,219",919,13.77,"35,379","32,150","32,050","15,526",13.67,9.01,"32,450",493,"7,162",725,14.21,4.70,"31,700",293,"28,991","13,343","2,309",1.12,600,4.51
291,GKL,"14,750",하락,280,-1.86%,500,"44,850",665,"14,860","9,124",383,23.41,"273,924","15,040","14,870","6,162",-24.88,8.01,"15,040","2,377","2,027",331,14.64,5.27,"14,740","1,074","61,856","3,964",630,2.19,282,-0.08
292,SNT홀딩스,"55,800",하락,"2,000",-3.46%,500,"11,959",668,"55,600","9,098","2,312",6.32,"121,274","56,600","55,700","28,326",29.14,12.40,"57,800",657,"6,994","2,465",12.80,8.91,"54,200",552,"16,304","18,205","8,835",0.65,"1,600",-3.97
293,ESR켄달스퀘어리츠,"4,260",상승,75,+1.79%,"1,000","104,596",445,"4,290","9,078",266,54.62,"475,375","4,185","4,295","25,252",9.74,0.33,"4,295","11,204","14,405",36,42.37,0.15,"4,185","11,105","213,089",569,78,0.85,137,7.40
294,KODEX 2차전지산업,"10,565",하락,20,-0.19%,0,"1,249,645","13,251","10,620","9,054",N/A,N/A,"2,401,221","10,640","10,630",N/A,N/A,N/A,"10,690","124,716",N/A,N/A,0.21,N/A,"10,510","81,444","85,700",N/A,N/A,N/A,N/A,N/A
295,세아제강지주,"216,000",하락,"1,500",-0.69%,"5,000","1,243",271,"217,500","8,946","2,116",19.30,"8,540","219,000","218,000","55,556",-64.19,2.25,"222,000",472,"28,974","1,170",7.36,2.37,"215,000",420,"4,142","36,751","11,193",0.43,"1,800",-6.09
296,대덕전자,"17,880",상승,170,+0.96%,500,"213,781","3,853","17,820","8,836",113,57.31,"520,533","18,280","17,830","10,887",-52.56,2.73,"18,290","5,402","2,132",238,8.31,2.14,"17,770","4,031","49,417","8,921",312,1.08,400,-1.93
297,STX엔진,"22,000",하락,400,-1.79%,"2,500","67,435","1,496","22,100","8,833",422,17.34,"538,889","22,500","22,150","9,688",123.85,10.15,"22,650","17,028","6,922",272,3.06,2.91,"21,950","3,711","40,148","7,246","1,269",3.09,0,14.95
298,SOL 초단기채권액티브,"53,312",상승,17,+0.03%,0,"43,152","2,300","53,310","8,814",N/A,N/A,"241,012","53,310","53,315",N/A,N/A,N/A,"53,315","346,622",N/A,N/A,0.01,N/A,"53,310","189,474","16,532",N/A,N/A,N/A,N/A,N/A
299,SOL 종합채권(AA-이상)액티브,"115,115",상승,105,+0.09%,0,60,6,"115,105","8,794",N/A,N/A,223,"115,060","115,140",N/A,N/A,N/A,"115,115","18,001",N/A,N/A,0.00,N/A,"115,060","12,477","7,639",N/A,N/A,N/A,N/A,N/A
300,TIGER 단기통안채,"110,725",상승,5,0.00%,0,"5,083",562,"110,720","8,756",N/A,N/A,"59,113","110,740","110,725",N/A,N/A,N/A,"110,740","62,162",N/A,N/A,1.50,N/A,"110,720","52,781","7,908",N/A,N/A,N/A,N/A,N/A
301,전진건설로봇,"59,900",상승,900,+1.53%,500,"194,849","11,589","59,600","8,741",313,29.02,"724,659","57,700","59,700","2,192",-4.74,24.55,"60,500","9,296",648,314,1.72,16.64,"57,600","13,056","14,593","1,698","2,064",6.20,"1,277",7.21
302,태영건설,"2,965",하락,65,-2.15%,500,"60,714",180,"2,970","8,731",206,53.91,"169,344","3,015","2,980","43,239",105.10,61.93,"3,030","9,689","37,967",668,0.28,1.49,"2,945","11,218","294,468","26,862",55,1.80,0,-19.89
303,ACE 종합채권(AA-이상)KIS액티브,"108,585",상승,65,+0.06%,0,1,0,"108,585","8,504",N/A,N/A,"3,362","108,585","108,640",N/A,N/A,N/A,"108,585","15,016",N/A,N/A,0.00,N/A,"108,585","12,000","7,832",N/A,N/A,N/A,N/A,N/A
304,하나투어,"54,700",하락,900,-1.62%,500,"19,718","1,086","54,800","8,473",509,12.19,"132,780","56,000","55,000","6,688",49.55,47.19,"56,000","3,190","4,883",991,14.41,15.09,"54,600","1,397","15,490","6,166","4,487",5.60,"2,300",49.80
305,SK이터닉스,"25,050",상승,100,+0.40%,200,"710,559","18,037","25,050","8,455",376,33.94,"7,282,201","25,850","25,100","7,317",N/A,N/A,"25,900","27,132","4,897",224,12.19,N/A,"24,700","6,873","33,754","3,322",738,3.48,N/A,N/A
306,LG화학우,"109,300",상승,"1,700",+1.58%,"5,000","27,010","2,951","110,400","8,404",N/A,-9.15,"36,729","108,400","110,500",N/A,N/A,N/A,"110,700","1,050",N/A,N/A,40.47,N/A,"107,500","1,341","7,689",N/A,"-11,946",0.26,N/A,N/A
307,SNT에너지,"40,600",하락,"2,350",-5.47%,500,"83,640","3,425","40,400","8,396",222,24.21,"392,863","42,650","40,450","5,166",7.04,11.90,"42,700","7,809","2,103",346,7.15,7.37,"40,150","1,318","20,681","2,943","1,677",2.60,500,-8.60
308,CJ CGV,"5,050",하락,120,-2.32%,500,"68,150",346,"5,070","8,362",759,-4.66,"205,176","5,170","5,090","39,970",54.76,-30.74,"5,170","36,044","34,203","-1,755",5.47,-4.88,"5,030","5,787","165,581","19,579","-1,084",1.27,0,26.66
309,F&F홀딩스,"21,200",상승,"2,320",+12.29%,500,"182,174","3,885","21,350","8,292","4,164",8.07,"158,969","21,300","21,400","40,333",-19.06,4.92,"22,400","4,740","6,634","3,220",0.17,8.18,"20,400","5,002","39,114","18,983","2,627",0.37,450,-4.43
310,TIGER 미국30년국채스트립액티브(합성 H),"38,330",상승,40,+0.10%,0,"91,733","3,515","38,315","8,255",N/A,N/A,"254,208","38,285","38,320",N/A,N/A,N/A,"38,365","31,124",N/A,N/A,0.11,N/A,"38,285","36,948","21,536",N/A,N/A,N/A,N/A,N/A
311,SNT모티브,"31,000",하락,150,-0.48%,"5,000","12,764",395,"31,050","8,227",981,8.34,"56,015","31,300","31,100","12,418",-15.86,10.82,"31,300","1,620","2,570","1,043",17.74,8.51,"30,800","1,998","26,540","9,689","3,718",0.74,937,-14.73
312,파미셀,"13,610",상승,760,+5.91%,500,"1,982,717","26,082","12,950","8,168",47,50.59,"7,430,137","12,600","12,980",993,259.23,7.59,"13,680","6,160",128,63,11.29,6.60,"12,460","4,156","60,017",649,269,8.71,20,15.34
313,TIGER 2차전지테마,"13,145",하락,45,-0.34%,0,"279,625","3,686","13,210","8,124",N/A,N/A,"714,312","13,200","13,220",N/A,N/A,N/A,"13,285","125,108",N/A,N/A,0.72,N/A,"13,070","83,887","61,800",N/A,N/A,N/A,N/A,N/A
314,KODEX Top5PlusTR,"26,360",하락,110,-0.42%,0,"15,603",411,"26,350","8,119",N/A,N/A,"36,313","26,445","26,355",N/A,N/A,N/A,"26,580","15,335",N/A,N/A,16.24,N/A,"26,310","30,137","30,800",N/A,N/A,N/A,N/A,N/A
315,미원상사,"169,500",상승,200,+0.12%,500,292,49,"169,500","8,051",599,14.61,"2,057","169,400","169,600","4,787",-10.85,12.99,"170,300",577,782,505,3.08,10.92,"169,400",72,"4,750","4,358","11,599",1.94,"2,000",3.43
316,1Q 머니마켓액티브,"52,365",상승,10,+0.02%,0,"14,680",768,"52,360","8,047",N/A,N/A,"75,877","52,360","52,365",N/A,N/A,N/A,"52,365","212,366",N/A,N/A,0.00,N/A,"52,360","218,430","15,368",N/A,N/A,N/A,N/A,N/A
317,이노션,"20,100",하락,250,-1.23%,500,"27,798",558,"20,000","8,040","1,557",9.28,"154,642","20,350","20,050","27,146",3.76,10.48,"20,400","5,068","16,827","1,161",25.90,4.40,"19,980","6,306","40,000","21,206","2,166",0.81,"1,175",1.32
318,영풍,"41,850",하락,750,-1.76%,500,"9,536",398,"41,850","7,997","-1,607",19.29,"34,428","42,500","41,950","57,017",5.37,-6.81,"42,750","2,316","17,164","-3,278",10.20,-5.82,"41,500",479,"19,108","27,874","2,169",0.19,24,-25.90
319,빙그레,"82,500",하락,500,-0.60%,"5,000","14,025","1,158","82,600","7,883","1,313",8.42,"30,466","83,300","82,700","10,031",16.95,15.14,"83,300","5,153","2,812","1,032",20.80,10.90,"82,000",574,"9,556","14,630","9,794",1.04,"3,300",4.93
320,대상,"22,550",보합,0,0.00%,"1,000","31,538",708,"22,550","7,813","1,769",7.87,"134,947","22,550","22,600","35,098",43.02,6.94,"22,650","13,742","20,622",967,18.49,2.83,"22,300","8,126","34,648","42,551","2,865",0.57,850,3.59
321,동원F&B,"40,450",하락,"1,200",-2.88%,"1,000","5,393",219,"40,800","7,805","1,835",6.56,"22,530","42,050","40,850","21,457",10.04,12.43,"42,050","1,117","10,627","1,278",7.77,5.88,"40,350",385,"19,296","44,836","6,169",0.71,800,2.82
322,DI동일,"39,200",하락,200,-0.51%,500,"9,851",380,"38,900","7,728",78,-282.01,"72,831","39,500","38,950","10,137",23.89,0.28,"39,650","7,448","4,494",25,7.26,0.25,"38,300",838,"19,716","6,517",-139,1.46,262,-4.56
323,KODEX 25-11 은행채(AA-이상)PLUS액티브,"10,580",보합,0,0.00%,0,"1,627",17,"10,580","7,603",N/A,N/A,"4,242","10,575","10,585",N/A,N/A,N/A,"10,585","339,414",N/A,N/A,0.00,N/A,"10,575","349,956","71,860",N/A,N/A,N/A,N/A,N/A
324,녹십자홀딩스,"16,140",하락,260,-1.59%,500,"24,017",389,"16,200","7,590",-107,11.81,"66,644","16,450","16,210","36,706",34.81,2.43,"16,460","1,583","18,184",-111,10.36,-0.30,"16,110","1,633","47,028","22,049","1,367",0.76,500,7.14
325,SOL 미국배당다우존스,"10,495",하락,135,-1.27%,0,"144,441","1,514","10,500","7,567",N/A,N/A,"272,460","10,505","10,505",N/A,N/A,N/A,"10,505","180,045",N/A,N/A,0.10,N/A,"10,465","114,944","72,100",N/A,N/A,N/A,N/A,N/A
326,N2 KIS CD금리투자 ETN,"53,980",보합,0,0.00%,0,0,0,"53,990","7,557",N/A,N/A,0,"53,980","53,995",N/A,N/A,N/A,"53,980","80,000",N/A,N/A,0.00,N/A,"53,980","80,000","14,000",N/A,N/A,N/A,N/A,N/A
327,TIGER 미국나스닥100타겟데일리커버드콜,"9,520",하락,20,-0.21%,0,"168,187","1,599","9,510","7,554",N/A,N/A,"743,487","9,535","9,515",N/A,N/A,N/A,"9,540","247,315",N/A,N/A,0.01,N/A,"9,495","168,306","79,350",N/A,N/A,N/A,N/A,N/A
328,삼양홀딩스,"86,600",하락,"1,700",-1.93%,"5,000","11,776","1,025","86,800","7,543","1,275",30.43,"37,953","88,800","87,000","52,905",34.53,1.38,"88,800","2,067","22,924",895,7.78,1.71,"86,300",252,"8,710","35,533","2,846",0.31,"3,500",10.66
329,케이카,"15,580",상승,70,+0.45%,500,"39,024",607,"15,560","7,507",681,16.10,"206,675","15,510","15,590","5,248",15.41,19.09,"15,670","2,207","2,991",440,10.12,8.15,"15,500","9,102","48,182","23,015",968,3.36,"1,150",12.40
330,TIGER 단기채권액티브,"55,860",보합,0,0.00%,0,"5,542",309,"55,855","7,484",N/A,N/A,"66,736","55,860","55,860",N/A,N/A,N/A,"55,860","59,139",N/A,N/A,0.00,N/A,"55,850","54,725","13,398",N/A,N/A,N/A,N/A,N/A
331,KODEX 미국S&P500(H),"13,985",하락,10,-0.07%,0,"62,160",869,"13,985","7,461",N/A,N/A,"493,749","13,995","13,990",N/A,N/A,N/A,"13,995","147,326",N/A,N/A,0.35,N/A,"13,980","160,195","53,350",N/A,N/A,N/A,N/A,N/A
332,KODEX 반도체,"37,865",상승,530,+1.42%,0,"558,743","21,229","37,910","7,459",N/A,N/A,"1,564,683","38,090","37,925",N/A,N/A,N/A,"38,325","93,099",N/A,N/A,0.95,N/A,"37,700","12,697","19,700",N/A,N/A,N/A,N/A,N/A
333,솔루엠,"15,500",보합,0,0.00%,500,"29,955",465,"15,480","7,412",691,25.33,"191,890","15,600","15,510","9,827",-55.29,9.48,"15,760","4,688","5,484",377,18.21,3.92,"15,440","4,038","47,816","15,944",612,1.71,0,-18.28
334,PLUS 200,"42,410",하락,325,-0.76%,0,"255,784","10,885","42,430","7,316",N/A,N/A,"1,087,864","42,700","42,440",N/A,N/A,N/A,"42,800","89,782",N/A,N/A,2.92,N/A,"42,380","53,797","17,250",N/A,N/A,N/A,N/A,N/A
335,동아쏘시오홀딩스,"111,400",하락,900,-0.80%,"5,000","2,917",324,"111,800","7,282",821,10.70,"24,362","113,700","112,000","20,305",6.78,5.63,"113,700",95,"9,665",576,13.97,2.89,"108,000",599,"6,536","13,332","10,412",0.67,"1,797",17.78
336,유안타증권,"3,640",하락,120,-3.19%,"5,000","341,506","1,247","3,645","7,265",948,16.11,"815,880","3,755","3,650","168,003",-26.62,4.52,"3,760","60,043","151,660",730,64.35,0.44,"3,605","14,380","199,597","27,127",226,0.47,200,-4.98
337,율촌화학,"29,200",하락,450,-1.52%,500,"23,474",692,"29,350","7,242",-184,-34.11,"75,636","29,750","29,450","6,555",-13.30,-2.86,"30,200","6,644","3,645",-85,5.29,-1.28,"29,150",769,"24,800","4,571",-856,2.47,250,10.28
338,한화3우B,"37,100",하락,800,-2.11%,"5,000","39,170","1,463","36,850","7,199",N/A,3.55,"232,060","37,500","36,900",N/A,N/A,N/A,"38,150","3,938",N/A,N/A,21.57,N/A,"36,750",941,"19,404",N/A,"10,464",0.33,N/A,N/A
339,KG모빌리티,"3,550",하락,65,-1.80%,"1,000","89,786",320,"3,565","7,184",14,-40.80,"614,090","3,615","3,570","31,045",-88.58,2.70,"3,620","34,789","16,839",338,23.25,1.18,"3,540","3,532","202,375","39,051",-87,0.49,0,4.52
340,덴티움,"64,900",보합,0,0.00%,500,"6,807",442,"65,100","7,184",985,10.47,"41,757","65,000","65,200","8,944",-28.77,14.27,"65,600","1,977","3,409",724,15.14,8.68,"64,300","1,102","11,069","4,078","6,198",1.00,600,3.72
341,LX홀딩스,"9,400",하락,330,-3.39%,"1,000","148,454","1,404","9,400","7,170","1,560",4.01,"594,236","9,710","9,420","19,050",113.21,9.08,"9,720","15,220",357,"1,603",12.63,8.90,"9,330","2,189","76,281","1,945","2,346",0.38,290,64.67
342,보령,"8,320",하락,80,-0.95%,500,"19,090",159,"8,330","7,137",705,13.48,"80,977","8,420","8,350","11,641",3.23,10.45,"8,420","4,892","3,796",696,7.00,6.70,"8,240","1,718","85,787","10,171",617,0.90,100,18.32
343,TIGER Fn반도체TOP10,"12,140",상승,185,+1.55%,0,"1,536,138","18,747","12,160","7,126",N/A,N/A,"3,110,383","12,190","12,170",N/A,N/A,N/A,"12,335","78,104",N/A,N/A,0.07,N/A,"12,080","121,052","58,700",N/A,N/A,N/A,N/A,N/A
344,미원에스씨,"142,000",하락,"1,300",-0.91%,500,234,33,"142,000","7,100",588,12.40,"1,814","142,000","142,300","5,121",160.87,14.00,"144,200",194,"1,058",546,0.55,11.21,"141,800",80,"5,000","5,093","11,447",1.67,"2,500",16.36
345,한화리츠,"3,940",하락,5,-0.13%,500,"30,714",121,"3,950","7,076",191,39.01,"392,349","3,945","3,955","15,864",54.05,0.83,"3,995","14,791","12,576",28,0.70,0.24,"3,935","23,544","179,600",335,101,1.01,135,43.99
346,GS피앤엘,"35,450",하락,100,-0.28%,"1,000","58,855","2,072","35,300","7,030",0,-61.87,"203,486","36,000","35,450","22,696",N/A,N/A,"36,200","2,029","10,328",-11,10.15,N/A,"34,650","1,415","19,831",383,-573,0.83,N/A,N/A
347,ACE 미국빅테크TOP7 Plus,"17,500",상승,55,+0.32%,0,"88,635","1,548","17,490","6,956",N/A,N/A,"4,798,454","17,460","17,495",N/A,N/A,N/A,"17,500","54,269",N/A,N/A,0.01,N/A,"17,435","64,026","39,750",N/A,N/A,N/A,N/A,N/A
348,신풍제약,"13,080",하락,640,-4.66%,500,"207,494","2,737","13,150","6,930",-205,-51.29,"888,779","13,500","13,160","3,421",56.84,-5.85,"13,530","4,945",840,-154,4.73,-4.44,"13,030","4,657","52,985","2,211",-255,2.63,N/A,10.42
349,KODEX MSCI Korea TR,"13,740",하락,75,-0.54%,0,"6,360",87,"13,745","6,884",N/A,N/A,"18,209","13,790","13,760",N/A,N/A,N/A,"13,830","28,625",N/A,N/A,1.30,N/A,"13,740","31,833","50,100",N/A,N/A,N/A,N/A,N/A
350,한국단자,"67,800",하락,100,-0.15%,500,"21,911","1,492","67,700","6,858","1,713",5.22,"67,990","69,500","67,900","15,643",53.31,14.16,"69,500","3,323","4,880","1,425",24.59,9.54,"67,300","2,389","10,115","15,098","12,988",0.64,"2,200",16.41
351,TIGER 리츠부동산인프라,"4,245",보합,0,0.00%,0,"340,097","1,442","4,245","6,832",N/A,N/A,"76,422","16,550","16,700","11,682",-33.35,9.09,"16,750","1,123","2,933",775,8.86,6.83,"16,500","1,618","40,879","11,882","1,509",0.76,"1,000",12.88
352,TKG휴켐스,"16,710",상승,200,+1.21%,"1,000","22,123",368,"16,690","6,831",808,11.07,"2,176,261","4,245","4,250",N/A,N/A,N/A,"4,255","529,961",N/A,N/A,0.06,N/A,"4,230","369,000","160,950",N/A,N/A,N/A,N/A,N/A
353,신한알파리츠,"5,610",상승,10,+0.18%,"1,000","61,994",347,"5,610","6,785",451,66.79,"326,405","5,600","5,620","26,622",40.12,1.65,"5,620","12,731","18,343",124,10.53,0.53,"5,580","21,072","120,940",686,84,1.08,175,28.47
354,KODEX 미국빅테크10(H),"50,765",상승,860,+1.72%,0,"126,993","6,442","50,770","6,706",N/A,N/A,"175,610","50,675","50,775",N/A,N/A,N/A,"50,840","6,517",N/A,N/A,0.26,N/A,"50,635","4,196","13,210",N/A,N/A,N/A,N/A,N/A
355,KODEX 인버스,"3,620",상승,30,+0.84%,0,"13,819,229","49,821","3,615","6,646",N/A,N/A,"51,150,529","3,595","3,620",N/A,N/A,N/A,"3,625","9,033,870",N/A,N/A,1.27,N/A,"3,580","7,306,953","183,600",N/A,N/A,N/A,N/A,N/A
356,현대홈쇼핑,"55,100",하락,"1,300",-2.30%,"5,000","1,396",77,"55,400","6,612","1,301",7.94,"12,230","56,500","55,500","51,751",117.05,7.43,"56,500","1,199","13,396","1,742",14.16,4.05,"55,000",175,"12,000","38,535","6,942",0.27,"2,800",86.66
357,프레스티지바이오파마,"11,000",하락,360,-3.17%,0,"29,075",322,"11,040","6,611",-628,30.30,"133,516","11,360","11,120","7,117",9.76,-7.40,"11,430","6,654","1,962",-551,63.30,-7.58,"11,000","1,714","60,096",7,363,1.49,N/A,325.77
358,아이에스동서,"21,650",하락,550,-2.48%,500,"35,974",787,"21,650","6,535","1,697",-3.63,"31,310","22,450","21,700","35,540",-50.17,-10.19,"22,800","2,544","19,968","-1,602",4.51,-4.11,"21,200","9,761","30,187","15,146","-5,961",0.48,"1,000",-25.37
359,한화손해보험,"5,570",하락,240,-4.13%,"5,000","223,886","1,259","5,590","6,502","4,357",2.38,"1,718,985","5,810","5,600","198,342",42.15,10.36,"5,820","38,655","168,811","3,160",14.49,1.67,"5,510","3,375","116,739","65,973","2,336",0.31,0,8.64
360,아세아,"310,500",하락,"3,500",-1.11%,"5,000",407,126,"310,000","6,471","1,724",12.37,"2,378","314,000","311,000","33,343",-28.28,5.58,"314,000",219,"13,044","1,084",7.99,3.28,"309,500",282,"2,084","20,074","25,096",0.44,"5,330",-5.13
361,키움 CD금리투자 ETN,"103,935",상승,20,+0.02%,0,"48,781","5,070","103,935","6,465",N/A,N/A,"49,679","103,937","103,940",N/A,N/A,N/A,"103,940","581,982",N/A,N/A,0.00,N/A,"103,935","581,935","6,220",N/A,N/A,N/A,N/A,N/A
362,KODEX 미국30년국채타겟커버드콜(합성 H),"8,675",상승,15,+0.17%,0,"343,410","2,977","8,670","6,454",N/A,N/A,"714,358","8,675","8,675",N/A,N/A,N/A,"8,680","465,206",N/A,N/A,0.13,N/A,"8,660","370,744","74,400",N/A,N/A,N/A,N/A,N/A
363,LG전자우,"37,550",하락,250,-0.66%,"5,000","23,708",893,"37,450","6,453",N/A,9.82,"59,060","37,900","37,500",N/A,N/A,N/A,"38,000","4,089",N/A,N/A,44.60,N/A,"37,400","3,310","17,186",N/A,"3,825",0.31,N/A,N/A
364,HJ중공업,"7,730",상승,270,+3.62%,"5,000","412,429","3,149","7,690","6,437",73,-188.54,"1,366,287","7,570","7,700","22,044",106.67,1.56,"7,810","8,317","18,610",52,1.94,0.21,"7,460","18,929","83,274","18,860",-41,1.85,N/A,-12.77
365,세진중공업,"11,270",하락,150,-1.31%,500,"235,897","2,671","11,300","6,407",360,29.43,"1,072,663","11,420","11,310","6,209",7.23,6.16,"11,550","6,398","3,715",220,5.50,3.78,"11,200","2,368","56,849","3,524",383,3.38,200,-8.43
366,풍산홀딩스,"44,250",하락,750,-1.67%,"5,000","89,707","3,997","44,100","6,380","1,047",6.27,"356,321","45,400","44,150","13,191",54.41,9.41,"46,350","6,332","2,037","1,000",14.52,7.95,"43,600",622,"14,417","4,494","7,062",0.56,"1,400",10.49
367,넥센타이어,"6,520",하락,100,-1.51%,500,"54,984",359,"6,540","6,368","1,721",5.42,"409,540","6,620","6,550","45,745",-7.94,7.10,"6,620","19,268","27,029","1,267",6.74,2.88,"6,460","2,359","97,668","28,479","1,203",0.35,130,5.41
368,금양,"9,900",보합,0,0.00%,500,0,0,0,"6,333",-560,-4.09,0,0,0,"12,569",-283.36,-40.88,0,0,"7,624","-1,861",5.60,-18.99,0,0,"63,967","1,537","-2,420",1.27,0,1.12
369,ACE 미국배당다우존스,"11,580",하락,150,-1.28%,0,"123,859","1,432","11,575","6,265",N/A,N/A,"411,151","11,605","11,580",N/A,N/A,N/A,"11,605","157,030",N/A,N/A,0.01,N/A,"11,555","188,697","54,100",N/A,N/A,N/A,N/A,N/A
370,카프로,"3,660",보합,0,0.00%,500,0,0,0,"6,185",-324,17.43,0,0,0,"2,392",17.95,102.36,0,0,"1,510",332,0.08,14.56,0,0,"169,000",71,210,7.77,N/A,-90.64
371,KG스틸,"6,150",하락,120,-1.91%,"5,000","40,528",251,"6,160","6,151","2,060",3.50,"142,271","6,270","6,170","33,414",-26.53,6.93,"6,310","5,234","13,812","1,325",6.75,4.05,"6,140","2,988","100,009","33,010","1,757",0.30,250,-3.76
372,유니드,"90,300",상승,300,+0.33%,"5,000","13,013","1,177","90,500","6,111",954,7.95,"66,041","90,500","90,600","13,648",197.62,7.96,"91,400","1,057","3,525",762,9.90,5.81,"89,750",626,"6,768","11,116","11,360",0.59,"1,800",-1.95
373,KODEX 단기채권,"113,490",상승,5,0.00%,0,"2,565",291,"113,480","6,052",N/A,N/A,"19,990","113,480","113,490",N/A,N/A,N/A,"113,495","88,573",N/A,N/A,0.01,N/A,"113,480","85,595","5,333",N/A,N/A,N/A,N/A,N/A
374,코스모화학,"15,720",상승,30,+0.19%,"1,000","48,064",760,"15,760","6,038",-20,-10.07,"127,816","15,970","15,800","12,043",-166.57,-24.71,"16,050","3,228","6,136",-523,7.43,-4.56,"15,680",273,"38,408","7,493","-1,561",2.66,N/A,-6.22
375,롯데손해보험,"1,911",하락,23,-1.19%,"1,000","2,131,862","4,110","1,896","5,931",311,-112.41,"23,362,875","1,935","1,901","155,415",-91.73,2.31,"1,993","47,656","147,472",242,1.03,0.16,"1,884","3,771","310,336","31,515",-17,1.17,N/A,23.15
376,솔루스첨단소재,"8,380",하락,90,-1.06%,100,"36,588",308,"8,430","5,884",-544,-59.43,"138,116","8,530","8,440","20,794",25.67,0.62,"8,550","3,088","9,879",-427,3.92,-2.26,"8,350","3,645","70,217","5,709",-141,1.01,10,32.96
377,TIGER 200 IT,"33,200",상승,65,+0.20%,0,"48,431","1,608","33,170","5,870",N/A,N/A,"168,200","33,255","33,190",N/A,N/A,N/A,"33,525","38,607",N/A,N/A,0.10,N/A,"33,035","28,114","17,680",N/A,N/A,N/A,N/A,N/A
378,신성통상,"4,075",보합,0,0.00%,500,"117,774",479,"4,070","5,856","1,218",8.98,"262,728","4,070","4,075","11,626",-15.22,16.24,"4,075","2,193,846","6,780",737,0.49,6.61,"4,070","1,064,842","143,708","15,079",454,1.13,N/A,-2.25
379,일진하이솔루스,"16,120",하락,60,-0.37%,500,"17,118",277,"16,130","5,854",-95,732.73,"134,045","16,190","16,140","3,443",2.89,0.57,"16,420","1,434",268,18,4.26,0.53,"16,090",484,"36,313",793,22,1.85,N/A,0.71
380,KIWOOM 국고채10년,"116,515",상승,150,+0.13%,0,"2,924",340,"116,505","5,846",N/A,N/A,"31,563","116,485","116,530",N/A,N/A,N/A,"116,555","23,779",N/A,N/A,0.01,N/A,"116,415","28,255","5,017",N/A,N/A,N/A,N/A,N/A
381,제주항공,"7,190",하락,140,-1.91%,"1,000","69,686",504,"7,230","5,798",799,-9.96,"222,443","7,340","7,240","19,985",-52.94,6.84,"7,340","10,512","16,744",217,2.64,1.09,"7,190","12,601","80,641","19,358",-722,1.99,N/A,12.28
382,현대그린푸드,"17,290",하락,130,-0.75%,500,"8,925",155,"17,350","5,729",967,7.73,"87,512","17,770","17,360","9,556",49.10,11.41,"17,770",555,"2,854",745,14.30,8.11,"17,270","1,124","33,136","22,704","2,238",0.84,335,24.27
383,케이씨텍,"27,500",상승,150,+0.55%,500,"44,076","1,225","27,650","5,690",498,11.75,"75,163","27,900","27,700","5,491",52.23,11.28,"28,250","4,413",673,527,12.88,10.04,"27,450","3,115","20,690","3,854","2,341",1.12,270,34.34
384,KODEX 미국30년국채액티브(H),"9,015",상승,25,+0.28%,0,"116,215","1,046","9,010","5,662",N/A,N/A,"713,782","9,000","9,015",N/A,N/A,N/A,"9,015","558,475",N/A,N/A,0.02,N/A,"8,995","557,681","62,810",N/A,N/A,N/A,N/A,N/A
385,쿠쿠홈시스,"25,150",하락,750,-2.90%,100,"20,722",525,"25,400","5,643","1,648",4.64,"44,135","25,750","25,450","13,816",13.77,14.00,"25,900","4,781","3,349","1,361",6.79,10.81,"25,050",971,"22,437","10,572","5,424",0.59,"1,000",10.75
386,한국쉘석유,"431,000",하락,"5,000",-1.15%,"5,000","1,603",696,"431,000","5,603",460,14.61,"3,155","442,500","431,500","1,913",8.65,28.93,"443,000",662,640,367,59.38,19.31,"430,000",174,"1,300","3,272","29,500",5.23,"27,000",2.09
387,KODEX 국고채3년,"62,745",상승,25,+0.04%,0,"7,145",448,"62,740","5,589",N/A,N/A,"70,615","62,730","62,750",N/A,N/A,N/A,"62,760","60,961",N/A,N/A,0.01,N/A,"62,715","57,333","8,908",N/A,N/A,N/A,N/A,N/A
388,대한유화,"85,700",하락,800,-0.92%,"5,000","4,901",420,"85,900","5,570",-599,542.41,"16,362","86,500","86,100","22,197",3.90,-0.47,"86,700",822,"4,121",-85,7.40,-0.39,"85,300",539,"6,500","28,001",158,0.29,"1,000",12.01
389,KODEX 국고채30년액티브,"121,935",상승,245,+0.20%,0,"2,348",285,"121,935","5,558",N/A,N/A,"27,711","121,650","121,975",N/A,N/A,N/A,"121,990","16,012",N/A,N/A,0.01,N/A,"121,605","14,151","4,558",N/A,N/A,N/A,N/A,N/A
390,한일홀딩스,"17,860",하락,270,-1.49%,"1,000","9,680",174,"17,960","5,507","2,793",5.89,"17,695","18,470","17,970","37,090",6.60,7.56,"18,830",648,"14,048","1,985",4.10,5.46,"17,820",597,"30,833","22,487","3,032",0.34,930,-4.84
391,애경케미칼,"11,210",상승,"1,090",+10.77%,500,"5,682,793","65,036","11,830","5,454",155,115.57,"196,371","10,380","11,870","13,564",-65.69,0.54,"11,960","10,488","6,155",85,0.00,0.64,"10,340","37,181","48,649","16,422",97,0.75,281,-8.45
392,KCC글라스,"33,700",하락,700,-2.03%,"1,000","22,262",754,"33,700","5,382",572,32.34,"64,533","34,400","33,750","24,943",-39.82,2.48,"34,400","7,223","10,054",370,8.99,1.57,"33,650",652,"15,971","19,033","1,042",0.37,"1,800",13.29
393,한국금융지주우,"91,700",하락,"2,800",-2.96%,"5,000","17,307","1,591","91,400","5,372",N/A,4.88,"34,319","94,000","91,500",N/A,N/A,N/A,"94,200","2,180",N/A,N/A,14.89,N/A,"90,900",990,"5,858",N/A,"18,792",0.54,N/A,N/A
394,CJ4우(전환),"126,700",하락,"5,100",-3.87%,"5,000","3,699",471,"127,300","5,355",N/A,45.49,"8,483","131,800","127,400",N/A,N/A,N/A,"131,800",516,N/A,N/A,5.13,N/A,"125,900",443,"4,227",N/A,"2,785",0.78,N/A,N/A
395,YG PLUS,"8,410",상승,20,+0.24%,500,"256,431","2,149","8,320","5,334",-7,66.22,"918,228","8,490","8,330","2,378",-103.45,0.73,"8,540","17,028",686,20,5.47,0.86,"8,250","3,405","63,429","1,849",127,3.13,N/A,-17.32
396,KODEX 200타겟위클리커버드콜,"11,015",하락,55,-0.50%,0,"533,175","5,883","11,005","5,331",N/A,N/A,"2,021,486","11,075","11,015",N/A,N/A,N/A,"15,250","11,076","68,547",104,1.77,0.14,"14,090","4,201","37,799","3,797",279,0.77,100,2.30
397,제주은행,"14,100",하락,"1,300",-8.44%,"5,000","750,047","11,033","14,390","5,330",114,50.54,"10,612,094","15,120","14,410","74,448",335.46,1.85,"11,100","327,191",N/A,N/A,0.21,N/A,"11,000","270,483","48,400",N/A,N/A,N/A,N/A,N/A
398,E1,"77,600",하락,"1,500",-1.90%,"5,000","5,613",438,"77,800","5,323","2,176",5.09,"30,553","80,000","77,900","145,398",133.55,3.83,"80,000","1,712","123,507",656,5.78,0.69,"77,400",563,"6,860","111,924","15,251",0.26,"3,450",42.98
399,삼천리,"130,800",하락,"4,700",-3.47%,"5,000","10,113","1,336","131,300","5,304","1,143",4.84,"18,510","135,600","131,400","45,182",-34.49,6.55,"135,900",543,"27,577","1,217",12.19,2.72,"130,500",205,"4,055","51,205","27,036",0.27,"3,000",-9.60
400,RISE 단기특수은행채액티브,"50,035",상승,15,+0.03%,0,"1,862",93,"50,030","5,304",N/A,N/A,"45,669","50,030","50,035",N/A,N/A,N/A,"50,035","85,198",N/A,N/A,0.00,N/A,"50,030","103,626","10,600",N/A,N/A,N/A,N/A,N/A
401,제이알글로벌리츠,"2,685",하락,5,-0.19%,"1,000","174,503",468,"2,685","5,300",310,13.56,"1,103,410","2,705","2,690","21,465",-4.87,2.48,"2,705","185,503","13,405",207,9.83,0.98,"2,670","133,697","197,376",626,198,0.64,N/A,3.49
402,후성,"4,930",하락,110,-2.18%,500,"132,670",662,"4,985","5,288",-96,-8.41,"375,471","5,060","4,995","8,263",79.23,-21.71,"5,070","22,537","4,935",-834,7.52,-9.93,"4,915","9,491","107,255","4,378",-586,1.65,N/A,-16.32
403,코오롱,"41,750",하락,"1,150",-2.68%,"5,000","84,065","3,574","41,700","5,272",-896,3.65,"313,489","43,050","41,750","70,405",-190.15,12.49,"43,850","5,131","46,926","1,576",5.06,2.57,"41,550","1,247","12,626","60,284","11,430",0.34,550,2.55
404,삼양사,"51,100",하락,700,-1.35%,"5,000","5,376",275,"51,000","5,270","1,335",4.73,"24,390","51,700","51,200","33,199",17.95,7.53,"52,100","2,747","13,722","1,364",4.96,4.18,"50,800",575,"10,313","26,718","10,808",0.29,"1,750",0.77
405,JW중외제약,"22,600",하락,550,-2.38%,"2,500","21,753",495,"22,750","5,263",825,9.01,"52,156","22,950","22,800","6,046",-17.76,21.87,"23,100","9,047","2,751",650,6.78,10.41,"22,550","1,613","23,286","7,194","2,507",1.66,450,-3.89
406,대신증권우,"20,050",하락,750,-3.61%,"5,000","40,250",812,"20,050","5,213",N/A,10.85,"96,270","20,750","20,100",N/A,N/A,N/A,"20,750","12,824",N/A,N/A,14.34,N/A,"19,880","25,620","26,000",N/A,"1,848",0.44,N/A,N/A
407,KB KIS CD금리투자 ETN,"52,115",보합,0,0.00%,0,0,0,"52,125","5,212",N/A,N/A,2,"52,115","52,130",N/A,N/A,N/A,"52,115","50,000",N/A,N/A,0.00,N/A,"52,115","50,000","10,000",N/A,N/A,N/A,N/A,N/A
408,PI첨단소재,"17,720",하락,140,-0.78%,500,"21,599",383,"17,700","5,204",349,18.61,"102,148","17,840","17,730","5,275",987.07,7.16,"17,930","2,735","1,896",234,9.64,4.47,"17,640",859,"29,366","2,513",952,1.56,350,15.46
409,대한해운,"1,610",하락,5,-0.31%,500,"1,464,956","2,363","1,620","5,196","3,286",3.46,"10,828,647","1,615","1,622","45,804",31.48,8.93,"1,625","40,968","22,907","1,648",1.68,3.54,"1,605","76,711","322,747","17,472",465,0.25,0,25.03
410,TIGER 인도니프티50,"13,385",상승,5,+0.04%,0,"80,177","1,074","13,410","5,193",N/A,N/A,"183,048","13,380","13,415",N/A,N/A,N/A,"13,560","1,512",N/A,N/A,0.13,N/A,"13,310","52,817","38,800",N/A,N/A,N/A,N/A,N/A
411,신도리코,"51,500",상승,400,+0.78%,"5,000","8,716",446,"50,900","5,191",202,7.95,"36,769","50,800","51,200","11,436",-33.06,7.12,"51,800","1,153",793,732,11.69,6.59,"50,600","2,021","10,080","3,410","6,476",0.42,"1,500",-15.29
412,KODEX 26-12 회사채(AA-이상)액티브,"10,810",상승,5,+0.05%,0,"2,334",25,"10,805","5,182",N/A,N/A,"25,928","10,810","10,810",N/A,N/A,N/A,"10,810","128,861",N/A,N/A,0.00,N/A,"10,805","167,504","47,940",N/A,N/A,N/A,N/A,N/A
413,콜마홀딩스,"15,110",보합,0,0.00%,500,"232,306","3,540","15,280","5,182",381,26.42,"2,519,589","15,010","15,310","12,914",125.94,4.09,"15,500","3,238","4,763",334,19.65,2.59,"14,840","1,104","34,296","6,767",572,0.87,200,6.18
414,바이오노트,"5,040",하락,10,-0.20%,500,"9,254",46,"5,030","5,144",122,12.14,"169,663","5,090","5,060","16,972",125.97,3.46,"5,090","3,855",614,553,0.49,3.36,"5,010","3,271","102,056","1,028",415,0.32,200,14.10
415,LF,"17,520",하락,450,-2.50%,"5,000","25,580",449,"17,580","5,123","1,261",6.71,"88,292","13,170","12,850","8,759",-49.95,6.00,"13,170","1,674","1,838",333,2.77,3.80,"12,600","1,543","40,298","6,585",725,0.64,200,2.04
416,신대양제지,"12,710",하락,480,-3.64%,500,"19,193",245,"12,830","5,122",293,17.53,"44,512","17,900","17,590","29,150",119.84,4.87,"17,960","2,602","11,422",906,13.22,3.20,"16,990",868,"29,240","19,563","2,610",0.31,700,2.92
417,TIMEFOLIO 글로벌AI인공지능액티브,"29,310",하락,490,-1.64%,0,"74,703","2,183","29,285","5,118",N/A,N/A,"580,959","29,185","29,290",N/A,N/A,N/A,"29,310","26,729",N/A,N/A,0.27,N/A,"29,100","46,027","17,460",N/A,N/A,N/A,N/A,N/A
418,TIGER 우량회사채액티브,"117,335",상승,105,+0.09%,0,"6,134",719,"117,370","5,042",N/A,N/A,"148,160","117,240","117,385",N/A,N/A,N/A,"117,385","14,005",N/A,N/A,0.00,N/A,"117,240","14,340","4,297",N/A,N/A,N/A,N/A,N/A
419,TIGER 미국달러단기채권액티브,"12,425",하락,30,-0.24%,0,"43,453",538,"12,410","5,037",N/A,N/A,"133,792","12,415","12,425",N/A,N/A,N/A,"12,425","185,194",N/A,N/A,0.01,N/A,"12,390","134,904","40,540",N/A,N/A,N/A,N/A,N/A
420,OCI,"56,200",하락,"1,300",-2.26%,"5,000","10,014",567,"56,500","5,031","1,105",11.85,"55,935","57,500","56,600","22,830",N/A,N/A,"57,700","2,902","10,414",897,6.83,N/A,"56,200","1,055","8,952","22,153","4,741",0.43,"2,200",N/A
421,HD현대에너지솔루션,"44,900",하락,"1,150",-2.50%,"5,000","49,309","2,225","44,900","5,029",35,27.28,"298,313","46,500","44,950","4,538",-80.03,0.03,"46,500","3,702",841,1,2.96,0.02,"44,100","1,273","11,200","4,224","1,646",1.36,N/A,-22.66
422,엠씨넥스,"27,900",하락,150,-0.53%,500,"12,123",335,"27,850","5,016",444,7.40,"39,602","28,200","27,950","5,741",143.55,18.28,"28,200","2,628","2,019",636,12.45,11.46,"26,600","5,941","17,978","10,571","3,768",1.25,800,13.36
423,퍼시스,"43,450",하락,250,-0.57%,"1,000",184,8,"43,550","4,997",215,15.09,512,"43,700","43,700","6,439",-39.05,8.64,"43,700",85,699,477,19.94,7.69,"43,200",248,"11,500","3,857","2,879",0.68,"1,200",6.28
424,TIGER 테슬라채권혼합Fn,"13,635",하락,190,-1.37%,0,"209,897","2,855","13,605","4,990",N/A,N/A,"551,439","13,590","13,615",N/A,N/A,N/A,"13,645","65,179",N/A,N/A,0.20,N/A,"13,570","29,943","36,600",N/A,N/A,N/A,N/A,N/A
425,해성디에스,"29,000",상승,"1,650",+6.03%,"5,000","161,460","4,638","28,900","4,930",569,12.39,"244,622","28,750","28,950","7,942",-44.52,10.96,"29,300","4,083","2,379",587,7.64,7.92,"27,900","9,360","17,000","6,030","2,340",0.91,800,-10.30
426,삼성 레버리지 WTI원유 선물 ETN,"1,215",하락,12,-0.98%,0,"583,089",705,"1,211","4,909",N/A,N/A,"1,730,314","1,212","1,212",N/A,N/A,N/A,"1,216","7,237,894",N/A,N/A,0.00,N/A,"1,204","7,060,303","404,000",N/A,N/A,N/A,N/A,N/A
427,진에어,"9,370",하락,90,-0.95%,"1,000","27,575",258,"9,360","4,891","1,631",6.69,"174,930","9,390","9,370","12,271",-10.46,51.15,"9,470","7,656","9,959",957,4.30,8.78,"9,330","2,176","52,200","14,613","1,401",1.74,N/A,14.41
428,KODEX 자동차,"18,865",하락,255,-1.33%,0,"380,350","7,204","18,870","4,877",N/A,N/A,"1,455,114","19,080","18,880",N/A,N/A,N/A,"19,165","57,432",N/A,N/A,0.11,N/A,"18,835","41,570","25,850",N/A,N/A,N/A,N/A,N/A
429,고려제강,"17,950",하락,130,-0.72%,"1,000","4,592",82,"18,070","4,846",261,31.44,"26,717","18,080","18,090","26,090",-53.64,1.95,"18,200",132,"6,819",329,5.78,1.30,"17,760","3,682","27,000","17,396",571,0.27,324,-2.75
430,KODEX 미국반도체,"25,575",상승,280,+1.11%,0,"67,776","1,729","25,575","4,846",N/A,N/A,"451,826","25,445","25,580",N/A,N/A,N/A,"25,585","26,753",N/A,N/A,1.10,N/A,"25,425","5,565","18,950",N/A,N/A,N/A,N/A,N/A
431,현대차증권,"7,830",하락,270,-3.33%,"5,000","175,179","1,377","7,820","4,842",547,7.95,"338,119","8,100","7,840","119,920",-16.08,2.80,"8,100","17,347","106,899",362,4.03,0.31,"7,800","6,121","61,833","17,956",985,0.37,153,13.49
432,TIGER 미국테크TOP10타겟커버드콜,"12,925",상승,25,+0.19%,0,"49,426",637,"12,920","4,840",N/A,N/A,"603,688","12,905","12,925",N/A,N/A,N/A,"12,935","290,914",N/A,N/A,0.02,N/A,"12,870","21,826","37,450",N/A,N/A,N/A,N/A,N/A
433,한전산업,"14,800",하락,350,-2.31%,500,"268,820","3,982","14,800","4,825",161,42.05,"4,762,086","14,830","14,810","2,200",-38.00,10.59,"15,140","13,778","1,044",116,1.30,5.49,"14,690","2,007","32,600","3,675",352,4.40,367,1.17
434,동국제강,"9,720",하락,180,-1.82%,"5,000","43,885",428,"9,780","4,822","1,025",59.27,"468,258","9,900","9,820","31,940",-56.49,2.04,"9,910","5,162","14,922",348,26.88,1.04,"9,680",454,"49,608","35,275",164,0.29,600,34.02
435,SPC삼립,"55,700",하락,"1,300",-2.28%,"5,000","8,379",471,"56,000","4,806",950,5.53,"27,973","57,000","56,100","12,408",3.53,19.25,"57,000","1,616","7,610",865,4.39,6.83,"55,700",638,"8,629","34,279","10,076",0.95,"1,800",-0.16
436,ACE 200,"41,970",하락,315,-0.74%,0,"120,723","5,086","41,950","4,806",N/A,N/A,"386,535","42,285","41,970",N/A,N/A,N/A,"42,300","45,080",N/A,N/A,11.52,N/A,"41,900","34,035","11,450",N/A,N/A,N/A,N/A,N/A
437,KODEX 코스피,"31,420",하락,285,-0.90%,0,"98,215","3,098","31,440","4,776",N/A,N/A,"426,847","31,730","31,450",N/A,N/A,N/A,"31,800","74,565",N/A,N/A,0.60,N/A,"31,400","75,164","15,200",N/A,N/A,N/A,N/A,N/A
438,KODEX 미국AI전력핵심인프라,"14,550",하락,245,-1.66%,0,"344,790","5,007","14,540","4,772",N/A,N/A,"1,431,801","14,680","14,555",N/A,N/A,N/A,"14,680","154,287",N/A,N/A,0.35,N/A,"14,500","70,841","32,800",N/A,N/A,N/A,N/A,N/A
439,SBS,"25,700",하락,700,-2.65%,"5,000","19,990",513,"25,750","4,768",-192,34.04,"138,526","26,400","25,800","15,124",-132.90,3.80,"26,400","6,437","6,059",338,0.00,2.36,"25,300","1,320","18,551","10,467",755,0.53,N/A,5.01
440,TIGER 미국달러SOFR금리액티브(합성),"56,410",하락,140,-0.25%,0,"3,949",222,"56,380","4,740",N/A,N/A,"14,378","56,375","56,420",N/A,N/A,N/A,"56,430","15,253",N/A,N/A,0.01,N/A,"56,280","27,657","8,402",N/A,N/A,N/A,N/A,N/A
441,아모레퍼시픽우,"44,850",하락,"1,100",-2.39%,500,"7,953",358,"44,900","4,735",N/A,4.95,"53,583","46,150","45,050",N/A,N/A,N/A,"46,150","1,089",N/A,N/A,46.41,N/A,"44,600",480,"10,558",N/A,"9,057",0.59,N/A,N/A
442,아세아시멘트,"12,660",하락,440,-3.36%,500,"26,187",332,"12,690","4,728","1,408",7.41,"55,073","13,090","12,710","21,954",-4.18,7.65,"13,090","2,631","10,890",801,6.25,3.71,"12,500",461,"37,347","11,103","1,709",0.43,260,-7.51
443,NICE,"12,730",하락,110,-0.86%,500,"26,665",338,"12,740","4,726","1,743",9.67,"109,436","12,840","12,750","35,219",79.68,6.27,"12,840","2,264","21,291","1,009",11.00,2.88,"12,590","1,085","37,128","30,383","1,317",0.60,500,7.78
444,KIWOOM 종합채권(AA-이상)액티브,"109,220",상승,115,+0.11%,0,45,4,"109,175","4,696",N/A,N/A,261,"109,130","109,250",N/A,N/A,N/A,"109,245","12,004",N/A,N/A,0.00,N/A,"109,130","12,000","4,300",N/A,N/A,N/A,N/A,N/A
445,디아이,"16,480",상승,370,+2.30%,500,"278,700","4,614","16,400","4,664",31,59.71,"442,978","16,500","16,430","3,196",-49.81,0.72,"16,900","2,921","1,519",28,7.59,0.92,"16,270","1,922","28,300","2,140",276,2.75,100,-0.27
446,DS단석,"26,450",하락,600,-2.22%,500,"41,442","1,105","26,600","4,651",122,-84.24,"233,358","26,950","26,650","7,358",-84.01,-3.29,"27,000","7,925","4,528",-103,2.28,-1.42,"26,450","1,477","17,584","9,617",-314,1.63,N/A,-10.16
447,풀무원,"12,200",하락,100,-0.81%,500,"25,899",316,"12,200","4,651",918,14.88,"65,543","12,360","12,210","23,312",48.16,11.40,"12,370","2,721","17,477",344,2.98,1.53,"12,140","2,245","38,121","32,137",820,1.52,102,7.36
448,PLUS 머니마켓액티브,"52,355",상승,15,+0.03%,0,"4,661",244,"52,345","4,643",N/A,N/A,"32,791","52,350","52,350",N/A,N/A,N/A,"52,355","59,851",N/A,N/A,0.00,N/A,"52,345","61,405","8,868",N/A,N/A,N/A,N/A,N/A
449,스틱인베스트먼트,"11,100",하락,120,-1.07%,500,"20,786",231,"11,150","4,626",134,-129.07,"123,056","11,170","11,160","2,647",-59.46,3.72,"11,250","2,918",159,93,27.19,3.40,"11,080","2,668","41,678",795,-86,1.71,250,-15.25
450,KODEX 미국나스닥100(H),"17,265",상승,25,+0.15%,0,"98,498","1,700","17,265","4,567",N/A,N/A,"333,796","17,265","17,270",N/A,N/A,N/A,"17,275","205,183",N/A,N/A,0.91,N/A,"17,245","158,851","26,450",N/A,N/A,N/A,N/A,N/A
451,화승엔터프라이즈,"7,510",하락,80,-1.05%,500,"28,473",214,"7,540","4,550",826,13.06,"171,760","7,620","7,550","15,376",537.00,6.38,"7,620","10,378","9,739",344,6.45,2.37,"7,490","4,690","60,589","16,096",575,0.89,45,32.61
452,RISE KIS국고채30년Enhanced,"81,805",상승,420,+0.52%,0,"4,650",379,"81,800","4,538",N/A,N/A,"25,787","81,385","81,835",N/A,N/A,N/A,"81,865","18,011",N/A,N/A,0.03,N/A,"81,385","16,187","5,547",N/A,N/A,N/A,N/A,N/A
453,KODEX 국고채10년액티브,"114,220",상승,95,+0.08%,0,"6,796",776,"114,230","4,536",N/A,N/A,"26,264","114,165","114,250",N/A,N/A,N/A,"114,235","55,049",N/A,N/A,0.00,N/A,"114,115","29,103","3,971",N/A,N/A,N/A,N/A,N/A
454,동아에스티,"48,200",하락,500,-1.03%,"5,000","6,235",301,"48,200","4,508",-250,-567.06,"26,434","49,050","48,300","13,917",-323.66,-0.18,"49,100",640,"6,829",-232,17.85,-1.74,"48,000",537,"9,353","6,979",-85,0.67,785,5.10
455,티웨이항공,"2,085",하락,40,-1.88%,500,"100,469",210,"2,090","4,491",-123,-2.83,"578,409","2,140","2,100","15,624",-108.80,-55.03,"2,140","67,771","14,802",-659,1.08,-4.63,"2,080","30,909","215,379","15,368",-736,13.24,N/A,13.94
456,RISE 미국30년국채엔화노출(합성 H),"8,310",상승,20,+0.24%,0,"178,649","1,479","8,300","4,475",N/A,N/A,"674,909","8,285","8,305",N/A,N/A,N/A,"8,310","331,102",N/A,N/A,0.06,N/A,"8,270","294,882","53,850",N/A,N/A,N/A,N/A,N/A
457,TIGER 미국S&P500(H),"14,495",하락,5,-0.03%,0,"23,914",346,"14,490","4,472",N/A,N/A,"113,493","14,510","14,500",N/A,N/A,N/A,"14,510","63,443",N/A,N/A,0.11,N/A,"14,480","55,789","30,850",N/A,N/A,N/A,N/A,N/A
458,신세계인터내셔날,"12,650",상승,90,+0.72%,"1,000","100,502","1,268","12,650","4,471",268,18.39,"519,751","12,560","12,680","13,331",-44.93,3.85,"12,780","5,073","4,866",327,4.54,2.46,"12,480","1,237","35,343","13,086",688,0.53,400,-3.37
459,TIGER 2차전지소재Fn,"3,615",보합,0,0.00%,0,"1,204,932","4,362","3,625","4,468",N/A,N/A,"2,981,704","3,640","3,630",N/A,N/A,N/A,"3,655","190,157",N/A,N/A,0.67,N/A,"3,580","159,888","123,600",N/A,N/A,N/A,N/A,N/A
460,TCC스틸,"16,960",상승,60,+0.36%,"1,000","53,429",915,"17,070","4,446",123,20.71,"119,125","17,170","17,110","5,740",9.08,8.30,"17,390","1,566","3,149",202,8.19,3.57,"16,930","1,168","26,214","5,821",819,1.77,100,-6.78
461,KODEX 인도Nifty50,"13,620",하락,20,-0.15%,0,"56,589",770,"13,615","4,413",N/A,N/A,"286,299","13,645","13,620",N/A,N/A,N/A,"13,645","56,753",N/A,N/A,0.04,N/A,"13,595","27,553","32,400",N/A,N/A,N/A,N/A,N/A
462,비에이치,"12,770",하락,100,-0.78%,500,"57,682",743,"12,850","4,401",871,16.14,"205,048","13,000","12,860","13,199",2.67,9.90,"13,020","7,116","5,790",776,10.89,6.44,"12,770","1,695","34,464","17,544",791,0.58,250,10.20
463,세아홀딩스,"110,000",상승,"3,100",+2.90%,"5,000",426,46,"108,700","4,400",992,13.73,"2,109","107,000","109,500","61,055",-50.60,1.53,"110,000",375,"29,554",342,1.16,0.58,"107,000",159,"4,000","60,168","8,013",0.20,"4,000",-6.27
464,명신산업,"8,380",하락,230,-2.67%,500,"50,112",423,"8,410","4,397","1,481",4.09,"204,222","8,610","8,420","12,103",-28.83,20.95,"8,610","10,476","5,128","1,291",7.90,11.45,"8,370","2,448","52,470","15,738","2,048",0.62,150,-9.49
465,흥아해운,"1,814",상승,19,+1.06%,500,"6,025,669","11,015","1,857","4,361",275,11.41,"39,446,205","1,785","1,863","4,436",12.12,20.08,"1,870","197,528","2,095",400,1.37,10.39,"1,755","121,402","240,425","1,880",159,1.89,N/A,14.07
466,애경산업,"16,450",상승,260,+1.61%,"1,000","175,833","2,927","16,830","4,344",468,12.75,"91,832","16,690","16,840","4,994",-24.40,10.81,"16,950","2,034",987,425,2.50,8.66,"16,410","1,631","26,410","6,791","1,290",1.06,580,1.53
467,TIGER 은행고배당플러스TOP10,"18,135",하락,175,-0.96%,0,"524,375","9,565","18,180","4,343",N/A,N/A,"1,450,792","18,345","18,190",N/A,N/A,N/A,"18,445","79,333",N/A,N/A,0.10,N/A,"18,130","95,587","23,950",N/A,N/A,N/A,N/A,N/A
468,쏘카,"13,180",하락,40,-0.30%,100,"2,245",29,"13,180","4,329",-98,-24.32,"7,238","13,450","13,210","6,315",-1.14,-15.69,"13,450","4,114","4,480",-310,0.99,-4.73,"13,120",501,"32,842","4,318",-542,2.39,N/A,8.36
469,TIGER 27-04회사채(A+이상)액티브,"53,360",상승,30,+0.06%,0,"3,046",162,"53,350","4,306",N/A,N/A,"16,137","53,365","53,355",N/A,N/A,N/A,"53,365","114,311",N/A,N/A,0.00,N/A,"53,340","93,106","8,070",N/A,N/A,N/A,N/A,N/A
470,부국증권,"41,400",하락,"2,300",-5.26%,"5,000","11,902",499,"41,700","4,293",367,17.24,"21,556","43,650","41,900","16,514",-46.93,4.05,"44,500","1,287","8,811",310,1.53,1.81,"41,150",555,"10,370","7,792","2,402",0.48,"1,500",-4.40
471,코람코라이프인프라리츠,"4,385",보합,0,0.00%,500,"17,222",75,"4,390","4,268",356,11.33,"212,876","4,420","4,395","12,792",96.73,4.96,"4,425","8,298","7,776",238,1.45,1.87,"4,350","4,562","97,335",485,387,0.88,418,54.05
472,한세실업,"10,650",하락,70,-0.65%,500,"43,910",469,"10,660","4,260","1,422",8.62,"82,950","10,720","10,670","14,245",-15.47,8.58,"10,790","4,588","7,149",584,3.96,4.39,"10,600","1,669","40,000","17,978","1,235",0.60,500,5.21
473,드림텍,"6,170",하락,130,-2.06%,100,"47,522",296,"6,200","4,251",236,-362.94,"126,343","6,320","6,210","9,081",-30.82,0.95,"6,320","10,231","3,930",127,57.47,1.50,"6,150","2,371","68,890","11,727",-17,1.06,200,13.81
474,신한 레버리지 WTI원유 선물 ETN(H),846,하락,5,-0.59%,0,"93,495",78,842,"4,230",N/A,N/A,"782,584",842,843,N/A,N/A,N/A,846,"6,751,011",N/A,N/A,0.00,N/A,839,"6,507,242","500,000",N/A,N/A,N/A,N/A,N/A
475,KODEX 미국배당커버드콜액티브,"11,220",하락,50,-0.44%,0,"154,404","1,729","11,215","4,213",N/A,N/A,"659,736","11,210","11,215",N/A,N/A,N/A,"11,225","156,561",N/A,N/A,0.02,N/A,"11,190","102,963","37,550",N/A,N/A,N/A,N/A,N/A
476,세아제강,"148,000",하락,"2,400",-1.60%,"5,000","3,516",524,"148,100","4,198","2,029",3.44,"11,753","151,800","148,200","18,238",N/A,N/A,"152,200",749,"7,113","1,371",9.27,N/A,"147,500",118,"2,836","18,094","43,046",0.37,"7,000",N/A
477,PLUS 종합채권(AA-이상)액티브,"115,665",상승,100,+0.09%,0,101,11,"115,635","4,186",N/A,N/A,23,"116,710","115,675",N/A,N/A,N/A,"116,710","8,002",N/A,N/A,0.00,N/A,"115,665","8,001","3,619",N/A,N/A,N/A,N/A,N/A
478,KIWOOM 200,"41,690",하락,330,-0.79%,0,"131,233","5,486","41,675","4,169",N/A,N/A,"294,121","42,015","41,690",N/A,N/A,N/A,"42,085","215,063",N/A,N/A,0.00,N/A,"41,650","22,338","10,000",N/A,N/A,N/A,N/A,N/A
479,조광피혁,"62,400",하락,200,-0.32%,"5,000","1,379",87,"63,300","4,149",72,35.66,"3,913","62,800","63,400","6,188",13.90,2.58,"64,100",873,754,126,0.52,2.24,"62,400",333,"6,649",902,"1,750",0.39,N/A,-28.70
480,영진약품,"2,265",하락,45,-1.95%,500,"195,268",445,"2,275","4,143",87,-226.50,"476,340","2,315","2,280","2,343",179.79,1.37,"2,315","45,023","1,445",12,3.09,0.54,"2,260","7,110","182,893","2,520",-10,4.56,N/A,7.30
481,두산2우B,"462,000",하락,"1,000",-0.22%,"5,000","2,345","1,102","460,000","4,126",N/A,-47.68,"7,373","471,000","461,000",N/A,N/A,N/A,"487,000",133,N/A,N/A,1.74,N/A,"456,000",59,893,N/A,"-9,690",5.51,N/A,N/A
482,더본코리아,"27,750",하락,500,-1.77%,500,"25,282",706,"27,750","4,090",360,10.71,"35,372","28,350","27,800","3,527",40.75,15.52,"28,350","3,778",851,310,1.39,11.05,"27,650","2,625","14,737","4,642","2,591",1.51,300,13.03
483,삼성FN리츠,"4,455",상승,5,+0.11%,500,"11,111",49,"4,445","4,056",78,153.62,"147,489","4,450","4,455","8,768",24.55,0.66,"4,460","17,142","4,607",26,0.27,0.32,"4,430","15,122","91,050",115,29,0.97,73,23.01
484,맵스리얼티1,"4,350",상승,10,+0.23%,0,"40,330",174,"4,345","4,038",N/A,N/A,"117,314","4,340","4,350",N/A,N/A,N/A,"4,350","26,806",N/A,N/A,2.72,N/A,"4,310","20,050","92,834",N/A,N/A,N/A,N/A,N/A
485,KODEX 미국AI테크TOP10타겟커버드콜,"10,570",상승,70,+0.67%,0,"104,953","1,107","10,565","4,017",N/A,N/A,"456,891","10,550","10,570",N/A,N/A,N/A,"10,575","173,262",N/A,N/A,0.02,N/A,"10,520","217,157","38,000",N/A,N/A,N/A,N/A,N/A
486,BGF,"4,185",하락,105,-2.45%,"1,000","68,654",289,"4,205","4,006",552,4.60,"178,924","4,295","4,210","23,010",-8.82,5.43,"4,300","10,190","3,199",948,2.45,4.24,"4,180","1,595","95,717","4,341",909,0.23,130,21.80
487,대상홀딩스,"10,890",상승,50,+0.46%,"1,000","63,946",696,"10,910","3,944","1,840",31.20,"155,354","10,880","10,920","44,186",60.56,2.70,"10,990","5,981","27,476",799,7.90,1.86,"10,820","11,160","36,213","53,579",349,0.54,270,1.87
488,RISE 200위클리커버드콜,"9,345",하락,45,-0.48%,0,"593,733","5,558","9,340","3,939",N/A,N/A,"1,625,510","9,415","9,345",N/A,N/A,N/A,"9,415","218,703",N/A,N/A,0.04,N/A,"9,340","151,120","42,150",N/A,N/A,N/A,N/A,N/A
489,엘브이엠씨홀딩스,"2,035",하락,30,-1.45%,0,"171,827",350,"2,030","3,932",164,107.11,"612,060","2,065","2,035","7,388",205.09,0.28,"2,075","114,720","2,678",42,11.16,0.61,"2,025","17,619","193,240","2,957",19,0.76,0,13.53
490,수산인더스트리,"27,450",하락,250,-0.90%,200,"38,734","1,069","27,400","3,922",435,10.00,"174,925","27,950","27,550","6,238",-13.40,7.77,"28,150","5,408","1,054",394,1.60,6.41,"27,300","5,305","14,286","3,168","2,745",0.75,800,-2.45
491,KB스타리츠,"3,840",하락,35,-0.90%,500,"7,757",29,"3,855","3,894",266,-29.77,"142,810","3,875","3,860","10,667",-50.14,4.54,"3,875","7,986","6,842",190,0.36,1.81,"3,840","3,338","101,414",382,-129,1.12,180,-41.46
492,남해화학,"7,830",하락,190,-2.37%,"1,000","47,025",369,"7,830","3,890",363,15.72,"169,869","8,040","7,830","7,738",228.08,4.84,"8,040","12,081","2,391",215,3.41,2.68,"7,800","1,381","49,679","15,191",498,0.70,80,-4.34
493,남양유업,"63,300",하락,"1,500",-2.31%,500,"10,779",686,"63,300","3,881",-98,80.03,"14,110","64,400","63,400","7,242",86.28,0.04,"65,400","1,535",924,2,7.29,0.03,"63,200",314,"6,131","9,528",791,0.82,100,-4.41
494,HANARO 200,"41,835",하락,345,-0.82%,0,"37,208","1,562","41,875","3,849",N/A,N/A,"682,844","42,015","41,895",N/A,N/A,N/A,"42,175","81,443",N/A,N/A,22.02,N/A,"41,835","50,605","9,200",N/A,N/A,N/A,N/A,N/A
495,HL홀딩스,"40,700",하락,700,-1.69%,"5,000","3,883",158,"40,700","3,827",904,-19.46,"15,057","41,700","40,750","23,708",-1.88,1.91,"41,700","1,245","13,062",198,10.05,0.85,"40,550",459,"9,404","13,711","-2,091",0.36,"2,000",6.66
496,한섬,"17,030",하락,280,-1.62%,500,"22,139",378,"17,020","3,821",635,10.20,"41,751","17,250","17,020","17,462",-36.83,3.19,"17,310","2,026","3,401",433,22.00,2.50,"16,970",188,"22,438","14,853","1,670",0.26,750,-2.84
497,TIGER 미국나스닥100커버드콜(합성),"9,860",하락,15,-0.15%,0,"38,943",383,"9,860","3,821",N/A,N/A,"171,589","9,875","9,875",N/A,N/A,N/A,"9,895","60,791",N/A,N/A,0.02,N/A,"9,835","73,707","38,750",N/A,N/A,N/A,N/A,N/A
498,TIGER 미국필라델피아AI반도체나스닥,"11,420",상승,240,+2.15%,0,"176,597","2,004","11,340","3,809",N/A,N/A,"500,740","11,345","11,345",N/A,N/A,N/A,"11,420","19,216",N/A,N/A,0.54,N/A,"11,300","13,124","33,350",N/A,N/A,N/A,N/A,N/A
499,현대코퍼레이션,"28,450",하락,"1,000",-3.40%,"5,000","36,139","1,050","28,550","3,764","1,335",3.42,"114,596","30,000","28,750","20,623",34.43,19.70,"30,100","6,284","14,070","1,210",13.47,5.87,"28,450","1,664","13,229","69,957","8,330",0.51,700,6.31
500,대한제강,"16,050",하락,230,-1.41%,"1,000","11,833",191,"16,150","3,758",103,10.34,"11,852","16,450","16,320","11,498",-90.62,4.91,"16,860",699,"2,538",400,4.75,3.53,"15,400",273,"23,414","12,245","1,552",0.35,500,-15.42
