N,종목명,현재가,전일비변동,전일비,등락률,액면가,거래량,거래대금,매수호가,시가총액,영업이익,PER,전일거래량,시가,매도호가,자산총계,영업이익증가율,ROE,고가,매수총잔량,부채총계,당기순이익,외국인비율,ROA,저가,매도총잔량,상장주식수,매출액,주당순이익,PBR,보통주배당금,매출액증가율
1,삼성전자,"60,600",하락,200,-0.33%,100,"1,544,744","93,969",0,"3,587,301","327,260",11.74,"17,340,470","61,200",0,"5,145,319",398.34,9.03,"61,200",0,"1,123,399","344,514",49.74,7.10,"60,400",0,"5,919,638","3,008,709","5,162",1.03,"1,446",16.20
2,SK하이닉스,"287,500",상승,"3,500",+1.23%,"5,000","422,822","121,741",0,"2,093,007","234,673",8.06,"5,134,863","288,500",0,"1,198,552",403.58,31.06,"289,000",0,"459,395","197,969",55.52,17.98,"286,000",0,"728,002","661,930","35,682",2.44,"2,204",102.02
3,삼성바이오로직스,"998,000",상승,"2,000",+0.20%,"2,500","1,623","1,620",0,"710,317","13,201",55.52,"38,057","1,001,000",0,"173,363",18.53,10.45,"1,001,000",0,"64,316","10,833",12.89,6.49,"996,000",0,"71,174","45,473","17,977",6.30,0,23.08
4,LG에너지솔루션,"294,500",상승,"6,500",+2.26%,500,"23,672","6,935",0,"689,130","5,754",-59.21,"219,699","290,000",0,"603,068",-73.40,-4.93,"295,000",0,"293,402","3,386",4.09,0.64,"290,000",0,"234,000","256,196","-4,974",3.26,N/A,-24.08
5,두산에너빌리티,"72,100",상승,"6,300",+9.57%,"5,000","2,502,244","177,403",0,"461,845","10,176",-453.46,"7,601,019","70,400",0,"263,148",-30.65,1.52,"72,100",0,"146,537","3,947",24.43,1.55,"69,700",0,"640,561","162,331",-159,6.07,N/A,-7.71
6,KB금융,"110,100",하락,500,-0.45%,"5,000","95,501","10,571",0,"419,990","80,453",7.64,"1,045,704","111,500",0,"7,578,455",26.00,8.86,"111,600",0,"6,980,304","50,286",78.22,0.68,"109,500",0,"381,462","850,764","14,416",0.69,"3,174",9.77
7,현대차,"205,000",보합,0,0.00%,"5,000","43,794","8,969",0,"419,753","142,396",4.47,"764,378","204,500",0,"3,397,984",-5.87,12.43,"206,000",0,"2,195,225","132,299",36.28,4.25,"204,000",0,"204,758","1,752,312","45,880",0.48,"12,000",7.73
8,한화에어로스페이스,"871,000",하락,"19,000",-2.13%,"5,000","12,511","10,890",0,"411,950","17,319",17.61,"334,673","877,000",0,"433,369",191.41,53.94,"877,000",0,"319,726","25,399",44.71,8.08,"862,000",0,"47,296","112,401","49,447",10.08,"3,500",42.47
9,삼성전자우,"50,300",하락,300,-0.59%,100,"98,719","4,985",0,"410,435",N/A,9.74,"2,037,611","50,700",0,N/A,N/A,N/A,"50,900",0,N/A,N/A,73.91,N/A,"50,200",0,"815,975",N/A,"5,162",0.85,N/A,N/A
10,NAVER,"257,000",하락,500,-0.19%,100,"174,841","44,980",0,"407,183","19,793",22.44,"2,316,733","257,000",0,"381,679",32.94,7.90,"259,500",0,"111,670","19,320",46.20,5.23,"255,500",0,"158,437","107,377","11,452",1.45,"1,130",11.03
11,기아,"97,200",하락,500,-0.51%,"5,000","47,379","4,598",0,"386,538","126,671",4.15,"574,885","96,900",0,"927,559",9.13,19.09,"97,600",0,"369,156","97,750",39.23,11.28,"96,600",0,"397,673","1,074,488","23,440",0.68,"6,500",7.66
12,HD현대중공업,"425,500",상승,"3,500",+0.83%,"5,000","10,887","4,621",0,"377,730","7,052",43.07,"183,253","423,000",0,"193,909",294.77,11.39,"427,000",0,"136,865","6,215",10.91,3.40,"421,500",0,"88,773","144,865","9,880",6.51,"2,090",21.08
13,셀트리온,"159,900",보합,0,0.00%,"1,000","22,218","3,552",0,"355,659","4,920",73.99,"298,661","160,200",0,"210,552",-24.48,2.46,"160,300",0,"34,752","4,189",21.38,2.04,"159,100",0,"222,426","35,573","2,161",2.07,735,63.45
14,신한지주,"60,700",상승,200,+0.33%,"5,000","93,014","5,644",0,"300,976","64,587",6.66,"1,643,936","60,600",0,"7,397,643",5.87,8.11,"61,200",0,"6,809,432","45,582",58.94,0.64,"60,400",0,"495,842","419,028","9,108",0.53,"2,160",6.26
15,삼성물산,"163,400",상승,"4,600",+2.90%,100,"42,506","6,886",0,"277,742","29,834",13.05,"339,200","161,900",0,"619,904",3.95,6.83,"163,800",0,"247,319","27,720",27.01,4.33,"159,100",0,"169,977","421,032","12,523",0.84,"2,600",0.50
16,카카오,"60,700",하락,200,-0.33%,100,"422,936","25,842",0,"268,152","4,602",175.43,"7,751,588","61,200",0,"257,730",-0.14,0.56,"62,000",0,"118,301","-1,619",28.14,-0.64,"60,500",0,"441,767","78,717",346,2.57,68,4.16
17,현대모비스,"288,000",하락,"1,500",-0.52%,"5,000","10,270","2,968",0,"264,370","30,735",6.35,"138,407","291,000",0,"665,969",33.90,9.35,"291,000",0,"204,787","40,602",43.00,6.49,"287,500",0,"91,795","572,370","45,380",0.55,"6,000",-3.41
18,HD한국조선해양,"371,500",상승,"7,500",+2.06%,"5,000","19,187","7,102",0,"262,922","14,341",17.78,"198,330","368,000",0,"367,191",408.07,11.16,"374,500",0,"225,633","14,546",33.09,4.22,"365,000",0,"70,773","255,386","20,895",2.31,"5,100",19.92
19,삼성생명,"128,600",상승,"2,300",+1.82%,500,"16,432","2,109",0,"257,200","24,998",12.13,"438,651","128,500",0,"3,122,188",4.23,6.18,"129,500",0,"2,794,809","22,603",21.93,0.72,"127,200",0,"200,000","337,860","10,600",0.78,"4,500",9.21
20,한화오션,"80,700",상승,"1,300",+1.64%,"5,000","237,024","19,117",0,"247,276","2,379",35.69,"1,769,254","79,400",0,"178,438",221.06,11.52,"81,500",0,"129,805","5,282",12.41,3.32,"79,400",0,"306,413","107,760","2,261",4.86,N/A,45.46
21,한국전력,"38,300",하락,950,-2.42%,"5,000","549,680","21,161",0,"245,872","83,647",4.68,"8,022,808","38,750",0,"2,468,078",284.18,9.22,"39,000",0,"2,054,450","36,220",19.19,1.49,"38,200",0,"641,964","933,989","8,191",0.59,213,5.87
22,하나금융지주,"84,000",하락,200,-0.24%,"5,000","59,544","5,003",0,"239,168","48,552",6.34,"837,186","84,600",0,"6,378,475",3.45,9.11,"84,800",0,"5,942,706","37,685",67.88,0.61,"83,200",0,"284,724","816,143","13,252",0.54,"3,600",17.10
23,SK스퀘어,"180,300",상승,"4,000",+2.27%,100,"48,706","8,721",0,"238,971","39,126",4.86,"945,652","177,700",0,"219,211",267.23,21.70,"180,600",0,"23,356","36,505",51.83,18.30,"176,600",0,"132,541","61,385","37,069",1.16,0,169.41
24,HMM,"22,500",상승,100,+0.45%,"5,000","85,251","1,926",0,"230,634","35,128",4.44,"1,562,326","22,600",0,"338,486",500.72,15.35,"22,700",0,"59,930","37,821",6.96,12.70,"22,500",0,"1,025,039","117,002","5,073",0.71,600,39.27
25,현대로템,"199,900",하락,"1,100",-0.55%,"5,000","70,828","14,039",0,"218,175","4,566",42.86,"1,203,275","199,000",0,"52,854",117.36,21.85,"200,000",0,"32,763","4,053",31.95,7.70,"195,000",0,"109,142","43,766","4,664",9.98,200,22.00
26,POSCO홀딩스,"265,000",상승,"5,000",+1.92%,"5,000","39,078","10,329",0,"214,472","21,736",25.76,"264,091","261,500",0,"1,034,042",-38.45,2.00,"267,000",0,"419,538","9,476",29.44,0.93,"261,500",0,"80,933","726,881","10,286",0.36,"10,000",-5.76
27,삼성화재,"443,500",상승,"8,500",+1.95%,500,"8,556","3,784",0,"204,059","26,496",11.32,"85,938","441,000",0,"872,695",12.40,13.11,"448,000",0,"716,673","20,768",55.92,2.41,"439,000",0,"46,011","226,570","39,171",1.22,"19,000",8.80
28,메리츠금융지주,"112,900",상승,700,+0.62%,500,"14,735","1,652",0,"203,236","31,889",9.24,"236,582","112,200",0,"1,155,782",8.71,23.44,"113,000",0,"1,046,482","23,334",15.99,2.14,"111,300",0,"180,014","465,745","12,216",2.06,"1,350",-20.47
29,HD현대일렉트릭,"491,000",상승,"3,500",+0.72%,"5,000","15,326","7,574",0,"176,991","6,690",31.51,"216,245","496,000",0,"37,955",112.23,39.34,"498,500",0,"22,880","4,984",34.71,14.87,"490,500",0,"36,047","33,223","15,581",11.75,"5,350",22.92
30,크래프톤,"358,500",상승,"1,000",+0.28%,100,"8,359","3,000",0,"169,896","11,825",12.95,"77,468","359,500",0,"79,195",53.96,21.10,"362,500",0,"10,903","13,026",43.11,18.14,"354,500",0,"47,391","27,098","27,686",2.26,0,41.83
31,SK이노베이션,"111,200",상승,"13,400",+13.70%,"5,000","442,426","48,548",0,"167,951","3,155",-5.50,"239,336","107,100",0,"1,105,301",-83.43,-9.65,"112,300",0,"708,812","-23,725",13.74,-2.48,"107,000",0,"151,035","747,170","-20,236",0.69,"2,000",-3.33
32,우리금융지주,"22,250",하락,250,-1.11%,"5,000","161,931","3,577",0,"165,227","42,552",5.74,"2,278,918","22,250",0,"5,257,533",21.61,9.39,"22,250",0,"4,898,581","31,715",46.83,0.62,"21,950",0,"742,592","466,167","3,877",0.49,"1,200",11.03
33,고려아연,"822,000",하락,"22,000",-2.61%,"5,000","2,771","2,277",0,"164,591","7,235",69.08,"81,564","835,000",0,"147,923",9.63,2.28,"844,000",0,"71,969","1,948",12.37,1.45,"806,000",0,"20,023","120,529","11,900",2.02,"17,500",24.20
34,KT&G,"124,500",상승,"1,200",+0.97%,"5,000","18,401","2,295",0,"151,968","11,888",14.02,"338,115","124,600",0,"139,252",1.84,12.66,"125,400",0,"45,668","11,650",43.77,8.73,"123,700",0,"122,062","59,088","8,881",1.48,"5,400",0.79
35,LG화학,"213,000",상승,"4,000",+1.91%,"5,000","21,339","4,544",0,"150,362","9,168",-17.83,"227,948","211,000",0,"938,578",-63.75,-2.11,"214,500",0,"458,623","5,150",30.56,0.60,"211,000",0,"70,592","489,161","-11,946",0.50,"1,000",-11.46
36,카카오뱅크,"30,550",하락,900,-2.86%,"5,000","475,030","14,876",0,"145,720","6,069",31.24,"2,022,611","31,900",0,"628,053",26.83,6.95,"32,250",0,"562,652","4,401",16.97,0.75,"30,550",0,"476,989","29,456",978,2.24,360,18.11
37,삼성중공업,"16,490",상승,330,+2.04%,"1,000","569,166","9,364",0,"145,112","5,027",99.34,"3,841,073","16,250",0,"171,946",115.43,1.77,"16,590",0,"134,452",539,31.61,0.33,"16,250",0,"880,000","99,031",166,3.65,N/A,23.64
38,기업은행,"18,080",하락,220,-1.20%,"5,000","105,978","1,910",0,"144,175","35,941",5.40,"942,054","18,190",0,"4,722,198",4.71,8.06,"18,200",0,"4,379,887","26,543",14.18,0.58,"17,850",0,"797,426","324,300","3,351",0.42,"1,065",13.30
39,SK,"197,600",보합,0,0.00%,200,"27,805","5,510",0,"143,265","23,553",16.09,"248,595","198,800",0,"2,149,778",-50.46,-5.64,"199,600",0,"1,346,902","5,288",23.86,0.25,"197,100",0,"72,503","1,246,904","12,281",0.40,"7,000",-3.19
40,KT,"55,800",상승,"1,400",+2.57%,"5,000","64,948","3,633",0,"140,628","8,095",22.22,"975,631","55,500",0,"418,800",-50.93,2.85,"56,400",0,"238,834","4,171",49.00,0.99,"55,300",0,"252,022","264,312","2,511",0.82,"2,000",0.21
41,삼성SDI,"173,500",상승,"3,800",+2.24%,"5,000","53,627","9,260",0,"139,816","3,633",118.75,"478,562","171,000",0,"405,973",-76.49,3.13,"173,600",0,"190,301","5,755",27.78,1.54,"171,000",0,"80,586","165,922","1,461",0.61,973,-22.60
42,삼성에스디에스,"172,500",하락,800,-0.46%,500,"20,779","3,576",0,"133,477","9,111",17.62,"267,429","171,100",0,"132,383",12.73,8.42,"173,800",0,"35,329","7,895",18.81,6.18,"171,000",0,"77,378","138,282","9,791",1.43,"2,900",4.15
43,하이브,"306,000",상승,500,+0.16%,500,"8,452","2,586",0,"127,455","1,840",243.63,"172,862","305,500",0,"54,792",-37.75,0.31,"307,500",0,"19,654",-34,19.23,-0.06,"302,500",0,"41,652","22,556","1,256",3.87,200,3.56
44,LG,"80,500",상승,800,+1.00%,"5,000","14,099","1,136",0,"126,587","9,668",15.93,"246,687","80,400",0,"316,393",-39.16,2.16,"81,300",0,"35,066","7,905",34.69,2.55,"80,200",0,"157,251","71,755","5,053",0.45,"3,100",-3.62
45,미래에셋증권,"21,650",상승,300,+1.41%,"5,000","395,140","8,616",0,"123,474","11,881",15.87,"4,032,115","21,750",0,"1,371,770",128.02,7.94,"22,200",0,"1,249,133","9,255",12.29,0.69,"21,500",0,"570,316","222,342","1,364",1.04,250,9.22
46,LG전자,"74,500",상승,400,+0.54%,"5,000","33,196","2,469",0,"121,918","34,197",19.48,"434,975","74,300",0,"656,296",-6.40,1.81,"74,700",0,"404,179","5,914",29.37,0.94,"74,000",0,"163,648","877,282","3,825",0.61,"1,000",6.64
47,SK텔레콤,"55,900",하락,300,-0.53%,100,"64,121","3,588",0,"120,068","18,234",9.52,"639,168","55,900",0,"305,153",4.00,10.83,"56,200",0,"186,876","13,871",39.92,4.58,"55,700",0,"214,790","179,406","5,874",1.01,"3,540",1.89
48,LIG넥스원,"534,000",하락,"9,000",-1.66%,"5,000","8,851","4,724",0,"117,480","2,298",47.88,"186,495","535,000",0,"61,253",23.29,19.59,"537,000",0,"48,878","2,166",31.41,4.36,"529,000",0,"22,000","32,763","11,153",9.37,"2,400",41.92
49,두산,"692,000",상승,"41,000",+6.30%,"5,000","27,776","19,146",0,"114,345","10,038",-71.41,"113,057","680,000",0,"301,431",-30.11,-14.57,"699,500",0,"182,536","3,022",13.14,1.03,"678,000",0,"16,524","181,329","-9,690",8.25,"2,000",-5.21
50,한화시스템,"59,200",하락,100,-0.17%,"5,000","92,108","5,456",0,"111,840","2,193",25.40,"1,599,649","59,300",0,"57,240",78.95,19.63,"59,600",0,"33,076","4,454",8.26,8.73,"58,900",0,"188,919","28,037","2,331",3.30,350,14.32
51,카카오페이,"78,400",하락,"5,800",-6.89%,500,"531,206","42,510",0,"105,602",-575,"-2,529.03","7,742,492","82,500",0,"44,147",-1.59,-0.73,"83,400",0,"25,039",-215,37.25,-0.51,"78,200",0,"134,697","7,662",-31,5.63,0,24.52
52,HD현대,"129,100",상승,"2,300",+1.81%,"1,000","13,745","1,765",0,"101,980","29,832",19.42,"338,764","128,500",0,"738,667",46.84,6.36,"129,200",0,"474,816","19,302",22.50,2.72,"127,300",115,"78,993","677,656","6,647",0.99,"3,600",10.49
53,현대글로비스,"135,700",하락,"1,600",-1.17%,500,"7,660","1,043",0,"101,775","17,529",8.57,"119,441","137,100",0,"168,491",12.80,13.24,"137,100",0,"80,398","10,995",49.59,6.96,"135,400",0,"75,000","284,074","15,834",1.14,"3,700",10.61
54,삼성전기,"136,000",상승,500,+0.37%,"5,000","13,011","1,770",0,"101,583","7,350",16.76,"267,773","136,000",0,"127,924",11.27,8.16,"136,500",0,"37,765","7,032",32.54,5.75,"135,600",0,"74,694","102,941","8,115",1.17,"1,800",15.76
55,삼양식품,"1,348,000",상승,"14,000",+1.05%,"5,000","2,186","2,937",0,"101,545","3,446",33.34,"36,785","1,339,000","1,335,000","15,948",133.58,39.37,"1,352,000",18,"7,667","2,713",19.62,19.62,"1,336,000",10,"7,533","17,280","40,436",11.13,"3,300",44.86
56,포스코퓨처엠,"127,700",상승,"4,100",+3.32%,500,"38,847","4,943",0,"98,921",7,-45.71,"216,493","124,900",0,"79,325",-97.99,-7.98,"128,700",80,"46,120","-2,313",9.97,-3.24,"124,700",233,"77,463","36,999","-2,794",3.28,0,-22.27
57,한미반도체,"99,400",하락,"3,500",-3.40%,100,"143,146","14,363",0,"94,740","2,554",69.90,"1,217,448","102,200",0,"7,109",638.74,27.43,"102,300",260,"1,700","1,526",7.53,21.27,"98,600",424,"95,312","5,589","1,422",18.05,720,251.50
58,HD현대마린솔루션,"204,500",상승,"2,000",+0.99%,500,"3,424",695,0,"91,676","2,717",36.60,"67,622","203,000",0,"11,522",34.87,44.98,"204,500",0,"3,787","2,279",29.54,25.20,"201,500",0,"44,829","17,455","5,588",12.81,"3,150",22.02
59,현대건설,"80,400",상승,"1,600",+2.03%,"5,000","136,637","10,895",0,"89,530","-12,634",-44.37,"1,223,431","80,600","80,100","270,054",-260.86,-2.09,"80,600",842,"173,360","-7,662",23.60,-3.02,"78,800",323,"111,356","326,703","-1,812",1.12,600,10.18
60,한국항공우주,"91,700",상승,500,+0.55%,"5,000","32,806","3,000",0,"89,385","2,407",54.00,"801,809","90,900",0,"80,255",-2.74,10.42,"92,000",0,"62,984","1,709",33.63,2.25,"90,600",334,"97,475","36,337","1,698",5.30,500,-4.86
61,LS ELECTRIC,"294,500",상승,"9,500",+3.33%,"5,000","31,181","9,196","289,000","88,350","3,897",38.38,"144,877","295,000","289,500","44,852",19.96,13.44,"298,500",75,"25,951","2,422",24.19,5.90,"292,500",16,"30,000","45,518","7,673",4.78,"2,900",7.60
62,DB손해보험,"122,900",상승,600,+0.49%,500,"4,914",600,0,"87,013","24,249",5.11,"286,680","122,200",0,"665,061",8.50,18.98,"123,100",0,"571,149","18,532",46.29,2.93,"121,400",0,"70,800","218,350","24,043",0.92,"6,800",10.49
63,포스코인터내셔널,"49,000",상승,650,+1.34%,"5,000","27,513","1,348",0,"86,202","11,169",16.02,"226,626","48,550",0,"173,363",-3.97,8.14,"49,350",0,"99,869","5,034",6.03,2.97,"48,550",0,"175,923","323,408","3,058",1.30,"1,550",-2.39
64,대한항공,"23,000",하락,300,-1.29%,"5,000","190,267","4,380",0,"84,691","21,102",6.92,"1,947,735","23,050",0,"470,121",17.88,13.17,"1,073,400","472,747",N/A,N/A,0.00,N/A,"1,073,395","473,010","7,886",N/A,N/A,N/A,N/A,N/A
65,KODEX CD금리액티브(합성),"1,073,395",상승,65,+0.01%,0,"13,708","14,714","1,073,395","84,644",N/A,N/A,"184,072","1,073,395","1,073,400",N/A,N/A,N/A,"23,100","4,914","360,489","13,819",16.25,3.57,"22,900","4,813","368,221","178,707","3,322",0.81,750,10.92
66,유한양행,"104,800",상승,"1,200",+1.16%,"1,000","35,133","3,683",0,"83,807",549,127.65,"426,775","104,800",0,"29,420",-3.77,3.41,"105,600",0,"7,914",552,17.72,1.92,"103,900",0,"79,968","20,678",821,3.80,500,11.23
67,TIGER 미국S&P500,"20,925",상승,150,+0.72%,0,"175,504","3,672",0,"82,873",N/A,N/A,"3,723,777","20,935",0,N/A,N/A,N/A,"20,940",0,N/A,N/A,0.10,N/A,"20,910","4,364","396,050",N/A,N/A,N/A,N/A,N/A
68,HD현대미포,"202,500",상승,"3,400",+1.71%,"5,000","28,153","5,617",0,"80,883",885,52.98,"370,494","195,500",0,"51,089",157.89,5.25,"203,000",0,"30,024","1,132",22.25,2.26,"195,500",0,"39,942","46,300","3,822",3.90,710,14.63
69,효성중공업,"859,000",상승,"2,000",+0.23%,"5,000","1,991","1,709",0,"80,098","3,625",26.42,"44,633","865,000",0,"62,188",40.59,14.90,"865,000",0,"41,632","2,229",22.76,4.06,"850,000",0,"9,325","48,950","32,509",4.07,"5,000",13.82
70,아모레퍼시픽,"136,500",상승,"5,300",+4.04%,500,"57,725","7,828",0,"79,843","2,205",15.07,"307,347","132,700","131,500","67,835",103.83,11.69,"136,900",244,"14,575","6,016",23.16,9.50,"132,700",20,"58,493","38,851","9,057",1.78,"1,125",5.75
71,한진칼,"118,900",상승,600,+0.51%,"2,500","6,532",775,"107,500","79,380",492,17.43,"69,517","118,600","111,200","42,072",14.82,16.75,"120,000",37,"8,940","5,122",20.86,12.82,"117,400",164,"66,762","2,922","6,822",2.45,360,5.96
72,한국금융지주,"142,200",상승,"1,800",+1.28%,"5,000","13,136","1,868",0,"79,242","11,997",7.57,"213,220","142,000",0,"1,092,202",46.24,11.54,"143,100",0,"994,857","10,459",37.16,1.02,"141,100",0,"55,726","211,741","18,792",0.84,"3,980",1.34
73,LG씨엔에스,"77,600",하락,"6,900",-8.17%,500,"635,856","49,522",0,"75,183","5,129",16.88,"6,729,996","80,100",0,"45,045",10.52,18.32,"80,900",0,"23,817","3,649",4.19,8.54,"75,800",130,"96,886","59,826","4,597",2.87,"1,672",6.73
74,SK바이오팜,"91,800",상승,500,+0.55%,500,"11,648","1,068",0,"71,892",963,28.62,"84,585","91,900","91,600","10,368",356.75,58.01,"92,300",310,"4,628","2,270",11.04,25.79,"91,100",6,"78,313","5,476","3,208",12.67,N/A,54.30
75,한화,"93,200",하락,"1,200",-1.27%,"5,000","49,765","4,612",0,"69,862","24,161",8.91,"2,810,892","93,000",0,"2,520,370",0.17,7.19,"93,400",18,"2,124,752","16,904",15.93,0.73,"91,900",114,"74,959","556,468","10,464",0.83,800,4.73
76,코웨이,"96,300",하락,200,-0.21%,500,"9,089",884,0,"69,248","7,954",12.28,"134,953","97,400",0,"57,616",8.77,19.38,"98,500",0,"25,654","5,655",61.45,10.66,"96,200",0,"71,909","43,101","7,843",2.21,"2,630",8.66
77,KODEX 200,"41,750",상승,315,+0.76%,0,"957,556","39,948","41,500","66,925",N/A,N/A,"10,455,566","41,690","41,530",N/A,N/A,N/A,"41,795",147,N/A,N/A,33.10,N/A,"41,650",438,"160,300",N/A,N/A,N/A,N/A,N/A
78,S-Oil,"59,300",상승,"1,100",+1.89%,"2,500","48,097","2,837",0,"66,762","4,222",-17.12,"137,397","58,700","58,300","244,514",-68.83,-2.18,"59,400","2,811","157,558","-1,930",73.20,-0.84,"74,200",149,"89,300","134,666","10,015",0.92,"3,500",2.26
79,삼성증권,"74,700",보합,0,0.00%,"5,000","24,377","1,821",0,"66,707","12,058",7.46,"540,035","75,000",0,"622,739",62.69,12.89,"75,400",0,"549,497","8,990",28.40,1.51,"58,500",5,"112,583","366,370","-3,463",0.80,125,2.55
80,KODEX 머니마켓액티브,"103,185",상승,5,0.00%,0,"12,172","1,255","103,185","64,871",N/A,N/A,"375,789","103,185","103,190",N/A,N/A,N/A,"103,187","645,652",N/A,N/A,0.00,N/A,"103,185","516,396","62,869",N/A,N/A,N/A,N/A,N/A
81,NH투자증권,"19,960",상승,40,+0.20%,"5,000","42,902",857,0,"64,688","9,011",10.33,"995,102","20,000","19,940","624,271",24.16,8.73,"20,150",79,"543,077","6,866",15.94,1.15,"19,830",21,"324,086","100,343","1,932",0.86,950,-3.25
82,LG유플러스,"14,350",상승,10,+0.07%,"5,000","159,269","2,287",0,"62,654","8,631",15.31,"1,186,700","14,340",0,"197,077",-13.52,4.40,"14,450",0,"109,394","3,146",37.49,1.58,"14,280",0,"436,611","146,252",937,0.72,650,1.76
83,LS,"192,000",상승,"5,700",+3.06%,"5,000","21,460","4,100",0,"61,824","10,729",21.77,"475,995","190,000",0,"205,279",19.26,5.09,"194,200",0,"136,468","3,915",14.73,2.02,"189,300",0,"32,200","275,447","8,821",1.08,"1,650",12.52
84,에이피알,"154,600",상승,"5,900",+3.97%,100,"38,772","5,930","148,700","58,816","1,227",43.98,"513,501","150,300","148,800","5,651",17.77,41.34,"155,500",328,"2,416","1,076",23.95,25.24,"149,500",3,"38,044","7,228","3,515",16.49,0,37.98
85,두산밥캣,"60,200",상승,"1,400",+2.38%,500,"94,990","5,717",0,"57,705","8,714",13.07,"398,812","60,200","57,000","120,096",-37.31,8.77,"60,700",325,"51,151","5,634",34.09,5.03,"59,500","1,076","95,856","85,512","4,606",0.84,"1,600",-12.38
86,삼성카드,"49,600",상승,100,+0.20%,"5,000","2,842",140,0,"57,466","8,854",8.56,"73,080","50,000",0,"294,941",9.31,8.00,"50,000",0,"210,079","6,646",6.31,2.28,"49,200",83,"115,859","43,832","5,793",0.63,"2,800",9.47
87,키움증권,"227,500",하락,"1,000",-0.44%,"5,000","5,303","1,206",0,"56,973","10,982",7.80,"174,521","228,500",0,"556,884",94.50,15.98,"229,000",0,"500,565","8,349",23.98,1.55,"225,500",47,"25,043","112,803","29,164",1.07,"7,500",18.18
88,현대차2우B,"157,700",하락,"2,200",-1.38%,"5,000","13,732","2,171",0,"55,138",N/A,3.44,"151,529","159,300","159,900",N/A,N/A,N/A,"159,300",17,N/A,N/A,60.03,N/A,"157,700",279,"34,964",N/A,"45,880",0.37,N/A,N/A
89,한화솔루션,"32,050",하락,900,-2.73%,"5,000","262,265","8,423",0,"55,092","-3,002",-5.65,"4,105,793","31,800",0,"300,368",-151.83,-15.99,"32,525",0,"194,300","-13,690",13.12,-4.99,"31,700",95,"171,893","123,940","-5,673",0.59,300,-5.23
90,맥쿼리인프라,"11,455",하락,65,-0.56%,0,"173,890","1,994",0,"54,861",N/A,N/A,"2,847,374","11,520",0,N/A,N/A,N/A,"11,520",0,N/A,N/A,8.87,N/A,"11,440","2,211","478,922",N/A,N/A,N/A,N/A,N/A
91,넷마블,"59,900",상승,800,+1.35%,100,"9,818",585,0,"51,486","2,156",50.63,"125,406","59,300","59,400","81,771",414.93,0.49,"60,400",7,"27,032",32,25.00,0.04,"59,100",673,"85,954","26,638","1,183",0.91,417,6.46
92,TIGER 미국나스닥100,"136,410",상승,785,+0.58%,0,"16,269","2,219",0,"51,208",N/A,N/A,"298,685","136,430",0,N/A,N/A,N/A,"136,585",0,N/A,N/A,0.06,N/A,"136,355",0,"37,540",N/A,N/A,N/A,N/A,N/A
93,현대오토에버,"183,600",하락,"6,900",-3.62%,500,"11,973","2,214",0,"50,350","2,244",30.52,"117,445","187,100",0,"33,495",23.71,10.40,"188,200",0,"16,190","1,752",2.48,5.66,"183,000",0,"27,424","37,136","6,016",2.99,"1,780",21.16
94,LG생활건강,"319,500",하락,"5,500",-1.69%,"5,000","9,961","3,175",0,"49,900","4,590",31.31,"61,252","321,000","326,500","74,058",-5.74,3.44,"321,500",78,"17,199","2,039",28.04,2.79,"315,500",117,"15,618","68,119","10,204",0.95,"3,500",0.10
95,한국타이어앤테크놀로지,"39,750",상승,100,+0.25%,500,"13,584",539,0,"49,240","17,623",4.57,"311,021","39,900",0,"158,497",32.71,10.79,"39,900",0,"46,549","11,311",35.78,7.91,"39,600",102,"123,875","94,119","8,704",0.43,"2,000",5.28
96,TIGER CD금리투자KIS(합성),"56,237",상승,2,0.00%,0,"17,826","1,002",0,"48,239",N/A,N/A,"121,445","56,235",0,N/A,N/A,N/A,"56,237",0,N/A,N/A,0.03,N/A,"56,235",0,"85,778",N/A,N/A,N/A,N/A,N/A
97,CJ,"162,200",상승,"3,600",+2.27%,"5,000","14,855","2,404",0,"47,325","25,475",58.24,"165,332","161,000",0,"474,970",24.93,1.83,"163,400",79,"297,506","1,512",10.95,0.32,"159,700",41,"29,177","436,467","2,785",1.00,"3,000",5.55
98,LG디스플레이,"9,200",상승,80,+0.88%,"5,000","58,256",535,0,"46,000","-5,606",-2.25,"1,037,501","9,160",0,"328,596",77.67,-37.21,"9,220",0,"247,868","-24,093",20.87,-7.02,"9,160",0,"500,000","266,153","-4,084",0.73,N/A,24.77
99,KODEX 미국S&P500,"19,260",상승,140,+0.73%,0,"114,575","2,205",0,"45,328",N/A,N/A,"5,279,412","19,250",0,N/A,N/A,N/A,"19,270",0,N/A,N/A,0.10,N/A,"19,240",324,"235,350",N/A,N/A,N/A,N/A,N/A
100,두산로보틱스,"68,700",상승,"2,600",+3.93%,500,"174,739","12,195",0,"44,531",-412,-103.31,"2,182,297","70,400",0,"4,217",-114.96,-8.69,"70,700",0,192,-366,2.24,-8.33,"68,600",0,"64,820",468,-665,11.32,N/A,-11.71
101,GS,"46,550",상승,600,+1.31%,"5,000","30,280","1,406","46,200","43,252","30,602",10.70,"328,248","46,400","46,500","350,634",-17.78,4.12,"46,800",616,"165,930","8,635",16.83,2.48,"46,250",64,"92,915","252,975","4,351",0.31,"2,700",-2.62
102,삼성E&A,"22,000",보합,0,0.00%,"5,000","32,454",713,"22,000","43,120","9,716",5.78,"649,955","22,200","22,050","100,133",-2.17,19.65,"22,200",433,"61,176","6,387",45.28,7.17,"21,850",82,"196,000","99,666","3,804",1.01,660,-6.20
103,오리온,"108,100",상승,"1,500",+1.41%,500,"4,230",456,"106,900","42,739","5,436",7.99,"98,942","107,700","107,000","43,084",10.40,16.57,"108,100",13,"7,344","5,332",29.90,13.62,"107,200",11,"39,536","31,043","13,534",1.21,"2,500",6.59
104,SKC,"110,300",하락,"2,100",-1.87%,"5,000","30,918","3,447","113,500","41,769","-2,768",-8.00,"484,271","111,700","114,200","67,487",-29.53,-34.34,"113,600",123,"44,559","-4,551",13.69,-6.60,"110,000",60,"37,868","17,216","-13,786",3.33,N/A,15.27
105,엔씨소프트,"193,400",상승,"7,700",+4.15%,500,"14,368","2,755","188,800","41,666","-1,092",56.75,"72,155","189,000","188,900","39,539",-179.56,2.99,"193,800",8,"8,904",941,33.08,2.26,"188,900",48,"21,544","15,781","3,408",1.24,"1,460",-11.33
106,한전기술,"106,700",상승,"1,300",+1.23%,200,"58,246","6,224","103,700","40,781",548,35.23,"627,562","106,000","104,300","9,468",91.88,10.40,"108,300",60,"3,694",585,11.66,6.50,"105,500",63,"38,220","5,534","3,029",6.76,999,1.52
107,KODEX KOFR금리액티브(합성),"110,630",보합,0,0.00%,0,"5,483",606,"110,630","40,260",N/A,N/A,"175,331","110,630","110,635",N/A,N/A,N/A,"110,632","601,172",N/A,N/A,0.00,N/A,"110,630","574,159","36,392",N/A,N/A,N/A,N/A,N/A
108,현대제철,"29,700",하락,500,-1.66%,"5,000","63,125","1,866","29,500","39,633","1,595",-40.30,"445,702","29,350","29,650","347,438",-80.02,-0.06,"29,850","2,156","154,102",88,18.06,0.03,"29,300",164,"133,446","232,261",-737,0.21,750,-10.38
109,강원랜드,"18,450",상승,170,+0.93%,500,"30,985",572,"18,400","39,472","2,858",9.00,"605,370","18,410","18,500","47,006",1.25,12.09,"18,550",54,"8,170","4,569",13.85,9.99,"18,370",118,"213,940","14,269","2,050",0.99,"1,170",2.76
110,BNK금융지주,"12,330",하락,150,-1.20%,"5,000","50,364",619,"12,410","39,257","8,759",6.13,"736,777","12,410","12,420","1,524,705",9.33,6.96,"12,420","1,099","1,413,229","7,500",39.87,0.50,"12,170","2,163","318,384","100,314","2,012",0.37,650,3.80
111,JB금융지주,"20,200",하락,400,-1.94%,"5,000","16,360",330,"20,500","39,169","9,061",5.90,"472,036","20,300","20,600","667,219",13.26,12.80,"20,300",587,"609,971","6,930",34.58,1.07,"20,000",336,"193,908","46,238","3,422",0.68,995,10.25
112,SK바이오사이언스,"49,300",상승,"1,300",+2.71%,500,"20,424","1,009","47,500","38,636","-1,384",-80.29,"98,098","48,650","47,650","28,436","-1,054.77",-3.07,"50,300",538,"8,211",-501,6.58,-2.13,"48,600",71,"78,369","2,675",-614,2.14,0,-27.59
113,CJ제일제당,"254,000",상승,"4,500",+1.80%,"5,000","6,337","1,601","249,500","38,238","15,530",56.31,"84,249","251,500","251,500","301,500",20.24,1.97,"254,000",179,"179,072","3,618",20.35,1.21,"250,500",113,"15,054","293,591","4,511",0.52,"6,000",1.16
114,한국가스공사,"40,250",상승,400,+1.00%,"5,000","33,578","1,350","39,650","37,156","30,034",3.35,"478,200","39,900","39,700","576,696",93.34,11.21,"40,550","1,662","468,433","11,490",9.94,2.00,"39,900",101,"92,313","383,887","12,001",0.32,"1,455",-13.84
115,한미약품,"288,500",하락,"1,000",-0.35%,"2,500","1,593",459,"284,500","36,960","2,162",33.93,"48,212","289,500","289,500","20,208",-2.04,11.89,"289,500",37,"7,801","1,404",10.36,7.17,"287,000",27,"12,811","14,955","8,502",3.28,"1,250",0.31
116,이수페타시스,"49,500",하락,800,-1.59%,"1,000","76,183","3,785","49,900","36,338","1,019",34.64,"1,010,422","50,000","50,000","7,901",63.87,24.92,"50,500",814,"4,626",740,14.72,10.45,"49,350",323,"73,409","8,369","1,429",9.21,143,23.92
117,현대차우,"155,200",하락,"1,000",-0.64%,"5,000","9,722","1,511","156,100","36,225",N/A,3.38,"134,537","156,000","156,200",N/A,N/A,N/A,"156,100",248,N/A,N/A,60.61,N/A,"155,100",99,"23,341",N/A,"45,880",0.37,N/A,N/A
118,포스코DX,"23,800",상승,250,+1.06%,500,"41,220",979,"23,300","36,184","1,090",43.12,"399,069","23,550","23,450","8,925",-1.42,17.92,"23,950",294,"3,666",886,3.02,9.94,"23,450",240,"152,035","14,733",552,6.76,125,-0.85
119,풍산,"128,200",하락,"8,200",-6.01%,"5,000","83,202","10,871","136,300","35,927","3,238",14.93,"773,262","136,000","136,400","40,966",41.61,11.33,"136,000",69,"18,973","2,360",23.30,6.09,"127,800",56,"28,024","45,544","8,589",1.61,"2,600",10.40
120,LG이노텍,"150,700",상승,"2,900",+1.96%,"5,000","13,668","2,056","148,200","35,666","7,060",9.00,"151,294","149,200","148,400","113,782",-15.02,8.92,"151,400",101,"60,243","4,493",22.81,3.98,"149,200",21,"23,667","212,008","16,750",0.66,"2,090",2.89
121,KODEX 종합채권(AA-이상)액티브,"118,710",하락,80,-0.07%,0,800,94,"118,720","34,327",N/A,N/A,"62,749","118,685","118,790",N/A,N/A,N/A,"118,735","10,010",N/A,N/A,0.00,N/A,"118,600","12,001","28,917",N/A,N/A,N/A,N/A,N/A
122,현대엘리베이터,"85,700",상승,"1,600",+1.90%,"5,000","15,575","1,327","84,500","33,502","2,257",16.03,"184,981","85,000","85,000","35,738",173.22,14.42,"85,800",98,"22,315","1,939",26.04,5.46,"84,500",128,"39,092","28,853","5,347",2.71,"5,500",10.88
123,에코프로머티,"46,350",상승,"1,250",+2.77%,500,"85,939","3,991","43,800","32,414",-647,-77.25,"569,871","45,550","45,100","12,902",-837.74,-5.56,"47,050",166,"5,526",-427,21.86,-3.57,"45,550",229,"69,932","2,998",-600,4.43,0,-68.52
124,TIGER 미국테크TOP10 INDXX,"24,305",상승,260,+1.08%,0,"81,474","1,980","24,045","32,399",N/A,N/A,"7,445,244","24,320","24,050",N/A,N/A,N/A,"24,355",609,N/A,N/A,0.08,N/A,"24,285",419,"133,300",N/A,N/A,N/A,N/A,N/A
125,대한전선,"17,060",상승,620,+3.77%,"1,000","341,225","5,797","16,550","31,808","1,152",40.72,"1,398,106","16,850","16,840","26,427",44.28,5.85,"17,190",191,"11,466",742,6.86,3.28,"16,790",478,"186,447","32,913",419,2.10,N/A,15.73
126,코스맥스,"276,000",상승,"5,500",+2.03%,500,"11,732","3,248","270,500","31,325","1,754",41.94,"83,544","273,000","271,000","19,337",51.61,20.53,"279,000",33,"14,249",884,35.52,5.07,"272,000",29,"11,350","21,661","6,581",7.16,"2,300",21.86
127,한미사이언스,"44,900",상승,300,+0.67%,500,"9,397",420,"43,400","30,708",989,58.24,"114,205","44,800","44,800","13,491",-20.57,7.30,"45,200",22,"5,104",567,1.60,4.40,"44,200",42,"68,392","12,834",771,3.58,300,2.85
128,F&F,"79,800",상승,700,+0.88%,100,"2,322",183,"77,400","30,569","4,507",8.79,"48,616","79,100","79,100","22,859",-18.32,25.27,"79,800",554,"7,086","3,560",11.28,16.59,"78,700",65,"38,307","18,960","9,076",1.90,"1,700",-4.17
129,금호석유화학,"113,100",상승,"1,400",+1.25%,"5,000","4,706",531,"112,000","29,926","2,728",9.29,"97,386","112,800","114,800","83,402",-24.00,5.88,"113,400",49,"22,980","3,486",17.54,4.27,"112,500",948,"26,460","71,550","12,168",0.48,"2,200",13.17
130,서울보증보험,"42,700",상승,100,+0.23%,"2,500","3,128",133,"42,750","29,814","2,797",13.99,"103,615","42,900","42,950","93,336",-46.64,4.12,"43,150",334,"41,581","2,133",1.05,2.31,"42,650",305,"69,822","27,513","3,052",0.59,"2,865",5.41
131,한화생명,"3,355",상승,50,+1.51%,"5,000","121,154",405,"3,315","29,139","10,970",4.31,"2,106,567","3,335","3,320","1,601,464",3.78,6.98,"3,365","1,198","1,458,684","8,660",10.35,0.56,"3,315",111,"868,530","245,852",778,0.22,N/A,7.91
132,영원무역,"65,700",상승,"2,100",+3.30%,500,"4,467",290,"63,600","29,113","3,156",6.76,"66,916","65,000","64,200","53,897",-50.47,12.32,"65,700",17,"14,941","2,945",29.60,5.51,"64,200",8,"44,311","35,178","9,724",0.76,"1,400",-2.40
133,TIGER KOFR금리액티브(합성),"109,130",상승,5,0.00%,0,"5,400",589,"109,125","28,994",N/A,N/A,"54,089","109,130","109,130",N/A,N/A,N/A,"109,130","36,185",N/A,N/A,0.00,N/A,"109,125","85,483","26,568",N/A,N/A,N/A,N/A,N/A
134,롯데지주,"27,600",하락,250,-0.90%,200,"17,744",489,"28,000","28,955","3,405",-2.69,"375,815","27,750","28,050","226,603",-31.04,-15.56,"27,850",7,"134,605","-9,461",7.70,-4.13,"27,250",373,"104,909","157,570","-10,260",0.32,"1,200",3.94
135,시프트업,"49,000",상승,350,+0.72%,200,"5,434",265,"48,750","28,803","1,527",18.03,"134,276","48,750","48,900","8,038",37.47,31.30,"49,200",222,394,"1,480",37.61,29.37,"48,750",3,"58,782","2,241","2,717",3.62,0,32.91
136,동서,"28,250",상승,100,+0.36%,500,"7,929",222,"27,700","28,165",445,18.96,"130,820","28,250","28,050","17,791",1.66,9.52,"28,250",258,697,"1,590",4.26,9.16,"27,800",7,"99,700","4,889","1,490",1.69,890,-0.17
137,KCC,"313,500",상승,"4,000",+1.29%,"5,000","1,414",441,"309,000","27,859","4,711",-23.70,"26,774","313,000","311,000","131,086",50.74,6.08,"313,500",7,"80,692","2,933",9.70,2.22,"311,500",203,"8,886","66,588","-13,230",0.37,"10,000",5.89
138,TIGER 200,"41,715",상승,270,+0.65%,0,"99,220","4,138","41,460","27,657",N/A,N/A,"4,244,631","41,690","41,470",N/A,N/A,N/A,"41,780","6,635",N/A,N/A,11.15,N/A,"41,640",28,"66,300",N/A,N/A,N/A,N/A,N/A
139,KODEX 200TR,"14,875",상승,105,+0.71%,0,"30,349",451,"14,780","27,400",N/A,N/A,"437,173","14,885","14,870",N/A,N/A,N/A,"14,910","8,134",N/A,N/A,0.01,N/A,"14,845",52,"184,200",N/A,N/A,N/A,N/A,N/A
140,한전KPS,"60,700",상승,500,+0.83%,200,"37,831","2,286","60,700","27,315","2,095",19.50,"927,419","60,500","60,800","16,902",5.08,13.26,"60,900",38,"3,617","1,724",12.30,10.49,"59,800",29,"45,000","15,571","3,113",2.24,"2,469",1.52
141,KODEX 레버리지,"23,210",상승,295,+1.29%,0,"2,595,226","60,262","23,005","27,249",N/A,N/A,"27,277,255","23,205","23,010",N/A,N/A,N/A,"23,310",20,N/A,N/A,0.13,N/A,"23,120","24,712","117,400",N/A,N/A,N/A,N/A,N/A
142,KODEX 미국나스닥100,"20,515",상승,115,+0.56%,0,"67,218","1,378","20,400","26,680",N/A,N/A,"1,033,595","20,510","20,405",N/A,N/A,N/A,"20,535","6,184",N/A,N/A,0.15,N/A,"20,500",90,"130,050",N/A,N/A,N/A,N/A,N/A
143,산일전기,"87,500",상승,"3,300",+3.92%,500,"243,549","21,654","87,000","26,640","1,092",27.22,"384,076","88,100","87,100","4,927",134.38,29.88,"91,000",138,584,837,9.63,24.47,"87,000",19,"30,445","3,340","3,214",5.88,420,55.68
144,TIGER 미국필라델피아반도체나스닥,"19,875",상승,50,+0.25%,0,"112,612","2,238","19,825","26,076",N/A,N/A,"1,443,443","19,855","19,830",N/A,N/A,N/A,"19,900","3,666",N/A,N/A,0.87,N/A,"19,855",575,"131,200",N/A,N/A,N/A,N/A,N/A
145,에스원,"68,500",상승,600,+0.88%,500,"2,451",167,"67,900","26,029","2,092",14.61,"35,746","68,400","68,600","23,227",-1.58,10.85,"68,800",467,"6,620","1,767",56.03,7.85,"67,800",124,"37,999","28,047","4,687",1.44,"2,700",7.02
146,롯데케미칼,"59,900",상승,"1,300",+2.22%,"5,000","12,820",761,"59,900","25,622","-8,941",-1.41,"393,149","59,200","60,000","345,523",-157.14,-11.44,"59,900",124,"145,644","-18,256",20.88,-5.37,"59,100",328,"42,775","204,304","-42,451",0.18,"2,000",2.43
147,한화비전,"50,400",하락,600,-1.18%,500,"48,857","2,481","51,400","25,446",-1,79.37,"868,929","51,500","51,500","15,911",N/A,N/A,"51,500","1,178","7,664",32,19.27,N/A,"50,200",130,"50,488","4,933",635,3.07,N/A,N/A
148,아모레퍼시픽홀딩스,"31,600",상승,"1,000",+3.27%,500,"12,788",402,"30,550","25,109","2,493",11.23,"161,246","31,250","30,900","85,405",64.00,7.57,"31,700",4,"15,488","6,529",10.03,8.07,"30,950",120,"79,458","42,599","2,813",0.85,330,5.93
149,HD현대인프라코어,"12,750",상승,200,+1.59%,"1,000","112,205","1,414","11,500","24,555","1,842",30.87,"1,424,429","12,450","12,530","42,872",-55.97,5.92,"12,780",60,"24,400","1,084",14.43,2.49,"12,450",198,"192,591","41,142",413,1.30,70,-11.71
150,농심,"393,500",상승,"1,000",+0.25%,"5,000","2,753","1,079","391,000","23,935","1,631",15.32,"16,334","393,000","392,000","35,975",-23.10,6.17,"394,500",156,"9,249","1,576",17.79,4.61,"391,000",7,"6,083","34,387","25,679",0.84,"5,000",0.83
151,이마트,"86,600",상승,900,+1.05%,"5,000","9,706",838,"85,400","23,898",471,-4.42,"111,452","85,900","85,700","339,306",200.35,-5.40,"86,800",9,"207,466","-5,734",23.15,-1.70,"85,700",87,"27,596","290,209","-19,614",0.23,"2,000",-1.53
152,현대해상,"26,700",상승,50,+0.19%,500,"16,103",428,"26,650","23,870","12,441",3.50,"354,406","26,900","26,700","485,238",67.33,15.75,"26,900",247,"437,804","8,505",35.21,1.84,"26,400",28,"89,400","173,245","7,619",0.52,N/A,8.86
153,RISE 머니마켓액티브,"54,362",하락,3,-0.01%,0,"14,385",782,"54,360","23,758",N/A,N/A,"415,503","54,365","54,365",N/A,N/A,N/A,"54,365","232,107",N/A,N/A,1.18,N/A,"54,360","117,662","43,704",N/A,N/A,N/A,N/A,N/A
154,SK가스,"252,500",상승,"4,000",+1.61%,"5,000",528,132,"248,500","23,344","2,872",9.47,"10,595","247,500","250,000","75,396",-5.41,6.74,"254,000",59,"48,013","1,778",7.37,2.61,"247,000",40,"9,245","70,959","26,657",0.82,"8,000",1.48
155,제일기획,"20,250",상승,50,+0.25%,200,"20,923",424,"20,200","23,296","3,207",12.06,"237,563","20,250","20,350","33,066",4.29,15.12,"20,400",279,"18,325","2,083",23.97,6.73,"20,200",60,"115,041","43,443","1,679",1.48,"1,230",4.98
156,한화엔진,"27,900",상승,350,+1.27%,"1,000","44,948","1,244","26,750","23,282",715,27.82,"495,321","27,200","27,400","14,131",719.51,25.64,"27,950","1,008","10,198",792,12.77,6.21,"27,200","1,336","83,447","12,022","1,003",5.63,N/A,40.71
157,달바글로벌,"189,800",상승,"4,800",+2.59%,100,"31,515","5,981","186,000","22,958",598,133.01,"182,428","188,000","186,500","1,361",84.44,26.21,"191,500",53,340,154,5.18,14.39,"187,200",23,"12,096","3,091","1,427",17.46,305,53.91
158,한국콜마,"95,900",상승,"4,200",+4.58%,500,"50,788","4,821","91,800","22,637","1,939",23.34,"275,484","93,300","91,900","31,267",42.39,12.50,"96,200",320,"16,210","1,253",39.60,4.09,"93,000",56,"23,605","24,521","4,109",2.87,720,13.75
159,ACE 미국30년국채액티브(H),"7,705",하락,45,-0.58%,0,"234,026","1,804","7,735","22,568",N/A,N/A,"1,764,869","7,740","7,740",N/A,N/A,N/A,"7,740",761,N/A,N/A,0.01,N/A,"7,700","6,837","292,900",N/A,N/A,N/A,N/A,N/A
160,KODEX CD1년금리플러스액티브(합성),"1,021,770",상승,55,+0.01%,0,126,128,"1,021,770","22,288",N/A,N/A,"5,603","1,021,770","1,021,775",N/A,N/A,N/A,"1,021,775","385,984",N/A,N/A,0.00,N/A,"1,021,770","384,000","2,181",N/A,N/A,N/A,N/A,N/A
161,미스토홀딩스,"36,150",상승,950,+2.70%,"1,000","20,583",739,"35,350","21,725","3,608",23.13,"163,632","35,500","35,400","55,364",18.88,4.30,"36,250",22,"28,001","2,077",39.17,3.95,"35,400",205,"60,096","42,687","1,563",1.05,"1,200",6.54
162,DL이앤씨,"55,000",상승,300,+0.55%,"5,000","21,531","1,180","53,700","21,281","2,709",10.11,"974,434","54,700","54,000","97,124",-18.06,4.77,"55,400",632,"48,667","2,292",29.22,2.41,"54,300",91,"38,694","83,184","5,440",0.47,540,4.10
163,한온시스템,"3,130",상승,5,+0.16%,100,"29,528",92,"3,120","21,245",955,-4.54,"919,699","3,125","3,125","106,203",-66.31,-13.90,"3,145","1,873","76,215","-3,586",4.93,-3.61,"3,090","2,840","678,763","99,987",-690,0.74,N/A,5.01
164,롯데쇼핑,"75,000",상승,500,+0.67%,"5,000","4,083",305,"74,700","21,217","4,731",-2.06,"79,535","74,700","74,900","390,030",-6.94,-7.75,"75,300",6,"219,694","-9,941",8.13,-2.86,"74,300",323,"28,289","139,866","-36,401",0.14,"3,800",-3.91
165,ACE 미국S&P500,"21,140",상승,145,+0.69%,0,"38,484",813,"20,995","21,161",N/A,N/A,"409,614","21,140","21,000",N/A,N/A,N/A,"21,155","2,541",N/A,N/A,0.08,N/A,"21,115","2,716","100,100",N/A,N/A,N/A,N/A,N/A
166,iM금융지주,"12,480",하락,70,-0.56%,"5,000","29,771",369,"12,550","20,766","2,634",8.18,"566,704","12,530","12,560","941,486",-50.69,3.60,"12,530",806,"879,429","2,016",43.64,0.22,"12,350",106,"166,393","80,505","1,525",0.34,500,-2.58
167,DB하이텍,"46,700",상승,600,+1.30%,"5,000","12,105",565,"47,450","20,734","1,908",8.97,"116,594","46,450","47,500","23,969",-28.10,12.44,"47,050",222,"3,962","2,294",26.50,10.33,"46,200",270,"44,399","11,312","5,205",0.99,"1,230",-2.00
168,BGF리테일,"119,600",상승,500,+0.42%,"1,000","2,816",335,"117,700","20,672","2,516",11.16,"57,678","120,000","118,000","34,026",-0.61,17.29,"120,100",13,"22,185","1,952",27.90,5.90,"118,100",27,"17,284","86,988","10,714",1.83,"4,100",6.15
169,TIGER 미국배당다우존스,"11,510",상승,40,+0.35%,0,"98,082","1,128","11,470","20,263",N/A,N/A,"1,001,560","11,480","11,475",N/A,N/A,N/A,"11,510","7,085",N/A,N/A,0.05,N/A,"11,480",103,"176,050",N/A,N/A,N/A,N/A,N/A
170,호텔신라,"51,600",상승,100,+0.19%,"5,000","15,461",797,"50,300","20,252",-52,-31.23,"194,002","51,600","51,300","38,139",-105.68,-6.50,"51,900","2,021","25,295",-615,12.75,-1.80,"51,400",15,"39,248","39,476","-1,652",1.53,N/A,10.62
171,CJ대한통운,"88,500",상승,"1,000",+1.14%,"5,000","1,913",169,"88,000","20,189","5,307",8.59,"54,219","88,400","88,300","97,439",10.50,6.58,"88,700",3,"55,183","2,683",13.61,2.81,"88,100",17,"22,812","121,168","10,305",0.45,800,2.97
172,아시아나항공,"9,710",상승,40,+0.41%,"5,000","2,422",23,"9,700","20,002","2,757",-8.83,"70,501","9,700","9,710","134,499",-55.53,-53.21,"9,720","1,071","124,468","-4,130",2.77,-3.12,"9,670",240,"205,991","83,186","-1,100",1.97,N/A,9.12
173,코리안리,"10,250",하락,40,-0.39%,500,"2,793",28,"10,310","19,969","4,054",5.64,"209,253","10,310","10,340","131,604",11.48,9.45,"10,310",367,"97,075","3,167",27.70,2.51,"10,200",143,"194,821","69,579","1,816",0.53,515,-0.08
174,씨에스윈드,"47,250",하락,350,-0.74%,500,"12,967",610,"46,550","19,926","2,555",7.22,"397,117","46,850","46,600","36,095",145.19,13.92,"47,450",209,"24,092","1,437",12.75,4.44,"46,800",133,"42,171","30,725","6,546",1.62,"1,000",102.12
175,팬오션,"3,710",하락,5,-0.13%,"1,000","34,153",126,"3,700","19,833","4,712",7.09,"1,272,081","3,705","3,710","102,715",22.11,5.17,"3,740","4,220","46,181","2,681",14.99,2.96,"3,700",590,"534,570","51,612",523,0.35,120,18.35
176,더존비즈온,"65,100",상승,100,+0.15%,500,"14,845",968,"62,500","19,779",881,36.82,"366,871","65,600","64,500","10,376",27.50,12.17,"66,000",43,"4,828",780,10.30,8.12,"64,600",29,"30,383","4,023","1,768",3.56,477,13.79
177,SK아이이테크놀로지,"27,300",상승,650,+2.44%,"1,000","21,067",570,"26,600","19,464","-2,910",-9.46,"187,681","27,050","26,650","41,501",-680.51,-10.41,"27,350",36,"18,256","-2,466",6.69,-5.99,"26,800",60,"71,298","2,179","-2,886",0.81,N/A,-66.40
178,신영증권,"117,800",상승,600,+0.51%,"5,000","1,868",219,"117,200","19,366","1,361",17.83,"21,266","118,000","118,000","103,796",-20.09,6.45,"118,500",78,"85,469","1,123",6.96,1.04,"117,300",115,"16,440","24,664","6,607",0.52,"5,000",-10.78
179,한솔케미칼,"169,100",상승,"2,100",+1.26%,"5,000","3,112",524,"167,000","19,168","1,288",15.06,"57,545","166,600","169,000","14,647",3.77,13.48,"169,900",17,"3,932","1,249",33.21,8.87,"165,400",8,"11,335","7,764","11,232",1.89,"2,100",0.61
180,KODEX 코스닥150레버리지,"7,970",하락,45,-0.56%,0,"2,705,455","21,587","7,945","18,682",N/A,N/A,"26,085,103","8,020","7,950",N/A,N/A,N/A,"8,040","9,215",N/A,N/A,0.36,N/A,"7,940",21,"234,400",N/A,N/A,N/A,N/A,N/A
181,신세계,"191,300",상승,"2,400",+1.27%,"5,000","3,535",676,"188,900","18,451","4,770",30.11,"43,480","191,500","190,000","150,718",-25.44,2.54,"192,000",24,"86,971","1,866",12.14,1.25,"190,500",17,"9,645","65,704","6,353",0.40,"4,500",3.36
182,동원산업,"46,450",상승,800,+1.75%,"1,000","2,058",95,"45,650","18,405","5,013",25.95,"61,671","46,100","46,450","71,582",7.87,2.74,"46,700",13,"39,118","1,136",1.86,1.53,"45,850",14,"39,624","89,442","1,790",0.65,"1,000",-0.05
183,GS건설,"21,400",상승,100,+0.47%,"5,000","30,816",657,"21,300","18,314","2,860",13.18,"528,474","21,350","21,400","178,033",173.71,5.63,"21,500",249,"127,162","2,639",23.15,1.49,"21,150",206,"85,581","128,638","1,624",0.41,300,-4.26
184,엘앤에프,"50,400",상승,900,+1.82%,500,"24,740","1,241","49,500","18,303","-5,587",-4.85,"420,983","49,950","49,750","27,998",-151.32,-41.74,"50,600",639,"20,765","-3,807",16.34,-12.38,"49,850",38,"36,316","19,075","-10,395",2.82,0,-58.93
185,영원무역홀딩스,"134,900",상승,100,+0.07%,500,"1,503",202,"133,700","18,210","5,170",5.55,"28,759","135,000","134,000","65,767",-40.75,13.17,"137,300",49,"15,896","4,956",20.69,7.65,"133,000",23,"13,499","43,060","24,299",0.57,"5,350",-1.14
186,일진전기,"37,400",하락,200,-0.53%,"1,000","233,841","8,859","37,950","17,834",797,31.59,"4,894,345","38,000","38,000","12,490",31.25,10.60,"38,450",907,"7,487",462,9.45,4.24,"37,200","1,714","47,685","15,772","1,184",3.50,300,26.51
187,한국앤컴퍼니,"18,770",하락,10,-0.05%,500,"1,907",35,"18,780","17,819","4,183",5.06,"127,344","18,900","18,850","51,364",63.03,8.28,"18,900",197,"6,836","3,507",10.33,7.17,"18,730",28,"94,935","13,910","3,709",0.40,"1,000",27.65
188,대우건설,"4,250",상승,10,+0.24%,"5,000","72,952",309,"4,240","17,664","4,031",8.76,"1,472,328","4,225","4,250","126,585",-39.15,5.62,"4,265","2,378","83,244","2,428",11.64,2.03,"4,215",227,"415,623","105,036",485,0.40,N/A,-9.82
189,SNT다이내믹스,"53,100",하락,"1,000",-1.85%,"2,500","4,749",252,"54,100","17,657","1,105",17.48,"83,051","53,600","54,300","10,341",165.67,12.90,"53,800",482,"2,437",961,8.24,9.20,"52,800",216,"33,253","6,145","3,038",1.51,"1,300",26.44
190,TIGER 25-10 회사채(A+이상)액티브,"55,095",상승,10,+0.02%,0,"9,316",513,"55,085","17,405",N/A,N/A,"114,452","55,085","55,090",N/A,N/A,N/A,"55,095","15,398",N/A,N/A,0.14,N/A,"55,085","14,107","31,590",N/A,N/A,N/A,N/A,N/A
191,현대백화점,"76,500",상승,"1,100",+1.46%,"5,000","2,334",178,"75,000","17,311","2,840",-48.63,"93,591","76,200","75,300","112,177",-6.40,-0.81,"76,800",106,"49,833",-8,22.60,-0.01,"75,500",17,"22,629","41,876","-1,573",0.38,"1,400",-0.47
192,HD현대마린엔진,"50,200",상승,100,+0.20%,"2,500","18,064",905,"50,100","17,029",332,19.46,"210,545","50,000","50,300","4,950",80.60,28.34,"50,700",359,"1,856",758,14.04,15.97,"49,900",149,"33,921","3,158","2,579",5.21,N/A,29.23
193,대웅제약,"143,700",상승,400,+0.28%,"2,500",967,138,"143,100","16,650","1,479",43.27,"16,690","144,200","143,300","19,770",20.68,3.17,"144,200",3,"10,500",233,9.21,1.25,"143,000",46,"11,587","14,227","3,321",2.06,600,3.44
194,두산우,"411,000",상승,"17,500",+4.45%,"5,000","16,940","7,004","402,000","16,425",N/A,-42.41,"41,719","408,500","406,000",N/A,N/A,N/A,"420,000",25,N/A,N/A,1.46,N/A,"405,500",20,"3,996",N/A,"-9,690",4.90,N/A,N/A
195,KODEX 단기채권PLUS,"114,855",상승,10,+0.01%,0,"1,300",149,"114,845","16,204",N/A,N/A,"48,538","114,845","114,850",N/A,N/A,N/A,"114,860","3,844",N/A,N/A,0.00,N/A,"114,845","14,023","14,108",N/A,N/A,N/A,N/A,N/A
196,RISE 종합채권(A-이상)액티브,"110,235",하락,15,-0.01%,0,472,52,"110,010","15,798",N/A,N/A,"1,233","110,160","110,250",N/A,N/A,N/A,"110,250","6,001",N/A,N/A,0.00,N/A,"110,130","4,011","14,331",N/A,N/A,N/A,N/A,N/A
197,ACE 미국나스닥100,"23,460",상승,145,+0.62%,0,"21,323",500,"23,310","15,765",N/A,N/A,"459,800","23,480","23,315",N/A,N/A,N/A,"23,480",355,N/A,N/A,0.05,N/A,"23,445",341,"67,200",N/A,N/A,N/A,N/A,N/A
198,오뚜기,"392,500",상승,"1,500",+0.38%,"5,000",209,81,"391,000","15,731","2,220",12.85,"4,587","391,500","393,500","35,974",-12.90,6.86,"392,500",66,"14,159","1,376",11.72,3.88,"390,500",35,"4,008","35,391","30,537",0.66,"9,000",2.45
199,TIGER 차이나전기차SOLACTIVE,"9,260",상승,55,+0.60%,0,"42,236",391,"9,200","15,690",N/A,N/A,"828,462","9,230","9,205",N/A,N/A,N/A,"9,280",298,N/A,N/A,0.52,N/A,"9,230","2,148","169,440",N/A,N/A,N/A,N/A,N/A
200,HDC현대산업개발,"23,750",하락,550,-2.26%,"5,000","12,200",291,"24,250","15,653","1,846",8.73,"189,621","24,250","24,300","74,619",-5.47,5.09,"24,250",345,"43,473","1,557",13.62,2.15,"23,700",532,"65,907","42,562","2,722",0.49,700,1.56
201,두산퓨얼셀,"23,750",상승,"1,150",+5.09%,100,"117,706","2,769","22,600","15,555",-17,-95.38,"305,718","23,500","22,700","11,797",N/A,N/A,"23,900","3,212","6,808",-105,10.50,N/A,"23,200",100,"65,494","4,118",-249,3.98,N/A,N/A
202,다우기술,"34,450",상승,250,+0.73%,500,"12,803",441,"34,000","15,457","11,747",4.36,"128,603","34,050","34,200","571,479",83.58,13.16,"34,800",53,"508,554","8,528",24.33,1.54,"33,950",126,"44,867","116,258","7,909",0.51,"1,400",17.97
203,HL만도,"32,700",상승,50,+0.15%,"1,000","13,067",427,"32,650","15,355","3,588",84.28,"422,790","32,850","32,750","70,520",28.46,5.47,"32,950",393,"43,793","1,582",24.95,2.37,"32,600",160,"46,957","88,482",388,0.64,700,5.42
204,TIGER MSCI Korea TR,"17,245",상승,60,+0.35%,0,"2,393",41,"17,065","15,020",N/A,N/A,"14,239","17,170","17,185",N/A,N/A,N/A,"17,320","13,983",N/A,N/A,0.00,N/A,"17,170","14,050","87,100",N/A,N/A,N/A,N/A,N/A
205,녹십자,"126,300",상승,300,+0.24%,"5,000","1,108",140,"125,700","14,760",321,51.38,"25,029","126,200","126,300","27,439",-6.76,-2.06,"126,800",47,"12,629",-426,19.35,-1.58,"126,200",121,"11,687","16,799","2,458",1.15,"1,500",3.27
206,에스엘,"31,600",상승,100,+0.32%,500,"4,926",155,"31,500","14,678","3,952",4.17,"194,855","31,650","31,550","36,989",2.33,17.42,"31,800",153,"13,016","3,820",15.96,11.02,"31,500",135,"46,449","49,733","7,575",0.62,"1,200",2.78
207,한화투자증권,"6,700",하락,20,-0.30%,"5,000","168,469","1,128","6,720","14,375",40,"-2,233.33","3,026,460","6,690","6,730","140,181",-87.39,2.37,"6,750","1,777","123,119",389,7.61,0.29,"6,620",149,"214,548","24,958",-3,0.84,N/A,26.75
208,하이트진로,"20,350",상승,150,+0.74%,"5,000","8,922",181,"20,200","14,272","2,081",13.48,"184,134","20,300","20,300","34,415",67.97,8.63,"20,350","2,825","22,920",957,9.23,2.82,"20,250",970,"70,134","25,992","1,510",1.27,700,3.14
209,엠앤씨솔루션,"155,900",하락,"2,200",-1.39%,100,"1,383",214,"155,500","14,271",348,46.40,"57,364","155,500","156,000","3,571",68.59,21.82,"157,100",23,"1,917",270,5.43,7.86,"154,500",10,"9,154","2,828","3,360",8.93,"1,480",54.16
210,KODEX 200선물인버스2X,"1,418",하락,18,-1.25%,0,"27,545,012","39,078","1,434","14,211",N/A,N/A,"324,697,503","1,419","1,435",N/A,N/A,N/A,"1,424","14,663",N/A,N/A,1.15,N/A,"1,413","592,607","1,002,200",N/A,N/A,N/A,N/A,N/A
211,RISE 200,"42,030",상승,275,+0.66%,0,"23,830","1,001","41,565","14,185",N/A,N/A,"1,078,470","42,060","41,755",N/A,N/A,N/A,"42,075","1,448",N/A,N/A,0.04,N/A,"41,930","1,156","33,750",N/A,N/A,N/A,N/A,N/A
212,TIGER 머니마켓액티브,"100,617",상승,2,0.00%,0,946,95,"100,615","14,075",N/A,N/A,"86,582","100,615","100,620",N/A,N/A,N/A,"100,620","250,014",N/A,N/A,0.00,N/A,"100,615","300,117","13,989",N/A,N/A,N/A,N/A,N/A
213,GS리테일,"16,750",상승,140,+0.84%,"1,000","8,360",139,"16,610","14,004","2,391",-62.04,"144,163","16,610","16,620","75,816",-18.05,0.07,"16,790",320,"44,001",98,8.72,0.11,"16,600",171,"83,607","116,269",-270,0.44,500,4.43
214,파라다이스,"15,240",상승,240,+1.60%,500,"103,310","1,571","14,840","13,986","1,361",17.32,"339,001","15,000","14,950","39,338",-6.67,4.97,"15,370",765,"18,586","1,107",5.88,2.93,"15,000",236,"91,772","10,721",880,0.80,150,7.84
215,OCI홀딩스,"73,400",상승,400,+0.55%,"5,000","3,529",257,"72,000","13,810","1,015",-17.83,"57,552","72,400","72,400","80,937",-80.89,2.54,"73,400",24,"32,581","1,137",17.17,1.62,"72,400",54,"18,815","35,774","-4,116",0.35,"2,200",35.01
216,오리온홀딩스,"22,000",상승,400,+1.85%,500,"16,496",362,"21,550","13,782","5,062",9.03,"224,700","22,000","21,600","59,332",24.86,7.03,"22,150",92,"10,545","4,795",11.03,8.66,"21,800","1,009","62,645","31,952","2,436",0.56,800,8.17
217,현대지에프홀딩스,"8,830",상승,260,+3.03%,500,"29,946",262,0,"13,766","1,981",1.69,"239,583","8,570","8,560","100,849","1,895.39",23.02,"8,860",0,"30,927","7,920",5.04,10.46,"8,570",844,"155,904","74,093","5,233",0.39,210,181.78
218,KODEX 코스닥150,"12,610",하락,40,-0.32%,0,"642,128","8,108","12,650","13,707",N/A,N/A,"10,644,982","12,675","12,655",N/A,N/A,N/A,"12,680","7,730",N/A,N/A,0.89,N/A,"12,595",355,"108,700",N/A,N/A,N/A,N/A,N/A
219,HDC,"22,750",상승,300,+1.34%,"5,000","3,698",83,"22,550","13,591","3,447",7.05,"208,687","22,650","23,000","123,983",10.25,5.65,"22,800",346,"72,995","2,603",20.86,2.18,"22,500",626,"59,742","62,003","3,226",0.42,350,4.94
220,HD현대건설기계,"76,700",상승,600,+0.79%,"5,000","2,271",173,"75,600","13,547","1,904",17.26,"76,751","75,800","76,100","33,246",-25.97,6.18,"77,000",162,"15,308",860,17.45,2.60,"75,800",94,"17,662","34,381","4,443",0.80,500,-10.12
221,한국카본,"25,700",상승,400,+1.58%,500,"43,840","1,121","25,550","13,340",454,31.65,"1,931,353","25,450","26,200","8,790",176.01,4.38,"25,850","1,612","4,047",203,12.06,2.43,"25,300",33,"51,908","7,417",812,2.59,130,24.79
222,대웅,"22,850",하락,600,-2.56%,500,"15,821",363,"23,200","13,285","2,819",21.10,"172,733","23,200","23,350","27,207",44.12,5.99,"23,350",171,"12,182",689,5.79,2.71,"22,800",309,"58,142","19,369","1,083",0.92,200,6.79
223,이수스페셜티케미컬,"43,850",상승,250,+0.57%,"1,000","17,742",781,"43,600","13,246",142,91.16,"311,521","43,700","43,650","2,995",332.14,9.70,"44,500","2,884","1,779",105,5.35,4.06,"43,700",187,"30,208","3,321",481,10.47,N/A,182.54
224,롯데관광개발,"17,050",상승,110,+0.65%,500,"66,254","1,127","16,950","13,145",390,-12.76,"479,188","17,010","16,960","21,666",164.36,-60.42,"17,150",74,"18,536","-1,166",7.78,-5.93,"16,760",75,"77,096","4,715","-1,336",4.45,0,50.37
225,TIGER 25-12 금융채(AA-이상),"51,320",하락,5,-0.01%,0,35,1,"51,315","13,068",N/A,N/A,954,"51,320","51,330",N/A,N/A,N/A,"51,320","15,000",N/A,N/A,0.00,N/A,"51,320","15,010","25,464",N/A,N/A,N/A,N/A,N/A
226,DN오토모티브,"22,300",상승,150,+0.68%,100,835,18,"22,150","13,048","5,229",4.26,"74,743","22,350","22,500","50,060",6.63,19.78,"22,400",571,"28,353","3,182",4.29,6.65,"22,200","1,492","58,511","34,345","5,240",0.64,"1,000",5.06
227,KODEX 삼성그룹,"9,355",상승,80,+0.86%,0,"37,799",353,"9,310","12,985",N/A,N/A,"220,558","9,315","9,315",N/A,N/A,N/A,"9,370",525,N/A,N/A,13.21,N/A,"9,315",29,"138,800",N/A,N/A,N/A,N/A,N/A
228,TIGER 미국30년국채커버드콜액티브(H),"7,980",하락,40,-0.50%,0,"50,512",402,"7,975","12,956",N/A,N/A,"820,006","7,985","7,980",N/A,N/A,N/A,"7,985","60,209",N/A,N/A,0.02,N/A,"7,975","52,896","162,350",N/A,N/A,N/A,N/A,N/A
229,SK리츠,"4,680",하락,35,-0.74%,500,"11,158",52,"4,720","12,926",362,"1,170.00","534,283","4,745","4,730","44,213",2.31,0.08,"4,745",992,"31,567",22,7.64,0.05,"4,650",16,"276,189",534,4,1.09,70,2.28
230,에스디바이오센서,"10,600",상승,100,+0.95%,500,"13,024",136,"10,140","12,905",-541,-12.43,"198,757","10,400","10,510","38,885",78.21,-3.43,"10,600","1,603","9,562",-981,6.55,-2.56,"10,400",448,"121,749","6,946",-853,0.44,200,5.93
231,메리츠 KIS CD금리투자 ETN,"54,000",보합,0,0.00%,0,0,0,"54,000","12,879",N/A,N/A,"185,002","54,000","54,005",N/A,N/A,N/A,"4,495",817,"34,580","3,516",8.39,6.90,"4,465","4,730","287,260","45,322","1,163",0.71,N/A,12.14
232,금호타이어,"4,480",상승,15,+0.34%,"5,000","13,891",62,"4,480","12,869","5,886",3.85,"323,324","4,480","4,555","53,628",43.21,21.77,"54,000","15,000",N/A,N/A,0.00,N/A,"54,000","15,000","23,850",N/A,N/A,N/A,N/A,N/A
233,한올바이오파마,"24,500",상승,100,+0.41%,500,"4,523",110,"24,200","12,799",2,-765.62,"180,369","24,550","24,400","2,129",-89.58,-1.02,"24,600","2,845",445,-18,7.08,-0.80,"24,400",105,"52,241","1,389",-32,7.81,N/A,2.99
234,한일시멘트,"18,470",상승,140,+0.76%,500,"2,319",42,"18,330","12,793","2,714",9.12,"71,424","18,330","18,340","29,883",10.09,11.13,"18,480",58,"11,495","1,990",4.72,6.80,"18,320",180,"69,262","17,417","2,025",0.77,"1,000",-3.21
235,효성,"75,900",상승,"1,800",+2.43%,"5,000","12,842",968,"74,800","12,706","2,211",2.61,"153,560","75,000","75,000","43,409",283.53,19.62,"76,200",387,"18,364","4,843",9.29,10.27,"74,800","3,163","16,740","22,728","29,071",0.58,"3,000",23.04
236,현대위아,"46,550",상승,300,+0.65%,"5,000","5,220",242,"46,250","12,659","2,188",7.01,"91,694","46,600","47,250","70,760",-6.01,3.45,"46,700",359,"30,497","1,295",15.02,1.86,"46,300",69,"27,195","81,809","6,638",0.34,"1,100",0.19
237,ACE KRX금현물,"20,170",하락,140,-0.69%,0,"63,472","1,280","20,305","12,626",N/A,N/A,"895,670","20,200","20,310",N/A,N/A,N/A,"20,255",542,N/A,N/A,0.66,N/A,"20,125","2,222","62,600",N/A,N/A,N/A,N/A,N/A
238,대신증권,"24,400",보합,0,0.00%,"5,000","7,163",174,"24,400","12,389",836,13.20,"218,630","24,600","24,600","263,961",-48.18,4.57,"24,600",206,"230,807","1,442",10.08,0.59,"24,250",266,"50,773","40,939","1,848",0.53,"1,200",6.21
239,더블유게임즈,"57,300",상승,"1,000",+1.78%,500,"2,286",130,"55,700","12,317","2,487",7.07,"83,477","56,900","56,700","16,463",16.62,18.69,"57,300",579,899,"2,433",18.17,16.58,"69,800",61,"17,254","17,368","1,699",0.62,"1,150",-0.69
240,롯데렌탈,"33,900",하락,400,-1.17%,"5,000",838,28,"34,250","12,309","2,848",10.31,"26,234","34,150","34,300","70,066",-6.68,7.51,"34,250",20,"55,380","1,027",6.65,1.50,"33,800",146,"36,309","27,924","3,288",0.84,"1,200",1.46
241,SK케미칼,"71,100",상승,"1,400",+2.01%,"5,000","3,778",266,"69,700","12,267",-452,41.85,"87,485","69,800","70,400","53,670",-154.23,0.41,"71,200",190,"23,341",-44,10.38,-0.09,"56,800",108,"21,496","6,335","8,108",0.99,"1,200",8.78
242,코오롱인더,"44,150",하락,900,-2.00%,"5,000","56,219","2,490","44,900","12,150","1,587",13.79,"1,078,929","44,650","45,000","72,481",-20.50,3.06,"44,800","1,324","34,750","1,106",11.46,1.67,"43,900",286,"27,519","48,430","3,202",0.36,"1,300",2.28
243,LX인터내셔널,"30,950",하락,50,-0.16%,"5,000","4,979",154,"31,000","11,996","4,892",6.14,"140,147","30,950","31,050","89,309",12.95,7.12,"31,150",44,"56,113","2,695",21.45,3.18,"30,900",30,"38,760","166,376","5,044",0.41,"2,000",14.63
244,롯데에너지머티리얼즈,"22,300",상승,150,+0.68%,500,"4,890",108,"22,100","11,677",-644,-26.45,"97,319","22,150","22,150","22,820",-645.89,0.46,"22,450",643,"3,801",288,7.59,1.23,"22,100",66,"52,365","9,023",-843,0.67,N/A,11.53
245,PLUS K방산,"48,900",하락,290,-0.59%,0,"100,431","4,908","49,150","11,663",N/A,N/A,"2,030,838","48,735","49,165",N/A,N/A,N/A,"49,095",148,N/A,N/A,0.60,N/A,"48,500",294,"23,850",N/A,N/A,N/A,N/A,N/A
246,미래에셋증권2우B,"8,410",상승,120,+1.45%,"5,000","53,463",450,"8,290","11,564",N/A,6.17,"1,270,367","8,380","8,300",N/A,N/A,N/A,"8,480",810,N/A,N/A,11.42,N/A,"8,350",615,"137,500",N/A,"1,364",0.40,N/A,N/A
247,종근당,"83,200",상승,800,+0.97%,"2,500","1,025",85,"82,700","11,484",995,12.05,"27,721","83,400","83,200","14,588",-59.67,12.76,"83,400",26,"5,624","1,114",14.75,7.79,"82,700",29,"13,803","15,864","6,903",1.23,"1,050",-4.97
248,SK오션플랜트,"18,940",상승,450,+2.43%,500,"18,781",352,"18,010","11,398",418,67.16,"225,465","18,540","18,490","14,219",-44.72,2.34,"18,950",450,"7,084",169,4.97,1.18,"18,540",395,"60,180","6,626",282,1.57,0,-28.43
249,세아베스틸지주,"31,650",보합,0,0.00%,"5,000","27,372",881,"31,900","11,350",523,111.05,"353,729","32,150","32,150","38,266",-73.39,1.04,"32,750",478,"17,952",203,6.12,0.54,"31,550",698,"35,862","36,361",285,0.60,"1,200",-10.96
250,태광산업,"1,007,000",하락,"96,000",-8.70%,"5,000",605,609,"1,057,000","11,212",-272,4.47,"3,223","1,032,000","1,103,000","47,223",72.66,5.45,"1,039,000",5,"7,067","2,184",4.66,4.62,"990,000",4,"1,113","21,219","225,266",0.22,"1,750",-6.34
251,롯데칠성,"120,100",상승,"1,200",+1.01%,500,445,53,"118,900","11,144","1,849",24.88,"19,520","120,000","119,500","43,725",-12.22,3.99,"120,300",45,"27,941",600,11.41,1.39,"119,000",110,"9,279","40,245","4,828",0.82,"3,400",24.80
252,미래에셋생명,"6,290",하락,10,-0.16%,"5,000","1,798",11,"6,300","11,134","1,221",10.62,"83,603","6,300","6,310","324,936",-17.88,4.88,"6,350","1,424","299,300","1,361",1.29,0.42,"6,290",104,"177,016","47,961",592,0.33,N/A,-5.09
253,코스모신소재,"34,200",상승,700,+2.09%,"1,000","16,693",568,"33,600","11,119",250,74.35,"190,480","33,550","33,700","7,845",-22.65,3.62,"34,300",622,"2,890",176,9.23,2.42,"33,550",36,"32,511","5,697",460,2.23,N/A,-9.51
254,PLUS 고배당주,"18,835",상승,25,+0.13%,0,"146,892","2,762","18,810","11,052",N/A,N/A,"2,272,262","18,810","18,815",N/A,N/A,N/A,"18,855","3,151",N/A,N/A,0.43,N/A,"18,755",96,"58,680",N/A,N/A,N/A,N/A,N/A
255,동양생명,"6,790",상승,50,+0.74%,"5,000","2,166",14,"6,800","10,956","3,681",3.94,"334,387","6,800","6,810","345,472",25.08,12.91,"6,810",274,"325,805","3,143",81.37,0.93,"6,750",173,"161,359","34,994","1,722",0.74,N/A,7.65
256,쿠쿠홀딩스,"30,800",상승,350,+1.15%,100,"2,419",74,"30,500","10,953","1,032",7.95,"12,247","31,000","30,800","13,699",19.16,12.08,"31,100",8,"1,735","1,370",12.05,10.47,"30,100",32,"35,562","8,338","3,873",0.80,"1,200",7.97
257,롯데리츠,"3,775",하락,25,-0.66%,500,"17,190",65,"3,800","10,909",420,44.41,"486,096","3,820","3,830","26,236",16.25,0.95,"3,820",93,"14,542",106,7.84,0.43,"3,775","1,067","288,969",656,85,0.95,112,10.46
258,TIGER TOP10,"12,780",하락,5,-0.04%,0,"18,484",236,"12,785","10,901",N/A,N/A,"521,127","12,790","12,790",N/A,N/A,N/A,"12,805",558,N/A,N/A,30.72,N/A,"12,745",661,"85,300",N/A,N/A,N/A,N/A,N/A
259,효성티앤씨,"250,000",상승,"4,000",+1.63%,"5,000",737,182,"246,000","10,819","2,707",9.89,"8,573","246,000","250,000","47,242",26.87,9.84,"250,000",7,"29,042","1,838",17.42,4.18,"246,000",97,"4,328","77,761","25,287",0.75,"10,000",3.31
260,경동나비엔,"74,000",하락,600,-0.80%,"1,000","1,335",98,"74,800","10,781","1,326",8.25,"59,432","74,800","75,000","13,589",25.18,19.43,"75,000",28,"6,635","1,243",11.17,10.28,"73,400",18,"14,569","13,539","8,968",1.48,650,12.42
261,ACE 테슬라밸류체인액티브,"14,695",하락,95,-0.64%,0,"285,640","4,191","14,785","10,720",N/A,N/A,"1,160,790","14,660","14,790",N/A,N/A,N/A,"14,730",137,N/A,N/A,0.34,N/A,"14,625","1,073","72,950",N/A,N/A,N/A,N/A,N/A
262,롯데웰푸드,"115,100",상승,"1,100",+0.96%,500,"1,920",221,"114,200","10,710","1,571",12.51,"29,983","115,000","114,400","43,417",-11.25,4.04,"115,900",60,"21,153",820,13.09,1.92,"114,900",38,"9,305","40,443","9,197",0.47,"3,300",-0.54
263,가온전선,"64,600",상승,700,+1.10%,"5,000","3,993",258,"64,600","10,687",450,19.35,"85,936","64,600","65,000","10,429",2.96,6.46,"65,200",66,"5,892",254,2.59,2.75,"64,100",561,"16,543","17,271","3,339",2.48,N/A,15.25
264,LX세미콘,"65,700",하락,100,-0.15%,500,"1,760",115,"65,800","10,686","1,671",7.87,"27,487","66,100","65,900","14,998",29.48,12.69,"66,100",121,"4,202","1,305",31.35,9.65,"65,300",132,"16,264","18,656","8,349",0.98,"2,400",-1.88
265,SK디스커버리,"58,000",상승,700,+1.22%,"5,000","1,550",89,"57,300","10,642","1,726",14.37,"52,419","57,300","57,500","150,777",-32.78,0.88,"58,200",177,"86,243",319,14.32,0.23,"57,300",68,"18,348","90,396","4,037",0.39,"1,700",1.12
266,한샘,"45,150",상승,200,+0.44%,"1,000","3,016",136,"45,100","10,626",312,9.47,"52,448","45,100","45,400","10,673","1,504.29",43.59,"45,400",652,"7,166","1,511",13.41,14.27,"44,950",19,"23,534","19,084","4,768",2.08,"8,530",-2.98
267,LS에코에너지,"34,400",상승,500,+1.47%,500,"12,488",428,"34,000","10,535",448,29.89,"130,259","34,000","34,550","4,887",51.81,19.00,"34,700",490,"2,917",353,3.30,7.88,"34,000","1,005","30,625","8,690","1,151",5.57,200,18.86
268,KODEX 25-12 은행채(AAA)액티브,"102,930",상승,10,+0.01%,0,59,6,"102,910","10,459",N/A,N/A,"4,315","102,930","102,930",N/A,N/A,N/A,"102,930","17,000",N/A,N/A,0.00,N/A,"102,930","22,997","10,161",N/A,N/A,N/A,N/A,N/A
269,RISE CD금리액티브(합성),"104,150",하락,5,0.00%,0,93,9,"104,150","10,365",N/A,N/A,"1,169","104,155","104,155",N/A,N/A,N/A,"104,155","6,000",N/A,N/A,0.00,N/A,"104,150","18,994","9,952",N/A,N/A,N/A,N/A,N/A
270,롯데정밀화학,"39,900",상승,300,+0.76%,"5,000","7,560",299,"39,500","10,294",504,-55.19,"57,253","39,500","39,550","27,139",-67.46,1.53,"40,150",65,"3,452",364,17.23,1.35,"39,500","1,874","25,800","16,705",-723,0.43,"1,400",-5.55
271,TIGER 차이나항셍테크,"8,035",상승,40,+0.50%,0,"23,302",187,"8,005","10,249",N/A,N/A,"1,707,743","8,015","8,010",N/A,N/A,N/A,"8,055","5,253",N/A,N/A,1.25,N/A,"8,015",69,"127,550",N/A,N/A,N/A,N/A,N/A
272,TIGER 종합채권(AA-이상)액티브,"56,855",상승,10,+0.02%,0,326,18,"56,820","10,208",N/A,N/A,"33,638","56,845","56,845",N/A,N/A,N/A,"56,855","8,002",N/A,N/A,0.00,N/A,"56,845","4,317","17,954",N/A,N/A,N/A,N/A,N/A
273,SOL 조선TOP3플러스,"26,150",상승,475,+1.85%,0,"203,085","5,298","25,410","10,107",N/A,N/A,"2,287,994","25,740","25,670",N/A,N/A,N/A,"26,195","1,077",N/A,N/A,1.07,N/A,"25,740","2,089","38,650",N/A,N/A,N/A,N/A,N/A
274,SK네트웍스,"4,545",상승,100,+2.25%,"2,500","23,579",106,"4,450","10,057","1,139",28.95,"359,402","4,495","4,455","51,571",41.44,2.29,"4,550","3,118","31,038",463,14.61,0.65,"4,490",172,"221,278","76,573",157,0.44,300,2.73
275,삼성화재우,"324,000",상승,"2,000",+0.62%,500,293,94,"322,000","10,042",N/A,8.27,"7,469","321,500","325,000",N/A,N/A,N/A,"324,000",7,N/A,N/A,28.87,N/A,"321,000",141,"3,100",N/A,"39,171",0.89,N/A,N/A
276,TIGER CD1년금리액티브(합성),"1,047,390",상승,75,+0.01%,0,281,294,"1,047,390","10,012",N/A,N/A,"10,877","1,047,395","1,047,395",N/A,N/A,N/A,"1,047,395","238,996",N/A,N/A,0.00,N/A,"1,047,390","239,000",956,N/A,N/A,N/A,N/A,N/A
277,RISE 미국나스닥100,"22,715",상승,135,+0.60%,0,"43,795",994,"22,575","9,926",N/A,N/A,"256,994","22,715","22,580",N/A,N/A,N/A,"22,730",194,N/A,N/A,0.01,N/A,"22,695","1,377","43,700",N/A,N/A,N/A,N/A,N/A
278,하나 CD금리투자 ETN,"104,255",보합,0,0.00%,0,0,0,"104,265","9,904",N/A,N/A,"27,679","104,255","104,270",N/A,N/A,N/A,"104,255","120,000",N/A,N/A,0.00,N/A,"104,255","120,000","9,500",N/A,N/A,N/A,N/A,N/A
279,KB발해인프라,"8,080",하락,20,-0.25%,0,"7,445",60,"8,070","9,902",N/A,N/A,"67,694","8,100","8,100",N/A,N/A,N/A,"8,100",332,N/A,N/A,0.23,N/A,"8,070",867,"122,546",N/A,N/A,N/A,N/A,N/A
280,NHN,"29,300",하락,300,-1.01%,500,"6,547",192,"29,600","9,893",-326,-7.44,"120,758","29,500","29,650","31,930",-158.67,-8.60,"29,800",220,"14,277","-1,926",10.64,-5.80,"29,150",192,"33,766","24,561","-3,937",0.63,500,8.22
281,NICE평가정보,"16,480",하락,190,-1.14%,500,"5,050",83,"16,050","9,807",868,12.74,"167,353","16,530","16,150","5,857",32.85,19.48,"16,670",319,"1,689",760,32.83,14.09,"16,400",34,"59,507","5,350","1,294",2.39,460,10.15
282,교보증권,"8,570",하락,20,-0.23%,"5,000","4,959",42,"8,590","9,767","1,139",7.11,"121,986","8,580","8,600","158,983",62.11,6.09,"8,640",187,"139,126","1,177",1.44,0.75,"8,520",12,"113,963","31,663","1,206",0.48,500,-15.41
283,지역난방공사,"83,400",상승,"1,100",+1.34%,"5,000","3,240",268,"82,700","9,657","3,279",3.21,"73,481","82,200","83,000","83,622",4.20,9.65,"83,700",93,"60,940","2,099",5.08,2.57,"81,600",20,"11,579","35,703","26,013",0.39,"3,879",-9.70
284,TIGER 단기채권액티브,"55,865",하락,5,-0.01%,0,"3,076",171,"55,860","9,581",N/A,N/A,"19,621","55,865","55,865",N/A,N/A,N/A,"55,865","11,151",N/A,N/A,0.00,N/A,"55,860","21,493","17,150",N/A,N/A,N/A,N/A,N/A
285,세방전지,"68,100",상승,300,+0.44%,500,"1,615",109,"67,800","9,534","1,797",5.46,"44,084","68,200","68,300","20,941",38.30,12.22,"68,300",21,"5,863","1,723",25.34,8.76,"67,800",9,"14,000","20,595","12,471",0.60,"1,100",22.24
286,TIGER 미국배당다우존스타겟커버드콜2호,"9,255",상승,5,+0.05%,0,"27,234",252,"9,250","9,496",N/A,N/A,"550,304","9,255","9,255",N/A,N/A,N/A,"9,270","7,436",N/A,N/A,0.01,N/A,"9,250",41,"102,600",N/A,N/A,N/A,N/A,N/A
287,DL,"45,300",상승,200,+0.44%,"5,000","5,029",226,"44,950","9,493","4,125",23.70,"110,852","45,500","45,000","125,353",173.74,2.25,"45,600",3,"77,492",948,14.55,0.77,"44,550",43,"20,956","56,154","1,911",0.25,"1,000",11.91
288,RISE 미국S&P500,"18,230",상승,115,+0.63%,0,"11,643",212,"18,110","9,461",N/A,N/A,"335,064","18,240","18,115",N/A,N/A,N/A,"18,260",215,N/A,N/A,0.01,N/A,"18,220",47,"51,900",N/A,N/A,N/A,N/A,N/A
289,GKL,"15,160",상승,270,+1.81%,500,"15,240",229,"14,960","9,377",383,24.06,"211,454","15,030","14,970","6,162",-24.88,8.01,"15,170",353,"2,027",331,14.95,5.27,"14,990",11,"61,856","3,964",630,2.25,282,-0.08
290,KIWOOM 200TR,"53,995",상승,305,+0.57%,0,"203,465","10,988","55,300","9,314",N/A,N/A,"117,078","54,080","55,750",N/A,N/A,N/A,"54,080",102,N/A,N/A,0.01,N/A,"53,915",3,"17,250",N/A,N/A,N/A,N/A,N/A
291,HS효성첨단소재,"207,500",상승,"2,000",+0.97%,"5,000","1,436",297,"206,000","9,296","2,197",29.01,"15,178","206,000","212,500","38,208",26.22,5.46,"209,500",166,"26,634",782,11.90,2.24,"204,000",3,"4,480","33,112","7,152",0.91,"6,500",3.40
292,동원시스템즈,"31,850",상승,650,+2.08%,"5,000","1,210",38,"31,200","9,234",919,13.79,"24,731","31,500","31,500","15,526",13.67,9.01,"31,950",11,"7,162",725,14.10,4.70,"31,300",12,"28,991","13,343","2,309",1.13,600,4.51
293,ESR켄달스퀘어리츠,"4,300",상승,30,+0.70%,"1,000","27,949",119,"4,275","9,163",266,55.13,"472,907","4,300","4,310","25,252",9.74,0.33,"4,315","2,176","14,405",36,42.32,0.15,"4,235","6,713","213,089",569,78,0.86,137,7.40
294,RISE 단기특수은행채액티브,"50,035",하락,5,-0.01%,0,"10,329",516,"50,040","9,106",N/A,N/A,"48,345","50,040","50,045",N/A,N/A,N/A,"50,042","20,000",N/A,N/A,0.00,N/A,"50,035","50,000","18,200",N/A,N/A,N/A,N/A,N/A
295,KODEX 2차전지산업,"10,470",상승,280,+2.75%,0,"1,180,698","12,322","10,185","9,015",N/A,N/A,"3,368,037","10,280","10,190",N/A,N/A,N/A,"10,485","2,982",N/A,N/A,0.51,N/A,"10,280",516,"86,100",N/A,N/A,N/A,N/A,N/A
296,세아제강지주,"217,500",상승,"8,500",+4.07%,"5,000",747,160,"207,000","9,008","2,116",19.43,"7,879","212,500","209,000","55,556",-64.19,2.25,"217,500",35,"28,974","1,170",7.35,2.37,"210,500",14,"4,142","36,751","11,193",0.43,"1,800",-6.09
297,F&F홀딩스,"23,000",상승,850,+3.84%,500,"40,398",932,"22,100","8,996","4,164",8.76,"180,870","23,000","22,150","40,333",-19.06,4.92,"23,950",57,"6,634","3,220",0.14,8.18,"22,600",458,"39,114","18,983","2,627",0.41,450,-4.43
298,SNT홀딩스,"55,000",하락,100,-0.18%,500,"2,081",114,"54,100","8,967","2,312",6.23,"25,867","54,400","55,100","28,326",29.14,12.40,"55,800",49,"6,994","2,465",12.72,8.91,"54,400",373,"16,304","18,205","8,835",0.64,"1,600",-3.97
299,TIGER 단기통안채,"110,745",상승,5,0.00%,0,557,61,"110,735","8,947",N/A,N/A,"25,316","110,750","110,740",N/A,N/A,N/A,"110,755","20,989",N/A,N/A,1.47,N/A,"110,740","15,999","8,079",N/A,N/A,N/A,N/A,N/A
300,SOL 초단기채권액티브,"53,325",상승,5,+0.01%,0,"18,227",971,"53,320","8,842",N/A,N/A,"272,594","53,325","53,325",N/A,N/A,N/A,"53,325","82,203",N/A,N/A,0.01,N/A,"53,320","54,362","16,582",N/A,N/A,N/A,N/A,N/A
301,프레스티지바이오파마,"14,700",상승,"2,830",+23.84%,0,"322,116","4,453","12,350","8,834",-628,40.50,"296,634","13,070","12,600","7,117",9.76,-7.40,"14,700","2,029","1,962",-551,63.31,-7.58,"13,060",212,"60,096",7,363,2.00,N/A,325.77
302,SOL 종합채권(AA-이상)액티브,"115,085",보합,0,0.00%,0,201,23,"114,885","8,790",N/A,N/A,707,"115,130","115,130",N/A,N/A,N/A,"115,130","6,000",N/A,N/A,0.00,N/A,"115,085","6,000","7,638",N/A,N/A,N/A,N/A,N/A
303,STX엔진,"21,750",상승,50,+0.23%,"2,500","7,696",166,"20,150","8,732",422,17.14,"133,538","21,500","21,500","9,688",123.85,10.15,"21,800","2,740","6,922",272,3.00,2.91,"21,500",268,"40,148","7,246","1,269",3.06,0,14.95
304,태영건설,"2,925",상승,45,+1.56%,500,"5,959",17,"2,880","8,613",206,53.18,"114,257","2,885","2,885","43,239",105.10,61.93,"2,925",299,"37,967",668,0.24,1.49,"2,860",694,"294,468","26,862",55,1.78,0,-19.89
305,SNT에너지,"41,400",상승,900,+2.22%,500,"14,520",601,"41,100","8,562",222,24.69,"121,843","41,500","41,300","5,166",7.04,11.90,"41,700",231,"2,103",346,6.45,7.37,"41,150",10,"20,681","2,943","1,677",2.66,500,-8.60
306,하나투어,"55,200",상승,800,+1.47%,500,"5,969",328,"54,500","8,550",509,12.30,"44,388","55,000","55,000","6,688",49.55,47.19,"55,400",50,"4,883",991,14.39,15.09,"54,500",51,"15,490","6,166","4,487",5.65,"2,300",49.80
307,대덕전자,"17,300",하락,170,-0.97%,500,"18,727",326,"17,570","8,549",113,55.45,"294,624","17,570","18,000","10,887",-52.56,2.73,"17,590",101,"2,132",238,7.84,2.14,"17,300",257,"49,417","8,921",312,1.05,400,-1.93
308,ACE 종합채권(AA-이상)KIS액티브,"108,620",하락,95,-0.09%,0,193,20,"108,690","8,541",N/A,N/A,"1,059","108,655","108,750",N/A,N/A,N/A,"108,695","6,001",N/A,N/A,0.00,N/A,"108,615","9,000","7,863",N/A,N/A,N/A,N/A,N/A
309,CJ CGV,"5,040",상승,40,+0.80%,500,"15,444",78,"4,970","8,345",759,-4.65,"235,164","5,000","4,995","39,970",54.76,-30.74,"5,080",206,"34,203","-1,755",5.34,-4.88,"5,000",23,"165,581","19,579","-1,084",1.27,0,26.66
310,전진건설로봇,"57,100",하락,200,-0.35%,500,"13,330",764,"56,500","8,332",313,27.66,"191,632","57,500","57,300","2,192",-4.74,24.55,"57,800",821,648,314,1.44,16.64,"57,000",429,"14,593","1,698","2,064",5.91,"1,277",7.21
311,신풍제약,"15,660",상승,"2,730",+21.11%,500,"333,326","5,261","15,740","8,297",-205,-61.41,"493,220","15,810","15,750","3,421",56.84,-5.85,"16,300",270,840,-154,4.58,-4.44,"15,520",387,"52,985","2,211",-255,3.14,N/A,10.42
312,SNT모티브,"31,150",하락,100,-0.32%,"5,000",783,24,"31,250","8,267",981,8.38,"72,195","31,300","31,300","12,418",-15.86,10.82,"31,450",12,"2,570","1,043",17.81,8.51,"31,050",52,"26,540","9,689","3,718",0.75,937,-14.73
313,영풍,"43,100",하락,100,-0.23%,500,"6,068",258,"42,650","8,236","-1,607",19.87,"459,374","42,250","43,000","57,017",5.37,-6.81,"43,350",331,"17,164","-3,278",9.90,-5.82,"42,250",126,"19,108","27,874","2,169",0.20,24,-25.90
314,TIGER 미국30년국채스트립액티브(합성 H),"38,130",하락,355,-0.92%,0,"9,299",354,"38,070","8,212",N/A,N/A,"155,276","38,120","38,105",N/A,N/A,N/A,"38,145","9,000",N/A,N/A,0.07,N/A,"38,100","8,609","21,536",N/A,N/A,N/A,N/A,N/A
315,TIGER 2차전지테마,"13,235",상승,510,+4.01%,0,"242,579","3,186","12,790","8,192",N/A,N/A,"711,929","12,900","12,820",N/A,N/A,N/A,"13,250","1,657",N/A,N/A,0.68,N/A,"12,900",31,"61,900",N/A,N/A,N/A,N/A,N/A
316,LG화학우,"106,300",상승,"1,100",+1.05%,"5,000","5,185",548,"105,500","8,173",N/A,-8.90,"50,314","105,600","107,000",N/A,N/A,N/A,"106,600",10,N/A,N/A,40.16,N/A,"105,300",140,"7,689",N/A,"-11,946",0.25,N/A,N/A
317,파미셀,"13,570",상승,180,+1.34%,500,"103,102","1,386","13,370","8,144",47,50.45,"2,717,033","13,500","13,390",993,259.23,7.59,"13,650",419,128,63,11.21,6.60,"13,290","4,045","60,017",649,269,8.69,20,15.34
318,빙그레,"85,050",상승,"1,650",+1.98%,"5,000","4,590",390,"84,200","8,127","1,313",8.68,"38,158","84,600","84,500","10,031",16.95,15.14,"85,500",482,"2,812","1,032",20.90,10.90,"84,600",399,"9,556","14,630","9,794",1.07,"3,300",4.93
319,KODEX Top5PlusTR,"26,120",상승,75,+0.29%,0,980,25,"25,900","8,045",N/A,N/A,"22,636","26,075","26,045",N/A,N/A,N/A,"26,130","4,995",N/A,N/A,16.24,N/A,"26,045","5,008","30,800",N/A,N/A,N/A,N/A,N/A
320,이노션,"19,990",하락,160,-0.79%,500,"4,228",84,"20,100","7,996","1,557",9.23,"98,303","20,150","20,150","27,146",3.76,10.48,"20,250",138,"16,827","1,161",25.81,4.40,"19,950",633,"40,000","21,206","2,166",0.81,"1,175",1.32
321,미원상사,"167,900",상승,"1,300",+0.78%,500,"1,599",266,"166,600","7,975",599,14.48,"3,090","166,500","166,700","4,787",-10.85,12.99,"168,900",205,782,505,3.00,10.92,"166,100",46,"4,750","4,358","11,599",1.92,"2,000",3.43
322,SK이터닉스,"23,450",하락,"1,200",-4.87%,200,"194,510","4,606","21,500","7,915",376,31.78,"975,006","23,800","22,950","7,317",N/A,N/A,"24,050",661,"4,897",224,11.15,N/A,"23,400",612,"33,754","3,322",738,3.26,N/A,N/A
323,동원F&B,"40,700",상승,450,+1.12%,"1,000",653,26,"39,950","7,853","1,835",6.60,"34,234","40,150","40,050","21,457",10.04,12.43,"40,800",27,"10,627","1,278",7.77,5.88,"40,100",17,"19,296","44,836","6,169",0.71,800,2.82
324,TIGER 미국나스닥100타겟데일리커버드콜,"9,525",상승,60,+0.63%,0,"54,189",515,"9,475","7,696",N/A,N/A,"449,603","9,515","9,480",N/A,N/A,N/A,"9,535","4,008",N/A,N/A,0.02,N/A,"9,510","3,171","80,800",N/A,N/A,N/A,N/A,N/A
325,DI동일,"38,800",하락,750,-1.90%,500,908,35,"39,400","7,650",78,-279.14,"54,263","39,450","39,450","10,137",23.89,0.28,"39,450",69,"4,494",25,7.05,0.25,"38,600","1,031","19,716","6,517",-139,1.44,262,-4.56
326,대상,"21,950",상승,250,+1.15%,"1,000","23,025",504,"21,600","7,605","1,769",7.66,"190,425","21,800","21,700","35,098",43.02,6.94,"22,050",210,"20,622",967,18.38,2.83,"21,750",360,"34,648","42,551","2,865",0.56,850,3.59
327,녹십자홀딩스,"16,170",상승,160,+1.00%,500,"1,719",27,"15,900","7,604",-107,11.83,"38,000","16,190","16,160","36,706",34.81,2.43,"16,190",846,"18,184",-111,10.30,-0.30,"16,070",80,"47,028","22,049","1,367",0.76,500,7.14
328,SOL 미국배당다우존스,"10,545",상승,25,+0.24%,0,"41,009",432,"10,530","7,603",N/A,N/A,"305,058","10,575","10,550",N/A,N/A,N/A,"10,575","2,027",N/A,N/A,0.12,N/A,"10,540",11,"72,100",N/A,N/A,N/A,N/A,N/A
329,KODEX 25-11 은행채(AA-이상)PLUS액티브,"10,580",보합,0,0.00%,0,200,2,"10,575","7,603",N/A,N/A,"15,271","10,580","10,580",N/A,N/A,N/A,"10,580","200,030",N/A,N/A,0.00,N/A,"10,580","40,035","71,860",N/A,N/A,N/A,N/A,N/A
330,솔루엠,"15,870",상승,640,+4.20%,500,"54,470",856,"15,150","7,588",691,25.93,"139,172","15,180","15,170","9,827",-55.29,9.48,"15,930",33,"5,484",377,18.04,3.92,"15,180",96,"47,816","15,944",612,1.75,0,-18.28
331,삼양홀딩스,"87,100",상승,"1,600",+1.87%,"5,000","5,989",521,"85,500","7,587","1,275",30.60,"21,265","85,500","86,600","52,905",34.53,1.38,"87,900",173,"22,924",895,7.60,1.71,"85,500",30,"8,710","35,533","2,846",0.31,"3,500",10.66
332,한화3우B,"39,000",하락,200,-0.51%,"5,000","12,660",489,"39,300","7,568",N/A,3.73,"335,608","39,200","39,500",N/A,N/A,N/A,"39,200",776,N/A,N/A,21.71,N/A,"38,400",206,"19,404",N/A,"10,464",0.35,N/A,N/A
333,N2 KIS CD금리투자 ETN,"53,995",보합,0,0.00%,0,0,0,0,"7,559",N/A,N/A,0,"53,995",0,N/A,N/A,N/A,"53,995",0,N/A,N/A,0.00,N/A,"53,995",0,"14,000",N/A,N/A,N/A,N/A,N/A
334,율촌화학,"30,150",상승,"1,650",+5.79%,500,"14,860",445,"28,600","7,477",-184,-35.22,"55,392","29,400","28,950","6,555",-13.30,-2.86,"30,350",504,"3,645",-85,5.23,-1.28,"29,400",755,"24,800","4,571",-856,2.55,250,10.28
335,KODEX 미국S&P500(H),"14,200",상승,80,+0.57%,0,"58,240",826,"14,140","7,420",N/A,N/A,"525,949","14,185","14,150",N/A,N/A,N/A,"14,205",783,N/A,N/A,0.45,N/A,"14,180",177,"52,250",N/A,N/A,N/A,N/A,N/A
336,유안타증권,"3,685",상승,15,+0.41%,"5,000","20,522",75,"3,670","7,355",948,16.31,"435,862","3,675","3,675","168,003",-26.62,4.52,"3,690","5,607","151,660",730,64.22,0.44,"3,655",215,"199,597","27,127",226,0.48,200,-4.98
337,케이카,"15,140",하락,40,-0.26%,500,"2,581",39,"15,310","7,295",681,15.64,"157,936","15,180","15,500","5,248",15.41,19.09,"15,180",187,"2,991",440,10.04,8.15,"15,090",85,"48,182","23,015",968,3.27,"1,150",12.40
338,미원에스씨,"145,500",상승,"1,300",+0.90%,500,60,8,"144,500","7,275",588,12.71,663,"145,700","149,100","5,121",160.87,14.00,"148,700",29,"1,058",546,0.54,11.21,"145,500",6,"5,000","5,093","11,447",1.72,"2,500",16.36
339,GS피앤엘,"36,650",상승,300,+0.83%,"1,000","5,425",199,"35,750","7,268",0,-63.96,"105,193","35,800","36,050","22,696",N/A,N/A,"37,150",167,"10,328",-11,10.09,N/A,"35,800",32,"19,831",383,-573,0.86,N/A,N/A
340,KODEX 반도체,"37,160",상승,80,+0.22%,0,"83,628","3,109","37,060","7,265",N/A,N/A,"369,627","42,370","42,100",N/A,N/A,N/A,"42,500","1,516",N/A,N/A,2.95,N/A,"42,320",9,"17,100",N/A,N/A,N/A,N/A,N/A
341,동아쏘시오홀딩스,"111,000",하락,500,-0.45%,"5,000",835,93,"111,500","7,255",821,10.66,"1,381,006","37,250","37,070",N/A,N/A,N/A,"37,380",35,N/A,N/A,1.23,N/A,"37,040",217,"19,550",N/A,N/A,N/A,N/A,N/A
342,한화리츠,"4,035",상승,15,+0.37%,500,"15,642",63,"4,050","7,247",191,39.95,"11,111","113,000","127,000","20,305",6.78,5.63,"113,000",3,"9,665",576,13.94,2.89,"110,800",74,"6,536","13,332","10,412",0.67,"1,797",17.78
343,PLUS 200,"42,320",상승,215,+0.51%,0,"32,316","1,369","42,020","7,237",N/A,N/A,"600,599","4,030","4,080","15,864",54.05,0.83,"4,040",271,"12,576",28,0.70,0.24,"4,020","1,482","179,600",335,101,1.03,135,43.99
344,KG모빌리티,"3,560",상승,40,+1.14%,"1,000","7,146",25,"3,520","7,205",14,-40.92,"204,423","3,550","3,525","31,045",-88.58,2.70,"3,580",926,"16,839",338,23.14,1.18,"3,545",568,"202,375","39,051",-87,0.49,0,4.52
345,KODEX 26-12 회사채(AA-이상)액티브,"10,805",하락,5,-0.05%,0,"35,412",382,"10,800","7,189",N/A,N/A,"42,332","10,805","10,805",N/A,N/A,N/A,"10,805","25,000",N/A,N/A,0.00,N/A,"10,805","20,776","66,530",N/A,N/A,N/A,N/A,N/A
346,LX홀딩스,"9,420",상승,80,+0.86%,"1,000","10,257",96,"9,420","7,186","1,560",4.02,"311,806","9,430","9,440","19,050",113.21,9.08,"9,480",590,357,"1,603",12.47,8.90,"9,410",47,"76,281","1,945","2,346",0.38,290,64.67
347,ACE 미국빅테크TOP7 Plus,"17,950",상승,235,+1.33%,0,"32,984",590,"17,720","7,162",N/A,N/A,"736,804","17,880","17,805",N/A,N/A,N/A,"17,950",245,N/A,N/A,0.01,N/A,"17,865","2,324","39,900",N/A,N/A,N/A,N/A,N/A
348,보령,"8,240",상승,40,+0.49%,500,"3,152",25,"8,200","7,069",705,13.35,"103,047","8,250","8,250","11,641",3.23,10.45,"8,290",18,"3,796",696,6.91,6.70,"8,200",388,"85,787","10,171",617,0.89,100,18.32
349,덴티움,"63,100",상승,100,+0.16%,500,"1,087",68,"63,500","6,984",985,10.18,"39,012","63,800","63,700","8,944",-28.77,14.27,"64,000",11,"3,409",724,14.89,8.68,"63,000",85,"11,069","4,078","6,198",0.97,600,3.72
350,TIGER 리츠부동산인프라,"4,225",하락,10,-0.24%,0,"88,002",372,"4,235","6,899",N/A,N/A,"1,202,540","4,235","4,240",N/A,N/A,N/A,"4,240","9,512",N/A,N/A,0.06,N/A,"4,220","5,391","163,300",N/A,N/A,N/A,N/A,N/A
351,신한알파리츠,"5,700",상승,40,+0.71%,"1,000","15,496",88,"5,660","6,894",451,67.86,"262,409","5,670","5,670","26,622",40.12,1.65,"5,720","2,256","18,343",124,10.50,0.53,"5,670",26,"120,940",686,84,1.09,175,28.47
352,KODEX MSCI Korea TR,"13,655",상승,75,+0.55%,0,46,0,"13,585","6,841",N/A,N/A,"5,181","13,650","13,650",N/A,N/A,N/A,"13,655","10,161",N/A,N/A,1.30,N/A,"13,650","2,004","50,100",N/A,N/A,N/A,N/A,N/A
353,KODEX 미국빅테크10(H),"52,155",상승,485,+0.94%,0,"21,219","1,106","51,845","6,838",N/A,N/A,"215,887","52,020","51,850",N/A,N/A,N/A,"52,215",207,N/A,N/A,0.18,N/A,"52,020",3,"13,110",N/A,N/A,N/A,N/A,N/A
354,TKG휴켐스,"16,720",상승,180,+1.09%,"1,000","3,789",63,"16,400","6,835",808,11.08,"74,093","16,650","16,450","11,682",-33.35,9.09,"16,720","1,265","2,933",775,8.74,6.83,"16,540",243,"40,879","11,882","1,509",0.76,"1,000",12.88
355,TIGER Fn반도체TOP10,"11,905",하락,70,-0.58%,0,"96,445","1,149","11,980","6,822",N/A,N/A,"1,962,327","12,050","11,990",N/A,N/A,N/A,"12,050",331,N/A,N/A,0.13,N/A,"11,870","7,669","57,300",N/A,N/A,N/A,N/A,N/A
356,현대홈쇼핑,"56,700",상승,300,+0.53%,"5,000",581,32,"56,900","6,804","1,301",8.17,"21,265","56,900","57,000","51,751",117.05,7.43,"56,900",25,"13,396","1,742",14.05,4.05,"56,500",12,"12,000","38,535","6,942",0.28,"2,800",86.66
357,한화손해보험,"5,780",상승,80,+1.40%,"5,000","23,942",137,"5,700","6,748","4,357",2.47,"432,362","5,700","5,730","198,342",42.15,10.36,"5,790","2,685","168,811","3,160",14.48,1.67,"5,700","1,035","116,739","65,973","2,336",0.32,0,8.64
358,KODEX 인버스,"3,610",하락,35,-0.96%,0,"2,986,723","10,812","3,665","6,725",N/A,N/A,"26,476,085","3,620","3,670",N/A,N/A,N/A,"3,630","521,125",N/A,N/A,2.18,N/A,"3,610","191,962","186,300",N/A,N/A,N/A,N/A,N/A
359,한국단자,"65,400",하락,200,-0.30%,500,968,63,"64,900","6,615","1,713",5.04,"42,369","65,000","65,000","15,643",53.31,14.16,"65,500",10,"4,880","1,425",24.16,9.54,"64,900","1,266","10,115","15,098","12,988",0.62,"2,200",16.41
360,아이에스동서,"21,650",상승,250,+1.17%,500,"2,312",49,"21,750","6,535","1,697",-3.63,"21,099","21,500","22,100","35,540",-50.17,-10.19,"21,700",16,"19,968","-1,602",4.50,-4.11,"21,500",95,"30,187","15,146","-5,961",0.48,"1,000",-25.37
361,세진중공업,"11,450",상승,110,+0.97%,500,"30,972",354,"11,470","6,509",360,29.90,"305,833","11,400","11,490","6,209",7.23,6.16,"11,480","3,053","3,715",220,5.75,3.78,"11,350","1,262","56,849","3,524",383,3.43,200,-8.43
362,키움 CD금리투자 ETN,"103,950",상승,10,+0.01%,0,2,0,"103,950","6,466",N/A,N/A,"51,793","103,955","103,955",N/A,N/A,N/A,"103,955","190,000",N/A,N/A,0.00,N/A,"103,950","180,000","6,220",N/A,N/A,N/A,N/A,N/A
363,KODEX 미국30년국채타겟커버드콜(합성 H),"8,675",하락,40,-0.46%,0,"67,155",582,"8,675","6,454",N/A,N/A,"777,663","8,680","8,680",N/A,N/A,N/A,"8,680","1,834",N/A,N/A,0.12,N/A,"8,670","56,824","74,400",N/A,N/A,N/A,N/A,N/A
364,풍산홀딩스,"44,750",하락,800,-1.76%,"5,000","13,827",624,"45,550","6,452","1,047",6.34,"182,660","45,600","45,800","13,191",54.41,9.41,"45,650",172,"2,037","1,000",14.64,7.95,"44,250",238,"14,417","4,494","7,062",0.57,"1,400",10.49
365,HJ중공업,"7,670",하락,290,-3.64%,"5,000","119,696",929,"8,000","6,387",73,-187.07,"1,790,539","7,950","8,010","22,044",106.67,1.56,"7,950",798,"18,610",52,2.43,0.21,"7,610",862,"83,274","18,860",-41,1.83,N/A,-12.77
366,1Q 머니마켓액티브,"52,370",보합,0,0.00%,0,670,35,"52,365","6,361",N/A,N/A,"82,008","52,370","52,375",N/A,N/A,N/A,"52,375","120,295",N/A,N/A,0.00,N/A,"52,370","130,160","12,146",N/A,N/A,N/A,N/A,N/A
367,아세아,"305,000",하락,"3,500",-1.13%,"5,000",46,14,"308,500","6,357","1,724",12.15,"1,710","308,500","309,000","33,343",-28.28,5.58,"308,500",17,"13,044","1,084",7.92,3.28,"305,000",23,"2,084","20,074","25,096",0.43,"5,330",-5.13
368,ACE 미국배당다우존스,"11,697",상승,32,+0.27%,0,"20,409",238,"11,665","6,340",N/A,N/A,"495,011","11,690","11,675",N/A,N/A,N/A,"11,700","2,550",N/A,N/A,0.01,N/A,"11,680","10,132","54,200",N/A,N/A,N/A,N/A,N/A
369,금양,"9,900",보합,0,0.00%,500,0,0,0,"6,333",-560,-4.09,0,0,0,"12,569",-283.36,-40.88,0,0,"7,624","-1,861",5.60,-18.99,0,0,"63,967","1,537","-2,420",1.27,0,1.12
370,LG전자우,"36,800",상승,100,+0.27%,"5,000","5,276",193,"36,750","6,324",N/A,9.62,"80,412","36,750","37,350",N/A,N/A,N/A,"36,950",142,N/A,N/A,44.56,N/A,"36,400",237,"17,186",N/A,"3,825",0.30,N/A,N/A
371,콜마홀딩스,"18,250",상승,520,+2.93%,500,"326,805","5,916","17,970","6,259",381,31.91,"10,019,186","18,150","17,980","12,914",125.94,4.09,"18,350",36,"4,763",334,19.94,2.59,"17,820",64,"34,296","6,767",572,1.05,200,6.18
372,코오롱,"49,200",하락,"4,300",-8.04%,"5,000","132,196","6,516","50,200","6,212",-896,4.30,"2,706,594","50,200","50,300","70,405",-190.15,12.49,"50,300",232,"46,926","1,576",4.67,2.57,"48,300",344,"12,626","60,284","11,430",0.41,550,2.55
373,카프로,"3,660",보합,0,0.00%,500,0,0,0,"6,185",-324,17.43,0,0,0,"2,392",17.95,102.36,0,0,"1,510",332,0.08,14.56,0,0,"169,000",71,210,7.77,N/A,-90.64
374,KG스틸,"6,170",상승,80,+1.31%,"5,000","5,471",33,"5,840","6,171","2,060",3.51,"79,764","6,090","5,910","33,414",-26.53,6.93,"6,170","1,144","13,812","1,325",6.69,4.05,"6,090",216,"100,009","33,010","1,757",0.30,250,-3.76
375,KODEX 단기채권,"113,520",상승,10,+0.01%,0,297,33,"113,515","6,164",N/A,N/A,"8,378","113,515","113,525",N/A,N/A,N/A,"113,525","20,299",N/A,N/A,0.01,N/A,"113,515","15,000","5,430",N/A,N/A,N/A,N/A,N/A
376,유니드,"90,400",상승,"2,700",+3.08%,"5,000","3,438",308,"88,000","6,118",954,7.96,"47,695","89,700","88,700","13,648",197.62,7.96,"90,400",81,"3,525",762,9.91,5.81,"89,000",48,"6,768","11,116","11,360",0.59,"1,800",-1.95
377,넥센타이어,"6,140",보합,0,0.00%,500,"7,532",46,"6,140","5,997","1,721",5.10,"190,791","6,170","6,180","45,745",-7.94,7.10,"6,180",94,"27,029","1,267",6.71,2.88,"6,090",15,"97,668","28,479","1,203",0.33,130,5.41
378,일진하이솔루스,"16,160",상승,200,+1.25%,500,"3,729",60,"15,920","5,868",-95,734.55,"58,927","15,960","15,950","3,443",2.89,0.57,"16,260",159,268,18,4.17,0.53,"15,960",952,"36,313",793,22,1.85,N/A,0.71
379,KIWOOM 국고채10년,"116,625",하락,10,-0.01%,0,718,83,"116,725","5,857",N/A,N/A,"9,469","116,580","116,775",N/A,N/A,N/A,"116,665","8,998",N/A,N/A,0.01,N/A,"116,470","9,000","5,022",N/A,N/A,N/A,N/A,N/A
380,신성통상,"4,075",하락,5,-0.12%,500,"9,872",40,"4,075","5,856","1,218",8.98,"1,217,866","4,080","4,080","11,626",-15.22,16.24,"4,080","2,329,744","6,780",737,0.46,6.61,"4,075","194,823","143,708","15,079",454,1.13,N/A,-2.25
381,코스모화학,"15,120",상승,350,+2.37%,"1,000","9,359",141,"14,790","5,807",-20,-9.69,"165,568","15,020","14,800","12,043",-166.57,-24.71,"15,290",46,"6,136",-523,7.30,-4.56,"15,020",118,"38,408","7,493","-1,561",2.57,N/A,-6.22
382,솔루스첨단소재,"8,220",상승,20,+0.24%,100,"5,264",43,"8,300","5,772",-544,-58.30,"120,690","8,340","8,320","20,794",25.67,0.62,"8,340",3,"9,879",-427,3.76,-2.26,"8,200",12,"70,217","5,709",-141,0.99,10,32.96
383,쿠쿠홈시스,"25,700",상승,600,+2.39%,100,"2,095",53,"25,100","5,766","1,648",4.74,"48,000","25,100","25,400","13,816",13.77,14.00,"25,700",386,"3,349","1,361",6.82,10.81,"25,100",160,"22,437","10,572","5,424",0.61,"1,000",10.75
384,현대그린푸드,"17,380",상승,240,+1.40%,500,923,15,"17,140","5,759",967,7.77,"34,816","17,140","17,250","9,556",49.10,11.41,"17,510",47,"2,854",745,14.30,8.11,"16,760",61,"33,136","22,704","2,238",0.84,335,24.27
385,KODEX 미국30년국채액티브(H),"8,945",하락,55,-0.61%,0,"135,712","1,214","8,940","5,757",N/A,N/A,"553,054","8,955","8,950",N/A,N/A,N/A,"8,955","84,004",N/A,N/A,0.02,N/A,"8,940","83,263","64,360",N/A,N/A,N/A,N/A,N/A
386,TIGER 200 IT,"32,420",상승,135,+0.42%,0,"4,419",143,"32,090","5,719",N/A,N/A,"88,198","32,290","32,115",N/A,N/A,N/A,"32,515",42,N/A,N/A,0.09,N/A,"32,290","2,373","17,640",N/A,N/A,N/A,N/A,N/A
387,제주항공,"7,090",상승,30,+0.42%,"1,000","3,949",27,"7,080","5,717",799,-9.82,"108,886","7,080","7,100","19,985",-52.94,6.84,"7,100",212,"16,744",217,2.54,1.09,"7,000",285,"80,641","19,358",-722,1.96,N/A,12.28
388,제주은행,"15,030",하락,280,-1.83%,"5,000","189,272","2,897","15,440","5,681",114,53.87,"7,178,811","15,500","15,450","74,448",335.46,1.85,"15,590",284,"68,547",104,1.53,0.14,"15,030",335,"37,799","3,797",279,0.82,100,2.30
389,KODEX 국고채3년,"62,785",하락,5,-0.01%,0,"3,682",231,"62,755","5,579",N/A,N/A,"20,775","62,775","62,780",N/A,N/A,N/A,"62,800","14,000",N/A,N/A,0.00,N/A,"62,755","14,860","8,886",N/A,N/A,N/A,N/A,N/A
390,KODEX 국고채30년액티브,"121,805",상승,80,+0.07%,0,708,86,"121,650","5,577",N/A,N/A,"6,489","121,725","121,725",N/A,N/A,N/A,"121,850","2,002",N/A,N/A,0.01,N/A,"121,360","4,041","4,579",N/A,N/A,N/A,N/A,N/A
391,롯데손해보험,"1,795",상승,18,+1.01%,"1,000","110,037",196,"1,730","5,571",311,-105.59,"1,288,633","1,773","1,771","155,415",-91.73,2.31,"1,805","2,138","147,472",242,0.89,0.16,"1,773",989,"310,336","31,515",-17,1.10,N/A,23.15
392,케이씨텍,"26,700",하락,500,-1.84%,500,"4,363",117,"26,400","5,524",498,11.41,"52,389","27,000","27,200","5,491",52.23,11.28,"27,200",696,673,527,12.84,10.04,"26,650",179,"20,690","3,854","2,341",1.09,270,34.34
393,대한유화,"84,900",상승,"1,900",+2.29%,"5,000","1,324",111,"83,000","5,518",-599,537.34,"20,727","84,300","83,200","22,197",3.90,-0.47,"85,000",80,"4,121",-85,7.33,-0.39,"83,300",12,"6,500","28,001",158,0.29,"1,000",12.01
394,CJ4우(전환),"130,400",보합,0,0.00%,"5,000",625,81,"130,400","5,511",N/A,46.82,"14,556","131,000","131,300",N/A,N/A,N/A,"131,900",28,N/A,N/A,5.02,N/A,"130,200",12,"4,227",N/A,"2,785",0.81,N/A,N/A
395,한일홀딩스,"17,870",상승,10,+0.06%,"1,000",289,5,"17,880","5,510","2,793",5.89,"14,530","17,880","18,300","37,090",6.60,7.56,"18,000",88,"14,048","1,985",4.01,5.46,"17,790",28,"30,833","22,487","3,032",0.34,930,-4.84
396,한국쉘석유,"423,500",상승,"3,500",+0.83%,"5,000",156,65,"422,000","5,506",460,14.36,"2,902","422,000","424,000","1,913",8.65,28.93,"423,500",56,640,367,59.29,19.31,"420,500",4,"1,300","3,272","29,500",5.14,"27,000",2.09
397,TIGER 인도니프티50,"13,620",상승,35,+0.26%,0,"6,428",87,"13,590","5,414",N/A,N/A,"373,780","13,625","13,600",N/A,N/A,N/A,"13,630",712,N/A,N/A,0.12,N/A,"13,610",286,"39,750",N/A,N/A,N/A,N/A,N/A
398,YG PLUS,"8,450",보합,0,0.00%,500,"64,062",538,"8,450","5,360",-7,66.54,"1,432,034","8,450","8,500","2,378",-103.45,0.73,"8,490","1,123",686,20,5.08,0.86,"8,290","10,971","63,429","1,849",127,3.14,N/A,-17.32
399,E1,"77,900",하락,100,-0.13%,"5,000",262,20,"77,700","5,344","2,176",5.11,"12,350","78,600","80,000","145,398",133.55,3.83,"78,600",42,"123,507",656,5.59,0.69,"77,700",78,"6,860","111,924","15,251",0.26,"3,450",42.98
400,KODEX 200타겟위클리커버드콜,"11,030",상승,75,+0.68%,0,"223,945","2,468","10,955","5,339",N/A,N/A,"1,832,712","11,000","10,960",N/A,N/A,N/A,"11,035","23,433",N/A,N/A,0.05,N/A,"10,995",471,"48,400",N/A,N/A,N/A,N/A,N/A
401,삼양사,"51,600",상승,700,+1.38%,"5,000",602,30,"50,900","5,322","1,335",4.77,"11,580","51,400","51,200","33,199",17.95,7.53,"51,600",3,"13,722","1,364",4.83,4.18,"51,300",7,"10,313","26,718","10,808",0.29,"1,750",0.77
402,한국금융지주우,"90,800",하락,200,-0.22%,"5,000","1,915",174,"89,100","5,319",N/A,4.83,"34,540","91,000","90,700",N/A,N/A,N/A,"91,500",20,N/A,N/A,14.62,N/A,"90,200",385,"5,858",N/A,"18,792",0.54,N/A,N/A
403,애경케미칼,"10,870",상승,260,+2.45%,500,"80,199",864,"10,350","5,288",155,112.06,"1,296,329","10,770","10,520","13,564",-65.69,0.54,"10,880",582,"6,155",85,0.00,0.64,"10,700","1,643","48,649","16,422",97,0.73,281,-8.45
404,KCC글라스,"33,100",하락,100,-0.30%,"1,000",838,27,"33,000","5,286",572,31.77,"49,467","33,050","33,450","24,943",-39.82,2.48,"33,350",49,"10,054",370,8.64,1.57,"33,050",18,"15,971","19,033","1,042",0.36,"1,800",13.29
405,TIMEFOLIO 글로벌AI인공지능액티브,"29,520",상승,125,+0.43%,0,"9,251",272,"29,450","5,284",N/A,N/A,"295,448","29,385","29,465",N/A,N/A,N/A,"29,540",357,N/A,N/A,0.00,N/A,"29,385",121,"17,900",N/A,N/A,N/A,N/A,N/A
406,삼천리,"130,300",상승,500,+0.39%,"5,000",721,93,"130,000","5,284","1,143",4.82,"20,350","129,400","130,100","45,182",-34.49,6.55,"131,400",18,"27,577","1,217",12.33,2.72,"129,400",35,"4,055","51,205","27,036",0.27,"3,000",-9.60
407,PI첨단소재,"17,980",상승,580,+3.33%,500,"17,479",311,"17,400","5,280",349,18.89,"68,791","17,560","17,520","5,275",987.07,7.16,"17,980","1,492","1,896",234,9.57,4.47,"17,560",3,"29,366","2,513",952,1.58,350,15.46
408,LF,"17,870",상승,170,+0.96%,"5,000","1,320",23,"17,700","5,225","1,261",6.85,"87,411","17,610","17,710","29,150",119.84,4.87,"17,880","1,872","11,422",906,13.20,3.20,"17,610",30,"29,240","19,563","2,610",0.31,700,2.92
409,KB KIS CD금리투자 ETN,"52,120",보합,0,0.00%,0,0,0,0,"5,212",N/A,N/A,"389,001","52,120",0,N/A,N/A,N/A,"52,120",0,N/A,N/A,0.00,N/A,"52,120",0,"10,000",N/A,N/A,N/A,N/A,N/A
410,신도리코,"51,700",하락,200,-0.39%,"5,000",104,5,"51,900","5,211",202,7.98,"21,393","52,000","52,000","11,436",-33.06,7.12,"52,300",62,793,732,11.57,6.59,"51,700",285,"10,080","3,410","6,476",0.42,"1,500",-15.29
411,후성,"4,845",상승,70,+1.47%,500,"14,621",70,"4,775","5,197",-96,-8.27,"378,747","4,820","4,800","8,263",79.23,-21.71,"4,870","2,574","4,935",-834,7.55,-9.93,"4,810",25,"107,255","4,378",-586,1.63,N/A,-16.32
412,대한해운,"1,610",상승,5,+0.31%,500,"154,248",248,"1,599","5,196","3,286",3.46,"2,901,956","1,605","1,600","45,804",31.48,8.93,"1,619","2,174","22,907","1,648",1.51,3.54,"1,601","2,438","322,747","17,472",465,0.25,0,25.03
413,대신증권우,"19,980",하락,170,-0.84%,"5,000","5,423",108,"20,000","5,195",N/A,10.81,"58,436","20,150","20,050",N/A,N/A,N/A,"20,150",18,N/A,N/A,14.14,N/A,"19,840",214,"26,000",N/A,"1,848",0.44,N/A,N/A
414,바이오노트,"5,080",상승,20,+0.40%,500,300,1,"5,010","5,184",122,12.24,"58,220","5,080","5,030","16,972",125.97,3.46,"5,100",89,614,553,0.45,3.36,"5,060",110,"102,056","1,028",415,0.32,200,14.10
415,JW중외제약,"22,250",하락,50,-0.22%,"2,500","3,533",78,"22,200","5,181",825,8.88,"48,009","22,300","22,300","6,046",-17.76,21.87,"22,350",692,"2,751",650,6.50,10.41,"22,200",30,"23,286","7,194","2,507",1.64,450,-3.89
416,제이알글로벌리츠,"2,607",하락,3,-0.11%,"1,000","4,527",11,"2,610","5,146",310,13.17,"945,568","2,610","2,615","21,465",-4.87,2.48,"2,615",435,"13,405",207,9.34,0.98,"2,600","1,398","197,376",626,198,0.63,N/A,3.49
417,TIGER 우량회사채액티브,"117,180",하락,30,-0.03%,0,197,23,"117,200","5,082",N/A,N/A,"103,053","117,210","117,210",N/A,N/A,N/A,"117,210","2,051",N/A,N/A,0.01,N/A,"117,180","5,867","4,337",N/A,N/A,N/A,N/A,N/A
418,퍼시스,"44,050",상승,50,+0.11%,"1,000",66,2,"43,500","5,066",215,15.30,837,"44,000","44,000","6,439",-39.05,8.64,"44,300",12,699,477,19.94,7.69,"44,000",36,"11,500","3,857","2,879",0.69,"1,200",6.28
419,신대양제지,"12,530",하락,210,-1.65%,500,"1,157",14,"12,450","5,049",293,17.28,"47,697","12,600","12,800","8,759",-49.95,6.00,"12,700",11,"1,838",333,2.70,3.80,"12,530",3,"40,298","6,585",725,0.63,200,2.04
420,TIGER 미국달러단기채권액티브,"12,430",상승,35,+0.28%,0,"17,579",218,"12,390","5,039",N/A,N/A,"130,982","12,430","12,395",N/A,N/A,N/A,"12,450","20,846",N/A,N/A,0.01,N/A,"12,415","60,081","40,540",N/A,N/A,N/A,N/A,N/A
421,OCI,"56,100",하락,200,-0.36%,"5,000","2,150",120,"56,100","5,022","1,105",11.83,"64,475","56,300","56,200","22,830",N/A,N/A,"56,400",142,"10,414",897,6.65,N/A,"56,000",42,"8,952","22,153","4,741",0.43,"2,200",N/A
422,TIGER 테슬라채권혼합Fn,"13,575",하락,85,-0.62%,0,"87,656","1,190","13,680","4,996",N/A,N/A,"335,301","13,650","13,710",N/A,N/A,N/A,"13,650",687,N/A,N/A,0.18,N/A,"13,565","10,001","36,800",N/A,N/A,N/A,N/A,N/A
423,현대차증권,"8,030",상승,40,+0.50%,"5,000","17,280",138,"8,030","4,965",547,8.15,"326,725","8,030","8,040","119,920",-16.08,2.80,"8,050","2,013","106,899",362,3.78,0.31,"7,950","1,134","61,833","17,956",985,0.38,153,13.49
424,TIGER 미국테크TOP10타겟커버드콜,"13,185",상승,120,+0.92%,0,"10,951",144,"13,065","4,951",N/A,N/A,"159,025","13,100","13,070",N/A,N/A,N/A,"13,280","1,291",N/A,N/A,0.01,N/A,"13,100",77,"37,550",N/A,N/A,N/A,N/A,N/A
425,엠씨넥스,"27,500",하락,50,-0.18%,500,"4,234",116,"27,550","4,944",444,7.30,"45,919","27,550","28,050","5,741",143.55,18.28,"27,750","2,180","2,019",636,12.38,11.46,"27,400",238,"17,978","10,571","3,768",1.23,800,13.36
426,KODEX 미국AI전력핵심인프라,"14,950",상승,115,+0.78%,0,"323,418","4,831","14,915","4,934",N/A,N/A,"1,325,282","14,920","14,930",N/A,N/A,N/A,"14,995","13,947",N/A,N/A,0.47,N/A,"14,900","3,598","33,000",N/A,N/A,N/A,N/A,N/A
427,KODEX 미국반도체,"25,965",상승,130,+0.50%,0,"19,116",496,"25,890","4,907",N/A,N/A,"296,776","25,915","25,995",N/A,N/A,N/A,"26,000",702,N/A,N/A,1.40,N/A,"25,915",558,"18,900",N/A,N/A,N/A,N/A,N/A
428,고려제강,"18,080",상승,210,+1.18%,"1,000",697,12,"17,750","4,882",261,31.66,"12,088","17,870","17,870","26,090",-53.64,1.95,"18,150",155,"6,819",329,5.72,1.30,"17,870",27,"27,000","17,396",571,0.27,324,-2.75
429,삼성 레버리지 WTI원유 선물 ETN,"1,202",하락,30,-2.44%,0,"352,227",423,"1,209","4,856",N/A,N/A,"1,264,343","1,203","1,210",N/A,N/A,N/A,"1,207","10,136",N/A,N/A,0.00,N/A,"1,199","2,055,709","404,000",N/A,N/A,N/A,N/A,N/A
430,HD현대에너지솔루션,"43,050",하락,"1,350",-3.04%,"5,000","22,634",977,"41,100","4,822",35,26.15,"141,947","42,700","43,100","4,538",-80.03,0.03,"43,800","1,366",841,1,3.03,0.02,"42,600",147,"11,200","4,224","1,646",1.31,N/A,-22.66
431,진에어,"9,230",상승,30,+0.33%,"1,000","2,690",24,"9,260","4,818","1,631",6.59,"98,531","9,210","9,270","12,271",-10.46,51.15,"9,260",33,"9,959",957,4.14,8.78,"9,120",46,"52,200","14,613","1,401",1.72,N/A,14.41
432,세아홀딩스,"120,000",상승,"13,000",+12.15%,"5,000","2,920",341,"107,000","4,800",992,14.98,"1,995","114,500","111,700","61,055",-50.60,1.53,"121,000",155,"29,554",342,1.17,0.58,"111,400",57,"4,000","60,168","8,013",0.21,"4,000",-6.27
433,한전산업,"14,700",상승,180,+1.24%,500,"38,884",571,"14,100","4,792",161,41.76,"946,160","14,710","14,420","2,200",-38.00,10.59,"14,770","3,069","1,044",116,1.20,5.49,"14,630",97,"32,600","3,675",352,4.37,367,1.17
434,SPC삼립,"55,500",상승,200,+0.36%,"5,000",530,29,"55,300","4,789",950,5.51,"16,835","55,400","55,400","12,408",3.53,19.25,"55,700",240,"7,610",865,4.26,6.83,"55,100",34,"8,629","34,279","10,076",0.95,"1,800",-0.16
435,SBS,"25,750",하락,50,-0.19%,"5,000","1,506",38,"26,250","4,777",-192,34.11,"65,892","25,850","26,300","15,124",-132.90,3.80,"25,850",21,"6,059",338,0.00,2.36,"25,650",364,"18,551","10,467",755,0.53,N/A,5.01
436,ACE 200,"42,010",상승,350,+0.84%,0,"51,803","2,171","41,660","4,768",N/A,N/A,"46,147","41,890","41,955",N/A,N/A,N/A,"42,010","1,590",N/A,N/A,11.56,N/A,"41,845","1,510","11,350",N/A,N/A,N/A,N/A,N/A
437,KODEX 코스피,"31,470",상승,245,+0.78%,0,"28,946",908,"31,225","4,768",N/A,N/A,"425,787","31,390","31,230",N/A,N/A,N/A,"31,485","2,078",N/A,N/A,0.51,N/A,"31,310",376,"15,150",N/A,N/A,N/A,N/A,N/A
438,해성디에스,"28,000",하락,200,-0.71%,"5,000","6,348",177,"27,900","4,760",569,11.97,"164,261","28,250","28,200","7,942",-44.52,10.96,"28,300",45,"2,379",587,7.15,7.92,"27,750",442,"17,000","6,030","2,340",0.88,800,-10.30
439,KODEX 자동차,"18,520",상승,30,+0.16%,0,"37,148",687,"18,480","4,750",N/A,N/A,"605,730","18,480","18,490",N/A,N/A,N/A,"18,545",17,N/A,N/A,0.62,N/A,"18,420","4,063","25,650",N/A,N/A,N/A,N/A,N/A
440,TIGER 미국달러SOFR금리액티브(합성),"56,460",상승,110,+0.20%,0,472,26,"56,270","4,744",N/A,N/A,"11,420","56,380","56,275",N/A,N/A,N/A,"56,490","6,039",N/A,N/A,0.00,N/A,"56,380","8,800","8,402",N/A,N/A,N/A,N/A,N/A
441,KIWOOM 종합채권(AA-이상)액티브,"109,230",하락,120,-0.11%,0,2,0,"109,250","4,730",N/A,N/A,22,"109,230","109,325",N/A,N/A,N/A,"109,230","9,000",N/A,N/A,0.00,N/A,"109,230","8,998","4,330",N/A,N/A,N/A,N/A,N/A
442,동국제강,"9,470",상승,30,+0.32%,"5,000","4,505",42,"9,380","4,698","1,025",57.74,"138,790","9,300","9,400","31,940",-56.49,2.04,"9,540",32,"14,922",348,26.17,1.04,"9,300",247,"49,608","35,275",164,0.28,600,34.02
443,아모레퍼시픽우,"44,400",상승,"1,000",+2.30%,500,"1,559",68,"43,400","4,688",N/A,4.90,"38,298","43,500","43,900",N/A,N/A,N/A,"44,450",168,N/A,N/A,46.20,N/A,"43,500",16,"10,558",N/A,"9,057",0.58,N/A,N/A
444,아세아시멘트,"12,390",상승,120,+0.98%,500,"1,986",24,"12,260","4,627","1,408",7.25,"55,596","12,270","12,270","21,954",-4.18,7.65,"12,600",39,"10,890",801,6.24,3.71,"12,240",389,"37,347","11,103","1,709",0.42,260,-7.51
445,풀무원,"12,130",상승,230,+1.93%,500,"10,641",128,"11,900","4,624",918,14.79,"106,914","12,000","11,910","23,312",48.16,11.40,"12,150",199,"17,477",344,2.86,1.53,"12,000",31,"38,121","32,137",820,1.51,102,7.36
446,화승엔터프라이즈,"7,630",상승,180,+2.42%,500,"23,519",179,"7,490","4,623",826,13.27,"164,680","7,490","7,510","15,376",537.00,6.38,"7,680","2,062","9,739",344,6.26,2.37,"7,490",13,"60,589","16,096",575,0.90,45,32.61
447,NICE,"12,400",하락,60,-0.48%,500,"2,078",25,"12,460","4,604","1,743",9.42,"57,610","12,500","12,500","35,219",79.68,6.27,"12,500",43,"21,291","1,009",10.90,2.88,"12,350",87,"37,128","30,383","1,317",0.58,500,7.78
448,신세계인터내셔날,"12,920",상승,220,+1.73%,"1,000","43,457",557,"12,710","4,566",268,18.78,"281,839","12,720","12,720","13,331",-44.93,3.85,"12,960","2,130","4,866",327,4.42,2.46,"12,600",85,"35,343","13,086",688,0.54,400,-3.37
449,KODEX 국고채10년액티브,"114,315",하락,50,-0.04%,0,162,18,"114,285","4,557",N/A,N/A,"13,853","114,320","114,365",N/A,N/A,N/A,"114,355","15,000",N/A,N/A,0.01,N/A,"114,290","12,000","3,986",N/A,N/A,N/A,N/A,N/A
450,RISE KIS국고채30년Enhanced,"81,560",하락,100,-0.12%,0,954,77,"81,120","4,532",N/A,N/A,"26,753","81,180","81,520",N/A,N/A,N/A,"81,620",71,N/A,N/A,0.01,N/A,"81,120","6,000","5,557",N/A,N/A,N/A,N/A,N/A
451,TIGER 은행고배당플러스TOP10,"18,155",상승,15,+0.08%,0,"236,230","4,259","17,995","4,530",N/A,N/A,"1,575,518","18,035","18,000",N/A,N/A,N/A,"18,170",13,N/A,N/A,0.15,N/A,"17,905","1,067","24,950",N/A,N/A,N/A,N/A,N/A
452,DS단석,"25,650",상승,250,+0.98%,500,"6,958",177,"25,600","4,510",122,-81.69,"132,322","25,400","26,500","7,358",-84.01,-3.29,"25,650",139,"4,528",-103,1.91,-1.42,"25,400","1,579","17,584","9,617",-314,1.58,N/A,-10.16
453,KODEX 인도Nifty50,"13,910",상승,55,+0.40%,0,"14,627",203,"13,855","4,507",N/A,N/A,"53,747","10,800","10,800","2,647",-59.46,3.72,"10,950",57,159,93,27.14,3.40,"10,680","1,773","41,678",795,-86,1.66,250,-15.25
454,스틱인베스트먼트,"10,810",상승,10,+0.09%,500,"5,911",63,"10,700","4,505",134,-125.70,"315,904","13,880","13,860",N/A,N/A,N/A,"13,960",850,N/A,N/A,0.04,N/A,"13,880",309,"32,400",N/A,N/A,N/A,N/A,N/A
455,디아이,"15,730",하락,60,-0.38%,500,"16,550",261,"15,800","4,452",31,56.99,"370,642","15,910","15,890","3,196",-49.81,0.72,"15,920",631,"1,519",28,7.29,0.92,"15,690","1,036","28,300","2,140",276,2.62,100,-0.27
456,RISE 미국30년국채엔화노출(합성 H),"8,255",하락,60,-0.72%,0,"85,842",710,"8,315","4,445",N/A,N/A,"421,834","8,315","8,330",N/A,N/A,N/A,"8,315",40,N/A,N/A,0.04,N/A,"8,255",779,"53,850",N/A,N/A,N/A,N/A,N/A
457,동아에스티,"47,350",하락,150,-0.32%,"5,000","1,281",60,"47,600","4,428",-250,-557.06,"15,637","47,600","47,800","13,917",-323.66,-0.18,"47,600",77,"6,829",-232,17.61,-1.74,"47,300",107,"9,353","6,979",-85,0.66,785,5.10
458,쏘카,"13,440",상승,220,+1.66%,100,62,0,"13,220","4,414",-98,-24.80,"3,862","13,220","13,470","6,315",-1.14,-15.69,"13,460",55,"4,480",-310,0.98,-4.73,"13,210",40,"32,842","4,318",-542,2.43,N/A,8.36
459,티웨이항공,"2,040",보합,0,0.00%,500,"75,702",154,"1,950","4,394",-123,-2.77,"335,714","2,020","1,980","15,624",-108.80,-55.03,"2,050","2,708","14,802",-659,0.90,-4.63,"2,020",673,"215,379","15,368",-736,12.95,N/A,13.94
460,TIGER 미국S&P500(H),"14,705",상승,80,+0.55%,0,"7,777",114,"14,625","4,375",N/A,N/A,"2,852,847","3,470","3,465",N/A,N/A,N/A,"3,555","1,117",N/A,N/A,0.77,N/A,"3,470","7,163","123,750",N/A,N/A,N/A,N/A,N/A
461,TIGER 2차전지소재Fn,"3,520",상승,70,+2.03%,0,"463,120","1,630","3,455","4,356",N/A,N/A,"98,404","14,690","14,630",N/A,N/A,N/A,"14,710","2,712",N/A,N/A,0.11,N/A,"14,690",131,"29,750",N/A,N/A,N/A,N/A,N/A
462,TCC스틸,"16,590",상승,450,+2.79%,"1,000","11,867",195,"16,200","4,349",123,20.26,"140,575","16,230","16,220","5,740",9.08,8.30,"16,600",32,"3,149",202,7.67,3.57,"16,230",13,"26,214","5,821",819,1.73,100,-6.78
463,세아제강,"153,100",상승,"5,300",+3.59%,"5,000","3,362",512,"148,000","4,342","2,029",3.56,"7,865","149,100","149,500","18,238",N/A,N/A,"153,700",276,"7,113","1,371",9.02,N/A,"149,100",61,"2,836","18,094","43,046",0.39,"7,000",N/A
464,명신산업,"8,250",하락,60,-0.72%,500,"6,809",56,"8,200","4,329","1,481",4.03,"236,927","8,220","8,220","12,103",-28.83,20.95,"8,290",147,"5,128","1,291",7.58,11.45,"8,210","1,401","52,470","15,738","2,048",0.61,150,-9.49
465,코람코라이프인프라리츠,"4,420",하락,40,-0.90%,500,"1,081",4,"4,440","4,302",356,11.42,"185,135","4,460","4,460","12,792",96.73,4.96,"4,460",9,"7,776",238,1.39,1.87,"4,415",87,"97,335",485,387,0.89,418,54.05
466,비에이치,"12,430",보합,0,0.00%,500,"7,423",92,"12,550","4,284",871,15.71,"246,998","12,510","12,560","13,199",2.67,9.90,"12,510",90,"5,790",776,10.26,6.44,"12,400",80,"34,464","17,544",791,0.57,250,10.20
467,KODEX 미국배당커버드콜액티브,"11,350",상승,45,+0.40%,0,"43,117",489,"11,310","4,279",N/A,N/A,"551,387","11,345","11,320",N/A,N/A,N/A,"11,360","12,765",N/A,N/A,0.02,N/A,"11,335","5,347","37,700",N/A,N/A,N/A,N/A,N/A
468,KODEX 미국나스닥100(H),"17,525",상승,60,+0.34%,0,"36,323",636,"17,495","4,250",N/A,N/A,"292,903","17,520","17,710",N/A,N/A,N/A,"17,535",623,N/A,N/A,1.14,N/A,"17,515",499,"24,250",N/A,N/A,N/A,N/A,N/A
469,한세실업,"10,550",상승,100,+0.96%,500,"15,888",166,"10,440","4,220","1,422",8.54,"131,274","10,470","10,450","14,245",-15.47,8.58,"10,570",6,"7,149",584,3.74,4.39,"10,430",92,"40,000","17,978","1,235",0.60,500,5.21
470,부국증권,"40,650",하락,600,-1.45%,"5,000",998,40,"41,250","4,215",367,16.92,"15,436","41,000","41,800","16,514",-46.93,4.05,"41,550",17,"8,811",310,1.51,1.81,"40,650",87,"10,370","7,792","2,402",0.47,"1,500",-4.40
471,애경산업,"15,960",상승,90,+0.57%,"1,000","4,908",78,"15,860","4,215",468,12.37,"77,100","15,890","15,870","4,994",-24.40,10.81,"16,040",52,987,425,2.40,8.66,"15,890",923,"26,410","6,791","1,290",1.03,580,1.53
472,흥아해운,"1,745",하락,20,-1.13%,500,"486,560",849,"1,730","4,195",275,10.97,"4,860,363","1,745","1,750","4,436",12.12,20.08,"1,759",346,"2,095",400,1.22,10.39,"1,736","1,504","240,425","1,880",159,1.82,N/A,14.07
473,신한 레버리지 WTI원유 선물 ETN(H),833,하락,24,-2.80%,0,"61,200",51,836,"4,165",N/A,N/A,"448,221",836,838,N/A,N/A,N/A,837,"6,733,950",N/A,N/A,0.00,N/A,832,"6,818,001","500,000",N/A,N/A,N/A,N/A,N/A
474,KODEX 미국AI테크TOP10타겟커버드콜,"10,630",상승,95,+0.90%,0,"19,480",206,"10,585","4,156",N/A,N/A,"204,049","10,615","10,590",N/A,N/A,N/A,"10,645","55,407",N/A,N/A,0.02,N/A,"10,615",360,"39,100",N/A,N/A,N/A,N/A,N/A
475,KIWOOM 200,"41,770",상승,305,+0.74%,0,"23,723",988,"41,465","4,156",N/A,N/A,"296,173","41,680","41,750",N/A,N/A,N/A,"41,770","1,551",N/A,N/A,0.00,N/A,"41,590","2,601","9,950",N/A,N/A,N/A,N/A,N/A
476,드림텍,"6,030",보합,0,0.00%,100,"6,554",39,"6,030","4,154",236,-354.71,"135,270","6,050","6,070","9,081",-30.82,0.95,"6,060",551,"3,930",127,57.19,1.50,"6,020",3,"68,890","11,727",-17,1.04,200,13.81
477,조광피혁,"62,400",상승,400,+0.65%,"5,000",207,12,"62,000","4,149",72,35.66,"9,374","63,200","62,800","6,188",13.90,2.58,"63,200",133,754,126,0.51,2.24,"62,200",3,"6,649",902,"1,750",0.39,N/A,-28.70
478,PLUS 종합채권(AA-이상)액티브,"115,700",하락,140,-0.12%,0,1,0,"115,730","4,149",N/A,N/A,272,"115,700","115,810",N/A,N/A,N/A,"115,700","6,000",N/A,N/A,0.00,N/A,"115,700","6,000","3,586",N/A,N/A,N/A,N/A,N/A
479,TIGER 27-04회사채(A+이상)액티브,"53,380",하락,5,-0.01%,0,"1,612",86,"53,380","4,110",N/A,N/A,"12,987","53,385","53,385",N/A,N/A,N/A,"53,385","20,009",N/A,N/A,0.00,N/A,"53,365","20,118","7,700",N/A,N/A,N/A,N/A,N/A
480,더본코리아,"27,650",상승,200,+0.73%,500,"5,163",142,"27,450","4,075",360,10.67,"24,843","27,500","27,500","3,527",40.75,15.52,"27,650",407,851,310,1.14,11.05,"27,500",145,"14,737","4,642","2,591",1.51,300,13.03
481,PLUS 머니마켓액티브,"52,355",하락,5,-0.01%,0,"3,134",164,"52,355","4,066",N/A,N/A,"8,414","52,360","52,360",N/A,N/A,N/A,"52,360","20,010",N/A,N/A,0.01,N/A,"52,355","19,669","7,766",N/A,N/A,N/A,N/A,N/A
482,삼성FN리츠,"4,435",하락,5,-0.11%,500,"2,035",9,"4,440","4,038",78,152.93,"153,422","4,440","4,445","8,768",24.55,0.66,"4,445",352,"4,607",26,0.23,0.32,"4,430",14,"91,050",115,29,0.97,73,23.01
483,영진약품,"2,205",하락,5,-0.23%,500,"28,019",61,"2,205","4,033",87,-220.50,"253,768","2,210","2,210","2,343",179.79,1.37,"2,225","1,747","1,445",12,3.06,0.54,"2,200","6,156","182,893","2,520",-10,4.44,N/A,7.30
484,BGF,"4,175",상승,15,+0.36%,"1,000","4,339",18,"4,170","3,996",552,4.59,"117,115","4,170","4,175","23,010",-8.82,5.43,"4,185","2,054","3,199",948,2.36,4.24,"4,150",3,"95,717","4,341",909,0.23,130,21.80
485,맵스리얼티1,"4,300",하락,35,-0.81%,0,2,0,"4,320","3,992",N/A,N/A,"33,204","4,300","4,340",N/A,N/A,N/A,"4,300","9,019",N/A,N/A,2.77,N/A,"4,300",15,"92,834",N/A,N/A,N/A,N/A,N/A
486,RISE 200위클리커버드콜,"9,225",상승,75,+0.82%,0,"107,869",993,"9,145","3,981",N/A,N/A,"1,088,954","9,150","9,150",N/A,N/A,N/A,"9,225",601,N/A,N/A,0.03,N/A,"9,150","1,348","43,150",N/A,N/A,N/A,N/A,N/A
487,두산2우B,"443,000",상승,"12,500",+2.90%,"5,000","2,355","1,060","433,000","3,956",N/A,-45.72,"7,883","446,000","433,500",N/A,N/A,N/A,"460,000",44,N/A,N/A,1.42,N/A,"438,000",8,893,N/A,"-9,690",5.28,N/A,N/A
488,남해화학,"7,880",상승,170,+2.20%,"1,000","10,932",85,"7,720","3,915",363,15.82,"83,614","7,770","7,730","7,738",228.08,4.84,"7,900","3,866","2,391",215,3.29,2.68,"7,770",506,"49,679","15,191",498,0.70,80,-4.34
489,남양유업,"63,700",상승,200,+0.31%,500,73,4,"63,500","3,906",-98,80.53,"7,590","63,500","64,400","7,242",86.28,0.04,"64,300",27,924,2,7.28,0.03,"63,500",29,"6,131","9,528",791,0.83,100,-4.41
490,KB스타리츠,"3,850",하락,15,-0.39%,500,"2,072",7,"3,865","3,904",266,-29.84,"95,495","3,865","3,870","10,667",-50.14,4.54,"3,865",85,"6,842",190,0.33,1.81,"3,840","1,502","101,414",382,-129,1.12,180,-41.46
491,수산인더스트리,"27,300",상승,500,+1.87%,200,"5,752",157,"27,050","3,900",435,9.95,"144,989","27,500","27,150","6,238",-13.40,7.77,"27,700",744,"1,054",394,1.50,6.41,"27,250",39,"14,286","3,168","2,745",0.75,800,-2.45
492,엘브이엠씨홀딩스,"2,015",상승,10,+0.50%,0,"39,130",78,"2,000","3,894",164,106.05,"537,872","2,010","2,005","7,388",205.09,0.28,"2,040","2,787","2,678",42,10.95,0.61,"2,000","1,949","193,240","2,957",19,0.75,0,13.53
493,현대코퍼레이션,"29,150",상승,450,+1.57%,"5,000","4,724",138,"28,700","3,856","1,335",3.50,"90,308","29,400","28,750","20,623",34.43,19.70,"29,600",217,"14,070","1,210",13.07,5.87,"28,750",22,"13,229","69,957","8,330",0.52,700,6.31
494,TIGER 미국필라델피아AI반도체나스닥,"11,540",상승,110,+0.96%,0,"40,103",462,"11,450","3,843",N/A,N/A,"623,804","11,480","11,460",N/A,N/A,N/A,"11,560","2,324",N/A,N/A,0.44,N/A,"11,480","2,361","33,300",N/A,N/A,N/A,N/A,N/A
495,TIGER 미국나스닥100커버드콜(합성),"9,790",상승,35,+0.36%,0,"8,083",79,"9,755","3,833",N/A,N/A,"140,111","9,755","9,765",N/A,N/A,N/A,"9,795","6,002",N/A,N/A,0.01,N/A,"9,755",123,"39,150",N/A,N/A,N/A,N/A,N/A
496,HL홀딩스,"40,650",상승,50,+0.12%,"5,000",162,6,"40,500","3,823",904,-19.44,"11,013","40,500","40,600","23,708",-1.88,1.91,"40,750",210,"13,062",198,9.98,0.85,"40,350",344,"9,404","13,711","-2,091",0.36,"2,000",6.66
497,한섬,"16,960",상승,120,+0.71%,500,"2,774",46,"16,840","3,805",635,10.16,"51,022","16,840","16,850","17,462",-36.83,3.19,"16,980",60,"3,401",433,21.96,2.50,"16,840",8,"22,438","14,853","1,670",0.26,750,-2.84
498,HANARO 200,"41,880",상승,320,+0.77%,0,4,0,"41,560","3,790",N/A,N/A,"174,176","41,880","41,920",N/A,N/A,N/A,"41,880","1,503",N/A,N/A,22.34,N/A,"41,880",670,"9,050",N/A,N/A,N/A,N/A,N/A
499,KODEX 미국달러SOFR금리액티브(합성),"11,660",상승,5,+0.04%,0,"5,076",59,"11,615","3,788",N/A,N/A,"42,850","11,665","11,635",N/A,N/A,N/A,"11,680","20,017",N/A,N/A,0.01,N/A,"11,655","52,917","32,490",N/A,N/A,N/A,N/A,N/A
500,사조대림,"41,250",상승,200,+0.49%,"5,000",538,22,"41,050","3,780","1,330",5.36,"17,253","40,750","41,150","21,236",3.41,14.27,"41,300",7,"12,850",958,2.35,5.66,"40,750",131,"9,164","26,430","7,690",0.50,300,28.11
