N,종목명,현재가,전일비변동,전일비,등락률,액면가,거래량,거래대금,매수호가,시가총액,영업이익,PER,전일거래량,시가,매도호가,자산총계,영업이익증가율,ROE,고가,매수총잔량,부채총계,당기순이익,외국인비율,ROA,저가,매도총잔량,상장주식수,매출액,주당순이익,PBR,보통주배당금,매출액증가율
1,알테오젠,"375,500",하락,"14,500",-3.72%,500,"48,327","18,319","381,000","200,761",254,160.68,"451,701","382,000","382,000","4,090",360.91,29.52,"383,000","1,803","1,349",607,14.55,18.25,"375,000",836,"53,465","1,029","2,337",54.78,0,6.56
2,에코프로비엠,"97,200",하락,"4,800",-4.71%,500,"121,902","11,936","99,900","95,063",-341,-102.42,"1,793,484","99,000","100,000","43,237",-121.86,-6.26,"99,600",124,"23,466",-585,12.14,-1.35,"97,000","1,298","97,801","27,668",-949,5.61,N/A,-59.91
3,HLB,"51,500",하락,"2,000",-3.74%,500,"85,763","4,432","52,200","67,684","-1,185",-35.84,"813,461","52,100","52,300","8,874",5.21,-16.33,"52,200","1,963","2,353","-1,080",20.56,-13.22,"51,300","3,865","131,425",681,"-1,437",13.14,0,58.80
4,에코프로,"42,350",하락,"1,900",-4.29%,100,"117,768","5,033","43,500","57,501","-2,930",-32.78,"1,571,903","43,000","43,550","81,383",-198.28,-12.57,"43,350",176,"42,998","-2,954",21.18,-3.76,"42,300",239,"135,776","31,279","-1,292",3.62,100,-56.92
5,레인보우로보틱스,"286,000",하락,"4,000",-1.38%,500,"26,030","7,397","284,000","55,484",-30,"6,975.61","542,672","284,000","284,500","1,399",93.32,1.62,"286,500","1,812",71,21,7.65,1.57,"282,000",320,"19,400",193,41,42.04,N/A,26.80
6,파마리서치,"464,250",상승,"7,250",+1.59%,500,"11,812","5,443","446,000","48,791","1,261",46.14,"153,577","447,500","446,500","8,557",36.63,18.93,"469,000",83,"2,863",889,15.93,12.79,"446,000",15,"10,510","3,501","10,061",9.51,"1,100",34.14
7,휴젤,"367,000",하락,"1,500",-0.41%,500,"6,177","2,260","367,000","45,156","1,662",31.87,"29,496","366,000","367,500","9,394",41.13,17.51,"369,500",517,986,"1,431",55.52,15.32,"358,000",63,"12,304","3,730","11,517",4.73,0,16.69
8,펩트론,"189,800",하락,"9,700",-4.86%,500,"28,133","5,414","196,100","44,218",-165,-192.30,"218,345","196,400","196,200","1,689",-4.05,-23.46,"196,900",42,172,-220,6.18,-19.91,"188,700",479,"23,297",32,-987,29.70,N/A,-5.68
9,클래시스,"60,100",하락,800,-1.31%,100,"76,637","4,582","59,500","39,369","1,224",38.30,"243,559","172,600","173,800","5,198",-72.36,-4.49,"173,200",129,"1,704",-51,2.47,-1.10,"166,200",159,"23,457","2,109",-494,14.91,200,9.48
10,삼천당제약,"167,600",하락,"1,000",-0.59%,500,"47,120","7,996","173,700","39,315",26,-339.27,"576,196","60,000","60,400","6,084",36.62,26.54,"60,500","1,586","1,557",975,71.65,19.83,"59,300",447,"65,506","2,429","1,569",8.41,257,34.87
11,리노공업,"50,400",하락,"1,200",-2.33%,100,"46,143","2,333","51,000","38,411","1,242",31.48,"711,366","50,500","51,100","6,574",8.59,19.21,"51,200",520,348,"1,133",34.81,18.27,"49,850",725,"76,212","2,782","1,601",6.32,600,8.85
12,리가켐바이오,"103,400",하락,"4,000",-3.72%,500,"28,658","2,980","105,300","37,855",-209,152.06,"316,142","105,300","105,400","7,384",74.12,2.04,"105,300",316,"1,224",78,10.77,1.68,"103,200","1,010","36,610","1,259",680,6.43,N/A,268.71
13,코오롱티슈진,"43,600",하락,"1,400",-3.11%,0,"111,442","4,855","44,500","35,578",-220,-96.04,"1,030,500","44,500","44,550","2,223",-7.28,-25.91,"44,500","2,464",764,-338,3.80,-18.92,"42,950",356,"81,601",51,-454,19.28,0,36.90
14,실리콘투,"57,900",상승,800,+1.40%,500,"178,410","10,288","57,400","35,419","1,376",26.35,"1,897,602","57,600","57,500","4,578",187.76,60.90,"58,400","5,167","1,962","1,207",7.13,35.88,"56,900",375,"61,172","6,915","2,197",11.60,N/A,101.69
15,에이비엘바이오,"68,600",하락,"2,200",-3.11%,500,"66,979","4,605","69,400","33,290",-594,-50.04,"848,364","68,800","69,500","2,320","-2,168.82",-46.01,"69,500",82,647,-555,14.37,-28.32,"68,200","2,907","48,528",334,"-1,371",26.05,N/A,-49.04
16,에스엠,"135,800",하락,"2,400",-1.74%,500,"15,131","2,068","137,900","31,091",873,12.48,"136,711","137,000","138,000","14,191",-23.06,2.64,"137,800",135,"5,900",8,25.93,0.06,"135,500",318,"22,895","9,897","10,881",3.42,400,2.98
17,펄어비스,"42,200",하락,350,-0.82%,100,"24,364","1,026","42,050","27,113",-123,56.42,"334,519","42,100","42,100","11,428",24.82,7.88,"42,700",158,"3,368",603,7.57,5.12,"41,500","2,884","64,248","3,424",748,3.21,N/A,2.67
18,젬백스,"64,300",하락,"4,000",-5.86%,500,"86,384","5,532","60,000","26,624",-383,-41.78,"557,841","64,200","63,000","1,507",-387.24,-127.30,"65,600",187,"1,217",-872,6.28,-61.01,"62,600",322,"41,406",627,"-1,539",62.96,0,-13.18
19,JYP Ent.,"74,400",하락,"1,600",-2.11%,500,"24,008","1,785","75,000","26,436","1,283",19.52,"331,861","74,600","75,100","6,788",-24.30,22.41,"74,700",818,"1,959",977,22.67,15.63,"74,100",385,"35,532","6,018","3,811",4.63,534,6.23
20,HPSP,"27,300",하락,850,-3.02%,500,"47,055","1,287","27,700","22,795",939,28.32,"395,983","27,350","27,750","3,199",-1.32,31.09,"27,600","1,024",420,863,21.98,26.94,"27,150",761,"83,499","1,814",964,8.92,600,1.29
21,셀트리온제약,"49,850",하락,750,-1.48%,500,"6,922",345,"49,950","21,774",372,79.51,"107,219","50,100","50,000","6,695",3.19,5.68,"50,200",20,"2,725",220,4.65,3.35,"49,750",482,"43,679","4,778",627,5.39,24,22.90
22,신성델타테크,"74,400",상승,400,+0.54%,500,"58,289","4,388","76,700","20,448",272,"-1,617.39","215,458","77,000","76,800","7,741",-9.01,-0.48,"77,000",534,"4,568",74,6.79,1.02,"74,000",651,"27,484","9,097",-46,9.64,120,9.12
23,파크시스템스,"286,500",상승,"1,000",+0.35%,500,"3,397",981,"287,000","20,026",385,36.35,"37,845","292,000","288,000","2,743",39.80,25.83,"292,000",121,864,428,33.24,17.99,"286,000",16,"6,990","1,751","7,881",9.92,500,20.89
24,이오테크닉스,"154,200",하락,"5,600",-3.50%,500,"14,318","2,235","156,900","18,997",312,40.74,"176,757","157,000","157,100","6,530",0.84,7.43,"157,900",11,500,427,20.44,6.75,"154,200",30,"12,320","3,209","3,785",3.08,500,1.46
25,보로노이,"103,300",하락,"5,600",-5.14%,500,"23,434","2,440","106,100","18,995",-179,-46.70,"600,380","105,200","106,200",640,-65.09,-96.66,"105,900",51,297,-199,4.73,-38.23,"102,900",166,"18,388",98,"-2,212",35.04,0,-33.93
26,네이처셀,"28,250",상승,100,+0.36%,500,"57,992","1,628","27,850","18,203",6,"-9,416.67","680,717","27,750","27,950",720,105.82,1.95,"28,450","1,573",74,12,7.50,1.75,"27,650","1,112","64,435",323,-3,28.63,0,67.09
27,와이지엔터테인먼트,"92,700",하락,"1,000",-1.07%,500,"14,757","1,369","93,600","17,327",-206,74.22,"344,488","93,400","93,700","7,343",-123.65,3.90,"93,400",66,"1,311",200,15.28,2.71,"92,100",246,"18,691","3,649","1,249",3.54,250,-35.88
28,CJ ENM,"78,500",하락,"1,200",-1.51%,"5,000","5,586",437,"79,000","17,214","1,045",-3.13,"130,757","77,800","79,100","93,166",815.59,-16.69,"78,900",5,"56,386","-5,808",16.88,-6.03,"77,500",172,"21,929","52,314","-25,100",0.60,N/A,19.76
29,씨젠,"32,850",하락,900,-2.67%,500,"21,509",707,"33,050","17,156",-165,161.03,"288,536","33,000","33,100","12,053",45.17,-2.03,"33,050",523,"2,238",-203,16.58,-1.65,"32,600","2,152","52,226","4,143",204,1.51,800,12.76
30,케어젠,"30,950",하락,850,-2.67%,100,"3,169",98,"31,500","16,625",342,53.27,"121,490","31,400","31,750","2,407",-15.18,14.35,"31,650",16,177,323,5.04,13.24,"30,500",354,"53,715",826,581,7.14,640,4.26
31,에스티팜,"78,700",하락,"2,100",-2.60%,500,"9,478",751,"80,000","15,860",277,52.85,"146,728","80,300","80,200","7,219",-17.36,7.82,"80,300",11,"2,189",325,6.06,4.65,"78,500",265,"20,153","2,738","1,489",3.21,500,-3.94
32,스튜디오드래곤,"52,500",하락,"2,200",-4.02%,500,"20,771","1,091","52,200","15,781",364,100.77,"297,689","52,800","53,900","9,255",-34.86,4.63,"53,600","1,332","1,859",335,12.85,3.32,"52,000",231,"30,058","5,501",521,2.14,N/A,-26.96
33,동진쎄미켐,"29,800",하락,"1,150",-3.72%,500,"112,293","3,372","30,400","15,322","2,082",9.98,"446,481","30,350","30,450","20,170",18.19,17.17,"30,450","5,095","9,966","1,435",10.15,7.92,"29,750",602,"51,414","14,081","2,986",1.50,200,7.50
34,카카오게임즈,"17,960",하락,600,-3.23%,100,"92,825","1,664","18,300","14,883",191,-11.18,"882,115","18,080","18,310","31,732",-74.60,-7.96,"18,100",54,"16,949","-1,281",10.83,-3.86,"17,640",697,"82,866","6,272","-1,606",1.12,N/A,-13.58
35,디앤디파마텍,"135,100",하락,"7,200",-5.06%,500,"60,764","8,230","138,000","14,520",-250,-42.82,"681,430","136,700","138,100",975,-85.50,-49.03,"137,600",35,279,-295,4.52,-33.37,"132,300",100,"10,747",114,"-3,155",22.63,0,-38.77
36,지아이이노베이션,"23,400",하락,600,-2.50%,500,"42,549",993,"23,600","14,418",-483,-21.69,"760,961","23,200","23,700",458,9.46,-116.69,"23,600","1,003",167,-588,4.97,-92.49,"23,000","1,494","61,614",0,"-1,079",11.51,0,-99.54
37,주성엔지니어링,"29,700",하락,"1,800",-5.71%,500,"174,285","5,229","30,650","14,039",972,11.92,"520,390","30,600","30,700","9,868",235.88,19.76,"30,800","1,775","4,202","1,068",17.21,11.92,"29,550",901,"47,268","4,094","2,491",2.34,287,43.78
38,브이티,"39,200",하락,150,-0.38%,500,"38,422","1,496","38,950","14,033","1,109",13.45,"1,051,145","38,800","39,000","3,596",143.48,56.07,"39,350",281,"1,189","1,040",10.15,33.75,"38,450","2,950","35,798","4,317","2,914",5.65,N/A,46.09
39,비에이치아이,"44,450",상승,850,+1.95%,500,"144,777","6,380","42,100","13,755",219,61.74,"796,345","43,500","42,250","5,248",45.34,20.64,"44,650","5,754","4,083",196,16.61,4.12,"42,700","1,624","30,944","4,047",720,11.01,N/A,10.16
40,솔브레인,"174,600",하락,"9,300",-5.06%,500,"5,510",970,"180,000","13,581","1,679",13.11,"64,624","179,000","180,400","11,682",25.82,12.47,"181,900",20,"1,309","1,196",31.89,11.06,"174,400",4,"7,779","8,634","13,317",1.29,"2,300",2.29
41,카페24,"55,600",상승,"3,200",+6.11%,500,"315,894","17,233","51,500","13,485",319,45.42,"458,646","52,900","51,700","3,423","1,978.14",13.40,"55,700",426,"1,267",235,22.42,7.08,"51,900",138,"24,253","3,025","1,224",6.14,N/A,11.58
42,디어유,"55,900",하락,"1,900",-3.29%,500,"23,348","1,316","57,000","13,270",254,64.25,"192,477","56,800","57,200","2,203",N/A,N/A,"57,300",211,243,244,5.99,N/A,"55,800",99,"23,738",749,870,6.73,215,N/A
43,루닛,"45,150",하락,"1,850",-3.94%,500,"70,235","3,189","46,500","13,161",-677,-18.89,"958,049","45,750","46,550","4,350",-60.30,-41.21,"46,000",117,"2,702",-824,8.54,-23.45,"45,100","1,294","29,150",542,"-2,390",7.63,0,116.03
44,메디톡스,"167,200",하락,"4,000",-2.34%,500,"4,304",728,"170,800","12,203",203,58.22,"95,713","170,400","171,000","6,152",17.47,3.62,"171,000",59,"1,444",161,12.76,2.62,"167,200",290,"7,298","2,286","2,872",2.54,"1,100",3.39
45,원익IPS,"24,850",하락,"1,200",-4.61%,500,"17,859",447,"25,250","12,197",106,31.70,"193,727","25,200","25,300","11,241",158.88,2.37,"41,450",414,279,-195,21.97,-23.45,"40,600",432,"30,007",86,-764,28.20,0,-72.85
46,메지온,"40,600",하락,"1,300",-3.10%,500,"8,087",331,"41,450","12,183",-143,-53.14,"305,259","41,450","41,900",740,1.31,-36.23,"25,300",598,"2,367",207,25.16,1.88,"24,850",632,"49,084","7,482",784,1.38,50,8.38
47,HK이노엔,"42,800",보합,0,0.00%,500,"24,066","1,031","42,950","12,125",882,17.69,"196,625","42,950","43,000","18,896",33.82,5.02,"43,100","1,352","6,382",616,10.21,3.30,"42,400",827,"28,330","8,971","2,419",0.96,350,8.23
48,테크윙,"32,400",하락,"1,550",-4.57%,500,"68,314","2,235","33,000","12,103",234,-86.63,"360,296","33,000","33,200","5,062",640.74,-10.25,"33,150","1,304","3,179",-220,10.65,-4.43,"32,300",305,"37,354","1,855",-374,6.31,130,38.85
49,서진시스템,"21,150",보합,0,0.00%,500,"52,131","1,093","21,000","11,896","1,087",24.03,"603,509","20,900","21,050","21,032",121.85,12.32,"21,250",143,"12,276",839,7.72,4.63,"20,550","4,846","56,248","12,138",880,1.37,N/A,55.87
50,엔켐,"55,300",하락,"2,600",-4.49%,500,"30,816","1,717","57,000","11,720",-653,-5.39,"266,150","56,500","57,100","11,269","-2,244.05",-156.31,"56,500",26,"6,601","-5,712",6.40,-57.41,"55,300","2,401","21,194","3,657","-10,265",2.24,N/A,-13.89
51,티씨케이,"99,200",하락,"2,600",-2.55%,500,"4,378",435,"100,500","11,582",807,15.25,"48,853","100,300","101,100","5,635",21.06,14.78,"100,700",47,473,720,64.53,13.60,"98,500","1,116","11,675","2,757","6,503",2.25,"1,410",21.65
52,위메이드,"33,100",하락,600,-1.78%,500,"18,571",611,"33,500","11,237",71,5.07,"180,247","33,000","33,550","18,757",106.40,55.57,"33,200",201,"10,438","1,816",8.22,11.03,"32,650","3,205","33,948","7,119","6,530",2.68,N/A,17.62
53,고영,"16,260",하락,40,-0.25%,100,"453,145","7,445","16,500","11,163",33,65.83,"4,843,597","16,500","16,510","3,779",-83.69,6.68,"16,730",533,548,210,15.65,5.64,"16,230",65,"68,655","2,025",247,3.41,140,-10.24
54,제이앤티씨,"18,790",하락,640,-3.29%,500,"25,763",486,"18,500","10,870",-461,-12.98,"322,779","18,870","18,950","6,397",-261.51,-9.65,"19,070","2,468","3,026",-334,2.26,-5.16,"18,750",367,"57,848","2,732","-1,448",3.36,N/A,-15.52
55,ISC,"50,700",하락,"2,700",-5.06%,500,"20,281","1,037","51,900","10,747",448,23.52,"111,526","52,000","52,000","5,829",317.11,10.98,"52,500",307,597,549,18.36,9.76,"50,400",594,"21,197","1,745","2,156",2.02,810,24.43
56,오스코텍,"27,800",하락,500,-1.77%,500,"11,762",326,"27,700","10,633",-27,"2,780.00","292,564","27,850","28,100","1,708",91.63,0.77,"28,150","1,069",384,-16,10.22,-1.05,"27,350",255,"38,248",340,10,8.73,N/A,586.89
57,SOOP,"92,000",하락,"1,200",-1.29%,500,"7,085",649,"90,900","10,575","1,135",10.23,"103,276","91,300","91,800","7,157",25.69,30.21,"92,100",350,"3,333","1,024",35.82,15.83,"91,000",26,"11,495","4,132","8,990",2.51,"1,500",20.10
58,하이젠알앤엠,"33,950",하락,800,-2.30%,500,"14,286",485,"34,150","10,486",-4,-267.32,"256,608","34,100","34,200","1,202",-108.52,-1.92,"34,350",392,518,-11,2.79,-0.96,"33,500",191,"30,888",759,-127,14.53,N/A,-1.76
59,하림지주,"9,300",상승,80,+0.87%,100,"94,562",876,"9,200","10,417","7,655",10.88,"445,852","9,200","9,220","160,790",34.88,0.90,"9,410","1,550","101,370","1,748",9.52,1.19,"9,100",855,"112,006","122,730",855,0.29,120,1.75
60,대주전자재료,"66,500",하락,"2,500",-3.62%,500,"19,376","1,294","67,600","10,295",294,27.12,"159,541","67,600","68,300","6,230",372.76,19.30,"67,900",287,"3,927",364,18.41,7.02,"66,500",364,"15,481","2,193","2,452",4.29,100,18.56
61,LS마린솔루션,"30,450",하락,350,-1.14%,"1,000","55,631","1,683","30,050","9,948",124,60.54,"2,033,021","29,900","30,150","2,543",N/A,N/A,"30,700",520,461,132,2.61,N/A,"29,700",298,"32,669","1,303",503,4.63,160,N/A
62,넥슨게임즈,"14,530",하락,260,-1.76%,500,"58,564",849,"14,460","9,569",387,30.53,"615,887","14,600","14,500","4,872",222.40,10.93,"14,660","1,043","1,745",314,4.62,7.36,"14,200",223,"65,860","2,561",476,2.93,N/A,32.49
63,원텍,"10,620",하락,180,-1.67%,100,"60,194",638,"10,630","9,498",348,27.02,"514,448","10,580","10,650","1,779",-24.43,25.76,"10,690",168,511,291,7.86,17.58,"10,500","3,322","89,439","1,153",393,7.06,50,-0.32
64,아난티,"10,520",하락,340,-3.13%,100,"340,792","3,600","10,660","9,324",8,-56.26,"4,932,553","10,560","10,670","16,224",-99.70,-4.56,"10,660","2,270","9,110",-324,6.62,-2.04,"10,500","4,588","88,629","2,852",-187,1.32,N/A,-68.22
65,코나아이,"63,600",하락,300,-0.47%,500,"215,849","13,416","61,400","9,262",334,27.79,"2,631,012","62,500","61,500","4,131",-0.80,16.19,"63,800","1,863","2,153",302,2.02,6.90,"60,500",938,"14,563","2,363","2,289",4.69,680,-15.67
66,국일제지,800,보합,0,0.00%,100,0,0,0,"9,019",-13,-88.89,"263,158","36,450","37,200","4,523",59.39,12.17,"36,900",549,533,458,8.60,10.68,"36,250",16,"24,831","2,123","1,826",2.20,N/A,29.66
67,덕산네오룩스,"36,300",하락,"1,200",-3.20%,200,"11,691",428,"37,150","9,014",525,19.88,0,0,0,"1,424",19.80,-9.98,0,0,194,-130,0.84,-7.09,0,0,"1,127,406",564,-9,7.32,N/A,6.08
68,필옵틱스,"38,800",하락,"2,300",-5.60%,500,"113,087","4,435","39,800","8,880",138,175.57,"626,793","39,650","39,850","3,827",34.40,3.51,"39,900",607,"1,441",129,0.22,3.11,"38,750",482,"22,886","4,109",221,5.81,0,36.96
69,유진테크,"37,250",하락,"1,350",-3.50%,500,"13,202",494,"37,500","8,536",612,13.16,"209,634","37,400","37,550","5,395",151.49,16.85,"37,800","1,810","1,038",654,31.53,13.40,"37,250",177,"22,916","3,381","2,831",2.03,230,22.25
70,태성,"27,750",하락,"1,600",-5.45%,100,"59,419","1,671","28,250","8,464",60,322.67,"173,459","28,200","28,300",796,980.50,16.61,"28,700",102,386,60,1.72,8.74,"27,550","2,386","30,501",592,86,6.54,0,77.61
71,성광벤드,"31,750",하락,450,-1.40%,500,"28,730",911,"31,300","8,432",420,23.16,"384,104","31,400","31,500","5,631",-6.35,8.01,"32,200","1,163",443,410,23.40,7.36,"31,350",944,"26,557","2,277","1,371",1.61,200,-10.61
72,유일로보틱스,"73,200",하락,"2,600",-3.43%,500,"7,008",515,"74,400","8,406",4,159.48,"136,009","73,900","74,500","1,174",106.14,-13.94,"74,100",16,224,-91,15.92,-8.91,"73,100",445,"11,483",352,459,8.71,N/A,19.40
73,로보티즈,"63,100",상승,100,+0.16%,500,"118,954","7,453","61,900","8,338",-30,"1,237.25","2,844,036","61,500","62,000","1,002",43.88,-3.31,"63,600",532,42,-30,7.41,-2.82,"61,300","1,646","13,214",300,51,8.21,0,3.13
74,솔브레인홀딩스,"38,550",하락,900,-2.28%,500,"9,227",354,"39,450","8,082",853,17.08,"84,381","39,100","39,500","19,966",-29.47,4.62,"39,300",50,"5,055",557,4.80,2.95,"36,700",120,"20,964","5,154","2,257",0.60,220,-22.10
75,에스앤에스텍,"37,550",하락,"1,350",-3.47%,500,"16,562",623,"37,600","8,055",295,23.19,"103,071","37,950","37,950","2,970",17.73,13.07,"37,950","1,181",502,303,9.82,10.95,"37,350","1,290","21,451","1,760","1,619",3.08,150,17.09
76,동성화인텍,"26,800",상승,100,+0.37%,500,"31,031",833,"26,250","8,037",540,20.26,"257,181","27,200","26,300","4,555",35.13,21.07,"27,200",279,"2,530",393,17.93,9.60,"26,300",181,"29,989","5,974","1,323",3.76,350,11.92
77,에스에프에이,"22,250",하락,550,-2.41%,500,"4,562",102,"22,650","7,990",-484,-9.69,"169,150","22,700","22,700","24,796",-154.44,-7.49,"22,700",4,"9,572",-321,9.12,-1.21,"22,200","1,178","35,909","20,454","-2,296",0.71,270,9.95
78,와이씨,"9,730",하락,440,-4.33%,100,"166,070","1,627","9,910","7,983",106,93.56,"349,398","9,910","9,920","5,769",23.66,3.48,"9,970","2,254","1,586",129,0.89,2.45,"9,690",536,"82,045","2,112",104,2.41,N/A,-17.22
79,동국제약,"17,440",상승,330,+1.93%,500,"47,601",824,"16,820","7,828",804,13.60,"175,453","16,880","17,110","9,532",20.26,10.66,"17,550",135,"2,742",623,14.10,6.95,"16,880","2,158","44,884","8,122","1,282",1.28,200,11.10
80,SAMG엔터,"88,300",하락,"1,100",-1.23%,500,"32,842","2,871","89,300","7,745",-61,-104.87,"565,024","88,700","89,400",974,35.14,-52.24,"89,200",27,666,-194,20.06,-19.62,"86,500","1,344","8,771","1,164",-842,20.14,N/A,22.41
81,올릭스,"39,100",하락,"1,750",-4.28%,500,"38,084","1,496","39,300","7,732",-309,-15.10,"373,997","39,800","39,500",712,-70.02,-120.11,"39,850",644,528,-407,3.18,-46.71,"39,000",420,"19,775",57,"-2,589",30.53,0,-66.73
82,HLB테라퓨틱스,"9,150",하락,300,-3.17%,500,"98,044",890,"9,170","7,720",-76,-27.98,"1,310,797","9,200","9,190","2,198",12.63,-14.34,"9,210","2,869",379,-235,5.83,-11.16,"8,890","1,680","84,371",549,-327,4.99,0,4.45
83,한글과컴퓨터,"31,650",하락,900,-2.76%,500,"86,542","2,744","31,950","7,653",404,49.22,"1,104,796","31,300","32,000","6,819",18.37,4.06,"32,050","9,390","1,963",140,6.00,2.13,"31,250","4,681","24,180","3,048",643,2.18,410,12.42
84,안랩,"67,900",하락,900,-1.31%,500,"9,374",632,"68,000","7,555",277,20.29,"155,231","67,700","68,100","4,647",4.77,10.40,"68,100",481,959,324,32.41,7.71,"66,800",157,"11,127","2,606","3,346",1.82,"1,300",8.93
85,하나마이크론,"11,390",하락,470,-3.96%,500,"107,465","1,227","11,470","7,548","1,068",-80.21,"515,358","11,450","11,500","19,446",84.43,-6.99,"11,510",140,"13,388",-112,10.80,-0.61,"11,370",572,"66,272","12,507",-142,2.06,70,29.21
86,LS머트리얼즈,"11,060",하락,280,-2.47%,500,"49,380",546,"11,280","7,482",62,240.43,"271,231","11,250","11,290","2,531",-54.33,3.11,"11,260",8,460,57,4.14,2.19,"10,980",489,"67,653","1,421",46,4.07,N/A,3.79
87,레이크머티리얼즈,"11,170",하락,520,-4.45%,100,"60,581",683,"11,310","7,342",222,39.75,"219,893","11,360","11,320","3,513",-24.93,17.38,"11,560",772,"2,200",210,6.63,6.46,"11,120","3,882","65,731","1,387",281,5.70,50,17.77
88,현대힘스,"20,500",상승,790,+4.01%,500,"219,537","4,573","21,150","7,262",215,40.67,"217,412","21,200","21,200","3,265",48.99,8.07,"21,500","2,309",930,166,0.49,5.74,"20,150","4,577","35,425","2,232",504,3.08,100,17.96
89,피에스케이홀딩스,"33,600",하락,"2,000",-5.62%,500,"27,070",920,"34,450","7,245",885,7.83,"101,731","34,450","34,500","5,136",228.07,24.80,"34,600",111,821,958,4.00,20.94,"33,550",803,"21,562","2,155","4,289",1.68,700,127.53
90,펌텍코리아,"58,400",상승,300,+0.52%,500,"3,551",205,"57,400","7,242",484,20.33,"118,428","58,100","58,100","4,076",37.15,12.99,"58,500",300,869,383,15.71,10.04,"57,400",592,"12,400","3,375","2,873",2.67,420,18.63
91,비올,"12,380",보합,0,0.00%,100,"79,734",987,"12,380","7,232",361,20.56,"1,423,556","12,380","12,390",981,61.62,44.73,"12,390","1,289,488",92,326,2.11,40.31,"12,380","100,468","58,419",582,602,7.39,20,36.86
92,피엔티,"30,400",하락,"1,150",-3.65%,500,"37,378","1,141","30,800","7,218","1,632",6.60,"781,564","23,450","23,600","14,433",46.70,-6.63,"23,800","1,116","9,948",-310,6.22,-2.37,"22,500","1,175","31,854","12,314","-1,592",1.77,100,18.19
93,심텍,"22,650",하락,"1,850",-7.55%,500,"187,056","4,297","23,550","7,215",-470,-14.23,"212,598","30,800","30,900","16,203",112.19,26.52,"31,000","1,576","9,957","1,422",4.13,8.83,"30,250",250,"23,743","10,351","4,605",1.23,100,89.78
94,우리기술,"4,300",상승,185,+4.50%,500,"7,591,803","31,466","4,095","7,118",6,-93.48,"44,013,219","4,035","4,100","2,655",-91.71,-3.33,"4,345","3,570","1,534",-44,4.09,-1.93,"3,830","82,557","165,531",713,-46,6.31,0,12.80
95,코미코,"67,100",하락,"2,300",-3.31%,500,"9,570",643,"67,400","7,019","1,125",12.24,"73,626","67,400","68,000","8,003",240.50,23.36,"67,900",154,"4,246",878,19.22,12.60,"66,800",253,"10,461","5,071","5,483",2.55,"1,000",65.05
96,엘앤씨바이오,"28,250",하락,950,-3.25%,500,"22,439",634,"28,700","6,955",25,4.61,"498,734","28,850","28,900","4,756",-68.73,65.41,"28,850",90,"1,809","1,410",9.82,38.21,"28,050",489,"24,619",721,"6,131",2.26,50,9.35
97,우리기술투자,"8,220",하락,350,-4.08%,500,"184,992","1,527","8,270","6,905","1,757",4.49,"2,145,082","8,280","8,280","8,038",14.13,24.89,"8,330","3,996","1,376","1,477",2.88,20.59,"8,190","2,254","84,000","1,923","1,830",0.94,N/A,12.60
98,HLB생명과학,"5,595",하락,155,-2.70%,500,"49,215",276,"5,730","6,821",-248,-3.38,"359,278","5,710","5,740","5,390",-1.17,1.95,"5,710",172,"1,402",62,9.52,1.29,"5,555","10,300","121,917","1,022","-1,657",2.00,0,4.34
99,코스메카코리아,"63,200",상승,"1,400",+2.27%,500,"33,362","2,100","62,400","6,750",604,16.22,"178,867","62,900","62,900","5,179",22.80,22.07,"63,700",331,"2,103",537,11.17,11.30,"62,300",816,"10,680","5,243","3,897",3.13,100,11.39
100,비츠로셀,"29,350",하락,400,-1.34%,500,"2,343",69,"29,550","6,713",519,12.81,"75,703","29,550","29,600","3,179",37.73,19.92,"29,550",134,348,513,29.37,17.86,"29,100",247,"22,872","2,108","2,292",2.31,460,19.61
101,제룡전기,"41,900",하락,950,-2.22%,500,"44,511","1,851","41,450","6,730",978,9.23,"452,091","41,400","41,500","2,418",39.48,49.72,"41,950",433,451,799,8.62,39.92,"29,100",247,"22,872","2,108","2,292",2.31,460,19.61
102,엠로,"54,000",상승,600,+1.12%,500,"24,341","1,300","52,700","6,661",86,33.40,"99,843","52,600","52,800","1,024",84.58,31.88,"54,600",237,134,186,2.82,19.17,"52,200",278,"12,335",795,"1,617",7.35,0,25.77
103,아이티센글로벌,"28,150",하락,750,-2.60%,500,"228,110","6,482","28,900","6,532",586,55.63,"1,356,722","28,900","28,950","9,454",91.90,5.79,"30,100","3,635","6,229",361,2.69,4.19,"26,400","1,355","23,205","49,618",506,8.09,N/A,76.26
104,휴메딕스,"58,100",하락,600,-1.02%,500,"3,974",230,"58,600","6,525",431,15.02,"112,633","57,400","58,700","2,498",15.63,18.41,"58,300",76,212,393,8.92,16.72,"57,200",860,"11,230","1,619","3,868",2.51,630,6.30
105,다우데이타,"16,910",하락,480,-2.76%,500,"31,822",542,"17,330","6,477","12,059",4.47,"391,976","17,260","17,350","577,571",80.54,12.96,"17,270",187,"512,862","8,659",11.06,1.55,"16,900",191,"38,300","121,361","3,783",0.47,450,17.44
106,태웅,"31,500",하락,200,-0.63%,500,"71,160","2,239","30,700","6,302",228,32.31,"647,722","31,100","30,800","8,126",-42.28,4.42,"32,400",458,"2,081",247,8.17,3.17,"30,400",218,"20,007","3,863",975,1.04,N/A,-12.94
107,위메이드맥스,"7,510",하락,130,-1.70%,500,"8,376",63,"7,300","6,294",-81,-29.92,"69,527","7,510","7,630","5,976",-315.03,-3.29,"7,630",605,962,-157,11.23,-4.31,"7,470",329,"83,803",750,-251,1.26,0,7.49
108,인카금융서비스,"11,940",상승,20,+0.17%,100,"34,309",406,"11,900","6,135",863,9.42,"247,150","11,850","11,920","7,074",85.22,50.62,"11,980","1,704","5,602",620,5.62,10.30,"11,700","1,212","51,380","8,323","1,267",3.65,100,49.47
109,시노펙스,"6,980",하락,20,-0.29%,500,"102,443",712,"6,910","6,123",212,23.66,"1,580,287","6,890","6,970","2,354",-12.19,18.58,"7,050","4,573",678,280,1.15,12.82,"6,850","2,062","87,720","2,383",295,3.53,0,-9.09
110,아이쓰리시스템,"85,600",상승,300,+0.35%,500,"2,970",253,"85,000","6,083",148,38.10,"37,703","85,000","85,100","1,468",20.94,15.31,"86,200",81,411,150,4.97,10.77,"84,800",16,"7,107","1,207","2,247",5.33,400,-0.69
111,휴온스글로벌,"47,950",하락,"1,200",-2.44%,500,"3,409",163,"48,900","6,059",970,23.25,"81,409","48,450","49,000","14,059",-14.88,5.05,"48,500",92,"4,418",671,7.96,4.93,"47,600",544,"12,637","8,135","2,062",1.11,525,7.26
112,RFHIC,"22,850",하락,150,-0.65%,500,"27,261",628,"23,450","6,052",15,80.18,"396,529","23,450","23,500","4,829",404.84,8.60,"23,450",429,"1,250",197,11.98,3.97,"22,700",54,"26,484","1,149",285,1.88,100,3.09
113,HLB제약,"18,380",하락,650,-3.42%,500,"26,382",487,"18,450","6,027",15,112.76,"202,737","18,600","18,470","1,579",107.54,1.98,"18,710",133,415,20,0.59,1.35,"18,360",35,"32,791","1,371",163,5.36,0,0.83
114,솔트룩스,"49,300",하락,"2,100",-4.09%,500,"154,060","7,627","51,200","5,980",-66,-114.12,"913,836","50,300","51,300",932,28.63,-6.63,"50,300",510,206,-59,4.60,-6.10,"48,700","8,694","12,131",459,-432,9.06,N/A,49.03
115,나노신소재,"48,850",하락,"2,250",-4.40%,500,"11,645",575,"50,300","5,959",30,-266.94,"125,476","50,500","50,500","4,422",-74.88,-0.77,"50,500",247,"1,980",-19,9.04,-0.43,"48,650",494,"12,198",878,-183,2.38,250,5.53
116,서부T&D,"9,000",상승,70,+0.78%,500,"60,318",539,"8,870","5,933",480,17.61,"764,340","8,870","8,930","28,945",28.91,3.70,"9,030","9,938","16,536",647,12.19,2.47,"8,810",619,"65,927","1,875",511,0.58,100,10.83
117,차바이오텍,"10,520",상승,400,+3.95%,500,"417,167","4,272","10,120","5,924",-597,-46.96,"522,988","10,040","10,140","21,944",-523.82,-2.85,"10,700","1,209","14,755",-146,7.34,-0.74,"9,910","2,844","56,314","10,450",-224,2.31,0,9.55
118,지엔씨에너지,"35,350",하락,650,-1.81%,500,"34,886","1,228","35,850","5,815",317,12.09,"351,669","35,900","35,900","2,652",187.62,27.54,"35,900",24,"1,038",389,6.71,17.18,"34,650","8,243","16,449","2,263","2,924",3.14,100,35.99
119,에스피지,"25,600",하락,800,-3.03%,500,"23,527",605,"25,850","5,677",123,41.63,"286,770","25,800","25,900","3,975",-22.76,5.54,"25,850",883,"1,434",131,4.52,3.52,"25,500",586,"22,177","3,885",615,2.24,150,-1.35
120,현대무벡스,"4,770",하락,135,-2.75%,100,"87,902",420,"4,720","5,621",246,25.37,"1,351,833","4,740","4,730","2,989",493.03,16.17,"4,820","3,150","1,267",269,3.47,9.83,"4,740",9,"117,846","3,414",188,3.51,50,27.46
121,인텔리안테크,"52,300",상승,"1,800",+3.56%,500,"31,981","1,678","51,600","5,614",-194,-45.76,"67,979","52,000","51,700","4,407",-281.28,-1.12,"53,200",567,"1,761",-30,11.98,-0.67,"51,800",296,"10,733","2,578","-1,143",2.16,100,-15.50
122,쎄트렉아이,"50,200",하락,100,-0.20%,500,"6,596",333,"50,000","5,498",-31,44.82,"57,816","50,300","50,200","4,470",29.44,3.49,"50,800",128,"2,230",62,6.51,1.64,"50,000",508,"10,951","1,713","1,120",2.33,190,36.55
123,피에스케이,"18,900",하락,860,-4.35%,500,"34,432",657,"19,400","5,475",839,6.98,"200,080","19,380","19,450","5,694",55.08,18.31,"19,390",365,976,791,26.24,14.88,"18,900",567,"28,967","3,981","2,708",1.14,400,13.13
124,태광,"20,650",하락,550,-2.59%,500,"18,089",375,"20,750","5,472",399,14.06,"243,164","20,750","20,800","6,603",-30.93,8.20,"21,000",250,509,461,15.16,7.17,"20,600",887,"26,500","2,668","1,469",0.94,250,-14.50
125,메가스터디교육,"50,600",하락,200,-0.39%,100,828,42,"51,100","5,450","1,236",11.60,"18,595","51,000","51,200","8,783",-2.99,9.97,"51,000",91,"4,116",502,29.62,5.47,"50,200",16,"10,771","9,422","4,363",1.20,"1,500",0.75
126,파두,"10,960",하락,560,-4.86%,100,"25,729",283,"11,080","5,417",-950,-6.19,"137,458","11,090","11,090","1,344",-62.28,-64.47,"11,190","2,290",365,-915,6.24,-48.41,"10,900","1,648","49,428",435,"-1,772",6.38,0,93.60
127,바이넥스,"16,450",하락,580,-3.41%,500,"47,586",786,"16,800","5,377",-308,-20.96,"1,090,663","16,760","16,810","2,794","-3,050.79",-19.34,"16,760",380,978,-352,6.26,-13.12,"16,410",894,"32,684","1,301",-785,2.84,N/A,-16.00
128,갤럭시아머니트리,"13,640",하락,450,-3.19%,500,"203,250","2,763","13,010","5,351",132,252.59,"1,276,460","13,520","13,170","3,646",43.07,0.72,"13,840","2,515","2,525",6,1.90,0.15,"13,350",380,"39,230","1,288",54,4.73,45,-2.73
129,컴투스,"42,000",하락,350,-0.83%,500,"2,766",116,"41,950","5,350",61,-4.79,"75,585","42,000","42,250","16,460",118.47,-10.37,"42,350",110,"5,961","-1,520",14.49,-9.04,"41,750",281,"12,738","6,939","-8,768",0.49,"1,300",-6.18
130,큐리옥스바이오시스템즈,"33,050",하락,"1,300",-3.78%,500,"23,896",791,"33,400","5,337",-134,-58.81,"149,145","33,350","33,450",706,-26.72,-15.94,"33,500",130,219,-81,15.67,-12.60,"32,550","1,184","16,149",46,-562,11.70,0,-32.42
131,씨아이에스,"6,870",하락,180,-2.55%,100,"23,863",164,"6,960","5,315",593,8.76,"308,801","6,960","7,040","7,338",52.39,15.16,"7,000",917,"2,551",562,8.40,8.44,"6,850",934,"77,372","5,085",784,1.08,N/A,63.96
132,두산테스나,"27,400",하락,"1,250",-4.36%,500,"24,798",685,"28,150","5,296",379,39.14,"178,454","27,900","28,200","7,877",N/A,N/A,"28,100",184,"3,500",368,4.20,N/A,"27,350","4,148","19,327","3,731",700,1.26,160,N/A
133,감성코퍼레이션,"5,730",하락,90,-1.55%,500,"158,279",892,"5,670","5,243",361,17.58,"1,301,188","5,620","5,690","1,543",11.82,30.74,"5,750","2,172",419,293,12.60,21.77,"5,450","1,374","91,500","2,204",326,4.49,0,23.85
134,인투셀,"35,250",하락,"2,600",-6.87%,500,"442,242","15,611","36,300","5,234",-98,-46.63,"612,115","35,950","36,350",237,43.70,-95.55,"36,000",391,162,-99,0.70,-39.93,"34,600","10,168","14,848",29,-756,62.26,0,79.72
135,데브시스터즈,"42,850",하락,"1,350",-3.05%,500,"4,329",186,"43,500","5,229",272,18.01,"63,246","43,200","43,750","2,604",156.64,19.72,"43,400",77,"1,062",283,11.95,11.31,"42,600",392,"12,203","2,362","2,379",2.89,0,46.57
136,네오위즈,"23,800",하락,350,-1.45%,500,"8,858",210,"23,650","5,202",329,-63.81,"104,145","23,700","23,800","6,200",4.20,0.49,"23,850",744,"1,011",-70,14.39,-1.08,"23,650",587,"21,857","3,668",-373,0.96,N/A,0.33
137,넥스틴,"49,450",하락,"1,750",-3.42%,500,"16,604",825,"51,000","5,181",470,19.35,"121,086","50,500","51,100","1,898",29.89,27.00,"50,500","1,175",322,384,12.15,23.10,"49,400",45,"10,477","1,137","2,555",3.26,500,29.33
138,에코프로에이치엔,"24,550",하락,"1,000",-3.91%,500,"7,905",195,"25,100","5,149",242,24.12,"156,851","24,850","25,150","4,667",-42.02,10.59,"24,950",116,"1,704",215,9.26,6.22,"24,450",955,"20,975","2,345","1,018",1.75,300,2.43
139,웹젠,"14,750",하락,90,-0.61%,500,"7,394",109,"14,790","5,104",546,13.70,"43,655","14,750","14,840","7,509",9.32,8.81,"14,830",448,783,568,30.08,7.81,"14,590",92,"34,601","2,147","1,077",0.65,300,9.40
140,SFA반도체,"3,090",하락,130,-4.04%,500,"72,455",226,"3,160","5,082",0,-206.00,"345,837","3,165","3,165","6,235",99.77,4.51,"3,165","1,483","1,256",205,4.42,3.32,"3,085","5,948","164,460","4,005",-15,1.03,N/A,-3.90
141,티앤엘,"60,800",하락,"1,500",-2.41%,500,"4,468",273,"61,700","4,942",570,8.96,"52,411","43,000","43,650","1,127",-19.00,11.46,"43,300",207,434,75,0.89,7.27,"42,400",369,"11,597",965,200,7.73,N/A,51.72
142,가온칩스,"42,550",하락,"1,350",-3.08%,500,"7,117",304,"43,600","4,935",35,212.75,"67,047","61,700","62,000","1,971",84.69,30.84,"61,700",338,256,464,12.13,27.36,"60,600",206,"8,128","1,749","6,787",2.70,750,51.47
143,테스,"24,850",하락,"1,200",-4.61%,500,"14,280",357,"25,050","4,912",385,9.52,"197,225","25,250","25,100","3,812",756.34,13.55,"25,500",342,506,427,6.68,12.13,"24,850",16,"19,768","2,401","2,611",1.30,600,63.39
144,케이엠더블유,"12,200",하락,420,-3.33%,500,"34,084",416,"12,500","4,858",-455,-14.29,"387,313","12,580","12,590","2,690",27.65,-24.24,"12,580",4,"1,254",-386,6.37,-14.17,"11,520","1,404","39,821",874,-854,3.52,N/A,-12.70
145,하나머티리얼즈,"24,550",하락,"1,100",-4.29%,500,"21,728",536,"25,100","4,855",434,14.97,"88,011","25,150","25,150","5,739",5.16,8.43,"25,150",401,"2,201",318,20.74,5.10,"24,450",486,"19,778","2,516","1,640",1.31,250,7.74
146,미코,"14,290",하락,380,-2.59%,500,"38,332",546,"14,100","4,775",946,16.44,"1,016,996","14,260","14,300","13,927",216.51,20.43,"14,390","2,081","8,598",765,9.46,6.87,"14,200",509,"33,417","5,405",869,4.02,N/A,41.62
147,글로벌텍스프리,"6,740",하락,120,-1.75%,500,"181,605","1,225","6,800","4,737",218,39.88,"781,876","6,750","6,810","1,745",121.88,5.60,"6,820",554,462,63,17.39,3.66,"6,690","1,092","70,283","1,297",169,4.13,N/A,58.84
148,NHN KCP,"11,770",하락,70,-0.59%,500,"75,258",886,"11,830","4,727",438,11.14,"1,823,494","11,770","11,840","5,703",4.35,18.71,"11,770","2,135","3,051",453,10.29,8.29,"11,770","6,367","40,161","11,053","1,057",1.72,100,13.72
149,아스테라시스,"12,860",하락,40,-0.31%,100,"51,374",657,"12,770","4,714",67,74.34,"471,617","12,800","12,800",247,328.57,40.61,"13,020",694,51,54,4.21,25.90,"12,590","1,964","36,655",288,173,13.10,32,64.78
150,대명에너지,"27,600",하락,450,-1.60%,100,"33,313",938,"28,850","4,706",97,39.71,"299,148","28,750","28,900","3,699",-42.03,6.24,"28,800",366,"2,412",78,0.24,2.18,"27,500","1,799","17,050",678,695,3.43,0,9.93
151,에스티큐브,"6,920",하락,80,-1.14%,500,"12,688",88,"6,970","4,704",-226,-19.12,"138,053","6,960","6,990","1,119",13.15,-33.09,"7,020","1,167",176,-214,3.92,-27.16,"6,850","1,973","67,983",113,-362,5.24,N/A,93.88
152,바이오다인,"15,720",하락,470,-2.90%,500,"13,955",220,"15,850","4,679",-17,"-2,245.71","63,583","15,920","15,930",443,15.65,0.03,"15,920",476,11,0,4.52,0.02,"15,670",133,"29,764",53,-7,10.84,N/A,28.93
153,포스코엠텍,"11,180",하락,290,-2.53%,500,"21,628",244,"11,490","4,656",14,-266.19,"176,838","11,470","11,500","1,498",-68.30,0.50,"11,470",376,379,6,6.15,0.37,"11,170",329,"41,643","3,466",-42,4.22,20,1.53
154,코난테크놀로지,"40,450",하락,750,-1.82%,500,"58,057","2,305","40,900","4,639",-141,-40.17,"359,208","40,850","41,000",444,-28.30,-53.30,"40,850",88,248,-136,1.27,-29.42,"39,000","2,589","11,467",263,"-1,007",29.26,N/A,7.74
155,유바이오로직스,"12,590",상승,130,+1.04%,500,"14,786",184,"12,540","4,611",343,11.97,"279,014","12,400","12,580","2,021",345.78,15.61,"12,610",208,701,190,8.26,10.73,"12,310",207,"36,624",960,"1,052",3.11,0,38.45
156,원익QnC,"17,470",하락,660,-3.64%,500,"42,296",743,"17,800","4,593",906,9.17,"122,438","17,780","17,810","15,347",9.19,11.67,"17,790",884,"9,654",615,5.48,4.23,"17,450",162,"26,288","8,915","1,905",0.96,100,10.62
157,케이아이엔엑스,"93,200",상승,"1,700",+1.86%,500,"4,723",435,"89,500","4,548",237,26.51,"33,445","91,500","91,000","3,368",-10.67,10.13,"93,400",48,"1,068",183,29.07,6.20,"90,700",128,"4,880","1,389","3,516",2.38,600,13.22
158,제주반도체,"13,190",하락,500,-3.65%,500,"74,599",984,"13,320","4,543",96,27.48,"411,415","13,270","13,350","2,254",-46.29,11.44,"13,300",239,412,194,0.00,9.15,"13,150","2,088","34,443","1,623",480,2.33,N/A,11.28
159,이녹스첨단소재,"22,350",하락,900,-3.87%,500,"19,766",445,"22,950","4,521",868,5.95,"88,775","22,800","23,000","8,260",105.88,16.27,"22,800",406,"3,574",701,15.09,10.02,"22,300","1,671","20,228","4,228","3,759",0.88,350,9.25
160,성우하이텍,"5,640",하락,180,-3.09%,500,"55,884",318,"5,710","4,512","2,059",3.04,"284,495","5,750","5,740","45,631",-19.81,9.86,"5,770","3,089","27,210","1,351",6.51,3.14,"5,630",280,"80,000","42,451","1,855",0.29,150,-1.78
161,이엔에프테크놀로지,"31,250",하락,650,-2.04%,500,"5,563",174,"31,550","4,465",593,11.12,"36,667","31,500","31,600","7,236",148.52,8.21,"14,340","1,089",251,83,0.87,N/A,"13,820",111,"31,708","1,004",282,3.85,50,N/A
162,삼현,"14,070",상승,260,+1.88%,500,"93,438","1,320","14,110","4,461",55,49.89,"339,803","14,110","14,140","1,403",N/A,N/A,"31,500","1,007","3,222",297,6.74,4.30,"31,100",279,"14,288","5,824","2,810",1.09,150,9.67
163,바이오플러스,"7,370",하락,160,-2.12%,500,"33,386",246,"7,490","4,459",237,22.89,"686,121","7,410","7,500","2,643",-15.55,10.83,"7,410",265,"1,166",175,9.10,8.01,"7,310","2,086","60,500",664,322,2.88,50,2.10
164,아이센스,"16,040",하락,150,-0.93%,500,"1,373",22,"16,010","4,425",27,411.28,"60,275","16,240","16,430","5,909",-75.68,-0.59,"16,300",501,"2,479",-20,26.13,-0.36,"16,000",166,"27,587","2,911",39,1.37,100,9.81
165,한국기업평가,"97,200",하락,900,-0.92%,"5,000",838,81,"97,900","4,413",327,17.51,"124,605","15,090","15,110","6,909",-18.62,4.54,"15,090",304,"2,956",172,2.49,2.48,"14,900",11,"29,416","6,156",431,1.10,308,6.23
166,한국정보통신,"11,750",상승,90,+0.77%,500,"84,064",970,"11,530","4,400",391,9.80,"2,454","98,100","99,100","1,753",26.48,21.69,"99,000",7,405,286,80.73,17.31,"96,600",78,"4,541","1,041","5,552",4.11,"3,954",8.85
167,콜마비앤에이치,"14,950",하락,250,-1.64%,500,"11,674",175,"15,050","4,398",246,34.69,"1,886,184","11,600","11,600","4,629",9.66,15.09,"11,850","1,924","1,564",435,62.86,9.62,"11,280",765,"37,444","7,910","1,199",1.34,N/A,9.08
168,쏠리드,"7,110",하락,160,-2.20%,500,"64,572",460,"7,160","4,344",351,14.14,"673,061","7,160","7,180","4,968",-3.11,15.52,"7,170","1,510","1,740",462,9.82,9.69,"7,100","2,876","61,095","3,311",503,1.34,50,3.02
169,큐로셀,"30,250",하락,"1,000",-3.20%,500,"9,751",296,"31,350","4,333",-106,-12.04,"138,931","30,950","31,400",515,-138.14,55.22,"31,000",29,490,-77,0.65,-22.88,"30,000","1,032","14,324",0,"-2,512",18.87,0,"8,891.25"
170,클로봇,"17,510",하락,220,-1.24%,500,"48,666",853,"17,600","4,316",-75,-55.94,"1,060,214","17,540","17,690",695,-29.94,-15.71,"17,640",63,95,-67,0.48,-12.93,"17,410",735,"24,651",334,-313,7.51,N/A,37.97
171,다날,"6,250",상승,110,+1.79%,500,"1,451,413","8,956","6,090","4,309",14,70.22,"6,372,870","6,000","6,100","7,456",-60.17,2.46,"6,310","1,556","4,356",29,3.92,0.39,"5,990","5,164","68,949","2,609",89,1.41,N/A,-11.69
172,티에스이,"38,500",하락,"1,250",-3.14%,500,"7,314",283,"39,350","4,259",399,9.24,"35,798","39,400","39,500","5,194","1,776.34",13.36,"39,400",13,"1,197",450,6.51,9.36,"38,450",650,"11,061","3,481","4,165",1.22,400,39.70
173,한텍,"38,200",상승,550,+1.46%,"5,000","101,036","3,831","37,650","4,248",168,12.81,"1,631,466","37,600","37,700","2,075",10.40,26.22,"38,400",355,958,263,0.18,13.00,"37,000","2,210","11,121","1,559","2,981",3.18,450,-12.73
174,신라젠,"3,070",하락,110,-3.46%,500,"115,553",356,"3,185","4,241",-268,-15.12,"585,710","3,145","3,190","1,490",-25.40,-28.05,"3,145",236,172,-265,2.62,-23.50,"3,055","11,539","138,130",39,-203,3.33,0,-0.33
175,동화기업,"8,350",하락,230,-2.68%,200,"11,736",98,"8,510","4,222",167,-19.06,"76,843","8,470","8,520","23,972",200.80,-1.40,"8,470","3,325","14,194",-162,50.53,-0.69,"8,320",513,"50,557","9,180",-438,0.45,N/A,-4.70
176,넵튠,"9,020",상승,130,+1.46%,500,"75,566",686,"8,870","4,212",96,-32.56,"232,952","8,930","8,880","4,075",345.59,0.53,"9,200",364,370,48,2.65,1.17,"8,930",773,"46,702","1,216",-277,1.08,0,21.91
177,현대바이오,"8,760",하락,250,-2.77%,500,"37,398",330,"9,000","4,207",8,-26.47,"419,894","9,010","9,010",677,108.08,-16.36,"9,020",373,283,-69,8.33,-11.50,"8,740",178,"48,022",151,-331,3.58,N/A,58.73
178,골프존,"66,500",하락,"1,200",-1.77%,500,"1,418",94,"67,100","4,173",958,8.32,"320,287","15,310","15,350","3,121",-80.43,-4.61,"15,540","3,459",492,-10,3.87,-0.40,"15,220",263,"26,915","1,125",-229,3.48,N/A,112.13
179,셀바스AI,"15,500",하락,230,-1.46%,500,"47,702",733,"15,230","4,172",8,-67.69,"13,448","66,700","67,300","6,655",-16.34,11.63,"67,100",88,"2,188",420,23.07,6.45,"66,400",386,"6,275","6,200","7,991",0.92,"4,000",-9.51
180,미래에셋벤처투자,"7,820",하락,180,-2.25%,"1,000","41,225",320,"7,680","4,154",157,-66.84,"890,660","7,800","7,690","10,608",-50.81,2.47,"7,850",869,"7,089",86,2.45,0.79,"7,710",145,"53,125","2,339",-117,1.20,85,7.75
181,에스앤디,"143,100",상승,"7,200",+5.30%,500,"12,682","1,776","135,900","4,140",201,22.86,"35,330","135,900","136,200",930,56.19,21.74,"144,100",19,250,170,6.60,17.11,"134,100",33,"2,893","1,161","6,259",5.90,800,31.56
182,인벤티지랩,"38,450",하락,"2,700",-6.56%,500,"42,103","1,618","39,950","4,108",-190,-13.56,"171,116","39,350","40,000",723,-18.81,-91.93,"39,400",36,397,-170,0.84,-28.95,"37,850","5,209","10,684",18,"-2,835",11.41,0,170.90
183,스피어,"10,390",하락,270,-2.53%,500,"104,257","1,086","10,440","4,073",-64,-18.72,"1,109,505","10,500","10,640",446,29.77,-84.53,"10,570",624,134,-170,1.83,-53.40,"10,240","3,625","39,204",26,-555,6.60,0,54.88
184,큐리언트,"11,690",하락,300,-2.50%,500,"39,185",467,"12,100","4,070",-275,-15.86,"408,470","12,050","12,200",656,-18.37,-45.23,"12,250","1,979",54,-245,2.38,-41.42,"11,530",40,"34,815",92,-737,7.71,0,1.64
185,유티아이,"22,650",상승,100,+0.44%,500,"1,587",36,"22,800","4,066",-322,-15.01,"20,470","22,800","23,150","1,606",-63.41,-49.58,"22,800",163,861,-227,13.08,-17.39,"22,200",486,"17,953",186,"-1,509",6.53,0,-4.14
186,원익홀딩스,"5,260",하락,110,-2.05%,500,"337,006","1,764","5,370","4,063",306,-9.51,"3,867,374","5,340","5,380","18,901",-33.12,-7.41,"5,340","5,957","6,416",-611,4.25,-3.26,"5,145","2,326","77,238","6,455",-553,0.41,N/A,-13.88
187,에이프릴바이오,"17,720",하락,630,-3.43%,"1,000","54,600",965,"17,910","3,992",169,17.32,"422,118","17,930","17,930",996,226.00,26.90,"18,140",164,86,200,5.44,22.32,"17,530",56,"22,528",275,"1,023",4.32,0,N/A
188,코오롱생명과학,"32,100",하락,250,-0.77%,500,"5,854",187,"32,250","3,988",-221,-5.01,"83,152","32,150","32,350","4,196",8.35,-64.87,"32,350",306,"2,702",-931,2.36,-25.54,"31,750",421,"12,423","1,614","-6,402",1.32,N/A,29.48
189,메디포스트,"11,630",하락,360,-3.00%,500,"7,874",92,"11,820","3,980",-485,-6.12,"169,721","11,850","11,950","4,143",-93.17,-22.22,"11,850",64,"1,617",-634,4.11,-14.68,"11,560",907,"34,218",707,"-1,899",1.87,N/A,2.93
190,네오셈,"9,070",하락,420,-4.43%,100,"44,081",403,"9,280","3,979",165,22.85,"161,890","9,270","9,290","1,419",103.63,18.96,"9,270",248,260,192,0.00,15.47,"9,070",149,"43,869","1,052",397,3.35,60,4.27
191,서희건설,"1,710",하락,21,-1.21%,500,"32,493",56,"1,756","3,930","2,357",3.57,"471,605","1,749","1,767","15,406",3.30,17.64,"1,749","1,970","5,668","1,593",5.11,10.35,"1,710","4,766","229,808","14,736",479,0.32,45,2.20
192,성일하이텍,"32,250",하락,"1,100",-3.30%,500,"6,426",209,"32,600","3,927",-714,-3.38,"35,515","32,750","32,700","6,795",-756.19,-42.96,"32,850",344,"4,547","-1,125",2.84,-17.93,"32,150",378,"12,176","1,362","-9,553",2.10,0,-44.93
193,코미팜,"5,400",상승,170,+3.25%,100,"52,362",279,"5,250","3,914",62,30.86,"152,398","5,360","5,490","1,228",198.72,22.11,"5,400","5,024",572,147,4.92,12.17,"5,250","7,793","72,485",588,175,6.00,0,37.83
194,에코아이,"13,120",하락,340,-2.53%,500,"36,227",474,"13,370","3,888",2,-596.36,"317,521","13,280","13,440","1,498",-98.91,1.74,"13,280",82,213,23,2.67,1.50,"12,940",882,"29,631",258,-22,3.19,167,-60.25
195,제우스,"12,500",하락,450,-3.47%,500,"53,925",678,"12,790","3,877",492,9.79,"152,764","12,750","12,800","6,409",588.24,12.99,"12,760",740,"2,586",431,3.76,6.83,"12,470",534,"31,017","4,908","1,277",1.11,100,21.82
196,천보,"38,700",하락,"1,500",-3.73%,500,"4,513",175,"40,050","3,870",-228,-135.31,"32,661","39,700","40,100","10,079",-182.81,-8.27,"39,700",131,"5,929",-323,4.11,-3.33,"38,600",388,"10,000","1,449",-286,1.05,N/A,-20.68
197,한국정보인증,"9,110",하락,140,-1.51%,500,"829,864","7,546","9,240","3,866",189,37.34,"6,689,072","9,140","9,250","4,053",35.02,6.14,"9,230",559,"1,731",124,1.27,3.40,"8,930","12,018","42,441","1,219",244,1.90,150,32.18
198,동운아나텍,"18,450",하락,310,-1.65%,500,"10,863",200,"18,700","3,858",175,28.43,"111,316","18,590","18,730",988,-30.43,37.49,"18,590",31,275,247,5.01,26.72,"18,250",447,"20,910","1,383",649,5.71,109,24.02
199,서울반도체,"6,610",하락,40,-0.60%,500,"20,509",136,"6,640","3,854",8,-14.28,"151,817","6,650","6,650","12,612",101.61,-0.74,"6,660",865,"5,602",-19,9.33,-0.16,"6,580","2,347","58,305","10,905",-463,0.56,N/A,5.63
200,더즌,"5,340",상승,60,+1.14%,100,"4,412,915","23,282","5,010","3,813",100,33.17,"19,167,832","5,050","5,020","1,157",-6.08,28.06,"5,530","12,985",743,99,1.24,9.39,"4,975","1,880","71,413",627,161,5.72,0,48.96
201,큐렉소,"9,230",하락,140,-1.49%,500,"18,267",170,"9,380","3,793",-58,-51.85,"209,001","9,390","9,390","1,026",-612.71,-9.04,"9,390",741,92,-88,2.85,-8.34,"9,190",156,"41,090",555,-178,4.01,N/A,-23.81
202,바이오니아,"14,630",하락,480,-3.18%,500,"18,798",277,"14,900","3,776",-134,-19.00,"97,451","15,010","15,100","3,322","-1,794.54",-9.40,"15,050",17,"1,053",-190,7.30,-5.88,"14,620","12,137","25,810","2,940",-770,1.77,N/A,11.68
203,유진로봇,"9,960",하락,140,-1.39%,500,"112,627","1,124","9,900","3,736",-42,-76.62,"741,637","9,950","9,930",547,20.92,-8.56,"10,340","1,881",190,-32,13.42,-5.62,"9,800","1,747","37,512",260,-130,11.20,N/A,35.12
204,대아티아이,"5,280",하락,230,-4.17%,100,"305,829","1,613","5,310","3,721",79,21.29,"1,296,153","5,270","5,340","2,920",122.05,11.52,"5,320","12,621","1,584",147,7.63,5.40,"5,230","4,589","70,473","1,491",248,2.69,N/A,32.77
205,하이록코리아,"30,250",하락,150,-0.49%,500,"6,865",207,"30,100","3,719",501,8.69,"40,470","30,000","30,400","4,727",-3.39,11.38,"30,350",452,367,480,27.32,10.49,"30,000",791,"12,295","1,905","3,480",0.87,"1,150",0.89
206,토모큐브,"27,800",상승,200,+0.72%,500,"20,941",567,"26,700","3,662",-88,-36.92,"216,202","26,750","26,750",436,-30.40,-27.82,"28,000","1,548",16,-83,4.50,-26.20,"26,750",690,"13,171",59,-753,9.20,0,58.48
207,파트론,"6,410",하락,70,-1.08%,500,"20,090",129,"6,490","3,654",617,8.08,"228,430","6,480","6,510","7,433",48.05,10.93,"6,480",763,"1,878",559,15.69,8.02,"6,400",406,"57,000","14,864",793,0.65,300,26.78
208,넥스트바이오메디컬,"44,750",하락,150,-0.33%,500,"10,899",485,"44,900","3,637",-36,115.93,"65,090","44,900","45,000",588,31.60,14.56,"45,250","1,121",137,29,7.03,6.46,"44,100",8,"8,127",95,386,7.99,0,95.46
209,이뮨온시아,"4,920",하락,180,-3.53%,500,"92,945",457,"4,895","3,636",-126,N/A,"1,949,901","4,920","4,940",262,-6.80,77.02,"4,950",931,68,-57,0.31,-18.96,"4,905","1,486","73,906",7,N/A,N/A,0,495.04
210,폰드그룹,"11,210",하락,260,-2.27%,500,"17,062",194,"11,390","3,626",413,13.79,"149,065","11,400","11,400","4,227","6,089.52",12.62,"11,540",231,"1,850",272,0.68,7.13,"11,170","1,011","32,344","3,687",813,1.71,250,"13,154.52"
211,오름테라퓨틱,"17,100",하락,950,-5.26%,100,"38,247",665,"17,780","3,603",-83,-46.98,"205,313","17,780","17,790","1,538",-108.72,-17.50,"17,780",166,321,-57,2.19,-3.64,"17,100",91,"21,069",209,-364,2.21,0,-84.56
212,칩스앤미디어,"16,990",하락,740,-4.17%,500,"19,035",325,"17,240","3,595",53,41.54,"105,060","17,220","17,250",840,-32.06,13.46,"17,220",537,82,100,3.13,12.16,"16,910",525,"21,157",271,409,4.56,100,-1.79
213,인화정공,"37,350",하락,600,-1.58%,500,"2,474",93,"38,300","3,591",103,-23.08,"15,587","38,500","39,200","4,303",110.01,18.68,"38,500",138,"1,703",400,0.86,10.68,"36,900",87,"9,616",928,"-1,618",1.26,700,-10.74
214,에프에스티,"16,280",하락,680,-4.01%,500,"27,313",448,"16,720","3,574",23,42.29,"74,955","16,750","16,770","5,061",121.21,0.60,"16,750",23,"2,620",-16,5.27,-0.36,"16,200","1,237","21,956","2,374",385,1.33,5,20.14
215,한국비엔씨,"5,220",하락,240,-4.40%,100,"146,579",765,"5,260","3,570",107,22.60,"760,069","5,270","5,270","2,671",77.07,6.06,"5,300","1,646",306,133,3.95,5.27,"5,160","1,799","68,395",892,231,1.51,N/A,10.16
216,켐트로닉스,"23,150",하락,"1,050",-4.34%,500,"23,436",545,"23,500","3,550",373,19.24,"120,868","23,300","23,550","6,417",95.24,10.70,"23,500","1,322","4,066",214,7.39,3.77,"23,050","2,172","15,334","5,752","1,203",1.76,200,6.08
217,피아이이,"9,870",하락,510,-4.91%,100,"792,130","7,867","10,060","3,536",94,30.28,"16,781,482","10,080","10,070",980,136.17,22.56,"10,160","3,952",462,99,1.59,10.41,"9,800","1,475","35,826","1,240",326,5.26,N/A,44.51
218,킵스파마,"18,445",하락,605,-3.18%,500,"80,208","1,484","18,500","3,519",62,-47.54,"523,041","18,430","18,600","1,652",103.14,2.07,"18,810",646,"1,020",16,4.06,1.14,"18,290",390,"19,076","1,276",-388,6.37,0,38.48
219,예스티,"16,640",하락,580,-3.37%,500,"9,185",153,"16,710","3,487",113,32.95,"53,957","16,830","16,830","2,044","2,839.92",10.51,"16,830","1,336",786,112,2.79,5.42,"16,620",491,"20,956","1,001",505,2.71,0,25.42
220,엔젤로보틱스,"22,950",하락,700,-2.96%,500,"11,680",269,"23,400","3,485",-108,-33.60,"182,450","23,100","23,500",439,-66.88,-40.84,"23,200",34,35,-100,2.72,-30.70,"22,850",443,"15,183",42,-683,9.01,0,-18.17
221,바디텍메드,"14,800",하락,290,-1.92%,"1,000","10,577",157,"15,000","3,476",262,12.47,"44,460","14,960","15,080","2,547",-8.17,13.75,"14,970",433,316,272,2.52,11.28,"14,760",778,"23,487","1,382","1,187",1.49,150,2.94
222,퓨쳐켐,"15,690",하락,280,-1.75%,500,"14,549",227,"15,680","3,468",-95,-34.94,"157,062","15,680","15,980",744,-12.55,-15.94,"15,790",109,199,-94,4.64,-12.80,"15,500",229,"22,102",173,-449,6.76,N/A,23.81
223,GST,"18,720",하락,570,-2.95%,500,"46,507",874,"18,750","3,450",591,7.70,"148,544","18,900","18,890","3,348",38.89,18.71,"19,180","1,067",665,459,10.42,14.92,"18,690",868,"18,430","3,462","2,430",1.28,300,24.00
224,다원시스,"9,000",하락,40,-0.44%,500,"22,431",204,"9,050","3,435",76,-17.68,"136,474","9,050","9,100","7,457",-60.32,4.81,"9,200","3,234","4,868",119,8.59,1.69,"8,990",103,"38,163","3,015",-509,1.45,N/A,-15.74
225,에코앤드림,"19,310",하락,990,-4.88%,500,"31,508",613,"19,600","3,434",5,21.82,"192,700","19,750","19,950","4,058",116.42,8.41,"19,950",38,"1,841",135,1.27,4.83,"19,260","1,555","17,786","1,049",885,1.53,N/A,103.87
226,월덱스,"20,800",하락,900,-4.15%,500,"10,191",213,"21,000","3,434",703,5.52,"190,718","21,000","21,050","3,918",8.45,23.78,"21,100","1,641",843,650,4.23,18.44,"20,800",110,"16,511","3,068","3,768",1.08,60,6.49
227,노바렉스,"18,260",상승,460,+2.58%,500,"32,336",591,"18,330","3,425",232,12.97,"109,076","18,290","18,500","2,896",-9.06,10.97,"18,530",337,693,238,6.55,8.60,"17,920","2,194","18,755","2,977","1,408",1.45,200,-1.47
228,기가비스,"26,950",하락,"1,250",-4.43%,200,"2,840",77,"27,600","3,416",-18,118.20,"19,154","27,600","27,700","2,297",-105.10,1.63,"27,600",18,240,34,1.66,1.50,"26,850",85,"12,676",261,228,1.75,800,-71.42
229,삼표시멘트,"3,160",하락,30,-0.94%,500,"17,725",56,"3,160","3,410","1,039",6.23,"83,861","3,165","3,165","14,851",22.70,9.04,"3,165",679,"7,289",661,1.92,4.40,"3,140",366,"107,916","7,908",507,0.46,110,-4.00
230,우주일렉트로,"36,800",하락,600,-1.60%,500,"3,637",133,"36,800","3,400",201,16.23,"16,824","37,050","37,000","3,277",151.12,8.46,"37,350",312,814,198,8.50,6.34,"36,100",51,"9,240","1,762","2,268",1.19,300,10.18
231,CJ프레시웨이,"28,400",하락,300,-1.05%,"1,000","2,072",58,"28,500","3,372",940,12.87,"24,452","28,700","28,700","15,644",-5.27,7.36,"28,700",35,"11,490",274,13.69,1.87,"27,900",363,"11,872","32,248","2,207",0.82,450,4.90
232,아이패밀리에스씨,"19,350",하락,380,-1.93%,500,"6,075",117,"19,740","3,351",336,13.55,"157,199","19,540","19,750","1,223",40.16,35.26,"33,800",554,893,324,4.44,11.78,"33,250","1,253","10,014","2,829","2,514",1.68,"1,000",28.39
233,씨앤씨인터내셔널,"33,450",하락,700,-2.05%,100,"7,458",249,"33,600","3,350",290,13.31,"165,540","33,600","33,700","2,951",-9.75,17.15,"19,540",144,308,283,5.89,26.68,"19,150",117,"17,320","2,049","1,428",3.48,118,37.79
234,휴온스,"27,800",하락,400,-1.42%,500,"4,150",116,"28,150","3,330",397,10.45,"26,393","28,150","28,200","6,063",-29.12,8.77,"28,200",6,"2,557",291,17.87,5.09,"27,700",130,"11,980","5,902","2,661",0.92,630,6.93
235,제닉,"41,600",하락,200,-0.48%,500,"5,512",225,"41,300","3,315",60,27.33,"77,500","40,400","41,400",382,249.72,44.90,"41,600",10,160,76,7.38,24.57,"40,400",50,"7,969",499,"1,522",12.68,N/A,77.80
236,가비아,"24,300",하락,50,-0.21%,500,"1,963",47,"24,350","3,289",351,23.37,"34,913","24,350","24,400","6,345",-17.59,9.49,"24,350",297,"2,878",286,37.16,5.21,"24,050","1,933","13,536","2,824","1,040",1.92,80,7.96
237,에이직랜드,"30,250",하락,"1,000",-3.20%,500,"6,376",194,"30,850","3,289",-170,-13.55,"48,944","30,750","30,900","1,671",-539.61,-15.39,"30,750",8,828,-140,1.43,-8.57,"30,200","1,360","10,872",941,"-2,233",4.29,N/A,26.84
238,에이유브랜즈,"23,200",하락,100,-0.43%,100,"17,454",399,"22,450","3,285",124,28.75,"92,960","22,200","22,850",448,-23.35,38.45,"23,500",20,122,101,1.55,28.58,"21,750",183,"14,160",446,807,5.55,0,6.48
239,삼목에스폼,"22,250",하락,250,-1.11%,500,"3,000",67,"22,500","3,271",753,6.92,"7,649","22,400","22,600","7,813",-39.33,12.04,"22,600",73,"1,366",734,3.04,9.65,"22,150",31,"14,700","4,019","3,216",0.50,200,-8.53
240,하림,"3,070",하락,55,-1.76%,500,"160,146",492,"3,115","3,261",285,-161.58,"751,997","3,110","3,120","8,328",-29.51,-4.11,"3,110",697,"5,437",-123,4.20,-1.47,"3,065","20,316","106,210","12,854",-19,1.12,N/A,-8.89
241,노머스,"29,800",하락,"1,100",-3.56%,500,"18,036",539,"30,050","3,241",82,29.16,"146,210","30,050","30,100",988,"4,101.07",15.81,"30,250",577,127,99,7.43,13.63,"29,700",73,"10,876",689,"1,022",3.54,0,62.92
242,선익시스템,"33,750",하락,"1,450",-4.12%,500,"5,992",203,"34,500","3,219",79,-14.10,"31,921","34,450","34,750","3,029",294.87,-47.86,"34,750",114,"2,565",-281,1.04,-12.83,"33,700",96,"9,537","1,129","-2,393",6.83,N/A,80.93
243,인바디,"23,800",하락,450,-1.86%,500,"5,816",138,"24,300","3,208",367,10.38,"47,762","24,250","24,350","3,058",-4.20,12.71,"24,275",241,319,327,36.40,11.27,"23,500",197,"13,481","2,045","2,293",1.10,400,20.03
244,오상헬스케어,"22,100",하락,750,-3.28%,500,"9,615",212,"21,050","3,207",-248,-36.59,"47,732","22,800","22,850","2,950",-117.35,-3.93,"22,800","5,505",90,-114,0.88,-3.70,"21,600",842,"14,509",805,-604,1.07,500,-77.38
245,바텍,"21,500",하락,400,-1.83%,500,"2,095",45,"21,900","3,194",540,6.29,"7,959","21,850","21,950","6,503",-15.74,12.94,"21,850",12,"1,798",553,26.98,8.93,"21,400",3,"14,854","3,852","3,418",0.68,100,0.07
246,아주IB투자,"2,635",하락,75,-2.77%,500,"119,851",316,"2,680","3,187",84,82.34,"1,055,173","2,670","2,695","3,417",-52.70,3.20,"2,680","2,260",806,83,1.23,2.39,"2,605","5,056","120,945",656,32,1.22,50,-11.09
247,덕산테코피아,"15,510",하락,780,-4.79%,500,"26,879",421,"16,180","3,176",-302,-5.33,"121,257","16,030","16,190","6,630",-385.42,-28.30,"16,070",3,"4,572",-726,4.16,-12.33,"15,480",59,"20,477",997,"-2,911",1.69,N/A,5.97
248,에이치브이엠,"26,600",상승,250,+0.95%,500,"16,101",430,"26,650","3,166",-68,-36.64,"98,370","26,650","26,750","1,196",-282.11,-17.39,"26,950",614,535,-84,2.91,-8.19,"26,350",846,"11,902",451,-726,4.72,N/A,8.88
249,아톤,"12,740",상승,600,+4.94%,100,"89,380","1,136","12,150","3,159",144,22.35,"1,309,529","12,740","12,160","1,389",26.50,12.78,"12,740","1,582",490,110,4.52,7.78,"12,740",331,"24,799",654,570,3.05,50,18.89
250,한양이엔지,"17,520",하락,330,-1.85%,500,"3,676",65,"17,710","3,154",862,5.03,"37,581","17,640","17,810","9,087",1.27,13.45,"17,790",45,"3,067",764,14.16,8.80,"17,490",633,"18,000","11,863","3,481",0.48,650,15.60
251,KG이니시스,"11,420",하락,270,-2.31%,500,"82,077",936,"11,460","3,147",610,8.63,"452,935","11,460","11,470","18,664",-42.61,8.63,"11,530","6,289","11,128",447,6.86,2.50,"11,280",126,"27,554","13,543","1,324",0.63,500,0.71
252,지씨셀,"19,860",하락,390,-1.93%,500,"6,337",126,"20,250","3,138",-200,-3.82,"50,805","20,250","20,300","5,783",-590.55,-14.90,"20,250",31,"1,160",-757,5.00,-12.18,"19,750",82,"15,800","1,745","-5,205",0.68,N/A,-6.98
253,에이스침대,"28,000",하락,600,-2.10%,"1,000","1,073",30,"28,400","3,105",662,5.04,"5,911","28,400","28,550","7,824",16.14,9.70,"28,400",42,757,659,1.18,8.79,"28,000",911,"11,090","3,260","5,551",0.42,"1,450",6.39
254,마녀공장,"18,790",하락,610,-3.14%,100,"48,840",920,"18,930","3,077",186,19.00,"1,763,230","18,820","18,990","1,295",16.99,15.53,"19,040",483,157,164,0.38,13.93,"18,760",114,"16,378","1,279",989,2.65,N/A,21.83
255,비보존 제약,"6,110",하락,150,-2.40%,"2,500","18,135",111,"6,280","3,061",29,-23.41,"198,647","6,260","6,320","1,844",10.36,-9.48,"6,260",147,780,-100,0.42,-5.58,"6,060","1,409","50,105",876,-261,2.97,N/A,22.83
256,에스티아이,"19,300",하락,850,-4.22%,500,"61,856","1,200","19,500","3,055",273,11.70,"145,112","19,670","19,760","3,688",13.95,10.89,"19,690",130,"1,080",271,4.22,7.93,"19,250",990,"15,830","3,340","1,650",1.09,200,4.56
257,상아프론테크,"18,910",하락,590,-3.03%,500,"14,801",279,"19,000","3,024",58,58.91,"256,434","19,090","19,010","3,622",-34.70,3.13,"19,090",516,"1,612",62,3.71,1.73,"18,630",176,"15,989","1,718",321,1.49,200,-6.45
258,오픈엣지테크놀로지,"13,730",하락,680,-4.72%,100,"20,868",289,"13,940","3,021",-246,-12.32,"143,530","13,940","13,950",867,-55.15,-67.14,"14,000",267,260,-273,6.36,-41.54,"13,720",746,"22,003",153,"-1,114",6.63,0,-21.77
259,폴라리스오피스,"6,060",하락,110,-1.78%,500,"161,305",978,"6,030","3,013",48,47.72,"719,382","6,030","6,040","5,198",-23.14,9.19,"6,130","2,773",857,186,1.09,4.45,"5,980","5,193","49,725","2,763",127,3.34,N/A,156.07
260,매일유업,"38,350",상승,150,+0.39%,500,123,5,"38,000","3,008",703,7.49,"11,979","38,000","38,150","10,263",-2.62,8.16,"38,550",22,"4,510",455,12.64,4.56,"38,000",34,"7,844","18,114","5,120",0.48,"1,250",1.60
261,나이벡,"26,450",하락,"1,250",-4.51%,500,"23,945",632,"26,700","2,990",-49,-25.24,"77,293","26,650","26,750",625,-120.87,-30.54,"26,750",884,302,-93,0.49,-14.43,"26,100",398,"11,306",246,"-1,048",9.38,0,56.33
262,제이브이엠,"24,700",하락,600,-2.37%,500,"4,938",122,"25,000","2,986",307,10.53,"54,599","24,900","25,200","2,848",3.04,15.11,"24,950",16,825,288,12.72,10.64,"24,550",87,"12,090","1,594","2,346",1.39,500,1.50
263,CMG제약,"2,075",상승,15,+0.73%,500,"412,633",846,"2,075","2,968",10,-259.38,"1,677,164","2,045","2,080","3,034",-66.40,1.42,"2,080","17,094","1,139",27,4.03,0.99,"2,030",509,"143,057",991,-8,1.53,0,5.53
264,클리오,"16,400",하락,330,-1.97%,500,"19,466",319,"16,480","2,964",246,14.50,"419,575","16,460","16,640","2,954",-27.23,12.43,"16,570",114,615,272,4.81,9.45,"16,310",69,"18,071","3,514","1,131",1.24,400,6.29
265,듀켐바이오,"10,410",하락,330,-3.07%,500,"3,994",42,"10,570","2,962",51,35.29,"35,897","10,500","10,700",652,N/A,N/A,"10,890",3,222,80,1.37,N/A,"10,390",13,"28,455",356,295,6.80,N/A,N/A
266,슈어소프트테크,"5,620",하락,80,-1.40%,100,"110,568",624,"5,720","2,957",79,27.55,"987,437","5,650","5,770","1,624",-31.22,12.40,"5,720","1,642",563,101,1.09,6.29,"5,600",466,"52,619",888,204,3.20,N/A,40.31
267,우진엔텍,"31,350",상승,"1,350",+4.50%,500,"449,186","14,225","30,800","2,907",53,62.20,"2,186,025","30,800","30,850",517,-9.74,13.35,"32,300","4,298",43,54,1.02,11.86,"30,450",809,"9,271",440,504,6.32,200,8.05
268,지노믹트리,"11,920",하락,280,-2.30%,500,"18,266",218,"12,100","2,906",-153,-27.66,"81,952","12,100","12,200","1,307",11.50,-8.24,"12,130","1,084",64,-104,0.90,-7.89,"11,850","1,661","24,377",24,-431,2.36,0,-30.89
269,에스에이엠티,"2,900",하락,60,-2.03%,500,"32,247",94,"2,930","2,900",674,5.77,"324,104","2,935","2,940","8,330",25.83,13.46,"2,940","2,955","4,024",544,5.39,7.23,"2,895","2,788","99,995","28,895",503,0.67,200,34.70
270,KG에코솔루션,"6,080",하락,170,-2.72%,500,"32,986",202,"6,180","2,894","2,265",4.49,"127,534","6,170","6,230","62,134",-26.87,6.74,"6,200","1,025","32,544","2,142",3.68,3.55,"6,070","1,879","47,603","72,849","1,353",0.18,120,0.38
271,흥구석유,"19,270",상승,"3,740",+24.08%,100,"2,565,483","49,676","19,680","2,890",-3,437.95,"2,314,429","19,330","19,690",929,-425.10,0.79,"19,700",782,140,6,0.00,0.67,"18,960","12,893","15,000","1,169",44,3.56,30,-7.77
272,신성에스티,"31,850",하락,450,-1.39%,500,"5,489",175,"32,300","2,879",88,42.07,"41,934","32,450","32,450","1,444",5.16,7.11,"32,450",202,419,71,1.77,5.06,"31,750",553,"9,040","1,270",757,2.72,200,1.89
273,브이엠,"11,880",하락,250,-2.06%,100,"3,812",45,"11,980","2,860",-86,289.76,"42,585","11,990","11,990","1,657",21.56,-2.80,"11,990",36,414,-35,3.75,-2.18,"11,860",274,"24,076",703,41,2.22,N/A,170.21
274,인탑스,"16,550",하락,390,-2.30%,500,"5,443",90,"16,850","2,847",38,22.16,"60,793","16,770","16,930","9,007",-79.33,3.34,"16,770",621,"1,289",234,6.45,2.66,"16,510",19,"17,200","6,147",747,0.40,200,6.46
275,쿠콘,"27,700",하락,"1,600",-5.46%,500,"71,621","1,978","28,200","2,841",166,15.54,"398,491","28,850","28,850","2,629",0.02,11.48,"28,900",640,"1,161",158,2.82,6.71,"27,000",49,"10,255",730,"1,782",1.89,150,6.84
276,유진기업,"3,670",하락,40,-1.08%,500,"49,334",181,"3,675","2,837",550,-4.49,"362,457","3,675","3,680","23,749",-34.86,-6.18,"3,700","1,028","13,482","-1,007",4.92,-4.32,"3,640",258,"77,311","13,933",-817,0.28,170,-5.44
277,펨트론,"13,280",하락,390,-2.85%,500,"25,142",333,"13,060","2,827",-36,-88.53,"311,155","13,070","13,130",717,-144.94,-6.32,"13,490","1,676",436,-19,7.38,-2.61,"13,060",631,"21,288",570,-150,10.96,N/A,-22.67
278,HLB이노베이션,"1,943",하락,48,-2.41%,500,"53,982",105,"1,965","2,804",-119,-15.54,"388,374","1,970","1,970","2,680",N/A,N/A,"1,971",418,160,-124,2.11,N/A,"1,925",992,"144,304",254,-125,1.19,N/A,N/A
279,이스트소프트,"23,950",하락,150,-0.62%,500,"66,280","1,610","24,150","2,789",-135,-28.51,"472,189","24,200","24,250","1,991",-51.08,-16.62,"24,625","2,495","1,106",-146,1.97,-7.52,"23,900",329,"11,647","1,025",-840,3.79,0,10.79
280,티에프이,"24,400",하락,800,-3.17%,100,"5,014",123,"25,100","2,777",44,116.19,"26,834","24,850","25,150","1,267",-52.40,1.94,"25,000",8,483,15,1.83,1.33,"24,300","1,653","11,381",736,210,3.31,N/A,-8.34
281,필에너지,"12,900",하락,320,-2.42%,500,"11,486",148,"13,200","2,758",142,33.77,"96,673","13,190","13,220","2,121",-7.25,10.39,"13,190",406,691,134,1.86,5.79,"12,840","1,292","21,378","2,854",382,2.01,67,45.08
282,프레스티지바이오로직스,"3,535",하락,85,-2.35%,500,"7,269",26,"3,555","2,749",-334,-7.49,"81,335","3,595","3,600","2,894",24.39,-34.26,"3,595",67,"2,177",-294,41.24,-9.87,"3,515","1,042","77,753",22,-472,2.04,0,-37.32
283,아이티엠반도체,"12,040",하락,410,-3.29%,500,"3,301",40,"12,500","2,731",24,-51.02,"21,450","12,290","12,550","5,952",116.15,0.64,"12,290",8,"4,008",12,2.38,0.20,"12,020",33,"22,683","6,479",-236,1.38,N/A,11.61
284,샘씨엔에스,"4,675",하락,145,-3.01%,500,"15,037",71,"4,705","2,730",52,71.92,"72,415","4,715","4,805","2,222",278.57,2.70,"4,800",872,782,33,1.10,1.60,"4,675",899,"58,388",533,65,1.84,N/A,72.35
285,인선이엔티,"5,840",하락,190,-3.15%,500,"30,348",178,"6,000","2,719",232,-11.63,"230,862","5,960","6,010","4,957",-10.18,-5.66,"5,960",66,"1,731",-189,5.29,-3.62,"5,800","4,153","46,564","2,088",-502,0.81,N/A,-5.48
286,에코마케팅,"8,630",하락,220,-2.49%,100,"12,496",109,"8,850","2,716",470,9.83,"50,389","21,650","21,900","5,833",110.29,6.84,"21,750",711,"1,021",318,17.35,5.88,"21,400","1,544","12,608","3,107","2,755",0.56,350,-20.67
287,동방메디컬,"13,060",하락,230,-1.73%,500,"167,921","2,189","13,290","2,713",150,63.09,"126,390","8,840","8,860","4,038",-14.75,12.87,"8,840",32,"1,213",362,11.78,9.64,"8,620",16,"31,468","3,572",878,1.13,500,1.92
288,대화제약,"14,570",하락,440,-2.93%,500,"17,462",255,"14,700","2,712",67,155.00,"4,950,350","13,170","13,330","1,504",-8.69,4.60,"13,320","1,011",696,31,4.10,2.34,"12,810",14,"20,775","1,051",207,2.37,0,15.67
289,원익머트리얼즈,"21,500",하락,750,-3.37%,500,"18,215",392,"21,850","2,711",519,7.80,"118,727","14,680","14,710","2,059",241.83,0.73,"14,690",386,"1,295",8,0.00,0.39,"14,540","1,370","18,617","1,494",94,3.65,150,5.70
290,씨메스,"23,100",하락,700,-2.94%,500,"23,090",534,"23,000","2,699",-143,-16.48,"161,445","23,100","23,650",810,-43.04,-28.80,"23,700",499,67,-135,2.83,-25.68,"22,850",249,"11,685",69,"-1,402",3.87,0,-9.83
291,뷰노,"19,230",하락,870,-4.33%,100,"21,424",414,"19,880","2,693",-125,-21.56,"98,617","19,490","19,900",502,20.58,-72.91,"19,580",115,195,-130,3.65,-35.80,"19,200","1,629","14,002",259,-892,9.75,0,94.86
292,아이스크림미디어,"20,400",하락,350,-1.69%,500,"5,103",104,"20,800","2,688",461,8.18,"64,881","20,850","20,850","2,229",35.41,23.29,"20,950",244,396,311,7.87,18.42,"20,250",496,"13,177","1,522","2,493",1.55,738,23.67
293,디오,"18,690",하락,410,-2.15%,500,"3,393",64,"19,050","2,687",-407,-6.31,"69,887","19,100","19,100","3,433",-294.94,-20.74,"19,100",53,"1,392",-413,14.22,-11.62,"18,690",628,"14,375","1,196","-2,963",1.28,0,-23.21
294,씨어스테크놀로지,"21,200",하락,150,-0.70%,500,"5,290",112,"20,900","2,669",-87,-38.13,"125,365","21,300","21,300",281,11.44,-60.13,"21,450",647,67,-89,4.64,-39.23,"21,000",45,"12,591",81,-556,12.74,N/A,329.69
295,LS증권,"4,775",하락,90,-1.85%,"5,000","22,916",110,"4,855","2,649",218,24.36,"110,727","4,855","4,860","87,797",-34.30,1.84,"4,855",96,"79,083",166,1.40,0.20,"4,765","1,500","55,481","16,537",196,0.31,100,25.07
296,나우로보틱스,"21,100",보합,0,0.00%,500,"78,018","1,635","20,950","2,648",-29,-47.95,"968,860","20,800","21,000",163,47.80,-285.18,"21,350",501,105,-37,0.42,-26.63,"20,650","4,595","12,548",121,-440,36.46,0,15.89
297,프로텍,"24,050",하락,750,-3.02%,500,"2,567",62,"24,150","2,646",134,9.77,"29,236","24,400","24,300","3,768",-22.89,7.35,"24,750",200,540,127,2.76,3.45,"23,950",35,"11,000","1,703","2,462",0.71,400,9.11
298,석경에이티,"48,250",하락,550,-1.13%,500,691,33,"48,900","2,632",20,45.43,"3,849","48,800","49,050",492,-42.34,11.43,"48,800",94,94,43,0.97,9.70,"48,250",4,"5,455",138,"1,062",6.30,N/A,13.28
299,제이오,"8,200",하락,380,-4.43%,100,"29,025",239,"8,480","2,625",-55,-25.95,"144,150","8,500","8,500","2,226",-145.39,-5.67,"8,500",17,442,-89,2.51,-4.24,"8,140","1,446","32,018",829,-316,1.37,N/A,-27.62
300,큐브엔터,"17,460",하락,570,-3.16%,500,"15,126",265,"17,520","2,619",166,19.42,"108,768","17,540","17,680","2,700",7.42,13.61,"17,680",931,"1,117",166,6.23,7.85,"17,450",241,"15,002","2,183",899,1.54,N/A,53.43
301,와이씨켐,"25,800",하락,"1,450",-5.32%,"1,000","24,710",642,"26,250","2,609",-82,-17.47,"102,289","26,250","26,300","1,163",-4.30,-30.46,"26,300",360,718,-160,1.50,-13.56,"25,700",262,"10,111",703,"-1,477",5.50,N/A,12.90
302,뉴로메카,"23,000",상승,100,+0.44%,500,"8,445",194,"23,200","2,608",-190,-13.33,"61,883","23,200","23,250",952,-28.26,-95.95,"23,200",534,844,-168,0.80,-17.55,"22,900",220,"11,338",253,"-1,726",11.33,0,83.87
303,휴림로봇,"2,350",상승,50,+2.17%,500,"3,294,585","7,645","2,305","2,591",-49,-117.50,"30,994,256","2,305","2,310","3,349",-165.20,-5.59,"2,385","184,784","1,225",-94,3.24,-4.16,"2,240","25,981","110,238","1,331",-20,2.11,N/A,61.01
304,JTC,"5,000",하락,100,-1.96%,0,"19,527",97,"4,995","2,587",476,3.33,"132,911","4,985","5,000","3,584",117.12,57.43,"5,070",200,"1,752",772,10.00,24.80,"4,865","4,843","51,746","3,086","1,501",1.41,N/A,105.76
305,AP시스템,"16,910",하락,330,-1.91%,500,"15,300",260,"17,220","2,584",472,5.63,"50,912","17,200","17,230","5,998",-21.51,15.74,"17,210",929,"2,632",518,9.93,8.85,"16,880","1,041","15,281","5,167","3,002",0.74,530,-3.16
306,로보스타,"26,450",상승,350,+1.34%,500,"51,246","1,335","26,050","2,579",1,-979.63,"282,822","25,800","26,100","1,126",-86.92,2.44,"26,600",991,206,22,2.63,1.94,"25,400","1,351","9,750",891,-27,2.87,N/A,-13.19
307,비트맥스,"6,920",하락,190,-2.67%,500,"602,999","4,136","6,880","2,576",-185,-7.19,"4,107,826","6,800","6,890",285,-12.23,-134.66,"7,050","14,135",143,-270,2.61,-67.28,"6,670","7,636","37,231",372,-963,14.44,N/A,"2,005.36"
308,오리엔탈정공,"5,650",하락,70,-1.22%,500,"33,675",190,"5,690","2,575",249,8.91,"285,755","5,640","5,680","2,157",94.84,26.45,"5,680",102,"1,056",261,7.00,12.60,"5,590","9,229","45,574","2,073",634,2.29,100,31.60
309,자람테크놀로지,"41,450",하락,"1,650",-3.83%,500,"6,847",282,"42,600","2,569",4,-278.19,"41,849","42,250","43,000",784,117.07,5.09,"42,250",6,359,20,2.76,3.42,"40,000",633,"6,198",222,-149,6.28,N/A,90.74
310,비덴트,"3,320",보합,0,0.00%,500,0,0,0,"2,563",-111,5.25,0,0,0,"7,408",-11.76,11.16,0,0,"1,026",672,1.43,9.67,0,0,"77,202",96,632,0.40,N/A,-3.82
311,매커스,"15,820",하락,10,-0.06%,500,"21,776",341,"15,830","2,557",269,11.06,"271,312","15,830","15,900","4,092",2.04,18.59,"15,880","1,240","2,958",202,17.92,5.76,"15,310",42,"16,163","1,996","1,431",1.25,200,13.78
312,바이오비쥬,"16,860",하락,430,-2.49%,500,"73,688","1,239","16,950","2,536",92,N/A,"265,448","19,900","20,100",344,-41.51,-39.20,"20,050",623,48,-73,6.31,-31.76,"19,470","1,332","12,816",23,-623,9.02,0,55.64
313,헥토파이낸셜,"26,800",상승,"1,050",+4.08%,500,"309,311","8,367","27,250","2,533",133,26.75,"1,325,584","16,900","16,990",378,N/A,N/A,"17,030",136,68,72,0.31,N/A,"16,660",578,"15,044",296,N/A,N/A,0,N/A
314,한솔아이원스,"8,850",하락,330,-3.59%,500,"23,991",213,"8,900","2,530",231,7.72,"496,903","27,250","27,300","4,516",5.75,6.90,"27,700",658,"3,002",90,1.43,2.17,"26,550","2,444","9,453","1,593","1,002",1.54,350,4.07
315,셀비온,"19,670",하락,780,-3.81%,500,"34,651",687,"20,050","2,521",-71,-31.57,"148,285","8,930","8,910","2,319",180.71,18.60,"9,120","1,442",497,311,5.57,13.72,"8,840",432,"28,593","1,571","1,146",1.27,0,26.79
316,인트로메딕,"5,850",보합,0,0.00%,100,0,0,0,"2,515",-15,-42.39,0,0,0,105,58.32,-101.85,0,0,48,-70,0.76,-49.54,0,0,"42,998",104,-138,41.17,0,4.09
317,엠아이텍,"7,770",하락,130,-1.65%,500,"7,112",55,"7,900","2,515",176,13.61,"65,817","7,890","7,920","1,185",24.96,18.13,"7,890",240,97,183,6.97,16.83,"7,740",251,"32,366",538,571,2.26,100,15.88
318,해성산업,"7,700",하락,210,-2.65%,500,"3,139",24,"7,890","2,507",714,-160.42,"64,800","7,900","7,900","25,920",-32.81,0.79,"7,900",8,"12,440",-34,1.36,-0.13,"7,690",640,"32,557","22,204",-48,0.32,225,-3.81
319,에스바이오메딕스,"21,000",하락,900,-4.11%,500,"33,919",719,"21,700","2,491",-54,-34.43,"83,956","21,700","21,750",446,9.06,-70.89,"21,700",840,263,-58,2.29,-15.21,"20,850","8,963","11,860",137,-610,23.81,0,4.77
320,슈프리마,"34,300",하락,800,-2.28%,500,"3,962",136,"34,300","2,489",233,7.23,"59,920","34,150","34,350","2,601",39.76,14.74,"34,450",31,235,325,20.17,13.58,"34,100",290,"7,257","1,082","4,747",0.97,0,14.37
321,온코닉테라퓨틱스,"22,600",하락,800,-3.42%,500,"18,296",415,"22,950","2,487",-48,-25.95,"239,833","22,950","23,000",609,-315.06,-44.55,"22,950",531,49,-81,1.51,-16.44,"22,550",344,"11,002",148,-871,4.21,0,-29.53
322,시너지이노베이션,"2,815",하락,35,-1.23%,500,"17,208",48,"2,820","2,480",161,61.20,"156,679","2,820","2,830","3,141",7.51,5.75,"2,830","1,190",790,181,12.71,6.05,"2,810","1,601","88,103",906,46,1.27,0,8.88
323,미래나노텍,"7,980",하락,220,-2.68%,500,"23,501",189,"8,170","2,475",249,8.09,"95,488","8,120","8,200","5,976",81.41,8.51,"8,140",46,"2,802",258,5.03,4.22,"7,970",226,"31,010","6,223",987,0.79,50,-10.33
324,KH바텍,"10,450",하락,260,-2.43%,500,"19,369",203,"10,710","2,474",219,10.80,"100,953","10,680","10,720","3,871",-34.96,8.33,"10,680",702,"1,248",213,8.18,5.84,"10,360",87,"23,677","3,110",968,0.88,330,-14.46
325,제이에스링크,"9,170",하락,140,-1.50%,500,"16,481",150,"9,330","2,474",-91,-12.77,"139,640","9,310","9,340",544,-109.85,-42.11,"9,310",506,294,-108,0.93,-23.19,"9,060",17,"26,978",159,-718,7.32,0,-27.52
326,툴젠,"28,800",하락,750,-2.54%,500,"3,146",91,"29,450","2,472",-218,34.95,"13,207","28,900","29,650",755,-27.57,14.08,"29,100",55,170,62,1.11,7.38,"28,700",181,"8,583",9,824,4.56,0,-19.25
327,네오위즈홀딩스,"28,750",하락,400,-1.37%,500,"3,726",106,"29,100","2,471",204,-15.07,"69,088","28,850","29,150","8,225",17.46,-3.65,"29,100",5,"1,467",-196,3.46,-2.28,"28,100",342,"8,594","3,681","-1,908",0.57,313,0.40
328,쓰리빌리언,"7,760",하락,90,-1.15%,100,"85,476",658,"7,620","2,462",-74,-33.74,"765,227","7,640","7,640",302,11.17,-32.81,"7,810","4,281",19,-66,6.82,-24.76,"7,610",419,"31,722",58,-230,9.22,N/A,111.41
329,이지홀딩스,"3,815",하락,85,-2.18%,500,"79,436",302,"3,855","2,461","1,234",18.08,"580,827","3,855","3,880","28,559",18.90,2.70,"3,855",106,"16,493",351,4.64,1.30,"3,755","6,568","64,516","32,850",211,0.37,250,5.32
330,유니슨,"1,443",상승,25,+1.76%,500,"853,034","1,223","1,512","2,460",-125,-12.88,"18,152,758","1,450","1,530","2,490",36.06,-36.03,"1,450","5,912","1,828",-225,1.57,-8.81,"1,419","21,812","170,506",257,-112,3.88,0,-76.12
331,이트론,271,보합,0,0.00%,200,0,0,0,"2,456",-56,24.64,0,0,0,"1,195",0.61,-2.85,0,0,235,-23,3.54,-1.90,0,0,"906,131",163,11,2.53,0,-45.05
332,비츠로테크,"9,370",상승,280,+3.08%,500,"126,199","1,176","9,280","2,455",511,30.03,"1,319,140","9,300","9,290","5,905",77.36,3.72,"9,390","1,600","1,679",415,3.87,7.56,"9,200",265,"26,200","4,283",312,1.06,50,21.38
333,엑스게이트,"8,600",하락,300,-3.37%,100,"27,954",241,"8,650","2,455",35,85.15,"367,954","8,650","8,660",671,-15.05,9.43,"8,700",528,227,40,0.77,6.83,"8,570",100,"28,543",432,101,5.64,N/A,0.92
334,에치에프알,"18,430",하락,590,-3.10%,500,"6,172",115,"19,030","2,453",-202,-22.84,"40,798","19,000","19,180","2,711",-140.39,-11.34,"19,000",136,"1,123",-185,6.34,-6.86,"18,430",139,"13,309","1,571",-807,1.55,N/A,-4.32
335,진성티이씨,"10,900",하락,180,-1.62%,500,"27,401",299,"10,880","2,451",244,10.86,"266,652","10,850","10,890","4,554",-38.26,8.48,"10,990",540,"1,931",210,7.81,4.89,"10,810","1,617","22,482","3,905","1,004",0.82,200,-19.50
336,웹케시,"17,880",하락,120,-0.67%,500,"138,122","2,427","17,710","2,438",139,31.04,"1,780,191","17,590","17,740","1,259",N/A,N/A,"17,890",760,236,72,0.73,N/A,"17,290",353,"13,636",742,576,2.22,100,N/A
337,에스오에스랩,"13,780",하락,440,-3.09%,100,"92,132","1,267","13,830","2,437",-128,-17.05,"1,067,492","13,840","13,840",391,-54.09,-46.12,"13,870","2,140",71,-120,4.56,-36.84,"13,630","1,657","17,682",49,-808,8.73,N/A,20.29
338,디아이티,"12,810",하락,600,-4.47%,100,"19,529",251,"13,140","2,421",241,8.00,"37,266","13,050","13,190","2,409",178.68,14.50,"13,190",150,280,289,5.21,12.78,"12,690",475,"18,900","1,167","1,601",1.12,380,8.96
339,네패스,"10,470",하락,410,-3.77%,500,"14,431",152,"10,500","2,414",34,-6.03,"123,103","10,510","10,550","7,101",-66.22,-48.21,"10,580",317,"5,029",-794,6.52,-9.49,"10,450",396,"23,059","4,643","-1,736",2.21,N/A,-0.99
340,한국캐피탈,764,하락,10,-1.29%,500,"50,156",38,773,"2,411",969,2.98,"1,214,620",774,774,"44,603",17.93,12.62,774,530,"37,866",811,0.35,1.94,761,"5,094","315,610","4,626",256,0.35,30,21.08
341,티엑스알로보틱스,"15,565",하락,615,-3.80%,500,"53,976",845,"16,120","2,405",53,47.89,"207,779","16,110","16,130",732,46.50,14.93,"16,110",320,433,38,1.16,5.84,"15,500",122,"15,451",572,325,3.47,N/A,118.19
342,동원개발,"2,645",하락,55,-2.04%,500,"5,983",16,"2,700","2,402",210,94.46,"64,933","2,700","2,720","13,783",-29.97,1.76,"2,720","2,190","3,320",183,3.05,1.30,"2,645",560,"90,808","5,204",28,0.23,80,-29.35
343,엣지파운드리,"3,065",하락,105,-3.31%,500,"233,186",714,"3,160","2,400",-51,-145.95,"685,321","3,140","3,170","1,316",-4.87,-27.09,"3,150",117,547,-180,0.28,-15.27,"3,010","4,386","78,307",373,-21,2.06,0,0.70
344,더블유씨피,"7,070",하락,260,-3.55%,500,"39,245",278,"7,230","2,393",-709,-2.19,"15,044,589","10,000","10,000",406,-870.57,-4.33,"10,230","1,915",75,-13,1.62,-3.01,"9,850","1,499","23,651",259,N/A,N/A,0,-5.15
345,케이티알파,"4,865",보합,0,0.00%,"1,000","10,458",51,"4,850","2,385",246,10.72,"416,396","7,150","7,250","18,102",-252.91,-7.33,"7,200","1,182","8,415",-722,4.38,-4.56,"7,050","2,421","33,843","3,221","-3,229",0.25,N/A,5.60
346,지씨지놈,"10,070",하락,60,-0.59%,500,"429,564","4,302","9,990","2,382",-12,N/A,"79,611","4,850","4,865","4,621",156.07,7.78,"4,865","1,909","2,009",197,1.32,4.40,"4,815",84,"49,019","3,882",454,0.88,N/A,-1.17
347,골프존홀딩스,"5,550",하락,140,-2.46%,500,"10,082",56,"5,720","2,377",394,4.87,"296,259","5,690","5,730","10,503",-26.50,6.02,"5,690","1,033","3,037",436,3.32,4.18,"5,510","2,654","42,837","3,862","1,139",0.30,250,-8.94
348,리파인,"13,620",하락,"2,280",-14.34%,100,"106,586","1,484","13,610","2,360",205,13.01,"421,807","14,500","14,300","1,816",-9.08,12.53,"14,560",151,112,206,3.81,11.63,"13,600",399,"17,330",678,"1,047",1.17,N/A,2.05
349,박셀바이오,"10,130",하락,370,-3.52%,500,"39,574",401,"10,230","2,356",-150,-21.60,"1,743,667","10,230","10,230",769,-30.68,-13.67,"10,300",979,49,-106,6.24,-13.12,"10,060",42,"23,257",19,-469,3.27,0,"13,737.28"
350,파멥신,"2,915",보합,0,0.00%,500,0,0,0,"2,338",-77,-44.85,0,0,0,543,36.27,-15.32,0,0,66,-49,0.00,-12.16,0,0,"80,201",39,-65,4.90,N/A,"5,083.24"
351,잉글우드랩,"11,750",하락,210,-1.76%,0,"25,017",291,"11,750","2,334",188,14.36,"734,877","11,720","11,800","1,997",-34.86,15.17,"11,750",348,558,196,10.94,10.51,"11,550","1,327","19,868","1,822",818,1.61,103,-11.88
352,네오팜,"14,520",하락,410,-2.75%,500,"11,655",170,"14,830","2,327",247,9.66,"134,167","14,830","14,850","1,924",-2.58,13.69,"14,830",7,156,231,14.62,12.47,"13,890","1,905","16,028","1,190","1,503",1.30,600,22.56
353,모두투어,"12,230",하락,320,-2.55%,500,"31,270",383,"12,480","2,311",47,23.12,"586,469","12,350","12,500","2,349",-59.75,15.33,"12,350",145,"1,638",108,13.21,4.06,"12,170","2,123","18,900","2,516",529,2.87,250,40.86
354,토비스,"14,370",하락,460,-3.10%,500,"18,040",261,"14,820","2,309",584,4.23,"91,345","14,800","14,830","5,281",127.52,26.76,"14,800",361,"2,636",613,12.19,12.06,"14,340",528,"16,067","6,238","3,400",0.89,300,39.43
355,원일티엔아이,"27,400",상승,350,+1.29%,500,"11,059",298,"26,600","2,296",64,N/A,"155,070","7,040","7,090",499,175.42,20.26,"7,060",661,113,72,2.34,15.80,"6,880","7,716","32,854",329,222,6.07,66,69.93
356,파이버프로,"6,960",상승,120,+1.75%,100,"44,216",308,"7,080","2,287",72,31.35,"192,858","26,600","27,000",730,122.86,24.45,"27,500",941,369,79,0.41,11.67,"26,500",927,"8,381",422,N/A,N/A,0,0.74
357,피에이치에이,"10,880",하락,90,-0.82%,500,"1,945",21,"10,890","2,285",515,3.97,"31,330","10,940","10,950","10,696",6.60,8.14,"10,940",104,"2,694",619,12.41,6.03,"10,770",298,"21,000","11,529","2,739",0.26,350,1.61
358,GRT,"2,825",하락,60,-2.08%,0,"20,810",59,"2,850","2,284","1,470",2.90,"262,295","2,880","2,880","16,913",86.68,12.05,"2,880","2,576","7,628","1,105",79.91,6.96,"2,825","5,826","80,850","8,424",974,0.25,2,9.73
359,소룩스,"4,685",하락,270,-5.45%,500,"115,718",544,"4,850","2,283",-66,-4.48,"295,766","4,850","4,860","1,173","-1,383.71",-58.22,"4,850",792,390,-410,0.21,-29.53,"4,500","2,255","48,740",507,"-1,046",2.55,0,-15.28
360,나이스정보통신,"22,800",상승,200,+0.88%,500,"6,019",135,"22,600","2,280",399,6.40,"29,579","22,500","22,650","11,226",8.55,11.22,"22,800",78,"7,367",377,23.54,3.23,"22,150",290,"10,000","9,751","3,562",0.57,810,9.37
361,유니테스트,"10,730",하락,470,-4.20%,500,"31,560",341,"10,970","2,268",-234,-9.54,"82,236","10,950","11,000","1,850",-428.15,-19.88,"10,970",271,680,-273,6.97,-14.28,"10,690",519,"21,134",924,"-1,125",1.92,N/A,-44.90
362,애니플러스,"4,615",하락,35,-0.75%,100,"88,926",410,"4,645","2,261",251,11.65,"638,696","4,610","4,650","2,556",9.96,15.20,"4,635",94,"1,317",180,8.78,7.92,"4,560","3,754","48,986","1,310",396,1.76,0,17.63
363,제테마,"6,300",하락,170,-2.63%,500,"11,092",70,"6,380","2,259",41,-92.65,"51,544","6,380","6,390","2,227",56.09,-0.26,"6,390",322,"1,513",-26,0.85,-1.13,"6,260",44,"35,859",685,-68,3.28,0,16.70
364,뉴파워프라즈마,"5,170",하락,130,-2.45%,100,"17,315",90,"5,210","2,259",325,11.36,"184,926","5,260","5,280","9,415",102.30,7.43,"5,260",769,"5,465",232,4.33,2.87,"5,170","6,964","43,693","5,198",455,0.76,50,48.24
365,넥써쓰,"3,820",상승,580,+17.90%,500,"1,537,792","5,605","3,295","2,243",-89,-53.06,"716,257","3,365","3,300",338,44.70,-29.78,"3,860","7,129",80,-82,1.02,-22.40,"3,335",584,"58,718",76,-72,6.97,0,38.29
366,아스트,566,하락,9,-1.57%,500,"51,933",29,575,"2,237",-64,19.52,"813,297",578,577,"5,620",82.42,-10.50,578,"7,332","2,659",-171,1.34,-3.32,561,"5,854","395,158","1,714",29,0.71,0,1.72
367,제넥신,"4,905",하락,135,-2.68%,500,"6,889",34,"5,020","2,234",-372,-3.00,"94,376","5,010","5,040","3,450",9.69,-22.82,"5,010",31,834,-637,4.02,-17.66,"4,880",835,"45,540",29,"-1,633",0.92,N/A,-33.75
368,디앤씨미디어,"17,800",하락,490,-2.68%,500,"5,838",104,"18,120","2,229",103,20.51,"65,963","18,230","18,230","1,153",194.82,13.25,"18,230",201,272,108,1.90,10.09,"17,680","1,146","12,524",835,868,2.46,N/A,38.33
369,에이디테크놀로지,"16,560",하락,650,-3.78%,500,"15,515",257,"17,110","2,226",-170,-13.33,"59,126","16,800","17,130","2,449",2.61,-10.24,"16,840",323,"1,133",-152,1.68,-5.68,"16,430","1,273","13,441","1,065","-1,242",1.66,N/A,6.36
370,세경하이테크,"6,180",하락,220,-3.44%,500,"40,781",253,"6,300","2,216",315,7.61,"717,302","6,290","6,340","3,450",-12.96,18.47,"6,290",839,962,413,6.88,12.72,"6,150","3,156","35,860","3,203",812,1.21,100,5.21
371,위지윅스튜디오,"1,295",하락,49,-3.65%,500,"179,719",233,"1,344","2,215",-118,-4.15,"3,240,271","1,339","1,345","2,935",41.74,-28.05,"1,339","1,485","1,199",-603,5.04,-19.10,"1,277","1,813","171,049",804,-312,1.34,N/A,-45.41
372,한중엔시에스,"24,450",하락,850,-3.36%,500,"8,277",202,"24,650","2,215",96,12.01,"138,564","24,650","24,800","1,668",175.55,36.13,"24,750",656,864,154,3.61,10.61,"24,150",889,"9,058","1,773","2,036",2.71,N/A,45.83
373,이니텍,"11,170",상승,380,+3.52%,500,"59,066",662,"10,760","2,211",2,90.81,"113,792","10,950","10,770","1,184",106.51,2.10,"11,400",931,73,23,1.48,1.97,"10,850",442,"19,791",389,123,1.68,0,-14.83
374,대양전기공업,"23,100",하락,50,-0.22%,500,"10,985",252,"23,000","2,210",157,10.21,"63,980","22,850","23,050","3,086",320.05,8.32,"23,400",311,633,196,5.51,6.46,"22,500","4,707","9,567","1,963","2,263",0.85,100,27.17
375,KG모빌리언스,"5,810",상승,30,+0.52%,500,"180,929","1,045","5,780","2,208",74,32.64,"1,048,977","5,780","5,790","5,385",-77.48,2.84,"5,860","23,645","1,915",82,4.26,1.54,"5,680","2,824","38,011","2,661",178,0.62,220,-4.82
376,로킷헬스케어,"14,310",상승,380,+2.73%,500,"281,229","3,981","13,930","2,206",-56,-24.13,"1,192,896","13,990","13,950",113,24.48,9.83,"14,380","10,285",884,-77,0.00,-77.65,"13,980",3,"15,418",131,-593,-2.32,0,5.59
377,모트렉스,"8,870",하락,240,-2.63%,500,"15,107",134,"9,020","2,205",436,12.93,"48,568","9,020","9,040","9,318",-18.01,8.22,"9,020",98,"6,600",193,3.44,2.64,"8,850",91,"24,862","5,869",686,0.91,162,10.52
378,하이비젼시스템,"14,730",하락,400,-2.64%,500,"16,249",240,"14,900","2,201",310,6.81,"42,719","14,900","15,090","3,657",-47.30,15.91,"15,060",261,761,404,13.82,11.14,"14,670",255,"14,942","3,120","2,163",0.70,400,-10.41
379,와이즈넛,"16,790",상승,120,+0.72%,500,"91,879","1,523","16,320","2,199",17,167.90,"739,695","16,310","16,350",580,-50.74,6.10,"16,920",746,66,31,0.00,5.38,"16,200",444,"13,097",349,100,3.53,71,-0.72
380,티로보틱스,"11,690",하락,210,-1.76%,500,"69,892",814,"11,890","2,196",-70,-66.42,"472,725","11,850","11,900","1,070",14.71,-1.78,"11,850",572,755,-8,1.04,-0.66,"11,540","6,288","18,782",607,-176,6.27,0,-9.01
381,풍원정밀,"10,430",하락,190,-1.79%,500,"4,263",44,"10,180","2,195",-182,-7.26,"12,485","10,500","10,500",963,16.80,-70.74,"10,500","1,079",689,-301,0.30,-30.26,"10,200",234,"21,040",493,"-1,436",10.21,0,14.42
382,서호전기,"42,600",상승,400,+0.95%,500,"6,788",288,"41,400","2,194",16,14.32,"23,741","41,800","41,500","1,020",-87.32,12.69,"42,950",12,126,115,5.36,11.15,"41,700",4,"5,150",465,"2,974",2.21,"2,500",-29.78
383,SG,"2,220",하락,75,-3.27%,100,"61,297",137,"2,235","2,190",-61,-8.92,"558,392","2,235","2,240","2,328",54.95,-50.91,"2,240","4,053","1,461",-362,1.64,-17.22,"2,210",702,"98,670","1,189",-249,2.04,0,46.98
384,인터로조,"16,530",하락,190,-1.14%,500,"1,871",31,"16,650","2,185",58,-101.41,"39,680","16,660","16,660","2,344",12.02,0.11,"16,660",14,645,2,8.19,0.07,"16,400",534,"13,216","1,158",-163,1.24,300,-2.90
385,아나패스,"17,930",하락,270,-1.48%,500,"5,258",94,"18,200","2,174",200,11.28,"34,691","18,210","18,300","1,176",348.44,29.88,"18,210",13,449,189,4.41,16.47,"17,880",139,"12,123","1,822","1,590",2.85,N/A,154.96
386,제일일렉트릭,"9,730",하락,220,-2.21%,500,"29,129",284,"9,880","2,162",89,20.84,"201,195","9,820","9,890","2,193",N/A,N/A,"9,820","1,033",648,104,1.40,N/A,"9,650","4,138","22,220","1,863",467,1.42,100,N/A
387,푸른소나무,"8,790",보합,0,0.00%,500,0,0,0,"2,161",-15,-32.20,0,0,0,116,85.36,-417.81,0,0,89,-77,0.00,-72.26,0,0,"24,580",37,-273,64.24,N/A,80.83
388,아이씨티케이,"16,080",하락,450,-2.72%,500,"68,464","1,096","16,000","2,158",-67,-32.22,"320,865","16,000","16,280",458,N/A,N/A,"16,190","1,454",28,-58,0.68,N/A,"15,950",213,"13,421",67,-499,5.21,0,N/A
389,중앙첨단소재,"2,105",하락,170,-7.47%,500,"285,133",606,"2,180","2,143",-78,-3.06,"2,023,977","2,175","2,185","1,245","-13,814.06",-95.94,"2,175","2,887",278,-768,6.41,-60.25,"2,100","1,147","101,802",187,-688,2.24,0,-28.92
390,윤성에프앤씨,"26,700",하락,950,-3.44%,100,"4,834",130,"27,500","2,130",319,8.62,"26,480","27,400","27,650","3,009",20.55,20.70,"27,400",184,"1,036",371,1.89,11.47,"26,650",273,"7,979","2,713","3,097",1.08,200,-13.28
391,우양에이치씨,"14,590",하락,130,-0.88%,500,"3,952",58,"14,650","2,123",311,15.39,"94,074","14,700","14,700","2,609",23.02,17.19,"14,780",352,878,274,0.54,10.63,"14,550",598,"14,548","1,832",948,1.14,N/A,-8.40
392,유비케어,"4,065",하락,65,-1.57%,500,"29,346",119,"4,075","2,122",52,184.77,"126,883","4,070","4,100","1,601",47.12,-1.55,"4,070",710,523,-16,2.49,-0.99,"4,030","1,238","52,197","1,906",22,2.06,30,23.73
393,DSC인베스트먼트,"7,800",하락,150,-1.89%,500,"269,957","2,103","7,860","2,106",150,29.10,"3,276,213","7,820","7,870","1,578",-14.77,9.98,"7,900","1,810",435,106,1.27,7.09,"7,650","2,631","27,000",386,268,1.84,40,15.08
394,쇼박스,"3,360",하락,70,-2.04%,500,"38,676",130,"3,395","2,105",245,35.74,"504,291","3,390","3,410","1,540",186.67,23.14,"3,390",203,219,274,3.01,19.17,"3,345","2,842","62,638",931,94,1.73,150,131.81
395,지투파워,"11,220",하락,10,-0.09%,500,"208,639","2,357","11,230","2,099",37,62.68,"968,284","11,100","11,240",641,488.22,12.22,"11,470","2,934",274,42,0.00,7.03,"10,980",905,"18,709",554,179,5.73,N/A,12.16
396,압타바이오,"7,800",하락,180,-2.26%,500,"5,159",40,"7,950","2,097",-189,-7.00,"150,463","5,580","5,670","7,409",-119.59,-0.06,"5,650","1,036",884,-11,4.48,-0.15,"5,510","10,169","37,728","1,125",-259,0.33,N/A,-67.74
397,바이오솔루션,"8,640",하락,250,-2.81%,500,"52,407",450,"8,650","2,095",-51,-19.24,"42,774","7,970","7,980",774,-15.15,-50.84,"7,970",470,232,-294,1.33,-34.57,"7,760","3,379","26,881",34,"-1,115",4.05,N/A,937.76
398,티엘비,"21,300",하락,"1,050",-4.70%,500,"28,841",619,"21,800","2,094",34,48.74,"314,272","8,660","8,690",675,1.42,-32.51,"8,830",618,362,-119,1.95,-14.93,"8,510","4,162","24,251",129,-449,7.18,0,3.43
399,엑세스바이오,"5,550",하락,140,-2.46%,0,"33,395",185,"5,570","2,094",-42,-21.43,"212,260","21,600","21,900","1,884",10.28,3.25,"21,700",246,763,36,2.95,1.99,"21,200","1,786","9,833","1,800",437,1.87,200,5.08
400,뷰웍스,"21,450",하락,250,-1.15%,500,"3,515",76,"21,700","2,091",223,13.76,"18,677","21,750","21,950","3,229",19.19,9.41,"21,800",931,861,211,32.86,6.85,"21,350",448,"9,750","2,229","1,559",0.84,600,1.20
401,LB세미콘,"3,610",하락,110,-2.96%,500,"16,299",59,"3,700","2,097",-188,-6.97,"68,001","3,700","3,710","8,060",-48.16,-9.19,"3,710",981,"4,598",-230,29.17,-2.88,"3,595",722,"58,083","4,509",-518,0.63,N/A,8.16
402,텔레칩스,"13,790",하락,500,-3.50%,500,"6,436",89,"14,150","2,088",49,-5.82,"32,524","14,000","14,180","3,779",-70.95,-17.22,"14,000",28,"1,761",-386,1.87,-10.25,"13,740","4,057","15,144","1,866","-2,369",1.03,60,-2.34
403,와이지-원,"6,210",하락,170,-2.66%,500,"34,403",214,"6,360","2,085",558,17.20,"169,863","6,310","6,380","10,762",2.07,4.47,"6,360",106,"6,726",170,19.09,1.67,"6,170","1,391","33,574","5,750",361,0.58,160,3.94
404,한국알콜,"9,640",하락,190,-1.93%,500,"13,502",130,"9,700","2,083",274,7.79,"52,130","9,720","9,790","6,549",25.38,4.96,"9,720","1,153",930,304,3.04,4.64,"9,590",188,"21,606","4,210","1,237",0.38,110,-3.94
405,디지털대성,"7,510",하락,50,-0.66%,500,852,6,"7,500","2,078",237,12.88,"54,766","7,520","7,540","3,380",-5.28,10.45,"7,540","1,236","1,769",161,2.93,5.49,"7,500",646,"27,675","2,177",583,1.62,500,2.92
406,디에스케이,"8,080",상승,110,+1.38%,500,"27,404",218,"7,810","2,077",-197,-20.72,"90,136","7,930","7,950","1,664",-102.94,-6.21,"8,100",34,329,-114,1.42,-6.77,"7,700","1,068","25,710",226,-390,1.75,N/A,-68.34
407,케이프,"6,710",하락,100,-1.47%,500,"14,668",98,"6,740","2,074",390,22.90,"142,597","6,750","6,750","24,047",-4.79,7.47,"6,750",14,"21,452",183,2.92,0.79,"6,610",105,"30,902","5,165",293,0.90,300,-12.56
408,에브리봇,"16,850",하락,410,-2.38%,500,"11,674",196,"16,620","2,070",-22,"2,106.25","178,833","16,750","16,710","1,177",N/A,N/A,"16,900",535,508,3,0.00,N/A,"16,660",220,"12,284",298,8,3.17,0,N/A
409,멀티캠퍼스,"34,850",하락,100,-0.29%,500,962,33,"34,800","2,065",389,7.01,"8,075","34,800","34,900","3,207",-3.37,15.16,"34,850",10,997,315,7.56,9.97,"34,350",47,"5,927","3,527","4,970",0.99,"2,100",-1.63
410,폴라리스AI,"2,825",하락,75,-2.59%,500,"85,648",242,"2,855","2,054",-13,54.33,"1,050,660","2,845","2,860","1,160",-189.87,1.32,"2,850","5,546",203,11,1.01,1.05,"2,810","2,237","72,696",531,52,2.10,0,-10.71
411,파인엠텍,"5,520",하락,180,-3.16%,500,"14,436",79,"5,520","2,042",-79,-9.23,"1,561,609","30,050","30,400",259,-24.91,36.26,"31,300","1,949",106,-115,1.09,-39.34,"30,050",700,"6,546",20,"-2,134",10.75,0,22.77
412,삼양엔씨켐,"18,780",하락,800,-4.09%,500,"44,464",833,"19,300","2,041",107,20.30,"135,668","11,690","11,890","2,930",65.17,2.44,"11,690",293,"1,385",-181,4.38,-6.23,"11,260","1,271","17,781","2,321",389,1.63,150,-0.14
413,어보브반도체,"11,470",하락,560,-4.66%,500,"30,728",354,"11,840","2,039",-51,29.49,"43,835","24,500","24,400","1,126",-90.76,3.07,"24,600",553,139,30,2.12,2.60,"24,150",117,"8,400",690,177,2.12,250,-16.65
414,오가노이드사이언스,"31,150",상승,650,+2.13%,500,"67,512","2,074","30,050","2,039",-122,-14.60,"108,035","32,250","32,250","1,761",-365.73,-12.25,"32,250",91,922,-97,1.82,-6.32,"31,200",544,"6,372",596,"-1,993",2.35,24,8.42
415,동신건설,"24,250",하락,700,-2.81%,500,"5,618",137,"24,050","2,037",6,137.01,"44,506","10,380","10,470","7,117",58.72,15.16,"10,460",910,"1,993",726,13.01,11.38,"10,060","2,052","20,038","9,315","4,430",0.38,200,19.78
416,비나텍,"31,950",하락,300,-0.93%,500,"6,304",199,"32,100","2,036",-81,-16.03,"311,795","5,520","5,550","3,333",-138.90,-11.87,"5,560","1,234","1,691",-158,2.87,-5.06,"5,460","1,230","36,988","3,822",-598,1.40,N/A,0.56
417,대원산업,"10,160",하락,220,-2.12%,500,"7,945",81,"10,380","2,036",750,2.29,"12,323","20,150","20,300","1,161",26.09,-1.91,"20,350",496,59,-23,4.40,-1.73,"20,000",83,"10,006",69,-248,2.15,N/A,6.66
418,안트로젠,"20,300",하락,50,-0.25%,500,745,15,"19,700","2,031",-37,-81.85,"71,090","18,650","19,000","3,880",79.12,25.76,"18,900",80,"1,845",463,57.94,14.11,"18,440",325,"10,910","5,094","4,392",0.76,850,22.86
419,에스텍,"18,600",하락,450,-2.36%,500,"16,335",303,"18,910","2,029",440,4.23,"222,325","19,000","19,300","1,283",45.87,11.32,"19,090",18,446,90,4.36,6.91,"18,200",165,"10,866","1,105",925,1.89,N/A,12.08
420,앱클론,"10,600",하락,220,-2.03%,500,"13,469",144,"10,720","2,024",-156,-11.31,"340,218","10,800","10,810",482,-33.87,-57.57,"11,150",85,188,-163,8.65,-34.83,"10,420",950,"19,093",23,-937,8.21,0,-18.67
421,미투온,"6,630",보합,0,0.00%,500,0,0,0,"2,015",118,368.33,"26,189,073",0,0,"2,910",-46.63,0.40,0,0,512,40,1.62,1.46,0,0,"30,390",943,18,1.37,N/A,-13.47
422,아미코젠,"3,650",하락,45,-1.22%,500,"28,096",103,"3,680","2,008",-71,-3.79,"331,558","3,690","3,695","2,942",-442.93,-35.39,"3,725",794,"1,711",-509,6.99,-13.37,"3,615","1,994","55,018","1,736",-963,1.71,N/A,8.57
423,레드캡투어,"11,980",하락,120,-0.99%,500,"9,667",115,"11,990","2,003",436,8.31,"75,136","12,000","12,000","6,972",12.37,9.64,"12,040",723,"4,816",202,9.37,2.81,"11,850","1,995","16,721","3,589","1,442",1.04,"2,150",6.12
424,동국산업,"3,675",하락,105,-2.78%,"1,000","27,807",103,"3,730","1,993",120,-35.68,"75,790","3,730","3,735","9,428",144.20,-1.63,"3,730",550,"4,545",-296,5.33,-3.23,"3,660",15,"54,244","7,903",-103,0.49,130,4.40
425,씨에스베어링,"7,310",하락,200,-2.66%,500,"20,627",151,"7,500","1,993",21,34.48,"174,523","7,400","7,510","1,480","3,596.39",2.80,"7,500","1,004",542,25,1.27,1.68,"7,250","1,452","27,270","1,054",212,2.11,N/A,37.60
426,AP위성,"13,190",하락,160,-1.20%,500,"7,308",96,"13,360","1,989",73,32.25,"70,009","13,340","13,390","1,352",-27.51,10.41,"13,340",45,299,104,1.10,7.46,"13,100",142,"15,082",586,409,1.78,N/A,18.61
427,나인테크,"3,720",하락,30,-0.80%,100,"378,019","1,401","3,750","1,986",46,-19.48,"3,953,092","3,740","3,755","1,860",249.45,-7.26,"3,770","8,097","1,019",-54,1.86,-2.41,"3,620","2,259","53,398","1,972",-191,2.33,0,60.28
428,드림시큐리티,"3,925",하락,55,-1.38%,100,"119,248",465,"3,920","1,986",256,16.70,"2,201,066","3,880","3,930","5,366",-22.94,11.91,"3,940",777,"3,889",121,3.82,2.56,"3,805","7,080","50,606","2,688",235,1.65,N/A,15.51
429,그래디언트,"14,520",하락,180,-1.22%,"2,500","2,598",38,"14,720","1,986",-55,-4.35,"42,849","14,690","14,740","17,380",-289.46,-7.70,"14,690",19,"9,559",-260,3.76,-1.43,"14,400","1,259","13,677","33,179","-3,341",0.38,200,-3.10
430,나무가,"13,480",하락,170,-1.25%,500,"6,103",82,"13,550","1,980",209,8.40,"19,240","13,550","13,570","2,644",-7.82,16.64,"13,570",528,975,261,2.91,11.11,"12,750",202,"14,685","4,504","1,604",1.19,650,23.18
431,미래반도체,"13,680",하락,590,-4.13%,100,"10,209",139,"13,750","1,975",102,24.34,"23,947","13,920","14,000","1,333",8.79,7.29,"13,990",46,474,60,0.87,4.28,"13,080",244,"14,438","4,876",562,2.19,N/A,28.15
432,헥토이노베이션,"15,000",하락,20,-0.13%,500,"52,889",797,"15,020","1,969",489,6.92,"355,424","14,970","15,030","6,922",28.48,14.63,"15,280","1,319","3,624",348,8.52,5.46,"14,890",16,"13,125","3,195","2,169",0.97,490,10.74
433,이화전기,899,보합,0,0.00%,200,0,0,0,"1,968",17,-40.86,0,0,0,"2,799",-51.38,-5.83,0,0,523,-137,0.87,-4.69,0,0,"218,949",645,-22,0.86,0,-1.07
434,아티스트컴퍼니,"12,580",상승,120,+0.96%,500,"18,975",237,"12,540","1,961",-31,-22.19,"75,779","12,530","12,550",526,3.95,-30.27,"12,680",542,293,-78,1.91,-13.73,"12,410",136,"15,591",213,-567,3.62,N/A,-0.03
435,이수앱지스,"5,290",하락,40,-0.75%,500,"18,961",100,"5,260","1,957",134,8.49,"179,473","5,270","5,270","1,602",244.86,16.53,"5,320",81,594,147,3.17,8.02,"5,220","1,005","36,988",603,623,2.01,0,10.96
436,덱스터,"7,680",하락,160,-2.04%,500,"14,720",113,"7,790","1,952",-89,-16.13,"181,186","7,750","7,800","1,036","-21,406.94",-22.64,"7,750",4,547,-107,3.12,-11.33,"7,630","1,103","25,412",537,-476,4.88,N/A,-20.72
437,탑머티리얼,"23,950",하락,950,-3.82%,500,"1,640",39,"24,300","1,950",-72,-17.70,"27,477","24,350","24,400","2,074",-152.29,-5.50,"24,350",34,663,-82,0.00,-3.97,"23,900",273,"8,144","1,061","-1,353",1.37,0,-13.19
438,지니언스,"21,400",보합,0,0.00%,500,"9,542",203,"22,000","1,943",98,17.44,"78,038","21,600","22,050",693,52.16,20.33,"21,600",643,125,109,26.86,16.41,"20,900",111,"9,080",496,"1,227",3.37,250,15.65
439,에이스테크,"2,570",하락,90,-3.38%,500,"23,398",60,"2,650","1,941",-311,-2.83,"278,389","2,645","2,660","3,049",49.99,-67.32,"2,645",800,"2,093",-408,0.00,-14.44,"2,545","12,245","75,506","1,451",-909,1.99,0,3.59
440,사피엔반도체,"23,600",하락,250,-1.05%,100,"15,875",372,"23,900","1,938",-34,-78.67,"153,195","23,850","24,000",312,50.22,-125.23,"23,850",617,148,-171,4.18,-64.70,"23,100",148,"8,213",80,-300,12.59,0,148.96
441,성우,"12,880",하락,340,-2.57%,500,"11,639",150,"13,040","1,938",146,9.25,"70,894","13,040","13,090","2,549",-49.40,10.71,"13,090","1,210",321,182,1.40,8.71,"12,850",339,"15,046","1,309","1,393",0.88,150,-10.74
442,이크레더블,"16,080",하락,120,-0.74%,500,"1,283",21,"16,050","1,937",150,14.85,"17,455","16,050","16,100",594,18.68,27.34,"16,190",19,104,129,9.20,22.74,"16,020",240,"12,044",451,"1,083",6.37,"1,590",9.70
443,KX,"4,310",하락,65,-1.49%,500,"19,361",83,"4,345","1,932",597,2.39,"96,174","4,350","4,350","8,868",-3.73,27.09,"4,350",75,"4,438",975,1.94,10.14,"4,250","2,536","44,820","4,038","1,804",0.54,190,0.18
444,앱트뉴로사이언스,"1,216",상승,6,+0.50%,100,"131,078",158,"1,206","1,931",-128,-22.11,"979,096","1,209","1,210","2,064",-94.80,-27.51,"1,221","11,261","1,255",-192,3.74,-12.57,"1,186",274,"158,791",184,-55,2.14,0,-9.98
445,인터플렉스,"8,240",하락,220,-2.60%,500,"5,868",49,"8,300","1,922",344,3.85,"52,138","8,340","8,340","3,649",58.79,21.95,"8,400",383,831,551,3.04,16.55,"8,210",181,"23,327","4,975","2,140",0.66,N/A,13.54
446,금화피에스시,"31,950",하락,250,-0.78%,500,"3,659",116,"31,750","1,917",362,5.31,"33,929","31,700","32,100","4,618",-16.71,11.59,"32,100",85,"1,009",400,19.58,8.98,"31,350",682,"6,000","3,402","6,021",0.53,"1,400",0.78
447,에스피소프트,"7,730",하락,260,-3.25%,100,"29,597",228,"7,850","1,912",38,49.24,"231,022","7,750","7,880",768,N/A,N/A,"7,780",402,142,3,1.82,N/A,"7,640","1,981","24,741",451,157,2.94,0,N/A
448,티씨머티리얼즈,"5,580",하락,160,-2.79%,500,"115,844",646,"5,690","1,910",109,30.00,"945,350","5,560","5,700",762,25.76,12.51,"5,670",325,193,63,0.69,8.58,"5,530","1,709","34,228","3,039",186,3.25,0,20.57
449,로체시스템즈,"12,480",하락,450,-3.48%,500,"7,689",97,"12,930","1,909",198,13.58,"36,994","12,900","13,040","1,575",65.83,10.36,"12,990",263,352,121,43.05,8.23,"12,450",242,"15,297","1,601",919,1.49,50,52.07
450,휴마시스,"1,473",하락,28,-1.87%,100,"325,957",481,"1,484","1,906",-106,-5.64,"1,829,757","1,482","1,485","3,319",79.83,-11.79,"1,484","3,286",828,-356,5.41,-10.47,"1,467","1,315","129,375",254,-261,0.73,N/A,83.79
451,퀄리타스반도체,"13,490",하락,710,-5.00%,500,"24,771",336,"14,000","1,894",-227,-9.64,"81,016","13,750","13,800",640,-102.87,-48.62,"13,810",640,134,-191,0.00,-36.39,"13,460",168,"14,037",61,"-1,399",4.13,0,-43.62
452,노바텍,"17,880",하락,480,-2.61%,500,"18,576",334,"17,900","1,891",126,12.68,"40,312","18,100","18,360","1,834",-50.75,10.80,"18,360",635,125,172,1.77,9.78,"17,880",428,"10,576",658,"1,410",1.14,"1,409",-28.79
453,BGF에코머티리얼즈,"3,005",하락,55,-1.80%,500,"8,319",25,"3,060","1,886",140,13.48,"120,361","3,060","3,065","7,152",-18.51,4.00,"3,060",151,"2,213",155,1.13,2.41,"2,980",858,"62,767","3,643",223,0.46,50,27.54
454,케이에스피,"4,690",하락,60,-1.26%,500,"34,584",162,"4,715","1,885",138,14.00,"186,889","4,715","4,735","1,055",16.66,25.99,"4,715","1,701",341,153,2.42,16.91,"4,650","11,478","40,191",853,335,2.59,N/A,-2.49
455,컴투스홀딩스,"28,550",하락,"1,750",-5.78%,500,"20,270",592,"29,650","1,883",-506,-4.26,"95,868","29,450","29,700","5,420","-1,408.36",-13.72,"29,700",102,"3,305",-425,4.05,-7.47,"28,550",101,"6,595","1,493","-6,695",0.78,15,4.46
456,랩지노믹스,"2,530",하락,115,-4.35%,500,"476,720","1,214","2,610","1,878",-185,-9.30,"1,961,150","2,600","2,620","2,957",-167.09,-10.72,"2,600","12,870",793,-239,1.94,-7.85,"2,520","15,562","74,240",859,-272,0.89,N/A,20.85
457,KZ정밀,"11,920",하락,110,-0.91%,500,"1,629",20,"12,030","1,877",152,14.31,"8,742","12,030","12,060","6,044",-26.95,4.69,"12,080",187,"1,221",192,5.73,3.84,"11,920",78,"15,750","1,127",833,0.47,800,-18.74
458,덕산하이메탈,"4,130",하락,145,-3.39%,200,"14,927",62,"4,250","1,877",186,15.07,"69,653","4,230","4,255","8,185",269.97,6.76,"4,230",168,"3,636",313,2.29,3.99,"4,130",512,"45,437","2,359",274,0.60,N/A,63.30
459,KT나스미디어,"16,200",하락,70,-0.43%,500,"2,547",41,"16,270","1,874",199,-28.62,"17,773","16,270","16,290","4,927",-2.81,-3.13,"16,270",5,"2,533",-46,6.02,-0.92,"16,030",24,"11,568","1,426",-566,0.94,700,-2.87
460,현대사료,994,보합,0,0.00%,100,0,0,0,"1,873",27,4.38,0,0,0,"1,170",-56.45,340.50,0,0,281,284,2.38,25.24,0,0,"188,472","1,285",227,2.24,N/A,-20.01
461,삼지전자,"11,470",하락,30,-0.26%,500,"21,976",252,"11,570","1,872","1,156",2.86,"317,997","11,570","11,580","12,019",47.57,16.21,"11,570","2,362","5,617",941,5.75,8.49,"11,380",203,"16,319","33,597","4,004",0.42,450,32.99
462,모다이노칩,"2,340",보합,0,0.00%,500,3,0,"2,315","1,865",386,24.12,"6,619","2,340","2,340","9,681",137.95,3.47,"2,340",162,"5,865",127,0.14,1.30,"2,340","1,053","79,722","3,889",97,0.51,N/A,-0.28
463,포바이포,"16,690",하락,560,-3.25%,500,"84,555","1,413","16,990","1,864",-139,-18.44,"475,739","16,940","17,000",590,14.56,-32.55,"16,950",230,285,-123,0.38,-19.52,"16,570",709,"11,170",333,-905,6.85,0,-1.41
464,동양이엔피,"23,700",하락,550,-2.27%,500,"7,031",166,"24,000","1,863",516,2.80,"23,951","23,900","24,150","4,885",20.16,19.25,"23,950",230,874,695,7.49,15.23,"23,500",428,"7,860","5,484","8,455",0.45,600,2.14
465,바이오에프디엔씨,"21,350",상승,200,+0.95%,500,"15,148",320,"20,900","1,857",49,36.75,"164,583","20,800","21,150",673,-3.60,7.39,"21,600",155,42,45,11.21,6.92,"20,700",237,"8,696",161,581,2.81,N/A,3.04
466,오로스테크놀로지,"19,820",하락,830,-4.02%,500,"13,590",271,"20,400","1,856",61,17.06,"131,105","20,350","20,450",944,156.71,9.05,"20,350",238,262,59,1.49,7.01,"19,750",356,"9,367",614,"1,162",2.68,N/A,34.88
467,디와이피엔에프,"17,320",하락,320,-1.81%,500,"10,405",178,"17,220","1,856",246,7.40,"90,603","17,280","17,600","3,208",195.44,15.14,"17,380",174,"1,926",182,4.31,5.94,"17,030",3,"10,714","2,810","2,339",1.21,N/A,95.08
468,아바코,"12,640",하락,350,-2.69%,500,"20,017",254,"12,980","1,855",211,9.32,"64,437","12,970","12,990","3,907",378.73,13.70,"12,970",31,"1,895",264,6.45,7.18,"12,580","5,722","14,677","3,055","1,356",0.93,500,63.51
469,더네이쳐홀딩스,"12,490",상승,170,+1.38%,500,"24,362",305,"12,410","1,855",301,9.53,"43,571","12,510","12,600","6,983",-55.05,4.91,"12,740",428,"2,987",190,8.53,2.84,"12,400",539,"14,848","5,169","1,311",0.51,500,-5.75
470,강원에너지,"7,070",하락,30,-0.42%,500,"17,514",126,"7,400","1,847",68,73.65,"41,008","7,390","7,430","1,639",-2.25,2.60,"7,400",927,920,-6,1.76,-0.35,"7,060","1,229","26,123","2,244",96,4.51,N/A,61.21
471,경동제약,"5,970",하락,20,-0.33%,500,"4,464",27,"5,940","1,837",26,31.59,"42,821","5,990","5,990","3,029",110.51,2.44,"5,990",336,825,54,1.68,1.83,"5,930",499,"30,769","1,939",189,0.75,300,19.22
472,유니셈,"5,980",하락,230,-3.70%,500,"35,929",216,"6,140","1,834",100,13.44,"127,397","6,110","6,150","2,631",-42.64,7.02,"6,130",31,348,155,7.36,6.12,"5,970","1,181","30,664","2,182",445,0.76,80,-6.01
473,대한약품,"30,500",상승,600,+2.01%,500,"4,613",139,"29,850","1,830",381,5.52,"11,589","29,900","29,900","3,244",6.38,12.89,"30,550",110,484,338,16.73,10.91,"29,700",294,"6,000","2,042","5,523",0.64,900,4.23
474,아가방컴퍼니,"5,550",하락,180,-3.14%,500,"58,700",325,"5,590","1,825",152,16.87,"423,069","5,610","5,600","2,238",-8.27,6.64,"5,630","1,098",562,102,2.75,4.57,"5,500","1,070","32,888","1,827",329,0.92,N/A,-1.97
475,와이솔,"6,530",하락,70,-1.06%,500,"7,269",47,"6,580","1,807",5,-58.30,"136,386","6,590","6,600","4,143",-96.58,3.12,"6,590",445,524,110,5.80,2.71,"6,510",807,"27,672","3,750",-112,0.53,500,1.42
476,국전약품,"3,610",하락,135,-3.60%,100,"32,240",117,"3,715","1,804",4,124.48,"106,702","3,690","3,725","2,123",-94.33,1.79,"3,690",769,"1,148",5,0.59,0.25,"3,595",650,"49,966","1,365",29,1.79,10,11.86
477,사람인,"15,400",하락,330,-2.10%,500,"1,968",30,"15,610","1,803",213,18.18,"15,734","15,580","15,700","2,097",-15.84,7.12,"15,580",3,297,123,22.49,5.94,"15,390",98,"11,709","1,284",847,0.94,500,-2.41
478,아티스트스튜디오,"17,960",하락,420,-2.29%,500,"32,189",579,"18,280","1,795",-73,-12.05,"182,164","18,290","18,300",593,5.99,-31.73,"18,300",68,51,-150,0.84,-27.16,"17,830",160,"9,996",273,"-1,491",3.34,N/A,-34.77
479,젝시믹스,"5,980",하락,40,-0.66%,500,"14,258",85,"6,020","1,787",249,9.34,"105,715","6,030","6,030","1,727",36.85,20.72,"6,050","2,085",582,209,3.66,13.69,"5,870","1,164","29,882","2,716",640,1.63,180,16.78
480,일진파워,"11,820",보합,0,0.00%,500,0,0,0,"1,782",103,97.69,0,0,0,"2,705",-21.70,7.94,0,0,"1,333",99,1.43,4.27,0,0,"15,079","1,931",121,1.36,330,1.19
481,보성파워텍,"3,595",하락,5,-0.14%,500,"281,294","1,004","3,540","1,766",48,29.96,"2,611,399","3,530","3,545",972,44.06,6.80,"3,615","3,134",69,60,1.27,6.14,"3,280","4,132","53,267",475,39,1.80,10,-5.72
482,알서포트,"3,315",하락,30,-0.90%,100,"20,366",67,"3,330","1,766",37,85.00,"198,649","3,315","3,340","1,205",-53.60,3.23,"3,325",720,246,31,20.04,2.75,"3,595","2,552","48,907","5,610",-36,0.93,N/A,1.33
483,에스와이,"3,600",하락,80,-2.17%,500,"32,431",117,"3,605","1,761",219,-100.00,"261,996","3,610","3,610","4,334",61.79,2.02,"3,650","3,621","2,375",63,1.12,1.47,"1,873","2,262","92,716","1,624",-811,0.66,20,45.43
484,HB테크놀러지,"1,894",하락,78,-3.96%,500,"241,475",461,"1,956","1,756",-165,-2.34,"818,825","1,954","1,962","3,488",25.16,-18.17,"1,954","14,754",921,-516,0.11,-13.70,"3,450","1,067","49,130",771,120,1.91,N/A,-1.83
485,마이크로디지탈,"9,710",하락,320,-3.19%,500,"15,181",147,"9,880","1,749",3,-202.29,"152,976","9,900","9,920",542,-68.20,2.38,"10,040",90,251,4,1.58,1.07,"9,640",175,"18,015",115,-48,5.17,0,6.40
486,유비쿼스홀딩스,"9,910",하락,60,-0.60%,500,27,0,"9,930","1,745",143,25.54,"4,379","9,970","9,970","3,877",-55.99,3.64,"9,970",49,311,214,3.55,5.50,"9,910",131,"17,605","1,256",388,0.66,130,-26.78
487,하나기술,"21,750",하락,850,-3.76%,500,"4,262",93,"22,300","1,739",-264,-11.69,"22,721","22,550","22,550","2,400",-318.01,-14.73,"22,550",123,"1,421",-155,1.85,-6.58,"21,400",127,"7,995",942,"-1,861",1.81,0,-21.45
488,마음AI,"24,550",하락,650,-2.58%,500,"62,941","1,526","24,850","1,738",-71,-14.02,"230,154","24,700","24,900",497,-84.58,-51.91,"24,750",20,364,-87,2.21,-16.49,"23,800","3,038","7,080",78,"-1,751",8.05,0,-23.96
489,에스와이스틸텍,"5,660",하락,260,-4.39%,500,"47,996",271,"5,680","1,733",81,37.24,"589,888","5,670","5,690",800,-44.49,12.65,"5,700","1,137",299,61,3.02,7.62,"5,630","1,383","30,610","1,170",152,3.52,50,-2.32
490,이엠텍,"10,100",하락,330,-3.16%,500,"18,165",184,"10,320","1,730",-305,-3.61,"178,061","10,320","10,350","3,462",-109.01,-19.74,"10,500",916,"1,398",-447,6.19,-11.84,"10,030",398,"17,133","1,676","-2,801",0.83,N/A,-36.39
491,HB솔루션,"2,365",하락,90,-3.67%,500,"49,766",118,"2,445","1,730",193,-4.35,"214,834","2,410","2,450","2,933",185.95,-9.21,"2,420",13,724,-208,3.12,-7.02,"2,340","1,815","73,141","1,315",-544,0.78,30,36.77
492,엔케이맥스,"2,020",보합,0,0.00%,500,0,0,0,"1,727",-51,-5.40,0,0,0,232,92.46,219.63,0,0,464,-355,4.73,-91.48,0,0,"85,519",88,-374,-7.32,0,-18.29
493,자이언트스텝,"7,720",하락,400,-4.93%,500,"12,402",96,"7,950","1,722",-173,-6.39,"159,061","7,790","7,970",917,33.64,-33.10,"7,820",52,216,-283,2.96,-25.85,"7,710","4,063","22,312",501,"-1,209",2.63,N/A,18.39
494,녹십자웰빙,"9,690",하락,160,-1.62%,500,"22,624",217,"9,800","1,720",130,15.73,"73,517","9,840","9,840","1,615",N/A,N/A,"9,840",13,566,71,4.18,N/A,"9,150","5,003","17,752","1,338",616,1.59,120,N/A
495,동국S&C,"3,010",상승,55,+1.86%,500,"90,369",271,"2,980","1,720",-55,-5.33,"276,333","2,960","2,985","3,108",84.31,-19.37,"3,020","2,752","1,233",-398,2.12,-10.15,"2,940",278,"57,143","1,658",-565,0.88,N/A,-7.17
496,한국파마,"15,680",하락,310,-1.94%,500,"3,159",50,"15,850","1,710",61,57.23,"39,426","15,850","15,950","1,124",-2.92,5.42,"15,850",253,409,38,0.75,3.25,"15,680",438,"10,907",813,274,2.39,50,-2.36
497,파워로직스,"4,660",하락,70,-1.48%,500,"15,281",72,"4,740","1,706",24,38.83,"89,949","4,740","4,775","4,161",-84.46,5.32,"4,740","1,831","1,981",100,0.95,2.49,"4,660","1,011","36,611","7,334",120,0.81,N/A,-5.14
498,지어소프트,"11,010",하락,920,-7.71%,500,"77,881",867,"11,800","1,704",291,8.97,"333,072","11,700","11,800","3,048",91.31,12.90,"11,700",196,881,280,10.00,9.32,"10,820","1,540","15,474","5,472","1,228",1.09,N/A,7.52
499,그리드위즈,"21,450",하락,700,-3.16%,200,"15,772",336,"21,500","1,704",-43,-36.73,"272,504","21,500","21,700","1,688",-372.86,-2.90,"21,600","1,072",384,-28,1.62,-1.92,"21,050",745,"7,943","1,247",-584,1.33,N/A,-5.46
500,슈피겐코리아,"27,250",하락,50,-0.18%,500,187,5,"27,100","1,694",217,6.00,"13,804","27,300","27,450","5,690",-38.42,5.89,"27,450",29,509,279,8.73,5.14,"26,950",250,"6,216","4,653","4,540",0.31,462,4.00
