N,종목명,현재가,전일비변동,전일비,등락률,액면가,거래량,거래대금,매수호가,시가총액,영업이익,PER,액면가,전일거래량,시가,매도호가,자산총계,영업이익증가율,액면가,고가,매수총잔량,부채총계,당기순이익,외국인비율,액면가,저가,매도총잔량,상장주식수,매출액,주당순이익,액면가,보통주배당금
1,알테오젠,"368,500",하락,"12,500",-3.28%,500,"383,638","142,584","368,000","197,018",254,157.68,500,"783,527","376,000","368,500","4,090",360.91,500,"381,000","14,354","1,349",607,14.82,500,"365,000","16,263","53,465","1,029","2,337",500,0
2,에코프로비엠,"96,200",상승,"4,500",+4.91%,500,"434,236","41,512","96,100","94,085",-341,-101.37,500,"445,175","91,900","96,200","43,237",-121.86,500,"97,900","5,076","23,466",-585,11.44,500,"90,600","14,888","97,801","27,668",-949,500,N/A
3,HLB,"52,300",상승,900,+1.75%,500,"341,679","17,838","52,200","68,735","-1,185",-36.40,500,"635,815","51,700","52,300","8,874",5.21,500,"52,900","27,976","2,353","-1,080",20.59,500,"51,600","40,697","131,425",681,"-1,437",500,0
4,에코프로,"45,350",상승,"1,650",+3.78%,100,"908,761","40,849","45,300","61,574","-2,930",-35.10,100,"1,327,121","43,800","45,350","81,383",-198.28,100,"45,750","13,780","42,998","-2,954",20.90,100,"43,050","44,220","135,776","31,279","-1,292",100,100
5,레인보우로보틱스,"287,500",상승,"1,500",+0.52%,500,"123,412","35,202","287,000","55,775",-30,"7,012.20",500,"283,708","284,500","287,500","1,399",93.32,500,"289,500","6,007",71,21,7.98,500,"278,500","11,627","19,400",193,41,500,N/A
6,파마리서치,"479,000",하락,"1,000",-0.21%,500,"58,050","27,861","478,500","50,341","1,261",47.61,500,"93,024","483,500","479,000","8,557",36.63,500,"491,500",668,"2,863",889,17.59,500,"471,000",837,"10,510","3,501","10,061",500,"1,100"
7,휴젤,"327,000",하락,"7,000",-2.10%,500,"81,912","26,856","327,000","40,234","1,662",28.39,500,"60,281","333,000","327,500","9,394",41.13,500,"336,500","2,925",986,"1,431",54.47,500,"323,500","4,008","12,304","3,730","11,517",500,0
8,리가켐바이오,"107,400",하락,"4,200",-3.76%,500,"384,397","42,294","107,300","39,320",-209,157.94,500,"380,828","111,500","107,400","7,384",74.12,500,"113,200","9,136","1,224",78,10.82,500,"106,900","4,380","36,610","1,259",680,500,N/A
9,클래시스,"58,500",하락,500,-0.85%,100,"207,212","12,154","58,400","38,321","1,224",37.28,100,"259,736","59,200","58,500","6,084",36.62,100,"59,400","15,694","1,557",975,72.29,100,"58,200","9,565","65,506","2,429","1,569",100,257
10,에이비엘바이오,"75,800",하락,600,-0.79%,500,"826,981","63,467","75,700","36,784",-594,-55.29,500,"1,223,510","75,900","75,800","2,320","-2,168.82",500,"78,900","22,236",647,-555,14.50,500,"75,100","22,028","48,528",334,"-1,371",500,N/A
11,펩트론,"157,300",하락,"3,700",-2.30%,500,"2,209,750","361,191","157,200","36,647",-165,-159.37,500,"1,402,421","154,100","157,300","1,689",-4.05,500,"176,900","9,541",172,-220,7.38,500,"151,000","3,477","23,297",32,-987,500,N/A
12,리노공업,"47,150",상승,"3,550",+8.14%,100,"1,080,693","50,616","47,150","35,934","1,242",29.45,100,"1,013,920","44,650","47,200","6,574",8.59,100,"47,800","11,853",348,"1,133",35.19,100,"44,500","12,069","76,212","2,782","1,601",100,600
13,삼천당제약,"152,100",상승,"6,900",+4.75%,500,"457,129","71,957","152,100","35,679",26,-307.89,500,"112,248","157,800","152,200","5,198",-72.36,500,"163,000","2,187","1,704",-51,3.01,500,"150,300","1,923","23,457","2,109",-494,500,200
14,코오롱티슈진,"38,950",하락,750,-1.89%,0,"274,234","10,962","38,950","31,784",-220,-85.79,0,"254,501","39,650","39,000","2,223",-7.28,0,"41,700","13,718",764,-338,3.52,0,"38,800","2,762","81,601",51,-454,0,0
15,실리콘투,"51,300",하락,500,-0.97%,500,"1,083,973","55,535","51,200","31,381","1,376",23.35,500,"1,008,976","53,300","51,300","4,578",187.76,500,"53,400","26,013","1,962","1,207",6.44,500,"50,100","28,458","61,172","6,915","2,197",500,N/A
16,에스엠,"134,400",상승,"6,300",+4.92%,500,"262,324","34,866","134,300","30,770",873,12.35,500,"187,778","129,100","134,400","14,191",-23.06,500,"136,200","1,756","5,900",8,24.59,500,"129,100","5,182","22,895","9,897","10,881",500,400
17,JYP Ent.,"77,700",상승,900,+1.17%,500,"287,699","22,304","77,600","27,609","1,283",20.39,500,"397,084","77,000","77,700","6,788",-24.30,500,"78,100","22,904","1,959",977,22.10,500,"76,900","28,829","35,532","6,018","3,811",500,534
18,펄어비스,"38,050",하락,450,-1.17%,100,"305,230","11,646","38,000","24,446",-123,50.87,100,"153,618","38,400","38,050","11,428",24.82,100,"39,450","13,562","3,368",603,7.40,100,"37,400","3,944","64,248","3,424",748,100,N/A
19,셀트리온제약,"49,300",상승,50,+0.10%,500,"72,178","3,566","49,250","21,534",372,78.63,500,"77,088","49,050","49,300","6,695",3.19,500,"49,850","7,772","2,725",220,4.52,500,"49,000","3,959","43,679","4,778",627,500,24
20,젬백스,"49,900",하락,50,-0.10%,500,"148,059","7,369","49,850","20,662",-383,-32.42,500,"271,197","49,000","49,900","1,507",-387.24,500,"51,700","5,408","1,217",-872,6.04,500,"48,400","9,660","41,406",627,"-1,539",500,0
21,HPSP,"22,850",상승,600,+2.70%,500,"426,259","9,788","22,850","19,079",939,23.70,500,"349,922","22,350","22,900","3,199",-1.32,500,"23,250","28,857",420,863,20.58,500,"22,250","35,184","83,499","1,814",964,500,600
22,보로노이,"102,400",하락,300,-0.29%,500,"118,572","12,000","102,400","18,830",-179,-46.29,500,"111,038","102,100","102,500",640,-65.09,500,"103,000","1,857",297,-199,4.05,500,"100,000","2,317","18,388",98,"-2,212",500,0
23,파크시스템스,"268,500",상승,"11,000",+4.27%,500,"31,317","8,393","268,500","18,768",385,34.07,500,"23,897","259,000","269,000","2,743",39.80,500,"270,500","5,584",864,428,32.72,500,"257,000","1,844","6,990","1,751","7,881",500,500
24,이오테크닉스,"150,600",상승,"2,800",+1.89%,500,"165,091","25,337","150,600","18,553",312,39.79,500,"96,470","148,000","150,700","6,530",0.84,500,"157,500",764,500,427,21.07,500,"146,400",273,"12,320","3,209","3,785",500,500
25,케어젠,"33,500",하락,"1,200",-3.46%,100,"78,056","2,656","33,500","17,995",342,57.66,100,"182,555","34,400","33,550","2,407",-15.18,100,"34,950","5,019",177,323,4.97,100,"33,350",894,"53,715",826,581,100,640
26,네이처셀,"26,700",하락,150,-0.56%,500,"474,731","12,817","26,700","17,204",6,"-8,900.00",500,"365,869","26,850","26,750",720,105.82,500,"27,900","12,508",74,12,7.30,500,"26,250","18,547","64,435",323,-3,500,0
27,씨젠,"32,400",하락,450,-1.37%,500,"270,353","8,750","32,400","16,921",-165,158.82,500,"270,834","33,000","32,450","12,053",45.17,500,"33,000","28,921","2,238",-203,15.52,500,"32,050","16,829","52,226","4,143",204,500,800
28,신성델타테크,"60,800",하락,200,-0.33%,500,"104,624","6,389","60,700","16,710",272,"-1,321.74",500,"298,114","61,100","60,800","7,741",-9.01,500,"62,000","7,147","4,568",74,8.09,500,"60,100","3,909","27,484","9,097",-46,500,120
29,와이지엔터테인먼트,"87,400",상승,"1,400",+1.63%,500,"173,632","15,153","87,300","16,336",-206,69.98,500,"231,628","86,600","87,400","7,343",-123.65,500,"88,000","10,540","1,311",200,14.93,500,"86,500","18,274","18,691","3,649","1,249",500,250
30,에스티팜,"77,200",하락,"1,000",-1.28%,500,"76,309","5,939","77,100","15,558",277,51.85,500,"117,125","78,600","77,200","7,219",-17.36,500,"79,100","5,616","2,189",325,5.87,500,"77,100","3,223","20,153","2,738","1,489",500,500
31,브이티,"43,250",하락,850,-1.93%,500,"815,934","35,464","43,250","15,483","1,109",14.84,500,"542,292","44,500","43,300","3,596",143.48,500,"45,550","12,100","1,189","1,040",10.47,500,"41,950","7,512","35,798","4,317","2,914",500,N/A
32,주성엔지니어링,"32,600",상승,"1,000",+3.16%,500,"932,225","30,616","32,550","15,409",972,13.09,500,"415,743","32,050","32,600","9,868",235.88,500,"33,700","16,486","4,202","1,068",17.60,500,"31,700","16,918","47,268","4,094","2,491",500,287
33,동진쎄미켐,"29,700",상승,"1,500",+5.32%,500,"629,332","18,660","29,700","15,270","2,082",9.95,500,"293,808","28,550","29,750","20,170",18.19,500,"30,150","24,884","9,966","1,435",9.64,500,"28,300","33,437","51,414","14,081","2,986",500,200
34,스튜디오드래곤,"49,400",하락,300,-0.60%,500,"107,849","5,317","49,350","14,849",364,94.82,500,"212,649","49,600","49,400","9,255",-34.86,500,"50,200","3,764","1,859",335,11.81,500,"48,900","3,504","30,058","5,501",521,500,N/A
35,엔켐,"68,800",상승,"1,300",+1.93%,500,"191,136","13,033","68,700","14,582",-653,-6.70,500,"247,734","67,000","68,800","11,269","-2,244.05",500,"70,000","4,127","6,601","-5,712",6.78,500,"66,000","4,963","21,194","3,657","-10,265",500,N/A
36,CJ ENM,"66,200",상승,"1,300",+2.00%,"5,000","91,576","6,017","66,000","14,517","1,045",-2.64,"5,000","203,082","65,100","66,200","93,166",815.59,"5,000","66,300","1,221","56,386","-5,808",17.22,"5,000","64,700","11,138","21,929","52,314","-25,100","5,000",N/A
37,루닛,"48,400",상승,50,+0.10%,500,"234,464","11,401","48,350","14,109",-677,-20.25,500,"257,771","48,600","48,400","4,350",-60.30,500,"49,700","21,050","2,702",-824,9.94,500,"47,600","5,259","29,150",542,"-2,390",500,0
38,카카오게임즈,"16,640",상승,290,+1.77%,100,"246,081","4,103","16,640","13,789",191,-10.36,100,"428,987","16,430","16,650","31,732",-74.60,100,"16,940","6,349","16,949","-1,281",10.94,100,"16,310","2,250","82,866","6,272","-1,606",100,N/A
39,테크윙,"35,500",상승,"1,250",+3.65%,500,"759,469","27,196","35,450","13,261",234,-94.92,500,"513,991","34,650","35,500","5,062",640.74,500,"36,550","14,840","3,179",-220,10.79,500,"34,050","15,178","37,354","1,855",-374,500,130
40,솔브레인,"166,700",상승,"2,700",+1.65%,500,"28,426","4,731","166,400","12,967","1,679",12.52,500,"19,442","163,600","166,700","11,682",25.82,500,"168,800",585,"1,309","1,196",31.47,500,"162,400",985,"7,779","8,634","13,317",500,"2,300"
41,디어유,"54,400",상승,900,+1.68%,500,"222,687","12,158","54,400","12,914",254,62.53,500,"267,927","53,300","54,500","2,203",N/A,500,"55,800","5,315",243,244,5.85,500,"53,100","5,692","23,738",749,870,500,215
42,서진시스템,"22,600",상승,50,+0.22%,500,"219,437","4,993","22,550","12,712","1,087",25.68,500,"327,462","23,000","22,600","21,032",121.85,500,"23,050","25,134","12,276",839,7.17,500,"22,500","16,278","56,248","12,138",880,500,N/A
43,메디톡스,"164,700",하락,"8,000",-4.63%,500,"108,011","17,924","164,600","12,021",203,57.35,500,"55,597","172,100","164,700","6,152",17.47,500,"172,800","1,227","1,444",161,11.80,500,"163,300",870,"7,298","2,286","2,872",500,"1,100"
44,메지온,"39,650",보합,0,0.00%,500,"70,517","2,834","39,650","11,898",-143,-51.90,500,"126,571","39,750","39,700",740,1.31,500,"40,750","1,971",279,-195,20.95,500,"39,650",928,"30,007",86,-764,500,0
45,하이젠알앤엠,"38,500",상승,50,+0.13%,500,"197,275","7,535","38,450","11,892",-4,-303.15,500,"300,804","38,600","38,500","1,202",-108.52,500,"38,850","4,277",518,-11,4.13,500,"37,250","9,515","30,888",759,-127,500,N/A
46,ISC,"55,200",상승,"3,600",+6.98%,500,"260,053","14,319","55,100","11,701",448,25.60,500,"142,646","52,000","55,200","5,829",317.11,500,"56,900","2,610",597,549,18.56,500,"51,600","1,683","21,197","1,745","2,156",500,810
47,원익IPS,"23,750",상승,500,+2.15%,500,"227,905","5,429","23,750","11,657",106,30.29,500,"207,538","23,500","23,800","11,241",158.88,500,"24,300","5,912","2,367",207,24.62,500,"23,200","11,293","49,084","7,482",784,500,50
48,비에이치아이,"37,550",상승,750,+2.04%,500,"1,759,944","65,118","37,500","11,620",219,52.15,500,"878,943","38,750","37,550","5,248",45.34,500,"38,750","12,642","4,083",196,18.69,500,"35,300","30,525","30,944","4,047",720,500,N/A
49,HK이노엔,"41,000",하락,250,-0.61%,500,"143,641","5,901","41,000","11,615",882,16.95,500,"119,466","41,350","41,050","18,896",33.82,500,"41,600","4,055","6,382",616,8.85,500,"40,550","5,225","28,330","8,971","2,419",500,350
50,대주전자재료,"74,600",상승,900,+1.22%,500,"91,569","6,827","74,600","11,549",294,30.42,500,"97,934","74,000","74,700","6,230",372.76,500,"75,700","2,673","3,927",364,18.69,500,"73,200","3,713","15,481","2,193","2,452",500,100
51,지아이이노베이션,"18,180",상승,100,+0.55%,500,"742,260","13,422","18,120","11,201",-483,-16.85,500,"1,277,217","17,930","18,180",458,9.46,500,"18,620","2,409",167,-588,4.35,500,"17,640","5,414","61,614",0,"-1,079",500,0
52,티씨케이,"95,500",상승,"1,000",+1.06%,500,"39,363","3,777","95,500","11,150",807,14.69,500,"60,316","95,400","95,600","5,635",21.06,500,"97,800",407,473,720,65.39,500,"90,400",974,"11,675","2,757","6,503",500,"1,410"
53,고영,"15,810",하락,160,-1.00%,100,"1,075,799","17,091","15,800","10,854",33,64.01,100,"1,377,302","16,090","15,810","3,779",-83.69,100,"16,100","14,372",548,210,15.01,100,"15,640","20,768","68,655","2,025",247,100,140
54,오스코텍,"28,100",하락,50,-0.18%,500,"110,043","3,119","28,100","10,748",-27,"2,810.00",500,"169,624","28,150","28,150","1,708",91.63,500,"28,900","7,354",384,-16,10.17,500,"27,900","6,733","38,248",340,10,500,N/A
55,카페24,"44,100",하락,800,-1.78%,500,"246,059","10,938","44,100","10,696",319,36.03,500,"167,300","44,900","44,150","3,423","1,978.14",500,"45,150","15,785","1,267",235,22.14,500,"44,050","5,300","24,253","3,025","1,224",500,N/A
56,코나아이,"71,600",상승,"12,600",+21.36%,500,"5,698,466","392,924","71,500","10,427",334,31.28,500,"4,489,986","61,500","71,600","4,131",-0.80,500,"74,900","7,985","2,153",302,2.22,500,"60,400","31,311","14,563","2,363","2,289",500,680
57,하림지주,"9,070",하락,250,-2.68%,100,"849,153","7,721","9,060","10,159","7,655",10.61,100,"1,655,897","9,330","9,070","160,790",34.88,100,"9,400","22,817","101,370","1,748",8.43,100,"8,950","10,024","112,006","122,730",855,100,120
58,제이앤티씨,"17,420",상승,480,+2.83%,500,"364,250","6,371","17,410","10,077",-461,-12.03,500,"134,565","17,130","17,420","6,397",-261.51,500,"17,850","3,909","3,026",-334,2.01,500,"16,950","2,089","57,848","2,732","-1,448",500,N/A
59,SOOP,"86,700",상승,300,+0.35%,500,"62,733","5,407","86,600","9,966","1,135",9.64,500,"77,286","86,800","86,700","7,157",25.69,500,"87,100","1,519","3,333","1,024",35.52,500,"85,000","1,738","11,495","4,132","8,990",500,"1,500"
60,올릭스,"49,150",하락,"2,550",-4.93%,500,"651,331","32,692","49,150","9,720",-309,-18.98,500,"890,819","52,000","49,200",712,-70.02,500,"53,500","8,278",528,-407,4.83,500,"48,400","31,804","19,775",57,"-2,589",500,0
61,성광벤드,"34,050",상승,"6,950",+25.65%,500,"4,427,774","142,050","34,050","9,510",420,24.84,500,"234,627","27,800","34,100","5,631",-6.35,500,"34,700","17,691",443,410,22.69,500,"27,750","33,535","27,929","2,277","1,371",500,200
62,위메이드,"27,550",상승,550,+2.04%,500,"100,694","2,764","27,500","9,353",71,4.22,500,"159,011","27,300","27,550","18,757",106.40,500,"27,800","7,646","10,438","1,816",8.41,500,"27,000","8,419","33,948","7,119","6,530",500,N/A
63,국일제지,800,보합,0,0.00%,100,0,0,0,"9,019",-13,-88.89,100,0,0,0,"1,424",19.80,100,0,0,194,-130,0.82,100,0,0,"1,127,406",564,-9,100,N/A
64,로보티즈,"68,200",상승,100,+0.15%,500,"608,313","40,528","68,100","9,011",-30,"1,337.25",500,"1,192,284","68,100","68,200","1,002",43.88,500,"68,800","20,811",42,-30,10.57,500,"64,000","13,591","13,213",300,51,500,0
65,유일로보틱스,"77,200",하락,"2,400",-3.02%,500,"122,941","9,477","77,200","8,865",4,168.19,500,"222,138","78,000","77,500","1,174",106.14,500,"78,600","3,623",224,-91,15.70,500,"75,500","3,099","11,483",352,459,500,N/A
66,넥슨게임즈,"13,430",하락,300,-2.18%,500,"494,633","6,623","13,430","8,845",387,28.21,500,"352,095","13,670","13,440","4,872",222.40,500,"13,840","18,195","1,745",314,4.68,500,"13,110","5,574","65,860","2,561",476,500,N/A
67,덕산네오룩스,"35,550",상승,100,+0.28%,200,"135,536","4,809","35,550","8,827",525,19.47,200,"458,487","35,750","35,600","4,523",59.39,200,"36,000","8,063",533,458,7.35,200,"35,050","4,629","24,831","2,123","1,826",200,N/A
68,원텍,"9,750",하락,220,-2.21%,100,"999,443","9,775","9,740","8,720",348,24.81,100,"992,272","10,060","9,750","1,779",-24.43,100,"10,060","11,033",511,291,6.77,100,"9,620","30,160","89,439","1,153",393,100,50
69,필옵틱스,"37,600",상승,"2,000",+5.62%,500,"1,538,703","57,865","37,600","8,605",138,170.14,500,"422,034","37,100","37,650","3,827",34.40,500,"38,350","20,375","1,441",129,2.45,500,"36,700","15,393","22,886","4,109",221,500,0
70,동성화인텍,"28,000",상승,"1,950",+7.49%,500,"1,061,125","28,887","27,950","8,397",540,21.16,500,"311,126","26,100","28,000","4,555",35.13,500,"28,450","16,843","2,530",393,16.65,500,"25,950","7,027","29,989","5,974","1,323",500,350
71,디앤디파마텍,"77,700",하락,"4,400",-5.36%,500,"378,853","29,999","77,600","8,351",-250,-24.63,500,"332,798","81,600","77,700",975,-85.50,500,"83,200","3,300",279,-295,3.71,500,"76,500","2,045","10,747",114,"-3,155",500,0
72,와이씨,"10,060",상승,130,+1.31%,100,"665,461","6,784","10,060","8,254",106,96.73,100,"372,881","10,060","10,070","5,769",23.66,100,"10,440","12,782","1,586",129,0.83,100,"9,900","7,025","82,045","2,112",104,100,N/A
73,레이크머티리얼즈,"12,520",하락,30,-0.24%,100,"204,627","2,577","12,510","8,229",222,44.56,100,"318,138","12,600","12,520","3,513",-24.93,100,"12,870","7,519","2,200",210,7.07,100,"12,350","1,597","65,731","1,387",281,100,50
74,에스앤에스텍,"37,800",상승,"3,400",+9.88%,500,"434,286","16,228","37,750","8,109",295,23.35,500,"114,526","34,450","37,800","2,970",17.73,500,"38,750","3,901",502,303,9.09,500,"34,150","14,641","21,451","1,760","1,619",500,150
75,에스에프에이,"22,150",상승,350,+1.61%,500,"46,688","1,030","22,150","7,954",-484,-9.65,500,"77,106","21,900","22,200","24,796",-154.44,500,"22,300","52,801","9,572",-321,9.07,500,"21,800","7,818","35,909","20,454","-2,296",500,270
76,피엔티,"32,850",상승,700,+2.18%,500,"199,061","6,540","32,800","7,800","1,632",7.13,500,"177,114","32,150","32,850","16,203",112.19,500,"33,450","8,402","9,957","1,422",4.02,500,"32,050","6,360","23,743","10,351","4,605",500,100
77,유진테크,"34,000",상승,"1,050",+3.19%,500,"200,762","6,825","33,950","7,791",612,12.01,500,"130,734","33,600","34,000","5,395",151.49,500,"34,500","2,980","1,038",654,30.85,500,"33,050","9,481","22,916","3,381","2,831",500,230
78,동국제약,"17,250",상승,210,+1.23%,500,"175,571","3,029","17,250","7,742",804,13.46,500,"156,247","17,000","17,260","9,532",20.26,500,"17,410","1,961","2,742",623,14.39,500,"16,950","1,815","44,884","8,122","1,282",500,200
79,솔브레인홀딩스,"36,000",상승,50,+0.14%,500,"82,405","2,952","36,000","7,547",853,15.95,500,"262,868","35,700","36,300","19,966",-29.47,500,"36,750","1,826","5,055",557,5.08,500,"35,050","3,327","20,964","5,154","2,257",500,220
80,하나마이크론,"11,200",상승,350,+3.23%,500,"987,068","11,075","11,190","7,422","1,068",-78.87,500,"851,744","10,900","11,200","19,446",84.43,500,"11,450","7,778","13,388",-112,10.19,500,"10,750","8,091","66,272","12,507",-142,500,70
81,LS머트리얼즈,"10,780",상승,250,+2.37%,500,"197,244","2,120","10,780","7,293",62,234.35,500,"242,491","10,700","10,790","2,531",-54.33,500,"10,900","2,548",460,57,4.02,500,"10,530","9,636","67,653","1,421",46,500,N/A
82,태성,"23,750",상승,"1,150",+5.09%,100,"292,432","6,863","23,750","7,244",60,276.16,100,"235,878","22,850","23,800",796,980.50,100,"23,950","7,094",386,60,3.74,100,"22,450","20,991","30,501",592,86,100,0
83,HLB생명과학,"5,860",상승,30,+0.51%,500,"202,155","1,186","5,850","7,144",-248,-3.54,500,"469,841","5,850","5,860","5,390",-1.17,500,"5,910","72,977","1,402",62,9.73,500,"5,810","23,336","121,917","1,022","-1,657",500,0
84,안랩,"64,100",상승,"1,000",+1.58%,500,"65,315","4,175","64,000","7,132",277,19.16,500,"52,207","63,000","64,100","4,647",4.77,500,"64,500","5,613",959,324,31.98,500,"63,000","5,965","11,127","2,606","3,346",500,"1,300"
85,피에스케이홀딩스,"33,000",상승,"1,200",+3.77%,500,"276,410","9,201","33,000","7,116",885,7.69,500,"143,673","32,350","33,050","5,136",228.07,500,"34,150","8,754",821,958,4.00,500,"31,750","2,006","21,562","2,155","4,289",500,700
86,펌텍코리아,"57,100",상승,900,+1.60%,500,"63,785","3,582","57,000","7,080",484,19.87,500,"54,538","56,600","57,100","4,076",37.15,500,"57,100",268,869,383,15.20,500,"55,300","2,716","12,400","3,375","2,873",500,420
87,현대힘스,"19,580",하락,360,-1.81%,500,"676,232","13,273","19,570","6,936",215,38.85,500,"917,633","20,050","19,580","3,265",48.99,500,"20,400","23,473",930,166,1.61,500,"19,290","4,173","35,425","2,232",504,500,100
88,아난티,"7,810",상승,200,+2.63%,100,"4,209,810","33,480","7,810","6,922",8,-41.76,100,"2,450,667","7,590","7,820","16,224",-99.70,100,"8,200","49,028","9,110",-324,7.21,100,"7,530","31,083","88,629","2,852",-187,100,N/A
89,SAMG엔터,"78,800",보합,0,0.00%,500,"119,430","9,358","78,700","6,911",-61,-93.59,500,"122,881","79,100","78,800",974,35.14,500,"81,400","2,719",666,-194,18.23,500,"77,500","4,931","8,771","1,164",-842,500,N/A
90,심텍,"21,300",상승,"3,230",+17.87%,500,"2,152,364","44,216","21,250","6,785",-470,-13.38,500,"225,588","18,360","21,300","14,433",46.70,500,"21,900","99,376","9,948",-310,5.01,500,"18,160","36,789","31,854","12,314","-1,592",500,100
91,LS마린솔루션,"20,450",상승,350,+1.74%,"1,000","193,356","3,919","20,450","6,681",124,40.66,"1,000","542,774","20,550","20,500","2,543",N/A,"1,000","20,650","19,440",461,132,3.53,"1,000","20,000","12,888","32,669","1,303",503,"1,000",160
92,다우데이타,"17,350",상승,210,+1.23%,500,"286,313","4,917","17,350","6,645","12,059",4.59,500,"418,792","17,350","17,360","577,571",80.54,500,"17,390","2,866","512,862","8,659",10.52,500,"16,890","10,162","38,300","121,361","3,783",500,450
93,코미코,"63,400",상승,"2,600",+4.28%,500,"210,888","13,421","63,400","6,632","1,125",11.56,500,"173,171","61,300","63,500","8,003",240.50,500,"65,000","3,735","4,246",878,20.12,500,"60,300","1,268","10,461","5,071","5,483",500,"1,000"
94,비츠로셀,"28,700",하락,250,-0.86%,500,"114,114","3,262","28,600","6,564",519,12.52,500,"70,864","29,000","28,700","3,179",37.73,500,"29,100","4,213",348,513,29.35,500,"28,150","3,384","22,872","2,108","2,292",500,460
95,HLB테라퓨틱스,"7,750",상승,60,+0.78%,500,"277,886","2,171","7,740","6,539",-76,-23.70,500,"356,359","7,780","7,750","2,198",12.63,500,"7,980","12,043",379,-235,5.86,500,"7,700","5,311","84,371",549,-327,500,0
96,한글과컴퓨터,"26,800",상승,"1,300",+5.10%,500,"1,332,268","35,490","26,750","6,480",404,41.68,500,"1,250,812","25,650","26,800","6,819",18.37,500,"27,450","16,433","1,963",140,5.85,500,"25,350","26,803","24,180","3,048",643,500,410
97,휴온스글로벌,"50,600",상승,"1,600",+3.27%,500,"62,652","3,131","50,200","6,394",970,24.54,500,"52,264","49,950","50,600","14,059",-14.88,500,"50,900",508,"4,418",671,7.80,500,"48,700","7,244","12,637","8,135","2,062",500,525
98,나노신소재,"52,000",상승,"1,800",+3.59%,500,"67,900","3,506","51,800","6,343",30,-284.15,500,"53,010","50,300","52,000","4,422",-74.88,500,"52,400",833,"1,980",-19,8.18,500,"50,000","6,779","12,198",878,-183,500,250
99,엘앤씨바이오,"26,900",하락,"1,100",-3.93%,500,"275,913","7,502","26,850","6,235",25,4.39,500,"268,531","27,650","26,900","4,756",-68.73,500,"27,900","19,123","1,809","1,410",8.08,500,"26,650","16,913","23,179",721,"6,131",500,50
100,HLB제약,"19,000",상승,210,+1.12%,500,"96,061","1,815","18,990","6,230",15,116.56,500,"145,082","18,800","19,000","1,579",107.54,500,"19,100","1,109",415,20,0.82,500,"18,730","2,883","32,791","1,371",163,500,0
101,위메이드맥스,"7,500",상승,110,+1.49%,500,"93,057",690,"7,490","6,220",-81,-29.88,500,"146,623","7,270","7,500","5,976",-315.03,500,"7,500","1,751",962,-157,11.65,500,"7,270","10,350","82,936",750,-251,500,0
102,우리기술투자,"7,310",상승,150,+2.09%,500,"637,254","4,622","7,310","6,140","1,757",4.16,500,"475,614","7,130","7,320","8,038",14.13,500,"7,400","17,983","1,376","1,477",2.37,500,"7,040","37,806","84,000","1,923","1,759",500,N/A
103,엠로,"49,200",상승,250,+0.51%,500,"96,469","4,757","49,050","6,069",86,30.43,500,"93,024","49,300","49,200","1,024",84.58,500,"50,500","3,944",134,186,4.24,500,"48,400","2,675","12,335",795,"1,617",500,0
104,아이쓰리시스템,"85,100",상승,"2,200",+2.65%,500,"54,760","4,612","85,000","6,048",148,37.87,500,"42,486","82,800","85,100","1,468",20.94,500,"86,700",359,411,150,4.56,500,"81,800","2,477","7,107","1,207","2,247",500,400
105,인카금융서비스,"11,700",하락,180,-1.52%,100,"272,944","3,207","11,690","6,011",863,9.23,100,"509,346","11,880","11,700","7,074",85.22,100,"12,050","3,084","5,602",620,4.90,100,"11,590","6,839","51,380","8,323","1,267",100,100
106,비올,"10,280",상승,130,+1.28%,100,"911,328","9,229","10,270","6,005",361,17.08,100,"1,434,134","10,140","10,280",981,61.62,100,"10,310","5,748",92,326,6.66,100,"9,940","12,981","58,419",582,602,100,20
107,RFHIC,"22,500",상승,700,+3.21%,500,"563,902","12,493","22,500","5,959",15,78.95,500,"519,783","22,100","22,600","4,829",404.84,500,"22,950","7,805","1,250",197,10.32,500,"20,900","24,783","26,484","1,149",285,500,100
108,에스피지,"26,800",상승,350,+1.32%,500,"204,312","5,411","26,750","5,944",123,43.58,500,"358,399","26,350","26,800","3,975",-22.76,500,"26,950","7,864","1,434",131,4.86,500,"25,800","23,166","22,177","3,885",615,500,150
109,솔트룩스,"47,850",상승,"5,350",+12.59%,500,"6,098,888","285,337","47,850","5,804",-66,-110.76,500,"4,273,367","42,550","47,900",932,28.63,500,"50,200","17,763",206,-59,2.16,500,"41,400","10,538","12,131",459,-432,500,N/A
110,네오위즈,"26,350",상승,50,+0.19%,500,"154,074","4,018","26,300","5,759",329,-70.64,500,"105,812","26,150","26,350","6,200",4.20,500,"26,500","1,895","1,011",-70,12.42,500,"25,400","13,018","21,857","3,668",-373,500,N/A
111,태광,"21,650",상승,"2,600",+13.65%,500,"1,497,852","31,294","21,600","5,737",399,14.74,500,"211,649","19,370","21,650","6,603",-30.93,500,"21,900","23,727",509,461,13.80,500,"19,370","42,532","26,500","2,668","1,469",500,250
112,태웅,"28,550",상승,"1,150",+4.20%,500,"599,654","16,789","28,550","5,712",228,29.28,500,"729,513","28,100","28,600","8,126",-42.28,500,"28,550","15,474","2,081",247,8.13,500,"27,250","29,017","20,007","3,863",975,500,N/A
113,시노펙스,"6,510",하락,60,-0.91%,500,"488,492","3,209","6,510","5,711",212,22.07,500,"427,112","6,580","6,520","2,354",-12.19,500,"6,630","27,956",678,280,2.31,500,"6,500","26,412","87,720","2,383",295,500,0
114,씨아이에스,"7,360",상승,70,+0.96%,100,"263,269","1,933","7,360","5,695",593,9.39,100,"274,556","7,290","7,370","7,338",52.39,100,"7,430","5,102","2,551",562,8.36,100,"7,240","23,094","77,372","5,085",784,100,N/A
115,휴메딕스,"50,700",하락,"2,900",-5.41%,500,"174,303","8,910","50,600","5,694",431,13.11,500,"75,164","53,500","50,700","2,498",15.63,500,"53,500","4,880",212,393,9.81,500,"50,000","3,892","11,230","1,619","3,868",500,630
116,피에스케이,"19,530",상승,570,+3.01%,500,"305,261","5,940","19,520","5,657",839,7.21,500,"206,776","19,230","19,530","5,694",55.08,500,"19,700","6,030",976,791,25.55,500,"18,880","5,143","28,967","3,981","2,708",500,400
117,차바이오텍,"10,000",하락,10,-0.10%,500,"430,296","4,275","9,990","5,631",-597,-44.64,500,"247,312","10,010","10,000","21,944",-523.82,500,"10,080","13,113","14,755",-146,6.26,500,"9,810","18,036","56,314","10,450",-224,500,0
118,메가스터디교육,"52,200",하락,600,-1.14%,100,"27,807","1,464","52,200","5,622","1,236",11.96,100,"24,669","52,300","52,600","8,783",-2.99,100,"53,400","1,179","4,116",502,28.99,100,"52,000","2,460","10,771","9,422","4,363",100,"1,500"
119,바이넥스,"17,190",하락,380,-2.16%,500,"478,270","8,387","17,190","5,618",-308,-21.90,500,"486,786","17,690","17,200","2,794","-3,050.79",500,"18,010","6,468",978,-352,5.86,500,"17,080","1,706","32,684","1,301",-785,500,N/A
120,인투셀,"37,750",하락,"1,350",-3.45%,500,"615,188","23,711","37,750","5,598",-98,-49.93,500,"772,909","38,100","37,800",237,43.70,500,"40,000","3,059",162,-99,0.28,500,"36,800","9,705","14,829",29,-756,500,0
121,제룡전기,"34,650",상승,150,+0.43%,500,"176,228","6,073","34,650","5,566",978,7.63,500,"160,948","34,850","34,700","2,418",39.48,500,"34,900","11,617",451,799,13.72,500,"34,100","10,850","16,062","2,627","4,539",500,"1,000"
122,넥스틴,"52,900",보합,0,0.00%,500,"118,561","6,308","52,900","5,542",470,20.70,500,"117,176","53,100","53,000","1,898",29.89,500,"54,400","6,598",322,384,12.54,500,"52,500","3,938","10,477","1,137","2,555",500,500
123,코스메카코리아,"51,200",하락,"1,000",-1.92%,500,"110,397","5,641","51,200","5,468",604,13.14,500,"107,547","51,900","51,300","5,179",22.80,500,"52,500","5,775","2,103",537,13.14,500,"50,400","3,006","10,680","5,243","3,897",500,100
124,서부T&D,"8,130",하락,220,-2.63%,500,"565,942","4,638","8,120","5,360",480,15.91,500,"690,814","8,350","8,130","28,945",28.91,500,"8,380","26,968","16,536",647,11.61,500,"8,050","15,127","65,927","1,875",511,500,100
125,파두,"10,750",상승,270,+2.58%,100,"110,916","1,195","10,750","5,314",-950,-6.07,100,"139,845","10,650","10,790","1,344",-62.28,100,"10,940","4,106",365,-915,6.19,100,"10,450","1,488","49,428",435,"-1,772",100,0
126,두산테스나,"27,400",하락,350,-1.26%,500,"303,248","8,437","27,400","5,296",379,39.14,500,"274,375","27,900","27,500","7,877",N/A,500,"28,550","11,812","3,500",368,4.72,500,"27,050","4,562","19,327","3,731",700,500,160
127,쎄트렉아이,"48,350",하락,250,-0.51%,500,"44,803","2,169","48,300","5,295",-31,43.17,500,"41,034","48,700","48,350","4,470",29.44,500,"49,050","3,606","2,230",62,6.38,500,"47,950",771,"10,951","1,713","1,120",500,190
128,현대바이오,"10,980",하락,30,-0.27%,500,"183,309","2,022","10,980","5,273",8,-33.17,500,"189,206","10,960","10,990",677,108.08,500,"11,130","15,322",283,-69,9.51,500,"10,900","11,028","48,022",151,-331,500,N/A
129,에코프로에이치엔,"25,100",상승,800,+3.29%,500,"99,526","2,480","25,100","5,265",242,24.66,500,"103,648","24,300","25,150","4,667",-42.02,500,"25,400","2,984","1,704",215,9.44,500,"24,100","9,471","20,975","2,345","1,018",500,300
130,데브시스터즈,"42,850",상승,700,+1.66%,500,"89,590","3,855","42,800","5,229",272,18.01,500,"67,666","42,900","42,850","2,604",156.64,500,"44,000","1,029","1,062",283,10.07,500,"42,300","4,295","12,203","2,362","2,379",500,0
131,SFA반도체,"3,135",상승,40,+1.29%,500,"384,859","1,210","3,130","5,156",0,-209.00,500,"336,707","3,120","3,135","6,235",99.77,500,"3,185","23,171","1,256",205,3.96,500,"3,100","22,908","164,460","4,005",-15,500,N/A
132,티앤엘,"62,800",하락,100,-0.16%,500,"47,549","2,990","62,800","5,104",570,9.25,500,"61,383","62,700","63,000","1,971",84.69,500,"63,300","4,974",256,464,14.53,500,"62,100","4,462","8,128","1,749","6,787",500,750
133,가온칩스,"44,000",상승,"3,300",+8.11%,500,"145,734","6,363","43,950","5,103",35,220.00,500,"46,087","41,950","44,000","1,127",-19.00,500,"44,600","1,975",434,75,1.04,500,"41,550","3,674","11,597",965,200,500,N/A
134,하나머티리얼즈,"25,700",상승,350,+1.38%,500,"201,842","5,230","25,600","5,083",434,15.67,500,"173,006","25,600","25,700","5,739",5.16,500,"26,400","9,473","2,201",318,19.88,500,"25,350","2,855","19,778","2,516","1,640",500,250
135,컴투스,"39,400",상승,450,+1.16%,500,"51,228","2,021","39,300","5,019",61,-4.49,500,"59,453","39,000","39,400","16,460",118.47,500,"39,900","1,702","5,961","-1,520",13.31,500,"39,000","3,021","12,738","6,939","-8,768",500,"1,300"
136,인텔리안테크,"45,950",상승,700,+1.55%,500,"111,291","5,092","45,950","4,932",-194,-40.20,500,"96,422","45,250","46,000","4,407",-281.28,500,"46,700","4,042","1,761",-30,11.71,500,"44,650","2,007","10,733","2,578","-1,143",500,100
137,웹젠,"14,130",상승,240,+1.73%,500,"51,190",729,"14,130","4,889",546,13.12,500,"102,268","13,900","14,230","7,509",9.32,500,"14,400","2,180",783,568,29.93,500,"13,900","1,404","34,601","2,147","1,077",500,300
138,테스,"24,600",상승,"1,900",+8.37%,500,"448,337","11,016","24,600","4,863",385,9.42,500,"104,560","23,000","24,650","3,812",756.34,500,"25,250","4,846",506,427,7.03,500,"22,750","11,743","19,768","2,401","2,611",500,600
139,큐리옥스바이오시스템즈,"30,050",상승,50,+0.17%,500,"86,140","2,611","30,050","4,853",-134,-53.47,500,"127,486","29,900","30,100",706,-26.72,500,"31,500","6,178",219,-81,14.22,500,"29,750","12,402","16,149",46,-562,500,0
140,현대무벡스,"4,075",하락,15,-0.37%,100,"270,343","1,098","4,075","4,802",246,21.68,100,"606,109","4,130","4,085","2,989",493.03,100,"4,130","11,585","1,267",269,2.97,100,"4,010","18,858","117,846","3,414",188,100,50
141,감성코퍼레이션,"5,190",하락,140,-2.63%,500,"1,839,350","9,459","5,190","4,749",361,15.92,500,"967,559","5,240","5,200","1,543",11.82,500,"5,290","14,161",419,293,12.93,500,"5,010","28,327","91,500","2,204",326,500,0
142,제주반도체,"13,730",상승,320,+2.39%,500,"733,813","10,058","13,730","4,729",96,28.60,500,"380,596","13,500","13,740","2,254",-46.29,500,"13,920","15,150",412,194,0.00,500,"13,360","9,186","34,443","1,623",480,500,N/A
143,포스코엠텍,"11,350",상승,210,+1.89%,500,"107,375","1,219","11,330","4,726",14,-270.24,500,"101,582","11,210","11,350","1,498",-68.30,500,"11,480","7,165",379,6,6.26,500,"11,140","3,475","41,643","3,466",-42,500,20
144,에스티큐브,"6,930",상승,190,+2.82%,500,"312,019","2,161","6,910","4,711",-226,-19.14,500,"171,531","6,740","6,930","1,119",13.15,500,"7,140","11,055",176,-214,3.79,500,"6,670","4,578","67,983",113,-362,500,N/A
145,유바이오로직스,"12,820",하락,270,-2.06%,500,"155,841","2,008","12,820","4,695",343,12.19,500,"247,463","13,130","12,850","2,021",345.78,500,"13,150","12,399",701,190,8.00,500,"12,750","6,065","36,624",960,"1,052",500,0
146,대명에너지,"27,500",상승,"3,450",+14.35%,100,"2,127,744","56,470","27,450","4,689",97,39.57,100,"441,907","23,500","27,500","3,699",-42.03,100,"28,150","8,542","2,412",78,0.36,100,"23,350","19,186","17,050",678,695,100,N/A
147,지엔씨에너지,"28,500",하락,"1,100",-3.72%,500,"421,426","12,249","28,500","4,688",317,9.75,500,"712,749","30,250","28,550","2,652",187.62,500,"30,400","11,477","1,038",389,7.05,500,"28,500","17,174","16,449","2,263","2,924",500,100
148,성우하이텍,"5,750",상승,120,+2.13%,500,"385,388","2,205","5,740","4,600","2,059",3.10,500,"284,445","5,670","5,750","45,631",-19.81,500,"5,790","9,411","27,210","1,351",6.19,500,"5,630","39,335","80,000","42,451","1,855",500,150
149,원익홀딩스,"5,920",하락,210,-3.43%,500,"6,883,249","40,983","5,920","4,572",306,-10.71,500,"31,526,840","6,150","5,930","18,901",-33.12,500,"6,150","274,393","6,416",-611,4.21,500,"5,850","104,412","77,238","6,455",-553,500,N/A
150,바이오다인,"15,360",하락,530,-3.34%,500,"145,221","2,238","15,360","4,572",-17,"-2,194.29",500,"99,472","15,810","15,370",443,15.65,500,"15,910","3,117",11,0,3.78,500,"15,180","2,498","29,764",53,-7,500,N/A
151,원익QnC,"17,390",상승,420,+2.47%,500,"260,581","4,563","17,380","4,571",906,9.13,500,"160,105","17,150","17,390","15,347",9.19,500,"17,750","6,669","9,654",615,5.10,500,"16,970","1,146","26,288","8,915","1,905",500,100
152,이녹스첨단소재,"22,600",상승,350,+1.57%,500,"114,144","2,601","22,550","4,571",868,6.01,500,"90,288","22,300","22,600","8,260",105.88,500,"23,250","9,411","3,574",701,14.78,500,"22,150","4,935","20,228","4,228","3,759",500,350
153,이엔에프테크놀로지,"31,850",상승,"1,900",+6.34%,500,"279,370","8,806","31,800","4,551",593,11.33,500,"138,360","29,900","31,850","7,236",148.52,500,"32,150","1,292","3,222",297,6.76,500,"29,400","9,468","14,288","5,824","2,810",500,150
154,티에스이,"41,050",상승,"1,100",+2.75%,500,"66,200","2,708","41,000","4,541",399,9.86,500,"46,650","40,000","41,050","5,194","1,776.34",500,"41,400",529,"1,197",450,5.92,500,"39,750","5,768","11,061","3,481","4,165",500,400
155,콜마비앤에이치,"15,390",하락,50,-0.32%,500,"88,576","1,359","15,380","4,527",246,35.71,500,"103,225","15,490","15,390","6,909",-18.62,500,"15,520",765,"2,956",172,2.82,500,"15,130","3,003","29,416","6,156",431,500,308
156,신라젠,"3,265",하락,65,-1.95%,500,"586,272","1,915","3,265","4,510",-268,-16.08,500,"492,420","3,300","3,270","1,490",-25.40,500,"3,310","42,346",172,-265,2.49,500,"3,225","20,395","138,130",39,-203,500,0
157,미코,"13,440",하락,410,-2.96%,500,"474,869","6,570","13,440","4,491",946,15.47,500,"629,585","14,270","13,450","13,927",216.51,500,"14,340","5,506","8,598",765,11.63,500,"13,350","2,234","33,417","5,405",869,500,N/A
158,아이센스,"16,130",하락,250,-1.53%,500,"40,801",661,"16,100","4,470",27,413.59,500,"108,709","16,220","16,130","5,909",-75.68,500,"16,480","2,872","2,479",-20,25.90,500,"16,030","2,512","27,715","2,911",39,500,100
159,클로봇,"18,100",하락,80,-0.44%,500,"363,755","6,571","18,090","4,462",-75,-57.83,500,"520,671","18,250","18,100",695,-29.94,500,"18,250","9,964",95,-67,0.41,500,"17,920","18,291","24,651",334,-313,500,N/A
160,한국기업평가,"98,200",상승,"1,800",+1.87%,"5,000","6,691",652,"97,900","4,459",327,17.69,"5,000","3,303","96,500","98,200","1,753",26.48,"5,000","98,600",466,405,286,80.81,"5,000","96,300",542,"4,541","1,041","5,552","5,000","3,954"
161,한텍,"39,500",하락,150,-0.38%,"5,000","699,350","28,358","39,500","4,393",168,13.25,"5,000","342,701","41,250","39,550","2,075",10.40,"5,000","42,400","5,977",958,263,3.78,"5,000","38,600","6,672","11,121","1,559","2,981","5,000",450
162,케이엠더블유,"11,030",하락,300,-2.65%,500,"222,717","2,441","11,000","4,392",-455,-12.92,500,"536,084","11,190","11,030","2,690",27.65,500,"11,270","6,262","1,254",-386,6.17,500,"10,760","9,326","39,821",874,-854,500,N/A
163,삼현,"13,840",상승,80,+0.58%,500,"161,382","2,227","13,830","4,388",55,49.08,500,"152,409","13,900","13,840","1,403",N/A,500,"13,920","7,899",251,83,0.80,500,"13,600","9,470","31,708","1,004",282,500,50
164,동화기업,"8,620",상승,70,+0.82%,200,"89,039",768,"8,620","4,358",167,-19.68,200,"137,243","8,580","8,630","23,972",200.80,200,"8,720","5,660","14,194",-162,50.46,200,"8,510","3,479","50,557","9,180",-438,200,N/A
165,코엔텍,"8,940",보합,0,0.00%,500,0,0,0,"4,343",305,16.93,500,0,0,0,"2,335",-11.33,500,0,0,514,263,7.64,500,0,0,"48,581",805,528,500,0
166,아스테라시스,"11,840",하락,860,-6.77%,100,"684,511","8,262","11,830","4,340",67,68.44,100,"324,795","12,700","11,840",247,328.57,100,"12,900","4,458",51,54,3.42,100,"11,570","6,654","36,655",288,173,100,32
167,이뮨온시아,"5,900",하락,200,-3.28%,500,"1,724,322","10,304","5,890","4,307",-126,N/A,500,"1,863,133","6,010","5,900",262,-6.80,500,"6,110","128,407",68,-57,0.19,500,"5,870","36,598","73,004",7,N/A,500,0
168,쏠리드,"6,990",상승,80,+1.16%,500,"491,288","3,430","6,990","4,271",351,13.90,500,"910,635","7,010","7,000","4,968",-3.11,500,"7,020","25,363","1,740",462,9.84,500,"6,930","39,869","61,095","3,311",503,500,50
169,코난테크놀로지,"37,100",상승,"3,450",+10.25%,500,"1,625,387","59,830","37,050","4,254",-141,-36.84,500,"1,201,778","34,950","37,100",444,-28.30,500,"39,400","9,430",248,-136,0.67,500,"33,800","3,414","11,467",263,"-1,007",500,N/A
170,에코앤드림,"23,800",상승,500,+2.15%,500,"74,217","1,754","23,750","4,233",5,26.89,500,"123,119","23,400","23,800","4,058",116.42,500,"23,950","4,313","1,841",135,0.90,500,"23,050","14,789","17,786","1,049",885,500,N/A
171,서희건설,"1,841",상승,35,+1.94%,500,"759,835","1,401","1,840","4,231","2,357",3.84,500,"631,358","1,811","1,841","15,406",3.30,500,"1,874","34,974","5,668","1,593",5.37,500,"1,811","44,797","229,808","14,736",479,500,45
172,네오셈,"9,630",상승,170,+1.80%,100,"279,412","2,705","9,630","4,225",165,24.26,100,"194,987","9,510","9,640","1,419",103.63,100,"9,810","8,899",260,192,0.00,100,"9,460","10,792","43,869","1,052",397,100,60
173,제우스,"13,610",상승,470,+3.58%,500,"306,490","4,163","13,600","4,221",492,10.66,500,"167,374","13,250","13,610","6,409",588.24,500,"13,780","6,898","2,586",431,4.30,500,"13,080","5,226","31,017","4,908","1,277",500,100
174,글로벌텍스프리,"5,970",하락,110,-1.81%,500,"932,208","5,603","5,970","4,196",218,35.33,500,"736,437","6,080","5,980","1,745",121.88,500,"6,140","40,700",462,63,15.91,500,"5,935","19,486","70,283","1,297",169,500,N/A
175,골프존,"66,300",상승,100,+0.15%,500,"16,261","1,076","66,300","4,161",958,8.30,500,"16,185","66,100","66,500","6,655",-16.34,500,"66,900",686,"2,188",420,22.54,500,"65,800","2,142","6,275","6,200","7,991",500,"4,000"
176,큐로셀,"28,950",하락,250,-0.86%,500,"29,517",854,"28,950","4,147",-106,-11.52,500,"37,282","29,200","29,000",515,-138.14,500,"29,250","3,428",490,-77,0.97,500,"28,750","27,247","14,324",0,"-2,512",500,0
177,유티아이,"22,950",하락,350,-1.50%,500,"49,580","1,162","22,900","4,120",-322,-15.21,500,"60,552","23,500","22,950","1,606",-63.41,500,"24,100","2,336",861,-227,13.05,500,"22,800","4,042","17,953",186,"-1,509",500,N/A
178,바이오플러스,"6,780",하락,210,-3.00%,500,"596,130","4,088","6,780","4,102",237,21.06,500,"446,870","6,990","6,790","2,643",-15.55,500,"7,020","67,855","1,166",175,8.38,500,"6,750","12,040","60,500",664,322,500,50
179,큐렉소,"9,980",상승,50,+0.50%,500,"231,734","2,307","9,970","4,101",-58,-56.07,500,"338,710","10,190","9,980","1,026",-612.71,500,"10,190","11,836",92,-88,2.88,500,"9,810","13,333","41,090",555,-178,500,N/A
180,성일하이텍,"33,600",상승,850,+2.60%,500,"24,553",818,"33,550","4,091",-714,-3.52,500,"36,885","32,800","33,600","6,795",-756.19,500,"33,700","1,325","4,547","-1,125",2.45,500,"32,400","5,995","12,176","1,362","-9,553",500,0
181,케이아이엔엑스,"83,800",상승,"3,400",+4.23%,500,"36,206","2,999","83,800","4,089",237,23.83,500,"16,459","81,100","83,900","3,368",-10.67,500,"84,000","1,409","1,068",183,28.82,500,"80,600","5,167","4,880","1,389","3,516",500,600
182,유진로봇,"10,880",하락,370,-3.29%,500,"646,688","7,075","10,880","4,081",-42,-83.69,500,"1,709,172","11,150","10,890",547,20.92,500,"11,150","36,401",190,-32,13.24,500,"10,850","11,613","37,512",260,-130,500,N/A
183,바이오니아,"15,810",하락,170,-1.06%,500,"140,546","2,231","15,810","4,081",-134,-20.53,500,"110,692","16,020","15,820","3,322","-1,794.54",500,"16,080","11,959","1,053",-190,7.35,500,"15,760","1,163","25,810","2,940",-770,500,N/A
184,셀바스AI,"15,160",상승,410,+2.78%,500,"927,540","13,844","15,160","4,080",8,-66.20,500,"1,545,182","14,750","15,170","3,121",-80.43,500,"15,190","7,965",492,-10,2.71,500,"14,540","21,371","26,915","1,125",-229,500,N/A
185,동운아나텍,"19,470",하락,20,-0.10%,500,"71,758","1,407","19,450","4,071",175,30.00,500,"62,634","19,510","19,470",988,-30.43,500,"19,820","2,996",275,247,5.56,500,"19,330","1,502","20,910","1,383",649,500,109
186,인벤티지랩,"37,200",하락,"1,800",-4.62%,500,"583,402","22,219","37,150","3,975",-190,-13.12,500,"651,100","39,400","37,200",723,-18.81,500,"40,400","2,079",397,-170,1.65,500,"36,400","4,231","10,684",18,"-2,835",500,0
187,서울반도체,"6,790",상승,80,+1.19%,500,"111,687",760,"6,790","3,959",8,-14.67,500,"143,150","6,710","6,800","12,612",101.61,500,"6,840","17,814","5,602",-19,9.21,500,"6,710","24,352","58,305","10,905",-463,500,N/A
188,에프에스티,"17,810",상승,300,+1.71%,500,"81,003","1,444","17,770","3,910",23,46.26,500,"65,572","17,710","17,810","5,061",121.21,500,"18,090","2,467","2,620",-16,5.00,500,"17,450","2,571","21,956","2,374",385,500,5
189,코미팜,"5,280",하락,80,-1.49%,100,"83,447",443,"5,270","3,825",62,30.17,100,"79,800","5,430","5,280","1,228",198.72,100,"5,430","17,357",572,147,5.00,100,"5,240","10,739","72,440",588,175,100,0
190,덕산테코피아,"18,650",상승,580,+3.21%,500,"96,764","1,801","18,640","3,819",-302,-6.41,500,"110,330","18,250","18,650","6,630",-385.42,500,"18,980","1,772","4,572",-726,4.47,500,"18,010",695,"20,477",997,"-2,911",500,N/A
191,천보,"37,900",상승,"1,250",+3.41%,500,"27,265","1,029","37,850","3,790",-228,-132.52,500,"24,391","36,400","37,900","10,079",-182.81,500,"38,200","1,007","5,929",-323,3.97,500,"36,350","2,490","10,000","1,449",-286,500,N/A
192,에이프릴바이오,"16,810",하락,30,-0.18%,"1,000","154,948","2,639","16,810","3,787",169,16.43,"1,000","206,265","17,300","16,820",996,226.00,"1,000","17,480","7,155",86,200,5.37,"1,000","16,690","1,238","22,528",275,"1,023","1,000",0
193,파트론,"6,640",상승,20,+0.30%,500,"152,823","1,015","6,630","3,785",617,8.37,500,"196,776","6,620","6,640","7,433",48.05,500,"6,670","66,640","1,878",559,16.16,500,"6,600","33,887","57,000","14,864",793,500,300
194,바디텍메드,"16,040",상승,150,+0.94%,"1,000","84,986","1,362","16,040","3,767",262,13.51,"1,000","107,843","15,910","16,100","2,547",-8.17,"1,000","16,230","7,404",316,272,2.83,"1,000","15,880","1,747","23,487","1,382","1,187","1,000",150
195,켐트로닉스,"24,550",상승,"1,500",+6.51%,500,"602,427","14,604","24,500","3,765",373,20.41,500,"147,067","23,650","24,550","6,417",95.24,500,"24,800","10,042","4,066",214,8.00,500,"23,500","30,817","15,334","5,752","1,203",500,200
196,우리기술,"2,280",상승,90,+4.11%,500,"19,411,164","44,915","2,280","3,755",6,-49.57,500,"6,952,912","2,415","2,285","2,655",-91.71,500,"2,420","670,295","1,534",-44,2.20,500,"2,245","530,563","164,677",713,-46,500,N/A
197,인화정공,"38,600",상승,450,+1.18%,500,"15,696",603,"38,600","3,712",103,-23.86,500,"25,323","38,100","38,650","4,303",110.01,500,"39,400","1,998","1,703",400,1.17,500,"37,850",735,"9,616",928,"-1,618",500,700
198,퓨쳐켐,"16,710",하락,370,-2.17%,500,"128,732","2,174","16,710","3,693",-95,-37.22,500,"107,741","17,100","16,740",744,-12.55,500,"17,160","7,197",199,-94,3.51,500,"16,690",868,"22,102",173,-449,500,N/A
199,하이록코리아,"30,000",상승,"1,650",+5.82%,500,"196,405","5,805","30,000","3,689",501,8.62,500,"48,325","28,450","30,050","4,727",-3.39,500,"30,200","1,904",367,480,26.86,500,"28,250","8,499","12,295","1,905","3,480",500,"1,150"
200,갤럭시아머니트리,"9,350",상승,340,+3.77%,500,"4,594,748","43,242","9,350","3,668",132,173.15,500,"1,975,421","8,900","9,370","3,646",43.07,500,"9,860","48,460","2,525",6,2.14,500,"8,760","14,051","39,230","1,288",54,500,45
201,쿠콘,"35,750",상한가,"8,250",+30.00%,500,"8,994,354","294,374","35,750","3,666",166,20.06,500,"2,692,116","27,500",0,"2,629",0.02,500,"35,750","82,984","1,161",158,2.81,500,"26,350",0,"10,255",730,"1,782",500,150
202,에코아이,"12,320",상승,"1,480",+13.65%,500,"4,325,896","52,793","12,320","3,651",2,-560.00,500,"720,148","10,980","12,330","1,498",-98.91,500,"12,680","11,854",213,23,1.51,500,"10,910","6,094","29,631",258,-22,500,167
203,선익시스템,"38,100",상승,400,+1.06%,500,"57,828","2,220","38,100","3,634",79,-15.92,500,"63,526","37,600","38,150","3,029",294.87,500,"38,950","5,134","2,565",-281,1.65,500,"37,550","2,106","9,537","1,129","-2,393",500,N/A
204,엔젤로보틱스,"23,850",상승,150,+0.63%,500,"36,255",858,"23,800","3,621",-108,-34.92,500,"48,715","23,700","23,850",439,-66.88,500,"23,900","5,064",35,-100,2.34,500,"23,350","3,203","15,183",42,-683,500,0
205,오름테라퓨틱,"17,020",하락,80,-0.47%,100,"201,566","3,468","17,020","3,586",-83,-46.76,100,"557,423","17,200","17,030","1,538",-108.72,100,"17,500","6,439",321,-57,2.52,100,"17,020",640,"21,069",209,-364,100,0
206,넥스트바이오메디컬,"43,800",하락,"1,750",-3.84%,500,"110,949","4,873","43,750","3,560",-36,113.47,500,"82,236","45,350","43,800",588,31.60,500,"45,350","2,914",137,29,6.84,500,"43,200","2,784","8,127",95,386,500,0
207,코오롱생명과학,"28,600",하락,400,-1.38%,500,"54,075","1,604","28,600","3,553",-221,-4.47,500,"37,315","29,000","28,650","4,196",8.35,500,"30,550","1,023","2,702",-931,2.66,500,"28,450","1,642","12,423","1,614","-6,402",500,N/A
208,스피어,"9,210",하락,290,-3.05%,500,"317,957","3,043","9,210","3,546",-64,-16.59,500,"348,127","9,520","9,240",446,29.77,500,"9,930","6,539",134,-170,0.99,500,"9,210","5,642","38,501",26,-555,500,0
209,GST,"19,060",상승,120,+0.63%,500,"237,483","4,550","19,060","3,513",591,7.84,500,"179,132","19,040","19,070","3,348",38.89,500,"19,340","1,490",665,459,9.11,500,"18,900","1,361","18,430","3,462","2,430",500,300
210,씨앤씨인터내셔널,"35,000",하락,"1,350",-3.71%,100,"144,430","5,038","35,000","3,505",290,13.92,100,"83,057","36,050","35,050","2,951",-9.75,100,"36,050","8,781",893,324,5.12,100,"34,450","2,574","10,014","2,829","2,514",100,"1,000"
211,한국비엔씨,"5,120",하락,320,-5.88%,100,"1,861,937","9,705","5,120","3,502",107,22.16,100,"2,618,511","5,400","5,130","2,671",77.07,100,"5,410","137,040",306,133,4.35,100,"5,060","26,622","68,395",892,231,100,N/A
212,기가비스,"27,600",상승,800,+2.99%,200,"30,426",837,"27,450","3,498",-18,121.05,200,"18,835","26,900","27,600","2,297",-105.10,200,"28,000","1,597",240,34,1.69,200,"26,900","1,046","12,676",261,228,200,800
213,칩스앤미디어,"16,520",상승,580,+3.64%,500,"161,221","2,664","16,520","3,495",53,40.39,500,"107,249","16,130","16,530",840,-32.06,500,"16,890","3,923",82,100,2.67,500,"16,000",534,"21,157",271,409,500,100
214,삼표시멘트,"3,235",상승,5,+0.15%,500,"147,025",476,"3,235","3,491","1,039",6.38,500,"166,075","3,245","3,240","14,851",22.70,500,"3,270","16,205","7,289",661,1.91,500,"3,210","12,732","107,916","7,908",507,500,110
215,삼목에스폼,"23,550",상승,50,+0.21%,500,"23,679",550,"23,550","3,462",753,7.32,500,"89,105","23,200","23,600","7,813",-39.33,500,"23,550","2,899","1,366",734,3.01,500,"22,850","1,061","14,700","4,019","3,216",500,200
216,나우로보틱스,"27,550",하락,"1,150",-4.01%,500,"1,091,522","31,227","27,550","3,457",-29,-62.61,500,"2,876,252","29,550","27,600",163,47.80,500,"29,900","20,507",105,-37,0.69,500,"27,000","9,874","12,548",121,-440,500,0
217,지씨셀,"21,750",하락,600,-2.68%,500,"58,674","1,290","21,750","3,437",-200,-4.18,500,"44,918","22,400","21,800","5,783",-590.55,500,"22,550","4,338","1,160",-757,4.64,500,"21,500","1,148","15,800","1,745","-5,205",500,N/A
218,하림,"3,235",상승,65,+2.05%,500,"2,088,300","6,727","3,230","3,436",285,-170.26,500,"1,159,764","3,195","3,235","8,328",-29.51,500,"3,247","119,474","5,437",-123,3.89,500,"3,180","189,813","106,210","12,854",-19,500,N/A
219,노머스,"31,500",하락,450,-1.41%,500,"105,423","3,319","31,450","3,426",82,30.82,500,"119,916","31,950","31,500",988,"4,101.07",500,"32,150","3,749",127,99,7.44,500,"31,050","3,244","10,876",689,"1,022",500,0
220,휴온스,"28,500",하락,100,-0.35%,500,"26,926",770,"28,450","3,414",397,10.71,500,"14,554","28,650","28,500","6,063",-29.12,500,"28,850","2,881","2,557",291,17.70,500,"28,350","4,240","11,980","5,902","2,661",500,630
221,아이티센글로벌,"14,700",상승,"2,670",+22.19%,500,"3,870,189","54,255","14,700","3,411",586,29.05,500,"1,242,750","12,290","14,710","9,454",91.90,500,"14,950","7,101","6,229",361,3.93,500,"12,130","73,139","23,205","49,618",506,500,N/A
222,CJ프레시웨이,"28,550",상승,"1,450",+5.35%,"1,000","114,424","3,239","28,500","3,389",940,12.94,"1,000","54,453","27,300","28,550","15,644",-5.27,"1,000","29,000",660,"11,490",274,13.92,"1,000","27,150","7,949","11,872","32,248","2,207","1,000",450
223,미래에셋벤처투자,"6,350",상승,250,+4.10%,"1,000","1,532,288","9,652","6,350","3,373",157,-54.27,"1,000","2,405,868","6,100","6,360","10,608",-50.81,"1,000","6,570","23,560","7,089",86,1.87,"1,000","6,030","20,684","53,125","2,339",-117,"1,000",85
224,큐리언트,"10,000",하락,400,-3.85%,500,"266,735","2,669","9,930","3,373",-275,-13.57,500,"259,791","10,300","10,000",656,-18.37,500,"10,510","8,717",54,-245,3.03,500,"9,400","8,293","33,726",92,-737,500,0
225,메디포스트,"9,840",상승,40,+0.41%,500,"59,730",594,"9,840","3,367",-485,-5.18,500,"39,955","9,890","9,900","4,143",-93.17,500,"10,170","1,024","1,617",-634,4.73,500,"9,740","1,136","34,218",707,"-1,899",500,N/A
226,에이직랜드,"30,900",상승,900,+3.00%,500,"88,358","2,739","30,900","3,359",-170,-13.84,500,"57,449","30,850","30,950","1,671",-539.61,500,"31,400","5,117",828,-140,1.10,500,"30,400","4,681","10,872",941,"-2,233",500,N/A
227,토모큐브,"25,400",상승,"1,300",+5.39%,500,"462,620","11,639","25,350","3,345",-88,-33.73,500,"221,716","24,150","25,400",436,-30.40,500,"26,000","6,105",16,-83,7.29,500,"24,050","5,133","13,171",59,-753,500,0
228,에스티아이,"20,950",상승,650,+3.20%,500,"330,955","7,067","20,950","3,316",273,12.70,500,"155,467","20,400","21,000","3,688",13.95,500,"22,050","6,051","1,080",271,4.02,500,"20,200","2,993","15,830","3,340","1,650",500,200
229,대아티아이,"4,700",상승,130,+2.84%,100,"3,567,813","16,956","4,700","3,312",79,18.95,100,"1,639,076","4,570","4,705","2,920",122.05,100,"4,930","51,684","1,584",147,9.43,100,"4,565","31,772","70,473","1,491",248,100,N/A
230,인바디,"24,400",하락,150,-0.61%,500,"41,638","1,013","24,350","3,289",367,10.64,500,"33,784","24,500","24,400","3,058",-4.20,500,"24,650","7,165",319,327,36.55,500,"24,150","1,544","13,481","2,045","2,293",500,400
231,킵스파마,"17,120",하락,"1,210",-6.60%,500,"607,122","10,863","17,110","3,266",62,-44.12,500,"895,288","18,340","17,120","1,652",103.14,500,"18,520","5,488","1,020",16,3.62,500,"17,070","3,155","19,076","1,276",-388,500,0
232,지노믹트리,"13,280",상승,130,+0.99%,500,"64,242",856,"13,270","3,237",-153,-30.81,500,"68,527","13,170","13,280","1,307",11.50,500,"13,510","1,571",64,-104,1.06,500,"13,120","3,226","24,377",24,-431,500,0
233,다원시스,"8,460",상승,340,+4.19%,500,"143,668","1,200","8,460","3,229",76,-16.62,500,"114,031","8,170","8,470","7,457",-60.32,500,"8,490","2,781","4,868",119,7.89,500,"8,130","8,554","38,163","3,015",-509,500,N/A
234,노바렉스,"17,130",하락,570,-3.22%,500,"189,349","3,271","17,120","3,213",232,12.17,500,"233,014","17,900","17,130","2,896",-9.06,500,"17,930","3,324",693,238,5.80,500,"17,060","2,191","18,755","2,977","1,408",500,200
235,아이패밀리에스씨,"18,520",하락,530,-2.78%,500,"166,741","3,127","18,520","3,208",336,12.97,500,"139,943","19,330","18,530","1,223",40.16,500,"19,330","3,262",308,283,6.88,500,"18,510","1,942","17,320","2,049","1,428",500,118
236,피아이이,"8,950",상승,400,+4.68%,100,"9,492,593","86,940","8,950","3,206",94,27.45,100,"1,348,964","9,030","8,960",980,136.17,100,"9,430","60,115",462,99,1.99,100,"8,850","15,480","35,826","1,240",326,100,N/A
237,넵튠,"6,860",상승,10,+0.15%,500,"79,746",551,"6,860","3,204",96,-24.77,500,"98,334","6,900","6,870","4,075",345.59,500,"7,020","25,504",370,48,1.48,500,"6,820","6,508","46,702","1,216",-277,500,0
238,월덱스,"19,400",상승,490,+2.59%,500,"113,843","2,222","19,390","3,203",703,5.15,500,"48,437","18,950","19,400","3,918",8.45,500,"19,760","1,278",843,650,4.74,500,"18,910","1,383","16,511","3,068","3,768",500,60
239,에이유브랜즈,"22,600",상승,"1,950",+9.44%,100,"415,180","9,247","22,600","3,200",124,28.00,100,"178,734","20,900","22,700",448,-23.35,100,"23,350","3,263",122,101,1.83,100,"20,300","1,808","14,160",446,807,100,0
240,중앙첨단소재,"3,140",상승,30,+0.96%,500,"752,071","2,377","3,140","3,197",-78,-4.56,500,"862,547","3,100","3,150","1,245","-13,814.06",500,"3,240","35,819",278,-768,5.73,500,"3,020","6,638","101,802",187,-688,500,0
241,듀켐바이오,"11,180",상승,240,+2.19%,500,"46,691",515,"11,170","3,181",51,37.90,500,"29,676","10,800","11,180",652,N/A,500,"11,240",752,222,80,1.20,500,"10,780","6,013","28,455",356,295,500,N/A
242,바텍,"21,100",상승,450,+2.18%,500,"36,514",768,"21,050","3,134",540,6.17,500,"10,087","20,650","21,100","6,503",-15.74,500,"21,250","2,394","1,798",553,26.65,500,"20,500","5,068","14,854","3,852","3,418",500,100
243,NHN KCP,"7,790",상승,130,+1.70%,500,"125,358",971,"7,780","3,129",438,7.37,500,"88,944","7,610","7,790","5,703",4.35,500,"7,810","6,649","3,051",453,15.14,500,"7,610","4,882","40,161","11,053","1,057",500,100
244,KG에코솔루션,"6,540",보합,0,0.00%,500,"307,473","2,002","6,540","3,113","2,265",4.83,500,"472,062","6,570","6,550","62,134",-26.87,500,"6,660","5,237","32,544","2,142",3.88,500,"6,220","6,047","47,603","72,849","1,353",500,120
245,예스티,"14,720",상승,110,+0.75%,500,"54,059",794,"14,720","3,083",113,29.15,500,"48,005","14,680","14,730","2,044","2,839.92",500,"14,990","7,709",786,112,1.97,500,"14,440",729,"20,945","1,001",505,500,0
246,CMG제약,"2,155",상승,10,+0.47%,500,"1,314,938","2,823","2,155","3,083",10,-269.38,500,"721,450","2,145","2,160","3,034",-66.40,500,"2,165","118,552","1,139",27,4.18,500,"2,125","252,392","143,057",991,-8,500,0
247,가비아,"22,650",하락,100,-0.44%,500,"53,302","1,214","22,650","3,066",351,21.78,500,"52,035","22,900","22,700","6,345",-17.59,500,"23,100","3,327","2,878",286,36.74,500,"22,450","9,321","13,536","2,824","1,040",500,80
248,에이스침대,"27,600",상승,100,+0.36%,"1,000","10,335",282,"27,550","3,061",662,4.97,"1,000","5,553","27,500","27,600","7,824",16.14,"1,000","27,650","2,142",757,659,1.14,"1,000","27,050","2,268","11,090","3,260","5,551","1,000","1,450"
249,제이브이엠,"25,300",상승,50,+0.20%,500,"34,125",861,"25,300","3,059",307,10.78,500,"29,054","25,400","25,350","2,848",3.04,500,"25,600","3,811",825,288,12.11,500,"25,050","2,691","12,090","1,594","2,346",500,500
250,매일유업,"38,900",상승,200,+0.52%,500,"9,140",354,"38,700","3,051",703,7.60,500,"21,865","38,700","38,900","10,263",-2.62,500,"38,950",199,"4,510",455,12.52,500,"38,350","4,329","7,844","18,114","5,120",500,"1,250"
251,에이치브이엠,"25,600",상승,350,+1.39%,500,"119,145","3,066","25,550","3,047",-68,-35.26,500,"90,124","25,450","25,600","1,196",-282.11,500,"26,200","2,959",535,-84,1.30,500,"25,250","6,307","11,902",451,-726,500,N/A
252,브이엠,"12,630",상승,130,+1.04%,100,"75,539",971,"12,520","3,041",-86,308.05,100,"71,705","12,850","12,630","1,657",21.56,100,"13,200","2,747",414,-35,3.40,100,"12,500","2,069","24,076",703,41,100,N/A
253,아주IB투자,"2,505",상승,25,+1.01%,500,"866,786","2,165","2,505","3,030",84,36.30,500,"2,181,855","2,460","2,510","3,417",-52.70,500,"2,540","28,608",806,83,1.03,500,"2,450","50,949","120,945",656,69,500,50
254,한양이엔지,"16,780",상승,240,+1.45%,500,"55,069",926,"16,720","3,020",862,4.82,500,"52,389","16,540","16,780","9,087",1.27,500,"16,990","1,968","3,067",764,14.17,500,"16,500","1,561","18,000","11,863","3,481",500,650
255,웹케시,"22,050",상승,"1,500",+7.30%,500,"14,415,656","324,373","22,050","3,007",139,38.28,500,"16,161,754","20,400","22,100","1,259",N/A,500,"25,150","112,304",236,72,1.26,500,"19,970","22,288","13,636",742,576,500,100
256,나이벡,"27,200",하락,"3,300",-10.82%,500,"614,871","17,295","27,200","3,001",-49,-25.95,500,"595,922","29,300","27,300",625,-120.87,500,"29,550","24,116",302,-93,1.62,500,"26,850","4,919","11,032",246,"-1,048",500,0
257,프레스티지바이오로직스,"3,840",하락,30,-0.78%,500,"61,688",237,"3,840","2,973",-334,-8.14,500,"51,592","3,850","3,845","2,894",24.39,500,"3,880","16,378","2,177",-294,41.58,500,"3,835","3,843","77,418",22,-472,500,0
258,대화제약,"15,960",하락,240,-1.48%,500,"192,789","3,112","15,960","2,971",67,169.79,500,"194,245","16,200","15,990","2,059",241.83,500,"16,310","5,555","1,295",8,0.00,500,"15,880","1,239","18,617","1,494",94,500,150
259,비보존 제약,"5,930",보합,0,0.00%,"2,500","94,827",561,"5,920","2,971",29,-22.72,"2,500","113,517","6,020","5,930","1,844",10.36,"2,500","6,020","2,077",780,-100,1.08,"2,500","5,820","4,878","50,105",876,-261,"2,500",N/A
260,신성에스티,"32,850",상승,500,+1.55%,500,"24,613",808,"32,800","2,970",88,43.39,500,"34,477","32,050","32,850","1,444",5.16,500,"33,350","1,656",419,71,1.85,500,"32,050","2,208","9,040","1,270",757,500,200
261,제이오,"9,270",상승,90,+0.98%,100,"73,965",683,"9,250","2,968",-55,-29.34,100,"110,604","9,180","9,270","2,226",-145.39,100,"9,350","6,551",442,-89,1.61,100,"9,090","5,131","32,018",829,-316,100,N/A
262,오픈엣지테크놀로지,"13,480",상승,270,+2.04%,100,"188,823","2,516","13,470","2,966",-246,-12.10,100,"318,567","13,190","13,480",867,-55.15,100,"13,570","4,292",260,-273,6.37,100,"12,810","3,100","22,003",153,"-1,114",100,0
263,마녀공장,"17,940",하락,90,-0.50%,100,"121,809","2,188","17,940","2,938",186,18.14,100,"91,783","18,010","17,950","1,295",16.99,100,"18,150","3,408",157,164,0.82,100,"17,800","1,353","16,378","1,279",989,100,N/A
264,HLB이노베이션,"2,030",상승,93,+4.80%,500,"344,694",695,"2,025","2,929",-119,-16.24,500,"346,008","1,950","2,030","2,680",N/A,500,"2,055","9,176",160,-124,2.00,500,"1,949","46,156","144,304",254,-125,500,N/A
265,클리오,"16,190",하락,10,-0.06%,500,"92,791","1,506","16,180","2,926",246,14.31,500,"122,004","16,350","16,190","2,954",-27.23,500,"16,380","4,205",615,272,4.51,500,"16,100","2,815","18,071","3,514","1,131",500,400
266,폴라리스오피스,"5,820",보합,0,0.00%,500,"569,625","3,321","5,810","2,894",48,45.83,500,"671,511","5,820","5,820","5,198",-23.14,500,"5,910","29,345",857,186,1.35,500,"5,750","45,258","49,725","2,763",127,500,N/A
267,한국정보통신,"7,720",상승,10,+0.13%,500,"7,305",56,"7,720","2,891",391,6.44,500,"9,614","7,640","7,730","4,629",9.66,500,"7,760","11,552","1,564",435,62.86,500,"7,640","1,787","37,444","7,910","1,199",500,N/A
268,필에너지,"13,460",상승,60,+0.45%,500,"56,428",763,"13,450","2,877",142,35.24,500,"34,025","13,500","13,460","2,121",-7.25,500,"13,650","6,412",691,134,1.71,500,"13,370","1,039","21,378","2,854",382,500,67
269,오상헬스케어,"19,820",상승,460,+2.38%,500,"44,896",883,"19,820","2,876",-248,-32.81,500,"238,548","19,370","19,890","2,950",-117.35,500,"19,930","4,526",90,-114,1.08,500,"19,360","4,190","14,509",805,-604,500,500
270,우주일렉트로,"31,000",하락,250,-0.80%,500,"18,821",586,"30,950","2,865",201,13.67,500,"19,501","31,200","31,000","3,277",151.12,500,"31,550","1,423",814,198,7.10,500,"30,800","4,168","9,240","1,762","2,268",500,300
271,티에프이,"25,100",하락,300,-1.18%,100,"59,541","1,490","25,100","2,857",44,119.52,100,"62,508","25,550","25,450","1,267",-52.40,100,"25,600","1,895",483,15,1.80,100,"24,300","3,742","11,381",736,210,100,N/A
272,디오,"19,050",상승,770,+4.21%,500,"191,599","3,640","19,030","2,854",-407,-6.43,500,"81,657","18,210","19,050","3,433",-294.94,500,"19,460","1,195","1,392",-413,13.49,500,"18,210","1,947","14,982","1,196","-2,963",500,0
273,폰드그룹,"8,820",하락,190,-2.11%,500,"316,652","2,781","8,820","2,853",413,10.85,500,"370,287","8,910","8,830","4,227","6,089.52",500,"9,020","1,691","1,850",272,0.50,500,"8,120","10,109","32,344","3,687",813,500,250
274,제닉,"35,600",하락,"1,200",-3.26%,500,"226,404","8,024","35,500","2,837",60,23.39,500,"222,655","36,150","35,600",382,249.72,500,"37,800",634,160,76,4.24,500,"34,300","2,442","7,969",499,"1,522",500,N/A
275,에스에이엠티,"2,820",상승,5,+0.18%,500,"318,054",900,"2,820","2,820",674,5.61,500,"260,842","2,810","2,825","8,330",25.83,500,"2,855","82,294","4,024",544,5.51,500,"2,800","61,809","99,995","28,895",503,500,200
276,유니슨,"1,645",상승,188,+12.90%,500,"8,803,323","14,038","1,642","2,804",-125,-14.69,500,"4,909,801","1,457","1,645","2,490",36.06,500,"1,688","21,651","1,828",-225,1.93,500,"1,410","37,436","170,462",257,-112,500,0
277,샘씨엔에스,"4,800",상승,65,+1.37%,500,"134,752",652,"4,800","2,803",52,73.85,500,"90,727","4,755","4,820","2,222",278.57,500,"4,920","11,648",782,33,0.96,500,"4,705",962,"58,388",533,65,500,N/A
278,석경에이티,"51,000",하락,900,-1.73%,500,"5,643",290,"51,000","2,782",20,48.02,500,"12,114","51,800","51,100",492,-42.34,500,"52,200",777,94,43,1.05,500,"50,700",838,"5,455",138,"1,062",500,N/A
279,에스앤디,"95,600",하락,"1,900",-1.95%,500,"64,330","6,105","95,600","2,765",201,15.27,500,"112,567","97,200","95,700",930,56.19,500,"97,500",654,250,170,4.86,500,"93,200","1,991","2,893","1,161","6,259",500,800
280,유진기업,"3,570",상승,20,+0.56%,500,"335,999","1,202","3,565","2,760",550,-4.37,500,"628,684","3,550","3,570","23,749",-34.86,500,"3,600","47,369","13,482","-1,007",4.33,500,"3,540","78,381","77,311","13,933",-817,500,170
281,씨메스,"23,700",하락,250,-1.04%,500,"53,597","1,269","23,650","2,751",-143,-16.90,500,"73,500","24,000","23,700",810,-43.04,500,"24,500","7,717",67,-135,2.53,500,"23,400","3,271","11,608",69,"-1,402",500,N/A
282,인탑스,"15,960",상승,360,+2.31%,500,"62,380",998,"15,960","2,745",38,21.37,500,"83,539","15,700","15,990","9,007",-79.33,500,"16,170","1,257","1,289",234,6.19,500,"15,600","2,856","17,200","6,147",747,500,200
283,아이티엠반도체,"12,100",상승,210,+1.77%,500,"17,551",212,"12,100","2,745",24,-51.27,500,"26,204","11,990","12,160","5,952",116.15,500,"12,250",536,"4,008",12,2.33,500,"11,830",751,"22,683","6,479",-236,500,N/A
284,JTC,"5,280",하락,220,-4.00%,0,"540,352","2,857","5,270","2,732",219,8.38,0,"503,656","5,460","5,280","2,644",246.06,0,"5,520","17,866","1,825",205,10.10,0,"5,120","9,311","51,746","1,500",630,0,0
285,뉴로메카,"24,050",상승,250,+1.05%,500,"35,520",853,"24,000","2,727",-190,-13.93,500,"43,773","24,300","24,050",952,-28.26,500,"24,300","4,693",844,-168,1.01,500,"23,700","4,612","11,338",253,"-1,726",500,0
286,슈어소프트테크,"5,180",하락,70,-1.33%,100,"418,719","2,210","5,180","2,726",79,25.39,100,"214,045","5,370","5,190","1,624",-31.22,100,"5,390","24,885",563,101,1.69,100,"5,170","12,785","52,619",888,204,100,N/A
287,바이오비쥬,"18,040",하락,"1,310",-6.77%,500,"1,572,941","29,658","18,040","2,714",92,N/A,500,"2,733,221","19,260","18,050",378,N/A,500,"19,700","19,920",68,72,1.21,500,"18,040","1,200","15,044",296,N/A,500,0
288,오리엔탈정공,"5,950",보합,0,0.00%,500,"394,686","2,352","5,940","2,712",249,9.38,500,"600,328","6,000","5,950","2,157",94.84,500,"6,110","23,101","1,056",261,7.12,500,"5,860","10,882","45,574","2,073",634,500,100
289,상아프론테크,"16,930",상승,80,+0.47%,500,"60,159","1,012","16,920","2,707",58,52.74,500,"86,172","16,860","16,930","3,622",-34.70,500,"17,000",510,"1,612",62,3.63,500,"16,680","6,307","15,989","1,718",321,500,200
290,슈프리마,"37,200",상승,450,+1.22%,500,"53,944","1,990","37,000","2,700",233,7.84,500,"39,520","36,850","37,200","2,601",39.76,500,"37,300","1,311",235,325,19.31,500,"36,400","5,587","7,257","1,082","4,747",500,0
291,뷰노,"19,240",상승,910,+4.96%,100,"143,916","2,733","19,240","2,694",-125,-21.57,100,"104,785","18,400","19,250",502,20.58,100,"19,500","4,779",195,-130,2.71,100,"17,990","4,239","14,002",259,-892,100,0
292,에코마케팅,"8,560",상승,110,+1.30%,100,"90,177",774,"8,560","2,694",470,9.75,100,"60,812","8,490","8,570","4,038",-14.75,100,"8,700","7,101","1,213",362,11.29,100,"8,390","7,495","31,468","3,572",878,100,500
293,큐브엔터,"17,940",상승,640,+3.70%,500,"180,369","3,236","17,940","2,691",166,19.96,500,"120,906","17,760","17,950","2,700",7.42,500,"18,190","4,645","1,117",166,5.65,500,"17,690","3,978","15,002","2,183",899,500,N/A
294,툴젠,"31,250",상승,200,+0.64%,500,"9,468",293,"31,250","2,682",-218,37.92,500,"8,777","30,750","31,300",755,-27.57,500,"31,400",716,170,62,1.13,500,"30,500",831,"8,583",9,824,500,0
295,원익머트리얼즈,"21,250",상승,150,+0.71%,500,"49,954","1,068","21,250","2,679",519,7.71,500,"57,280","21,100","21,300","5,833",110.29,500,"21,750","3,414","1,021",318,17.01,500,"20,900","3,548","12,608","3,107","2,755",500,350
296,LS증권,"4,795",하락,15,-0.31%,"5,000","332,733","1,602","4,790","2,660",218,19.73,"5,000","1,409,266","4,905","4,795","87,797",-34.30,"5,000","4,905","12,770","79,083",166,1.52,"5,000","4,735","5,268","55,481","16,537",243,"5,000",100
297,와이씨켐,"26,150",상승,"3,250",+14.19%,"1,000","560,624","14,305","26,150","2,644",-82,-17.70,"1,000","74,954","23,700","26,200","1,163",-4.30,"1,000","26,400","5,699",718,-160,1.26,"1,000","23,550","26,582","10,111",703,"-1,477","1,000",N/A
298,프로텍,"24,000",상승,500,+2.13%,500,"29,701",714,"24,000","2,640",134,9.75,500,"25,349","23,750","24,100","3,768",-22.89,500,"24,450",802,540,127,2.44,500,"23,600","6,437","11,000","1,703","2,462",500,400
299,더블유씨피,"7,790",하락,60,-0.76%,500,"373,046","2,926","7,790","2,636",-709,-2.41,500,"307,804","7,900","7,800","18,102",-252.91,500,"7,980","20,756","8,415",-722,3.93,500,"7,740","4,167","33,843","3,221","-3,229",500,N/A
300,매커스,"16,300",상승,"2,330",+16.68%,500,"890,416","13,810","16,290","2,635",269,11.39,500,"665,761","14,080","16,300","4,092",2.04,500,"16,300",793,"2,958",202,16.05,500,"14,080","4,080","16,163","1,996","1,431",500,200
301,한국정보인증,"6,190",하락,40,-0.64%,500,"6,306,717","39,960","6,190","2,627",189,25.37,500,"4,994,047","6,170","6,200","4,053",35.02,500,"6,660","33,777","1,731",124,1.67,500,"6,050","45,424","42,441","1,219",244,500,150
302,인선이엔티,"5,630",상승,50,+0.90%,500,"62,192",349,"5,620","2,622",232,-11.22,500,"72,889","5,580","5,630","4,957",-10.18,500,"5,680","8,840","1,731",-189,5.58,500,"5,570","24,228","46,564","2,088",-502,500,N/A
303,AP시스템,"17,030",상승,90,+0.53%,500,"65,330","1,122","17,020","2,602",472,5.67,500,"47,701","17,030","17,030","5,998",-21.51,500,"17,350","2,744","2,632",518,9.90,500,"16,960",525,"15,281","5,167","3,002",500,530
304,KG이니시스,"9,400",상승,30,+0.32%,500,"60,833",570,"9,380","2,590",610,7.10,500,"120,895","9,360","9,400","18,664",-42.61,500,"9,420","2,962","11,128",447,6.23,500,"9,290","13,486","27,554","13,543","1,324",500,500
305,한솔아이원스,"8,990",상승,170,+1.93%,500,"228,684","2,061","8,970","2,571",231,7.84,500,"95,491","8,820","8,990","2,319",180.71,500,"9,230","5,573",497,311,5.52,500,"8,800","1,632","28,593","1,571","1,146",500,0
306,티엑스알로보틱스,"16,610",상승,170,+1.03%,500,"180,957","2,994","16,610","2,566",53,51.11,500,"638,939","16,560","16,620",732,46.50,500,"16,920","4,039",433,38,1.09,500,"16,360","2,007","15,451",572,325,500,N/A
307,에치에프알,"19,270",상승,110,+0.57%,500,"55,380","1,068","19,230","2,565",-202,-23.88,500,"96,080","19,150","19,270","2,711",-140.39,500,"19,520","1,847","1,123",-185,6.02,500,"19,000","3,259","13,309","1,571",-807,500,N/A
308,비덴트,"3,320",보합,0,0.00%,500,0,0,0,"2,563",-111,5.25,500,0,0,0,"7,408",-11.76,500,0,0,"1,026",672,1.42,500,0,0,"77,202",96,632,500,N/A
309,엣지파운드리,"3,270",상승,120,+3.81%,500,"707,400","2,278","3,265","2,561",-51,-155.71,500,"850,134","3,100","3,270","1,316",-4.87,500,"3,290","9,690",547,-180,0.50,500,"3,065","40,398","78,307",373,-21,500,0
310,로보스타,"26,250",하락,50,-0.19%,500,"91,994","2,407","26,250","2,559",1,-972.22,500,"179,821","26,350","26,300","1,126",-86.92,500,"26,550","17,002",206,22,2.95,500,"25,750","12,080","9,750",891,-27,500,N/A
311,유니테스트,"12,030",상승,"1,240",+11.49%,500,"3,695,524","47,970","12,020","2,542",-234,-10.69,500,"64,969","14,020","12,030","1,850",-428.15,500,"14,020","5,664",680,-273,8.66,500,"11,750","18,443","21,134",924,"-1,125",500,N/A
312,골프존홀딩스,"5,900",상승,160,+2.79%,500,"282,000","1,640","5,890","2,527",394,5.18,500,"299,914","5,790","5,900","10,503",-26.50,500,"6,010","14,694","3,037",436,3.19,500,"5,700","20,422","42,837","3,862","1,139",500,250
313,인트로메딕,"5,850",보합,0,0.00%,100,0,0,0,"2,515",-15,-42.39,100,0,0,0,105,58.32,100,0,0,48,-70,0.76,100,0,0,"42,998",104,-138,100,0
314,엠아이텍,"7,750",하락,100,-1.27%,500,"97,598",760,"7,750","2,508",176,13.57,500,"67,634","7,850","7,800","1,185",24.96,500,"7,850","14,006",97,183,7.10,500,"7,700","7,854","32,366",538,571,500,100
315,시너지이노베이션,"2,840",상승,110,+4.03%,500,"311,345",868,"2,830","2,502",161,61.74,500,"143,749","2,750","2,840","3,141",7.51,500,"2,840","29,204",790,181,12.25,500,"2,735","22,653","88,100",906,46,500,0
316,이지홀딩스,"3,870",하락,75,-1.90%,500,"280,604","1,089","3,860","2,497","1,234",18.34,500,"406,226","3,970","3,870","28,559",18.90,500,"3,970","29,018","16,493",351,4.70,500,"3,815","14,257","64,516","32,850",211,500,250
317,자람테크놀로지,"40,250",하락,400,-0.98%,500,"35,069","1,415","40,250","2,495",4,-270.13,500,"43,814","39,750","40,300",784,117.07,500,"41,100","1,295",359,20,1.82,500,"39,400","2,257","6,198",222,-149,500,N/A
318,미래나노텍,"8,030",상승,180,+2.29%,500,"109,516",873,"8,030","2,490",249,8.14,500,"116,314","7,940","8,040","5,976",81.41,500,"8,050","2,235","2,802",258,3.85,500,"7,770","13,485","31,010","6,223",987,500,50
319,이스트소프트,"21,350",하락,100,-0.47%,500,"300,976","6,414","21,350","2,487",-135,-25.42,500,"362,644","21,200","21,400","1,991",-51.08,500,"21,700","14,042","1,106",-146,1.92,500,"20,750","31,641","11,647","1,025",-840,500,0
320,제테마,"6,910",상승,40,+0.58%,500,"67,762",466,"6,900","2,478",41,-101.62,500,"64,967","6,870","6,910","2,227",56.09,500,"6,930","14,976","1,513",-26,0.94,500,"6,800","19,617","35,859",685,-68,500,0
321,동원개발,"2,710",상승,60,+2.26%,500,"270,926",731,"2,710","2,461",210,96.79,500,"197,473","2,710","2,715","13,783",-29.97,500,"2,735","20,740","3,320",183,2.97,500,"2,640","37,206","90,808","5,204",28,500,80
322,이트론,271,보합,0,0.00%,200,0,0,0,"2,456",-56,24.64,200,0,0,0,"1,195",0.61,200,0,0,235,-23,3.54,200,0,0,"906,131",163,11,200,0
323,진성티이씨,"10,880",하락,230,-2.07%,500,"410,512","4,476","10,880","2,446",244,10.84,500,"409,968","11,110","10,890","4,554",-38.26,500,"11,200","7,884","1,931",210,8.09,500,"10,740","3,166","22,482","3,905","1,004",500,200
324,제이에스링크,"9,050",상승,40,+0.44%,500,"114,834","1,034","9,010","2,442",-91,-12.60,500,"85,791","9,010","9,050",544,-109.85,500,"9,200","2,967",294,-108,0.67,500,"8,830","11,809","26,978",159,-718,500,0
325,아이스크림미디어,"18,480",상승,290,+1.59%,500,"84,955","1,576","18,340","2,435",461,7.41,500,"122,390","18,490","18,480","2,229",35.41,500,"18,980",971,396,311,7.65,500,"18,000","1,299","13,177","1,522","2,493",500,738
326,GRT,"3,010",하락,75,-2.43%,0,"307,268",936,"3,010","2,434","1,470",3.09,0,"400,357","3,090","3,015","16,913",86.68,0,"3,150","12,521","7,628","1,105",80.45,0,"2,960","38,678","80,850","8,424",974,0,2
327,한중엔시에스,"26,850",하락,250,-0.92%,500,"151,769","4,064","26,800","2,432",96,13.19,500,"89,818","27,550","26,850","1,668",175.55,500,"27,550","8,579",864,154,0.93,500,"26,400","3,875","9,058","1,773","2,036",500,N/A
328,동방메디컬,"11,700",상승,420,+3.72%,500,"2,003,406","23,131","11,700","2,431",150,56.52,500,"878,986","11,270","11,710","1,504",-8.69,500,"11,930","10,799",696,31,2.69,500,"10,980","22,441","20,775","1,051",207,500,0
329,동신건설,"28,900",하락,450,-1.53%,500,"177,390","5,182","28,900","2,428",6,163.28,500,"555,686","28,500","28,950","1,126",-90.76,500,"30,650","7,060",139,30,0.64,500,"28,250","1,842","8,400",690,177,500,250
330,디아이티,"12,840",상승,260,+2.07%,100,"102,742","1,327","12,840","2,427",241,8.02,100,"54,202","12,750","12,850","2,409",178.68,100,"13,120","2,326",280,289,4.41,100,"12,370","1,275","18,900","1,167","1,601",100,380
331,다날,"3,515",상승,60,+1.74%,500,"3,915,967","13,865","3,510","2,424",14,39.49,500,"505,205","3,455","3,515","7,456",-60.17,500,"3,670","45,108","4,356",29,5.61,500,"3,390","73,890","68,949","2,609",89,500,N/A
332,나이스정보통신,"24,150",상승,"2,900",+13.65%,500,"415,234","9,823","24,100","2,415",399,6.78,500,"21,002","21,950","24,150","11,226",8.55,500,"24,600","3,408","7,367",377,23.35,500,"21,600","6,233","10,000","9,751","3,562",500,810
333,해성산업,"7,370",하락,50,-0.67%,500,"74,898",552,"7,360","2,399",714,-153.54,500,"126,317","7,460","7,370","25,920",-32.81,500,"7,460","2,209","12,440",-34,1.23,500,"7,290","2,119","32,557","22,204",-48,500,225
334,KH바텍,"10,110",하락,70,-0.69%,500,"62,342",634,"10,110","2,394",219,10.44,500,"45,324","10,200","10,120","3,871",-34.96,500,"10,300","4,070","1,248",213,7.95,500,"10,080","4,169","23,677","3,110",968,500,330
335,토비스,"14,870",상승,60,+0.41%,500,"81,960","1,222","14,840","2,389",584,4.37,500,"144,209","14,900","14,870","5,281",127.52,500,"15,030","2,392","2,636",613,12.64,500,"14,780","2,768","16,067","6,238","3,400",500,300
336,아이씨티케이,"17,800",하락,600,-3.26%,500,"706,261","12,683","17,800","2,389",-67,-35.67,500,"667,249","18,270","17,810",458,N/A,500,"18,280","34,527",28,-58,0.66,500,"17,770","9,168","13,421",67,-499,500,0
337,티로보틱스,"12,640",상승,70,+0.56%,500,"594,366","7,446","12,630","2,374",-70,-71.82,500,"1,059,408","12,640","12,640","1,070",14.71,500,"12,880","3,574",755,-8,2.36,500,"12,210","8,038","18,782",607,-176,500,0
338,윤성에프앤씨,"29,600",상승,"1,100",+3.86%,100,"23,709",695,"29,550","2,362",319,9.56,100,"20,494","28,750","29,600","3,009",20.55,100,"30,000","1,022","1,036",371,1.42,100,"28,100","1,240","7,979","2,713","3,097",100,200
339,네오팜,"14,620",하락,150,-1.02%,500,"109,454","1,595","14,620","2,343",247,9.73,500,"73,372","14,770","14,630","1,924",-2.58,500,"14,770","1,473",156,231,13.63,500,"14,420","2,378","16,028","1,190","1,503",500,600
340,휴림로봇,"2,125",하락,5,-0.23%,500,"2,196,216","4,637","2,120","2,343",-49,-106.25,500,"3,956,195","2,135","2,125","3,349",-165.20,500,"2,135","256,995","1,225",-94,2.46,500,"2,080","231,387","110,238","1,331",-20,500,N/A
341,파멥신,"2,915",보합,0,0.00%,500,0,0,0,"2,338",-77,-44.85,500,0,0,0,543,36.27,500,0,0,66,-49,0.00,500,0,0,"80,201",39,-65,500,N/A
342,셀비온,"18,220",하락,110,-0.60%,500,"109,608","2,007","18,210","2,335",-71,-29.25,500,"135,650","18,330","18,270",344,-41.51,500,"18,600","1,418",48,-73,4.84,500,"18,000","1,368","12,816",23,-623,500,0
343,씨어스테크놀로지,"18,530",하락,280,-1.49%,500,"57,654","1,069","18,530","2,333",-87,-33.33,500,"98,571","18,810","18,610",281,11.44,500,"18,810","1,221",67,-89,3.27,500,"18,300","1,851","12,591",81,-556,500,N/A
344,엑스게이트,"8,170",상승,70,+0.86%,100,"190,163","1,542","8,160","2,332",35,80.89,100,"239,092","8,120","8,170",671,-15.05,100,"8,190","22,508",227,40,0.45,100,"8,040","18,909","28,543",432,101,100,N/A
345,앱클론,"12,200",하락,620,-4.84%,500,"265,448","3,280","12,200","2,329",-156,-13.02,500,"264,105","13,060","12,210",482,-33.87,500,"13,060","2,978",188,-163,7.69,500,"11,830","4,083","19,093",23,-937,500,0
346,온코닉테라퓨틱스,"21,100",보합,0,0.00%,500,"123,992","2,607","21,100","2,321",-48,-24.23,500,"196,918","20,950","21,150",609,-315.06,500,"21,300","10,608",49,-81,1.14,500,"20,800","6,048","11,002",148,-871,500,0
347,펨트론,"10,800",상승,420,+4.05%,500,"350,319","3,738","10,790","2,299",-36,-72.00,500,"96,957","10,440","10,800",717,-144.94,500,"11,110",990,436,-19,6.34,500,"9,930","3,025","21,288",570,-150,500,N/A
348,에스오에스랩,"12,990",하락,660,-4.84%,100,"747,556","9,840","12,980","2,297",-128,-16.08,100,"705,841","13,820","12,990",391,-54.09,100,"13,820","10,475",71,-120,3.10,100,"12,800","6,950","17,682",49,-808,100,N/A
349,아스트,580,하락,3,-0.51%,500,"837,628",486,579,"2,292",-64,20.00,500,"879,479",583,580,"5,620",82.42,500,587,"77,974","2,659",-171,1.33,500,572,"72,317","395,158","1,714",29,500,0
350,모두투어,"12,100",하락,270,-2.18%,500,"104,545","1,275","12,100","2,287",47,22.87,500,"112,212","12,370","12,110","2,349",-59.75,500,"12,380","5,423","1,638",108,13.18,500,"12,050","4,744","18,900","2,516",529,500,250
351,모트렉스,"9,190",하락,110,-1.18%,500,"77,694",716,"9,190","2,285",436,13.40,500,"56,492","9,300","9,210","9,318",-18.01,500,"9,310","11,850","6,600",193,2.75,500,"9,160","2,331","24,862","5,869",686,500,162
352,위지윅스튜디오,"1,333",하락,7,-0.52%,500,"545,592",736,"1,333","2,280",-118,-4.27,500,"469,377","1,328","1,340","2,935",41.74,500,"1,390","41,626","1,199",-603,5.18,500,"1,327","9,432","171,049",804,-312,500,N/A
353,박셀바이오,"9,800",상승,10,+0.10%,500,"75,180",737,"9,750","2,279",-150,-20.90,500,"97,389","9,760","9,800",769,-30.68,500,"9,940","6,182",49,-106,4.01,500,"9,710","7,468","23,257",19,-469,500,0
354,세경하이테크,"6,330",하락,40,-0.63%,500,"413,364","2,674","6,330","2,270",315,7.80,500,"251,184","6,370","6,350","3,450",-12.96,500,"6,680","28,388",962,413,9.58,500,"6,320","4,221","35,860","3,203",812,500,100
355,에스바이오메딕스,"19,140",하락,400,-2.05%,500,"86,526","1,648","19,130","2,270",-54,-31.38,500,"66,477","19,500","19,140",446,9.06,500,"19,500","1,211",263,-58,0.73,500,"18,860",767,"11,860",137,-610,500,0
356,안트로젠,"22,500",하락,100,-0.44%,500,"8,937",203,"22,500","2,251",-37,-90.73,500,"21,027","22,950","22,600","1,161",26.09,500,"23,000","1,794",59,-23,4.65,500,"22,450","2,858","10,006",69,-248,500,N/A
357,인터로조,"17,000",하락,210,-1.22%,500,"80,944","1,369","16,860","2,247",58,-104.29,500,"119,791","17,210","17,000","2,344",12.02,500,"17,210","1,094",645,2,8.69,500,"16,700","2,097","13,216","1,158",-163,500,300
358,파이버프로,"6,820",하락,10,-0.15%,100,"200,991","1,390","6,810","2,241",72,30.72,100,"112,907","6,830","6,820",499,175.42,100,"7,040","6,142",113,72,2.00,100,"6,780","4,425","32,854",329,222,100,66
359,제넥신,"4,910",보합,0,0.00%,500,"63,617",313,"4,905","2,236",-372,-3.01,500,"69,404","5,000","4,910","3,450",9.69,500,"5,000","8,426",834,-637,3.84,500,"4,865",985,"45,540",29,"-1,633",500,N/A
360,원일티엔아이,"26,600",하락,250,-0.93%,500,"108,029","2,885","26,550","2,229",64,N/A,500,"130,374","27,150","26,600",730,122.86,500,"27,200","9,784",369,79,0.29,500,"26,300","5,634","8,381",422,N/A,500,0
361,피에이치에이,"10,600",상승,40,+0.38%,500,"32,155",340,"10,600","2,226",515,3.87,500,"39,266","10,560","10,610","10,696",6.60,500,"10,720","1,721","2,694",619,12.52,500,"10,480","1,354","21,000","11,529","2,739",500,350
362,SG,"2,250",하락,25,-1.10%,100,"682,378","1,540","2,245","2,218",-61,-9.04,100,"563,265","2,235","2,250","2,328",54.95,100,"2,295","103,145","1,461",-362,0.95,100,"2,230","35,294","98,559","1,189",-249,100,0
363,우양에이치씨,"15,230",상승,70,+0.46%,500,"61,800",950,"15,170","2,216",311,16.07,500,"24,969","15,690","15,230","2,609",23.02,500,"15,750","1,162",878,274,0.70,500,"15,070",518,"14,548","1,832",948,500,N/A
364,케이티알파,"4,490",상승,15,+0.34%,"1,000","78,881",354,"4,485","2,201",246,9.89,"1,000","125,598","4,465","4,490","4,621",156.07,"1,000","4,545","11,385","2,009",197,1.16,"1,000","4,445","8,490","49,019","3,882",454,"1,000",N/A
365,풍원정밀,"10,440",하락,300,-2.79%,500,"19,127",203,"10,430","2,197",-182,-7.27,500,"18,308","10,740","10,480",963,16.80,500,"10,940","2,225",689,-301,0.47,500,"10,390","1,456","21,040",493,"-1,436",500,0
366,네오위즈홀딩스,"25,500",상승,"1,650",+6.92%,500,"78,536","1,998","25,450","2,191",204,-13.36,500,"17,255","24,600","25,500","8,225",17.46,500,"25,950","6,919","1,467",-196,3.27,500,"24,400","5,448","8,594","3,681","-1,908",500,313
367,하이비젼시스템,"14,560",상승,60,+0.41%,500,"109,747","1,609","14,560","2,176",310,6.73,500,"52,324","14,500","14,600","3,657",-47.30,500,"14,850","4,300",761,404,13.74,500,"14,480","2,552","14,942","3,120","2,163",500,400
368,엑세스바이오,"5,750",하락,70,-1.20%,0,"212,459","1,231","5,750","2,169",-42,-22.20,0,"443,573","5,860","5,760","7,409",-119.59,0,"5,890","12,145",884,-11,4.56,0,"5,700","4,898","37,728","1,125",-259,0,N/A
369,에이디테크놀로지,"16,120",상승,750,+4.88%,500,"97,767","1,571","16,110","2,167",-170,-12.98,500,"81,288","15,500","16,120","2,449",2.61,500,"16,290","1,138","1,133",-152,2.03,500,"15,330","7,335","13,441","1,065","-1,242",500,N/A
370,티씨머티리얼즈,"6,330",하락,420,-6.22%,500,"1,829,489","11,955","6,330","2,167",109,34.03,500,"5,273,080","6,650","6,340",762,25.76,500,"6,810","74,756",193,63,0.76,500,"6,310","6,335","34,228","3,039",186,500,0
371,푸른소나무,"8,790",보합,0,0.00%,500,0,0,0,"2,161",-15,-32.20,500,0,0,0,116,85.36,500,0,0,89,-77,0.00,500,0,0,"24,580",37,-273,500,N/A
372,포바이포,"19,400",하락,240,-1.22%,500,"2,441,756","47,554","19,390","2,156",-139,-21.44,500,"4,440,100","19,820","19,400",590,14.56,500,"20,400","8,603",285,-123,0.13,500,"18,560","6,721","11,113",333,-905,500,N/A
373,로체시스템즈,"14,040",상승,40,+0.29%,500,"35,483",505,"14,040","2,148",198,15.28,500,"40,010","14,050","14,160","1,575",65.83,500,"14,530","2,800",352,121,42.88,500,"13,950","1,194","15,297","1,601",919,500,50
374,아나패스,"17,680",상승,180,+1.03%,500,"24,200",426,"17,540","2,143",200,11.12,500,"42,863","17,490","17,680","1,176",348.44,500,"17,870","3,785",449,189,4.40,500,"17,450","1,820","12,123","1,822","1,590",500,N/A
375,뉴파워프라즈마,"4,905",상승,5,+0.10%,100,"157,642",770,"4,900","2,143",325,10.78,100,"80,442","4,905","4,905","9,415",102.30,100,"4,920","5,400","5,465",232,4.18,100,"4,850","6,924","43,693","5,198",455,100,50
376,미래반도체,"14,780",상승,250,+1.72%,100,"120,691","1,789","14,780","2,134",102,26.30,100,"66,601","14,520","14,790","1,333",8.79,100,"15,050","2,163",474,60,0.66,100,"14,450","1,277","14,438","4,876",562,100,N/A
377,씨에스베어링,"7,810",상승,150,+1.96%,500,"449,086","3,477","7,800","2,130",21,36.84,500,"456,090","7,740","7,810","1,480","3,596.39",500,"7,900","3,108",542,25,1.38,500,"7,620","26,811","27,270","1,054",212,500,N/A
378,제일일렉트릭,"9,570",하락,30,-0.31%,500,"228,874","2,178","9,570","2,126",89,20.49,500,"287,013","9,630","9,580","2,193",N/A,500,"9,710","10,301",648,104,1.54,500,"9,420","5,105","22,220","1,863",467,500,100
379,한국캐피탈,671,상승,5,+0.75%,500,"294,110",197,671,"2,118",969,2.62,500,"473,736",667,676,"44,603",17.93,500,677,"52,402","37,866",811,0.28,500,666,"148,312","315,610","4,626",256,500,30
380,어보브반도체,"11,910",상승,900,+8.17%,500,"668,227","7,840","11,900","2,118",-51,30.62,500,"236,319","11,320","11,910","2,930",65.17,500,"12,020","5,945","1,385",-181,4.22,500,"11,170","18,721","17,781","2,321",389,500,150
381,잉글우드랩,"10,650",하락,100,-0.93%,0,"167,365","1,789","10,650","2,116",188,13.02,0,"221,062","10,770","10,660","1,997",-34.86,0,"10,810","6,004",558,196,10.78,0,"10,570","6,502","19,868","1,822",818,0,103
382,쓰리빌리언,"6,670",하락,100,-1.48%,100,"259,163","1,739","6,670","2,116",-74,-29.00,100,"252,834","6,810","6,680",302,11.17,100,"6,830","16,298",19,-66,5.46,100,"6,650","8,530","31,722",58,-230,100,N/A
383,한국알콜,"9,780",상승,210,+2.19%,500,"120,139","1,170","9,770","2,113",274,7.91,500,"112,901","9,610","9,780","6,549",25.38,500,"9,870","7,410",930,304,2.64,500,"9,570","8,837","21,606","4,210","1,237",500,110
384,폴라리스AI,"2,905",하락,30,-1.02%,500,"1,420,762","4,135","2,905","2,112",-13,55.87,500,"3,088,796","2,905","2,910","1,160",-189.87,500,"2,970","187,485",203,11,1.35,500,"2,880","69,710","72,696",531,52,500,0
385,압타바이오,"7,830",하락,150,-1.88%,500,"45,011",355,"7,830","2,105",-189,-7.02,500,"56,306","7,850","7,850",774,-15.15,500,"8,020","5,764",232,-294,1.66,500,"7,830","1,155","26,881",34,"-1,115",500,N/A
386,오가노이드사이언스,"32,100",하락,500,-1.53%,500,"734,253","24,817","32,100","2,100",-122,-15.04,500,"351,339","33,400","32,200",259,-24.91,500,"35,400","64,411",106,-115,0.94,500,"32,100","2,588","6,541",20,"-2,134",500,0
387,서호전기,"40,750",상승,650,+1.62%,500,"58,160","2,379","40,750","2,099",16,13.70,500,"59,285","40,900","40,900","1,020",-87.32,500,"41,650","1,730",126,115,3.98,500,"40,100","1,505","5,150",465,"2,974",500,"2,500"
388,디앤씨미디어,"16,720",하락,310,-1.82%,500,"50,013",840,"16,720","2,094",103,19.26,500,"99,721","16,950","16,780","1,153",194.82,500,"17,080","1,431",272,108,1.42,500,"16,660","1,332","12,524",835,868,500,N/A
389,탑머티리얼,"25,700",하락,150,-0.58%,500,"37,607",972,"25,700","2,093",-72,-18.99,500,"46,356","25,850","25,800","2,074",-152.29,500,"26,300","6,771",663,-82,0.00,500,"25,350",921,"8,144","1,061","-1,353",500,0
390,아미코젠,"3,800",하락,795,-17.30%,500,"3,009,346","12,545","3,795","2,091",-71,-3.95,500,"649,996","4,600","3,800","2,942",-442.93,500,"4,980","13,959","1,711",-509,6.51,500,"3,740","30,873","55,018","1,736",-963,500,N/A
391,와이즈넛,"15,930",상승,440,+2.84%,500,"876,388","13,710","15,930","2,086",17,159.30,500,"3,564,490","15,490","15,940",580,-50.74,500,"15,950","1,528",66,31,0.03,500,"15,260","18,134","13,097",349,100,500,71
392,레드캡투어,"12,460",상승,70,+0.56%,500,"54,338",673,"12,450","2,083",436,8.64,500,"64,964","12,390","12,460","6,972",12.37,500,"12,480","2,715","4,816",202,9.47,500,"12,270","9,915","16,721","3,589","1,442",500,"2,150"
393,동국산업,"3,840",상승,75,+1.99%,"1,000","94,885",363,"3,840","2,083",120,-37.28,"1,000","36,525","3,810","3,870","9,428",144.20,"1,000","3,880","8,188","4,545",-296,5.32,"1,000","3,755","4,764","54,244","7,903",-103,"1,000",130
394,에브리봇,"16,960",하락,260,-1.51%,500,"106,929","1,814","16,960","2,080",-22,"2,120.00",500,"169,790","17,180","16,980","1,177",N/A,500,"17,180","5,117",508,3,0.00,500,"16,830","1,700","12,262",298,8,500,N/A
395,텔레칩스,"13,730",상승,280,+2.08%,500,"63,056",868,"13,730","2,079",49,-5.80,500,"57,251","13,560","13,760","3,779",-70.95,500,"14,000","3,755","1,761",-386,1.47,500,"13,460","1,457","15,144","1,866","-2,369",500,60
396,DSC인베스트먼트,"7,700",상승,410,+5.62%,500,"8,822,333","67,401","7,700","2,079",150,28.73,500,"6,662,959","7,290","7,710","1,578",-14.77,500,"8,070","34,507",435,106,1.90,500,"7,070","42,765","27,000",386,268,500,40
397,디지털대성,"7,490",하락,110,-1.45%,500,"27,235",204,"7,480","2,073",237,12.85,500,"21,524","7,580","7,490","3,380",-5.28,500,"7,590","4,882","1,769",161,3.13,500,"7,450","14,579","27,675","2,177",583,500,500
398,휴마시스,"1,602",하락,12,-0.74%,100,"1,885,270","3,031","1,601","2,073",-106,-6.14,100,"3,018,786","1,614","1,602","3,319",79.83,100,"1,624","89,388",828,-356,5.98,100,"1,590","17,449","129,375",254,-261,100,N/A
399,대양전기공업,"21,650",상승,100,+0.46%,500,"56,933","1,231","21,600","2,071",157,9.57,500,"70,835","21,550","21,650","3,086",320.05,500,"22,000","5,501",633,196,5.84,500,"21,350","4,725","9,567","1,963","2,263",500,100
400,비츠로테크,"7,900",상승,180,+2.33%,500,"245,915","1,937","7,890","2,070",511,25.32,500,"86,690","7,930","7,900","5,905",77.36,500,"7,970","5,991","1,679",415,5.07,500,"7,790","19,349","26,200","4,283",312,500,50
401,뷰웍스,"21,150",하락,50,-0.24%,500,"23,804",506,"21,150","2,062",223,13.57,500,"42,767","21,550","21,250","3,229",19.19,500,"21,550","11,566",861,211,33.17,500,"21,050","3,390","9,750","2,229","1,559",500,600
402,LB세미콘,"3,540",상승,160,+4.73%,500,"125,428",440,"3,535","2,056",-188,-6.83,500,"69,127","3,380","3,540","8,060",-48.16,500,"3,557","6,842","4,598",-230,28.98,500,"3,380","13,802","58,083","4,509",-518,500,N/A
403,퀄리타스반도체,"14,590",상승,240,+1.67%,500,"193,642","2,837","14,590","2,044",-227,-10.43,500,"90,836","14,510","14,600",640,-102.87,500,"14,910","3,703",134,-191,0.26,500,"14,290","3,135","14,011",61,"-1,399",500,N/A
404,앱트뉴로사이언스,"1,284",상승,74,+6.12%,100,"1,398,296","1,756","1,284","2,039",-128,-23.35,100,"918,759","1,212","1,285","2,064",-94.80,100,"1,288","34,067","1,255",-192,3.96,100,"1,212","17,791","158,791",184,-55,100,0
405,쇼박스,"3,250",상승,40,+1.25%,500,"145,392",471,"3,250","2,036",245,34.57,500,"150,802","3,250","3,255","1,540",186.67,500,"3,255","13,899",219,274,2.83,500,"3,205","96,237","62,638",931,94,500,150
406,와이지-원,"6,040",하락,20,-0.33%,500,"131,053",792,"6,030","2,028",558,16.73,500,"197,434","6,060","6,040","10,762",2.07,500,"6,100","22,521","6,726",170,19.32,500,"5,990","24,421","33,574","5,750",361,500,160
407,유비케어,"3,880",상승,15,+0.39%,500,"123,054",476,"3,875","2,025",52,176.36,500,"132,833","3,865","3,880","1,601",47.12,500,"3,885","7,815",523,-16,2.18,500,"3,850","16,797","52,197","1,906",22,500,30
408,이엠텍,"11,790",상승,370,+3.24%,500,"129,523","1,522","11,730","2,020",-305,-4.21,500,"102,884","11,330","11,790","3,462",-109.01,500,"11,990","2,969","1,398",-447,6.30,500,"11,300","2,082","17,133","1,676","-2,801",500,N/A
409,멀티캠퍼스,"34,050",상승,350,+1.04%,500,"7,812",265,"33,950","2,018",389,6.85,500,"8,279","33,850","34,050","3,207",-3.37,500,"34,250","1,408",997,315,7.35,500,"33,450","5,402","5,927","3,527","4,970",500,"2,100"
410,오로스테크놀로지,"21,500",상승,500,+2.38%,500,"29,971",651,"21,500","2,014",61,18.50,500,"23,784","21,300","21,550",944,156.71,500,"22,100","2,408",262,59,0.78,500,"20,950","2,940","9,367",614,"1,162",500,N/A
411,그래디언트,"14,660",하락,290,-1.94%,"2,500","47,489",701,"14,660","2,005",-55,-4.39,"2,500","22,915","14,950","14,670","17,380",-289.46,"2,500","15,000","1,639","9,559",-260,4.16,"2,500","14,530","2,694","13,677","33,179","-3,341","2,500",200
412,소룩스,"4,115",상승,30,+0.73%,500,"251,368","1,025","4,115","1,996",-66,-3.93,500,"489,687","4,100","4,140","1,173","-1,383.71",500,"4,150","2,704",390,-410,0.60,500,"4,010","10,811","48,499",507,"-1,046",500,0
413,아티스트컴퍼니,"12,800",하락,10,-0.08%,500,"71,214",908,"12,780","1,996",-31,-22.57,500,"117,156","12,740","12,800",526,3.95,500,"12,910","3,813",293,-78,1.96,500,"12,630","2,092","15,591",213,-567,500,N/A
414,아바코,"13,370",상승,180,+1.36%,500,"79,290","1,062","13,370","1,994",211,9.86,500,"48,103","13,260","13,390","3,907",378.73,500,"13,540","5,183","1,895",264,7.08,500,"13,150","3,359","14,913","3,055","1,356",500,500
415,리파인,"11,450",상승,160,+1.42%,100,"45,520",522,"11,410","1,984",205,10.94,100,"24,898","11,220","11,450","1,816",-9.08,100,"11,730","2,350",112,206,2.90,100,"11,220",406,"17,330",678,"1,047",100,N/A
416,인터플렉스,"8,450",상승,150,+1.81%,500,"51,768",439,"8,440","1,971",344,3.95,500,"24,816","8,300","8,450","3,649",58.79,500,"8,580","1,683",831,551,3.01,500,"8,300","3,041","23,327","4,975","2,140",500,N/A
417,이화전기,899,보합,0,0.00%,200,0,0,0,"1,968",17,-40.86,200,0,0,0,"2,799",-51.38,200,0,0,523,-137,0.88,200,0,0,"218,949",645,-22,200,0
418,파인엠텍,"5,310",상승,60,+1.14%,500,"123,969",654,"5,310","1,964",-79,-8.88,500,"135,777","5,250","5,340","3,333",-138.90,500,"5,370","10,559","1,691",-158,2.21,500,"5,210","9,782","36,988","3,822",-598,500,N/A
419,노바텍,"18,570",상승,890,+5.03%,500,"214,783","3,921","18,560","1,964",126,13.17,500,"120,675","17,890","18,570","1,834",-50.75,500,"18,590","1,580",125,172,1.02,500,"17,890","3,382","10,576",658,"1,410",500,"1,409"
420,더즌,"2,745",상승,210,+8.28%,100,"5,459,944","14,806","2,740","1,960",100,17.05,100,"916,190","2,515","2,745","1,157",-6.08,100,"2,825","47,921",743,99,0.72,100,"2,505","45,264","71,413",627,161,100,0
421,아가방컴퍼니,"5,960",상승,490,+8.96%,500,"3,679,572","21,714","5,960","1,960",152,18.12,500,"567,643","5,520","5,970","2,238",-8.27,500,"6,200","11,855",562,102,3.22,500,"5,470","43,616","32,888","1,827",329,500,N/A
422,AP위성,"12,970",상승,10,+0.08%,500,"93,810","1,219","12,970","1,956",73,31.71,500,"90,599","12,960","12,980","1,352",-27.51,500,"13,150","4,033",299,104,0.06,500,"12,910","2,835","15,082",586,409,500,N/A
423,국전약품,"3,910",하락,190,-4.63%,100,"619,639","2,499","3,910","1,954",4,134.83,100,"1,677,736","4,160","3,930","2,123",-94.33,100,"4,190","26,493","1,148",5,0.76,100,"3,910","8,424","49,966","1,365",29,100,10
424,네패스,"8,470",상승,330,+4.05%,500,"114,311",965,"8,470","1,953",34,-4.88,500,"85,913","8,220","8,480","7,101",-66.22,500,"8,600","2,367","5,029",-794,6.48,500,"8,140","2,446","23,059","4,643","-1,736",500,N/A
425,랩지노믹스,"2,630",하락,45,-1.68%,500,"1,988,000","5,276","2,630","1,953",-185,-9.67,500,"2,415,647","2,675","2,635","2,957",-167.09,500,"2,695","252,551",793,-239,2.51,500,"2,610","47,180","74,240",859,-272,500,N/A
426,나무가,"13,250",상승,330,+2.55%,500,"28,130",370,"13,240","1,946",209,8.26,500,"19,289","12,920","13,250","2,644",-7.82,500,"13,250","2,159",975,261,2.45,500,"12,900","2,385","14,685","4,504","1,604",500,650
427,나인테크,"3,640",하락,45,-1.22%,100,"2,767,064","10,105","3,635","1,944",46,-19.06,100,"4,531,518","3,685","3,640","1,860",249.45,100,"3,730","76,331","1,019",-54,1.61,100,"3,560","48,515","53,398","1,972",-191,100,0
428,케이프,"6,230",상승,10,+0.16%,500,"129,550",807,"6,230","1,925",390,21.26,500,"135,417","6,180","6,240","24,047",-4.79,500,"6,320","20,410","21,452",183,2.36,500,"6,170","20,156","30,902","5,165",293,500,300
429,하나기술,"24,000",상승,550,+2.35%,500,"49,792","1,196","23,950","1,919",-264,-12.90,500,"43,505","23,500","24,000","2,400",-318.01,500,"24,500","3,741","1,421",-155,1.10,500,"23,500","6,225","7,995",942,"-1,861",500,0
430,대원산업,"9,550",하락,90,-0.93%,500,"34,044",326,"9,530","1,914",750,2.16,500,"39,145","9,640","9,550","7,117",58.72,500,"9,800","12,332","1,993",726,12.87,500,"9,510","1,847","20,038","9,315","4,430",500,200
431,BGF에코머티리얼즈,"3,040",상승,15,+0.50%,500,"39,605",120,"3,025","1,908",140,13.63,500,"24,882","3,005","3,040","7,152",-18.51,500,"3,080","3,767","2,213",155,1.02,500,"2,980","24,544","62,767","3,643",223,500,50
432,이크레더블,"15,780",상승,80,+0.51%,500,"13,688",216,"15,780","1,900",150,14.57,500,"7,628","15,850","15,790",594,18.68,500,"15,880","1,166",104,129,8.91,500,"15,710","1,338","12,044",451,"1,083",500,"1,590"
433,우진엔텍,"20,450",상승,920,+4.71%,500,"382,995","7,867","20,400","1,896",53,40.58,500,"202,649","21,250","20,450",517,-9.74,500,"21,250","14,108",43,54,0.57,500,"20,000","15,750","9,271",440,504,500,200
434,이수앱지스,"5,130",상승,40,+0.79%,500,"90,468",463,"5,130","1,895",134,8.23,500,"64,876","5,100","5,140","1,602",244.86,500,"5,170","20,073",594,147,3.19,500,"5,050","14,384","36,937",603,623,500,0
435,덕산하이메탈,"4,165",상승,95,+2.33%,200,"129,249",537,"4,160","1,892",186,15.20,200,"69,532","4,110","4,165","8,185",269.97,200,"4,210","5,841","3,636",313,2.12,200,"4,065","17,930","45,437","2,359",274,200,N/A
436,유니셈,"6,140",상승,130,+2.16%,500,"159,506",980,"6,130","1,883",100,13.80,500,"79,405","6,040","6,140","2,631",-42.64,500,"6,230","7,793",348,155,7.09,500,"5,990","6,997","30,664","2,182",445,500,80
437,KZ정밀,"11,930",보합,0,0.00%,500,"9,257",111,"11,930","1,879",152,14.32,500,"6,518","11,930","11,960","6,044",-26.95,500,"12,000","4,644","1,221",192,5.87,500,"11,880","1,413","15,750","1,127",833,500,800
438,현대사료,994,보합,0,0.00%,100,0,0,0,"1,873",27,4.38,100,0,0,0,"1,170",-56.45,100,0,0,281,284,2.38,100,0,0,"188,472","1,285",227,100,N/A
439,덱스터,"7,360",상승,10,+0.14%,500,"59,714",441,"7,360","1,870",-89,-15.46,500,"50,513","7,450","7,380","1,036","-21,406.94",500,"7,460","8,554",547,-107,2.81,500,"7,310","6,872","25,412",537,-476,500,N/A
440,삼양엔씨켐,"17,210",상승,110,+0.64%,500,"277,769","4,785","17,200","1,870",107,18.61,500,"81,817","17,240","17,210","1,283",45.87,500,"17,490","2,930",446,90,1.23,500,"17,020","16,155","10,866","1,105",925,500,N/A
441,모다이노칩,"2,340",상승,20,+0.86%,500,"6,040",14,"2,335","1,865",386,24.12,500,"14,264","2,360","2,340","9,681",137.95,500,"2,360",58,"5,865",127,0.14,500,"2,280","4,256","79,722","3,889",97,500,N/A
442,경동제약,"6,010",상승,30,+0.50%,500,"21,547",129,"6,000","1,849",26,31.80,500,"18,161","5,980","6,010","3,029",110.51,500,"6,030","16,050",825,54,1.75,500,"5,960","9,195","30,769","1,939",189,500,300
443,HB테크놀러지,"1,988",상승,73,+3.81%,500,"1,537,290","3,051","1,986","1,843",-165,-2.45,500,"425,763","1,937","1,988","3,488",25.16,500,"2,020","23,038",921,-516,0.00,500,"1,927","11,952","92,716","1,624",-811,500,20
444,금화피에스시,"30,700",상승,"1,500",+5.14%,500,"61,801","1,857","30,700","1,842",362,5.10,500,"25,240","30,100","30,750","4,618",-16.71,500,"30,750","4,661","1,009",400,19.97,500,"29,500","6,754","6,000","3,402","6,021",500,"1,400"
445,디와이피엔에프,"17,180",상승,180,+1.06%,500,"37,278",640,"17,180","1,841",246,7.35,500,"35,444","17,000","17,230","3,208",195.44,500,"17,290","1,253","1,926",182,4.36,500,"16,900","2,455","10,714","2,810","2,339",500,N/A
446,동양이엔피,"23,400",상승,450,+1.96%,500,"44,793","1,034","23,250","1,839",516,2.77,500,"51,742","22,950","23,400","4,885",20.16,500,"23,500","12,686",874,695,7.20,500,"22,600","14,065","7,860","5,484","8,455",500,600
447,비나텍,"28,850",하락,350,-1.20%,500,"20,453",592,"28,850","1,838",-81,-14.48,500,"30,320","29,200","28,900","1,761",-365.73,500,"29,400","2,270",922,-97,1.51,500,"28,500","3,815","6,372",596,"-1,993",500,24
448,알서포트,"3,440",상승,55,+1.62%,100,"498,256","1,706","3,435","1,832",37,88.21,100,"408,526","3,400","3,440","1,205",-53.60,100,"3,465","19,457",246,31,19.33,100,"3,375","25,032","53,267",475,39,100,10
449,KX,"4,040",상승,15,+0.37%,500,"252,565","1,015","4,030","1,832",597,2.24,500,"276,729","4,025","4,040","8,868",-3.73,500,"4,150","10,377","4,438",975,1.41,500,"3,900","5,138","45,336","4,038","1,804",500,190
450,와이솔,"6,600",상승,40,+0.61%,500,"58,763",388,"6,600","1,826",5,-58.93,500,"83,033","6,560","6,620","4,143",-96.58,500,"6,650","14,016",524,110,6.05,500,"6,530","15,818","27,672","3,750",-112,500,500
451,HB솔루션,"2,495",상승,90,+3.74%,500,"308,979",765,"2,490","1,825",193,-4.59,500,"155,152","2,420","2,495","2,933",185.95,500,"2,500","17,499",724,-208,2.87,500,"2,415","45,452","73,141","1,315",-544,500,30
452,애니플러스,"3,705",상승,5,+0.14%,100,"241,460",899,"3,705","1,812",251,9.36,100,"373,173","3,700","3,715","2,556",9.96,100,"3,750","19,718","1,317",180,2.75,100,"3,665","27,639","48,911","1,310",396,100,0
453,사피엔반도체,"22,050",상승,300,+1.38%,100,"83,319","1,814","22,050","1,811",-34,-73.50,100,"77,597","22,000","22,100",312,50.22,100,"22,200","10,797",148,-171,3.77,100,"21,300","25,441","8,213",80,-300,100,0
454,드림시큐리티,"3,560",하락,10,-0.28%,100,"232,199",830,"3,560","1,802",256,15.15,100,"171,616","3,570","3,565","5,366",-22.94,100,"3,615","24,090","3,889",121,3.41,100,"3,545","22,652","50,606","2,688",235,100,N/A
455,성우,"11,970",상승,150,+1.27%,500,"50,221",601,"11,970","1,801",146,8.59,500,"55,565","11,820","11,980","2,549",-49.40,500,"12,130","1,798",321,182,1.79,500,"11,680","1,080","15,046","1,309","1,393",500,150
456,대한약품,"30,000",상승,"1,100",+3.81%,500,"39,509","1,177","29,800","1,800",381,5.43,500,"27,020","29,100","30,000","3,244",6.38,500,"30,300","2,370",484,338,16.62,500,"28,750","7,623","6,000","2,042","5,523",500,900
457,티엘비,"18,300",상승,710,+4.04%,500,"213,722","3,887","18,290","1,799",34,41.88,500,"52,972","17,720","18,300","1,884",10.28,500,"18,520","1,638",763,36,1.99,500,"17,460","2,720","9,833","1,800",437,500,200
458,아티스트스튜디오,"18,000",하락,450,-2.44%,500,"200,764","3,626","18,000","1,799",-73,-12.07,500,"207,378","18,220","18,040",593,5.99,500,"18,640","1,614",51,-150,1.36,500,"17,660",722,"9,996",273,"-1,491",500,N/A
459,에이스테크,"2,380",하락,55,-2.26%,500,"180,743",434,"2,380","1,797",-311,-2.62,500,"952,143","2,445","2,385","3,049",49.99,500,"2,480","41,188","2,093",-408,0.00,500,"2,365","6,026","75,506","1,451",-909,500,0
460,케이에스피,"4,465",하락,10,-0.22%,500,"228,509","1,017","4,460","1,795",138,13.33,500,"270,678","4,480","4,465","1,055",16.66,500,"4,595","6,219",341,153,2.64,500,"4,385","30,257","40,191",853,335,500,15
461,엠케이전자,"8,130",상승,190,+2.39%,500,"94,785",764,"8,120","1,794",561,-8.53,500,"33,949","8,000","8,130","23,142",20.72,500,"8,140","32,904","14,001",-377,4.24,500,"7,900","11,497","22,066","11,706",-953,500,100
462,마음AI,"25,650",상승,450,+1.79%,500,"1,521,440","38,803","25,600","1,788",-71,-14.65,500,"2,867,018","25,200","25,650",497,-84.58,500,"26,200","12,523",364,-87,1.55,500,"24,200","47,678","6,971",78,"-1,751",500,0
463,이니텍,"9,030",상승,330,+3.79%,500,"71,484",637,"9,000","1,787",2,73.41,500,"70,841","8,740","9,030","1,184",106.51,500,"9,080","4,939",73,23,1.39,500,"8,650","21,069","19,791",389,123,500,0
464,KT나스미디어,"15,410",하락,180,-1.15%,500,"25,441",394,"15,370","1,783",199,-27.23,500,"20,250","15,530","15,410","4,927",-2.81,500,"15,750","1,187","2,533",-46,5.53,500,"15,350","1,027","11,568","1,426",-566,500,700
465,헥토이노베이션,"13,550",상승,150,+1.12%,500,"63,673",860,"13,550","1,778",489,6.25,500,"70,289","13,420","13,560","6,922",28.48,500,"13,570","3,497","3,624",348,9.87,500,"13,350","14,925","13,125","3,195","2,169",500,490
466,에스피소프트,"7,180",하락,20,-0.28%,100,"108,209",780,"7,180","1,776",38,45.73,100,"193,698","7,170","7,200",768,N/A,100,"7,320","2,289",142,3,1.40,100,"7,070","22,888","24,741",451,157,100,0
467,젝시믹스,"5,940",상승,40,+0.68%,500,"132,826",786,"5,930","1,775",249,9.28,500,"80,259","5,930","5,940","1,727",36.85,500,"5,990","13,418",582,209,3.52,500,"5,870","8,181","29,882","2,716",640,500,180
468,강원에너지,"6,760",상승,160,+2.42%,500,"53,325",358,"6,760","1,766",68,70.42,500,"63,699","6,570","6,770","1,639",-2.25,500,"6,810","4,104",920,-6,2.01,500,"6,520","3,122","26,123","2,244",96,500,N/A
469,에스와이,"3,590",하락,25,-0.69%,500,"168,808",608,"3,590","1,756",219,-99.72,500,"136,365","3,640","3,595","4,334",61.79,500,"3,640","40,672","2,375",63,1.17,500,"3,585","7,628","48,907","5,610",-36,500,N/A
470,유비쿼스홀딩스,"9,940",하락,10,-0.10%,500,"14,741",147,"9,920","1,750",143,25.62,500,"12,440","9,950","9,940","3,877",-55.99,500,"10,100",299,311,214,3.53,500,"9,910","9,486","17,605","1,256",388,500,130
471,사람인,"14,890",상승,50,+0.34%,500,"21,215",316,"14,890","1,744",213,17.58,500,"35,525","14,800","14,900","2,097",-15.84,500,"15,000","1,787",297,123,22.14,500,"14,690","5,549","11,709","1,284",847,500,500
472,지투파워,"9,310",상승,230,+2.53%,500,"991,170","9,301","9,300","1,742",37,52.01,500,"904,079","9,660","9,310",641,488.22,500,"9,680","22,097",274,42,0.00,500,"9,120","8,601","18,709",554,179,500,N/A
473,녹십자웰빙,"9,800",하락,200,-2.00%,500,"191,246","1,884","9,780","1,740",130,15.91,500,"332,492","9,900","9,800","1,615",N/A,500,"10,090","7,144",566,71,3.53,500,"9,680","2,137","17,752","1,338",616,500,120
474,삼지전자,"10,640",상승,110,+1.04%,500,"45,780",483,"10,630","1,736","1,156",2.66,500,"60,103","10,560","10,640","12,019",47.57,500,"10,640","1,043","5,617",941,5.66,500,"10,460","3,357","16,319","33,597","4,004",500,450
475,더네이쳐홀딩스,"11,690",상승,160,+1.39%,500,"55,466",643,"11,680","1,736",301,8.92,500,"53,854","11,550","11,690","6,983",-55.05,500,"11,720",408,"2,987",190,8.23,500,"11,440","5,620","14,848","5,169","1,311",500,500
476,와이엠티,"10,600",상승,150,+1.44%,500,"115,949","1,220","10,590","1,729",36,-60.57,500,"338,779","10,540","10,600","3,506",213.39,500,"10,710","2,337","1,540",-23,1.79,500,"10,080","7,945","16,314","1,372",-175,500,N/A
477,엔케이맥스,"2,020",보합,0,0.00%,500,0,0,0,"1,727",-51,-5.40,500,0,0,0,232,92.46,500,0,0,464,-355,4.73,500,0,0,"85,519",88,-374,500,N/A
478,KG모빌리언스,"4,540",상승,45,+1.00%,500,"53,935",244,"4,530","1,726",74,25.51,500,"71,368","4,495","4,540","5,385",-77.48,500,"4,550","4,991","1,915",82,4.13,500,"4,450","6,655","38,011","2,661",178,500,220
479,블루엠텍,"5,130",보합,0,0.00%,100,"681,099","3,496","5,130","1,719",-69,-37.17,100,"692,120","5,070","5,140","1,157",N/A,100,"5,230","32,826",685,-48,1.57,100,"5,000","42,612","33,511","1,333",-138,100,0
480,마크로젠,"15,820",상승,80,+0.51%,500,"7,517",119,"15,820","1,715",-65,-22.34,500,"8,124","15,800","15,830","3,297","-1,427.80",500,"15,870",834,"1,522",-78,1.99,500,"15,740",842,"10,841","1,358",-708,500,300
481,일진파워,"11,340",상승,220,+1.98%,500,"438,762","4,992","11,340","1,710",103,93.72,500,"202,559","11,790","11,350","2,705",-21.70,500,"11,940","3,052","1,333",99,2.01,500,"10,800","5,521","15,079","1,931",121,500,330
482,오리엔트정공,"5,370",하락,100,-1.83%,500,"3,945,875","21,507","5,360","1,705",12,-233.48,500,"11,105,168","5,450","5,370",994,-38.20,500,"5,690","77,891",614,0,7.71,500,"5,260","19,581","31,743","1,734",-23,500,N/A
483,에어레인,"20,850",하락,350,-1.65%,100,"384,274","8,016","20,850","1,704",19,76.65,100,"440,361","21,050","20,900",824,679.39,100,"21,500","23,531",184,20,1.14,100,"20,400","17,414","8,175",245,272,100,N/A
484,이지바이오,"5,150",하락,160,-3.01%,100,"326,824","1,706","5,140","1,704",324,8.60,100,"159,176","5,280","5,150","3,600",57.00,100,"5,350","19,188","2,712",199,4.30,100,"5,100","16,803","33,082","3,843",599,100,200
485,선진뷰티사이언스,"13,950",하락,330,-2.31%,500,"143,090","1,992","13,940","1,702",106,19.59,500,"131,692","14,280","13,950","1,541",17.65,500,"14,280","4,014",713,104,2.44,500,"13,710","2,468","12,203",794,712,500,60
486,에스와이스틸텍,"5,560",하락,130,-2.28%,500,"519,828","2,914","5,560","1,702",81,36.58,500,"301,514","5,630","5,570",800,-44.49,500,"5,750","24,409",299,61,1.51,500,"5,500","12,976","30,610","1,170",152,500,50
487,엘오티베큠,"9,550",상승,240,+2.58%,500,"89,323",850,"9,550","1,701",-42,-23.46,500,"79,314","9,400","9,570","3,392",-106.21,500,"9,640","1,569",824,24,5.65,500,"9,250","5,340","17,810","2,660",-407,500,N/A
488,켄코아에어로스페이스,"12,970",상승,30,+0.23%,500,"106,240","1,386","12,970","1,700",-54,-27.19,500,"105,547","13,060","12,980","2,531",-710.21,500,"13,250","2,640",697,-77,3.56,500,"12,920","4,576","13,105",862,-477,500,N/A
489,NICE인프라,"4,955",상승,45,+0.92%,500,"34,470",170,"4,950","1,692",187,83.98,500,"45,527","4,910","4,955","5,478",-32.60,500,"4,970","11,876","3,673",24,1.51,500,"4,905","7,330","34,148","3,387",59,500,125
490,이노스페이스,"18,000",하락,140,-0.77%,"1,000","37,601",679,"18,000","1,688",-329,-3.99,"1,000","32,216","18,140","18,010",559,-106.57,"1,000","18,180","4,317",117,-333,1.26,"1,000","18,000",637,"9,376",0,"-4,511","1,000",N/A
491,지니언스,"18,370",상승,200,+1.10%,500,"37,124",677,"18,270","1,668",98,14.97,500,"71,954","18,330","18,370",693,52.16,500,"18,780",567,125,109,26.40,500,"17,940","2,786","9,080",496,"1,227",500,250
492,동국S&C,"2,910",상승,65,+2.28%,500,"300,438",870,"2,900","1,663",-55,-5.15,500,"414,624","2,875","2,910","3,108",84.31,500,"2,920","20,137","1,233",-398,1.86,500,"2,865","59,211","57,143","1,658",-565,500,N/A
493,티움바이오,"6,220",하락,110,-1.74%,500,"218,902","1,352","6,220","1,663",-187,-8.50,500,"194,445","6,400","6,230","1,073",32.81,500,"6,400","11,644",565,-235,1.26,500,"5,930","3,359","26,731",68,-732,500,0
494,파워로직스,"4,540",상승,35,+0.78%,500,"45,166",205,"4,540","1,662",24,37.83,500,"54,138","4,505","4,550","4,161",-84.46,500,"4,630","8,794","1,981",100,1.64,500,"4,505","5,608","36,611","7,334",120,500,N/A
495,대동기어,"18,450",하락,100,-0.54%,500,"135,635","2,511","18,450","1,658",45,-66.61,500,"212,152","18,400","18,460","2,494",-44.81,500,"18,720","4,363","1,639",12,0.57,500,"18,320","3,261","8,988","2,571",-277,500,40
496,동구바이오제약,"5,820",하락,10,-0.17%,500,"67,101",393,"5,800","1,657",127,-54.39,500,"43,690","5,860","5,820","2,441",-13.17,500,"5,950","7,635","1,386",20,2.49,500,"5,750",934,"28,465","2,493",-107,500,120
497,흥구석유,"11,030",하락,30,-0.27%,100,"59,322",653,"11,030","1,654",-3,250.68,100,"96,856","11,050","11,040",929,-425.10,100,"11,050","9,512",140,6,0.09,100,"10,970","10,883","15,000","1,169",44,100,30
498,씨티씨바이오,"6,840",하락,80,-1.16%,500,"17,551",120,"6,830","1,654",-40,-38.43,500,"26,447","6,870","6,840","1,537",13.65,500,"6,930","4,931",841,-52,1.66,500,"6,820","6,259","24,181","1,444",-178,500,N/A
499,아이디스,"15,400",상승,20,+0.13%,500,"10,205",157,"15,350","1,650",161,12.90,500,"14,101","15,410","15,400","4,521",-28.96,500,"15,620","1,205","1,118",129,1.60,500,"15,230",788,"10,716","3,136","1,194",500,300
500,케이엔솔,"12,660",상승,110,+0.88%,500,"47,381",601,"12,650","1,646",264,10.38,500,"51,517","12,590","12,660","4,157",43.10,500,"12,750","3,773","2,298",134,2.90,500,"12,550","3,715","13,000","5,792","1,220",500,300
