N,종목명,현재가,전일비변동,전일비,등락률,액면가,거래량,거래대금,매수호가,시가총액,영업이익,PER,액면가,전일거래량,시가,매도호가,자산총계,영업이익증가율,액면가,고가,매수총잔량,부채총계,당기순이익,외국인비율,액면가,저가,매도총잔량,상장주식수,매출액,주당순이익,액면가,보통주배당금
1,삼성전자,"59,100",상승,"1,300",+2.25%,100,"23,260,446","1,373,924","59,000","3,498,506","327,260",11.45,100,"19,649,983","58,100","59,100","5,145,319",398.34,100,"59,900","776,693","1,123,399","344,514",49.64,100,"57,900","2,252,414","5,919,638","3,008,709","5,162",100,"1,446"
2,SK하이닉스,"224,500",상승,"7,000",+3.22%,"5,000","4,789,305","1,084,589","224,500","1,634,365","234,673",6.29,"5,000","5,108,674","225,500","225,000","1,198,552",403.58,"5,000","230,000","169,504","459,395","197,969",54.81,"5,000","222,000","311,320","728,002","661,930","35,682","5,000","2,204"
3,삼성바이오로직스,"1,019,000",하락,"15,000",-1.45%,"2,500","90,871","93,300","1,018,000","725,263","13,201",56.68,"2,500","79,421","1,027,000","1,019,000","173,363",18.53,"2,500","1,040,000","5,481","64,316","10,833",12.87,"2,500","1,015,000","4,175","71,174","45,473","17,977","2,500",0
4,LG에너지솔루션,"291,000",상승,"2,500",+0.87%,500,"207,656","60,527","290,500","680,940","5,754",-58.50,500,"214,348","287,500","291,000","603,068",-73.40,500,"295,000","11,711","293,402","3,386",4.03,500,"284,500","16,569","234,000","256,196","-4,974",500,N/A
5,한화에어로스페이스,"905,000",상승,"60,000",+7.10%,"5,000","490,877","438,581","904,000","428,031","17,319",18.30,"5,000","213,653","848,000","905,000","433,369",191.41,"5,000","925,000","6,160","319,726","25,399",45.12,"5,000","844,000","13,455","47,296","112,401","49,447","5,000","3,500"
6,KB금융,"106,300",하락,"1,600",-1.48%,"5,000","2,031,528","215,892","106,200","405,494","80,453",8.37,"5,000","2,503,826","107,900","106,300","7,578,455",26.00,"5,000","108,000","44,273","6,980,304","50,286",78.04,"5,000","104,100","96,327","381,462","850,764","12,705","5,000","3,174"
7,삼성전자우,"48,500",상승,"1,000",+2.11%,100,"1,777,272","85,957","48,450","395,748",N/A,9.40,100,"1,838,848","47,900","48,500",N/A,N/A,100,"48,950","46,069",N/A,N/A,73.71,100,"47,650","156,466","815,975",N/A,"5,162",100,N/A
8,현대차,"189,600",상승,"3,600",+1.94%,"5,000","797,915","151,597","189,500","388,221","142,396",4.13,"5,000","577,325","186,000","189,600","3,397,984",-5.87,"5,000","193,000","23,351","2,195,225","132,299",35.51,"5,000","186,000","42,333","204,758","1,752,312","45,880","5,000","12,000"
9,HD현대중공업,"425,000",하락,"3,000",-0.70%,"5,000","397,155","170,869","424,500","377,286","7,052",43.02,"5,000","252,967","447,000","425,000","193,909",294.77,"5,000","456,500","7,849","136,865","6,215",10.54,"5,000","418,500","14,208","88,773","144,865","9,880","5,000","2,090"
10,기아,"93,100",상승,"3,500",+3.91%,"5,000","1,396,737","129,052","93,100","370,233","126,671",3.97,"5,000","862,750","89,100","93,200","927,559",9.13,"5,000","93,500","33,361","369,156","97,750",38.44,"5,000","89,100","151,770","397,673","1,074,488","23,440","5,000","6,500"
11,셀트리온,"163,100",상승,"2,600",+1.62%,"1,000","529,383","85,928","163,000","362,777","4,920",72.68,"1,000","468,416","160,200","163,100","210,552",-24.48,"1,000","163,400","11,736","34,752","4,189",21.32,"1,000","160,200","24,651","222,426","35,573","2,244","1,000",735
12,NAVER,"191,200",상승,"5,700",+3.07%,100,"848,167","161,186","191,100","302,932","19,793",16.70,100,"817,069","186,300","191,200","381,679",32.94,100,"192,000","9,505","111,670","19,320",48.52,100,"186,300","45,313","158,437","107,377","11,452",100,"1,130"
13,두산에너빌리티,"45,900",상승,"3,250",+7.62%,"5,000","20,061,143","901,938","45,850","294,018","10,176",-288.68,"5,000","11,387,783","45,750","45,900","263,148",-30.65,"5,000","46,250","341,997","146,537","3,947",26.56,"5,000","43,100","635,906","640,561","162,331",-159,"5,000",N/A
14,신한지주,"59,200",하락,700,-1.17%,"5,000","1,754,993","103,967","59,100","293,538","64,587",6.77,"5,000","2,590,648","59,700","59,200","7,397,643",5.87,"5,000","60,100","100,255","6,809,432","45,582",58.69,"5,000","58,400","124,801","495,842","419,028","8,740","5,000","2,160"
15,삼성물산,"168,900",상승,"11,100",+7.03%,100,"1,122,819","183,752","168,800","287,090","29,834",13.49,100,"807,743","162,100","168,900","619,904",3.95,100,"169,000","1,350","247,319","27,720",27.07,100,"157,400","44,710","169,977","421,032","12,523",100,"2,600"
16,삼성생명,"120,500",상승,"11,700",+10.75%,500,"1,144,121","133,419","120,400","241,000","24,998",11.44,500,"711,148","108,300","120,500","3,122,188",4.23,500,"128,200","12,569","2,794,809","22,603",21.80,500,"106,600","11,858","200,000","337,860","10,534",500,"4,500"
17,한화오션,"78,000",상승,"1,200",+1.56%,"5,000","2,446,125","191,279","78,000","239,002","2,379",34.50,"5,000","1,957,149","77,500","78,100","178,438",221.06,"5,000","79,400","89,800","129,805","5,282",12.60,"5,000","77,200","177,169","306,413","107,760","2,261","5,000",N/A
18,현대모비스,"254,000",상승,"4,000",+1.60%,"5,000","178,381","45,295","253,500","236,208","30,735",5.60,"5,000","229,704","249,000","254,000","665,969",33.90,"5,000","257,500","8,015","204,787","40,602",41.95,"5,000","249,000","14,057","92,995","572,370","45,380","5,000","6,000"
19,HD한국조선해양,"319,000",하락,"8,500",-2.60%,"5,000","320,537","103,884","319,000","225,766","14,341",15.27,"5,000","377,657","331,500","319,500","367,191",408.07,"5,000","335,000","15,555","225,633","14,546",32.59,"5,000","319,000","9,970","70,773","255,386","20,895","5,000","5,100"
20,HMM,"21,600",하락,950,-4.21%,"5,000","3,020,941","66,286","21,550","221,409","35,128",4.26,"5,000","2,651,013","22,650","21,600","338,486",500.72,"5,000","22,950","190,311","59,930","37,821",7.71,"5,000","21,550","328,966","1,025,039","117,002","5,073","5,000",600
21,하나금융지주,"73,500",하락,"1,000",-1.34%,"5,000","1,078,138","79,634","73,400","209,272","48,552",5.71,"5,000","1,734,080","73,200","73,500","6,378,475",3.45,"5,000","74,700","43,232","5,942,706","37,685",67.36,"5,000","73,200","42,914","284,724","816,143","12,872","5,000","3,600"
22,POSCO홀딩스,"257,000",상승,"11,500",+4.68%,"5,000","380,896","97,310","256,500","207,998","21,736",24.99,"5,000","331,807","246,500","257,000","1,034,042",-38.45,"5,000","259,000","13,350","419,538","9,476",29.07,"5,000","246,500","45,943","80,933","726,881","10,286","5,000","10,000"
23,삼성화재,"445,500",상승,"20,000",+4.70%,500,"187,803","81,755","445,500","204,980","26,496",10.86,500,"162,127","425,000","446,000","872,695",12.40,500,"447,000","19,083","716,673","20,768",55.60,500,"418,000","2,545","46,011","226,570","41,007",500,"19,000"
24,메리츠금융지주,"111,100",하락,"2,800",-2.46%,500,"487,704","54,594","111,100","199,996","31,889",9.34,500,"313,877","113,900","111,200","1,155,782",8.71,500,"114,500","14,962","1,046,482","23,334",15.89,500,"110,700","19,550","180,014","465,745","11,897",500,"1,350"
25,카카오,"44,300",상승,"2,700",+6.49%,100,"5,070,135","222,214","44,300","195,678","4,602",128.03,100,"3,838,475","42,000","44,350","257,730",-0.14,100,"44,900","129,054","118,301","-1,619",29.02,100,"41,850","128,901","441,711","78,717",346,100,68
26,한국전력,"29,350",하락,300,-1.01%,"5,000","3,771,966","111,167","29,300","188,416","83,647",3.58,"5,000","4,036,843","30,150","29,350","2,468,078",284.18,"5,000","30,400","224,709","2,054,450","36,220",19.25,"5,000","29,100","166,199","641,964","933,989","8,191","5,000",213
27,크래프톤,"369,500",상승,"2,000",+0.54%,100,"129,540","47,948","369,000","177,062","11,825",13.35,100,"163,369","365,000","369,500","79,195",53.96,100,"375,500","4,747","10,903","13,026",42.22,100,"365,000","12,867","47,919","27,098","27,686",100,0
28,SK스퀘어,"129,300",상승,"4,600",+3.69%,100,"752,629","97,319","129,200","171,375","39,126",3.49,100,"888,057","126,500","129,300","219,211",267.23,100,"132,200","8,641","23,356","36,505",52.33,100,"125,000","10,322","132,541","61,385","37,069",100,0
29,현대로템,"155,500",하락,600,-0.38%,"5,000","1,014,694","157,066","155,400","169,716","4,566",33.34,"5,000","1,001,543","157,400","155,500","52,854",117.36,"5,000","158,100","14,150","32,763","4,053",32.24,"5,000","150,200","13,685","109,142","43,766","4,664","5,000",200
30,고려아연,"758,000",하락,"12,000",-1.56%,"5,000","17,348","13,186","758,000","156,931","7,235",63.70,"5,000","28,116","753,000","759,000","147,923",9.63,"5,000","770,000","1,469","71,969","1,948",12.04,"5,000","753,000",681,"20,703","120,529","11,900","5,000","17,500"
31,우리금융지주,"20,100",하락,200,-0.99%,"5,000","2,999,578","60,787","20,050","149,261","42,552",4.85,"5,000","4,745,709","20,500","20,100","5,257,533",21.61,"5,000","20,800","160,965","4,898,581","31,715",45.49,"5,000","20,000","165,000","742,592","466,167","4,144","5,000","1,200"
32,KT&G,"122,200",하락,"2,200",-1.77%,"5,000","229,131","28,186","122,200","149,160","11,888",13.76,"5,000","447,300","122,200","122,300","139,252",1.84,"5,000","124,900","7,457","45,668","11,650",43.36,"5,000","121,900","17,990","122,062","59,088","8,881","5,000","5,400"
33,삼성중공업,"16,750",하락,130,-0.77%,"1,000","7,276,443","122,201","16,740","147,400","5,027",100.90,"1,000","9,351,134","16,950","16,750","171,946",115.43,"1,000","17,160","180,879","134,452",539,31.99,"1,000","16,620","171,562","880,000","99,031",166,"1,000",N/A
34,LG화학,"201,500",상승,"2,800",+1.41%,"5,000","240,315","48,359","201,000","142,244","9,168",-16.87,"5,000","281,974","199,200","201,500","938,578",-63.75,"5,000","204,000","16,991","458,623","5,150",29.92,"5,000","197,500","37,027","70,592","489,161","-11,946","5,000","1,000"
35,HD현대일렉트릭,"389,000",상승,"7,000",+1.83%,"5,000","224,483","87,638","388,500","140,223","6,690",24.97,"5,000","244,896","383,000","389,000","37,955",112.23,"5,000","394,500","5,562","22,880","4,984",32.87,"5,000","382,500","10,187","36,047","33,223","15,581","5,000","5,350"
36,SK이노베이션,"92,100",상승,"1,200",+1.32%,"5,000","319,259","29,395","92,000","139,103","3,155",-4.55,"5,000","377,011","91,300","92,100","1,105,301",-83.43,"5,000","93,200","6,083","708,812","-23,725",13.50,"5,000","90,300","28,468","151,035","747,170","-20,236","5,000","2,000"
37,SK,"187,000",상승,"6,300",+3.49%,200,"577,699","106,843","186,600","135,580","23,553",15.23,200,"885,037","188,000","187,000","2,149,778",-50.46,200,"189,500",697,"1,346,902","5,288",23.41,200,"180,000","9,721","72,503","1,246,904","12,281",200,"7,000"
38,기업은행,"16,050",상승,250,+1.58%,"5,000","1,566,071","25,107","16,040","127,987","35,941",4.84,"5,000","1,742,846","15,800","16,050","4,722,198",4.71,"5,000","16,190","17,389","4,379,887","26,543",14.00,"5,000","15,760","74,265","797,426","324,300","3,316","5,000","1,065"
39,KT,"50,300",상승,450,+0.90%,"5,000","316,256","16,013","50,300","126,767","8,095",20.03,"5,000","502,838","49,900","50,500","418,800",-50.93,"5,000","51,000","17,012","238,834","4,171",49.00,"5,000","49,900","19,903","252,022","264,312","2,511","5,000","2,000"
40,삼성SDI,"174,300",상승,"1,900",+1.10%,"5,000","366,309","63,771","174,200","119,857","3,633",119.30,"5,000","503,464","170,800","174,300","405,973",-76.49,"5,000","176,300","9,523","190,301","5,755",29.77,"5,000","170,200","13,688","68,765","165,922","1,461","5,000",973
41,하이브,"284,500",상승,"3,500",+1.25%,500,"186,632","53,201","284,000","118,500","1,840",226.51,500,"231,183","284,000","284,500","54,792",-37.75,500,"288,500","8,779","19,654",-34,18.25,500,"281,500","26,943","41,652","22,556","1,256",500,200
42,LG전자,"72,400",상승,"1,100",+1.54%,"5,000","458,239","33,114","72,300","118,481","34,197",18.93,"5,000","593,895","71,600","72,400","656,296",-6.40,"5,000","72,800","32,711","404,179","5,914",29.60,"5,000","71,600","66,203","163,648","877,282","3,825","5,000","1,000"
43,LG,"74,100",상승,100,+0.14%,"5,000","464,049","34,407","74,000","116,523","9,668",14.66,"5,000","592,876","75,500","74,100","316,393",-39.16,"5,000","75,900","12,450","35,066","7,905",35.02,"5,000","73,100","38,051","157,251","71,755","5,053","5,000","3,100"
44,카카오뱅크,"24,250",상승,550,+2.32%,"5,000","662,075","16,009","24,200","115,670","6,069",26.27,"5,000","606,488","23,500","24,250","628,053",26.83,"5,000","24,450","35,714","562,652","4,401",17.37,"5,000","23,500","190,962","476,989","29,456",923,"5,000",360
45,SK텔레콤,"52,600",상승,100,+0.19%,100,"824,914","43,396","52,600","112,980","18,234",8.95,100,"1,196,353","52,700","52,700","305,153",4.00,100,"52,900","184,911","186,876","13,871",39.85,100,"52,300","87,890","214,790","179,406","5,874",100,"3,540"
46,삼성에스디에스,"134,600",상승,"1,800",+1.36%,500,"108,022","14,507","134,300","104,151","9,111",13.75,500,"150,383","131,800","134,600","132,383",12.73,500,"135,400","4,427","35,329","7,895",19.23,500,"131,800","15,210","77,378","138,282","9,791",500,"2,900"
47,미래에셋증권,"17,820",상승,130,+0.73%,"5,000","4,185,880","73,467","17,810","101,630","11,881",14.50,"5,000","12,638,701","17,690","17,820","1,371,770",128.02,"5,000","17,900","20,303","1,249,133","9,255",13.66,"5,000","17,090","132,530","570,316","222,342","1,229","5,000",250
48,한진칼,"149,700",하락,"2,800",-1.84%,"2,500","218,225","33,139","149,600","99,943",492,21.94,"2,500","325,112","150,000","149,700","42,072",14.82,"2,500","157,600","1,656","8,940","5,122",20.67,"2,500","146,000","1,526","66,762","2,922","6,822","2,500",360
49,LIG넥스원,"449,500",하락,"2,500",-0.55%,"5,000","189,199","84,399","449,500","98,890","2,298",40.30,"5,000","124,487","452,000","450,000","61,253",23.29,"5,000","457,000","5,665","48,878","2,166",31.87,"5,000","439,000","2,866","22,000","32,763","11,153","5,000","2,400"
50,삼성전기,"132,000",상승,"10,300",+8.46%,"5,000","956,814","124,664","131,900","98,596","7,350",16.27,"5,000","309,432","123,100","132,000","127,924",11.27,"5,000","133,300","5,880","37,765","7,032",32.16,"5,000","122,800","23,791","74,694","102,941","8,115","5,000","1,800"
51,HD현대,"118,000",하락,"2,300",-1.91%,"1,000","579,020","68,936","117,900","93,212","29,832",17.75,"1,000","907,474","123,400","118,000","738,667",46.84,"1,000","123,400","11,854","474,816","19,302",21.49,"1,000","117,000","10,549","78,993","677,656","6,647","1,000","3,600"
52,포스코퓨처엠,"119,000",상승,"2,000",+1.71%,500,"261,016","31,063","119,000","92,181",7,-41.26,500,"289,821","116,400","119,100","79,325",-97.99,500,"121,500","3,456","46,120","-2,313",10.07,500,"115,800","7,810","77,463","36,999","-2,884",500,0
53,두산,"549,000",상승,"9,000",+1.67%,"5,000","156,282","85,640","549,000","90,716","10,038",-56.66,"5,000","228,484","563,000","550,000","301,431",-30.11,"5,000","563,000","4,804","182,536","3,022",12.51,"5,000","533,000","6,035","16,524","181,329","-9,690","5,000","2,000"
54,포스코인터내셔널,"50,500",상승,850,+1.71%,"5,000","420,272","21,247","50,400","88,841","11,169",16.51,"5,000","436,378","49,650","50,500","173,363",-3.97,"5,000","51,000","13,576","99,869","5,034",6.49,"5,000","49,450","41,732","175,923","323,408","3,058","5,000","1,550"
55,현대글로비스,"117,900",상승,"4,700",+4.15%,500,"294,167","34,768","117,800","88,425","17,529",7.45,500,"162,301","114,900","117,900","168,491",12.80,500,"120,200","4,147","80,398","10,995",49.37,500,"113,700","11,249","75,000","284,074","15,834",500,"3,700"
56,한국항공우주,"89,200",상승,"2,000",+2.29%,"5,000","1,492,209","134,804","89,100","86,948","2,407",52.53,"5,000","1,372,220","88,100","89,200","80,255",-2.74,"5,000","92,700","24,385","62,984","1,709",34.63,"5,000","88,000","41,601","97,475","36,337","1,698","5,000",500
57,삼양식품,"1,133,000",상승,"3,000",+0.27%,"5,000","41,051","46,471","1,132,000","85,349","3,446",28.02,"5,000","62,357","1,126,000","1,133,000","15,948",133.58,"5,000","1,142,000",695,"7,667","2,713",19.44,"5,000","1,118,000","1,927","7,533","17,280","40,436","5,000","3,300"
58,대한항공,"22,800",보합,0,0.00%,"5,000","1,560,863","35,897","22,800","83,954","21,102",6.86,"5,000","1,125,126","23,150","22,850","470,121",17.88,"5,000","23,500","217,257","360,489","13,819",17.06,"5,000","22,800","144,811","368,221","178,707","3,322","5,000",750
59,KODEX CD금리액티브(합성),"1,071,665",상승,80,+0.01%,0,"166,333","178,252","1,071,660","83,650",N/A,N/A,0,"183,172","1,071,660","1,071,665",N/A,N/A,0,"1,071,665","377,463",N/A,N/A,0.00,0,"1,071,660","386,810","7,806",N/A,N/A,0,N/A
60,유한양행,"103,800",상승,800,+0.78%,"1,000","327,830","34,194","103,800","83,257",549,126.43,"1,000","448,823","103,100","103,900","29,420",-3.77,"1,000","105,300","35,557","7,914",552,17.75,"1,000","102,900","9,806","80,209","20,678",821,"1,000",500
61,한화시스템,"44,000",상승,100,+0.23%,"5,000","1,750,121","77,058","44,000","83,125","2,193",18.88,"5,000","1,800,507","43,650","44,050","57,240",78.95,"5,000","44,800","66,178","33,076","4,454",8.31,"5,000","43,400","42,868","188,919","28,037","2,331","5,000",350
62,HD현대마린솔루션,"182,800",하락,500,-0.27%,500,"224,972","41,038","182,600","81,948","2,717",32.71,500,"226,555","183,000","182,800","11,522",34.87,500,"185,700",237,"3,787","2,279",28.63,500,"180,300","5,440","44,829","17,455","5,588",500,"3,150"
63,TIGER 미국S&P500,"20,145",하락,170,-0.84%,0,"3,829,063","77,183","20,140","80,620",N/A,N/A,0,"2,298,819","20,225","20,145",N/A,N/A,0,"20,240","242,915",N/A,N/A,0.14,0,"20,105","138,907","400,200",N/A,N/A,0,N/A
64,아모레퍼시픽,"137,300",상승,"3,200",+2.39%,500,"518,163","71,209","137,200","80,311","2,205",15.16,500,"263,213","134,700","137,300","67,835",103.83,500,"139,300","2,809","14,575","6,016",23.55,500,"134,400","14,814","58,493","38,851","9,057",500,"1,125"
65,한미반도체,"82,700",하락,100,-0.12%,100,"1,122,713","93,755","82,600","79,900","2,554",58.16,100,"798,872","83,000","82,700","7,109",638.74,100,"85,000","36,591","1,700","1,526",7.71,100,"81,300","24,141","96,614","5,589","1,422",100,720
66,HD현대미포,"197,000",하락,"5,000",-2.48%,"5,000","281,669","55,915","197,000","78,686",885,51.54,"5,000","375,281","200,500","197,100","51,089",157.89,"5,000","206,000","5,623","30,024","1,132",20.71,"5,000","195,900","5,655","39,942","46,300","3,822","5,000",710
67,LS ELECTRIC,"259,000",상승,"2,500",+0.97%,"5,000","144,050","37,226","258,500","77,700","3,897",33.75,"5,000","156,632","259,000","259,000","44,852",19.96,"5,000","261,500","9,124","25,951","2,422",23.77,"5,000","254,500","19,014","30,000","45,518","7,673","5,000","2,900"
68,현대건설,"68,000",하락,800,-1.16%,"5,000","2,563,947","173,150","67,900","75,722","-12,634",-37.53,"5,000","2,405,892","71,000","68,000","270,054",-260.86,"5,000","71,100","48,229","173,360","-7,662",23.73,"5,000","65,300","53,919","111,356","326,703","-1,812","5,000",600
69,DB손해보험,"105,900",상승,"2,200",+2.12%,500,"213,994","22,446","105,800","74,977","24,249",4.05,500,"231,222","101,700","105,900","665,061",8.50,500,"106,900","3,113","571,149","18,532",46.16,500,"101,400","17,244","70,800","218,350","26,152",500,"6,800"
70,SK바이오팜,"90,400",상승,700,+0.78%,500,"153,534","13,914","90,300","70,795",963,28.18,500,"263,233","89,700","90,400","10,368",356.75,500,"91,400","15,972","4,628","2,270",11.03,500,"89,600","5,590","78,313","5,476","3,208",500,N/A
71,KODEX 머니마켓액티브,"103,025",상승,35,+0.03%,0,"505,228","52,049","103,020","68,901",N/A,N/A,0,"461,721","103,020","103,025",N/A,N/A,0,"103,025","720,681",N/A,N/A,0.00,0,"103,020","609,526","66,878",N/A,N/A,0,N/A
72,한화,"90,700",하락,"2,700",-2.89%,"5,000","1,434,465","129,679","90,700","67,988","24,161",8.67,"5,000","3,261,845","92,200","90,800","2,520,370",0.17,"5,000","93,000","23,389","2,124,752","16,904",15.43,"5,000","88,700","14,684","74,959","556,468","10,464","5,000",800
73,코웨이,"92,300",상승,"1,200",+1.32%,500,"151,753","14,117","92,300","66,372","7,954",11.77,500,"205,090","91,900","92,400","57,616",8.77,500,"94,500","8,240","25,654","5,655",61.44,500,"91,800","11,540","71,909","43,101","7,843",500,"2,630"
74,KODEX 200,"37,790",상승,650,+1.75%,0,"8,051,779","304,508","37,790","66,132",N/A,N/A,0,"10,197,246","37,430","37,795",N/A,N/A,0,"38,180","172,928",N/A,N/A,30.07,0,"37,400","245,607","175,000",N/A,N/A,0,N/A
75,한국금융지주,"114,100",상승,400,+0.35%,"5,000","292,433","33,193","114,000","63,583","11,997",6.76,"5,000","582,957","113,700","114,100","1,092,202",46.24,"5,000","115,300","3,146","994,857","10,459",37.94,"5,000","111,100","13,829","55,726","211,741","16,883","5,000","3,980"
76,S-Oil,"56,300",상승,500,+0.90%,"2,500","226,345","12,853","56,300","63,384","4,222",-16.26,"2,500","256,423","56,400","56,400","244,514",-68.83,"2,500","58,000","16,154","157,558","-1,930",73.40,"2,500","56,000","15,732","112,583","366,370","-3,463","2,500",125
77,효성중공업,"650,000",상승,"2,000",+0.31%,"5,000","38,478","25,010","650,000","60,610","3,625",19.99,"5,000","40,001","648,000","651,000","62,188",40.59,"5,000","657,000","2,404","41,632","2,229",22.73,"5,000","644,000","2,595","9,325","48,950","32,509","5,000","5,000"
78,NH투자증권,"17,860",하락,60,-0.33%,"5,000","822,520","14,714","17,850","58,490","9,011",9.04,"5,000","1,533,154","17,930","17,860","624,271",24.16,"5,000","18,250","14,031","543,077","6,866",16.23,"5,000","17,700","16,672","327,492","100,343","1,976","5,000",950
79,LS,"180,500",상승,"7,300",+4.21%,"5,000","311,201","55,679","180,400","58,121","10,729",20.46,"5,000","512,504","180,100","180,500","205,279",19.26,"5,000","181,800","3,276","136,468","3,915",13.45,"5,000","175,700","6,378","32,200","275,447","8,821","5,000","1,650"
80,맥쿼리인프라,"11,720",상승,40,+0.34%,0,"739,374","8,636","11,710","56,130",N/A,N/A,0,"954,354","11,660","11,720",N/A,N/A,0,"11,730","133,333",N/A,N/A,9.12,0,"11,630","174,556","478,922",N/A,N/A,0,N/A
81,LG유플러스,"12,850",하락,310,-2.36%,"5,000","1,523,309","19,583","12,830","56,105","8,631",13.71,"5,000","2,020,605","12,970","12,850","197,077",-13.52,"5,000","13,130","23,267","109,394","3,146",36.81,"5,000","12,740","57,287","436,611","146,252",937,"5,000",650
82,삼성증권,"61,500",하락,500,-0.81%,"5,000","482,283","29,698","61,400","54,920","12,058",6.11,"5,000","680,028","62,500","61,500","622,739",62.69,"5,000","62,900","41,432","549,497","8,990",29.76,"5,000","60,700","21,549","89,300","134,666","10,068","5,000","3,500"
83,한화솔루션,"30,950",하락,650,-2.06%,"5,000","1,910,747","59,229","30,950","53,201","-3,002",-5.46,"5,000","5,043,612","31,250","31,000","300,368",-151.83,"5,000","31,350","251,545","194,300","-13,690",13.32,"5,000","30,650","105,646","171,893","123,940","-5,673","5,000",300
84,LG생활건강,"340,500",상승,"10,500",+3.18%,"5,000","55,370","18,816","340,000","53,180","4,590",33.37,"5,000","53,632","330,000","340,500","74,058",-5.74,"5,000","344,000","1,420","17,199","2,039",28.36,"5,000","330,000","9,304","15,618","68,119","10,204","5,000","3,500"
85,현대차2우B,"151,800",상승,"1,000",+0.66%,"5,000","126,422","19,166","151,300","53,075",N/A,3.31,"5,000","146,938","151,000","151,800",N/A,N/A,"5,000","152,900","4,058",N/A,N/A,60.16,"5,000","150,100","4,885","34,964",N/A,"45,880","5,000",N/A
86,삼성카드,"44,300",상승,150,+0.34%,"5,000","102,343","4,506","44,250","51,325","8,854",7.72,"5,000","128,976","43,900","44,300","294,941",9.31,"5,000","44,300","2,755","210,079","6,646",6.35,"5,000","43,550","5,829","115,859","43,832","5,736","5,000","2,800"
87,카카오페이,"38,100",상승,800,+2.14%,500,"361,202","13,850","38,100","51,318",-575,"-1,229.03",500,"366,439","37,200","38,150","44,147",-1.59,500,"39,200","11,384","25,039",-215,38.59,500,"37,200","6,048","134,694","7,662",-31,500,0
88,LG씨엔에스,"51,500",상승,300,+0.59%,500,"265,991","13,719","51,400","49,896","5,129",11.20,500,"210,224","51,500","51,500","45,045",10.52,500,"52,100","33,776","23,817","3,649",1.36,500,"51,000","38,619","96,886","59,826","4,597",500,"1,672"
89,TIGER 미국나스닥100,"130,875",하락,800,-0.61%,0,"190,794","24,984","130,870","49,418",N/A,N/A,0,"161,282","131,375","130,875",N/A,N/A,0,"131,565","15,975",N/A,N/A,0.05,0,"130,670","7,968","37,760",N/A,N/A,0,N/A
90,한국타이어앤테크놀로지,"39,000",상승,450,+1.17%,500,"447,340","17,477","39,000","48,311","17,623",4.48,500,"524,861","38,550","39,050","158,497",32.71,500,"39,400","22,216","46,549","11,311",36.02,500,"38,500","30,661","123,875","94,119","8,704",500,"2,000"
91,넷마블,"55,900",상승,"1,200",+2.19%,100,"169,961","9,466","55,800","48,048","2,156",47.25,100,"147,353","54,600","55,900","81,771",414.93,100,"57,000","6,016","27,032",32,24.53,100,"54,400","11,983","85,954","26,638","1,183",100,417
92,TIGER CD금리투자KIS(합성),"56,155",상승,5,+0.01%,0,"126,057","7,078","56,150","47,742",N/A,N/A,0,"152,371","56,150","56,155",N/A,N/A,0,"56,155","1,169,725",N/A,N/A,0.01,0,"56,150","1,166,712","85,018",N/A,N/A,0,N/A
93,두산밥캣,"47,800",상승,200,+0.42%,500,"157,061","7,526","47,750","45,819","8,714",10.38,500,"234,515","47,350","47,800","120,096",-37.31,500,"48,500","10,358","51,151","5,634",35.93,500,"47,300","16,525","95,856","85,512","4,606",500,"1,600"
94,에이피알,"120,800",하락,"4,000",-3.21%,100,"437,164","52,983","120,800","45,477","1,227",34.37,100,"337,544","125,500","120,900","5,651",17.77,100,"125,600","7,208","2,416","1,076",23.12,100,"118,800","7,123","37,647","7,228","3,515",100,0
95,CJ,"153,200",상승,"1,300",+0.86%,"5,000","349,179","53,327","153,200","44,699","25,475",55.01,"5,000","578,240","155,000","153,500","474,970",24.93,"5,000","156,600","3,286","297,506","1,512",11.30,"5,000","150,100","1,620","29,177","436,467","2,785","5,000","3,000"
96,오리온,"112,300",상승,600,+0.54%,500,"133,664","15,023","112,200","44,399","5,436",8.30,500,"161,117","111,400","112,300","43,084",10.40,500,"113,300","6,233","7,344","5,332",29.65,500,"111,300","8,622","39,536","31,043","13,534",500,"2,500"
97,삼성E&A,"22,300",상승,450,+2.06%,"5,000","1,048,682","23,337","22,250","43,708","9,716",5.86,"5,000","853,163","22,050","22,300","100,133",-2.17,"5,000","22,450","44,977","61,176","6,387",44.21,"5,000","21,800","130,476","196,000","99,666","3,804","5,000",660
98,KODEX 미국S&P500,"18,540",하락,160,-0.86%,0,"4,234,457","78,535","18,535","43,458",N/A,N/A,0,"2,268,265","18,600","18,540",N/A,N/A,0,"18,625","251,648",N/A,N/A,0.16,0,"18,500","214,861","234,400",N/A,N/A,0,N/A
99,키움증권,"175,200",상승,"2,200",+1.27%,"5,000","166,003","29,062","175,200","42,883","10,982",5.98,"5,000","283,356","175,600","175,400","556,884",94.50,"5,000","177,800","2,789","500,565","8,349",26.10,"5,000","169,900",999,"24,477","112,803","29,304","5,000","7,500"
100,LG디스플레이,"8,500",상승,80,+0.95%,"5,000","997,623","8,492","8,490","42,500","-5,606",-2.08,"5,000","1,100,984","8,340","8,500","328,596",77.67,"5,000","8,600","88,395","247,868","-24,093",20.31,"5,000","8,330","54,466","500,000","266,153","-4,084","5,000",N/A
101,GS,"45,550",상승,500,+1.11%,"5,000","379,936","17,206","45,500","42,323","30,602",10.47,"5,000","627,830","45,950","45,550","350,634",-17.78,"5,000","46,000","6,334","165,930","8,635",17.20,"5,000","44,650","19,469","92,915","252,975","4,351","5,000","2,700"
102,KODEX KOFR금리액티브(합성),"110,465",상승,30,+0.03%,0,"350,547","38,722","110,460","39,163",N/A,N/A,0,"397,192","110,460","110,465",N/A,N/A,0,"110,465","490,007",N/A,N/A,0.00,0,"110,460","427,850","35,453",N/A,N/A,0,N/A
103,현대오토에버,"139,800",하락,"1,700",-1.20%,500,"66,510","9,285","139,700","38,339","2,244",23.24,500,"33,133","140,400","139,800","33,495",23.71,500,"142,200",868,"16,190","1,752",2.10,500,"138,000","1,642","27,424","37,136","6,016",500,"1,780"
104,한미약품,"293,500",하락,"5,500",-1.84%,"2,500","91,455","26,893","293,000","37,600","2,162",34.52,"2,500","84,301","296,500","293,500","20,208",-2.04,"2,500","299,500","6,795","7,801","1,404",10.03,"2,500","291,000","3,820","12,811","14,955","8,502","2,500","1,250"
105,현대제철,"28,150",상승,500,+1.81%,"5,000","515,786","14,522","28,150","37,565","1,595",-38.20,"5,000","539,669","27,800","28,200","347,438",-80.02,"5,000","28,600","34,483","154,102",88,17.98,"5,000","27,750","36,566","133,446","232,261",-737,"5,000",750
106,엔씨소프트,"172,900",상승,"6,400",+3.84%,500,"221,969","38,470","172,900","37,250","-1,092",50.73,500,"200,239","166,000","173,000","39,539",-179.56,500,"176,800","5,041","8,904",941,34.85,500,"166,000",478,"21,544","15,781","3,408",500,"1,460"
107,한국가스공사,"40,350",하락,250,-0.62%,"5,000","455,902","18,515","40,300","37,248","30,034",3.36,"5,000","433,751","41,000","40,350","576,696",93.34,"5,000","41,500","26,457","468,433","11,490",10.53,"5,000","39,350","9,274","92,313","383,887","12,001","5,000","1,455"
108,JB금융지주,"19,160",하락,10,-0.05%,"5,000","489,862","9,393","19,160","37,153","9,061",5.52,"5,000","429,970","18,760","19,190","667,219",13.26,"5,000","19,400","19,288","609,971","6,930",35.32,"5,000","18,750","1,401","193,908","46,238","3,469","5,000",995
109,강원랜드,"17,220",보합,0,0.00%,500,"462,873","7,941","17,210","36,841","2,858",8.40,500,"510,909","17,170","17,220","47,006",1.25,500,"17,230","10,785","8,170","4,569",13.54,500,"17,080","20,550","213,940","14,269","2,050",500,"1,170"
110,SK바이오사이언스,"46,150",보합,0,0.00%,500,"127,838","5,906","46,150","36,167","-1,384",-75.16,500,"148,575","46,600","46,200","28,436","-1,054.77",500,"46,950","7,271","8,211",-501,6.37,500,"45,550","7,601","78,369","2,675",-614,500,0
111,SKC,"95,400",상승,"5,100",+5.65%,"5,000","437,104","41,601","95,300","36,126","-2,768",-6.92,"5,000","186,386","91,900","95,400","67,487",-29.53,"5,000","97,500","5,048","44,559","-4,551",14.41,"5,000","91,200","9,760","37,868","17,216","-13,786","5,000",N/A
112,CJ제일제당,"239,000",상승,"2,500",+1.06%,"5,000","66,329","15,840","239,000","35,980","15,530",52.98,"5,000","88,774","237,000","239,500","301,500",20.24,"5,000","241,000","5,751","179,072","3,618",20.49,"5,000","236,500","7,792","15,054","293,591","4,511","5,000","6,000"
113,BNK금융지주,"11,170",하락,20,-0.18%,"5,000","1,118,808","12,523","11,160","35,563","8,759",4.93,"5,000","1,630,499","11,110","11,170","1,524,705",9.33,"5,000","11,310","52,255","1,413,229","7,500",40.59,"5,000","11,090","19,719","318,384","100,314","2,266","5,000",650
114,현대차우,"151,500",상승,"1,600",+1.07%,"5,000","72,975","11,016","151,100","35,362",N/A,3.30,"5,000","89,332","150,000","151,500",N/A,N/A,"5,000","152,500","2,926",N/A,N/A,61.36,"5,000","147,900","3,841","23,341",N/A,"45,880","5,000",N/A
115,LG이노텍,"149,400",상승,"5,500",+3.82%,"5,000","211,520","31,524","149,200","35,359","7,060",8.92,"5,000","84,779","144,100","149,400","113,782",-15.02,"5,000","150,500","5,276","60,243","4,493",23.36,"5,000","143,500","4,438","23,667","212,008","16,750","5,000","2,090"
116,포스코DX,"22,550",상승,750,+3.44%,500,"433,438","9,743","22,550","34,284","1,090",40.85,500,"293,993","22,200","22,600","8,925",-1.42,500,"22,800","24,178","3,666",886,3.07,500,"21,950","45,398","152,035","14,733",552,500,125
117,KODEX 종합채권(AA-이상)액티브,"118,230",상승,70,+0.06%,0,"46,223","5,469","118,210","32,660",N/A,N/A,0,"111,866","118,460","118,230",N/A,N/A,0,"118,470","16,015",N/A,N/A,0.00,0,"118,220","22,929","27,624",N/A,N/A,0,N/A
118,두산로보틱스,"50,300",상승,550,+1.11%,500,"173,276","8,669","50,300","32,604",-412,-75.64,500,"223,827","50,100","50,400","4,217",-114.96,500,"50,500","15,379",192,-366,2.16,500,"49,100","24,156","64,820",468,-665,500,N/A
119,롯데지주,"30,950",하락,500,-1.59%,200,"576,497","17,807","30,950","32,469","3,405",-3.02,200,"971,543","31,750","31,000","226,603",-31.04,200,"31,900","20,763","134,605","-9,461",7.27,200,"30,500","12,449","104,909","157,570","-10,260",200,"1,200"
120,에코프로머티,"46,400",상승,"2,200",+4.98%,500,"695,455","31,939","46,350","32,449",-647,-77.33,500,"590,271","44,300","46,400","12,902",-837.74,500,"47,100","10,695","5,526",-427,23.35,500,"43,800","11,846","69,932","2,998",-600,500,0
121,현대엘리베이터,"80,600",하락,700,-0.86%,"5,000","366,986","30,077","80,600","31,508","2,257",15.07,"5,000","487,337","81,400","80,700","35,738",173.22,"5,000","85,400","17,802","22,315","1,939",29.11,"5,000","79,800","6,198","39,092","28,853","5,347","5,000","5,500"
122,TIGER 미국테크TOP10 INDXX,"22,905",하락,105,-0.46%,0,"618,680","14,174","22,900","31,414",N/A,N/A,0,"922,379","22,980","22,905",N/A,N/A,0,"23,030","113,083",N/A,N/A,0.56,0,"22,865","45,832","137,150",N/A,N/A,0,N/A
123,금호석유화학,"117,800",상승,800,+0.68%,"5,000","64,418","7,561","117,600","31,169","2,728",9.68,"5,000","104,191","116,100","117,800","83,402",-24.00,"5,000","118,200","3,565","22,980","3,486",17.08,"5,000","116,000","6,380","26,460","71,550","12,168","5,000","2,200"
124,이수페타시스,"40,650",상승,600,+1.50%,"1,000","1,233,684","50,365","40,600","29,841","1,019",28.45,"1,000","1,255,136","40,350","40,650","7,901",63.87,"1,000","41,900","32,941","4,626",740,14.50,"1,000","39,200","27,387","73,409","8,369","1,429","1,000",143
125,시프트업,"50,500",상승,"1,250",+2.54%,200,"162,899","8,184","50,400","29,685","1,527",18.59,200,"200,940","49,850","50,500","8,038",37.47,200,"50,700","11,603",394,"1,480",37.38,200,"49,650","17,901","58,782","2,241","2,717",200,0
126,F&F,"76,700",상승,"1,600",+2.13%,100,"68,979","5,277","76,700","29,382","4,507",8.45,100,"60,699","74,600","76,800","22,859",-18.32,100,"77,200","1,792","7,086","3,560",11.40,100,"74,600","8,402","38,307","18,960","9,076",100,"1,700"
127,KCC,"327,500",상승,"2,500",+0.77%,"5,000","53,966","17,577","327,500","29,103","4,711",-24.75,"5,000","58,723","333,500","328,000","131,086",50.74,"5,000","333,500","1,012","80,692","2,933",9.29,"5,000","318,500","1,170","8,886","66,588","-13,230","5,000","10,000"
128,TIGER KOFR금리액티브(합성),"108,970",상승,35,+0.03%,0,"90,612","9,873","108,965","28,685",N/A,N/A,0,"66,124","108,965","108,970",N/A,N/A,0,"108,970","100,009",N/A,N/A,0.00,0,"108,955","80,820","26,324",N/A,N/A,0,N/A
129,RISE 머니마켓액티브,"54,280",상승,5,+0.01%,0,"585,538","31,782","54,280","28,562",N/A,N/A,0,"345,481","54,275","54,285",N/A,N/A,0,"54,285","201,088",N/A,N/A,0.98,0,"54,275","195,034","52,620",N/A,N/A,0,N/A
130,한전기술,"73,200",상승,"12,100",+19.80%,200,"2,891,391","204,898","73,100","27,977",548,24.17,200,"401,260","67,300","73,200","9,468",91.88,200,"75,700","28,775","3,694",585,9.77,200,"64,600","30,022","38,220","5,534","3,029",200,999
131,한화생명,"3,185",상승,105,+3.41%,"5,000","4,867,008","15,501","3,185","27,663","10,970",3.75,"5,000","3,238,686","3,190","3,190","1,601,464",3.78,"5,000","3,280","187,501","1,458,684","8,660",10.03,"5,000","3,105","135,688","868,530","245,852",849,"5,000",N/A
132,동서,"27,100",상승,900,+3.44%,500,"145,376","3,939","27,100","27,019",445,18.19,500,"112,846","25,950","27,200","17,791",1.66,500,"27,850","5,480",697,"1,590",4.33,500,"25,900","6,145","99,700","4,889","1,490",500,890
133,영원무역,"60,600",하락,900,-1.46%,500,"99,255","5,968","60,600","26,853","3,156",6.23,500,"69,921","60,200","60,700","53,897",-50.47,500,"61,200","3,259","14,941","2,945",29.21,500,"59,000",735,"44,311","35,178","9,724",500,"1,400"
134,에스원,"69,500",보합,0,0.00%,500,"47,569","3,306","69,400","26,409","2,092",14.83,500,"77,506","67,800","69,500","23,227",-1.58,500,"70,000","1,283","6,620","1,767",56.13,500,"67,700","3,135","37,999","28,047","4,687",500,"2,700"
135,한화비전,"52,100",상승,"1,300",+2.56%,500,"832,419","43,682","52,000","26,304",-1,82.05,500,"687,605","50,700","52,100","15,911",N/A,500,"53,400","18,159","7,664",32,20.83,500,"50,300","27,010","50,488","4,933",635,500,N/A
136,롯데케미칼,"61,100",상승,900,+1.50%,"5,000","114,336","6,964","61,000","26,136","-8,941",-1.44,"5,000","126,829","60,500","61,100","345,523",-157.14,"5,000","61,600","6,310","145,644","-18,256",20.31,"5,000","60,000","12,446","42,775","204,304","-42,451","5,000","2,000"
137,서울보증보험,"37,300",하락,200,-0.53%,"2,500","237,629","8,849","37,300","26,043","2,797",12.22,"2,500","430,188","38,000","37,350","93,336",-46.64,"2,500","38,000","16,439","41,581","2,133",1.00,"2,500","36,700","12,901","69,822","27,513","3,052","2,500","2,865"
138,TIGER 200,"37,775",상승,665,+1.79%,0,"3,182,647","120,224","37,770","25,838",N/A,N/A,0,"1,806,875","37,395","37,775",N/A,N/A,0,"38,150","219,253",N/A,N/A,9.55,0,"37,365","95,521","68,400",N/A,N/A,0,N/A
139,농심,"420,500",상승,"2,500",+0.60%,"5,000","22,410","9,399","420,000","25,578","1,631",16.38,"5,000","40,227","420,000","420,500","35,975",-23.10,"5,000","423,000","1,131","9,249","1,576",17.74,"5,000","415,500","1,632","6,083","34,387","25,679","5,000","5,000"
140,코스맥스,"224,500",상승,"3,000",+1.35%,500,"98,640","22,082","224,000","25,480","1,754",34.11,500,"100,848","222,500","224,500","19,337",51.61,500,"227,000","1,714","14,249",884,35.19,500,"221,500","9,179","11,350","21,661","6,581",500,"2,300"
141,KODEX 미국나스닥100,"19,685",하락,120,-0.61%,0,"1,420,236","27,968","19,680","25,472",N/A,N/A,0,"900,875","19,745","19,685",N/A,N/A,0,"19,775","125,324",N/A,N/A,0.09,0,"19,640","124,971","129,400",N/A,N/A,0,N/A
142,대한전선,"13,660",상승,370,+2.78%,"1,000","2,060,006","27,981","13,660","25,469","1,152",32.60,"1,000","2,496,765","13,740","13,670","26,427",44.28,"1,000","13,800","46,908","11,466",742,6.79,"1,000","13,340","40,221","186,447","32,913",419,"1,000",N/A
143,한미사이언스,"37,050",상승,"1,750",+4.96%,500,"504,813","18,181","37,050","25,339",989,48.05,500,"147,983","34,700","37,100","13,491",-20.57,500,"37,750","6,832","5,104",567,1.91,500,"33,900","15,812","68,392","12,834",771,500,300
144,KODEX 레버리지,"19,125",상승,670,+3.63%,0,"28,875,859","551,945","19,125","25,130",N/A,N/A,0,"21,898,692","18,745","19,130",N/A,N/A,0,"19,490","341,646",N/A,N/A,0.38,0,"18,720","189,547","131,400",N/A,N/A,0,N/A
145,KODEX 200TR,"13,475",상승,265,+2.01%,0,"2,220,562","29,886","13,475","25,064",N/A,N/A,0,"1,374,950","13,295","13,480",N/A,N/A,0,"13,600","8,753",N/A,N/A,0.00,0,"13,290","53,647","186,000",N/A,N/A,0,N/A
146,TIGER 미국필라델피아반도체나스닥,"17,930",상승,30,+0.17%,0,"742,087","13,324","17,925","24,412",N/A,N/A,0,"1,003,724","18,000","17,930",N/A,N/A,0,"18,020","47,219",N/A,N/A,0.43,0,"17,900","72,266","136,150",N/A,N/A,0,N/A
147,이마트,"86,800",하락,600,-0.69%,"5,000","187,309","16,281","86,700","23,953",471,-4.43,"5,000","192,828","87,200","86,800","339,306",200.35,"5,000","88,500","5,131","207,466","-5,734",20.75,"5,000","85,800","4,146","27,596","290,209","-19,614","5,000","2,000"
148,한화엔진,"28,150",상승,100,+0.36%,"1,000","834,911","23,679","28,100","23,490",715,28.07,"1,000","961,616","28,000","28,150","14,131",719.51,"1,000","28,750","39,818","10,198",792,11.58,"1,000","27,900","48,775","83,447","12,022","1,003","1,000",N/A
149,ACE 미국30년국채액티브(H),"7,645",상승,95,+1.26%,0,"2,956,358","22,610","7,640","22,591",N/A,N/A,0,"2,787,398","7,660","7,645",N/A,N/A,0,"7,665","501,616",N/A,N/A,0.01,0,"7,630","556,061","295,500",N/A,N/A,0,N/A
150,현대해상,"25,000",하락,100,-0.40%,500,"609,537","15,174","25,000","22,350","12,441",2.63,500,"592,859","24,950","25,050","485,238",67.33,500,"25,250","52,808","437,804","8,505",35.37,500,"24,450","38,057","89,400","173,245","9,514",500,N/A
151,아모레퍼시픽홀딩스,"28,000",상승,750,+2.75%,500,"241,016","6,729","27,950","22,248","2,493",9.95,500,"244,293","27,700","28,000","85,405",64.00,500,"28,200","4,950","15,488","6,529",9.51,500,"27,500","27,630","79,458","42,599","2,813",500,330
152,롯데쇼핑,"78,100",하락,"1,200",-1.51%,"5,000","101,947","7,911","78,000","22,094","4,731",-2.15,"5,000","83,302","79,200","78,100","390,030",-6.94,"5,000","79,400","1,351","219,694","-9,941",8.07,"5,000","76,500","3,471","28,289","139,866","-36,401","5,000","3,800"
153,KODEX CD1년금리플러스액티브(합성),"1,022,520",상승,125,+0.01%,0,"4,510","4,611","1,022,515","22,055",N/A,N/A,0,"7,991","1,022,445","1,022,520",N/A,N/A,0,"1,022,520","392,612",N/A,N/A,0.00,0,"1,022,445","393,555","2,157",N/A,N/A,0,N/A
154,제일기획,"18,620",상승,70,+0.38%,200,"233,650","4,346","18,620","21,421","3,207",11.09,200,"322,491","18,550","18,630","33,066",4.29,200,"18,680","13,981","18,325","2,083",24.80,200,"18,510","8,389","115,041","43,443","1,679",200,"1,230"
155,미스토홀딩스,"35,450",상승,50,+0.14%,"1,000","186,839","6,661","35,400","21,304","3,608",22.68,"1,000","175,225","35,150","35,450","55,364",18.88,"1,000","36,400","16,179","28,001","2,077",39.95,"1,000","35,150","14,016","60,096","42,687","1,563","1,000","1,200"
156,한온시스템,"3,105",상승,25,+0.81%,100,"1,247,051","3,869","3,100","21,076",955,-4.50,100,"833,620","3,095","3,105","106,203",-66.31,100,"3,150","112,117","76,215","-3,586",4.93,100,"3,075","44,195","678,763","99,987",-690,100,N/A
157,씨에스윈드,"49,850",상승,650,+1.32%,500,"414,018","20,568","49,850","21,022","2,555",7.62,500,"820,104","49,650","49,900","36,095",145.19,500,"50,600","19,943","24,092","1,437",12.08,500,"48,550","16,147","42,171","30,725","6,546",500,"1,000"
158,엘앤에프,"56,800",상승,800,+1.43%,500,"298,908","16,828","56,800","20,628","-5,587",-5.46,500,"322,568","54,800","56,900","27,998",-151.32,500,"57,900","8,989","20,765","-3,807",16.65,500,"54,200","8,489","36,316","19,075","-10,395",500,0
159,아시아나항공,"9,970",하락,30,-0.30%,"5,000","71,835",718,"9,970","20,537","2,757",-9.06,"5,000","65,793","10,040","10,000","134,499",-55.53,"5,000","10,080","8,325","124,468","-4,130",2.72,"5,000","9,970","6,651","205,991","83,186","-1,100","5,000",N/A
160,ACE 미국S&P500,"20,365",하락,170,-0.83%,0,"353,332","7,198","20,360","20,487",N/A,N/A,0,"535,121","20,440","20,365",N/A,N/A,0,"20,450","123,136",N/A,N/A,0.10,0,"20,320","99,399","100,600",N/A,N/A,0,N/A
161,산일전기,"66,300",하락,"1,500",-2.21%,500,"285,391","19,007","66,300","20,185","1,092",20.63,500,"230,152","68,300","66,400","4,927",134.38,500,"68,400","21,018",584,837,8.96,500,"65,600","8,626","30,445","3,340","3,214",500,420
162,GS건설,"23,500",상승,400,+1.73%,"5,000","1,314,374","30,520","23,500","20,112","2,860",14.47,"5,000","692,500","23,550","23,550","178,033",173.71,"5,000","23,650","47,349","127,162","2,639",22.68,"5,000","22,750","117,157","85,581","128,638","1,624","5,000",300
163,한국콜마,"85,000",하락,"1,000",-1.16%,500,"210,111","17,873","85,000","20,064","1,939",20.69,500,"210,516","87,000","85,100","31,267",42.39,500,"87,200","12,073","16,210","1,253",37.39,500,"84,300","6,299","23,605","24,521","4,109",500,720
164,한전KPS,"44,450",상승,"2,250",+5.33%,200,"548,393","24,163","44,400","20,002","2,095",14.28,200,"251,634","44,850","44,450","16,902",5.08,200,"45,300","23,277","3,617","1,724",15.57,200,"43,000","5,843","45,000","15,571","3,113",200,"2,469"
165,SK가스,"215,500",상승,500,+0.23%,"5,000","11,493","2,474","215,500","19,924","2,872",8.08,"5,000","16,620","216,000","216,000","75,396",-5.41,"5,000","218,500","2,155","48,013","1,778",7.32,"5,000","214,000","1,188","9,245","70,959","26,657","5,000","8,000"
166,신영증권,"121,000",상승,"3,200",+2.72%,"5,000","68,472","8,197","120,900","19,892","1,704",16.22,"5,000","131,506","123,000","121,000","106,099",47.34,"5,000","124,000",950,"89,215","1,494",7.21,"5,000","116,900",881,"16,440","27,643","7,462","5,000","4,500"
167,TIGER 미국배당다우존스,"11,335",하락,130,-1.13%,0,"1,246,590","14,134","11,335","19,882",N/A,N/A,0,"1,159,354","11,415","11,340",N/A,N/A,0,"11,415","212,851",N/A,N/A,0.12,0,"11,310","115,390","175,400",N/A,N/A,0,N/A
168,팬오션,"3,685",하락,65,-1.73%,"1,000","1,491,158","5,523","3,680","19,699","4,712",7.05,"1,000","1,605,373","3,745","3,685","102,715",22.11,"1,000","3,775","104,433","46,181","2,681",15.30,"1,000","3,655","55,054","534,570","51,612",523,"1,000",120
169,KODEX 코스닥150레버리지,"7,475",상승,90,+1.22%,0,"32,730,035","246,647","7,475","19,667",N/A,N/A,0,"26,121,189","7,390","7,480",N/A,N/A,0,"7,690","227,494",N/A,N/A,0.27,0,"7,390","295,851","263,100",N/A,N/A,0,N/A
170,DB하이텍,"44,050",상승,"1,200",+2.80%,"5,000","274,247","12,100","44,050","19,558","1,908",8.46,"5,000","246,230","43,350","44,100","23,969",-28.10,"5,000","44,950","8,169","3,962","2,294",26.39,"5,000","42,800","11,939","44,399","11,312","5,205","5,000","1,230"
171,CJ대한통운,"84,500",상승,"1,000",+1.20%,"5,000","102,961","8,652","84,500","19,276","5,307",8.20,"5,000","147,399","82,900","84,600","97,439",10.50,"5,000","85,000","2,552","55,183","2,683",13.53,"5,000","82,800","4,873","22,812","121,168","10,305","5,000",800
172,BGF리테일,"111,500",상승,"2,000",+1.83%,"1,000","80,880","9,003","111,500","19,272","2,516",10.41,"1,000","175,469","108,400","111,600","34,026",-0.61,"1,000","113,200",740,"22,185","1,952",27.22,"1,000","107,900","1,249","17,284","86,988","10,714","1,000","4,100"
173,호텔신라,"48,300",하락,900,-1.83%,"5,000","382,754","18,510","48,300","18,957",-52,-29.24,"5,000","281,338","49,000","48,350","38,139",-105.68,"5,000","49,450","16,394","25,295",-615,12.90,"5,000","47,600","3,792","39,248","39,476","-1,652","5,000",N/A
174,DL이앤씨,"48,900",하락,750,-1.51%,"5,000","353,588","17,332","48,900","18,921","2,709",8.99,"5,000","221,694","51,100","48,950","97,124",-18.06,"5,000","51,100","6,949","48,667","2,292",31.43,"5,000","48,250","1,866","38,694","83,184","5,440","5,000",540
175,iM금융지주,"11,360",상승,20,+0.18%,"5,000","634,653","7,198","11,360","18,902","2,634",8.94,"5,000","665,647","11,250","11,370","941,486",-50.69,"5,000","11,480","18,121","879,429","2,016",42.90,"5,000","11,250","32,064","166,393","80,505","1,270","5,000",500
176,대우건설,"4,535",상승,140,+3.19%,"5,000","6,503,096","29,702","4,535","18,848","4,031",9.35,"5,000","2,859,570","4,805","4,540","126,585",-39.15,"5,000","4,805","109,704","83,244","2,428",11.47,"5,000","4,440","105,508","415,623","105,036",485,"5,000",N/A
177,코리안리,"9,650",상승,150,+1.58%,500,"473,282","4,556","9,640","18,800","4,054",5.94,500,"462,078","9,520","9,650","131,604",11.48,500,"9,750","9,481","97,075","3,167",27.31,500,"9,470","9,465","194,821","69,579","1,625",500,515
178,대웅제약,"160,600",하락,"2,400",-1.47%,"2,500","49,383","7,950","160,600","18,608","1,479",48.36,"2,500","94,353","162,700","160,900","19,770",20.68,"2,500","163,100",476,"10,500",233,9.02,"2,500","159,500",752,"11,587","14,227","3,321","2,500",600
179,동원산업,"46,100",하락,750,-1.60%,"1,000","53,457","2,459","46,050","18,267","5,013",25.75,"1,000","51,855","47,500","46,100","71,582",7.87,"1,000","47,500","1,069","39,118","1,136",2.23,"1,000","45,400","1,017","39,624","89,442","1,790","1,000","1,000"
180,더존비즈온,"60,000",하락,"2,400",-3.85%,500,"208,244","12,646","60,000","18,230",881,33.94,500,"422,306","62,300","60,100","10,376",27.50,500,"62,300","8,078","4,828",780,12.14,500,"59,700","6,295","30,383","4,023","1,768",500,477
181,풍산,"64,900",하락,400,-0.61%,"5,000","197,748","12,825","64,800","18,188","3,238",7.56,"5,000","307,688","66,000","64,900","40,966",41.61,"5,000","66,100","13,905","18,973","2,360",20.68,"5,000","64,300","19,451","28,024","45,544","8,589","5,000","2,600"
182,HD현대인프라코어,"9,400",하락,60,-0.63%,"1,000","1,371,674","12,874","9,400","18,104","1,842",22.76,"1,000","1,513,432","9,400","9,410","42,872",-55.97,"1,000","9,500","33,549","24,400","1,084",12.71,"1,000","9,260","66,298","192,591","41,142",413,"1,000",70
183,한국앤컴퍼니,"18,800",하락,150,-0.79%,500,"278,510","5,257","18,800","17,848","4,183",5.07,500,"326,121","19,020","18,820","51,364",63.03,500,"19,240","2,813","6,836","3,507",10.35,500,"18,580","2,515","94,935","13,910","3,709",500,"1,000"
184,TIGER 25-10 회사채(A+이상)액티브,"55,010",보합,0,0.00%,0,"80,716","4,439","55,005","17,304",N/A,N/A,0,"97,745","55,015","55,010",N/A,N/A,0,"55,015","111,258",N/A,N/A,0.13,0,"55,000","123,184","31,456",N/A,N/A,0,N/A
185,영원무역홀딩스,"125,200",보합,0,0.00%,500,"15,406","1,927","125,200","17,072","5,170",5.15,500,"29,471","125,300","125,300","65,767",-40.75,500,"126,500",282,"15,896","4,956",20.30,500,"123,200",241,"13,636","43,060","24,299",500,"5,350"
186,달바글로벌,"140,100",하락,"5,100",-3.51%,100,"391,209","55,111","140,100","16,910",598,98.18,100,"328,408","147,700","140,200","1,361",84.44,100,"147,800","1,059",340,154,1.44,100,"138,100","4,571","12,070","3,091","1,427",100,305
187,신세계,"173,000",하락,"2,200",-1.26%,"5,000","31,707","5,498","173,000","16,686","4,770",27.23,"5,000","40,694","174,800","173,400","150,718",-25.44,"5,000","175,500",936,"86,971","1,866",12.03,"5,000","171,500",757,"9,645","65,704","6,353","5,000","4,500"
188,TIGER 차이나전기차SOLACTIVE,"9,375",하락,55,-0.58%,0,"631,884","5,914","9,370","16,346",N/A,N/A,0,"951,906","9,430","9,375",N/A,N/A,0,"9,440","12,103",N/A,N/A,0.41,0,"9,280","37,338","174,360",N/A,N/A,0,N/A
189,오뚜기,"401,500",상승,"2,000",+0.50%,"5,000","5,921","2,375","401,000","16,091","2,220",13.15,"5,000","6,403","398,000","401,500","35,974",-12.90,"5,000","403,500",390,"14,159","1,376",12.08,"5,000","396,500",963,"4,008","35,391","30,537","5,000","9,000"
190,현대백화점,"70,800",하락,"1,600",-2.21%,"5,000","97,832","6,966","70,800","16,021","2,840",-45.01,"5,000","74,242","71,600","70,900","112,177",-6.40,"5,000","73,000","3,775","49,833",-8,22.64,"5,000","69,800","1,750","22,629","41,876","-1,573","5,000","1,400"
191,대웅,"27,550",하락,450,-1.61%,500,"152,557","4,192","27,500","16,018","2,819",25.44,500,"371,354","27,700","27,550","27,207",44.12,500,"28,350","1,774","12,182",689,5.23,500,"26,750","5,372","58,142","19,369","1,083",500,200
192,SNT다이내믹스,"48,050",상승,750,+1.59%,"2,500","138,839","6,675","47,800","15,978","1,105",15.82,"2,500","137,377","47,300","48,050","10,341",165.67,"2,500","49,800","1,557","2,437",961,8.28,"2,500","46,750","4,677","33,253","6,145","3,038","2,500","1,300"
193,SK아이이테크놀로지,"22,350",상승,700,+3.23%,"1,000","87,267","1,933","22,300","15,935","-2,910",-7.74,"1,000","109,742","21,600","22,350","41,501",-680.51,"1,000","22,500","4,200","18,256","-2,466",6.35,"1,000","21,500","14,749","71,298","2,179","-2,886","1,000",N/A
194,HL만도,"33,900",상승,350,+1.04%,"1,000","258,305","8,777","33,850","15,918","3,588",87.37,"1,000","328,612","33,550","33,900","70,520",28.46,"1,000","34,400","22,995","43,793","1,582",27.10,"1,000","33,550","10,535","46,957","88,482",388,"1,000",700
195,HDC현대산업개발,"24,100",상승,600,+2.55%,"5,000","413,480","9,856","24,050","15,884","1,846",8.85,"5,000","268,988","23,850","24,100","74,619",-5.47,"5,000","24,200","9,078","43,473","1,557",13.05,"5,000","23,450","30,835","65,907","42,562","2,722","5,000",700
196,TIGER MSCI Korea TR,"15,705",상승,345,+2.25%,0,"22,164",346,"15,650","15,846",N/A,N/A,0,"18,852","15,420","15,705",N/A,N/A,0,"15,780","24,438",N/A,N/A,0.00,0,"15,420","19,390","100,900",N/A,N/A,0,N/A
197,KODEX 단기채권PLUS,"114,685",상승,5,0.00%,0,"55,352","6,348","114,685","15,836",N/A,N/A,0,"37,557","114,680","114,690",N/A,N/A,0,"114,695","54,221",N/A,N/A,0.00,0,"114,680","10,264","13,808",N/A,N/A,0,N/A
198,한솔케미칼,"139,300",상승,"8,300",+6.34%,"5,000","105,294","14,615","139,300","15,790","1,288",12.40,"5,000","60,050","131,600","139,400","14,647",3.77,"5,000","141,300","3,834","3,932","1,249",31.24,"5,000","131,200","4,228","11,335","7,764","11,232","5,000","2,100"
199,녹십자,"134,300",상승,"5,800",+4.51%,"5,000","71,749","9,615","134,200","15,695",321,54.64,"5,000","34,527","131,700","134,300","27,439",-6.76,"5,000","136,000","1,227","12,629",-426,19.47,"5,000","131,000","1,436","11,687","16,799","2,458","5,000","1,500"
200,ACE 미국나스닥100,"22,510",하락,130,-0.57%,0,"407,081","9,165","22,505","15,217",N/A,N/A,0,"348,146","22,580","22,510",N/A,N/A,0,"22,610","108,278",N/A,N/A,0.18,0,"22,460","81,097","67,600",N/A,N/A,0,N/A
201,HD현대마린엔진,"44,500",하락,100,-0.22%,"2,500","373,574","16,624","44,500","15,095",332,17.25,"2,500","709,667","44,750","44,550","4,950",80.60,"2,500","45,150","12,984","1,856",758,15.21,"2,500","44,000","8,822","33,921","3,158","2,579","2,500",N/A
202,RISE 종합채권(A-이상)액티브,"109,690",상승,15,+0.01%,0,"43,518","4,778","109,660","14,677",N/A,N/A,0,"10,014","109,670","109,690",N/A,N/A,0,"109,975","18,004",N/A,N/A,0.00,0,"109,670","17,963","13,380",N/A,N/A,0,N/A
203,에스엘,"31,550",상승,350,+1.12%,500,"138,265","4,365","31,550","14,654","3,952",4.17,500,"99,674","31,100","31,600","36,989",2.33,500,"32,200","4,916","13,016","3,820",16.10,500,"30,950","3,646","46,449","49,733","7,575",500,"1,200"
204,OCI홀딩스,"77,000",상승,600,+0.79%,"5,000","104,224","8,008","76,900","14,487","1,015",-18.71,"5,000","210,350","76,500","77,000","80,937",-80.89,"5,000","77,700","3,282","32,581","1,137",16.74,"5,000","74,700","7,030","18,815","35,774","-4,116","5,000","2,200"
205,하이트진로,"20,300",상승,150,+0.74%,"5,000","177,510","3,596","20,300","14,237","2,081",13.44,"5,000","196,470","20,150","20,350","34,415",67.97,"5,000","20,400","24,666","22,920",957,9.52,"5,000","20,100","29,517","70,134","25,992","1,510","5,000",700
206,일진전기,"29,600",하락,550,-1.82%,"1,000","630,177","18,724","29,550","14,115",797,25.00,"1,000","344,311","30,550","29,600","12,490",31.25,"1,000","30,550","24,613","7,487",462,6.87,"1,000","29,050","20,954","47,685","15,772","1,184","1,000",300
207,에스디바이오센서,"11,580",하락,50,-0.43%,500,"194,143","2,252","11,580","14,099",-541,-13.58,500,"261,706","11,610","11,590","38,885",78.21,500,"11,710","8,055","9,562",-981,6.41,500,"11,520","6,194","121,749","6,946",-853,500,200
208,두산우,"347,000",상승,"4,000",+1.17%,"5,000","79,875","27,665","347,000","13,868",N/A,-35.81,"5,000","72,501","354,000","347,500",N/A,N/A,"5,000","360,000","1,647",N/A,N/A,1.09,"5,000","336,000","2,850","3,996",N/A,"-9,690","5,000",N/A
209,오리온홀딩스,"21,500",하락,750,-3.37%,500,"959,600","21,138","21,450","13,469","5,062",8.83,500,"1,136,734","24,250","21,500","59,332",24.86,500,"24,250","14,679","10,545","4,795",11.65,500,"21,100","13,099","62,645","31,952","2,436",500,800
210,RISE 200,"38,060",상승,685,+1.83%,0,"1,230,364","46,778","38,055","13,378",N/A,N/A,0,"989,448","37,660","38,060",N/A,N/A,0,"38,425","59,567",N/A,N/A,0.03,0,"37,640","73,720","35,150",N/A,N/A,0,N/A
211,DN오토모티브,"22,850",상승,550,+2.47%,100,"135,508","3,065","22,800","13,370","5,229",4.36,100,"65,491","22,350","22,850","50,060",6.63,100,"22,950","2,342","28,353","3,182",5.23,100,"22,200","9,457","58,511","34,345","5,240",100,"1,000"
212,SK리츠,"4,810",하락,10,-0.21%,500,"410,210","1,973","4,800","13,285",354,"1,202.50",500,"497,999","4,820","4,810","44,335",-1.11,500,"4,845","18,634","31,687",23,7.79,500,"4,790","18,637","276,189",524,4,500,66
213,한올바이오파마,"25,100",상승,200,+0.80%,500,"191,186","4,803","25,050","13,112",2,-784.38,500,"275,743","24,950","25,100","2,129",-89.58,500,"25,400","16,152",445,-18,7.81,500,"24,850","9,237","52,241","1,389",-32,500,N/A
214,한일시멘트,"18,850",상승,10,+0.05%,500,"72,065","1,367","18,840","13,056","2,714",9.31,500,"101,586","18,960","18,850","29,883",10.09,500,"19,200",605,"11,495","1,990",4.55,500,"18,700","4,248","69,262","17,417","2,025",500,"1,000"
215,TIGER 25-12 금융채(AA-이상),"51,240",상승,10,+0.02%,0,"2,627",134,"51,235","13,048",N/A,N/A,0,"6,975","51,250","51,240",N/A,N/A,0,"51,250","113,675",N/A,N/A,0.00,0,"51,230","129,689","25,464",N/A,N/A,0,N/A
216,GS리테일,"15,540",상승,150,+0.97%,"1,000","195,614","3,034","15,530","12,993","2,391",-57.56,"1,000","252,316","15,240","15,540","75,816",-18.05,"1,000","15,600","3,397","44,001",98,8.61,"1,000","15,240","11,619","83,607","116,269",-270,"1,000",500
217,TIGER 미국30년국채커버드콜액티브(H),"7,965",상승,85,+1.08%,0,"1,631,771","12,996","7,965","12,991",N/A,N/A,0,"1,301,350","7,980","7,970",N/A,N/A,0,"7,980","215,901",N/A,N/A,0.03,0,"7,950","327,239","163,100",N/A,N/A,0,N/A
218,메리츠 KIS CD금리투자 ETN,"53,910",보합,0,0.00%,0,0,0,"53,915","12,858",N/A,N/A,0,43,"53,910","53,920",N/A,N/A,0,"53,910","40,000",N/A,N/A,0.00,0,"53,910","40,000","23,850",N/A,N/A,0,N/A
219,ACE KRX금현물,"20,695",하락,75,-0.36%,0,"671,388","13,916","20,695","12,831",N/A,N/A,0,"867,705","20,820","20,700",N/A,N/A,0,"20,845","46,400",N/A,N/A,0.70,0,"20,665","48,272","62,000",N/A,N/A,0,N/A
220,금호타이어,"4,460",상승,55,+1.25%,"5,000","603,959","2,694","4,455","12,812","5,886",3.83,"5,000","560,915","4,385","4,460","53,628",43.21,"5,000","4,525","30,384","34,580","3,516",8.50,"5,000","4,375","14,859","287,260","45,322","1,163","5,000",N/A
221,HDC,"21,300",상승,850,+4.16%,"5,000","342,005","7,274","21,250","12,725","3,447",6.60,"5,000","333,277","21,650","21,300","123,983",10.25,"5,000","22,050","4,164","72,995","2,603",21.25,"5,000","20,850","22,038","59,742","62,003","3,226","5,000",350
222,KODEX 코스닥150,"12,170",상승,65,+0.54%,0,"7,224,638","88,445","12,170","12,547",N/A,N/A,0,"10,245,846","12,110","12,175",N/A,N/A,0,"12,360","160,885",N/A,N/A,0.85,0,"12,100","91,714","103,100",N/A,N/A,0,N/A
223,이수스페셜티케미컬,"41,500",상승,100,+0.24%,"1,000","197,226","8,188","41,500","12,536",142,86.28,"1,000","348,573","41,450","41,550","2,995",332.14,"1,000","42,250","10,392","1,779",105,5.54,"1,000","40,800","3,608","30,208","3,321",481,"1,000",N/A
224,KODEX 200선물인버스2X,"1,738",하락,68,-3.77%,0,"329,424,502","572,766","1,738","12,467",N/A,N/A,0,"201,143,438","1,776","1,739",N/A,N/A,0,"1,780","9,320,008",N/A,N/A,0.47,0,"1,704","4,807,090","717,300",N/A,N/A,0,N/A
225,KODEX 삼성그룹,"9,130",상승,245,+2.76%,0,"825,536","7,473","9,125","12,417",N/A,N/A,0,"514,305","8,900","9,130",N/A,N/A,0,"9,135","77,192",N/A,N/A,13.59,0,"8,895","43,142","136,000",N/A,N/A,0,N/A
226,파라다이스,"13,480",상승,270,+2.04%,500,"659,915","8,741","13,470","12,371","1,361",15.32,500,"572,714","13,110","13,480","39,338",-6.67,500,"13,570","14,157","18,586","1,107",5.50,500,"12,980","16,603","91,772","10,721",880,500,150
227,다우기술,"27,450",상승,500,+1.86%,500,"248,221","6,837","27,400","12,316","11,747",3.47,500,"211,607","27,350","27,450","571,479",83.58,500,"27,950","9,692","508,554","8,528",24.23,500,"27,050","19,033","44,867","116,258","7,909",500,"1,400"
228,대신증권,"24,250",상승,250,+1.04%,"5,000","244,920","5,955","24,250","12,313",836,15.09,"5,000","374,311","24,800","24,300","263,961",-48.18,"5,000","25,000","11,351","230,807","1,442",10.05,"5,000","23,950","15,429","50,773","40,939","1,607","5,000","1,200"
229,HD현대건설기계,"69,200",하락,"1,000",-1.42%,"5,000","128,810","8,957","69,200","12,222","1,904",15.58,"5,000","91,886","70,400","69,300","33,246",-25.97,"5,000","70,500","10,312","15,308",860,17.45,"5,000","69,000","7,683","17,662","34,381","4,443","5,000",500
230,현대지에프홀딩스,"7,810",하락,290,-3.58%,500,"775,190","6,075","7,810","12,176","1,981",1.49,500,"751,276","8,340","7,820","100,849","1,895.39",500,"8,340","2,695","30,927","7,920",5.02,500,"7,610","7,441","155,904","74,093","5,233",500,210
231,두산퓨얼셀,"18,250",상승,210,+1.16%,100,"452,638","8,221","18,240","11,953",-17,-73.29,100,"477,198","18,410","18,250","11,797",N/A,100,"18,730","6,138","6,808",-105,10.19,100,"17,820","9,063","65,494","4,118",-249,100,N/A
232,롯데렌탈,"32,650",상승,200,+0.62%,"5,000","46,859","1,535","32,650","11,855","2,848",9.93,"5,000","70,045","32,700","32,750","70,066",-6.68,"5,000","33,000","2,337","55,380","1,027",6.71,"5,000","32,300","4,361","36,309","27,924","3,288","5,000","1,200"
233,가온전선,"71,500",하락,700,-0.97%,"5,000","96,721","6,922","71,500","11,828",450,21.41,"5,000","109,286","73,500","71,600","10,429",2.96,"5,000","73,500","1,953","5,892",254,2.83,"5,000","70,500","3,218","16,543","17,271","3,339","5,000",N/A
234,코스모신소재,"36,350",상승,"1,300",+3.71%,"1,000","415,692","15,018","36,350","11,818",250,79.02,"1,000","661,229","34,900","36,400","7,845",-22.65,"1,000","37,500","5,404","2,890",176,8.64,"1,000","34,400","16,311","32,511","5,697",460,"1,000",N/A
235,종근당,"85,500",상승,400,+0.47%,"2,500","20,083","1,714","85,400","11,801",995,12.39,"2,500","18,318","85,100","85,500","14,588",-59.67,"2,500","85,900","1,720","5,624","1,114",14.83,"2,500","84,600",886,"13,803","15,864","6,903","2,500","1,050"
236,SK오션플랜트,"19,900",상승,450,+2.31%,500,"512,426","10,120","19,900","11,780",418,70.57,500,"696,153","19,390","19,910","14,219",-44.72,500,"20,250","6,532","7,084",169,4.60,500,"19,280","3,657","59,196","6,626",282,500,N/A
237,현대위아,"43,250",상승,350,+0.82%,"5,000","81,867","3,539","43,250","11,762","2,188",6.52,"5,000","52,508","43,200","43,300","70,760",-6.01,"5,000","43,850","5,520","30,497","1,295",15.24,"5,000","42,850","4,534","27,195","81,809","6,638","5,000","1,100"
238,롯데에너지머티리얼즈,"22,350",상승,100,+0.45%,500,"126,871","2,855","22,350","11,704",-644,-26.51,500,"92,117","22,150","22,400","22,820",-645.89,500,"23,000","7,875","3,801",288,7.49,500,"21,950","4,127","52,365","9,023",-843,500,N/A
239,태광산업,"1,050,000",상승,"53,000",+5.32%,"5,000","5,403","5,620","1,048,000","11,691",-272,4.66,"5,000","6,955","1,015,000","1,050,000","47,223",72.66,"5,000","1,063,000",25,"7,067","2,184",5.03,"5,000","991,000",76,"1,113","21,219","225,266","5,000","1,750"
240,엠앤씨솔루션,"127,500",상승,700,+0.55%,100,"48,165","6,106","127,000","11,671",348,37.95,100,"63,229","127,000","127,500","3,571",68.59,100,"129,100",196,"1,917",270,5.65,100,"125,000","1,514","9,154","2,828","3,360",100,"1,480"
241,한국카본,"22,450",상승,700,+3.22%,500,"585,672","12,922","22,450","11,653",454,27.65,500,"518,917","21,750","22,500","8,790",176.01,500,"22,600","11,167","4,047",203,11.79,500,"21,600","49,336","51,908","7,417",812,500,130
242,미래에셋생명,"6,510",상승,460,+7.60%,"5,000","1,503,191","9,996","6,500","11,524","1,221",9.48,"5,000","299,952","6,280","6,510","324,936",-17.88,"5,000","7,140","4,732","299,300","1,361",1.17,"5,000","6,240","11,520","177,016","47,961",687,"5,000",N/A
243,롯데웰푸드,"121,900",상승,"1,200",+0.99%,500,"17,801","2,165","121,800","11,342","1,571",13.25,500,"10,929","120,600","121,900","43,417",-11.25,500,"122,800",325,"21,153",820,13.18,500,"120,100",323,"9,305","40,443","9,197",500,"3,300"
244,효성,"67,200",상승,100,+0.15%,"5,000","80,336","5,384","67,100","11,250","2,211",2.31,"5,000","112,718","68,200","67,200","43,409",283.53,"5,000","68,400","1,598","18,364","4,843",8.02,"5,000","66,000","4,081","16,740","22,728","29,071","5,000","3,000"
245,LX인터내셔널,"28,450",하락,50,-0.18%,"5,000","160,639","4,552","28,400","11,027","4,892",5.64,"5,000","135,661","28,550","28,450","89,309",12.95,"5,000","28,550","27,660","56,113","2,695",22.06,"5,000","28,150","9,500","38,760","166,376","5,044","5,000","2,000"
246,RISE CD금리액티브(합성),"104,005",상승,15,+0.01%,0,"4,375",455,"104,000","11,010",N/A,N/A,0,"98,995","104,005","104,005",N/A,N/A,0,"104,005","41,309",N/A,N/A,0.00,0,"104,000","41,420","10,586",N/A,N/A,0,N/A
247,ACE 테슬라밸류체인액티브,"14,470",하락,595,-3.95%,0,"3,394,989","49,035","14,465","10,990",N/A,N/A,0,"1,446,887","14,565","14,470",N/A,N/A,0,"14,565","183,198",N/A,N/A,0.52,0,"14,330","158,918","75,950",N/A,N/A,0,N/A
248,쿠쿠홀딩스,"30,700",하락,900,-2.85%,100,"62,575","1,917","30,550","10,918","1,032",7.93,100,"57,342","31,700","30,700","13,699",19.16,100,"32,500","1,651","1,735","1,370",11.95,100,"30,100","1,103","35,562","8,338","3,873",100,"1,200"
249,롯데칠성,"116,800",상승,"6,200",+5.61%,500,"65,590","7,549","116,500","10,838","1,849",24.19,500,"23,207","109,500","116,800","43,725",-12.22,500,"117,500",602,"27,941",600,11.55,500,"109,500","1,645","9,279","40,245","4,828",500,"3,400"
250,더블유게임즈,"50,200",상승,400,+0.80%,500,"66,536","3,346","50,200","10,791","2,487",6.19,500,"48,771","49,600","50,300","16,463",16.62,500,"50,800","5,513",899,"2,433",17.42,500,"49,600","5,868","21,496","6,335","8,108",500,"1,200"
251,롯데리츠,"3,720",상승,25,+0.68%,500,"421,370","1,562","3,700","10,750",420,43.76,500,"315,678","3,695","3,720","26,236",16.25,500,"3,750","46,935","14,542",106,7.71,500,"3,685","40,134","288,969",656,85,500,112
252,효성티앤씨,"248,000",하락,"4,000",-1.59%,"5,000","14,070","3,513","248,000","10,733","2,707",9.81,"5,000","14,559","252,500","249,500","47,242",26.87,"5,000","255,000","1,993","29,042","1,838",17.52,"5,000","247,500",524,"4,328","77,761","25,287","5,000","10,000"
253,한샘,"45,250",상승,"3,250",+7.74%,"1,000","143,088","6,411","45,250","10,649",312,9.49,"1,000","35,383","43,350","45,300","10,673","1,504.29","1,000","46,250","1,057","7,166","1,511",13.65,"1,000","43,300","1,132","23,534","19,084","4,768","1,000","8,530"
254,경동나비엔,"73,000",하락,"4,400",-5.68%,"1,000","122,055","9,064","72,900","10,635","1,326",8.14,"1,000","49,059","77,000","73,000","13,589",25.18,"1,000","77,500","6,766","6,635","1,243",10.66,"1,000","72,300","1,710","14,569","13,539","8,968","1,000",650
255,TIGER 차이나항셍테크,"7,930",상승,35,+0.44%,0,"1,249,952","9,903","7,930","10,563",N/A,N/A,0,"1,420,278","7,930","7,935",N/A,N/A,0,"7,970","146,070",N/A,N/A,0.67,0,"7,880","141,274","133,200",N/A,N/A,0,N/A
256,SK케미칼,"61,200",하락,700,-1.13%,"5,000","112,763","6,859","61,100","10,559",-452,36.02,"5,000","92,400","62,400","61,200","53,670",-154.23,"5,000","62,400",586,"23,341",-44,11.11,"5,000","59,600","1,013","17,254","17,368","1,699","5,000","1,150"
257,한화투자증권,"4,860",상승,70,+1.46%,"5,000","3,769,120","17,880","4,855","10,427",40,27.46,"5,000","6,429,290","4,825","4,860","140,181",-87.39,"5,000","4,865","39,218","123,119",389,9.14,"5,000","4,590","106,117","214,548","24,958",177,"5,000",N/A
258,DL,"48,500",하락,"1,400",-2.81%,"5,000","233,031","11,457","48,500","10,164","4,125",25.38,"5,000","351,715","51,500","48,600","125,353",173.74,"5,000","51,600","3,880","77,492",948,14.05,"5,000","47,750","1,083","20,956","56,154","1,911","5,000","1,000"
259,TIGER TOP10,"11,520",상승,205,+1.81%,0,"470,201","5,427","11,485","10,115",N/A,N/A,0,"428,468","11,325","11,520",N/A,N/A,0,"11,625","55,811",N/A,N/A,31.29,0,"11,325","120,151","87,800",N/A,N/A,0,N/A
260,LX세미콘,"62,100",상승,400,+0.65%,500,"31,347","1,944","62,000","10,100","1,671",7.44,500,"34,761","61,600","62,100","14,998",29.48,500,"62,300","3,872","4,202","1,305",30.94,500,"61,300","6,006","16,264","18,656","8,349",500,"2,400"
261,LS에코에너지,"32,950",하락,650,-1.93%,500,"176,118","5,810","32,900","10,091",448,28.63,500,"73,470","33,900","32,950","4,887",51.81,500,"33,900","8,682","2,917",353,3.47,500,"32,500","4,341","30,625","8,690","1,151",500,200
262,TIGER CD1년금리액티브(합성),"1,045,795",상승,85,+0.01%,0,"15,263","15,962","1,045,795","10,047",N/A,N/A,0,"17,537","1,045,795","1,045,800",N/A,N/A,0,"1,045,800","204,650",N/A,N/A,0.00,0,"1,045,795","203,930",961,N/A,N/A,0,N/A
263,롯데관광개발,"13,090",하락,60,-0.46%,500,"610,218","7,952","13,080","9,976",390,-9.80,500,"811,143","13,200","13,090","21,666",164.36,500,"13,200","9,072","18,536","-1,166",6.14,500,"12,500","12,038","76,212","4,715","-1,336",500,0
264,동양생명,"6,160",상승,370,+6.39%,"5,000","386,104","2,332","6,160","9,940","3,681",3.16,"5,000","326,869","5,830","6,170","345,472",25.08,"5,000","6,220","5,883","325,805","3,143",81.26,"5,000","5,800","16,388","161,359","34,994","1,948","5,000",N/A
265,KODEX 25-12 은행채(AAA)액티브,"102,770",상승,10,+0.01%,0,597,61,"102,765","9,932",N/A,N/A,0,883,"102,760","102,770",N/A,N/A,0,"102,770","52,563",N/A,N/A,0.00,0,"102,760","60,164","9,664",N/A,N/A,0,N/A
266,하나 CD금리투자 ETN,"104,100",보합,0,0.00%,0,0,0,"104,105","9,890",N/A,N/A,0,28,"104,100","104,110",N/A,N/A,0,"104,100","190,000",N/A,N/A,0.00,0,"104,100","190,000","9,500",N/A,N/A,0,N/A
267,롯데정밀화학,"38,100",상승,300,+0.79%,"5,000","43,390","1,647","38,100","9,830",504,-52.70,"5,000","31,667","37,850","38,150","27,139",-67.46,"5,000","38,350","1,756","3,452",364,16.79,"5,000","37,700","5,785","25,800","16,705",-723,"5,000","1,400"
268,KB발해인프라,"7,970",하락,10,-0.13%,0,"51,973",414,"7,970","9,767",N/A,N/A,0,"68,935","7,980","7,990",N/A,N/A,0,"8,000","11,012",N/A,N/A,0.09,0,"7,900","36,109","122,546",N/A,N/A,0,N/A
269,1Q 머니마켓액티브,"52,290",상승,10,+0.02%,0,"32,707","1,710","52,285","9,732",N/A,N/A,0,"249,219","52,280","52,290",N/A,N/A,0,"52,290","181,294",N/A,N/A,0.00,0,"52,280","221,350","18,612",N/A,N/A,0,N/A
270,세방전지,"68,500",상승,900,+1.33%,500,"45,272","3,097","68,500","9,590","1,797",5.49,500,"53,664","67,200","68,600","20,941",38.30,500,"69,700","4,387","5,863","1,723",25.29,500,"67,000","3,634","14,000","20,595","12,471",500,"1,100"
271,TIGER 미국배당다우존스타겟커버드콜2호,"9,250",하락,90,-0.96%,0,"762,094","7,039","9,245","9,578",N/A,N/A,0,"668,555","9,340","9,250",N/A,N/A,0,"9,345","193,227",N/A,N/A,0.01,0,"9,205","102,926","103,550",N/A,N/A,0,N/A
272,삼성화재우,"306,000",상승,"3,000",+0.99%,500,"21,789","6,621","306,000","9,484",N/A,7.46,500,"48,983","304,000","306,500",N/A,N/A,500,"308,000",763,N/A,N/A,27.84,500,"299,000","3,740","3,100",N/A,"41,007",500,N/A
273,세아제강지주,"229,000",상승,"1,500",+0.66%,"5,000","13,325","3,031","229,000","9,484","2,116",20.46,"5,000","11,218","226,000","229,500","55,556",-64.19,"5,000","233,500",526,"28,974","1,170",7.29,"5,000","222,500",748,"4,142","36,751","11,193","5,000","1,800"
274,STX엔진,"23,600",상승,300,+1.29%,"2,500","202,285","4,772","23,550","9,475",422,18.60,"2,500","247,289","23,350","23,600","9,688",123.85,"2,500","23,800","12,817","6,922",272,3.53,"2,500","23,250","34,662","40,148","7,246","1,269","2,500",0
275,SK디스커버리,"51,600",하락,400,-0.77%,"5,000","40,277","2,078","51,500","9,467","1,726",12.78,"5,000","133,403","52,500","51,600","150,777",-32.78,"5,000","52,500","2,822","86,243",319,14.32,"5,000","50,900","4,572","18,348","90,396","4,037","5,000","1,700"
276,SK네트웍스,"4,240",상승,5,+0.12%,"2,500","1,024,184","4,339","4,235","9,382","1,139",27.01,"2,500","1,201,724","4,250","4,240","51,571",41.44,"2,500","4,275","50,597","31,038",463,14.22,"2,500","4,205","27,769","221,278","76,573",157,"2,500",300
277,지역난방공사,"81,000",하락,200,-0.25%,"5,000","47,363","3,878","81,000","9,379","3,279",3.11,"5,000","79,776","81,200","81,400","83,622",4.20,"5,000","83,000",758,"60,940","2,099",4.29,"5,000","80,000","1,108","11,579","35,703","26,013","5,000","3,879"
278,RISE 미국S&P500,"17,625",하락,150,-0.84%,0,"269,806","4,754","17,620","9,359",N/A,N/A,0,"457,134","17,680","17,625",N/A,N/A,0,"17,700","154,764",N/A,N/A,0.01,0,"17,585","138,110","53,100",N/A,N/A,0,N/A
279,SNT홀딩스,"57,400",하락,100,-0.17%,500,"96,055","5,626","57,400","9,358","2,312",6.50,500,"126,444","57,900","57,500","28,326",29.14,500,"61,500","3,078","6,994","2,465",12.16,500,"56,500","2,842","16,304","18,205","8,835",500,"1,600"
280,동원시스템즈,"32,150",하락,50,-0.16%,"5,000","18,896",611,"32,150","9,321",919,13.92,"5,000","29,808","32,000","32,300","15,526",13.67,"5,000","32,700","1,636","7,162",725,14.22,"5,000","31,850","1,379","28,991","13,343","2,309","5,000",600
281,ESR켄달스퀘어리츠,"4,355",하락,95,-2.13%,"1,000","518,068","2,263","4,350","9,280",266,55.83,"1,000","434,942","4,475","4,355","25,252",9.74,"1,000","4,490","54,164","14,405",36,42.53,"1,000","4,340","13,123","213,089",569,78,"1,000",137
282,SOL 조선TOP3플러스,"25,075",하락,95,-0.38%,0,"2,584,115","65,405","25,070","9,278",N/A,N/A,0,"2,817,500","25,305","25,075",N/A,N/A,0,"25,820","7,350",N/A,N/A,0.60,0,"24,910","8,673","37,000",N/A,N/A,0,N/A
283,RISE 미국나스닥100,"21,820",하락,120,-0.55%,0,"564,336","12,307","21,815","9,274",N/A,N/A,0,"337,857","21,890","21,820",N/A,N/A,0,"21,920","23,392",N/A,N/A,0.01,0,"21,775","19,835","42,500",N/A,N/A,0,N/A
284,HS효성첨단소재,"202,000",상승,"1,000",+0.50%,"5,000","9,571","1,930","202,000","9,049","2,197",28.24,"5,000","14,677","200,000","202,500","38,208",26.22,"5,000","204,000",669,"26,634",782,12.62,"5,000","199,000","1,200","4,480","33,112","7,152","5,000","6,500"
285,코오롱인더,"32,800",하락,200,-0.61%,"5,000","120,996","3,970","32,750","9,026","1,587",10.24,"5,000","101,037","32,800","32,800","72,481",-20.50,"5,000","33,300","3,443","34,750","1,106",12.75,"5,000","32,300","5,498","27,519","48,430","3,202","5,000","1,300"
286,미래에셋증권2우B,"6,490",상승,10,+0.15%,"5,000","3,120,545","19,906","6,480","8,924",N/A,5.28,"5,000","4,448,051","6,530","6,490",N/A,N/A,"5,000","6,540","31,820",N/A,N/A,10.82,"5,000","6,270","54,676","137,500",N/A,"1,229","5,000",N/A
287,GKL,"14,380",상승,90,+0.63%,500,"220,423","3,144","14,370","8,895",383,22.83,500,"360,297","14,170","14,380","6,162",-24.88,500,"14,400","4,579","2,027",331,13.65,500,"14,100","2,686","61,856","3,964",630,500,282
288,TIGER 종합채권(AA-이상)액티브,"56,670",상승,105,+0.19%,0,"12,580",713,"56,665","8,867",N/A,N/A,0,"28,191","56,550","56,670",N/A,N/A,0,"56,755","32,543",N/A,N/A,0.00,0,"56,550","36,086","15,646",N/A,N/A,0,N/A
289,교보증권,"7,780",하락,70,-0.89%,"5,000","339,304","2,645","7,770","8,866","1,139",7.53,"5,000","349,034","7,890","7,780","158,983",62.11,"5,000","7,980","12,592","139,126","1,177",1.72,"5,000","7,700","9,397","113,963","31,663","1,033","5,000",500
290,SNT에너지,"42,750",하락,"1,050",-2.40%,500,"168,746","7,298","42,750","8,841",222,25.49,500,"181,487","45,200","42,900","5,166",7.04,500,"45,250","9,019","2,103",346,5.90,500,"42,450",853,"20,681","2,943","1,677",500,500
291,미원상사,"184,600",상승,100,+0.05%,500,"2,845",526,"184,600","8,768",599,15.92,500,"2,092","184,400","185,600","4,787",-10.85,500,"187,000",101,782,505,3.21,500,"180,100",416,"4,750","4,358","11,599",500,"2,000"
292,CJ CGV,"5,250",상승,335,+6.82%,500,"809,674","4,230","5,240","8,693",759,-4.84,500,"366,735","5,060","5,250","39,970",54.76,500,"5,320","25,102","34,203","-1,755",5.57,500,"5,000","59,951","165,580","19,579","-1,084",500,0
293,TIGER 단기통안채,"110,585",상승,10,+0.01%,0,"26,576","2,938","110,575","8,692",N/A,N/A,0,"11,207","110,585","110,585",N/A,N/A,0,"110,585","20,099",N/A,N/A,1.50,0,"110,570","11,668","7,860",N/A,N/A,0,N/A
294,KIWOOM 200TR,"48,915",상승,840,+1.75%,0,"318,538","15,594","48,915","8,658",N/A,N/A,0,"111,284","48,475","48,935",N/A,N/A,0,"49,400","2,149",N/A,N/A,0.00,0,"48,390","14,106","17,700",N/A,N/A,0,N/A
295,빙그레,"90,500",상승,700,+0.78%,"5,000","27,006","2,434","90,400","8,648","1,313",9.24,"5,000","31,193","89,700","90,500","10,031",16.95,"5,000","90,800","2,746","2,812","1,032",20.95,"5,000","89,400","2,982","9,556","14,630","9,794","5,000","3,300"
296,PLUS 고배당주,"17,765",상승,60,+0.34%,0,"2,224,192","39,412","17,760","8,618",N/A,N/A,0,"1,692,547","17,740","17,765",N/A,N/A,0,"17,835","17,425",N/A,N/A,0.31,0,"17,605","56,023","48,510",N/A,N/A,0,N/A
297,태영건설,"2,910",상승,20,+0.69%,500,"220,998",644,"2,905","8,569",206,52.91,500,"328,629","2,950","2,910","43,239",105.10,500,"2,955","9,478","37,967",668,0.22,500,"2,890","30,054","294,468","26,862",55,500,0
298,SOL 종합채권(AA-이상)액티브,"114,700",상승,185,+0.16%,0,336,38,"114,700","8,531",N/A,N/A,0,"4,171","114,795","114,710",N/A,N/A,0,"114,795","18,001",N/A,N/A,0.00,0,"114,700","17,439","7,438",N/A,N/A,0,N/A
299,NICE평가정보,"14,320",하락,380,-2.59%,500,"94,352","1,369","14,310","8,521",868,11.07,500,"97,130","14,710","14,320","5,857",32.85,500,"14,830","2,728","1,689",760,32.63,500,"14,300",394,"59,507","5,350","1,294",500,460
300,KODEX 2차전지산업,"10,150",상승,270,+2.73%,0,"2,592,315","26,198","10,145","8,496",N/A,N/A,0,"1,983,445","9,885","10,150",N/A,N/A,0,"10,250","52,295",N/A,N/A,0.37,0,"9,840","57,660","83,700",N/A,N/A,0,N/A
301,PLUS K방산,"43,450",상승,855,+2.01%,0,"2,352,907","101,723","43,440","8,408",N/A,N/A,0,"1,398,205","42,655","43,450",N/A,N/A,0,"43,940","1,771",N/A,N/A,0.74,0,"42,435","7,946","19,350",N/A,N/A,0,N/A
302,SOL 초단기채권액티브,"53,230",상승,10,+0.02%,0,"159,324","8,480","53,225","8,402",N/A,N/A,0,"194,998","53,225","53,230",N/A,N/A,0,"53,230","124,707",N/A,N/A,0.01,0,"53,225","105,453","15,784",N/A,N/A,0,N/A
303,세아베스틸지주,"23,200",상승,50,+0.22%,"5,000","174,411","4,083","23,200","8,320",523,81.40,"5,000","179,142","24,000","23,250","38,266",-73.39,"5,000","24,100","8,456","17,952",203,7.05,"5,000","22,950","6,151","35,862","36,361",285,"5,000","1,200"
304,영풍,"43,300",상승,650,+1.52%,500,"33,341","1,431","43,100","8,274","-1,607",19.96,500,"148,761","43,400","43,300","57,017",5.37,500,"43,400","1,604","17,164","-3,278",10.47,500,"42,500","6,425","19,108","27,874","2,169",500,24
305,KODEX 25-11 은행채(AA-이상)PLUS액티브,"10,570",상승,10,+0.09%,0,"8,770",92,"10,565","8,235",N/A,N/A,0,"24,921","10,565","10,570",N/A,N/A,0,"10,570","453,230",N/A,N/A,0.00,0,"10,565","433,753","77,910",N/A,N/A,0,N/A
306,율촌화학,"32,900",상승,100,+0.30%,500,"98,293","3,212","32,900","8,159",-184,-38.43,500,"203,622","32,750","32,950","6,555",-13.30,500,"33,250","4,831","3,645",-85,5.05,500,"32,200","7,824","24,800","4,571",-856,500,250
307,KODEX Top5PlusTR,"23,175",상승,430,+1.89%,0,"161,196","3,741","23,175","8,111",N/A,N/A,0,"95,142","22,925","23,190",N/A,N/A,0,"23,465","13,255",N/A,N/A,14.29,0,"22,925","17,656","35,000",N/A,N/A,0,N/A
308,TIGER 미국30년국채스트립액티브(합성 H),"37,645",상승,890,+2.42%,0,"381,019","14,342","37,620","8,061",N/A,N/A,0,"226,925","37,695","37,645",N/A,N/A,0,"37,730","25,078",N/A,N/A,0.06,0,"37,540","26,686","21,414",N/A,N/A,0,N/A
309,미원에스씨,"161,000",하락,"3,000",-1.83%,500,"1,065",173,"161,000","8,050",588,14.06,500,"2,076","161,200","162,400","5,121",160.87,500,"164,700",92,"1,058",546,0.86,500,"161,000",148,"5,000","5,093","11,447",500,"2,500"
310,프레스티지바이오파마,"13,270",보합,0,0.00%,0,"85,207","1,121","13,260","7,975",-628,36.56,0,"173,408","13,260","13,270","7,117",9.76,0,"13,290","2,866","1,962",-551,63.04,0,"13,060","3,200","60,096",7,363,0,N/A
311,하나투어,"51,100",상승,500,+0.99%,500,"54,693","2,802","51,000","7,915",509,11.39,500,"139,210","50,800","51,100","6,688",49.55,500,"51,900","8,240","4,883",991,16.19,500,"50,800","7,496","15,490","6,166","4,487",500,"2,300"
312,SNT모티브,"29,650",상승,600,+2.07%,"5,000","62,755","1,835","29,600","7,869",981,7.97,"5,000","46,890","29,000","29,650","12,418",-15.86,"5,000","29,700",866,"2,570","1,043",17.20,"5,000","28,750","4,281","26,540","9,689","3,718","5,000",937
313,동원F&B,"40,600",하락,500,-1.22%,"1,000","23,649",958,"40,550","7,834","1,835",6.58,"1,000","17,510","41,150","40,600","21,457",10.04,"1,000","41,550",132,"10,627","1,278",7.99,"1,000","39,950",533,"19,296","44,836","6,169","1,000",800
314,TIGER 2차전지테마,"12,455",상승,240,+1.96%,0,"812,147","10,089","12,445","7,722",N/A,N/A,0,"747,632","12,160","12,455",N/A,N/A,0,"12,595","74,300",N/A,N/A,1.04,0,"12,090","9,807","62,000",N/A,N/A,0,N/A
315,대덕전자,"15,610",상승,430,+2.83%,500,"248,818","3,872","15,600","7,714",113,50.03,500,"157,230","15,180","15,610","10,887",-52.56,500,"15,740","6,441","2,132",238,9.63,500,"15,150","4,137","49,417","8,921",312,500,400
316,대상,"22,250",상승,150,+0.68%,"1,000","152,984","3,381","22,200","7,709","1,769",7.77,"1,000","159,959","22,050","22,250","35,098",43.02,"1,000","22,300","26,285","20,622",967,18.13,"1,000","21,950","15,924","34,648","42,551","2,865","1,000",850
317,LG화학우,"99,900",상승,"3,100",+3.20%,"5,000","50,653","5,019","99,300","7,681",N/A,-8.36,"5,000","64,290","96,900","99,900",N/A,N/A,"5,000","100,400",708,N/A,N/A,41.17,"5,000","96,800","3,667","7,689",N/A,"-11,946","5,000",N/A
318,케이카,"15,930",하락,210,-1.30%,500,"233,285","3,742","15,930","7,675",681,16.46,500,"265,966","16,320","16,000","5,248",15.41,500,"16,330","6,089","2,991",440,7.66,500,"15,810","1,511","48,182","23,015",968,500,"1,150"
319,TIGER 단기채권액티브,"55,785",상승,10,+0.02%,0,"19,312","1,077","55,785","7,622",N/A,N/A,0,"27,979","55,775","55,790",N/A,N/A,0,"55,790","20,770",N/A,N/A,0.00,0,"55,775","12,336","13,664",N/A,N/A,0,N/A
320,삼양홀딩스,"87,500",상승,500,+0.57%,"5,000","93,354","8,112","87,500","7,604","1,275",30.74,"5,000","127,954","87,500","87,600","52,905",34.53,"5,000","89,300","1,054","22,924",895,7.50,"5,000","84,900","1,052","8,690","35,533","2,846","5,000","3,500"
321,녹십자홀딩스,"16,160",상승,"1,240",+8.31%,500,"412,137","6,545","16,130","7,600",-107,11.82,500,"180,849","15,320","16,160","36,706",34.81,500,"16,290",857,"18,184",-111,10.08,500,"15,170","4,215","47,028","22,049","1,367",500,500
322,SOL 미국배당다우존스,"10,400",하락,125,-1.19%,0,"463,828","4,823","10,395","7,561",N/A,N/A,0,"639,185","10,475","10,400",N/A,N/A,0,"10,475","124,125",N/A,N/A,0.32,0,"10,380","101,341","72,700",N/A,N/A,0,N/A
323,N2 KIS CD금리투자 ETN,"53,910",보합,0,0.00%,0,0,0,"53,915","7,547",N/A,N/A,0,1,"53,910","53,920",N/A,N/A,0,"53,910","40,000",N/A,N/A,0.00,0,"53,910","90,000","14,000",N/A,N/A,0,N/A
324,ACE 종합채권(AA-이상)KIS액티브,"108,172",하락,168,-0.16%,0,"1,180",127,"108,105","7,493",N/A,N/A,0,"2,997","108,360","108,180",N/A,N/A,0,"108,390","15,002",N/A,N/A,0.00,0,"108,130","12,100","6,927",N/A,N/A,0,N/A
325,TIGER 미국나스닥100타겟데일리커버드콜,"9,265",하락,60,-0.64%,0,"434,557","4,028","9,260","7,477",N/A,N/A,0,"710,901","9,325","9,265",N/A,N/A,0,"9,325","214,584",N/A,N/A,0.01,0,"9,240","167,637","80,700",N/A,N/A,0,N/A
326,동아쏘시오홀딩스,"113,900",하락,"1,100",-0.96%,"5,000","8,749",998,"113,500","7,445",821,10.94,"5,000","14,673","115,300","113,900","20,305",6.78,"5,000","115,900",232,"9,665",576,13.94,"5,000","112,300",256,"6,536","13,332","10,412","5,000","1,797"
327,TIGER 머니마켓액티브,"100,445",상승,5,0.00%,0,"23,052","2,315","100,440","7,423",N/A,N/A,0,"46,460","100,445","100,445",N/A,N/A,0,"100,450","229,269",N/A,N/A,0.00,0,"100,440","418,408","7,390",N/A,N/A,0,N/A
328,보령,"8,650",보합,0,0.00%,500,"58,777",510,"8,640","7,421",705,14.02,500,"66,554","8,650","8,650","11,641",3.23,500,"8,750","10,830","3,796",696,7.09,500,"8,630","4,778","85,787","10,171",617,500,100
329,NHN,"21,950",상승,"2,270",+11.53%,500,"483,554","10,442","21,950","7,412",-326,-5.58,500,"118,976","19,740","22,000","31,930",-158.67,500,"22,550","2,033","14,277","-1,926",9.25,500,"19,740","3,655","33,766","24,561","-3,937",500,500
330,솔루엠,"15,110",하락,120,-0.79%,500,"132,759","2,013","15,110","7,405",691,24.69,500,"126,149","15,330","15,120","9,827",-55.29,500,"15,330","9,012","5,484",377,17.76,500,"15,070",580,"49,006","15,944",612,500,0
331,이노션,"18,360",하락,90,-0.49%,500,"73,659","1,356","18,360","7,344","1,557",8.48,500,"86,384","18,450","18,410","27,146",3.76,500,"18,510","3,952","16,827","1,161",25.83,500,"18,290","1,707","40,000","21,206","2,166",500,"1,175"
332,KODEX 미국S&P500(H),"13,720",하락,5,-0.04%,0,"369,130","5,065","13,720","7,224",N/A,N/A,0,"236,186","13,720","13,725",N/A,N/A,0,"13,735","145,238",N/A,N/A,0.22,0,"13,715","159,492","52,650",N/A,N/A,0,N/A
333,덴티움,"65,200",상승,"1,800",+2.84%,500,"60,502","3,912","65,100","7,217",985,10.52,500,"46,393","64,100","65,200","8,944",-28.77,500,"65,500","2,698","3,409",724,15.07,500,"63,300","7,050","11,069","4,078","6,198",500,600
334,파미셀,"11,940",하락,20,-0.17%,500,"342,252","4,081","11,940","7,166",47,44.39,500,"407,647","11,960","11,950",993,259.23,500,"12,070","4,174",128,63,9.62,500,"11,780","10,145","60,017",649,269,500,20
335,전진건설로봇,"48,800",상승,500,+1.04%,500,"90,299","4,402","48,800","7,121",313,23.64,500,"87,636","48,550","48,850","2,192",-4.74,500,"49,500","1,835",648,314,0.45,500,"48,050","1,122","14,593","1,698","2,064",500,"1,277"
336,아이에스동서,"23,550",상승,400,+1.73%,500,"165,736","3,914","23,550","7,109","1,697",-3.95,500,"162,575","23,100","23,600","35,540",-50.17,500,"24,000","2,223","19,968","-1,602",4.48,500,"22,850","14,637","30,187","15,146","-5,961",500,"1,000"
337,PLUS 200,"38,375",상승,660,+1.75%,0,"922,849","35,516","38,375","7,099",N/A,N/A,0,"411,986","38,005","38,390",N/A,N/A,0,"38,770","48,283",N/A,N/A,2.73,0,"37,975","33,456","18,500",N/A,N/A,0,N/A
338,DI동일,"34,750",상승,850,+2.51%,500,"31,491","1,092","34,700","7,066",78,-250.00,500,"26,410","33,550","34,750","10,137",23.89,500,"35,200","5,705","4,494",25,7.39,500,"33,550","2,052","20,334","6,517",-139,500,262
339,KG모빌리티,"3,435",상승,15,+0.44%,"1,000","268,067",926,"3,435","6,952",14,-39.48,"1,000","235,253","3,400","3,440","31,045",-88.58,"1,000","3,500","30,152","16,839",338,23.42,"1,000","3,400","7,824","202,375","39,051",-87,"1,000",0
340,유안타증권,"3,480",하락,50,-1.42%,"5,000","905,018","3,144","3,470","6,946",948,10.12,"5,000","1,325,802","3,570","3,480","168,003",-26.62,"5,000","3,585","44,146","151,660",730,64.35,"5,000","3,420","80,325","199,597","27,127",344,"5,000",200
341,SK이터닉스,"20,500",하락,350,-1.68%,200,"840,525","17,327","20,450","6,920",376,27.78,200,"1,113,768","20,800","20,500","7,317",N/A,200,"21,200","55,498","4,897",224,2.49,200,"20,200","21,531","33,754","3,322",738,200,N/A
342,신한알파리츠,"5,680",보합,0,0.00%,"1,000","248,837","1,406","5,680","6,869",338,57.37,"1,000","317,804","5,680","5,690","21,588",34.36,"1,000","5,720","42,585","16,187",47,10.23,"1,000","5,630","23,653","120,940",583,99,"1,000",173
343,ACE 미국빅테크TOP7 Plus,"16,940",하락,120,-0.70%,0,"435,479","7,382","16,935","6,852",N/A,N/A,0,"554,401","17,025","16,940",N/A,N/A,0,"17,030","44,912",N/A,N/A,0.01,0,"16,905","86,764","40,450",N/A,N/A,0,N/A
344,LX홀딩스,"8,950",상승,130,+1.47%,"1,000","679,734","6,028","8,950","6,827","1,560",3.82,"1,000","843,460","9,040","8,960","19,050",113.21,"1,000","9,040","5,944",357,"1,603",12.18,"1,000","8,740","25,666","76,281","1,945","2,346","1,000",290
345,한화3우B,"35,000",상승,950,+2.79%,"5,000","373,580","12,646","35,000","6,792",N/A,3.34,"5,000","687,975","34,100","35,100",N/A,N/A,"5,000","35,950","2,335",N/A,N/A,21.82,"5,000","32,500","2,555","19,404",N/A,"10,464","5,000",N/A
346,한화리츠,"3,780",하락,10,-0.26%,500,"323,237","1,222","3,775","6,789",191,37.43,500,"332,779","3,790","3,780","15,864",54.05,500,"3,800","78,687","12,576",28,0.41,500,"3,745","50,690","179,600",335,101,500,135
347,현대홈쇼핑,"56,300",하락,100,-0.18%,"5,000","17,019",956,"56,300","6,756","1,301",8.11,"5,000","31,718","56,300","56,400","51,751",117.05,"5,000","56,700",391,"13,396","1,742",13.99,"5,000","55,500","2,874","12,000","38,535","6,942","5,000","2,800"
348,KODEX 미국빅테크10(H),"49,205",상승,195,+0.40%,0,"308,019","15,187","49,205","6,677",N/A,N/A,0,"165,241","49,220","49,210",N/A,N/A,0,"49,460","37,555",N/A,N/A,0.00,0,"49,205","9,315","13,570",N/A,N/A,0,N/A
349,TKG휴켐스,"16,290",상승,250,+1.56%,"1,000","50,986",827,"16,280","6,659",808,10.80,"1,000","45,098","16,020","16,290","11,682",-33.35,"1,000","16,320",342,"2,933",775,8.44,"1,000","16,000","6,179","40,879","11,882","1,509","1,000","1,000"
350,KODEX 반도체,"33,070",상승,875,+2.72%,0,"1,599,184","53,036","33,065","6,564",N/A,N/A,0,"721,777","32,500","33,070",N/A,N/A,0,"33,645","6,037",N/A,N/A,0.32,0,"32,375","2,028","19,850",N/A,N/A,0,N/A
351,넥센타이어,"6,660",하락,90,-1.33%,500,"399,787","2,698","6,660","6,505","1,721",5.54,500,"622,399","6,760","6,680","45,745",-7.94,500,"6,890","3,349","27,029","1,267",6.93,500,"6,590","6,967","97,668","28,479","1,203",500,130
352,TIGER 리츠부동산인프라,"4,260",하락,15,-0.35%,0,"1,651,687","7,032","4,255","6,488",N/A,N/A,0,"1,965,345","4,285","4,260",N/A,N/A,0,"4,295","209,389",N/A,N/A,0.07,0,"4,245","127,714","152,300",N/A,N/A,0,N/A
353,세진중공업,"11,370",하락,100,-0.87%,500,"1,201,792","13,685","11,360","6,464",360,29.69,500,"968,397","11,490","11,370","6,209",7.23,500,"11,820","60,090","3,715",220,5.51,500,"11,130","7,796","56,849","3,524",383,500,200
354,키움 CD금리투자 ETN,"103,790",상승,5,0.00%,0,"55,033","5,712","103,790","6,456",N/A,N/A,0,"51,595","103,792","103,795",N/A,N/A,0,"103,795","482,194",N/A,N/A,0.00,0,"103,790","482,193","6,220",N/A,N/A,0,N/A
355,F&F홀딩스,"16,500",하락,190,-1.14%,500,"48,074",802,"16,500","6,454","4,164",6.28,500,"110,252","17,220","16,530","40,333",-19.06,500,"17,530","2,948","6,634","3,220",0.14,500,"16,430",659,"39,114","18,983","2,627",500,450
356,GS피앤엘,"32,350",하락,450,-1.37%,"1,000","320,959","10,223","32,250","6,415",0,-56.46,"1,000","322,506","32,500","32,350","22,696",N/A,"1,000","32,550","5,115","10,328",-11,9.64,"1,000","30,950","3,518","19,831",383,-573,"1,000",N/A
357,LG전자우,"37,150",상승,250,+0.68%,"5,000","39,248","1,461","37,150","6,385",N/A,9.71,"5,000","38,537","37,000","37,200",N/A,N/A,"5,000","37,500","5,159",N/A,N/A,45.57,"5,000","36,900","4,353","17,186",N/A,"3,825","5,000",N/A
358,TIGER Fn반도체TOP10,"10,440",상승,280,+2.76%,0,"2,789,722","29,172","10,430","6,374",N/A,N/A,0,"1,615,991","10,250","10,440",N/A,N/A,0,"10,615","30,669",N/A,N/A,0.09,0,"10,190","65,516","61,050",N/A,N/A,0,N/A
359,솔루스첨단소재,"9,020",하락,240,-2.59%,100,"489,875","4,469","9,020","6,334",-544,-63.97,100,"673,739","9,250","9,030","20,794",25.67,100,"9,300","22,764","9,879",-427,3.97,100,"8,960","6,845","70,217","5,709",-141,100,10
360,금양,"9,900",보합,0,0.00%,500,0,0,0,"6,333",-560,-4.09,500,0,0,0,"12,569",-283.36,500,0,0,"7,624","-1,861",5.59,500,0,0,"63,967","1,537","-2,420",500,0
361,ACE 미국배당다우존스,"11,540",하락,125,-1.07%,0,"271,320","3,128","11,535","6,266",N/A,N/A,0,"290,511","11,580","11,540",N/A,N/A,0,"11,585","228,640",N/A,N/A,0.01,0,"11,500","229,837","54,300",N/A,N/A,0,N/A
362,한국단자,"61,900",상승,"1,400",+2.31%,500,"33,883","2,092","61,700","6,261","1,713",4.77,500,"27,549","60,800","61,900","15,643",53.31,500,"62,500","1,848","4,880","1,425",25.51,500,"60,500","3,205","10,115","15,098","12,988",500,"2,200"
363,KG스틸,"6,240",상승,20,+0.32%,"5,000","99,052",620,"6,240","6,241","2,060",3.55,"5,000","176,867","6,290","6,250","33,414",-26.53,"5,000","6,330","5,467","13,812","1,325",6.48,"5,000","6,215","7,705","100,009","33,010","1,757","5,000",250
364,KODEX MSCI Korea TR,"12,410",상승,195,+1.60%,0,"17,833",221,"12,410","6,205",N/A,N/A,0,"38,857","12,295","12,425",N/A,N/A,0,"12,550","45,362",N/A,N/A,1.30,0,"12,295","5,064","50,000",N/A,N/A,0,N/A
365,KODEX 미국30년국채타겟커버드콜(합성 H),"8,675",상승,120,+1.40%,0,"627,401","5,431","8,675","6,198",N/A,N/A,0,"696,660","8,660","8,680",N/A,N/A,0,"8,675","124,104",N/A,N/A,0.14,0,"8,640","177,293","71,450",N/A,N/A,0,N/A
366,카프로,"3,660",보합,0,0.00%,500,0,0,0,"6,185",-324,17.43,500,0,0,0,"2,392",17.95,500,0,0,"1,510",332,0.08,500,0,0,"169,000",71,210,500,N/A
367,KODEX 단기채권,"113,375",하락,5,0.00%,0,"7,707",873,"113,370","6,163",N/A,N/A,0,"22,219","113,380","113,375",N/A,N/A,0,"113,390","53,358",N/A,N/A,0.00,0,"113,370","47,849","5,436",N/A,N/A,0,N/A
368,N2 코스피 변동성 매칭형 양매도 ETN,"8,800",하락,265,-2.92%,0,8,0,"8,890","6,160",N/A,N/A,0,2,"9,065","8,905",N/A,N/A,0,"9,065",144,N/A,N/A,0.00,0,"8,800","2,000","70,000",N/A,N/A,0,N/A
369,HJ중공업,"7,390",상승,70,+0.96%,"5,000","579,204","4,240","7,380","6,154",73,-180.24,"5,000","554,907","7,320","7,390","22,044",106.67,"5,000","7,440","16,878","18,610",52,1.65,"5,000","7,210","40,600","83,274","18,860",-41,"5,000",N/A
370,현대그린푸드,"18,230",상승,230,+1.28%,500,"100,977","1,828","18,230","6,041",967,8.15,500,"105,563","17,950","18,240","9,556",49.10,500,"18,550",95,"2,854",745,14.28,500,"17,590","1,525","33,136","22,704","2,238",500,335
371,아세아,"288,500",하락,"4,500",-1.54%,"5,000","2,277",656,"288,000","6,013","1,724",11.50,"5,000","2,674","292,500","288,500","33,343",-28.28,"5,000","294,000",192,"13,044","1,084",8.01,"5,000","286,000",604,"2,084","20,074","25,096","5,000","5,330"
372,쿠쿠홈시스,"26,450",하락,350,-1.31%,100,"47,253","1,250","26,400","5,935","1,648",4.88,100,"46,086","26,550","26,450","13,816",13.77,100,"26,850","3,554","3,349","1,361",6.63,100,"26,250","4,456","22,437","10,572","5,424",100,"1,000"
373,유니드,"86,900",하락,"3,300",-3.66%,"5,000","60,125","5,253","86,900","5,881",954,7.65,"5,000","24,327","89,500","87,000","13,648",197.62,"5,000","90,000","4,188","3,525",762,9.64,"5,000","86,200",570,"6,768","11,116","11,360","5,000","1,800"
374,KODEX 인버스,"4,000",하락,80,-1.96%,0,"31,659,741","126,832","4,000","5,852",N/A,N/A,0,"22,205,504","4,050","4,005",N/A,N/A,0,"4,050","4,599,169",N/A,N/A,1.57,0,"3,960","4,394,247","146,300",N/A,N/A,0,N/A
375,한일홀딩스,"18,750",상승,750,+4.17%,"1,000","66,984","1,236","18,730","5,781","2,793",6.18,"1,000","32,689","18,000","18,750","37,090",6.60,"1,000","18,780",616,"14,048","1,985",4.08,"1,000","18,000",438,"30,833","22,487","3,032","1,000",930
376,신풍제약,"10,910",하락,310,-2.76%,500,"459,129","5,061","10,910","5,781",-205,-42.78,500,"1,648,778","11,310","10,920","3,421",56.84,500,"11,430","11,737",840,-154,5.31,500,"10,800","2,193","52,985","2,211",-255,500,N/A
377,KODEX 국고채30년액티브,"120,890",상승,975,+0.81%,0,"13,341","1,614","120,875","5,768",N/A,N/A,0,"36,924","121,500","120,890",N/A,N/A,0,"121,500","11,086",N/A,N/A,0.01,0,"120,780","15,895","4,771",N/A,N/A,0,N/A
378,HD현대에너지솔루션,"51,000",하락,"1,300",-2.49%,"5,000","669,179","34,208","50,900","5,712",35,30.98,"5,000","1,265,123","50,700","51,000","4,538",-80.03,"5,000","53,000","15,797",841,1,5.32,"5,000","50,000","7,271","11,200","4,224","1,646","5,000",N/A
379,KODEX 미국30년국채액티브(H),"8,870",상승,105,+1.20%,0,"1,133,884","10,059","8,870","5,705",N/A,N/A,0,"1,815,770","8,890","8,875",N/A,N/A,0,"8,890","474,547",N/A,N/A,0.02,0,"8,852","573,015","64,320",N/A,N/A,0,N/A
380,한화손해보험,"4,880",상승,30,+0.62%,"5,000","579,679","2,803","4,860","5,697","4,357",2.20,"5,000","684,508","4,945","4,880","198,342",42.15,"5,000","4,950","4,489","168,811","3,160",14.50,"5,000","4,745","16,694","116,739","65,973","2,217","5,000",0
381,코스모화학,"14,540",상승,290,+2.04%,"1,000","172,290","2,504","14,540","5,585",-20,-9.31,"1,000","301,799","14,140","14,550","12,043",-166.57,"1,000","14,870","3,535","6,136",-523,7.24,"1,000","14,060","3,630","38,408","7,493","-1,561","1,000",N/A
382,제주항공,"6,850",상승,130,+1.93%,"1,000","154,549","1,054","6,850","5,524",799,-9.49,"1,000","65,236","6,790","6,860","19,985",-52.94,"1,000","6,920","12,292","16,744",217,2.45,"1,000","6,730","21,147","80,641","19,358",-722,"1,000",N/A
383,삼천리,"134,500",하락,"4,200",-3.03%,"5,000","55,939","7,580","134,400","5,454","1,143",4.97,"5,000","42,007","141,500","134,500","45,182",-34.49,"5,000","141,600",538,"27,577","1,217",10.43,"5,000","132,600",577,"4,055","51,205","27,036","5,000","3,000"
384,대한유화,"83,700",하락,200,-0.24%,"5,000","16,664","1,394","83,600","5,440",-599,529.75,"5,000","27,250","84,400","83,700","22,197",3.90,"5,000","84,400","1,171","4,121",-85,7.08,"5,000","83,000","1,279","6,500","28,001",158,"5,000","1,000"
385,제이알글로벌리츠,"2,735",하락,20,-0.73%,"1,000","851,505","2,324","2,730","5,398",310,13.81,"1,000","992,100","2,755","2,735","21,465",-4.87,"1,000","2,770","124,240","13,405",207,8.68,"1,000","2,720","88,891","197,376",626,198,"1,000",N/A
386,삼양사,"52,200",보합,0,0.00%,"5,000","17,216",898,"52,200","5,384","1,335",4.83,"5,000","24,744","52,300","52,300","33,199",17.95,"5,000","52,700","1,113","13,722","1,364",4.93,"5,000","51,600","3,845","10,313","26,718","10,808","5,000","1,750"
387,JW중외제약,"23,050",상승,50,+0.22%,"2,500","64,377","1,480","23,000","5,367",825,9.19,"2,500","43,953","23,200","23,050","6,046",-17.76,"2,500","23,200","10,291","2,751",650,6.41,"2,500","22,850","11,166","23,286","7,194","2,507","2,500",450
388,애경케미칼,"10,980",하락,230,-2.05%,500,"618,978","6,874","10,980","5,342",155,113.20,500,"801,630","11,220","10,990","13,564",-65.69,500,"11,310","33,725","6,155",85,0.00,500,"10,910","10,742","48,649","16,422",97,500,281
389,케이씨텍,"25,750",상승,650,+2.59%,500,"139,497","3,602","25,700","5,328",498,11.00,500,"56,003","25,200","25,750","5,491",52.23,500,"26,350","9,629",673,527,12.34,500,"24,300","3,660","20,690","3,854","2,341",500,270
390,한국쉘석유,"409,500",상승,"2,500",+0.61%,"5,000","1,222",499,"409,000","5,324",460,13.88,"5,000","2,076","410,000","409,500","1,913",8.65,"5,000","412,000",817,640,367,59.05,"5,000","406,000",483,"1,300","3,272","29,500","5,000","27,000"
391,CJ4우(전환),"124,500",상승,"1,900",+1.55%,"5,000","26,457","3,239","124,500","5,262",N/A,44.70,"5,000","42,013","123,600","124,600",N/A,N/A,"5,000","124,500","3,122",N/A,N/A,4.71,"5,000","119,800",420,"4,227",N/A,"2,785","5,000",N/A
392,롯데손해보험,"1,694",상승,27,+1.62%,"1,000","295,634",496,"1,693","5,257",311,21.72,"1,000","348,535","1,668","1,694","155,415",-91.73,"1,000","1,701","8,958","147,472",242,1.28,"1,000","1,648","7,333","310,336","31,515",78,"1,000",N/A
393,E1,"76,000",하락,600,-0.78%,"5,000","24,476","1,855","75,700","5,214","2,176",4.98,"5,000","36,653","77,900","76,000","145,398",133.55,"5,000","77,900",861,"123,507",656,5.42,"5,000","75,100",943,"6,860","111,924","15,251","5,000","3,450"
394,KB KIS CD금리투자 ETN,"52,055",보합,0,0.00%,0,39,2,"52,050","5,206",N/A,N/A,0,3,"52,055","52,055",N/A,N/A,0,"52,055","50,000",N/A,N/A,0.00,0,"52,055","49,961","10,000",N/A,N/A,0,N/A
395,바이오노트,"5,100",상승,20,+0.39%,500,"64,756",331,"5,090","5,205",122,12.29,500,"44,430","5,120","5,100","16,972",125.97,500,"5,180","9,376",614,553,0.54,500,"5,050","9,232","102,056","1,028",415,500,200
396,OCI,"58,100",상승,200,+0.35%,"5,000","42,535","2,464","58,000","5,201","1,105",12.25,"5,000","79,091","57,400","58,100","22,830",N/A,"5,000","58,500","3,612","10,414",897,6.29,"5,000","57,300","3,438","8,952","22,153","4,741","5,000","2,200"
397,KIWOOM 국고채10년,"115,710",상승,70,+0.06%,0,"21,196","2,457","115,700","5,184",N/A,N/A,0,"82,341","116,180","115,710",N/A,N/A,0,"116,180","14,372",N/A,N/A,0.00,0,"115,685","22,654","4,480",N/A,N/A,0,N/A
398,LF,"17,640",하락,90,-0.51%,"5,000","75,292","1,323","17,630","5,158","1,261",6.76,"5,000","177,894","17,770","17,640","29,150",119.84,"5,000","17,870","31,248","11,422",906,12.93,"5,000","17,410",458,"29,240","19,563","2,610","5,000",700
399,일진하이솔루스,"14,200",상승,540,+3.95%,500,"119,375","1,701","14,200","5,156",-95,645.45,500,"96,435","13,660","14,250","3,443",2.89,500,"14,510","3,048",268,18,4.00,500,"13,650","1,083","36,313",793,22,500,N/A
400,PLUS 머니마켓액티브,"52,270",보합,0,0.00%,0,"11,850",619,"52,265","5,134",N/A,N/A,0,"74,274","52,270","52,270",N/A,N/A,0,"52,270","59,387",N/A,N/A,0.00,0,"52,265","57,978","9,822",N/A,N/A,0,N/A
401,TIGER 인도니프티50,"13,095",하락,60,-0.46%,0,"231,923","3,035","13,095","5,127",N/A,N/A,0,"190,191","13,015","13,100",N/A,N/A,0,"13,155","31,213",N/A,N/A,0.09,0,"13,015","39,689","39,150",N/A,N/A,0,N/A
402,대한해운,"1,577",하락,17,-1.07%,500,"2,470,318","3,910","1,577","5,065","3,286",3.39,500,"4,058,711","1,594","1,578","45,804",31.48,500,"1,612","144,229","22,907","1,648",6.02,500,"1,567","23,643","321,210","17,472",465,500,0
403,퍼시스,"44,000",보합,0,0.00%,"1,000","1,602",71,"44,000","5,060",215,15.28,"1,000",986,"43,700","44,900","6,439",-39.05,"1,000","46,500",194,699,477,19.93,"1,000","43,700",128,"11,500","3,857","2,879","1,000","1,200"
404,PI첨단소재,"17,160",상승,100,+0.59%,500,"171,581","2,945","17,150","5,039",349,18.03,500,"93,628","17,040","17,160","5,275",987.07,500,"17,360","5,686","1,896",234,8.24,500,"16,930","2,572","29,366","2,513",952,500,350
405,KODEX 국고채3년,"62,730",상승,50,+0.08%,0,"44,250","2,776","62,720","5,018",N/A,N/A,0,"37,253","62,750","62,730",N/A,N/A,0,"62,775","46,345",N/A,N/A,0.00,0,"62,710","11,700","8,000",N/A,N/A,0,N/A
406,KCC글라스,"31,400",상승,200,+0.64%,"1,000","43,353","1,356","31,350","5,015",572,30.13,"1,000","49,870","31,200","31,400","24,943",-39.82,"1,000","31,450","4,330","10,054",370,9.38,"1,000","31,050","4,941","15,971","19,033","1,042","1,000","1,800"
407,풍산홀딩스,"34,700",하락,300,-0.86%,"5,000","80,323","2,783","34,700","5,003","1,047",4.91,"5,000","206,235","35,100","34,750","13,191",54.41,"5,000","35,450","7,674","2,037","1,000",15.88,"5,000","34,350","3,332","14,417","4,494","7,062","5,000","1,400"
408,TIGER 미국달러단기채권액티브,"12,375",하락,125,-1.00%,0,"146,172","1,810","12,375","4,995",N/A,N/A,0,"323,776","12,430","12,380",N/A,N/A,0,"12,445","41,981",N/A,N/A,0.01,0,"12,360","34,551","40,360",N/A,N/A,0,N/A
409,TIGER 200 IT,"28,215",상승,600,+2.17%,0,"61,792","1,746","28,215","4,977",N/A,N/A,0,"109,447","28,035","28,260",N/A,N/A,0,"28,665","27,217",N/A,N/A,0.10,0,"27,730","15,872","17,640",N/A,N/A,0,N/A
410,진에어,"9,470",하락,40,-0.42%,"1,000","192,392","1,825","9,470","4,943","1,631",6.76,"1,000","99,191","9,480","9,500","12,271",-10.46,"1,000","9,610","12,246","9,959",957,4.28,"1,000","9,410","12,101","52,200","14,613","1,401","1,000",N/A
411,신도리코,"49,000",상승,250,+0.51%,"5,000","24,784","1,210","48,700","4,939",202,7.57,"5,000","31,576","48,700","49,000","11,436",-33.06,"5,000","49,250",352,793,732,11.65,"5,000","48,000",731,"10,080","3,410","6,476","5,000","1,500"
412,대신증권우,"18,950",하락,90,-0.47%,"5,000","141,101","2,676","18,950","4,927",N/A,11.79,"5,000","160,181","19,300","18,990",N/A,N/A,"5,000","19,320","10,992",N/A,N/A,14.01,"5,000","18,850","4,008","26,000",N/A,"1,607","5,000",N/A
413,TIGER 테슬라채권혼합Fn,"13,585",하락,300,-2.16%,0,"517,105","7,025","13,580","4,925",N/A,N/A,0,"388,391","13,640","13,585",N/A,N/A,0,"13,725","53,403",N/A,N/A,0.80,0,"13,550","80,625","36,250",N/A,N/A,0,N/A
414,풀무원,"12,900",하락,50,-0.39%,500,"100,152","1,299","12,900","4,918",918,15.73,500,"173,330","13,100","12,910","23,312",48.16,500,"13,160","9,690","17,477",344,3.73,500,"12,890",699,"38,121","32,137",820,500,102
415,KODEX 26-12 회사채(AA-이상)액티브,"10,800",보합,0,0.00%,0,"33,676",363,"10,795","4,908",N/A,N/A,0,"16,289","10,800","10,800",N/A,N/A,0,"10,805","166,964",N/A,N/A,0.00,0,"10,795","144,823","45,440",N/A,N/A,0,N/A
416,후성,"4,565",상승,85,+1.90%,500,"415,550","1,884","4,565","4,896",-96,-7.79,500,"1,241,327","4,505","4,570","8,263",79.23,500,"4,590","10,815","4,935",-834,6.72,500,"4,450","25,856","107,255","4,378",-586,500,N/A
417,아모레퍼시픽우,"46,200",상승,"1,200",+2.67%,500,"48,565","2,226","46,000","4,878",N/A,5.10,500,"52,256","45,000","46,200",N/A,N/A,500,"46,950",469,N/A,N/A,47.50,500,"45,000","4,234","10,558",N/A,"9,057",500,N/A
418,KODEX 미국AI전력핵심인프라,"13,815",하락,210,-1.50%,0,"809,544","11,181","13,815","4,870",N/A,N/A,0,"1,540,731","13,835","13,845",N/A,N/A,0,"13,890","26,314",N/A,N/A,0.97,0,"13,760","17,698","35,250",N/A,N/A,0,N/A
419,고려제강,"17,910",상승,190,+1.07%,"1,000","27,123",485,"17,900","4,836",261,31.37,"1,000","19,196","17,810","17,910","26,090",-53.64,"1,000","17,980","9,950","6,819",329,5.85,"1,000","17,760","3,619","27,000","17,396",571,"1,000",324
420,엠씨넥스,"26,850",상승,150,+0.56%,500,"37,143","1,003","26,800","4,827",444,7.13,500,"74,813","26,750","26,850","5,741",143.55,500,"27,300","2,870","2,019",636,12.00,500,"26,750","6,080","17,978","10,571","3,768",500,800
421,TIGER 우량회사채액티브,"117,095",상승,90,+0.08%,0,"16,750","1,961","117,080","4,774",N/A,N/A,0,"40,684","117,265","117,095",N/A,N/A,0,"117,265","14,199",N/A,N/A,0.00,0,"117,075","13,911","4,077",N/A,N/A,0,N/A
422,SBS,"25,650",하락,"1,350",-5.00%,"5,000","213,637","5,529","25,650","4,758",-192,33.97,"5,000","144,517","26,550","25,800","15,124",-132.90,"5,000","26,700","9,046","6,059",338,0.00,"5,000","25,050","5,268","18,551","10,467",755,"5,000",N/A
423,SPC삼립,"54,800",하락,500,-0.90%,"5,000","18,192",995,"54,800","4,729",950,5.44,"5,000","31,543","55,300","54,900","12,408",3.53,"5,000","55,400","5,937","7,610",865,4.75,"5,000","54,100","1,527","8,629","34,279","10,076","5,000","1,800"
424,TIGER 미국달러SOFR금리액티브(합성),"56,250",하락,445,-0.78%,0,"10,347",582,"56,235","4,726",N/A,N/A,0,"9,560","56,435","56,250",N/A,N/A,0,"56,450",222,N/A,N/A,0.01,0,"56,110","27,679","8,402",N/A,N/A,0,N/A
425,TIGER 미국테크TOP10타겟커버드콜,"12,600",하락,65,-0.51%,0,"130,346","1,642","12,600","4,712",N/A,N/A,0,"238,966","12,665","12,605",N/A,N/A,0,"12,675","150,901",N/A,N/A,0.01,0,"12,565","173,059","37,400",N/A,N/A,0,N/A
426,KODEX 200타겟위클리커버드콜,"10,275",상승,190,+1.88%,0,"2,571,990","26,310","10,270","4,655",N/A,N/A,0,"2,099,365","10,140","10,275",N/A,N/A,0,"10,325","24,196",N/A,N/A,0.08,0,"10,130","56,626","45,300",N/A,N/A,0,N/A
427,화승엔터프라이즈,"7,660",하락,90,-1.16%,500,"299,274","2,297","7,650","4,641",826,13.32,500,"129,771","7,750","7,660","15,376",537.00,500,"7,770","36,437","9,739",344,6.61,500,"7,590","6,370","60,589","16,096",575,500,45
428,한국금융지주우,"78,800",하락,500,-0.63%,"5,000","29,951","2,354","78,700","4,616",N/A,4.67,"5,000","62,207","79,600","78,800",N/A,N/A,"5,000","79,900","1,326",N/A,N/A,14.83,"5,000","77,900","1,079","5,858",N/A,"16,883","5,000",N/A
429,아세아시멘트,"12,330",상승,40,+0.33%,500,"89,354","1,100","12,300","4,605","1,408",7.21,500,"153,433","12,300","12,330","21,954",-4.18,500,"12,590","3,639","10,890",801,6.42,500,"12,150","3,591","37,347","11,103","1,709",500,260
430,TCC스틸,"17,540",상승,310,+1.80%,"1,000","95,366","1,672","17,540","4,598",123,21.42,"1,000","86,920","17,000","17,550","5,740",9.08,"1,000","17,770","2,121","3,149",202,8.16,"1,000","16,970",830,"26,214","5,821",819,"1,000",100
431,남양유업,"74,900",보합,0,0.00%,500,"12,921",960,"74,800","4,592",-98,94.69,500,"17,444","74,900","74,900","7,242",86.28,500,"75,900",529,924,2,7.59,500,"73,300","1,410","6,131","9,528",791,500,100
432,TIMEFOLIO 글로벌AI인공지능액티브,"26,580",하락,80,-0.30%,0,"205,182","5,444","26,580","4,577",N/A,N/A,0,"310,019","26,655","26,585",N/A,N/A,0,"26,655","32,093",N/A,N/A,0.12,0,"26,455","49,311","17,220",N/A,N/A,0,N/A
433,KODEX 코스피,"28,625",상승,310,+1.09%,0,"1,095,942","31,341","28,625","4,566",N/A,N/A,0,"435,100","28,400","28,630",N/A,N/A,0,"28,870","27,255",N/A,N/A,0.45,0,"28,395","1,712","15,950",N/A,N/A,0,N/A
434,KODEX 미국반도체,"23,350",상승,25,+0.11%,0,"192,570","4,502","23,345","4,565",N/A,N/A,0,"156,389","23,445","23,350",N/A,N/A,0,"23,480","140,799",N/A,N/A,0.32,0,"23,275","34,153","19,550",N/A,N/A,0,N/A
435,DS단석,"25,950",상승,500,+1.96%,500,"96,419","2,491","25,900","4,563",122,-82.64,500,"111,947","25,900","25,950","7,358",-84.01,500,"26,100","10,034","4,528",-103,2.26,500,"25,600","15,572","17,584","9,617",-314,500,N/A
436,ACE 200,"37,960",상승,680,+1.82%,0,"114,985","4,367","37,940","4,555",N/A,N/A,0,"112,929","37,550","37,960",N/A,N/A,0,"38,335","34,791",N/A,N/A,10.93,0,"37,530","32,561","12,000",N/A,N/A,0,N/A
437,NICE,"12,220",상승,330,+2.78%,500,"225,350","2,779","12,220","4,537","1,743",9.28,500,"283,377","12,090","12,260","35,219",79.68,500,"12,600","1,043","21,291","1,009",11.38,500,"12,060","1,985","37,128","30,383","1,317",500,500
438,현대차증권,"7,310",하락,80,-1.08%,"5,000","498,289","3,644","7,300","4,520",547,8.99,"5,000","1,113,801","7,460","7,310","119,920",-16.08,"5,000","7,480","34,598","106,899",362,4.58,"5,000","7,220","31,390","61,833","17,956",813,"5,000",153
439,동아에스티,"48,100",하락,50,-0.10%,"5,000","16,337",786,"48,100","4,499",-250,-565.88,"5,000","13,991","48,100","48,150","13,917",-323.66,"5,000","48,500",880,"6,829",-232,18.00,"5,000","47,850","1,014","9,353","6,979",-85,"5,000",785
440,KODEX 자동차,"17,495",상승,365,+2.13%,0,"414,481","7,228","17,475","4,496",N/A,N/A,0,"188,600","17,165","17,495",N/A,N/A,0,"17,660","13,772",N/A,N/A,0.19,0,"17,150","24,382","25,700",N/A,N/A,0,N/A
441,삼성 레버리지 WTI원유 선물 ETN,"1,107",하락,27,-2.38%,0,"1,146,139","1,266","1,107","4,472",N/A,N/A,0,"3,234,467","1,108","1,108",N/A,N/A,0,"1,111","7,419,520",N/A,N/A,0.00,0,"1,101","7,077,563","404,000",N/A,N/A,0,N/A
442,코오롱,"35,400",하락,700,-1.94%,"5,000","401,171","14,201","35,300","4,470",-896,3.10,"5,000","929,150","37,150","35,400","70,405",-190.15,"5,000","37,250","7,973","46,926","1,576",5.61,"5,000","34,550","8,138","12,626","60,284","11,430","5,000",550
443,디아이,"15,720",보합,0,0.00%,500,"604,419","9,658","15,720","4,449",31,56.96,500,"529,628","15,750","15,770","3,196",-49.81,500,"16,380","13,869","1,519",28,9.29,500,"15,520","2,345","28,300","2,140",276,500,100
444,동국제강,"8,930",하락,80,-0.89%,"5,000","191,195","1,708","8,930","4,430","1,025",54.45,"5,000","149,120","9,010","8,940","31,940",-56.49,"5,000","9,080","24,006","14,922",348,26.38,"5,000","8,870","4,465","49,608","35,275",164,"5,000",600
445,세아제강,"155,500",하락,"1,000",-0.64%,"5,000","14,015","2,179","155,500","4,410","2,029",3.61,"5,000","38,071","156,500","155,600","18,238",N/A,"5,000","158,000",592,"7,113","1,371",9.32,"5,000","153,900",168,"2,836","18,094","43,046","5,000","7,000"
446,콜마홀딩스,"12,830",하락,120,-0.93%,500,"341,091","4,389","12,820","4,400",381,22.43,500,"862,489","13,160","12,830","12,914",125.94,500,"13,160","9,847","4,763",334,19.60,500,"12,700","12,009","34,296","6,767",572,500,200
447,티웨이항공,"2,040",보합,0,0.00%,500,"434,509",887,"2,035","4,394",-123,-2.77,500,"321,293","2,050","2,040","15,624",-108.80,500,"2,065","143,880","14,802",-659,1.43,500,"2,030","59,432","215,379","15,368",-736,500,N/A
448,명신산업,"8,370",상승,50,+0.60%,500,"147,608","1,226","8,350","4,392","1,481",4.09,500,"86,997","8,220","8,370","12,103",-28.83,500,"8,440","6,449","5,128","1,291",7.26,500,"8,190","4,465","52,470","15,738","2,048",500,150
449,스틱인베스트먼트,"10,520",상승,120,+1.15%,500,"63,197",667,"10,500","4,385",134,-122.33,500,"141,418","10,420","10,520","2,647",-59.46,500,"10,650","2,121",159,93,26.40,500,"10,420","6,368","41,678",795,-86,500,250
450,쏘카,"13,280",하락,10,-0.08%,100,"8,036",106,"13,280","4,361",-98,-24.50,100,"7,449","13,290","13,310","6,315",-1.14,100,"13,310","2,751","4,480",-310,0.98,100,"13,260",507,"32,842","4,318",-542,100,N/A
451,한세실업,"10,870",하락,30,-0.28%,500,"136,185","1,495","10,870","4,348","1,422",8.80,500,"169,148","10,930","10,880","14,245",-15.47,500,"11,120","11,088","7,149",584,3.59,500,"10,870",861,"40,000","17,978","1,235",500,500
452,KODEX 인도Nifty50,"13,405",하락,35,-0.26%,0,"149,794","2,001","13,400","4,343",N/A,N/A,0,"212,613","13,430","13,405",N/A,N/A,0,"13,430","35,883",N/A,N/A,0.03,0,"13,330","33,329","32,400",N/A,N/A,0,N/A
453,신성통상,"3,020",하락,5,-0.17%,500,"1,251,176","3,838","3,005","4,340","1,218",6.65,500,"560,677","3,030","3,020","11,626",-15.22,500,"3,150","25,990","6,780",737,0.64,500,"3,000","29,571","143,708","15,079",454,500,N/A
454,RISE KIS국고채30년Enhanced,"80,810",상승,710,+0.89%,0,"42,645","3,449","80,805","4,337",N/A,N/A,0,"118,173","80,550","80,810",N/A,N/A,0,"81,250","2,473",N/A,N/A,0.01,0,"80,550","16,449","5,367",N/A,N/A,0,N/A
455,부국증권,"41,750",하락,450,-1.07%,"5,000","145,328","6,116","41,750","4,329",367,18.03,"5,000","546,025","42,250","41,850","16,514",-46.93,"5,000","44,200","1,321","8,811",310,1.52,"5,000","40,750",594,"10,370","7,792","2,315","5,000","1,500"
456,KODEX 미국나스닥100(H),"16,870",상승,20,+0.12%,0,"186,670","3,151","16,870","4,319",N/A,N/A,0,"186,690","16,875","16,875",N/A,N/A,0,"16,900","92,170",N/A,N/A,0.37,0,"16,860","103,603","25,600",N/A,N/A,0,N/A
457,YG PLUS,"6,800",상승,170,+2.56%,500,"2,268,811","15,511","6,790","4,313",-7,53.54,500,"1,591,687","6,770","6,800","2,378",-103.45,500,"7,040","22,433",686,20,2.48,500,"6,630","32,191","63,429","1,849",127,500,N/A
458,TIGER 27-04회사채(A+이상)액티브,"53,305",상승,20,+0.04%,0,"11,458",610,"53,300","4,301",N/A,N/A,0,"22,859","53,320","53,305",N/A,N/A,0,"53,320","70,295",N/A,N/A,0.00,0,"53,290","97,880","8,068",N/A,N/A,0,N/A
459,RISE 미국30년국채엔화노출(합성 H),"8,290",상승,85,+1.04%,0,"631,322","5,246","8,290","4,298",N/A,N/A,0,"899,262","8,345","8,295",N/A,N/A,0,"8,360","194,530",N/A,N/A,0.00,0,"8,285","197,626","51,850",N/A,N/A,0,N/A
460,TIGER 미국S&P500(H),"14,215",하락,5,-0.04%,0,"101,998","1,448","14,205","4,286",N/A,N/A,0,"96,758","14,220","14,215",N/A,N/A,0,"14,230","34,401",N/A,N/A,0.10,0,"14,195","21,835","30,150",N/A,N/A,0,N/A
461,코람코라이프인프라리츠,"4,385",하락,20,-0.45%,500,"301,564","1,322","4,385","4,268",356,11.33,500,"232,521","4,415","4,390","12,792",96.73,500,"4,425","47,347","7,776",238,1.35,500,"4,360","15,263","97,335",485,387,500,418
462,비에이치,"12,380",상승,290,+2.40%,500,"264,271","3,263","12,380","4,267",871,15.65,500,"116,139","12,170","12,400","13,199",2.67,500,"12,480","12,979","5,790",776,10.72,500,"12,090","7,997","34,464","17,544",791,500,250
463,드림텍,"6,140",상승,80,+1.32%,100,"131,657",808,"6,130","4,230",236,-361.18,100,"108,511","6,070","6,140","9,081",-30.82,100,"6,180","19,084","3,930",127,57.16,100,"6,050","10,030","68,890","11,727",-17,100,200
464,삼성FN리츠,"4,645",하락,10,-0.21%,500,"83,848",388,"4,640","4,229",78,160.17,500,"124,194","4,655","4,645","8,768",24.55,500,"4,655","13,601","4,607",26,0.18,500,"4,610","22,562","91,050",115,29,500,73
465,세아홀딩스,"104,700",상승,"2,400",+2.35%,"5,000","3,451",361,"104,700","4,188",992,13.07,"5,000","2,707","104,300","104,900","61,055",-50.60,"5,000","105,500",674,"29,554",342,1.17,"5,000","102,400",825,"4,000","60,168","8,013","5,000","4,000"
466,TIGER 2차전지소재Fn,"3,365",상승,115,+3.54%,0,"3,031,209","10,152","3,365","4,173",N/A,N/A,0,"2,231,836","3,260","3,370",N/A,N/A,0,"3,415","183,688",N/A,N/A,0.57,0,"3,235","177,586","124,000",N/A,N/A,0,N/A
467,한전산업,"12,750",상승,"1,350",+11.84%,500,"5,631,906","74,543","12,750","4,156",161,36.22,500,"165,218","13,550","12,760","2,200",-38.00,500,"14,100","43,479","1,044",116,2.69,500,"12,690","12,286","32,600","3,675",352,500,367
468,신대양제지,"10,270",하락,30,-0.29%,500,"59,368",602,"10,270","4,139",293,14.17,500,"98,588","10,400","10,310","8,759",-49.95,500,"10,410","1,904","1,838",333,2.80,500,"10,000","2,089","40,298","6,585",725,500,200
469,BGF,"4,300",하락,65,-1.49%,"1,000","433,484","1,858","4,295","4,116",552,4.73,"1,000","660,891","4,385","4,300","23,010",-8.82,"1,000","4,385","3,352","3,199",948,2.22,"1,000","4,245","8,399","95,717","4,341",909,"1,000",130
470,KIWOOM 종합채권(AA-이상)액티브,"108,755",하락,180,-0.17%,0,580,63,"108,735","4,103",N/A,N/A,0,173,"108,990","108,755",N/A,N/A,0,"108,990","9,068",N/A,N/A,0.00,0,"108,750","11,999","3,773",N/A,N/A,0,N/A
471,맵스리얼티1,"4,415",상승,55,+1.26%,0,"97,201",425,"4,385","4,099",N/A,N/A,0,"97,922","4,360","4,415",N/A,N/A,0,"4,420","45,718",N/A,N/A,2.54,0,"4,330","6,918","92,834",N/A,N/A,0,N/A
472,KB스타리츠,"4,040",하락,60,-1.46%,500,"129,756",523,"4,040","4,097",266,21.60,500,"243,588","4,100","4,085","10,667",-50.14,500,"4,100","37,534","6,842",190,0.32,500,"4,000","16,156","101,414",382,187,500,180
473,KODEX 국고채10년액티브,"113,470",상승,10,+0.01%,0,"28,083","3,191","113,470","4,052",N/A,N/A,0,"40,278","113,840","113,475",N/A,N/A,0,"113,890","16,400",N/A,N/A,0.02,0,"113,435","19,711","3,571",N/A,N/A,0,N/A
474,영진약품,"2,200",상승,10,+0.46%,500,"377,612",831,"2,195","4,024",87,-220.00,500,"256,937","2,200","2,200","2,343",179.79,500,"2,230","96,514","1,445",12,3.03,500,"2,185","78,417","182,893","2,520",-10,500,N/A
475,더본코리아,"27,250",상승,350,+1.30%,500,"62,042","1,690","27,250","4,016",360,10.52,500,"45,888","27,100","27,300","3,527",40.75,500,"27,400","6,159",851,310,0.92,500,"26,800","8,153","14,737","4,642","2,591",500,300
476,조광피혁,"60,300",하락,"1,300",-2.11%,"5,000","18,748","1,161","60,300","4,009",72,34.46,"5,000","15,081","62,800","60,800","6,188",13.90,"5,000","64,400",487,754,126,0.54,"5,000","60,300",104,"6,649",902,"1,750","5,000",N/A
477,KODEX 미국배당커버드콜액티브,"11,170",하락,85,-0.76%,0,"710,629","7,941","11,170","3,999",N/A,N/A,0,"604,721","11,250","11,175",N/A,N/A,0,"11,255","134,931",N/A,N/A,0.02,0,"11,147","61,690","35,800",N/A,N/A,0,N/A
478,애경산업,"15,140",상승,60,+0.40%,"1,000","70,331","1,071","15,140","3,998",468,11.74,"1,000","39,918","15,100","15,150","4,994",-24.40,"1,000","15,450","4,255",987,425,3.09,"1,000","15,040","1,317","26,410","6,791","1,290","1,000",580
479,대상홀딩스,"11,000",상승,430,+4.07%,"1,000","513,009","5,541","10,990","3,983","1,840",31.52,"1,000","480,992","10,750","11,000","44,186",60.56,"1,000","11,030","23,429","27,476",799,7.76,"1,000","10,540","13,713","36,213","53,579",349,"1,000",270
480,대한제강,"16,970",상승,20,+0.12%,"1,000","23,686",398,"16,950","3,973",103,10.93,"1,000","13,120","16,950","16,970","11,498",-90.62,"1,000","17,140",975,"2,538",400,4.58,"1,000","16,570","1,086","23,414","12,245","1,552","1,000",500
481,KIWOOM 200,"37,705",상승,650,+1.75%,0,"330,918","12,509","37,705","3,959",N/A,N/A,0,"167,709","37,345","37,730",N/A,N/A,0,"38,070","12,273",N/A,N/A,0.00,0,"37,305","26,268","10,500",N/A,N/A,0,N/A
482,넥스틸,"15,070",하락,350,-2.27%,500,"382,065","5,755","15,070","3,918",632,7.18,500,"936,054","15,220","15,080","6,918",-59.83,500,"15,270","4,517","2,269",347,1.34,500,"14,920","10,272","26,002","5,524","2,100",500,250
483,KODEX 미국AI테크TOP10타겟커버드콜,"10,110",하락,50,-0.49%,0,"240,219","2,429","10,105","3,892",N/A,N/A,0,"314,264","10,175","10,110",N/A,N/A,0,"10,175","195,494",N/A,N/A,0.03,0,"10,080","176,393","38,500",N/A,N/A,0,N/A
484,HL홀딩스,"41,000",하락,900,-2.15%,"5,000","38,454","1,574","40,950","3,856",904,-19.61,"5,000","69,320","41,800","41,000","23,708",-1.88,"5,000","41,800","4,940","13,062",198,10.30,"5,000","40,700",640,"9,404","13,711","-2,091","5,000","2,000"
485,흥아해운,"1,600",하락,17,-1.05%,500,"1,231,538","1,981","1,599","3,847",275,10.06,500,"1,761,993","1,620","1,600","4,436",12.12,500,"1,626","92,706","2,095",400,1.73,500,"1,592","14,383","240,425","1,880",159,500,N/A
486,신한 레버리지 WTI원유 선물 ETN(H),769,하락,13,-1.66%,0,"392,471",301,769,"3,845",N/A,N/A,0,"1,572,237",768,771,N/A,N/A,0,771,"6,442,292",N/A,N/A,0.00,0,765,"6,583,883","500,000",N/A,N/A,0,N/A
487,신세계인터내셔날,"10,850",하락,10,-0.09%,"1,000","101,861","1,102","10,820","3,835",268,15.77,"1,000","172,133","10,870","10,850","13,331",-44.93,"1,000","10,940","4,233","4,866",327,5.90,"1,000","10,730","3,218","35,343","13,086",688,"1,000",400
488,사조대림,"41,650",하락,"1,350",-3.14%,"5,000","49,626","2,085","41,600","3,817","1,330",5.42,"5,000","67,381","43,450","41,650","21,236",3.41,"5,000","43,650","2,920","12,850",958,3.09,"5,000","41,400","1,520","9,164","26,430","7,690","5,000",300
489,TIGER 은행고배당플러스TOP10,"16,770",하락,30,-0.18%,0,"1,125,097","18,884","16,770","3,790",N/A,N/A,0,"1,149,210","16,745","16,780",N/A,N/A,0,"16,960","26,042",N/A,N/A,0.13,0,"16,630","55,509","22,600",N/A,N/A,0,N/A
490,남해화학,"7,580",상승,200,+2.71%,"1,000","332,226","2,502","7,570","3,766",363,15.22,"1,000","355,152","7,400","7,580","7,738",228.08,"1,000","7,610","7,877","2,391",215,3.76,"1,000","7,390","37,792","49,679","15,191",498,"1,000",80
491,RISE 200위클리커버드콜,"8,490",상승,50,+0.59%,0,"1,134,492","9,637","8,485","3,757",N/A,N/A,0,"1,329,297","8,455","8,490",N/A,N/A,0,"8,525","91,609",N/A,N/A,0.03,0,"8,450","171,760","44,250",N/A,N/A,0,N/A
492,TIGER 미국나스닥100커버드콜(합성),"9,695",하락,75,-0.77%,0,"196,155","1,904","9,695","3,757",N/A,N/A,0,"162,103","9,770","9,700",N/A,N/A,0,"9,770","65,795",N/A,N/A,0.01,0,"9,680","85,938","38,750",N/A,N/A,0,N/A
493,한섬,"16,640",하락,140,-0.83%,500,"79,932","1,327","16,630","3,734",635,9.96,500,"244,291","16,770","16,640","17,462",-36.83,500,"16,810","5,025","3,401",433,23.16,500,"16,470",918,"22,438","14,853","1,670",500,750
494,HANARO 200,"37,900",상승,670,+1.80%,0,"245,001","9,294","37,895","3,733",N/A,N/A,0,"245,738","37,470","37,900",N/A,N/A,0,"38,255","50,991",N/A,N/A,20.53,0,"37,470","81,264","9,850",N/A,N/A,0,N/A
495,엘브이엠씨홀딩스,"1,931",상승,32,+1.69%,0,"820,300","1,593","1,930","3,731",164,101.63,0,"512,039","1,914","1,931","7,388",205.09,0,"1,969","36,843","2,678",42,11.12,0,"1,902","11,206","193,240","2,957",19,0,0
496,수산인더스트리,"26,050",하락,400,-1.51%,200,"288,182","7,541","26,000","3,722",435,9.49,200,"127,029","27,650","26,050","6,238",-13.40,200,"27,700","10,493","1,054",394,2.79,200,"25,500","4,081","14,286","3,168","2,745",200,800
497,농심홀딩스,"80,100",상승,"1,300",+1.65%,"5,000","32,599","2,618","80,000","3,715",866,5.64,"5,000","47,291","81,000","80,100","16,115",15.04,"5,000","81,500","1,136","3,940",749,2.91,"5,000","79,000","2,621","4,638","7,983","14,201","5,000","2,500"
498,현대코퍼레이션,"27,950",하락,200,-0.71%,"5,000","96,650","2,683","27,900","3,697","1,335",3.36,"5,000","174,777","28,550","27,950","20,623",34.43,"5,000","28,550",234,"14,070","1,210",12.59,"5,000","26,500","3,655","13,229","69,957","8,330","5,000",700
499,지누스,"16,590",하락,60,-0.36%,500,"102,559","1,708","16,590","3,692",-54,14.60,500,"134,874","16,600","16,600","11,922",-129.69,500,"17,120","1,067","5,195",-68,10.13,500,"16,460",583,"22,255","9,204","1,136",500,90
500,ACE 미국S&P500채권혼합액티브,"12,405",하락,140,-1.12%,0,"176,081","2,189","12,405","3,672",N/A,N/A,0,"127,296","12,545","12,425",N/A,N/A,0,"12,545","49,800",N/A,N/A,0.01,0,"12,400","52,542","29,600",N/A,N/A,0,N/A
