N,종목명,현재가,전일비변동,전일비,등락률,액면가,거래량,거래대금,매수호가,시가총액,영업이익,PER,전일거래량,시가,매도호가,자산총계,영업이익증가율,ROE,고가,매수총잔량,부채총계,당기순이익,외국인비율,ROA,저가,매도총잔량,상장주식수,매출액,주당순이익,PBR,보통주배당금,매출액증가율
1,알테오젠,"389,500",하락,500,-0.13%,500,"44,977","17,589","390,500","208,246",254,166.67,"323,689","390,500","391,000","4,090",360.91,29.52,"394,500",736,"1,349",607,14.68,18.25,"386,500",356,"53,465","1,029","2,337",56.82,0,6.56
2,에코프로비엠,"104,700",하락,500,-0.48%,500,"84,048","8,778","105,600","102,398",-341,-110.33,"1,049,993","105,500","105,700","43,237",-121.86,-6.26,"105,600","3,824","23,466",-585,12.08,-1.35,"103,200","1,283","97,801","27,668",-949,6.05,N/A,-59.91
3,HLB,"49,550",보합,0,0.00%,500,"131,218","6,505","50,100","65,121","-1,185",-34.48,"1,270,705","50,100","50,200","8,874",5.21,-16.33,"48,650","6,557","42,998","-2,954",21.48,-3.76,"47,450","1,641","135,776","31,279","-1,292",4.12,100,-56.92
4,에코프로,"47,900",하락,"1,000",-2.04%,100,"287,532","13,810","48,600","65,037","-2,930",-37.07,"3,519,746","48,450","48,650","81,383",-198.28,-12.57,"50,300","3,573","2,353","-1,080",20.33,-13.22,"49,100","2,530","131,425",681,"-1,437",12.65,0,58.80
5,레인보우로보틱스,"304,500",하락,"10,500",-3.33%,500,"56,189","17,304","310,500","59,073",-30,"7,426.83","378,315","311,000","311,000","1,399",93.32,1.62,"314,500","2,088",71,21,7.24,1.57,"303,500",288,"19,400",193,41,44.83,N/A,26.80
6,파마리서치,"475,500",상승,500,+0.11%,500,"9,096","4,308","479,000","49,973","1,261",47.26,"159,456","479,000","479,500","8,557",36.63,18.93,"479,500",46,"2,863",889,15.29,12.79,"470,000","1,630","10,510","3,501","10,061",9.76,"1,100",34.14
7,펩트론,"200,000",하락,"5,000",-2.44%,500,"21,896","4,404","202,500","46,595",-165,-202.63,"393,296","202,500","203,000","1,689",-4.05,-23.46,"203,000",666,172,-220,6.45,-19.91,"199,900",399,"23,297",32,-987,31.38,N/A,-5.68
8,휴젤,"369,500",상승,"1,500",+0.41%,500,"4,097","1,513","369,500","45,463","1,662",32.08,"53,487","369,500","370,000","9,394",41.13,17.51,"371,500",36,986,"1,431",55.64,15.32,"366,000",226,"12,304","3,730","11,517",4.74,0,16.69
9,클래시스,"63,000",하락,"1,300",-2.02%,100,"36,614","2,319","64,100","41,269","1,224",40.15,"537,295","64,000","64,200","6,084",36.62,26.54,"64,100","1,089","1,557",975,71.69,19.83,"62,900",942,"65,506","2,429","1,569",8.81,257,34.87
10,삼천당제약,"171,500",상승,"4,900",+2.94%,500,"56,819","9,820","170,000","40,230",26,-347.17,"114,285","169,800","170,100","5,198",-72.36,-4.49,"175,500",663,"1,704",-51,2.14,-1.10,"169,000",350,"23,457","2,109",-494,15.22,200,9.48
11,리가켐바이오,"107,300",하락,100,-0.09%,500,"28,425","3,061","108,300","39,283",-209,157.79,"388,244","108,300","108,400","7,384",74.12,2.04,"108,400",637,"1,224",78,11.31,1.68,"106,800",27,"36,610","1,259",680,6.67,N/A,268.71
12,리노공업,"51,300",상승,300,+0.59%,100,"88,053","4,543","52,400","39,097","1,242",32.04,"668,284","52,500","52,500","6,574",8.59,19.21,"52,500","2,992",348,"1,133",34.56,18.27,"50,850","5,198","76,212","2,782","1,601",6.42,600,8.85
13,코오롱티슈진,"43,400",하락,"1,500",-3.34%,0,"56,779","2,479","45,000","35,415",-220,-95.59,"456,874","44,800","45,200","2,223",-7.28,-25.91,"44,850","1,710",764,-338,3.73,-18.92,"43,150",623,"81,601",51,-454,19.26,0,36.90
14,실리콘투,"55,300",하락,"2,500",-4.33%,500,"151,655","8,539","57,200","33,828","1,376",25.17,"939,420","57,200","57,300","4,578",187.76,60.90,"57,400","5,516","1,962","1,207",7.65,35.88,"55,200",809,"61,172","6,915","2,197",11.08,N/A,101.69
15,에이비엘바이오,"66,200",하락,"1,100",-1.63%,500,"78,352","5,197","66,800","32,126",-594,-48.29,"603,603","66,800","66,900","2,320","-2,168.82",-46.01,"66,900","2,681",647,-555,14.92,-28.32,"65,900",847,"48,528",334,"-1,371",25.13,N/A,-49.04
16,에스엠,"133,600",하락,"2,200",-1.62%,500,"13,047","1,758","137,400","30,587",873,12.28,"175,868","137,200","137,600","14,191",-23.06,2.64,"137,300",143,"5,900",8,26.17,0.06,"133,500",209,"22,895","9,897","10,881",3.37,400,2.98
17,펄어비스,"42,600",하락,350,-0.81%,100,"17,656",753,"43,200","27,370",-123,56.95,"239,161","43,000","43,250","11,428",24.82,7.88,"43,050",152,"3,368",603,7.58,5.12,"42,450",70,"64,248","3,424",748,3.24,N/A,2.67
18,JYP Ent.,"75,000",하락,"1,000",-1.32%,500,"68,781","5,178","76,200","26,649","1,283",19.68,"376,573","76,200","76,300","6,788",-24.30,22.41,"76,200","2,099","1,959",977,22.84,15.63,"74,900","1,489","35,532","6,018","3,811",4.67,534,6.23
19,젬백스,"62,800",하락,900,-1.41%,500,"51,483","3,204","61,000","26,003",-383,-40.81,"244,926","62,000","62,100","1,507",-387.24,-127.30,"63,600",514,"1,217",-872,6.48,-61.01,"61,000","1,965","41,406",627,"-1,539",61.49,0,-13.18
20,HPSP,"28,400",상승,600,+2.16%,500,"167,025","4,782","28,550","23,714",939,29.46,"407,907","28,550","28,600","3,199",-1.32,31.09,"29,250","7,935",420,863,22.02,26.94,"28,200","1,521","83,499","1,814",964,9.28,600,1.29
21,셀트리온제약,"50,600",하락,300,-0.59%,500,"18,151",928,"51,500","22,101",372,80.70,"121,329","51,500","51,600","6,695",3.19,5.68,"51,600","1,787","2,725",220,4.70,3.35,"50,500",300,"43,679","4,778",627,5.47,24,22.90
22,신성델타테크,"76,500",하락,300,-0.39%,500,"27,487","2,110","78,000","21,025",272,"-1,663.04","236,330","78,000","78,100","7,741",-9.01,-0.48,"78,000","2,271","4,568",74,6.57,1.02,"76,000",711,"27,484","9,097",-46,9.92,120,9.12
23,파크시스템스,"292,000",상승,"5,000",+1.74%,500,"3,919","1,131","289,000","20,411",385,37.05,"24,681","287,500","290,000","2,743",39.80,25.83,"293,000",43,864,428,33.26,17.99,"286,000",151,"6,990","1,751","7,881",10.09,500,20.89
24,보로노이,"109,500",하락,100,-0.09%,500,"19,927","2,142","108,000","20,135",-179,-49.50,"163,574","108,100","108,400",640,-65.09,-96.66,"109,600",536,297,-199,4.52,-38.23,"106,200",117,"18,388",98,"-2,212",37.14,0,-33.93
25,이오테크닉스,"161,000",상승,"3,300",+2.09%,500,"25,335","4,102","162,900","19,834",312,42.54,"157,341","162,800","163,000","6,530",0.84,7.43,"163,900",224,500,427,20.27,6.75,"159,000",138,"12,320","3,209","3,785",3.22,500,1.46
26,카카오게임즈,"22,650",하락,850,-3.62%,100,"1,635,535","37,596","22,950","18,769",191,-14.10,"7,242,040","23,000","23,000","31,732",-74.60,-7.96,"23,600","12,572","16,949","-1,281",10.33,-3.86,"22,450","16,059","82,866","6,272","-1,606",1.41,N/A,-13.58
27,씨젠,"35,200",상승,"1,750",+5.23%,500,"148,130","5,103","33,000","18,384",-165,172.55,"225,723","33,300","33,450","12,053",45.17,-2.03,"35,250","1,867","2,238",-203,16.69,-1.65,"33,300",627,"52,226","4,143",204,1.62,800,12.76
28,네이처셀,"28,250",하락,350,-1.22%,500,"125,739","3,576","28,950","18,203",6,"-9,416.67","1,398,331","28,950","29,000",720,105.82,1.95,"29,000","8,294",74,12,7.87,1.75,"28,000",275,"64,435",323,-3,28.63,0,67.09
29,CJ ENM,"81,300",하락,500,-0.61%,"5,000","6,841",558,"81,500","17,828","1,045",-3.24,"90,284","81,500","81,700","93,166",815.59,-16.69,"82,200",39,"56,386","-5,808",16.85,-6.03,"81,100",23,"21,929","52,314","-25,100",0.62,N/A,19.76
30,케어젠,"32,550",하락,50,-0.15%,100,"7,355",239,"32,600","17,484",342,56.02,"89,921","32,500","32,800","2,407",-15.18,14.35,"32,950",141,177,323,4.99,13.24,"32,150","1,215","53,715",826,581,7.51,640,4.26
31,동진쎄미켐,"33,350",상승,"1,250",+3.89%,500,"363,543","12,215","33,700","17,147","2,082",11.17,"1,391,415","33,750","33,750","20,170",18.19,17.17,"34,200","9,434","9,966","1,435",10.68,7.92,"33,200","1,836","51,414","14,081","2,986",1.68,200,7.50
32,와이지엔터테인먼트,"91,100",하락,"1,900",-2.04%,500,"21,400","1,965","93,700","17,028",-206,72.94,"207,491","93,500","93,800","7,343",-123.65,3.90,"93,700",397,"1,311",200,15.34,2.71,"90,900",97,"18,691","3,649","1,249",3.48,250,-35.88
33,스튜디오드래곤,"54,200",상승,600,+1.12%,500,"13,079",709,"54,100","16,292",364,104.03,"116,683","54,000","54,200","9,255",-34.86,4.63,"54,800",210,"1,859",335,12.69,3.32,"53,500",459,"30,058","5,501",521,2.21,N/A,-26.96
34,에스티팜,"78,700",하락,400,-0.51%,500,"4,147",327,"79,300","15,860",277,52.85,"96,869","79,300","79,400","7,219",-17.36,7.82,"79,400",210,"2,189",325,6.01,4.65,"78,600",285,"20,153","2,738","1,489",3.21,500,-3.94
35,루닛,"53,000",하락,700,-1.30%,500,"62,273","3,326","53,300","15,449",-677,-22.18,"666,868","53,200","53,400","4,350",-60.30,-41.21,"54,100",137,"2,702",-824,9.33,-23.45,"52,600","3,481","29,150",542,"-2,390",8.94,0,116.03
36,주성엔지니어링,"31,850",상승,300,+0.95%,500,"110,978","3,564","32,400","15,055",972,12.79,"551,292","32,450","32,450","9,868",235.88,19.76,"32,500","2,179","4,202","1,068",17.38,11.92,"31,650","6,167","47,268","4,094","2,491",2.51,287,43.78
37,솔브레인,"180,700",상승,800,+0.44%,500,"5,238",952,"181,800","14,056","1,679",13.57,"25,929","182,200","182,000","11,682",25.82,12.47,"185,500",84,"1,309","1,196",31.77,11.06,"179,200",20,"7,779","8,634","13,317",1.34,"2,300",2.29
38,디앤디파마텍,"128,000",하락,600,-0.47%,500,"32,786","4,237","128,900","13,850",-250,-40.57,"426,049","129,000","129,000",975,-85.50,-49.03,"131,100","1,262",279,-295,6.40,-33.37,"127,200",212,"10,821",114,"-3,155",21.44,0,-38.77
39,지아이이노베이션,"22,200",하락,600,-2.63%,500,"67,792","1,518","22,500","13,720",-483,-20.57,"640,056","22,500","22,750",458,9.46,-116.69,"22,750","9,006",167,-588,4.93,-92.49,"22,100",872,"61,803",0,"-1,079",10.92,0,-99.54
40,하이젠알앤엠,"44,050",하락,"1,900",-4.13%,500,"170,595","7,550","45,450","13,606",-4,-346.85,"3,420,287","45,350","45,500","1,202",-108.52,-1.92,"45,400","3,223",518,-11,2.56,-0.96,"43,550","1,071","30,888",759,-127,18.85,N/A,-1.76
41,위메이드,"38,750",하락,"1,600",-3.97%,500,"72,256","2,827","39,400","13,155",71,5.93,"1,353,500","39,250","39,450","18,757",106.40,55.57,"39,450",105,"10,438","1,816",7.53,11.03,"38,650",970,"33,948","7,119","6,530",3.14,N/A,17.62
42,원익IPS,"26,750",상승,450,+1.71%,500,"48,165","1,299","27,050","13,130",106,34.12,"199,990","27,000","27,100","11,241",158.88,2.37,"27,400","4,221","2,367",207,25.19,1.88,"26,550",354,"49,084","7,482",784,1.49,50,8.38
43,엔켐,"61,300",하락,900,-1.45%,500,"71,146","4,410","64,000","12,992",-653,-5.97,"508,400","63,900","64,100","11,269","-2,244.05",-156.31,"64,000","3,556","6,601","-5,712",7.33,-57.41,"60,200",473,"21,194","3,657","-10,265",2.48,N/A,-13.89
44,비에이치아이,"41,950",하락,700,-1.64%,500,"89,509","3,792","42,750","12,981",219,58.26,"717,968","42,800","42,800","5,248",45.34,20.64,"43,400","1,265","4,083",196,16.83,4.12,"41,800",193,"30,944","4,047",720,10.44,N/A,10.16
45,디어유,"54,100",하락,"2,300",-4.08%,500,"60,462","3,299","55,700","12,842",254,62.18,"283,368","55,800","55,800","2,203",N/A,N/A,"55,800","1,081",243,244,6.11,N/A,"53,800","2,094","23,738",749,870,6.52,215,N/A
46,브이티,"35,100",하락,"1,000",-2.77%,500,"142,374","5,058","36,250","12,565","1,109",12.05,"1,718,286","36,100","36,300","3,596",143.48,56.07,"36,150","1,314","1,189","1,040",10.22,33.75,"35,100","2,250","35,798","4,317","2,914",5.06,N/A,46.09
47,테크윙,"33,550",상승,600,+1.82%,500,"138,188","4,667","33,950","12,532",234,-89.71,"1,074,357","34,000","34,000","5,062",640.74,-10.25,"34,150","4,938","3,179",-220,10.79,-4.43,"33,300","2,987","37,354","1,855",-374,6.54,130,38.85
48,카페24,"51,200",하락,"1,700",-3.21%,500,"78,058","4,013","52,400","12,418",319,41.83,"545,863","52,300","52,500","3,423","1,978.14",13.40,"52,300",590,"1,267",235,22.23,7.08,"50,900","2,332","24,253","3,025","1,224",5.65,N/A,11.58
49,메디톡스,"170,000",보합,0,0.00%,500,"2,462",418,"170,300","12,407",203,59.19,"30,254","170,100","171,000","6,152",17.47,3.62,"170,500",268,"1,444",161,12.55,2.62,"169,100",5,"7,298","2,286","2,872",2.59,"1,100",3.39
50,메지온,"40,850",하락,150,-0.37%,500,"7,907",323,"41,000","12,258",-143,-53.47,"98,789","40,900","41,050",740,1.31,-36.23,"41,200","1,454",279,-195,22.35,-23.45,"40,800",458,"30,007",86,-764,28.34,0,-72.85
51,서진시스템,"21,650",하락,150,-0.69%,500,"57,288","1,253","22,000","12,178","1,087",24.60,"251,757","22,050","22,050","21,032",121.85,12.32,"22,100","1,053","12,276",839,7.62,4.63,"21,550","3,205","56,248","12,138",880,1.40,N/A,55.87
52,HK이노엔,"42,750",하락,150,-0.35%,500,"32,560","1,400","43,100","12,111",882,17.67,"292,457","43,100","43,200","18,896",33.82,5.02,"43,400","3,922","6,382",616,9.98,3.30,"42,650",174,"28,330","8,971","2,419",0.96,350,8.23
53,티씨케이,"103,500",상승,"1,500",+1.47%,500,"10,989","1,145","104,300","12,084",807,15.92,"38,653","105,100","104,400","5,635",21.06,14.78,"105,400",42,473,720,64.55,13.60,"103,100",20,"11,675","2,757","6,503",2.35,"1,410",21.65
54,ISC,"55,600",상승,"2,200",+4.12%,500,"55,755","3,108","56,400","11,786",448,25.79,"113,135","56,400","56,500","5,829",317.11,10.98,"56,500",383,597,549,18.39,9.76,"54,700",786,"21,197","1,745","2,156",2.22,810,24.43
55,고영,"17,000",상승,210,+1.25%,100,"374,972","6,408","16,980","11,671",33,68.83,"2,305,475","16,970","16,990","3,779",-83.69,6.68,"17,270","5,244",548,210,15.00,5.64,"16,940",770,"68,655","2,025",247,3.56,140,-10.24
56,제이앤티씨,"19,140",하락,70,-0.36%,500,"40,036",774,"19,470","11,072",-461,-13.22,"163,281","19,510","19,500","6,397",-261.51,-9.65,"19,660","1,436","3,026",-334,2.25,-5.16,"19,070",202,"57,848","2,732","-1,448",3.42,N/A,-15.52
57,오스코텍,"28,300",상승,400,+1.43%,500,"10,578",300,"28,400","10,824",-27,"2,830.00","119,776","28,300","28,500","1,708",91.63,0.77,"28,500","2,065",384,-16,10.03,-1.05,"28,200","4,423","38,248",340,10,8.89,N/A,586.89
58,LS마린솔루션,"32,900",상승,550,+1.70%,"1,000","602,308","20,681","34,650","10,748",124,65.41,"439,360","34,750","34,750","2,543",N/A,N/A,"36,500","4,062",461,132,2.94,N/A,"32,650","2,289","32,669","1,303",503,5.01,160,N/A
59,대주전자재료,"69,200",하락,100,-0.14%,500,"19,600","1,359","70,100","10,713",294,28.22,"169,646","70,100","70,200","6,230",372.76,19.30,"70,200",715,"3,927",364,18.43,7.02,"68,600",870,"15,481","2,193","2,452",4.47,100,18.56
60,SOOP,"92,200",하락,"2,400",-2.54%,500,"12,793","1,190","94,600","10,598","1,135",10.26,"90,971","94,600","94,700","7,157",25.69,30.21,"94,600","1,085","3,333","1,024",36.01,15.83,"92,000",209,"11,495","4,132","8,990",2.52,"1,500",20.10
61,하림지주,"9,200",하락,150,-1.60%,100,"55,568",514,"9,340","10,305","7,655",10.76,"470,000","9,320","9,350","160,790",34.88,0.90,"9,330","1,162","101,370","1,748",9.51,1.19,"9,180",227,"112,006","122,730",855,0.29,120,1.75
62,아난티,"11,290",하락,40,-0.35%,100,"592,739","6,715","11,330","10,006",8,-60.37,"10,817,088","11,310","11,340","16,224",-99.70,-4.56,"11,490","17,264","9,110",-324,6.76,-2.04,"11,210","10,101","88,629","2,852",-187,1.41,N/A,-68.22
63,코나아이,"67,400",하락,"3,300",-4.67%,500,"91,174","6,213","70,400","9,816",334,29.45,"795,076","70,000","70,300","4,131",-0.80,16.19,"70,100","1,714","2,153",302,1.49,6.90,"67,200",988,"14,563","2,363","2,289",4.97,680,-15.67
64,넥슨게임즈,"14,650",하락,130,-0.88%,500,"65,631",965,"14,720","9,649",387,30.78,"622,068","14,780","14,800","4,872",222.40,10.93,"14,810",571,"1,745",314,4.53,7.36,"14,590",957,"65,860","2,561",476,2.95,N/A,32.49
65,로보티즈,"71,700",하락,"4,000",-5.28%,500,"489,562","36,449","75,100","9,474",-30,"1,405.88","3,109,177","75,100","75,200","1,002",43.88,-3.31,"77,600","6,581",42,-30,7.37,-2.82,"71,500","2,810","13,214",300,51,9.33,0,3.13
66,원텍,"10,560",하락,250,-2.31%,100,"83,571",881,"10,670","9,445",348,26.87,"633,415","10,670","10,710","1,779",-24.43,25.76,"10,710","1,764",511,291,8.33,17.58,"10,440","1,040","89,439","1,153",393,7.02,50,-0.32
67,필옵틱스,"40,350",상승,200,+0.50%,500,"106,417","4,342","41,350","9,234",138,182.58,"467,968","41,450","41,500","3,827",34.40,3.51,"41,450","4,486","1,441",129,0.40,3.11,"40,050",823,"22,886","4,109",221,6.02,0,36.96
68,유진테크,"39,950",상승,850,+2.17%,500,"24,194",968,"40,050","9,155",612,14.11,"120,156","40,050","40,100","5,395",151.49,16.85,"40,450","2,664","1,038",654,31.45,13.40,"39,300",483,"22,916","3,381","2,831",2.17,230,22.25
69,유일로보틱스,"79,600",하락,"2,800",-3.40%,500,"35,339","2,855","81,500","9,140",4,173.42,"250,856","81,500","81,600","1,174",106.14,-13.94,"82,300",342,224,-91,15.86,-8.91,"79,500","1,169","11,483",352,459,9.47,N/A,19.40
70,국일제지,800,보합,0,0.00%,100,0,0,0,"9,019",-13,-88.89,0,0,0,"1,424",19.80,-9.98,0,0,194,-130,0.84,-7.09,0,0,"1,127,406",564,-9,7.32,N/A,6.08
71,덕산네오룩스,"35,950",하락,100,-0.28%,200,"8,488",305,"36,400","8,927",525,19.69,"206,392","36,350","36,350","4,523",59.39,12.17,"36,350",180,533,458,8.30,10.68,"35,700",766,"24,831","2,123","1,826",2.17,N/A,29.66
72,차바이오텍,"11,130",상승,40,+0.36%,500,"122,887","1,364","10,960","8,506",-597,-49.69,"668,229","10,960","10,970","21,944",-523.82,-2.85,"11,300","3,978","14,755",-146,8.71,-0.74,"10,910","6,022","76,426","10,450",-224,2.45,0,9.55
73,에스에프에이,"23,650",상승,200,+0.85%,500,"11,544",273,"23,600","8,492",-484,-10.30,"102,274","23,650","23,650","24,796",-154.44,-7.49,"24,000","4,591","9,572",-321,9.24,-1.21,"23,500",155,"35,909","20,454","-2,296",0.76,270,9.95
74,에스앤에스텍,"39,300",하락,100,-0.25%,500,"18,586",736,"39,600","8,430",295,24.27,"166,723","39,550","39,900","2,970",17.73,13.07,"40,200",273,502,303,10.14,10.95,"39,150",286,"21,451","1,760","1,619",3.22,150,17.09
75,와이씨,"10,230",상승,60,+0.59%,100,"140,034","1,451","10,440","8,393",106,98.37,"531,847","10,420","10,450","5,769",23.66,3.48,"10,540","4,601","1,586",129,1.04,2.45,"10,160","2,300","82,045","2,112",104,2.53,N/A,-17.22
76,성광벤드,"31,500",상승,100,+0.32%,500,"99,572","3,164","31,500","8,366",420,22.98,"361,109","31,500","31,550","5,631",-6.35,8.01,"32,300","1,914",443,410,23.55,7.36,"31,200",285,"26,557","2,277","1,371",1.60,200,-10.61
77,솔브레인홀딩스,"39,400",보합,0,0.00%,500,"9,823",389,"40,600","8,260",853,17.46,"52,993","40,700","40,700","19,966",-29.47,4.62,"40,700",308,"5,055",557,4.76,2.95,"38,550","2,986","20,964","5,154","2,257",0.61,220,-22.10
78,하나마이크론,"12,440",상승,190,+1.55%,500,"327,560","4,123","12,850","8,244","1,068",-87.61,"1,268,948","12,840","12,860","19,446",84.43,-6.99,"12,840","4,455","13,388",-112,11.60,-0.61,"12,310","4,088","66,272","12,507",-142,2.25,70,29.21
79,태성,"26,600",하락,450,-1.66%,100,"41,504","1,112","27,100","8,113",60,309.30,"490,900","27,100","27,150",796,980.50,16.61,"27,450","4,397",386,60,1.93,8.74,"26,450","1,559","30,501",592,86,6.27,0,77.61
80,LS머트리얼즈,"11,830",하락,70,-0.59%,500,"98,700","1,188","12,250","8,003",62,257.17,"804,241","12,250","12,260","2,531",-54.33,3.11,"12,270","9,785",460,57,4.36,2.19,"11,760",595,"67,653","1,421",46,4.35,N/A,3.79
81,레이크머티리얼즈,"12,010",상승,70,+0.59%,100,"29,600",355,"12,110","7,894",222,42.74,"455,624","12,110","12,130","3,513",-24.93,17.38,"12,130","1,217","2,200",210,6.93,6.46,"11,850",148,"65,731","1,387",281,6.13,50,17.77
82,동국제약,"17,520",보합,0,0.00%,500,"13,666",240,"17,520","7,864",804,13.67,"223,712","17,520","17,590","9,532",20.26,10.66,"17,650","1,579","2,742",623,14.17,6.95,"17,500",249,"44,884","8,122","1,282",1.29,200,11.10
83,동성화인텍,"26,100",하락,600,-2.25%,500,"47,981","1,269","26,850","7,827",540,19.73,"335,624","26,850","26,900","4,555",35.13,21.07,"26,950",509,"2,530",393,18.06,9.60,"26,050",380,"29,989","5,974","1,323",3.66,350,11.92
84,한글과컴퓨터,"32,350",하락,950,-2.85%,500,"97,511","3,172","32,950","7,822",404,50.31,"629,951","32,950","33,000","6,819",18.37,4.06,"33,000","3,585","1,963",140,5.68,2.13,"32,150","3,884","24,180","3,048",643,2.23,410,12.42
85,안랩,"69,800",하락,500,-0.71%,500,"16,143","1,140","71,100","7,766",277,20.86,"93,378","71,100","71,200","4,647",4.77,10.40,"71,300","2,791",959,324,32.34,7.71,"69,800",239,"11,127","2,606","3,346",1.87,"1,300",8.93
86,심텍,"24,350",상승,300,+1.25%,500,"125,666","3,103","25,250","7,756",-470,-15.30,"549,227","25,250","25,300","14,433",46.70,-6.63,"25,300","5,145","9,948",-310,5.90,-2.37,"24,200","4,698","31,854","12,314","-1,592",1.90,100,18.19
87,SAMG엔터,"87,500",상승,400,+0.46%,500,"33,502","2,933","87,000","7,675",-61,-103.92,"210,793","87,000","87,100",974,35.14,-52.24,"89,300",581,666,-194,19.78,-19.62,"85,100","1,336","8,771","1,164",-842,19.93,0,22.41
88,위메이드맥스,"9,140",하락,390,-4.09%,500,"133,076","1,222","9,290","7,660",-81,-36.41,"8,039,390","9,250","9,300","5,976",-315.03,-3.29,"9,320",758,962,-157,11.13,-4.31,"9,070","1,241","83,803",750,-251,1.53,0,7.49
89,피엔티,"32,250",하락,150,-0.46%,500,"27,635",894,"32,850","7,657","1,632",7.00,"269,635","32,800","32,900","16,203",112.19,26.52,"32,800",654,"9,957","1,422",4.36,8.83,"32,000","2,980","23,743","10,351","4,605",1.31,100,89.78
90,올릭스,"38,550",하락,"1,600",-3.99%,500,"74,162","2,859","40,000","7,623",-309,-14.89,"307,899","40,000","40,100",712,-70.02,-120.11,"40,000",327,528,-407,3.35,-46.71,"36,450",250,"19,775",57,"-2,589",30.10,0,-66.73
91,코미코,"72,700",상승,700,+0.97%,500,"20,531","1,509","74,900","7,605","1,125",13.26,"186,717","74,900","74,600","8,003",240.50,23.36,"75,100",508,"4,246",878,19.59,12.60,"72,000",921,"10,461","5,071","5,483",2.76,"1,000",65.05
92,피에스케이홀딩스,"34,950",상승,350,+1.01%,500,"43,485","1,534","35,500","7,536",885,8.15,"149,891","35,550","35,600","5,136",228.07,24.80,"36,000","2,998",821,958,4.33,20.94,"34,650",355,"21,562","2,155","4,289",1.75,700,127.53
93,우리기술투자,"8,680",상승,10,+0.12%,500,"442,073","3,863","8,930","7,291","1,757",4.74,"1,839,435","8,930","8,940","8,038",14.13,24.89,"8,930","3,018","1,376","1,477",2.79,20.59,"8,620","16,368","84,000","1,923","1,830",0.99,N/A,12.60
94,비올,"12,370",보합,0,0.00%,100,"571,499","7,074","12,370","7,226",361,20.55,"715,747","12,370","12,380",981,61.62,44.73,"12,390","1,221,576",92,326,1.48,40.31,"12,370","320,298","58,419",582,602,7.39,20,36.86
95,펌텍코리아,"57,800",하락,"1,000",-1.70%,500,"5,766",335,"59,300","7,167",484,20.12,"40,987","59,500","59,500","4,076",37.15,12.99,"59,500",55,869,383,15.71,10.04,"57,000",879,"12,400","3,375","2,873",2.62,420,18.63
96,아이티센글로벌,"30,450",하락,"2,050",-6.31%,500,"249,886","7,694","31,200","7,066",586,60.18,"1,093,011","31,300","31,250","9,454",91.90,5.79,"31,350","12,530","6,229",361,3.35,4.19,"30,400","10,751","23,205","49,618",506,8.75,N/A,76.26
97,엠로,"56,500",하락,"2,300",-3.91%,500,"34,717","1,981","57,800","6,969",86,34.94,"317,391","57,900","57,900","1,024",84.58,31.88,"57,900","1,502",134,186,3.10,19.17,"56,500","1,569","12,335",795,"1,617",7.69,0,25.77
98,현대힘스,"19,640",하락,360,-1.80%,500,"72,497","1,435","20,050","6,958",215,38.97,"289,189","20,050","20,100","3,265",48.99,8.07,"20,100","1,029",930,166,0.49,5.74,"19,600","2,543","35,425","2,232",504,2.95,100,17.96
99,엘앤씨바이오,"28,150",하락,750,-2.60%,500,"18,506",527,"28,800","6,930",25,4.59,"298,538","28,900","28,900","4,756",-68.73,65.41,"28,900",31,"1,809","1,410",9.86,38.21,"28,150","1,138","24,619",721,"6,131",2.25,50,9.35
100,우리기술,"4,170",하락,180,-4.14%,500,"3,286,539","14,050","4,370","6,903",6,-90.65,"18,345,814","4,370","4,375","2,655",-91.71,-3.33,"4,420","50,488","1,534",-44,4.11,-1.93,"4,155","24,651","165,531",713,-46,6.11,0,12.80
101,다우데이타,"17,890",하락,220,-1.21%,500,"52,056",940,"18,260","6,852","12,059",4.73,"373,540","18,300","18,290","577,571",80.54,12.96,"18,370","4,556","512,862","8,659",11.61,1.55,"13,050","2,007","51,380","8,323","1,267",4.08,100,49.47
102,인카금융서비스,"13,310",상승,140,+1.06%,100,"42,734",565,"13,100","6,839",863,10.51,"431,846","13,200","13,150","7,074",85.22,50.62,"13,440","1,961","5,602",620,5.32,10.30,"17,870","1,306","38,300","121,361","3,783",0.50,450,17.44
103,태웅,"34,000",하락,"1,200",-3.41%,500,"154,056","5,416","35,500","6,802",228,34.87,"826,520","35,500","35,600","8,126",-42.28,4.42,"36,550","2,312","2,081",247,8.63,3.17,"33,700",71,"20,007","3,863",975,1.12,N/A,-12.94
104,제룡전기,"42,150",하락,800,-1.86%,500,"73,506","3,132","42,900","6,770",978,9.29,"364,595","42,900","42,950","2,418",39.48,49.72,"43,350","3,091",451,799,8.72,39.92,"41,850","2,602","16,062","2,627","4,539",3.47,"1,000",42.84
105,비츠로셀,"28,450",하락,550,-1.90%,500,"5,010",143,"28,800","6,507",519,12.41,"166,293","28,900","28,900","3,179",37.73,19.92,"28,900","1,164",348,513,29.46,17.86,"28,450","1,138","22,872","2,108","2,292",2.25,460,19.61
106,코스메카코리아,"60,300",하락,"1,200",-1.95%,500,"10,668",651,"62,100","6,440",604,15.47,"161,375","62,200","62,200","5,179",22.80,22.07,"62,200",341,"2,103",537,11.45,11.30,"60,100",730,"10,680","5,243","3,897",2.98,N/A,49.03
107,솔트룩스,"52,800",하락,"1,700",-3.12%,500,"153,247","8,170","54,000","6,405",-66,-122.22,"898,968","54,500","54,100",932,28.63,-6.63,"54,500","6,334",206,-59,4.44,-6.10,"52,500","5,598","12,131",459,-432,9.71,100,11.39
108,휴메딕스,"56,700",하락,500,-0.87%,500,"9,264",526,"57,000","6,367",431,14.66,"189,379","57,100","57,100","2,498",15.63,18.41,"57,300",934,212,393,9.03,16.72,"56,500",68,"11,230","1,619","3,868",2.45,630,6.30
109,HLB생명과학,"5,180",하락,70,-1.33%,500,"113,016",588,"5,240","6,315",-248,-3.13,"968,380","5,250","5,250","5,390",-1.17,1.95,"5,280","1,342","1,402",62,9.55,1.29,"5,150","2,848","121,917","1,022","-1,657",1.85,0,4.34
110,RFHIC,"23,750",상승,450,+1.93%,500,"49,581","1,175","23,900","6,290",15,83.33,"231,531","24,000","24,000","4,829",404.84,8.60,"24,100","7,009","1,250",197,12.10,3.97,"51,200",59,"12,198",878,-183,2.52,250,5.53
111,에스피지,"28,350",하락,450,-1.56%,500,"93,550","2,689","29,050","6,287",123,46.10,"668,756","29,150","29,100","3,975",-22.76,5.54,"29,250","7,449","1,434",131,3.92,3.52,"23,400","5,249","26,484","1,149",285,1.95,100,3.09
112,시노펙스,"7,150",하락,10,-0.14%,500,"286,928","2,062","7,300","6,272",212,24.24,"888,952","7,300","7,310","2,354",-12.19,18.58,"7,300","11,991",678,280,1.38,12.82,"28,300","5,768","22,177","3,885",615,2.48,150,-1.35
113,나노신소재,"51,400",하락,800,-1.53%,500,"7,624",395,"52,200","6,270",30,-280.87,"88,604","52,300","52,300","4,422",-74.88,-0.77,"52,700","1,533","1,980",-19,9.01,-0.43,"7,070","1,660","87,720","2,383",295,3.62,0,-9.09
114,인투셀,"41,150",상승,50,+0.12%,500,"85,282","3,546","42,400","6,110",-98,-60.60,"1,027,792","42,500","42,550",237,43.70,-95.55,"42,600","5,689",162,-99,2.29,-39.93,"40,550","5,896","14,848",29,-679,139.75,0,79.72
115,현대무벡스,"5,110",하락,10,-0.20%,100,"100,869",518,"5,130","6,022",246,27.18,"1,498,169","5,130","5,140","2,989",493.03,16.17,"5,200","6,435","1,267",269,3.56,9.83,"5,090","2,419","117,846","3,414",188,3.76,50,27.46
116,아이쓰리시스템,"83,800",상승,"1,400",+1.70%,500,"9,386",782,"83,300","5,955",148,37.29,"84,850","83,900","83,900","1,468",20.94,15.31,"84,000",53,411,150,5.17,10.77,"82,000",103,"7,107","1,207","2,247",5.22,400,-0.69
117,서부T&D,"9,010",하락,120,-1.31%,500,"53,211",482,"9,100","5,940",480,17.63,"516,468","9,100","9,110","28,945",28.91,3.70,"9,160",837,"16,536",647,11.80,2.47,"8,950",613,"65,927","1,875",511,0.58,100,10.83
118,제주반도체,"17,170",상승,"2,120",+14.09%,500,"2,773,217","47,456","16,690","5,914",96,35.77,"8,817,575","16,720","16,700","2,254",-46.29,11.44,"17,480","34,245",412,194,0.00,9.15,"16,680","5,036","34,443","1,623",480,3.03,N/A,11.28
119,휴온스글로벌,"46,100",하락,200,-0.43%,500,"5,153",237,"46,450","5,826",970,22.36,"102,073","46,450","46,500","14,059",-14.88,5.05,"46,450",3,"4,418",671,7.87,4.93,"45,400",218,"12,637","8,135","2,062",1.07,525,7.26
120,HLB제약,"17,450",하락,60,-0.34%,500,"33,270",578,"17,310","5,722",15,107.06,"349,349","17,580","17,580","1,579",107.54,1.98,"17,650",768,415,20,0.55,1.35,"16,600",568,"32,791","1,371",163,5.09,0,0.83
121,피에스케이,"19,720",상승,70,+0.36%,500,"54,547","1,083","19,880","5,712",839,7.28,"278,694","20,000","19,900","5,694",55.08,18.31,"20,100","1,124",976,791,26.62,14.88,"19,630","3,154","28,967","3,981","2,708",1.19,400,13.13
122,두산테스나,"29,450",상승,100,+0.34%,500,"61,077","1,818","30,150","5,692",379,42.07,"472,802","30,200","30,200","7,877",N/A,N/A,"30,450","1,061","3,500",368,4.27,N/A,"29,150",251,"19,327","3,731",700,1.35,160,N/A
123,파두,"11,410",상승,120,+1.06%,100,"40,329",467,"11,380","5,640",-950,-6.44,"140,948","11,400","11,400","1,344",-62.28,-64.47,"11,800",77,365,-915,6.31,-48.41,"11,290",79,"49,428",435,"-1,772",6.64,0,93.60
124,인텔리안테크,"52,300",상승,300,+0.58%,500,"7,476",391,"52,500","5,614",-194,-45.76,"113,630","52,600","52,600","4,407",-281.28,-1.12,"52,700",370,"1,761",-30,12.26,-0.67,"52,100",506,"10,733","2,578","-1,143",2.17,100,-15.50
125,컴투스,"43,450",하락,750,-1.70%,500,"7,416",324,"43,750","5,535",61,-4.96,"215,194","43,800","43,800","16,460",118.47,-10.37,"44,150",351,"5,961","-1,520",14.64,-9.04,"43,350",435,"12,738","6,939","-8,768",0.51,"1,300",-6.18
126,태광,"20,850",하락,250,-1.18%,500,"29,778",627,"21,150","5,525",399,14.19,"250,084","21,200","21,200","6,603",-30.93,8.20,"21,300",616,509,461,15.02,7.17,"20,850",437,"26,500","2,668","1,469",0.95,250,-14.50
127,씨아이에스,"7,130",하락,20,-0.28%,100,"43,710",311,"7,190","5,517",593,9.09,"420,860","7,190","7,200","7,338",52.39,15.16,"7,190","2,352","2,551",562,8.56,8.44,"7,070","2,463","77,372","5,085",784,1.12,N/A,63.96
128,SFA반도체,"3,350",상승,85,+2.60%,500,"753,568","2,562","3,365","5,509",0,-223.33,"516,179","3,400","3,390","6,235",99.77,4.51,"3,490","20,751","1,256",205,4.52,3.32,"3,330","36,331","164,460","4,005",-15,1.12,N/A,-3.90
129,메가스터디교육,"50,700",상승,300,+0.60%,100,"1,882",95,"50,000","5,461","1,236",11.62,"35,831","50,000","50,400","8,783",-2.99,9.97,"50,900",382,"4,116",502,29.54,5.47,"24,900",524,"21,857","3,668",-373,1.00,N/A,0.33
130,에코프로에이치엔,"26,000",하락,250,-0.95%,500,"11,117",289,"26,050","5,453",242,25.54,"143,007","26,050","26,100","4,667",-42.02,10.59,"26,500",500,"1,704",215,9.20,6.22,"50,000",751,"10,771","9,422","4,363",1.20,"1,500",0.75
131,네오위즈,"24,950",하락,100,-0.40%,500,"7,070",177,"25,050","5,453",329,-66.89,"228,100","25,050","25,200","6,200",4.20,0.49,"25,200",251,"1,011",-70,14.93,-1.08,"25,750",90,"20,975","2,345","1,018",1.85,300,2.43
132,넥스틴,"51,900",상승,"1,000",+1.96%,500,"9,623",501,"52,000","5,438",470,20.31,"99,236","52,100","52,100","1,898",29.89,27.00,"52,400",324,322,384,12.16,23.10,"51,700",317,"10,477","1,137","2,555",3.42,500,29.33
133,쎄트렉아이,"49,600",보합,0,0.00%,500,"9,581",480,"50,200","5,432",-31,44.29,"106,653","50,200","50,300","4,470",29.44,3.49,"50,800","1,015","2,230",62,6.78,1.64,"49,550",282,"10,951","1,713","1,120",2.31,190,36.55
134,큐리옥스바이오시스템즈,"33,600",하락,650,-1.90%,500,"16,995",575,"34,300","5,431",-134,-59.79,"95,973","34,350","34,600",706,-26.72,-15.94,"34,350",295,219,-81,15.37,-12.60,"33,500",247,"16,163",46,-562,11.90,0,-32.42
135,가온칩스,"46,750",상승,950,+2.07%,500,"43,438","2,046","47,250","5,422",35,233.75,"112,753","47,750","47,450","1,127",-19.00,11.46,"48,100","3,444",434,75,1.17,7.27,"46,100","2,376","11,597",965,200,8.49,N/A,51.72
136,지엔씨에너지,"32,700",하락,"1,050",-3.11%,500,"64,920","2,162","33,850","5,379",317,11.18,"352,091","33,850","34,100","2,652",187.62,27.54,"34,600","5,848","1,038",389,6.49,17.18,"32,450","1,499","16,449","2,263","2,924",2.91,100,35.99
137,갤럭시아머니트리,"13,670",하락,560,-3.94%,500,"207,466","2,861","14,010","5,363",132,253.15,"1,454,063","14,010","14,020","3,646",43.07,0.72,"14,010","5,669","2,525",6,1.86,0.15,"13,640","2,418","39,230","1,288",54,4.74,45,-2.73
138,바이넥스,"16,130",하락,220,-1.35%,500,"69,951","1,140","16,360","5,272",-308,-20.55,"588,736","16,360","16,440","2,794","-3,050.79",-19.34,"16,490","9,974",978,-352,5.41,-13.12,"16,120","3,043","32,684","1,301",-785,2.78,N/A,-16.00
139,데브시스터즈,"43,150",하락,850,-1.93%,500,"8,333",361,"43,750","5,266",272,18.14,"103,030","44,100","44,100","2,604",156.64,19.72,"44,150",625,"1,062",283,12.44,11.31,"42,900",644,"12,203","2,362","2,379",2.91,0,46.57
140,케이엠더블유,"13,160",상승,90,+0.69%,500,"16,772",221,"13,240","5,240",-455,-15.41,"220,340","13,250","13,250","2,690",27.65,-24.24,"13,350",5,"1,254",-386,6.44,-14.17,"13,000","1,276","39,821",874,-854,3.79,N/A,-12.70
141,웹젠,"15,120",하락,40,-0.26%,500,"9,184",139,"15,130","5,232",546,14.04,"84,943","15,130","15,160","7,509",9.32,8.81,"15,190",453,783,568,30.11,7.81,"15,090",62,"34,601","2,147","1,077",0.67,300,9.40
142,테스,"26,200",상승,550,+2.14%,500,"29,465",773,"26,350","5,179",385,10.03,"158,063","26,600","26,500","3,812",756.34,13.55,"26,600","1,438",506,427,6.70,12.13,"25,850","1,791","19,768","2,401","2,611",1.37,600,63.39
143,코난테크놀로지,"45,050",하락,950,-2.07%,500,"86,780","3,932","46,050","5,166",-141,-44.74,"463,377","46,000","46,100",444,-28.30,-53.30,"46,050","2,768",248,-136,1.21,-29.42,"44,450","1,780","11,467",263,"-1,007",32.59,N/A,7.74
144,감성코퍼레이션,"5,630",하락,100,-1.75%,500,"108,325",610,"5,680","5,151",361,17.27,"1,192,409","5,680","5,690","1,543",11.82,30.74,"5,690","6,646",419,293,13.19,21.77,"5,550","3,474","91,500","2,204",326,4.41,0,23.85
145,이엔에프테크놀로지,"35,950",상승,550,+1.55%,500,"20,490",734,"35,450","5,136",593,12.79,"283,499","35,450","35,500","7,236",148.52,8.21,"36,250","1,507","3,222",297,7.61,4.30,"35,250",190,"14,288","5,824","2,810",1.25,150,9.67
146,하나머티리얼즈,"25,850",상승,300,+1.17%,500,"31,210",815,"26,200","5,113",434,15.76,"124,106","26,200","26,250","5,739",5.16,8.43,"26,450","1,133","2,201",318,20.83,5.10,"25,600","2,326","19,778","2,516","1,640",1.38,250,7.74
147,클로봇,"20,600",하락,"1,000",-4.63%,500,"532,501","11,124","21,050","5,078",-75,-65.81,"7,898,061","21,250","21,150",695,-29.94,-15.71,"21,400","30,977",95,-67,2.84,-12.93,"20,500","50,482","24,651",334,-313,8.84,N/A,37.97
148,NHN KCP,"12,400",하락,630,-4.83%,500,"132,121","1,638","12,400","4,980",438,11.73,"1,254,796","12,400","12,410","5,703",4.35,18.71,"12,400","1,932","3,051",453,10.35,8.29,"12,400","3,230","40,161","11,053","1,057",1.81,100,13.72
149,원익QnC,"18,610",상승,160,+0.87%,500,"49,719",933,"18,820","4,892",906,9.77,"299,558","18,930","18,870","15,347",9.19,11.67,"19,000","1,401","9,654",615,5.74,4.23,"18,470","1,910","26,288","8,915","1,905",1.02,100,10.62
150,포스코엠텍,"11,620",하락,120,-1.02%,500,"19,810",232,"11,810","4,839",14,-276.67,"205,572","11,810","11,850","1,498",-68.30,0.50,"11,810","1,454",379,6,6.39,0.37,"11,610",208,"41,643","3,466",-42,4.39,20,1.53
151,대명에너지,"28,200",하락,400,-1.40%,100,"29,967",864,"29,300","4,808",97,40.58,"145,038","29,300","29,350","3,699",-42.03,6.24,"29,400",930,"2,412",78,0.17,2.18,"14,220","1,988","33,417","5,405",869,4.08,N/A,41.62
152,미코,"14,350",하락,150,-1.03%,500,"64,349",938,"14,700","4,795",946,16.51,"614,087","14,850","14,800","13,927",216.51,20.43,"14,930","1,227","8,598",765,9.65,6.87,"28,000","1,990","17,050",678,695,3.51,0,9.93
153,글로벌텍스프리,"6,800",상승,30,+0.44%,500,"33,172",224,"6,820","4,779",218,40.24,"910,978","6,810","6,860","1,745",121.88,5.60,"6,820","3,591",462,63,17.77,3.66,"6,710","6,186","70,283","1,297",169,4.17,N/A,58.84
154,티앤엘,"58,700",하락,900,-1.51%,500,"6,773",400,"59,700","4,771",570,8.65,"104,233","59,900","59,900","1,971",84.69,30.84,"59,900",932,256,464,11.58,27.36,"58,700","2,443","8,128","1,749","6,787",2.62,750,51.47
155,이녹스첨단소재,"23,450",상승,50,+0.21%,500,"27,968",661,"23,550","4,743",868,6.24,"166,314","23,700","23,600","8,260",105.88,16.27,"24,000","3,976","3,574",701,15.26,10.02,"23,275","3,520","20,228","4,228","3,759",0.93,350,9.25
156,에스티큐브,"6,970",상승,20,+0.29%,500,"22,820",158,"6,960","4,738",-226,-19.25,"271,979","7,020","7,020","1,119",13.15,-33.09,"7,020","2,965",176,-214,3.93,-27.16,"6,840","3,873","67,983",113,-362,5.28,N/A,93.88
157,성우하이텍,"5,920",상승,40,+0.68%,500,"41,970",249,"5,900","4,736","2,059",3.19,"401,715","5,940","5,950","45,631",-19.81,9.86,"5,990","4,060","27,210","1,351",6.71,3.14,"5,870","12,843","80,000","42,451","1,855",0.30,150,-1.78
158,바이오다인,"15,850",상승,550,+3.59%,500,"62,843","1,028","16,550","4,718",-17,"-2,264.29","123,513","16,600","16,600",443,15.65,0.03,"16,790","1,634",11,0,4.48,0.02,"15,780",325,"29,764",53,-7,10.93,167,-60.25
159,유바이오로직스,"12,810",상승,60,+0.47%,500,"76,894",991,"12,780","4,692",343,12.18,"207,854","12,800","12,800","2,021",345.78,15.61,"13,110","1,243",701,190,8.40,10.73,"12,750","5,933","36,624",960,"1,052",3.16,N/A,28.93
160,에코아이,"15,760",상승,130,+0.83%,500,"139,558","2,204","15,680","4,670",2,-716.36,"1,228,422","15,630","15,690","1,498",-98.91,1.74,"16,100","14,124",213,23,3.28,1.50,"15,550",201,"29,631",258,-22,3.84,0,38.45
161,케이아이엔엑스,"95,300",하락,"1,900",-1.95%,500,"14,824","1,405","96,300","4,651",237,27.10,"56,176","97,000","96,600","3,368",-10.67,10.13,"97,000",527,"1,068",183,29.16,6.20,"93,300",338,"4,880","1,389","3,516",2.43,600,13.22
162,아이센스,"16,700",상승,120,+0.72%,500,"6,280",105,"16,600","4,607",27,428.21,"75,309","16,610","16,690","5,909",-75.68,-0.59,"16,830",668,"2,479",-20,26.12,-0.36,"16,600",519,"27,587","2,911",39,1.42,100,9.81
163,다날,"6,640",하락,380,-5.41%,500,"2,048,979","13,699","6,610","4,578",14,74.61,"27,373,182","6,730","6,620","7,456",-60.17,2.46,"6,800","61,602","4,356",29,4.66,0.39,"6,540","22,816","68,949","2,609",89,1.50,N/A,-11.69
164,큐로셀,"31,950",상승,600,+1.91%,500,"28,990",945,"32,750","4,576",-106,-12.72,"73,121","32,950","32,900",515,-138.14,55.22,"33,100","1,705",490,-77,0.84,-22.88,"31,850","8,157","14,324",0,"-2,512",19.93,0,"8,891.25"
165,아스테라시스,"12,430",하락,100,-0.80%,100,"14,060",175,"12,540","4,556",67,71.85,"279,559","12,540","12,550",247,328.57,40.61,"12,550",383,51,54,4.28,25.90,"12,410",919,"36,655",288,173,12.66,32,64.78
166,삼현,"14,350",하락,180,-1.24%,500,"52,864",766,"14,660","4,550",55,50.89,"1,063,058","14,660","14,680","1,403",N/A,N/A,"14,680",851,251,83,0.78,N/A,"14,300",665,"31,708","1,004",282,3.92,50,N/A
167,HLB테라퓨틱스,"5,360",하락,"1,010",-15.86%,500,"1,422,137","7,746","5,600","4,522",-76,-16.39,"448,306","5,610","5,610","2,198",12.63,-14.34,"5,750","8,987",379,-235,5.68,-11.16,"5,230","4,066","84,371",549,-327,2.92,0,4.45
168,한국기업평가,"99,500",보합,0,0.00%,"5,000",715,71,"99,600","4,518",327,17.92,"3,325","99,600","100,400","1,753",26.48,21.69,"102,000",99,405,286,80.71,17.31,"99,100",199,"4,541","1,041","5,552",4.21,"3,954",8.85
169,쏠리드,"7,370",하락,30,-0.41%,500,"261,845","1,949","7,590","4,503",351,14.65,"895,475","7,590","7,600","4,968",-3.11,15.52,"7,600","5,915","1,740",462,10.10,9.69,"7,350","13,693","61,095","3,311",503,1.39,50,3.02
170,동화기업,"8,850",상승,150,+1.72%,200,"31,081",275,"8,920","4,474",167,-20.21,"114,244","8,950","8,950","23,972",200.80,-1.40,"8,960","3,520","14,194",-162,50.65,-0.69,"8,750","2,598","50,557","9,180",-438,0.47,N/A,-4.70
171,티에스이,"40,100",상승,600,+1.52%,500,"6,173",249,"40,150","4,436",399,9.63,"38,384","40,350","40,250","5,194","1,776.34",13.36,"40,850",664,"1,197",450,6.61,9.36,"39,700","1,057","11,061","3,481","4,165",1.27,400,39.70
172,셀바스AI,"16,300",하락,210,-1.27%,500,"91,401","1,498","16,430","4,387",8,-71.18,"663,511","16,530","16,490","3,121",-80.43,-4.61,"16,530","1,290",492,-10,3.86,-0.40,"16,260","2,670","26,915","1,125",-229,3.66,N/A,112.13
173,현대바이오,"9,120",상승,160,+1.79%,500,"50,105",457,"9,090","4,380",8,-27.55,"339,384","9,160","9,130",677,108.08,-16.36,"9,220","7,342",283,-69,8.47,-11.50,"9,030","1,096","48,022",151,-331,3.73,N/A,58.73
174,원익홀딩스,"5,660",상승,40,+0.71%,500,"1,151,865","6,644","5,680","4,372",306,-10.24,"3,370,690","5,690","5,690","18,901",-33.12,-7.41,"5,890","4,288","6,416",-611,4.17,-3.26,"5,640","3,693","77,238","6,455",-553,0.44,N/A,-13.88
175,바이오플러스,"7,220",하락,100,-1.37%,500,"49,847",361,"7,330","4,368",237,22.42,"349,352","7,330","7,340","2,643",-15.55,10.83,"7,340","1,632","1,166",175,8.95,8.01,"7,190",690,"60,500",664,322,2.83,50,2.10
176,콜마비앤에이치,"14,790",하락,130,-0.87%,500,"8,624",128,"14,890","4,351",246,34.32,"110,567","14,920","14,910","6,909",-18.62,4.54,"14,920",776,"2,956",172,2.54,2.48,"14,790",522,"29,416","6,156",431,1.09,308,6.23
177,한국정보통신,"11,540",하락,140,-1.20%,500,"7,517",87,"11,550","4,321",391,9.62,"234,687","11,540","11,560","4,629",9.66,15.09,"11,540",855,"1,564",435,62.91,9.62,"11,540",246,"37,444","7,910","1,199",1.32,N/A,9.08
178,한텍,"38,500",하락,500,-1.28%,"5,000","116,909","4,567","39,300","4,282",168,12.92,"982,186","39,350","39,350","2,075",10.40,26.22,"39,800","2,563",958,263,0.66,13.00,"12,100","1,116","34,815",92,-737,8.11,0,1.64
179,골프존,"68,200",상승,400,+0.59%,500,"1,482",101,"67,500","4,280",958,8.53,"21,197","67,800","67,700","6,655",-16.34,11.63,"68,300",166,"2,188",420,23.17,6.45,"38,300","2,223","11,121","1,559","2,981",3.21,450,-12.73
180,신라젠,"3,080",하락,20,-0.65%,500,"60,251",186,"3,080","4,254",-268,-15.17,"469,193","3,100","3,100","1,490",-25.40,-28.05,"3,100","13,043",172,-265,2.70,-23.50,"67,600",278,"6,275","6,200","7,991",0.94,"4,000",-9.51
181,서희건설,"1,849",상승,42,+2.32%,500,"380,123",704,"1,809","4,249","2,357",3.86,"698,294","1,815","1,813","15,406",3.30,17.64,"9,290","2,483",370,48,2.67,1.17,"11,240",908,"37,512",260,-130,12.76,N/A,35.12
182,넵튠,"9,090",하락,140,-1.52%,500,"51,356",469,"9,240","4,245",96,-32.82,"380,809","9,250","9,250","4,075",345.59,0.53,"1,877","37,161","5,668","1,593",5.16,10.35,"3,065","17,520","138,130",39,-203,3.34,0,-0.33
183,큐리언트,"12,160",하락,260,-2.09%,500,"44,711",550,"12,380","4,233",-275,-16.50,"350,284","12,450","12,460",656,-18.37,-45.23,"12,500",212,54,-245,2.73,-41.42,"9,020","1,431","46,702","1,216",-277,1.09,0,21.91
184,유진로봇,"11,280",하락,190,-1.66%,500,"344,365","3,967","11,840","4,231",-42,-86.77,"5,811,545","11,820","11,850",547,20.92,-8.56,"11,950","3,245",190,-32,12.89,-5.62,"1,809","4,041","229,808","14,736",479,0.35,45,2.20
185,네오셈,"9,550",상승,40,+0.42%,100,"62,952",608,"9,760","4,190",165,24.06,"254,152","9,760","9,770","1,419",103.63,18.96,"9,780","5,592",260,192,0.00,15.47,"9,510","5,392","43,869","1,052",397,3.53,60,4.27
186,코오롱생명과학,"33,600",하락,"1,000",-2.89%,500,"6,805",231,"34,500","4,174",-221,-5.25,"73,173","34,600","34,850","4,196",8.35,-64.87,"34,650","1,653","2,702",-931,2.51,-25.54,"33,950",399,"12,176","1,362","-9,553",2.23,0,-44.93
187,성일하이텍,"34,250",하락,150,-0.44%,500,"3,845",132,"34,300","4,170",-714,-3.59,"42,731","34,600","34,400","6,795",-756.19,-42.96,"34,600",470,"4,547","-1,125",2.94,-17.93,"41,000",303,"10,000","1,449",-286,1.12,N/A,-20.68
188,천보,"41,550",상승,200,+0.48%,500,"5,673",235,"42,150","4,155",-228,-145.28,"41,753","42,200","42,200","10,079",-182.81,-8.27,"42,200",31,"5,929",-323,4.15,-3.33,"33,350","1,125","12,423","1,614","-6,402",1.37,N/A,29.48
189,스피어,"10,510",하락,10,-0.10%,500,"73,672",783,"10,560","4,120",-64,-18.94,"570,458","10,730","10,710",446,29.77,-84.53,"10,840","5,573",134,-170,1.25,-53.40,"10,450","11,892","39,204",26,-555,6.68,0,54.88
190,미래에셋벤처투자,"7,730",하락,70,-0.90%,"1,000","80,748",636,"7,920","4,107",157,-66.07,"624,691","7,960","7,940","10,608",-50.81,2.47,"8,000","2,173","7,089",86,2.28,0.79,"7,690","4,328","53,125","2,339",-117,1.19,85,7.75
191,제우스,"13,190",상승,100,+0.76%,500,"36,152",480,"13,330","4,091",492,10.33,"296,914","13,340","13,350","6,409",588.24,12.99,"13,450",229,"2,586",431,3.92,6.83,"13,140",610,"31,017","4,908","1,277",1.17,100,21.82
192,인벤티지랩,"37,800",상승,850,+2.30%,500,"57,562","2,222","39,150","4,039",-190,-13.33,"267,468","39,150","39,200",723,-18.81,-91.93,"39,250","3,587",397,-170,0.91,-28.95,"37,550",312,"10,684",18,"-2,835",11.16,0,170.90
193,에스앤디,"139,600",하락,900,-0.64%,500,"4,107",575,"140,600","4,038",201,22.30,"61,743","140,600","141,800",930,56.19,21.74,"143,000",485,250,170,6.19,17.11,"138,200",223,"2,893","1,161","6,259",5.76,800,31.56
194,서울반도체,"6,920",상승,170,+2.52%,500,"50,359",348,"6,850","4,035",8,-14.95,"143,211","6,880","6,880","12,612",101.61,-0.74,"6,980","11,587","5,602",-19,9.31,-0.16,"6,810","5,580","58,305","10,905",-463,0.59,N/A,5.63
195,한국정보인증,"9,480",하락,610,-6.05%,500,"1,159,982","11,094","9,800","4,023",189,38.85,"5,478,478","9,780","9,820","4,053",35.02,6.14,"9,830","21,331","1,731",124,1.03,3.40,"9,430","14,721","42,441","1,219",244,1.98,150,32.18
196,유티아이,"22,400",하락,350,-1.54%,500,"4,405",98,"22,400","4,021",-322,-14.84,"37,526","22,400","22,500","1,606",-63.41,-49.58,"22,500",212,861,-227,13.19,-17.39,"22,200",189,"17,953",186,"-1,509",6.46,0,-4.14
197,큐렉소,"9,750",하락,190,-1.91%,500,"39,812",393,"9,900","4,006",-58,-54.78,"297,815","9,960","9,960","1,026",-612.71,-9.04,"10,020","2,679",92,-88,3.05,-8.34,"9,730","4,144","41,090",555,-178,4.24,N/A,-23.81
198,에이프릴바이오,"17,610",하락,90,-0.51%,"1,000","29,039",513,"17,760","3,967",169,17.21,"296,818","17,860","17,860",996,226.00,26.90,"17,860","2,020",86,200,4.99,22.32,"17,510","1,574","22,528",275,"1,023",4.29,0,N/A
199,메디포스트,"11,520",하락,420,-3.52%,500,"30,054",351,"11,900","3,942",-485,-6.07,"183,022","11,900","11,940","4,143",-93.17,-22.22,"11,970",594,"1,617",-634,3.69,-14.68,"11,470","1,240","34,218",707,"-1,899",1.85,N/A,2.93
200,대아티아이,"5,580",하락,30,-0.53%,100,"186,749","1,045","5,630","3,932",79,22.50,"2,918,061","5,630","5,640","2,920",122.05,11.52,"5,640","12,750","1,584",147,7.87,5.40,"5,560","2,505","70,473","1,491",248,2.85,N/A,32.77
201,동운아나텍,"18,750",상승,250,+1.35%,500,"11,271",211,"18,560","3,921",175,28.89,"105,718","18,520","18,650",988,-30.43,37.49,"18,880","2,737",275,247,4.92,26.72,"18,520","1,093","20,910","1,383",649,5.81,109,24.02
202,넥스트바이오메디컬,"48,200",상승,"2,000",+4.33%,500,"25,293","1,199","46,200","3,917",-36,124.87,"94,203","46,200","46,450",588,31.60,14.56,"48,550","1,381",137,29,7.31,6.46,"45,750",428,"8,127",95,386,8.60,0,95.46
203,바이오니아,"15,060",하락,20,-0.13%,500,"7,987",121,"15,110","3,887",-134,-19.56,"91,869","15,250","15,220","3,322","-1,794.54",-9.40,"15,250","1,108","1,053",-190,7.33,-5.88,"15,040","3,421","25,810","2,940",-770,1.82,N/A,11.68
204,에프에스티,"17,450",상승,240,+1.39%,500,"11,921",210,"17,600","3,831",23,45.32,"122,192","17,620","17,610","5,061",121.21,0.60,"17,890",115,"2,620",-16,5.24,-0.36,"17,340",106,"21,956","2,374",385,1.42,5,20.14
205,킵스파마,"19,040",하락,920,-4.61%,500,"88,928","1,695","19,800","3,823",62,-49.07,"382,538","19,980","19,950","1,652",103.14,2.07,"19,980",547,"1,020",16,4.30,1.14,"18,540","1,294","20,078","1,276",-388,6.57,0,38.48
206,칩스앤미디어,"17,900",하락,190,-1.05%,500,"53,303",965,"18,420","3,787",53,43.77,"292,170","18,420","18,470",840,-32.06,13.46,"18,500","2,406",82,100,3.99,12.16,"17,700","2,990","21,157",271,409,4.82,100,-1.79
207,이뮨온시아,"5,115",상승,190,+3.86%,500,"220,820","1,128","4,965","3,780",-126,N/A,"721,286","4,965","4,995",262,-6.80,77.02,"5,190","19,387",68,-57,0.37,-18.96,"4,965","13,287","73,906",7,N/A,N/A,0,495.04
208,코미팜,"5,210",하락,60,-1.14%,100,"17,721",92,"5,290","3,776",62,29.77,"174,084","5,270","5,360","1,228",198.72,22.11,"5,370","4,262",572,147,4.88,12.17,"5,160","4,790","72,485",588,175,5.78,0,37.83
209,GST,"20,350",상승,50,+0.25%,500,"60,636","1,240","20,450","3,750",591,8.37,"686,308","20,650","20,550","3,348",38.89,18.71,"20,650","8,364",665,459,10.75,14.92,"20,050","8,736","18,430","3,462","2,430",1.39,300,24.00
210,엔젤로보틱스,"24,700",하락,500,-1.98%,500,"19,016",473,"25,050","3,750",-108,-36.16,"196,763","25,100","25,100",439,-66.88,-40.84,"25,200",561,35,-100,3.12,-30.70,"24,650",963,"15,183",42,-683,9.72,0,-18.17
211,파트론,"6,560",상승,60,+0.92%,500,"26,496",173,"6,530","3,739",617,8.27,"185,173","6,540","6,540","7,433",48.05,10.93,"6,570","7,129","1,878",559,15.65,8.02,"6,510","11,224","57,000","14,864",793,0.67,300,26.78
212,폰드그룹,"11,550",상승,70,+0.61%,500,"26,974",313,"11,490","3,736",413,14.21,"140,605","11,490","11,570","4,227","6,089.52",12.62,"11,950",181,"1,850",272,0.73,7.13,"11,280",450,"32,344","3,687",813,1.77,250,"13,154.52"
213,켐트로닉스,"24,250",상승,200,+0.83%,500,"41,325","1,007","24,400","3,719",373,20.16,"143,967","24,600","24,600","6,417",95.24,10.70,"24,600","6,527","4,066",214,7.71,3.77,"24,050","9,682","15,334","5,752","1,203",1.84,200,6.08
214,하이록코리아,"30,150",하락,400,-1.31%,500,"9,159",279,"30,800","3,707",501,8.66,"76,806","30,700","30,900","4,727",-3.39,11.38,"30,900","1,923",367,480,27.46,10.49,"30,100","1,532","12,295","1,905","3,480",0.87,"1,150",0.89
215,에코앤드림,"20,800",하락,300,-1.42%,500,"18,447",386,"20,800","3,700",5,23.50,"277,480","21,200","20,900","4,058",116.42,8.41,"21,250","2,178","1,841",135,1.80,4.83,"20,650","5,124","17,786","1,049",885,1.64,0,-84.56
216,피아이이,"10,300",상승,420,+4.25%,100,"1,895,678","19,663","10,480","3,690",94,31.60,"2,990,360","10,430","10,490",980,136.17,22.56,"10,690","26,164",462,99,1.62,10.41,"10,110","19,982","35,826","1,240",326,5.49,N/A,103.87
217,오름테라퓨틱,"17,410",하락,250,-1.42%,100,"21,298",374,"17,700","3,668",-83,-47.83,"184,777","17,770","17,670","1,538",-108.72,-17.50,"17,770",807,321,-57,2.10,-3.64,"17,410",376,"21,069",209,-364,2.25,N/A,44.51
218,한국비엔씨,"5,290",하락,30,-0.56%,100,"56,513",301,"5,350","3,618",107,22.90,"362,785","5,350","5,360","2,671",77.07,6.06,"5,360","32,691",306,133,4.16,5.27,"5,280","10,958","68,395",892,231,1.54,N/A,10.16
219,인화정공,"37,400",하락,800,-2.09%,500,"2,671",100,"38,250","3,596",103,-23.11,"16,946","38,800","38,750","4,303",110.01,18.68,"38,800",415,"1,703",400,0.86,10.68,"37,200",358,"9,616",928,"-1,618",1.27,700,-10.74
220,월덱스,"21,750",상승,150,+0.69%,500,"13,162",289,"21,850","3,591",703,5.77,"134,120","21,700","22,000","3,918",8.45,23.78,"22,350","2,946",843,650,4.04,18.44,"21,700",956,"16,511","3,068","3,768",1.13,60,6.49
221,예스티,"16,890",하락,20,-0.12%,500,"7,407",126,"17,080","3,545",113,33.45,"86,164","17,080","17,200","2,044","2,839.92",10.51,"17,260",584,786,112,2.73,5.42,"16,770","1,257","20,991","1,001",505,2.75,0,25.42
222,기가비스,"27,950",상승,650,+2.38%,200,"7,502",209,"27,600","3,543",-18,122.59,"22,647","27,750","27,700","2,297",-105.10,1.63,"28,250",922,240,34,1.71,1.50,"27,650",427,"12,676",261,228,1.81,800,-71.42
223,더즌,"4,960",하락,240,-4.62%,100,"2,237,651","11,264","5,080","3,542",100,30.81,"28,863,311","5,180","5,100","1,157",-6.08,28.06,"5,190","34,798",743,99,2.41,9.39,"4,910","21,382","71,413",627,161,5.31,0,48.96
224,에이직랜드,"32,450",상승,300,+0.93%,500,"20,389",664,"32,650","3,528",-170,-14.53,"76,848","32,800","32,750","1,671",-539.61,-15.39,"32,900","3,674",828,-140,1.68,-8.57,"32,150","2,675","10,872",941,"-2,233",4.60,N/A,26.84
225,삼표시멘트,"3,250",보합,0,0.00%,500,"26,757",87,"3,270","3,507","1,039",6.41,"150,457","3,270","3,275","14,851",22.70,9.04,"3,275","7,926","7,289",661,1.94,4.40,"3,230","4,640","107,916","7,908",507,0.47,110,-4.00
226,다원시스,"9,180",하락,10,-0.11%,500,"7,430",68,"9,190","3,503",76,-18.04,"126,113","9,270","9,240","7,457",-60.32,4.81,"9,270","2,961","4,868",119,8.65,1.69,"9,180","5,936","38,163","3,015",-509,1.47,N/A,-15.74
227,퓨쳐켐,"15,810",하락,10,-0.06%,500,"13,458",212,"15,860","3,494",-95,-35.21,"152,515","15,860","15,910",744,-12.55,-15.94,"15,930","1,921",199,-94,4.91,-12.80,"15,710",310,"22,102",173,-449,6.81,N/A,23.81
228,토모큐브,"26,450",하락,550,-2.04%,500,"18,940",506,"27,300","3,484",-88,-35.13,"114,617","27,300","27,350",436,-30.40,-27.82,"27,300","3,150",16,-83,4.83,-26.20,"26,350","1,518","13,171",59,-753,8.75,0,58.48
229,바디텍메드,"14,760",하락,70,-0.47%,"1,000","9,661",143,"14,820","3,467",262,12.43,"103,665","14,830","14,880","2,547",-8.17,13.75,"14,880","2,074",316,272,2.43,11.28,"14,740",360,"23,487","1,382","1,187",1.49,150,2.94
230,가비아,"25,550",하락,100,-0.39%,500,"5,363",137,"25,800","3,458",351,24.57,"126,008","25,850","25,850","6,345",-17.59,9.49,"25,850",102,"2,878",286,37.33,5.21,"25,300","2,191","13,536","2,824","1,040",2.02,80,7.96
231,우주일렉트로,"36,850",하락,350,-0.94%,500,"1,988",73,"36,900","3,405",201,16.25,"50,509","37,150","37,150","3,277",151.12,8.46,"37,150",618,814,198,8.73,6.34,"36,550",729,"9,240","1,762","2,268",1.19,300,10.18
232,휴온스,"28,350",상승,100,+0.35%,500,"2,103",60,"28,250","3,396",397,10.65,"22,411","28,250","28,400","6,063",-29.12,8.77,"28,550",347,"2,557",291,17.76,5.09,"28,100",54,"11,980","5,902","2,661",0.94,630,6.93
233,씨앤씨인터내셔널,"33,850",하락,250,-0.73%,100,"8,415",288,"34,250","3,390",290,13.46,"58,525","34,350","34,400","2,951",-9.75,17.15,"34,450","1,012",893,324,4.55,11.78,"33,800","1,024","10,014","2,829","2,514",1.69,"1,000",28.39
234,덕산테코피아,"16,500",상승,90,+0.55%,500,"22,072",363,"16,480","3,379",-302,-5.67,"180,332","16,560","16,600","6,630",-385.42,-28.30,"16,750","2,080","4,572",-726,4.31,-12.33,"16,250","1,250","20,477",997,"-2,911",1.80,N/A,5.97
235,노바렉스,"17,980",하락,310,-1.69%,500,"8,016",145,"18,280","3,372",232,12.77,"170,548","18,350","18,350","2,896",-9.06,10.97,"18,350",254,693,238,6.89,8.60,"17,900",885,"18,755","2,977","1,408",1.43,200,-1.47
236,삼목에스폼,"22,850",상승,250,+1.11%,500,760,17,"22,600","3,359",753,7.11,"13,326","22,750","22,750","7,813",-39.33,12.04,"22,850",117,"1,366",734,3.03,9.65,"22,550",64,"14,700","4,019","3,216",0.51,200,-8.53
237,지씨셀,"21,150",보합,0,0.00%,500,"1,969",42,"21,150","3,342",-200,-4.06,"79,958","21,200","21,250","5,783",-590.55,-14.90,"21,300",701,"1,160",-757,5.16,-12.18,"21,000",585,"15,800","1,745","-5,205",0.72,N/A,-6.98
238,노머스,"30,700",상승,150,+0.49%,500,"10,645",325,"30,750","3,339",82,30.04,"143,529","30,900","31,000",988,"4,101.07",15.81,"31,000","1,345",127,99,7.60,13.63,"30,400",767,"10,876",689,"1,022",3.65,0,62.92
239,선익시스템,"34,800",상승,100,+0.29%,500,"7,142",250,"35,000","3,319",79,-14.54,"25,108","35,000","35,050","3,029",294.87,-47.86,"35,500",81,"2,565",-281,1.02,-12.83,"34,750",283,"9,537","1,129","-2,393",7.04,N/A,80.93
240,한양이엔지,"18,420",상승,420,+2.33%,500,"13,538",248,"18,050","3,316",862,5.29,"32,510","18,050","18,110","9,087",1.27,13.45,"28,100","1,357","11,490",274,13.81,1.87,"27,500",764,"11,872","32,248","2,207",0.81,450,4.90
241,CJ프레시웨이,"27,900",하락,150,-0.53%,"1,000","2,735",76,"28,050","3,312",940,12.64,"45,806","28,050","28,100","15,644",-5.27,7.36,"12,650","14,486","11,128",447,6.63,2.50,"12,000","3,873","27,554","13,543","1,324",0.66,500,0.71
242,KG이니시스,"12,010",하락,140,-1.15%,500,"473,322","5,851","12,230","3,309",610,9.07,"999,570","12,190","12,280","18,664",-42.61,8.63,"18,420","4,828","3,067",764,14.20,8.80,"18,050",531,"18,000","11,863","3,481",0.51,650,15.60
243,오픈엣지테크놀로지,"15,000",상승,210,+1.42%,100,"40,509",614,"15,210","3,301",-246,-13.46,"196,376","15,250","15,250",867,-55.15,-67.14,"15,410","2,243",260,-273,6.60,-41.54,"14,830","2,439","22,003",153,"-1,114",7.25,0,-21.77
244,아이패밀리에스씨,"19,050",하락,90,-0.47%,500,"5,571",107,"19,210","3,299",336,13.34,"69,385","19,180","19,300","1,223",40.16,35.26,"19,350","3,502",308,283,5.92,26.68,"19,000",266,"17,320","2,049","1,428",3.42,118,37.79
245,제닉,"41,050",하락,400,-0.97%,500,"7,456",309,"41,900","3,271",60,26.97,"159,022","41,950","41,850",382,249.72,44.90,"41,950","3,632",160,76,7.77,24.57,"40,950",958,"7,969",499,"1,522",12.60,N/A,77.80
246,하림,"3,070",보합,0,0.00%,500,"95,877",295,"3,070","3,261",285,-161.58,"829,795","3,070","3,075","8,328",-29.51,-4.11,"3,085","79,130","5,437",-123,3.85,-1.47,"3,065","20,378","106,210","12,854",-19,1.12,N/A,-8.89
247,바텍,"21,900",하락,150,-0.68%,500,"2,460",54,"21,950","3,253",540,6.41,"12,800","22,200","22,150","6,503",-15.74,12.94,"22,200",916,"1,798",553,26.94,8.93,"21,600","2,135","14,854","3,852","3,418",0.69,100,0.07
248,인바디,"24,050",하락,450,-1.84%,500,"7,381",177,"24,300","3,242",367,10.49,"25,543","24,350","24,350","3,058",-4.20,12.71,"24,350","1,748",319,327,36.41,11.27,"23,800",959,"13,481","2,045","2,293",1.11,400,20.03
249,에이치브이엠,"27,100",하락,950,-3.39%,500,"30,780",844,"27,900","3,225",-68,-37.33,"265,083","28,000","28,050","1,196",-282.11,-17.39,"28,250","1,547",535,-84,3.17,-8.19,"27,000",598,"11,902",451,-726,4.80,N/A,8.88
250,에스티아이,"20,350",상승,400,+2.01%,500,"44,700",916,"20,450","3,221",273,12.33,"156,396","20,400","20,500","3,688",13.95,10.89,"20,800","11,648","1,080",271,4.51,7.93,"20,100","7,042","15,830","3,340","1,650",1.15,200,4.56
251,아주IB투자,"2,650",하락,5,-0.19%,500,"131,885",348,"2,640","3,205",84,82.81,"816,122","2,655","2,640","3,417",-52.70,3.20,"2,660","28,447",806,83,1.35,2.39,"2,630","18,912","120,945",656,32,1.23,50,-11.09
252,에이스침대,"28,900",하락,300,-1.03%,"1,000",90,3,"29,100","3,205",662,5.21,"3,829","29,300","29,250","7,824",16.14,9.70,"29,300",125,757,659,1.18,8.79,"28,900",603,"11,090","3,260","5,551",0.43,"1,450",6.39
253,에이유브랜즈,"22,600",하락,600,-2.59%,100,"13,023",294,"22,950","3,200",124,28.00,"105,601","23,200","23,150",448,-23.35,38.45,"23,200","1,377",122,101,1.61,28.58,"22,300",259,"14,160",446,807,5.41,0,6.48
254,우진엔텍,"34,200",상승,950,+2.86%,500,"341,792","12,031","35,600","3,171",53,67.86,"680,358","35,650","35,650",517,-9.74,13.35,"36,700","4,032",43,54,0.52,11.86,"34,000","4,201","9,271",440,504,6.89,200,8.05
255,JTC,"6,110",상승,400,+7.01%,0,"212,470","1,273","5,710","3,162",476,4.07,"918,097","5,700","5,740","3,584",117.12,57.43,"6,130","10,372","1,752",772,10.12,24.80,"5,670","3,708","51,746","3,086","1,501",1.73,N/A,105.76
256,비보존 제약,"6,290",상승,30,+0.48%,"2,500","20,425",130,"6,330","3,152",29,-24.10,"100,799","6,310","6,380","1,844",10.36,-9.48,"6,470","4,342",780,-100,0.56,-5.58,"6,270",866,"50,105",876,-261,3.06,N/A,22.83
257,펨트론,"14,690",상승,470,+3.31%,500,"53,539",782,"14,600","3,127",-36,-97.93,"246,708","14,940","14,670",717,-144.94,-6.32,"14,940","5,635",436,-19,7.82,-2.61,"14,300","2,694","21,288",570,-150,12.12,N/A,-22.67
258,제이브이엠,"25,700",하락,500,-1.91%,500,"4,632",120,"25,950","3,107",307,10.95,"87,540","25,950","26,200","2,848",3.04,15.11,"26,200",329,825,288,12.66,10.64,"25,600","1,669","12,090","1,594","2,346",1.45,500,1.50
259,마녀공장,"18,910",하락,240,-1.25%,100,"40,023",761,"19,020","3,097",186,19.12,"140,740","19,090","19,120","1,295",16.99,15.53,"19,150","1,767",157,164,0.53,13.93,"18,900","1,885","16,378","1,279",989,2.66,N/A,21.83
260,KG에코솔루션,"6,460",상승,170,+2.70%,500,"45,654",291,"6,310","3,075","2,265",4.77,"171,841","6,340","6,340","62,134",-26.87,6.74,"6,490","10,172","32,544","2,142",3.72,3.55,"6,300","1,451","47,603","72,849","1,353",0.19,120,0.38
261,상아프론테크,"19,090",하락,210,-1.09%,500,"10,573",203,"19,210","3,052",58,59.47,"69,568","19,300","19,360","3,622",-34.70,3.13,"19,375",532,"1,612",62,3.64,1.73,"6,110","8,465","49,725","2,763",127,3.38,N/A,156.07
262,폴라리스오피스,"6,130",하락,80,-1.29%,500,"83,188",512,"6,190","3,048",48,48.27,"951,275","6,210","6,200","5,198",-23.14,9.19,"6,210","16,549",857,186,0.93,4.45,"19,090","1,204","15,989","1,718",321,1.50,200,-6.45
263,씨어스테크놀로지,"24,150",상승,350,+1.47%,500,"9,622",230,"23,550","3,041",-87,-43.44,"191,126","23,600","23,750",281,11.44,-60.13,"24,200","4,408",67,-89,4.80,-39.23,"23,500","3,649","12,591",81,-556,14.51,N/A,329.69
264,나이벡,"26,850",하락,500,-1.83%,500,"13,758",370,"27,250","3,036",-49,-25.62,"100,835","27,450","27,450",625,-120.87,-30.54,"27,450",638,302,-93,0.81,-14.43,"26,650","2,681","11,306",246,"-1,048",9.52,0,56.33
265,씨메스,"25,950",하락,650,-2.44%,500,"27,849",727,"26,500","3,032",-143,-18.51,"373,420","26,400","26,500",810,-43.04,-28.80,"26,550","2,370",67,-135,2.49,-25.68,"25,800","1,672","11,685",69,"-1,402",4.34,0,-9.83
266,브이엠,"12,580",상승,160,+1.29%,100,"14,403",182,"12,430","3,029",-86,306.83,"71,000","12,640","12,610","1,657",21.56,-2.80,"12,800",836,414,-35,3.81,-2.18,"12,280","5,367","24,076",703,41,2.35,N/A,170.21
267,에스에이엠티,"3,025",상승,35,+1.17%,500,"86,065",261,"2,990","3,025",674,6.01,"411,142","3,005","3,005","8,330",25.83,13.46,"3,050","10,189","4,024",544,5.59,7.23,"2,990","13,654","99,995","28,895",503,0.70,200,34.70
268,CMG제약,"2,110",하락,15,-0.71%,500,"114,059",241,"2,115","3,018",10,-263.75,"1,432,717","2,130","2,115","3,034",-66.40,1.42,"2,135","42,592","1,139",27,4.04,0.99,"2,105","51,187","143,057",991,-8,1.56,0,5.53
269,뷰노,"21,550",하락,100,-0.46%,100,"20,270",438,"21,700","3,017",-125,-24.16,"150,260","21,700","21,800",502,20.58,-72.91,"21,900","1,535",195,-130,3.97,-35.80,"21,400","3,583","14,002",259,-892,10.92,0,94.86
270,클리오,"16,610",하락,20,-0.12%,500,"21,321",355,"16,690","3,002",246,14.69,"121,497","16,660","16,740","2,954",-27.23,12.43,"16,760","5,341",615,272,4.69,9.45,"16,590",394,"18,071","3,514","1,131",1.26,400,6.29
271,지노믹트리,"12,280",하락,20,-0.16%,500,"8,262",101,"12,400","2,993",-153,-28.49,"74,892","12,410","12,410","1,307",11.50,-8.24,"12,410","1,433",64,-104,0.97,-7.89,"11,800","2,221","24,377",24,-431,2.43,0,-30.89
272,티에프이,"26,250",상승,450,+1.74%,100,"16,769",444,"26,250","2,988",44,125.00,"60,549","26,500","26,350","1,267",-52.40,1.94,"27,000","2,994",483,15,1.99,1.33,"26,100","2,037","11,381",736,210,3.56,N/A,-8.34
273,아톤,"12,040",하락,680,-5.35%,100,"430,500","5,144","11,710","2,986",144,21.12,"5,162,082","12,000","11,820","1,389",26.50,12.78,"12,490","11,218",490,110,3.53,7.78,"11,590","8,526","24,799",654,570,2.88,"1,250",1.60
274,매일유업,"37,900",하락,100,-0.26%,500,860,33,"38,150","2,973",703,7.40,"7,938","38,250","38,200","10,263",-2.62,8.16,"38,250",162,"4,510",455,12.61,4.56,"37,600",89,"7,844","18,114","5,120",0.48,N/A,-13.19
275,로보스타,"30,450",하락,850,-2.72%,500,"153,176","4,696","30,900","2,969",1,"-1,127.78","1,560,513","31,400","31,100","1,126",-86.92,2.44,"31,400","2,126",206,22,2.08,1.94,"30,100","3,273","9,750",891,-27,3.31,150,6.84
276,쿠콘,"28,950",하락,450,-1.53%,500,"50,682","1,478","29,700","2,969",166,16.25,"199,980","29,850","29,550","2,629",0.02,11.48,"29,900","5,887","1,161",158,2.77,6.71,"28,500","4,624","10,255",730,"1,782",1.98,50,18.89
277,인탑스,"17,220",하락,30,-0.17%,500,"4,790",83,"17,310","2,962",38,23.05,"66,538","17,420","17,430","9,007",-79.33,3.34,"17,440",839,"1,289",234,6.42,2.66,"17,200","1,018","17,200","6,147",747,0.41,200,6.46
278,신성에스티,"32,700",하락,400,-1.21%,500,"3,799",125,"33,150","2,956",88,43.20,"50,172","33,200","33,350","1,444",5.16,7.11,"33,400","1,201",419,71,2.26,5.06,"32,600","1,685","9,040","1,270",757,2.79,200,1.89
279,듀켐바이오,"10,330",상승,180,+1.77%,500,"5,714",59,"10,250","2,939",51,35.02,"26,260","10,270","10,370",652,N/A,N/A,"10,330","1,077",222,80,1.21,N/A,"10,190","1,506","28,455",356,295,6.74,N/A,N/A
280,샘씨엔에스,"5,030",하락,70,-1.37%,500,"72,035",364,"5,080","2,937",52,77.38,"322,274","5,120","5,110","2,222",278.57,2.70,"5,130","3,964",782,33,1.28,1.60,"4,970","9,740","58,388",533,65,1.97,N/A,72.35
281,슈어소프트테크,"5,570",하락,140,-2.45%,100,"142,518",799,"5,640","2,931",79,27.30,"942,566","5,670","5,670","1,624",-31.22,12.40,"5,700","26,208",563,101,1.07,6.29,"5,550","16,689","52,619",888,204,3.17,N/A,40.31
282,원익머트리얼즈,"23,000",상승,150,+0.66%,500,"19,548",451,"23,000","2,900",519,8.35,"99,673","23,300","23,150","5,833",110.29,6.84,"23,400","2,087","1,021",318,17.34,5.88,"22,750","1,834","12,608","3,107","2,755",0.59,350,-20.67
283,오상헬스케어,"19,960",상승,200,+1.01%,500,"5,263",105,"19,740","2,896",-248,-33.05,"106,013","19,770","19,970","2,950",-117.35,-3.93,"20,200",137,90,-114,0.99,-3.70,"19,690","1,939","14,509",805,-604,0.97,500,-77.38
284,뉴로메카,"25,250",하락,450,-1.75%,500,"17,383",443,"25,500","2,863",-190,-14.63,"245,389","25,550","25,650",952,-28.26,-95.95,"25,900",918,844,-168,0.45,-17.55,"25,200","1,173","11,338",253,"-1,726",12.44,0,83.87
285,리파인,"16,510",상승,150,+0.92%,100,"54,772",904,"16,560","2,861",205,15.77,"758,423","16,360","16,600","1,816",-9.08,12.53,"16,640","1,729",112,206,3.62,11.63,"16,360","2,289","17,330",678,"1,047",1.41,N/A,2.05
286,유진기업,"3,695",하락,5,-0.14%,500,"49,657",183,"3,700","2,857",550,-4.52,"262,536","3,705","3,705","23,749",-34.86,-6.18,"3,725","7,291","13,482","-1,007",4.94,-4.32,"3,665","3,450","77,311","13,933",-817,0.28,170,-5.44
287,에코마케팅,"9,060",상승,20,+0.22%,100,"28,632",262,"9,180","2,851",470,10.32,"123,872","9,120","9,210","4,038",-14.75,12.87,"9,250","2,202","1,213",362,11.80,9.64,"12,420",281,"22,683","6,479",-236,1.44,N/A,11.61
288,아이티엠반도체,"12,500",상승,50,+0.40%,500,"2,678",34,"12,450","2,835",24,-52.97,"31,343","12,680","12,590","5,952",116.15,0.64,"12,680",291,"4,008",12,2.37,0.20,"9,040","3,323","31,468","3,572",878,1.18,500,1.92
289,필에너지,"13,180",하락,80,-0.60%,500,"18,322",242,"13,320","2,818",142,34.50,"97,475","13,370","13,360","2,121",-7.25,10.39,"13,410","2,597",691,134,1.99,5.79,"24,050","6,038","11,655","1,025",-840,3.84,0,10.79
290,이스트소프트,"24,150",하락,200,-0.82%,500,"37,895",925,"24,600","2,815",-135,-28.75,"278,492","24,750","24,750","1,991",-51.08,-16.62,"24,750","7,442","1,106",-146,0.82,-7.52,"13,050","2,496","21,378","2,854",382,2.05,350,4.07
291,LS증권,"5,070",상승,10,+0.20%,"5,000","36,025",183,"5,080","2,813",218,25.87,"303,779","5,080","5,100","87,797",-34.30,1.84,"5,120","11,900","79,083",166,1.48,0.20,"5,010","10,057","55,481","16,537",196,0.33,67,45.08
292,헥토파이낸셜,"29,650",하락,"2,750",-8.49%,500,"483,252","14,476","30,600","2,803",133,29.59,"3,264,291","30,650","30,650","4,516",5.75,6.90,"31,050","15,921","3,002",90,2.36,2.17,"29,100","3,549","9,453","1,593","1,002",1.71,100,25.07
293,제이오,"8,610",하락,30,-0.35%,100,"16,065",138,"8,530","2,757",-55,-27.25,"104,599","8,630","8,560","2,226",-145.39,-5.67,"8,670",682,442,-89,2.48,-4.24,"8,490",917,"32,018",829,-316,1.44,N/A,-27.62
294,디오,"19,070",하락,20,-0.10%,500,"3,948",76,"19,020","2,741",-407,-6.44,"34,101","19,090","19,080","3,433",-294.94,-20.74,"19,230",355,"1,392",-413,14.20,-11.62,"19,000","2,179","14,375","1,196","-2,963",1.30,0,-23.21
295,와이씨켐,"27,100",상승,300,+1.12%,"1,000","21,991",600,"27,500","2,740",-82,-18.35,"106,639","27,500","27,600","1,163",-4.30,-30.46,"27,750","4,070",718,-160,1.71,-13.56,"26,850","7,866","10,111",703,"-1,477",5.78,N/A,12.90
296,프로텍,"24,900",상승,50,+0.20%,500,"4,111",103,"25,000","2,739",134,10.11,"51,033","25,450","25,250","3,768",-22.89,7.35,"25,450","1,419",540,127,2.82,3.45,"24,900","1,653","11,000","1,703","2,462",0.73,400,9.11
297,대화제약,"14,600",하락,160,-1.08%,500,"14,450",213,"14,880","2,718",67,155.32,"100,620","14,880","14,840","2,059",241.83,0.73,"14,900","3,980","1,295",8,0.00,0.39,"14,600","2,438","18,617","1,494",94,3.66,150,5.70
298,동방메디컬,"13,050",하락,330,-2.47%,500,"150,181","1,960","13,220","2,711",150,63.04,"1,020,022","13,230","13,260","1,504",-8.69,4.60,"13,280","10,659",696,31,3.74,2.34,"12,920","13,154","20,775","1,051",207,2.36,0,15.67
299,매커스,"16,740",상승,340,+2.07%,500,"41,434",698,"16,430","2,706",269,11.70,"157,170","17,790","17,790","5,998",-21.51,15.74,"17,990","3,585","2,632",518,10.20,8.85,"16,420",62,"16,163","1,996","1,431",1.33,200,13.78
300,휴림로봇,"2,450",하락,30,-1.21%,500,"2,316,129","5,756","2,500","2,701",-49,-122.50,"192,932","16,430","16,440","4,092",2.04,18.59,"17,100","1,142","2,958",202,17.69,5.76,"17,530","2,247","15,281","5,167","3,002",0.78,530,-3.16
301,한솔아이원스,"9,460",상승,210,+2.27%,500,"28,129",266,"9,370","2,705",231,8.25,"57,232","9,420","9,410","2,319",180.71,18.60,"9,590","8,133",497,311,5.65,13.72,"9,270",933,"28,593","1,571","1,146",1.36,0,26.79
302,휴림로봇,"2,450",하락,30,-1.21%,500,"2,316,129","5,756","2,520","2,701",-49,-122.50,"15,800,230","2,490","2,530","3,349",-165.20,-5.59,"2,570","136,934","1,225",-94,2.19,-4.16,"2,410","78,166","110,238","1,331",-20,2.20,N/A,90.74
303,인선이엔티,"5,800",하락,80,-1.36%,500,"24,384",142,"5,860","2,701",232,-11.55,"171,351","5,890","5,900","4,957",-10.18,-5.66,"5,890",984,"1,731",-189,5.21,-3.62,"5,790","1,628","46,564","2,088",-502,0.80,N/A,61.01
304,나우로보틱스,"21,500",하락,900,-4.02%,500,"120,904","2,634","22,350","2,698",-29,-48.86,"879,782","22,600","22,400",163,47.80,-285.18,"22,600","6,357",105,-37,0.78,-26.63,"21,050","4,520","12,548",121,-440,37.15,N/A,-5.48
305,자람테크놀로지,"43,250",상승,350,+0.82%,500,"8,222",358,"43,600","2,681",4,-290.27,"34,050","43,750","43,800",784,117.07,5.09,"44,300","1,225",359,20,2.80,3.42,"42,850","1,096","6,198",222,-149,6.56,0,15.89
306,HLB이노베이션,"1,852",상승,22,+1.20%,500,"66,107",122,"1,848","2,673",-119,-14.82,"832,730","1,836","1,867","2,680",N/A,N/A,"8,160","5,836","8,415",-722,4.82,-4.56,"7,740","5,155","33,843","3,221","-3,229",0.28,0,-37.32
307,더블유씨피,"7,880",상승,220,+2.87%,500,"232,187","1,844","7,900","2,667",-709,-2.44,"452,238","7,980","7,940","18,102",-252.91,-7.33,"3,485",310,"2,177",-294,41.21,-9.87,"3,400","2,650","77,753",22,-472,1.98,N/A,5.60
308,프레스티지바이오로직스,"3,425",하락,15,-0.44%,500,"3,483",12,"3,425","2,663",-334,-7.26,"163,007","3,485","3,475","2,894",24.39,-34.26,"1,888","30,805",160,-124,2.05,N/A,"1,831","4,635","144,304",254,-125,1.13,N/A,N/A
309,석경에이티,"48,700",하락,150,-0.31%,500,"1,156",56,"49,200","2,657",20,45.86,"6,487","49,450","49,450",492,-42.34,11.43,"49,450",115,94,43,0.95,9.70,"48,600",816,"5,455",138,"1,062",6.36,N/A,13.28
310,중앙첨단소재,"2,605",상승,270,+11.56%,500,"2,696,043","7,106","2,785","2,652",-78,-3.79,"1,495,522","2,805","2,790","1,245","-13,814.06",-95.94,"2,850","116,408",278,-768,7.24,-60.25,"2,525","3,150","101,802",187,-688,2.77,0,-28.92
311,유니슨,"1,555",보합,0,0.00%,500,"445,749",698,"1,565","2,651",-125,-13.88,"3,185,598","1,580","1,568","2,490",36.06,-36.03,"1,585","14,371","1,828",-225,2.12,-8.81,"1,541","6,105","170,506",257,-112,4.18,0,-76.12
312,제이에스링크,"9,810",하락,210,-2.10%,500,"10,291",101,"9,960","2,647",-91,-13.66,"231,592","9,980","10,000",544,-109.85,-42.11,"9,980",480,294,-108,1.13,-23.19,"9,660","9,356","26,978",159,-718,7.83,0,-27.52
313,디아이티,"13,970",상승,190,+1.38%,100,"12,580",176,"14,120","2,640",241,8.73,"151,443","14,010","14,190","2,409",178.68,14.50,"14,190","2,417",280,289,5.55,12.78,"13,870","3,760","18,900","1,167","1,601",1.22,0,N/A
314,아이스크림미디어,"20,000",하락,250,-1.23%,500,"8,851",177,"20,000","2,635",461,8.02,"74,735","20,200","20,150","2,229",35.41,23.29,"20,200",467,396,311,8.18,18.42,"19,900","1,168","13,177","1,522","2,493",1.52,380,8.96
315,바이오비쥬,"17,420",하락,100,-0.57%,500,"62,371","1,088","17,500","2,621",92,N/A,"493,224","17,520","17,600",378,N/A,N/A,"17,650","4,642",68,72,0.47,N/A,"17,310","1,838","15,044",296,N/A,N/A,738,23.67
316,해성산업,"8,030",하락,20,-0.25%,500,"2,961",24,"8,030","2,614",714,-167.29,"58,218","8,040","8,040","25,920",-32.81,0.79,"8,060","1,720","12,440",-34,1.40,-0.13,"8,010","2,885","32,557","22,204",-48,0.34,225,-3.81
317,큐브엔터,"17,410",하락,290,-1.64%,500,"12,455",219,"17,680","2,612",166,19.37,"106,124","17,740","17,780","2,700",7.42,13.61,"17,790","1,362","1,117",166,5.98,7.85,"17,370","2,260","15,002","2,183",899,1.53,N/A,53.43
318,네패스,"11,300",하락,170,-1.48%,500,"29,472",337,"11,560","2,606",34,-6.51,"433,647","11,670","11,580","7,101",-66.22,-48.21,"11,680","2,721","5,029",-794,6.54,-9.49,"11,230","1,876","23,059","4,643","-1,736",2.39,N/A,-0.99
319,미래나노텍,"8,360",보합,0,0.00%,500,"7,775",65,"8,390","2,592",249,8.47,"166,843","8,420","8,430","5,976",81.41,8.51,"8,450","2,695","2,802",258,5.32,4.22,"8,300","1,698","31,010","6,223",987,0.83,50,-10.33
320,KG모빌리언스,"6,780",상승,670,+10.97%,500,"5,519,115","38,131","6,320","2,577",74,38.09,"2,902,166","6,350","6,340","5,385",-77.48,2.84,"7,330","24,346","1,915",82,4.30,1.54,"6,240","19,245","38,011","2,661",178,0.72,220,-4.82
321,진성티이씨,"11,440",하락,80,-0.69%,500,"85,366",983,"11,590","2,572",244,11.39,"968,559","11,550","11,610","4,554",-38.26,8.48,"11,720","8,837","1,931",210,8.52,4.89,"11,400","4,142","22,482","3,905","1,004",0.86,200,-19.50
322,슈프리마,"35,400",하락,100,-0.28%,500,"5,777",206,"35,350","2,569",233,7.46,"32,626","35,700","35,550","2,601",39.76,14.74,"35,950",402,235,325,20.24,13.58,"35,300","1,241","7,257","1,082","4,747",1.00,0,14.37
323,비덴트,"3,320",보합,0,0.00%,500,0,0,0,"2,563",-111,5.25,0,0,0,"7,408",-11.76,11.16,0,0,"1,026",672,1.43,9.67,0,0,"77,202",96,632,0.40,N/A,-3.82
324,엑스게이트,"8,950",하락,110,-1.21%,100,"95,434",856,"8,950","2,555",35,88.61,"557,053","9,050","8,960",671,-15.05,9.43,"9,050","10,157",227,40,1.13,6.83,"8,900","5,952","28,543",432,101,5.87,N/A,0.92
325,오리엔탈정공,"5,600",하락,140,-2.44%,500,"59,529",336,"5,740","2,552",249,8.83,"331,956","5,760","5,780","2,157",94.84,26.45,"5,780","3,188","1,056",261,7.23,12.60,"5,570","2,614","45,574","2,073",634,2.27,100,31.60
326,KH바텍,"10,740",하락,10,-0.09%,500,"4,371",47,"10,760","2,543",219,11.10,"65,334","10,730","10,810","3,871",-34.96,8.33,"10,850","2,171","1,248",213,8.19,5.84,"10,710","1,325","23,677","3,110",968,0.90,330,-14.46
327,에치에프알,"19,020",하락,180,-0.94%,500,"5,254",101,"19,260","2,531",-202,-23.57,"76,567","19,200","19,460","2,711",-140.39,-11.34,"19,480",818,"1,123",-185,6.60,-6.86,"18,950",419,"13,309","1,571",-807,1.60,N/A,-4.32
328,넥써쓰,"4,305",하락,280,-6.11%,500,"1,298,469","5,714","4,485","2,528",-89,-59.79,"21,959,126","4,390","4,495",338,44.70,-29.78,"4,530","1,699",80,-82,1.59,-22.40,"4,300","27,787","58,718",76,-72,7.86,0,38.29
329,툴젠,"29,450",상승,150,+0.51%,500,"2,470",74,"29,850","2,528",-218,35.74,"16,046","30,150","30,000",755,-27.57,14.08,"30,150","1,099",170,62,1.13,7.38,"29,400",298,"8,583",9,824,4.67,0,-19.25
330,티엑스알로보틱스,"16,330",하락,400,-2.39%,500,"43,272",713,"16,710","2,523",53,50.25,"438,642","16,830","16,770",732,46.50,14.93,"16,830","1,172",433,38,1.47,5.84,"16,210","1,776","15,451",572,325,3.64,N/A,118.19
331,엠아이텍,"7,790",하락,40,-0.51%,500,"2,313",18,"7,830","2,521",176,13.64,"87,645","7,890","7,860","1,185",24.96,18.13,"7,890","1,350",97,183,6.93,16.83,"7,750","2,417","32,366",538,571,2.26,100,15.88
332,인트로메딕,"5,850",보합,0,0.00%,100,0,0,0,"2,515",-15,-42.39,0,0,0,105,58.32,-101.85,0,0,48,-70,0.76,-49.54,0,0,"42,998",104,-138,41.17,0,4.09
333,이지홀딩스,"3,875",하락,30,-0.77%,500,"14,726",57,"3,890","2,500","1,234",18.36,"169,816","3,900","3,895","28,559",18.90,2.70,"3,910","7,594","16,493",351,4.73,1.30,"3,875","7,532","64,516","32,850",211,0.38,250,5.32
334,온코닉테라퓨틱스,"22,650",하락,350,-1.52%,500,"47,510","1,074","22,850","2,492",-48,-26.00,"268,809","23,000","23,000",609,-315.06,-44.55,"23,100","8,893",49,-81,1.12,-16.44,"22,000","3,526","11,002",148,-871,4.22,0,-29.53
335,엣지파운드리,"3,165",상승,10,+0.32%,500,"79,934",253,"3,160","2,478",-51,-150.71,"468,409","3,160","3,195","1,316",-4.87,-27.09,"3,230","21,891",547,-180,0.25,-15.27,"3,110",433,"78,307",373,-21,2.12,0,0.70
336,케이티알파,"5,050",상승,65,+1.30%,"1,000","27,203",137,"4,985","2,475",246,11.12,"101,525","4,995","5,000","4,621",156.07,7.78,"5,060",993,"2,009",197,1.36,4.40,"4,985","11,225","49,019","3,882",454,0.91,N/A,-1.17
337,비트맥스,"6,640",하락,200,-2.92%,500,"546,652","3,556","6,720","2,472",-185,-6.90,"2,567,075","7,000","6,750",285,-12.23,-134.66,"7,000","8,825",143,-270,1.91,-67.28,"6,250","8,137","37,231",372,-963,13.86,0,4.77
338,시너지이노베이션,"2,800",보합,0,0.00%,500,"23,086",65,"2,800","2,467",161,60.87,"128,565","2,795","2,805","3,141",7.51,5.75,"2,815","14,849",790,181,12.63,6.05,"2,795","8,102","88,103",906,46,1.26,N/A,"2,005.36"
339,에스바이오메딕스,"20,750",하락,100,-0.48%,500,"15,018",314,"21,150","2,461",-54,-34.02,"102,867","21,200","21,300",446,9.06,-70.89,"21,400","4,482",263,-58,2.16,-15.21,"20,550","3,235","11,860",137,-610,23.52,0,8.88
340,동원개발,"2,705",상승,5,+0.19%,500,"14,536",39,"2,715","2,456",210,96.61,"136,725","2,710","2,730","13,783",-29.97,1.76,"2,730","8,801","3,320",183,3.08,1.30,"2,680","2,739","90,808","5,204",28,0.24,80,-29.35
341,이트론,271,보합,0,0.00%,200,0,0,0,"2,456",-56,24.64,0,0,0,"1,195",0.61,-2.85,0,0,235,-23,3.54,-1.90,0,0,"906,131",163,11,2.53,0,-45.05
342,셀비온,"19,060",하락,110,-0.57%,500,"16,417",315,"19,170","2,443",-71,-30.59,"280,645","19,400","19,310",344,-41.51,-39.20,"19,400",449,48,-73,5.61,-31.76,"18,940",531,"12,816",23,-623,8.67,0,55.64
343,골프존홀딩스,"5,700",상승,10,+0.18%,500,"6,852",39,"5,680","2,442",394,5.00,"115,323","5,680","5,690","10,503",-26.50,6.02,"5,700","10,825","3,037",436,3.33,4.18,"5,660","4,972","42,837","3,862","1,139",0.31,250,-8.94
344,네오위즈홀딩스,"28,250",하락,750,-2.59%,500,"4,258",121,"28,600","2,428",204,-14.81,"104,048","29,100","28,800","8,225",17.46,-3.65,"29,100","1,074","1,467",-196,3.19,-2.28,"28,100",841,"8,594","3,681","-1,908",0.56,N/A,111.41
345,쓰리빌리언,"7,640",하락,50,-0.65%,100,"58,244",446,"7,620","2,424",-74,-33.22,"701,020","7,680","7,640",302,11.17,-32.81,"7,750","6,859",19,-66,6.96,-24.76,"7,600","1,054","31,722",58,-230,9.08,313,0.40
346,에스오에스랩,"13,690",하락,600,-4.20%,100,"256,559","3,543","13,960","2,421",-128,-16.94,"1,499,196","14,020","14,000",391,-54.09,-46.12,"14,090","11,962",71,-120,2.87,-36.84,"13,600","2,222","17,682",49,-808,8.67,N/A,20.29
347,유니테스트,"11,400",상승,140,+1.24%,500,"27,274",312,"11,450","2,409",-234,-10.13,"92,940","11,460","11,470","1,850",-428.15,-19.88,"11,580","1,505",680,-273,7.37,-14.28,"11,300",484,"21,134",924,"-1,125",2.04,N/A,-44.90
348,원일티엔아이,"28,700",하락,200,-0.69%,500,"65,251","1,893","29,250","2,405",64,N/A,"170,995","29,450","29,300",730,122.86,24.45,"29,750","6,514",369,79,1.07,11.67,"28,500","1,674","8,381",422,N/A,N/A,0,0.74
349,한국캐피탈,762,하락,4,-0.52%,500,"29,109",22,765,"2,405",969,2.98,"320,971",766,767,"44,603",17.93,12.62,766,"15,958","37,866",811,0.32,1.94,760,"40,766","315,610","4,626",256,0.35,30,21.08
350,웹케시,"17,580",하락,410,-2.28%,500,"87,351","1,537","17,710","2,397",139,30.52,"751,178","17,970","17,730","1,259",N/A,N/A,"17,970","9,819",236,72,0.71,N/A,"17,450",343,"13,636",742,576,2.18,100,N/A
351,토비스,"14,820",상승,20,+0.14%,500,"7,493",111,"14,760","2,381",584,4.36,"99,216","14,850","14,850","5,281",127.52,26.76,"14,960","1,057","2,636",613,12.38,12.06,"14,730","2,374","16,067","6,238","3,400",0.92,300,39.43
352,모두투어,"12,510",상승,200,+1.62%,500,"19,607",243,"12,350","2,364",47,23.65,"191,778","12,350","12,380","2,349",-59.75,15.33,"12,520","5,034","1,638",108,13.29,4.06,"12,330","1,356","18,900","2,516",529,2.94,250,40.86
353,잉글우드랩,"11,900",하락,230,-1.90%,0,"35,994",430,"12,140","2,364",188,14.55,"257,430","12,170","12,160","1,997",-34.86,15.17,"12,180",902,558,196,10.68,10.51,"11,800","1,386","19,868","1,822",818,1.63,103,-11.88
354,소룩스,"4,850",하락,75,-1.52%,500,"64,812",315,"4,885","2,364",-66,-4.64,"352,880","4,945","4,940","1,173","-1,383.71",-58.22,"4,960","2,340",390,-410,0.33,-29.53,"17,250","1,620","13,441","1,065","-1,242",1.76,N/A,6.36
355,한중엔시에스,"26,000",하락,100,-0.38%,500,"16,542",435,"26,400","2,355",96,12.77,"128,387","26,900","26,650","1,668",175.55,36.13,"26,900","2,186",864,154,4.23,10.61,"4,820","2,603","48,740",507,"-1,046",2.64,0,-15.28
356,에이디테크놀로지,"17,480",상승,140,+0.81%,500,"33,719",597,"17,820","2,349",-170,-14.07,"111,148","17,970","17,900","2,449",2.61,-10.24,"18,010","3,045","1,133",-152,2.22,-5.68,"25,750","5,202","9,058","1,773","2,036",2.88,N/A,45.83
357,윤성에프앤씨,"29,300",하락,100,-0.34%,100,"7,552",222,"29,400","2,338",319,9.46,"40,501","29,650","29,550","3,009",20.55,20.70,"29,650","1,942","1,036",371,2.11,11.47,"28,900","2,406","7,979","2,713","3,097",1.19,200,-13.28
358,파멥신,"2,915",보합,0,0.00%,500,0,0,0,"2,338",-77,-44.85,0,0,0,543,36.27,-15.32,0,0,66,-49,0.00,-12.16,0,0,"80,201",39,-65,4.90,N/A,"5,083.24"
359,티로보틱스,"12,400",하락,240,-1.90%,500,"120,694","1,505","12,660","2,329",-70,-70.45,"1,150,626","12,640","12,700","1,070",14.71,-1.78,"12,700","2,555",755,-8,1.43,-0.66,"12,300","6,940","18,782",607,-176,6.65,0,-9.01
360,피에이치에이,"11,060",상승,110,+1.00%,500,"4,870",54,"10,980","2,323",515,4.04,"30,024","11,010","11,010","10,696",6.60,8.14,"11,090","2,104","2,694",619,12.35,6.03,"9,880","2,987","23,257",19,-469,3.23,0,N/A
361,비츠로테크,"8,860",하락,60,-0.67%,500,"50,147",449,"9,080","2,321",511,28.40,"430,796","9,030","9,100","5,905",77.36,3.72,"9,110","8,738","1,679",415,3.70,7.56,"10,960",581,"21,000","11,529","2,739",0.27,0,"13,737.28"
362,박셀바이오,"9,980",하락,210,-2.06%,500,"54,505",544,"10,180","2,321",-150,-21.28,"236,496","10,250","10,240",769,-30.68,-13.67,"10,250","1,532",49,-106,6.18,-13.12,"8,830","15,615","26,200","4,283",312,1.01,350,1.61
363,아이씨티케이,"17,250",상승,40,+0.23%,500,"288,616","5,018","17,360","2,315",-67,-34.57,"2,068,119","17,400","17,400",458,N/A,N/A,"17,580","6,778",28,-58,2.07,N/A,"17,200","9,398","13,421",67,-499,5.59,50,21.38
364,SG,"2,345",하락,5,-0.21%,100,"124,500",292,"2,350","2,314",-61,-9.42,"1,277,191","2,380","2,370","2,328",54.95,-50.91,"2,380","16,051","1,461",-362,2.09,-17.22,"2,325","12,272","98,670","1,189",-249,2.15,0,46.98
365,애니플러스,"4,715",보합,0,0.00%,100,"86,908",409,"4,660","2,310",251,11.91,"671,943","4,710","4,680","2,556",9.96,15.20,"4,740","24,493","1,317",180,8.49,7.92,"9,510","7,591","23,651",259,-69,5.72,0,-5.15
366,아스트,583,하락,9,-1.52%,500,"213,314",125,592,"2,304",-64,20.10,"1,919,089",594,594,"5,620",82.42,-10.50,594,"94,521","2,659",-171,1.46,-3.32,"4,650","9,500","48,986","1,310",396,1.79,0,17.63
367,지씨지놈,"9,740",상승,120,+1.25%,500,"170,312","1,639","9,660","2,304",-12,-141.16,"1,595,656","9,630","9,670",406,-870.57,-4.33,"9,780","13,064",75,-13,0.63,-3.01,"4,250","6,485","53,398","1,972",-191,2.71,0,60.28
368,모트렉스,"9,260",하락,40,-0.43%,500,"11,303",105,"9,280","2,302",436,13.50,"147,289","9,280","9,310","9,318",-18.01,8.22,"9,360","1,201","6,600",193,3.60,2.64,580,"16,098","395,158","1,714",29,0.73,0,1.72
369,나인테크,"4,310",하락,190,-4.22%,100,"1,408,978","6,103","4,350","2,301",46,-22.57,"16,619,596","4,500","4,370","1,860",249.45,-7.26,"4,505","14,616","1,019",-54,7.10,-2.41,"9,190",130,"24,862","5,869",686,0.95,162,10.52
370,나이스정보통신,"22,950",상승,100,+0.44%,500,"6,125",139,"22,600","2,295",399,6.44,"25,373","22,850","22,700","11,226",8.55,11.22,"22,950",649,"7,367",377,23.60,3.23,"22,400","1,560","10,000","9,751","3,562",0.57,810,9.37
371,디앤씨미디어,"18,320",상승,120,+0.66%,500,"19,482",358,"18,250","2,294",103,21.11,"64,785","18,340","18,330","1,153",194.82,13.25,"18,650","1,585",272,108,1.98,10.09,"18,200","1,409","12,524",835,868,2.53,N/A,38.33
372,하이비젼시스템,"15,320",상승,40,+0.26%,500,"10,580",163,"15,320","2,289",310,7.08,"89,640","15,390","15,370","3,657",-47.30,15.91,"15,500","1,662",761,404,14.09,11.14,"15,220","1,932","14,942","3,120","2,163",0.72,400,-10.41
373,서호전기,"44,400",상승,500,+1.14%,500,"2,602",115,"43,550","2,287",16,14.93,"30,646","43,900","43,800","1,020",-87.32,12.69,"44,400","1,362",126,115,5.61,11.15,"43,500",479,"5,150",465,"2,974",2.30,"2,500",-29.78
374,로킷헬스케어,"14,760",하락,350,-2.32%,500,"278,332","4,154","15,230","2,276",-56,-24.89,"2,155,051","15,280","15,240",113,24.48,9.83,"5,020",636,834,-637,4.04,-17.66,"4,950","2,938","45,540",29,"-1,633",0.94,N/A,-33.75
375,뉴파워프라즈마,"5,200",상승,10,+0.19%,100,"22,924",120,"5,210","2,272",325,11.43,"151,145","5,250","5,240","9,415",102.30,7.43,"15,290","7,670",884,-77,0.49,-77.65,"14,700","5,764","15,418",131,-593,-2.39,0,5.59
376,GRT,"2,810",상승,30,+1.08%,0,"31,577",88,"2,795","2,272","1,470",2.89,"124,792","14,400","14,380","1,924",-2.58,13.69,"5,270","7,240","5,465",232,4.38,2.87,"5,170","11,526","43,693","5,198",455,0.77,50,48.24
377,네오팜,"14,160",하락,120,-0.84%,500,"15,206",216,"14,300","2,270",247,9.42,"77,410","5,000","4,980","3,450",9.69,-22.82,"14,400","3,269",156,231,14.72,12.47,"14,160","1,987","16,028","1,190","1,503",1.27,600,22.56
378,제넥신,"4,980",하락,20,-0.40%,500,"11,174",56,"4,960","2,268",-372,-3.05,"294,068","6,340","6,340","3,450",-12.96,18.47,"6,360","2,956",962,413,6.31,12.72,"6,260","4,687","35,860","3,203",812,1.23,100,5.21
379,세경하이테크,"6,280",보합,0,0.00%,500,"25,446",161,"6,300","2,252",315,7.73,"352,712","2,790","2,805","16,913",86.68,12.05,"2,820","17,634","7,628","1,105",79.83,6.96,"2,780","5,569","80,850","8,424",974,0.25,2,9.73
380,DSC인베스트먼트,"8,320",상승,50,+0.60%,500,"977,654","8,212","8,360","2,246",150,31.04,"9,045,492","8,450","8,370","1,578",-14.77,9.98,"8,550","119,525",435,106,4.40,7.09,"8,270","17,119","27,000",386,268,1.96,40,15.08
381,어보브반도체,"12,600",상승,340,+2.77%,500,"201,057","2,538","12,640","2,240",-51,32.39,"374,017","12,750","12,670","2,930",65.17,2.44,"12,890","6,136","1,385",-181,4.95,-6.23,"12,260","1,751","17,781","2,321",389,1.79,150,-0.14
382,티엘비,"22,750",상승,200,+0.89%,500,"39,740",903,"23,000","2,237",34,52.06,"208,941","23,100","23,100","1,884",10.28,3.25,"23,300","5,951",763,36,3.44,1.99,"22,250","5,325","9,833","1,800",437,2.00,200,5.08
383,미래반도체,"15,400",상승,970,+6.72%,100,"204,163","3,179","15,870","2,223",102,27.40,"100,314","15,770","15,920","1,333",8.79,7.29,"17,600",875,66,31,0.12,5.38,"16,170","1,102","13,097",349,100,3.59,71,-0.72
384,텔레칩스,"14,660",상승,80,+0.55%,500,"14,869",219,"14,750","2,220",49,-6.19,"79,717","14,800","14,760","3,779",-70.95,-17.22,"14,890","1,925","1,761",-386,2.07,-10.25,"14,500","1,513","15,144","1,866","-2,369",1.10,60,-2.34
385,아나패스,"18,310",상승,260,+1.44%,500,"8,025",147,"18,200","2,220",200,11.52,"23,624","18,300","18,290","1,176",348.44,29.88,"16,020","1,501",474,60,1.12,4.28,"15,090","6,109","14,438","4,876",562,2.47,N/A,28.15
386,와이즈넛,"16,930",하락,600,-3.42%,500,"63,537","1,085","17,340","2,217",17,169.30,"332,652","17,540","17,390",580,-50.74,6.10,"18,460","1,245",449,189,4.35,16.47,"18,100",231,"12,123","1,822","1,590",2.91,N/A,154.96
387,파인엠텍,"5,990",상승,90,+1.53%,500,"34,712",207,"5,940","2,216",-79,-10.02,"313,938","5,970","5,970","3,333",-138.90,-11.87,"6,070","1,440","1,691",-158,3.28,-5.06,"5,850","1,290","36,988","3,822",-598,1.53,N/A,0.56
388,풍원정밀,"10,520",하락,30,-0.28%,500,419,4,"10,500","2,213",-182,-7.33,"18,109","10,500","10,740",963,16.80,-70.74,"10,710","1,259",689,-301,0.30,-30.26,"10,500","2,734","21,040",493,"-1,436",10.30,0,14.42
389,제일일렉트릭,"9,960",하락,20,-0.20%,500,"74,298",749,"10,080","2,213",89,21.33,"201,773","10,100","10,110","2,193",N/A,N/A,"10,240","4,315",648,104,1.78,N/A,"9,900","6,274","22,220","1,863",467,1.45,100,N/A
390,미투온,"7,280",보합,0,0.00%,500,0,0,0,"2,212",118,404.44,"30,160,510",0,0,"2,910",-46.63,0.40,0,0,512,40,0.39,1.46,0,0,"30,390",943,18,1.51,N/A,-13.47
391,제테마,"6,120",하락,170,-2.70%,500,"44,396",273,"6,260","2,195",41,-90.00,"124,149","6,250","6,290","2,227",56.09,-0.26,"6,290","6,101","1,513",-26,0.76,-1.13,"6,090","11,414","35,859",685,-68,3.19,0,16.70
392,컴투스홀딩스,"33,200",하락,"1,050",-3.07%,500,"34,635","1,136","32,400","2,190",-506,-4.96,"680,048","33,200","32,500","5,420","-1,408.36",-13.72,"33,350",866,"3,305",-425,3.92,-7.47,"32,100","1,209","6,595","1,493","-6,695",0.91,N/A,-2.49
393,사피엔반도체,"26,600",상승,300,+1.14%,100,"37,587",998,"26,250","2,185",-34,-88.67,"304,562","26,450","26,450",312,50.22,-125.23,"27,100","2,129",148,-171,4.44,-64.70,"26,000","1,832","8,213",80,-300,14.19,0,148.96
394,인터로조,"16,500",상승,90,+0.55%,500,"3,936",65,"16,410","2,181",58,-101.23,"36,639","16,410","16,520","2,344",12.02,0.11,"16,670","1,624",645,2,8.12,0.07,"16,410",882,"13,216","1,158",-163,1.23,300,-2.90
395,에이비온,"7,600",상한가,"1,750",+29.91%,500,"78,928",600,"7,600","2,176",-341,-4.20,"159,391","7,600",0,638,-9.00,-227.67,"7,600","35,194,338",357,-434,0.27,-80.00,"7,600",0,"28,637",8,"-1,808",12.30,N/A,-40.39
396,대양전기공업,"22,700",하락,550,-2.37%,500,"7,531",174,"23,250","2,172",157,10.03,"52,929","23,700","23,400","3,086",320.05,8.32,"23,700","1,692",633,196,5.54,6.46,"22,550","1,493","9,567","1,963","2,263",0.84,100,27.17
397,에브리봇,"17,650",하락,100,-0.56%,500,"19,778",349,"17,740","2,168",-22,"2,206.25","258,709","17,750","17,790","1,177",N/A,N/A,"17,810","1,378",508,3,0.00,N/A,"17,500",938,"12,284",298,8,3.32,0,N/A
398,푸른소나무,"8,790",보합,0,0.00%,500,0,0,0,"2,161",-15,-32.20,0,0,0,116,85.36,-417.81,0,0,89,-77,0.00,-72.26,0,0,"24,580",37,-273,64.24,N/A,80.83
399,파이버프로,"6,560",하락,100,-1.50%,100,"45,347",300,"6,640","2,155",72,29.55,"303,812","6,700","6,660",499,175.42,20.26,"6,700","9,414",113,72,2.22,15.80,"6,550","2,514","32,854",329,222,5.67,66,69.93
400,이니텍,"10,890",하락,60,-0.55%,500,"19,750",218,"10,910","2,155",2,88.54,"144,043","10,910","10,950","1,184",106.51,2.10,"11,190","1,892",73,23,1.46,1.97,"10,730","7,786","19,791",389,123,1.63,0,-14.83
401,LB세미콘,"3,705",상승,40,+1.09%,500,"38,446",143,"3,735","2,152",-188,-7.15,"162,506","3,700","3,750","8,060",-48.16,-9.19,"3,760","8,311","4,598",-230,29.25,-2.88,"3,675","12,463","58,083","4,509",-518,0.65,N/A,8.16
402,동국산업,"3,950",하락,15,-0.38%,"1,000","16,819",66,"3,940","2,143",120,-38.35,"175,696","3,950","3,960","9,428",144.20,-1.63,"3,985","2,868","4,545",-296,5.41,-3.23,"3,905","1,275","54,244","7,903",-103,0.53,130,4.40
403,헥토이노베이션,"16,270",상승,300,+1.88%,500,"307,195","4,963","16,250","2,135",489,7.50,"3,120,295","16,200","16,310","6,922",28.48,14.63,"16,450","5,620","3,624",348,8.40,5.46,"15,980","9,791","13,125","3,195","2,169",1.06,490,10.74
404,한국알콜,"9,880",상승,70,+0.71%,500,"4,923",48,"9,840","2,135",274,7.99,"73,751","9,810","9,890","6,549",25.38,4.96,"9,890","6,551",930,304,3.08,4.64,"9,810","3,958","21,606","4,210","1,237",0.39,110,-3.94
405,퀄리타스반도체,"15,200",상승,650,+4.47%,500,"97,798","1,481","15,100","2,134",-227,-10.86,"219,839","15,140","15,120",640,-102.87,-48.62,"15,450","3,267",134,-191,0.45,-36.39,"14,800","4,339","14,037",61,"-1,399",4.63,0,-43.62
406,대원산업,"10,640",하락,110,-1.02%,500,"6,316",68,"10,670","2,132",750,2.40,"74,804","10,850","10,790","7,117",58.72,15.16,"10,900",298,"1,993",726,13.02,11.38,"10,540",148,"20,038","9,315","4,430",0.40,200,19.78
407,안트로젠,"21,250",하락,100,-0.47%,500,807,17,"21,500","2,126",-37,-85.69,"29,886","21,500","21,800","1,161",26.09,-1.91,"21,550",949,59,-23,4.40,-1.73,"21,250","1,234","10,006",69,-248,2.25,N/A,6.66
408,뷰웍스,"21,800",하락,50,-0.23%,500,"3,729",81,"21,850","2,126",223,13.98,"14,537","21,950","21,950","3,229",19.19,9.41,"21,950","2,180",861,211,32.89,6.85,"21,550","1,643","9,750","2,229","1,559",0.86,600,1.20
409,유비케어,"4,060",상승,5,+0.12%,500,"11,537",47,"4,055","2,119",52,184.55,"113,260","4,070","4,080","1,601",47.12,-1.55,"4,080","5,135",523,-16,2.42,-0.99,"4,045","4,493","52,197","1,906",22,2.06,30,23.73
410,멀티캠퍼스,"35,700",하락,300,-0.83%,500,715,26,"36,200","2,116",389,7.18,"19,316","36,400","36,300","3,207",-3.37,15.16,"36,400",321,997,315,7.68,9.97,"35,600",957,"5,927","3,527","4,970",1.02,"2,100",-1.63
411,삼양엔씨켐,"19,460",상승,110,+0.57%,500,"31,454",616,"19,530","2,115",107,21.04,"129,176","19,600","19,620","1,283",45.87,11.32,"19,980","2,292",446,90,4.40,6.91,"19,360","1,311","10,866","1,105",925,1.97,N/A,12.08
412,엑세스바이오,"5,590",상승,70,+1.27%,0,"48,745",270,"5,530","2,109",-42,-21.58,"226,081","5,510","5,550","7,409",-119.59,-0.06,"5,590","8,659",884,-11,4.60,-0.15,"5,460","2,757","37,728","1,125",-259,0.33,N/A,-67.74
413,폴라리스AI,"2,900",하락,20,-0.68%,500,"175,832",512,"2,930","2,108",-13,55.77,"1,094,238","2,945","2,940","1,160",-189.87,1.32,"2,945","40,349",203,11,0.94,1.05,"2,890","32,873","72,696",531,52,2.16,0,-10.71
414,디지털대성,"7,580",하락,30,-0.39%,500,"3,407",26,"7,600","2,098",237,13.00,"30,203","7,610","7,610","3,380",-5.28,10.45,"7,730","20,521","1,769",161,2.98,5.49,"7,510",90,"27,675","2,177",583,1.64,500,2.92
415,와이지-원,"6,220",하락,80,-1.27%,500,"25,811",161,"6,270","2,088",558,17.23,"219,497","6,300","6,280","10,762",2.07,4.47,"6,300","13,293","6,726",170,19.16,1.67,"6,200","3,723","33,574","5,750",361,0.58,160,3.94
416,비나텍,"32,750",하락,250,-0.76%,500,"2,036",67,"33,100","2,087",-81,-16.43,"33,018","33,000","33,250","1,761",-365.73,-12.25,"33,250",866,922,-97,1.86,-6.32,"32,550",576,"6,372",596,"-1,993",2.41,24,8.42
417,위지윅스튜디오,"1,220",하락,16,-1.29%,500,"159,331",196,"1,227","2,087",-118,-3.91,"1,801,987","1,258","1,226","2,935",41.74,-28.05,"1,258","19,920","1,199",-603,4.34,-19.10,"1,219","21,670","171,049",804,-312,1.27,N/A,-45.41
418,쇼박스,"3,310",하락,20,-0.60%,500,"18,204",60,"3,320","2,073",245,35.21,"244,434","3,330","3,325","1,540",186.67,23.14,"3,340","9,572",219,274,2.80,19.17,"3,295",735,"62,638",931,94,1.70,150,131.81
419,탑머티리얼,"25,450",상승,150,+0.59%,500,"4,429",112,"25,250","2,073",-72,-18.81,"39,776","25,300","25,400","2,074",-152.29,-5.50,"25,700",428,663,-82,0.00,-3.97,"25,050",939,"8,144","1,061","-1,353",1.46,0,-13.19
420,동신건설,"24,600",하락,100,-0.40%,500,"4,269",105,"24,650","2,066",6,138.98,"25,192","24,900","24,800","1,126",-90.76,3.07,"24,900","1,185",139,30,2.45,2.60,"24,500",978,"8,400",690,177,2.15,250,-16.65
421,압타바이오,"7,670",하락,30,-0.39%,500,"10,506",81,"7,700","2,062",-189,-6.88,"67,595","7,700","7,780",774,-15.15,-50.84,"7,770","4,479",232,-294,1.33,-34.57,"7,650","3,095","26,881",34,"-1,115",3.99,N/A,937.76
422,지투파워,"10,980",하락,120,-1.08%,500,"174,762","1,960","11,450","2,054",37,61.34,"551,854","11,380","11,470",641,488.22,12.22,"11,470","6,600",274,42,0.00,7.03,"10,960","4,844","18,709",554,179,5.60,N/A,12.16
423,우양에이치씨,"14,110",상승,60,+0.43%,500,"5,025",71,"14,120","2,053",311,14.88,"96,295","14,190","14,190","2,609",23.02,17.19,"14,190","1,979",878,274,0.71,10.63,"13,940",402,"14,548","1,832",948,1.11,N/A,-8.40
424,케이프,"6,640",하락,190,-2.78%,500,"54,600",364,"6,800","2,052",390,22.66,"113,733","6,810","6,820","24,047",-4.79,7.47,"6,820","3,670","21,452",183,3.10,0.79,"6,610","2,893","30,902","5,165",293,0.89,300,-12.56
425,씨에스베어링,"7,510",하락,20,-0.27%,500,"35,633",271,"7,690","2,048",21,35.42,"133,269","7,660","7,710","1,480","3,596.39",2.80,"7,710","2,860",542,25,1.37,1.68,"7,460","3,714","27,270","1,054",212,2.17,N/A,37.60
426,나무가,"13,910",상승,30,+0.22%,500,"3,720",52,"13,860","2,043",209,8.67,"43,217","13,940","13,930","2,644",-7.82,16.64,"14,000",312,975,261,3.02,11.11,"13,840",761,"14,685","4,504","1,604",1.23,650,23.18
427,드림시큐리티,"4,020",하락,140,-3.37%,100,"160,638",648,"4,045","2,034",256,17.11,"1,205,398","4,100","4,075","5,366",-22.94,11.91,"4,120","9,399","3,889",121,4.78,2.56,"3,990","3,343","50,606","2,688",235,1.69,N/A,15.51
428,이수앱지스,"5,480",하락,60,-1.08%,500,"30,438",166,"5,500","2,027",134,8.80,"186,452","5,550","5,520","1,602",244.86,16.53,"5,550","6,876",594,147,3.12,8.02,"5,440","3,328","36,988",603,623,2.08,0,10.96
429,레드캡투어,"12,100",상승,20,+0.17%,500,"9,807",119,"12,110","2,023",436,8.39,"64,135","12,080","12,150","6,972",12.37,9.64,"12,160","5,551","4,816",202,9.38,2.81,"12,050","1,462","16,721","3,589","1,442",1.05,"2,150",6.12
430,에스텍,"18,530",하락,120,-0.64%,500,"5,967",110,"18,520","2,022",440,4.22,"52,483","18,640","18,620","3,880",79.12,25.76,"18,640",836,"1,845",463,57.93,14.11,"18,330","1,426","10,910","5,094","4,392",0.75,850,22.86
431,앱클론,"10,550",하락,100,-0.94%,500,"14,323",151,"10,550","2,014",-156,-11.26,"95,755","10,680","10,670",482,-33.87,-57.57,"10,680","2,080",188,-163,8.53,-34.83,"10,470","2,519","19,093",23,-937,8.17,0,-18.67
432,아미코젠,"3,655",상승,10,+0.27%,500,"27,622",101,"3,645","2,011",-71,-3.80,"335,528","3,685","3,680","2,942",-442.93,-35.39,"3,685","2,428","1,711",-509,6.98,-13.37,"3,620","2,247","55,018","1,736",-963,1.71,N/A,8.57
433,성우,"13,350",상승,20,+0.15%,500,"8,129",108,"13,310","2,009",146,9.58,"70,249","13,240","13,380","2,549",-49.40,10.71,"13,390","3,313",321,182,1.63,8.71,"13,240",706,"15,046","1,309","1,393",0.92,150,-10.74
434,에이스테크,"2,655",하락,50,-1.85%,500,"31,400",84,"2,710","2,005",-311,-2.92,"176,382","2,750","2,735","3,049",49.99,-67.32,"2,750","10,367","2,093",-408,0.00,-14.44,"2,635","13,751","75,506","1,451",-909,2.05,0,3.59
435,AP위성,"13,270",하락,20,-0.15%,500,"15,759",210,"13,360","2,001",73,32.44,"68,522","13,350","13,400","1,352",-27.51,10.41,"13,450","6,844",299,104,1.14,7.46,"13,220","1,614","15,082",586,409,1.79,N/A,18.61
436,인터플렉스,"8,570",상승,80,+0.94%,500,"21,804",186,"8,530","1,999",344,4.00,"72,905","8,560","8,560","3,649",58.79,21.95,"8,600","1,502",831,551,3.15,16.55,"8,500","3,122","23,327","4,975","2,140",0.69,N/A,13.54
437,티씨머티리얼즈,"5,820",하락,110,-1.85%,500,"142,108",833,"5,880","1,992",109,31.29,"1,035,119","5,950","5,890",762,25.76,12.51,"5,960","10,252",193,63,0.65,8.58,"5,770","11,279","34,228","3,039",186,3.39,0,20.57
438,덕산하이메탈,"4,360",상승,110,+2.59%,200,"71,180",311,"4,275","1,981",186,15.91,"114,319","4,270","4,295","8,185",269.97,6.76,"4,445","10,568","3,636",313,2.33,3.99,"4,270","4,225","45,437","2,359",274,0.63,N/A,63.30
439,디에스케이,"7,700",하락,70,-0.90%,500,"5,667",44,"7,740","1,980",-197,-19.74,"82,774","7,740","7,800","1,664",-102.94,-6.21,"7,820","2,301",329,-114,1.32,-6.77,"7,670","6,714","25,710",226,-390,1.66,N/A,-68.34
440,KT나스미디어,"17,080",하락,120,-0.70%,500,"4,097",70,"17,100","1,976",199,-30.18,"60,413","17,150","17,150","4,927",-2.81,-3.13,"17,270",765,"2,533",-46,6.06,-0.92,"16,970",314,"11,568","1,426",-566,0.99,700,-2.87
441,이화전기,899,보합,0,0.00%,200,0,0,0,"1,968",17,-40.86,0,0,0,"2,799",-51.38,-5.83,0,0,523,-137,0.87,-4.69,0,0,"218,949",645,-22,0.86,0,-1.07
442,오가노이드사이언스,"30,050",하락,400,-1.31%,500,"55,962","1,711","30,800","1,967",-122,-14.08,"344,352","30,800","30,850",259,-24.91,36.26,"31,100","5,791",106,-115,0.74,-39.34,"30,000","4,054","6,546",20,"-2,134",10.34,0,22.77
443,노바텍,"18,500",하락,30,-0.16%,500,"9,314",172,"18,450","1,957",126,13.12,"63,206","18,520","18,530","1,834",-50.75,10.80,"18,630","2,302",125,172,1.99,9.78,"18,400","3,044","10,576",658,"1,410",1.18,"1,409",-28.79
444,바이오솔루션,"8,060",하락,40,-0.49%,500,"58,276",470,"8,010","1,955",-51,-17.95,"391,546","8,100","8,040",675,1.42,-32.51,"8,180","5,572",362,-119,2.49,-14.93,"8,000","4,620","24,251",129,-449,6.70,0,3.43
445,지니언스,"21,500",하락,550,-2.49%,500,"11,906",260,"22,100","1,952",98,17.52,"106,992","22,100","22,100",693,52.16,20.33,"22,400","4,777",125,109,26.65,16.41,"21,400","2,363","9,080",496,"1,227",3.38,250,15.65
446,그래디언트,"14,240",하락,240,-1.66%,"2,500","6,790",97,"14,460","1,948",-55,-4.26,"34,218","14,500","14,560","17,380",-289.46,-7.70,"14,550",959,"9,559",-260,3.62,-1.43,"14,230","3,036","13,677","33,179","-3,341",0.37,200,-3.10
447,유니셈,"6,340",상승,110,+1.77%,500,"30,501",194,"6,340","1,944",100,14.25,"187,447","6,350","6,370","2,631",-42.64,7.02,"6,440","11,179",348,155,7.38,6.12,"6,260","12,587","30,664","2,182",445,0.81,80,-6.01
448,금화피에스시,"32,400",하락,100,-0.31%,500,"5,158",170,"33,200","1,944",362,5.38,"44,182","33,300","33,250","4,618",-16.71,11.59,"33,300",165,"1,009",400,19.50,8.98,"32,400","1,039","6,000","3,402","6,021",0.54,"1,400",0.78
449,로체시스템즈,"12,700",상승,40,+0.32%,500,"13,253",168,"12,700","1,943",198,13.82,"49,911","12,660","12,760","1,575",65.83,10.36,"12,820","2,174",352,121,43.24,8.23,"12,600",397,"15,297","1,601",919,1.51,50,52.07
450,바이오에프디엔씨,"22,000",하락,200,-0.90%,500,"19,732",440,"22,450","1,913",49,37.87,"182,559","22,700","22,550",673,-3.60,7.39,"23,100","3,300",42,45,11.09,6.92,"21,750","5,245","8,696",161,581,2.90,N/A,3.04
451,에스피소프트,"7,850",하락,70,-0.88%,100,"18,964",149,"7,900","1,942",38,50.00,"148,536","7,950","7,930",768,N/A,N/A,"11,810","4,231","5,617",941,5.69,8.49,"11,690","1,242","16,319","33,597","4,004",0.43,450,32.99
452,삼지전자,"11,800",상승,100,+0.85%,500,"13,993",164,"11,730","1,926","1,156",2.95,"154,469","11,800","11,740","12,019",47.57,16.21,"1,490","45,640",828,-356,5.76,-10.47,"1,466","12,560","129,375",254,-261,0.73,N/A,83.79
453,휴마시스,"1,486",상승,11,+0.75%,100,"356,711",526,"1,466","1,923",-106,-5.69,"1,790,680","1,480","1,467","3,319",79.83,-11.79,"16,070",556,104,129,9.34,22.74,"15,940",719,"12,044",451,"1,083",6.31,"1,590",9.70
454,이크레더블,"15,940",하락,50,-0.31%,500,"3,698",59,"15,950","1,920",150,14.72,"34,607","15,990","15,990",594,18.68,27.34,"4,375",707,"4,438",975,1.95,10.14,"4,260","2,649","44,820","4,038","1,804",0.54,190,0.18
455,KX,"4,280",하락,15,-0.35%,500,"9,193",39,"4,285","1,918",597,2.37,"104,852","4,375","4,305","8,868",-3.73,27.09,"3,075","1,679","2,213",155,1.13,2.41,"3,035","9,773","62,767","3,643",223,0.47,50,27.54
456,BGF에코머티리얼즈,"3,050",하락,25,-0.81%,500,"5,470",17,"3,055","1,914",140,13.68,"73,507","3,075","3,080","7,152",-18.51,4.00,"23,100","3,300",42,45,11.09,6.92,"21,750","5,245","8,696",161,581,2.90,N/A,3.04
457,디와이피엔에프,"17,760",하락,190,-1.06%,500,"2,263",41,"17,950","1,903",246,7.59,"26,094","17,950","17,960","3,208",195.44,15.14,"18,010",903,"1,926",182,4.37,5.94,"17,760",110,"10,714","2,810","2,339",1.24,N/A,95.08
458,마이크로컨텍솔,"22,850",상승,450,+2.01%,500,"60,072","1,354","22,350","1,899",102,14.65,"840,756","22,500","22,450",769,37.36,17.78,"22,950","6,008",119,107,14.91,15.27,"21,900","2,271","8,313",697,"1,560",2.76,80,7.48
459,KZ정밀,"12,050",보합,0,0.00%,500,906,11,"12,050","1,898",152,14.47,"10,197","12,010","12,140","6,044",-26.95,4.69,"12,140","2,019","1,221",192,5.74,3.84,"11,990",273,"15,750","1,127",833,0.48,800,-18.74
460,에스와이스틸텍,"6,200",상승,30,+0.49%,500,"176,278","1,097","6,230","1,898",81,40.79,"1,707,326","6,300","6,240",800,-44.49,12.65,"6,310","19,302",299,61,3.00,7.62,"6,160","8,332","30,610","1,170",152,3.86,50,-2.32
461,흥구석유,"12,620",하락,480,-3.66%,100,"606,039","7,596","12,570","1,893",-3,286.82,"5,496,135","12,800","12,600",929,-425.10,0.79,"12,810","25,080",140,6,0.00,0.67,"12,330","4,821","15,000","1,169",44,2.33,30,-7.77
462,동양이엔피,"24,050",하락,250,-1.03%,500,"1,875",45,"24,200","1,890",516,2.84,"20,559","24,350","24,400","4,885",20.16,19.25,"24,400",394,874,695,7.55,15.23,"23,950",754,"7,860","5,484","8,455",0.45,600,2.14
463,오로스테크놀로지,"20,150",상승,290,+1.46%,500,"9,262",188,"20,350","1,887",61,17.34,"46,661","20,400","20,450",944,156.71,9.05,"20,550","3,214",262,59,1.28,7.01,"20,000","3,526","9,367",614,"1,162",2.72,N/A,34.88
464,더네이쳐홀딩스,"12,690",상승,50,+0.40%,500,"8,745",111,"12,530","1,884",301,9.68,"70,040","12,630","12,610","6,983",-55.05,4.91,"12,770",935,"2,987",190,8.59,2.84,"12,520",206,"14,848","5,169","1,311",0.52,500,-5.75
465,강원에너지,"7,200",상승,10,+0.14%,500,"6,908",50,"7,200","1,881",68,75.00,"67,739","7,290","7,280","1,639",-2.25,2.60,"7,290","2,404",920,-6,1.88,-0.35,"7,130","3,283","26,123","2,244",96,4.60,N/A,61.21
466,덱스터,"7,400",하락,180,-2.37%,500,"27,165",204,"7,540","1,880",-89,-15.55,"174,968","7,700","7,580","1,036","-21,406.94",-22.64,"7,700",389,547,-107,2.87,-11.33,"7,360","1,895","25,412",537,-476,4.70,N/A,-20.72
467,아바코,"12,770",상승,140,+1.11%,500,"13,302",170,"12,740","1,874",211,9.42,"109,476","12,710","12,760","3,907",378.73,13.70,"2,555","28,047",793,-239,1.58,-7.85,"23,150","2,047","7,995",942,"-1,861",1.95,0,-21.45
468,모다이노칩,"2,350",하락,5,-0.21%,500,"10,859",26,"2,330","1,873",386,24.23,"14,783","2,350","2,350","9,681",137.95,3.47,"12,900","7,486","1,895",264,6.44,7.18,"2,470","36,429","74,240",859,-272,0.89,N/A,20.85
469,현대사료,994,보합,0,0.00%,100,0,0,0,"1,873",27,4.38,0,0,0,"1,170",-56.45,340.50,"2,350","2,917","5,865",127,0.14,1.30,"12,660","2,444","14,677","3,055","1,356",0.94,500,63.51
470,랩지노믹스,"2,520",상승,40,+1.61%,500,"413,902","1,043","2,480","1,871",-185,-9.26,"1,090,830","2,500","2,485","2,957",-167.09,-10.72,0,0,281,284,2.38,25.24,"2,330","2,347","79,722","3,889",97,0.51,N/A,-0.28
471,그리드위즈,"23,550",상승,350,+1.51%,200,"38,415",911,"23,900","1,871",-43,-40.33,"194,294","24,000","24,050","1,688",-372.86,-2.90,"24,200","1,518",384,-28,1.57,-1.92,0,0,"188,472","1,285",227,2.24,N/A,-20.01
472,아가방컴퍼니,"5,670",하락,20,-0.35%,500,"69,936",396,"5,710","1,865",152,17.23,"230,859","5,740","5,730","2,238",-8.27,6.64,"5,740","28,150",562,102,3.10,4.57,"23,350","3,066","7,943","1,247",-584,1.46,N/A,-5.46
473,하나기술,"23,300",보합,0,0.00%,500,"7,105",167,"23,500","1,863",-264,-12.52,"57,823","23,900","23,650","2,400",-318.01,-14.73,"23,900","1,695","1,421",-155,2.06,-6.58,"5,620","6,901","32,888","1,827",329,0.94,N/A,-1.97
474,케이에스피,"4,620",하락,125,-2.63%,500,"53,264",248,"4,765","1,857",138,13.79,"313,599","4,745","4,795","1,055",16.66,25.99,"4,775","3,001",341,153,2.85,16.91,"4,535",714,"40,191",853,335,2.55,15,4.46
475,HB테크놀러지,"1,998",상승,14,+0.71%,500,"357,174",717,"2,005","1,852",-165,-2.46,"911,978","1,998","2,010","3,488",25.16,-18.17,"2,040","23,470",921,-516,0.29,-13.70,"1,971","65,922","92,716","1,624",-811,0.70,20,45.43
476,이엠텍,"10,780",상승,80,+0.75%,500,"14,095",150,"10,670","1,847",-305,-3.85,"136,855","10,700","10,720","3,462",-109.01,-19.74,"10,800",681,"1,398",-447,6.55,-11.84,"3,660","1,462","49,966","1,365",29,1.83,10,11.86
477,국전약품,"3,690",상승,20,+0.54%,100,"8,453",31,"3,700","1,844",4,127.24,"100,364","3,710","3,715","2,123",-94.33,1.79,"3,715","3,862","1,148",5,0.65,0.25,"10,590","2,501","17,133","1,676","-2,801",0.88,N/A,-36.39
478,경동제약,"5,980",하락,10,-0.17%,500,"2,524",15,"5,960","1,840",26,31.64,"26,955","5,980","5,980","3,029",110.51,2.44,"6,000","3,947",825,54,1.63,1.83,"5,960","1,139","30,769","1,939",189,0.75,300,19.22
479,대한약품,"30,550",상승,250,+0.83%,500,561,17,"30,300","1,833",381,5.53,"25,598","30,300","30,550","3,244",6.38,12.89,"30,600","2,174",484,338,16.59,10.91,"30,300","1,257","6,000","2,042","5,523",0.65,0,-23.96
480,와이솔,"6,580",상승,40,+0.61%,500,"9,820",65,"6,570","1,821",5,-58.75,"82,286","6,570","6,590","4,143",-96.58,3.12,"6,600","26,305",524,110,5.76,2.71,"6,550","3,396","27,672","3,750",-112,0.54,900,4.23
481,에스와이,"3,720",상승,10,+0.27%,500,"39,465",146,"3,710","1,819",219,-103.33,"337,565","3,715","3,720","4,334",61.79,2.02,"3,740","14,392","2,375",63,1.24,1.47,"3,700","4,173","48,907","5,610",-36,0.97,500,1.42
482,마음AI,"25,650",상승,150,+0.59%,500,"103,597","2,649","25,350","1,816",-71,-14.65,"382,524","25,550","25,400",497,-84.58,-51.91,"25,900","1,165",364,-87,2.39,-16.49,"25,000","6,327","7,080",78,"-1,751",8.41,N/A,1.33
483,HB솔루션,"2,470",상승,35,+1.44%,500,"69,502",172,"2,470","1,807",193,-4.54,"318,622","2,460","2,485","2,933",185.95,-9.21,"2,500","36,309",724,-208,3.13,-7.02,"2,430","17,792","73,141","1,315",-544,0.81,30,36.77
484,젝시믹스,"6,040",보합,0,0.00%,500,"7,883",48,"6,020","1,805",249,9.44,"102,698","5,990","6,070","1,727",36.85,20.72,"6,090","13,269",582,209,3.72,13.69,"5,990",386,"29,882","2,716",640,1.64,180,16.78
485,포바이포,"16,150",하락,540,-3.24%,500,"96,111","1,563","16,620","1,804",-139,-17.85,"690,821","16,700","16,660",590,14.56,-32.55,"16,700",808,285,-123,0.56,-19.52,"16,020","1,965","11,170",333,-905,6.62,0,-1.41
486,마이크로디지탈,"9,990",하락,100,-0.99%,500,"9,074",91,"9,950","1,800",3,-208.12,"100,245","10,070","10,040",542,-68.20,2.38,"10,120","1,151",251,4,1.44,1.07,"9,880","1,310","18,015",115,-48,5.32,0,6.40
487,사람인,"15,300",하락,180,-1.16%,500,"1,816",28,"15,490","1,792",213,18.06,"26,894","15,540","15,530","2,097",-15.84,7.12,"15,540",545,297,123,22.54,5.94,"15,290",321,"11,709","1,284",847,0.93,500,-2.41
488,일진파워,"11,820",보합,0,0.00%,500,0,0,0,"1,782",103,97.69,0,0,0,"2,705",-21.70,7.94,0,0,"1,333",99,1.43,4.27,0,0,"15,079","1,931",121,1.36,330,1.19
489,파워로직스,"4,865",상승,15,+0.31%,500,"13,535",66,"4,850","1,781",24,40.54,"251,746","4,850","4,895","4,161",-84.46,5.32,"4,885","7,757","1,981",100,1.17,2.49,"4,815",992,"36,611","7,334",120,0.84,N/A,-5.14
490,엠케이전자,"8,040",상승,120,+1.52%,500,"24,475",196,"7,990","1,774",561,-8.44,"76,228","8,030","8,010","23,142",20.72,-7.45,"3,355","10,338",246,31,20.21,2.75,"3,315","11,662","53,267",475,39,1.81,10,-5.72
491,알서포트,"3,330",하락,25,-0.75%,100,"28,631",95,"3,340","1,774",37,85.38,"330,844","3,355","3,350","1,205",-53.60,3.23,"14,720","11,813","1,469",-287,1.28,-8.10,"14,350","4,225","12,184","1,193","-2,429",1.08,N/A,-2.99
492,네패스아크,"14,520",상승,330,+2.33%,500,"113,010","1,644","14,560","1,769",-26,-5.98,"469,953","14,570","14,570","3,122",-485.15,-14.67,"8,110","3,743","14,001",-377,4.65,-1.63,"7,950","5,847","22,066","11,706",-953,0.48,100,4.80
493,엘오티베큠,"9,920",상승,90,+0.92%,500,"22,502",223,"9,870","1,767",-42,-24.37,"129,027","9,910","9,900","3,392",-106.21,0.65,"10,030","1,487",824,24,5.52,0.67,"9,800","1,437","17,810","2,660",-407,0.65,N/A,-43.77
494,자이언트스텝,"7,880",하락,60,-0.76%,500,"16,545",130,"7,890","1,758",-173,-6.52,"99,471","7,980","7,980",917,33.64,-33.10,"8,070","1,083",216,-283,2.80,-25.85,"7,760","1,275","22,312",501,"-1,209",2.69,N/A,18.39
495,녹십자웰빙,"9,880",상승,10,+0.10%,500,"7,984",79,"9,890","1,754",130,16.04,"72,562","9,960","9,940","1,615",N/A,N/A,"9,970","3,828",566,71,4.10,N/A,"9,720",705,"17,752","1,338",616,1.62,120,N/A
496,동국S&C,"3,055",하락,15,-0.49%,500,"51,160",157,"3,060","1,746",-55,-5.41,"258,736","3,090","3,070","3,108",84.31,-19.37,"3,090","13,691","1,233",-398,2.21,-10.15,"3,045","56,303","57,143","1,658",-565,0.89,N/A,-7.17
497,유비쿼스홀딩스,"9,890",보합,0,0.00%,500,271,3,"9,890","1,741",143,25.49,"10,583","9,920","9,920","3,877",-55.99,3.64,"9,920",260,311,214,3.54,5.50,"9,850",214,"17,605","1,256",388,0.66,130,-26.78
498,보성파워텍,"3,540",하락,10,-0.28%,500,"217,096",783,"3,650","1,739",48,29.50,"830,590","3,645","3,665",972,44.06,6.80,"3,675","12,308",69,60,0.82,6.14,"3,520","40,059","49,130",771,120,1.90,N/A,-1.83
499,블루엠텍,"5,160",상승,80,+1.57%,100,"140,597",729,"5,220","1,729",-69,-37.39,"292,261","5,290","5,230","1,157",N/A,N/A,"11,350","1,149",293,-78,1.21,-13.73,"10,800",487,"15,591",213,-567,3.21,N/A,-0.03
500,엔케이맥스,"2,020",보합,0,0.00%,500,0,0,0,"1,727",-51,-5.40,0,0,0,232,92.46,219.63,"14,320","2,014",460,29,4.71,2.06,"13,910",526,"12,289",653,237,1.94,480,22.52
