N,종목명,현재가,전일비변동,전일비,등락률,액면가,거래량,거래대금,매수호가,시가총액,영업이익,PER,전일거래량,시가,매도호가,자산총계,영업이익증가율,ROE,고가,매수총잔량,부채총계,당기순이익,외국인비율,ROA,저가,매도총잔량,상장주식수,매출액,주당순이익,PBR,보통주배당금,매출액증가율
1,삼성전자,"57,800",상승,600,+1.05%,100,"1,746,421","100,786",0,"3,421,551","327,260",11.20,"22,200,872","57,800",0,"5,145,319",398.34,9.03,"58,000",0,"1,123,399","344,514",49.69,7.10,"57,400",0,"5,919,638","3,008,709","5,162",0.98,"1,446",16.20
2,SK하이닉스,"252,000",상승,"4,000",+1.61%,"5,000","517,105","130,400",0,"1,834,566","234,673",7.06,"3,760,740","253,000",0,"1,198,552",403.58,31.06,"253,500",0,"459,395","197,969",55.42,17.98,"250,000",0,"728,002","661,930","35,682",2.14,"2,204",102.02
3,삼성바이오로직스,"1,018,000",상승,"3,000",+0.30%,"2,500","5,229","5,332",0,"724,551","13,201",56.63,"49,083","1,019,000",0,"173,363",18.53,10.45,"1,024,000",0,"64,316","10,833",12.91,6.49,"1,017,000",0,"71,174","45,473","17,977",6.42,0,23.08
4,LG에너지솔루션,"294,000",상승,"1,000",+0.34%,500,"22,306","6,613",0,"687,960","5,754",-59.11,"192,457","298,000",0,"603,068",-73.40,-4.93,"299,000",0,"293,402","3,386",4.06,0.64,"293,500",0,"234,000","256,196","-4,974",3.25,N/A,-24.08
5,한화에어로스페이스,"947,000",하락,"23,000",-2.37%,"5,000","36,578","34,758",0,"447,895","17,319",19.15,"326,298","954,000",0,"433,369",191.41,53.94,"959,000",0,"319,726","25,399",45.40,8.08,"944,000",0,"47,296","112,401","49,447",10.96,"3,500",42.47
6,현대차,"201,500",보합,0,0.00%,"5,000","40,494","8,170",0,"412,587","142,396",4.39,"500,547","202,500",0,"3,397,984",-5.87,12.43,"203,000",0,"2,195,225","132,299",36.12,4.25,"200,500",0,"204,758","1,752,312","45,880",0.48,"12,000",7.73
7,KB금융,"107,500",하락,300,-0.28%,"5,000","114,675","12,287",0,"410,072","80,453",7.46,"1,036,382","106,800",0,"7,578,455",26.00,8.86,"108,100",0,"6,980,304","50,286",78.11,0.68,"106,500",0,"381,462","850,764","14,416",0.68,"3,174",9.77
8,HD현대중공업,"451,500",상승,"2,500",+0.56%,"5,000","41,919","18,972",0,"400,811","7,052",45.70,"269,938","458,000",0,"193,909",294.77,11.39,"458,000",0,"136,865","6,215",10.89,3.40,"448,000",0,"88,773","144,865","9,880",6.90,"2,090",21.08
9,두산에너빌리티,"62,000",상승,"2,400",+4.03%,"5,000","2,554,084","159,135",0,"397,148","10,176",-389.94,"14,476,095","62,500",0,"263,148",-30.65,1.52,"63,200",0,"146,537","3,947",25.36,1.55,"61,100",0,"640,561","162,331",-159,5.22,N/A,-7.71
10,기아,"98,000",상승,500,+0.51%,"5,000","67,244","6,594",0,"389,719","126,671",4.18,"809,768","98,000",0,"927,559",9.13,19.09,"98,500",0,"369,156","97,750",38.99,11.28,"97,800",0,"397,673","1,074,488","23,440",0.69,"6,500",7.66
11,삼성전자우,"47,400",상승,450,+0.96%,100,"132,214","6,268",0,"386,772",N/A,9.18,"1,261,279","47,350",0,N/A,N/A,N/A,"47,650",0,N/A,N/A,73.74,N/A,"47,150",0,"815,975",N/A,"5,162",0.80,N/A,N/A
12,셀트리온,"160,800",하락,"1,000",-0.62%,"1,000","33,308","5,361",0,"357,661","4,920",74.41,"352,758","161,200",0,"210,552",-24.48,2.46,"161,600",0,"34,752","4,189",21.47,2.04,"160,500",0,"222,426","35,573","2,161",2.08,735,63.45
13,NAVER,"209,000",하락,500,-0.24%,100,"106,224","22,318",0,"331,133","19,793",18.25,"1,159,906","212,000",0,"381,679",32.94,7.90,"212,500",0,"111,670","19,320",48.50,5.23,"208,000",0,"158,437","107,377","11,452",1.18,"1,130",11.03
14,신한지주,"60,500",하락,100,-0.17%,"5,000","83,233","5,002",0,"299,984","64,587",6.64,"966,984","59,700",0,"7,397,643",5.87,8.11,"60,700",0,"6,809,432","45,582",58.92,0.64,"59,500",0,"495,842","419,028","9,108",0.53,"2,160",6.26
15,삼성물산,"170,300",하락,"1,900",-1.10%,100,"37,352","6,409",0,"289,470","29,834",13.60,"619,409","172,600",0,"619,904",3.95,6.83,"173,300",0,"247,319","27,720",26.93,4.33,"170,100",0,"169,977","421,032","12,523",0.87,"2,600",0.50
16,한화오션,"92,000",상승,"6,700",+7.85%,"5,000","1,786,489","162,324",0,"281,900","2,379",40.69,"3,234,826","87,500",0,"178,438",221.06,11.52,"92,200",0,"129,805","5,282",12.42,3.32,"86,900",0,"306,413","107,760","2,261",5.54,N/A,45.46
17,HD한국조선해양,"373,000",상승,"5,500",+1.50%,"5,000","36,959","13,792",0,"263,984","14,341",17.85,"330,295","372,000",0,"367,191",408.07,11.16,"376,000",0,"225,633","14,546",32.82,4.22,"370,500",0,"70,773","255,386","20,895",2.32,"5,100",19.92
18,현대모비스,"284,500",하락,"1,000",-0.35%,"5,000","16,929","4,836",0,"261,157","30,735",6.27,"198,580","286,500",0,"665,969",33.90,9.35,"289,000",0,"204,787","40,602",42.70,6.49,"283,750",0,"91,795","572,370","45,380",0.55,"6,000",-3.41
19,삼성생명,"127,000",하락,900,-0.70%,500,"23,471","2,967",0,"254,000","24,998",11.98,"424,095","126,100",0,"3,122,188",4.23,6.18,"127,600",0,"2,794,809","22,603",21.78,0.72,"125,800",0,"200,000","337,860","10,600",0.77,"4,500",9.21
20,HMM,"23,200",하락,"1,100",-4.53%,"5,000","411,300","9,617",0,"237,809","35,128",4.57,"5,246,933","23,650",0,"338,486",500.72,15.35,"23,650",0,"59,930","37,821",7.11,12.70,"23,150",0,"1,025,039","117,002","5,073",0.73,600,39.27
21,카카오,"52,900",하락,300,-0.56%,100,"557,751","29,707",0,"233,694","4,602",152.89,"4,949,701","53,800",0,"257,730",-0.14,0.56,"54,000",0,"118,301","-1,619",28.46,-0.64,"52,400",0,"441,767","78,717",346,2.24,68,4.16
22,하나금융지주,"80,000",상승,300,+0.38%,"5,000","67,223","5,322",0,"227,779","48,552",6.04,"801,826","78,400",0,"6,378,475",3.45,9.11,"80,200",0,"5,942,706","37,685",67.64,0.61,"78,300",0,"284,724","816,143","13,252",0.51,"3,600",17.10
23,현대로템,"192,700",하락,"5,900",-2.97%,"5,000","189,532","36,869",0,"210,317","4,566",41.32,"1,507,235","195,600",0,"52,854",117.36,21.85,"196,700",0,"32,763","4,053",32.25,7.70,"191,700",0,"109,142","43,766","4,664",9.62,200,22.00
24,POSCO홀딩스,"256,000",하락,"3,000",-1.16%,"5,000","24,182","6,228",0,"207,188","21,736",24.89,"262,336","258,500",0,"1,034,042",-38.45,2.00,"260,000",0,"419,538","9,476",29.37,0.93,"255,500",0,"80,933","726,881","10,286",0.35,"10,000",-5.76
25,삼성화재,"444,500",보합,0,0.00%,500,"6,080","2,685",0,"204,520","26,496",11.35,"66,222","438,000",0,"872,695",12.40,13.11,"446,500",0,"716,673","20,768",55.91,2.41,"435,000",0,"46,011","226,570","39,171",1.23,"19,000",8.80
26,SK스퀘어,"148,800",하락,"1,100",-0.73%,100,"31,918","4,763",0,"197,221","39,126",4.01,"530,192","149,100",0,"219,211",267.23,21.70,"151,300",0,"23,356","36,505",52.19,18.30,"148,500",0,"132,541","61,385","37,069",0.96,0,169.41
27,메리츠금융지주,"108,300",하락,"1,400",-1.28%,500,"28,200","3,060",0,"194,956","31,889",8.87,"356,886","108,700",0,"1,155,782",8.71,23.44,"109,400",0,"1,046,482","23,334",16.01,2.14,"107,900",0,"180,014","465,745","12,216",1.97,"1,350",-20.47
28,한국전력,"28,150",상승,600,+2.18%,"5,000","332,818","9,327",0,"180,713","83,647",3.44,"3,908,071","27,900",0,"2,468,078",284.18,9.22,"28,300",0,"2,054,450","36,220",19.59,1.49,"27,750",0,"641,964","933,989","8,191",0.43,213,5.87
29,크래프톤,"369,000",하락,"1,500",-0.40%,100,"4,469","1,647",0,"174,864","11,825",13.33,"72,768","368,000",0,"79,195",53.96,21.10,"370,500",0,"10,903","13,026",42.88,18.14,"368,000",0,"47,389","27,098","27,686",2.33,0,41.83
30,HD현대일렉트릭,"472,500",상승,"16,000",+3.50%,"5,000","32,153","14,923",0,"170,323","6,690",30.33,"301,534","460,000",0,"37,955",112.23,39.34,"472,500",0,"22,880","4,984",34.19,14.87,"457,000",0,"36,047","33,223","15,581",11.31,"5,350",22.92
31,고려아연,"821,000",상승,"27,000",+3.40%,"5,000","2,488","2,026",0,"169,974","7,235",68.99,"22,924","812,000",0,"147,923",9.63,2.28,"824,000",0,"71,969","1,948",12.07,1.45,"804,000",0,"20,703","120,529","11,900",2.01,"17,500",24.20
32,삼성중공업,"18,310",상승,240,+1.33%,"1,000","941,058","17,142",0,"161,128","5,027",110.30,"7,131,780","18,200",0,"171,946",115.43,1.77,"18,440",0,"134,452",539,32.11,0.33,"17,950",0,"880,000","99,031",166,4.06,N/A,23.64
33,우리금융지주,"20,950",상승,50,+0.24%,"5,000","149,284","3,122",0,"155,573","42,552",5.40,"1,930,722","20,850",0,"5,257,533",21.61,9.39,"21,100",0,"4,898,581","31,715",46.13,0.62,"20,750",0,"742,592","466,167","3,877",0.46,"1,200",11.03
34,KT&G,"121,900",하락,"1,100",-0.89%,"5,000","18,069","2,193",0,"148,794","11,888",13.73,"249,972","121,400",0,"139,252",1.84,12.66,"122,100",0,"45,668","11,650",43.59,8.73,"121,000",0,"122,062","59,088","8,881",1.45,"5,400",0.79
35,SK,"200,500",하락,500,-0.25%,200,"35,512","7,190",0,"145,368","23,553",16.33,"468,736","204,000",0,"2,149,778",-50.46,-5.64,"205,500",0,"1,346,902","5,288",23.74,0.25,"200,000",0,"72,503","1,246,904","12,281",0.41,"7,000",-3.19
36,LG화학,"204,000",하락,"1,500",-0.73%,"5,000","17,095","3,524",0,"144,008","9,168",-17.08,"250,900","207,500",0,"938,578",-63.75,-2.11,"209,000",0,"458,623","5,150",30.29,0.60,"204,000",0,"70,592","489,161","-11,946",0.48,"1,000",-11.46
37,SK이노베이션,"91,700",하락,600,-0.65%,"5,000","19,252","1,774",0,"138,499","3,155",-4.53,"587,343","92,500",0,"1,105,301",-83.43,-9.65,"92,700",0,"708,812","-23,725",13.85,-2.48,"91,500",0,"151,035","747,170","-20,236",0.57,"2,000",-3.33
38,기업은행,"17,290",상승,120,+0.70%,"5,000","78,524","1,358",0,"137,875","35,941",5.16,"1,171,567","17,250",0,"4,722,198",4.71,8.06,"17,390",0,"4,379,887","26,543",14.14,0.58,"17,200",0,"797,426","324,300","3,351",0.41,"1,065",13.30
39,삼성SDI,"167,300",하락,"1,600",-0.95%,"5,000","37,929","6,384",0,"134,820","3,633",114.51,"610,282","169,000",0,"405,973",-76.49,3.13,"169,700",0,"190,301","5,755",28.15,1.54,"166,900",0,"80,586","165,922","1,461",0.59,973,-22.60
40,카카오뱅크,"27,850",하락,200,-0.71%,"5,000","71,661","2,004",0,"132,842","6,069",28.48,"1,178,418","28,000",0,"628,053",26.83,6.95,"28,200",0,"562,652","4,401",17.28,0.75,"27,850",0,"476,989","29,456",978,2.04,360,18.11
41,KT,"52,500",하락,600,-1.13%,"5,000","22,585","1,187",0,"132,311","8,095",20.91,"474,689","52,600",0,"418,800",-50.93,2.85,"52,800",0,"238,834","4,171",49.00,0.99,"52,400",0,"252,022","264,312","2,511",0.77,"2,000",0.21
42,하이브,"297,500",하락,"1,500",-0.50%,500,"20,136","6,020",0,"123,915","1,840",236.86,"179,249","301,500",0,"54,792",-37.75,0.31,"302,000",0,"19,654",-34,18.44,-0.06,"296,500",0,"41,652","22,556","1,256",3.76,200,3.56
43,삼성에스디에스,"159,700",하락,"7,200",-4.31%,500,"89,050","14,520",0,"123,572","9,111",16.31,"930,054","167,900",0,"132,383",12.73,8.42,"168,000",0,"35,329","7,895",19.27,6.18,"159,300",0,"77,378","138,282","9,791",1.32,"2,900",4.15
44,한화시스템,"63,800",하락,400,-0.62%,"5,000","367,224","23,260",0,"120,531","2,193",27.37,"9,410,780","63,400",0,"57,240",78.95,19.63,"64,200",0,"33,076","4,454",8.57,8.73,"62,200",0,"188,919","28,037","2,331",3.55,350,14.32
45,LIG넥스원,"543,000",하락,"11,000",-1.99%,"5,000","17,901","9,754",0,"119,460","2,298",48.69,"211,765","540,000",0,"61,253",23.29,19.59,"552,000",0,"48,878","2,166",31.26,4.36,"539,000",0,"22,000","32,763","11,153",9.53,"2,400",41.92
46,SK텔레콤,"55,200",보합,0,0.00%,100,"89,573","4,949",0,"118,564","18,234",9.40,"803,389","55,300",0,"305,153",4.00,10.83,"55,400",0,"186,876","13,871",39.97,4.58,"55,000",0,"214,790","179,406","5,874",1.00,"3,540",1.89
47,LG,"75,300",하락,300,-0.40%,"5,000","13,138",988,0,"118,410","9,668",14.90,"210,903","75,100",0,"316,393",-39.16,2.16,"75,600",0,"35,066","7,905",35.06,2.55,"75,100",0,"157,251","71,755","5,053",0.42,"3,100",-3.62
48,LG전자,"71,900",하락,100,-0.14%,"5,000","31,572","2,274",0,"117,663","34,197",18.80,"394,654","72,200",0,"656,296",-6.40,1.81,"72,200",0,"404,179","5,914",29.41,0.94,"71,800",0,"163,648","877,282","3,825",0.59,"1,000",6.64
49,미래에셋증권,"20,100",상승,230,+1.16%,"5,000","330,239","6,701",0,"114,634","11,881",14.74,"2,925,420","20,300",0,"1,371,770",128.02,7.94,"20,500",0,"1,249,133","9,255",13.31,0.69,"20,050",0,"570,316","222,342","1,364",0.97,250,9.22
50,HD현대,"139,800",상승,"3,200",+2.34%,"1,000","82,678","11,411",0,"110,432","29,832",21.03,"572,626","139,500",0,"738,667",46.84,6.36,"139,900",0,"474,816","19,302",22.18,2.72,"137,000",0,"78,993","677,656","6,647",1.07,"3,600",10.49
51,두산,"606,000",상승,"7,000",+1.17%,"5,000","13,561","8,310",0,"100,134","10,038",-62.54,"166,406","615,000",0,"301,431",-30.11,-14.57,"623,000",0,"182,536","3,022",12.82,1.03,"605,000",0,"16,524","181,329","-9,690",7.27,"2,000",-5.21
52,삼양식품,"1,278,000",하락,"1,000",-0.08%,"5,000","6,452","8,287",0,"96,272","3,446",31.61,"72,350","1,289,000",0,"15,948",133.58,39.37,"1,301,000",0,"7,667","2,713",19.76,19.62,"1,269,000",0,"7,533","17,280","40,436",10.55,"3,300",44.86
53,삼성전기,"128,200",상승,"1,300",+1.02%,"5,000","24,797","3,176",0,"95,757","7,350",15.80,"315,381","128,200",0,"127,924",11.27,8.16,"128,800",0,"37,765","7,032",32.64,5.75,"127,500",0,"74,694","102,941","8,115",1.10,"1,800",15.76
54,포스코인터내셔널,"52,900",하락,"1,700",-3.11%,"5,000","128,487","6,765",0,"93,063","11,169",17.30,"1,378,027","53,200",0,"173,363",-3.97,8.14,"53,400",0,"99,869","5,034",6.54,2.97,"52,100",0,"175,923","323,408","3,058",1.40,"1,550",-2.39
55,한국항공우주,"95,000",하락,"3,800",-3.85%,"5,000","156,113","14,950",0,"92,601","2,407",55.95,"2,017,476","96,000",0,"80,255",-2.74,10.42,"96,900",0,"62,984","1,709",34.19,2.25,"95,000",0,"97,475","36,337","1,698",5.49,500,-4.86
56,HD현대마린솔루션,"205,000",상승,"3,500",+1.74%,500,"12,744","2,609",0,"91,900","2,717",36.69,"153,361","202,500",0,"11,522",34.87,44.98,"207,000",0,"3,787","2,279",28.98,25.20,"201,500",0,"44,829","17,455","5,588",12.84,"3,150",22.02
57,포스코퓨처엠,"117,700",하락,800,-0.68%,500,"19,816","2,355",0,"91,174",7,-42.13,"280,423","119,400",0,"79,325",-97.99,-7.98,"120,600",0,"46,120","-2,313",9.90,-3.24,"117,550",0,"77,463","36,999","-2,794",3.04,0,-22.27
58,현대글로비스,"121,500",상승,"1,800",+1.50%,500,"9,785","1,184",0,"91,125","17,529",7.67,"142,056","120,000",0,"168,491",12.80,13.24,"121,900",0,"80,398","10,995",49.50,6.96,"120,000",0,"75,000","284,074","15,834",1.02,"3,700",10.61
59,한진칼,"133,500",하락,"1,800",-1.33%,"2,500","7,906","1,057",0,"89,128",492,19.57,"161,371","134,500",0,"42,072",14.82,16.75,"134,500",0,"8,940","5,122",20.61,12.82,"132,500",0,"66,762","2,922","6,822",2.76,360,5.96
60,현대건설,"79,300",상승,200,+0.25%,"5,000","267,110","21,239",0,"88,305","-12,634",-43.76,"2,039,467","81,300",0,"270,054",-260.86,-2.09,"81,600",0,"173,360","-7,662",23.74,-3.02,"77,700",0,"111,356","326,703","-1,812",1.10,600,10.18
61,LS ELECTRIC,"287,500",상승,"1,500",+0.52%,"5,000","40,345","11,531",0,"86,250","3,897",37.47,"360,428","292,000",0,"44,852",19.96,13.44,"292,500",0,"25,951","2,422",24.46,5.90,"280,000",0,"30,000","45,518","7,673",4.66,"2,900",7.60
62,한미반도체,"87,500",보합,0,0.00%,100,"106,207","9,311",0,"84,537","2,554",61.53,"656,104","88,800",0,"7,109",638.74,27.43,"88,800",0,"1,700","1,526",7.71,21.27,"86,400",0,"96,614","5,589","1,422",15.91,720,251.50
63,유한양행,"105,400",하락,900,-0.85%,"1,000","39,333","4,149",0,"84,287",549,128.38,"269,720","106,300",0,"29,420",-3.77,3.41,"106,500",0,"7,914",552,17.89,1.92,"104,800",0,"79,968","20,678",821,3.82,500,11.23
64,KODEX CD금리액티브(합성),"1,072,387",상승,82,+0.01%,0,"11,225","12,037",0,"83,497",N/A,N/A,"223,040","1,072,385",0,N/A,N/A,N/A,"1,072,390",0,N/A,N/A,0.00,N/A,"1,072,385",0,"7,786",N/A,N/A,N/A,N/A,N/A
65,DB손해보험,"116,900",하락,500,-0.43%,500,"16,451","1,906",0,"82,765","24,249",4.86,"183,074","115,400",0,"665,061",8.50,18.98,"118,000",0,"571,149","18,532",46.36,2.93,"114,000",0,"70,800","218,350","24,043",0.87,"6,800",10.49
66,TIGER 미국S&P500,"20,310",하락,5,-0.02%,0,"105,570","2,144",0,"81,555",N/A,N/A,"3,321,762","20,315",0,N/A,N/A,N/A,"20,330",0,N/A,N/A,0.19,N/A,"20,280",0,"401,550",N/A,N/A,N/A,N/A,N/A
67,카카오페이,"59,900",하락,"1,500",-2.44%,500,"193,972","11,903",0,"80,683",-575,"-1,932.26","2,578,294","62,500",0,"44,147",-1.59,-0.73,"62,800",0,"25,039",-215,37.87,-0.51,"59,500",0,"134,697","7,662",-31,4.31,0,24.52
68,대한항공,"21,700",상승,350,+1.64%,"5,000","115,920","2,512",0,"79,904","21,102",6.53,"1,455,552","21,600",0,"470,121",17.88,13.17,"21,800",0,"360,489","13,819",16.72,3.57,"21,600",0,"368,221","178,707","3,322",0.76,750,10.92
69,HD현대미포,"191,500",상승,"3,100",+1.65%,"5,000","37,819","7,211",0,"76,489",885,50.10,"457,624","191,000",0,"51,089",157.89,5.25,"192,400",0,"30,024","1,132",22.18,2.26,"188,600",0,"39,942","46,300","3,822",3.69,710,14.63
70,아모레퍼시픽,"130,200",하락,"2,100",-1.59%,500,"26,576","3,481",0,"76,158","2,205",14.38,"250,969","132,500",0,"67,835",103.83,11.69,"132,600",0,"14,575","6,016",23.28,9.50,"130,000",0,"58,493","38,851","9,057",1.70,"1,125",5.75
71,효성중공업,"788,000",상승,"17,000",+2.20%,"5,000","7,098","5,532",0,"73,477","3,625",24.24,"126,576","773,000",0,"62,188",40.59,14.90,"789,000",0,"41,632","2,229",23.14,4.06,"771,000",0,"9,325","48,950","32,509",3.73,"5,000",13.82
72,한화,"97,400",하락,"3,200",-3.18%,"5,000","82,137","8,074",0,"73,010","24,161",9.31,"1,753,339","99,400",0,"2,520,370",0.17,7.19,"100,000",0,"2,124,752","16,904",15.91,0.73,"97,100",0,"74,959","556,468","10,464",0.87,800,4.73
73,SK바이오팜,"91,600",하락,300,-0.33%,500,"7,654",700,0,"71,735",963,28.55,"143,572","91,200",0,"10,368",356.75,58.01,"91,900",0,"4,628","2,270",11.00,25.79,"91,200",0,"78,313","5,476","3,208",12.64,N/A,54.30
74,한국금융지주,"128,000",상승,"2,200",+1.75%,"5,000","30,641","3,924",0,"71,329","11,997",6.81,"244,834","126,800",0,"1,092,202",46.24,11.54,"129,200",0,"994,857","10,459",37.58,1.02,"126,700",0,"55,726","211,741","18,792",0.75,"3,980",1.34
75,LG씨엔에스,"73,000",상승,"1,900",+2.67%,500,"613,680","45,010",0,"70,727","5,129",15.88,"9,106,850","73,800",0,"45,045",10.52,18.32,"74,900",0,"23,817","3,649",2.47,8.54,"72,100",0,"96,886","59,826","4,597",2.70,"1,672",6.73
76,S-Oil,"60,400",하락,"3,300",-5.18%,"2,500","90,383","5,473",0,"68,000","4,222",-17.44,"799,767","61,100",0,"244,514",-68.83,-2.18,"61,100",0,"157,558","-1,930",73.27,-0.84,"60,100",0,"112,583","366,370","-3,463",0.81,125,2.55
77,코웨이,"93,600",하락,900,-0.95%,500,"14,330","1,331",0,"67,307","7,954",11.93,"92,544","92,500",0,"57,616",8.77,19.38,"94,100",0,"25,654","5,655",61.35,10.66,"91,800",0,"71,909","43,101","7,843",2.13,"2,630",8.66
78,KODEX 머니마켓액티브,"103,090",상승,5,0.00%,0,"15,405","1,588",0,"67,030",N/A,N/A,"398,909","103,090",0,N/A,N/A,N/A,"103,092",0,N/A,N/A,0.00,N/A,"103,090",0,"65,021",N/A,N/A,N/A,N/A,N/A
79,KODEX 200,"39,630",상승,55,+0.14%,0,"799,620","31,715",0,"65,825",N/A,N/A,"10,145,212","39,720",0,N/A,N/A,N/A,"39,750",0,N/A,N/A,31.40,N/A,"39,545",0,"166,100",N/A,N/A,N/A,N/A,N/A
80,NH투자증권,"18,950",상승,80,+0.42%,"5,000","64,337","1,230",0,"61,414","9,011",9.81,"880,354","19,170",0,"624,271",24.16,8.73,"19,260",0,"543,077","6,866",16.10,1.15,"18,950",0,"324,086","100,343","1,932",0.82,950,-3.25
81,삼성증권,"67,500",상승,500,+0.75%,"5,000","68,009","4,626",0,"60,278","12,058",6.74,"473,183","68,000",0,"622,739",62.69,12.89,"68,800",0,"549,497","8,990",29.08,1.51,"67,300",0,"89,300","134,666","10,015",0.83,"3,500",2.26
82,LS,"183,700",하락,100,-0.05%,"5,000","18,306","3,371",0,"59,151","10,729",20.83,"330,285","186,800",0,"205,279",19.26,5.09,"186,900",0,"136,468","3,915",14.67,2.02,"181,600",0,"32,200","275,447","8,821",1.03,"1,650",12.52
83,삼성카드,"50,200",하락,300,-0.59%,"5,000","5,762",288,0,"58,161","8,854",8.67,"91,557","50,000",0,"294,941",9.31,8.00,"50,200",0,"210,079","6,646",6.27,2.28,"49,900",0,"115,859","43,832","5,793",0.64,"2,800",9.47
84,한화솔루션,"33,400",하락,"3,050",-8.37%,"5,000","1,502,115","50,758",0,"57,412","-3,002",-5.89,"2,571,851","34,450",0,"300,368",-151.83,-15.99,"34,850",0,"194,300","-13,690",13.72,-4.99,"33,100",0,"171,893","123,940","-5,673",0.62,300,-5.23
85,LG유플러스,"13,080",하락,90,-0.68%,"5,000","83,956","1,093",0,"57,109","8,631",13.96,"1,971,627","13,050",0,"197,077",-13.52,4.40,"13,150",0,"109,394","3,146",37.04,1.58,"12,800",0,"436,611","146,252",937,0.66,650,1.76
86,맥쿼리인프라,"11,730",상승,10,+0.09%,0,"37,882",444,0,"56,178",N/A,N/A,"1,169,993","11,720",0,N/A,N/A,N/A,"11,760",0,N/A,N/A,9.15,N/A,"11,710",0,"478,922",N/A,N/A,N/A,N/A,N/A
87,현대차2우B,"157,400",상승,100,+0.06%,"5,000","10,077","1,586",0,"55,033",N/A,3.43,"189,542","157,500",0,N/A,N/A,N/A,"158,000",0,N/A,N/A,60.12,N/A,"157,000",0,"34,964",N/A,"45,880",0.37,N/A,N/A
88,키움증권,"214,500",상승,"2,000",+0.94%,"5,000","21,094","4,585",0,"52,503","10,982",7.35,"274,598","219,500",0,"556,884",94.50,15.98,"219,500",0,"500,565","8,349",25.00,1.55,"214,000",0,"24,477","112,803","29,164",1.01,"7,500",18.18
89,LG생활건강,"335,000",하락,"4,000",-1.18%,"5,000","4,342","1,466",0,"52,321","4,590",32.83,"27,240","338,000",0,"74,058",-5.74,3.44,"342,000",0,"17,199","2,039",28.60,2.79,"335,000",0,"15,618","68,119","10,204",1.00,"3,500",0.10
90,두산밥캣,"52,800",상승,"1,200",+2.33%,500,"25,243","1,330",0,"50,612","8,714",11.46,"125,569","52,000",0,"120,096",-37.31,8.77,"53,200",0,"51,151","5,634",36.29,5.03,"51,600",0,"95,856","85,512","4,606",0.73,"1,600",-12.38
91,TIGER 미국나스닥100,"131,785",상승,275,+0.21%,0,"10,619","1,399",0,"49,854",N/A,N/A,"155,007","131,700",0,N/A,N/A,N/A,"131,970",0,N/A,N/A,0.12,N/A,"131,615",0,"37,830",N/A,N/A,N/A,N/A,N/A
92,에이피알,"130,100",하락,"2,500",-1.89%,100,"23,384","3,062",0,"49,235","1,227",37.01,"403,522","132,100",0,"5,651",17.77,41.34,"132,800",0,"2,416","1,076",23.86,25.24,"130,000",0,"37,844","7,228","3,515",13.87,0,37.98
93,넷마블,"56,900",하락,100,-0.18%,100,"10,139",582,0,"48,908","2,156",48.10,"155,633","57,800",0,"81,771",414.93,0.49,"58,000",0,"27,032",32,24.72,0.04,"56,800",0,"85,954","26,638","1,183",0.86,417,6.46
94,한국타이어앤테크놀로지,"39,250",하락,100,-0.25%,500,"15,189",595,0,"48,621","17,623",4.51,"280,818","39,150",0,"158,497",32.71,10.79,"39,450",0,"46,549","11,311",35.91,7.91,"39,050",0,"123,875","94,119","8,704",0.43,"2,000",5.28
95,TIGER CD금리투자KIS(합성),"56,185",상승,5,+0.01%,0,"6,969",391,0,"47,554",N/A,N/A,"157,706","56,180",0,N/A,N/A,N/A,"56,185",0,N/A,N/A,0.01,N/A,"56,180",0,"84,638",N/A,N/A,N/A,N/A,N/A
96,삼성E&A,"23,650",상승,100,+0.42%,"5,000","108,720","2,593",0,"46,354","9,716",6.22,"1,305,863","23,900",0,"100,133",-2.17,19.65,"24,000",0,"61,176","6,387",45.13,7.17,"23,600",0,"196,000","99,666","3,804",1.08,660,-6.20
97,GS,"47,850",하락,150,-0.31%,"5,000","37,603","1,804",0,"44,460","30,602",11.00,"331,081","48,000",0,"350,634",-17.78,4.12,"48,300",0,"165,930","8,635",16.89,2.48,"47,650",0,"92,915","252,975","4,351",0.32,"2,700",-2.62
98,CJ,"151,100",하락,"1,900",-1.24%,"5,000","8,206","1,242",0,"44,086","25,475",54.25,"236,136","151,900",0,"474,970",24.93,1.83,"152,400",0,"297,506","1,512",10.81,0.32,"150,700",0,"29,177","436,467","2,785",0.93,"3,000",5.55
99,KODEX 미국S&P500,"18,690",하락,5,-0.03%,0,"321,979","6,019",0,"43,987",N/A,N/A,"3,969,952","18,690",0,N/A,N/A,N/A,"8,880",0,"247,868","-24,093",20.52,-7.02,"8,750",0,"500,000","266,153","-4,084",0.70,N/A,24.77
100,LG디스플레이,"8,770",하락,20,-0.23%,"5,000","110,246",971,0,"43,850","-5,606",-2.15,"1,151,347","8,850",0,"328,596",77.67,-37.21,"18,715",0,N/A,N/A,0.41,N/A,"18,665",0,"235,350",N/A,N/A,N/A,N/A,N/A
101,오리온,"110,700",하락,400,-0.36%,500,"4,210",466,0,"43,766","5,436",8.18,"97,511","110,600",0,"43,084",10.40,16.57,"111,200",0,"7,344","5,332",29.90,13.62,"110,600",0,"39,536","31,043","13,534",1.24,"2,500",6.59
102,한전기술,"107,600",상승,"1,100",+1.03%,200,"39,796","4,280",0,"41,125",548,35.52,"2,648,093","107,600",0,"9,468",91.88,10.40,"107,600",0,"3,694",585,8.96,6.50,"107,600",0,"38,220","5,534","3,029",6.82,999,1.52
103,JB금융지주,"21,000",보합,0,0.00%,"5,000","36,698",766,0,"40,721","9,061",6.14,"667,641","20,800",0,"667,219",13.26,12.80,"21,150",0,"609,971","6,930",35.05,1.07,"20,700",0,"193,908","46,238","3,422",0.71,995,10.25
104,현대오토에버,"148,200",하락,300,-0.20%,500,"1,964",293,0,"40,642","2,244",24.63,"69,727","151,000",0,"33,495",23.71,10.40,"151,200",0,"16,190","1,752",2.45,5.66,"148,000",0,"27,424","37,136","6,016",2.42,"1,780",21.16
105,현대제철,"29,250",하락,400,-1.35%,"5,000","26,943",788,0,"39,033","1,595",-39.69,"348,500","29,400",0,"347,438",-80.02,-0.06,"29,450",0,"154,102",88,17.90,0.03,"29,100",0,"133,446","232,261",-737,0.20,750,-10.38
106,BNK금융지주,"12,070",하락,10,-0.08%,"5,000","70,255",842,0,"38,429","8,759",6.00,"933,375","11,950",0,"1,524,705",9.33,6.96,"12,100",0,"1,413,229","7,500",40.39,0.50,"11,850",0,"318,384","100,314","2,012",0.37,650,3.80
107,KODEX KOFR금리액티브(합성),"110,525",보합,0,0.00%,0,"5,151",569,0,"38,416",N/A,N/A,"332,679","110,525",0,N/A,N/A,N/A,"110,530",0,N/A,N/A,0.00,N/A,"110,525",0,"34,758",N/A,N/A,N/A,N/A,N/A
108,강원랜드,"17,530",상승,40,+0.23%,500,"33,540",586,0,"37,504","2,858",8.55,"568,232","17,520",0,"47,006",1.25,12.09,"17,540",0,"8,170","4,569",13.65,9.99,"17,450",0,"213,940","14,269","2,050",0.94,"1,170",2.76
109,엔씨소프트,"172,500",상승,"1,600",+0.94%,500,"7,775","1,334",0,"37,163","-1,092",50.62,"123,244","170,700",0,"39,539",-179.56,2.99,"172,700",0,"8,904",941,33.74,2.26,"169,600",0,"21,544","15,781","3,408",1.11,"1,460",-11.33
110,현대차우,"155,900",보합,0,0.00%,"5,000","8,127","1,269",0,"36,389",N/A,3.40,"148,365","155,900",0,N/A,N/A,N/A,"156,600",0,N/A,N/A,61.33,N/A,"155,800",0,"23,341",N/A,"45,880",0.37,N/A,N/A
111,한미약품,"283,000",보합,0,0.00%,"2,500","15,956","4,564",0,"36,255","2,162",33.29,"270,794","291,000",0,"20,208",-2.04,11.89,"291,000",0,"7,801","1,404",10.31,7.17,"281,500",0,"12,811","14,955","8,502",3.22,"1,250",0.31
112,CJ제일제당,"240,000",하락,500,-0.21%,"5,000","3,404",820,0,"36,130","15,530",53.20,"58,626","241,500",0,"301,500",20.24,1.97,"242,000",0,"179,072","3,618",20.79,1.21,"240,000",0,"15,054","293,591","4,511",0.49,"6,000",1.16
113,한국가스공사,"38,100",하락,850,-2.18%,"5,000","54,196","2,078",0,"35,171","30,034",3.17,"585,782","38,550",0,"576,696",93.34,11.21,"38,650",0,"468,433","11,490",10.05,2.00,"38,000",0,"92,313","383,887","12,001",0.30,"1,455",-13.84
114,포스코DX,"22,900",하락,200,-0.87%,500,"56,142","1,290",0,"34,816","1,090",41.49,"347,769","23,150",0,"8,925",-1.42,17.92,"23,300",0,"3,666",886,2.95,9.94,"22,750",0,"152,035","14,733",552,6.51,125,-0.85
115,SK바이오사이언스,"44,400",하락,500,-1.11%,500,"9,006",402,0,"34,796","-1,384",-72.31,"148,394","44,950",0,"28,436","-1,054.77",-3.07,"45,000",0,"8,211",-501,6.41,-2.13,"44,300",0,"78,369","2,675",-614,1.92,0,-27.59
116,SKC,"90,400",보합,0,0.00%,"5,000","19,292","1,761",0,"34,233","-2,768",-6.56,"231,285","91,000",0,"67,487",-29.53,-34.34,"92,200",0,"44,559","-4,551",14.54,-6.60,"90,400",0,"37,868","17,216","-13,786",2.73,N/A,15.27
117,LG이노텍,"143,000",하락,400,-0.28%,"5,000","11,770","1,682",0,"33,844","7,060",8.54,"159,448","144,100",0,"113,782",-15.02,8.92,"144,700",0,"60,243","4,493",22.94,3.98,"141,700",0,"23,667","212,008","16,750",0.63,"2,090",2.89
118,KODEX 종합채권(AA-이상)액티브,"118,450",하락,10,-0.01%,0,342,40,0,"33,501",N/A,N/A,"66,062","118,440",0,N/A,N/A,N/A,"118,450",0,N/A,N/A,0.00,N/A,"118,375",0,"28,283",N/A,N/A,N/A,N/A,N/A
119,두산로보틱스,"51,500",상승,600,+1.18%,500,"16,799",864,0,"33,382",-412,-77.44,"142,216","51,600",0,"4,217",-114.96,-8.69,"51,900",0,192,-366,2.20,-8.33,"51,100",0,"64,820",468,-665,8.49,N/A,-11.71
120,이수페타시스,"45,250",상승,950,+2.14%,"1,000","242,850","11,022",0,"33,218","1,019",31.67,"1,816,661","45,950",0,"7,901",63.87,24.92,"46,200",0,"4,626",740,14.04,10.45,"44,600",0,"73,409","8,369","1,429",8.42,143,23.92
121,현대엘리베이터,"84,800",상승,"1,000",+1.19%,"5,000","27,007","2,311",0,"33,150","2,257",15.86,"394,264","86,100",0,"35,738",173.22,14.42,"86,200",0,"22,315","1,939",27.93,5.46,"84,800",0,"39,092","28,853","5,347",2.68,"5,500",10.88
122,TIGER 미국테크TOP10 INDXX,"23,160",상승,30,+0.13%,0,"67,809","1,569",0,"31,324",N/A,N/A,"1,529,718","23,135",0,N/A,N/A,N/A,"23,190",0,N/A,N/A,0.64,N/A,"23,085",0,"135,250",N/A,N/A,N/A,N/A,N/A
123,롯데지주,"29,450",하락,350,-1.17%,200,"19,740",586,0,"30,896","3,405",-2.87,"558,127","29,900",0,"226,603",-31.04,-15.56,"29,950",0,"134,605","-9,461",7.63,-4.13,"29,300",0,"104,909","157,570","-10,260",0.34,"1,200",3.94
124,시프트업,"52,500",상승,200,+0.38%,200,"13,157",692,0,"30,860","1,527",19.32,"428,856","52,800",0,"8,038",37.47,31.30,"52,900",0,394,"1,480",37.38,29.37,"52,200",0,"58,782","2,241","2,717",3.88,0,32.91
125,대한전선,"16,280",상승,340,+2.13%,"1,000","359,935","5,842",0,"30,354","1,152",38.85,"2,631,375","16,390",0,"26,427",44.28,5.85,"16,400",0,"11,466",742,6.81,3.28,"16,030",0,"186,447","32,913",419,2.01,N/A,15.73
126,금호석유화학,"114,200",하락,900,-0.78%,"5,000","7,985",916,0,"30,217","2,728",9.39,"137,717","115,300",0,"83,402",-24.00,5.88,"115,800",0,"22,980","3,486",17.95,4.27,"114,000",0,"26,460","71,550","12,168",0.49,"2,200",13.17
127,풍산,"104,800",하락,"2,200",-2.06%,"5,000","115,891","12,071",0,"29,369","3,238",12.20,"1,043,067","102,700",0,"40,966",41.61,11.33,"106,300",0,"18,973","2,360",21.77,6.09,"102,000",0,"28,024","45,544","8,589",1.32,"2,600",10.40
128,에코프로머티,"41,900",하락,400,-0.95%,500,"38,192","1,613",0,"29,302",-647,-69.83,"386,606","42,700",0,"12,902",-837.74,-5.56,"42,900",0,"5,526",-427,22.46,-3.57,"41,750",0,"69,932","2,998",-600,4.00,0,-68.52
129,TIGER KOFR금리액티브(합성),"109,025",보합,0,0.00%,0,"3,281",357,0,"29,010",N/A,N/A,"70,585","109,025",0,N/A,N/A,N/A,"109,025",0,N/A,N/A,0.00,N/A,"109,020",0,"26,609",N/A,N/A,N/A,N/A,N/A
130,코스맥스,"255,500",하락,500,-0.20%,500,"4,018","1,029",0,"28,998","1,754",38.82,"120,992","257,000",0,"19,337",51.61,20.53,"259,000",0,"14,249",884,35.25,5.07,"253,500",0,"11,350","21,661","6,581",6.62,"2,300",21.86
131,한화생명,"3,335",상승,25,+0.76%,"5,000","152,427",509,0,"28,965","10,970",4.29,"2,226,352","3,330",0,"1,601,464",3.78,6.98,"3,370",0,"1,458,684","8,660",10.08,0.56,"3,310",0,"868,530","245,852",778,0.22,N/A,7.91
132,F&F,"75,500",하락,400,-0.53%,100,"4,382",329,0,"28,922","4,507",8.32,"49,894","74,900",0,"22,859",-18.32,25.27,"75,900",0,"7,086","3,560",11.26,16.59,"74,300",0,"38,307","18,960","9,076",1.80,"1,700",-4.17
133,서울보증보험,"41,100",상승,250,+0.61%,"2,500","9,928",406,0,"28,697","2,797",13.47,"211,193","40,500",0,"93,336",-46.64,4.12,"41,250",0,"41,581","2,133",1.13,2.31,"40,500",0,"69,822","27,513","3,052",0.57,"2,865",5.41
134,KCC,"317,500",하락,"1,000",-0.31%,"5,000",829,263,0,"28,215","4,711",-24.00,"37,297","318,500",0,"131,086",50.74,6.08,"320,000",0,"80,692","2,933",9.75,2.22,"317,000",0,"8,886","66,588","-13,230",0.37,"10,000",5.89
135,롯데케미칼,"64,200",하락,700,-1.08%,"5,000","6,199",397,0,"27,462","-8,941",-1.51,"94,211","64,300",0,"345,523",-157.14,-11.44,"65,100",0,"145,644","-18,256",20.78,-5.37,"63,600",0,"42,775","204,304","-42,451",0.19,"2,000",2.43
136,RISE 머니마켓액티브,"54,315",보합,0,0.00%,0,"11,698",635,0,"26,975",N/A,N/A,"333,731","54,315",0,N/A,N/A,N/A,"54,320",0,N/A,N/A,1.04,N/A,"54,315",0,"49,664",N/A,N/A,N/A,N/A,N/A
137,에스원,"70,800",하락,500,-0.70%,500,"3,114",218,0,"26,903","2,092",15.11,"50,343","69,900",0,"23,227",-1.58,10.85,"70,900",0,"6,620","1,767",56.08,7.85,"69,600",0,"37,999","28,047","4,687",1.49,"2,700",7.02
138,영원무역,"59,800",하락,500,-0.83%,500,"3,110",185,0,"26,498","3,156",6.15,"56,167","59,700",0,"53,897",-50.47,12.32,"60,200",0,"14,941","2,945",29.32,5.51,"59,300",0,"44,311","35,178","9,724",0.69,"1,400",-2.40
139,TIGER 200,"39,675",상승,155,+0.39%,0,"271,602","10,761",0,"26,443",N/A,N/A,"2,012,353","39,690",0,N/A,N/A,N/A,"39,715",0,N/A,N/A,10.19,N/A,"39,520",0,"66,650",N/A,N/A,N/A,N/A,N/A
140,동서,"26,250",하락,350,-1.32%,500,"7,991",210,0,"26,171",445,17.62,"75,862","26,400",0,"17,791",1.66,9.52,"26,500",0,697,"1,590",4.39,9.16,"26,100",0,"99,700","4,889","1,490",1.57,890,-0.17
141,한화비전,"51,800",상승,400,+0.78%,500,"41,981","2,175",0,"26,153",-1,81.57,"553,901","52,100",0,"15,911",N/A,N/A,"52,100",0,"7,664",32,20.27,N/A,"51,500",0,"50,488","4,933",635,3.15,N/A,N/A
142,KODEX 200TR,"14,130",상승,40,+0.28%,0,"56,451",797,0,"26,027",N/A,N/A,"713,928","14,125",0,N/A,N/A,N/A,"14,160",0,N/A,N/A,0.00,N/A,"14,095",0,"184,200",N/A,N/A,N/A,N/A,N/A
143,한화엔진,"30,700",상승,500,+1.66%,"1,000","185,429","5,653",0,"25,618",715,30.61,"1,688,956","30,350",0,"14,131",719.51,25.64,"30,900",0,"10,198",792,12.73,6.21,"29,800",0,"83,447","12,022","1,003",6.20,N/A,40.71
144,KODEX 미국나스닥100,"19,820",상승,40,+0.20%,0,"74,936","1,487",0,"25,588",N/A,N/A,"966,054","20,000",0,N/A,N/A,N/A,"20,000",0,N/A,N/A,0.12,N/A,"19,780",0,"129,100",N/A,N/A,N/A,N/A,N/A
145,한미사이언스,"36,850",하락,950,-2.51%,500,"16,227",605,0,"25,202",989,47.80,"299,339","37,600",0,"13,491",-20.57,7.30,"38,150",0,"5,104",567,1.97,4.40,"36,850",0,"68,392","12,834",771,2.94,300,2.85
146,TIGER 미국필라델피아반도체나스닥,"18,705",상승,300,+1.63%,0,"140,241","2,621",0,"25,121",N/A,N/A,"1,393,409","18,655",0,N/A,N/A,N/A,"18,725",0,N/A,N/A,1.13,N/A,"18,650",0,"134,300",N/A,N/A,N/A,N/A,N/A
147,한전KPS,"55,200",상승,"1,700",+3.18%,200,"113,831","6,338",0,"24,840","2,095",17.73,"1,612,986","55,600",0,"16,902",5.08,13.26,"56,500",0,"3,617","1,724",14.47,10.49,"55,100",0,"45,000","15,571","3,113",2.03,"2,469",1.52
148,산일전기,"79,300",상승,"3,900",+5.17%,500,"113,670","9,018",0,"24,143","1,092",24.67,"706,645","79,900",0,"4,927",134.38,29.88,"80,700",0,584,837,9.29,24.47,"78,100",0,"30,445","3,340","3,214",5.33,420,55.68
149,농심,"396,500",보합,0,0.00%,"5,000","1,450",575,0,"24,118","1,631",15.44,"37,998","397,500",0,"35,975",-23.10,6.17,"398,000",0,"9,249","1,576",17.49,4.61,"395,500",0,"6,083","34,387","25,679",0.85,"5,000",0.83
150,KODEX 레버리지,"21,020",상승,95,+0.45%,0,"3,185,667","66,995",0,"23,889",N/A,N/A,"24,213,396","21,075",0,N/A,N/A,N/A,"21,110",0,N/A,N/A,0.02,N/A,"20,905",0,"113,650",N/A,N/A,N/A,N/A,N/A
151,제일기획,"20,400",상승,100,+0.49%,200,"10,637",216,0,"23,468","3,207",12.15,"730,655","20,350",0,"33,066",4.29,15.12,"20,450",0,"18,325","2,083",24.46,6.73,"20,150",0,"115,041","43,443","1,679",1.49,"1,230",4.98
152,현대해상,"26,100",하락,250,-0.95%,500,"24,951",652,0,"23,333","12,441",3.43,"677,681","26,350",0,"485,238",67.33,15.75,"26,350",0,"437,804","8,505",35.33,1.84,"25,950",0,"89,400","173,245","7,619",0.51,N/A,8.86
153,이마트,"82,200",상승,100,+0.12%,"5,000","7,311",601,0,"22,684",471,-4.19,"229,888","82,100",0,"339,306",200.35,-5.40,"82,700",0,"207,466","-5,734",21.15,-1.70,"82,100",0,"27,596","290,209","-19,614",0.22,"2,000",-1.53
154,ACE 미국30년국채액티브(H),"7,595",하락,20,-0.26%,0,"118,988",903,0,"22,337",N/A,N/A,"2,659,578","7,590",0,N/A,N/A,N/A,"7,600",0,N/A,N/A,0.01,N/A,"7,590",0,"294,100",N/A,N/A,N/A,N/A,N/A
155,KODEX CD1년금리플러스액티브(합성),"1,023,165",상승,45,0.00%,0,195,199,0,"22,162",N/A,N/A,"18,009","1,023,165",0,N/A,N/A,N/A,"1,023,170",0,N/A,N/A,0.00,N/A,"1,023,165",0,"2,166",N/A,N/A,N/A,N/A,N/A
156,HD현대인프라코어,"11,500",상승,980,+9.32%,"1,000","1,741,962","19,936",0,"22,148","1,842",27.85,"1,578,315","10,880",0,"42,872",-55.97,5.92,"11,800",0,"24,400","1,084",14.78,2.49,"10,810",0,"192,591","41,142",413,1.17,70,-11.71
157,아모레퍼시픽홀딩스,"27,750",하락,150,-0.54%,500,"6,909",191,0,"22,050","2,493",9.86,"136,306","27,800",0,"85,405",64.00,7.57,"28,000",0,"15,488","6,529",9.77,8.07,"27,650",0,"79,458","42,599","2,813",0.74,330,5.93
158,DL이앤씨,"54,100",상승,"2,300",+4.44%,"5,000","81,850","4,420",0,"20,933","2,709",9.94,"499,065","53,900",0,"97,124",-18.06,4.77,"54,600",0,"48,667","2,292",31.05,2.41,"53,400",0,"38,694","83,184","5,440",0.47,540,4.10
159,팬오션,"3,900",하락,150,-3.70%,"1,000","285,864","1,120",0,"20,848","4,712",7.46,"3,744,722","3,960",0,"102,715",22.11,5.17,"3,965",0,"46,181","2,681",15.47,2.96,"3,895",0,"534,570","51,612",523,0.37,120,18.35
160,롯데쇼핑,"73,600",상승,200,+0.27%,"5,000","2,754",202,0,"20,821","4,731",-2.02,"76,063","73,500",0,"390,030",-6.94,-7.75,"74,400",0,"219,694","-9,941",8.09,-2.86,"73,400",0,"28,289","139,866","-36,401",0.14,"3,800",-3.91
161,한국콜마,"88,000",하락,"1,600",-1.79%,500,"14,253","1,260",0,"20,772","1,939",21.42,"122,336","89,500",0,"31,267",42.39,12.50,"89,500",0,"16,210","1,253",38.40,4.09,"87,800",0,"23,605","24,521","4,109",2.63,720,13.75
162,씨에스윈드,"49,250",하락,"1,250",-2.48%,500,"45,735","2,259",0,"20,769","2,555",7.52,"301,151","50,000",0,"36,095",145.19,13.92,"50,100",0,"24,092","1,437",12.36,4.44,"49,000",0,"42,171","30,725","6,546",1.68,"1,000",102.12
163,SK가스,"224,500",하락,"1,000",-0.44%,"5,000","2,034",452,0,"20,756","2,872",8.42,"46,377","222,000",0,"75,396",-5.41,6.74,"224,500",0,"48,013","1,778",7.44,2.61,"221,500",0,"9,245","70,959","26,657",0.73,"8,000",1.48
164,ACE 미국S&P500,"20,530",하락,5,-0.02%,0,"14,785",303,0,"20,653",N/A,N/A,"463,063","20,535",0,N/A,N/A,N/A,"20,545",0,N/A,N/A,0.13,N/A,"20,495",0,"100,600",N/A,N/A,N/A,N/A,N/A
165,GS건설,"23,950",상승,150,+0.63%,"5,000","49,275","1,188",0,"20,497","2,860",14.75,"596,110","24,250",0,"178,033",173.71,5.63,"24,350",0,"127,162","2,639",22.54,1.49,"23,950",0,"85,581","128,638","1,624",0.45,300,-4.26
166,한온시스템,"3,015",상승,15,+0.50%,100,"41,529",124,0,"20,465",955,-4.37,"1,264,174","3,000",0,"106,203",-66.31,-13.90,"3,025",0,"76,215","-3,586",4.84,-3.61,"3,000",0,"678,763","99,987",-690,0.71,N/A,5.01
167,TIGER 미국배당다우존스,"11,585",하락,55,-0.47%,0,"53,812",623,0,"20,448",N/A,N/A,"949,107","11,590",0,N/A,N/A,N/A,"11,605",0,N/A,N/A,0.00,N/A,"11,570",0,"176,500",N/A,N/A,N/A,N/A,N/A
168,BGF리테일,"116,800",하락,600,-0.51%,"1,000","4,373",510,0,"20,188","2,516",10.90,"53,729","116,300",0,"34,026",-0.61,17.29,"116,900",0,"22,185","1,952",27.46,5.90,"116,200",0,"17,284","86,988","10,714",1.79,"4,100",6.15
169,미스토홀딩스,"33,500",상승,150,+0.45%,"1,000","7,967",264,0,"20,132","3,608",21.43,"206,685","33,000",0,"55,364",18.88,4.30,"33,500",0,"28,001","2,077",39.50,3.95,"32,950",0,"60,096","42,687","1,563",0.97,"1,200",6.54
170,달바글로벌,"164,000",상승,"1,400",+0.86%,100,"16,077","2,640",0,"19,837",598,114.93,"236,906","163,200",0,"1,361",84.44,26.21,"166,000",0,340,154,3.38,14.39,"162,500",0,"12,096","3,091","1,427",18.44,305,53.91
171,아시아나항공,"9,590",상승,120,+1.27%,"5,000","3,072",29,0,"19,754","2,757",-8.72,"104,843","9,570",0,"134,499",-55.53,-53.21,"9,670",0,"124,468","-4,130",2.71,-3.12,"9,550",0,"205,991","83,186","-1,100",1.94,N/A,9.12
172,iM금융지주,"11,870",상승,50,+0.42%,"5,000","28,069",332,0,"19,751","2,634",7.78,"440,007","11,790",0,"941,486",-50.69,3.60,"11,920",0,"879,429","2,016",43.54,0.22,"11,760",0,"166,393","80,505","1,525",0.33,500,-2.58
173,신영증권,"119,800",상승,"2,600",+2.22%,"5,000","12,127","1,440",0,"19,695","1,361",18.13,"51,158","118,600",0,"103,796",-20.09,6.45,"120,000",0,"85,469","1,123",7.07,1.04,"118,000",0,"16,440","24,664","6,607",0.53,"5,000",-10.78
174,코리안리,"10,080",하락,70,-0.69%,500,"8,579",86,0,"19,638","4,054",5.55,"562,075","10,230",0,"131,604",11.48,9.45,"10,230",0,"97,075","3,167",27.68,2.51,"10,050",0,"194,821","69,579","1,816",0.52,515,-0.08
175,호텔신라,"50,000",하락,200,-0.40%,"5,000","14,563",731,0,"19,624",-52,-30.27,"116,563","50,500",0,"38,139",-105.68,-6.50,"50,500",0,"25,295",-615,12.77,-1.80,"50,000",0,"39,248","39,476","-1,652",1.48,N/A,10.62
176,DB하이텍,"43,850",하락,100,-0.23%,"5,000","16,845",740,0,"19,469","1,908",8.42,"124,782","44,250",0,"23,969",-28.10,12.44,"44,350",0,"3,962","2,294",26.60,10.33,"43,550",0,"44,399","11,312","5,205",0.93,"1,230",-2.00
177,더존비즈온,"63,800",상승,"1,000",+1.59%,500,"32,992","2,109",0,"19,384",881,36.09,"204,801","64,700",0,"10,376",27.50,12.17,"64,800",0,"4,828",780,12.57,8.12,"63,200",0,"30,383","4,023","1,768",3.49,477,13.79
178,동원산업,"48,800",상승,"1,400",+2.95%,"1,000","5,355",259,0,"19,337","5,013",27.26,"47,273","48,150",0,"71,582",7.87,2.74,"48,800",0,"39,118","1,136",2.04,1.53,"47,950",0,"39,624","89,442","1,790",0.69,"1,000",-0.05
179,CJ대한통운,"84,500",상승,200,+0.24%,"5,000","5,360",453,0,"19,276","5,307",8.20,"60,652","84,800",0,"97,439",10.50,6.58,"85,000",0,"55,183","2,683",13.58,2.81,"84,300",0,"22,812","121,168","10,305",0.43,800,2.97
180,대우건설,"4,575",하락,35,-0.76%,"5,000","265,101","1,222",0,"19,015","4,031",9.43,"3,586,323","4,680",0,"126,585",-39.15,5.62,"4,680",0,"83,244","2,428",11.51,2.03,"4,550",0,"415,623","105,036",485,0.43,N/A,-9.82
181,KODEX 코스닥150레버리지,"7,865",하락,55,-0.69%,0,"3,798,205","30,009",0,"18,506",N/A,N/A,"33,331,313","7,950",0,N/A,N/A,N/A,"7,965",0,N/A,N/A,0.29,N/A,"7,820",0,"235,300",N/A,N/A,N/A,N/A,N/A
182,두산우,"454,500",상승,"8,000",+1.79%,"5,000","8,895","4,068",0,"18,164",N/A,-46.90,"72,130","460,000",0,N/A,N/A,N/A,"462,500",0,N/A,N/A,1.32,N/A,"451,000",0,"3,996",N/A,"-9,690",5.42,N/A,N/A
183,SNT다이내믹스,"54,600",하락,"1,400",-2.50%,"2,500","5,038",276,0,"18,156","1,105",17.97,"104,265","55,100",0,"10,341",165.67,12.90,"55,100",0,"2,437",961,8.13,9.20,"54,400",0,"33,253","6,145","3,038",1.56,"1,300",26.44
184,영원무역홀딩스,"134,200",하락,"2,500",-1.83%,500,"2,045",278,0,"18,116","5,170",5.52,"26,757","138,000",0,"65,767",-40.75,13.17,"138,000",0,"15,896","4,956",20.34,7.65,"133,800",0,"13,499","43,060","24,299",0.57,"5,350",-1.14
185,대웅제약,"156,200",하락,"1,700",-1.08%,"2,500","2,032",319,0,"18,098","1,479",47.03,"22,076","157,800",0,"19,770",20.68,3.17,"158,100",0,"10,500",233,9.01,1.25,"156,100",0,"11,587","14,227","3,321",2.23,600,3.44
186,한국앤컴퍼니,"18,950",상승,130,+0.69%,500,"9,371",177,0,"17,990","4,183",5.11,"145,001","18,800",0,"51,364",63.03,8.28,"19,220",0,"6,836","3,507",10.18,7.17,"18,720",0,"94,935","13,910","3,709",0.40,"1,000",27.65
187,엘앤에프,"48,450",상승,250,+0.52%,500,"29,012","1,405",0,"17,595","-5,587",-4.66,"442,474","48,750",0,"27,998",-151.32,-41.74,"49,350",0,"20,765","-3,807",16.25,-12.38,"47,950",0,"36,316","19,075","-10,395",2.71,0,-58.93
188,TIGER 25-10 회사채(A+이상)액티브,"55,045",상승,10,+0.02%,0,"12,753",701,0,"17,371",N/A,N/A,"124,553","55,040",0,N/A,N/A,N/A,"55,045",0,N/A,N/A,0.12,N/A,"55,040",0,"31,558",N/A,N/A,N/A,N/A,N/A
189,HD현대마린엔진,"51,000",상승,"1,650",+3.34%,"2,500","59,963","3,004",0,"17,300",332,19.78,"597,390","49,800",0,"4,950",80.60,28.34,"51,300",0,"1,856",758,14.51,15.97,"49,250",0,"33,921","3,158","2,579",5.29,N/A,29.23
190,HDC현대산업개발,"26,050",상승,500,+1.96%,"5,000","9,886",257,0,"17,169","1,846",9.57,"270,891","26,300",0,"74,619",-5.47,5.09,"26,300",0,"43,473","1,557",13.33,2.15,"25,800",0,"65,907","42,562","2,722",0.53,700,1.56
191,한솔케미칼,"150,300",상승,900,+0.60%,"5,000","3,804",570,0,"17,037","1,288",13.38,"38,007","151,100",0,"14,647",3.77,13.48,"151,700",0,"3,932","1,249",32.08,8.87,"148,200",0,"11,335","7,764","11,232",1.68,"2,100",0.61
192,신세계,"170,500",하락,100,-0.06%,"5,000",841,143,0,"16,445","4,770",26.84,"27,338","170,000",0,"150,718",-25.44,2.54,"171,200",0,"86,971","1,866",11.90,1.25,"170,000",0,"9,645","65,704","6,353",0.35,"4,500",3.36
193,SK아이이테크놀로지,"22,500",하락,150,-0.66%,"1,000","10,514",236,0,"16,042","-2,910",-7.80,"80,042","22,650",0,"41,501",-680.51,-10.41,"22,800",0,"18,256","-2,466",6.50,-5.99,"22,300",0,"71,298","2,179","-2,886",0.67,N/A,-66.40
194,KODEX 단기채권PLUS,"114,765",보합,0,0.00%,0,"1,900",218,0,"15,803",N/A,N/A,"120,072","114,770",0,N/A,N/A,N/A,"114,770",0,N/A,N/A,0.00,N/A,"114,765",0,"13,770",N/A,N/A,N/A,N/A,N/A
195,현대백화점,"69,700",상승,400,+0.58%,"5,000","3,108",215,0,"15,772","2,840",-44.31,"101,155","68,800",0,"112,177",-6.40,-0.81,"70,300",0,"49,833",-8,22.91,-0.01,"68,800",0,"22,629","41,876","-1,573",0.34,"1,400",-0.47
196,일진전기,"33,050",상승,700,+2.16%,"1,000","113,246","3,739",0,"15,760",797,27.91,"910,679","33,300",0,"12,490",31.25,10.60,"33,350",0,"7,487",462,7.17,4.24,"32,700",0,"47,685","15,772","1,184",3.10,300,26.51
197,오뚜기,"393,000",하락,"1,000",-0.25%,"5,000",249,98,0,"15,751","2,220",12.87,"5,280","393,500",0,"35,974",-12.90,6.86,"395,000",0,"14,159","1,376",11.85,3.88,"393,000",0,"4,008","35,391","30,537",0.66,"9,000",2.45
198,TIGER 차이나전기차SOLACTIVE,"9,030",하락,30,-0.33%,0,"32,451",293,0,"15,557",N/A,N/A,"672,871","9,045",0,N/A,N/A,N/A,"9,045",0,N/A,N/A,0.40,N/A,"9,030",0,"172,280",N/A,N/A,N/A,N/A,N/A
199,HL만도,"33,050",보합,0,0.00%,"1,000","13,713",453,0,"15,519","3,588",85.18,"335,372","33,150",0,"70,520",28.46,5.47,"33,200",0,"43,793","1,582",26.11,2.37,"32,900",0,"46,957","88,482",388,0.64,700,5.42
200,RISE 종합채권(A-이상)액티브,"110,015",상승,190,+0.17%,0,3,0,0,"15,261",N/A,N/A,"9,498","110,015",0,N/A,N/A,N/A,"110,015",0,N/A,N/A,0.00,N/A,"110,015",0,"13,872",N/A,N/A,N/A,N/A,N/A
201,ACE 미국나스닥100,"22,675",상승,55,+0.24%,0,"13,059",296,0,"15,260",N/A,N/A,"245,317","22,620",0,N/A,N/A,N/A,"22,800",0,N/A,N/A,0.04,N/A,"22,620",0,"67,300",N/A,N/A,N/A,N/A,N/A
202,녹십자,"129,300",하락,"2,200",-1.67%,"5,000","4,701",610,0,"15,111",321,52.60,"36,553","131,000",0,"27,439",-6.76,-2.06,"131,000",0,"12,629",-426,19.33,-1.58,"129,200",0,"11,687","16,799","2,458",1.18,"1,500",3.27
203,대웅,"25,800",하락,300,-1.15%,500,"7,071",181,0,"15,001","2,819",23.82,"90,775","25,650",0,"27,207",44.12,5.99,"26,050",0,"12,182",689,5.58,2.71,"25,300",0,"58,142","19,369","1,083",1.04,200,6.79
204,다우기술,"32,850",하락,150,-0.45%,500,"47,351","1,577",0,"14,739","11,747",4.15,"508,676","33,800",0,"571,479",83.58,13.16,"33,850",0,"508,554","8,528",24.32,1.54,"32,750",0,"44,867","116,258","7,909",0.48,"1,400",17.97
205,에스엘,"31,400",상승,150,+0.48%,500,"7,007",218,0,"14,585","3,952",4.15,"120,674","31,300",0,"36,989",2.33,17.42,"31,400",0,"13,016","3,820",16.04,11.02,"31,050",0,"46,449","49,733","7,575",0.62,"1,200",2.78
206,한화투자증권,"6,700",상승,490,+7.89%,"5,000","2,115,041","14,396",0,"14,375",40,"-2,233.33","4,018,430","6,800",0,"140,181",-87.39,2.37,"6,980",0,"123,119",389,8.05,0.29,"6,620",0,"214,548","24,958",-3,0.84,N/A,26.75
207,TIGER MSCI Korea TR,"16,360",상승,90,+0.55%,0,"1,954",31,0,"14,233",N/A,N/A,"19,988","16,315",0,N/A,N/A,N/A,"16,380",0,N/A,N/A,0.00,N/A,"16,310",0,"87,000",N/A,N/A,N/A,N/A,N/A
208,하이트진로,"20,100",상승,220,+1.11%,"5,000","12,796",256,0,"14,097","2,081",13.31,"118,816","20,000",0,"34,415",67.97,8.63,"20,100",0,"22,920",957,9.27,2.82,"19,990",0,"70,134","25,992","1,510",1.25,700,3.14
209,TIGER 25-12 금융채(AA-이상),"51,275",보합,0,0.00%,0,0,0,0,"14,082",N/A,N/A,"5,133","51,275",0,N/A,N/A,N/A,"51,275",0,N/A,N/A,0.00,N/A,"51,275",0,"27,464",N/A,N/A,N/A,N/A,N/A
210,OCI홀딩스,"74,700",하락,"4,000",-5.08%,"5,000","18,733","1,416",0,"14,055","1,015",-18.15,"97,778","77,100",0,"80,937",-80.89,2.54,"77,100",0,"32,581","1,137",17.06,1.62,"74,500",0,"18,815","35,774","-4,116",0.35,"2,200",35.01
211,KODEX 200선물인버스2X,"1,577",하락,6,-0.38%,0,"30,616,397","48,198",0,"13,882",N/A,N/A,"319,491,766","1,570",0,N/A,N/A,N/A,"40,000",0,N/A,N/A,0.02,N/A,"39,820",0,"34,750",N/A,N/A,N/A,N/A,N/A
212,RISE 200,"39,945",상승,140,+0.35%,0,"67,862","2,707",0,"13,881",N/A,N/A,"846,107","39,930",0,N/A,N/A,N/A,"1,585",0,N/A,N/A,0.96,N/A,"1,566",0,"880,300",N/A,N/A,N/A,N/A,N/A
213,에스디바이오센서,"11,300",상승,50,+0.44%,500,"11,144",125,0,"13,758",-541,-13.25,"151,317","11,200",0,"38,885",78.21,-3.43,"11,330",0,"9,562",-981,6.39,-2.56,"11,200",0,"121,749","6,946",-853,0.47,200,5.93
214,오리온홀딩스,"21,950",하락,50,-0.23%,500,"18,871",416,0,"13,751","5,062",9.01,"225,858","22,300",0,"59,332",24.86,7.03,"22,350",0,"10,545","4,795",11.25,8.66,"21,850",0,"62,645","31,952","2,436",0.55,800,8.17
215,GS리테일,"16,270",하락,40,-0.25%,"1,000","17,209",281,0,"13,603","2,391",-60.26,"309,265","16,440",0,"75,816",-18.05,0.07,"16,460",0,"44,001",98,8.92,0.11,"16,230",0,"83,607","116,269",-270,0.43,500,4.43
216,HDC,"22,700",상승,100,+0.44%,"5,000","9,723",219,0,"13,561","3,447",7.04,"255,432","22,450",0,"123,983",10.25,5.65,"23,000",0,"72,995","2,603",20.98,2.18,"22,450",0,"59,742","62,003","3,226",0.42,350,4.94
217,한올바이오파마,"25,700",하락,350,-1.34%,500,"12,480",321,0,"13,426",2,-803.12,"153,589","25,900",0,"2,129",-89.58,-1.02,"25,950",0,445,-18,7.83,-0.80,"25,550",0,"52,241","1,389",-32,8.19,N/A,2.99
218,DN오토모티브,"22,750",상승,200,+0.89%,100,"5,777",130,0,"13,311","5,229",4.34,"111,309","22,550",0,"50,060",6.63,19.78,"22,850",0,"28,353","3,182",4.57,6.65,"22,500",0,"58,511","34,345","5,240",0.65,"1,000",5.06
219,KODEX 삼성그룹,"9,285",상승,15,+0.16%,0,"30,928",287,0,"13,259",N/A,N/A,"416,824","9,275",0,N/A,N/A,N/A,"9,320",0,N/A,N/A,12.91,N/A,"9,270",0,"142,800",N/A,N/A,N/A,N/A,N/A
220,HD현대건설기계,"74,000",상승,"2,600",+3.64%,"5,000","50,365","3,726",0,"13,070","1,904",16.66,"69,604","72,000",0,"33,246",-25.97,6.18,"74,900",0,"15,308",860,17.80,2.60,"71,600",0,"17,662","34,381","4,443",0.77,500,-10.12
221,현대지에프홀딩스,"8,380",상승,90,+1.09%,500,"19,515",164,0,"13,065","1,981",1.60,"489,547","8,470",0,"100,849","1,895.39",23.02,"8,500",0,"30,927","7,920",5.09,10.46,"8,350",0,"155,904","74,093","5,233",0.37,210,181.78
222,ACE KRX금현물,"20,920",하락,150,-0.71%,0,"126,952","2,651",0,"13,033",N/A,N/A,"1,468,921","20,965",0,N/A,N/A,N/A,"20,980",0,N/A,N/A,0.67,N/A,"20,835",0,"62,300",N/A,N/A,N/A,N/A,N/A
223,한일시멘트,"18,750",상승,180,+0.97%,500,"4,668",86,0,"12,987","2,714",9.26,"67,523","18,500",0,"29,883",10.09,11.13,"18,750",0,"11,495","1,990",4.69,6.80,"18,420",0,"69,262","17,417","2,025",0.78,"1,000",-3.21
224,KODEX 코스닥150,"12,520",하락,45,-0.36%,0,"494,070","6,195",0,"12,983",N/A,N/A,"11,026,181","12,575",0,N/A,N/A,N/A,"12,585",0,N/A,N/A,0.79,N/A,"12,485",0,"103,700",N/A,N/A,N/A,N/A,N/A
225,메리츠 KIS CD금리투자 ETN,"53,950",보합,0,0.00%,0,0,0,0,"12,867",N/A,N/A,0,"53,950",0,N/A,N/A,N/A,"53,950",0,N/A,N/A,0.00,N/A,"53,950",0,"23,850",N/A,N/A,N/A,N/A,N/A
226,SK리츠,"4,655",하락,45,-0.96%,500,"13,960",64,0,"12,857",362,"1,163.75","689,124","4,675",0,"44,213",2.31,0.08,"4,680",0,"31,567",22,7.74,0.05,"4,615",0,"276,189",534,4,1.09,N/A,2.28
227,파라다이스,"13,910",상승,190,+1.38%,500,"25,475",352,0,"12,765","1,361",15.81,"289,590","13,830",0,"39,338",-6.67,4.97,"13,940",0,"18,586","1,107",5.41,2.93,"13,750",0,"91,772","10,721",880,0.73,150,7.84
228,대신증권,"25,100",상승,300,+1.21%,"5,000","27,181",687,0,"12,744",836,13.58,"343,391","25,350",0,"263,961",-48.18,4.57,"25,500",0,"230,807","1,442",9.95,0.59,"25,050",0,"50,773","40,939","1,848",0.55,"1,200",6.21
229,TIGER 미국30년국채커버드콜액티브(H),"7,930",하락,35,-0.44%,0,"107,880",855,0,"12,648",N/A,N/A,"1,661,178","7,930",0,N/A,N/A,N/A,"7,935",0,N/A,N/A,0.02,N/A,"19,220",0,"65,494","4,118",-249,3.24,N/A,N/A
230,두산퓨얼셀,"19,250",상승,60,+0.31%,100,"28,204",545,0,"12,608",-17,-77.31,"553,067","19,500",0,"11,797",N/A,N/A,"24,350",0,"4,047",203,11.58,2.43,"7,920",0,"159,500",N/A,N/A,N/A,N/A,N/A
231,한국카본,"24,250",상승,300,+1.25%,500,"36,089",868,0,"12,588",454,29.86,"740,709","24,250",0,"8,790",176.01,4.38,"19,510",0,"6,808",-105,10.64,N/A,"23,800",0,"51,908","7,417",812,2.45,130,24.79
232,금호타이어,"4,375",하락,25,-0.57%,"5,000","30,848",135,0,"12,568","5,886",3.76,"357,602","4,385",0,"53,628",43.21,21.77,"4,390",0,"34,580","3,516",8.49,6.90,"4,365",0,"287,260","45,322","1,163",0.70,N/A,12.14
233,엠앤씨솔루션,"137,000",하락,"2,200",-1.58%,100,"4,016",547,0,"12,541",348,40.77,"102,153","137,500",0,"3,571",68.59,21.82,"137,600",0,"1,917",270,5.68,7.86,"135,100",0,"9,154","2,828","3,360",7.85,"1,480",54.16
234,현대위아,"45,600",하락,400,-0.87%,"5,000","6,492",297,0,"12,401","2,188",6.87,"72,916","45,850",0,"70,760",-6.01,3.45,"46,200",0,"30,497","1,295",15.09,1.86,"45,600",0,"27,195","81,809","6,638",0.34,"1,100",0.19
235,롯데렌탈,"33,900",하락,200,-0.59%,"5,000","1,330",44,0,"12,309","2,848",10.31,"40,299","34,150",0,"70,066",-6.68,7.51,"34,150",0,"55,380","1,027",6.65,1.50,"33,700",0,"36,309","27,924","3,288",0.84,"1,200",1.46
236,태광산업,"1,089,000",상승,"28,000",+2.64%,"5,000",88,94,0,"12,125",-272,4.83,"3,048","1,059,000",0,"47,223",72.66,5.45,"1,089,000",0,"7,067","2,184",5.04,4.62,"1,058,000",0,"1,113","21,219","225,266",0.23,"1,750",-6.34
237,이수스페셜티케미컬,"39,000",하락,150,-0.38%,"1,000","19,958",780,0,"11,781",142,81.08,"339,753","39,150",0,"2,995",332.14,9.70,"39,450",0,"1,779",105,5.00,4.06,"38,550",0,"30,208","3,321",481,9.35,N/A,182.54
238,LX인터내셔널,"30,250",하락,250,-0.82%,"5,000","13,627",414,0,"11,725","4,892",6.00,"669,470","30,550",0,"89,309",12.95,7.12,"30,800",0,"56,113","2,695",22.83,3.18,"30,100",0,"38,760","166,376","5,044",0.41,"2,000",14.63
239,SK오션플랜트,"19,650",하락,250,-1.26%,500,"58,239","1,143",0,"11,632",418,69.68,"487,562","19,900",0,"14,219",-44.72,2.34,"19,900",0,"7,084",169,4.43,1.18,"19,470",0,"59,196","6,626",282,1.63,0,-28.43
240,미래에셋생명,"6,560",상승,80,+1.23%,"5,000","10,816",70,0,"11,612","1,221",11.08,"194,205","6,530",0,"324,936",-17.88,4.88,"6,580",0,"299,300","1,361",1.19,0.42,"6,440",0,"177,016","47,961",592,0.35,N/A,-5.09
241,종근당,"83,900",하락,600,-0.71%,"2,500","1,516",127,0,"11,581",995,12.15,"27,460","84,100",0,"14,588",-59.67,12.76,"84,900",0,"5,624","1,114",14.84,7.79,"83,900",0,"13,803","15,864","6,903",1.24,"1,050",-4.97
242,효성,"68,900",상승,"1,000",+1.47%,"5,000","10,687",741,0,"11,534","2,211",2.37,"91,825","70,000",0,"43,409",283.53,19.62,"70,100",0,"18,364","4,843",8.34,10.27,"68,000",0,"16,740","22,728","29,071",0.53,"3,000",23.04
243,롯데에너지머티리얼즈,"22,000",하락,200,-0.90%,500,"7,320",161,0,"11,520",-644,-26.10,"169,411","22,200",0,"22,820",-645.89,0.46,"22,350",0,"3,801",288,7.51,1.23,"21,850",0,"52,365","9,023",-843,0.66,N/A,11.53
244,미래에셋증권2우B,"8,300",상승,40,+0.48%,"5,000","236,798","1,989",0,"11,412",N/A,6.09,"2,469,719","8,410",0,N/A,N/A,N/A,"8,540",0,N/A,N/A,9.21,N/A,"8,280",0,"137,500",N/A,"1,364",0.40,N/A,N/A
245,TIGER 머니마켓액티브,"100,530",상승,5,0.00%,0,348,34,0,"11,399",N/A,N/A,"32,620","100,530",0,N/A,N/A,N/A,"100,532",0,N/A,N/A,0.00,N/A,"100,530",0,"11,339",N/A,N/A,N/A,N/A,N/A
246,쿠쿠홀딩스,"31,850",하락,150,-0.47%,100,"2,323",73,0,"11,327","1,032",8.22,"60,238","32,500",0,"13,699",19.16,12.08,"32,500",0,"1,735","1,370",11.94,10.47,"30,050",0,"35,562","8,338","3,873",0.83,"1,200",7.97
247,롯데관광개발,"14,590",상승,210,+1.46%,500,"74,004","1,075",0,"11,169",390,-10.92,"1,066,428","14,380",0,"21,666",164.36,-60.42,"14,700",0,"18,536","-1,166",6.69,-5.93,"14,380",0,"76,553","4,715","-1,336",3.79,0,50.37
248,롯데웰푸드,"119,800",하락,900,-0.75%,500,252,30,0,"11,147","1,571",13.03,"14,048","119,500",0,"43,417",-11.25,4.04,"120,600",0,"21,153",820,13.09,1.92,"119,300",0,"9,305","40,443","9,197",0.49,"3,300",-0.54
249,더블유게임즈,"51,800",하락,600,-1.15%,500,"2,000",103,0,"11,135","2,487",6.39,"89,920","51,700",0,"16,463",16.62,18.69,"52,200",0,899,"2,433",17.24,16.58,"51,500",0,"21,496","6,335","8,108",0.90,"1,200",8.78
250,롯데칠성,"119,100",보합,0,0.00%,500,"1,088",128,0,"11,051","1,849",24.67,"25,464","118,000",0,"43,725",-12.22,3.99,"119,400",0,"27,941",600,11.43,1.39,"117,500",0,"9,279","40,245","4,828",0.82,"3,400",24.80
251,동양생명,"6,840",하락,60,-0.87%,"5,000","7,355",50,0,"11,037","3,681",3.97,"267,143","6,910",0,"345,472",25.08,12.91,"6,970",0,"325,805","3,143",81.40,0.93,"6,830",0,"161,359","34,994","1,722",0.75,N/A,7.65
252,ACE 테슬라밸류체인액티브,"14,530",하락,145,-0.99%,0,"115,645","1,676",0,"11,036",N/A,N/A,"2,717,290","14,450",0,N/A,N/A,N/A,"14,535",0,N/A,N/A,0.28,N/A,"14,440",0,"75,950",N/A,N/A,N/A,N/A,N/A
253,가온전선,"66,200",상승,"1,000",+1.53%,"5,000","11,158",734,0,"10,952",450,19.83,"124,903","66,600",0,"10,429",2.96,6.46,"36,200",0,"2,917",353,3.43,7.88,"34,500",0,"30,625","8,690","1,151",5.78,200,18.86
254,LS에코에너지,"35,750",상승,300,+0.85%,500,"19,656",701,0,"10,948",448,31.06,"138,022","36,200",0,"4,887",51.81,19.00,"66,600",0,"5,892",254,3.12,2.75,"64,600",0,"16,543","17,271","3,339",2.53,N/A,15.25
255,효성티앤씨,"250,500",하락,"2,500",-0.99%,"5,000",964,242,0,"10,841","2,707",9.91,"9,486","252,500",0,"47,242",26.87,9.84,"253,500",0,"29,042","1,838",17.47,4.18,"249,000",0,"4,328","77,761","25,287",0.75,"10,000",3.31
256,롯데리츠,"3,655",상승,5,+0.14%,500,"16,076",58,0,"10,562",420,43.00,"936,742","3,670",0,"26,236",16.25,0.95,"3,670",0,"14,542",106,7.64,0.43,"3,640",0,"288,969",656,85,0.92,112,10.46
257,한샘,"44,675",상승,125,+0.28%,"1,000","1,772",79,0,"10,514",312,9.37,"28,026","44,500",0,"10,673","1,504.29",43.59,"45,000",0,"7,166","1,511",13.71,14.27,"44,400",0,"23,534","19,084","4,768",2.06,"8,530",-2.98
258,TIGER 차이나항셍테크,"7,965",상승,45,+0.57%,0,"117,436",934,0,"10,490",N/A,N/A,"1,398,604","7,945",0,N/A,N/A,N/A,"7,970",0,N/A,N/A,0.49,N/A,"7,935",0,"131,700",N/A,N/A,N/A,N/A,N/A
259,경동나비엔,"72,000",상승,100,+0.14%,"1,000","1,053",75,0,"10,489","1,326",8.03,"26,510","72,100",0,"13,589",25.18,19.43,"72,500",0,"6,635","1,243",10.76,10.28,"71,900",0,"14,569","13,539","8,968",1.44,650,12.42
260,코스모신소재,"32,100",보합,0,0.00%,"1,000","29,630",954,0,"10,436",250,69.78,"319,825","32,250",0,"7,845",-22.65,3.62,"32,650",0,"2,890",176,9.26,2.42,"31,850",0,"32,511","5,697",460,2.10,N/A,-9.51
261,RISE CD금리액티브(합성),"104,055",상승,5,0.00%,0,956,99,0,"10,358",N/A,N/A,"3,075","104,060",0,N/A,N/A,N/A,"104,060",0,N/A,N/A,0.00,N/A,"104,055",0,"9,954",N/A,N/A,N/A,N/A,N/A
262,PLUS K방산,"50,865",하락,385,-0.75%,0,"308,128","15,650",0,"10,351",N/A,N/A,"3,250,904","50,755",0,N/A,N/A,N/A,"51,255",0,N/A,N/A,0.48,N/A,"49,865",0,"20,350",N/A,N/A,N/A,N/A,N/A
263,SOL 조선TOP3플러스,"27,790",상승,790,+2.93%,0,"846,117","23,199",0,"10,282",N/A,N/A,"3,700,374","27,230",0,N/A,N/A,N/A,"27,805",0,N/A,N/A,0.37,N/A,"27,110",0,"37,000",N/A,N/A,N/A,N/A,N/A
264,STX엔진,"25,400",상승,50,+0.20%,"2,500","34,437",868,0,"10,198",422,20.02,"478,725","25,300",0,"9,688",123.85,10.15,"25,400",0,"6,922",272,3.05,2.91,"24,950",0,"40,148","7,246","1,269",3.59,0,14.95
265,삼성화재우,"324,500",하락,500,-0.15%,500,"1,007",327,0,"10,058",N/A,8.28,"12,094","325,000",0,N/A,N/A,N/A,"327,000",0,N/A,N/A,29.02,N/A,"323,000",0,"3,100",N/A,"39,171",0.90,N/A,N/A
266,TIGER CD1년금리액티브(합성),"1,046,450",상승,65,+0.01%,0,727,760,0,"9,993",N/A,N/A,"11,492","1,046,450",0,N/A,N/A,N/A,"1,046,455",0,N/A,N/A,0.00,N/A,"1,046,450",0,955,N/A,N/A,N/A,N/A,N/A
267,SK디스커버리,"54,400",상승,200,+0.37%,"5,000","3,828",208,0,"9,981","1,726",13.48,"65,613","54,400",0,"150,777",-32.78,0.88,"54,900",0,"86,243",319,14.45,0.23,"54,200",0,"18,348","90,396","4,037",0.36,"1,700",1.12
268,SK케미칼,"57,700",하락,400,-0.69%,"5,000","3,190",184,0,"9,955",-452,33.96,"64,184","57,800",0,"53,670",-154.23,0.41,"58,300",0,"23,341",-44,11.26,-0.09,"57,600",0,"17,254","17,368","1,699",0.50,"1,150",-0.69
269,KODEX 25-12 은행채(AAA)액티브,"102,835",상승,10,+0.01%,0,26,2,0,"9,949",N/A,N/A,551,"102,835",0,N/A,N/A,N/A,"102,835",0,N/A,N/A,0.00,N/A,"102,835",0,"9,675",N/A,N/A,N/A,N/A,N/A
270,LX세미콘,"61,000",상승,400,+0.66%,500,"3,704",224,0,"9,921","1,671",7.31,"22,420","60,300",0,"14,998",29.48,12.69,"61,200",0,"4,202","1,305",31.09,9.65,"8,560",0,"113,963","31,663","1,206",0.48,500,-15.41
271,KB발해인프라,"8,080",상승,40,+0.50%,0,15,0,0,"9,902",N/A,N/A,"232,323","8,060",0,N/A,N/A,N/A,"8,100",0,N/A,N/A,0.18,N/A,"60,300",0,"16,264","18,656","8,349",0.91,"2,400",-1.88
272,하나 CD금리투자 ETN,"104,165",보합,0,0.00%,0,0,0,0,"9,896",N/A,N/A,"34,481","104,165",0,N/A,N/A,N/A,"104,165",0,N/A,N/A,0.00,N/A,"8,060",0,"122,546",N/A,N/A,N/A,N/A,N/A
273,PLUS 고배당주,"18,625",상승,80,+0.43%,0,"236,913","4,408",0,"9,868",N/A,N/A,"1,347,508","18,575",0,N/A,N/A,N/A,"18,675",0,N/A,N/A,0.12,N/A,"104,165",0,"9,500",N/A,N/A,N/A,N/A,N/A
274,교보증권,"8,640",상승,260,+3.10%,"5,000","118,392","1,026",0,"9,846","1,139",7.16,"261,148","8,650",0,"158,983",62.11,6.09,"8,950",0,"139,126","1,177",1.69,0.75,"18,550",0,"52,980",N/A,N/A,N/A,N/A,N/A
275,롯데정밀화학,"37,750",하락,450,-1.18%,"5,000","3,798",143,0,"9,740",504,-52.21,"34,357","38,000",0,"27,139",-67.46,1.53,"38,000",0,"3,452",364,16.99,1.35,"37,550",0,"25,800","16,705",-723,0.41,"1,400",-5.55
276,TIGER 미국배당다우존스타겟커버드콜2호,"9,450",하락,50,-0.53%,0,"21,820",205,0,"9,719",N/A,N/A,"349,821","9,470",0,N/A,N/A,N/A,"9,470",0,N/A,N/A,0.01,N/A,"9,395",0,"102,850",N/A,N/A,N/A,N/A,N/A
277,세방전지,"69,200",하락,500,-0.72%,500,"1,610",111,0,"9,688","1,797",5.55,"33,482","69,600",0,"20,941",38.30,12.22,"69,800",0,"5,863","1,723",25.33,8.76,"69,000",0,"14,000","20,595","12,471",0.61,"1,100",22.24
278,NHN,"28,600",상승,"1,100",+4.00%,500,"17,070",487,0,"9,657",-326,-7.26,"175,743","28,500",0,"31,930",-158.67,-8.60,"28,750",0,"14,277","-1,926",9.38,-5.80,"28,300",0,"33,766","24,561","-3,937",0.62,500,8.22
279,TIGER 종합채권(AA-이상)액티브,"56,720",상승,30,+0.05%,0,207,11,0,"9,640",N/A,N/A,"7,171","56,690",0,N/A,N/A,N/A,"56,720",0,N/A,N/A,0.00,N/A,"56,690",0,"16,996",N/A,N/A,N/A,N/A,N/A
280,RISE 미국나스닥100,"21,955",상승,30,+0.14%,0,"7,959",174,0,"9,638",N/A,N/A,"347,373","21,925",0,N/A,N/A,N/A,"21,990",0,N/A,N/A,0.01,N/A,"21,925",0,"43,900",N/A,N/A,N/A,N/A,N/A
281,DL,"45,800",하락,300,-0.65%,"5,000","4,487",205,0,"9,598","4,125",23.97,"132,717","46,150",0,"125,353",173.74,2.25,"48,100",0,"2,103",346,6.51,7.37,"44,250",0,"20,681","2,943","1,677",2.97,500,-8.60
282,SNT에너지,"46,400",상승,"3,800",+8.92%,500,"114,240","5,301",0,"9,596",222,27.67,"110,908","44,900",0,"5,166",7.04,11.90,"46,150",0,"77,492",948,14.52,0.77,"45,550",0,"20,956","56,154","1,911",0.25,"1,000",11.91
283,GKL,"15,420",상승,110,+0.72%,500,"21,528",330,0,"9,538",383,24.48,"329,073","15,240",0,"6,162",-24.88,8.01,"15,450",0,"2,027",331,13.48,5.27,"15,240",0,"61,856","3,964",630,2.29,282,-0.08
284,SK네트웍스,"4,310",상승,5,+0.12%,"2,500","22,175",95,0,"9,537","1,139",27.45,"377,317","4,330",0,"51,571",41.44,2.29,"4,340",0,"31,038",463,14.85,0.65,"4,295",0,"221,278","76,573",157,0.42,300,2.73
285,RISE 미국S&P500,"17,765",하락,10,-0.06%,0,"5,653",100,0,"9,344",N/A,N/A,"238,503","17,770",0,N/A,N/A,N/A,"17,770",0,N/A,N/A,0.01,N/A,"17,715",0,"52,600",N/A,N/A,N/A,N/A,N/A
286,SNT홀딩스,"57,100",상승,500,+0.88%,500,"5,408",309,0,"9,310","2,312",6.46,"38,088","56,600",0,"28,326",29.14,12.40,"58,000",0,"6,994","2,465",12.67,8.91,"56,400",0,"16,304","18,205","8,835",0.66,"1,600",-3.97
287,코오롱인더,"33,800",상승,100,+0.30%,"5,000","5,780",194,0,"9,301","1,587",10.56,"72,316","33,950",0,"72,481",-20.50,3.06,"33,950",0,"34,750","1,106",12.48,1.67,"33,550",0,"27,519","48,430","3,202",0.28,"1,300",2.28
288,세아제강지주,"223,500",하락,"3,000",-1.32%,"5,000",286,64,0,"9,257","2,116",19.97,"7,782","224,500",0,"55,556",-64.19,2.25,"3,230",0,"37,967",668,0.27,1.49,"3,090",0,"294,468","26,862",55,1.91,0,-19.89
289,태영건설,"3,120",보합,0,0.00%,500,"7,665",24,0,"9,187",206,56.73,"126,132","3,090",0,"43,239",105.10,61.93,"226,000",0,"28,974","1,170",7.39,2.37,"223,500",0,"4,142","36,751","11,193",0.44,"1,800",-6.09
290,지역난방공사,"78,600",상승,400,+0.51%,"5,000","2,945",230,0,"9,101","3,279",3.02,"44,287","78,500",0,"83,622",4.20,9.65,"78,700",0,"60,940","2,099",4.63,2.57,"77,800",0,"11,579","35,703","26,013",0.37,"3,879",-9.70
291,ESR켄달스퀘어리츠,"4,240",하락,75,-1.74%,"1,000","28,105",119,0,"9,035",266,54.36,"559,748","4,315",0,"25,252",9.74,0.33,"4,315",0,"14,405",36,42.37,0.15,"4,225",0,"213,089",569,78,0.85,137,7.40
292,HS효성첨단소재,"196,700",하락,"1,200",-0.61%,"5,000",942,184,0,"8,812","2,197",27.50,"12,672","196,100",0,"38,208",26.22,5.46,"197,900",0,"26,634",782,12.33,2.24,"195,600",0,"4,480","33,112","7,152",0.87,"6,500",3.40
293,동원시스템즈,"29,950",상승,100,+0.34%,"5,000","1,958",58,0,"8,683",919,12.97,"35,830","29,850",0,"15,526",13.67,9.01,"30,050",0,"7,162",725,14.13,4.70,"29,850",0,"28,991","13,343","2,309",1.06,N/A,N/A
294,KIWOOM 200TR,"51,345",상승,150,+0.29%,0,"16,038",822,0,"8,677",N/A,N/A,"76,649","51,295",0,N/A,N/A,N/A,"51,390",0,N/A,N/A,0.01,N/A,"51,170",0,"16,900",N/A,N/A,N/A,600,4.51
295,1Q 머니마켓액티브,"52,325",보합,0,0.00%,0,"2,899",151,0,"8,661",N/A,N/A,"43,058","52,320",0,N/A,N/A,N/A,"52,325",0,N/A,N/A,0.00,N/A,"52,320",0,"16,552",N/A,N/A,N/A,N/A,N/A
296,SOL 종합채권(AA-이상)액티브,"114,770",상승,20,+0.02%,0,40,4,0,"8,595",N/A,N/A,"7,658","114,755",0,N/A,N/A,N/A,"114,770",0,N/A,N/A,0.00,N/A,"114,755",0,"7,489",N/A,N/A,N/A,N/A,N/A
297,SNT모티브,"32,150",하락,200,-0.62%,"5,000","6,833",218,0,"8,533",981,8.65,"286,679","31,950",0,"12,418",-15.86,10.82,"32,200",0,"2,570","1,043",17.78,8.51,"31,700",0,"26,540","9,689","3,718",0.77,937,-14.73
298,TIGER 단기통안채,"110,650",보합,0,0.00%,0,234,25,0,"8,524",N/A,N/A,"10,056","110,645",0,N/A,N/A,N/A,"110,660",0,N/A,N/A,1.54,N/A,"110,645",0,"7,704",N/A,N/A,N/A,N/A,N/A
299,미원상사,"178,000",하락,"1,500",-0.84%,500,"1,532",274,0,"8,455",599,15.35,"1,166","179,500",0,"4,787",-10.85,12.99,"179,600",0,782,505,3.17,10.92,"177,400",0,"4,750","4,358","11,599",2.04,"2,000",3.43
300,SOL 초단기채권액티브,"53,270",상승,5,+0.01%,0,"9,209",490,0,"8,403",N/A,N/A,"177,699","53,265",0,N/A,N/A,N/A,"53,270",0,N/A,N/A,0.01,N/A,"53,265",0,"15,774",N/A,N/A,N/A,N/A,N/A
301,KODEX 2차전지산업,"9,895",상승,20,+0.20%,0,"230,344","2,278",0,"8,401",N/A,N/A,"1,559,391","9,915","9,900",N/A,N/A,N/A,"9,995","3,511",N/A,N/A,0.38,N/A,"9,840",9,"84,900",N/A,N/A,N/A,N/A,N/A
302,NICE평가정보,"14,020",하락,90,-0.64%,500,"3,332",46,0,"8,343",868,10.83,"80,297","14,330","14,320","5,857",32.85,19.48,"14,340",139,"1,689",760,32.70,14.09,"13,970",65,"59,507","5,350","1,294",2.03,460,10.15
303,세아베스틸지주,"23,000",하락,250,-1.08%,"5,000","3,338",77,0,"8,248",523,80.70,"100,860","23,200","23,500","38,266",-73.39,1.04,"23,200",223,"17,952",203,7.54,0.54,"22,900",22,"35,862","36,361",285,0.44,"1,200",-10.96
304,영풍,"43,050",상승,500,+1.18%,500,"1,968",84,0,"8,226","-1,607",19.85,"34,393","42,550",0,"57,017",5.37,-6.81,"43,150",12,"17,164","-3,278",10.06,-5.82,"42,500",51,"19,108","27,874","2,169",0.20,24,-25.90
305,하나투어,"52,800",하락,400,-0.75%,500,"4,912",260,0,"8,179",509,11.77,"68,575","52,700","53,500","6,688",49.55,47.19,"53,500",78,"4,883",991,15.22,15.09,"52,600",18,"15,490","6,166","4,487",5.41,"2,300",49.80
306,ACE 종합채권(AA-이상)KIS액티브,"108,425",보합,0,0.00%,0,0,0,"108,150","8,162",N/A,N/A,"1,490","108,425","108,185",N/A,N/A,N/A,"108,425","6,102",N/A,N/A,0.00,N/A,"108,425","9,000","7,528",N/A,N/A,N/A,N/A,N/A
307,동원F&B,"42,050",상승,"1,150",+2.81%,"1,000",244,10,0,"8,114","1,835",6.82,"17,711","41,900",0,"21,457",10.04,12.43,"42,100",0,"10,627","1,278",7.83,5.88,"41,300",20,"19,296","44,836","6,169",0.73,800,2.82
308,빙그레,"84,900",상승,300,+0.35%,"5,000","1,769",150,0,"8,113","1,313",8.67,"50,071","85,000",0,"10,031",16.95,15.14,"85,200",114,"2,812","1,032",20.80,10.90,"84,500",12,"9,556","14,630","9,794",1.07,"3,300",4.93
309,한화3우B,"41,500",하락,"1,100",-2.58%,"5,000","32,165","1,337",0,"8,053",N/A,3.97,"392,969","42,600",0,N/A,N/A,N/A,"42,650",397,N/A,N/A,21.55,N/A,"40,950",245,"19,404",N/A,"10,464",0.37,N/A,N/A
310,TIGER 미국30년국채스트립액티브(합성 H),"37,100",하락,300,-0.80%,0,"36,485","1,352",0,"8,019",N/A,N/A,"367,315","37,045",0,N/A,N/A,N/A,"37,395",0,N/A,N/A,0.07,N/A,"37,045",0,"21,614",N/A,N/A,N/A,N/A,N/A
311,LG화학우,"104,100",하락,"1,000",-0.95%,"5,000","4,442",464,0,"8,004",N/A,-8.71,"68,940","105,500",0,N/A,N/A,N/A,"106,100",185,N/A,N/A,40.95,N/A,"103,600",33,"7,689",N/A,"-11,946",0.25,N/A,N/A
312,녹십자홀딩스,"16,860",하락,140,-0.82%,500,"9,768",164,0,"7,929",-107,12.33,"105,263","16,910",0,"36,706",34.81,2.43,"17,000",0,"18,184",-111,10.31,-0.30,"16,810",20,"47,028","22,049","1,367",0.79,500,7.14
313,CJ CGV,"4,765",하락,60,-1.24%,500,"63,257",301,0,"7,890",759,-4.40,"664,680","4,830",0,"39,970",54.76,-30.74,"4,850",407,"34,203","-1,755",5.65,-4.88,"4,725",92,"165,581","19,579","-1,084",1.20,0,26.66
314,대덕전자,"15,860",상승,270,+1.73%,500,"49,487",781,"15,750","7,838",113,50.83,"200,339","15,880","15,870","10,887",-52.56,2.73,"15,930",202,"2,132",238,9.49,2.14,"15,620",202,"49,417","8,921",312,0.96,400,-1.93
315,삼양홀딩스,"89,700",하락,"1,100",-1.21%,"5,000","5,369",483,0,"7,795","1,275",31.52,"107,359","91,000",0,"52,905",34.53,1.38,"91,100",0,"22,924",895,7.86,1.71,"88,900",77,"8,690","35,533","2,846",0.32,"3,500",10.66
316,동아쏘시오홀딩스,"118,600",하락,100,-0.08%,"5,000",100,11,"118,700","7,752",821,11.39,"19,474","121,000","122,100","20,305",6.78,5.63,"121,000",9,"9,665",576,14.07,2.89,"118,600",16,"6,536","13,332","10,412",0.72,"1,797",17.78
317,KODEX 25-11 은행채(AA-이상)PLUS액티브,"10,575",상승,5,+0.05%,0,"1,358",14,0,"7,707",N/A,N/A,"8,657","10,570","10,575",N/A,N/A,N/A,"10,575","30,030",N/A,N/A,0.00,N/A,"10,570","30,001","72,880",N/A,N/A,N/A,N/A,N/A
318,미원에스씨,"154,100",하락,"4,800",-3.02%,500,75,11,0,"7,705",588,13.46,"1,308","154,100","162,900","5,121",160.87,14.00,"155,000",6,"1,058",546,0.58,11.21,"153,600",3,"5,000","5,093","11,447",1.82,"2,500",16.36
319,SOL 미국배당다우존스,"10,630",하락,45,-0.42%,0,"8,195",87,0,"7,685",N/A,N/A,"294,698","10,625",0,N/A,N/A,N/A,"10,635",235,N/A,N/A,0.01,N/A,"10,610",24,"72,300",N/A,N/A,N/A,N/A,N/A
320,DI동일,"37,650",하락,100,-0.26%,500,"2,494",94,0,"7,656",78,-270.86,"42,671","37,800","38,200","10,137",23.89,0.28,"38,200",24,"4,494",25,7.04,0.25,"37,350",301,"20,334","6,517",-139,1.40,262,-4.56
321,율촌화학,"30,850",하락,400,-1.28%,500,"12,304",381,0,"7,651",-184,-36.04,"84,981","31,800","31,250","6,555",-13.30,-2.86,"31,800",318,"3,645",-85,5.17,-1.28,"30,500",132,"24,800","4,571",-856,2.61,250,10.28
322,TIGER 2차전지테마,"12,230",하락,85,-0.69%,0,"68,741",845,0,"7,619",N/A,N/A,"395,070","12,340",0,N/A,N/A,N/A,"12,400",0,N/A,N/A,0.94,N/A,"12,175",91,"62,300",N/A,N/A,N/A,N/A,N/A
323,대상,"21,950",보합,0,0.00%,"1,000","4,114",90,"21,900","7,605","1,769",7.66,"88,438","22,000","22,000","35,098",43.02,6.94,"22,100","1,397","20,622",967,18.41,2.83,"21,925",523,"34,648","42,551","2,865",0.56,850,3.59
324,N2 KIS CD금리투자 ETN,"53,945",보합,0,0.00%,0,0,0,0,"7,552",N/A,N/A,0,"53,945",0,N/A,N/A,N/A,"53,945",0,N/A,N/A,0.00,N/A,"53,945",0,"14,000",N/A,N/A,N/A,N/A,N/A
325,이노션,"18,800",상승,60,+0.32%,500,"3,978",74,"18,730","7,520","1,557",8.68,"61,117","18,760","18,740","27,146",3.76,10.48,"18,800",272,"16,827","1,161",25.85,4.40,"18,650",26,"40,000","21,206","2,166",0.76,"1,175",1.32
326,SK이터닉스,"22,200",하락,"1,100",-4.72%,200,"120,693","2,713",0,"7,493",376,30.08,"760,465","22,800",0,"7,317",N/A,N/A,"22,800",290,"4,897",224,2.27,N/A,"22,150",158,"33,754","3,322",738,3.08,N/A,N/A
327,KODEX 미국S&P500(H),"13,785",상승,5,+0.04%,0,"13,425",185,"13,780","7,485",N/A,N/A,"812,310","13,775","13,800",N/A,N/A,N/A,"13,795","19,569",N/A,N/A,0.23,N/A,"13,770","10,011","54,300",N/A,N/A,N/A,N/A,N/A
328,TIGER 미국나스닥100타겟데일리커버드콜,"9,355",상승,35,+0.38%,0,"30,776",287,0,"7,470",N/A,N/A,"485,802","9,325",0,N/A,N/A,N/A,"9,355",419,N/A,N/A,0.01,N/A,"9,300",89,"79,850",N/A,N/A,N/A,N/A,N/A
329,TIGER 단기채권액티브,"55,830",상승,10,+0.02%,0,"1,357",75,0,"7,462",N/A,N/A,"24,074","55,830",0,N/A,N/A,N/A,"55,830",0,N/A,N/A,0.00,N/A,"55,825","20,949","13,366",N/A,N/A,N/A,N/A,N/A
330,솔루엠,"15,150",상승,370,+2.50%,500,"18,837",283,0,"7,424",691,24.75,"89,588","15,020",0,"9,827",-55.29,9.48,"15,240",0,"5,484",377,17.28,3.92,"15,010",0,"49,006","15,944",612,1.67,0,-18.28
331,케이카,"15,240",상승,60,+0.40%,500,"12,432",189,0,"7,343",681,15.74,"999,388","15,250","15,180","5,248",15.41,19.09,"15,360",295,"2,991",440,7.87,8.15,"15,180",42,"48,182","23,015",968,3.29,"1,150",12.40
332,프레스티지바이오파마,"12,080",하락,80,-0.66%,0,"7,405",89,0,"7,260",-628,33.28,"100,931","12,160",0,"7,117",9.76,-7.40,"12,250",0,"1,962",-551,63.25,-7.58,"12,070",0,"60,096",7,363,1.64,N/A,325.77
333,세진중공업,"12,730",하락,170,-1.32%,500,"152,092","1,936",0,"7,237",360,33.24,"3,453,411","12,900",0,"6,209",7.23,6.16,"12,900",0,"3,715",220,6.53,3.78,"12,620",788,"56,849","3,524",383,3.82,200,-8.43
334,PLUS 200,"40,380",상승,215,+0.54%,0,"16,972",683,0,"7,228",N/A,N/A,"741,948","40,345",0,N/A,N/A,N/A,"40,380",52,N/A,N/A,2.82,N/A,"40,165",6,"17,900",N/A,N/A,N/A,N/A,N/A
335,덴티움,"65,300",하락,700,-1.06%,500,"2,299",150,0,"7,228",985,10.54,"37,792","65,700","66,300","8,944",-28.77,14.27,"65,800",227,"3,409",724,15.21,8.68,"65,100",12,"11,069","4,078","6,198",1.00,600,3.72
336,보령,"8,420",하락,40,-0.47%,500,"7,493",63,0,"7,223",705,13.65,"66,738","8,460",0,"11,641",3.23,10.45,"8,470","1,097","3,796",696,7.01,6.70,"8,410",81,"85,787","10,171",617,0.91,100,18.32
337,LX홀딩스,"9,450",보합,0,0.00%,"1,000","52,687",505,"9,570","7,209","1,560",4.03,"509,464","9,640","9,580","19,050",113.21,9.08,"9,760",24,357,"1,603",12.61,8.90,"9,390",767,"76,281","1,945","2,346",0.38,290,64.67
338,KODEX Top5PlusTR,"24,325",상승,145,+0.60%,0,644,15,"24,180","7,200",N/A,N/A,"19,495","24,180","24,400",N/A,N/A,N/A,"24,325",284,N/A,N/A,16.90,N/A,"24,180","1,011","29,600",N/A,N/A,N/A,N/A,N/A
339,유안타증권,"3,590",상승,70,+1.99%,"5,000","116,741",420,0,"7,166",948,15.88,"609,205","3,610","3,540","168,003",-26.62,4.52,"3,640","3,776","151,660",730,64.18,0.44,"3,560",178,"199,597","27,127",226,0.46,200,-4.98
340,전진건설로봇,"48,550",상승,550,+1.15%,500,"12,145",587,"48,100","7,085",313,23.52,"131,775","48,350","48,200","2,192",-4.74,24.55,"48,650",143,648,314,0.87,16.64,"47,900",51,"14,593","1,698","2,064",5.03,"1,277",7.21
341,아이에스동서,"23,050",상승,50,+0.22%,500,"3,156",73,0,"6,958","1,697",-3.87,"47,101","23,400",0,"35,540",-50.17,-10.19,"23,450",0,"19,968","-1,602",4.43,-4.11,"23,000",16,"30,187","15,146","-5,961",0.51,"1,000",-25.37
342,ACE 미국빅테크TOP7 Plus,"17,190",상승,30,+0.17%,0,"8,401",144,0,"6,910",N/A,N/A,"317,082","17,170",0,N/A,N/A,N/A,"17,220",494,N/A,N/A,0.01,N/A,"17,170",147,"40,200",N/A,N/A,N/A,N/A,N/A
343,한화리츠,"3,845",상승,35,+0.92%,500,"7,300",27,0,"6,906",191,38.07,"515,180","3,825","3,825","15,864",54.05,0.83,"3,845","2,265","12,576",28,0.51,0.24,"3,810",642,"179,600",335,101,0.98,135,43.99
344,F&F홀딩스,"17,610",상승,220,+1.27%,500,"5,274",92,"17,760","6,888","4,164",6.70,"58,111","17,990","18,100","40,333",-19.06,4.92,"17,990",400,"6,634","3,220",0.17,8.18,"17,200",142,"39,114","18,983","2,627",0.31,450,-4.43
345,KODEX 반도체,"34,535",상승,350,+1.02%,0,"80,290","2,769",0,"6,821",N/A,N/A,"653,221","34,775","34,320",N/A,N/A,N/A,"34,775","1,098",N/A,N/A,1.01,N/A,"34,205",19,"19,750",N/A,N/A,N/A,N/A,N/A
346,파미셀,"11,340",상승,10,+0.09%,500,"22,627",256,0,"6,806",47,42.16,"463,592","11,450",0,993,259.23,7.59,"11,450",61,128,63,10.65,6.60,"11,280",7,"60,017",649,269,7.26,20,15.34
347,KG모빌리티,"3,355",상승,10,+0.30%,"1,000","44,954",150,"3,350","6,790",14,-38.56,"391,547","3,345","3,355","31,045",-88.58,2.70,"3,360","3,329","16,839",338,23.18,1.18,"3,325","2,457","202,375","39,051",-87,0.46,0,4.52
348,HJ중공업,"8,080",상승,610,+8.17%,"5,000","364,610","2,850","7,710","6,729",73,-197.07,"601,642","7,700","7,720","22,044",106.67,1.56,"8,080",486,"18,610",52,2.01,0.21,"7,570","9,395","83,274","18,860",-41,1.93,N/A,-12.77
349,GS피앤엘,"33,850",보합,0,0.00%,"1,000","19,604",653,0,"6,713",0,-59.08,"506,576","33,950",0,"22,696",N/A,N/A,"34,000",0,"10,328",-11,10.54,N/A,"32,900",128,"19,831",383,-573,0.80,N/A,N/A
350,한화손해보험,"5,750",상승,60,+1.05%,"5,000","67,506",390,"5,750","6,712","4,357",2.46,"519,802","5,900","5,760","198,342",42.15,10.36,"5,900","4,532","168,811","3,160",14.42,1.67,"5,720",45,"116,739","65,973","2,336",0.32,0,8.64
351,KODEX 미국빅테크10(H),"49,505",상승,15,+0.03%,0,"26,264","1,300","49,450","6,658",N/A,N/A,"90,682","49,630","49,490",N/A,N/A,N/A,"49,630",24,N/A,N/A,0.39,N/A,"49,425",835,"13,450",N/A,N/A,N/A,N/A,N/A
352,TKG휴켐스,"16,230",하락,110,-0.67%,"1,000","3,618",58,"16,330","6,635",808,10.76,"42,662","16,210","16,390","11,682",-33.35,9.09,"16,250",30,"2,933",775,8.80,6.83,"16,200",240,"40,879","11,882","1,509",0.74,"1,000",12.88
353,TIGER Fn반도체TOP10,"10,960",상승,60,+0.55%,0,"81,297",887,"10,905","6,620",N/A,N/A,"1,504,169","10,995","11,120",N/A,N/A,N/A,"10,995","1,323",N/A,N/A,0.07,N/A,"10,845","2,096","60,400",N/A,N/A,N/A,N/A,N/A
354,한국단자,"65,100",상승,600,+0.93%,500,"1,719",111,"64,600","6,585","1,713",5.01,"39,124","65,100","65,400","15,643",53.31,14.16,"65,300",79,"4,880","1,425",24.84,9.54,"64,500",141,"10,115","15,098","12,988",0.62,"2,200",16.41
355,현대홈쇼핑,"54,600",하락,100,-0.18%,"5,000",139,7,"54,700","6,552","1,301",7.87,"23,683","54,800","55,100","51,751",117.05,7.43,"55,000",50,"13,396","1,742",14.03,4.05,"54,500",202,"12,000","38,535","6,942",0.27,"2,800",86.66
356,신한알파리츠,"5,400",보합,0,0.00%,"1,000","9,955",53,"5,420","6,531",451,64.29,"418,917","5,420","5,440","26,622",40.12,1.65,"5,420",870,"18,343",124,10.23,0.53,"5,390","5,078","120,940",686,84,1.04,N/A,28.47
357,KODEX MSCI Korea TR,"13,000",상승,75,+0.58%,0,46,0,"12,650","6,513",N/A,N/A,"30,618","12,965","12,800",N/A,N/A,N/A,"13,000",24,N/A,N/A,1.30,N/A,"12,965",6,"50,100",N/A,N/A,N/A,N/A,N/A
358,TIGER 리츠부동산인프라,"4,190",보합,0,0.00%,0,"58,409",244,"4,195","6,499",N/A,N/A,"2,172,281","4,200","4,200",N/A,N/A,N/A,"4,200","6,980",N/A,N/A,0.06,N/A,"4,180",867,"155,100",N/A,N/A,N/A,N/A,N/A
359,KODEX 인버스,"3,810",하락,10,-0.26%,0,"3,763,617","14,343","3,800","6,462",N/A,N/A,"37,313,968","3,805","3,805",N/A,N/A,N/A,"3,825","1,010,959",N/A,N/A,0.81,N/A,"3,800","613,407","169,600",N/A,N/A,N/A,N/A,N/A
360,키움 CD금리투자 ETN,"103,850",보합,0,0.00%,0,0,0,0,"6,459",N/A,N/A,"52,632","103,850",0,N/A,N/A,N/A,"103,850",0,N/A,N/A,0.00,N/A,"103,850",0,"6,220",N/A,N/A,N/A,N/A,N/A
361,아세아,"308,500",하락,"1,000",-0.32%,"5,000",76,23,"309,500","6,430","1,724",12.29,"4,306","310,500","320,000","33,343",-28.28,5.58,"310,500",14,"13,044","1,084",8.03,3.28,"308,000",43,"2,084","20,074","25,096",0.44,"5,330",-5.13
362,신풍제약,"12,100",상승,"2,240",+22.72%,500,"740,419","8,971","11,650","6,411",-205,-47.45,"318,677","11,700","11,660","3,421",56.84,-5.85,"12,500","1,241",840,-154,4.91,-4.44,"11,680",138,"52,985","2,211",-255,2.43,N/A,10.42
363,ACE 미국배당다우존스,"11,705",하락,110,-0.93%,0,"17,358",203,"11,815","6,391",N/A,N/A,"276,938","11,715","11,820",N/A,N/A,N/A,"11,765",640,N/A,N/A,0.00,N/A,"11,705",65,"54,600",N/A,N/A,N/A,N/A,N/A
364,금양,"9,900",보합,0,0.00%,500,0,0,0,"6,333",-560,-4.09,0,0,0,"12,569",-283.36,-40.88,0,0,"7,624","-1,861",5.59,-18.99,0,0,"63,967","1,537","-2,420",1.27,0,1.12
365,KODEX 미국30년국채타겟커버드콜(합성 H),"8,510",하락,25,-0.29%,0,"83,618",711,"8,520","6,331",N/A,N/A,"780,890","8,510","8,525",N/A,N/A,N/A,"8,515",203,N/A,N/A,0.11,N/A,"8,500","59,753","74,400",N/A,N/A,N/A,N/A,N/A
366,KG스틸,"6,280",상승,30,+0.48%,"5,000","9,809",61,"6,250","6,281","2,060",3.57,"157,619","6,310","6,300","33,414",-26.53,6.93,"6,380",997,"13,812","1,325",6.66,4.05,"6,250","1,450","100,009","33,010","1,757",0.31,250,-3.76
367,LG전자우,"36,350",하락,200,-0.55%,"5,000","2,535",92,"36,550","6,247",N/A,9.50,"53,015","36,550","36,600",N/A,N/A,N/A,"36,550",306,N/A,N/A,44.92,N/A,"36,200",8,"17,186",N/A,"3,825",0.30,N/A,N/A
368,카프로,"3,660",보합,0,0.00%,500,0,0,0,"6,185",-324,17.43,0,0,0,"2,392",17.95,102.36,0,0,"1,510",332,0.08,14.56,0,0,"169,000",71,210,7.77,N/A,-90.64
369,넥센타이어,"6,290",하락,40,-0.63%,500,"4,928",30,"6,320","6,143","1,721",5.23,"387,205","6,330","6,330","45,745",-7.94,7.10,"6,330",31,"27,029","1,267",6.91,2.88,"6,260",228,"97,668","28,479","1,203",0.34,130,5.41
370,KODEX 단기채권,"113,420",보합,0,0.00%,0,193,21,"111,000","6,124",N/A,N/A,"15,587","113,415","113,420",N/A,N/A,N/A,"113,420",400,N/A,N/A,0.00,N/A,"113,415",254,"5,399",N/A,N/A,N/A,N/A,N/A
371,풍산홀딩스,"42,150",하락,"1,000",-2.32%,"5,000","32,187","1,343","42,100","6,077","1,047",5.97,"371,732","41,700","42,350","13,191",54.41,9.41,"42,350",14,"2,037","1,000",14.73,7.95,"40,850","1,607","14,417","4,494","7,062",0.53,"1,400",10.49
372,쿠쿠홈시스,"27,025",상승,225,+0.84%,100,331,8,"26,700","6,064","1,648",4.98,"46,048","26,850","26,800","13,816",13.77,14.00,"27,100","1,010","3,349","1,361",6.72,10.81,"26,850",68,"22,437","10,572","5,424",0.64,"1,000",10.75
373,삼성 레버리지 WTI원유 선물 ETN,"1,487",하락,12,-0.80%,0,"699,393","1,041","1,468","6,007",N/A,N/A,"5,596,979","1,473","1,476",N/A,N/A,N/A,"1,502","2,953,456",N/A,N/A,0.00,N/A,"1,473","3,000,000","404,000",N/A,N/A,N/A,N/A,N/A
374,현대그린푸드,"18,090",상승,170,+0.95%,500,"2,669",48,"17,950","5,994",967,8.08,"58,574","18,260","18,540","9,556",49.10,11.41,"18,260",121,"2,854",745,14.29,8.11,"18,000",23,"33,136","22,704","2,238",0.88,335,24.27
375,유니드,"87,500",하락,500,-0.57%,"5,000","3,357",294,"90,000","5,922",954,7.70,"98,304","88,600","90,300","13,648",197.62,7.96,"88,600",187,"3,525",762,10.69,5.81,"87,000",24,"6,768","11,116","11,360",0.57,"1,800",-1.95
376,솔루스첨단소재,"8,380",상승,80,+0.96%,100,"13,563",113,"8,380","5,884",-544,-59.43,"138,935","8,470","8,410","20,794",25.67,0.62,"8,470","1,805","9,879",-427,3.69,-2.26,"8,290",37,"70,217","5,709",-141,1.01,10,32.96
377,신성통상,"4,075",보합,0,0.00%,500,"12,370",50,"4,075","5,856","1,218",8.98,"558,039","4,080","4,080","11,626",-15.22,16.24,"4,080","1,954,106","6,780",737,0.58,6.61,"4,075","217,467","143,708","15,079",454,1.13,N/A,-2.25
378,삼천리,"143,700",상승,"2,500",+1.77%,"5,000","7,860","1,130","141,200","5,827","1,143",5.32,"40,105","141,900","142,000","45,182",-34.49,6.55,"145,500",13,"27,577","1,217",11.80,2.72,"141,900",384,"4,055","51,205","27,036",0.30,"3,000",-9.60
379,한일홀딩스,"18,850",하락,150,-0.79%,"1,000","5,811",109,"19,000","5,812","2,793",6.22,"52,473","19,000","19,200","37,090",6.60,7.56,"19,010",212,"14,048","1,985",4.14,5.46,"18,640",17,"30,833","22,487","3,032",0.36,930,-4.84
380,한국쉘석유,"441,000",상승,"4,000",+0.92%,"5,000",290,127,"437,000","5,733",460,14.95,"2,882","439,000","440,000","1,913",8.65,28.93,"441,500",28,640,367,59.42,19.31,"435,500",20,"1,300","3,272","29,500",5.35,"27,000",2.09
381,삼양사,"54,500",상승,300,+0.55%,"5,000",858,46,"54,300","5,621","1,335",5.04,"18,784","54,500","54,500","33,199",17.95,7.53,"54,800",33,"13,722","1,364",4.99,4.18,"54,400",11,"10,313","26,718","10,808",0.31,"1,750",0.77
382,후성,"5,240",하락,30,-0.57%,500,"25,756",134,"5,260","5,620",-96,-8.94,"790,713","5,250","5,270","8,263",79.23,-21.71,"5,280",267,"4,935",-834,7.02,-9.93,"5,210",24,"107,255","4,378",-586,1.76,N/A,-16.32
383,KODEX 미국30년국채액티브(H),"8,830",하락,15,-0.17%,0,"32,208",284,"8,815","5,596",N/A,N/A,"1,860,317","8,820","8,820",N/A,N/A,N/A,"8,830","194,133",N/A,N/A,0.01,N/A,"8,815","83,396","63,380",N/A,N/A,N/A,N/A,N/A
384,KODEX 국고채30년액티브,"121,280",상승,15,+0.01%,0,"1,767",214,"121,265","5,561",N/A,N/A,"8,121","121,500","121,365",N/A,N/A,N/A,"121,500",8,N/A,N/A,0.01,N/A,"121,070","5,994","4,585",N/A,N/A,N/A,N/A,N/A
385,E1,"80,200",하락,500,-0.62%,"5,000","1,226",98,"81,100","5,502","2,176",5.26,"37,355","80,700","81,200","145,398",133.55,3.83,"80,700",54,"123,507",656,5.85,0.69,"79,800",17,"6,860","111,924","15,251",0.27,"3,450",42.98
386,제주항공,"6,780",상승,30,+0.44%,"1,000","6,452",43,"6,760","5,467",799,-9.39,"100,813","6,830","6,800","19,985",-52.94,6.84,"6,830",739,"16,744",217,2.41,1.09,"6,760",105,"80,641","19,358",-722,1.88,N/A,12.28
387,케이씨텍,"26,400",상승,200,+0.76%,500,"8,977",237,"26,600","5,462",498,11.28,"50,066","26,650","26,800","5,491",52.23,11.28,"26,650",47,673,527,12.65,10.04,"26,200",5,"20,690","3,854","2,341",1.08,270,34.34
388,KODEX 26-12 회사채(AA-이상)액티브,"10,800",상승,5,+0.05%,0,"2,541",27,"10,790","5,444",N/A,N/A,"73,940","10,795","10,795",N/A,N/A,N/A,"10,800","28,420",N/A,N/A,0.00,N/A,"10,795","41,432","50,410",N/A,N/A,N/A,N/A,N/A
389,대한해운,"1,676",하락,69,-3.95%,500,"2,517,252","4,233","1,704","5,409","3,286",3.60,"19,756,255","1,699","1,715","45,804",31.48,8.93,"1,712","1,072","22,907","1,648",4.17,3.54,"1,669","5,997","322,747","17,472",465,0.26,0,25.03
390,HD현대에너지솔루션,"48,150",하락,"1,800",-3.60%,"5,000","45,350","2,188","45,000","5,393",35,29.25,"333,441","48,900","46,450","4,538",-80.03,0.03,"49,200",313,841,1,3.82,0.02,"47,750",72,"11,200","4,224","1,646",1.46,N/A,-22.66
391,대한유화,"82,500",하락,500,-0.60%,"5,000","1,282",105,"80,300","5,362",-599,522.15,"25,558","82,800","83,900","22,197",3.90,-0.47,"83,400",146,"4,121",-85,7.29,-0.39,"82,100",69,"6,500","28,001",158,0.28,"1,000",12.01
392,제이알글로벌리츠,"2,700",상승,5,+0.19%,"1,000","7,279",19,"2,695","5,329",310,13.64,"916,874","2,700","2,715","21,465",-4.87,2.48,"2,705","20,573","13,405",207,9.22,0.98,"2,695",19,"197,376",626,198,0.65,N/A,3.49
393,KODEX 국고채3년,"62,630",하락,15,-0.02%,0,"1,488",93,"62,605","5,321",N/A,N/A,"32,652","62,620","62,645",N/A,N/A,N/A,"62,670","14,957",N/A,N/A,0.01,N/A,"62,620","2,012","8,496",N/A,N/A,N/A,N/A,N/A
394,코스모화학,"13,810",하락,30,-0.22%,"1,000","15,540",214,"13,700","5,304",-20,-8.85,"124,758","13,930","13,840","12,043",-166.57,-24.71,"13,970",108,"6,136",-523,7.24,-4.56,"13,690",33,"38,408","7,493","-1,561",2.33,N/A,-6.22
395,KIWOOM 국고채10년,"115,850",상승,20,+0.02%,0,125,14,"115,505","5,293",N/A,N/A,"7,630","115,745","115,590",N/A,N/A,N/A,"115,895","8,998",N/A,N/A,0.02,N/A,"115,745","6,000","4,569",N/A,N/A,N/A,N/A,N/A
396,바이오노트,"5,160",보합,0,0.00%,500,736,3,"5,150","5,266",122,12.43,"49,430","5,160","5,160","16,972",125.97,3.46,"5,170",4,614,553,0.51,3.36,"5,140",490,"102,056","1,028",415,0.32,200,14.10
397,일진하이솔루스,"14,470",상승,200,+1.40%,500,"2,175",30,"14,010","5,255",-95,657.73,"67,617","14,140","14,280","3,443",2.89,0.57,"14,470",21,268,18,4.35,0.53,"14,140",72,"36,313",793,22,1.66,N/A,0.71
398,TIGER 200 IT,"29,695",상승,60,+0.20%,0,"8,199",243,"28,485","5,232",N/A,N/A,"60,224","29,685","29,595",N/A,N/A,N/A,"29,885",30,N/A,N/A,0.09,N/A,"29,415",268,"17,620",N/A,N/A,N/A,N/A,N/A
399,CJ4우(전환),"123,700",하락,"1,100",-0.88%,"5,000",502,62,"124,800","5,228",N/A,44.42,"15,071","124,400","125,000",N/A,N/A,N/A,"124,800",125,N/A,N/A,5.12,N/A,"122,600",16,"4,227",N/A,"2,785",0.77,N/A,N/A
400,JW중외제약,"22,450",상승,150,+0.67%,"2,500","2,650",59,"22,450","5,228",825,8.95,"110,002","22,500","22,500","6,046",-17.76,21.87,"22,500",52,"2,751",650,6.68,10.41,"22,350",195,"23,286","7,194","2,507",1.65,450,-3.89
401,KB KIS CD금리투자 ETN,"52,085",보합,0,0.00%,0,11,0,"52,080","5,208",N/A,N/A,"768,001","52,085",0,N/A,N/A,N/A,"52,085",1,N/A,N/A,0.00,N/A,"52,085",0,"10,000",N/A,N/A,N/A,N/A,N/A
402,롯데손해보험,"1,678",상승,3,+0.18%,"1,000","24,525",41,"1,675","5,207",311,-98.71,"219,217","1,675","1,677","155,415",-91.73,2.31,"1,680","7,565","147,472",242,1.26,0.16,"1,670","1,220","310,336","31,515",-17,1.03,N/A,23.15
403,코오롱,"41,200",상승,"1,600",+4.04%,"5,000","133,983","5,612","39,600","5,202",-896,3.60,"953,789","40,950","39,700","70,405",-190.15,12.49,"43,050",585,"46,926","1,576",6.79,2.57,"40,600",145,"12,626","60,284","11,430",0.34,550,2.55
404,KCC글라스,"32,400",상승,200,+0.62%,"1,000",817,26,"32,350","5,174",572,31.09,"25,848","32,300","32,400","24,943",-39.82,2.48,"32,400",46,"10,054",370,9.29,1.57,"32,200",12,"15,971","19,033","1,042",0.35,"1,800",13.29
405,한국금융지주우,"88,300",상승,"1,300",+1.49%,"5,000","5,697",501,"87,500","5,173",N/A,4.70,"63,080","87,800","87,700",N/A,N/A,N/A,"88,300",37,N/A,N/A,14.63,N/A,"86,800",79,"5,858",N/A,"18,792",0.52,N/A,N/A
406,PI첨단소재,"17,560",상승,240,+1.39%,500,"7,781",136,"17,700","5,157",349,18.45,"90,433","17,590","17,590","29,150",119.84,4.87,"17,690",115,"11,422",906,13.15,3.20,"17,450",127,"29,240","19,563","2,610",0.31,700,2.92
407,TIGER 인도니프티50,"13,215",상승,25,+0.19%,0,"6,303",83,"13,185","5,147",N/A,N/A,"187,486","17,500","17,710","5,275",987.07,7.16,"17,620",845,"1,896",234,9.11,4.47,"17,440",17,"29,366","2,513",952,1.55,350,15.46
408,신한 레버리지 WTI원유 선물 ETN(H),"1,029",하락,6,-0.58%,0,"114,556",118,"1,026","5,145",N/A,N/A,"232,543","13,195","13,190",N/A,N/A,N/A,"13,240",69,N/A,N/A,0.13,N/A,"13,195",650,"38,950",N/A,N/A,N/A,N/A,N/A
409,신대양제지,"12,750",상승,180,+1.43%,500,"9,715",122,"12,670","5,138",293,17.59,"1,722,677","1,026","1,029",N/A,N/A,N/A,"1,042","6,573,917",N/A,N/A,0.00,N/A,"1,018","6,539,900","500,000",N/A,N/A,N/A,N/A,N/A
410,LF,"17,570",하락,20,-0.11%,"5,000","1,656",29,"17,580","5,137","1,261",6.73,"86,658","12,700","12,700","8,759",-49.95,6.00,"12,750",6,"1,838",333,2.75,3.80,"12,540",891,"40,298","6,585",725,0.64,200,2.04
411,KODEX 200타겟위클리커버드콜,"10,520",상승,40,+0.38%,0,"328,518","3,449","10,495","5,134",N/A,N/A,"1,312","44,600","44,600","6,439",-39.05,8.64,"45,000",34,699,477,19.95,7.69,"44,450",68,"11,500","3,857","2,879",0.70,"1,200",6.28
412,퍼시스,"44,500",하락,100,-0.22%,"1,000",41,1,"44,400","5,118",215,15.46,"1,847,308","10,505","10,500",N/A,N/A,N/A,"10,520","1,564",N/A,N/A,0.06,N/A,"10,475","37,273","48,800",N/A,N/A,N/A,N/A,N/A
413,대신증권우,"19,590",상승,140,+0.72%,"5,000","9,882",192,"19,430","5,093",N/A,10.60,"139,694","19,470","19,450",N/A,N/A,N/A,"19,600",14,N/A,N/A,14.02,N/A,"19,390",276,"26,000",N/A,"1,848",0.43,N/A,N/A
414,OCI,"56,400",하락,900,-1.57%,"5,000","5,679",321,"56,600","5,049","1,105",11.90,"39,135","56,700","56,900","22,830",N/A,N/A,"56,900",17,"10,414",897,6.61,N/A,"56,300",16,"8,952","22,153","4,741",0.43,"2,200",N/A
415,TIGER 미국달러단기채권액티브,"12,435",하락,15,-0.12%,0,"17,244",214,"12,450","5,035",N/A,N/A,"102,929","12,425","12,550",N/A,N/A,N/A,"12,450",70,N/A,N/A,0.00,N/A,"12,422",27,"40,490",N/A,N/A,N/A,N/A,N/A
416,PLUS 머니마켓액티브,"52,310",상승,10,+0.02%,0,594,31,"52,305","5,032",N/A,N/A,"18,866","52,305","52,310",N/A,N/A,N/A,"52,310","15,000",N/A,N/A,0.00,N/A,"52,300","15,050","9,620",N/A,N/A,N/A,N/A,N/A
417,SBS,"26,850",하락,50,-0.19%,"5,000","3,316",89,"26,600","4,981",-192,35.56,"127,160","27,000","26,750","15,124",-132.90,3.80,"27,100",257,"6,059",338,0.00,2.36,"26,800",481,"18,551","10,467",755,0.55,N/A,5.01
418,신도리코,"49,200",하락,200,-0.40%,"5,000","2,074",102,"49,400","4,959",202,7.60,"24,752","49,400","49,800","11,436",-33.06,7.12,"49,950",22,793,732,11.69,6.59,"49,050",25,"10,080","3,410","6,476",0.40,"1,500",-15.29
419,한전산업,"15,160",상승,120,+0.80%,500,"212,282","3,246","15,440","4,942",161,43.07,"3,174,805","15,480","15,450","2,200",-38.00,10.59,"13,655","1,459",N/A,N/A,0.28,N/A,"13,560","9,923","36,150",N/A,N/A,N/A,N/A,N/A
420,TIGER 테슬라채권혼합Fn,"13,650",하락,195,-1.41%,0,"38,359",522,"13,520","4,934",N/A,N/A,"488,713","13,560","13,680",N/A,N/A,N/A,"15,480","2,033","1,044",116,1.85,5.49,"15,000",653,"32,600","3,675",352,4.49,367,1.17
421,엠씨넥스,"27,350",상승,350,+1.30%,500,"3,734",101,"26,600","4,917",444,7.26,"24,198","26,950","27,000","5,741",143.55,18.28,"27,350",207,"2,019",636,12.11,11.46,"26,800",336,"17,978","10,571","3,768",1.22,800,13.36
422,애경케미칼,"10,080",하락,10,-0.10%,500,"32,232",325,"9,010","4,904",155,103.92,"199,535","10,100","10,090","13,564",-65.69,0.54,"10,220",834,"6,155",85,0.00,0.64,"10,030",3,"48,649","16,422",97,0.67,281,-8.45
423,KODEX 미국AI전력핵심인프라,"14,255",상승,205,+1.46%,0,"97,793","1,392","14,060","4,897",N/A,N/A,"1,825,021","14,180","14,080",N/A,N/A,N/A,"14,280","4,302",N/A,N/A,0.71,N/A,"14,180",227,"34,350",N/A,N/A,N/A,N/A,N/A
424,고려제강,"18,120",하락,70,-0.38%,"1,000","2,686",48,"18,120","4,892",261,31.73,"19,381","18,200","18,170","26,090",-53.64,1.95,"18,390",159,"6,819",329,5.84,1.30,"18,090",196,"27,000","17,396",571,0.27,324,-2.75
425,두산2우B,"547,000",상승,"4,000",+0.74%,"5,000","2,073","1,141","544,000","4,885",N/A,-56.45,"11,217","551,000","556,000",N/A,N/A,N/A,"564,000",303,N/A,N/A,2.18,N/A,"543,000",31,893,N/A,"-9,690",6.52,N/A,N/A
426,TIMEFOLIO 글로벌AI인공지능액티브,"28,165",상승,515,+1.86%,0,"6,629",185,"27,650","4,867",N/A,N/A,"326,993","27,995","27,710",N/A,N/A,N/A,"28,195",173,N/A,N/A,0.29,N/A,"27,960",323,"17,280",N/A,N/A,N/A,N/A,N/A
427,현대차증권,"7,840",상승,220,+2.89%,"5,000","123,985",965,"7,670","4,848",547,7.96,"615,971","7,730","7,700","119,920",-16.08,2.80,"7,840",15,"106,899",362,4.32,0.31,"7,690",606,"61,833","17,956",985,0.37,153,13.49
428,TIGER 우량회사채액티브,"117,080",상승,25,+0.02%,0,194,22,"116,910","4,797",N/A,N/A,"19,206","116,955","117,055",N/A,N/A,N/A,"117,080","5,983",N/A,N/A,0.00,N/A,"116,955","4,005","4,097",N/A,N/A,N/A,N/A,N/A
429,흥아해운,"1,995",하락,145,-6.78%,500,"6,338,877","12,530","2,000","4,796",275,12.55,"95,957,090","1,950","2,005","4,436",12.12,20.08,"2,045","37,192","2,095",400,1.38,10.39,"1,936","1,030","240,425","1,880",159,2.08,N/A,14.07
430,TIGER 미국테크TOP10타겟커버드콜,"12,655",상승,20,+0.16%,0,"7,516",95,"12,635","4,765",N/A,N/A,"218,351","12,650","12,640",N/A,N/A,N/A,"12,680",196,N/A,N/A,0.02,N/A,"12,635",513,"37,650",N/A,N/A,N/A,N/A,N/A
431,KODEX 자동차,"18,340",상승,5,+0.03%,0,"24,889",456,"18,335","4,759",N/A,N/A,"422,183","18,355","18,340",N/A,N/A,N/A,"18,430",383,N/A,N/A,0.37,N/A,"18,260",3,"25,950",N/A,N/A,N/A,N/A,N/A
432,디아이,"16,800",하락,50,-0.30%,500,"48,106",809,"16,850","4,754",31,60.87,"424,463","17,100","16,910","3,196",-49.81,0.72,"17,100",49,"1,519",28,8.35,0.92,"16,630",109,"28,300","2,140",276,2.80,100,-0.27
433,TIGER 미국달러SOFR금리액티브(합성),"56,410",하락,120,-0.21%,0,"1,274",70,"56,520","4,740",N/A,N/A,"11,260","56,365","56,530",N/A,N/A,N/A,"56,515",6,N/A,N/A,0.01,N/A,"54,000",17,"8,402",N/A,N/A,N/A,N/A,N/A
434,KODEX 미국반도체,"24,375",상승,315,+1.31%,0,"12,731",310,"24,190","4,729",N/A,N/A,"220,307","24,460","24,300",N/A,N/A,N/A,"24,460",860,N/A,N/A,1.40,N/A,"24,305",69,"19,400",N/A,N/A,N/A,N/A,N/A
435,ACE 200,"39,865",상승,135,+0.34%,0,"25,053",997,"39,730","4,704",N/A,N/A,"202,740","39,800","39,740",N/A,N/A,N/A,"9,050",54,"9,959",957,4.05,8.78,"8,980",165,"52,200","14,613","1,401",1.68,N/A,14.41
436,TIGER TOP10,"12,030",상승,45,+0.38%,0,"5,080",60,"11,990","4,704",N/A,N/A,"228,393","12,000","12,000",N/A,N/A,N/A,"39,870",130,N/A,N/A,11.12,N/A,"39,730",40,"11,800",N/A,N/A,N/A,N/A,N/A
437,진에어,"9,000",상승,100,+1.12%,"1,000","8,957",80,"8,920","4,698","1,631",6.42,"200,109","8,980","9,000","12,271",-10.46,51.15,"12,030",556,N/A,N/A,67.69,N/A,"11,980","6,302","39,100",N/A,N/A,N/A,N/A,N/A
438,동국제강,"9,420",하락,90,-0.95%,"5,000","13,170",125,"9,450","4,673","1,025",57.44,"133,342","9,550","9,630","31,940",-56.49,2.04,"9,570",705,"14,922",348,26.84,1.04,"9,400",261,"49,608","35,275",164,0.28,600,34.02
439,NICE,"12,550",하락,150,-1.18%,500,"10,794",135,"12,700","4,660","1,743",9.53,"141,707","12,750","12,710","35,219",79.68,6.27,"12,750",63,"21,291","1,009",11.01,2.88,"12,500",67,"37,128","30,383","1,317",0.59,500,7.78
440,SPC삼립,"53,900",하락,"1,300",-2.36%,"5,000","7,316",397,"55,200","4,651",950,5.35,"28,819","55,000","55,800","12,408",3.53,19.25,"55,600",133,"7,610",865,4.70,6.83,"53,800",89,"8,629","34,279","10,076",0.92,"1,800",-0.16
441,KIWOOM 종합채권(AA-이상)액티브,"109,025",보합,0,0.00%,0,0,0,"108,725","4,648",N/A,N/A,564,"109,025","108,800",N/A,N/A,N/A,"109,025","11,000",N/A,N/A,0.00,N/A,"109,025","9,000","4,263",N/A,N/A,N/A,N/A,N/A
442,아세아시멘트,"12,410",상승,100,+0.81%,500,"6,324",77,"12,310","4,635","1,408",7.26,"80,909","12,310","12,320","21,954",-4.18,7.65,"12,410",11,"10,890",801,6.41,3.71,"12,200",157,"37,347","11,103","1,709",0.42,260,-7.51
443,KODEX 코스피,"30,245",상승,215,+0.72%,0,"47,813","1,442","30,040","4,627",N/A,N/A,"533,226","30,180","30,095",N/A,N/A,N/A,"30,245","5,300",N/A,N/A,0.55,N/A,"30,080",989,"15,300",N/A,N/A,N/A,N/A,N/A
444,아모레퍼시픽우,"43,650",하락,450,-1.02%,500,"2,721",118,"43,750","4,608",N/A,4.82,"18,353","43,900","44,100",N/A,N/A,N/A,"44,050",190,N/A,N/A,47.03,N/A,"43,400",7,"10,558",N/A,"9,057",0.57,N/A,N/A
445,풀무원,"12,040",하락,80,-0.66%,500,"8,319",100,"12,140","4,590",918,14.68,"127,982","12,200","12,180","23,312",48.16,11.40,"12,200",760,"17,477",344,3.23,1.53,"12,020",103,"38,121","32,137",820,1.50,102,7.36
446,DS단석,"26,100",하락,150,-0.57%,500,"12,361",322,"26,000","4,589",122,-83.12,"141,841","26,250","26,250","7,358",-84.01,-3.29,"26,300",411,"4,528",-103,1.81,-1.42,"26,000",24,"17,584","9,617",-314,1.60,N/A,-10.16
447,스틱인베스트먼트,"10,840",하락,70,-0.64%,500,"11,030",119,"10,920","4,518",134,-126.05,"225,928","11,000","11,000","2,647",-59.46,3.72,"11,050","1,396",159,93,26.92,3.40,"10,760",126,"41,678",795,-86,1.66,250,-15.25
448,화승엔터프라이즈,"7,400",하락,50,-0.67%,500,"6,628",49,"7,450","4,484",826,12.87,"169,279","7,460","7,500","15,376",537.00,6.38,"7,460",723,"9,739",344,6.10,2.37,"7,380",44,"60,589","16,096",575,0.87,45,32.61
449,해성디에스,"26,250",상승,"2,550",+10.76%,"5,000","152,167","3,933","25,000","4,462",569,11.22,"160,083","25,100","25,200","7,942",-44.52,10.96,"26,700",792,"2,379",587,8.42,7.92,"24,600","1,108","17,000","6,030","2,340",0.82,800,-10.30
450,세아제강,"157,000",하락,"3,200",-2.00%,"5,000","1,715",270,"160,200","4,453","2,029",3.65,"27,458","160,200","162,500","18,238",N/A,N/A,"160,200",176,"7,113","1,371",9.47,N/A,"155,600",49,"2,836","18,094","43,046",0.40,"7,000",N/A
451,부국증권,"42,950",상승,600,+1.42%,"5,000","3,142",134,"42,650","4,454",367,17.88,"28,792","42,500","43,000","16,514",-46.93,4.05,"43,300",956,"8,811",310,1.47,1.81,"42,500",11,"10,370","7,792","2,402",0.49,"1,500",-4.40
452,동아에스티,"47,600",상승,250,+0.53%,"5,000","2,049",98,"48,000","4,452",-250,-560.00,"15,156","48,000","48,100","13,917",-323.66,-0.18,"48,050",24,"6,829",-232,17.88,-1.74,"47,550",43,"9,353","6,979",-85,0.66,785,5.10
453,KODEX 미국나스닥100(H),"16,940",상승,50,+0.30%,0,"24,103",408,"16,930","4,430",N/A,N/A,"416,254","16,930","16,960",N/A,N/A,N/A,"16,960","19,190",N/A,N/A,0.34,N/A,"16,915","20,005","26,150",N/A,N/A,N/A,N/A,N/A
454,YG PLUS,"6,960",하락,60,-0.85%,500,"56,780",397,"6,980","4,415",-7,54.80,"1,195,333","7,010","7,020","2,378",-103.45,0.73,"7,070",489,686,20,3.96,0.86,"6,950",168,"63,429","1,849",127,2.59,N/A,-17.32
455,쏘카,"13,440",하락,60,-0.44%,100,519,6,"13,400","4,414",-98,-24.80,"6,937","13,520","13,770","6,315",-1.14,-15.69,"13,520",510,"4,480",-310,0.99,-4.73,"13,420",40,"32,842","4,318",-542,2.43,N/A,8.36
456,티웨이항공,"2,045",상승,20,+0.99%,500,"15,722",32,"2,040","4,404",-123,-2.78,"556,356","2,045","2,045","15,624",-108.80,-55.03,"2,050","1,366","14,802",-659,1.17,-4.63,"2,030",670,"215,379","15,368",-736,12.98,N/A,13.94
457,KODEX 인도Nifty50,"13,505",상승,40,+0.30%,0,"23,943",322,"13,460","4,376",N/A,N/A,"202,286","13,465","13,465",N/A,N/A,N/A,"13,510",571,N/A,N/A,0.04,N/A,"13,460","12,256","32,400",N/A,N/A,N/A,N/A,N/A
458,RISE KIS국고채30년Enhanced,"81,120",상승,170,+0.21%,0,"1,718",139,"80,750","4,373",N/A,N/A,"30,887","80,760","81,100",N/A,N/A,N/A,"81,120",28,N/A,N/A,0.02,N/A,"80,760","6,000","5,391",N/A,N/A,N/A,N/A,N/A
459,콜마홀딩스,"12,690",상승,20,+0.16%,500,"26,372",332,"12,830","4,352",381,22.19,"272,404","12,750","12,840","12,914",125.94,4.09,"12,750",374,"4,763",334,20.33,2.59,"12,470",460,"34,296","6,767",572,0.73,200,6.18
460,비에이치,"12,590",상승,190,+1.53%,500,"31,787",397,"12,440","4,339",871,15.92,"330,897","12,470","12,490","13,199",2.67,9.90,"12,590","1,118","5,790",776,10.55,6.44,"12,430","3,000","34,464","17,544",791,0.58,250,10.20
461,명신산업,"8,250",상승,50,+0.61%,500,"9,669",79,"8,100","4,329","1,481",4.03,"166,617","8,200","8,200","12,103",-28.83,20.95,"8,270",579,"5,128","1,291",7.24,11.45,"8,200",94,"52,470","15,738","2,048",0.61,150,-9.49
462,TIGER 미국S&P500(H),"14,295",상승,15,+0.11%,0,"6,006",85,"14,280","4,317",N/A,N/A,"305,118","14,430","14,430",N/A,N/A,N/A,"14,430",301,N/A,N/A,0.10,N/A,"14,280","1,161","30,200",N/A,N/A,N/A,N/A,N/A
463,TIGER 27-04회사채(A+이상)액티브,"53,270",하락,5,-0.01%,0,708,37,"53,275","4,310",N/A,N/A,"31,572","53,275","53,285",N/A,N/A,N/A,"53,285",116,N/A,N/A,0.00,N/A,"53,260",788,"8,090",N/A,N/A,N/A,N/A,N/A
464,세아홀딩스,"106,900",상승,"3,200",+3.09%,"5,000",50,5,"103,700","4,276",992,13.34,"1,055","103,800","106,500","61,055",-50.60,1.53,"106,900",7,"29,554",342,1.17,0.58,"103,800",6,"4,000","60,168","8,013",0.19,"4,000",-6.27
465,한세실업,"10,650",상승,110,+1.04%,500,"4,524",47,"10,550","4,260","1,422",8.62,"178,346","10,620","10,590","14,245",-15.47,8.58,"10,660",284,"7,149",584,4.02,4.39,"10,570",9,"40,000","17,978","1,235",0.60,500,5.21
466,RISE 미국30년국채엔화노출(합성 H),"8,145",하락,75,-0.91%,0,"110,241",897,"8,125","4,223",N/A,N/A,"1,241,685","8,130","8,165",N/A,N/A,N/A,"8,150","3,317",N/A,N/A,0.01,N/A,"8,125","60,000","51,850",N/A,N/A,N/A,N/A,N/A
467,남양유업,"68,800",하락,400,-0.58%,500,280,19,"69,200","4,218",-98,86.98,"9,461","69,800","70,100","7,242",86.28,0.04,"69,800",12,924,2,7.55,0.03,"68,600",6,"6,131","9,528",791,0.90,100,-4.41
468,애경산업,"15,920",하락,140,-0.87%,"1,000","8,235",131,"16,100","4,204",468,12.34,"189,771","16,020","16,210","4,994",-24.40,10.81,"16,100",300,987,425,2.93,8.66,"15,890",20,"26,410","6,791","1,290",1.03,580,1.53
469,더본코리아,"28,350",상승,50,+0.18%,500,"4,392",124,"28,450","4,178",360,10.94,"53,374","28,650","29,500","3,527",40.75,15.52,"28,650",206,851,310,1.30,11.05,"28,150",465,"14,737","4,642","2,591",1.54,300,13.03
470,TIGER 은행고배당플러스TOP10,"17,675",상승,55,+0.31%,0,"107,477","1,893","17,620","4,171",N/A,N/A,"941,416","17,515","17,625",N/A,N/A,N/A,"17,695","1,634",N/A,N/A,0.40,N/A,"17,435",16,"23,600",N/A,N/A,N/A,418,54.05
471,코람코라이프인프라리츠,"4,285",하락,5,-0.12%,500,"8,821",37,"4,330","4,171",356,11.07,"283,131","4,265","4,360","12,792",96.73,4.96,"4,360","1,093","7,776",238,1.36,1.87,"4,265",117,"97,335",485,387,0.86,N/A,N/A
472,TCC스틸,"15,880",상승,100,+0.63%,"1,000","13,280",209,"15,700","4,163",123,19.39,"132,873","15,800","15,780","5,740",9.08,8.30,"16,000",112,"3,149",202,7.71,3.57,"15,670",25,"26,214","5,821",819,1.65,100,-6.78
473,KODEX 미국배당커버드콜액티브,"11,120",보합,0,0.00%,0,"15,693",174,"11,120","4,148",N/A,N/A,"549,550","11,120","11,140",N/A,N/A,N/A,"11,145","3,380",N/A,N/A,0.00,N/A,"11,120",814,"37,300",N/A,N/A,N/A,N/A,N/A
474,BGF,"4,310",하락,10,-0.23%,"1,000","13,757",59,"4,320","4,125",552,4.74,"165,519","4,400","4,325","23,010",-8.82,5.43,"4,400",256,"3,199",948,2.31,4.24,"4,285",3,"95,717","4,341",909,0.24,130,21.80
475,맵스리얼티1,"4,430",상승,5,+0.11%,0,3,0,"4,400","4,113",N/A,N/A,"249,702","4,425","4,450",N/A,N/A,N/A,"4,430","15,000",N/A,N/A,2.64,N/A,"4,425","1,867","92,834",N/A,N/A,N/A,N/A,N/A
476,드림텍,"5,960",하락,10,-0.17%,100,"8,925",52,"5,960","4,106",236,-350.59,"126,136","6,000","5,970","9,081",-30.82,0.95,"6,000",18,"3,930",127,57.19,1.50,"5,890",9,"68,890","11,727",-17,1.03,200,13.81
477,조광피혁,"61,700",하락,"1,200",-1.91%,"5,000",521,32,"62,100","4,103",72,35.26,"6,844","62,500","62,600","6,188",13.90,2.58,"62,500",13,754,126,0.52,2.24,"61,600",58,"6,649",902,"1,750",0.38,N/A,-28.70
478,PLUS 종합채권(AA-이상)액티브,"115,500",보합,0,0.00%,0,0,0,"115,155","4,081",N/A,N/A,251,"115,500","115,235",N/A,N/A,N/A,"115,500","6,000",N/A,N/A,0.00,N/A,"115,500","6,000","3,533",N/A,N/A,N/A,N/A,N/A
479,TIGER 2차전지소재Fn,"3,275",하락,10,-0.30%,0,"228,967",749,"3,285","4,059",N/A,N/A,"1,768,541","3,305","3,290",N/A,N/A,N/A,"3,315","2,005",N/A,N/A,0.82,N/A,"3,240","6,276","123,950",N/A,N/A,N/A,N/A,N/A
480,삼성FN리츠,"4,437",하락,18,-0.40%,500,"6,113",27,"4,455","4,040",78,153.00,"195,104","4,460","4,460","8,768",24.55,0.66,"4,475",399,"4,607",26,0.26,0.32,"4,435",225,"91,050",115,29,0.97,73,23.01
481,남해화학,"8,030",하락,40,-0.50%,"1,000","21,638",175,"8,190","3,989",363,16.12,"256,045","8,200","8,200","7,738",228.08,4.84,"8,210",3,"2,391",215,3.34,2.68,"8,020",154,"49,679","15,191",498,0.71,80,-4.34
482,KODEX 국고채10년액티브,"113,625",상승,65,+0.06%,0,431,48,"113,275","3,987",N/A,N/A,"46,408","113,355","113,580",N/A,N/A,N/A,"113,625","5,998",N/A,N/A,0.01,N/A,"113,355","6,000","3,509",N/A,N/A,N/A,N/A,N/A
483,KODEX 미국AI테크TOP10타겟커버드콜,"10,350",상승,60,+0.58%,0,"25,970",268,"10,290","3,985",N/A,N/A,"507,650","10,330","10,295",N/A,N/A,N/A,"10,365",882,N/A,N/A,0.00,N/A,"10,315",240,"38,500",N/A,N/A,N/A,N/A,N/A
484,대한제강,"16,950",하락,150,-0.88%,"1,000",678,11,"17,100","3,969",103,10.92,"60,270","17,100","17,190","11,498",-90.62,4.91,"17,100",111,"2,538",400,4.88,3.53,"16,930",21,"23,414","12,245","1,552",0.37,500,-15.42
485,수산인더스트리,"27,650",상승,550,+2.03%,200,"26,813",746,"27,350","3,950",435,10.07,"187,364","28,000","27,500","6,238",-13.40,7.77,"28,200",624,"1,054",394,2.16,6.41,"27,450",3,"14,286","3,168","2,745",0.76,800,-2.45
486,HANARO 200,"39,855",상승,215,+0.54%,0,"42,993","1,710",0,"3,946",N/A,N/A,"112,138","39,710","35,340",N/A,N/A,N/A,"39,865",0,N/A,N/A,20.43,N/A,"39,630",736,"9,900",N/A,N/A,N/A,N/A,N/A
487,사조대림,"42,800",상승,350,+0.82%,"5,000","3,654",154,"42,050","3,922","1,330",5.57,"30,792","42,450","42,500","21,236",3.41,14.27,"42,900",18,"12,850",958,2.85,5.66,"42,000",17,"9,164","26,430","7,690",0.52,300,28.11
488,대상홀딩스,"10,790",하락,150,-1.37%,"1,000","20,205",218,"10,830","3,907","1,840",30.92,"337,584","10,940","10,940","44,186",60.56,2.70,"10,970","1,539","27,476",799,7.68,1.86,"10,720",5,"36,213","53,579",349,0.53,270,1.87
489,제주은행,"10,290",상승,260,+2.59%,"5,000","52,697",545,"10,100","3,889",114,36.88,"127,490","10,380","10,110","74,448",335.46,1.85,"10,440","2,332","68,547",104,2.39,0.14,"10,230",38,"37,799","3,797",279,0.56,100,2.30
490,영진약품,"2,125",하락,25,-1.16%,500,"23,515",50,"2,150","3,886",87,-212.50,"290,526","2,155","2,165","2,343",179.79,1.37,"2,155",581,"1,445",12,3.10,0.54,"2,120",563,"182,893","2,520",-10,4.28,N/A,7.30
491,넥스틸,"14,940",하락,760,-4.84%,500,"177,794","2,671","15,860","3,885",632,7.11,"1,382,686","15,300","15,880","6,918",-59.83,7.64,"15,300",267,"2,269",347,2.50,5.20,"14,640",64,"26,002","5,524","2,100",0.81,250,-10.77
492,농심홀딩스,"83,400",하락,100,-0.12%,"5,000","1,110",92,"83,500","3,868",866,5.87,"14,337","83,500","83,600","16,115",15.04,6.39,"84,000",103,"3,940",749,2.60,4.80,"83,200",7,"4,638","7,983","14,201",0.31,"2,500",3.74
493,KISCO홀딩스,"27,200",상승,550,+2.06%,"1,000","2,348",63,"26,650","3,856",-36,22.46,"35,131","26,800","27,000","17,103",-102.43,2.82,"27,350","1,024","1,495",453,7.11,2.58,"26,800",78,"14,176","10,132","1,211",0.30,"1,800",-34.29
494,HL홀딩스,"41,000",하락,200,-0.49%,"5,000",946,38,"41,000","3,856",904,-19.61,"23,174","41,000","41,450","23,708",-1.88,1.91,"41,400",159,"13,062",198,10.17,0.85,"40,900",547,"9,404","13,711","-2,091",0.37,"2,000",6.66
495,KIWOOM 200,"39,700",상승,225,+0.57%,0,"39,548","1,567","39,475","3,851",N/A,N/A,"139,462","39,620","41,520",N/A,N/A,N/A,"39,700",507,N/A,N/A,0.00,N/A,"39,475",7,"9,700",N/A,N/A,N/A,N/A,N/A
496,KB스타리츠,"3,795",상승,15,+0.40%,500,"3,260",12,"3,800","3,849",266,20.29,"275,596","3,830","3,825","10,667",-50.14,4.54,"3,830",157,"6,842",190,0.34,1.81,"3,775","2,906","101,414",382,187,1.01,180,-41.46
497,지누스,"17,270",상승,100,+0.58%,500,"2,403",41,"16,480","3,843",-54,15.20,"74,861","17,050","17,180","11,922",-129.69,-1.05,"17,270",21,"5,195",-68,10.43,-0.61,"17,050",82,"22,255","9,204","1,136",0.55,90,-3.35
498,신세계인터내셔날,"10,800",하락,10,-0.09%,"1,000","3,709",40,"10,720","3,817",268,15.70,"104,214","10,810","10,810","13,331",-44.93,3.85,"10,840",389,"4,866",327,5.34,2.46,"10,780",7,"35,343","13,086",688,0.45,400,-3.37
499,TIGER 미국나스닥100커버드콜(합성),"9,775",보합,0,0.00%,0,"10,286",100,"9,775","3,788",N/A,N/A,"171,749","9,780","9,780",N/A,N/A,N/A,"9,800","1,952",N/A,N/A,0.01,N/A,"9,765",238,"38,750",N/A,N/A,N/A,N/A,N/A
500,현대코퍼레이션,"28,400",상승,150,+0.53%,"5,000","2,694",76,"28,100","3,757","1,335",3.41,"115,420","28,500","28,250","20,623",34.43,19.70,"28,550",12,"14,070","1,210",13.32,5.87,"28,200",5,"13,229","69,957","8,330",0.51,700,6.31
