N,종목명,현재가,전일비변동,전일비,등락률,액면가,거래량,거래대금,매수호가,시가총액,영업이익,PER,전일거래량,시가,매도호가,자산총계,영업이익증가율,ROE,고가,매수총잔량,부채총계,당기순이익,외국인비율,ROA,저가,매도총잔량,상장주식수,매출액,주당순이익,PBR,보통주배당금,매출액증가율
1,알테오젠,"391,000",상승,"3,500",+0.90%,500,"370,874","144,364","389,000","209,048",254,167.31,"555,944","388,500","389,500","4,090",360.91,29.52,"398,000","6,792","1,349",607,14.55,18.25,"381,500","6,080","53,465","1,029","2,337",57.04,0,6.56
2,에코프로비엠,"92,200",하락,200,-0.22%,500,"333,164","30,780","91,800","90,173",-341,-97.15,"400,955","93,300","91,900","43,237",-121.86,-6.26,"94,000","10,485","23,466",-585,11.40,-1.35,"91,200","4,715","97,801","27,668",-949,5.32,N/A,-59.91
3,HLB,"52,300",상승,900,+1.75%,500,"411,141","21,389","52,200","68,735","-1,185",-36.40,"409,957","51,500","52,300","8,874",5.21,-16.33,"52,900","28,814","2,353","-1,080",20.60,-13.22,"51,200","23,755","131,425",681,"-1,437",13.35,0,58.80
4,에코프로,"44,050",하락,250,-0.56%,100,"507,690","22,422","44,000","59,809","-2,930",-34.09,"675,804","44,800","44,050","81,383",-198.28,-12.57,"45,000","17,777","42,998","-2,954",20.89,-3.76,"43,600","19,064","135,776","31,279","-1,292",3.76,100,-56.92
5,파마리서치,"520,000",상승,"19,000",+3.79%,500,"83,742","43,353","518,000","54,650","1,261",51.68,"77,816","510,000","519,000","8,557",36.63,18.93,"525,000","1,317","2,863",889,17.80,12.79,"505,000","2,755","10,510","3,501","10,061",10.66,"1,100",34.14
6,레인보우로보틱스,"281,500",하락,"1,500",-0.53%,500,"165,083","47,164","281,000","54,611",-30,"6,865.85","125,667","283,000","281,500","1,399",93.32,1.62,"295,000","11,498",71,21,7.89,1.57,"278,500","2,511","19,400",193,41,41.38,N/A,26.80
7,펩트론,"192,300",상승,"31,600",+19.66%,500,"1,481,204","272,773","188,800","44,801",-165,-194.83,"619,574","163,800","188,900","1,689",-4.05,-23.46,"205,000",972,172,-220,5.75,-19.91,"162,700","2,679","23,297",32,-987,30.10,N/A,-5.68
8,휴젤,"362,000",상승,"17,500",+5.08%,500,"105,219","37,385","363,000","44,541","1,662",31.43,"93,523","346,500","363,500","9,394",41.13,17.51,"364,500",804,986,"1,431",54.84,15.32,"341,500","3,590","12,304","3,730","11,517",4.64,0,16.69
9,리가켐바이오,"112,300",상승,"3,100",+2.84%,500,"267,688","29,614","111,900","41,113",-209,165.15,"389,123","110,300","112,000","7,384",74.12,2.04,"112,900","2,998","1,224",78,11.14,1.68,"108,300","5,516","36,610","1,259",680,6.98,N/A,268.71
10,에이비엘바이오,"78,800",하락,800,-1.01%,500,"569,526","45,078","79,000","38,240",-594,-57.48,"1,070,238","79,200","79,100","2,320","-2,168.82",-46.01,"80,400","17,968",647,-555,14.81,-28.32,"78,300","8,787","48,528",334,"-1,371",29.92,N/A,-49.04
11,클래시스,"57,600",하락,900,-1.54%,100,"481,870","27,337","57,300","37,731","1,224",36.71,"285,490","58,300","57,400","6,084",36.62,26.54,"58,400","16,130","1,557",975,72.29,19.83,"55,500","18,781","65,506","2,429","1,569",8.06,257,34.87
12,리노공업,"48,050",하락,250,-0.52%,100,"376,146","18,154","47,950","36,620","1,242",30.01,"515,701","48,850","48,000","6,574",8.59,19.21,"49,000","11,502",348,"1,133",35.25,18.27,"47,500","5,294","76,212","2,782","1,601",6.01,600,8.85
13,삼천당제약,"155,000",상승,"1,300",+0.85%,500,"134,954","20,732","154,400","36,359",26,-313.77,"161,914","154,400","154,500","5,198",-72.36,-4.49,"156,600","1,883","1,704",-51,2.96,-1.10,"151,000","1,281","23,457","2,109",-494,13.76,200,9.48
14,에스엠,"140,700",상승,"2,500",+1.81%,500,"193,064","27,384","140,700","32,213",873,12.93,"179,262","140,000","141,000","14,191",-23.06,2.64,"144,700","2,000","5,900",8,25.08,0.06,"137,400",584,"22,895","9,897","10,881",3.55,400,2.98
15,실리콘투,"51,600",하락,100,-0.19%,500,"1,183,513","60,864","51,100","31,565","1,376",23.49,"819,890","51,500","51,200","4,578",187.76,60.90,"53,400","32,298","1,962","1,207",7.02,35.88,"50,300","24,881","61,172","6,915","2,197",10.34,N/A,101.69
16,코오롱티슈진,"38,550",하락,300,-0.77%,0,"212,338","8,232","38,500","31,457",-220,-84.91,"340,862","38,900","38,550","2,223",-7.28,-25.91,"40,000","4,675",764,-338,3.59,-18.92,"38,000","4,135","81,601",51,-454,17.11,0,36.90
17,JYP Ent.,"81,400",상승,"1,400",+1.75%,500,"517,531","41,948","81,000","28,923","1,283",21.36,"657,776","81,100","81,100","6,788",-24.30,22.41,"82,000","13,144","1,959",977,22.02,15.63,"80,000","24,287","35,532","6,018","3,811",5.07,534,6.23
18,펄어비스,"38,550",상승,100,+0.26%,100,"188,801","7,309","38,500","24,768",-123,51.54,"168,879","38,450","38,550","11,428",24.82,7.88,"39,250","7,968","3,368",603,7.38,5.12,"38,400","5,923","64,248","3,424",748,2.93,N/A,2.67
19,젬백스,"53,900",상승,"2,000",+3.85%,500,"243,251","12,969","54,000","22,318",-383,-35.02,"339,639","51,700","54,100","1,507",-387.24,-127.30,"54,700","7,441","1,217",-872,6.09,-61.01,"51,000","14,871","41,406",627,"-1,539",52.78,0,-13.18
20,셀트리온제약,"50,900",상승,500,+0.99%,500,"61,592","3,111","50,500","22,232",372,81.18,"87,559","51,100","50,600","6,695",3.19,5.68,"51,100","10,713","2,725",220,4.60,3.35,"49,750","7,913","43,679","4,778",627,5.50,24,22.90
21,HPSP,"24,150",상승,150,+0.63%,500,"627,065","15,374","24,200","20,165",939,25.05,"555,349","25,100","24,250","3,199",-1.32,31.09,"25,100","23,467",420,863,21.05,26.94,"24,150","28,039","83,499","1,814",964,7.89,600,1.29
22,케어젠,"34,800",상승,"1,150",+3.42%,100,"50,831","1,744","34,600","18,693",342,59.90,"110,311","34,550","34,650","2,407",-15.18,14.35,"34,850","1,843",177,323,4.99,13.24,"33,800","3,663","53,715",826,581,8.03,640,4.26
23,파크시스템스,"266,000",상승,"2,000",+0.76%,500,"11,806","3,126","265,000","18,593",385,33.75,"29,106","265,500","265,500","2,743",39.80,25.83,"268,500",844,864,428,32.69,17.99,"263,000","1,055","6,990","1,751","7,881",9.21,500,20.89
24,보로노이,"99,000",하락,"2,800",-2.75%,500,"164,623","16,257","98,600","18,205",-179,-44.76,"102,323","101,300","98,700",640,-65.09,-96.66,"101,300","3,018",297,-199,4.20,-38.23,"97,200","2,359","18,388",98,"-2,212",33.58,0,-33.93
25,이오테크닉스,"147,100",하락,200,-0.14%,500,"47,692","7,098","147,100","18,122",312,38.86,"96,468","150,100","147,200","6,530",0.84,7.43,"151,200",419,500,427,20.94,6.75,"146,600",532,"12,320","3,209","3,785",2.94,500,1.46
26,네이처셀,"27,450",상승,"1,000",+3.78%,500,"1,112,531","31,720","27,200","17,687",6,"-9,150.00","283,060","30,550","27,250",720,105.82,1.95,"30,600","25,428",74,12,7.32,1.75,"27,000","3,967","64,435",323,-3,27.81,0,67.09
27,씨젠,"33,200",상승,850,+2.63%,500,"427,133","14,171","33,050","17,339",-165,162.75,"209,487","32,350","33,100","12,053",45.17,-2.03,"34,100","15,492","2,238",-203,15.75,-1.65,"32,000","8,761","52,226","4,143",204,1.53,800,12.76
28,CJ ENM,"77,000",상승,"8,200",+11.92%,"5,000","417,352","31,625","77,000","16,885","1,045",-3.07,"129,900","69,300","77,100","93,166",815.59,-16.69,"79,000","1,296","56,386","-5,808",17.09,-6.03,"68,900","4,921","21,929","52,314","-25,100",0.59,N/A,19.76
29,와이지엔터테인먼트,"90,200",상승,"2,900",+3.32%,500,"329,832","29,641","90,400","16,859",-206,72.22,"219,344","87,400","90,500","7,343",-123.65,3.90,"91,200","3,105","1,311",200,14.88,2.71,"86,600","9,513","18,691","3,649","1,249",3.44,250,-35.88
30,스튜디오드래곤,"55,900",상승,"6,600",+13.39%,500,"686,296","37,857","55,700","16,803",364,107.29,"70,677","50,000","55,800","9,255",-34.86,4.63,"57,000","6,490","1,859",335,11.94,3.32,"49,800","14,609","30,058","5,501",521,2.27,N/A,-26.96
31,에스티팜,"83,000",상승,"2,700",+3.36%,500,"205,752","17,152","83,100","16,727",277,55.74,"161,612","80,300","83,300","7,219",-17.36,7.82,"84,700","3,019","2,189",325,6.19,4.65,"79,800","9,433","20,153","2,738","1,489",3.38,500,-3.94
32,신성델타테크,"60,200",하락,"1,200",-1.95%,500,"97,387","5,869","60,000","16,545",272,"-1,308.70","128,837","61,300","60,100","7,741",-9.01,-0.48,"61,700","9,948","4,568",74,8.12,1.02,"59,800","1,619","27,484","9,097",-46,7.80,120,9.12
33,동진쎄미켐,"30,050",상승,50,+0.17%,500,"334,763","10,031","29,900","15,450","2,082",10.06,"355,959","30,450","29,950","20,170",18.19,17.17,"30,450","28,098","9,966","1,435",9.90,7.92,"29,600","18,121","51,414","14,081","2,986",1.51,200,7.50
34,브이티,"42,850",하락,50,-0.12%,500,"764,453","32,667","42,800","15,339","1,109",14.70,"344,015","43,100","42,850","3,596",143.48,56.07,"44,450","6,096","1,189","1,040",10.33,33.75,"41,750","10,249","35,798","4,317","2,914",6.18,N/A,46.09
35,주성엔지니어링,"30,950",하락,"1,600",-4.92%,500,"1,066,673","33,475","30,850","14,630",972,12.42,"499,447","32,850","30,900","9,868",235.88,19.76,"32,900","94,775","4,202","1,068",17.27,11.92,"30,800","17,510","47,268","4,094","2,491",2.43,287,43.78
36,루닛,"48,700",하락,"1,700",-3.37%,500,"362,822","17,755","48,750","14,196",-677,-20.38,"445,709","50,900","48,800","4,350",-60.30,-41.21,"51,000","17,511","2,702",-824,10.04,-23.45,"48,450","3,320","29,150",542,"-2,390",8.23,0,116.03
37,카카오게임즈,"17,010",하락,490,-2.80%,100,"611,190","10,670","17,050","14,096",191,-10.59,"1,092,614","18,450","17,060","31,732",-74.60,-7.96,"18,470","5,174","16,949","-1,281",10.93,-3.86,"16,930","2,385","82,866","6,272","-1,606",1.06,N/A,-13.58
38,디어유,"56,700",상승,"1,300",+2.35%,500,"248,059","14,090","56,700","13,460",254,65.17,"247,521","55,400","56,800","2,203",N/A,N/A,"58,100","2,475",243,244,5.59,N/A,"54,500","3,501","23,738",749,870,6.83,215,N/A
39,엔켐,"62,800",하락,"2,600",-3.98%,500,"205,651","13,075","62,500","13,310",-653,-6.12,"191,757","65,700","62,600","11,269","-2,244.05",-156.31,"66,000","17,722","6,601","-5,712",6.83,-57.41,"62,300","5,867","21,194","3,657","-10,265",2.55,N/A,-13.89
40,HK이노엔,"46,950",보합,0,0.00%,500,"514,948","24,056","46,900","13,301",882,19.41,"1,999,314","45,850","46,950","18,896",33.82,5.02,"47,450","6,789","6,382",616,9.63,3.30,"45,300","8,640","28,330","8,971","2,419",1.06,350,8.23
41,솔브레인,"168,000",상승,"1,400",+0.84%,500,"13,795","2,327","167,600","13,068","1,679",12.62,"15,046","167,100","168,100","11,682",25.82,12.47,"170,000",250,"1,309","1,196",31.50,11.06,"166,200",476,"7,779","8,634","13,317",1.24,"2,300",2.29
42,지아이이노베이션,"20,800",상승,"2,820",+15.68%,500,"1,728,507","33,161","20,100","12,816",-483,-19.28,"1,074,595","18,000","20,150",458,9.46,-116.69,"20,900","3,907",167,-588,4.49,-92.49,"17,620","32,105","61,614",0,"-1,079",10.23,0,-99.54
43,테크윙,"34,200",하락,"1,000",-2.84%,500,"539,844","18,515","33,950","12,775",234,-91.44,"611,508","35,600","34,000","5,062",640.74,-10.25,"35,650","41,410","3,179",-220,10.78,-4.43,"33,850","8,515","37,354","1,855",-374,6.66,130,38.85
44,메지온,"41,450",상승,"2,050",+5.20%,500,"162,717","6,830","41,450","12,438",-143,-54.25,"86,524","40,200","41,500",740,1.31,-36.23,"43,250","2,484",279,-195,20.95,-23.45,"40,200","1,427","30,007",86,-764,28.75,0,-72.85
45,서진시스템,"21,800",상승,100,+0.46%,500,"143,176","3,123","21,800","12,262","1,087",24.77,"413,213","21,850","21,850","21,032",121.85,12.32,"21,950","22,266","12,276",839,6.99,4.63,"21,600","25,233","56,248","12,138",880,1.41,N/A,55.87
46,메디톡스,"166,500",상승,"1,500",+0.91%,500,"61,680","10,147","166,900","12,152",203,57.97,"38,868","164,600","167,000","6,152",17.47,3.62,"167,500","2,182","1,444",161,11.44,2.62,"161,600",956,"7,298","2,286","2,872",2.53,"1,100",3.39
47,원익IPS,"24,100",상승,100,+0.42%,500,"121,402","2,909","23,850","11,829",106,30.74,"200,016","24,150","23,900","11,241",158.88,2.37,"24,300","8,477","2,367",207,24.69,1.88,"23,700","10,704","49,084","7,482",784,1.34,50,8.38
48,비에이치아이,"37,750",상승,50,+0.13%,500,"753,380","28,371","37,600","11,682",219,52.43,"1,159,661","37,350","37,650","5,248",45.34,20.64,"38,650","7,881","4,083",196,17.34,4.12,"36,600","19,294","30,944","4,047",720,9.39,N/A,10.16
49,ISC,"53,400",하락,700,-1.29%,500,"124,995","6,801","53,400","11,319",448,24.77,"227,272","55,100","53,500","5,829",317.11,10.98,"55,900","4,030",597,549,18.69,9.76,"53,100","1,254","21,197","1,745","2,156",2.13,810,24.43
50,하이젠알앤엠,"36,450",하락,300,-0.82%,500,"132,356","4,869","36,250","11,259",-4,-287.01,"182,360","36,950","36,300","1,202",-108.52,-1.92,"37,500","8,819",518,-11,3.88,-0.96,"36,150","1,536","30,888",759,-127,15.60,N/A,-1.76
51,카페24,"46,100",상승,500,+1.10%,500,"241,009","11,134","45,850","11,181",319,37.66,"382,590","47,150","45,900","3,423","1,978.14",13.40,"47,150","10,168","1,267",235,22.41,7.08,"45,500","1,501","24,253","3,025","1,224",5.09,N/A,11.58
52,티씨케이,"94,500",상승,100,+0.11%,500,"22,053","2,082","93,900","11,033",807,14.53,"23,747","94,800","94,300","5,635",21.06,14.78,"95,400","1,217",473,720,65.28,13.60,"93,300",257,"11,675","2,757","6,503",2.15,"1,410",21.65
53,대주전자재료,"71,100",하락,300,-0.42%,500,"92,884","6,621","71,000","11,007",294,29.00,"147,239","72,000","71,100","6,230",372.76,19.30,"72,300","11,918","3,927",364,18.72,7.02,"70,600","6,510","15,481","2,193","2,452",4.59,100,18.56
54,오스코텍,"28,150",하락,250,-0.88%,500,"73,287","2,076","28,250","10,767",-27,"2,815.00","90,891","28,200","28,300","1,708",91.63,0.77,"28,650","10,796",384,-16,10.14,-1.05,"27,950","2,929","38,248",340,10,8.84,N/A,586.89
55,고영,"15,670",하락,130,-0.82%,100,"824,713","12,942","15,580","10,758",33,63.44,"1,281,142","15,880","15,590","3,779",-83.69,6.68,"15,940","37,127",548,210,14.62,5.64,"15,480","5,523","68,655","2,025",247,3.28,140,-10.24
56,제이앤티씨,"18,050",상승,980,+5.74%,500,"467,322","8,388","18,050","10,442",-461,-12.47,"232,061","17,410","18,060","6,397",-261.51,-9.65,"18,430","9,574","3,026",-334,2.05,-5.16,"17,230","2,499","57,848","2,732","-1,448",3.23,N/A,-15.52
57,코나아이,"71,250",하락,"3,550",-4.75%,500,"2,464,579","171,470","71,900","10,376",334,31.13,"3,427,613","72,100","72,000","4,131",-0.80,16.19,"72,800","12,560","2,153",302,2.35,6.90,"66,400","20,648","14,563","2,363","2,289",5.25,680,-15.67
58,위메이드,"30,550",상승,650,+2.17%,500,"296,305","9,080","30,500","10,371",71,4.68,"284,299","31,150","30,550","18,757",106.40,55.57,"31,650","5,713","10,438","1,816",8.47,11.03,"29,900","7,969","33,948","7,119","6,530",2.47,N/A,17.62
59,SOOP,"89,500",상승,"4,500",+5.29%,500,"150,669","13,291","88,900","10,288","1,135",9.96,"120,735","85,200","89,000","7,157",25.69,30.21,"89,600","1,139","3,333","1,024",35.31,15.83,"85,000","6,229","11,495","4,132","8,990",2.44,"1,500",20.10
60,하림지주,"9,170",하락,90,-0.97%,100,"809,427","7,493","9,140","10,271","7,655",10.73,"851,961","9,360","9,150","160,790",34.88,0.90,"9,430","16,600","101,370","1,748",8.27,1.19,"9,090","4,534","112,006","122,730",855,0.29,120,1.75
61,성광벤드,"34,650",상승,300,+0.87%,500,"1,026,831","34,705","34,450","9,677",420,25.27,"1,326,261","33,550","34,500","5,631",-6.35,8.01,"34,900","8,947",443,410,23.69,7.36,"33,000","16,066","27,929","2,277","1,371",1.76,200,-10.61
62,올릭스,"47,600",상승,950,+2.04%,500,"825,754","39,662","47,900","9,413",-309,-18.39,"1,676,660","48,600","47,950",712,-70.02,-120.11,"49,200","3,121",528,-407,4.32,-46.71,"46,700","13,685","19,775",57,"-2,589",37.17,0,-66.73
63,원텍,"10,440",상승,410,+4.09%,100,"1,795,469","18,485","10,440","9,337",348,26.56,"736,305","10,050","10,450","1,779",-24.43,25.76,"10,500","69,639",511,291,6.68,17.58,"9,980","97,328","89,439","1,153",393,6.95,50,-0.32
64,LS마린솔루션,"28,400",상승,"2,450",+9.44%,"1,000","2,521,835","72,897","28,200","9,278",124,56.46,"3,724,166","29,000","28,250","2,543",N/A,N/A,"31,850","15,320",461,132,2.94,N/A,"27,400","8,878","32,669","1,303",503,4.32,160,N/A
65,디앤디파마텍,"85,100",상승,"5,000",+6.24%,500,"324,662","27,286","84,600","9,146",-250,-26.97,"201,707","84,400","84,700",975,-85.50,-49.03,"86,300","6,620",279,-295,4.65,-33.37,"81,700","2,047","10,747",114,"-3,155",14.25,0,-38.77
66,넥슨게임즈,"13,720",상승,80,+0.59%,500,"215,314","2,967","13,690","9,036",387,28.82,"245,484","13,800","13,710","4,872",222.40,10.93,"13,930","55,969","1,745",314,4.84,7.36,"13,630","6,728","65,860","2,561",476,2.76,N/A,32.49
67,국일제지,800,보합,0,0.00%,100,0,0,0,"9,019",-13,-88.89,0,0,0,"1,424",19.80,-9.98,0,0,194,-130,0.82,-7.09,0,0,"1,127,406",564,-9,7.32,N/A,6.08
68,덕산네오룩스,"35,300",상승,500,+1.44%,200,"138,727","4,862","35,200","8,765",525,19.33,"199,709","34,850","35,250","4,523",59.39,12.17,"35,700","2,444",533,458,7.72,10.68,"34,550","4,264","24,831","2,123","1,826",2.13,N/A,29.66
69,유일로보틱스,"76,300",하락,400,-0.52%,500,"107,349","8,270","76,500","8,762",4,166.23,"118,939","76,900","76,600","1,174",106.14,-13.94,"79,200","1,529",224,-91,15.70,-8.91,"75,200","3,015","11,483",352,459,9.08,N/A,19.40
70,필옵틱스,"36,850",하락,150,-0.41%,500,"429,155","15,942","36,700","8,433",138,166.74,"706,599","38,150","36,750","3,827",34.40,3.51,"38,150","22,113","1,441",129,1.80,3.11,"36,600","7,899","22,886","4,109",221,5.49,0,36.96
71,에스앤에스텍,"38,100",하락,400,-1.04%,500,"122,507","4,672","37,750","8,173",295,23.53,"254,069","38,650","38,000","2,970",17.73,13.07,"38,750","4,703",502,303,9.69,10.95,"37,600","1,791","21,451","1,760","1,619",3.12,150,17.09
72,와이씨,"9,810",하락,160,-1.60%,100,"280,416","2,768","9,800","8,049",106,94.33,"339,879","10,050","9,810","5,769",23.66,3.48,"10,100","30,534","1,586",129,0.90,2.45,"9,800","10,938","82,045","2,112",104,2.43,N/A,-17.22
73,레이크머티리얼즈,"12,220",하락,310,-2.47%,100,"198,513","2,459","12,220","8,032",222,43.49,"186,804","12,570","12,230","3,513",-24.93,17.38,"12,800","6,939","2,200",210,6.99,6.46,"12,200","2,329","65,731","1,387",281,6.24,50,17.77
74,동성화인텍,"26,650",상승,700,+2.70%,500,"571,708","15,150","26,350","7,992",540,20.14,"924,666","25,850","26,400","4,555",35.13,21.07,"26,950","9,943","2,530",393,16.64,9.60,"25,750","5,979","29,989","5,974","1,323",3.73,350,11.92
75,우리기술투자,"9,450",상승,"1,580",+20.08%,500,"13,799,470","122,576","9,130","7,938","1,757",5.37,"2,151,841","8,240","9,150","8,038",14.13,24.89,"9,510","51,276","1,376","1,477",3.00,20.59,"7,730","19,971","84,000","1,923","1,759",1.10,N/A,12.60
76,유진테크,"34,550",상승,250,+0.73%,500,"102,359","3,508","34,300","7,917",612,12.20,"150,046","34,550","34,450","5,395",151.49,16.85,"34,650","4,781","1,038",654,29.85,13.40,"33,900","5,258","22,916","3,381","2,831",1.88,230,22.25
77,로보티즈,"59,100",하락,"1,500",-2.48%,500,"630,035","37,665","58,800","7,809",-30,"1,158.82","1,001,762","62,100","58,900","1,002",43.88,-3.31,"63,200","11,095",42,-30,9.60,-2.82,"57,600","5,529","13,213",300,51,7.69,0,3.13
78,동국제약,"17,290",하락,70,-0.40%,500,"146,633","2,538","17,280","7,760",804,13.49,"159,866","17,270","17,290","9,532",20.26,10.66,"17,420","2,217","2,742",623,14.33,6.95,"17,130","2,064","44,884","8,122","1,282",1.27,200,11.10
79,에스에프에이,"21,500",하락,350,-1.60%,500,"69,222","1,494","21,450","7,720",-484,-9.36,"48,015","21,850","21,500","24,796",-154.44,-7.49,"21,950","48,892","9,572",-321,9.06,-1.21,"21,350","3,067","35,909","20,454","-2,296",0.69,270,9.95
80,하나마이크론,"11,470",상승,130,+1.15%,500,"646,844","7,451","11,440","7,601","1,068",-80.77,"702,246","11,470","11,460","19,446",84.43,-6.99,"11,690","20,575","13,388",-112,10.25,-0.61,"11,190","10,795","66,272","12,507",-142,2.08,70,29.21
81,LS머트리얼즈,"11,180",하락,20,-0.18%,500,"205,198","2,295","11,150","7,564",62,243.04,"436,595","11,400","11,160","2,531",-54.33,3.11,"11,400","17,271",460,57,4.17,2.19,"11,010","1,424","67,653","1,421",46,4.12,N/A,3.79
82,피엔티,"31,800",하락,250,-0.78%,500,"133,692","4,260","31,650","7,550","1,632",6.91,"158,550","32,300","31,700","16,203",112.19,26.52,"32,500","15,320","9,957","1,422",4.13,8.83,"31,550","4,201","23,743","10,351","4,605",1.29,100,89.78
83,태성,"24,000",상승,"1,050",+4.58%,100,"311,002","7,296","23,900","7,320",60,279.07,"265,206","22,950","23,950",796,980.50,16.61,"24,000","6,212",386,60,3.71,8.74,"22,700","27,588","30,501",592,86,5.66,0,77.61
84,솔브레인홀딩스,"34,600",하락,"1,400",-3.89%,500,"38,476","1,352","34,650","7,254",853,15.33,"50,543","36,000","34,700","19,966",-29.47,4.62,"36,050","1,467","5,055",557,5.10,2.95,"34,450","1,035","20,964","5,154","2,257",0.54,220,-22.10
85,안랩,"64,800",상승,300,+0.47%,500,"64,274","4,163","64,700","7,210",277,19.37,"88,938","64,300","64,800","4,647",4.77,10.40,"65,900","7,502",959,324,32.11,7.71,"63,500","4,560","11,127","2,606","3,346",1.74,"1,300",8.93
86,HLB생명과학,"5,850",상승,100,+1.74%,500,"254,806","1,481","5,810","7,132",-248,-3.53,"380,508","5,700","5,830","5,390",-1.17,1.95,"5,890","42,853","1,402",62,9.67,1.29,"5,700","22,221","121,917","1,022","-1,657",2.09,0,4.34
87,피에스케이홀딩스,"33,050",하락,150,-0.45%,500,"103,833","3,451","32,950","7,126",885,7.71,"139,445","33,700","33,000","5,136",228.07,24.80,"33,775","8,692",821,958,4.19,20.94,"32,800","2,209","21,562","2,155","4,289",1.65,700,127.53
88,펌텍코리아,"57,100",상승,500,+0.88%,500,"39,032","2,240","56,800","7,080",484,19.87,"49,670","56,500","57,000","4,076",37.15,12.99,"58,900","1,054",869,383,15.36,10.04,"56,500","1,313","12,400","3,375","2,873",2.62,420,18.63
89,한글과컴퓨터,"29,250",하락,500,-1.68%,500,"614,653","17,817","29,150","7,073",404,45.49,"2,153,755","29,050","29,200","6,819",18.37,4.06,"29,450","20,501","1,963",140,6.08,2.13,"28,550","12,231","24,180","3,048",643,2.02,410,12.42
90,코미코,"66,800",상승,"1,300",+1.98%,500,"122,626","8,231","66,200","6,988","1,125",12.18,"189,103","66,800","66,300","8,003",240.50,23.36,"68,800","6,205","4,246",878,19.60,12.60,"65,500","1,230","10,461","5,071","5,483",2.54,"1,000",65.05
91,현대힘스,"19,620",상승,170,+0.87%,500,"406,594","7,956","19,470","6,950",215,38.93,"345,203","19,550","19,500","3,265",48.99,8.07,"19,800","10,879",930,166,1.51,5.74,"19,330","5,849","35,425","2,232",504,2.95,100,17.96
92,HLB테라퓨틱스,"8,230",상승,620,+8.15%,500,"511,331","4,148","8,190","6,944",-76,-25.17,"211,232","7,610","8,210","2,198",12.63,-14.34,"8,380","6,301",379,-235,5.84,-11.16,"7,610","4,262","84,371",549,-327,4.49,0,4.45
93,비츠로셀,"30,250",상승,"1,500",+5.22%,500,"253,892","7,660","30,350","6,919",519,13.20,"72,281","29,200","30,400","3,179",37.73,19.92,"31,100","8,817",348,513,29.46,17.86,"28,750","3,145","22,872","2,108","2,292",2.38,460,19.61
94,아난티,"7,800",하락,170,-2.13%,100,"935,618","7,365","7,820","6,913",8,-41.71,"1,642,294","8,000","7,830","16,224",-99.70,-4.56,"8,020","86,087","9,110",-324,6.83,-2.04,"7,750","13,306","88,629","2,852",-187,0.98,N/A,-68.22
95,심텍,"21,550",하락,200,-0.92%,500,"676,214","14,577","21,600","6,865",-470,-13.54,"634,668","22,250","21,650","14,433",46.70,-6.63,"22,250","13,360","9,948",-310,6.22,-2.37,"21,100","20,314","31,854","12,314","-1,592",1.68,100,18.19
96,휴온스글로벌,"52,800",보합,0,0.00%,500,"70,138","3,679","52,500","6,672",970,25.61,"98,766","53,100","52,600","14,059",-14.88,5.05,"54,000","1,859","4,418",671,7.92,4.93,"51,100","2,469","12,637","8,135","2,062",1.22,525,7.26
97,SAMG엔터,"75,200",상승,"2,200",+3.01%,500,"247,782","18,512","75,300","6,596",-61,-89.31,"555,829","73,000","75,500",974,35.14,-52.24,"76,500","1,445",666,-194,17.93,-19.62,"71,100","10,009","8,771","1,164",-842,17.13,N/A,22.41
98,위메이드맥스,"7,940",상승,190,+2.45%,500,"105,980",832,"7,870","6,585",-81,-31.63,"145,205","7,860","7,930","5,976",-315.03,-3.29,"7,960","4,567",962,-157,11.72,-4.31,"7,610","6,875","82,936",750,-251,1.33,0,7.49
99,엘앤씨바이오,"28,400",상승,"2,500",+9.65%,500,"715,952","20,254","28,300","6,583",25,4.63,"399,094","26,250","28,350","4,756",-68.73,65.41,"29,250","8,237","1,809","1,410",8.75,38.21,"26,250","6,070","23,179",721,"6,131",2.27,50,9.35
100,차바이오텍,"11,530",상승,"1,240",+12.05%,500,"1,306,272","14,640","11,450","6,493",-597,-51.47,"577,069","10,300","11,460","21,944",-523.82,-2.85,"11,580","3,749","14,755",-146,6.96,-0.74,"10,210","66,510","56,314","10,450",-224,2.54,0,9.55
101,다우데이타,"16,840",하락,480,-2.77%,500,"326,988","5,554","16,780","6,450","12,059",4.45,"402,555","17,330","16,800","577,571",80.54,12.96,"17,350","1,601","512,862","8,659",10.45,1.55,"16,600","1,121","38,300","121,361","3,783",0.47,450,17.44
102,솔트룩스,"53,100",하락,600,-1.12%,500,"866,599","46,055","53,100","6,441",-66,-122.92,"3,391,507","52,800","53,200",932,28.63,-6.63,"54,700","19,364",206,-59,3.98,-6.10,"52,100","22,969","12,131",459,-432,9.76,N/A,49.03
103,HLB제약,"18,900",상승,340,+1.83%,500,"112,875","2,126","18,870","6,198",15,115.95,"156,386","18,600","18,900","1,579",107.54,1.98,"19,250","3,134",415,20,0.73,1.35,"18,400","1,357","32,791","1,371",163,5.51,0,0.83
104,나노신소재,"50,800",상승,200,+0.40%,500,"36,250","1,831","50,400","6,197",30,-277.60,"45,721","50,900","50,500","4,422",-74.88,-0.77,"51,600","3,149","1,980",-19,8.22,-0.43,"50,100","1,680","12,198",878,-183,2.48,250,5.53
105,엠로,"49,900",하락,900,-1.77%,500,"73,375","3,654","49,600","6,155",86,30.86,"118,036","50,700","49,650","1,024",84.58,31.88,"50,800","7,445",134,186,4.30,19.17,"49,450","2,391","12,335",795,"1,617",6.79,0,25.77
106,휴메딕스,"53,800",상승,"3,600",+7.17%,500,"160,862","8,487","53,600","6,042",431,13.91,"127,927","51,300","53,700","2,498",15.63,18.41,"54,400","2,656",212,393,10.59,16.72,"50,600","3,830","11,230","1,619","3,868",2.32,630,6.30
107,비올,"10,260",상승,180,+1.79%,100,"547,561","5,523","10,160","5,994",361,17.04,"992,356","10,120","10,170",981,61.62,44.73,"10,260","15,578",92,326,7.14,40.31,"9,970","25,922","58,419",582,602,6.13,20,36.86
108,RFHIC,"22,400",하락,50,-0.22%,500,"176,361","3,944","22,400","5,933",15,78.60,"406,923","22,300","22,450","4,829",404.84,8.60,"22,650","6,732","1,250",197,11.62,3.97,"22,100","12,935","26,484","1,149",285,1.84,100,3.09
109,아이쓰리시스템,"81,800",상승,"1,800",+2.25%,500,"52,765","4,292","81,500","5,813",148,36.40,"110,302","80,900","81,600","1,468",20.94,15.31,"82,800","1,430",411,150,4.91,10.77,"80,100","1,154","7,107","1,207","2,247",5.10,400,-0.69
110,태웅,"29,050",상승,950,+3.38%,500,"6,318,209","193,233","29,350","5,812",228,29.79,"541,833","27,700","29,400","8,126",-42.28,4.42,"33,400","38,140","2,081",247,8.30,3.17,"26,200","5,621","20,007","3,863",975,0.96,N/A,-12.94
111,에스피지,"26,050",하락,400,-1.51%,500,"166,410","4,392","25,950","5,777",123,42.36,"201,589","26,700","26,000","3,975",-22.76,5.54,"26,950","11,461","1,434",131,5.03,3.52,"25,900","4,823","22,177","3,885",615,2.27,150,-1.35
112,인투셀,"38,700",상승,950,+2.52%,500,"714,099","27,881","38,450","5,739",-98,-51.19,"657,189","38,150","38,450",237,43.70,-95.55,"40,550","8,107",162,-99,0.60,-39.93,"37,750","2,105","14,829",29,-756,68.35,0,79.72
113,인카금융서비스,"11,140",하락,310,-2.71%,100,"530,429","5,854","10,990","5,724",863,8.79,"356,905","11,450","11,000","7,074",85.22,50.62,"11,570","5,153","5,602",620,4.87,10.30,"10,810","7,043","51,380","8,323","1,267",3.40,100,49.47
114,바이넥스,"17,510",하락,170,-0.96%,500,"210,166","3,689","17,490","5,723",-308,-22.31,"293,732","17,650","17,500","2,794","-3,050.79",-19.34,"17,770","14,238",978,-352,6.22,-13.12,"17,400","8,435","32,684","1,301",-785,3.02,N/A,-16.00
115,제룡전기,"35,450",하락,450,-1.25%,500,"261,382","9,406","35,450","5,694",978,7.81,"353,105","36,900","35,500","2,418",39.48,49.72,"36,950","11,288",451,799,13.56,39.92,"35,350","1,333","16,062","2,627","4,539",2.91,"1,000",42.84
116,태광,"21,400",상승,50,+0.23%,500,"433,154","9,134","21,300","5,671",399,14.57,"554,064","21,250","21,350","6,603",-30.93,8.20,"21,450","23,999",509,461,14.41,7.17,"20,800","13,943","26,500","2,668","1,469",0.97,250,-14.50
117,메가스터디교육,"52,400",상승,800,+1.55%,100,"26,104","1,363","52,200","5,644","1,236",12.01,"48,078","51,200","52,300","8,783",-2.99,9.97,"53,000",814,"4,116",502,29.10,5.47,"51,000","2,062","10,771","9,422","4,363",1.24,"1,500",0.75
118,피에스케이,"19,410",하락,190,-0.97%,500,"154,592","3,014","19,390","5,622",839,7.17,"212,006","19,800","19,400","5,694",55.08,18.31,"19,830","7,891",976,791,25.55,14.88,"19,360","3,213","28,967","3,981","2,708",1.17,400,13.13
119,시노펙스,"6,400",하락,40,-0.62%,500,"330,417","2,117","6,380","5,614",212,21.69,"414,049","6,470","6,390","2,354",-12.19,18.58,"6,480","49,666",678,280,2.12,12.82,"6,380","19,874","87,720","2,383",295,3.24,0,-9.09
120,넥스틴,"53,300",상승,400,+0.76%,500,"49,303","2,640","53,200","5,584",470,20.86,"49,194","54,000","53,400","1,898",29.89,27.00,"54,200","4,905",322,384,12.38,23.10,"53,100","4,523","10,477","1,137","2,555",3.51,500,29.33
121,쎄트렉아이,"50,800",상승,"3,400",+7.17%,500,"127,571","6,346","50,500","5,563",-31,45.36,"51,127","47,650","50,600","4,470",29.44,3.49,"51,000","3,737","2,230",62,6.29,1.64,"47,400","7,521","10,951","1,713","1,120",2.36,190,36.55
122,서부T&D,"8,380",상승,120,+1.45%,500,"432,506","3,575","8,310","5,525",480,16.40,"537,298","8,320","8,320","28,945",28.91,3.70,"8,390","8,720","16,536",647,11.75,2.47,"8,030","29,743","65,927","1,875",511,0.54,100,10.83
123,코스메카코리아,"51,700",상승,400,+0.78%,500,"89,977","4,686","51,500","5,522",604,13.27,"78,611","51,600","51,600","5,179",22.80,22.07,"53,300","9,428","2,103",537,12.87,11.30,"50,900","2,359","10,680","5,243","3,897",2.56,100,11.39
124,씨아이에스,"7,080",하락,60,-0.84%,100,"185,750","1,321","7,080","5,478",593,9.03,"302,031","7,160","7,090","7,338",52.39,15.16,"7,220","36,554","2,551",562,8.42,8.44,"7,050","11,011","77,372","5,085",784,1.11,N/A,63.96
125,네오위즈,"24,500",상승,700,+2.94%,500,"186,120","4,530","24,400","5,355",329,-65.68,"535,811","24,000","24,450","6,200",4.20,0.49,"24,600","6,420","1,011",-70,12.50,-1.08,"23,800","12,933","21,857","3,668",-373,0.98,N/A,0.33
126,티앤엘,"65,500",상승,"1,700",+2.66%,500,"60,131","3,880","65,100","5,324",570,9.65,"63,568","64,200","65,200","1,971",84.69,30.84,"65,500","3,748",256,464,14.08,27.36,"63,500","4,709","8,128","1,749","6,787",2.92,750,51.47
127,파두,"10,640",하락,70,-0.65%,100,"64,891",688,"10,600","5,259",-950,-6.00,"78,222","10,770","10,620","1,344",-62.28,-64.47,"10,780","5,083",365,-915,6.25,-48.41,"10,500","12,843","49,428",435,"-1,772",6.19,0,93.60
128,컴투스,"41,050",상승,50,+0.12%,500,"47,595","1,948","40,950","5,229",61,-4.68,"86,162","41,000","41,000","16,460",118.47,-10.37,"41,350","1,635","5,961","-1,520",13.49,-9.04,"40,400",936,"12,738","6,939","-8,768",0.48,"1,300",-6.18
129,두산테스나,"27,050",하락,200,-0.73%,500,"94,457","2,575","27,050","5,228",379,38.64,"167,727","27,750","27,100","7,877",N/A,N/A,"27,750","10,365","3,500",368,4.64,N/A,"26,950","13,184","19,327","3,731",700,1.24,160,N/A
130,데브시스터즈,"42,750",상승,"1,000",+2.40%,500,"71,641","3,020","42,650","5,217",272,17.97,"86,854","41,550","42,750","2,604",156.64,19.72,"43,050",603,"1,062",283,10.63,11.31,"41,300","2,537","12,203","2,362","2,379",2.88,0,46.57
131,현대바이오,"10,850",상승,10,+0.09%,500,"169,300","1,838","10,840","5,210",8,-32.78,"213,338","10,840","10,850",677,108.08,-16.36,"10,980","17,876",283,-69,9.38,-11.50,"10,790","3,047","48,022",151,-331,4.43,N/A,58.73
132,인텔리안테크,"48,450",상승,"2,250",+4.87%,500,"144,989","6,978","48,400","5,200",-194,-42.39,"95,955","46,100","48,450","4,407",-281.28,-1.12,"49,400","2,293","1,761",-30,11.57,-0.67,"45,350","2,085","10,733","2,578","-1,143",2.01,100,-15.50
133,큐리옥스바이오시스템즈,"32,050",하락,"1,300",-3.90%,500,"143,291","4,613","32,050","5,176",-134,-57.03,"315,322","32,800","32,100",706,-26.72,-15.94,"33,300","4,471",219,-81,15.05,-12.60,"31,600","1,578","16,149",46,-562,11.35,0,-32.42
134,웹젠,"14,860",상승,210,+1.43%,500,"69,081","1,028","14,870","5,142",546,13.80,"91,805","14,500","14,880","7,509",9.32,8.81,"15,260","2,384",783,568,29.97,7.81,"14,420",827,"34,601","2,147","1,077",0.66,300,9.40
135,에코프로에이치엔,"24,450",하락,150,-0.61%,500,"65,316","1,603","24,350","5,128",242,24.02,"80,237","24,700","24,400","4,667",-42.02,10.59,"25,050","7,442","1,704",215,9.23,6.22,"24,250","1,628","20,975","2,345","1,018",1.74,300,2.43
136,SFA반도체,"3,110",하락,30,-0.96%,500,"266,187",833,"3,110","5,115",0,-207.33,"287,566","3,150","3,115","6,235",99.77,4.51,"3,180","19,314","1,256",205,4.07,3.32,"3,100","27,738","164,460","4,005",-15,1.04,N/A,-3.90
137,가온칩스,"43,800",하락,400,-0.90%,500,"46,555","2,047","43,700","5,080",35,219.00,"67,340","44,700","43,800","1,127",-19.00,11.46,"44,800","4,538",434,75,1.13,7.27,"43,450","2,240","11,597",965,200,7.95,N/A,51.72
138,갤럭시아머니트리,"12,880",상승,730,+6.01%,500,"10,333,066","126,829","12,450","5,053",132,238.52,"7,875,929","12,990","12,460","3,646",43.07,0.72,"13,100","19,283","2,525",6,2.39,0.15,"11,300","7,433","39,230","1,288",54,4.47,45,-2.73
139,하나머티리얼즈,"25,350",하락,100,-0.39%,500,"146,327","3,742","25,300","5,014",434,15.46,"161,943","25,700","25,350","5,739",5.16,8.43,"26,000","10,583","2,201",318,20.02,5.10,"25,200","6,203","19,778","2,516","1,640",1.36,250,7.74
140,대명에너지,"28,700",하락,"1,700",-5.59%,100,"455,893","13,164","28,600","4,893",97,41.29,"2,494,906","29,450","28,650","3,699",-42.03,6.24,"30,000","8,269","2,412",78,0.44,2.18,"28,050","3,881","17,050",678,695,3.57,N/A,9.93
141,현대무벡스,"4,150",보합,0,0.00%,100,"300,139","1,242","4,110","4,891",246,22.07,"401,242","4,205","4,115","2,989",493.03,16.17,"4,225","26,054","1,267",269,2.84,9.83,"4,085","2,527","117,846","3,414",188,3.06,50,27.46
142,유바이오로직스,"13,060",보합,0,0.00%,500,"162,416","2,107","13,070","4,783",343,12.41,"157,470","13,040","13,080","2,021",345.78,15.61,"13,180","3,343",701,190,8.09,10.73,"12,790","8,239","36,624",960,"1,052",3.23,0,38.45
143,감성코퍼레이션,"5,210",상승,50,+0.97%,500,"880,801","4,515","5,170","4,767",361,15.98,"1,189,362","5,170","5,180","1,543",11.82,30.74,"5,250","35,270",419,293,13.46,21.77,"5,070","35,244","91,500","2,204",326,4.08,0,23.85
144,성우하이텍,"5,940",하락,30,-0.50%,500,"310,681","1,842","5,910","4,752","2,059",3.20,"729,360","6,060","5,920","45,631",-19.81,9.86,"6,060","17,907","27,210","1,351",6.51,3.14,"5,810","17,564","80,000","42,451","1,855",0.31,150,-1.78
145,포스코엠텍,"11,350",상승,40,+0.35%,500,"78,834",896,"11,330","4,726",14,-270.24,"73,544","11,330","11,360","1,498",-68.30,0.50,"11,480","5,927",379,6,6.26,0.37,"11,220","5,020","41,643","3,466",-42,4.29,20,1.53
146,테스,"23,850",하락,50,-0.21%,500,"66,227","1,583","23,750","4,715",385,9.13,"149,594","24,300","23,800","3,812",756.34,13.55,"24,400","15,052",506,427,7.12,12.13,"23,700","4,897","19,768","2,401","2,611",1.24,600,63.39
147,제주반도체,"13,520",하락,270,-1.96%,500,"376,103","5,110","13,500","4,657",96,28.17,"496,988","13,930","13,510","2,254",-46.29,11.44,"13,930","20,197",412,194,0.00,9.15,"13,440","7,641","34,443","1,623",480,2.39,N/A,11.28
148,이녹스첨단소재,"22,900",상승,100,+0.44%,500,"86,509","1,986","22,900","4,632",868,6.09,"77,622","22,900","22,950","8,260",105.88,16.27,"23,200","9,334","3,574",701,14.79,10.02,"22,650","6,475","20,228","4,228","3,759",0.91,350,9.25
149,바이오다인,"15,520",상승,30,+0.19%,500,"145,638","2,238","15,590","4,619",-17,"-2,217.14","114,459","15,750","15,640",443,15.65,0.03,"15,750",295,11,0,4.04,0.02,"15,080","1,637","29,764",53,-7,10.70,N/A,28.93
150,지엔씨에너지,"28,000",하락,100,-0.36%,500,"178,945","5,002","27,750","4,606",317,9.58,"302,361","28,500","27,850","2,652",187.62,27.54,"28,500","8,777","1,038",389,7.53,17.18,"27,250","9,236","16,449","2,263","2,924",2.49,100,35.99
151,원익QnC,"17,380",하락,80,-0.46%,500,"115,660","2,023","17,350","4,569",906,9.12,"154,737","17,680","17,360","15,347",9.19,11.67,"17,700","2,042","9,654",615,5.37,4.23,"17,350","1,172","26,288","8,915","1,905",0.95,100,10.62
152,에스티큐브,"6,690",하락,100,-1.47%,500,"142,990",957,"6,670","4,548",-226,-18.48,"143,659","6,790","6,680","1,119",13.15,-33.09,"6,810","26,509",176,-214,3.78,-27.16,"6,620","18,157","67,983",113,-362,5.07,N/A,93.88
153,코난테크놀로지,"39,650",하락,"1,200",-2.94%,500,"288,680","11,401","39,450","4,547",-141,-39.37,"1,074,428","39,600","39,500",444,-28.30,-53.30,"40,500","12,827",248,-136,1.06,-29.42,"38,950","1,876","11,467",263,"-1,007",28.68,N/A,7.74
154,신라젠,"3,285",상승,20,+0.61%,500,"723,822","2,391","3,270","4,538",-268,-16.18,"620,267","3,240","3,280","1,490",-25.40,-28.05,"3,365","42,913",172,-265,2.52,-23.50,"3,210","11,911","138,130",39,-203,3.56,0,-0.33
155,한국기업평가,"99,800",하락,400,-0.40%,"5,000","6,255",622,"98,800","4,531",327,17.98,"6,146","101,800","98,900","1,753",26.48,21.69,"101,800",432,405,286,80.94,17.31,"98,300",262,"4,541","1,041","5,552",4.22,"3,954",8.85
156,삼현,"14,210",상승,120,+0.85%,500,"557,105","7,960","14,170","4,506",55,50.39,"459,870","14,100","14,190","1,403",N/A,N/A,"14,730","10,006",251,83,0.77,N/A,"13,790","2,332","31,708","1,004",282,3.88,50,N/A
157,티에스이,"40,650",하락,450,-1.09%,500,"42,877","1,748","40,500","4,496",399,9.76,"47,948","41,250","40,600","5,194","1,776.34",13.36,"41,400","7,301","1,197",450,6.14,9.36,"40,500",731,"11,061","3,481","4,165",1.29,400,39.70
158,아이센스,"16,150",상승,120,+0.75%,500,"46,558",749,"16,060","4,476",27,414.10,"45,325","15,940","16,110","5,909",-75.68,-0.59,"16,280","4,771","2,479",-20,25.95,-0.36,"15,940",940,"27,715","2,911",39,1.38,100,9.81
159,콜마비앤에이치,"15,190",상승,50,+0.33%,500,"60,707",920,"15,190","4,468",246,35.24,"109,749","15,190","15,200","6,909",-18.62,4.54,"15,300","3,535","2,956",172,2.83,2.48,"14,920",850,"29,416","6,156",431,1.11,308,6.23
160,이엔에프테크놀로지,"31,200",하락,500,-1.58%,500,"46,920","1,474","31,100","4,458",593,11.10,"83,221","31,950","31,150","7,236",148.52,8.21,"31,950","3,788","3,222",297,7.01,4.30,"31,100","1,187","14,288","5,824","2,810",1.09,150,9.67
161,미코,"13,250",하락,330,-2.43%,500,"426,497","5,658","13,280","4,428",946,15.25,"376,277","13,630","13,290","13,927",216.51,20.43,"13,650","1,985","8,598",765,10.86,6.87,"12,950","6,606","33,417","5,405",869,3.73,N/A,41.62
162,클로봇,"17,955",하락,215,-1.18%,500,"349,756","6,324","17,950","4,426",-75,-57.36,"414,765","18,200","17,960",695,-29.94,-15.71,"18,350","18,964",95,-67,0.71,-12.93,"17,940","1,766","24,651",334,-313,7.71,N/A,37.97
163,원익홀딩스,"5,720",하락,150,-2.56%,500,"3,184,215","18,491","5,710","4,418",306,-10.34,"5,620,923","5,910","5,720","18,901",-33.12,-7.41,"5,990","236,597","6,416",-611,4.00,-3.26,"5,670","52,107","77,238","6,455",-553,0.45,N/A,-13.88
164,셀바스AI,"16,400",상승,80,+0.49%,500,"648,380","10,538","16,340","4,414",8,-71.62,"2,372,469","16,200","16,350","3,121",-80.43,-4.61,"16,480","7,228",492,-10,3.93,-0.40,"16,000","7,135","26,915","1,125",-229,3.68,N/A,112.13
165,쏠리드,"7,160",상승,70,+0.99%,500,"623,214","4,471","7,150","4,374",351,14.23,"665,182","7,230","7,160","4,968",-3.11,15.52,"7,250","21,378","1,740",462,10.32,9.69,"7,100","41,617","61,095","3,311",503,1.35,50,3.02
166,바이오플러스,"7,210",상승,370,+5.41%,500,"743,009","5,296","7,190","4,362",237,22.39,"378,559","6,910","7,200","2,643",-15.55,10.83,"7,340","21,954","1,166",175,8.21,8.01,"6,850","17,968","60,500",664,322,2.82,50,2.10
167,인벤티지랩,"40,650",상승,"2,650",+6.97%,500,"522,627","20,915","40,300","4,343",-190,-14.34,"528,741","38,400","40,350",723,-18.81,-91.93,"41,800","6,796",397,-170,2.37,-28.95,"38,400","2,797","10,684",18,"-2,835",12.00,0,170.90
168,코엔텍,"8,940",보합,0,0.00%,500,0,0,0,"4,343",305,16.93,0,0,0,"2,335",-11.33,14.48,0,0,514,263,7.64,11.52,0,0,"48,581",805,528,2.29,0,2.21
169,동화기업,"8,590",상승,20,+0.23%,200,"71,566",615,"8,550","4,343",167,-19.61,"66,952","8,610","8,560","23,972",200.80,-1.40,"8,710","6,682","14,194",-162,50.46,-0.69,"8,510","1,418","50,557","9,180",-438,0.46,N/A,-4.70
170,글로벌텍스프리,"6,110",상승,190,+3.21%,500,"1,037,670","6,252","6,080","4,294",218,36.15,"997,633","5,930","6,090","1,745",121.88,5.60,"6,170","16,475",462,63,16.54,3.66,"5,870","37,891","70,283","1,297",169,3.75,N/A,58.84
171,이뮨온시아,"5,870",상승,160,+2.80%,500,"1,494,485","8,751","5,890","4,285",-126,N/A,"1,359,500","5,760","5,900",262,-6.80,77.02,"5,960","37,336",68,-57,0.18,-18.96,"5,750","76,968","73,004",7,N/A,N/A,0,495.04
172,아스테라시스,"11,600",하락,240,-2.03%,100,"261,673","3,031","11,610","4,252",67,67.05,"258,252","11,920","11,620",247,328.57,40.61,"11,920","6,130",51,54,3.38,25.90,"11,450","6,558","36,655",288,173,11.82,32,64.78
173,골프존,"67,700",하락,200,-0.29%,500,"13,725",935,"67,600","4,248",958,8.47,"21,287","68,400","67,700","6,655",-16.34,11.63,"68,700",998,"2,188",420,22.58,6.45,"67,600","1,246","6,275","6,200","7,991",0.93,"4,000",-9.51
174,네오셈,"9,530",하락,50,-0.52%,100,"170,402","1,626","9,500","4,181",165,24.01,"199,810","9,650","9,510","1,419",103.63,18.96,"9,700","17,178",260,192,0.00,15.47,"9,480","4,053","43,869","1,052",397,3.52,60,4.27
175,한텍,"37,450",하락,500,-1.32%,"5,000","299,383","11,298","37,450","4,165",168,12.56,"591,385","38,050","37,500","2,075",10.40,26.22,"38,550","18,281",958,263,2.69,13.00,"37,050","4,508","11,121","1,559","2,981",3.12,450,-12.73
176,서희건설,"1,812",하락,22,-1.20%,500,"641,988","1,179","1,807","4,164","2,357",3.78,"648,040","1,834","1,808","15,406",3.30,17.64,"1,863","27,808","5,668","1,593",5.36,10.35,"1,806","7,043","229,808","14,736",479,0.34,45,2.20
177,바이오니아,"16,040",상승,10,+0.06%,500,"75,447","1,213","16,030","4,140",-134,-20.83,"86,993","16,010","16,040","3,322","-1,794.54",-9.40,"16,210","5,755","1,053",-190,7.22,-5.88,"15,860",613,"25,810","2,940",-770,1.94,N/A,11.68
178,유티아이,"23,050",상승,250,+1.10%,500,"27,353",629,"22,950","4,138",-322,-15.28,"41,693","22,550","23,000","1,606",-63.41,-49.58,"23,600","4,048",861,-227,13.08,-17.39,"22,350","1,573","17,953",186,"-1,509",6.65,N/A,-4.14
179,제우스,"13,330",하락,170,-1.26%,500,"165,429","2,219","13,310","4,135",492,10.44,"171,509","13,600","13,330","6,409",588.24,12.99,"13,670","10,149","2,586",431,4.62,6.83,"13,290","4,180","31,017","4,908","1,277",1.18,100,21.82
180,케이엠더블유,"10,350",하락,30,-0.29%,500,"127,327","1,323","10,350","4,121",-455,-12.12,"245,240","10,380","10,360","2,690",27.65,-24.24,"10,540","8,788","1,254",-386,6.43,-14.17,"10,250","1,974","39,821",874,-854,2.99,N/A,-12.70
181,큐로셀,"28,750",상승,550,+1.95%,500,"33,906",959,"28,600","4,118",-106,-11.45,"33,953","28,300","28,750",515,-138.14,55.22,"28,850","3,984",490,-77,0.96,-22.88,"27,950","1,718","14,324",0,"-2,512",17.94,0,"8,891.25"
182,다날,"5,930",상한가,"1,365",+29.90%,500,"34,217,532","184,082","5,680","4,089",14,66.63,"16,915,763","5,270","5,690","7,456",-60.17,2.46,"5,930","172,123","4,356",29,5.74,0.39,"4,840","71,754","68,949","2,609",89,1.34,N/A,-11.69
183,케이아이엔엑스,"83,500",상승,600,+0.72%,500,"12,498","1,039","83,000","4,075",237,23.75,"35,584","82,900","83,400","3,368",-10.67,10.13,"84,300",700,"1,068",183,29.19,6.20,"82,100",759,"4,880","1,389","3,516",2.13,600,13.22
184,성일하이텍,"33,050",하락,150,-0.45%,500,"20,871",695,"33,000","4,024",-714,-3.46,"23,554","32,850","33,050","6,795",-756.19,-42.96,"33,950","2,906","4,547","-1,125",2.51,-17.93,"32,800",179,"12,176","1,362","-9,553",2.16,0,-44.93
185,동운아나텍,"19,160",하락,270,-1.39%,500,"61,811","1,187","19,110","4,006",175,29.52,"98,244","19,420","19,170",988,-30.43,37.49,"19,420","3,221",275,247,5.52,26.72,"19,060","2,606","20,910","1,383",649,5.93,109,24.02
186,큐렉소,"9,750",하락,60,-0.61%,500,"140,626","1,371","9,680","4,006",-58,-54.78,"216,462","9,870","9,700","1,026",-612.71,-9.04,"9,890","20,333",92,-88,2.79,-8.34,"9,670","3,215","41,090",555,-178,4.24,N/A,-23.81
187,아이티센글로벌,"17,230",상승,"1,390",+8.78%,500,"3,168,609","53,119","16,890","3,998",586,34.05,"5,925,927","16,520","16,910","9,454",91.90,5.79,"17,940","2,697","6,229",361,4.55,4.19,"15,260","1,772","23,205","49,618",506,4.95,N/A,76.26
188,에코앤드림,"22,350",하락,450,-1.97%,500,"93,488","2,105","22,350","3,975",5,25.25,"94,314","22,900","22,400","4,058",116.42,8.41,"23,100","14,612","1,841",135,0.86,4.83,"22,200","6,728","17,786","1,049",885,1.77,N/A,103.87
189,서울반도체,"6,800",상승,10,+0.15%,500,"98,290",670,"6,800","3,965",8,-14.69,"110,734","6,800","6,810","12,612",101.61,-0.74,"6,850","26,867","5,602",-19,9.35,-0.16,"6,790","11,680","58,305","10,905",-463,0.58,N/A,5.63
190,에이프릴바이오,"17,560",상승,60,+0.34%,"1,000","140,004","2,443","17,410","3,956",169,17.17,"218,344","17,670","17,430",996,226.00,26.90,"17,800","3,126",86,200,5.62,22.32,"17,200",950,"22,528",275,"1,023",4.28,0,N/A
191,유진로봇,"10,490",하락,50,-0.47%,500,"462,701","4,910","10,480","3,935",-42,-80.69,"550,904","10,820","10,490",547,20.92,-8.56,"10,830","16,423",190,-32,13.58,-5.62,"10,480","9,259","37,512",260,-130,11.79,N/A,35.12
192,천보,"39,150",상승,950,+2.49%,500,"29,112","1,130","38,900","3,915",-228,-136.89,"19,150","38,200","38,950","10,079",-182.81,-8.27,"39,500",685,"5,929",-323,4.11,-3.33,"38,000",603,"10,000","1,449",-286,1.06,N/A,-20.68
193,에프에스티,"17,650",하락,170,-0.95%,500,"45,195",802,"17,630","3,875",23,45.84,"98,221","17,960","17,640","5,061",121.21,0.60,"18,000","4,485","2,620",-16,5.10,-0.36,"17,600","3,523","21,956","2,374",385,1.44,5,20.14
194,넵튠,"8,220",상승,910,+12.45%,500,"1,499,565","12,162","8,210","3,839",96,-29.68,"265,925","7,300","8,230","4,075",345.59,0.53,"8,500","5,515",370,48,1.66,1.17,"7,260","5,183","46,702","1,216",-277,0.98,0,21.91
195,우리기술,"2,325",하락,50,-2.11%,500,"10,047,223","23,497","2,320","3,829",6,-50.54,"41,827,058","2,380","2,325","2,655",-91.71,-3.33,"2,400","490,969","1,534",-44,1.61,-1.93,"2,285","394,520","164,677",713,-46,3.41,N/A,12.80
196,덕산테코피아,"18,480",하락,"1,010",-5.18%,500,"192,276","3,601","18,430","3,784",-302,-6.35,"289,334","19,200","18,450","6,630",-385.42,-28.30,"19,340","1,529","4,572",-726,4.31,-12.33,"18,380","2,209","20,477",997,"-2,911",2.01,N/A,5.97
197,하이록코리아,"30,750",하락,250,-0.81%,500,"98,071","3,021","30,650","3,781",501,8.84,"312,258","30,700","30,700","4,727",-3.39,11.38,"31,350","8,063",367,480,27.17,10.49,"30,400","1,412","12,295","1,905","3,480",0.88,"1,150",0.89
198,파트론,"6,610",하락,30,-0.45%,500,"216,066","1,429","6,600","3,768",617,8.34,"176,742","6,640","6,610","7,433",48.05,10.93,"6,660","44,897","1,878",559,16.48,8.02,"6,580","21,085","57,000","14,864",793,0.67,300,26.78
199,코미팜,"5,190",하락,190,-3.53%,100,"149,672",787,"5,190","3,760",62,29.66,"125,461","5,380","5,200","1,228",198.72,22.11,"5,390","30,804",572,147,4.99,12.17,"5,180","18,299","72,440",588,175,5.76,0,37.83
200,켐트로닉스,"24,250",하락,50,-0.21%,500,"223,832","5,481","24,200","3,719",373,20.16,"295,777","25,100","24,250","6,417",95.24,10.70,"25,100","16,078","4,066",214,8.01,3.77,"24,150","9,429","15,334","5,752","1,203",1.84,200,6.08
201,오름테라퓨틱,"17,590",상승,580,+3.41%,100,"309,953","5,380","17,490","3,706",-83,-48.32,"413,246","17,150","17,500","1,538",-108.72,-17.50,"17,720","4,688",321,-57,2.36,-3.64,"16,680","3,392","21,069",209,-364,2.28,0,-84.56
202,바디텍메드,"15,680",하락,170,-1.07%,"1,000","130,550","2,044","15,640","3,683",262,13.21,"125,309","16,060","15,650","2,547",-8.17,13.75,"16,060","10,902",316,272,2.70,11.28,"15,590","7,654","23,487","1,382","1,187",1.58,150,2.94
203,인화정공,"38,250",상승,600,+1.59%,500,"17,106",658,"38,100","3,678",103,-23.64,"20,241","38,350","38,150","4,303",110.01,18.68,"39,600",529,"1,703",400,1.07,10.68,"37,550",598,"9,616",928,"-1,618",1.29,700,-10.74
204,NHN KCP,"9,150",상승,50,+0.55%,500,"952,810","8,667","9,070","3,675",438,8.66,"2,048,433","9,630","9,080","5,703",4.35,18.71,"9,640","6,948","3,051",453,14.33,8.29,"8,890","5,308","40,161","11,053","1,057",1.34,100,13.72
205,퓨쳐켐,"16,620",상승,310,+1.90%,500,"131,655","2,161","16,520","3,673",-95,-37.02,"207,557","16,310","16,540",744,-12.55,-15.94,"16,700","2,336",199,-94,3.71,-12.80,"16,200","2,363","22,102",173,-449,7.16,N/A,23.81
206,한국비엔씨,"5,330",상승,170,+3.29%,100,"4,423,867","23,956","5,340","3,645",107,23.07,"1,073,295","5,200","5,370","2,671",77.07,6.06,"5,620","73,442",306,133,4.42,5.27,"5,140","46,831","68,395",892,231,1.55,N/A,10.16
207,스피어,"9,460",상승,670,+7.62%,500,"705,096","6,438","9,510","3,642",-64,-17.05,"1,451,270","8,860","9,540",446,29.77,-84.53,"9,580","3,686",134,-170,0.93,-53.40,"8,850","4,010","38,501",26,-555,6.01,0,54.88
208,코오롱생명과학,"29,150",상승,400,+1.39%,500,"40,282","1,185","29,050","3,621",-221,-4.55,"39,052","28,850","29,150","4,196",8.35,-64.87,"30,300","3,128","2,702",-931,2.72,-25.54,"28,600","2,250","12,423","1,614","-6,402",1.20,N/A,29.48
209,엔젤로보틱스,"23,800",하락,50,-0.21%,500,"41,375",988,"23,750","3,614",-108,-34.85,"34,447","24,050","23,800",439,-66.88,-40.84,"24,200","7,898",35,-100,2.33,-30.70,"23,550","3,410","15,183",42,-683,9.37,0,-18.17
210,에코아이,"12,120",하락,630,-4.94%,500,"485,581","5,957","12,110","3,591",2,-550.91,"1,007,446","12,690","12,120","1,498",-98.91,1.74,"12,700","9,369",213,23,1.55,1.50,"12,000","4,828","29,631",258,-22,2.95,167,-60.25
211,선익시스템,"37,525",하락,875,-2.28%,500,"55,831","2,102","37,450","3,579",79,-15.68,"55,449","38,400","37,500","3,029",294.87,-47.86,"38,400","8,548","2,565",-281,1.57,-12.83,"37,350","1,589","9,537","1,129","-2,393",7.59,N/A,80.93
212,넥스트바이오메디컬,"43,950",상승,550,+1.27%,500,"50,462","2,217","44,100","3,572",-36,113.86,"66,836","43,450","44,150",588,31.60,14.56,"44,600","1,560",137,29,6.68,6.46,"42,850","2,306","8,127",95,386,7.85,0,95.46
213,칩스앤미디어,"16,860",상승,260,+1.57%,500,"137,390","2,310","16,820","3,567",53,41.22,"103,425","16,800","16,830",840,-32.06,13.46,"17,060","2,622",82,100,2.66,12.16,"16,330","1,275","21,157",271,409,4.52,100,-1.79
214,미래에셋벤처투자,"6,710",하락,70,-1.03%,"1,000","774,398","5,180","6,620","3,565",157,-57.35,"4,081,393","6,800","6,640","10,608",-50.81,2.47,"6,800","29,063","7,089",86,2.19,0.79,"6,540","4,748","53,125","2,339",-117,1.03,85,7.75
215,큐리언트,"10,510",하락,490,-4.45%,500,"205,936","2,157","10,500","3,545",-275,-14.26,"209,898","11,000","10,550",656,-18.37,-45.23,"11,340","13,346",54,-245,2.92,-41.42,"10,290","1,546","33,726",92,-737,6.93,0,1.64
216,씨앤씨인터내셔널,"35,050",하락,400,-1.13%,100,"141,502","5,000","34,900","3,510",290,13.94,"56,487","35,950","35,000","2,951",-9.75,17.15,"36,500","9,621",893,324,5.03,11.78,"34,750","1,828","10,014","2,829","2,514",1.75,"1,000",28.39
217,노머스,"32,250",상승,"1,150",+3.70%,500,"169,528","5,452","32,300","3,507",82,31.56,"110,502","31,200","32,350",988,"4,101.07",15.81,"32,750","5,595",127,99,7.75,13.63,"30,350","6,817","10,876",689,"1,022",3.83,0,62.92
218,GST,"19,030",하락,160,-0.83%,500,"171,846","3,268","18,930","3,507",591,7.83,"156,173","19,370","18,960","3,348",38.89,18.71,"19,430","7,917",665,459,9.42,14.92,"18,850","2,386","18,430","3,462","2,430",1.30,300,24.00
219,삼목에스폼,"23,850",상승,200,+0.85%,500,"22,699",541,"23,750","3,506",753,7.42,"34,681","23,900","23,850","7,813",-39.33,12.04,"24,150","2,717","1,366",734,2.94,9.65,"23,500","2,607","14,700","4,019","3,216",0.53,200,-8.53
220,메디포스트,"10,230",하락,20,-0.20%,500,"33,645",344,"10,230","3,500",-485,-5.39,"60,510","10,270","10,250","4,143",-93.17,-22.22,"10,350","3,359","1,617",-634,4.77,-14.68,"10,100","2,118","34,218",707,"-1,899",1.64,N/A,2.93
221,기가비스,"27,600",상승,300,+1.10%,200,"12,449",344,"27,500","3,498",-18,121.05,"14,729","27,300","27,550","2,297",-105.10,1.63,"27,950","2,728",240,34,1.79,1.50,"27,150","1,956","12,676",261,228,1.79,800,-71.42
222,휴온스,"29,150",상승,500,+1.75%,500,"45,759","1,337","29,050","3,492",397,10.95,"50,380","28,650","29,100","6,063",-29.12,8.77,"29,575","3,749","2,557",291,17.85,5.09,"28,600","1,610","11,980","5,902","2,661",0.97,630,6.93
223,삼표시멘트,"3,230",하락,5,-0.15%,500,"149,687",486,"3,225","3,486","1,039",6.37,"108,111","3,235","3,230","14,851",22.70,9.04,"3,270","24,074","7,289",661,1.97,4.40,"3,210","26,159","107,916","7,908",507,0.47,110,-4.00
224,하림,"3,260",하락,25,-0.76%,500,"1,235,726","4,031","3,250","3,462",285,-171.58,"1,917,564","3,295","3,255","8,328",-29.51,-4.11,"3,295","155,373","5,437",-123,3.89,-1.47,"3,230","96,274","106,210","12,854",-19,1.19,N/A,-8.89
225,인바디,"25,650",하락,150,-0.58%,500,"68,943","1,768","25,500","3,458",367,11.19,"72,525","25,750","25,550","3,058",-4.20,12.71,"25,900","6,628",319,327,36.57,11.27,"25,100","5,998","13,481","2,045","2,293",1.19,400,20.03
226,CJ프레시웨이,"29,050",상승,650,+2.29%,"1,000","101,102","2,948","29,200","3,449",940,13.16,"88,781","28,450","29,250","15,644",-5.27,7.36,"29,800","2,011","11,490",274,14.09,1.87,"28,250","2,306","11,872","32,248","2,207",0.84,450,4.90
227,지씨셀,"21,750",상승,200,+0.93%,500,"86,512","1,869","21,600","3,437",-200,-4.18,"59,390","21,500","21,650","5,783",-590.55,-14.90,"22,050","4,754","1,160",-757,4.58,-12.18,"21,150","5,094","15,800","1,745","-5,205",0.74,N/A,-6.98
228,토모큐브,"25,950",상승,700,+2.77%,500,"284,763","7,334","25,750","3,418",-88,-34.46,"349,576","25,400","25,800",436,-30.40,-27.82,"26,550","13,619",16,-83,5.50,-26.20,"24,750","3,005","13,171",59,-753,8.59,0,58.48
229,에이직랜드,"31,000",하락,500,-1.59%,500,"42,037","1,308","30,950","3,370",-170,-13.88,"58,795","31,850","31,000","1,671",-539.61,-15.39,"31,850","6,200",828,-140,1.09,-8.57,"30,700","1,459","10,872",941,"-2,233",4.40,N/A,26.84
230,쿠콘,"32,800",하락,"3,000",-8.38%,500,"891,686","29,091","32,400","3,364",166,18.41,"4,115,106","34,550","32,450","2,629",0.02,11.48,"35,100","8,879","1,161",158,3.17,6.71,"31,650","3,786","10,255",730,"1,782",2.24,150,6.84
231,대아티아이,"4,725",하락,65,-1.36%,100,"858,536","4,077","4,725","3,330",79,19.05,"1,485,813","4,810","4,730","2,920",122.05,11.52,"4,830","73,228","1,584",147,8.84,5.40,"4,695","27,898","70,473","1,491",248,2.41,N/A,32.77
232,에스티아이,"20,900",하락,100,-0.48%,500,"147,991","3,102","20,900","3,308",273,12.67,"145,829","21,350","20,950","3,688",13.95,10.89,"21,400","30,937","1,080",271,4.00,7.93,"20,750","11,827","15,830","3,340","1,650",1.18,200,4.56
233,CMG제약,"2,295",상승,105,+4.79%,500,"4,483,351","10,076","2,285","3,283",10,-286.88,"2,165,795","2,220","2,290","3,034",-66.40,1.42,"2,315","150,446","1,139",27,4.48,0.99,"2,175","201,209","143,057",991,-8,1.70,0,5.53
234,아이패밀리에스씨,"18,860",상승,150,+0.80%,500,"76,387","1,434","18,830","3,267",336,13.21,"78,104","18,720","18,840","1,223",40.16,35.26,"18,890",696,308,283,6.69,26.68,"18,550","5,136","17,320","2,049","1,428",3.39,118,37.79
235,다원시스,"8,520",하락,160,-1.84%,500,"182,186","1,554","8,470","3,252",76,-16.74,"161,019","8,720","8,480","7,457",-60.32,4.81,"8,760","9,696","4,868",119,7.99,1.69,"8,470","6,396","38,163","3,015",-509,1.37,N/A,-15.74
236,한국정보인증,"7,660",하락,140,-1.79%,500,"9,751,557","75,018","7,590","3,251",189,31.39,"27,001,030","8,020","7,620","4,053",35.02,6.14,"8,260","46,664","1,731",124,0.74,3.40,"7,220","53,815","42,441","1,219",244,1.60,150,32.18
237,월덱스,"19,500",하락,230,-1.17%,500,"70,166","1,373","19,490","3,220",703,5.18,"74,199","19,880","19,500","3,918",8.45,23.78,"20,400","2,837",843,650,4.75,18.44,"19,360","1,386","16,511","3,068","3,768",1.01,60,6.49
238,노바렉스,"17,160",하락,360,-2.05%,500,"112,802","1,944","17,200","3,218",232,12.19,"216,441","17,480","17,210","2,896",-9.06,10.97,"17,520","1,277",693,238,5.69,8.60,"17,000","3,891","18,755","2,977","1,408",1.36,200,-1.47
239,지노믹트리,"13,200",상승,60,+0.46%,500,"84,119","1,101","13,160","3,218",-153,-30.63,"110,394","13,080","13,190","1,307",11.50,-8.24,"13,520","5,043",64,-104,1.17,-7.89,"12,880","8,381","24,377",24,-431,2.61,0,-30.89
240,바텍,"21,500",상승,550,+2.63%,500,"16,993",363,"21,300","3,194",540,6.29,"16,410","21,000","21,350","6,503",-15.74,12.94,"21,550","4,202","1,798",553,26.75,8.93,"21,000","3,920","14,854","3,852","3,418",0.68,100,0.07
241,KG에코솔루션,"6,670",상승,90,+1.37%,500,"237,190","1,582","6,620","3,175","2,265",4.93,"272,834","6,650","6,640","62,134",-26.87,6.74,"6,760","18,255","32,544","2,142",3.71,3.55,"6,530","4,124","47,603","72,849","1,353",0.20,120,0.38
242,에이유브랜즈,"22,250",상승,"2,800",+14.40%,100,"430,128","8,938","21,950","3,151",124,27.57,"605,337","19,270","22,000",448,-23.35,38.45,"22,750","4,989",122,101,0.99,28.58,"18,910","4,236","14,160",446,807,5.32,0,6.48
243,예스티,"15,020",상승,150,+1.01%,500,"42,246",641,"15,030","3,148",113,29.74,"35,976","15,020","15,040","2,044","2,839.92",10.51,"15,400","1,931",786,112,1.97,5.42,"14,920",920,"20,956","1,001",505,2.44,0,25.42
244,킵스파마,"16,490",상승,540,+3.39%,500,"307,071","5,010","16,430","3,146",62,-42.50,"582,032","16,100","16,480","1,652",103.14,2.07,"16,660","3,113","1,020",16,2.90,1.14,"16,010","1,627","19,076","1,276",-388,5.69,0,38.48
245,가비아,"23,200",상승,"1,000",+4.50%,500,"58,167","1,327","23,050","3,140",351,22.31,"46,940","22,200","23,100","6,345",-17.59,9.49,"23,200","2,759","2,878",286,36.87,5.21,"22,100","11,393","13,536","2,824","1,040",1.84,80,7.96
246,에이스침대,"28,300",하락,250,-0.88%,"1,000","8,147",232,"28,200","3,138",662,5.10,"12,682","28,550","28,300","7,824",16.14,9.70,"28,750",868,757,659,1.13,8.79,"28,100","4,147","11,090","3,260","5,551",0.43,"1,450",6.39
247,아주IB투자,"2,585",상승,30,+1.17%,500,"1,185,844","3,039","2,570","3,126",84,37.46,"4,642,471","2,575","2,575","3,417",-52.70,3.20,"2,605","70,029",806,83,1.17,2.39,"2,530","43,347","120,945",656,69,1.17,50,-11.09
248,듀켐바이오,"10,960",하락,190,-1.70%,500,"39,474",436,"11,040","3,119",51,37.15,"37,732","11,120","11,100",652,N/A,N/A,"11,200","4,524",222,80,1.22,N/A,"10,920","3,325","28,455",356,295,7.16,N/A,N/A
249,나우로보틱스,"24,800",하락,150,-0.60%,500,"1,167,351","29,628","24,800","3,112",-29,-56.36,"1,635,058","25,000","24,850",163,47.80,-285.18,"26,000","21,574",105,-37,0.25,-26.63,"24,450","14,644","12,548",121,-440,42.85,0,15.89
250,나이벡,"27,400",상승,700,+2.62%,500,"272,474","7,405","27,150","3,080",-49,-26.15,"273,880","27,400","27,200",625,-120.87,-30.54,"27,800","6,157",302,-93,1.64,-14.43,"26,500","4,743","11,241",246,"-1,048",9.71,0,56.33
251,한양이엔지,"17,070",보합,0,0.00%,500,"36,529",626,"17,060","3,073",862,4.90,"58,608","17,130","17,070","9,087",1.27,13.45,"17,260","4,584","3,067",764,14.18,8.80,"17,020","2,376","18,000","11,863","3,481",0.47,650,15.60
252,피아이이,"8,520",하락,130,-1.50%,100,"932,637","7,964","8,430","3,052",94,26.13,"1,814,687","8,780","8,440",980,136.17,22.56,"8,790","38,772",462,99,0.82,10.41,"8,370","14,499","35,826","1,240",326,4.54,N/A,44.51
253,오픈엣지테크놀로지,"13,810",상승,200,+1.47%,100,"80,346","1,098","13,780","3,039",-246,-12.40,"141,401","13,800","13,790",867,-55.15,-67.14,"13,900","3,233",260,-273,6.34,-41.54,"13,350","3,098","22,003",153,"-1,114",6.67,0,-21.77
254,클리오,"16,790",상승,460,+2.82%,500,"207,806","3,471","16,730","3,034",246,14.85,"207,168","16,430","16,750","2,954",-27.23,12.43,"16,920","4,045",615,272,4.71,9.45,"16,330","5,304","18,071","3,514","1,131",1.27,400,6.29
255,매일유업,"38,500",하락,600,-1.53%,500,"7,036",273,"38,400","3,020",703,7.52,"16,700","39,600","38,450","10,263",-2.62,8.16,"39,600",667,"4,510",455,12.60,4.56,"38,300",277,"7,844","18,114","5,120",0.49,"1,250",1.60
256,한국정보통신,"8,040",하락,110,-1.35%,500,"33,769",274,"8,040","3,011",391,6.71,"76,089","8,210","8,090","4,629",9.66,15.09,"8,240","7,113","1,564",435,62.89,9.62,"8,000","1,170","37,444","7,910","1,199",0.92,N/A,9.08
257,마녀공장,"18,340",상승,90,+0.49%,100,"107,633","1,978","18,340","3,004",186,18.54,"145,832","18,390","18,350","1,295",16.99,15.53,"18,580","3,484",157,164,1.05,13.93,"18,140","2,243","16,378","1,279",989,2.58,N/A,21.83
258,오상헬스케어,"20,650",하락,750,-3.50%,500,"49,008","1,018","20,600","2,996",-248,-34.19,"162,941","21,400","20,650","2,950",-117.35,-3.93,"21,400","8,583",90,-114,1.17,-3.70,"20,300","3,388","14,509",805,-604,1.00,500,-77.38
259,에이치브이엠,"25,150",상승,"2,000",+8.64%,500,"371,622","9,146","24,650","2,993",-68,-34.64,"595,964","23,550","24,750","1,196",-282.11,-17.39,"25,350","2,299",535,-84,0.79,-8.19,"23,450","4,172","11,902",451,-726,4.46,N/A,8.88
260,제닉,"37,450",하락,100,-0.27%,500,"171,423","6,374","37,200","2,984",60,24.61,"150,764","37,000","37,250",382,249.72,44.90,"38,850","2,293",160,76,4.54,24.57,"36,150",567,"7,969",499,"1,522",11.42,N/A,77.80
261,대화제약,"15,940",하락,30,-0.19%,500,"131,117","2,092","15,930","2,967",67,169.57,"175,281","16,090","15,950","2,059",241.83,0.73,"16,150","2,082","1,295",8,0.30,0.39,"15,820","1,745","18,617","1,494",94,4.00,150,5.70
262,제이브이엠,"24,450",상승,100,+0.41%,500,"36,393",892,"24,350","2,956",307,10.42,"71,699","24,450","24,450","2,848",3.04,15.11,"24,800","7,687",825,288,11.97,10.64,"24,250","8,299","12,090","1,594","2,346",1.38,500,1.50
263,프레스티지바이오로직스,"3,810",상승,55,+1.46%,500,"41,590",158,"3,790","2,950",-334,-8.07,"107,684","3,755","3,805","2,894",24.39,-34.26,"3,830","7,804","2,177",-294,41.53,-9.87,"3,745","3,901","77,418",22,-472,2.21,0,-37.32
264,비보존 제약,"5,840",상승,50,+0.86%,"2,500","111,733",648,"5,850","2,926",29,-22.38,"115,075","5,800","5,880","1,844",10.36,-9.48,"5,940","6,289",780,-100,0.97,-5.58,"5,680","7,277","50,105",876,-261,2.84,N/A,22.83
265,브이엠,"12,150",하락,200,-1.62%,100,"25,512",312,"12,190","2,925",-86,296.34,"60,821","12,350","12,200","1,657",21.56,-2.80,"12,430","2,701",414,-35,3.36,-2.18,"12,120",897,"24,076",703,41,2.27,N/A,170.21
266,신성에스티,"32,350",하락,500,-1.52%,500,"23,032",748,"32,250","2,924",88,42.73,"26,268","33,000","32,450","1,444",5.16,7.11,"33,000","1,964",419,71,1.90,5.06,"32,050","2,525","9,040","1,270",757,2.76,200,1.89
267,폴라리스오피스,"5,880",하락,80,-1.34%,500,"431,101","2,542","5,870","2,924",48,46.30,"870,687","5,980","5,880","5,198",-23.14,9.19,"6,010","49,569",857,186,1.51,4.45,"5,830","12,165","49,725","2,763",127,3.24,N/A,156.07
268,큐브엔터,"19,450",상승,920,+4.96%,500,"306,158","5,877","19,420","2,918",166,21.64,"182,140","18,650","19,480","2,700",7.42,13.61,"19,840","1,731","1,117",166,5.29,7.85,"18,300","2,574","15,002","2,183",899,1.71,N/A,53.43
269,HLB이노베이션,"1,999",상승,20,+1.01%,500,"243,977",487,"1,997","2,885",-119,-15.99,"384,164","1,990","1,998","2,680",N/A,N/A,"2,025","24,126",160,-124,2.07,N/A,"1,976","13,335","144,304",254,-125,1.23,N/A,N/A
270,제이오,"8,990",하락,30,-0.33%,100,"60,412",544,"8,940","2,878",-55,-28.45,"78,692","9,020","8,980","2,226",-145.39,-5.67,"9,150","6,849",442,-89,1.64,-4.24,"8,930","1,271","32,018",829,-316,1.50,N/A,-27.62
271,디오,"19,080",하락,360,-1.85%,500,"36,792",704,"19,100","2,859",-407,-6.44,"83,840","19,440","19,110","3,433",-294.94,-20.74,"19,460","3,898","1,392",-413,13.92,-11.62,"19,020",375,"14,982","1,196","-2,963",1.30,0,-23.21
272,티에프이,"25,050",상승,100,+0.40%,100,"36,084",894,"25,000","2,851",44,119.29,"43,229","25,150","25,100","1,267",-52.40,1.94,"25,250","3,092",483,15,1.75,1.33,"24,300","3,845","11,381",736,210,3.40,N/A,-8.34
273,필에너지,"13,310",하락,10,-0.08%,500,"46,377",619,"13,310","2,845",142,34.84,"59,833","13,360","13,320","2,121",-7.25,10.39,"13,460","4,306",691,134,1.74,5.79,"13,270","2,550","21,378","2,854",382,2.08,67,45.08
274,웹케시,"20,850",하락,900,-4.14%,500,"1,908,776","39,503","20,850","2,843",139,36.20,"5,540,182","21,500","20,900","1,259",N/A,N/A,"21,500","26,403",236,72,1.39,N/A,"19,990","14,373","13,636",742,576,2.59,100,N/A
275,뷰노,"20,300",하락,400,-1.93%,100,"85,534","1,734","20,150","2,842",-125,-22.76,"200,189","21,150","20,200",502,20.58,-72.91,"21,200","9,829",195,-130,3.08,-35.80,"20,050","1,916","14,002",259,-892,10.29,0,94.86
276,유진기업,"3,675",상승,5,+0.14%,500,"493,064","1,812","3,665","2,841",550,-4.50,"671,874","3,695","3,670","23,749",-34.86,-6.18,"3,740","35,190","13,482","-1,007",4.58,-4.32,"3,620","13,791","77,311","13,933",-817,0.28,170,-5.44
277,에스에이엠티,"2,825",하락,25,-0.88%,500,"273,876",777,"2,820","2,825",674,5.62,"383,328","2,850","2,825","8,330",25.83,13.46,"2,855","147,245","4,024",544,5.47,7.23,"2,815","57,948","99,995","28,895",503,0.65,200,34.70
278,상아프론테크,"17,650",상승,720,+4.25%,500,"188,254","3,327","17,620","2,822",58,54.98,"72,882","17,000","17,670","3,622",-34.70,3.13,"18,090","2,188","1,612",62,3.61,1.73,"16,880","1,256","15,989","1,718",321,1.39,200,-6.45
279,에스앤디,"97,500",상승,"3,100",+3.28%,500,"64,155","6,090","97,200","2,820",201,15.58,"44,011","94,400","97,400",930,56.19,21.74,"97,900",634,250,170,4.15,17.11,"92,600","1,264","2,893","1,161","6,259",4.02,800,31.56
280,중앙첨단소재,"2,770",하락,240,-7.97%,500,"1,894,184","5,425","2,775","2,820",-78,-4.03,"842,139","3,050","2,780","1,245","-13,814.06",-95.94,"3,050","68,129",278,-768,5.70,-60.25,"2,750","29,987","101,802",187,-688,2.95,0,-28.92
281,샘씨엔에스,"4,805",하락,45,-0.93%,500,"52,294",252,"4,805","2,806",52,73.92,"79,619","4,860","4,810","2,222",278.57,2.70,"4,865","6,515",782,33,1.08,1.60,"4,775","3,006","58,388",533,65,1.89,N/A,72.35
282,KG이니시스,"10,180",상승,220,+2.21%,500,"270,085","2,726","10,170","2,805",610,7.69,"454,461","10,340","10,180","18,664",-42.61,8.63,"10,360","2,532","11,128",447,6.49,2.50,"9,870","6,410","27,554","13,543","1,324",0.56,500,0.71
283,에코마케팅,"8,870",상승,110,+1.26%,100,"153,625","1,364","8,820","2,791",470,10.10,"85,928","8,760","8,840","4,038",-14.75,12.87,"9,020","9,703","1,213",362,11.42,9.64,"8,720","1,453","31,468","3,572",878,1.16,500,1.92
284,인탑스,"16,220",상승,120,+0.75%,500,"31,608",513,"16,180","2,790",38,21.71,"27,352","16,100","16,220","9,007",-79.33,3.34,"16,410","2,068","1,289",234,6.28,2.66,"16,040","2,531","17,200","6,147",747,0.39,200,6.46
285,슈어소프트테크,"5,300",상승,80,+1.53%,100,"491,771","2,612","5,290","2,789",79,25.98,"311,203","5,300","5,300","1,624",-31.22,12.40,"5,420","53,113",563,101,1.66,6.29,"5,160","39,383","52,619",888,204,3.02,N/A,40.31
286,우주일렉트로,"29,750",하락,900,-2.94%,500,"33,843","1,004","29,250","2,749",201,13.12,"43,654","30,900","29,300","3,277",151.12,8.46,"30,900","5,118",814,198,7.05,6.34,"29,250","1,644","9,240","1,762","2,268",0.96,300,10.18
287,씨메스,"23,675",하락,625,-2.57%,500,"100,954","2,415","23,650","2,748",-143,-16.89,"98,325","24,550","23,700",810,-43.04,-28.80,"24,600","11,077",67,-135,2.66,-25.68,"23,600","2,321","11,608",69,"-1,402",3.96,N/A,-9.83
288,아이티엠반도체,"12,110",하락,20,-0.16%,500,"13,724",166,"12,070","2,747",24,-51.31,"26,897","12,010","12,080","5,952",116.15,0.64,"12,380","4,937","4,008",12,2.32,0.20,"11,980",505,"22,683","6,479",-236,1.38,N/A,11.61
289,프로텍,"24,800",하락,150,-0.60%,500,"18,635",461,"24,500","2,728",134,10.07,"32,511","24,900","24,550","3,768",-22.89,7.35,"25,000","2,004",540,127,2.59,3.45,"24,450","2,146","11,000","1,703","2,462",0.73,400,9.11
290,석경에이티,"49,850",하락,450,-0.89%,500,"4,540",227,"49,800","2,719",20,46.94,"11,093","50,100","49,900",492,-42.34,11.43,"51,300",660,94,43,0.98,9.70,"49,600",949,"5,455",138,"1,062",6.51,N/A,13.28
291,슈프리마,"37,400",상승,300,+0.81%,500,"62,584","2,317","37,500","2,714",233,7.88,"92,945","37,500","37,550","2,601",39.76,14.74,"37,600","1,810",235,325,19.42,13.58,"36,650","5,333","7,257","1,082","4,747",1.05,0,14.37
292,원익머트리얼즈,"21,500",하락,300,-1.38%,500,"34,452",742,"21,450","2,711",519,7.80,"69,861","21,800","21,500","5,833",110.29,6.84,"21,900","7,367","1,021",318,16.97,5.88,"21,300","4,008","12,608","3,107","2,755",0.55,350,-20.67
293,뉴로메카,"23,750",하락,200,-0.84%,500,"43,037","1,025","23,650","2,693",-190,-13.76,"53,961","23,950","23,700",952,-28.26,-95.95,"24,250","6,638",844,-168,0.97,-17.55,"23,550","1,854","11,338",253,"-1,726",11.70,0,83.87
294,유니슨,"1,579",하락,74,-4.48%,500,"2,115,952","3,388","1,570","2,692",-125,-14.10,"3,635,614","1,652","1,571","2,490",36.06,-36.03,"1,652","41,316","1,828",-225,1.89,-8.81,"1,559","21,969","170,462",257,-112,4.24,0,-76.12
295,인선이엔티,"5,780",상승,50,+0.87%,500,"134,670",778,"5,740","2,691",232,-11.51,"87,887","5,740","5,750","4,957",-10.18,-5.66,"5,870","24,773","1,731",-189,5.60,-3.62,"5,670","10,846","46,564","2,088",-502,0.80,N/A,-5.48
296,한솔아이원스,"9,400",상승,270,+2.96%,500,"148,128","1,383","9,370","2,688",231,8.20,"123,744","9,250","9,390","2,319",180.71,18.60,"9,440","12,321",497,311,5.46,13.72,"9,080","15,106","28,593","1,571","1,146",1.35,0,26.79
297,소룩스,"5,530",상승,"1,215",+28.16%,500,"11,071,560","61,037","5,570","2,682",-66,-5.29,"340,959","5,600","5,580","1,173","-1,383.71",-58.22,"5,600","47,465",390,-410,0.71,-29.53,"5,120","38,559","48,499",507,"-1,046",3.01,0,-15.28
298,엣지파운드리,"3,400",상승,265,+8.45%,500,"1,373,268","4,523","3,385","2,662",-51,-161.90,"663,730","3,135","3,390","1,316",-4.87,-27.09,"3,400","24,239",547,-180,0.53,-15.27,"3,070","71,220","78,307",373,-21,2.28,0,0.70
299,로킷헬스케어,"17,240",상승,"2,940",+20.56%,500,"12,382,369","213,546","17,390","2,658",-56,-29.07,"598,517","14,500","17,400",113,24.48,9.83,"18,500","12,291",884,-77,0.24,-77.65,"14,330","2,334","15,418",131,-593,-2.79,0,5.59
300,LS증권,"4,790",하락,100,-2.04%,"5,000","220,282","1,058","4,750","2,658",218,19.71,"641,488","4,890","4,760","87,797",-34.30,1.84,"4,920","15,691","79,083",166,1.47,0.20,"4,735","8,210","55,481","16,537",243,0.31,100,25.07
301,툴젠,"30,950",하락,250,-0.80%,500,"12,608",393,"30,950","2,656",-218,37.56,"13,579","31,300","31,000",755,-27.57,14.08,"32,700","2,032",170,62,1.14,7.38,"30,700",413,"8,583",9,824,4.90,0,-19.25
302,오리엔탈정공,"5,820",상승,50,+0.87%,500,"367,591","2,155","5,790","2,652",249,9.18,"470,664","5,770","5,810","2,157",94.84,26.45,"5,940","3,348","1,056",261,7.13,12.60,"5,690","14,509","45,574","2,073",634,2.36,100,31.60
303,와이씨켐,"26,200",상승,150,+0.58%,"1,000","118,202","3,082","26,100","2,649",-82,-17.74,"307,777","27,000","26,150","1,163",-4.30,-30.46,"27,000","5,207",718,-160,2.45,-13.56,"25,400","3,529","10,111",703,"-1,477",5.59,N/A,12.90
304,바이오비쥬,"17,500",하락,900,-4.89%,500,"555,012","9,896","17,570","2,633",92,N/A,"870,022","18,280","17,590",378,N/A,N/A,"18,280","13,692",68,72,0.43,N/A,"17,470","5,515","15,044",296,N/A,N/A,0,N/A
305,AP시스템,"17,210",하락,80,-0.46%,500,"71,404","1,231","17,170","2,630",472,5.73,"73,220","17,310","17,180","5,998",-21.51,15.74,"17,530","3,814","2,632",518,10.05,8.85,"17,040",610,"15,281","5,167","3,002",0.75,530,-3.16
306,폰드그룹,"8,130",하락,190,-2.28%,500,"206,829","1,692","8,090","2,630",413,10.00,"460,803","8,320","8,100","4,227","6,089.52",12.62,"8,490","6,967","1,850",272,0.55,7.13,"8,020","11,016","32,344","3,687",813,1.24,250,"13,154.52"
307,더블유씨피,"7,710",하락,50,-0.64%,500,"175,527","1,361","7,670","2,609",-709,-2.39,"248,300","7,790","7,680","18,102",-252.91,-7.33,"7,900","14,024","8,415",-722,4.09,-4.56,"7,660","5,487","33,843","3,221","-3,229",0.27,N/A,5.60
308,제이에스링크,"9,590",상승,490,+5.38%,500,"270,624","2,623","9,620","2,587",-91,-13.36,"145,496","9,300","9,640",544,-109.85,-42.11,"9,880","5,041",294,-108,0.65,-23.19,"9,200","5,237","26,978",159,-718,7.66,0,-27.52
309,자람테크놀로지,"41,600",하락,500,-1.19%,500,"26,131","1,087","41,550","2,578",4,-279.19,"54,684","41,400","41,600",784,117.07,5.09,"42,450",640,359,20,2.07,3.42,"40,750",793,"6,198",222,-149,6.31,N/A,90.74
310,티엑스알로보틱스,"16,620",하락,150,-0.89%,500,"152,030","2,541","16,610","2,568",53,51.14,"208,197","16,860","16,620",732,46.50,14.93,"16,910","12,539",433,38,1.03,5.84,"16,540","1,543","15,451",572,325,3.70,N/A,118.19
311,비덴트,"3,320",보합,0,0.00%,500,0,0,0,"2,563",-111,5.25,0,0,0,"7,408",-11.76,11.16,0,0,"1,026",672,1.42,9.67,0,0,"77,202",96,632,0.40,N/A,-3.82
312,엠아이텍,"7,850",하락,50,-0.63%,500,"59,799",470,"7,860","2,541",176,13.75,"67,871","7,910","7,870","1,185",24.96,18.13,"7,930","9,537",97,183,7.03,16.83,"7,660","5,672","32,366",538,571,2.28,100,15.88
313,이지홀딩스,"3,935",하락,35,-0.88%,500,"279,364","1,092","3,910","2,539","1,234",18.65,"330,100","3,955","3,915","28,559",18.90,2.70,"3,970","43,878","16,493",351,4.68,1.30,"3,870","4,499","64,516","32,850",211,0.38,250,5.32
314,셀비온,"19,800",상승,"1,550",+8.49%,500,"366,368","7,227","19,810","2,538",-71,-31.78,"106,984","19,020","19,880",344,-41.51,-39.20,"20,500",971,48,-73,4.70,-31.76,"18,740","4,133","12,816",23,-623,9.01,0,55.64
315,시너지이노베이션,"2,880",상승,25,+0.88%,500,"227,193",649,"2,865","2,537",161,62.61,"231,364","2,865","2,875","3,141",7.51,5.75,"2,885","38,679",790,181,12.40,6.05,"2,835","54,632","88,100",906,46,1.30,0,8.88
316,디아이티,"13,420",상승,70,+0.52%,100,"49,422",663,"13,430","2,536",241,8.38,"179,429","13,440","13,440","2,409",178.68,14.50,"13,560","1,726",280,289,4.64,12.78,"13,150","3,508","18,900","1,167","1,601",1.17,380,8.96
317,진성티이씨,"11,280",상승,400,+3.68%,500,"691,548","7,832","11,230","2,536",244,11.24,"255,870","10,880","11,250","4,554",-38.26,8.48,"11,550","20,502","1,931",210,7.98,4.89,"10,820","4,196","22,482","3,905","1,004",0.85,200,-19.50
318,이스트소프트,"21,750",하락,550,-2.47%,500,"191,164","4,188","21,650","2,533",-135,-25.89,"604,049","22,550","21,700","1,991",-51.08,-16.62,"22,550","9,300","1,106",-146,1.58,-7.52,"21,500","7,209","11,647","1,025",-840,3.44,0,10.79
319,미래나노텍,"8,160",상승,50,+0.62%,500,"88,871",724,"8,110","2,530",249,8.27,"128,656","8,140","8,120","5,976",81.41,8.51,"8,200","5,871","2,802",258,4.12,4.22,"8,070","21,721","31,010","6,223",987,0.81,50,-10.33
320,와이즈넛,"19,250",상승,50,+0.26%,500,"774,201","14,849","19,260","2,521",17,192.50,"3,098,350","19,200","19,270",580,-50.74,6.10,"19,690","10,998",66,31,1.55,5.38,"18,620","6,245","13,097",349,100,4.05,71,-0.72
321,인트로메딕,"5,850",보합,0,0.00%,100,0,0,0,"2,515",-15,-42.39,0,0,0,105,58.32,-101.85,0,0,48,-70,0.76,-49.54,0,0,"42,998",104,-138,41.17,0,4.09
322,위지윅스튜디오,"1,470",하락,35,-2.33%,500,"1,987,516","2,981","1,471","2,514",-118,-4.71,"3,689,223","1,499","1,472","2,935",41.74,-28.05,"1,544","26,554","1,199",-603,5.53,-19.10,"1,456","16,321","171,049",804,-312,1.53,N/A,-45.41
323,동방메디컬,"12,100",하락,120,-0.98%,500,"1,147,886","13,784","11,990","2,514",150,58.45,"3,236,175","12,180","12,000","1,504",-8.69,4.60,"12,290","13,977",696,31,4.14,2.34,"11,700","9,155","20,775","1,051",207,2.19,0,15.67
324,골프존홀딩스,"5,860",하락,80,-1.35%,500,"187,282","1,106","5,820","2,510",394,5.14,"350,708","6,010","5,860","10,503",-26.50,6.02,"6,040","26,845","3,037",436,3.24,4.18,"5,780","8,214","42,837","3,862","1,139",0.32,250,-8.94
325,제테마,"6,990",하락,10,-0.14%,500,"88,960",615,"6,980","2,507",41,-102.79,"138,372","7,030","6,990","2,227",56.09,-0.26,"7,040","11,029","1,513",-26,1.12,-1.13,"6,860","13,679","35,859",685,-68,3.64,0,16.70
326,동원개발,"2,760",하락,30,-1.08%,500,"146,334",405,"2,755","2,506",210,98.57,"370,898","2,800","2,770","13,783",-29.97,1.76,"2,800","13,671","3,320",183,2.94,1.30,"2,735","7,711","90,808","5,204",28,0.24,80,-29.35
327,에스바이오메딕스,"21,100",상승,200,+0.96%,500,"143,480","3,072","21,000","2,502",-54,-34.59,"315,598","20,900","21,100",446,9.06,-70.89,"21,900","5,131",263,-58,1.38,-15.21,"20,500","5,354","11,860",137,-610,23.92,0,4.77
328,해성산업,"7,670",하락,220,-2.79%,500,"59,479",460,"7,670","2,497",714,-159.79,"160,960","7,890","7,690","25,920",-32.81,0.79,"7,950","6,497","12,440",-34,1.32,-0.13,"7,600","2,439","32,557","22,204",-48,0.32,225,-3.81
329,로보스타,"25,300",하락,300,-1.17%,500,"99,068","2,522","25,200","2,467",1,-937.04,"98,287","25,800","25,250","1,126",-86.92,2.44,"26,000","16,092",206,22,2.83,1.94,"25,100","5,272","9,750",891,-27,2.75,N/A,-13.19
330,GRT,"3,050",하락,45,-1.45%,0,"364,414","1,122","3,035","2,466","1,470",3.13,"1,570,541","3,120","3,040","16,913",86.68,12.05,"3,175","60,002","7,628","1,105",80.10,6.96,"3,020","23,453","80,850","8,424",974,0.27,2,9.73
331,아이스크림미디어,"18,690",하락,250,-1.32%,500,"34,108",636,"18,700","2,463",461,7.50,"77,016","18,880","18,750","2,229",35.41,23.29,"18,880","2,609",396,311,7.62,18.42,"18,540",598,"13,177","1,522","2,493",1.42,738,23.67
332,이트론,271,보합,0,0.00%,200,0,0,0,"2,456",-56,24.64,0,0,0,"1,195",0.61,-2.85,0,0,235,-23,3.54,-1.90,0,0,"906,131",163,11,2.53,0,-45.05
333,매커스,"15,160",하락,"1,140",-6.99%,500,"203,644","3,154","15,140","2,450",269,10.59,"348,741","16,300","15,160","4,092",2.04,18.59,"16,400","4,183","2,958",202,17.83,5.76,"15,060",303,"16,163","1,996","1,431",1.20,200,13.78
334,네오팜,"15,080",하락,120,-0.79%,500,"52,799",795,"15,060","2,417",247,10.03,"140,206","15,110","15,090","1,924",-2.58,13.69,"15,280","6,353",156,231,14.16,12.47,"14,920","2,986","16,028","1,190","1,503",1.35,600,22.56
335,에치에프알,"18,150",하락,90,-0.49%,500,"38,547",699,"18,060","2,416",-202,-22.49,"132,943","18,530","18,070","2,711",-140.39,-11.34,"18,530","4,103","1,123",-185,5.96,-6.86,"17,760",768,"13,309","1,571",-807,1.53,N/A,-4.32
336,KH바텍,"10,190",보합,0,0.00%,500,"54,587",560,"10,180","2,413",219,10.53,"62,599","10,240","10,190","3,871",-34.96,8.33,"10,370","8,529","1,248",213,8.08,5.84,"10,170","6,254","23,677","3,110",968,0.86,330,-14.46
337,엑스게이트,"8,430",하락,120,-1.40%,100,"307,175","2,600","8,400","2,406",35,83.47,"589,612","8,610","8,410",671,-15.05,9.43,"8,610","20,079",227,40,0.48,6.83,"8,390","10,087","28,543",432,101,5.53,N/A,0.92
338,온코닉테라퓨틱스,"21,800",하락,600,-2.68%,500,"150,650","3,296","21,850","2,398",-48,-25.03,"303,851","22,200","21,900",609,-315.06,-44.55,"22,300","16,876",49,-81,1.62,-16.44,"21,600","8,918","11,002",148,-871,4.06,0,-29.53
339,네오위즈홀딩스,"27,850",하락,250,-0.89%,500,"55,679","1,573","27,750","2,393",204,-14.60,"139,262","28,400","27,800","8,225",17.46,-3.65,"29,650","1,416","1,467",-196,3.35,-2.28,"27,300","1,013","8,594","3,681","-1,908",0.55,313,0.40
340,유니테스트,"11,310",하락,290,-2.50%,500,"188,365","2,150","11,270","2,390",-234,-10.05,"287,725","11,580","11,290","1,850",-428.15,-19.88,"11,800","13,481",680,-273,6.43,-14.28,"11,200","1,452","21,134",924,"-1,125",2.02,N/A,-44.90
341,앱클론,"12,500",상승,190,+1.54%,500,"152,551","1,923","12,510","2,387",-156,-13.34,"133,318","12,480","12,520",482,-33.87,-57.57,"12,850","3,229",188,-163,8.49,-34.83,"12,340","1,150","19,093",23,-937,9.68,0,-18.67
342,더즌,"3,315",하락,80,-2.36%,100,"14,465,077","48,692","3,310","2,367",100,20.59,"38,327,176","3,480","3,315","1,157",-6.08,28.06,"3,610","80,865",743,99,0.67,9.39,"3,170","77,329","71,413",627,161,3.55,0,48.96
343,오가노이드사이언스,"35,900",상승,"3,450",+10.63%,500,"2,917,089","105,469","36,550","2,348",-122,-16.82,"335,037","33,000","36,600",259,-24.91,36.26,"37,900","3,194",106,-115,0.87,-39.34,"32,650","6,402","6,541",20,"-2,134",12.36,0,22.77
344,펨트론,"11,030",하락,90,-0.81%,500,"99,010","1,105","11,020","2,348",-36,-73.53,"224,645","11,330","11,050",717,-144.94,-6.32,"11,500","5,156",436,-19,6.51,-2.61,"10,960","3,728","21,288",570,-150,9.10,N/A,-22.67
345,박셀바이오,"10,080",상승,200,+2.02%,500,"135,750","1,359","10,010","2,344",-150,-21.49,"109,315","9,910","10,030",769,-30.68,-13.67,"10,140","4,883",49,-106,4.32,-13.12,"9,750","3,807","23,257",19,-469,3.26,0,"13,737.28"
346,파멥신,"2,915",보합,0,0.00%,500,0,0,0,"2,338",-77,-44.85,0,0,0,543,36.27,-15.32,0,0,66,-49,0.00,-12.16,0,0,"80,201",39,-65,4.90,N/A,"5,083.24"
347,뉴파워프라즈마,"5,340",상승,250,+4.91%,100,"722,562","3,853","5,330","2,333",325,11.74,"342,345","5,190","5,340","9,415",102.30,7.43,"5,450","29,518","5,465",232,4.36,2.87,"5,170","33,517","43,693","5,198",455,0.79,50,48.24
348,토비스,"14,510",상승,290,+2.04%,500,"119,036","1,712","14,450","2,331",584,4.27,"563,595","14,440","14,480","5,281",127.52,26.76,"14,520","14,994","2,636",613,12.74,12.06,"14,150","4,661","16,067","6,238","3,400",0.90,300,39.43
349,휴림로봇,"2,110",하락,30,-1.40%,500,"2,292,067","4,858","2,100","2,326",-49,-105.50,"2,150,094","2,165","2,105","3,349",-165.20,-5.59,"2,165","341,703","1,225",-94,2.41,-4.16,"2,100","170,831","110,238","1,331",-20,1.90,N/A,61.01
350,모두투어,"12,300",상승,100,+0.82%,500,"119,916","1,459","12,270","2,325",47,23.25,"160,355","12,410","12,290","2,349",-59.75,15.33,"12,410","6,399","1,638",108,13.22,4.06,"12,040","5,524","18,900","2,516",529,2.89,250,40.86
351,한중엔시에스,"25,500",하락,900,-3.41%,500,"260,024","6,690","25,700","2,310",96,12.52,"158,833","26,400","25,800","1,668",175.55,36.13,"26,400","13,508",864,154,0.84,10.61,"25,500","4,584","9,058","1,773","2,036",2.82,N/A,45.83
352,JTC,"4,450",하락,345,-7.19%,0,"1,159,624","5,229","4,430","2,303",219,7.06,"807,084","4,820","4,440","2,644",246.06,26.40,"4,850","14,178","1,825",205,10.29,7.72,"4,350","3,657","51,746","1,500",630,1.93,0,318.86
353,윤성에프앤씨,"28,800",보합,0,0.00%,100,"13,656",395,"28,650","2,298",319,9.30,"22,650","28,850","28,700","3,009",20.55,20.70,"29,250","2,008","1,036",371,1.40,11.47,"28,550",181,"7,979","2,713","3,097",1.17,200,-13.28
354,모트렉스,"9,210",상승,40,+0.44%,500,"66,579",609,"9,180","2,290",436,13.43,"76,219","9,200","9,190","9,318",-18.01,8.22,"9,260","7,425","6,600",193,2.68,2.64,"9,030","1,386","24,862","5,869",686,0.94,162,10.52
355,피에이치에이,"10,890",상승,50,+0.46%,500,"43,905",480,"10,870","2,287",515,3.98,"49,196","10,880","10,890","10,696",6.60,8.14,"11,130","2,742","2,694",619,12.49,6.03,"10,680","2,462","21,000","11,529","2,739",0.26,350,1.61
356,아스트,578,하락,7,-1.20%,500,"1,207,507",704,575,"2,284",-64,19.93,"685,492",585,579,"5,620",82.42,-10.50,592,"66,489","2,659",-171,1.35,-3.32,573,"158,507","395,158","1,714",29,0.73,0,1.72
357,제넥신,"5,010",상승,50,+1.01%,500,"97,094",485,"5,020","2,282",-372,-3.07,"85,589","4,955","5,030","3,450",9.69,-22.82,"5,080","1,315",834,-637,3.90,-17.66,"4,925","6,810","45,540",29,"-1,633",0.94,N/A,-33.75
358,아이씨티케이,"16,990",하락,"1,470",-7.96%,500,"1,044,219","18,267","17,010","2,280",-67,-34.05,"752,179","18,460","17,020",458,N/A,N/A,"18,500","10,969",28,-58,1.39,N/A,"16,820","4,094","13,421",67,-499,5.51,0,N/A
359,네패스,"9,880",하락,320,-3.14%,500,"162,839","1,618","9,860","2,278",34,-5.69,"858,187","10,120","9,880","7,101",-66.22,-48.21,"10,190","2,978","5,029",-794,6.71,-9.49,"9,700","2,327","23,059","4,643","-1,736",2.09,N/A,-0.99
360,티씨머티리얼즈,"6,650",상승,420,+6.74%,500,"8,477,268","56,797","6,630","2,276",109,35.75,"1,844,639","6,460","6,640",762,25.76,12.51,"6,990","48,566",193,63,0.90,8.58,"6,360","28,155","34,228","3,039",186,3.87,0,20.57
361,세경하이테크,"6,330",상승,40,+0.64%,500,"435,486","2,766","6,280","2,270",315,7.80,"200,714","6,410","6,300","3,450",-12.96,18.47,"6,470","23,848",962,413,9.34,12.72,"6,260","12,564","35,860","3,203",812,1.24,100,5.21
362,리파인,"13,060",하락,10,-0.08%,100,"45,995",602,"13,100","2,263",205,12.47,"176,229","12,960","13,140","1,816",-9.08,12.53,"13,220","3,698",112,206,3.27,11.63,"12,900","3,941","17,330",678,"1,047",1.12,N/A,2.05
363,디앤씨미디어,"18,070",상승,"1,370",+8.20%,500,"1,150,512","21,627","18,030","2,263",103,20.82,"47,016","17,300","18,060","1,153",194.82,13.25,"20,000","6,321",272,108,1.50,10.09,"17,180","3,711","12,524",835,868,2.49,N/A,38.33
364,티로보틱스,"12,020",하락,150,-1.23%,500,"358,834","4,368","12,010","2,258",-70,-68.30,"483,484","12,200","12,030","1,070",14.71,-1.78,"12,450","21,306",755,-8,1.82,-0.66,"12,010","9,344","18,782",607,-176,6.45,0,-9.01
365,씨어스테크놀로지,"17,930",하락,190,-1.05%,500,"88,405","1,589","17,930","2,258",-87,-32.25,"82,566","18,130","17,960",281,11.44,-60.13,"18,220","1,865",67,-89,3.44,-39.23,"17,720","1,549","12,591",81,-556,10.77,N/A,329.69
366,케이티알파,"4,595",상승,15,+0.33%,"1,000","108,379",499,"4,585","2,252",246,10.12,"99,065","4,580","4,595","4,621",156.07,7.78,"4,645","10,179","2,009",197,1.17,4.40,"4,575","14,180","49,019","3,882",454,0.83,N/A,-1.17
367,파이버프로,"6,840",상승,230,+3.48%,100,"175,648","1,183","6,820","2,247",72,30.81,"217,556","6,650","6,840",499,175.42,20.26,"6,870","3,725",113,72,2.02,15.80,"6,600","7,823","32,854",329,222,5.91,66,69.93
368,쓰리빌리언,"7,070",상승,80,+1.14%,100,"371,478","2,610","7,070","2,243",-74,-30.74,"876,995","7,090","7,080",302,11.17,-32.81,"7,140","16,325",19,-66,6.35,-24.76,"6,900","18,025","31,722",58,-230,8.40,N/A,111.41
369,SG,"2,270",상승,25,+1.11%,100,"501,824","1,144","2,270","2,237",-61,-9.12,"768,679","2,255","2,275","2,328",54.95,-50.91,"2,315","29,897","1,461",-362,1.09,-17.22,"2,220","45,468","98,559","1,189",-249,2.08,0,46.98
370,한국캐피탈,707,상승,23,+3.36%,500,"699,391",489,706,"2,231",969,2.76,"545,011",687,709,"44,603",17.93,12.62,717,"42,617","37,866",811,0.29,1.94,682,"143,567","315,610","4,626",256,0.32,30,21.08
371,나이스정보통신,"22,300",하락,850,-3.67%,500,"51,322","1,163","22,350","2,230",399,6.26,"119,978","23,600","22,400","11,226",8.55,11.22,"23,600","4,380","7,367",377,23.37,3.23,"22,300","4,879","10,000","9,751","3,562",0.55,810,9.37
372,잉글우드랩,"11,200",상승,430,+3.99%,0,"318,907","3,490","11,050","2,225",188,13.69,"291,021","10,790","11,060","1,997",-34.86,15.17,"11,240","4,230",558,196,10.95,10.51,"10,610","7,537","19,868","1,822",818,1.54,103,-11.88
373,우양에이치씨,"15,280",상승,80,+0.53%,500,"34,647",533,"15,270","2,223",311,16.12,"45,585","15,370","15,280","2,609",23.02,17.19,"15,720",569,878,274,0.70,10.63,"15,150",354,"14,548","1,832",948,1.20,N/A,-8.40
374,아나패스,"18,250",상승,380,+2.13%,500,"36,331",658,"18,140","2,213",200,11.48,"27,816","18,100","18,160","1,176",348.44,29.88,"18,250","4,296",449,189,4.46,16.47,"17,920",525,"12,123","1,822","1,590",2.90,N/A,154.96
375,서호전기,"42,950",상승,"1,700",+4.12%,500,"49,511","2,088","42,400","2,212",16,14.44,"87,805","41,950","42,500","1,020",-87.32,12.69,"43,150",673,126,115,4.14,11.15,"40,500",858,"5,150",465,"2,974",2.22,"2,500",-29.78
376,동신건설,"26,300",하락,700,-2.59%,500,"104,649","2,757","26,200","2,209",6,148.59,"156,564","26,850","26,250","1,126",-90.76,3.07,"27,000","11,255",139,30,1.16,2.60,"26,000","6,353","8,400",690,177,2.30,250,-16.65
377,하이비젼시스템,"14,740",상승,130,+0.89%,500,"97,380","1,438","14,720","2,202",310,6.81,"75,912","14,720","14,730","3,657",-47.30,15.91,"14,900","3,333",761,404,13.99,11.14,"14,620","3,047","14,942","3,120","2,163",0.70,400,-10.41
378,인터로조,"16,630",하락,630,-3.65%,500,"89,457","1,504","16,780","2,198",58,-102.02,"77,638","17,260","16,790","2,344",12.02,0.11,"17,280","1,234",645,2,8.64,0.07,"16,580","1,452","13,216","1,158",-163,1.24,300,-2.90
379,에이디테크놀로지,"16,270",하락,230,-1.39%,500,"53,423",872,"16,310","2,187",-170,-13.10,"79,534","16,590","16,330","2,449",2.61,-10.24,"16,700",472,"1,133",-152,2.22,-5.68,"15,350","1,208","13,441","1,065","-1,242",1.63,N/A,6.36
380,안트로젠,"21,850",상승,700,+3.31%,500,"8,457",184,"21,850","2,186",-37,-88.10,"30,902","21,150","21,900","1,161",26.09,-1.91,"22,000","2,139",59,-23,4.55,-1.73,"21,100","1,826","10,006",69,-248,2.32,N/A,6.66
381,포바이포,"19,600",하락,"1,900",-8.84%,500,"1,584,904","31,847","19,620","2,178",-139,-21.66,"5,480,618","21,350","19,640",590,14.56,-32.55,"21,350","6,808",285,-123,2.48,-19.52,"19,400","7,678","11,113",333,-905,8.04,N/A,-1.41
382,제일일렉트릭,"9,780",하락,50,-0.51%,500,"316,852","3,143","9,770","2,173",89,20.94,"384,302","10,040","9,780","2,193",N/A,N/A,"10,130","16,904",648,104,1.84,N/A,"9,740","1,245","22,220","1,863",467,1.42,100,N/A
383,한국알콜,"10,020",상승,70,+0.70%,500,"131,763","1,327","9,990","2,165",274,8.10,"104,997","9,980","10,020","6,549",25.38,4.96,"10,210","5,534",930,304,2.62,4.64,"9,800","3,933","21,606","4,210","1,237",0.40,110,-3.94
384,푸른소나무,"8,790",보합,0,0.00%,500,0,0,0,"2,161",-15,-32.20,0,0,0,116,85.36,-417.81,0,0,89,-77,0.00,-72.26,0,0,"24,580",37,-273,64.24,N/A,80.83
385,컴투스홀딩스,"32,550",상승,"3,300",+11.28%,500,"619,384","19,894","32,100","2,147",-506,-4.86,"350,365","32,500","32,200","5,420","-1,408.36",-13.72,"34,000","1,293","3,305",-425,5.05,-7.47,"29,600","1,388","6,595","1,493","-6,695",0.89,N/A,-2.49
386,폴라리스AI,"2,950",하락,80,-2.64%,500,"1,219,356","3,602","2,945","2,145",-13,56.73,"3,852,300","3,005","2,950","1,160",-189.87,1.32,"3,005","162,981",203,11,1.50,1.05,"2,920","57,572","72,696",531,52,2.20,0,-10.71
387,엑세스바이오,"5,680",하락,70,-1.22%,0,"294,232","1,683","5,710","2,143",-42,-21.93,"319,615","5,750","5,730","7,409",-119.59,-0.06,"5,850","16,628",884,-11,4.62,-0.15,"5,600","11,589","37,728","1,125",-259,0.33,N/A,-67.74
388,뷰웍스,"21,950",상승,700,+3.29%,500,"29,938",647,"21,850","2,140",223,14.08,"36,033","21,500","21,900","3,229",19.19,9.41,"22,000","3,477",861,211,32.96,6.85,"21,250","4,221","9,750","2,229","1,559",0.86,600,1.20
389,유비케어,"4,085",상승,60,+1.49%,500,"1,488,867","6,265","4,090","2,132",52,185.68,"319,515","4,390","4,095","1,601",47.12,-1.55,"4,460","17,473",523,-16,2.37,-0.99,"4,045","3,667","52,197","1,906",22,2.07,30,23.73
390,아미코젠,"3,865",상승,75,+1.98%,500,"422,124","1,634","3,855","2,126",-71,-4.01,"770,693","3,810","3,860","2,942",-442.93,-35.39,"3,940","10,559","1,711",-509,6.42,-13.37,"3,760","6,613","55,018","1,736",-963,1.81,N/A,8.57
391,에스오에스랩,"12,020",상승,90,+0.75%,100,"421,532","5,093","11,970","2,125",-128,-14.88,"1,065,345","12,310","12,000",391,-54.09,-46.12,"12,310","14,232",71,-120,2.32,-36.84,"11,900","2,204","17,682",49,-808,7.61,N/A,20.29
392,레드캡투어,"12,670",상승,180,+1.44%,500,"89,192","1,133","12,660","2,119",436,8.79,"56,837","12,490","12,680","6,972",12.37,9.64,"12,780","3,417","4,816",202,9.51,2.81,"12,490","4,694","16,721","3,589","1,442",1.10,"2,150",6.12
393,풍원정밀,"10,040",하락,150,-1.47%,500,"12,723",128,"10,010","2,112",-182,-6.99,"21,514","10,190","10,060",963,16.80,-70.74,"10,190","1,969",689,-301,0.37,-30.26,"10,000","1,225","21,040",493,"-1,436",9.83,0,14.42
394,원일티엔아이,"25,150",상승,250,+1.00%,500,"116,739","2,913","25,000","2,108",64,N/A,"229,528","24,800","25,050",730,122.86,24.45,"25,550","6,181",369,79,0.34,11.67,"24,100","3,592","8,381",422,N/A,N/A,0,0.74
395,텔레칩스,"13,900",하락,30,-0.22%,500,"40,404",564,"13,890","2,105",49,-5.87,"55,392","13,980","13,910","3,779",-70.95,-17.22,"14,120","4,981","1,761",-386,1.64,-10.25,"13,850","1,781","15,144","1,866","-2,369",1.04,60,-2.34
396,로체시스템즈,"13,740",보합,0,0.00%,500,"20,683",284,"13,670","2,102",198,14.95,"36,265","13,740","13,680","1,575",65.83,10.36,"14,010","5,718",352,121,42.89,8.23,"13,600","1,600","15,297","1,601",919,1.64,50,52.07
397,미래반도체,"14,520",하락,130,-0.89%,100,"39,614",576,"14,480","2,096",102,25.84,"48,305","14,820","14,500","1,333",8.79,7.29,"14,820","7,976",474,60,0.74,4.28,"14,430","2,326","14,438","4,876",562,2.32,N/A,28.15
398,쇼박스,"3,340",상승,40,+1.21%,500,"292,504",976,"3,335","2,092",245,35.53,"311,440","3,330","3,345","1,540",186.67,23.14,"3,370","23,232",219,274,3.03,19.17,"3,290","64,037","62,638",931,94,1.72,150,131.81
399,압타바이오,"7,770",하락,120,-1.52%,500,"43,936",342,"7,760","2,089",-189,-6.97,"36,786","7,800","7,770",774,-15.15,-50.84,"7,980","5,278",232,-294,1.64,-34.57,"7,710","2,699","26,881",34,"-1,115",4.04,N/A,937.76
400,비츠로테크,"7,970",하락,30,-0.37%,500,"165,983","1,333","7,960","2,088",511,25.54,"194,750","8,080","7,990","5,905",77.36,3.72,"8,190","12,437","1,679",415,5.12,7.56,"7,900","7,745","26,200","4,283",312,0.90,50,21.38
401,퀄리타스반도체,"14,850",상승,80,+0.54%,500,"182,475","2,724","14,820","2,081",-227,-10.61,"154,376","15,000","14,830",640,-102.87,-48.62,"15,500","2,303",134,-191,0.17,-36.39,"14,530","1,134","14,011",61,"-1,399",4.53,N/A,-43.62
402,어보브반도체,"11,670",하락,250,-2.10%,500,"150,597","1,776","11,680","2,075",-51,30.00,"298,695","12,160","11,690","2,930",65.17,2.44,"12,160","6,723","1,385",-181,4.28,-6.23,"11,660","1,049","17,781","2,321",389,1.66,150,-0.14
403,씨에스베어링,"7,580",하락,150,-1.94%,500,"226,927","1,720","7,530","2,067",21,35.75,"592,424","7,740","7,540","1,480","3,596.39",2.80,"7,740","24,710",542,25,0.96,1.68,"7,520","1,895","27,270","1,054",212,2.19,N/A,37.60
404,삼양엔씨켐,"19,020",상승,170,+0.90%,500,"356,207","6,798","18,970","2,067",107,20.56,"654,976","19,470","19,020","1,283",45.87,11.32,"19,470","5,413",446,90,3.73,6.91,"18,710","2,727","10,866","1,105",925,1.92,N/A,12.08
405,LB세미콘,"3,555",하락,65,-1.80%,500,"55,550",199,"3,560","2,065",-188,-6.86,"143,385","3,640","3,570","8,060",-48.16,-9.19,"3,645","14,370","4,598",-230,29.06,-2.88,"3,555","10,505","58,083","4,509",-518,0.62,N/A,8.16
406,동국산업,"3,800",하락,90,-2.31%,"1,000","60,435",233,"3,825","2,061",120,-36.89,"72,218","3,875","3,830","9,428",144.20,-1.63,"3,920","5,875","4,545",-296,5.37,-3.23,"3,800","4,359","54,244","7,903",-103,0.51,130,4.40
407,멀티캠퍼스,"34,700",상승,200,+0.58%,500,"11,218",389,"34,600","2,057",389,6.98,"22,935","34,500","34,650","3,207",-3.37,15.16,"34,900","1,196",997,315,7.39,9.97,"34,200","5,405","5,927","3,527","4,970",0.99,"2,100",-1.63
408,디지털대성,"7,410",하락,40,-0.54%,500,"38,235",284,"7,420","2,051",237,12.71,"54,496","7,460","7,430","3,380",-5.28,10.45,"7,630","4,802","1,769",161,3.14,5.49,"7,320","1,034","27,675","2,177",583,1.60,500,2.92
409,그래디언트,"14,990",하락,10,-0.07%,"2,500","24,754",371,"14,980","2,050",-55,-4.49,"26,207","15,050","15,010","17,380",-289.46,-7.70,"15,100",330,"9,559",-260,4.14,-1.43,"14,790","2,077","13,677","33,179","-3,341",0.39,200,-3.10
410,에브리봇,"16,630",하락,160,-0.95%,500,"95,446","1,603","16,640","2,039",-22,"2,078.75","84,530","16,920","16,660","1,177",N/A,N/A,"17,040","4,348",508,3,0.00,N/A,"16,630","3,054","12,262",298,8,3.13,N/A,N/A
411,헥토파이낸셜,"21,500",상승,"1,940",+9.92%,500,"2,674,896","60,793","21,200","2,032",133,21.46,"41,074","24,700","21,300","4,516",5.75,6.90,"25,400","9,517","3,002",90,3.39,2.17,"20,650","7,470","9,453","1,593","1,002",1.24,350,4.07
412,와이지-원,"6,050",하락,50,-0.82%,500,"197,616","1,197","6,010","2,031",558,16.76,"307,250","6,100","6,030","10,762",2.07,4.47,"6,140","16,057","6,726",170,19.26,1.67,"6,000","16,615","33,574","5,750",361,0.56,160,3.94
413,대양전기공업,"21,200",상승,450,+2.17%,500,"47,588","1,000","21,050","2,028",157,9.37,"61,272","20,750","21,100","3,086",320.05,8.32,"21,400","4,795",633,196,5.75,6.46,"20,650","3,516","9,567","1,963","2,263",0.78,100,27.17
414,케이프,"6,540",하락,10,-0.15%,500,"102,085",670,"6,520","2,021",390,22.32,"421,285","6,550","6,530","24,047",-4.79,7.47,"6,670","17,261","21,452",183,2.62,0.79,"6,460","7,767","30,902","5,165",293,0.88,300,-12.56
415,아티스트컴퍼니,"12,920",상승,150,+1.17%,500,"82,180","1,047","12,910","2,014",-31,-22.79,"91,758","12,910","12,930",526,3.95,-30.27,"12,960",977,293,-78,1.88,-13.73,"12,560","1,148","15,591",213,-567,3.72,N/A,-0.03
416,휴마시스,"1,553",하락,24,-1.52%,100,"2,278,952","3,570","1,551","2,009",-106,-5.95,"2,434,907","1,577","1,552","3,319",79.83,-11.79,"1,587","199,818",828,-356,5.97,-10.47,"1,550","21,652","129,375",254,-261,0.77,N/A,83.79
417,오로스테크놀로지,"21,450",보합,0,0.00%,500,"29,165",619,"21,200","2,009",61,18.46,"22,083","21,600","21,250",944,156.71,9.05,"21,600","2,657",262,59,0.82,7.01,"20,950",780,"9,367",614,"1,162",2.90,N/A,34.88
418,AP위성,"13,320",상승,290,+2.23%,500,"176,961","2,349","13,310","2,009",73,32.57,"94,156","13,190","13,320","1,352",-27.51,10.41,"13,430","5,372",299,104,0.00,7.46,"13,000","7,122","15,082",586,409,1.80,N/A,18.61
419,탑머티리얼,"24,550",하락,150,-0.61%,500,"22,618",563,"24,600","1,999",-72,-18.14,"45,377","24,900","24,650","2,074",-152.29,-5.50,"25,300","3,060",663,-82,0.00,-3.97,"24,550","2,726","8,144","1,061","-1,353",1.41,0,-13.19
420,파인엠텍,"5,400",상승,50,+0.93%,500,"95,517",514,"5,380","1,997",-79,-9.03,"95,512","5,410","5,410","3,333",-138.90,-11.87,"5,460","55,630","1,691",-158,2.42,-5.06,"5,340","7,009","36,988","3,822",-598,1.38,N/A,0.56
421,나무가,"13,500",하락,20,-0.15%,500,"25,841",349,"13,470","1,982",209,8.42,"36,968","13,530","13,530","2,644",-7.82,16.64,"13,620","9,663",975,261,2.66,11.11,"13,340","4,757","14,685","4,504","1,604",1.19,650,23.18
422,앱트뉴로사이언스,"1,246",상승,4,+0.32%,100,"897,598","1,116","1,242","1,979",-128,-22.65,"1,570,851","1,230","1,243","2,064",-94.80,-27.51,"1,260","28,868","1,255",-192,3.88,-12.57,"1,212","33,974","158,791",184,-55,2.19,0,-9.98
423,넥써쓰,"3,360",하락,50,-1.47%,500,"1,860,410","6,115","3,255","1,973",-89,-46.67,"6,098,064","3,340","3,265",338,44.70,-29.78,"3,480","10,669",80,-82,2.86,-22.40,"3,150","6,703","58,718",76,-72,6.13,0,38.29
424,DSC인베스트먼트,"7,300",하락,460,-5.93%,500,"2,396,516","17,564","7,230","1,971",150,27.24,"10,273,501","7,660","7,240","1,578",-14.77,9.98,"7,690","97,132",435,106,1.13,7.09,"7,180","123,900","27,000",386,268,1.72,40,15.08
425,인터플렉스,"8,440",하락,50,-0.59%,500,"38,393",325,"8,420","1,969",344,3.94,"53,405","8,470","8,430","3,649",58.79,21.95,"8,560","4,152",831,551,3.11,16.55,"8,400","2,628","23,327","4,975","2,140",0.68,N/A,13.54
426,이화전기,899,보합,0,0.00%,200,0,0,0,"1,968",17,-40.86,0,0,0,"2,799",-51.38,-5.83,0,0,523,-137,0.88,-4.69,0,0,"218,949",645,-22,0.86,0,-1.07
427,대원산업,"9,820",하락,130,-1.31%,500,"89,920",896,"9,820","1,968",750,2.22,"56,521","10,050","9,840","7,117",58.72,15.16,"10,260","5,777","1,993",726,12.88,11.38,"9,790","2,129","20,038","9,315","4,430",0.37,200,19.78
428,나인테크,"3,680",상승,180,+5.14%,100,"3,687,407","13,507","3,665","1,965",46,-19.27,"2,924,158","3,530","3,675","1,860",249.45,-7.26,"3,745","53,741","1,019",-54,1.63,-2.41,"3,530","104,967","53,398","1,972",-191,2.30,0,60.28
429,KT나스미디어,"16,970",하락,150,-0.88%,500,"64,170","1,083","16,960","1,963",199,-29.98,"225,483","17,150","16,970","4,927",-2.81,-3.13,"17,200","2,719","2,533",-46,5.85,-0.92,"15,860",483,"11,568","1,426",-566,0.99,700,-2.87
430,아바코,"13,160",하락,20,-0.15%,500,"62,844",826,"13,140","1,963",211,9.71,"79,372","13,180","13,170","3,907",378.73,13.70,"13,300","14,159","1,895",264,7.17,7.18,"13,050","3,689","14,913","3,055","1,356",0.97,500,63.51
431,덱스터,"7,710",상승,150,+1.98%,500,"175,366","1,342","7,690","1,959",-89,-16.20,"149,638","7,620","7,700","1,036","-21,406.94",-22.64,"7,770","7,297",547,-107,3.04,-11.33,"7,490","11,967","25,412",537,-476,4.90,N/A,-20.72
432,BGF에코머티리얼즈,"3,090",보합,0,0.00%,500,"50,216",154,"3,065","1,939",140,13.86,"126,380","3,090","3,085","7,152",-18.51,4.00,"3,120","4,729","2,213",155,1.08,2.41,"3,035","4,507","62,767","3,643",223,0.48,50,27.54
433,애니플러스,"3,960",상승,170,+4.49%,100,"1,791,704","7,196","3,985","1,937",251,10.00,"410,915","3,825","3,990","2,556",9.96,15.20,"4,125","25,816","1,317",180,2.86,7.92,"3,815","20,502","48,911","1,310",396,1.51,0,17.63
434,더네이쳐홀딩스,"13,030",상승,810,+6.63%,500,"181,979","2,327","13,010","1,935",301,9.94,"115,330","12,290","13,020","6,983",-55.05,4.91,"13,110","7,445","2,987",190,8.33,2.84,"12,250","3,586","14,848","5,169","1,311",0.53,500,-5.75
435,노바텍,"18,260",하락,150,-0.81%,500,"123,060","2,263","18,250","1,931",126,12.95,"169,778","18,600","18,270","1,834",-50.75,10.80,"18,740","3,027",125,172,1.07,9.78,"18,140","1,255","10,576",658,"1,410",1.17,"1,409",-28.79
436,아가방컴퍼니,"5,860",하락,110,-1.84%,500,"476,627","2,801","5,840","1,927",152,17.81,"2,178,161","5,980","5,850","2,238",-8.27,6.64,"6,000","57,538",562,102,2.24,4.57,"5,800","20,374","32,888","1,827",329,0.97,N/A,-1.97
437,랩지노믹스,"2,580",하락,30,-1.15%,500,"1,556,339","4,037","2,580","1,915",-185,-9.49,"1,855,955","2,610","2,585","2,957",-167.09,-10.72,"2,635","250,803",793,-239,2.53,-7.85,"2,565","41,063","74,240",859,-272,0.91,N/A,20.85
438,KZ정밀,"12,130",상승,100,+0.83%,500,"10,511",127,"12,120","1,910",152,14.56,"15,059","12,040","12,130","6,044",-26.95,4.69,"12,160",778,"1,221",192,5.87,3.84,"12,000","1,468","15,750","1,127",833,0.48,800,-18.74
439,이엠텍,"11,150",하락,260,-2.28%,500,"95,148","1,067","11,150","1,910",-305,-3.98,"76,476","11,440","11,210","3,462",-109.01,-19.74,"11,530","2,909","1,398",-447,6.02,-11.84,"11,020",624,"17,133","1,676","-2,801",0.91,N/A,-36.39
440,이크레더블,"15,820",하락,20,-0.13%,500,"16,812",266,"15,830","1,905",150,14.61,"13,495","15,850","15,840",594,18.68,27.34,"15,880","1,963",104,129,8.89,22.74,"15,800","9,730","12,044",451,"1,083",6.27,"1,590",9.70
441,국전약품,"3,810",하락,85,-2.18%,100,"448,585","1,733","3,810","1,904",4,131.38,"1,260,392","3,890","3,825","2,123",-94.33,1.79,"3,920","27,150","1,148",5,0.71,0.25,"3,800","9,664","49,966","1,365",29,1.89,10,11.86
442,동양이엔피,"24,200",상승,500,+2.11%,500,"64,971","1,570","24,150","1,902",516,2.86,"46,686","23,700","24,200","4,885",20.16,19.25,"24,500","7,799",874,695,6.99,15.23,"23,700","10,810","7,860","5,484","8,455",0.45,600,2.14
443,유니셈,"6,180",하락,40,-0.64%,500,"90,175",559,"6,160","1,895",100,13.89,"156,275","6,220","6,170","2,631",-42.64,7.02,"6,280","20,035",348,155,7.30,6.12,"6,130","4,854","30,664","2,182",445,0.79,80,-6.01
444,덕산하이메탈,"4,165",하락,65,-1.54%,200,"70,058",293,"4,160","1,892",186,15.20,"103,218","4,235","4,170","8,185",269.97,6.76,"4,250","21,152","3,636",313,2.19,3.99,"4,150","4,952","45,437","2,359",274,0.61,N/A,63.30
445,아티스트스튜디오,"18,920",상승,740,+4.07%,500,"159,710","2,971","18,830","1,891",-73,-12.69,"182,133","18,500","18,840",593,5.99,-31.73,"18,930","1,579",51,-150,1.32,-27.16,"18,110","4,399","9,996",273,"-1,491",3.51,N/A,-34.77
446,드림시큐리티,"3,730",상승,60,+1.63%,100,"456,777","1,691","3,720","1,888",256,15.87,"421,758","3,745","3,725","5,366",-22.94,11.91,"3,755","32,543","3,889",121,3.86,2.56,"3,620","32,014","50,606","2,688",235,1.57,N/A,15.51
447,우진엔텍,"20,300",하락,300,-1.46%,500,"115,404","2,334","20,100","1,882",53,40.28,"237,623","20,500","20,200",517,-9.74,13.35,"20,550","6,409",43,54,0.11,11.86,"19,920","8,506","9,271",440,504,4.09,200,8.05
448,금화피에스시,"31,350",하락,300,-0.95%,500,"46,831","1,474","31,000","1,881",362,5.21,"74,729","31,700","31,100","4,618",-16.71,11.59,"32,800","2,602","1,009",400,19.76,8.98,"30,750",626,"6,000","3,402","6,021",0.52,"1,400",0.78
449,이수앱지스,"5,090",하락,10,-0.20%,500,"109,309",558,"5,110","1,880",134,8.17,"73,124","5,130","5,120","1,602",244.86,16.53,"5,160","20,007",594,147,3.21,8.02,"5,060","15,517","36,937",603,623,1.93,0,10.96
450,현대사료,994,보합,0,0.00%,100,0,0,0,"1,873",27,4.38,0,0,0,"1,170",-56.45,340.50,0,0,281,284,2.38,25.24,0,0,"188,472","1,285",227,2.24,N/A,-20.01
451,비나텍,"29,350",하락,50,-0.17%,500,"31,829",947,"29,350","1,870",-81,-14.73,"18,251","29,400","29,450","1,761",-365.73,-12.25,"30,400","1,077",922,-97,1.46,-6.32,"29,000",355,"6,372",596,"-1,993",2.16,24,8.42
452,KX,"4,100",상승,60,+1.49%,500,"122,693",504,"4,085","1,859",597,2.27,"134,731","4,160","4,090","8,868",-3.73,27.09,"4,160","4,930","4,438",975,1.49,10.14,"4,030","11,329","45,336","4,038","1,804",0.52,190,0.18
453,경동제약,"6,040",하락,30,-0.49%,500,"17,181",104,"6,030","1,858",26,31.96,"47,358","6,040","6,040","3,029",110.51,2.44,"6,080","17,808",825,54,1.78,1.83,"6,020","6,554","30,769","1,939",189,0.76,300,19.22
454,디와이피엔에프,"17,320",상승,140,+0.81%,500,"32,277",555,"17,230","1,856",246,7.40,"30,818","17,200","17,250","3,208",195.44,15.14,"17,370","7,085","1,926",182,4.45,5.94,"16,990","1,243","10,714","2,810","2,339",1.21,N/A,95.08
455,헥토이노베이션,"14,120",하락,"1,180",-7.71%,500,"921,209","13,424","14,060","1,853",489,6.51,"1,243,397","15,590","14,070","6,922",28.48,14.63,"15,640","19,753","3,624",348,10.63,5.46,"14,000","2,559","13,125","3,195","2,169",0.92,490,10.74
456,대한약품,"30,800",상승,400,+1.32%,500,"61,048","1,895","30,800","1,848",381,5.58,"48,022","30,900","30,850","3,244",6.38,12.89,"31,400","5,229",484,338,16.71,10.91,"30,700","8,813","6,000","2,042","5,523",0.65,900,4.23
457,KG모빌리언스,"4,860",상승,60,+1.25%,500,"569,676","2,784","4,845","1,847",74,27.30,"398,098","4,890","4,850","5,385",-77.48,2.84,"5,100","6,502","1,915",82,4.18,1.54,"4,650","10,941","38,011","2,661",178,0.52,220,-4.82
458,젝시믹스,"6,180",상승,110,+1.81%,500,"180,132","1,114","6,160","1,847",249,9.66,"128,304","6,050","6,190","1,727",36.85,20.72,"6,290","4,872",582,209,3.60,13.69,"6,050","13,125","29,882","2,716",640,1.68,180,16.78
459,에이스테크,"2,440",상승,25,+1.04%,500,"163,746",400,"2,430","1,842",-311,-2.68,"176,016","2,425","2,435","3,049",49.99,-67.32,"2,490","17,234","2,093",-408,0.00,-14.44,"2,390","14,570","75,506","1,451",-909,1.89,0,3.59
460,모다이노칩,"2,305",하락,35,-1.50%,500,"48,595",111,"2,300","1,838",386,23.76,"6,238","2,340","2,310","9,681",137.95,3.47,"2,360","11,082","5,865",127,0.14,1.30,"2,270","3,279","79,722","3,889",97,0.50,N/A,-0.28
461,HB테크놀러지,"1,981",하락,12,-0.60%,500,"412,126",816,"1,974","1,837",-165,-2.44,"661,254","1,998","1,975","3,488",25.16,-18.17,"1,998","41,334",921,-516,0.00,-13.70,"1,965","5,093","92,716","1,624",-811,0.69,20,45.43
462,알서포트,"3,430",하락,50,-1.44%,100,"199,117",683,"3,420","1,827",37,87.95,"407,859","3,485","3,430","1,205",-53.60,3.23,"3,490","30,904",246,31,19.70,2.75,"3,405","55,744","53,267",475,39,1.86,10,-5.72
463,하나기술,"22,850",하락,850,-3.59%,500,"23,866",557,"22,900","1,827",-264,-12.28,"68,481","23,600","23,000","2,400",-318.01,-14.73,"24,150","3,366","1,421",-155,1.16,-6.58,"22,800","1,759","7,995",942,"-1,861",1.90,0,-21.45
464,블루엠텍,"5,440",상승,240,+4.62%,100,"1,945,705","10,798","5,450","1,823",-69,-39.42,"672,901","5,600","5,460","1,157",N/A,N/A,"5,710","39,594",685,-48,1.78,N/A,"5,400","16,386","33,511","1,333",-138,4.00,0,N/A
465,에스피소프트,"7,360",하락,60,-0.81%,100,"62,595",460,"7,350","1,821",38,46.88,"157,062","7,390","7,370",768,N/A,N/A,"7,430","8,151",142,3,1.61,N/A,"7,280","6,072","24,741",451,157,2.80,0,N/A
466,와이솔,"6,570",하락,90,-1.35%,500,"89,221",585,"6,550","1,818",5,-58.66,"79,531","6,660","6,570","4,143",-96.58,3.12,"6,690","34,435",524,110,6.03,2.71,"6,490","2,856","27,672","3,750",-112,0.54,500,1.42
467,강원에너지,"6,950",상승,50,+0.72%,500,"47,648",329,"6,940","1,816",68,72.40,"82,252","7,100","6,950","1,639",-2.25,2.60,"7,100","4,267",920,-6,1.92,-0.35,"6,780","3,366","26,123","2,244",96,4.44,N/A,61.21
468,HB솔루션,"2,480",하락,30,-1.20%,500,"138,412",344,"2,485","1,814",193,-4.56,"197,169","2,510","2,495","2,933",185.95,-9.21,"2,515","36,098",724,-208,3.00,-7.02,"2,450","13,148","73,141","1,315",-544,0.82,30,36.77
469,마음AI,"25,950",상승,50,+0.19%,500,"2,145,412","56,409","25,950","1,809",-71,-14.82,"1,431,963","25,450","26,000",497,-84.58,-51.91,"27,950","16,547",364,-87,1.28,-16.49,"24,350","7,425","6,971",78,"-1,751",8.51,0,-23.96
470,사람인,"15,410",상승,180,+1.18%,500,"30,746",471,"15,360","1,804",213,18.19,"40,419","15,240","15,400","2,097",-15.84,7.12,"15,500","5,278",297,123,22.19,5.94,"15,090","5,147","11,709","1,284",847,0.94,500,-2.41
471,사피엔반도체,"21,900",상승,250,+1.15%,100,"67,334","1,467","21,900","1,799",-34,-73.00,"90,897","21,650","22,000",312,50.22,-125.23,"22,200","7,651",148,-171,3.71,-64.70,"21,400","8,018","8,213",80,-300,11.68,0,148.96
472,이니텍,"9,010",상승,150,+1.69%,500,"90,823",819,"8,980","1,783",2,73.25,"143,204","9,090","9,000","1,184",106.51,2.10,"9,140","3,589",73,23,1.62,1.97,"8,840","16,936","19,791",389,123,1.35,0,-14.83
473,티엘비,"18,130",하락,80,-0.44%,500,"66,408","1,206","18,130","1,783",34,41.49,"95,864","18,510","18,140","1,884",10.28,3.25,"18,510","2,952",763,36,2.32,1.99,"18,020","2,552","9,833","1,800",437,1.59,200,5.08
474,성우,"11,800",하락,10,-0.08%,500,"58,468",687,"11,730","1,775",146,8.47,"83,216","11,920","11,750","2,549",-49.40,10.71,"11,950","5,517",321,182,1.65,8.71,"11,610","1,055","15,046","1,309","1,393",0.81,150,-10.74
475,그리드위즈,"22,250",상승,850,+3.97%,200,"328,397","7,234","21,950","1,767",-43,-38.10,"186,207","22,400","22,050","1,688",-372.86,-2.90,"23,000","3,312",384,-28,1.69,-1.92,"20,850","3,240","7,943","1,247",-584,1.38,N/A,-5.46
476,인피니트헬스케어,"7,230",하락,100,-1.36%,500,"181,617","1,321","7,210","1,764",139,5.31,"423,537","7,550","7,220","2,324",109.54,28.16,"7,550","14,132",516,446,3.49,21.92,"7,080","3,359","24,396","1,016","1,361",1.00,N/A,14.80
477,엠케이전자,"7,950",하락,60,-0.75%,500,"80,059",635,"7,870","1,754",561,-8.34,"83,287","8,010","7,880","23,142",20.72,-7.45,"8,050","9,080","14,001",-377,4.33,-1.63,"7,840","1,387","22,066","11,706",-953,0.48,100,4.80
478,에스와이,"3,585",보합,0,0.00%,500,"141,749",510,"3,580","1,753",219,-99.58,"198,415","3,565","3,585","4,334",61.79,2.02,"3,635","36,745","2,375",63,1.06,1.47,"3,565","12,774","48,907","5,610",-36,0.93,N/A,1.33
479,지니언스,"19,300",상승,260,+1.37%,500,"37,651",722,"19,070","1,752",98,15.73,"43,345","19,390","19,130",693,52.16,20.33,"19,480","1,211",125,109,26.63,16.41,"18,910",286,"9,080",496,"1,227",3.04,250,15.65
480,케이에스피,"4,360",상승,65,+1.51%,500,"114,192",497,"4,335","1,752",138,13.01,"252,976","4,300","4,350","1,055",16.66,25.99,"4,390","15,156",341,153,2.56,16.91,"4,300","13,134","40,191",853,335,2.41,15,4.46
481,녹십자웰빙,"9,870",상승,70,+0.71%,500,"161,300","1,581","9,840","1,752",130,16.02,"128,894","9,870","9,860","1,615",N/A,N/A,"9,970","5,675",566,71,3.79,N/A,"9,650","4,108","17,752","1,338",616,1.62,120,N/A
482,삼지전자,"10,730",하락,240,-2.19%,500,"56,107",604,"10,710","1,751","1,156",2.68,"94,212","10,980","10,730","12,019",47.57,16.21,"10,990","6,925","5,617",941,5.76,8.49,"10,650","1,091","16,319","33,597","4,004",0.39,450,32.99
483,유비쿼스홀딩스,"9,940",보합,0,0.00%,500,"15,091",148,"9,830","1,750",143,25.62,"12,583","9,950","9,870","3,877",-55.99,3.64,"9,950","1,091",311,214,3.52,5.50,"9,680","3,412","17,605","1,256",388,0.66,130,-26.78
484,켄코아에어로스페이스,"13,350",상승,210,+1.60%,500,"464,144","6,298","13,300","1,749",-54,-27.99,"135,718","13,180","13,320","2,531",-710.21,-6.38,"13,950","4,685",697,-77,3.78,-3.83,"13,080","1,074","13,105",862,-477,0.95,N/A,-5.47
485,엔케이맥스,"2,020",보합,0,0.00%,500,0,0,0,"1,727",-51,-5.40,0,0,0,232,92.46,219.63,0,0,464,-355,4.73,-91.48,0,0,"85,519",88,-374,-7.32,N/A,-18.29
486,이지바이오,"5,220",상승,20,+0.38%,100,"148,860",772,"5,210","1,727",324,8.71,"218,373","5,200","5,220","3,600",57.00,26.72,"5,250","38,990","2,712",199,4.30,7.48,"5,090","27,427","33,082","3,843",599,2.08,200,132.39
487,마크로젠,"15,900",보합,0,0.00%,500,"5,637",90,"15,820","1,724",-65,-22.46,"6,357","15,970","15,830","3,297","-1,427.80",-4.75,"16,020",898,"1,522",-78,2.00,-2.65,"15,790","1,482","10,841","1,358",-708,1.11,300,2.24
488,지투파워,"9,210",상승,10,+0.11%,500,"369,103","3,425","9,190","1,723",37,51.45,"537,707","9,350","9,200",641,488.22,12.22,"9,500","22,835",274,42,0.00,7.03,"9,110","6,262","18,709",554,179,4.70,N/A,12.16
489,NICE인프라,"5,030",하락,40,-0.79%,500,"66,264",333,"5,030","1,718",187,85.25,"218,821","5,070","5,040","5,478",-32.60,1.36,"5,100","16,647","3,673",24,1.62,0.45,"4,975","11,208","34,148","3,387",59,0.87,125,-5.50
490,아톤,"6,910",하락,150,-2.12%,100,"3,871,340","27,015","6,870","1,714",144,12.12,"12,355,561","7,220","6,880","1,389",26.50,12.78,"7,250","37,944",490,110,5.65,7.78,"6,760","22,964","24,799",654,570,1.65,50,18.89
491,에어레인,"20,900",하락,300,-1.42%,100,"437,077","9,269","20,800","1,709",19,76.84,"369,115","21,350","20,850",824,679.39,4.03,"21,650","33,043",184,20,0.95,3.10,"20,700","13,789","8,175",245,272,2.17,N/A,49.90
492,와이엠티,"10,440",하락,260,-2.43%,500,"40,867",431,"10,450","1,703",36,-59.66,"97,326","10,890","10,460","3,506",213.39,-2.94,"10,890","1,218","1,540",-23,1.83,-0.78,"10,380","7,409","16,314","1,372",-175,0.98,N/A,7.71
493,엠에스오토텍,"2,715",상승,365,+15.53%,500,"12,502,934","35,568","2,680","1,700",963,-6.01,"191,437","2,375","2,685","17,410",-44.92,0.63,"3,055","62,252","10,617",774,1.26,4.54,"2,330","14,040","62,628","17,775",-452,0.43,N/A,-14.62
494,에스와이스틸텍,"5,540",상승,140,+2.59%,500,"272,566","1,506","5,510","1,696",81,36.45,"409,024","5,440","5,520",800,-44.49,12.65,"5,610","16,301",299,61,1.78,7.62,"5,400","16,133","30,610","1,170",152,3.45,50,-2.32
495,티움바이오,"6,310",상승,160,+2.60%,500,"172,724","1,077","6,310","1,687",-187,-8.62,"158,444","6,300","6,340","1,073",32.81,-33.69,"6,390","14,494",565,-235,1.30,-20.76,"6,110","4,722","26,731",68,-732,4.15,0,38.65
496,이노스페이스,"17,960",상승,220,+1.24%,"1,000","22,070",397,"17,950","1,684",-329,-3.98,"40,226","17,800","17,960",559,-106.57,-104.19,"18,090",867,117,-333,0.94,-83.41,"17,730",814,"9,376",0,"-4,511",6.03,N/A,-93.65
497,엘오티베큠,"9,450",하락,120,-1.25%,500,"52,906",501,"9,420","1,683",-42,-23.22,"62,650","9,570","9,460","3,392",-106.21,0.65,"9,600","5,060",824,24,5.83,0.67,"9,390","1,928","17,810","2,660",-407,0.62,N/A,-43.77
498,제이엘케이,"6,580",하락,20,-0.30%,100,"68,235",450,"6,570","1,680",-127,-11.79,"91,760","6,720","6,600",746,-78.13,-44.08,"6,720","7,841",253,-134,2.29,-24.96,"6,510","8,665","25,529",14,-558,3.57,N/A,-42.65
499,톱텍,"4,410",상승,155,+3.64%,500,"144,248",629,"4,375","1,677",125,26.89,"26,668","4,260","4,390","6,165",-81.89,9.07,"4,420","11,062","2,021",326,3.50,4.67,"4,225","23,691","38,023","4,736",164,0.40,150,-21.28
500,선진뷰티사이언스,"13,730",상승,70,+0.51%,500,"109,767","1,518","13,720","1,676",106,19.28,"120,182","13,750","13,740","1,541",17.65,12.26,"14,000","2,835",713,104,2.19,7.46,"13,530",517,"12,203",794,712,2.03,60,9.29
