N,종목명,현재가,전일비변동,전일비,등락률,액면가,거래량,거래대금,매수호가,시가총액,영업이익,PER,전일거래량,시가,매도호가,자산총계,영업이익증가율,ROE,고가,매수총잔량,부채총계,당기순이익,외국인비율,ROA,저가,매도총잔량,상장주식수,매출액,주당순이익,PBR,보통주배당금,매출액증가율
1,삼성전자,"57,400",하락,900,-1.54%,100,"3,560,328","205,096","57,600","3,397,872","327,260",11.12,"20,705,979","58,000","57,700","5,145,319",398.34,9.03,"58,100","1,132,536","1,123,399","344,514",49.82,7.10,"57,100","446,294","5,919,638","3,008,709","5,162",0.97,"1,446",16.20
2,SK하이닉스,"241,500",상승,"6,000",+2.55%,"5,000","648,297","155,760","240,000","1,758,126","234,673",6.77,"4,100,610","238,000","240,500","1,198,552",403.58,31.06,"242,000","71,535","459,395","197,969",55.31,17.98,"238,000","129,624","728,002","661,930","35,682",2.05,"2,204",102.02
3,삼성바이오로직스,"1,010,000",하락,"9,000",-0.88%,"2,500","9,354","9,491","1,016,000","718,857","13,201",56.18,"95,270","1,019,000","1,017,000","173,363",18.53,10.45,"1,021,000","2,571","64,316","10,833",12.92,6.49,"1,009,000",993,"71,174","45,473","17,977",6.37,0,23.08
4,LG에너지솔루션,"290,500",하락,"5,500",-1.86%,500,"31,950","9,297","291,000","679,770","5,754",-58.40,"325,863","292,000","291,500","603,068",-73.40,-4.93,"293,500","6,695","293,402","3,386",4.06,0.64,"289,000","9,998","234,000","256,196","-4,974",3.21,N/A,-24.08
5,한화에어로스페이스,"981,000",상승,"36,000",+3.81%,"5,000","103,121","99,557","961,000","463,976","17,319",19.84,"493,711","963,000","963,000","433,369",191.41,53.94,"982,000","1,723","319,726","25,399",45.38,8.08,"938,000","2,965","47,296","112,401","49,447",11.35,"3,500",42.47
6,현대차,"197,900",하락,"1,100",-0.55%,"5,000","100,442","19,814","197,100","405,216","142,396",4.31,"933,606","198,300","197,200","3,397,984",-5.87,12.43,"199,000","5,471","2,195,225","132,299",36.13,4.25,"196,200","1,491","204,758","1,752,312","45,880",0.47,"12,000",7.73
7,KB금융,"106,000",보합,0,0.00%,"5,000","191,829","20,395","105,600","404,350","80,453",7.35,"1,482,722","106,200","105,700","7,578,455",26.00,8.86,"107,600","4,017","6,980,304","50,286",78.10,0.68,"105,600","6,044","381,462","850,764","14,416",0.67,"3,174",9.77
8,삼성전자우,"47,300",하락,200,-0.42%,100,"248,128","11,761","47,350","385,956",N/A,9.16,"1,492,816","47,450","47,400",N/A,N/A,N/A,"47,750","41,049",N/A,N/A,73.75,N/A,"47,000","26,404","815,975",N/A,"5,162",0.80,N/A,N/A
9,HD현대중공업,"434,500",상승,"7,000",+1.64%,"5,000","69,297","30,110","436,000","385,719","7,052",43.98,"343,710","428,000","436,500","193,909",294.77,11.39,"438,000",991,"136,865","6,215",10.84,3.40,"427,500","8,111","88,773","144,865","9,880",6.64,"2,090",21.08
10,기아,"95,900",하락,"1,300",-1.34%,"5,000","159,802","15,296","95,600","381,368","126,671",4.09,"1,506,724","96,500","95,700","927,559",9.13,19.09,"96,600","31,295","369,156","97,750",38.94,11.28,"95,100","8,157","397,673","1,074,488","23,440",0.67,"6,500",7.66
11,두산에너빌리티,"57,000",상승,"2,400",+4.40%,"5,000","4,205,736","237,850","57,000","365,120","10,176",-358.49,"14,943,904","55,500","57,100","263,148",-30.65,1.52,"57,900","125,853","146,537","3,947",25.73,1.55,"54,200","334,941","640,561","162,331",-159,4.80,N/A,-7.71
12,셀트리온,"161,000",상승,200,+0.12%,"1,000","79,826","12,868","161,200","358,106","4,920",74.50,"561,974","160,500","161,300","210,552",-24.48,2.46,"162,400","4,532","34,752","4,189",21.43,2.04,"160,300","3,576","222,426","35,573","2,161",2.08,735,63.45
13,NAVER,"204,500",상승,"4,000",+2.00%,100,"397,420","82,303","205,000","324,004","19,793",17.86,"1,050,533","211,000","205,500","381,679",32.94,7.90,"211,500","25,218","111,670","19,320",48.62,5.23,"203,000","29,810","158,437","107,377","11,452",1.15,"1,130",11.03
14,신한지주,"59,400",상승,400,+0.68%,"5,000","156,851","9,277","58,800","294,530","64,587",6.52,"2,176,121","59,100","58,900","7,397,643",5.87,8.11,"59,500","9,321","6,809,432","45,582",58.92,0.64,"58,800","23,063","495,842","419,028","9,108",0.52,"2,160",6.26
15,삼성물산,"167,200",상승,"1,300",+0.78%,100,"126,444","20,956","165,700","284,201","29,834",13.35,"647,645","165,000","165,800","619,904",3.95,6.83,"168,000","4,106","247,319","27,720",26.90,4.33,"162,600","1,055","169,977","421,032","12,523",0.86,"2,600",0.50
16,현대모비스,"280,000",하락,"2,000",-0.71%,"5,000","41,746","11,789","281,000","260,386","30,735",6.17,"283,397","286,500","281,500","665,969",33.90,9.35,"288,000","4,077","204,787","40,602",42.10,6.49,"278,500","2,261","92,995","572,370","45,380",0.54,"6,000",-3.41
17,한화오션,"83,950",하락,750,-0.89%,"5,000","837,786","70,775","84,200","257,234","2,379",37.13,"4,055,268","84,100","84,300","178,438",221.06,11.52,"85,700","52,860","129,805","5,282",12.59,3.32,"83,700","17,991","306,413","107,760","2,261",5.06,N/A,45.46
18,삼성생명,"124,800",보합,0,0.00%,500,"101,907","12,910","125,200","249,600","24,998",11.77,"751,965","127,100","125,300","3,122,188",4.23,6.18,"130,500","2,470","2,794,809","22,603",21.82,0.72,"123,800","2,134","200,000","337,860","10,600",0.76,"4,500",9.21
19,HD한국조선해양,"352,500",상승,"2,000",+0.57%,"5,000","55,734","19,852","354,000","249,475","14,341",16.87,"377,743","350,500","354,500","367,191",408.07,11.16,"363,000","2,622","225,633","14,546",32.84,4.22,"350,500","1,959","70,773","255,386","20,895",2.19,"5,100",19.92
20,HMM,"24,050",하락,150,-0.62%,"5,000","2,335,269","57,009","23,850","246,522","35,128",4.74,"10,270,590","25,000","23,900","338,486",500.72,15.35,"25,350","67,625","59,930","37,821",7.24,12.70,"23,550","24,546","1,025,039","117,002","5,073",0.76,600,39.27
21,카카오,"51,200",하락,300,-0.58%,100,"1,617,236","84,178","51,900","226,184","4,602",147.98,"5,408,390","51,300","52,000","257,730",-0.14,0.56,"53,200","51,502","118,301","-1,619",28.39,-0.64,"50,800","32,972","441,767","78,717",346,2.16,68,4.16
22,하나금융지주,"77,900",하락,600,-0.76%,"5,000","111,980","8,777","77,700","221,800","48,552",5.88,"1,644,675","79,100","77,900","6,378,475",3.45,9.11,"79,700","10,721","5,942,706","37,685",67.67,0.61,"77,700","2,252","284,724","816,143","13,252",0.50,"3,600",17.10
23,현대로템,"193,700",상승,"6,900",+3.69%,"5,000","414,204","79,729","192,300","211,409","4,566",41.53,"2,117,509","193,200","192,400","52,854",117.36,21.85,"194,300","5,015","32,763","4,053",32.29,7.70,"188,100","4,614","109,142","43,766","4,664",9.67,200,22.00
24,POSCO홀딩스,"257,000",하락,"7,000",-2.65%,"5,000","54,336","13,985","256,500","207,998","21,736",24.99,"418,295","260,500","257,000","1,034,042",-38.45,2.00,"261,000","15,080","419,538","9,476",29.37,0.93,"255,000","4,619","80,933","726,881","10,286",0.35,"10,000",-5.76
25,삼성화재,"434,000",하락,"2,500",-0.57%,500,"8,472","3,711","435,000","199,688","26,496",11.08,"131,674","443,000","435,500","872,695",12.40,13.11,"445,500",653,"716,673","20,768",55.94,2.41,"433,000",241,"46,011","226,570","39,171",1.20,"19,000",8.80
26,메리츠금융지주,"109,200",하락,900,-0.82%,500,"31,569","3,477","109,300","196,576","31,889",8.94,"369,535","110,700","109,400","1,155,782",8.71,23.44,"111,600","1,313","1,046,482","23,334",16.02,2.14,"109,000","1,342","180,014","465,745","12,216",1.99,"1,350",-20.47
27,SK스퀘어,"139,400",상승,600,+0.43%,100,"102,207","14,225","138,700","184,762","39,126",3.76,"820,927","138,800","138,800","219,211",267.23,21.70,"140,800","1,061","23,356","36,505",52.26,18.30,"138,400","2,796","132,541","61,385","37,069",0.90,0,169.41
28,한국전력,"27,500",상승,50,+0.18%,"5,000","670,758","18,484","27,600","176,540","83,647",3.36,"6,291,719","27,350","27,650","2,468,078",284.18,9.22,"27,850","30,286","2,054,450","36,220",19.55,1.49,"27,300","64,093","641,964","933,989","8,191",0.42,213,5.87
29,크래프톤,"366,500",보합,0,0.00%,100,"10,527","3,870","366,500","173,679","11,825",13.24,"160,781","370,000","367,000","79,195",53.96,21.10,"370,000","2,526","10,903","13,026",42.87,18.14,"365,500","1,528","47,389","27,098","27,686",2.31,0,41.83
30,HD현대일렉트릭,"444,500",상승,"14,500",+3.37%,"5,000","78,939","34,863","442,500","160,230","6,690",28.53,"241,642","434,000","443,000","37,955",112.23,39.34,"447,000","1,790","22,880","4,984",33.98,14.87,"433,500","5,555","36,047","33,223","15,581",10.64,"5,350",22.92
31,고려아연,"772,000",하락,"16,000",-2.03%,"5,000","4,175","3,241","776,000","159,829","7,235",64.87,"20,653","796,000","777,000","147,923",9.63,2.28,"797,000",394,"71,969","1,948",12.10,1.45,"764,000",200,"20,703","120,529","11,900",1.90,"17,500",24.20
32,삼성중공업,"17,640",하락,50,-0.28%,"1,000","1,355,788","24,015","17,700","155,232","5,027",106.27,"6,763,155","17,630","17,710","171,946",115.43,1.77,"17,830","29,087","134,452",539,32.06,0.33,"17,500","39,373","880,000","99,031",166,3.91,N/A,23.64
33,우리금융지주,"20,400",하락,150,-0.73%,"5,000","323,587","6,615","20,350","151,489","42,552",5.26,"2,927,534","20,550","20,400","5,257,533",21.61,9.39,"20,700","144,174","4,898,581","31,715",46.18,0.62,"20,250","56,862","742,592","466,167","3,877",0.45,"1,200",11.03
34,KT&G,"122,300",하락,900,-0.73%,"5,000","28,805","3,543","122,800","149,282","11,888",13.77,"375,743","124,500","122,900","139,252",1.84,12.66,"124,700","3,413","45,668","11,650",43.62,8.73,"122,100","1,355","122,062","59,088","8,881",1.46,"5,400",0.79
35,LG화학,"203,000",하락,"5,500",-2.64%,"5,000","41,244","8,422","202,500","143,302","9,168",-16.99,"298,877","208,000","203,000","938,578",-63.75,-2.11,"208,500","10,907","458,623","5,150",30.25,0.60,"201,500","3,515","70,592","489,161","-11,946",0.48,"1,000",-11.46
36,SK,"191,700",상승,"1,100",+0.58%,200,"67,954","12,932","189,800","138,988","23,553",15.61,"318,177","190,100","189,900","2,149,778",-50.46,-5.64,"192,000","1,125","1,346,902","5,288",23.72,0.25,"188,000","1,115","72,503","1,246,904","12,281",0.39,"7,000",-3.19
37,SK이노베이션,"91,500",하락,"1,100",-1.19%,"5,000","103,718","9,623","91,900","138,197","3,155",-4.52,"985,684","94,700","92,100","1,105,301",-83.43,-9.65,"95,100","3,218","708,812","-23,725",13.72,-2.48,"91,100","1,462","151,035","747,170","-20,236",0.57,"2,000",-3.33
38,기업은행,"16,970",상승,10,+0.06%,"5,000","161,426","2,740","16,910","135,323","35,941",5.06,"1,270,130","17,070","16,920","4,722,198",4.71,8.06,"17,110","48,379","4,379,887","26,543",14.14,0.58,"16,890","6,535","797,426","324,300","3,351",0.40,"1,065",13.30
39,삼성SDI,"167,300",하락,"4,800",-2.79%,"5,000","170,637","28,757","167,800","134,820","3,633",114.51,"666,710","170,900","167,900","405,973",-76.49,3.13,"171,200","8,008","190,301","5,755",28.41,1.54,"166,700","1,165","80,586","165,922","1,461",0.59,973,-22.60
40,카카오뱅크,"27,500",하락,300,-1.08%,"5,000","316,951","8,824","27,800","131,172","6,069",28.12,"2,099,070","27,700","27,850","628,053",26.83,6.95,"28,200","8,721","562,652","4,401",17.22,0.75,"27,350","20,427","476,989","29,456",978,2.01,360,18.11
41,KT,"51,600",보합,0,0.00%,"5,000","35,928","1,860","51,700","130,043","8,095",20.55,"564,264","52,200","51,800","418,800",-50.93,2.85,"52,200","13,461","238,834","4,171",49.00,0.99,"51,400","12,557","252,022","264,312","2,511",0.76,"2,000",0.21
42,하이브,"298,000",상승,"2,000",+0.68%,500,"41,377","12,352","297,000","124,123","1,840",237.26,"273,190","296,500","297,500","54,792",-37.75,0.31,"301,500","2,737","19,654",-34,18.40,-0.06,"296,000","5,678","41,652","22,556","1,256",3.77,200,3.56
43,LIG넥스원,"551,000",상승,"25,000",+4.75%,"5,000","73,457","40,091","543,000","121,220","2,298",49.40,"629,467","548,000","544,000","61,253",23.29,19.59,"554,000","3,095","48,878","2,166",31.33,4.36,"535,000","2,435","22,000","32,763","11,153",9.67,"2,400",41.92
44,한화시스템,"62,400",상승,"8,000",+14.71%,"5,000","3,869,514","235,689","59,600","117,886","2,193",26.77,"4,903,978","58,100","59,700","57,240",78.95,19.63,"63,500","63,942","33,076","4,454",8.20,8.73,"57,100","37,358","188,919","28,037","2,331",3.47,350,14.32
45,SK텔레콤,"54,800",상승,200,+0.37%,100,"169,459","9,295","54,700","117,705","18,234",9.33,"1,841,643","55,100","54,800","305,153",4.00,10.83,"55,200","41,382","186,876","13,871",40.03,4.58,"54,500","51,293","214,790","179,406","5,874",0.99,"3,540",1.89
46,LG,"74,100",하락,700,-0.94%,"5,000","27,517","2,041","73,900","116,523","9,668",14.66,"279,741","74,800","74,000","316,393",-39.16,2.16,"74,900","8,469","35,066","7,905",35.08,2.55,"73,800","2,397","157,251","71,755","5,053",0.42,"3,100",-3.62
47,LG전자,"70,900",하락,"1,300",-1.80%,"5,000","110,855","7,876","70,800","116,026","34,197",18.54,"931,983","71,400","70,900","656,296",-6.40,1.81,"71,700","46,468","404,179","5,914",29.43,0.94,"70,600","7,681","163,648","877,282","3,825",0.58,"1,000",6.64
48,삼성에스디에스,"141,700",상승,"4,500",+3.28%,500,"49,848","7,039","140,900","109,644","9,111",14.47,"121,230","140,400","141,000","132,383",12.73,8.42,"142,900",382,"35,329","7,895",19.34,6.18,"139,600","2,191","77,378","138,282","9,791",1.17,"2,900",4.15
49,미래에셋증권,"19,120",상승,60,+0.31%,"5,000","531,115","10,118","18,990","109,044","11,881",14.02,"2,993,826","19,000","19,000","1,371,770",128.02,7.94,"19,230","9,707","1,249,133","9,255",13.29,0.69,"18,720","1,198","570,316","222,342","1,364",0.92,250,9.22
50,HD현대,"127,200",상승,"5,300",+4.35%,"1,000","85,832","10,706","124,200","100,479","29,832",19.14,"390,970","121,100","124,300","738,667",46.84,6.36,"128,000",485,"474,816","19,302",22.22,2.72,"121,100","2,342","78,993","677,656","6,647",0.97,"3,600",10.49
51,두산,"588,000",상승,"19,000",+3.34%,"5,000","51,156","29,726","579,000","97,160","10,038",-60.68,"254,445","566,000","580,000","301,431",-30.11,-14.57,"594,000",859,"182,536","3,022",12.62,1.03,"564,000","2,546","16,524","181,329","-9,690",7.01,"2,000",-5.21
52,한국항공우주,"99,200",상승,"1,500",+1.54%,"5,000","826,664","81,221","96,700","96,695","2,407",58.42,"2,899,469","101,400","96,800","80,255",-2.74,10.42,"101,800","12,850","62,984","1,709",34.98,2.25,"96,100","2,727","97,475","36,337","1,698",5.73,500,-4.86
53,포스코인터내셔널,"53,400",상승,"3,300",+6.59%,"5,000","379,111","19,929","51,500","93,943","11,169",17.46,"551,032","51,500","51,600","173,363",-3.97,8.14,"54,100","6,412","99,869","5,034",6.46,2.97,"50,700","19,693","175,923","323,408","3,058",1.41,"1,550",-2.39
54,삼성전기,"125,300",하락,"2,100",-1.65%,"5,000","61,481","7,732","125,400","93,591","7,350",15.44,"381,735","127,200","125,500","127,924",11.27,8.16,"127,300","10,637","37,765","7,032",32.69,5.75,"125,100","3,060","74,694","102,941","8,115",1.07,"1,800",15.76
55,포스코퓨처엠,"120,300",하락,"2,900",-2.35%,500,"61,282","7,388","119,600","93,188",7,-41.71,"480,065","122,300","119,700","79,325",-97.99,-7.98,"123,500","4,777","46,120","-2,313",9.92,-3.24,"119,300","2,064","77,463","36,999","-2,884",3.09,0,-22.27
56,삼양식품,"1,236,000",상승,"40,000",+3.34%,"5,000","15,244","18,688","1,216,000","93,108","3,446",30.57,"61,322","1,219,000","1,219,000","15,948",133.58,39.37,"1,240,000",403,"7,667","2,713",19.71,19.62,"1,213,000",233,"7,533","17,280","40,436",10.21,"3,300",44.86
57,한진칼,"134,900",하락,"5,500",-3.92%,"2,500","45,891","6,201","134,000","90,062",492,19.77,"244,152","140,500","134,100","42,072",14.82,16.75,"140,500",900,"8,940","5,122",20.62,12.82,"132,700",411,"66,762","2,922","6,822",2.78,360,5.96
58,현대글로비스,"119,000",상승,"1,400",+1.19%,500,"33,690","3,987","117,800","89,250","17,529",7.52,"351,595","118,000","117,900","168,491",12.80,13.24,"119,100","1,051","80,398","10,995",49.42,6.96,"117,100","1,115","75,000","284,074","15,834",1.00,"3,700",10.61
59,HD현대마린솔루션,"199,000",하락,800,-0.40%,500,"37,056","7,293","196,500","89,210","2,717",35.61,"511,213","198,200","196,700","11,522",34.87,44.98,"200,000",707,"3,787","2,279",28.95,25.20,"194,900",667,"44,829","17,455","5,588",12.47,"3,150",22.02
60,유한양행,"106,700",상승,200,+0.19%,"1,000","67,229","7,211","106,900","85,326",549,129.96,"467,882","106,400","107,000","29,420",-3.77,3.41,"108,300","2,500","7,914",552,17.86,1.92,"106,000","3,347","79,968","20,678",821,3.87,500,11.23
61,현대건설,"76,000",상승,"2,400",+3.26%,"5,000","421,380","31,707","74,900","84,630","-12,634",-41.94,"2,012,681","74,200","75,000","270,054",-260.86,-2.09,"76,200","12,982","173,360","-7,662",23.78,-3.02,"74,200","11,124","111,356","326,703","-1,812",1.06,600,10.18
62,KODEX CD금리액티브(합성),"1,072,310",상승,85,+0.01%,0,"56,374","60,450","1,072,305","83,558",N/A,N/A,"222,418","1,072,305","1,072,310",N/A,N/A,N/A,"1,072,310","617,229",N/A,N/A,0.00,N/A,"1,072,305","614,457","7,792",N/A,N/A,N/A,N/A,N/A
63,한미반도체,"85,400",하락,"1,400",-1.61%,100,"137,265","11,698","85,200","82,509","2,554",60.06,"1,410,001","85,500","85,300","7,109",638.74,27.43,"85,900","27,138","1,700","1,526",7.59,21.27,"84,600","9,218","96,614","5,589","1,422",15.53,720,251.50
64,LS ELECTRIC,"272,000",상승,"14,000",+5.43%,"5,000","101,963","27,425","269,000","81,600","3,897",35.45,"167,942","260,000","269,500","44,852",19.96,13.44,"274,000","3,100","25,951","2,422",23.95,5.90,"259,500","7,860","30,000","45,518","7,673",4.41,"2,900",7.60
65,TIGER 미국S&P500,"20,305",상승,45,+0.22%,0,"502,462","10,209","20,320","81,423",N/A,N/A,"3,641,324","20,305","20,325",N/A,N/A,N/A,"20,360","205,728",N/A,N/A,0.13,N/A,"20,280","234,257","401,000",N/A,N/A,N/A,N/A,N/A
66,DB손해보험,"115,000",상승,"2,100",+1.86%,500,"21,575","2,480","115,000","81,420","24,249",4.78,"415,905","114,400","115,100","665,061",8.50,18.98,"116,100",271,"571,149","18,532",46.29,2.93,"113,300",819,"70,800","218,350","24,043",0.86,"6,800",10.49
67,카카오페이,"58,800",하락,"1,600",-2.65%,500,"933,651","56,743","61,400","79,200",-575,"-1,896.77","2,697,452","60,500","61,500","44,147",-1.59,-0.73,"62,750","13,263","25,039",-215,38.07,-0.51,"58,600","15,059","134,694","7,662",-31,4.22,0,24.52
68,대한항공,"21,250",하락,200,-0.93%,"5,000","278,607","5,901","21,200","78,247","21,102",6.40,"3,035,209","21,300","21,250","470,121",17.88,13.17,"21,450","192,289","360,489","13,819",16.75,3.57,"21,050","30,267","368,221","178,707","3,322",0.75,750,10.92
69,아모레퍼시픽,"132,300",보합,0,0.00%,500,"47,114","6,217","132,400","77,386","2,205",14.61,"379,216","130,000","132,300","67,835",103.83,11.69,"133,250",528,"14,575","6,016",23.22,9.50,"130,000","2,895","58,493","38,851","9,057",1.73,"1,125",5.75
70,HD현대미포,"184,700",상승,700,+0.38%,"5,000","118,879","22,324","187,200","73,773",885,48.33,"634,967","183,900","187,300","51,089",157.89,5.25,"190,600","2,105","30,024","1,132",22.07,2.26,"183,600",478,"39,942","46,300","3,822",3.56,710,14.63
71,S-Oil,"63,300",하락,400,-0.63%,"2,500","349,057","22,109","62,200","71,265","4,222",-18.28,"2,229,859","65,600","62,400","244,514",-68.83,-2.18,"65,700","21,071","157,558","-1,930",73.34,-0.84,"62,000","6,944","112,583","366,370","-3,463",0.85,125,2.55
72,SK바이오팜,"90,400",상승,100,+0.11%,500,"30,095","2,746","90,700","70,795",963,28.18,"229,045","90,700","90,800","10,368",356.75,58.01,"92,100","4,231","4,628","2,270",10.98,25.79,"90,200",669,"78,313","5,476","3,208",12.47,N/A,54.30
73,효성중공업,"742,000",상승,"62,000",+9.12%,"5,000","40,246","29,012","725,000","69,188","3,625",22.82,"47,272","692,000","726,000","62,188",40.59,14.90,"744,000",458,"41,632","2,229",22.95,4.06,"690,000","2,146","9,325","48,950","32,509",3.52,"5,000",13.82
74,한화,"92,200",상승,"3,400",+3.83%,"5,000","241,142","21,998","91,200","69,112","24,161",8.81,"1,286,901","89,200","91,300","2,520,370",0.17,7.19,"92,600","6,040","2,124,752","16,904",15.85,0.73,"89,100","11,132","74,959","556,468","10,464",0.82,800,4.73
75,KODEX 머니마켓액티브,"103,082",상승,2,0.00%,0,"58,201","5,999","103,080","68,049",N/A,N/A,"533,533","103,085","103,085",N/A,N/A,N/A,"103,085","1,326,361",N/A,N/A,0.00,N/A,"103,080","1,047,702","66,014",N/A,N/A,N/A,N/A,N/A
76,한국금융지주,"121,600",상승,"1,000",+0.83%,"5,000","38,479","4,677","121,000","67,763","11,997",6.47,"273,049","120,600","121,100","1,092,202",46.24,11.54,"123,000","1,596","994,857","10,459",37.60,1.02,"120,400","1,079","55,726","211,741","18,792",0.72,"3,980",1.34
77,코웨이,"94,100",상승,400,+0.43%,500,"15,924","1,498","93,300","67,666","7,954",12.00,"214,386","95,000","93,400","57,616",8.77,19.38,"95,000",931,"25,654","5,655",61.35,10.66,"93,100",906,"71,909","43,101","7,843",2.15,"2,630",8.66
78,KODEX 200,"38,925",상승,60,+0.15%,0,"2,039,798","79,442","38,855","64,771",N/A,N/A,"8,973,193","39,000","38,860",N/A,N/A,N/A,"39,160","323,856",N/A,N/A,31.43,N/A,"38,745","274,131","166,400",N/A,N/A,N/A,N/A,N/A
79,LG씨엔에스,"64,700",상승,800,+1.25%,500,"1,599,322","104,410","65,000","62,685","5,129",14.07,"7,959,500","64,500","65,100","45,045",10.52,18.32,"66,800","35,111","23,817","3,649",2.11,8.54,"63,900","15,232","96,886","59,826","4,597",2.39,"1,672",6.73
80,한화솔루션,"35,650",상승,250,+0.71%,"5,000","850,597","30,657","36,000","61,280","-3,002",-6.28,"3,617,903","36,150","36,050","300,368",-151.83,-15.99,"36,500","58,664","194,300","-13,690",13.89,-4.99,"35,450","60,768","171,893","123,940","-5,673",0.66,300,-5.23
81,NH투자증권,"18,260",보합,0,0.00%,"5,000","80,839","1,479","18,200","59,178","9,011",9.45,"863,156","18,200","18,220","624,271",24.16,8.73,"18,450","6,155","543,077","6,866",16.13,1.15,"18,190","3,116","324,086","100,343","1,932",0.79,950,-3.25
82,삼성증권,"65,200",상승,700,+1.09%,"5,000","103,584","6,789","65,100","58,224","12,058",6.51,"611,987","64,400","65,200","622,739",62.69,12.89,"66,200","7,879","549,497","8,990",29.21,1.51,"64,300","8,636","89,300","134,666","10,015",0.80,"3,500",2.26
83,LS,"179,200",상승,"6,300",+3.64%,"5,000","67,509","11,893","174,800","57,702","10,729",20.32,"265,975","171,300","175,000","205,279",19.26,5.09,"179,500",958,"136,468","3,915",14.63,2.02,"170,900","1,962","32,200","275,447","8,821",1.00,"1,650",12.52
84,LG유플러스,"13,150",상승,30,+0.23%,"5,000","121,397","1,599","13,170","57,414","8,631",14.03,"1,218,880","13,250","13,180","197,077",-13.52,4.40,"13,260","8,199","109,394","3,146",37.09,1.58,"13,100","14,237","436,611","146,252",937,0.66,650,1.76
85,삼성카드,"49,500",상승,300,+0.61%,"5,000","7,202",356,"49,250","57,350","8,854",8.54,"73,796","49,650","49,300","294,941",9.31,8.00,"49,750","1,052","210,079","6,646",6.27,2.28,"49,100","1,507","115,859","43,832","5,793",0.63,"2,800",9.47
86,맥쿼리인프라,"11,740",상승,30,+0.26%,0,"232,108","2,723","11,730","56,225",N/A,N/A,"1,343,339","11,730","11,740",N/A,N/A,N/A,"11,750","56,787",N/A,N/A,9.11,N/A,"11,700","106,456","478,922",N/A,N/A,N/A,N/A,N/A
87,현대차2우B,"154,100",상승,800,+0.52%,"5,000","36,077","5,536","153,200","53,879",N/A,3.36,"221,064","153,100","153,400",N/A,N/A,N/A,"154,200","3,192",N/A,N/A,59.94,N/A,"152,900","2,301","34,964",N/A,"45,880",0.36,N/A,N/A
88,LG생활건강,"334,750",상승,250,+0.07%,"5,000","3,892","1,307","335,000","52,282","4,590",32.81,"40,887","338,500","335,500","74,058",-5.74,3.44,"339,000",402,"17,199","2,039",28.63,2.79,"332,500",867,"15,618","68,119","10,204",1.00,"3,500",0.10
89,TIGER 미국나스닥100,"131,465",상승,530,+0.40%,0,"41,512","5,459","131,445","49,707",N/A,N/A,"309,088","131,480","131,485",N/A,N/A,N/A,"131,735","1,585",N/A,N/A,0.23,N/A,"131,190","11,518","37,810",N/A,N/A,N/A,N/A,N/A
90,에이피알,"130,000",하락,"1,000",-0.76%,100,"69,188","8,996","130,100","49,197","1,227",36.98,"536,455","129,000","130,100","5,651",17.77,41.34,"131,400","1,216","2,416","1,076",23.75,25.24,"128,200","1,734","37,844","7,228","3,515",13.86,0,37.98
91,두산밥캣,"51,100",상승,500,+0.99%,500,"22,584","1,152","50,900","48,982","8,714",11.09,"281,659","50,900","50,900","120,096",-37.31,8.77,"51,500","2,518","51,151","5,634",36.27,5.03,"50,600","3,679","95,856","85,512","4,606",0.71,"1,600",-12.38
92,키움증권,"199,500",상승,"4,500",+2.31%,"5,000","54,731","10,963","200,000","48,831","10,982",6.84,"207,679","196,000","200,500","556,884",94.50,15.98,"203,500","1,251","500,565","8,349",24.84,1.55,"195,900","5,856","24,477","112,803","29,164",0.94,"7,500",18.18
93,넷마블,"56,600",하락,"1,500",-2.58%,100,"23,451","1,339","57,100","48,650","2,156",47.84,"324,754","57,700","57,200","81,771",414.93,0.49,"58,400","5,874","27,032",32,24.68,0.04,"56,400","3,814","85,954","26,638","1,183",0.86,417,6.46
94,한국타이어앤테크놀로지,"38,750",하락,300,-0.77%,500,"46,570","1,802","38,600","48,002","17,623",4.45,"486,908","39,150","38,650","158,497",32.71,10.79,"39,150","11,572","46,549","11,311",35.91,7.91,"38,500","3,035","123,875","94,119","8,704",0.42,"2,000",5.28
95,TIGER CD금리투자KIS(합성),"56,185",상승,5,+0.01%,0,"23,633","1,327","56,180","47,554",N/A,N/A,"186,185","56,180","56,185",N/A,N/A,N/A,"56,185","1,288,056",N/A,N/A,0.01,N/A,"56,180","1,279,255","84,638",N/A,N/A,N/A,N/A,N/A
96,삼성E&A,"23,300",상승,200,+0.87%,"5,000","254,764","5,915","23,200","45,668","9,716",6.13,"1,335,612","22,850","23,250","100,133",-2.17,19.65,"23,550","13,505","61,176","6,387",45.03,7.17,"22,850","29,807","196,000","99,666","3,804",1.06,660,-6.20
97,GS,"47,550",상승,100,+0.21%,"5,000","85,057","4,053","47,350","44,181","30,602",10.93,"477,052","48,300","47,400","350,634",-17.78,4.12,"48,500","5,630","165,930","8,635",16.98,2.48,"46,700","3,017","92,915","252,975","4,351",0.32,"2,700",-2.62
98,오리온,"111,400",보합,0,0.00%,500,"15,049","1,676","110,900","44,043","5,436",8.23,"122,012","112,100","111,000","43,084",10.40,16.57,"112,700","2,854","7,344","5,332",29.93,13.62,"110,800","2,897","39,536","31,043","13,534",1.25,"2,500",6.59
99,KODEX 미국S&P500,"18,690",상승,60,+0.32%,0,"370,903","6,935","18,695","43,987",N/A,N/A,"2,288,234","18,695","18,700",N/A,N/A,N/A,"18,745","180,926",N/A,N/A,0.32,N/A,"18,660","242,068","235,350",N/A,N/A,N/A,N/A,N/A
100,CJ,"149,400",상승,"3,400",+2.33%,"5,000","40,622","6,004","147,300","43,590","25,475",53.64,"322,892","146,200","147,200","474,970",24.93,1.83,"150,100",584,"297,506","1,512",10.91,0.32,"145,000","1,015","29,177","436,467","2,785",0.92,"3,000",5.55
101,LG디스플레이,"8,700",하락,140,-1.58%,"5,000","204,672","1,791","8,700","43,500","-5,606",-2.13,"1,007,724","8,920","8,710","328,596",77.67,-37.21,"8,940","22,583","247,868","-24,093",20.49,-7.02,"8,660","17,470","500,000","266,153","-4,084",0.69,N/A,24.77
102,KODEX KOFR금리액티브(합성),"110,522",상승,2,0.00%,0,"13,527","1,495","110,520","40,044",N/A,N/A,"419,694","110,520","110,525",N/A,N/A,N/A,"110,522","538,457",N/A,N/A,0.00,N/A,"110,520","752,618","36,232",N/A,N/A,N/A,N/A,N/A
103,현대제철,"29,400",상승,50,+0.17%,"5,000","77,037","2,248","29,050","39,233","1,595",-39.89,"636,647","29,100","29,100","347,438",-80.02,-0.06,"29,500","5,307","154,102",88,17.86,0.03,"28,800","9,021","133,446","232,261",-737,0.20,750,-10.38
104,한전기술,"102,300",하락,"1,800",-1.73%,200,"684,141","70,782","103,200","39,099",548,33.77,"5,886,250","104,300","103,300","9,468",91.88,10.40,"105,800","13,547","3,694",585,9.88,6.50,"101,300","3,644","38,220","5,534","3,029",6.48,999,1.52
105,JB금융지주,"20,150",상승,150,+0.75%,"5,000","93,145","1,872","20,000","39,072","9,061",5.89,"1,119,353","20,500","20,050","667,219",13.26,12.80,"20,650","2,683","609,971","6,930",35.18,1.07,"19,940","8,757","193,908","46,238","3,422",0.68,995,10.25
106,현대오토에버,"141,500",하락,"1,500",-1.05%,500,"4,068",574,"140,900","38,805","2,244",23.52,"55,900","140,900","141,700","33,495",23.71,10.40,"142,600",282,"16,190","1,752",2.39,5.66,"140,700",158,"27,424","37,136","6,016",2.31,"1,780",21.16
107,BNK금융지주,"11,840",하락,60,-0.50%,"5,000","141,043","1,670","11,750","37,697","8,759",5.88,"1,809,908","11,930","11,760","1,524,705",9.33,6.96,"12,050","8,409","1,413,229","7,500",40.43,0.50,"11,720","4,035","318,384","100,314","2,012",0.36,650,3.80
108,강원랜드,"17,390",상승,10,+0.06%,500,"96,811","1,685","17,380","37,204","2,858",8.48,"776,353","17,380","17,390","47,006",1.25,12.09,"17,500","7,845","8,170","4,569",13.55,9.99,"17,310","24,134","213,940","14,269","2,050",0.94,"1,170",2.76
109,엔씨소프트,"170,800",하락,"5,700",-3.23%,500,"31,028","5,365","172,300","36,797","-1,092",50.12,"119,917","176,200","172,600","39,539",-179.56,2.99,"177,600",837,"8,904",941,34.13,2.26,"170,000",154,"21,544","15,781","3,408",1.10,"1,460",-11.33
110,한미약품,"287,000",하락,"12,000",-4.01%,"2,500","51,222","14,859","289,500","36,768","2,162",33.76,"89,284","298,000","290,000","20,208",-2.04,11.89,"299,000","3,558","7,801","1,404",10.28,7.17,"284,500","1,164","12,811","14,955","8,502",3.27,"1,250",0.31
111,한국가스공사,"39,350",상승,550,+1.42%,"5,000","271,568","10,714","39,000","36,325","30,034",3.28,"513,863","40,000","39,050","576,696",93.34,11.21,"40,000","11,358","468,433","11,490",10.14,2.00,"38,950","4,912","92,313","383,887","12,001",0.31,"1,455",-13.84
112,CJ제일제당,"238,500",하락,"1,000",-0.42%,"5,000","12,116","2,872","236,000","35,904","15,530",52.87,"70,383","239,500","236,500","301,500",20.24,1.97,"239,500","4,082","179,072","3,618",20.84,1.21,"235,500","2,016","15,054","293,591","4,511",0.49,"6,000",1.16
113,현대차우,"153,000",상승,800,+0.53%,"5,000","20,240","3,082","152,200","35,712",N/A,3.33,"120,897","152,200","152,500",N/A,N/A,N/A,"153,100","2,763",N/A,N/A,61.21,N/A,"151,400","1,171","23,341",N/A,"45,880",0.36,N/A,N/A
114,SK바이오사이언스,"44,225",하락,625,-1.39%,500,"36,087","1,603","44,400","34,659","-1,384",-72.03,"173,348","44,200","44,500","28,436","-1,054.77",-3.07,"45,450","3,250","8,211",-501,6.39,-2.13,"43,900","1,090","78,369","2,675",-614,1.92,0,-27.59
115,포스코DX,"22,650",하락,750,-3.21%,500,"103,191","2,345","22,700","34,436","1,090",41.03,"889,203","23,100","22,750","8,925",-1.42,17.92,"23,150","27,766","3,666",886,2.97,9.94,"22,500","5,100","152,035","14,733",552,6.44,125,-0.85
116,SKC,"89,400",하락,"2,500",-2.72%,"5,000","75,016","6,733","89,200","33,854","-2,768",-6.48,"247,328","90,900","89,300","67,487",-29.53,-34.34,"91,400","8,813","44,559","-4,551",14.67,-6.60,"88,900","1,770","37,868","17,216","-13,786",2.70,N/A,15.27
117,LG이노텍,"141,200",하락,"3,100",-2.15%,"5,000","33,238","4,720","141,700","33,418","7,060",8.43,"189,681","145,100","141,800","113,782",-15.02,8.92,"145,100","2,395","60,243","4,493",22.88,3.98,"140,600",492,"23,667","212,008","16,750",0.62,"2,090",2.89
118,KODEX 종합채권(AA-이상)액티브,"118,330",하락,45,-0.04%,0,"23,500","2,779","118,250","33,201",N/A,N/A,"80,782","118,340","118,275",N/A,N/A,N/A,"118,395","35,558",N/A,N/A,0.00,N/A,"118,215","28,101","28,058",N/A,N/A,N/A,N/A,N/A
119,두산로보틱스,"50,200",하락,500,-0.99%,500,"33,729","1,692","50,200","32,540",-412,-75.49,"241,632","50,000","50,300","4,217",-114.96,-8.69,"50,600","6,036",192,-366,2.13,-8.33,"49,900","6,157","64,820",468,-665,8.27,N/A,-11.71
120,현대엘리베이터,"81,600",하락,200,-0.24%,"5,000","40,549","3,291","80,700","31,899","2,257",15.26,"523,977","81,900","80,800","35,738",173.22,14.42,"82,000","4,150","22,315","1,939",28.45,5.46,"80,500",718,"39,092","28,853","5,347",2.58,"5,500",10.88
121,시프트업,"53,800",하락,"2,300",-4.10%,200,"82,921","4,454","53,600","31,625","1,527",19.80,"793,700","53,200","53,800","8,038",37.47,31.30,"54,600","5,689",394,"1,480",37.44,29.37,"52,300","3,648","58,782","2,241","2,717",3.98,0,32.91
122,TIGER 미국테크TOP10 INDXX,"23,105",상승,125,+0.54%,0,"255,954","5,915","23,100","31,273",N/A,N/A,"1,758,795","23,070","23,105",N/A,N/A,N/A,"23,150","176,478",N/A,N/A,0.51,N/A,"23,050","159,806","135,350",N/A,N/A,N/A,N/A,N/A
123,이수페타시스,"42,450",하락,"1,850",-4.18%,"1,000","455,554","19,443","42,650","31,162","1,019",29.71,"2,238,725","43,500","42,700","7,901",63.87,24.92,"43,600","35,969","4,626",740,13.96,10.45,"42,050","6,587","73,409","8,369","1,429",7.90,143,23.92
124,금호석유화학,"116,600",하락,500,-0.43%,"5,000","17,440","2,056","117,100","30,852","2,728",9.58,"127,929","118,800","117,200","83,402",-24.00,5.88,"119,500","1,726","22,980","3,486",17.99,4.27,"115,900","1,481","26,460","71,550","12,168",0.50,"2,200",13.17
125,롯데지주,"29,300",상승,100,+0.34%,200,"53,272","1,547","29,050","30,738","3,405",-2.86,"313,994","29,000","29,150","226,603",-31.04,-15.56,"29,400","6,003","134,605","-9,461",7.45,-4.13,"28,850","6,790","104,909","157,570","-10,260",0.34,"1,200",3.94
126,풍산,"107,300",상승,300,+0.28%,"5,000","419,580","45,092","106,700","30,070","3,238",12.49,"4,404,748","111,000","106,800","40,966",41.61,11.33,"111,000","4,275","18,973","2,360",21.90,6.09,"105,100","4,904","28,024","45,544","8,589",1.35,"2,600",10.40
127,에코프로머티,"42,400",하락,"1,100",-2.53%,500,"72,549","3,089","42,400","29,651",-647,-70.67,"694,542","43,000","42,450","12,902",-837.74,-5.56,"43,300","9,786","5,526",-427,22.68,-3.57,"42,050","1,009","69,932","2,998",-600,4.05,0,-68.52
128,대한전선,"15,620",하락,320,-2.01%,"1,000","696,147","10,889","15,620","29,123","1,152",37.28,"3,124,073","15,680","15,630","26,427",44.28,5.85,"15,890","18,948","11,466",742,6.99,3.28,"15,470","8,371","186,447","32,913",419,1.92,N/A,15.73
129,F&F,"74,600",보합,0,0.00%,100,"8,199",606,"73,600","28,577","4,507",8.22,"120,734","74,900","73,700","22,859",-18.32,25.27,"74,900","1,344","7,086","3,560",11.28,16.59,"73,100",569,"38,307","18,960","9,076",1.77,"1,700",-4.17
130,서울보증보험,"40,850",하락,50,-0.12%,"2,500","57,033","2,297","40,100","28,522","2,797",13.38,"271,121","40,250","40,200","93,336",-46.64,4.12,"40,850","5,818","41,581","2,133",1.13,2.31,"39,050","4,607","69,822","27,513","3,052",0.57,"2,865",5.41
131,TIGER KOFR금리액티브(합성),"109,025",상승,5,0.00%,0,"9,779","1,066","109,020","28,518",N/A,N/A,"58,992","109,020","109,025",N/A,N/A,N/A,"109,025","58,540",N/A,N/A,0.00,N/A,"109,020","149,969","26,157",N/A,N/A,N/A,N/A,N/A
132,KCC,"318,500",상승,"3,500",+1.11%,"5,000","4,869","1,536","314,500","28,303","4,711",-24.07,"44,037","314,500","315,000","131,086",50.74,6.08,"318,500",456,"80,692","2,933",9.60,2.22,"309,500",535,"8,886","66,588","-13,230",0.37,"10,000",5.89
133,한화생명,"3,240",하락,65,-1.97%,"5,000","556,656","1,817","3,250","28,140","10,970",4.16,"3,728,905","3,295","3,255","1,601,464",3.78,6.98,"3,340","72,643","1,458,684","8,660",10.12,0.56,"3,220","18,296","868,530","245,852",778,0.21,N/A,7.91
134,코스맥스,"247,000",상승,"8,000",+3.35%,500,"12,139","2,952","243,000","28,033","1,754",37.53,"114,980","239,500","243,500","19,337",51.61,20.53,"247,000",546,"14,249",884,35.24,5.07,"238,500","1,788","11,350","21,661","6,581",6.40,"2,300",21.86
135,RISE 머니마켓액티브,"54,312",하락,3,-0.01%,0,"77,588","4,214","54,310","27,529",N/A,N/A,"565,541","54,315","54,315",N/A,N/A,N/A,"54,315","251,261",N/A,N/A,1.02,N/A,"54,310","158,053","50,686",N/A,N/A,N/A,N/A,N/A
136,롯데케미칼,"63,700",하락,800,-1.24%,"5,000","15,521",989,"63,600","27,248","-8,941",-1.50,"233,384","64,300","63,700","345,523",-157.14,-11.44,"64,500","1,737","145,644","-18,256",20.77,-5.37,"63,100",977,"42,775","204,304","-42,451",0.19,"2,000",2.43
137,에스원,"69,800",상승,600,+0.87%,500,"3,393",236,"69,000","26,523","2,092",14.89,"87,729","70,400","69,200","23,227",-1.58,10.85,"70,400",600,"6,620","1,767",56.12,7.85,"68,800",423,"37,999","28,047","4,687",1.46,"2,700",7.02
138,동서,"26,600",상승,50,+0.19%,500,"15,266",404,"26,450","26,520",445,17.85,"99,023","26,550","26,500","17,791",1.66,9.52,"26,700","2,912",697,"1,590",4.38,9.16,"26,350","3,231","99,700","4,889","1,490",1.59,890,-0.17
139,영원무역,"59,500",상승,200,+0.34%,500,"8,543",509,"59,200","26,365","3,156",6.12,"58,040","60,300","59,300","53,897",-50.47,12.32,"60,600",787,"14,941","2,945",29.27,5.51,"58,700","1,027","44,311","35,178","9,724",0.69,"1,400",-2.40
140,TIGER 200,"38,890",상승,70,+0.18%,0,"624,029","24,279","38,825","25,979",N/A,N/A,"2,865,595","39,015","38,830",N/A,N/A,N/A,"39,125","213,488",N/A,N/A,10.21,N/A,"38,710","171,318","66,800",N/A,N/A,N/A,N/A,N/A
141,한화비전,"51,000",하락,100,-0.20%,500,"96,698","4,929","50,900","25,749",-1,80.31,"792,784","50,700","51,000","15,911",N/A,N/A,"51,400","13,772","7,664",32,20.16,N/A,"50,100","18,530","50,488","4,933",635,3.11,N/A,N/A
142,KODEX 미국나스닥100,"19,765",상승,75,+0.38%,0,"186,711","3,692","19,765","25,615",N/A,N/A,"1,152,529","19,765","19,775",N/A,N/A,N/A,"19,815","162,368",N/A,N/A,0.13,N/A,"19,725","189,789","129,600",N/A,N/A,N/A,N/A,N/A
143,KODEX 200TR,"13,875",상승,15,+0.11%,0,"183,167","2,538","13,850","25,495",N/A,N/A,"782,089","13,885","13,855",N/A,N/A,N/A,"13,950","137,602",N/A,N/A,0.01,N/A,"13,805","176,829","183,750",N/A,N/A,N/A,N/A,N/A
144,한미사이언스,"36,900",하락,800,-2.12%,500,"26,984","1,001","36,950","25,236",989,47.86,"198,222","37,900","37,050","13,491",-20.57,7.30,"37,900","2,718","5,104",567,1.94,4.40,"36,650","1,907","68,392","12,834",771,2.94,300,2.85
145,TIGER 미국필라델피아반도체나스닥,"18,370",하락,105,-0.57%,0,"342,677","6,301","18,370","24,763",N/A,N/A,"1,696,578","18,330","18,380",N/A,N/A,N/A,"18,415","10,851",N/A,N/A,0.56,N/A,"18,330","81,591","134,800",N/A,N/A,N/A,N/A,N/A
146,한화엔진,"29,550",상승,200,+0.68%,"1,000","315,286","9,249","29,200","24,659",715,29.46,"1,564,517","29,100","29,300","14,131",719.51,25.64,"29,950","19,384","10,198",792,12.68,6.21,"28,700","19,172","83,447","12,022","1,003",5.97,N/A,40.71
147,한전KPS,"53,900",상승,"3,400",+6.73%,200,"782,701","42,794","54,800","24,255","2,095",17.31,"1,117,136","53,000","54,900","16,902",5.08,13.26,"57,300","19,656","3,617","1,724",14.76,10.49,"52,200","16,171","45,000","15,571","3,113",1.99,"2,469",1.52
148,농심,"393,000",상승,"1,000",+0.26%,"5,000","4,995","1,956","391,500","23,905","1,631",15.30,"37,357","389,000","392,000","35,975",-23.10,6.17,"393,500","1,068","9,249","1,576",17.23,4.61,"389,000",563,"6,083","34,387","25,679",0.84,"5,000",0.83
149,KODEX 레버리지,"20,255",상승,65,+0.32%,0,"7,148,145","145,133","20,190","23,374",N/A,N/A,"27,101,608","20,390","20,195",N/A,N/A,N/A,"20,500","321,776",N/A,N/A,0.41,N/A,"20,070","200,929","115,400",N/A,N/A,N/A,N/A,N/A
150,현대해상,"25,850",하락,550,-2.08%,500,"176,172","4,600","25,800","23,110","12,441",3.39,"1,162,393","26,600","25,850","485,238",67.33,15.75,"26,750","7,751","437,804","8,505",35.44,1.84,"25,700","4,129","89,400","173,245","7,619",0.50,N/A,8.86
151,이마트,"82,600",하락,500,-0.60%,"5,000","21,753","1,790","82,200","22,794",471,-4.21,"196,825","82,600","82,300","339,306",200.35,-5.40,"83,000","10,453","207,466","-5,734",21.07,-1.70,"82,000","2,109","27,596","290,209","-19,614",0.22,"2,000",-1.53
152,제일기획,"19,600",하락,200,-1.01%,200,"47,282",930,"19,590","22,548","3,207",11.67,"784,896","19,930","19,640","33,066",4.29,15.12,"19,940","4,464","18,325","2,083",24.75,6.73,"19,570","2,550","115,041","43,443","1,679",1.44,"1,230",4.98
153,ACE 미국30년국채액티브(H),"7,635",하락,105,-1.36%,0,"654,013","4,988","7,625","22,455",N/A,N/A,"4,135,917","7,635","7,630",N/A,N/A,N/A,"7,640","597,139",N/A,N/A,0.01,N/A,"7,620","426,517","294,100",N/A,N/A,N/A,N/A,N/A
154,아모레퍼시픽홀딩스,"28,000",상승,100,+0.36%,500,"30,896",869,"28,100","22,248","2,493",9.95,"277,351","28,200","28,150","85,405",64.00,7.57,"28,400","1,064","15,488","6,529",9.76,8.07,"27,750","4,246","79,458","42,599","2,813",0.75,330,5.93
155,KODEX CD1년금리플러스액티브(합성),"1,023,085",상승,50,0.00%,0,"1,708","1,747","1,023,085","22,157",N/A,N/A,"7,233","1,023,085","1,023,090",N/A,N/A,N/A,"1,023,090","396,713",N/A,N/A,0.00,N/A,"1,023,085","389,825","2,166",N/A,N/A,N/A,N/A,N/A
156,산일전기,"72,600",상승,"3,200",+4.61%,500,"131,189","9,418","71,500","22,103","1,092",22.59,"321,640","70,300","71,600","4,927",134.38,29.88,"72,700","3,029",584,837,8.88,24.47,"70,200","17,023","30,445","3,340","3,214",4.88,420,55.68
157,SK가스,"229,500",상승,"8,000",+3.61%,"5,000","22,547","5,253","224,500","21,218","2,872",8.61,"30,723","239,500","225,500","75,396",-5.41,6.74,"242,000","1,325","48,013","1,778",7.62,2.61,"224,000",195,"9,245","70,959","26,657",0.74,"8,000",1.48
158,롯데쇼핑,"74,100",보합,0,0.00%,"5,000","6,609",488,"73,800","20,962","4,731",-2.04,"189,008","74,100","74,000","390,030",-6.94,-7.75,"74,400",910,"219,694","-9,941",8.01,-2.86,"73,500","1,525","28,289","139,866","-36,401",0.14,"3,800",-3.91
159,한국콜마,"88,600",상승,300,+0.34%,500,"20,244","1,785","88,000","20,914","1,939",21.56,"279,109","88,000","88,100","31,267",42.39,12.50,"88,850",777,"16,210","1,253",38.41,4.09,"87,300","1,742","23,605","24,521","4,109",2.65,720,13.75
160,팬오션,"3,910",상승,20,+0.51%,"1,000","1,004,679","3,919","3,835","20,902","4,712",7.48,"5,632,099","3,970","3,850","102,715",22.11,5.17,"3,990","79,695","46,181","2,681",15.23,2.96,"3,825","44,912","534,570","51,612",523,0.37,120,18.35
161,씨에스윈드,"49,250",상승,400,+0.82%,500,"78,843","3,866","49,150","20,769","2,555",7.52,"553,574","48,400","49,250","36,095",145.19,13.92,"49,500","2,758","24,092","1,437",12.25,4.44,"48,100","2,979","42,171","30,725","6,546",1.68,"1,000",102.12
162,ACE 미국S&P500,"20,530",상승,65,+0.32%,0,"91,319","1,874","20,525","20,653",N/A,N/A,"408,963","20,530","20,535",N/A,N/A,N/A,"20,570","72,853",N/A,N/A,0.15,N/A,"20,485","79,238","100,600",N/A,N/A,N/A,N/A,N/A
163,TIGER 미국배당다우존스,"11,650",하락,15,-0.13%,0,"231,163","2,694","11,660","20,568",N/A,N/A,"1,609,057","11,665","11,665",N/A,N/A,N/A,"11,675","125,111",N/A,N/A,0.01,N/A,"11,635","118,022","176,550",N/A,N/A,N/A,N/A,N/A
164,한온시스템,"2,975",하락,40,-1.33%,100,"347,112","1,036","2,980","20,193",955,-4.31,"1,685,600","3,015","2,990","106,203",-66.31,-13.90,"3,045","72,602","76,215","-3,586",4.87,-3.61,"2,955","11,541","678,763","99,987",-690,0.70,N/A,5.01
165,BGF리테일,"116,700",상승,"2,900",+2.55%,"1,000","8,454",977,"113,500","20,170","2,516",10.89,"104,255","115,600","113,600","34,026",-0.61,17.29,"117,300",345,"22,185","1,952",27.58,5.90,"113,500",203,"17,284","86,988","10,714",1.79,"4,100",6.15
166,달바글로벌,"165,700",상승,400,+0.24%,100,"52,292","8,605","164,400","19,999",598,116.12,"417,367","162,000","164,500","1,361",84.44,26.21,"166,600",812,340,154,3.73,14.39,"160,400",530,"12,070","3,091","1,427",18.61,305,53.91
167,GS건설,"23,300",상승,300,+1.30%,"5,000","123,693","2,860","22,950","19,940","2,860",14.35,"893,400","22,900","23,000","178,033",173.71,5.63,"23,400","8,983","127,162","2,639",22.46,1.49,"22,850","16,705","85,581","128,638","1,624",0.44,300,-4.26
168,HD현대인프라코어,"10,350",상승,200,+1.97%,"1,000","329,805","3,371","10,150","19,933","1,842",25.06,"2,773,315","10,180","10,180","42,872",-55.97,5.92,"10,390","15,625","24,400","1,084",14.74,2.49,"10,110","14,940","192,591","41,142",413,1.05,70,-11.71
169,미스토홀딩스,"32,950",하락,800,-2.37%,"1,000","28,484",947,"33,300","19,802","3,608",21.08,"218,357","34,200","33,350","55,364",18.88,4.30,"34,200","9,662","28,001","2,077",39.69,3.95,"32,900",998,"60,096","42,687","1,563",0.95,"1,200",6.54
170,호텔신라,"50,100",상승,100,+0.20%,"5,000","31,783","1,585","49,700","19,663",-52,-30.33,"366,139","50,200","49,850","38,139",-105.68,-6.50,"50,400","2,045","25,295",-615,12.79,-1.80,"49,500","2,831","39,248","39,476","-1,652",1.48,N/A,10.62
171,DL이앤씨,"50,700",상승,"2,600",+5.41%,"5,000","134,516","6,737","49,900","19,618","2,709",9.32,"325,013","48,500","50,000","97,124",-18.06,4.77,"50,800",833,"48,667","2,292",30.81,2.41,"48,500","6,641","38,694","83,184","5,440",0.44,540,4.10
172,코리안리,"10,030",상승,90,+0.91%,500,"42,729",426,"9,930","19,541","4,054",5.52,"653,454","9,960","9,960","131,604",11.48,9.45,"10,070","2,247","97,075","3,167",27.60,2.51,"9,870","2,859","194,821","69,579","1,816",0.52,515,-0.08
173,신영증권,"118,500",상승,"2,500",+2.16%,"5,000","9,493","1,117","116,600","19,481","1,704",15.88,"58,103","116,000","117,100","106,099",47.34,9.27,"118,800",622,"89,215","1,494",6.99,1.37,"115,400",630,"16,440","27,643","7,462",0.53,"4,500",17.45
174,아시아나항공,"9,440",하락,120,-1.26%,"5,000","29,664",281,"9,480","19,446","2,757",-8.58,"193,285","9,540","9,490","134,499",-55.53,-53.21,"9,870","6,466","124,468","-4,130",2.71,-3.12,"9,430","3,631","205,991","83,186","-1,100",1.91,N/A,9.12
175,CJ대한통운,"84,200",하락,900,-1.06%,"5,000","11,151",939,"83,700","19,208","5,307",8.17,"90,796","84,500","83,800","97,439",10.50,6.58,"85,800","4,771","55,183","2,683",13.60,2.81,"83,500",374,"22,812","121,168","10,305",0.42,800,2.97
176,DB하이텍,"43,200",하락,850,-1.93%,"5,000","19,589",848,"43,150","19,180","1,908",8.30,"220,099","43,500","43,200","23,969",-28.10,12.44,"43,800","5,768","3,962","2,294",26.53,10.33,"43,050","1,609","44,399","11,312","5,205",0.92,"1,230",-2.00
177,iM금융지주,"11,520",하락,20,-0.17%,"5,000","88,930","1,027","11,540","19,168","2,634",7.55,"754,076","11,540","11,550","941,486",-50.69,3.60,"11,670","9,652","879,429","2,016",43.48,0.22,"11,490","4,995","166,393","80,505","1,525",0.32,500,-2.58
178,더존비즈온,"62,100",상승,"2,100",+3.50%,500,"59,963","3,686","61,300","18,868",881,35.12,"241,563","60,500","61,500","10,376",27.50,12.17,"62,100","2,595","4,828",780,12.47,8.12,"60,200","7,443","30,383","4,023","1,768",3.39,477,13.79
179,SNT다이내믹스,"56,200",상승,"1,500",+2.74%,"2,500","27,341","1,511","55,100","18,688","1,105",18.50,"221,951","55,100","55,300","10,341",165.67,12.90,"56,200","2,748","2,437",961,8.17,9.20,"4,275","56,378","415,623","105,036",485,0.43,N/A,-9.82
180,대우건설,"4,495",상승,150,+3.45%,"5,000","785,610","3,457","4,375","18,682","4,031",9.27,"2,203,738","4,295","4,390","126,585",-39.15,5.62,"4,510","21,906","83,244","2,428",11.29,2.03,"54,700","2,332","33,253","6,145","3,038",1.60,"1,300",26.44
181,KODEX 코스닥150레버리지,"7,790",하락,30,-0.38%,0,"13,108,086","103,411","7,845","18,626",N/A,N/A,"53,345,524","7,880","7,850",N/A,N/A,N/A,"8,025","428,021",N/A,N/A,0.26,N/A,"7,725","286,855","239,100",N/A,N/A,N/A,N/A,N/A
182,동원산업,"46,400",상승,100,+0.22%,"1,000","10,239",471,"46,050","18,386","5,013",25.92,"121,174","46,100","46,100","71,582",7.87,2.74,"46,600","1,056","39,118","1,136",2.04,1.53,"45,500","1,502","39,624","89,442","1,790",0.65,"1,000",-0.05
183,대웅제약,"156,400",하락,"1,900",-1.20%,"2,500","4,086",646,"157,700","18,121","1,479",47.09,"43,507","159,700","158,200","19,770",20.68,3.17,"161,700",373,"10,500",233,9.07,1.25,"155,800",119,"11,587","14,227","3,321",2.24,600,3.44
184,두산우,"451,000",상승,"12,000",+2.73%,"5,000","27,128","12,038","442,500","18,024",N/A,-46.54,"107,271","437,000","443,500",N/A,N/A,N/A,"457,500",977,N/A,N/A,1.45,N/A,"431,000","1,053","3,996",N/A,"-9,690",5.37,N/A,N/A
185,영원무역홀딩스,"130,000",하락,"1,700",-1.29%,500,"4,640",606,"129,500","17,549","5,170",5.35,"36,424","133,000","129,800","65,767",-40.75,13.17,"133,300",38,"15,896","4,956",20.36,7.65,"128,200",136,"13,499","43,060","24,299",0.55,"5,350",-1.14
186,엘앤에프,"47,950",하락,"1,650",-3.33%,500,"79,048","3,814","48,100","17,414","-5,587",-4.61,"422,566","49,400","48,150","27,998",-151.32,-41.74,"49,450","7,137","20,765","-3,807",16.55,-12.38,"47,475","1,839","36,316","19,075","-10,395",2.68,0,-58.93
187,한국앤컴퍼니,"18,310",하락,70,-0.38%,500,"26,825",486,"18,110","17,383","4,183",4.94,"195,672","18,430","18,120","51,364",63.03,8.28,"55,040","113,329",N/A,N/A,0.12,N/A,"55,035","133,452","31,468",N/A,N/A,N/A,N/A,N/A
188,TIGER 25-10 회사채(A+이상)액티브,"55,035",보합,0,0.00%,0,"27,313","1,503","55,035","17,318",N/A,N/A,"216,532","55,040","55,040",N/A,N/A,N/A,"18,430","2,024","6,836","3,507",10.17,7.17,"18,020","2,506","94,935","13,910","3,709",0.38,"1,000",27.65
189,HDC현대산업개발,"25,650",상승,350,+1.38%,"5,000","27,131",694,"25,300","16,905","1,846",9.42,"518,970","25,500","25,400","74,619",-5.47,5.09,"25,850","4,643","43,473","1,557",13.34,2.15,"25,200","8,386","65,907","42,562","2,722",0.53,700,1.56
190,신세계,"171,500",보합,0,0.00%,"5,000","3,816",651,"170,200","16,541","4,770",27.00,"36,701","173,400","170,300","150,718",-25.44,2.54,"173,400",833,"86,971","1,866",11.87,1.25,"144,300",502,"11,335","7,764","11,232",1.63,"2,100",0.61
191,한솔케미칼,"145,600",하락,"3,200",-2.15%,"5,000","7,591","1,115","146,700","16,504","1,288",12.96,"74,250","148,500","146,800","14,647",3.77,13.48,"148,500",428,"3,932","1,249",32.01,8.87,"169,600",90,"9,645","65,704","6,353",0.35,"4,500",3.36
192,HD현대마린엔진,"48,550",상승,"2,550",+5.54%,"2,500","215,216","10,234","47,100","16,469",332,18.83,"1,133,333","45,500","47,200","4,950",80.60,28.34,"48,900","1,755","1,856",758,14.91,15.97,"45,400","8,589","33,921","3,158","2,579",5.05,N/A,29.23
193,SK아이이테크놀로지,"22,650",하락,150,-0.66%,"1,000","24,760",561,"22,500","16,149","-2,910",-7.85,"91,895","22,800","22,550","41,501",-680.51,-10.41,"23,050","6,911","18,256","-2,466",6.48,-5.99,"22,375","1,432","71,298","2,179","-2,886",0.67,N/A,-66.40
194,현대백화점,"70,300",상승,300,+0.43%,"5,000","7,033",494,"70,300","15,908","2,840",-44.69,"65,569","71,400","70,400","112,177",-6.40,-0.81,"71,400",618,"49,833",-8,22.79,-0.01,"69,400",530,"22,629","41,876","-1,573",0.35,"1,400",-0.47
195,KODEX 단기채권PLUS,"114,755",상승,5,0.00%,0,"5,004",574,"114,755","15,799",N/A,N/A,"37,012","114,750","114,760",N/A,N/A,N/A,"114,765","101,244",N/A,N/A,0.00,N/A,"114,750","122,533","13,768",N/A,N/A,N/A,N/A,N/A
196,TIGER 차이나전기차SOLACTIVE,"9,125",하락,5,-0.05%,0,"110,442","1,004","9,110","15,790",N/A,N/A,"1,173,539","8,970","9,115",N/A,N/A,N/A,"9,135","2,238",N/A,N/A,0.31,N/A,"8,720","64,580","173,040",N/A,N/A,N/A,N/A,N/A
197,오뚜기,"392,000",하락,"3,000",-0.76%,"5,000",776,304,"391,000","15,711","2,220",12.84,"7,793","396,500","392,000","35,974",-12.90,6.86,"396,500",441,"14,159","1,376",11.90,3.88,"390,500",90,"4,008","35,391","30,537",0.66,"9,000",2.45
198,ACE 미국나스닥100,"22,600",상승,90,+0.40%,0,"54,460","1,230","22,590","15,323",N/A,N/A,"476,988","22,595","22,600",N/A,N/A,N/A,"22,650","143,121",N/A,N/A,0.04,N/A,"22,560","135,543","67,800",N/A,N/A,N/A,N/A,N/A
199,일진전기,"32,100",상승,400,+1.26%,"1,000","258,885","8,203","31,550","15,307",797,27.11,"523,354","31,450","31,600","12,490",31.25,10.60,"32,150","15,070","7,487",462,7.39,4.24,"31,200","19,983","47,685","15,772","1,184",3.01,300,26.51
200,HL만도,"32,250",하락,850,-2.57%,"1,000","73,679","2,387","32,400","15,144","3,588",83.12,"45,110","131,100","130,500","27,439",-6.76,-2.06,"133,500",206,"12,629",-426,19.27,-1.58,"129,300",401,"11,687","16,799","2,458",1.18,"1,500",3.27
201,HL만도,"32,250",하락,850,-2.57%,"1,000","73,679","2,387","32,400","15,144","3,588",83.12,"737,645","32,600","32,450","70,520",28.46,5.47,"32,600","17,464","43,793","1,582",26.21,2.37,"32,100","2,676","46,957","88,482",388,0.63,700,5.42
202,RISE 종합채권(A-이상)액티브,"109,765",하락,215,-0.20%,0,"1,602",175,"109,705","14,966",N/A,N/A,"6,802","109,970","109,725",N/A,N/A,N/A,"109,970","18,040",N/A,N/A,0.00,N/A,"109,705","18,001","13,635",N/A,N/A,N/A,N/A,N/A
203,대웅,"25,200",하락,200,-0.79%,500,"15,303",387,"25,200","14,652","2,819",23.27,"108,568","25,700","25,300","27,207",44.12,5.99,"25,850","4,124","12,182",689,5.61,2.71,"24,950","1,312","58,142","19,369","1,083",1.02,200,6.79
204,OCI홀딩스,"76,300",하락,"1,200",-1.55%,"5,000","17,216","1,319","76,400","14,356","1,015",-18.54,"91,159","77,800","76,600","80,937",-80.89,2.54,"77,800",650,"32,581","1,137",17.02,1.62,"74,800",782,"18,815","35,774","-4,116",0.36,"2,200",35.01
205,에스엘,"30,550",하락,500,-1.61%,500,"26,096",796,"30,500","14,190","3,952",4.03,"231,824","31,100","30,550","36,989",2.33,17.42,"31,100","5,262","13,016","3,820",16.02,11.02,"30,300",880,"46,449","49,733","7,575",0.60,"1,200",2.78
206,TIGER 25-12 금융채(AA-이상),"51,270",하락,5,-0.01%,0,"5,038",258,"51,275","14,081",N/A,N/A,"2,072","51,275","51,280",N/A,N/A,N/A,"51,275","119,927",N/A,N/A,0.00,N/A,"51,270","130,000","27,464",N/A,N/A,N/A,N/A,N/A
207,KODEX 200선물인버스2X,"1,637",하락,4,-0.24%,0,"90,091,036","147,232","1,640","13,996",N/A,N/A,"444,773,172","1,627","1,641",N/A,N/A,N/A,"1,652","10,415,667",N/A,N/A,1.28,N/A,"1,617","8,076,615","855,000",N/A,N/A,N/A,N/A,N/A
208,다우기술,"31,100",상승,"1,000",+3.32%,500,"89,281","2,710","30,050","13,954","11,747",3.93,"438,862","29,800","30,100","571,479",83.58,13.16,"31,200","4,865","508,554","8,528",24.24,1.54,"29,100","1,394","44,867","116,258","7,909",0.46,"1,400",17.97
209,TIGER MSCI Korea TR,"16,030",하락,60,-0.37%,0,"5,975",96,"16,040","13,946",N/A,N/A,"28,788","16,100","16,050",N/A,N/A,N/A,"16,165","29,026",N/A,N/A,0.00,N/A,"16,015","23,177","87,000",N/A,N/A,N/A,N/A,N/A
210,하이트진로,"19,720",하락,230,-1.15%,"5,000","38,583",762,"19,710","13,830","2,081",13.06,"340,816","19,910","19,720","34,415",67.97,8.63,"19,930","9,828","22,920",957,9.31,2.82,"19,660",462,"70,134","25,992","1,510",1.23,700,3.14
211,GS리테일,"16,500",상승,210,+1.29%,"1,000","42,271",694,"16,180","13,795","2,391",-61.11,"437,006","16,510","16,190","75,816",-18.05,0.07,"16,580","2,348","44,001",98,8.85,0.11,"16,180","1,647","83,607","116,269",-270,0.44,500,4.43
212,RISE 200,"39,160",상승,15,+0.04%,0,"246,239","9,641","39,130","13,608",N/A,N/A,"835,568","39,220","39,140",N/A,N/A,N/A,"39,400","147,322",N/A,N/A,0.03,N/A,"39,000","115,607","34,750",N/A,N/A,N/A,N/A,N/A
213,오리온홀딩스,"21,700",상승,450,+2.12%,500,"37,801",809,"21,200","13,594","5,062",8.91,"310,365","21,050","21,250","59,332",24.86,7.03,"21,700","2,291","10,545","4,795",11.32,8.66,"21,050","5,468","62,645","31,952","2,436",0.55,800,8.17
214,에스디바이오센서,"11,140",하락,290,-2.54%,500,"40,291",450,"11,140","13,563",-541,-13.06,"342,024","11,380","11,170","38,885",78.21,-3.43,"11,400","1,562","9,562",-981,6.38,-2.56,"11,010","2,997","121,749","6,946",-853,0.46,200,5.93
215,한올바이오파마,"25,800",하락,450,-1.71%,500,"36,826",962,"25,950","13,478",2,-806.25,"249,529","26,000","26,000","2,129",-89.58,-1.02,"26,750","5,843",445,-18,7.89,-0.80,"25,700","3,298","52,241","1,389",-32,8.22,N/A,2.99
216,ACE KRX금현물,"21,315",상승,90,+0.42%,0,"504,973","10,807","21,380","13,237",N/A,N/A,"2,469,802","21,600","21,385",N/A,N/A,N/A,"21,600","12,607",N/A,N/A,0.69,N/A,"21,305","88,444","62,100",N/A,N/A,N/A,N/A,N/A
217,KODEX 삼성그룹,"9,100",하락,60,-0.66%,0,"174,201","1,589","9,105","12,995",N/A,N/A,"470,250","9,125","9,115",N/A,N/A,N/A,"9,195","96,694",N/A,N/A,12.92,N/A,"9,070","103,627","142,800",N/A,N/A,N/A,N/A,N/A
218,한화투자증권,"6,020",상승,10,+0.17%,"5,000","936,333","5,633","6,040","12,916",40,"-2,006.67","5,753,295","5,930","6,050","140,181",-87.39,2.37,"6,120","58,710","123,119",389,8.41,0.29,"5,900","56,473","214,548","24,958",-3,0.76,N/A,26.75
219,KODEX 코스닥150,"12,445",하락,25,-0.20%,0,"2,167,914","27,135","12,485","12,905",N/A,N/A,"16,075,108","12,510","12,495",N/A,N/A,N/A,"12,640","173,153",N/A,N/A,0.88,N/A,"12,405","115,100","103,700",N/A,N/A,N/A,N/A,N/A
220,DN오토모티브,"22,050",상승,450,+2.08%,100,"24,624",537,"21,850","12,902","5,229",4.21,"332,327","22,000","21,950","50,060",6.63,19.78,"22,050","2,809","28,353","3,182",4.56,6.65,"21,600","1,928","58,511","34,345","5,240",0.64,"1,000",5.06
221,메리츠 KIS CD금리투자 ETN,"53,950",보합,0,0.00%,0,0,0,"53,945","12,867",N/A,N/A,4,"53,950","53,950",N/A,N/A,N/A,"53,950","40,000",N/A,N/A,0.00,N/A,"53,950","40,000","23,850",N/A,N/A,N/A,N/A,N/A
222,HDC,"21,500",상승,450,+2.14%,"5,000","19,207",409,"21,150","12,844","3,447",6.66,"341,349","21,500","21,200","123,983",10.25,5.65,"21,550","1,753","72,995","2,603",20.91,2.18,"21,150","7,476","59,742","62,003","3,226",0.40,350,4.94
223,한일시멘트,"18,430",상승,10,+0.05%,500,"10,084",185,"18,340","12,765","2,714",9.10,"179,454","18,600","18,350","29,883",10.09,11.13,"18,620",394,"11,495","1,990",4.67,6.80,"18,230",464,"69,262","17,417","2,025",0.77,"1,000",-3.21
224,TIGER 미국30년국채커버드콜액티브(H),"7,985",하락,75,-0.93%,0,"387,545","3,091","7,975","12,760",N/A,N/A,"1,505,751","7,970","7,980",N/A,N/A,N/A,"7,990","447,974",N/A,N/A,0.03,N/A,"7,965","290,588","159,800",N/A,N/A,N/A,N/A,N/A
225,SK리츠,"4,585",하락,30,-0.65%,500,"65,879",303,"4,615","12,663",354,"1,146.25","1,141,939","4,650","4,620","44,335",-1.11,0.10,"4,650","19,722","31,687",23,7.75,0.05,"4,575","6,635","276,189",524,4,1.06,66,-0.43
226,대신증권,"24,900",상승,250,+1.01%,"5,000","42,007","1,041","24,600","12,643",836,13.47,"371,581","24,350","24,650","263,961",-48.18,4.57,"25,000","3,902","230,807","1,442",9.79,0.59,"24,350","7,272","50,773","40,939","1,848",0.54,"1,200",6.21
227,파라다이스,"13,730",상승,140,+1.03%,500,"57,329",779,"13,540","12,600","1,361",15.60,"368,799","13,600","13,550","39,338",-6.67,4.97,"13,750","5,401","18,586","1,107",5.31,2.93,"13,500","2,418","91,772","10,721",880,0.72,150,7.84
228,엠앤씨솔루션,"136,900",상승,"5,300",+4.03%,100,"26,913","3,692","134,200","12,532",348,40.74,"180,600","137,300","134,600","3,571",68.59,21.82,"141,100",189,"1,917",270,5.85,7.86,"133,500",249,"9,154","2,828","3,360",7.85,"1,480",54.16
229,금호타이어,"4,325",하락,50,-1.14%,"5,000","86,536",374,"4,295","12,424","5,886",3.72,"603,828","4,385","4,300","53,628",43.21,21.77,"4,385","11,573","34,580","3,516",8.49,6.90,"4,275","4,843","287,260","45,322","1,163",0.69,N/A,12.14
230,현대지에프홀딩스,"7,920",상승,230,+2.99%,500,"71,109",556,"7,780","12,348","1,981",1.51,"278,999","7,750","7,790","100,849","1,895.39",23.02,"7,930","13,355","30,927","7,920",5.06,10.46,"7,750","4,574","155,904","74,093","5,233",0.35,210,181.78
231,HD현대건설기계,"69,900",상승,600,+0.87%,"5,000","10,103",702,"69,100","12,346","1,904",15.73,"128,869","69,200","69,300","33,246",-25.97,6.18,"70,100","2,220","15,308",860,17.60,2.60,"69,000","2,311","17,662","34,381","4,443",0.73,500,-10.12
232,현대위아,"45,350",상승,50,+0.11%,"5,000","15,166",685,"45,200","12,333","2,188",6.83,"114,001","46,050","45,250","70,760",-6.01,3.45,"46,050",647,"30,497","1,295",15.06,1.86,"44,600",693,"27,195","81,809","6,638",0.33,"1,100",0.19
233,한국카본,"23,600",상승,350,+1.51%,500,"157,576","3,723","23,750","12,250",454,29.06,"2,322,268","23,150","23,800","8,790",176.01,4.38,"24,000","8,096","4,047",203,11.70,2.43,"23,100","24,921","51,908","7,417",812,2.38,130,24.79
234,롯데렌탈,"33,500",하락,100,-0.30%,"5,000","2,855",95,"33,450","12,164","2,848",10.19,"113,234","33,250","33,550","70,066",-6.68,7.51,"33,750","1,468","55,380","1,027",6.64,1.50,"33,250","1,169","36,309","27,924","3,288",0.83,"1,200",1.46
235,두산퓨얼셀,"18,540",하락,10,-0.05%,100,"64,160","1,175","18,260","12,143",-17,-74.46,"596,324","18,140","18,300","11,797",N/A,N/A,"18,570","6,443","6,808",-105,10.64,N/A,"18,020","1,964","65,494","4,118",-249,3.10,N/A,N/A
236,SK오션플랜트,"20,050",하락,300,-1.47%,500,"81,364","1,626","19,990","11,869",418,71.10,"500,401","20,050","20,050","14,219",-44.72,2.34,"20,300","4,450","7,084",169,4.37,1.18,"19,710","11,112","59,196","6,626",282,1.66,0,-28.43
237,이수스페셜티케미컬,"38,950",하락,"1,600",-3.95%,"1,000","72,809","2,860","39,300","11,766",142,80.98,"310,649","40,400","39,450","2,995",332.14,9.70,"40,400","9,394","1,779",105,5.41,4.06,"38,850","1,332","30,208","3,321",481,9.30,N/A,182.54
238,종근당,"84,900",하락,600,-0.70%,"2,500","2,321",198,"85,000","11,719",995,12.30,"35,848","86,300","85,200","14,588",-59.67,12.76,"86,300",231,"5,624","1,114",14.84,7.79,"84,800",81,"13,803","15,864","6,903",1.26,"1,050",-4.97
239,미래에셋생명,"6,590",상승,30,+0.46%,"5,000","23,342",153,"6,550","11,665","1,221",11.13,"125,616","6,530","6,570","324,936",-17.88,4.88,"6,690","5,395","299,300","1,361",1.18,0.42,"6,450","5,932","177,016","47,961",592,0.35,N/A,-5.09
240,롯데에너지머티리얼즈,"22,000",하락,"1,000",-4.35%,500,"52,447","1,156","21,800","11,520",-644,-26.10,"235,519","22,750","21,850","22,820",-645.89,0.46,"22,750","11,745","3,801",288,7.58,1.23,"21,700","2,343","52,365","9,023",-843,0.66,N/A,11.53
241,LX인터내셔널,"29,350",상승,300,+1.03%,"5,000","36,922","1,083","29,150","11,376","4,892",5.82,"363,304","29,400","29,200","89,309",12.95,7.12,"29,600","3,585","56,113","2,695",23.04,3.18,"29,100","8,572","38,760","166,376","5,044",0.39,"2,000",14.63
242,태광산업,"1,018,000",하락,"5,000",-0.49%,"5,000",451,458,"1,012,000","11,334",-272,4.52,"3,212","1,024,000","1,014,000","47,223",72.66,5.45,"1,028,000",77,"7,067","2,184",5.05,4.62,"1,006,000",34,"1,113","21,219","225,266",0.22,"1,750",-6.34
243,쿠쿠홀딩스,"31,450",상승,650,+2.11%,100,"13,714",431,"31,150","11,184","1,032",8.12,"32,718","32,850","31,250","13,699",19.16,12.08,"32,850","1,299","1,735","1,370",11.93,10.47,"31,000",809,"35,562","8,338","3,873",0.82,"1,200",7.97
244,ACE 테슬라밸류체인액티브,"14,720",상승,690,+4.92%,0,"1,126,523","16,524","14,715","11,180",N/A,N/A,"5,197,080","14,430","14,720",N/A,N/A,N/A,"14,720","159,103",N/A,N/A,0.22,N/A,"14,430","175,081","75,950",N/A,N/A,N/A,N/A,N/A
245,미래에셋증권2우B,"8,060",상승,140,+1.77%,"5,000","433,098","3,452","7,940","11,082",N/A,5.91,"3,135,481","7,870","7,950",N/A,N/A,N/A,"8,070","14,285",N/A,N/A,9.33,N/A,"7,800","29,348","137,500",N/A,"1,364",0.39,N/A,N/A
246,롯데웰푸드,"119,000",하락,"1,300",-1.08%,500,"1,791",213,"118,600","11,072","1,571",12.94,"25,141","120,300","118,900","43,417",-11.25,4.04,"120,300",135,"21,153",820,13.09,1.92,"118,000",288,"9,305","40,443","9,197",0.49,"3,300",-0.54
247,동양생명,"6,860",상승,280,+4.26%,"5,000","51,276",345,"6,740","11,069","3,681",3.98,"372,802","6,580","6,750","345,472",25.08,12.91,"6,860","4,847","325,805","3,143",81.38,0.93,"6,580","2,480","161,359","34,994","1,722",0.75,N/A,7.65
248,효성,"65,700",상승,"1,100",+1.70%,"5,000","7,954",512,"64,700","10,998","2,211",2.26,"49,913","63,900","64,800","43,409",283.53,19.62,"65,800","1,167","18,364","4,843",8.08,10.27,"63,700",346,"16,740","22,728","29,071",0.50,"3,000",23.04
249,롯데칠성,"117,800",하락,"1,000",-0.84%,500,"3,563",417,"117,000","10,931","1,849",24.40,"32,624","119,600","117,100","43,725",-12.22,3.99,"119,600",556,"27,941",600,11.42,1.39,"116,600",119,"9,279","40,245","4,828",0.80,"3,400",24.80
250,더블유게임즈,"50,700",상승,200,+0.40%,500,"8,019",406,"50,600","10,898","2,487",6.25,"96,222","50,500","50,700","16,463",16.62,18.69,"50,900","2,351",899,"2,433",17.28,16.58,"50,200","2,037","21,496","6,335","8,108",0.88,"1,200",8.78
251,RISE CD금리액티브(합성),"104,050",보합,0,0.00%,0,643,66,"104,050","10,842",N/A,N/A,"1,781","104,050","104,055",N/A,N/A,N/A,"104,055","38,644",N/A,N/A,0.00,N/A,"104,050","39,003","10,420",N/A,N/A,N/A,N/A,N/A
252,롯데리츠,"3,710",하락,80,-2.11%,500,"35,790",133,"3,735","10,721",420,43.65,"1,128,015","3,770","3,740","26,236",16.25,0.95,"3,770","32,503","14,542",106,7.72,0.43,"3,710","20,198","288,969",656,85,0.94,112,10.46
253,효성티앤씨,"247,000",하락,"2,000",-0.80%,"5,000","1,310",324,"246,000","10,689","2,707",9.77,"14,527","252,000","246,500","47,242",26.87,9.84,"252,500",383,"29,042","1,838",17.42,4.18,"245,000",347,"4,328","77,761","25,287",0.74,"10,000",3.31
254,롯데관광개발,"13,890",상승,490,+3.66%,500,"202,417","2,761","13,560","10,633",390,-10.40,"592,815","13,410","13,570","21,666",164.36,-60.42,"13,950","3,632","18,536","-1,166",6.51,-5.93,"13,240","13,711","76,553","4,715","-1,336",3.61,0,50.37
255,가온전선,"64,200",하락,"1,700",-2.58%,"5,000","33,443","2,118","62,600","10,621",450,19.23,"381,712","64,300","62,800","10,429",2.96,6.46,"64,300","4,307","5,892",254,3.39,2.75,"62,600",984,"16,543","17,271","3,339",2.47,N/A,15.25
256,LS에코에너지,"34,600",상승,500,+1.47%,500,"21,778",743,"34,150","10,596",448,30.06,"200,188","33,850","34,250","4,887",51.81,19.00,"34,750","2,107","2,917",353,3.31,7.88,"33,450",735,"30,625","8,690","1,151",5.60,200,18.86
257,코스모신소재,"32,550",하락,950,-2.84%,"1,000","68,283","2,236","32,450","10,582",250,70.76,"411,687","33,000","32,500","7,845",-22.65,3.62,"33,400","6,030","2,890",176,9.38,2.42,"32,300","3,027","32,511","5,697",460,2.13,N/A,-9.51
258,한샘,"44,100",하락,550,-1.23%,"1,000","8,300",368,"44,100","10,378",312,9.25,"78,203","44,700","44,200","10,673","1,504.29",43.59,"44,950",670,"7,166","1,511",13.71,14.27,"43,900",237,"23,534","19,084","4,768",2.03,"8,530",-2.98
259,TIGER 차이나항셍테크,"7,840",하락,40,-0.51%,0,"202,791","1,590","7,850","10,372",N/A,N/A,"3,106,647","7,850","7,855",N/A,N/A,N/A,"7,860","53,400",N/A,N/A,0.84,N/A,"7,830","24,030","132,300",N/A,N/A,N/A,N/A,N/A
260,경동나비엔,"70,900",상승,300,+0.42%,"1,000","5,932",421,"70,800","10,329","1,326",7.91,"77,467","70,800","70,900","13,589",25.18,19.43,"71,400",670,"6,635","1,243",10.65,10.28,"70,500",617,"14,569","13,539","8,968",1.42,650,12.42
261,SK케미칼,"58,600",하락,700,-1.18%,"5,000","17,687","1,033","58,300","10,111",-452,34.49,"74,231","58,800","58,400","53,670",-154.23,0.41,"59,700","1,157","23,341",-44,11.14,-0.09,"57,900","2,561","17,254","17,368","1,699",0.51,"1,150",-0.69
262,PLUS K방산,"50,760",상승,"1,700",+3.47%,0,"1,324,158","66,567","50,135","10,050",N/A,N/A,"3,780,487","49,785","50,155",N/A,N/A,N/A,"50,790","3,457",N/A,N/A,0.66,N/A,"49,635","23,161","19,800",N/A,N/A,N/A,N/A,N/A
263,TIGER CD1년금리액티브(합성),"1,046,380",상승,55,+0.01%,0,"1,431","1,497","1,046,380","10,043",N/A,N/A,"13,156","1,046,380","1,046,385",N/A,N/A,N/A,"1,046,385","224,434",N/A,N/A,0.00,N/A,"1,046,380","224,728",960,N/A,N/A,N/A,N/A,N/A
264,KB발해인프라,"8,150",상승,40,+0.49%,0,"26,433",214,"8,130","9,987",N/A,N/A,"3,188,862","8,110","8,140",N/A,N/A,N/A,"8,160","10,188",N/A,N/A,0.17,N/A,"8,110","28,386","122,546",N/A,N/A,N/A,N/A,N/A
265,STX엔진,"24,850",상승,200,+0.81%,"2,500","116,179","2,878","24,600","9,977",422,19.58,"963,371","25,000","24,700","9,688",123.85,10.15,"25,100","12,313","6,922",272,3.25,2.91,"24,450","10,127","40,148","7,246","1,269",3.50,0,14.95
266,KODEX 25-12 은행채(AAA)액티브,"102,825",상승,5,0.00%,0,20,2,"102,825","9,948",N/A,N/A,320,"102,825","102,830",N/A,N/A,N/A,"102,835","46,044",N/A,N/A,0.00,N/A,"102,825","56,003","9,675",N/A,N/A,N/A,N/A,N/A
267,하나 CD금리투자 ETN,"104,160",보합,0,0.00%,0,0,0,"104,165","9,895",N/A,N/A,"33,931","104,160","104,170",N/A,N/A,N/A,"104,160","190,000",N/A,N/A,0.00,N/A,"104,160","190,000","9,500",N/A,N/A,N/A,N/A,N/A
268,삼성화재우,"318,500",상승,"1,000",+0.31%,500,"2,567",819,"317,500","9,872",N/A,8.13,"19,780","317,500","318,000",N/A,N/A,N/A,"322,500",343,N/A,N/A,28.97,N/A,"317,500",666,"3,100",N/A,"39,171",0.88,N/A,N/A
269,SK디스커버리,"53,500",상승,"1,300",+2.49%,"5,000","7,971",422,"52,600","9,816","1,726",13.25,"64,965","52,200","52,700","150,777",-32.78,0.88,"53,600","2,353","86,243",319,14.39,0.23,"51,900",797,"18,348","90,396","4,037",0.36,"1,700",1.12
270,TIGER 미국배당다우존스타겟커버드콜2호,"9,495",상승,10,+0.11%,0,"114,742","1,087","9,475","9,794",N/A,N/A,"426,782","9,485","9,480",N/A,N/A,N/A,"9,505","226,331",N/A,N/A,0.01,N/A,"9,465","27,745","103,150",N/A,N/A,N/A,N/A,N/A
271,SOL 조선TOP3플러스,"26,335",상승,70,+0.27%,0,"1,469,724","38,783","26,385","9,744",N/A,N/A,"2,561,107","26,250","26,395",N/A,N/A,N/A,"26,585","113,841",N/A,N/A,0.37,N/A,"26,150","77,925","37,000",N/A,N/A,N/A,N/A,N/A
272,롯데정밀화학,"37,600",하락,550,-1.44%,"5,000","5,959",224,"37,500","9,701",504,-52.01,"53,678","38,300","37,550","27,139",-67.46,1.53,"38,350","1,656","3,452",364,17.00,1.35,"37,300",373,"25,800","16,705",-723,0.41,"1,400",-5.55
273,LX세미콘,"59,600",하락,400,-0.67%,500,"5,039",302,"59,600","9,694","1,671",7.14,"54,191","59,800","59,800","14,998",29.48,12.69,"60,500",571,"4,202","1,305",31.04,9.65,"59,200","1,286","16,264","18,656","8,349",0.89,"2,400",-1.88
274,TIGER 머니마켓액티브,"100,520",상승,5,0.00%,0,"5,105",513,"100,520","9,690",N/A,N/A,"35,877","100,520","100,525",N/A,N/A,N/A,"100,525","368,233",N/A,N/A,0.00,N/A,"100,520","469,596","9,640",N/A,N/A,N/A,N/A,N/A
275,NHN,"28,450",하락,100,-0.35%,500,"48,239","1,369","28,350","9,606",-326,-7.23,"559,921","28,000","28,400","31,930",-158.67,-8.60,"28,800","1,084","14,277","-1,926",9.40,-5.80,"27,700","3,595","33,766","24,561","-3,937",0.62,500,8.22
276,세방전지,"68,000",상승,200,+0.29%,500,"8,070",546,"67,500","9,520","1,797",5.45,"122,170","67,700","67,600","20,941",38.30,12.22,"68,200","1,912","5,863","1,723",25.22,8.76,"67,400","1,352","14,000","20,595","12,471",0.60,"1,100",22.24
277,SK네트웍스,"4,285",하락,40,-0.92%,"2,500","85,299",363,"4,255","9,482","1,139",27.29,"748,207","4,325","4,260","51,571",41.44,2.29,"4,325","25,452","31,038",463,14.82,0.65,"4,245","6,110","221,278","76,573",157,0.41,300,2.73
278,PLUS 고배당주,"18,220",보합,0,0.00%,0,"316,750","5,767","18,145","9,456",N/A,N/A,"1,386,364","18,220","18,150",N/A,N/A,N/A,"18,295","40,131",N/A,N/A,0.12,N/A,"18,135","49,532","51,900",N/A,N/A,N/A,N/A,N/A
279,DL,"44,900",상승,600,+1.35%,"5,000","15,717",697,"43,950","9,409","4,125",23.50,"223,940","44,500","44,000","125,353",173.74,2.25,"44,950","1,102","77,492",948,14.54,0.77,"43,650",412,"20,956","56,154","1,911",0.25,"1,000",11.91
280,TIGER 종합채권(AA-이상)액티브,"56,660",하락,65,-0.11%,0,412,23,"56,610","9,379",N/A,N/A,"18,615","56,725","56,630",N/A,N/A,N/A,"56,725","36,033",N/A,N/A,0.00,N/A,"56,625","36,024","16,554",N/A,N/A,N/A,N/A,N/A
281,교보증권,"8,230",상승,120,+1.48%,"5,000","89,408",734,"8,170","9,379","1,139",6.82,"353,805","8,090","8,190","158,983",62.11,6.09,"8,350","8,261","139,126","1,177",1.68,0.75,"8,040","6,923","113,963","31,663","1,206",0.46,500,-15.41
282,GKL,"15,120",상승,110,+0.73%,500,"34,320",513,"14,800","9,353",383,24.00,"242,308","14,990","14,810","6,162",-24.88,8.01,"15,190","3,548","2,027",331,13.79,5.27,"14,770",781,"61,856","3,964",630,2.25,282,-0.08
283,RISE 미국S&P500,"17,765",상승,35,+0.20%,0,"29,277",519,"17,755","9,327",N/A,N/A,"258,888","17,765","17,760",N/A,N/A,N/A,"17,800","232,601",N/A,N/A,0.01,N/A,"17,725","181,066","52,500",N/A,N/A,N/A,N/A,N/A
284,세아제강지주,"224,000",상승,500,+0.22%,"5,000",758,169,"224,000","9,277","2,116",20.01,"7,712","227,000","224,500","55,556",-64.19,2.25,"227,000",339,"28,974","1,170",7.36,2.37,"221,000",208,"4,142","36,751","11,193",0.44,"1,800",-6.09
285,RISE 미국나스닥100,"21,910",상승,110,+0.50%,0,"50,054","1,096","21,910","9,268",N/A,N/A,"251,154","21,915","21,920",N/A,N/A,N/A,"21,955","175,374",N/A,N/A,0.02,N/A,"21,865","173,857","42,300",N/A,N/A,N/A,N/A,N/A
286,ESR켄달스퀘어리츠,"4,280",하락,40,-0.93%,"1,000","58,424",250,"4,280","9,120",266,54.87,"821,897","4,310","4,290","25,252",9.74,0.33,"4,310","24,649","14,405",36,42.55,0.15,"4,255","33,146","213,089",569,78,0.86,137,7.40
287,SNT홀딩스,"55,900",상승,"1,500",+2.76%,500,"6,257",345,"55,300","9,114","2,312",6.33,"40,665","54,400","55,400","28,326",29.14,12.40,"55,900","1,543","6,994","2,465",12.62,8.91,"53,800","1,018","16,304","18,205","8,835",0.65,"1,600",-3.97
288,태영건설,"3,075",보합,0,0.00%,500,"24,828",76,"3,050","9,055",206,55.91,"260,611","3,100","3,075","43,239",105.10,61.93,"3,100","19,247","37,967",668,0.27,1.49,"3,020","6,785","294,468","26,862",55,1.87,0,-19.89
289,코오롱인더,"32,900",하락,200,-0.60%,"5,000","13,398",438,"32,700","9,054","1,587",10.27,"123,003","33,000","32,750","72,481",-20.50,3.06,"33,050","2,222","34,750","1,106",12.36,1.67,"32,400",688,"27,519","48,430","3,202",0.27,"1,300",2.28
290,지역난방공사,"77,700",하락,"1,200",-1.52%,"5,000","5,468",423,"77,300","8,997","3,279",2.99,"73,989","78,400","77,400","83,622",4.20,9.65,"78,400",746,"60,940","2,099",4.51,2.57,"76,700",651,"11,579","35,703","26,013",0.37,"3,879",-9.70
291,SNT에너지,"42,100",상승,150,+0.36%,500,"19,542",824,"42,300","8,707",222,25.10,"125,295","42,300","42,350","5,166",7.04,11.90,"42,750",691,"2,103",346,6.34,7.37,"41,600","1,019","20,681","2,943","1,677",2.70,500,-8.60
292,동원시스템즈,"30,000",하락,550,-1.80%,"5,000","6,170",185,"29,950","8,697",919,12.99,"45,096","30,750","30,050","15,526",13.67,9.01,"30,800","1,732","7,162",725,14.16,4.70,"29,850",355,"28,991","13,343","2,309",1.06,600,4.51
293,1Q 머니마켓액티브,"52,325",상승,5,+0.01%,0,"10,565",552,"52,320","8,661",N/A,N/A,"61,020","52,325","52,325",N/A,N/A,N/A,"52,325","220,878",N/A,N/A,0.00,N/A,"52,320","221,315","16,552",N/A,N/A,N/A,N/A,N/A
294,HS효성첨단소재,"191,900",하락,"2,000",-1.03%,"5,000","3,054",583,"190,900","8,597","2,197",26.83,"19,063","194,500","191,300","38,208",26.22,5.46,"196,200","1,092","26,634",782,12.35,2.24,"189,900",128,"4,480","33,112","7,152",0.85,"6,500",3.40
295,SOL 종합채권(AA-이상)액티브,"114,675",하락,195,-0.17%,0,53,6,"114,605","8,574",N/A,N/A,105,"114,655","114,640",N/A,N/A,N/A,"114,675","18,001",N/A,N/A,0.00,N/A,"114,655","12,661","7,477",N/A,N/A,N/A,N/A,N/A
296,TIGER 단기통안채,"110,640",하락,5,0.00%,0,"2,572",284,"110,635","8,517",N/A,N/A,"20,211","110,645","110,645",N/A,N/A,N/A,"110,650","39,984",N/A,N/A,1.54,N/A,"110,635","31,854","7,698",N/A,N/A,N/A,N/A,N/A
297,KIWOOM 200TR,"50,355",상승,105,+0.21%,0,"41,592","2,093","50,300","8,510",N/A,N/A,"166,712","50,485","50,330",N/A,N/A,N/A,"50,620","101,228",N/A,N/A,0.01,N/A,"50,120","49,409","16,900",N/A,N/A,N/A,N/A,N/A
298,NICE평가정보,"14,130",하락,140,-0.98%,500,"13,000",183,"14,090","8,408",868,10.92,"141,625","14,120","14,100","5,857",32.85,19.48,"14,240","1,150","1,689",760,32.69,14.09,"14,010",915,"59,507","5,350","1,294",2.05,460,10.15
299,CJ CGV,"5,070",하락,140,-2.69%,500,"119,250",602,"5,030","8,395",759,-4.68,"235,885","5,090","5,050","39,970",54.76,-30.74,"5,170","3,032","34,203","-1,755",5.73,-4.88,"4,990","15,874","165,581","19,579","-1,084",1.28,0,26.66
300,미원상사,"176,600",하락,"1,300",-0.73%,500,172,30,"176,700","8,388",599,15.23,"2,280","180,200","177,400","4,787",-10.85,12.99,"180,200",54,782,505,3.18,10.92,"176,200",130,"4,750","4,358","11,599",2.02,"2,000",3.43
301,KODEX 2차전지산업,"9,860",하락,215,-2.13%,0,"543,280","5,380","9,860","8,361",N/A,N/A,"2,142,833","9,990","9,865",N/A,N/A,N/A,"10,075","73,952",N/A,N/A,0.38,N/A,"9,815","85,447","84,800",N/A,N/A,N/A,N/A,N/A
302,SOL 초단기채권액티브,"53,260",하락,5,-0.01%,0,"32,300","1,720","53,260","8,344",N/A,N/A,"238,507","53,265","53,265",N/A,N/A,N/A,"53,265","181,691",N/A,N/A,0.01,N/A,"53,260","152,296","15,666",N/A,N/A,N/A,N/A,N/A
303,SNT모티브,"31,400",상승,"1,800",+6.08%,"5,000","51,915","1,606","30,550","8,334",981,8.45,"81,605","30,150","30,700","12,418",-15.86,10.82,"31,700","1,062","2,570","1,043",17.44,8.51,"29,950","8,228","26,540","9,689","3,718",0.75,937,-14.73
304,하나투어,"53,200",상승,900,+1.72%,500,"10,825",564,"51,700","8,241",509,11.86,"132,660","51,700","51,800","6,688",49.55,47.19,"53,300","4,047","4,883",991,15.30,15.09,"51,500",666,"15,490","6,166","4,487",5.45,"2,300",49.80
305,세아베스틸지주,"22,900",상승,50,+0.22%,"5,000","30,457",693,"22,650","8,212",523,80.35,"198,970","22,500","22,850","38,266",-73.39,1.04,"23,200","2,531","17,952",203,7.48,0.54,"22,250","2,731","35,862","36,361",285,0.43,"1,200",-10.96
306,TIGER 미국30년국채스트립액티브(합성 H),"37,555",하락,935,-2.43%,0,"79,644","2,988","37,510","8,128",N/A,N/A,"611,251","37,500","37,520",N/A,N/A,N/A,"37,630","32,692",N/A,N/A,0.13,N/A,"37,470","26,291","21,644",N/A,N/A,N/A,N/A,N/A
307,빙그레,"84,600",상승,700,+0.83%,"5,000","7,826",657,"83,400","8,084","1,313",8.64,"83,431","83,700","83,500","10,031",16.95,15.14,"84,800","1,416","2,812","1,032",20.71,10.90,"83,400",508,"9,556","14,630","9,794",1.06,"3,300",4.93
308,LG화학우,"103,200",하락,"3,600",-3.37%,"5,000","25,112","2,600","102,000","7,935",N/A,-8.64,"64,581","104,300","102,300",N/A,N/A,N/A,"105,500","1,209",N/A,N/A,41.05,N/A,"101,800",387,"7,689",N/A,"-11,946",0.24,N/A,N/A
309,ACE 종합채권(AA-이상)KIS액티브,"108,215",하락,35,-0.03%,0,41,4,"108,105","7,900",N/A,N/A,485,"108,200","108,180",N/A,N/A,N/A,"108,215","15,010",N/A,N/A,0.00,N/A,"108,105","12,012","7,300",N/A,N/A,N/A,N/A,N/A
310,영풍,"41,000",하락,750,-1.80%,500,"7,252",296,"40,600","7,834","-1,607",18.90,"57,467","42,550","40,650","57,017",5.37,-6.81,"42,550",594,"17,164","-3,278",10.04,-5.82,"40,250",641,"19,108","27,874","2,169",0.19,24,-25.90
311,녹십자홀딩스,"16,640",상승,110,+0.67%,500,"22,120",366,"16,550","7,825",-107,12.17,"133,622","16,400","16,560","36,706",34.81,2.43,"16,740","1,276","18,184",-111,10.31,-0.30,"16,320","1,111","47,028","22,049","1,367",0.78,500,7.14
312,동원F&B,"40,400",상승,50,+0.12%,"1,000","1,831",73,"40,100","7,795","1,835",6.55,"41,223","40,150","40,150","21,457",10.04,12.43,"40,550",809,"10,627","1,278",7.85,5.88,"39,950",298,"19,296","44,836","6,169",0.71,800,2.82
313,SK이터닉스,"22,900",상승,150,+0.66%,200,"195,862","4,524","23,000","7,730",376,31.03,"889,110","22,900","23,050","7,317",N/A,N/A,"23,500","10,836","4,897",224,2.22,N/A,"22,700","20,375","33,754","3,322",738,3.18,N/A,N/A
314,SOL 미국배당다우존스,"10,690",하락,15,-0.14%,0,"63,051",674,"10,695","7,729",N/A,N/A,"674,865","10,705","10,700",N/A,N/A,N/A,"10,715","179,977",N/A,N/A,0.03,N/A,"10,675","70,697","72,300",N/A,N/A,N/A,N/A,N/A
315,삼양홀딩스,"88,800",상승,"2,700",+3.14%,"5,000","27,454","2,407","87,100","7,716","1,275",31.20,"75,881","85,900","87,300","52,905",34.53,1.38,"88,800",755,"22,924",895,7.72,1.71,"84,800",722,"8,690","35,533","2,846",0.32,"3,500",10.66
316,미원에스씨,"154,200",상승,"1,400",+0.92%,500,221,33,"154,900","7,710",588,13.47,"7,455","155,000","155,300","5,121",160.87,14.00,"156,800",159,"1,058",546,0.57,11.21,"152,800",40,"5,000","5,093","11,447",1.82,"2,500",16.36
317,KODEX 25-11 은행채(AA-이상)PLUS액티브,"10,570",하락,5,-0.05%,0,406,4,"10,570","7,704",N/A,N/A,"17,736","10,570","10,575",N/A,N/A,N/A,"10,575","430,299",N/A,N/A,0.00,N/A,"10,570","434,366","72,890",N/A,N/A,N/A,N/A,N/A
318,케이카,"15,920",하락,70,-0.44%,500,"13,981",221,"15,810","7,671",681,16.45,"257,119","15,840","15,820","5,248",15.41,19.09,"15,930","1,135","2,991",440,7.18,8.15,"15,720",661,"48,182","23,015",968,3.43,"1,150",12.40
319,동아쏘시오홀딩스,"116,800",하락,"2,800",-2.34%,"5,000","2,656",309,"116,200","7,635",821,11.22,"16,378","119,100","116,300","20,305",6.78,5.63,"119,100",163,"9,665",576,14.06,2.89,"115,200",86,"6,536","13,332","10,412",0.71,"1,797",17.78
320,TIGER 2차전지테마,"12,210",하락,280,-2.24%,0,"101,498","1,244","12,205","7,607",N/A,N/A,"690,189","12,470","12,215",N/A,N/A,N/A,"12,470","92,071",N/A,N/A,0.98,N/A,"12,135","142,667","62,300",N/A,N/A,N/A,N/A,N/A
321,대덕전자,"15,340",하락,250,-1.60%,500,"52,740",810,"15,350","7,581",113,49.17,"782,425","15,420","15,360","10,887",-52.56,2.73,"15,470","10,148","2,132",238,9.59,2.14,"15,270","1,670","49,417","8,921",312,0.93,400,-1.93
322,한화3우B,"39,000",상승,"1,500",+4.00%,"5,000","77,585","2,997","39,100","7,568",N/A,3.73,"241,394","37,600","39,150",N/A,N/A,N/A,"39,400",772,N/A,N/A,21.38,N/A,"37,500",862,"19,404",N/A,"10,464",0.35,N/A,N/A
323,DI동일,"37,200",하락,500,-1.33%,500,"21,349",784,"37,100","7,564",78,-267.63,"107,727","36,550","37,150","10,137",23.89,0.28,"37,500","4,873","4,494",25,7.02,0.25,"36,300",213,"20,334","6,517",-139,1.39,262,-4.56
324,N2 KIS CD금리투자 ETN,"53,945",보합,0,0.00%,0,0,0,"53,945","7,552",N/A,N/A,1,"53,945","53,950",N/A,N/A,N/A,"53,945","40,000",N/A,N/A,0.00,N/A,"53,945","90,000","14,000",N/A,N/A,N/A,N/A,N/A
325,율촌화학,"30,400",보합,0,0.00%,500,"8,726",262,"29,900","7,539",-184,-35.51,"110,724","30,150","30,000","6,555",-13.30,-2.86,"30,400","2,322","3,645",-85,5.16,-1.28,"29,900","2,564","24,800","4,571",-856,2.57,250,10.28
326,대상,"21,650",하락,50,-0.23%,"1,000","16,861",365,"21,550","7,501","1,769",7.56,"125,526","21,750","21,600","35,098",43.02,6.94,"21,850","11,085","20,622",967,18.31,2.83,"21,550","4,801","34,648","42,551","2,865",0.55,850,3.59
327,TIGER 단기채권액티브,"55,820",하락,5,-0.01%,0,"3,290",183,"55,820","7,461",N/A,N/A,"30,522","55,825","55,825",N/A,N/A,N/A,"55,825","19,807",N/A,N/A,0.00,N/A,"55,820","6,976","13,366",N/A,N/A,N/A,N/A,N/A
328,KODEX 미국S&P500(H),"13,750",상승,70,+0.51%,0,"90,653","1,246","13,740","7,446",N/A,N/A,"918,120","13,755","13,745",N/A,N/A,N/A,"13,760","146,955",N/A,N/A,0.48,N/A,"13,735","154,893","54,150",N/A,N/A,N/A,N/A,N/A
329,이노션,"18,580",하락,160,-0.85%,500,"12,460",231,"18,520","7,432","1,557",8.58,"186,630","18,710","18,530","27,146",3.76,10.48,"18,710","1,904","16,827","1,161",25.86,4.40,"18,460","3,850","40,000","21,206","2,166",0.75,"1,175",1.32
330,TIGER 미국나스닥100타겟데일리커버드콜,"9,320",상승,20,+0.22%,0,"128,351","1,196","9,325","7,423",N/A,N/A,"665,468","9,305","9,330",N/A,N/A,N/A,"9,345","138,428",N/A,N/A,0.02,N/A,"9,300","151,535","79,650",N/A,N/A,N/A,N/A,N/A
331,프레스티지바이오파마,"12,290",하락,10,-0.08%,0,"14,481",178,"12,290","7,386",-628,33.86,"132,536","12,300","12,340","7,117",9.76,-7.40,"12,430","1,603","1,962",-551,63.25,-7.58,"12,270","1,861","60,096",7,363,1.67,N/A,325.77
332,보령,"8,490",하락,20,-0.24%,500,"12,478",105,"8,430","7,283",705,13.76,"228,176","8,510","8,450","11,641",3.23,10.45,"8,530","5,307","3,796",696,7.03,6.70,"8,410","1,873","85,787","10,171",617,0.92,100,18.32
333,솔루엠,"14,700",하락,90,-0.61%,500,"25,899",381,"14,660","7,204",691,24.02,"273,164","14,850","14,680","9,827",-55.29,9.48,"14,900","3,185","5,484",377,17.29,3.92,"14,650",696,"49,006","15,944",612,1.63,0,-18.28
334,덴티움,"65,000",하락,"2,000",-2.99%,500,"10,808",703,"64,900","7,195",985,10.49,"1,387,954","11,900","12,340","6,209",7.23,6.16,"12,860","14,727","3,715",220,6.25,3.78,"11,860","15,882","56,849","3,524",383,3.79,200,-8.43
335,세진중공업,"12,650",상승,800,+6.75%,500,"1,367,619","17,065","12,300","7,191",360,33.03,"91,645","66,000","65,100","8,944",-28.77,14.27,"66,300","1,864","3,409",724,15.03,8.68,"64,500",556,"11,069","4,078","6,198",1.00,600,3.72
336,PLUS 200,"39,515",상승,50,+0.13%,0,"212,806","8,416","39,470","7,073",N/A,N/A,"849,240","39,670","39,480",N/A,N/A,N/A,"39,725","55,412",N/A,N/A,2.85,N/A,"39,335","68,070","17,900",N/A,N/A,N/A,N/A,N/A
337,KODEX Top5PlusTR,"23,805",상승,70,+0.29%,0,"5,058",120,"23,785","7,046",N/A,N/A,"35,097","24,060","23,805",N/A,N/A,N/A,"24,060","15,388",N/A,N/A,16.90,N/A,"23,710","30,184","29,600",N/A,N/A,N/A,N/A,N/A
338,GS피앤엘,"35,400",상승,"3,600",+11.32%,"1,000","169,676","5,932","35,350","7,020",0,-61.78,"374,510","32,250","35,550","22,696",N/A,N/A,"35,800","6,335","10,328",-11,10.22,N/A,"8,980","2,568","76,281","1,945","2,346",0.37,290,64.67
339,전진건설로봇,"47,850",상승,"1,550",+3.35%,500,"38,625","1,815","47,050","6,983",313,23.18,"145,180","46,100","47,100","2,192",-4.74,24.55,"9,210","5,936",357,"1,603",12.58,8.90,"32,250","6,966","19,831",383,-573,0.83,N/A,N/A
340,LX홀딩스,"9,140",상승,80,+0.88%,"1,000","78,425",709,"9,040","6,972","1,560",3.90,"597,646","9,010","9,050","19,050",113.21,9.08,"47,900","1,335",648,314,0.56,16.64,"45,550","3,576","14,593","1,698","2,064",4.96,"1,277",7.21
341,유안타증권,"3,480",하락,15,-0.43%,"5,000","161,186",561,"3,475","6,946",948,15.40,"609,826","3,450","3,480","168,003",-26.62,4.52,"3,530","31,781","151,660",730,64.17,0.44,"3,440","10,633","199,597","27,127",226,0.45,200,-4.98
342,아이에스동서,"23,000",하락,250,-1.08%,500,"10,251",234,"22,950","6,943","1,697",-3.86,"81,320","22,750","23,000","35,540",-50.17,-10.19,"23,150","1,473","19,968","-1,602",4.39,-4.11,"22,550","2,813","30,187","15,146","-5,961",0.51,"1,000",-25.37
343,한화리츠,"3,865",하락,45,-1.15%,500,"27,462",106,"3,865","6,942",191,38.27,"701,654","3,855","3,875","15,864",54.05,0.83,"3,905","14,085","12,576",28,0.57,0.24,"3,855","10,264","179,600",335,101,0.99,135,43.99
344,ACE 미국빅테크TOP7 Plus,"17,135",상승,140,+0.82%,0,"119,693","2,050","17,135","6,923",N/A,N/A,"760,864","17,115","17,140",N/A,N/A,N/A,"17,160","94,024",N/A,N/A,0.02,N/A,"17,100","137,970","40,400",N/A,N/A,N/A,N/A,N/A
345,KG모빌리티,"3,345",하락,45,-1.33%,"1,000","62,944",210,"3,335","6,769",14,-38.45,"352,419","3,415","3,340","31,045",-88.58,2.70,"3,415","5,178","16,839",338,23.21,1.18,"3,310","5,823","202,375","39,051",-87,0.46,0,4.52
346,신한알파리츠,"5,510",하락,10,-0.18%,"1,000","28,556",157,"5,530","6,664",338,55.66,"366,617","5,540","5,540","21,588",34.36,0.61,"5,540","16,776","16,187",47,10.27,0.23,"5,500","16,340","120,940",583,99,1.06,173,21.83
347,KODEX 반도체,"33,635",하락,145,-0.43%,0,"164,605","5,535","33,620","6,643",N/A,N/A,"1,126,287","33,650","33,645",N/A,N/A,N/A,"33,925","9,204",N/A,N/A,0.94,N/A,"33,445","21,058","19,750",N/A,N/A,N/A,N/A,N/A
348,KODEX 미국빅테크10(H),"49,310",상승,235,+0.48%,0,"38,090","1,879","49,250","6,632",N/A,N/A,"175,892","49,180","49,290",N/A,N/A,N/A,"49,400","57,232",N/A,N/A,0.00,N/A,"49,180","34,902","13,450",N/A,N/A,N/A,N/A,N/A
349,F&F홀딩스,"16,940",하락,360,-2.08%,500,"22,184",373,"16,740","6,626","4,164",6.45,"68,691","17,300","16,760","40,333",-19.06,4.92,"17,300","1,556","6,634","3,220",0.15,8.18,"16,660",576,"39,114","18,983","2,627",0.30,450,-4.43
350,파미셀,"11,010",하락,110,-0.99%,500,"62,550",691,"11,000","6,608",47,40.93,"973,765","11,170","11,010",993,259.23,7.59,"11,190","1,946",128,63,10.56,6.60,"10,890","1,489","60,017",649,269,7.05,20,15.34
351,TKG휴켐스,"16,120",하락,80,-0.49%,"1,000","11,158",179,"16,050","6,590",808,10.68,"129,946","16,300","16,060","11,682",-33.35,9.09,"16,300","5,586","2,933",775,8.82,6.83,"16,030",964,"40,879","11,882","1,509",0.73,"1,000",12.88
352,TIGER 리츠부동산인프라,"4,212",하락,8,-0.19%,0,"434,254","1,832","4,220","6,522",N/A,N/A,"3,115,452","4,225","4,225",N/A,N/A,N/A,"4,230","205,721",N/A,N/A,0.05,N/A,"4,210","134,085","154,850",N/A,N/A,N/A,N/A,N/A
353,키움 CD금리투자 ETN,"103,847",상승,2,0.00%,0,"17,310","1,797","103,845","6,459",N/A,N/A,"54,535","103,845","103,850",N/A,N/A,N/A,"103,850","538,336",N/A,N/A,0.00,N/A,"103,845","528,380","6,220",N/A,N/A,N/A,N/A,N/A
354,현대홈쇼핑,"53,700",하락,"1,000",-1.83%,"5,000","2,452",131,"53,700","6,444","1,301",7.74,"50,585","54,600","53,800","51,751",117.05,7.43,"54,600",968,"13,396","1,742",14.00,4.05,"53,300",132,"12,000","38,535","6,942",0.27,"2,800",86.66
355,ACE 미국배당다우존스,"11,800",하락,35,-0.30%,0,"53,374",630,"11,810","6,443",N/A,N/A,"1,083,605","11,830","11,815",N/A,N/A,N/A,"11,830","181,381",N/A,N/A,0.00,N/A,"11,790","153,008","54,600",N/A,N/A,N/A,N/A,N/A
356,TIGER Fn반도체TOP10,"10,640",하락,90,-0.84%,0,"347,182","3,687","10,610","6,427",N/A,N/A,"3,219,861","10,635","10,625",N/A,N/A,N/A,"10,710","71,857",N/A,N/A,0.13,N/A,"10,570","85,181","60,400",N/A,N/A,N/A,N/A,N/A
357,한국단자,"63,300",하락,"1,200",-1.86%,500,"5,266",333,"63,100","6,403","1,713",4.87,"80,958","63,300","63,300","15,643",53.31,14.16,"63,700","1,815","4,880","1,425",24.98,9.54,"62,900",612,"10,115","15,098","12,988",0.60,"2,200",16.41
358,KODEX MSCI Korea TR,"12,795",상승,50,+0.39%,0,"2,411",30,"12,765","6,398",N/A,N/A,"11,591","12,765","12,795",N/A,N/A,N/A,"12,865","38,220",N/A,N/A,1.30,N/A,"12,745","36,406","50,000",N/A,N/A,N/A,N/A,N/A
359,한화손해보험,"5,450",하락,60,-1.09%,"5,000","114,299",623,"5,430","6,362","4,357",2.33,"941,228","5,510","5,460","198,342",42.15,10.36,"5,570","18,159","168,811","3,160",14.44,1.67,"5,380","8,871","116,739","65,973","2,336",0.31,0,8.64
360,KODEX 미국30년국채타겟커버드콜(합성 H),"8,550",하락,55,-0.64%,0,"306,069","2,614","8,540","6,361",N/A,N/A,"913,887","8,540","8,545",N/A,N/A,N/A,"8,555","274,884",N/A,N/A,0.13,N/A,"8,535","437,123","74,400",N/A,N/A,N/A,N/A,N/A
361,금양,"9,900",보합,0,0.00%,500,0,0,0,"6,333",-560,-4.09,0,0,0,"12,569",-283.36,-40.88,0,0,"7,624","-1,861",5.59,-18.99,0,0,"63,967","1,537","-2,420",1.27,0,1.12
362,아세아,"300,500",하락,"1,000",-0.33%,"5,000",75,22,"299,500","6,263","1,724",11.97,"2,930","302,000","300,500","33,343",-28.28,5.58,"302,000",203,"13,044","1,084",7.99,3.28,"299,000",220,"2,084","20,074","25,096",0.43,"5,330",-5.13
363,LG전자우,"36,250",하락,150,-0.41%,"5,000","19,708",710,"36,000","6,230",N/A,9.48,"114,922","36,300","36,050",N/A,N/A,N/A,"36,300","5,023",N/A,N/A,45.02,N/A,"35,900","3,307","17,186",N/A,"3,825",0.30,N/A,N/A
364,풍산홀딩스,"43,000",하락,200,-0.46%,"5,000","162,312","7,056","42,950","6,199","1,047",6.09,"1,869,554","44,500","43,000","13,191",54.41,9.41,"44,500","2,595","2,037","1,000",14.77,7.95,"42,400","1,631","14,417","4,494","7,062",0.54,"1,400",10.49
365,카프로,"3,660",보합,0,0.00%,500,0,0,0,"6,185",-324,17.43,0,0,0,"2,392",17.95,102.36,0,0,"1,510",332,0.08,14.56,0,0,"169,000",71,210,7.77,N/A,-90.64
366,KG스틸,"6,180",하락,60,-0.96%,"5,000","42,821",262,"6,130","6,181","2,060",3.52,"172,347","6,130","6,140","33,414",-26.53,6.93,"6,220","5,474","13,812","1,325",6.62,4.05,"6,100","6,719","100,009","33,010","1,757",0.30,250,-3.76
367,HJ중공업,"7,400",상승,70,+0.95%,"5,000","113,214",829,"7,300","6,162",73,-180.49,"672,387","7,280","7,310","22,044",106.67,1.56,"7,410","17,661","18,610",52,1.91,0.21,"7,230","9,127","83,274","18,860",-41,1.77,N/A,-12.77
368,KODEX 인버스,"3,885",보합,0,0.00%,0,"16,097,105","62,426","3,885","6,146",N/A,N/A,"42,477,589","3,870","3,890",N/A,N/A,N/A,"3,905","5,466,865",N/A,N/A,0.81,N/A,"3,860","4,197,472","158,200",N/A,N/A,N/A,N/A,N/A
369,KODEX 단기채권,"113,430",상승,5,0.00%,0,"6,028",683,"113,425","6,124",N/A,N/A,"11,590","113,430","113,430",N/A,N/A,N/A,"113,430","89,755",N/A,N/A,0.00,N/A,"113,420","123,619","5,399",N/A,N/A,N/A,N/A,N/A
370,삼성 레버리지 WTI원유 선물 ETN,"1,515",상승,20,+1.34%,0,"1,452,044","2,220","1,528","6,121",N/A,N/A,"20,567,262","1,543","1,529",N/A,N/A,N/A,"1,543","5,049,703",N/A,N/A,0.00,N/A,"1,507","8,177,108","404,000",N/A,N/A,N/A,N/A,N/A
371,쿠쿠홈시스,"26,900",하락,50,-0.19%,100,"14,102",377,"26,800","6,036","1,648",4.96,"113,471","26,950","26,850","13,816",13.77,14.00,"27,200","6,367","3,349","1,361",6.67,10.81,"86,400","2,285","6,768","11,116","11,360",0.58,"1,800",-1.95
372,유니드,"88,900",상승,"5,600",+6.72%,"5,000","44,359","3,914","88,600","6,016",954,7.83,"58,084","86,700","88,700","13,648",197.62,7.96,"89,200",753,"3,525",762,10.37,5.81,"25,500","1,353","22,437","10,572","5,424",0.63,"1,000",10.75
373,넥센타이어,"6,130",하락,30,-0.49%,500,"38,423",235,"6,100","5,987","1,721",5.10,"264,174","6,170","6,120","45,745",-7.94,7.10,"6,190","8,080","27,029","1,267",6.92,2.88,"6,090","3,646","97,668","28,479","1,203",0.33,130,5.41
374,현대그린푸드,"17,900",상승,350,+1.99%,500,"3,379",60,"17,810","5,931",967,8.00,"56,665","17,590","17,820","9,556",49.10,11.41,"17,930",708,"2,854",745,14.26,8.11,"17,480","1,138","33,136","22,704","2,238",0.87,335,24.27
375,신성통상,"4,077",상승,2,+0.05%,500,"253,983","1,034","4,075","5,859","1,218",8.98,"1,253,906","4,075","4,080","11,626",-15.22,16.24,"4,080","2,074,295","6,780",737,0.52,6.61,"4,070","259,406","143,708","15,079",454,1.13,N/A,-2.25
376,솔루스첨단소재,"8,250",하락,240,-2.83%,100,"41,407",342,"8,240","5,793",-544,-58.51,"310,985","8,360","8,250","20,794",25.67,0.62,"8,370","9,857","9,879",-427,3.65,-2.26,"8,210","5,873","70,217","5,709",-141,0.99,10,32.96
377,한일홀딩스,"18,550",상승,630,+3.52%,"1,000","5,375",97,"18,160","5,719","2,793",6.12,"22,008","17,920","18,170","37,090",6.60,7.56,"18,570",729,"14,048","1,985",4.13,5.46,"17,920",275,"30,833","22,487","3,032",0.36,930,-4.84
378,한국쉘석유,"436,500",상승,"6,500",+1.51%,"5,000",663,289,"433,500","5,674",460,14.80,"11,989","430,000","434,500","1,913",8.65,28.93,"441,500",199,640,367,59.37,19.31,"430,000",247,"1,300","3,272","29,500",5.30,"27,000",2.09
379,대한해운,"1,750",하락,46,-2.56%,500,"9,571,861","17,019","1,730","5,648","3,286",3.76,"126,614,599","1,830","1,731","45,804",31.48,8.93,"1,835","159,773","22,907","1,648",4.41,3.54,"1,722","38,511","322,747","17,472",465,0.27,0,25.03
380,KODEX 미국30년국채액티브(H),"8,860",하락,130,-1.45%,0,"282,180","2,499","8,845","5,609",N/A,N/A,"1,292,652","8,860","8,850",N/A,N/A,N/A,"8,865","530,559",N/A,N/A,0.04,N/A,"8,845","471,283","63,310",N/A,N/A,N/A,N/A,N/A
381,KODEX 국고채30년액티브,"121,255",하락,315,-0.26%,0,"1,402",169,"120,955","5,560",N/A,N/A,"18,078","121,570","121,030",N/A,N/A,N/A,"121,570","16,061",N/A,N/A,0.02,N/A,"120,955","16,008","4,585",N/A,N/A,N/A,N/A,N/A
382,삼천리,"136,400",상승,"2,200",+1.64%,"5,000","7,071",954,"134,300","5,531","1,143",5.05,"30,957","134,000","134,600","45,182",-34.49,6.55,"136,500",201,"27,577","1,217",11.51,2.72,"133,300",801,"4,055","51,205","27,036",0.28,"3,000",-9.60
383,HD현대에너지솔루션,"49,100",상승,900,+1.87%,"5,000","137,907","6,890","49,600","5,499",35,29.83,"261,460","49,350","49,750","4,538",-80.03,0.03,"51,200","2,808",841,1,3.84,0.02,"48,850","3,358","11,200","4,224","1,646",1.49,N/A,-22.66
384,삼양사,"53,300",상승,200,+0.38%,"5,000","2,950",156,"52,800","5,497","1,335",4.93,"50,591","53,100","52,900","33,199",17.95,7.53,"53,300","1,221","13,722","1,364",4.97,4.18,"52,500",981,"10,313","26,718","10,808",0.30,"1,750",0.77
385,KODEX 26-12 회사채(AA-이상)액티브,"10,800",보합,0,0.00%,0,"49,491",534,"10,790","5,444",N/A,N/A,"45,025","10,800","10,795",N/A,N/A,N/A,"10,800","120,526",N/A,N/A,0.00,N/A,"10,790","164,733","50,410",N/A,N/A,N/A,N/A,N/A
386,제주항공,"6,730",하락,70,-1.03%,"1,000","46,732",312,"6,670","5,427",799,-9.32,"239,991","6,710","6,690","19,985",-52.94,6.84,"79,400","1,467","123,507",656,5.83,0.69,"77,100","1,274","6,860","111,924","15,251",0.27,"3,450",42.98
387,후성,"5,060",하락,210,-3.98%,500,"180,564",916,"5,050","5,427",-96,-8.63,"1,121,995","5,160","5,060","8,263",79.23,-21.71,"6,760","13,614","16,744",217,2.45,1.09,"6,650","3,471","80,641","19,358",-722,1.86,N/A,12.28
388,E1,"79,100",상승,"2,500",+3.26%,"5,000","7,298",571,"77,300","5,426","2,176",5.19,"55,236","78,000","77,400","145,398",133.55,3.83,"5,170","44,864","4,935",-834,7.18,-9.93,"5,000","9,180","107,255","4,378",-586,1.70,N/A,-16.32
389,제이알글로벌리츠,"2,740",상승,10,+0.37%,"1,000","85,854",234,"2,725","5,408",310,13.84,"915,270","2,730","2,730","21,465",-4.87,2.48,"2,755","34,719","13,405",207,9.13,0.98,"2,715","51,648","197,376",626,198,0.66,N/A,3.49
390,대한유화,"82,400",하락,"1,200",-1.44%,"5,000","6,064",504,"82,500","5,356",-599,521.52,"31,010","85,200","82,700","22,197",3.90,-0.47,"85,200",426,"4,121",-85,7.25,-0.39,"81,700",276,"6,500","28,001",158,0.28,"1,000",12.01
391,케이씨텍,"25,800",하락,400,-1.53%,500,"8,894",229,"25,850","5,338",498,11.02,"114,751","25,750","25,900","5,491",52.23,11.28,"26,150","3,739",673,527,12.63,10.04,"25,550","1,177","20,690","3,854","2,341",1.05,270,34.34
392,흥아해운,"2,210",상승,10,+0.45%,500,"39,961,445","90,086","2,140","5,313",275,13.90,"146,467,877","2,380","2,145","4,436",12.12,20.08,"2,385","673,653","2,095",400,2.02,10.39,"2,110","388,476","240,425","1,880",159,2.30,N/A,14.07
393,신풍제약,"9,905",하락,395,-3.83%,500,"102,144","1,014","9,860","5,248",-205,-38.84,"367,612","10,060","9,890","3,421",56.84,-5.85,"10,110","8,598",840,-154,4.78,-4.44,"9,830","2,237","52,985","2,211",-255,1.99,N/A,10.42
394,KIWOOM 국고채10년,"115,570",하락,255,-0.22%,0,"1,541",178,"115,450","5,246",N/A,N/A,"33,548","115,665","115,475",N/A,N/A,N/A,"115,665","26,995",N/A,N/A,0.01,N/A,"115,420","22,689","4,539",N/A,N/A,N/A,N/A,N/A
395,신한 레버리지 WTI원유 선물 ETN(H),"1,049",상승,18,+1.75%,0,"597,859",631,"1,053","5,245",N/A,N/A,"7,041,762","1,065","1,055",N/A,N/A,N/A,"1,065","6,157,795",N/A,N/A,0.00,N/A,"1,043","6,369,532","500,000",N/A,N/A,N/A,N/A,N/A
396,코스모화학,"13,640",하락,370,-2.64%,"1,000","30,081",413,"13,690","5,239",-20,-8.74,"191,202","14,050","13,700","12,043",-166.57,-24.71,"14,180",817,"6,136",-523,7.23,-4.56,"13,350","1,189","38,408","7,493","-1,561",2.30,N/A,-6.22
397,KODEX 국고채3년,"62,585",하락,105,-0.17%,0,"4,053",253,"62,570","5,223",N/A,N/A,"44,419","62,615","62,590",N/A,N/A,N/A,"62,615","60,073",N/A,N/A,0.00,N/A,"62,550","46,301","8,346",N/A,N/A,N/A,N/A,N/A
398,롯데손해보험,"1,681",하락,18,-1.06%,"1,000","53,028",89,"1,677","5,217",311,-98.88,"305,289","1,689","1,683","155,415",-91.73,2.31,"1,693","22,116","147,472",242,1.27,0.16,"1,671","10,219","310,336","31,515",-17,1.03,N/A,23.15
399,KB KIS CD금리투자 ETN,"52,075",보합,0,0.00%,0,0,0,"52,080","5,208",N/A,N/A,1,"52,075","52,085",N/A,N/A,N/A,"52,075","50,000",N/A,N/A,0.00,N/A,"52,075","50,000","10,000",N/A,N/A,N/A,N/A,N/A
400,바이오노트,"5,100",하락,30,-0.58%,500,"8,131",41,"5,110","5,205",122,12.29,"123,584","5,110","5,130","16,972",125.97,3.46,"5,150","2,117",614,553,0.50,3.36,"5,070","1,222","102,056","1,028",415,0.32,200,14.10
401,JW중외제약,"22,350",하락,"1,050",-4.49%,"2,500","37,421",837,"22,250","5,204",825,8.92,"109,175","22,500","22,300","6,046",-17.76,21.87,"22,850","13,858","2,751",650,6.72,10.41,"22,100","1,208","23,286","7,194","2,507",1.65,450,-3.89
402,일진하이솔루스,"14,190",하락,280,-1.94%,500,"20,244",284,"14,010","5,153",-95,645.00,"97,987","14,200","14,030","3,443",2.89,0.57,"14,210","2,144",268,18,4.35,0.53,"13,930",808,"36,313",793,22,1.63,200,2.04
403,신대양제지,"12,770",하락,210,-1.62%,500,"23,902",306,"12,750","5,146",293,17.61,"112,022","13,120","12,760","8,759",-49.95,6.00,"13,120","1,082","1,838",333,2.76,3.80,"12,670",91,"40,298","6,585",725,0.64,N/A,0.71
404,CJ4우(전환),"121,200",상승,"1,500",+1.25%,"5,000","2,352",283,"119,900","5,123",N/A,43.52,"30,322","120,000","120,000",N/A,N/A,N/A,"121,400",301,N/A,N/A,5.11,N/A,"119,600",394,"4,227",N/A,"2,785",0.75,N/A,N/A
405,PLUS 머니마켓액티브,"52,305",상승,5,+0.01%,0,"8,275",432,"52,300","5,118",N/A,N/A,"34,839","52,300","52,305",N/A,N/A,N/A,"52,305","60,167",N/A,N/A,0.00,N/A,"52,300","58,786","9,784",N/A,N/A,N/A,N/A,N/A
406,TIGER 인도니프티50,"13,115",상승,35,+0.27%,0,"23,606",309,"13,105","5,108",N/A,N/A,"244,438","13,100","13,120",N/A,N/A,N/A,"13,150","73,933",N/A,N/A,0.13,N/A,"13,085","28,450","38,950",N/A,N/A,N/A,N/A,N/A
407,퍼시스,"44,350",하락,"1,050",-2.31%,"1,000",436,19,"44,800","5,100",215,15.40,"1,211","45,450","44,850","6,439",-39.05,8.64,"45,450",141,699,477,19.94,7.69,"43,000",49,"11,500","3,857","2,879",0.70,"1,200",6.28
408,KCC글라스,"31,900",하락,50,-0.16%,"1,000","5,203",165,"31,750","5,095",572,30.61,"66,108","32,100","31,850","24,943",-39.82,2.48,"32,100","2,255","10,054",370,9.27,1.57,"31,600",686,"15,971","19,033","1,042",0.35,"1,800",13.29
409,PI첨단소재,"17,260",하락,540,-3.03%,500,"35,286",614,"17,360","5,069",349,18.13,"217,895","17,800","17,370","5,275",987.07,7.16,"17,800",730,"1,896",234,9.31,4.47,"17,200","1,330","29,366","2,513",952,1.52,350,15.46
410,TIGER 미국달러단기채권액티브,"12,475",하락,5,-0.04%,0,"33,717",419,"12,465","5,060",N/A,N/A,"205,101","12,480","12,485",N/A,N/A,N/A,"12,485","56,983",N/A,N/A,0.01,N/A,"12,395","65,177","40,560",N/A,N/A,N/A,N/A,N/A
411,OCI,"56,400",하락,700,-1.23%,"5,000","8,010",453,"56,300","5,049","1,105",11.90,"59,491","57,100","56,500","22,830",N/A,N/A,"57,200",965,"10,414",897,6.50,N/A,"56,100",436,"8,952","22,153","4,741",0.43,"2,200",N/A
412,TIGER 200 IT,"28,650",하락,10,-0.03%,0,"3,121",89,"28,645","5,042",N/A,N/A,"69,552","28,715","28,665",N/A,N/A,N/A,"28,865","38,091",N/A,N/A,0.10,N/A,"28,520","27,237","17,600",N/A,N/A,N/A,N/A,N/A
413,SBS,"27,150",하락,200,-0.73%,"5,000","14,541",392,"27,000","5,037",-192,35.96,"238,215","27,000","27,050","15,124",-132.90,3.80,"27,350","3,475","6,059",338,0.00,2.36,"17,010",370,"29,240","19,563","2,610",0.30,700,2.92
414,LF,"17,220",하락,150,-0.86%,"5,000","9,444",162,"17,100","5,035","1,261",6.60,"149,679","17,100","17,120","29,150",119.84,4.87,"17,850","2,240","11,422",906,13.13,3.20,"26,850","1,392","18,551","10,467",755,0.56,N/A,5.01
415,두산2우B,"561,000",상승,"16,000",+2.94%,"5,000","3,233","1,795","557,000","5,010",N/A,-57.89,"15,388","542,000","559,000",N/A,N/A,N/A,"570,000",76,N/A,N/A,2.39,N/A,"530,000",223,893,N/A,"-9,690",6.69,N/A,N/A
416,대신증권우,"19,210",상승,90,+0.47%,"5,000","25,222",481,"19,150","4,995",N/A,10.40,"249,310","19,000","19,170",N/A,N/A,N/A,"19,260","1,917",N/A,N/A,14.03,N/A,"18,950",981,"26,000",N/A,"1,848",0.42,N/A,N/A
417,한국금융지주우,"84,300",상승,"1,700",+2.06%,"5,000","18,984","1,580","83,800","4,938",N/A,4.49,"77,747","82,500","84,000",N/A,N/A,N/A,"84,500","1,615",N/A,N/A,14.48,N/A,"81,600","1,572","5,858",N/A,"18,792",0.50,N/A,N/A
418,KODEX 200타겟위클리커버드콜,"10,325",상승,15,+0.15%,0,"692,481","7,148","10,320","4,935",N/A,N/A,"2,025,856","10,335","10,325",N/A,N/A,N/A,"10,375","513,456",N/A,N/A,0.06,N/A,"10,280","323,935","47,800",N/A,N/A,N/A,N/A,N/A
419,TIGER 테슬라채권혼합Fn,"13,657",상승,257,+1.92%,0,"161,524","2,204","13,635","4,930",N/A,N/A,"608,475","13,595","13,645",N/A,N/A,N/A,"13,665","27,313",N/A,N/A,0.69,N/A,"13,540","7,352","36,100",N/A,N/A,N/A,N/A,N/A
420,고려제강,"18,220",하락,130,-0.71%,"1,000","2,509",45,"18,120","4,919",261,31.91,"34,076","18,120","18,140","26,090",-53.64,1.95,"18,350",282,"6,819",329,5.85,1.30,"18,090",995,"27,000","17,396",571,0.28,324,-2.75
421,한전산업,"15,050",상승,340,+2.31%,500,"1,739,883","26,635","15,400","4,906",161,42.76,"3,923,995","14,850","15,470","2,200",-38.00,10.59,"15,940","3,128","1,044",116,1.79,5.49,"14,590","10,585","32,600","3,675",352,4.48,367,1.17
422,애경케미칼,"10,030",하락,70,-0.69%,500,"47,670",476,"10,020","4,879",155,103.40,"473,961","10,060","10,050","13,564",-65.69,0.54,"10,120","10,878","6,155",85,0.00,0.64,"47,900",185,"10,080","3,410","6,476",0.39,"1,500",-15.29
423,신도리코,"48,400",하락,100,-0.21%,"5,000","5,550",269,"48,600","4,879",202,7.47,"24,262","49,050","48,650","11,436",-33.06,7.12,"49,850",562,793,732,11.65,6.59,"9,930","2,026","48,649","16,422",97,0.67,281,-8.45
424,엠씨넥스,"26,950",하락,100,-0.37%,500,"5,502",147,"26,600","4,845",444,7.15,"67,928","26,600","26,700","5,741",143.55,18.28,"27,050","2,162","2,019",636,12.11,11.46,"26,600","1,240","17,978","10,571","3,768",1.21,800,13.36
425,SPC삼립,"55,500",하락,300,-0.54%,"5,000","5,035",278,"55,200","4,789",950,5.51,"34,584","55,800","55,300","12,408",3.53,19.25,"56,200",914,"7,610",865,4.67,6.83,"54,800",511,"8,629","34,279","10,076",0.95,"1,800",-0.16
426,KODEX 미국AI전력핵심인프라,"13,965",상승,110,+0.79%,0,"165,819","2,316","13,960","4,783",N/A,N/A,"1,272,066","13,960","13,995",N/A,N/A,N/A,"14,020","23,674",N/A,N/A,0.94,N/A,"13,930","69,588","34,250",N/A,N/A,N/A,N/A,N/A
427,TIGER 우량회사채액티브,"116,910",하락,130,-0.11%,0,"2,471",288,"116,890","4,766",N/A,N/A,"234,996","116,975","116,905",N/A,N/A,N/A,"116,975","14,014",N/A,N/A,0.00,N/A,"116,840","15,400","4,077",N/A,N/A,N/A,N/A,N/A
428,TIGER 미국달러SOFR금리액티브(합성),"56,600",하락,180,-0.32%,0,"2,768",156,"56,620","4,756",N/A,N/A,"9,469","56,740","56,685",N/A,N/A,N/A,"56,740","24,240",N/A,N/A,0.00,N/A,"56,565","29,876","8,402",N/A,N/A,N/A,N/A,N/A
429,TIGER 미국테크TOP10타겟커버드콜,"12,635",상승,60,+0.48%,0,"41,016",518,"12,635","4,738",N/A,N/A,"520,037","12,640","12,640",N/A,N/A,N/A,"12,650","354,389",N/A,N/A,0.02,N/A,"12,610","247,415","37,500",N/A,N/A,N/A,N/A,N/A
430,TIMEFOLIO 글로벌AI인공지능액티브,"27,440",상승,510,+1.89%,0,"85,441","2,342","27,425","4,736",N/A,N/A,"378,864","27,305","27,430",N/A,N/A,N/A,"27,490","53,356",N/A,N/A,0.35,N/A,"27,305","39,846","17,260",N/A,N/A,N/A,N/A,N/A
431,ACE 200,"39,070",상승,55,+0.14%,0,"91,398","3,564","39,045","4,688",N/A,N/A,"60,309","39,165","39,070",N/A,N/A,N/A,"39,270","41,413",N/A,N/A,11.06,N/A,"38,900","30,850","12,000",N/A,N/A,N/A,N/A,N/A
432,KODEX 미국반도체,"24,025",하락,70,-0.29%,0,"32,123",771,"24,030","4,685",N/A,N/A,"517,938","24,000","24,035",N/A,N/A,N/A,"24,090","66,387",N/A,N/A,0.80,N/A,"23,980","115,204","19,500",N/A,N/A,N/A,N/A,N/A
433,동국제강,"9,420",하락,130,-1.36%,"5,000","26,477",248,"9,410","4,673","1,025",57.44,"166,038","9,350","9,430","31,940",-56.49,2.04,"9,480","1,850","14,922",348,26.78,1.04,"7,420","11,502","61,833","17,956",985,0.36,153,13.49
434,KODEX 자동차,"18,005",하락,105,-0.58%,0,"149,349","2,692","17,985","4,672",N/A,N/A,"530,174","18,155","18,000",N/A,N/A,N/A,"18,265","37,492",N/A,N/A,0.36,N/A,"9,270","3,569","49,608","35,275",164,0.28,600,34.02
435,현대차증권,"7,540",하락,30,-0.40%,"5,000","138,127","1,037","7,500","4,662",547,7.65,"889,858","7,560","7,550","119,920",-16.08,2.80,"7,600","12,283","106,899",362,4.43,0.31,"17,915","42,989","25,950",N/A,N/A,N/A,N/A,N/A
436,아모레퍼시픽우,"44,100",상승,250,+0.57%,500,"3,915",171,"43,700","4,656",N/A,4.87,"62,490","43,550","43,750",N/A,N/A,N/A,"44,100","1,134",N/A,N/A,47.06,N/A,"43,550",260,"10,558",N/A,"9,057",0.58,N/A,N/A
437,진에어,"8,910",하락,170,-1.87%,"1,000","46,767",416,"8,890","4,651","1,631",6.36,"208,105","9,050","8,900","12,271",-10.46,51.15,"9,060","6,080","9,959",957,4.14,8.78,"8,870","2,083","52,200","14,613","1,401",1.66,N/A,14.41
438,TIGER TOP10,"11,800",보합,0,0.00%,0,"26,721",315,"11,770","4,614",N/A,N/A,"251,478","11,800","11,785",N/A,N/A,N/A,"11,850","81,758",N/A,N/A,67.69,N/A,"11,730","74,692","39,100",N/A,N/A,N/A,N/A,N/A
439,NICE,"12,415",상승,175,+1.43%,500,"30,342",372,"12,190","4,609","1,743",9.43,"131,065","12,240","12,200","35,219",79.68,6.27,"12,450","7,093","21,291","1,009",11.06,2.88,"12,180","1,366","37,128","30,383","1,317",0.58,500,7.78
440,DS단석,"26,200",상승,50,+0.19%,500,"42,584","1,114","26,150","4,607",122,-83.44,"251,933","26,100","26,250","7,358",-84.01,-3.29,"26,500","6,112","4,528",-103,2.00,-1.42,"25,950","4,371","17,584","9,617",-314,1.61,N/A,-10.16
441,디아이,"16,190",보합,0,0.00%,500,"75,848","1,221","16,160","4,582",31,58.66,"596,491","16,020","16,170","3,196",-49.81,0.72,"16,290","3,593","1,519",28,8.11,0.92,"15,810","3,924","28,300","2,140",276,2.70,100,-0.27
442,풀무원,"11,920",하락,100,-0.83%,500,"36,146",427,"11,810","4,544",918,14.54,"227,293","11,970","11,820","23,312",48.16,11.40,"11,980","11,831","17,477",344,3.19,1.53,"11,750","3,229","38,121","32,137",820,1.48,102,7.36
443,아세아시멘트,"12,130",상승,160,+1.34%,500,"7,448",89,"11,960","4,530","1,408",7.10,"93,455","11,940","12,000","21,954",-4.18,7.65,"12,140","1,205","10,890",801,6.43,3.71,"11,860","2,285","37,347","11,103","1,709",0.41,"7,000",N/A
444,세아제강,"159,700",상승,"2,200",+1.40%,"5,000","8,692","1,392","159,800","4,530","2,029",3.71,"34,224","158,900","159,900","18,238",N/A,N/A,"162,600",206,"7,113","1,371",9.52,N/A,"158,300",195,"2,836","18,094","43,046",0.40,260,-7.51
445,KODEX 코스피,"29,540",하락,55,-0.19%,0,"204,513","6,040","29,515","4,505",N/A,N/A,"816,599","29,600","29,520",N/A,N/A,N/A,"29,705","83,488",N/A,N/A,0.49,N/A,"29,405","40,379","15,250",N/A,N/A,N/A,N/A,N/A
446,스틱인베스트먼트,"10,670",상승,110,+1.04%,500,"20,585",220,"10,720","4,447",134,-124.07,"126,832","10,550","10,730","2,647",-59.46,3.72,"10,850","5,729",159,93,26.74,3.40,"10,470","3,198","41,678",795,-86,1.64,45,32.61
447,화승엔터프라이즈,"7,330",하락,20,-0.27%,500,"47,568",349,"7,330","4,441",826,12.75,"277,647","7,400","7,360","15,376",537.00,6.38,"7,450","6,732","9,739",344,6.10,2.37,"7,250","1,749","60,589","16,096",575,0.87,250,-15.25
448,코오롱,"35,150",상승,850,+2.48%,"5,000","33,703","1,163","34,550","4,438",-896,3.08,"214,450","33,650","34,600","70,405",-190.15,12.49,"35,200","1,933","46,926","1,576",6.68,2.57,"33,650","2,186","12,626","60,284","11,430",0.29,550,2.55
449,쏘카,"13,500",하락,30,-0.22%,100,"1,142",15,"13,410","4,434",-98,-24.91,"6,138","13,520","13,500","6,315",-1.14,-15.69,"13,830","4,290","4,480",-310,0.99,-4.73,"13,410","1,726","32,842","4,318",-542,2.45,N/A,8.36
450,동아에스티,"47,100",상승,100,+0.21%,"5,000","6,136",288,"47,050","4,405",-250,-554.12,"44,454","47,250","47,300","13,917",-323.66,-0.18,"47,650","1,222","6,829",-232,17.89,-1.74,"46,500",575,"9,353","6,979",-85,0.66,785,5.10
451,KODEX 미국나스닥100(H),"16,850",상승,100,+0.60%,0,"93,874","1,580","16,825","4,398",N/A,N/A,"494,464","16,835","16,830",N/A,N/A,N/A,"16,860","130,916",N/A,N/A,0.58,N/A,"16,820","159,054","26,100",N/A,N/A,N/A,N/A,N/A
452,KIWOOM 종합채권(AA-이상)액티브,"108,905",보합,0,0.00%,0,0,0,"108,770","4,391",N/A,N/A,91,"108,905","108,845",N/A,N/A,N/A,"108,905","12,005",N/A,N/A,0.00,N/A,"108,905","12,000","4,032",N/A,N/A,N/A,N/A,N/A
453,티웨이항공,"2,035",하락,20,-0.97%,500,"161,972",327,"2,025","4,383",-123,-2.76,"689,724","2,000","2,030","15,624",-108.80,-55.03,"2,040","118,581","14,802",-659,1.28,-4.63,"2,000","53,270","215,379","15,368",-736,12.92,N/A,13.94
454,부국증권,"42,150",하락,50,-0.12%,"5,000","9,308",392,"41,750","4,371",367,17.55,"36,823","41,500","41,850","16,514",-46.93,4.05,"42,800",943,"8,811",310,1.46,1.81,"41,350",207,"10,370","7,792","2,402",0.49,"1,500",-4.40
455,RISE KIS국고채30년Enhanced,"81,000",하락,420,-0.52%,0,"4,846",391,"80,755","4,367",N/A,N/A,"27,867","81,300","80,805",N/A,N/A,N/A,"81,300","16,222",N/A,N/A,0.03,N/A,"80,750","18,002","5,391",N/A,N/A,N/A,N/A,N/A
456,KODEX 인도Nifty50,"13,415",하락,10,-0.07%,0,"23,069",309,"13,405","4,346",N/A,N/A,"213,104","13,425","13,415",N/A,N/A,N/A,"13,440","43,563",N/A,N/A,0.04,N/A,"13,385","19,944","32,400",N/A,N/A,N/A,N/A,N/A
457,콜마홀딩스,"12,570",상승,140,+1.13%,500,"60,046",742,"12,320","4,311",381,21.98,"330,605","12,250","12,370","12,914",125.94,4.09,"12,590","1,980","4,763",334,20.08,2.59,"12,220",861,"34,296","6,767",572,0.72,200,6.18
458,TIGER 27-04회사채(A+이상)액티브,"53,250",하락,40,-0.08%,0,"4,945",263,"53,240","4,308",N/A,N/A,"38,026","53,270","53,250",N/A,N/A,N/A,"53,270","90,385",N/A,N/A,0.00,N/A,"53,235","99,127","8,090",N/A,N/A,N/A,N/A,N/A
459,RISE 미국30년국채엔화노출(합성 H),"8,255",하락,185,-2.19%,0,"336,095","2,770","8,240","4,280",N/A,N/A,"1,809,684","8,245","8,245",N/A,N/A,N/A,"8,255","307,431",N/A,N/A,0.06,N/A,"8,230","288,197","51,850",N/A,N/A,N/A,N/A,N/A
460,코람코라이프인프라리츠,"4,395",하락,35,-0.79%,500,"9,447",41,"4,395","4,278",356,11.36,"299,435","4,430","4,410","12,792",96.73,4.96,"4,430","7,635","7,776",238,1.39,1.87,"4,385","9,443","97,335",485,387,0.89,418,54.05
461,TIGER 미국S&P500(H),"14,240",상승,85,+0.60%,0,"36,631",521,"14,235","4,272",N/A,N/A,"307,028","14,215","14,240",N/A,N/A,N/A,"14,270","66,625",N/A,N/A,0.10,N/A,"14,210","78,463","30,000",N/A,N/A,N/A,N/A,N/A
462,애경산업,"16,150",상승,840,+5.49%,"1,000","97,982","1,599","16,110","4,265",468,12.52,"204,988","16,330","16,120","4,994",-24.40,10.81,"16,740",902,987,425,3.03,8.66,"16,020",940,"26,410","6,791","1,290",1.04,580,1.53
463,명신산업,"8,090",하락,120,-1.46%,500,"52,499",424,"8,040","4,245","1,481",3.95,"331,634","8,170","8,050","12,103",-28.83,20.95,"8,240","8,355","5,128","1,291",7.22,11.45,"8,020","1,130","52,470","15,738","2,048",0.60,150,-9.49
464,더본코리아,"28,650",상승,100,+0.35%,500,"16,428",464,"28,100","4,222",360,11.06,"53,773","28,150","28,150","3,527",40.75,15.52,"28,700","4,991",851,310,1.43,11.05,"28,050","2,461","14,737","4,642","2,591",1.56,300,13.03
465,비에이치,"12,250",하락,420,-3.31%,500,"137,396","1,692","12,290","4,222",871,15.49,"635,530","12,650","12,300","13,199",2.67,9.90,"12,650","15,912","5,790",776,10.81,6.44,"12,170","3,990","34,464","17,544",791,0.56,250,10.20
466,한세실업,"10,480",하락,250,-2.33%,500,"44,680",471,"10,540","4,192","1,422",8.49,"198,124","10,730","10,560","14,245",-15.47,8.58,"10,820","7,768","7,149",584,4.14,4.39,"10,460",722,"40,000","17,978","1,235",0.59,500,5.21
467,남양유업,"68,300",하락,700,-1.01%,500,"1,616",110,"68,100","4,188",-98,86.35,"25,378","69,000","68,300","7,242",86.28,0.04,"69,000",679,924,2,7.63,0.03,"68,000",426,"6,131","9,528",791,0.89,100,-4.41
468,YG PLUS,"6,600",상승,50,+0.76%,500,"200,217","1,329","6,590","4,186",-7,51.97,"1,443,125","6,530","6,610","2,378",-103.45,0.73,"6,780","7,144",686,20,3.93,0.86,"6,500","3,854","63,429","1,849",127,2.45,N/A,-17.32
469,TCC스틸,"15,950",하락,450,-2.74%,"1,000","29,016",464,"15,900","4,181",123,19.47,"182,401","16,340","15,910","5,740",9.08,8.30,"16,380","2,692","3,149",202,7.77,3.57,"15,860","2,504","26,214","5,821",819,1.66,100,-6.78
470,KODEX 미국배당커버드콜액티브,"11,135",하락,20,-0.18%,0,"82,712",920,"11,130","4,153",N/A,N/A,"639,305","11,155","11,135",N/A,N/A,N/A,"11,155","107,426",N/A,N/A,0.00,N/A,"11,110","145,548","37,300",N/A,N/A,N/A,N/A,N/A
471,TIGER 은행고배당플러스TOP10,"17,230",하락,70,-0.40%,0,"272,414","4,693","17,200","4,152",N/A,N/A,"992,833","17,315","17,205",N/A,N/A,N/A,"17,465","76,641",N/A,N/A,0.62,N/A,"17,155","73,573","24,100",N/A,N/A,N/A,N/A,N/A
472,삼성FN리츠,"4,525",하락,55,-1.20%,500,"12,502",56,"4,540","4,120",78,156.03,"386,290","4,580","4,550","8,768",24.55,0.66,"4,585","6,182","4,607",26,0.30,0.32,"4,520","2,096","91,050",115,29,0.99,73,23.01
473,맵스리얼티1,"4,420",상승,40,+0.91%,0,"32,266",142,"4,410","4,103",N/A,N/A,"358,947","4,385","4,415",N/A,N/A,N/A,"4,435","49,929",N/A,N/A,2.61,N/A,"4,385","10,585","92,834",N/A,N/A,N/A,N/A,N/A
474,BGF,"4,275",상승,5,+0.12%,"1,000","36,946",156,"4,240","4,092",552,4.70,"335,175","4,260","4,245","23,010",-8.82,5.43,"4,310","3,204","3,199",948,2.28,4.24,"4,215","3,500","95,717","4,341",909,0.24,130,21.80
475,조광피혁,"61,500",하락,500,-0.81%,"5,000","2,663",164,"61,800","4,089",72,35.14,"9,960","61,100","61,900","6,188",13.90,2.58,"62,700",586,754,126,0.50,2.24,"60,100",198,"6,649",902,"1,750",0.38,N/A,-28.70
476,TIGER 2차전지소재Fn,"3,280",하락,75,-2.24%,0,"575,146","1,892","3,265","4,052",N/A,N/A,"2,240,661","3,320","3,270",N/A,N/A,N/A,"3,340","167,435",N/A,N/A,0.79,N/A,"3,250","195,873","123,550",N/A,N/A,N/A,N/A,N/A
477,세아홀딩스,"101,200",상승,400,+0.40%,"5,000",244,24,"101,700","4,048",992,12.63,"2,260","103,000","102,700","61,055",-50.60,1.53,"103,000",100,"29,554",342,1.17,0.58,"101,100",323,"4,000","60,168","8,013",0.18,"4,000",-6.27
478,드림텍,"5,870",하락,120,-2.00%,100,"41,628",244,"5,880","4,044",236,-345.29,"265,063","5,970","5,890","9,081",-30.82,0.95,"5,970","16,213","3,930",127,57.20,1.50,"5,830","1,271","68,890","11,727",-17,1.01,200,13.81
479,남해화학,"8,030",상승,50,+0.63%,"1,000","79,526",641,"8,040","3,989",363,16.12,"614,277","8,100","8,050","7,738",228.08,4.84,"8,170","5,095","2,391",215,3.35,2.68,"7,970","5,641","49,679","15,191",498,0.71,80,-4.34
480,넥스틸,"15,320",상승,720,+4.93%,500,"455,076","6,926","15,170","3,984",632,7.30,"516,594","14,780","15,180","6,918",-59.83,7.64,"15,480","6,940","2,269",347,1.72,5.20,"14,560","2,194","26,002","5,524","2,100",0.83,250,-10.77
481,KODEX 국고채10년액티브,"113,330",하락,255,-0.22%,0,"9,017","1,020","113,205","3,971",N/A,N/A,"37,530","113,310","113,225",N/A,N/A,N/A,"113,330","30,139",N/A,N/A,0.00,N/A,"113,145","25,554","3,504",N/A,N/A,N/A,N/A,N/A
482,KODEX 미국AI테크TOP10타겟커버드콜,"10,290",상승,95,+0.93%,0,"191,873","1,974","10,285","3,962",N/A,N/A,"372,802","10,255","10,290",N/A,N/A,N/A,"10,340","313,571",N/A,N/A,0.02,N/A,"10,255","155,270","38,500",N/A,N/A,N/A,N/A,N/A
483,KB스타리츠,"3,905",하락,20,-0.51%,500,"13,554",52,"3,910","3,960",266,20.88,"465,803","3,930","3,920","10,667",-50.14,4.54,"3,930","3,783","6,842",190,0.38,1.81,"3,890","11,619","101,414",382,187,1.04,180,-41.46
484,대한제강,"16,800",하락,250,-1.47%,"1,000","5,279",88,"16,770","3,934",103,10.82,"99,993","17,050","16,790","11,498",-90.62,4.91,"17,050","1,314","2,538",400,4.83,3.53,"16,660",283,"23,414","12,245","1,552",0.36,500,-15.42
485,해성디에스,"23,100",하락,700,-2.94%,"5,000","31,418",725,"23,000","3,927",569,9.87,"348,285","23,400","23,050","7,942",-44.52,10.96,"23,450","4,879","2,379",587,8.60,7.92,"22,850","1,372","17,000","6,030","2,340",0.72,800,-10.30
486,영진약품,"2,145",하락,30,-1.38%,500,"98,654",210,"2,135","3,923",87,-214.50,"382,981","2,165","2,135","2,343",179.79,1.37,"2,175","47,437","1,445",12,3.12,0.54,"2,120","16,722","182,893","2,520",-10,4.32,N/A,7.30
487,대상홀딩스,"10,810",상승,60,+0.56%,"1,000","94,559","1,026","10,800","3,915","1,840",30.97,"326,158","10,900","10,840","44,186",60.56,2.70,"11,040","7,649","27,476",799,7.88,1.86,"10,680","2,681","36,213","53,579",349,0.53,270,1.87
488,HANARO 200,"39,000",상승,85,+0.22%,0,"35,801","1,395","38,955","3,861",N/A,N/A,"51,697","39,040","38,970",N/A,N/A,N/A,"39,230","81,109",N/A,N/A,20.43,N/A,"38,820","56,111","9,900",N/A,N/A,N/A,N/A,N/A
489,사조대림,"41,700",상승,200,+0.48%,"5,000","10,742",443,"40,850","3,822","1,330",5.42,"48,479","40,950","41,200","21,236",3.41,14.27,"42,000","6,095","12,850",958,2.81,5.66,"40,800",583,"9,164","26,430","7,690",0.51,300,28.11
490,PLUS 종합채권(AA-이상)액티브,"115,135",하락,260,-0.23%,0,27,3,"115,185","3,818",N/A,N/A,139,"116,650","115,265",N/A,N/A,N/A,"116,650","8,002",N/A,N/A,0.00,N/A,"115,135","8,000","3,316",N/A,N/A,N/A,N/A,N/A
491,신세계인터내셔날,"10,800",상승,80,+0.75%,"1,000","28,055",301,"10,720","3,817",268,15.70,"346,414","10,690","10,730","13,331",-44.93,3.85,"10,880","8,769","4,866",327,5.36,2.46,"10,630","4,668","35,343","13,086",688,0.45,400,-3.37
492,농심홀딩스,"82,100",하락,100,-0.12%,"5,000","2,936",239,"81,200","3,808",866,5.78,"26,918","82,400","81,300","16,115",15.04,6.39,"82,400","1,237","3,940",749,2.60,4.80,"81,100","1,026","4,638","7,983","14,201",0.31,"2,500",3.74
493,수산인더스트리,"26,550",상승,550,+2.12%,200,"25,534",673,"26,400","3,793",435,9.67,"215,754","26,100","26,550","6,238",-13.40,7.77,"26,650","3,739","1,054",394,2.15,6.41,"25,850","3,123","14,286","3,168","2,745",0.73,800,-2.45
494,HL홀딩스,"40,275",상승,275,+0.69%,"5,000","3,090",123,"40,000","3,787",904,-19.26,"31,700","39,850","40,050","23,708",-1.88,1.91,"40,300","1,168","13,062",198,10.16,0.85,"39,800","1,134","9,404","13,711","-2,091",0.36,"2,000",6.66
495,TIGER 미국나스닥100커버드콜(합성),"9,755",상승,35,+0.36%,0,"37,707",367,"9,750","3,780",N/A,N/A,"173,852","9,720","9,755",N/A,N/A,N/A,"9,780","120,897",N/A,N/A,0.02,N/A,"9,670","9,330","38,750",N/A,N/A,N/A,N/A,N/A
496,KIWOOM 200,"38,825",상승,60,+0.15%,0,"44,091","1,713","38,785","3,766",N/A,N/A,"132,770","38,970","38,800",N/A,N/A,N/A,"39,065","121,155",N/A,N/A,0.00,N/A,"38,665","204,872","9,700",N/A,N/A,N/A,N/A,N/A
497,KISCO홀딩스,"26,550",상승,550,+2.12%,"1,000","11,775",306,"26,050","3,764",-36,21.92,"40,140","25,950","26,100","17,103",-102.43,2.82,"26,550","6,476","1,495",453,7.09,2.58,"25,500",632,"14,176","10,132","1,211",0.29,"1,800",-34.29
498,제주은행,"9,860",상승,40,+0.41%,"5,000","24,186",237,"9,810","3,727",114,35.34,"163,693","9,860","9,820","74,448",335.46,1.85,"9,880","2,414","68,547",104,2.38,0.14,"9,770","3,495","37,799","3,797",279,0.54,100,2.30
499,한섬,"16,590",하락,10,-0.06%,500,"9,157",151,"16,460","3,722",635,9.93,"118,381","16,600","16,470","17,462",-36.83,3.19,"16,710","1,512","3,401",433,22.69,2.50,"16,400",112,"22,438","14,853","1,670",0.25,750,-2.84
500,ACE 미국S&P500채권혼합액티브,"12,520",상승,45,+0.36%,0,"69,395",868,"12,515","3,706",N/A,N/A,"164,725","12,460","12,520",N/A,N/A,N/A,"12,540","45,896",N/A,N/A,0.01,N/A,"12,460","74,876","29,600",N/A,N/A,N/A,N/A,N/A
