N,종목명,현재가,전일비변동,전일비,등락률,액면가,거래량,거래대금,매수호가,시가총액,영업이익,PER,전일거래량,시가,매도호가,자산총계,영업이익증가율,ROE,고가,매수총잔량,부채총계,당기순이익,외국인비율,ROA,저가,매도총잔량,상장주식수,매출액,주당순이익,PBR,보통주배당금,매출액증가율
1,알테오젠,"387,000",하락,"3,000",-0.77%,500,"61,492","23,789","386,500","206,909",254,165.60,"325,047","389,000","387,500","4,090",360.91,29.52,"390,500","12,933","1,349",607,14.62,18.25,"384,000","3,599","53,465","1,029","2,337",56.45,0,6.56
2,에코프로비엠,"106,600",상승,"1,200",+1.14%,500,"183,953","19,523","106,300","104,256",-341,-112.33,"434,792","106,800","106,400","43,237",-121.86,-6.26,"107,600","1,573","23,466",-585,12.11,-1.35,"104,200","4,650","97,801","27,668",-949,6.16,N/A,-59.91
3,에코프로,"47,850",하락,150,-0.31%,100,"365,640","17,631","48,000","64,969","-2,930",-37.04,"970,352","48,900","48,100","81,383",-198.28,-12.57,"49,100","22,719","42,998","-2,954",21.27,-3.76,"47,650","6,344","135,776","31,279","-1,292",4.09,100,-56.92
4,HLB,"48,000",하락,"1,650",-3.32%,500,"395,925","19,093","48,050","63,087","-1,185",-33.40,"589,723","49,250","48,100","8,874",5.21,-16.33,"49,400","22,404","2,353","-1,080",20.21,-13.22,"47,400","6,816","131,430",681,"-1,437",12.25,0,58.80
5,레인보우로보틱스,"287,500",하락,"9,000",-3.04%,500,"71,763","20,967","288,500","55,775",-30,"7,012.20","295,061","300,000","289,000","1,399",93.32,1.62,"300,000","6,803",71,21,6.86,1.57,"287,000","2,688","19,400",193,41,42.26,N/A,26.80
6,파마리서치,"485,500",상승,"5,000",+1.04%,500,"26,534","12,775","479,000","51,024","1,261",48.26,"100,104","476,000","480,000","8,557",36.63,18.93,"491,500","1,063","2,863",889,15.37,12.79,"474,000","1,101","10,510","3,501","10,061",9.95,"1,100",34.14
7,펩트론,"203,000",하락,500,-0.25%,500,"34,334","7,003","205,500","47,294",-165,-205.67,"142,004","204,000","206,000","1,689",-4.05,-23.46,"207,500","3,969",172,-220,6.41,-19.91,"201,500","4,517","23,297",32,-987,31.77,N/A,-5.68
8,휴젤,"376,500",하락,"1,500",-0.40%,500,"8,234","3,063","374,000","46,325","1,662",32.69,"49,092","373,000","375,000","9,394",41.13,17.51,"377,000",712,986,"1,431",55.66,15.32,"369,000",382,"12,304","3,730","11,517",4.81,0,16.69
9,클래시스,"63,500",상승,300,+0.47%,100,"48,664","3,078","63,300","41,596","1,224",40.47,"184,924","63,000","63,400","6,084",36.62,26.54,"64,200","7,424","1,557",975,71.71,19.83,"62,400","4,553","65,506","2,429","1,569",8.88,257,34.87
10,리가켐바이오,"108,400",하락,500,-0.46%,500,"67,624","7,344","108,200","39,686",-209,159.41,"293,656","108,900","108,300","7,384",74.12,2.04,"110,200","4,134","1,224",78,11.15,1.68,"107,600",639,"36,610","1,259",680,6.74,N/A,268.71
11,리노공업,"51,000",하락,900,-1.73%,100,"182,811","9,422","51,300","38,868","1,242",31.86,"387,232","52,600","51,400","6,574",8.59,19.21,"52,600","20,273",348,"1,133",34.50,18.27,"50,600","12,012","76,212","2,782","1,601",6.38,600,8.85
12,삼천당제약,"151,400",하락,"5,100",-3.26%,500,"95,221","14,419","152,100","35,515",26,-306.48,"397,061","157,000","152,300","5,198",-72.36,-4.49,"157,000","1,610","1,704",-51,1.93,-1.10,"148,600",842,"23,457","2,109",-494,13.44,200,9.48
13,실리콘투,"56,100",하락,100,-0.18%,500,"163,763","9,137","55,700","34,317","1,376",25.53,"1,063,961","56,100","55,800","4,578",187.76,60.90,"56,800","22,962","1,962","1,207",7.78,35.88,"54,900","16,183","61,172","6,915","2,197",11.24,N/A,101.69
14,코오롱티슈진,"41,100",하락,"1,550",-3.63%,0,"189,007","7,894","41,800","33,538",-220,-90.53,"349,066","42,950","41,850","2,223",-7.28,-25.91,"43,650","2,855",764,-338,3.73,-18.92,"41,000","2,298","81,601",51,-454,18.20,0,36.90
15,에이비엘바이오,"67,000",상승,700,+1.06%,500,"666,715","44,999","66,600","32,514",-594,-48.87,"506,140","70,600","66,700","2,320","-2,168.82",-46.01,"71,100","12,142",647,-555,15.01,-28.32,"63,600","4,947","48,528",334,"-1,371",25.44,N/A,-49.04
16,에스엠,"133,500",하락,"1,000",-0.74%,500,"30,257","4,043","133,500","30,564",873,12.27,"134,234","134,000","133,600","14,191",-23.06,2.64,"135,600","1,243","5,900",8,26.26,0.06,"132,400",522,"22,895","9,897","10,881",3.37,400,2.98
17,펄어비스,"42,000",하락,500,-1.18%,100,"36,590","1,541","42,000","26,984",-123,56.15,"113,261","42,400","42,100","11,428",24.82,7.88,"42,650","7,467","3,368",603,7.37,5.12,"41,850","11,420","64,248","3,424",748,3.19,N/A,2.67
18,JYP Ent.,"73,600",하락,600,-0.81%,500,"98,462","7,262","73,500","26,152","1,283",19.31,"319,917","74,300","73,600","6,788",-24.30,22.41,"74,500","19,680","1,959",977,22.62,15.63,"73,200","5,370","35,532","6,018","3,811",4.58,534,6.23
19,젬백스,"62,400",하락,500,-0.79%,500,"62,463","3,868","61,900","25,837",-383,-40.55,"338,356","63,800","62,000","1,507",-387.24,-127.30,"63,800","2,209","1,217",-872,6.58,-61.01,"60,500","1,337","41,406",627,"-1,539",61.10,0,-13.18
20,HPSP,"29,900",상승,"1,150",+4.00%,500,"778,998","23,615","29,900","24,966",939,31.02,"1,180,836","30,550","29,950","3,199",-1.32,31.09,"31,000","28,332",420,863,22.18,26.94,"29,650","7,279","83,499","1,814",964,9.77,600,1.29
21,셀트리온제약,"50,200",하락,500,-0.99%,500,"16,462",831,"50,300","21,927",372,80.06,"67,561","51,000","50,400","6,695",3.19,5.68,"51,000","6,192","2,725",220,4.66,3.35,"50,100","7,401","43,679","4,778",627,5.42,24,22.90
22,신성델타테크,"75,800",하락,900,-1.17%,500,"62,913","4,825","76,200","20,833",272,"-1,647.83","157,466","77,700","76,300","7,741",-9.01,-0.48,"77,800","4,363","4,568",74,6.45,1.02,"75,200","1,815","27,484","9,097",-46,9.83,120,9.12
23,이오테크닉스,"169,000",상승,100,+0.06%,500,"82,596","14,215","170,700","20,820",312,44.65,"208,642","175,500","170,800","6,530",0.84,7.43,"175,500","1,388",500,427,20.28,6.75,"168,800",523,"12,320","3,209","3,785",3.38,500,1.46
24,파크시스템스,"282,500",하락,"7,000",-2.42%,500,"7,964","2,275","285,500","19,747",385,35.85,"41,817","287,000","286,000","2,743",39.80,25.83,"291,750",607,864,428,33.28,17.99,"280,000",638,"6,990","1,751","7,881",9.78,500,20.89
25,보로노이,"105,500",하락,"2,500",-2.31%,500,"32,374","3,394","105,600","19,400",-179,-47.69,"78,827","106,500","105,700",640,-65.09,-96.66,"107,300",338,297,-199,4.45,-38.23,"103,600",258,"18,388",98,"-2,212",35.79,0,-33.93
26,네이처셀,"29,250",상승,700,+2.45%,500,"875,727","26,921","29,800","18,847",6,"-9,750.00","369,531","32,600","29,850",720,105.82,1.95,"32,650","10,458",74,12,7.73,1.75,"29,150","11,414","64,435",323,-3,29.64,0,67.09
27,케어젠,"34,350",상승,"1,400",+4.25%,100,"34,078","1,152","33,900","18,451",342,59.12,"52,300","32,950","34,050","2,407",-15.18,14.35,"34,500","4,068",177,323,5.00,13.24,"32,700","3,209","53,715",826,581,7.92,640,4.26
28,씨젠,"34,650",하락,500,-1.42%,500,"129,786","4,524","34,550","18,096",-165,169.85,"853,181","35,000","34,650","12,053",45.17,-2.03,"35,350","8,249","2,238",-203,16.78,-1.65,"34,450","3,514","52,226","4,143",204,1.60,800,12.76
29,와이지엔터테인먼트,"91,500",하락,200,-0.22%,500,"36,780","3,370","90,700","17,102",-206,73.26,"160,723","92,200","90,900","7,343",-123.65,3.90,"93,000","1,937","1,311",200,15.43,2.71,"90,500",250,"18,691","3,649","1,249",3.49,250,-35.88
30,동진쎄미켐,"33,200",하락,550,-1.63%,500,"396,062","13,355","33,300","17,070","2,082",11.12,"1,098,152","34,550","33,350","20,170",18.19,17.17,"34,550","11,306","9,966","1,435",10.44,7.92,"33,100","6,558","51,414","14,081","2,986",1.67,200,7.50
31,CJ ENM,"76,700",하락,"4,200",-5.19%,"5,000","26,899","2,098","77,800","16,820","1,045",-3.06,"45,515","80,200","77,900","93,166",815.59,-16.69,"80,800","1,488","56,386","-5,808",16.85,-6.03,"75,500",856,"21,929","52,314","-25,100",0.58,N/A,19.76
32,카카오게임즈,"20,100",하락,"1,800",-8.22%,100,"662,316","13,700","20,350","16,656",191,-12.52,"3,875,267","21,350","20,450","31,732",-74.60,-7.96,"21,550","60,820","16,949","-1,281",10.26,-3.86,"20,000","10,068","82,866","6,272","-1,606",1.25,N/A,-13.58
33,에스티팜,"78,400",하락,800,-1.01%,500,"16,636","1,308","78,600","15,800",277,52.65,"57,218","80,000","78,700","7,219",-17.36,7.82,"80,000","3,569","2,189",325,6.01,4.65,"78,000",347,"20,153","2,738","1,489",3.19,500,-3.94
34,스튜디오드래곤,"51,900",하락,"1,800",-3.35%,500,"51,554","2,690","51,800","15,600",364,99.62,"85,357","53,200","51,900","9,255",-34.86,4.63,"53,200","4,418","1,859",335,12.69,3.32,"51,600","1,099","30,058","5,501",521,2.11,N/A,-26.96
35,주성엔지니어링,"32,850",상승,750,+2.34%,500,"473,663","15,635","33,000","15,528",972,13.19,"416,747","32,700","33,050","9,868",235.88,19.76,"33,450","26,008","4,202","1,068",17.42,11.92,"32,400","58,522","47,268","4,094","2,491",2.58,287,43.78
36,루닛,"51,800",하락,900,-1.71%,500,"99,074","5,194","52,200","15,100",-677,-21.67,"317,833","53,100","52,400","4,350",-60.30,-41.21,"53,100","12,434","2,702",-824,9.33,-23.45,"51,800","6,722","29,150",542,"-2,390",8.76,0,116.03
37,솔브레인,"181,200",하락,800,-0.44%,500,"6,318","1,153","181,700","14,095","1,679",13.61,"26,961","184,100","181,900","11,682",25.82,12.47,"184,400",382,"1,309","1,196",31.71,11.06,"181,000",295,"7,779","8,634","13,317",1.34,"2,300",2.29
38,디앤디파마텍,"125,700",하락,"1,300",-1.02%,500,"99,236","12,370","126,400","13,602",-250,-39.84,"199,872","124,100","126,500",975,-85.50,-49.03,"128,200","1,991",279,-295,6.29,-33.37,"121,800",459,"10,821",114,"-3,155",21.05,0,-38.77
39,지아이이노베이션,"21,950",상승,100,+0.46%,500,"113,556","2,478","22,000","13,566",-483,-20.34,"729,738","21,900","22,100",458,9.46,-116.69,"22,200","10,983",167,-588,5.40,-92.49,"21,400","10,442","61,803",0,"-1,079",10.74,0,-99.54
40,원익IPS,"27,200",하락,100,-0.37%,500,"96,550","2,656","27,450","13,351",106,34.69,"257,871","27,600","27,500","11,241",158.88,2.37,"27,800","8,698","2,367",207,25.20,1.88,"27,150","10,775","49,084","7,482",784,1.51,50,8.38
41,ISC,"61,300",하락,700,-1.13%,500,"154,458","9,540","61,800","12,994",448,28.43,"808,376","63,000","61,900","5,829",317.11,10.98,"63,200","6,346",597,549,18.48,9.76,"60,700","2,472","21,197","1,745","2,156",2.45,810,24.43
42,엔켐,"60,700",하락,700,-1.14%,500,"54,305","3,326","60,900","12,865",-653,-5.91,"176,350","61,800","61,200","11,269","-2,244.05",-156.31,"62,600","7,792","6,601","-5,712",7.12,-57.41,"60,500","2,351","21,194","3,657","-10,265",2.46,N/A,-13.89
43,비에이치아이,"41,450",하락,"1,350",-3.15%,500,"180,922","7,520","41,300","12,826",219,57.57,"775,711","41,700","41,400","5,248",45.34,20.64,"42,400","15,376","4,083",196,17.40,4.12,"41,000","1,390","30,944","4,047",720,10.34,N/A,10.16
44,테크윙,"33,800",상승,400,+1.20%,500,"593,296","20,504","34,450","12,626",234,-90.37,"492,623","34,400","34,550","5,062",640.74,-10.25,"35,150","16,988","3,179",-220,10.79,-4.43,"33,700","34,126","37,354","1,855",-374,6.59,130,38.85
45,디어유,"52,600",상승,800,+1.54%,500,"103,335","5,458","52,300","12,486",254,60.46,"506,573","52,600","52,400","2,203",N/A,N/A,"53,500","2,808",243,244,5.84,N/A,"52,100","3,899","23,738",749,870,6.34,215,N/A
46,브이티,"34,700",상승,100,+0.29%,500,"150,142","5,205","34,600","12,422","1,109",11.91,"973,628","35,100","34,650","3,596",143.48,56.07,"35,150","12,182","1,189","1,040",10.43,33.75,"34,100","7,539","35,798","4,317","2,914",5.00,N/A,46.09
47,서진시스템,"22,050",상승,400,+1.85%,500,"90,516","2,001","22,100","12,403","1,087",25.06,"232,515","22,000","22,150","21,032",121.85,12.32,"22,400","15,273","12,276",839,7.58,4.63,"21,850","29,858","56,248","12,138",880,1.43,N/A,55.87
48,티씨케이,"105,900",하락,900,-0.84%,500,"8,005",852,"106,100","12,364",807,16.28,"67,028","107,000","106,300","5,635",21.06,14.78,"107,800",416,473,720,64.41,13.60,"105,400",346,"11,675","2,757","6,503",2.41,"1,410",21.65
49,위메이드,"36,050",하락,"1,600",-4.25%,500,"97,051","3,528","36,250","12,238",71,5.52,"413,154","36,850","36,300","18,757",106.40,55.57,"37,000","13,943","10,438","1,816",7.76,11.03,"36,000","2,385","33,948","7,119","6,530",2.92,N/A,17.62
50,메디톡스,"167,000",하락,900,-0.54%,500,"5,979",996,"166,700","12,188",203,58.15,"26,821","167,700","166,900","6,152",17.47,3.62,"169,000",479,"1,444",161,12.50,2.62,"165,800",157,"7,298","2,286","2,872",2.54,"1,100",3.39
51,HK이노엔,"42,700",하락,550,-1.27%,500,"61,435","2,650","42,850","12,097",882,17.65,"194,986","43,850","42,900","18,896",33.82,5.02,"43,850","5,324","6,382",616,9.84,3.30,"42,650",902,"28,330","8,971","2,419",0.96,350,8.23
52,카페24,"49,200",상승,200,+0.41%,500,"121,126","5,959","49,650","11,932",319,40.20,"621,614","49,250","49,700","3,423","1,978.14",13.40,"49,750","2,360","1,267",235,21.95,7.08,"48,400","13,924","24,253","3,025","1,224",5.43,N/A,11.58
53,메지온,"38,600",하락,"1,250",-3.14%,500,"41,676","1,625","38,750","11,583",-143,-50.52,"95,480","39,750","38,900",740,1.31,-36.23,"39,800","5,155",279,-195,22.17,-23.45,"38,550","1,432","30,007",86,-764,26.78,0,-72.85
54,하이젠알앤엠,"37,350",하락,"1,600",-4.11%,500,"191,390","7,408","37,800","11,537",-4,-294.09,"1,346,904","39,750","37,850","1,202",-108.52,-1.92,"40,250","5,347",518,-11,1.70,-0.96,"37,250","2,196","30,888",759,-127,15.98,N/A,-1.76
55,고영,"16,490",하락,60,-0.36%,100,"469,116","7,816","16,540","11,321",33,66.76,"1,928,028","16,810","16,560","3,779",-83.69,6.68,"17,040","6,064",548,210,15.14,5.64,"16,430","3,286","68,655","2,025",247,3.46,140,-10.24
56,오스코텍,"28,800",상승,200,+0.70%,500,"29,866",858,"28,800","11,015",-27,"2,880.00","199,089","28,400","28,850","1,708",91.63,0.77,"28,950","4,612",384,-16,10.08,-1.05,"28,350","5,850","38,248",340,10,9.05,N/A,586.89
57,제이앤티씨,"19,040",하락,80,-0.42%,500,"81,831","1,569","19,180","11,014",-461,-13.15,"186,365","19,200","19,240","6,397",-261.51,-9.65,"19,410","2,156","3,026",-334,2.22,-5.16,"18,840","1,157","57,848","2,732","-1,448",3.41,N/A,-15.52
58,대주전자재료,"70,600",상승,900,+1.29%,500,"54,822","3,854","70,000","10,929",294,28.79,"104,711","70,400","70,100","6,230",372.76,19.30,"71,100","5,937","3,927",364,18.40,7.02,"69,500","5,549","15,481","2,193","2,452",4.56,100,18.56
59,LS마린솔루션,"32,450",상승,250,+0.78%,"1,000","90,398","2,864","31,450","10,601",124,64.51,"1,024,118","32,350","31,500","2,543",N/A,N/A,"32,450","11,689",461,132,2.21,N/A,"31,050","4,577","32,669","1,303",503,4.94,160,N/A
60,SOOP,"90,300",하락,"1,600",-1.74%,500,"25,762","2,339","91,000","10,380","1,135",10.04,"71,503","91,900","91,100","7,157",25.69,30.21,"92,000","1,841","3,333","1,024",35.81,15.83,"90,000","1,106","11,495","4,132","8,990",2.47,"1,500",20.10
61,하림지주,"9,160",하락,160,-1.72%,100,"105,972",969,"9,190","10,260","7,655",10.71,"465,112","9,290","9,200","160,790",34.88,0.90,"9,290","4,857","101,370","1,748",9.66,1.19,"9,090","2,596","112,006","122,730",855,0.29,120,1.75
62,코나아이,"68,000",상승,"1,400",+2.10%,500,"185,156","12,423","66,900","9,903",334,29.71,"440,257","64,800","67,000","4,131",-0.80,16.19,"69,300","2,597","2,153",302,1.49,6.90,"63,800","5,227","14,563","2,363","2,289",5.01,680,-15.67
63,원텍,"10,990",상승,340,+3.19%,100,"527,342","5,792","11,140","9,888",348,27.96,"371,896","10,830","11,150","1,779",-24.43,25.76,"11,220","3,970",511,291,8.32,17.58,"10,650","5,145","89,969","1,153",393,7.31,50,-0.32
64,넥슨게임즈,"14,300",하락,150,-1.04%,500,"79,244","1,138","14,350","9,418",387,30.04,"322,710","14,480","14,360","4,872",222.40,10.93,"14,480","11,172","1,745",314,4.48,7.36,"14,300","4,164","65,860","2,561",476,2.88,N/A,32.49
65,아난티,"10,530",하락,800,-7.06%,100,"1,142,235","12,261","10,580","9,333",8,-56.31,"4,732,938","11,050","10,590","16,224",-99.70,-4.56,"11,140","51,884","9,110",-324,6.23,-2.04,"10,450","4,469","88,629","2,852",-187,1.32,N/A,-68.22
66,유진테크,"40,100",상승,400,+1.01%,500,"42,097","1,701","40,150","9,189",612,14.16,"187,883","40,500","40,300","5,395",151.49,16.85,"40,900","1,852","1,038",654,31.45,13.40,"39,750","1,215","22,916","3,381","2,831",2.18,230,22.25
67,필옵틱스,"39,800",상승,250,+0.63%,500,"146,198","5,775","39,700","9,109",138,180.09,"436,344","40,000","39,750","3,827",34.40,3.51,"40,350","3,504","1,441",129,0.02,3.11,"38,650","7,844","22,886","4,109",221,5.93,0,36.96
68,로보티즈,"68,600",하락,"3,100",-4.32%,500,"630,221","45,175","68,700","9,065",-30,"1,345.10","1,386,509","72,900","68,900","1,002",43.88,-3.31,"75,200","19,385",42,-30,6.81,-2.82,"68,200","2,569","13,214",300,51,8.93,0,3.13
69,국일제지,800,보합,0,0.00%,100,0,0,0,"9,019",-13,-88.89,0,0,0,"1,424",19.80,-9.98,0,0,194,-130,0.84,-7.09,0,0,"1,127,406",564,-9,7.32,N/A,6.08
70,유일로보틱스,"77,600",하락,"2,100",-2.63%,500,"54,088","4,316","78,500","8,911",4,169.06,"122,277","81,500","78,600","1,174",106.14,-13.94,"82,100","1,417",224,-91,15.80,-8.91,"77,000","1,572","11,483",352,459,9.23,N/A,19.40
71,덕산네오룩스,"35,600",하락,700,-1.93%,200,"26,688",965,"36,200","8,840",525,19.50,"105,178","36,150","36,250","4,523",59.39,12.17,"36,550","4,742",533,458,8.37,10.68,"35,500","3,890","24,831","2,123","1,826",2.15,N/A,29.66
72,차바이오텍,"11,270",하락,720,-6.01%,500,"318,063","3,671","11,240","8,613",-597,-50.31,"1,775,034","11,890","11,260","21,944",-523.82,-2.85,"11,970","11,929","14,755",-146,9.49,-0.74,"11,250","4,011","76,426","10,450",-224,2.48,0,9.55
73,에스앤에스텍,"40,100",상승,350,+0.88%,500,"71,775","2,900","40,400","8,602",295,24.77,"80,212","39,800","40,600","2,970",17.73,13.07,"40,950",771,502,303,10.02,10.95,"39,400","11,232","21,451","1,760","1,619",3.28,150,17.09
74,레이크머티리얼즈,"13,050",상승,970,+8.03%,100,"903,117","11,688","12,880","8,578",222,46.44,"171,866","12,500","12,890","3,513",-24.93,17.38,"13,280","3,307","2,200",210,6.98,6.46,"12,410","2,214","65,731","1,387",281,6.66,50,17.77
75,와이씨,"10,290",하락,40,-0.39%,100,"224,191","2,329","10,310","8,442",106,98.94,"474,791","10,550","10,320","5,769",23.66,3.48,"10,550","8,152","1,586",129,1.04,2.45,"10,200","9,260","82,045","2,112",104,2.55,N/A,-17.22
76,에스에프에이,"23,350",하락,400,-1.68%,500,"27,253",640,"23,400","8,385",-484,-10.17,"65,029","23,750","23,450","24,796",-154.44,-7.49,"23,750","6,244","9,572",-321,9.24,-1.21,"23,350","2,078","35,909","20,454","-2,296",0.75,270,9.95
77,솔브레인홀딩스,"39,900",하락,700,-1.72%,500,"19,438",782,"39,900","8,365",853,17.68,"63,655","41,000","40,050","19,966",-29.47,4.62,"41,050","1,270","5,055",557,4.71,2.95,"39,650",496,"20,964","5,154","2,257",0.62,220,-22.10
78,하나마이크론,"12,570",하락,100,-0.79%,500,"491,493","6,277","12,600","8,330","1,068",-88.52,"1,228,888","12,930","12,630","19,446",84.43,-6.99,"13,030","4,826","13,388",-112,11.32,-0.61,"12,480","1,464","66,272","12,507",-142,2.28,70,29.21
79,코미코,"77,700",상승,"5,300",+7.32%,500,"173,248","13,518","78,100","8,128","1,125",14.17,"120,962","74,500","78,300","8,003",240.50,23.36,"80,000",689,"4,246",878,19.28,12.60,"73,600","1,611","10,461","5,071","5,483",2.95,"1,000",65.05
80,SAMG엔터,"92,400",하락,"2,400",-2.53%,500,"33,050","3,057","93,000","8,104",-61,-109.74,"589,314","93,900","93,200",974,35.14,-52.24,"94,000","2,419",666,-194,20.88,-19.62,"91,700",981,"8,771","1,164",-842,21.05,0,22.41
81,성광벤드,"29,900",하락,300,-0.99%,500,"72,940","2,189","29,900","7,941",420,21.81,"493,499","30,500","29,950","5,631",-6.35,8.01,"30,500","8,720",443,410,23.93,7.36,"29,700","12,091","26,557","2,277","1,371",1.52,200,-10.61
82,안랩,"69,800",하락,900,-1.27%,500,"18,419","1,296","70,300","7,766",277,20.86,"70,643","70,800","70,400","4,647",4.77,10.40,"71,100","2,094",959,324,32.21,7.71,"69,100","4,077","11,127","2,606","3,346",1.87,"1,300",8.93
83,LS머트리얼즈,"11,470",하락,200,-1.71%,500,"92,856","1,074","11,520","7,760",62,249.35,"352,810","11,780","11,530","2,531",-54.33,3.11,"11,780","13,366",460,57,4.15,2.19,"11,470","6,328","67,653","1,421",46,4.22,N/A,3.79
84,피에스케이홀딩스,"35,850",상승,600,+1.70%,500,"182,643","6,669","36,200","7,730",885,8.36,"168,319","36,650","36,250","5,136",228.07,24.80,"37,300","6,157",821,958,4.26,20.94,"35,600","4,883","21,562","2,155","4,289",1.79,700,127.53
85,동국제약,"17,150",하락,300,-1.72%,500,"28,758",496,"17,180","7,698",804,13.38,"145,784","17,360","17,190","9,532",20.26,10.66,"17,460","2,800","2,742",623,14.14,6.95,"17,150","2,074","44,884","8,122","1,282",1.26,200,11.10
86,태성,"25,200",하락,"1,000",-3.82%,100,"107,367","2,737","25,350","7,686",60,293.02,"138,483","32,800","32,600","16,203",112.19,26.52,"32,900","9,011","9,957","1,422",4.34,8.83,"32,250","7,826","23,743","10,351","4,605",1.31,100,89.78
87,피엔티,"32,300",하락,50,-0.15%,500,"68,254","2,219","32,450","7,669","1,632",7.01,"453,164","25,850","25,500",796,980.50,16.61,"25,950","22,850",386,60,2.28,8.74,"25,150","4,283","30,501",592,86,5.94,0,77.61
88,동성화인텍,"25,475",하락,25,-0.10%,500,"131,743","3,355","25,550","7,640",540,19.26,"575,250","25,650","25,600","4,555",35.13,21.07,"25,850","3,598","2,530",393,18.33,9.60,"25,000","6,132","29,989","5,974","1,323",3.57,350,11.92
89,심텍,"23,700",하락,400,-1.66%,500,"223,657","5,461","24,100","7,549",-470,-14.89,"435,283","24,850","24,150","14,433",46.70,-6.63,"25,200","11,893","9,948",-310,5.65,-2.37,"23,650","11,442","31,854","12,314","-1,592",1.85,100,18.19
90,한글과컴퓨터,"31,150",하락,"1,200",-3.71%,500,"179,233","5,640","31,300","7,532",404,48.44,"643,056","31,800","31,350","6,819",18.37,4.06,"31,900","17,991","1,963",140,6.09,2.13,"31,050","3,486","24,180","3,048",643,2.15,410,12.42
91,올릭스,"37,900",하락,"1,400",-3.56%,500,"64,460","2,467","38,250","7,504",-309,-14.64,"281,573","39,050","38,300",712,-70.02,-120.11,"39,050","5,958",528,-407,3.63,-46.71,"37,850","1,818","19,799",57,"-2,589",29.59,0,-66.73
92,인카금융서비스,"14,290",상승,30,+0.21%,100,"364,654","5,338","14,120","7,342",863,11.28,"824,567","14,360","14,130","7,074",85.22,50.62,"15,320","1,108","5,602",620,5.35,10.30,"14,060","3,550","51,380","8,323","1,267",4.37,100,49.47
93,펌텍코리아,"58,700",하락,200,-0.34%,500,"4,269",251,"58,600","7,279",484,20.43,"54,894","59,500","58,800","4,076",37.15,12.99,"59,500","2,683",869,383,15.68,10.04,"58,200",768,"12,400","3,375","2,873",2.69,420,18.63
94,비올,"12,390",상승,20,+0.16%,100,"209,258","2,593","12,380","7,238",361,20.58,"1,091,948","12,380","12,390",981,61.62,44.73,"12,400","1,765,625",92,326,1.19,40.31,"12,380","186,132","58,419",582,602,7.40,20,36.86
95,우리기술투자,"8,440",하락,560,-6.22%,500,"972,446","8,398","8,610","7,090","1,757",4.61,"3,284,894","8,980","8,630","8,038",14.13,24.89,"8,990","40,867","1,376","1,477",2.52,20.59,"8,400","7,370","84,000","1,923","1,830",0.97,N/A,12.60
96,태웅,"35,100",하락,"1,750",-4.75%,500,"228,096","8,091","35,150","7,023",228,36.00,"970,596","35,850","35,200","8,126",-42.28,4.42,"36,500","9,873","2,081",247,8.48,3.17,"34,500","1,752","20,007","3,863",975,1.16,N/A,-12.94
97,위메이드맥스,"8,290",하락,370,-4.27%,500,"91,731",770,"8,360","6,947",-81,-33.03,"782,989","8,580","8,390","5,976",-315.03,-3.29,"8,580","7,362",962,-157,10.98,-4.31,"8,250","2,813","83,803",750,-251,1.39,0,7.49
98,우리기술,"4,190",하락,95,-2.22%,500,"4,700,990","19,882","4,160","6,936",6,-91.09,"10,885,332","4,280","4,165","2,655",-91.71,-3.33,"4,360","287,228","1,534",-44,4.62,-1.93,"4,150","84,071","165,531",713,-46,6.15,0,12.80
99,RFHIC,"25,850",상승,"1,700",+7.04%,500,"260,049","6,541","25,050","6,846",15,90.70,"541,502","24,900","25,100","4,829",404.84,8.60,"25,950","6,662","1,250",197,11.92,3.97,"24,300","16,251","26,484","1,149",285,2.13,100,3.09
100,엠로,"54,600",보합,0,0.00%,500,"36,788","2,001","54,700","6,735",86,33.77,"194,245","55,100","54,800","1,024",84.58,31.88,"55,200","2,606",134,186,2.49,19.17,"53,500","4,029","12,335",795,"1,617",7.43,0,25.77
101,아이쓰리시스템,"94,650",하락,"1,450",-1.51%,500,"10,569","1,003","94,400","6,727",148,42.12,"226,709","94,300","94,600","1,468",20.94,15.31,"96,100","1,217",411,150,5.47,10.77,"94,100",242,"7,107","1,207","2,247",5.90,400,-0.69
102,엘앤씨바이오,"27,150",하락,550,-1.99%,500,"72,238","1,964","27,300","6,684",25,4.43,"276,887","27,450","27,400","4,756",-68.73,65.41,"27,650","8,339","1,809","1,410",9.96,38.21,"26,850","9,509","24,619",721,"6,131",2.17,50,9.35
103,현대힘스,"18,670",하락,560,-2.91%,500,"109,760","2,075","18,680","6,614",215,37.04,"358,270","19,500","18,690","3,265",48.99,8.07,"19,500","5,402",930,166,0.53,5.74,"18,580","1,511","35,425","2,232",504,2.81,100,17.96
104,다우데이타,"17,210",하락,510,-2.88%,500,"67,967","1,179","17,280","6,591","12,059",4.55,"259,065","17,670","17,350","577,571",80.54,12.96,"17,680","6,003","512,862","8,659",11.55,1.55,"17,200","1,318","38,300","121,361","3,783",0.48,450,17.44
105,제룡전기,"40,500",하락,"1,500",-3.57%,500,"138,446","5,715","40,500","6,505",978,8.92,"260,553","42,100","40,550","2,418",39.48,49.72,"42,500","4,004",451,799,8.77,39.92,"40,300","2,745","16,062","2,627","4,539",3.33,"1,000",42.84
106,비츠로셀,"27,900",하락,350,-1.24%,500,"29,507",823,"27,950","6,381",519,12.17,"134,065","28,300","28,000","3,179",37.73,19.92,"28,400","4,514",348,513,29.73,17.86,"27,700",658,"22,872","2,108","2,292",2.19,460,19.61
107,코스메카코리아,"59,700",하락,"1,200",-1.97%,500,"23,583","1,410","59,700","6,376",604,15.32,"87,021","61,100","59,800","5,179",22.80,22.07,"61,100","2,618","2,103",537,11.65,11.30,"59,100",338,"10,680","5,243","3,897",2.95,100,11.39
108,시노펙스,"7,230",하락,40,-0.55%,500,"177,076","1,281","7,240","6,342",212,24.51,"984,669","7,250","7,260","2,354",-12.19,18.58,"7,300","37,746",678,280,1.22,12.82,"7,170","27,530","87,720","2,383",295,3.66,0,-9.09
109,나노신소재,"51,200",하락,500,-0.97%,500,"15,448",798,"51,700","6,245",30,-279.78,"36,583","52,100","51,900","4,422",-74.88,-0.77,"52,400","1,304","1,980",-19,8.93,-0.43,"51,100","1,504","12,198",878,-183,2.50,250,5.53
110,휴메딕스,"54,700",하락,"1,300",-2.32%,500,"32,479","1,785","55,100","6,143",431,14.14,"96,547","55,800","55,200","2,498",15.63,18.41,"56,400","2,149",212,393,9.30,16.72,"54,400","1,890","11,230","1,619","3,868",2.36,630,6.30
111,파두,"12,420",상승,420,+3.50%,100,"224,193","2,793","12,530","6,139",-950,-7.01,"200,796","12,950","12,550","1,344",-62.28,-64.47,"12,960","2,843",365,-915,6.43,-48.41,"12,090","1,527","49,428",435,"-1,772",7.22,0,93.60
112,HLB생명과학,"4,965",하락,115,-2.26%,500,"324,442","1,612","4,945","6,053",-248,-3.00,"771,044","5,020","4,950","5,390",-1.17,1.95,"5,070","28,428","1,402",62,9.60,1.29,"4,905","10,321","121,917","1,022","-1,657",1.78,0,4.34
113,에스피지,"27,250",하락,700,-2.50%,500,"81,141","2,237","27,400","6,043",123,44.31,"332,770","28,250","27,450","3,975",-22.76,5.54,"28,300","10,501","1,434",131,3.67,3.52,"27,050","3,507","22,177","3,885",615,2.38,150,-1.35
114,큐리옥스바이오시스템즈,"36,900",상승,600,+1.65%,500,"65,858","2,460","36,950","5,964",-134,-65.66,"149,091","38,150","37,000",706,-26.72,-15.94,"38,850","3,014",219,-81,15.33,-12.60,"36,650",478,"16,163",46,-562,13.07,0,-32.42
115,서부T&D,"9,020",하락,50,-0.55%,500,"168,556","1,519","9,040","5,947",480,17.65,"379,293","9,000","9,070","28,945",28.91,3.70,"9,120","5,182","16,536",647,11.83,2.47,"8,955","2,471","65,927","1,875",511,0.58,100,10.83
116,인투셀,"39,850",하락,750,-1.85%,500,"147,668","5,900","40,600","5,917",-98,-58.69,"452,964","40,000","40,650",237,43.70,-95.55,"40,850","2,320",162,-99,1.41,-39.93,"39,250","6,166","14,848",29,-679,135.34,0,79.72
117,제주반도체,"17,170",하락,800,-4.45%,500,"2,730,133","48,355","17,380","5,914",96,35.77,"17,392,579","18,220","17,390","2,254",-46.29,11.44,"18,390","4,038",412,194,0.00,9.15,"17,000","2,824","34,443","1,623",480,3.03,N/A,11.28
118,솔트룩스,"48,600",하락,"5,100",-9.50%,500,"310,456","15,319","48,800","5,895",-66,-112.50,"614,509","52,000","48,900",932,28.63,-6.63,"52,000","13,324",206,-59,4.11,-6.10,"48,450","2,298","12,131",459,-432,8.93,N/A,49.03
119,현대무벡스,"5,000",하락,260,-4.94%,100,"442,196","2,224","4,960","5,892",246,26.60,"1,386,835","5,180","4,965","2,989",493.03,16.17,"5,210","22,471","1,267",269,3.53,9.83,"4,955","7,237","117,846","3,414",188,3.68,50,27.46
120,휴온스글로벌,"45,150",하락,250,-0.55%,500,"12,047",544,"45,050","5,706",970,21.90,"35,118","45,650","45,150","14,059",-14.88,5.05,"45,750","3,592","4,418",671,7.77,4.93,"44,900",356,"12,637","8,135","2,062",1.04,525,7.26
121,피에스케이,"19,590",하락,40,-0.20%,500,"123,320","2,448","19,720","5,675",839,7.23,"277,814","19,860","19,730","5,694",55.08,18.31,"20,150","4,361",976,791,26.61,14.88,"19,570",810,"28,967","3,981","2,708",1.18,400,13.13
122,씨아이에스,"7,210",상승,40,+0.56%,100,"195,910","1,427","7,240","5,578",593,9.20,"244,001","7,270","7,260","7,338",52.39,15.16,"7,380","20,091","2,551",562,8.61,8.44,"7,190","8,786","77,372","5,085",784,1.13,N/A,63.96
123,감성코퍼레이션,"6,070",상승,20,+0.33%,500,"258,161","1,564","6,060","5,554",361,18.62,"1,486,083","6,060","6,080","1,543",11.82,30.74,"6,150","25,154",419,293,13.39,21.77,"5,990","8,956","91,500","2,204",326,4.76,0,23.85
124,두산테스나,"28,550",하락,800,-2.73%,500,"69,489","2,024","28,800","5,518",379,40.79,"213,324","29,950","28,900","7,877",N/A,N/A,"29,950","3,168","3,500",368,4.14,N/A,"28,550","4,336","19,327","3,731",700,1.31,160,N/A
125,HLB제약,"16,760",하락,500,-2.90%,500,"68,355","1,151","16,830","5,496",15,102.82,"150,575","17,210","16,860","1,579",107.54,1.98,"17,250","2,766",415,20,0.49,1.35,"16,680","3,803","32,791","1,371",163,4.89,0,0.83
126,가온칩스,"47,350",상승,350,+0.74%,500,"63,981","3,076","47,750","5,491",35,236.75,"128,068","49,000","47,950","1,127",-19.00,11.46,"49,000","2,868",434,75,0.94,7.27,"47,250",925,"11,597",965,200,8.60,N/A,51.72
127,케이엠더블유,"13,730",상승,360,+2.69%,500,"109,570","1,500","13,800","5,467",-455,-16.08,"212,007","13,600","13,840","2,690",27.65,-24.24,"13,900","1,201","1,254",-386,6.53,-14.17,"13,410","7,106","39,821",874,-854,3.96,N/A,-12.70
128,에코프로에이치엔,"26,050",하락,150,-0.57%,500,"19,770",517,"26,050","5,464",242,25.59,"66,172","26,450","26,200","4,667",-42.02,10.59,"26,500","4,374","1,704",215,9.14,6.22,"25,850","2,103","20,975","2,345","1,018",1.86,300,2.43
129,SFA반도체,"3,320",하락,65,-1.92%,500,"284,822",957,"3,340","5,460",0,-221.33,"1,567,799","3,440","3,355","6,235",99.77,4.51,"3,440","21,403","1,256",205,4.38,3.32,"3,295","11,663","164,460","4,005",-15,1.11,N/A,-3.90
130,아이티센글로벌,"23,500",하락,"5,250",-18.26%,500,"1,440,199","35,668","23,900","5,453",586,46.44,"68,630","52,300","51,000","4,407",-281.28,-1.12,"52,400","3,049","1,761",-30,12.35,-0.67,"50,800",338,"10,733","2,578","-1,143",2.11,100,-15.50
131,인텔리안테크,"50,800",하락,"1,800",-3.42%,500,"24,748","1,272","50,900","5,453",-194,-44.44,"1,446,264","26,950","23,950","9,454",91.90,5.79,"27,350","9,201","6,229",361,2.95,4.19,"23,100","5,182","23,205","49,618",506,6.70,N/A,76.26
132,메가스터디교육,"50,100",하락,800,-1.57%,100,"3,681",185,"50,100","5,396","1,236",11.48,"23,810","50,400","50,300","8,783",-2.99,9.97,"50,500","1,524","4,116",502,29.61,5.47,"49,900","1,305","10,771","9,422","4,363",1.19,"1,500",0.75
133,컴투스,"42,350",하락,"1,350",-3.09%,500,"24,510","1,052","42,650","5,394",61,-4.83,"42,541","43,500","42,700","16,460",118.47,-10.37,"43,650","2,720","5,961","-1,520",14.68,-9.04,"42,350",562,"12,738","6,939","-8,768",0.50,"1,300",-6.18
134,이엔에프테크놀로지,"37,700",상승,"1,500",+4.14%,500,"78,628","2,927","37,150","5,387",593,13.42,"84,246","52,200","51,600","1,898",29.89,27.00,"53,000","6,046",322,384,12.49,23.10,"51,300","1,846","10,477","1,137","2,555",3.38,500,29.33
135,넥스틴,"51,300",하락,500,-0.97%,500,"19,897","1,037","51,500","5,375",470,20.08,"159,537","36,200","37,200","7,236",148.52,8.21,"37,850","1,012","3,222",297,7.51,4.30,"36,100","6,198","14,288","5,824","2,810",1.31,150,9.67
136,네오위즈,"24,550",하락,900,-3.54%,500,"43,652","1,087","24,750","5,366",329,-65.82,"98,240","25,200","24,800","6,200",4.20,0.49,"25,500","5,263","1,011",-70,15.01,-1.08,"24,500","8,046","21,857","3,668",-373,0.99,N/A,0.33
137,태광,"20,050",하락,150,-0.74%,500,"53,976","1,081","19,990","5,313",399,13.65,"375,265","20,250","20,150","6,603",-30.93,8.20,"20,350","1,618",509,461,15.10,7.17,"19,870","7,668","26,500","2,668","1,469",0.91,250,-14.50
138,지엔씨에너지,"32,250",하락,"1,250",-3.73%,500,"119,764","3,885","32,300","5,305",317,11.03,"348,239","33,500","32,400","2,652",187.62,27.54,"33,550","7,985","1,038",389,6.40,17.18,"31,900","1,436","16,449","2,263","2,924",2.87,100,35.99
139,쎄트렉아이,"47,850",하락,"1,050",-2.15%,500,"21,349","1,031","47,800","5,240",-31,42.72,"73,021","48,900","47,950","4,470",29.44,3.49,"49,000","2,169","2,230",62,6.70,1.64,"47,650",614,"10,951","1,713","1,120",2.22,190,36.55
140,하나머티리얼즈,"26,350",보합,0,0.00%,500,"62,820","1,666","26,300","5,211",434,16.07,"135,878","26,750","26,400","5,739",5.16,8.43,"26,900","5,829","2,201",318,20.95,5.10,"26,300","3,485","19,778","2,516","1,640",1.41,250,7.74
141,데브시스터즈,"42,700",하락,650,-1.50%,500,"8,390",358,"42,650","5,211",272,17.95,"60,223","42,800","42,850","2,604",156.64,19.72,"43,150","1,805","1,062",283,12.40,11.31,"42,400",675,"12,203","2,362","2,379",2.88,0,46.57
142,테스,"25,950",하락,200,-0.76%,500,"63,633","1,672","26,200","5,130",385,9.94,"151,224","26,400","26,300","3,812",756.34,13.55,"26,650","3,123",506,427,6.66,12.13,"25,850","9,111","19,768","2,401","2,611",1.35,600,63.39
143,바이넥스,"15,680",하락,370,-2.31%,500,"117,134","1,853","15,770","5,125",-308,-19.97,"487,328","16,030","15,790","2,794","-3,050.79",-19.34,"16,130","17,982",978,-352,5.28,-13.12,"15,670","1,016","32,684","1,301",-785,2.71,N/A,-16.00
144,웹젠,"14,630",하락,510,-3.37%,500,"25,237",374,"14,750","5,062",546,13.58,"51,729","15,000","14,760","7,509",9.32,8.81,"15,040","3,326",783,568,30.10,7.81,"14,630",828,"34,601","2,147","1,077",0.65,300,9.40
145,아이센스,"18,020",상승,"1,180",+7.01%,500,"181,008","3,231","18,010","4,971",27,462.05,"51,852","16,880","18,050","5,909",-75.68,-0.59,"18,390","1,025","2,479",-20,26.10,-0.36,"16,870",831,"27,587","2,911",39,1.54,100,9.81
146,클로봇,"20,100",하락,250,-1.23%,500,"1,945,716","41,390","20,550","4,955",-75,-64.22,"1,553,679","21,750","20,600",695,-29.94,-15.71,"22,450","62,269",95,-67,2.96,-12.93,"20,050","39,707","24,651",334,-313,8.63,N/A,37.97
147,코난테크놀로지,"42,750",하락,"3,750",-8.06%,500,"175,332","7,569","43,500","4,902",-141,-42.45,"390,902","45,150","43,550",444,-28.30,-53.30,"45,150","3,889",248,-136,1.13,-29.42,"41,800","3,281","11,467",263,"-1,007",30.92,N/A,7.74
148,포스코엠텍,"11,770",하락,180,-1.51%,500,"41,256",489,"11,870","4,901",14,-280.24,"135,155","11,970","11,890","1,498",-68.30,0.50,"11,990","4,987",379,6,6.42,0.37,"11,770","2,399","41,643","3,466",-42,4.45,20,1.53
149,갤럭시아머니트리,"12,430",하락,930,-6.96%,500,"516,884","6,502","12,510","4,876",132,230.19,"1,463,238","12,730","12,520","3,646",43.07,0.72,"12,790","10,267","2,525",6,1.69,0.15,"12,430","5,354","39,230","1,288",54,4.31,45,-2.73
150,원익QnC,"18,490",하락,320,-1.70%,500,"75,635","1,420","18,620","4,861",906,9.71,"221,381","19,100","18,630","15,347",9.19,11.67,"19,100","1,827","9,654",615,5.61,4.23,"18,490","1,339","26,288","8,915","1,905",1.01,100,10.62
151,티앤엘,"58,800",하락,400,-0.68%,500,"15,915",936,"58,600","4,779",570,8.66,"71,453","59,400","58,700","1,971",84.69,30.84,"59,500","7,920",256,464,12.31,27.36,"58,400",994,"8,128","1,749","6,787",2.62,750,51.47
152,글로벌텍스프리,"6,780",하락,70,-1.02%,500,"129,933",881,"6,760","4,765",218,40.12,"401,779","6,850","6,770","1,745",121.88,5.60,"6,870","20,806",462,63,17.73,3.66,"6,730","4,372","70,283","1,297",169,4.16,N/A,58.84
153,성우하이텍,"5,950",하락,30,-0.50%,500,"144,417",865,"5,970","4,760","2,059",3.21,"740,403","6,040","5,980","45,631",-19.81,9.86,"6,070","26,515","27,210","1,351",6.61,3.14,"5,930","7,971","80,000","42,451","1,855",0.31,150,-1.78
154,바이오다인,"15,960",하락,330,-2.03%,500,"55,359",889,"16,060","4,750",-17,"-2,280.00","408,258","16,210","16,110",443,15.65,0.03,"14,600","2,636","8,598",765,9.42,6.87,"14,060","1,727","33,417","5,405",869,4.00,N/A,41.62
155,미코,"14,200",하락,60,-0.42%,500,"89,731","1,285","14,300","4,745",946,16.34,"332,638","14,450","14,320","13,927",216.51,20.43,"16,400","1,616",11,0,4.31,0.02,"15,810","1,505","29,764",53,-7,10.99,N/A,28.93
156,이녹스첨단소재,"23,350",하락,350,-1.48%,500,"32,943",777,"23,550","4,723",868,6.21,"118,919","23,850","23,650","8,260",105.88,16.27,"23,900","7,371","3,574",701,15.23,10.02,"23,300","2,805","20,228","4,228","3,759",0.92,350,9.25
157,케이아이엔엑스,"96,600",하락,"1,900",-1.93%,500,"11,195","1,086","97,100","4,714",237,27.47,"59,564","98,500","97,300","3,368",-10.67,10.13,"98,500",769,"1,068",183,29.05,6.20,"96,200",584,"4,880","1,389","3,516",2.47,600,13.22
158,대명에너지,"27,400",보합,0,0.00%,100,"18,231",500,"27,450","4,672",97,39.42,"118,593","27,850","27,500","3,699",-42.03,6.24,"27,850","4,562","2,412",78,0.17,2.18,"27,100","1,647","17,050",678,695,3.40,0,9.93
159,에스티큐브,"6,810",하락,190,-2.71%,500,"54,489",374,"6,840","4,630",-226,-18.81,"167,517","6,940","6,870","1,119",13.15,-33.09,"7,030","14,651",176,-214,3.95,-27.16,"6,780","11,986","67,983",113,-362,5.16,N/A,93.88
160,유바이오로직스,"12,540",하락,70,-0.56%,500,"41,476",522,"12,540","4,593",343,11.92,"238,300","12,720","12,570","2,021",345.78,15.61,"12,720","14,882",701,190,8.40,10.73,"12,500","2,554","36,624",960,"1,052",3.09,0,38.45
161,큐로셀,"31,950",하락,"1,050",-3.18%,500,"29,628",963,"32,300","4,576",-106,-12.72,"118,001","33,000","32,350",515,-138.14,55.22,"33,300","5,155",490,-77,0.84,-22.88,"31,900","1,438","14,324",0,"-2,512",19.93,0,"8,891.25"
162,삼현,"14,260",하락,370,-2.53%,500,"96,980","1,399","14,310","4,521",55,50.57,"962,626","14,640","14,290","1,403",N/A,N/A,"14,720","2,213",251,83,0.73,N/A,"14,210","1,932","31,708","1,004",282,3.89,50,N/A
163,한국기업평가,"99,300",하락,300,-0.30%,"5,000",369,37,"99,100","4,509",327,17.89,"2,159","98,200","99,200","1,753",26.48,21.69,"99,600",539,405,286,80.69,17.31,"98,100",83,"4,541","1,041","5,552",4.20,"3,954",8.85
164,동화기업,"8,890",하락,20,-0.22%,200,"35,731",320,"8,920","4,495",167,-20.30,"117,020","9,020","8,970","23,972",200.80,-1.40,"9,080","4,073","14,194",-162,50.73,-0.69,"8,860","1,446","50,557","9,180",-438,0.48,N/A,-4.70
165,아스테라시스,"12,260",하락,40,-0.33%,100,"73,361",910,"12,320","4,494",67,70.87,"245,067","12,260","12,330",247,328.57,40.61,"12,800","3,061",51,54,4.35,25.90,"12,190","4,210","36,655",288,173,12.49,32,64.78
166,쏠리드,"7,340",하락,10,-0.14%,500,"119,456",876,"7,320","4,484",351,14.59,"40,076","41,000","40,800","5,194","1,776.34",13.36,"41,550","2,513","1,197",450,6.73,9.36,"40,450","1,364","11,061","3,481","4,165",1.29,400,39.70
167,티에스이,"40,500",상승,50,+0.12%,500,"15,050",618,"40,750","4,480",399,9.72,"707,862","7,350","7,340","4,968",-3.11,15.52,"7,390","15,354","1,740",462,9.72,9.69,"7,270","22,216","61,095","3,311",503,1.38,50,3.02
168,NHN KCP,"11,150",하락,"2,030",-15.40%,500,"971,692","11,137","11,250","4,478",438,10.55,"1,276,785","12,330","11,270","5,703",4.35,18.71,"12,370","11,155","3,051",453,10.61,8.29,"11,000","1,489","40,161","11,053","1,057",1.63,100,13.72
169,에코아이,"15,100",상승,180,+1.21%,500,"134,996","2,011","14,850","4,474",2,-686.36,"1,108,622","15,210","14,890","1,498",-98.91,1.74,"15,260","3,163",213,23,2.70,1.50,"14,570","6,563","29,631",258,-22,3.68,167,-60.25
170,네오셈,"9,840",상승,200,+2.07%,100,"451,193","4,458","9,820","4,317",165,24.79,"268,189","9,920","9,840","1,419",103.63,18.96,"10,090","5,388",260,192,0.00,15.47,"9,600","6,298","43,869","1,052",397,3.63,60,4.27
171,스피어,"10,990",상승,510,+4.87%,500,"596,946","6,534","11,000","4,308",-64,-19.80,"434,547","10,390","11,040",446,29.77,-84.53,"11,160","7,375",134,-170,1.26,-53.40,"10,390","33,762","39,204",26,-555,6.98,0,54.88
172,콜마비앤에이치,"14,530",하락,170,-1.16%,500,"30,958",451,"14,520","4,274",246,33.71,"117,787","14,700","14,540","6,909",-18.62,4.54,"7,200","27,774","1,166",175,8.96,8.01,"7,060","49,696","60,500",664,322,2.76,50,2.10
173,바이오플러스,"7,060",하락,110,-1.53%,500,"102,450",728,"7,100","4,271",237,21.93,"265,955","7,200","7,120","2,643",-15.55,10.83,"14,710","7,353","2,956",172,2.43,2.48,"14,500",872,"29,416","6,156",431,1.07,308,6.23
174,현대바이오,"8,840",하락,370,-4.02%,500,"114,452","1,020","8,830","4,245",8,-26.71,"229,096","9,110","8,840",677,108.08,-16.36,"9,150","4,968",283,-69,8.36,-11.50,"8,790","1,167","48,022",151,-331,3.61,N/A,58.73
175,골프존,"67,500",하락,600,-0.88%,500,"2,383",161,"67,600","4,236",958,8.45,"16,137","68,100","67,800","6,655",-16.34,11.63,"68,100","2,648","2,188",420,23.22,6.45,"67,400",179,"6,275","6,200","7,991",0.93,"4,000",-9.51
176,셀바스AI,"15,590",하락,590,-3.65%,500,"198,662","3,136","15,660","4,196",8,-68.08,"419,865","16,110","15,670","3,121",-80.43,-4.61,"16,140","11,594",492,-10,3.75,-0.40,"15,520","3,634","26,915","1,125",-229,3.50,N/A,112.13
177,성일하이텍,"34,400",하락,250,-0.72%,500,"5,656",195,"34,550","4,189",-714,-3.60,"20,069","34,250","34,600","6,795",-756.19,-42.96,"34,750",768,"4,547","-1,125",2.93,-17.93,"34,250",682,"12,176","1,362","-9,553",2.24,0,-44.93
178,서울반도체,"7,170",하락,100,-1.38%,500,"189,469","1,371","7,230","4,180",8,-15.49,"1,062,895","7,350","7,240","12,612",101.61,-0.74,"7,350","6,974","5,602",-19,9.57,-0.16,"7,150","9,253","58,305","10,905",-463,0.61,N/A,5.63
179,한텍,"37,550",보합,0,0.00%,"5,000","90,723","3,420","37,450","4,176",168,12.60,"505,207","37,700","37,500","2,075",10.40,26.22,"38,400","15,956",958,263,0.58,13.00,"37,300","3,876","11,121","1,559","2,981",3.13,450,-12.73
180,신라젠,"3,020",하락,95,-3.05%,500,"168,153",511,"3,030","4,172",-268,-14.88,"486,817","3,110","3,035","1,490",-25.40,-28.05,"3,110","51,606",172,-265,2.64,-23.50,"3,010","3,419","138,130",39,-203,3.27,0,-0.33
181,유진로봇,"11,100",하락,480,-4.15%,500,"370,091","4,207","11,150","4,164",-42,-85.38,"1,506,593","11,800","11,160",547,20.92,-8.56,"11,860","22,625",190,-32,12.92,-5.62,"11,100","1,555","37,512",260,-130,12.48,N/A,35.12
182,천보,"41,600",하락,750,-1.77%,500,"7,285",305,"42,000","4,160",-228,-145.45,"34,987","42,000","42,050","10,079",-182.81,-8.27,"42,350","1,325","5,929",-323,4.19,-3.33,"41,550",380,"10,000","1,449",-286,1.13,N/A,-20.68
183,원익홀딩스,"5,380",하락,180,-3.24%,500,"829,542","4,550","5,390","4,155",306,-9.73,"12,557,844","5,630","5,400","18,901",-33.12,-7.41,"5,670","72,721","6,416",-611,3.75,-3.26,"5,360","11,851","77,238","6,455",-553,0.42,N/A,-13.88
184,넵튠,"8,870",보합,0,0.00%,500,"100,269",885,"8,780","4,142",96,-32.02,"373,807","8,900","8,820","4,075",345.59,0.53,"13,700",979,"2,586",431,4.08,6.83,"13,260","1,719","31,017","4,908","1,277",1.18,100,21.82
185,제우스,"13,330",하락,90,-0.67%,500,"69,463",937,"13,400","4,135",492,10.44,"249,403","13,650","13,410","6,409",588.24,12.99,"8,920","2,831",370,48,2.64,1.17,"8,730","7,448","46,702","1,216",-277,1.05,0,21.91
186,서희건설,"1,789",하락,43,-2.35%,500,"155,534",281,"1,798","4,111","2,357",3.73,"1,267,510","1,832","1,800","15,406",3.30,17.64,"1,850","8,698","5,668","1,593",5.16,10.35,"1,786","19,349","229,808","14,736",479,0.34,45,2.20
187,HLB테라퓨틱스,"4,830",하락,280,-5.48%,500,"1,268,048","6,168","4,805","4,075",-76,-14.77,"4,695,952","5,070","4,825","2,198",12.63,-14.34,"5,090","25,275",379,-235,4.48,-11.16,"4,760","10,594","84,371",549,-327,2.63,0,4.45
188,메디포스트,"11,870",상승,290,+2.50%,500,"24,269",283,"11,570","4,062",-485,-6.25,"41,280","33,350","32,750","4,196",8.35,-64.87,"33,800","1,272","2,702",-931,2.42,-25.54,"32,400","1,226","12,423","1,614","-6,402",1.34,N/A,29.48
189,코오롱생명과학,"32,550",하락,750,-2.25%,500,"16,283",537,"32,650","4,044",-221,-5.08,"324,317","12,030","11,420",656,-18.37,-45.23,"12,030","10,279",54,-245,2.66,-41.42,"11,250","2,182","34,815",92,-737,7.66,0,1.64
190,큐리언트,"11,610",하락,420,-3.49%,500,"106,755","1,221","11,390","4,042",-275,-15.75,"128,981","11,600","11,650","4,143",-93.17,-22.22,"11,890","5,214","1,617",-634,3.65,-14.68,"11,470",798,"34,218",707,"-1,899",1.90,N/A,2.93
191,에스앤디,"138,800",하락,"6,600",-4.54%,500,"15,924","2,224","139,400","4,015",201,22.18,"57,868","145,400","139,700",930,56.19,21.74,"145,400","2,313",250,170,6.33,17.11,"137,300",188,"2,893","1,161","6,259",5.73,800,31.56
192,큐렉소,"9,750",하락,240,-2.40%,500,"107,810","1,067","9,790","4,006",-58,-54.78,"470,070","10,100","9,800","1,026",-612.71,-9.04,"10,100","8,167",92,-88,3.02,-8.34,"9,740","2,596","41,090",555,-178,4.24,N/A,-23.81
193,에프에스티,"17,970",상승,50,+0.28%,500,"29,097",528,"18,070","3,946",23,46.68,"93,042","18,220","18,150","5,061",121.21,0.60,"18,290","1,564","2,620",-16,5.48,-0.36,"17,900","1,318","21,956","2,374",385,1.46,5,20.14
194,유티아이,"21,900",하락,250,-1.13%,500,"14,291",313,"21,950","3,932",-322,-14.51,"22,700","21,950","22,000","1,606",-63.41,-49.58,"22,150","4,688",861,-227,13.06,-17.39,"21,750","2,550","17,953",186,"-1,509",6.31,0,-4.14
195,한국정보통신,"10,400",하락,"1,070",-9.33%,500,"42,114",455,"10,800","3,894",391,8.67,"125,314","11,340","10,810","4,629",9.66,15.09,"11,340",815,"1,564",435,62.93,9.62,"10,400",199,"37,444","7,910","1,199",1.19,N/A,9.08
196,바이오니아,"15,060",하락,70,-0.46%,500,"23,171",349,"15,080","3,887",-134,-19.56,"64,204","15,060","15,110","3,322","-1,794.54",-9.40,"15,210","3,132","1,053",-190,7.36,-5.88,"15,000","2,244","25,810","2,940",-770,1.82,N/A,11.68
197,에이프릴바이오,"17,150",하락,650,-3.65%,"1,000","121,398","2,098","17,210","3,863",169,16.76,"131,196","17,670","17,220",996,226.00,26.90,"17,790","14,101",86,200,4.93,22.32,"17,090","2,213","22,528",275,"1,023",4.18,0,N/A
198,동운아나텍,"18,440",하락,20,-0.11%,500,"29,445",546,"18,480","3,856",175,28.41,"109,341","18,600","18,520",988,-30.43,37.49,"18,780","2,995",275,247,4.90,26.72,"18,420","1,566","20,910","1,383",649,5.71,109,24.02
199,오름테라퓨틱,"18,230",상승,140,+0.77%,100,"122,940","2,229","18,280","3,841",-83,-50.08,"956,300","18,260","18,350","1,538",-108.72,-17.50,"18,550","3,239",321,-57,1.71,-3.64,"17,510","3,069","21,069",209,-364,2.37,0,-84.56
200,다날,"5,570",하락,"1,000",-15.22%,500,"2,856,834","16,771","5,710","3,840",14,62.58,"6,336,737","6,240","5,730","7,456",-60.17,2.46,"6,250","92,664","4,356",29,4.13,0.39,"5,560","13,523","68,949","2,609",89,1.26,N/A,-11.69
201,넥스트바이오메디컬,"47,100",하락,400,-0.84%,500,"17,382",818,"47,150","3,828",-36,122.02,"179,815","47,450","47,250",588,31.60,14.56,"47,800","1,298",137,29,7.50,6.46,"46,600",204,"8,127",95,386,8.41,0,95.46
202,피아이이,"10,680",상승,630,+6.27%,100,"7,017,454","74,558","10,610","3,826",94,32.76,"6,810,561","10,150","10,620",980,136.17,22.56,"10,970","44,187",462,99,0.31,10.41,"10,080","27,327","35,826","1,240",326,5.69,N/A,44.51
203,미래에셋벤처투자,"7,190",하락,500,-6.50%,"1,000","377,099","2,750","7,220","3,820",157,-61.45,"486,147","7,750","7,230","10,608",-50.81,2.47,"7,760","10,620","7,089",86,2.35,0.79,"7,100","9,271","53,125","2,339",-117,1.10,85,7.75
204,에코앤드림,"21,350",상승,250,+1.18%,500,"34,258",736,"21,450","3,797",5,24.12,"79,257","21,600","21,550","4,058",116.42,8.41,"21,750","6,645","1,841",135,1.86,4.83,"21,250","9,065","17,786","1,049",885,1.69,N/A,103.87
205,에이직랜드,"34,650",상승,850,+2.51%,500,"156,878","5,483","34,550","3,767",-170,-15.52,"272,494","35,900","34,600","1,671",-539.61,-15.39,"35,900","6,776",828,-140,1.44,-8.57,"34,100","6,064","10,872",941,"-2,233",4.92,N/A,26.84
206,대아티아이,"5,330",하락,310,-5.50%,100,"586,712","3,174","5,340","3,756",79,21.49,"1,442,879","5,570","5,350","2,920",122.05,11.52,"5,630","38,241","1,584",147,8.37,5.40,"5,310","7,908","70,473","1,491",248,2.72,N/A,32.77
207,칩스앤미디어,"17,740",하락,160,-0.89%,500,"55,474",994,"17,840","3,753",53,43.37,"149,925","18,210","17,850",840,-32.06,13.46,"18,240","5,798",82,100,3.89,12.16,"17,700",602,"21,157",271,409,4.76,100,-1.79
208,킵스파마,"18,690",하락,160,-0.85%,500,"103,583","1,925","18,520","3,753",62,-48.17,"359,113","18,800","18,560","1,652",103.14,2.07,"18,800","9,521","1,020",16,4.09,1.14,"18,420","3,387","20,078","1,276",-388,6.45,0,38.48
209,인벤티지랩,"34,800",하락,"3,400",-8.90%,500,"125,798","4,438","35,400","3,718",-190,-12.28,"233,660","36,150","35,450",723,-18.81,-91.93,"36,600","2,780",397,-170,1.17,-28.95,"34,200","1,063","10,684",18,"-2,835",10.28,0,170.90
210,파트론,"6,510",하락,40,-0.61%,500,"44,206",288,"6,510","3,711",617,8.21,"101,981","6,540","6,520","7,433",48.05,10.93,"6,550","32,379","1,878",559,15.68,8.02,"6,450","8,241","57,000","14,864",793,0.66,300,26.78
211,GST,"20,100",하락,200,-0.99%,500,"64,809","1,315","20,200","3,704",591,8.27,"220,229","20,600","20,250","3,348",38.89,18.71,"20,700","5,736",665,459,10.78,14.92,"20,000","7,685","18,430","3,462","2,430",1.37,300,24.00
212,코미팜,"5,100",하락,80,-1.54%,100,"44,078",225,"5,100","3,697",62,29.14,"157,834","5,140","5,120","1,228",198.72,22.11,"5,240","19,906",572,147,4.86,12.17,"5,080","1,726","72,485",588,175,5.66,0,37.83
213,엔젤로보틱스,"24,250",하락,600,-2.41%,500,"28,152",694,"24,300","3,682",-108,-35.51,"85,959","25,150","24,400",439,-66.88,-40.84,"25,300","6,567",35,-100,3.20,-30.70,"24,150","2,218","15,183",42,-683,9.51,0,-18.17
214,켐트로닉스,"23,850",상승,50,+0.21%,500,"52,174","1,248","23,800","3,657",373,19.83,"166,307","24,200","23,900","6,417",95.24,10.70,"24,250","7,366","4,066",214,7.65,3.77,"23,600","11,791","15,334","5,752","1,203",1.81,200,6.08
215,하이록코리아,"29,600",하락,950,-3.11%,500,"31,122",927,"29,550","3,639",501,8.51,"58,847","30,550","29,650","4,727",-3.39,11.38,"30,750","6,499",367,480,27.36,10.49,"29,450","1,377","12,295","1,905","3,480",0.85,"1,150",0.89
216,폰드그룹,"11,230",하락,460,-3.93%,500,"39,588",450,"11,310","3,632",413,13.81,"128,524","11,690","11,390","4,227","6,089.52",12.62,"11,810","3,617","1,850",272,0.71,7.13,"11,210","3,327","32,344","3,687",813,1.72,250,"13,154.52"
217,이뮨온시아,"4,895",하락,205,-4.02%,500,"264,997","1,312","4,890","3,618",-126,N/A,"1,015,490","5,080","4,900",262,-6.80,77.02,"5,090","74,937",68,-57,0.50,-18.96,"4,885","4,546","73,906",7,N/A,N/A,0,495.04
218,한국비엔씨,"5,210",하락,70,-1.33%,100,"135,388",708,"5,240","3,563",107,22.55,"342,602","5,350","5,260","2,671",77.07,6.06,"5,350","21,432",306,133,4.28,5.27,"5,160","6,788","68,395",892,231,1.51,N/A,10.16
219,월덱스,"21,450",하락,50,-0.23%,500,"15,416",333,"21,350","3,542",703,5.69,"107,535","21,700","21,450","3,918",8.45,23.78,"21,850","3,539",843,650,4.10,18.44,"21,350","2,953","16,511","3,068","3,768",1.11,60,6.49
220,가비아,"26,150",하락,600,-2.24%,500,"25,037",657,"26,050","3,540",351,25.14,"136,585","27,000","26,100","6,345",-17.59,9.49,"27,000","3,932","2,878",286,37.54,5.21,"26,000","3,100","13,536","2,824","1,040",2.07,80,7.96
221,우진엔텍,"38,150",상승,"3,350",+9.63%,500,"1,471,588","54,409","36,500","3,537",53,75.69,"1,035,003","35,250","36,550",517,-9.74,13.35,"38,950","1,592",43,54,0.06,11.86,"8,300","12,789","42,441","1,219",244,1.73,150,32.18
222,한국정보인증,"8,310",하락,940,-10.16%,500,"2,354,700","20,136","8,360","3,527",189,34.06,"3,527,726","8,900","8,370","4,053",35.02,6.14,"9,030","66,520","1,731",124,0.23,3.40,"16,650","9,557","20,991","1,001",505,2.72,0,25.42
223,예스티,"16,740",하락,130,-0.77%,500,"48,492",835,"16,940","3,514",113,33.15,"33,056","17,390","16,990","2,044","2,839.92",10.51,"17,530","1,940",786,112,2.82,5.42,"36,050","1,866","9,616",928,"-1,618",1.23,700,-10.74
224,인화정공,"36,450",하락,350,-0.95%,500,"7,185",261,"36,100","3,505",103,-22.53,"24,786","36,500","36,300","4,303",110.01,18.68,"36,800","2,138","1,703",400,0.76,10.68,"27,450","2,617","12,676",261,228,1.79,800,-71.42
225,기가비스,"27,550",하락,350,-1.25%,200,"7,578",211,"27,750","3,492",-18,120.83,"21,840","28,000","27,850","2,297",-105.10,1.63,"28,200","1,535",240,34,1.74,1.50,"37,200",900,"9,240","1,762","2,268",1.21,300,10.18
226,우주일렉트로,"37,700",하락,350,-0.92%,500,"4,005",150,"37,550","3,484",201,16.62,"43,706","38,100","37,600","3,277",151.12,8.46,"38,400","3,346",814,198,8.92,6.34,"34,400","18,580","9,271",440,504,7.56,200,8.05
227,삼표시멘트,"3,210",하락,60,-1.83%,500,"47,503",154,"3,225","3,464","1,039",6.33,"128,125","3,280","3,230","14,851",22.70,9.04,"3,285","15,215","7,289",661,1.96,4.40,"3,205","16,290","107,916","7,908",507,0.47,110,-4.00
228,노바렉스,"18,260",하락,20,-0.11%,500,"46,301",838,"18,160","3,425",232,12.97,"160,415","18,400","18,180","2,896",-9.06,10.97,"18,400","1,774",693,238,6.97,8.60,"17,920","1,538","18,755","2,977","1,408",1.45,200,-1.47
229,다원시스,"8,960",하락,160,-1.75%,500,"51,748",468,"8,970","3,419",76,-17.60,"118,208","9,150","8,980","7,457",-60.32,4.81,"9,250","5,083","4,868",119,8.76,1.69,"8,950","4,170","38,163","3,015",-509,1.44,N/A,-15.74
230,퓨쳐켐,"15,370",하락,210,-1.35%,500,"29,225",450,"15,370","3,397",-95,-34.23,"114,358","15,600","15,400",744,-12.55,-15.94,"15,640","3,423",199,-94,4.95,-12.80,"15,250",951,"22,102",173,-449,6.62,N/A,23.81
231,덕산테코피아,"16,570",하락,50,-0.30%,500,"34,923",580,"16,600","3,393",-302,-5.69,"150,207","16,670","16,640","6,630",-385.42,-28.30,"16,970","1,137","4,572",-726,4.45,-12.33,"16,410",689,"20,477",997,"-2,911",1.80,N/A,5.97
232,토모큐브,"25,650",하락,850,-3.21%,500,"73,185","1,881","25,550","3,378",-88,-34.06,"143,977","26,150","25,600",436,-30.40,-27.82,"26,350","13,630",16,-83,4.80,-26.20,"25,300","4,613","13,171",59,-753,8.45,0,58.48
233,바디텍메드,"14,220",하락,350,-2.40%,"1,000","70,735","1,012","14,270","3,340",262,11.98,"178,111","14,640","14,280","2,547",-8.17,13.75,"14,700","14,423",316,272,2.42,11.28,"14,200","1,913","23,487","1,382","1,187",1.44,150,2.94
234,지씨셀,"21,100",하락,50,-0.24%,500,"3,020",64,"21,150","3,334",-200,-4.05,"36,061","21,400","21,200","5,783",-590.55,-14.90,"21,400","4,100","1,160",-757,5.21,-12.18,"21,000","2,345","15,800","1,745","-5,205",0.72,N/A,-6.98
235,씨앤씨인터내셔널,"33,150",하락,250,-0.75%,100,"13,798",458,"33,200","3,320",290,13.19,"69,551","33,500","33,300","2,951",-9.75,17.15,"33,500","5,255",893,324,4.55,11.78,"33,050","1,620","10,014","2,829","2,514",1.66,"1,000",28.39
236,휴온스,"27,700",하락,500,-1.77%,500,"6,849",191,"27,800","3,318",397,10.41,"17,691","28,300","27,900","6,063",-29.12,8.77,"28,300","4,922","2,557",291,17.79,5.09,"27,700",907,"11,980","5,902","2,661",0.92,630,6.93
237,인바디,"24,450",상승,200,+0.82%,500,"10,468",257,"24,550","3,296",367,10.66,"34,951","24,500","24,600","3,058",-4.20,12.71,"24,750","1,844",319,327,36.28,11.27,"24,250","1,550","13,481","2,045","2,293",1.13,400,20.03
238,오픈엣지테크놀로지,"14,920",하락,220,-1.45%,100,"61,940",940,"15,010","3,283",-246,-13.39,"160,603","15,580","15,050",867,-55.15,-67.14,"15,600","1,446",260,-273,6.52,-41.54,"14,880",999,"22,003",153,"-1,114",7.21,0,-21.77
239,에이치브이엠,"27,550",하락,450,-1.61%,500,"24,302",671,"27,550","3,279",-68,-37.95,"195,320","27,850","27,650","1,196",-282.11,-17.39,"27,900","3,150",535,-84,3.04,-8.19,"29,800","2,773","10,876",689,"1,022",3.58,0,62.92
240,JTC,"6,310",하락,90,-1.41%,0,"277,307","1,773","6,200","3,265",476,4.20,"1,530,249","6,400","6,240","3,584",117.12,57.43,"6,700","13,953","1,752",772,10.15,24.80,"27,300","3,974","11,902",451,-726,4.88,N/A,8.88
241,노머스,"30,000",하락,750,-2.44%,500,"33,088",998,"29,850","3,263",82,29.35,"75,099","30,600","29,950",988,"4,101.07",15.81,"30,750","3,397",127,99,7.76,13.63,"6,180","7,746","51,746","3,086","1,501",1.78,N/A,105.76
242,선익시스템,"34,150",하락,650,-1.87%,500,"9,078",315,"34,350","3,257",79,-14.27,"28,964","35,300","34,450","3,029",294.87,-47.86,"35,300","2,053","2,565",-281,1.02,-12.83,"34,150",692,"9,537","1,129","-2,393",6.91,N/A,80.93
243,에스티아이,"20,500",하락,50,-0.24%,500,"94,638","1,965","20,500","3,245",273,12.42,"199,305","21,050","20,600","3,688",13.95,10.89,"21,100","12,723","1,080",271,4.70,7.93,"20,350","9,231","15,830","3,340","1,650",1.16,200,4.56
244,삼목에스폼,"22,050",하락,850,-3.71%,500,"7,480",167,"22,150","3,241",753,6.86,"11,993","23,100","22,250","7,813",-39.33,12.04,"23,200","1,317","1,366",734,3.07,9.65,"22,000",474,"14,700","4,019","3,216",0.49,200,-8.53
245,한양이엔지,"17,960",하락,410,-2.23%,500,"13,637",247,"18,100","3,233",862,5.16,"66,775","18,450","18,110","9,087",1.27,13.45,"18,460","2,358","3,067",764,14.24,8.80,"17,900","1,905","18,000","11,863","3,481",0.50,650,15.60
246,하림,"3,040",하락,30,-0.98%,500,"348,198","1,060","3,045","3,229",285,-160.00,"688,858","3,070","3,050","8,328",-29.51,-4.11,"3,070","233,233","5,437",-123,3.90,-1.47,"3,035","53,605","106,210","12,854",-19,1.11,N/A,-8.89
247,에이스침대,"29,050",상승,350,+1.22%,"1,000","7,037",205,"29,100","3,222",662,5.23,"5,134","28,700","29,200","7,824",16.14,9.70,"29,500","1,645",757,659,1.18,8.79,"28,700","1,222","11,090","3,260","5,551",0.44,"1,450",6.39
248,바텍,"21,650",하락,200,-0.92%,500,"4,780",104,"21,650","3,216",540,6.33,"14,852","21,750","21,700","6,503",-15.74,12.94,"21,950","1,955","1,798",553,26.96,8.93,"21,400","1,196","14,854","3,852","3,418",0.68,100,0.07
249,제닉,"40,150",하락,150,-0.37%,500,"17,384",701,"40,350","3,199",60,26.38,"55,998","40,900","40,650",382,249.72,44.90,"41,150",570,160,76,7.87,24.57,"39,800","1,993","7,969",499,"1,522",12.24,N/A,77.80
250,비보존 제약,"6,350",하락,130,-2.01%,"2,500","38,129",243,"6,360","3,182",29,-24.33,"199,157","6,480","6,370","1,844",10.36,-9.48,"6,480","3,752",780,-100,0.61,-5.58,"6,200","9,601","50,105",876,-261,3.09,N/A,22.83
251,CJ프레시웨이,"26,550",하락,550,-2.03%,"1,000","21,303",571,"26,900","3,152",940,12.03,"76,305","27,250","26,950","15,644",-5.27,7.36,"27,300","2,070","11,490",274,13.98,1.87,"26,450","3,332","11,872","32,248","2,207",0.77,450,4.90
252,티에프이,"27,650",상승,"1,250",+4.73%,100,"67,996","1,859","27,100","3,147",44,131.67,"65,285","26,350","27,250","1,267",-52.40,1.94,"28,150",946,483,15,1.84,1.33,"26,250","2,260","11,381",736,210,3.75,N/A,-8.34
253,아이패밀리에스씨,"18,160",하락,370,-2.00%,500,"36,268",659,"18,130","3,145",336,12.72,"92,026","18,590","18,170","1,223",40.16,35.26,"18,630","2,935",308,283,5.89,26.68,"18,040",398,"17,320","2,049","1,428",3.26,118,37.79
254,더즌,"4,365",하락,495,-10.19%,100,"3,762,925","16,715","4,310","3,117",100,27.11,"7,416,639","4,700","4,315","1,157",-6.08,28.06,"4,755","64,811",743,99,1.58,9.39,"4,250","7,535","71,413",627,161,4.67,0,48.96
255,펨트론,"14,640",상승,450,+3.17%,500,"95,282","1,373","14,290","3,117",-36,-97.60,"283,060","14,600","14,380",717,-144.94,-6.32,"14,830","5,827",436,-19,7.55,-2.61,"14,160","2,391","21,288",570,-150,12.08,N/A,-22.67
256,제이브이엠,"25,550",하락,300,-1.16%,500,"7,822",201,"25,500","3,089",307,10.89,"44,157","25,750","25,600","2,848",3.04,15.11,"26,000","3,748",825,288,12.73,10.64,"25,450",996,"12,090","1,594","2,346",1.44,500,1.50
257,KG이니시스,"11,120",하락,550,-4.71%,500,"127,566","1,424","11,120","3,064",610,8.40,"1,020,393","11,400","11,140","18,664",-42.61,8.63,"11,430","8,452","11,128",447,6.23,2.50,"11,060","1,192","27,554","13,543","1,324",0.61,500,0.71
258,마녀공장,"18,620",하락,270,-1.43%,100,"37,643",705,"18,680","3,050",186,18.83,"144,961","18,880","18,740","1,295",16.99,15.53,"18,920","8,933",157,164,0.65,13.93,"18,590","1,927","16,378","1,279",989,2.61,N/A,21.83
259,아주IB투자,"2,510",하락,90,-3.46%,500,"293,387",744,"2,525","3,036",84,78.44,"976,155","2,590","2,530","3,417",-52.70,3.20,"2,595","45,926",806,83,1.46,2.39,"2,510","13,769","120,945",656,32,1.16,50,-11.09
260,에이유브랜즈,"21,400",하락,550,-2.51%,100,"37,777",804,"21,400","3,030",124,26.52,"128,317","22,200","21,450",448,-23.35,38.45,"22,200","1,744",122,101,1.82,28.58,"20,150","4,494","14,160",446,807,5.12,0,6.48
261,상아프론테크,"18,940",하락,310,-1.61%,500,"33,092",631,"19,030","3,028",58,59.00,"61,498","19,600","19,050","3,622",-34.70,3.13,"19,600","2,556","1,612",62,3.70,1.73,"18,910",595,"15,989","1,718",321,1.49,200,-6.45
262,씨어스테크놀로지,"23,950",상승,600,+2.57%,500,"27,775",665,"23,900","3,016",-87,-43.08,"127,119","24,000","24,000",281,11.44,-60.13,"24,300","3,201",67,-89,4.80,-39.23,"23,650","9,596","12,591",81,-556,14.39,N/A,329.69
263,폴라리스오피스,"6,030",하락,110,-1.79%,500,"165,990","1,008","6,050","2,998",48,47.48,"600,988","6,140","6,060","5,198",-23.14,9.19,"6,200","39,466",857,186,1.09,4.45,"6,020","6,590","49,725","2,763",127,3.32,N/A,156.07
264,에스에이엠티,"2,980",하락,35,-1.16%,500,"75,140",225,"2,980","2,980",674,5.92,"387,105","3,015","2,990","8,330",25.83,13.46,"3,020","40,806","4,024",544,5.61,7.23,"2,975","17,774","99,995","28,895",503,0.69,200,34.70
265,CMG제약,"2,080",하락,50,-2.35%,500,"311,454",651,"2,075","2,976",10,-260.00,"70,367","26,600","26,300",625,-120.87,-30.54,"26,600","3,018",302,-93,0.78,-14.43,"25,500","1,912","11,306",246,"-1,048",9.32,0,56.33
266,나이벡,"26,300",하락,550,-2.05%,500,"30,800",805,"26,150","2,973",-49,-25.10,"5,077","37,750","37,850","10,263",-2.62,8.16,"38,350",890,"4,510",455,12.60,4.56,"37,550",350,"7,844","18,114","5,120",0.48,"1,250",1.60
267,매일유업,"37,900",하락,450,-1.17%,500,"1,679",64,"37,750","2,973",703,7.40,"504,699","16,850","17,140","1,816",-9.08,12.53,"17,290","1,621",112,206,3.83,11.63,"16,800","3,709","17,330",678,"1,047",1.46,N/A,2.05
268,리파인,"17,140",상승,420,+2.51%,100,"118,475","2,020","17,100","2,970",205,16.37,"116,578","16,660","16,420","2,954",-27.23,12.43,"16,660","4,517",615,272,4.56,9.45,"16,380","1,892","18,071","3,514","1,131",1.25,400,6.29
269,클리오,"16,420",하락,150,-0.91%,500,"35,831",590,"16,410","2,967",246,14.52,"1,369,901","2,140","2,080","3,034",-66.40,1.42,"2,140","305,698","1,139",27,4.07,0.99,"2,070","31,232","143,057",991,-8,1.53,0,5.53
270,브이엠,"12,280",하락,170,-1.37%,100,"8,302",103,"12,300","2,956",-86,299.51,"85,071","12,470","12,320","1,657",21.56,-2.80,"12,680","1,134",414,-35,3.88,-2.18,"12,160",333,"24,076",703,41,2.30,N/A,170.21
271,뷰노,"21,100",하락,700,-3.21%,100,"34,671",743,"21,250","2,954",-125,-23.65,"100,573","21,900","21,350",502,20.58,-72.91,"21,900","3,656",195,-130,4.11,-35.80,"21,000","2,790","14,002",259,-892,10.67,0,94.86
272,듀켐바이오,"10,350",보합,0,0.00%,500,"12,576",130,"10,340","2,945",51,35.08,"50,448","10,660","10,390",652,N/A,N/A,"10,660","2,054",222,80,1.22,N/A,"10,280","1,813","28,455",356,295,6.76,N/A,N/A
273,인탑스,"17,110",하락,100,-0.58%,500,"17,590",300,"17,080","2,943",38,22.90,"26,523","17,130","17,120","9,007",-79.33,3.34,"17,300","3,448","1,289",234,6.37,2.66,"16,900",266,"17,200","6,147",747,0.41,200,6.46
274,샘씨엔에스,"5,030",보합,0,0.00%,500,"57,958",293,"5,030","2,937",52,77.38,"158,799","5,110","5,050","2,222",278.57,2.70,"5,120","6,755",782,33,1.30,1.60,"4,995","5,065","58,388",533,65,1.97,N/A,72.35
275,지노믹트리,"12,000",하락,80,-0.66%,500,"14,104",170,"11,980","2,925",-153,-27.84,"75,919","12,150","12,020","1,307",11.50,-8.24,"12,270","3,188",64,-104,0.88,-7.89,"11,940","1,134","24,377",24,-431,2.38,0,-30.89
276,신성에스티,"32,250",하락,450,-1.38%,500,"7,328",238,"32,500","2,915",88,42.60,"28,801","32,850","32,650","1,444",5.16,7.11,"33,150","1,425",419,71,2.35,5.06,"32,250","1,572","9,040","1,270",757,2.75,200,1.89
277,KG에코솔루션,"6,110",하락,150,-2.40%,500,"41,493",255,"6,150","2,909","2,265",4.52,"173,687","6,300","6,170","62,134",-26.87,6.74,"6,300","9,628","32,544","2,142",3.72,3.55,"6,100","1,966","47,603","72,849","1,353",0.18,120,0.38
278,쿠콘,"28,250",상승,650,+2.36%,500,"133,950","3,605","27,550","2,897",166,15.85,"1,307,219","26,900","27,600","2,629",0.02,11.48,"28,400","1,234","1,161",158,2.19,6.71,"26,050","4,233","10,255",730,"1,782",1.93,150,6.84
279,아이티엠반도체,"12,680",상승,30,+0.24%,500,"5,558",71,"12,710","2,876",24,-53.73,"24,288","12,650","12,740","5,952",116.15,0.64,"12,820",632,"4,008",12,2.40,0.20,"12,580",776,"22,683","6,479",-236,1.45,N/A,11.61
280,원익머트리얼즈,"22,800",하락,400,-1.72%,500,"29,600",680,"22,850","2,875",519,8.28,"102,901","23,300","22,900","5,833",110.29,6.84,"26,250","5,857",67,-135,2.60,-25.68,"13,400","4,766","21,378","2,854",382,2.10,67,45.08
281,씨메스,"24,600",하락,850,-3.34%,500,"50,365","1,268","24,800","2,874",-143,-17.55,"156,275","26,100","24,850",810,-43.04,-28.80,"5,600","36,470",563,101,1.24,6.29,"24,550",889,"11,685",69,"-1,402",4.12,0,-9.83
282,슈어소프트테크,"5,460",하락,110,-1.97%,100,"167,259",919,"5,480","2,873",79,26.76,"527,033","5,600","5,490","1,624",-31.22,12.40,"23,300","9,162","1,021",318,17.12,5.88,"5,430","2,458","52,619",888,204,3.11,N/A,40.31
283,필에너지,"13,410",상승,110,+0.83%,500,"121,215","1,651","13,480","2,867",142,35.10,"65,561","13,480","13,500","2,121",-7.25,10.39,"13,840","3,318",691,134,2.03,5.79,"22,750","5,718","12,608","3,107","2,755",0.59,350,-20.67
284,오상헬스케어,"19,600",하락,310,-1.56%,500,"13,186",259,"19,600","2,844",-248,-32.45,"40,197","19,910","19,630","2,950",-117.35,-3.93,"19,960","1,028",90,-114,1.00,-3.70,"19,390","2,557","14,509",805,-604,0.95,500,-77.38
285,바이오비쥬,"18,870",상승,400,+2.17%,500,"526,773","9,940","18,840","2,839",92,N/A,"1,463,261","18,670","18,850",378,N/A,N/A,"19,120","19,139",68,72,1.49,N/A,"18,410","3,105","15,044",296,N/A,N/A,0,N/A
286,에이비온,"9,880",상한가,"2,280",+30.00%,500,"108,862","1,076","9,880","2,829",-341,-5.46,"103,456","9,880",0,638,-9.00,-227.67,"9,880","14,005,804",357,-434,0.27,-80.00,"9,880",0,"28,637",8,"-1,808",15.99,N/A,-40.39
287,에코마케팅,"8,990",하락,160,-1.75%,100,"35,297",320,"9,000","2,829",470,10.24,"163,916","9,150","9,010","4,038",-14.75,12.87,"9,300","3,316","1,213",362,11.78,9.64,"8,990","3,420","31,468","3,572",878,1.17,500,1.92
288,휴림로봇,"2,565",하락,85,-3.21%,500,"4,705,208","12,156","2,535","2,828",-49,-128.25,"26,772,953","2,675","2,540","3,349",-165.20,-5.59,"2,685","421,101","1,225",-94,2.96,-4.16,"2,510","97,141","110,238","1,331",-20,2.30,N/A,61.01
289,로보스타,"28,900",하락,900,-3.02%,500,"214,410","6,390","29,050","2,818",1,"-1,070.37","812,153","30,400","29,100","1,126",-86.92,2.44,"30,900","10,282",206,22,2.17,1.94,"28,900","3,113","9,750",891,-27,3.14,N/A,-13.19
290,유진기업,"3,640",하락,75,-2.02%,500,"106,113",387,"3,640","2,814",550,-4.46,"424,721","3,715","3,645","23,749",-34.86,-6.18,"3,715","43,075","13,482","-1,007",5.00,-4.32,"3,620","2,899","77,311","13,933",-817,0.28,170,-5.44
291,뉴로메카,"24,600",하락,850,-3.34%,500,"31,057",775,"24,700","2,789",-190,-14.25,"67,611","25,750","24,750",952,-28.26,-95.95,"25,850","3,300",844,-168,0.61,-17.55,"24,600","1,534","11,338",253,"-1,726",12.12,0,83.87
292,네패스,"12,010",상승,460,+3.98%,500,"133,853","1,582","11,880","2,769",34,-6.92,"126,094","11,790","11,890","7,101",-66.22,-48.21,"12,150","1,676","5,029",-794,6.04,-9.49,"11,330","3,561","23,059","4,643","-1,736",2.54,N/A,-0.99
293,에치에프알,"20,800",하락,350,-1.65%,500,"47,295",985,"20,850","2,768",-202,-25.77,"352,064","21,200","20,900","2,711",-140.39,-11.34,"21,400","6,859","1,123",-185,7.31,-6.86,"20,550","3,911","13,309","1,571",-807,1.74,N/A,-4.32
294,LS증권,"4,960",하락,160,-3.12%,"5,000","125,293",625,"4,990","2,752",218,25.31,"204,114","5,140","5,000","87,797",-34.30,1.84,"5,140","19,271","79,083",166,1.50,0.20,"4,935","8,968","55,481","16,537",196,0.32,100,25.07
295,이스트소프트,"23,600",하락,"1,100",-4.45%,500,"108,525","2,603","23,800","2,751",-135,-28.10,"324,261","24,800","23,900","1,991",-51.08,-16.62,"24,800","15,708","1,106",-146,0.82,-7.52,"23,500","3,301","11,655","1,025",-840,3.74,0,10.79
296,제이오,"8,550",하락,80,-0.93%,100,"27,059",233,"8,630","2,738",-55,-27.06,"73,780","8,630","8,660","2,226",-145.39,-5.67,"8,690","3,639",442,-89,2.52,-4.24,"8,550","1,305","32,018",829,-316,1.43,N/A,-27.62
297,한솔아이원스,"9,560",하락,10,-0.10%,500,"73,982",716,"9,590","2,734",231,8.34,"146,055","9,750","9,600","2,319",180.71,18.60,"9,840","3,314",497,311,5.76,13.72,"9,500","1,829","28,593","1,571","1,146",1.37,0,26.79
298,미래반도체,"18,900",상승,"3,360",+21.62%,100,"2,086,180","39,535","19,060","2,729",102,33.63,"2,298,260","18,040","19,070","1,333",8.79,7.29,"19,960","16,344",474,60,0.20,4.28,"17,500","2,178","14,438","4,876",562,3.03,N/A,28.15
299,디아이티,"14,390",상승,270,+1.91%,100,"70,380","1,022","14,490","2,720",241,8.99,"19,373","25,150","24,900","3,768",-22.89,7.35,"25,600","2,034",540,127,2.83,3.45,"24,650",691,"11,000","1,703","2,462",0.73,400,9.11
300,프로텍,"24,650",하락,150,-0.60%,500,"11,061",277,"24,850","2,712",134,10.01,"71,274","14,400","14,530","2,409",178.68,14.50,"15,350","1,496",280,289,5.64,12.78,"14,270","1,719","18,900","1,167","1,601",1.25,380,8.96
301,비트맥스,"7,270",상승,890,+13.95%,500,"2,414,726","17,031","7,230","2,707",-185,-7.55,"2,208,811","6,270","7,260",285,-12.23,-134.66,"7,420","14,907",143,-270,2.08,-67.28,"6,260","50,325","37,231",372,-963,15.17,N/A,"2,005.36"
302,AP시스템,"17,590",하락,190,-1.07%,500,"14,677",260,"17,620","2,688",472,5.86,"96,943","17,780","17,680","5,998",-21.51,15.74,"17,900","6,775","2,632",518,10.32,8.85,"17,560",755,"15,281","5,167","3,002",0.77,530,-3.16
303,더블유씨피,"7,940",상승,140,+1.79%,500,"558,086","4,506","8,130","2,687",-709,-2.46,"481,238","7,920","8,140","18,102",-252.91,-7.33,"8,270","16,848","8,415",-722,4.76,-4.56,"7,850","6,188","33,843","3,221","-3,229",0.28,N/A,5.60
304,대화제약,"14,410",하락,340,-2.31%,500,"34,072",493,"14,440","2,683",67,153.30,"62,514","14,680","14,500","2,059",241.83,0.73,"14,690","1,386","1,295",8,0.00,0.39,"14,200",991,"18,617","1,494",94,3.61,150,5.70
305,디오,"18,620",하락,350,-1.85%,500,"11,610",217,"18,660","2,677",-407,-6.28,"31,028","18,970","18,710","3,433",-294.94,-20.74,"18,970","2,710","1,392",-413,14.17,-11.62,"18,200","2,251","14,375","1,196","-2,963",1.27,0,-23.21
306,와이씨켐,"26,200",하락,250,-0.95%,"1,000","49,003","1,288","26,100","2,649",-82,-17.74,"109,055","26,950","26,150","1,163",-4.30,-30.46,"27,050","6,297",718,-160,1.60,-13.56,"26,000","1,750","10,111",703,"-1,477",5.59,N/A,12.90
307,매커스,"16,340",보합,0,0.00%,500,"29,912",489,"16,270","2,641",269,11.42,"147,947","16,340","16,290","4,092",2.04,18.59,"16,680","2,242","2,958",202,17.80,5.76,"19,790","3,881","13,177","1,522","2,493",1.53,738,23.67
308,인선이엔티,"5,670",하락,110,-1.90%,500,"49,309",281,"5,690","2,640",232,-11.29,"95,837","5,780","5,700","4,957",-10.18,-5.66,"5,800","16,700","1,731",-189,5.19,-3.62,"16,200","3,196","16,163","1,996","1,431",1.30,200,13.78
309,유니슨,"1,548",하락,5,-0.32%,500,"523,524",808,"1,538","2,639",-125,-13.82,"1,881,670","1,565","1,542","2,490",36.06,-36.03,"1,579","33,877","1,828",-225,2.15,-8.81,"5,630","3,041","46,564","2,088",-502,0.78,N/A,-5.48
310,석경에이티,"48,300",하락,500,-1.02%,500,"2,248",109,"48,250","2,635",20,45.48,"5,535","49,100","48,400",492,-42.34,11.43,"49,100",645,94,43,0.93,9.70,"1,528","14,329","170,506",257,-112,4.16,0,-76.12
311,아이스크림미디어,"19,990",하락,60,-0.30%,500,"42,153",839,"19,900","2,634",461,8.02,"54,751","19,900","19,920","2,229",35.41,23.29,"20,100","3,268",396,311,8.31,18.42,"48,100",92,"5,455",138,"1,062",6.31,N/A,13.28
312,제이에스링크,"9,740",하락,20,-0.20%,500,"10,383",101,"9,650","2,628",-91,-13.57,"57,950","9,630","9,690",544,-109.85,-42.11,"9,800","6,226",294,-108,1.14,-23.19,"9,520","2,568","26,978",159,-718,7.78,0,-27.52
313,미래나노텍,"8,400",하락,10,-0.12%,500,"37,217",313,"8,420","2,605",249,8.51,"65,631","8,440","8,460","5,976",81.41,8.51,"8,460","2,464","2,802",258,5.31,4.22,"8,320","5,054","31,010","6,223",987,0.83,50,-10.33
314,HLB이노베이션,"1,804",하락,25,-1.37%,500,"191,417",347,"1,815","2,603",-119,-14.43,"298,238","1,829","1,823","2,680",N/A,N/A,"1,842","70,759",160,-124,2.04,N/A,"1,800","12,816","144,304",254,-125,1.11,N/A,N/A
315,동방메디컬,"12,470",하락,220,-1.73%,500,"159,546","2,011","12,540","2,591",150,60.24,"1,066,594","12,720","12,560","1,504",-8.69,4.60,"12,870","24,194",696,31,2.76,2.34,"12,410","2,367","20,775","1,051",207,2.26,0,15.67
316,자람테크놀로지,"41,700",하락,950,-2.23%,500,"16,585",706,"41,900","2,584",4,-279.87,"40,599","43,350","42,000",784,117.07,5.09,"43,650",360,359,20,2.78,3.42,"41,700",110,"6,198",222,-149,6.32,N/A,90.74
317,해성산업,"7,910",하락,120,-1.49%,500,"19,831",158,"7,980","2,575",714,-164.79,"29,750","7,960","8,040","25,920",-32.81,0.79,"8,060","2,224","12,440",-34,1.40,-0.13,"7,880","2,857","32,557","22,204",-48,0.33,225,-3.81
318,비덴트,"3,320",보합,0,0.00%,500,0,0,0,"2,563",-111,5.25,0,0,0,"7,408",-11.76,11.16,0,0,"1,026",672,1.43,9.67,0,0,"77,202",96,632,0.40,N/A,-3.82
319,툴젠,"29,850",하락,50,-0.17%,500,"1,579",47,"29,800","2,562",-218,36.23,"22,031","30,450","29,850",755,-27.57,14.08,"30,450",939,170,62,1.25,7.38,"29,700","1,125","8,583",9,824,4.73,0,-19.25
320,나인테크,"4,780",상승,455,+10.52%,100,"11,437,366","55,306","4,805","2,552",46,-25.03,"3,380,022","4,475","4,810","1,860",249.45,-7.26,"5,080","35,550","1,019",-54,5.82,-2.41,"4,460","29,536","53,398","1,972",-191,2.99,0,60.28
321,프레스티지바이오로직스,"3,280",하락,140,-4.09%,500,"62,155",206,"3,330","2,550",-334,-6.95,"107,649","3,420","3,340","2,894",24.39,-34.26,"3,420","9,422","2,177",-294,41.25,-9.87,"3,275","4,675","77,753",22,-472,1.90,0,-37.32
322,KH바텍,"10,770",상승,20,+0.19%,500,"27,274",295,"10,810","2,550",219,11.13,"59,471","10,880","10,850","3,871",-34.96,8.33,"10,900","2,602","1,248",213,8.25,5.84,"10,680","2,869","23,677","3,110",968,0.91,330,-14.46
323,큐브엔터,"16,980",하락,330,-1.91%,500,"29,409",503,"17,070","2,547",166,18.89,"110,903","17,320","17,210","2,700",7.42,13.61,"21,300","24,534",105,-37,0.99,-26.63,"20,250","12,517","12,548",121,-440,34.99,0,15.89
324,나우로보틱스,"20,250",하락,700,-3.34%,500,"160,930","3,334","20,650","2,541",-29,-46.02,"480,131","21,200","20,700",163,47.80,-285.18,"17,320","3,092","1,117",166,5.86,7.85,"16,900",590,"15,002","2,183",899,1.49,N/A,53.43
325,이지홀딩스,"3,905",하락,50,-1.26%,500,"48,954",192,"3,920","2,519","1,234",18.51,"176,025","3,935","3,930","28,559",18.90,2.70,"3,985","48,814","16,493",351,4.83,1.30,"3,900","7,231","64,516","32,850",211,0.38,250,5.32
326,인트로메딕,"5,850",보합,0,0.00%,100,0,0,0,"2,515",-15,-42.39,0,0,0,105,58.32,-101.85,0,0,48,-70,0.76,-49.54,0,0,"42,998",104,-138,41.17,0,4.09
327,슈프리마,"34,550",하락,900,-2.54%,500,"11,355",394,"34,500","2,507",233,7.28,"38,343","35,050","34,650","2,601",39.76,14.74,"35,150","3,334",235,325,20.08,13.58,"34,200",601,"7,257","1,082","4,747",0.97,0,14.37
328,파인엠텍,"6,770",상승,70,+1.04%,500,"266,939","1,800","6,850","2,504",-79,-11.32,"1,288,727","6,700","6,880","3,333",-138.90,-11.87,"6,960","3,659","1,691",-158,3.87,-5.06,"6,460","5,502","36,988","3,822",-598,1.72,N/A,0.56
329,오리엔탈정공,"5,490",하락,90,-1.61%,500,"97,228",536,"5,470","2,502",249,8.66,"392,165","5,600","5,490","2,157",94.84,26.45,"5,600","25,102","1,056",261,7.04,12.60,"5,450","5,518","45,574","2,073",634,2.22,100,31.60
330,에스바이오메딕스,"21,000",상승,100,+0.48%,500,"19,889",413,"20,900","2,491",-54,-34.43,"98,225","21,300","21,000",446,9.06,-70.89,"21,300","3,235",263,-58,1.98,-15.21,"20,500","2,279","11,860",137,-610,23.81,0,4.77
331,소룩스,"5,100",상승,20,+0.39%,500,"140,853",711,"5,090","2,486",-66,-4.88,"594,151","5,000","5,100","1,173","-1,383.71",-58.22,"5,140","10,426",390,-410,0.18,-29.53,"4,940","10,477","48,740",507,"-1,046",2.78,0,-15.28
332,엠아이텍,"7,670",하락,100,-1.29%,500,"22,089",170,"7,700","2,482",176,13.43,"78,539","7,770","7,720","1,185",24.96,18.13,"7,770","6,785",97,183,6.87,16.83,"7,650","2,465","32,366",538,571,2.23,100,15.88
333,진성티이씨,"11,040",하락,320,-2.82%,500,"101,755","1,138","11,070","2,482",244,11.00,"261,112","11,430","11,080","4,554",-38.26,8.48,"11,540","8,049","1,931",210,8.45,4.89,"11,020","1,001","22,482","3,905","1,004",0.83,200,-19.50
334,티엑스알로보틱스,"16,010",하락,300,-1.84%,500,"48,267",780,"16,010","2,474",53,49.26,"159,227","16,360","16,040",732,46.50,14.93,"16,490","13,872",433,38,1.37,5.84,"16,010","1,373","15,451",572,325,3.57,N/A,118.19
335,시너지이노베이션,"2,795",하락,15,-0.53%,500,"29,474",82,"2,790","2,462",161,60.76,"109,616","2,800","2,795","3,141",7.51,5.75,"2,810","13,387",790,181,12.67,6.05,"2,780","12,935","88,103",906,46,1.26,0,8.88
336,케이티알파,"5,010",하락,90,-1.76%,"1,000","53,007",267,"5,040","2,456",246,11.04,"160,629","5,120","5,050","4,621",156.07,7.78,"5,120","11,193","2,009",197,1.38,4.40,"4,935","16,987","49,019","3,882",454,0.90,N/A,-1.17
337,이트론,271,보합,0,0.00%,200,0,0,0,"2,456",-56,24.64,0,0,0,"1,195",0.61,-2.85,0,0,235,-23,3.54,-1.90,0,0,"906,131",163,11,2.53,0,-45.05
338,GRT,"3,030",상승,100,+3.41%,0,"1,046,960","3,231","3,075","2,450","1,470",3.11,"463,785","3,045","3,090","16,913",86.68,12.05,"3,160","39,881","7,628","1,105",79.92,6.96,"3,020","54,934","80,850","8,424",974,0.27,2,9.73
339,원일티엔아이,"29,050",상승,250,+0.87%,500,"85,584","2,483","28,850","2,435",64,N/A,"198,302","29,100","28,900",730,122.86,24.45,"29,450","5,724",369,79,0.44,11.67,"28,550","7,628","8,381",422,N/A,N/A,0,0.74
340,유니테스트,"11,500",하락,20,-0.17%,500,"34,977",403,"11,470","2,430",-234,-10.22,"119,744","11,630","11,500","1,850",-428.15,-19.88,"3,145","31,507",547,-180,0.27,-15.27,"3,060","9,058","78,307",373,-21,2.08,0,0.70
341,아톤,"9,800",하락,"1,080",-9.93%,100,"1,579,427","15,796","9,940","2,430",144,17.19,"3,190,020","10,510","9,950","1,389",26.50,12.78,"10,510","32,596",490,110,3.68,7.78,"9,790","10,585","24,799",654,570,2.35,50,18.89
342,동원개발,"2,675",하락,35,-1.29%,500,"24,954",67,"2,690","2,429",210,95.54,"137,353","2,735","2,695","13,783",-29.97,1.76,"2,740","41,386","3,320",183,3.10,1.30,"2,675","1,569","90,808","5,204",28,0.23,80,-29.35
343,엣지파운드리,"3,100",하락,45,-1.43%,500,"91,898",284,"3,105","2,428",-51,-147.62,"1,054,608","3,090","3,125","1,316",-4.87,-27.09,"11,700","5,576",680,-273,7.45,-14.28,"11,430","1,857","21,134",924,"-1,125",2.05,N/A,-44.90
344,엑스게이트,"8,480",하락,370,-4.18%,100,"127,087","1,089","8,500","2,420",35,83.96,"401,517","8,690","8,510",671,-15.05,9.43,"8,720","15,529",227,40,0.94,6.83,"8,470","3,600","28,543",432,101,5.57,N/A,0.92
345,웹케시,"17,690",상승,490,+2.85%,500,"232,098","4,048","17,440","2,412",139,30.71,"476,745","17,170","17,450","1,259",N/A,N/A,"17,850",877,236,72,0.71,N/A,"16,970",517,"13,636",742,576,2.20,100,N/A
346,셀비온,"18,800",하락,340,-1.78%,500,"38,839",737,"18,820","2,409",-71,-30.18,"134,756","19,170","18,860",344,-41.51,-39.20,"19,260","1,468",48,-73,5.71,-31.76,"18,650",439,"12,816",23,-623,8.55,0,55.64
347,골프존홀딩스,"5,600",하락,210,-3.61%,500,"117,146",662,"5,610","2,399",394,4.92,"189,004","5,810","5,620","10,503",-26.50,6.02,"5,850","16,486","3,037",436,3.46,4.18,"5,580","5,212","42,837","3,862","1,139",0.30,250,-8.94
348,윤성에프앤씨,"29,900",보합,0,0.00%,100,"9,969",300,"30,000","2,386",319,9.65,"27,226","30,600","30,100","3,009",20.55,20.70,"30,600","1,350","1,036",371,2.17,11.47,"29,800","1,604","7,979","2,713","3,097",1.22,200,-13.28
349,토비스,"14,820",하락,10,-0.07%,500,"21,478",321,"14,880","2,381",584,4.36,"98,192","14,970","14,900","5,281",127.52,26.76,"15,100","1,017","2,636",613,12.52,12.06,"14,820",878,"16,067","6,238","3,400",0.92,300,39.43
350,온코닉테라퓨틱스,"21,550",하락,400,-1.82%,500,"42,278",916,"21,650","2,371",-48,-24.74,"263,855","22,000","21,700",609,-315.06,-44.55,"22,100","6,682",49,-81,0.89,-16.44,"21,400","4,135","11,002",148,-871,4.02,0,-29.53
351,네오위즈홀딩스,"27,500",하락,"1,100",-3.85%,500,"23,333",645,"27,500","2,363",204,-14.41,"23,743","28,400","27,600","8,225",17.46,-3.65,"28,500","2,370","1,467",-196,3.22,-2.28,"27,400","1,017","8,594","3,681","-1,908",0.55,313,0.40
352,에이디테크놀로지,"17,500",하락,80,-0.46%,500,"30,997",550,"17,600","2,352",-170,-14.09,"82,350","18,010","17,630","2,449",2.61,-10.24,"18,160",794,"1,133",-152,2.21,-5.68,"17,380",871,"13,441","1,065","-1,242",1.75,N/A,6.36
353,중앙첨단소재,"2,310",하락,100,-4.15%,500,"649,933","1,517","2,325","2,352",-78,-3.36,"5,502,451","2,355","2,330","1,245","-13,814.06",-95.94,"2,420","82,411",278,-768,5.25,-60.25,"2,275","6,350","101,802",187,-688,2.46,0,-28.92
354,쓰리빌리언,"7,380",하락,210,-2.77%,100,"199,144","1,484","7,470","2,341",-74,-32.09,"612,611","7,640","7,480",302,11.17,-32.81,"7,650","10,793",19,-66,7.02,-24.76,"7,340","5,821","31,722",58,-230,8.77,N/A,111.41
355,파멥신,"2,915",보합,0,0.00%,500,0,0,0,"2,338",-77,-44.85,0,0,0,543,36.27,-15.32,0,0,66,-49,0.00,-12.16,0,0,"80,201",39,-65,4.90,N/A,"5,083.24"
356,한중엔시에스,"25,800",하락,250,-0.96%,500,"44,713","1,170","25,950","2,337",96,12.67,"88,635","26,600","26,000","1,668",175.55,36.13,"26,800","5,537",864,154,4.27,10.61,"25,750","6,094","9,058","1,773","2,036",2.85,N/A,45.83
357,한국캐피탈,737,하락,16,-2.12%,500,"184,608",136,738,"2,326",969,2.88,"392,289",753,740,"44,603",17.93,12.62,759,"110,391","37,866",811,0.30,1.94,731,"120,687","315,610","4,626",256,0.34,30,21.08
358,잉글우드랩,"11,700",상승,70,+0.60%,0,"41,016",473,"11,650","2,325",188,14.30,"455,229","11,730","11,660","1,997",-34.86,15.17,"11,730","2,242",558,196,10.60,10.51,"11,420","2,572","19,868","1,822",818,1.61,103,-11.88
359,세경하이테크,"6,470",상승,70,+1.09%,500,"65,219",421,"6,470","2,320",315,7.97,"315,577","6,450","6,500","3,450",-12.96,18.47,"6,510","8,490",962,413,6.07,12.72,"6,390","8,275","35,860","3,203",812,1.27,100,5.21
360,에스오에스랩,"13,120",하락,880,-6.29%,100,"277,420","3,704","13,080","2,320",-128,-16.24,"842,404","13,900","13,100",391,-54.09,-46.12,"13,900","21,441",71,-120,3.81,-36.84,"13,080","4,194","17,682",49,-808,8.31,N/A,20.29
361,모두투어,"12,270",하락,200,-1.60%,500,"39,705",490,"12,270","2,319",47,23.19,"154,192","12,470","12,280","2,349",-59.75,15.33,"12,490","13,845","1,638",108,13.27,4.06,"12,220","2,829","18,900","2,516",529,2.88,250,40.86
362,헥토파이낸셜,"24,400",하락,"4,900",-16.72%,500,"784,720","19,941","24,500","2,307",133,24.35,"1,342,334","27,900","24,550","4,516",5.75,6.90,"27,900","24,937","3,002",90,2.16,2.17,"24,150","8,273","9,453","1,593","1,002",1.40,350,4.07
363,로킷헬스케어,"14,900",상승,200,+1.36%,500,"405,142","6,092","14,970","2,297",-56,-25.13,"808,254","14,880","15,000",113,24.48,9.83,"15,240","15,145",884,-77,0.00,-77.65,"14,840","4,001","15,418",131,-593,-2.41,0,5.59
364,넥써쓰,"3,910",하락,390,-9.07%,500,"1,544,861","6,101","3,880","2,296",-89,-54.31,"6,843,877","4,100","3,885",338,44.70,-29.78,"4,185","29,226",80,-82,1.39,-22.40,"3,825","6,999","58,718",76,-72,7.14,0,38.29
365,박셀바이오,"9,860",하락,90,-0.90%,500,"137,234","1,391","9,890","2,293",-150,-21.02,"149,005","10,350","9,910",769,-30.68,-13.67,"10,530","4,609",49,-106,5.97,-13.12,"9,860","2,821","23,257",19,-469,3.19,0,"13,737.28"
366,피에이치에이,"10,910",하락,140,-1.27%,500,"10,756",117,"10,890","2,291",515,3.98,"45,806","11,000","10,900","10,696",6.60,8.14,"11,010","4,063","2,694",619,12.45,6.03,"10,820",865,"21,000","11,529","2,739",0.26,350,1.61
367,아스트,578,하락,4,-0.69%,500,"159,431",92,579,"2,284",-64,19.93,"657,578",589,582,"5,620",82.42,-10.50,589,"93,367","2,659",-171,1.45,-3.32,573,"67,602","395,158","1,714",29,0.73,0,1.72
368,SG,"2,305",하락,55,-2.33%,100,"185,300",430,"2,295","2,274",-61,-9.26,"611,717","2,365","2,305","2,328",54.95,-50.91,"2,365","33,820","1,461",-362,2.14,-17.22,"2,295","12,252","98,670","1,189",-249,2.11,0,46.98
369,티엘비,"23,100",상승,550,+2.44%,500,"220,666","5,187","23,250","2,271",34,52.86,"137,774","23,400","23,300","1,884",10.28,3.25,"24,350","8,128",763,36,3.48,1.99,"22,900","5,663","9,833","1,800",437,2.03,200,5.08
370,하이비젼시스템,"15,190",하락,120,-0.78%,500,"13,539",207,"15,280","2,270",310,7.02,"61,057","15,440","15,310","3,657",-47.30,15.91,"15,450","1,859",761,404,14.20,11.14,"15,180","1,179","14,942","3,120","2,163",0.72,400,-10.41
371,지씨지놈,"9,560",상승,240,+2.58%,500,"600,765","5,781","9,510","2,261",-12,-138.55,"921,901","9,500","9,520",406,-870.57,-4.33,"9,800","11,163",75,-13,0.62,-3.01,"9,410","10,932","23,651",259,-69,5.60,0,-5.15
372,모트렉스,"9,090",하락,140,-1.52%,500,"25,171",230,"9,100","2,260",436,13.25,"107,413","9,230","9,110","9,318",-18.01,8.22,"8,870","14,588","1,679",415,3.63,7.56,"8,610","3,842","26,200","4,283",312,0.98,50,21.38
373,비츠로테크,"8,620",하락,190,-2.16%,500,"76,814",669,"8,640","2,258",511,27.63,"206,438","8,830","8,680","5,905",77.36,3.72,"14,360","9,698",156,231,14.72,12.47,"14,060","1,774","16,028","1,190","1,503",1.26,600,22.56
374,네오팜,"14,090",하락,200,-1.40%,500,"27,634",390,"14,120","2,258",247,9.37,"78,769","14,340","14,130","1,924",-2.58,13.69,"9,250","3,154","6,600",193,3.75,2.64,"9,060","3,385","24,862","5,869",686,0.93,162,10.52
375,이니텍,"11,410",하락,300,-2.56%,500,"84,537",964,"11,410","2,258",2,92.76,"430,028","12,600","12,120","1,070",14.71,-1.78,"12,760","17,931",755,-8,1.57,-0.66,"11,990","3,086","18,782",607,-176,6.43,0,-9.01
376,티로보틱스,"11,990",하락,500,-4.00%,500,"217,838","2,670","12,110","2,252",-70,-68.12,"232,962","11,710","11,480","1,184",106.51,2.10,"11,710","3,574",73,23,1.74,1.97,"11,230","2,376","19,791",389,123,1.70,0,-14.83
377,제넥신,"4,925",하락,75,-1.50%,500,"13,208",66,"4,960","2,243",-372,-3.02,"45,193","5,030","4,970","3,450",9.69,-22.82,"5,030","4,624",834,-637,4.09,-17.66,"4,920","5,981","45,540",29,"-1,633",0.92,N/A,-33.75
378,뉴파워프라즈마,"5,130",하락,70,-1.35%,100,"29,482",152,"5,140","2,241",325,11.27,"90,115","5,200","5,150","9,415",102.30,7.43,"5,220","15,831","5,465",232,4.40,2.87,"5,110","10,180","43,693","5,198",455,0.75,50,48.24
379,어보브반도체,"12,530",하락,170,-1.34%,500,"345,519","4,468","12,640","2,228",-51,32.21,"1,244,573","13,280","12,680","2,930",65.17,2.44,"13,300","6,272","1,385",-181,3.47,-6.23,"12,480","1,745","17,781","2,321",389,1.79,150,-0.14
380,애니플러스,"4,545",하락,150,-3.19%,100,"370,099","1,693","4,545","2,226",251,11.48,"696,188","4,695","4,560","2,556",9.96,15.20,"4,700","14,101","1,317",180,8.76,7.92,"4,505","12,622","48,986","1,310",396,1.73,0,17.63
381,퀄리타스반도체,"15,810",상승,240,+1.54%,500,"717,547","11,673","15,850","2,219",-227,-11.30,"1,623,595","16,320","15,860",640,-102.87,-48.62,"16,820","6,535",134,-191,0.02,-36.39,"15,550",953,"14,037",61,"-1,399",4.82,0,-43.62
382,나이스정보통신,"22,100",하락,700,-3.07%,500,"8,025",178,"22,050","2,210",399,6.20,"30,496","22,800","22,100","11,226",8.55,11.22,"22,800","3,302","7,367",377,23.62,3.23,"22,050","1,761","10,000","9,751","3,562",0.55,810,9.37
383,풍원정밀,"10,490",하락,220,-2.05%,500,"4,773",51,"10,660","2,207",-182,-7.31,"34,116","11,100","10,730",963,16.80,-70.74,"11,100",735,689,-301,0.40,-30.26,"10,470",846,"21,040",493,"-1,436",10.27,0,14.42
384,디앤씨미디어,"17,590",하락,420,-2.33%,500,"23,082",411,"17,640","2,203",103,20.26,"64,399","18,010","17,670","1,153",194.82,13.25,"18,190","2,838",272,108,1.86,10.09,"17,580","1,087","12,524",835,868,2.43,N/A,38.33
385,텔레칩스,"14,490",하락,160,-1.09%,500,"17,177",253,"14,580","2,194",49,-6.12,"59,715","14,920","14,620","3,779",-70.95,-17.22,"14,940",922,"1,761",-386,2.09,-10.25,"14,400","1,924","15,144","1,866","-2,369",1.08,60,-2.34
386,제테마,"6,110",하락,20,-0.33%,500,"24,626",151,"6,110","2,191",41,-89.85,"220,645","6,210","6,130","2,227",56.09,-0.26,"6,210","12,701","1,513",-26,0.79,-1.13,"6,090","7,062","35,859",685,-68,3.18,0,16.70
387,아나패스,"18,050",하락,130,-0.72%,500,"7,418",134,"17,970","2,188",200,11.35,"50,580","18,250","18,010","1,176",348.44,29.88,"18,250","2,400",449,189,4.47,16.47,"17,850","1,268","12,123","1,822","1,590",2.86,N/A,154.96
388,아이씨티케이,"16,180",하락,520,-3.11%,500,"238,966","3,899","16,200","2,171",-67,-32.42,"732,865","16,830","16,210",458,N/A,N/A,"16,880","12,861",28,-58,1.05,N/A,"16,100","4,618","13,421",67,-499,5.24,0,N/A
389,제일일렉트릭,"9,740",하락,140,-1.42%,500,"47,725",467,"9,770","2,164",89,20.86,"248,404","9,930","9,780","2,193",N/A,N/A,"9,940","7,559",648,104,1.59,N/A,"9,730","2,274","22,220","1,863",467,1.42,100,N/A
390,푸른소나무,"8,790",보합,0,0.00%,500,0,0,0,"2,161",-15,-32.20,0,0,0,116,85.36,-417.81,0,0,89,-77,0.00,-72.26,0,0,"24,580",37,-273,64.24,N/A,80.83
391,대원산업,"10,780",하락,130,-1.19%,500,"12,218",132,"10,760","2,160",750,2.43,"55,681","10,960","10,780","7,117",58.72,15.16,"11,170","1,725","1,993",726,13.07,11.38,"10,680",560,"20,038","9,315","4,430",0.41,200,19.78
392,대양전기공업,"22,550",보합,0,0.00%,500,"13,119",297,"22,500","2,157",157,9.96,"57,828","22,550","22,600","3,086",320.05,8.32,"22,950","3,007",633,196,5.51,6.46,"22,100","1,482","9,567","1,963","2,263",0.83,100,27.17
393,인터로조,"16,315",하락,65,-0.40%,500,"4,715",77,"16,310","2,156",58,-100.09,"84,417","16,380","16,320","2,344",12.02,0.11,"16,390","2,785",645,2,8.52,0.07,"16,300","5,328","13,216","1,158",-163,1.22,300,-2.90
394,LB세미콘,"3,695",하락,15,-0.40%,500,"36,788",137,"3,705","2,146",-188,-7.13,"178,554","3,730","3,720","8,060",-48.16,-9.19,"3,780","6,900","4,598",-230,29.32,-2.88,"3,680","4,451","58,083","4,509",-518,0.65,N/A,8.16
395,동국산업,"3,955",상승,5,+0.13%,"1,000","48,904",194,"3,970","2,145",120,-38.40,"107,809","3,950","3,985","9,428",144.20,-1.63,"4,030","6,659","4,545",-296,5.46,-3.23,"3,915","13,134","54,244","7,903",-103,0.53,130,4.40
396,사피엔반도체,"26,100",하락,"1,400",-5.09%,100,"87,657","2,354","26,400","2,144",-34,-87.00,"290,764","27,550","26,650",312,50.22,-125.23,"28,450","9,848",148,-171,3.99,-64.70,"26,000","2,897","8,213",80,-300,13.92,0,148.96
397,한국알콜,"9,870",상승,30,+0.30%,500,"33,557",331,"9,880","2,132",274,7.98,"34,911","9,900","9,930","6,549",25.38,4.96,"9,960","8,850",930,304,3.10,4.64,"9,810","4,504","21,606","4,210","1,237",0.39,110,-3.94
398,멀티캠퍼스,"35,950",하락,750,-2.04%,500,"2,972",107,"36,000","2,131",389,7.23,"12,558","36,700","36,050","3,207",-3.37,15.16,"36,700","2,726",997,315,7.69,9.97,"35,900",441,"5,927","3,527","4,970",1.02,"2,100",-1.63
399,KG모빌리언스,"5,570",하락,530,-8.69%,500,"738,608","4,212","5,650","2,117",74,31.29,"10,469,363","5,960","5,670","5,385",-77.48,2.84,"5,960","67,142","1,915",82,4.46,1.54,"19,300","2,920","10,866","1,105",925,1.97,N/A,12.08
400,안트로젠,"21,150",보합,0,0.00%,500,"3,893",82,"21,000","2,116",-37,-85.28,"9,230","21,300","21,100","1,161",26.09,-1.91,"21,350","1,056",59,-23,4.38,-1.73,"21,500","1,809","9,750","2,229","1,559",0.85,600,1.20
401,KG모빌리언스,"5,570",하락,530,-8.69%,500,"738,608","4,212","5,650","2,117",74,31.29,"10,469,363","5,960","5,650","5,385",-77.48,2.84,"5,960","69,407","1,915",82,4.46,1.54,"5,560","4,557","38,011","2,661",178,0.59,0,22.77
402,서호전기,"41,100",하락,"1,750",-4.08%,500,"13,706",572,"41,550","2,117",16,13.82,"43,768","42,850","41,600","1,020",-87.32,12.69,"42,850","1,860",126,115,5.56,11.15,"41,100",937,"5,150",465,"2,974",2.13,220,-4.82
403,안트로젠,"21,150",보합,0,0.00%,500,"3,893",82,"21,000","2,116",-37,-85.28,"9,230","21,300","21,150","1,161",26.09,-1.91,"21,350",988,59,-23,4.38,-1.73,"20,700",490,"10,006",69,-248,2.24,"2,500",-29.78
404,디지털대성,"7,610",보합,0,0.00%,500,"3,765",29,"7,610","2,106",237,13.05,"14,467","7,700","7,620","3,380",-5.28,10.45,"7,700","1,031","1,769",161,3.01,5.49,"7,590","16,410","27,675","2,177",583,1.64,N/A,6.66
405,와이즈넛,"16,070",하락,930,-5.47%,500,"138,795","2,275","16,350","2,105",17,160.70,"295,606","16,810","16,400",580,-50.74,6.10,"17,000","6,180",66,31,0.00,5.38,"16,030","2,070","13,097",349,100,3.38,500,2.92
406,지투파워,"11,230",상승,260,+2.37%,500,"386,499","4,343","11,090","2,101",37,62.74,"650,061","11,300","11,100",641,488.22,12.22,"11,450","19,321",274,42,0.00,7.03,"11,000","2,307","18,709",554,179,5.73,71,-0.72
407,DSC인베스트먼트,"7,730",하락,370,-4.57%,500,"623,351","4,893","7,820","2,087",150,28.84,"2,287,342","8,110","7,830","1,578",-14.77,9.98,"8,120","103,391",435,106,2.82,7.09,"7,710","6,337","27,000",386,268,1.82,N/A,12.16
408,에브리봇,"16,980",하락,400,-2.30%,500,"41,220",710,"17,000","2,086",-22,"2,122.50","112,894","17,720","17,020","1,177",N/A,N/A,"17,730","2,134",508,3,0.00,N/A,"16,950","1,305","12,284",298,8,3.19,40,15.08
409,비나텍,"32,700",하락,400,-1.21%,500,"10,824",358,"32,750","2,084",-81,-16.41,"32,464","33,250","32,800","1,761",-365.73,-12.25,"33,950","1,085",922,-97,1.78,-6.32,"32,600",609,"6,372",596,"-1,993",2.41,0,N/A
410,오가노이드사이언스,"31,800",상승,"2,100",+7.07%,500,"433,005","13,685","31,750","2,082",-122,-14.90,"182,347","30,550","32,350",259,-24.91,36.26,"32,450","1,699",106,-115,0.42,-39.34,"30,200","25,296","6,546",20,"-2,134",10.94,24,8.42
411,유비케어,"3,985",하락,45,-1.12%,500,"69,076",276,"4,020","2,080",52,181.14,"86,847","4,050","4,025","1,601",47.12,-1.55,"4,065","3,292",523,-16,2.43,-0.99,"3,955","5,550","52,197","1,906",22,2.02,30,23.73
412,폴라리스AI,"2,840",하락,60,-2.07%,500,"348,732",999,"2,840","2,065",-13,54.62,"667,104","2,915","2,845","1,160",-189.87,1.32,"2,915","42,791",203,11,1.10,1.05,"2,830","17,365","72,696",531,52,2.11,0,-10.71
413,파이버프로,"6,280",하락,150,-2.33%,100,"73,922",470,"6,340","2,063",72,28.29,"307,209","6,440","6,360",499,175.42,20.26,"6,470","15,499",113,72,2.38,15.80,"6,240","5,453","32,854",329,222,5.43,66,69.93
414,압타바이오,"7,630",하락,90,-1.17%,500,"13,801",106,"7,660","2,051",-189,-6.84,"46,002","7,720","7,650",774,-15.15,-50.84,"7,720","3,376",232,-294,1.35,-34.57,"7,630","5,895","26,881",34,"-1,115",3.96,N/A,937.76
415,엑세스바이오,"5,420",하락,110,-1.99%,0,"45,641",249,"5,460","2,045",-42,-20.93,"190,166","5,480","5,480","7,409",-119.59,-0.06,"5,530","17,974",884,-11,4.53,-0.15,"5,390","3,897","37,728","1,125",-259,0.32,N/A,-67.74
416,탑머티리얼,"25,100",하락,150,-0.59%,500,"8,602",219,"25,250","2,044",-72,-18.55,"17,186","25,500","25,350","2,074",-152.29,-5.50,"25,800","1,001",663,-82,0.00,-3.97,"25,000","1,797","8,144","1,061","-1,353",1.44,0,-13.19
417,와이지-원,"6,080",하락,130,-2.09%,500,"96,110",588,"6,100","2,041",558,16.84,"161,033","6,220","6,110","10,762",2.07,4.47,"6,230","19,520","6,726",170,19.34,1.67,"6,060","5,197","33,574","5,750",361,0.56,160,3.94
418,동신건설,"24,300",하락,550,-2.21%,500,"9,547",234,"24,350","2,041",6,137.29,"35,536","24,850","24,400","1,126",-90.76,3.07,"24,950","3,637",139,30,2.51,2.60,"24,300",512,"8,400",690,177,2.12,250,-16.65
419,에이스테크,"2,685",상승,15,+0.56%,500,"26,210",70,"2,690","2,027",-311,-2.95,"130,434","2,685","2,710","3,049",49.99,-67.32,"2,715","4,100","2,093",-408,0.00,-14.44,"2,645","18,385","75,506","1,451",-909,2.08,0,3.59
420,나무가,"13,790",하락,70,-0.51%,500,"5,304",73,"13,810","2,025",209,8.60,"28,422","13,920","13,840","2,644",-7.82,16.64,"13,990","1,938",975,261,3.07,11.11,"13,720","1,026","14,685","4,504","1,604",1.22,650,23.18
421,앱클론,"10,580",상승,120,+1.15%,500,"25,228",264,"10,460","2,020",-156,-11.29,"73,218","10,500","10,500",482,-33.87,-57.57,"10,670","3,847",188,-163,8.51,-34.83,"10,350","1,022","19,093",23,-937,8.20,0,-18.67
422,바이오솔루션,"8,240",하락,70,-0.84%,500,"70,282",584,"8,190","1,998",-51,-18.35,"269,509","8,310","8,220",675,1.42,-32.51,"8,510","4,535",362,-119,2.49,-14.93,"8,110","1,996","24,251",129,-449,6.85,0,3.43
423,쇼박스,"3,185",하락,115,-3.48%,500,"154,665",496,"3,170","1,995",245,33.88,"178,896","3,300","3,180","1,540",186.67,23.14,"3,300","17,241",219,274,2.91,19.17,"7,300","2,215","27,270","1,054",212,2.12,N/A,37.60
424,씨에스베어링,"7,310",하락,120,-1.62%,500,"28,336",208,"7,340","1,993",21,34.48,"143,844","7,440","7,350","1,480","3,596.39",2.80,"7,480","8,521",542,25,1.12,1.68,"3,150","33,537","62,638",931,94,1.64,150,131.81
425,아미코젠,"3,620",하락,80,-2.16%,500,"132,396",486,"3,660","1,992",-71,-3.76,"256,910","3,720","3,680","2,942",-442.93,-35.39,"3,740","14,871","1,711",-509,6.98,-13.37,"3,600","2,425","55,018","1,736",-963,1.70,N/A,8.57
426,헥토이노베이션,"15,150",하락,"1,160",-7.11%,500,"356,597","5,398","15,140","1,988",489,6.98,"1,029,334","15,910","15,150","6,922",28.48,14.63,"15,960","4,685","3,624",348,7.87,5.46,"14,820","6,181","13,125","3,195","2,169",0.98,490,10.74
427,AP위성,"13,170",하락,50,-0.38%,500,"24,017",318,"13,210","1,986",73,32.20,"73,173","13,270","13,280","1,352",-27.51,10.41,"13,370","5,539",299,104,1.07,7.46,"13,160","2,881","15,082",586,409,1.78,N/A,18.61
428,인터플렉스,"8,510",하락,60,-0.70%,500,"13,408",115,"8,530","1,985",344,3.98,"64,173","8,610","8,560","3,649",58.79,21.95,"8,610","3,633",831,551,3.20,16.55,"8,480","3,544","23,327","4,975","2,140",0.69,N/A,13.54
429,컴투스홀딩스,"30,100",하락,"2,750",-8.37%,500,"60,935","1,866","30,600","1,985",-506,-4.50,"158,719","31,900","30,700","5,420","-1,408.36",-13.72,"32,450","1,822","3,305",-425,3.65,-7.47,"29,950",405,"6,595","1,493","-6,695",0.83,N/A,-2.49
430,이수앱지스,"5,350",하락,60,-1.11%,500,"27,352",147,"5,370","1,979",134,8.59,"168,921","5,420","5,400","1,602",244.86,16.53,"5,450","7,846",594,147,3.06,8.02,"5,320","5,484","36,988",603,623,2.03,0,10.96
431,성우,"13,120",하락,50,-0.38%,500,"20,548",270,"13,090","1,974",146,9.42,"52,569","13,230","13,120","2,549",-49.40,10.71,"13,310","4,918",321,182,1.70,8.71,"13,010",751,"15,046","1,309","1,393",0.90,150,-10.74
432,드림시큐리티,"3,900",하락,95,-2.38%,100,"269,129","1,060","3,920","1,974",256,16.60,"559,567","4,005","3,930","5,366",-22.94,11.91,"4,010","13,378","3,889",121,4.54,2.56,"3,890","8,655","50,606","2,688",235,1.64,N/A,15.51
433,레드캡투어,"11,790",하락,260,-2.16%,500,"20,503",243,"11,820","1,971",436,8.18,"40,731","12,040","11,850","6,972",12.37,9.64,"6,570","13,101","21,452",183,3.03,0.79,"6,340","1,503","30,902","5,165",293,0.86,300,-12.56
434,케이프,"6,370",하락,90,-1.39%,500,"58,276",374,"6,390","1,968",390,21.74,"218,518","6,500","6,410","24,047",-4.79,7.47,"12,040","8,203","4,816",202,9.35,2.81,"11,780","5,758","16,721","3,589","1,442",1.03,"2,150",6.12
435,이화전기,899,보합,0,0.00%,200,0,0,0,"1,968",17,-40.86,0,0,0,"2,799",-51.38,-5.83,0,0,523,-137,0.87,-4.69,0,0,"218,949",645,-22,0.86,0,-1.07
436,위지윅스튜디오,"1,143",하락,2,-0.17%,500,"427,785",489,"1,152","1,955",-118,-3.66,"2,436,594","1,145","1,155","2,935",41.74,-28.05,"1,163","6,000","1,199",-603,4.10,-19.10,"1,123","14,650","171,049",804,-312,1.19,N/A,-45.41
437,티씨머티리얼즈,"5,710",상승,90,+1.60%,500,"481,605","2,785","5,690","1,954",109,30.70,"826,177","5,740","5,710",762,25.76,12.51,"5,890","44,382",193,63,0.46,8.58,"5,660","31,905","34,228","3,039",186,3.32,0,20.57
438,그래디언트,"14,270",하락,40,-0.28%,"2,500","10,295",146,"14,130","1,952",-55,-4.27,"53,925","14,310","14,140","17,380",-289.46,-7.70,"14,510","1,303","9,559",-260,3.58,-1.43,"14,100","5,156","13,677","33,179","-3,341",0.37,200,-3.10
439,로체시스템즈,"12,730",하락,120,-0.93%,500,"10,621",137,"12,750","1,947",198,13.85,"52,431","12,970","12,760","1,575",65.83,10.36,"17,100","2,686","2,533",-46,5.96,-0.92,"16,620","5,864","11,568","1,426",-566,0.98,700,-2.87
440,덕산하이메탈,"4,285",하락,25,-0.58%,200,"48,055",207,"4,300","1,947",186,15.64,"183,102","4,350","4,305","8,185",269.97,6.76,"13,080","3,929",352,121,43.33,8.23,"12,710",192,"15,297","1,601",919,1.52,50,52.07
441,디에스케이,"7,570",하락,30,-0.39%,500,"14,459",109,"7,560","1,946",-197,-19.41,"162,504","7,670","7,580","1,664",-102.94,-6.21,"4,380","13,593","3,636",313,2.38,3.99,"4,270","7,234","45,437","2,359",274,0.62,N/A,63.30
442,금화피에스시,"32,400",하락,450,-1.37%,500,"8,159",266,"32,450","1,944",362,5.38,"27,373","32,850","32,600","4,618",-16.71,11.59,"7,670","4,438",329,-114,1.37,-6.77,"7,430",755,"25,710",226,-390,1.64,N/A,-68.34
443,KT나스미디어,"16,800",하락,200,-1.18%,500,"4,462",75,"16,700","1,943",199,-29.68,"37,010","17,010","16,710","4,927",-2.81,-3.13,"33,150","4,104","1,009",400,19.51,8.98,"32,400",663,"6,000","3,402","6,021",0.54,"1,400",0.78
444,유니셈,"6,330",하락,20,-0.31%,500,"53,817",344,"6,360","1,941",100,14.22,"138,215","6,420","6,380","2,631",-42.64,7.02,"6,490","18,775",348,155,7.43,6.12,"6,330","5,271","30,664","2,182",445,0.81,80,-6.01
445,지니언스,"21,300",하락,450,-2.07%,500,"124,551","2,764","21,400","1,934",98,17.36,"68,665","21,950","21,500",693,52.16,20.33,"23,300","9,160",125,109,26.70,16.41,"21,100","1,779","9,080",496,"1,227",3.35,250,15.65
446,노바텍,"18,170",하락,270,-1.46%,500,"15,202",276,"18,150","1,922",126,12.89,"61,931","18,430","18,190","1,834",-50.75,10.80,"18,440","3,449",125,172,2.13,9.78,"18,090","2,226","10,576",658,"1,410",1.16,"1,409",-28.79
447,BGF에코머티리얼즈,"3,055",하락,5,-0.16%,500,"29,865",91,"3,055","1,918",140,13.70,"40,542","3,045","3,065","7,152",-18.51,4.00,"3,090","6,250","2,213",155,1.13,2.41,"3,035","7,550","62,767","3,643",223,0.47,50,27.54
448,우양에이치씨,"13,100",하락,200,-1.50%,500,"13,677",179,"13,110","1,906",311,13.82,"104,788","13,310","13,140","2,609",23.02,17.19,"13,390","2,581",878,274,0.65,10.63,"23,100","3,605","7,995",942,"-1,861",1.99,0,-21.45
449,이크레더블,"15,820",하락,170,-1.06%,500,"6,750",107,"15,860","1,905",150,14.61,"26,742","16,100","15,870",594,18.68,27.34,"16,100","2,194",104,129,9.41,22.74,"13,030",693,"14,548","1,832",948,1.03,N/A,-8.40
450,하나기술,"23,800",상승,650,+2.81%,500,"16,526",391,"23,850","1,903",-264,-12.79,"26,097","23,300","23,950","2,400",-318.01,-14.73,"23,950",599,"1,421",-155,1.99,-6.58,"15,810","1,408","12,044",451,"1,083",6.27,"1,590",9.70
451,바이오에프디엔씨,"21,850",하락,400,-1.80%,500,"17,040",371,"21,950","1,900",49,37.61,"114,022","22,650","22,000",673,-3.60,7.39,"22,650","3,129",42,45,11.34,6.92,"20,250","4,908","9,367",614,"1,162",2.73,N/A,34.88
452,오로스테크놀로지,"20,250",보합,0,0.00%,500,"18,303",373,"20,300","1,897",61,17.43,"41,560","20,700","20,450",944,156.71,9.05,"20,700","2,274",262,59,1.30,7.01,"21,350","2,130","8,696",161,581,2.87,N/A,3.04
453,동양이엔피,"24,100",하락,150,-0.62%,500,"7,404",179,"24,100","1,894",516,2.85,"21,615","24,250","24,250","4,885",20.16,19.25,"24,300","6,915",874,695,7.57,15.23,"23,950","6,028","7,860","5,484","8,455",0.45,600,2.14
454,에스텍,"17,360",하락,610,-3.39%,500,"26,416",465,"17,490","1,894",440,3.95,"52,950","17,970","17,600","3,880",79.12,25.76,"17,970","2,182","1,845",463,58.01,14.11,"17,340",764,"10,910","5,094","4,392",0.71,850,22.86
455,KZ정밀,"11,970",하락,30,-0.25%,500,"2,714",33,"12,010","1,885",152,14.37,"8,165","12,070","12,070","6,044",-26.95,4.69,"12,070","2,858","1,221",192,5.83,3.84,"11,960",176,"15,750","1,127",833,0.47,800,-18.74
456,디와이피엔에프,"17,590",하락,340,-1.90%,500,"4,410",78,"17,600","1,885",246,7.52,"24,696","18,000","17,650","3,208",195.44,15.14,"18,000",468,"1,926",182,4.37,5.94,"17,520",506,"10,714","2,810","2,339",1.23,N/A,95.08
457,마이크로컨텍솔,"22,550",하락,150,-0.66%,500,"163,678","3,637","22,300","1,875",102,14.46,"231,084","23,400","22,400",769,37.36,17.78,0,0,281,284,2.38,25.24,0,0,"188,472","1,285",227,2.24,N/A,-20.01
458,현대사료,994,보합,0,0.00%,100,0,0,0,"1,873",27,4.38,0,0,0,"1,170",-56.45,340.50,"23,400","6,811",119,107,15.61,15.27,"21,200","4,602","8,313",697,"1,560",2.72,80,7.48
459,KX,"4,165",하락,110,-2.57%,500,"29,794",125,"4,185","1,867",597,2.31,"73,358","4,275","4,190","8,868",-3.73,27.09,"4,275","18,175","4,438",975,1.95,10.14,"4,150","1,783","44,820","4,038","1,804",0.52,190,0.18
460,에스피소프트,"7,540",하락,250,-3.21%,100,"54,510",417,"7,570","1,866",38,48.03,"120,661","7,870","7,600",768,N/A,N/A,"7,870","9,384",142,3,1.88,N/A,"7,530","5,407","24,741",451,157,2.87,0,N/A
461,삼지전자,"11,400",하락,220,-1.89%,500,"43,183",493,"11,370","1,860","1,156",2.85,"65,411","11,620","11,380","12,019",47.57,16.21,"11,700","10,608","5,617",941,5.61,8.49,"11,360","1,382","16,319","33,597","4,004",0.42,450,32.99
462,아가방컴퍼니,"5,650",상승,10,+0.18%,500,"83,219",471,"5,640","1,858",152,17.17,"63,839","12,700","12,670","3,907",378.73,13.70,"12,760","13,144","1,895",264,6.55,7.18,"12,560","1,525","14,677","3,055","1,356",0.93,500,63.51
463,아바코,"12,640",하락,20,-0.16%,500,"30,388",384,"12,630","1,855",211,9.32,"373,436","5,700","5,660","2,238",-8.27,6.64,"5,720","16,941",562,102,2.85,4.57,"5,630","10,546","32,888","1,827",329,0.93,N/A,-1.97
464,휴마시스,"1,433",하락,29,-1.98%,100,"433,824",626,"1,436","1,854",-106,-5.49,"1,709,228","1,462","1,437","3,319",79.83,-11.79,"1,463","68,973",828,-356,5.53,-10.47,"1,431","14,223","129,375",254,-261,0.71,N/A,83.79
465,흥구석유,"12,350",하락,380,-2.99%,100,"291,045","3,608","12,440","1,852",-3,280.68,"2,983,115","12,670","12,450",929,-425.10,0.79,"12,670","6,245",140,6,0.00,0.67,"12,310","6,715","15,000","1,169",44,2.28,30,-7.77
466,에스와이스틸텍,"6,050",하락,200,-3.20%,500,"157,799",962,"6,040","1,852",81,39.80,"691,046","6,170","6,060",800,-44.49,12.65,"6,180","26,954",299,61,2.74,7.62,"6,010","3,083","30,610","1,170",152,3.76,50,-2.32
467,강원에너지,"7,080",하락,40,-0.56%,500,"6,959",49,"7,070","1,850",68,73.75,"35,455","7,130","7,110","1,639",-2.25,2.60,"2,025","33,279",921,-516,0.58,-13.70,"1,990","110,031","92,716","1,624",-811,0.70,20,45.43
468,HB테크놀러지,"1,991",하락,14,-0.70%,500,"309,639",621,"2,010","1,846",-165,-2.45,"1,228,766","2,010","2,015","3,488",25.16,-18.17,"7,210","4,629",920,-6,1.84,-0.35,"7,000","3,510","26,123","2,244",96,4.52,N/A,61.21
469,경동제약,"5,960",하락,10,-0.17%,500,"5,993",36,"5,950","1,834",26,31.53,"32,272","5,970","5,960","3,029",110.51,2.44,"5,980","12,716",825,54,1.72,1.83,"5,950","4,323","30,769","1,939",189,0.75,300,19.22
470,대한약품,"30,550",상승,50,+0.16%,500,"8,448",260,"30,700","1,833",381,5.53,"17,218","30,750","30,750","3,244",6.38,12.89,"30,950","3,930",484,338,16.57,10.91,"30,500","4,770","6,000","2,042","5,523",0.65,900,4.23
471,모다이노칩,"2,285",하락,35,-1.51%,500,"2,269",5,"2,300","1,822",386,23.56,"16,051","2,320","2,305","9,681",137.95,3.47,"2,340","13,892","5,865",127,0.14,1.30,"2,285","4,971","79,722","3,889",97,0.50,N/A,-0.28
472,HB솔루션,"2,490",하락,15,-0.60%,500,"49,189",123,"2,490","1,821",193,-4.58,"251,925","2,530","2,500","2,933",185.95,-9.21,"2,530","17,219",724,-208,3.23,-7.02,"2,470","14,929","73,141","1,315",-544,0.82,30,36.77
473,더네이쳐홀딩스,"12,230",하락,250,-2.00%,500,"26,370",322,"12,180","1,816",301,9.33,"78,393","12,300","12,200","6,983",-55.05,4.91,"12,480","4,700","2,987",190,8.71,2.84,"12,140",970,"14,848","5,169","1,311",0.50,500,-5.75
474,마이크로디지탈,"10,040",상승,40,+0.40%,500,"17,180",171,"10,000","1,809",3,-209.17,"86,683","10,020","10,050",542,-68.20,2.38,"10,110","4,323",251,4,1.44,1.07,"9,820","4,050","18,015",115,-48,5.35,0,6.40
475,미투온,"5,950",하락,"1,330",-18.27%,500,"5,793,849","35,710","6,180","1,808",118,330.56,0,"6,450","6,190","2,910",-46.63,0.40,"6,540","14,557",512,40,0.16,1.46,"5,810","59,770","30,390",943,18,1.23,N/A,-13.47
476,랩지노믹스,"2,430",하락,40,-1.62%,500,"387,378",943,"2,430","1,804",-185,-8.93,"1,549,391","2,460","2,435","2,957",-167.09,-10.72,"2,465","137,838",793,-239,1.32,-7.85,"2,415","42,954","74,240",859,-272,0.86,N/A,20.85
477,원익피앤이,"3,800",상승,355,+10.30%,500,"544,555","1,969","3,535","1,803",-487,-6.13,"784,946","3,590","3,540","4,799","-1,784.43",-58.01,"3,800","13,442","4,004",-637,2.10,-12.68,"3,500","13,607","47,455","2,947",-620,1.89,N/A,-3.95
478,에스와이,"3,670",하락,45,-1.21%,500,"41,619",153,"3,670","1,795",219,-101.94,"203,609","3,700","3,675","4,334",61.79,2.02,"3,705","5,093","2,375",63,1.30,1.47,"3,665","7,294","48,907","5,610",-36,0.95,N/A,1.33
479,사람인,"15,290",하락,90,-0.59%,500,"4,248",65,"15,270","1,790",213,18.05,"13,983","15,380","15,310","2,097",-15.84,7.12,"15,380","1,593",297,123,22.51,5.94,"15,230","2,378","11,709","1,284",847,0.93,500,-2.41
480,국전약품,"3,580",하락,70,-1.92%,100,"27,128",98,"3,605","1,789",4,123.45,"129,206","3,640","3,615","2,123",-94.33,1.79,"3,655","10,901","1,148",5,0.64,0.25,"3,580","4,903","49,966","1,365",29,1.77,10,11.86
481,마음AI,"25,200",하락,450,-1.75%,500,"656,965","16,691","25,600","1,784",-71,-14.39,"993,730","25,300","25,650",497,-84.58,-51.91,"26,650","6,325",364,-87,1.16,-16.49,"24,100","18,889","7,080",78,"-1,751",8.27,0,-23.96
482,일진파워,"11,820",보합,0,0.00%,500,0,0,0,"1,782",103,97.69,0,0,0,"2,705",-21.70,7.94,0,0,"1,333",99,1.43,4.27,0,0,"15,079","1,931",121,1.36,330,1.19
483,와이솔,"6,430",하락,70,-1.08%,500,"29,635",191,"6,450","1,779",5,-57.41,"92,533","6,500","6,470","4,143",-96.58,3.12,"6,520","18,458",524,110,5.72,2.71,"6,420","3,479","27,672","3,750",-112,0.52,500,1.42
484,이엠텍,"10,370",하락,290,-2.72%,500,"25,648",269,"10,340","1,777",-305,-3.70,"78,028","10,580","10,400","3,462",-109.01,-19.74,"7,250","7,983",547,-107,2.62,-11.33,"6,750","3,672","25,412",537,-476,4.44,N/A,-20.72
485,덱스터,"6,990",하락,270,-3.72%,500,"138,376",962,"6,950","1,776",-89,-14.68,"183,674","7,250","6,970","1,036","-21,406.94",-22.64,"10,640","14,130","1,049",-95,0.85,-4.63,"9,900","2,225","17,774",206,-715,1.61,N/A,-54.19
486,서울옥션,"9,990",하락,"1,460",-12.75%,500,"701,294","7,182","9,990","1,776",-34,-13.97,"10,824,152","10,590","10,000","2,125",4.44,-8.44,"14,740","5,941","1,469",-287,0.96,-8.10,"14,100","7,920","12,184","1,193","-2,429",1.08,N/A,-2.99
487,네패스아크,"14,570",상승,180,+1.25%,500,"92,058","1,332","14,400","1,775",-26,-6.00,"287,509","14,610","14,450","3,122",-485.15,-14.67,"10,690","2,488","1,398",-447,6.66,-11.84,"10,330","7,611","17,133","1,676","-2,801",0.85,N/A,-36.39
488,케이에스피,"4,390",하락,55,-1.24%,500,"57,501",254,"4,395","1,764",138,13.10,"359,527","4,470","4,420","1,055",16.66,25.99,"4,500","8,212",341,153,2.65,16.91,"4,365","7,194","40,191",853,335,2.42,15,4.46
489,파워로직스,"4,810",하락,75,-1.54%,500,"18,234",88,"4,815","1,761",24,40.08,"94,112","4,870","4,840","4,161",-84.46,5.32,"4,890","8,865","1,981",100,1.21,2.49,"4,790","6,944","36,611","7,334",120,0.83,N/A,-5.14
490,엠케이전자,"7,980",하락,110,-1.36%,500,"26,641",214,"8,010","1,761",561,-8.37,"88,894","8,100","8,040","23,142",20.72,-7.45,"8,100","2,909","14,001",-377,4.78,-1.63,"7,970","4,604","22,066","11,706",-953,0.48,100,4.80
491,젝시믹스,"5,890",하락,60,-1.01%,500,"23,216",138,"5,910","1,760",249,9.20,"87,179","6,000","5,920","1,727",36.85,20.72,"6,000","7,412",582,209,3.65,13.69,"5,870","6,240","29,882","2,716",640,1.60,180,16.78
492,엘오티베큠,"9,880",상승,10,+0.10%,500,"41,522",411,"9,940","1,760",-42,-24.28,"64,755","9,890","9,950","3,392",-106.21,0.65,"9,990","8,169",824,24,5.56,0.67,"9,790","8,354","17,810","2,660",-407,0.64,N/A,-43.77
493,자이언트스텝,"7,790",하락,190,-2.38%,500,"33,084",261,"7,860","1,738",-173,-6.44,"82,612","7,980","7,890",917,33.64,-33.10,"8,050","8,356",216,-283,2.82,-25.85,"7,770","6,262","22,312",501,"-1,209",2.65,N/A,18.39
494,큐알티,"14,130",하락,250,-1.74%,500,"26,986",387,"14,180","1,736",48,59.62,"71,171","14,380","14,280","1,363",533.80,3.00,"14,670","1,679",460,29,4.83,2.06,"21,650","1,841","7,943","1,247",-584,1.35,N/A,-5.46
495,그리드위즈,"21,800",하락,700,-3.11%,200,"28,866",636,"21,950","1,732",-43,-37.33,"223,109","22,500","22,000","1,688",-372.86,-2.90,"22,550","4,652",384,-28,1.34,-1.92,"14,020","2,457","12,289",653,237,1.93,480,22.52
496,알서포트,"3,245",하락,75,-2.26%,100,"71,374",234,"3,280","1,729",37,83.21,"160,757","3,325","3,290","1,205",-53.60,3.23,"3,335","23,424",246,31,20.06,2.75,"3,235","2,771","53,267",475,39,1.76,10,-5.72
497,엔케이맥스,"2,020",보합,0,0.00%,500,0,0,0,"1,727",-51,-5.40,0,0,0,232,92.46,219.63,0,0,464,-355,4.73,-91.48,0,0,"85,519",88,-374,-7.32,0,-18.29
498,유비쿼스홀딩스,"9,810",하락,60,-0.61%,500,"1,679",16,"9,810","1,727",143,25.28,"11,123","9,890","9,840","3,877",-55.99,3.64,"9,890","1,059",311,214,3.53,5.50,"9,620",633,"17,605","1,256",388,0.65,130,-26.78
499,녹십자웰빙,"9,690",하락,190,-1.92%,500,"15,278",149,"9,700","1,720",130,15.73,"41,361","9,930","9,740","1,615",N/A,N/A,"9,930","3,401",566,71,4.03,N/A,"9,670","2,320","17,752","1,338",616,1.59,120,N/A
500,앱트뉴로사이언스,"1,080",하락,3,-0.28%,100,"131,388",142,"1,077","1,715",-128,-19.64,"1,693,569","1,075","1,088","2,064",-94.80,-27.51,"1,097","17,796","1,255",-192,3.42,-12.57,"1,066","17,059","158,791",184,-55,1.90,0,-9.98
