N,종목명,현재가,전일비변동,전일비,등락률,액면가,거래량,거래대금,매수호가,시가총액,영업이익,PER,전일거래량,시가,매도호가,자산총계,영업이익증가율,ROE,고가,매수총잔량,부채총계,당기순이익,외국인비율,ROA,저가,매도총잔량,상장주식수,매출액,주당순이익,PBR,보통주배당금,매출액증가율
1,알테오젠,"374,000",상승,"2,000",+0.54%,500,"29,572","11,132","378,000","199,959",254,160.03,"205,267","374,000","378,500","4,090",360.91,29.52,"380,000","2,096","1,349",607,14.58,18.25,"373,500","3,557","53,465","1,029","2,337",54.56,0,6.56
2,에코프로비엠,"101,200",상승,600,+0.60%,500,"55,344","5,590","101,100","98,975",-341,-106.64,"357,579","100,700","101,200","43,237",-121.86,-6.26,"102,000",596,"23,466",-585,12.03,-1.35,"99,700","1,398","97,801","27,668",-949,5.84,N/A,-59.91
3,HLB,"49,700",상승,600,+1.22%,500,"68,184","3,371","49,500","65,321","-1,185",-34.59,"493,487","49,200","49,550","8,874",5.21,-16.33,"49,900","2,033","2,353","-1,080",20.21,-13.22,"48,600","6,370","131,430",681,"-1,437",12.68,0,58.80
4,에코프로,"45,250",상승,100,+0.22%,100,"67,823","3,065","45,150","61,439","-2,930",-35.02,"584,486","45,250","45,200","81,383",-198.28,-12.57,"45,500","4,582","42,998","-2,954",20.97,-3.76,"44,750","3,610","135,776","31,279","-1,292",3.86,100,-56.92
5,레인보우로보틱스,"282,000",상승,"1,500",+0.53%,500,"12,870","3,623","281,500","54,708",-30,"6,878.05","107,438","282,000","282,500","1,399",93.32,1.62,"283,000","3,367",71,21,6.24,1.57,"280,500","4,077","19,400",193,41,41.45,N/A,26.80
6,파마리서치,"503,000",상승,"9,500",+1.93%,500,"10,138","5,085","499,000","52,863","1,261",50.00,"91,390","499,500","500,000","8,557",36.63,18.93,"506,000",294,"2,863",889,15.32,12.79,"495,500",769,"10,510","3,501","10,061",10.31,"1,100",34.14
7,휴젤,"385,500",하락,"2,500",-0.64%,500,"5,298","2,052","390,000","47,432","1,662",33.47,"57,251","386,000","391,500","9,394",41.13,17.51,"392,000",157,986,"1,431",55.72,15.32,"381,500",302,"12,304","3,730","11,517",4.94,0,16.69
8,펩트론,"192,900",상승,"4,600",+2.44%,500,"32,263","6,255","192,100","44,941",-165,-195.44,"552,488","193,600","192,300","1,689",-4.05,-23.46,"196,600",559,172,-220,5.60,-19.91,"190,700",251,"23,297",32,-987,30.19,N/A,-5.68
9,리가켐바이오,"115,100",상승,300,+0.26%,500,"35,042","4,023","115,300","42,138",-209,169.26,"302,218","114,500","115,500","7,384",74.12,2.04,"116,100","1,153","1,224",78,11.52,1.68,"113,000","1,260","36,610","1,259",680,7.15,N/A,268.71
10,클래시스,"62,500",하락,200,-0.32%,100,"16,172","1,014","62,800","40,941","1,224",39.83,"160,204","63,000","63,100","6,084",36.62,26.54,"63,100","2,934","1,557",975,71.74,19.83,"62,300","3,292","65,506","2,429","1,569",8.74,257,34.87
11,리노공업,"50,900",보합,0,0.00%,100,"29,867","1,521","51,000","38,792","1,242",31.79,"268,123","50,900","51,100","6,574",8.59,19.21,"51,100","4,810",348,"1,133",34.49,18.27,"50,600","13,148","76,212","2,782","1,601",6.37,600,8.85
12,실리콘투,"59,900",하락,"1,800",-2.92%,500,"335,040","20,072","59,900","36,642","1,376",27.26,"4,350,943","60,800","60,000","4,578",187.76,60.90,"60,900","33,693","1,962","1,207",9.02,35.88,"59,300","12,960","61,172","6,915","2,197",12.00,N/A,101.69
13,삼천당제약,"146,500",하락,800,-0.54%,500,"18,547","2,740","148,400","34,365",26,-296.56,"124,846","147,300","148,500","5,198",-72.36,-4.49,"149,000",928,"1,704",-51,2.02,-1.10,"146,300",860,"23,457","2,109",-494,13.00,200,9.48
14,코오롱티슈진,"41,550",상승,450,+1.09%,0,"37,471","1,571","41,300","33,905",-220,-91.52,"223,345","41,100","41,450","2,223",-7.28,-25.91,"42,550","1,531",764,-338,3.79,-18.92,"40,900",432,"81,601",51,-454,18.44,0,36.90
15,에이비엘바이오,"66,400",하락,800,-1.19%,500,"86,386","5,779","67,300","32,223",-594,-48.43,"756,172","67,500","67,500","2,320","-2,168.82",-46.01,"67,900","8,766",647,-555,13.65,-28.32,"66,000","1,998","48,528",334,"-1,371",25.21,N/A,-49.04
16,에스엠,"140,400",하락,600,-0.43%,500,"18,402","2,582","139,800","32,144",873,12.90,"169,026","140,300","139,900","14,191",-23.06,2.64,"141,800",362,"5,900",8,26.64,0.06,"139,500",420,"22,895","9,897","10,881",3.54,400,2.98
17,펄어비스,"42,600",상승,300,+0.71%,100,"24,312","1,039","42,650","27,370",-123,56.95,"157,150","42,300","42,700","11,428",24.82,7.88,"43,000","2,698","3,368",603,7.42,5.12,"42,300","1,167","64,248","3,424",748,3.24,N/A,2.67
18,JYP Ent.,"74,500",상승,200,+0.27%,500,"36,229","2,689","74,000","26,472","1,283",19.55,"198,186","74,400","74,000","6,788",-24.30,22.41,"74,800","3,468","1,959",977,22.69,15.63,"73,800","2,985","35,532","6,018","3,811",4.64,534,6.23
19,젬백스,"57,700",하락,"3,800",-6.18%,500,"80,056","4,732","60,500","23,891",-383,-37.49,"165,127","60,000","60,600","1,507",-387.24,-127.30,"60,900","2,616","1,217",-872,6.42,-61.01,"57,000","2,422","41,406",627,"-1,539",56.50,0,-13.18
20,HPSP,"27,900",상승,150,+0.54%,500,"43,752","1,226","28,000","23,296",939,28.94,"344,481","27,850","28,150","3,199",-1.32,31.09,"28,250","7,032",420,863,22.13,26.94,"27,800","8,778","83,499","1,814",964,9.12,600,1.29
21,셀트리온제약,"49,750",상승,100,+0.20%,500,"7,667",381,"49,750","21,730",372,79.35,"36,451","49,650","49,700","6,695",3.19,5.68,"50,000","2,046","2,725",220,4.50,3.35,"49,450","1,032","43,679","4,778",627,5.37,24,22.90
22,이오테크닉스,"171,200",상승,"3,000",+1.78%,500,"16,246","2,762","168,700","21,091",312,45.23,"49,851","168,500","168,800","6,530",0.84,7.43,"172,100",154,500,427,19.86,6.75,"167,200",553,"12,320","3,209","3,785",3.42,500,1.46
23,보로노이,"107,900",하락,"1,600",-1.46%,500,"13,608","1,471","107,300","19,841",-179,-48.78,"179,697","107,800","107,800",640,-65.09,-96.66,"109,800",786,297,-199,4.30,-38.23,"106,800",349,"18,388",98,"-2,212",36.60,0,-33.93
24,파크시스템스,"281,500",하락,"4,000",-1.40%,500,"2,690",759,"283,500","19,684",385,35.72,"12,528","283,500","284,500","2,743",39.80,25.83,"285,000",472,864,428,33.45,17.99,"280,000",154,"6,992","1,751","7,881",9.75,500,20.89
25,신성델타테크,"69,000",하락,100,-0.14%,500,"26,392","1,802","67,800","18,964",272,"-1,500.00","133,502","67,700","67,900","7,741",-9.01,-0.48,"69,100","3,551","4,568",74,6.59,1.02,"67,700","1,576","27,484","9,097",-46,8.94,120,9.12
26,케어젠,"35,150",상승,900,+2.63%,100,"33,330","1,182","34,950","18,881",342,60.50,"157,330","34,400","35,150","2,407",-15.18,14.35,"36,100","3,375",177,323,4.94,13.24,"34,400","1,737","53,715",826,581,8.11,640,4.26
27,네이처셀,"28,200",상승,350,+1.26%,500,"31,442",881,"27,900","18,171",6,"-9,400.00","398,487","27,900","27,900",720,105.82,1.95,"28,350","5,814",74,12,6.99,1.75,"27,700","2,174","64,435",323,-3,28.57,0,67.09
28,씨젠,"33,750",상승,650,+1.96%,500,"35,823","1,199","33,200","17,626",-165,165.44,"259,495","33,100","33,350","12,053",45.17,-2.03,"33,800","2,620","2,238",-203,16.77,-1.65,"32,950","4,968","52,226","4,143",204,1.55,800,12.76
29,와이지엔터테인먼트,"94,100",하락,"1,100",-1.16%,500,"29,940","2,819","93,700","17,588",-206,75.34,"187,422","95,200","93,800","7,343",-123.65,3.90,"95,300","2,108","1,311",200,15.50,2.71,"93,400","1,991","18,691","3,649","1,249",3.59,250,-35.88
30,동진쎄미켐,"32,950",상승,250,+0.76%,500,"54,929","1,809","32,850","16,941","2,082",11.03,"243,174","32,700","32,950","20,170",18.19,17.17,"33,100","9,184","9,966","1,435",9.85,7.92,"32,650","11,194","51,414","14,081","2,986",1.65,200,7.50
31,루닛,"57,100",하락,500,-0.87%,500,"93,316","5,355","57,300","16,645",-677,-23.89,"1,080,194","57,300","57,600","4,350",-60.30,-41.21,"57,900","8,045","2,702",-824,10.13,-23.45,"56,500","4,761","29,150",542,"-2,390",9.66,0,116.03
32,CJ ENM,"75,400",상승,500,+0.67%,"5,000","4,793",361,"75,600","16,535","1,045",-3.00,"71,640","75,000","76,000","93,166",815.59,-16.69,"76,000",847,"56,386","-5,808",17.11,-6.03,"75,000",813,"21,929","52,314","-25,100",0.57,N/A,19.76
33,카카오게임즈,"19,400",상승,280,+1.46%,100,"71,698","1,385","19,300","16,076",191,-12.08,"1,118,151","19,230","19,310","31,732",-74.60,-7.96,"19,480","2,859","16,949","-1,281",9.94,-3.86,"19,150","4,279","82,866","6,272","-1,606",1.21,N/A,-13.58
34,에스티팜,"77,900",상승,900,+1.17%,500,"8,389",655,"78,300","15,699",277,52.32,"50,798","77,600","78,500","7,219",-17.36,7.82,"78,700",824,"2,189",325,5.89,4.65,"77,600",892,"20,153","2,738","1,489",3.17,500,-3.94
35,스튜디오드래곤,"51,300",하락,100,-0.19%,500,"7,337",376,"51,200","15,420",364,98.46,"54,088","51,300","51,400","9,255",-34.86,4.63,"51,500","1,497","1,859",335,12.85,3.32,"51,000",953,"30,058","5,501",521,2.09,N/A,-26.96
36,주성엔지니어링,"31,100",상승,50,+0.16%,500,"49,016","1,520","31,000","14,700",972,12.48,"370,686","31,000","31,050","9,868",235.88,19.76,"31,200","10,626","4,202","1,068",17.49,11.92,"30,800","4,150","47,268","4,094","2,491",2.45,287,43.78
37,디어유,"60,300",하락,"1,200",-1.95%,500,"102,747","6,177","60,500","14,314",254,69.31,"318,599","61,100","60,600","2,203",N/A,N/A,"61,100","7,339",243,244,6.55,N/A,"59,400",816,"23,738",749,870,7.26,215,N/A
38,솔브레인,"180,600",상승,600,+0.33%,500,"1,451",262,"180,400","14,048","1,679",13.56,"19,712","179,100","180,700","11,682",25.82,12.47,"181,400",303,"1,309","1,196",31.62,11.06,"179,100",88,"7,779","8,634","13,317",1.34,"2,300",2.29
39,비에이치아이,"42,500",상승,50,+0.12%,500,"54,177","2,311","42,450","13,151",219,59.03,"533,072","42,550","42,500","5,248",45.34,20.64,"43,200","3,121","4,083",196,17.45,4.12,"42,150","1,911","30,944","4,047",720,10.57,N/A,10.16
40,원익IPS,"26,700",상승,250,+0.95%,500,"13,601",363,"26,600","13,105",106,34.06,"154,276","26,850","26,700","11,241",158.88,2.37,"26,900","3,407","2,367",207,25.19,1.88,"26,500","1,481","49,084","7,482",784,1.48,50,8.38
41,메디톡스,"176,000",하락,"1,900",-1.07%,500,"9,103","1,605","176,400","12,845",203,61.28,"171,163","178,200","177,300","6,152",17.47,3.62,"178,600",355,"1,444",161,13.32,2.62,"174,900",462,"7,298","2,286","2,872",2.68,"1,100",3.39
42,ISC,"60,300",상승,500,+0.84%,500,"39,970","2,413","59,900","12,782",448,27.97,"155,114","61,000","60,000","5,829",317.11,10.98,"61,100","2,009",597,549,17.92,9.76,"59,700","2,116","21,197","1,745","2,156",2.41,810,24.43
43,브이티,"35,450",상승,150,+0.42%,500,"133,160","4,695","35,450","12,690","1,109",12.17,"725,842","35,700","35,400","3,596",143.48,56.07,"35,800","10,623","1,189","1,040",9.37,33.75,"34,750","5,157","35,798","4,317","2,914",5.11,N/A,46.09
44,디앤디파마텍,"115,700",하락,"2,800",-2.36%,500,"30,286","3,525","115,900","12,520",-250,-36.67,"329,327","118,300","116,100",975,-85.50,-49.03,"118,300","1,043",279,-295,6.44,-33.37,"115,100",445,"10,821",114,"-3,155",19.38,0,-38.77
45,티씨케이,"106,700",하락,700,-0.65%,500,"1,961",210,"107,100","12,457",807,16.41,"35,436","107,400","107,300","5,635",21.06,14.78,"108,400",91,473,720,64.33,13.60,"106,200",545,"11,675","2,757","6,503",2.42,"1,410",21.65
46,테크윙,"33,100",하락,250,-0.75%,500,"42,602","1,411","33,200","12,364",234,-88.50,"369,474","33,200","33,250","5,062",640.74,-10.25,"33,400","6,890","3,179",-220,9.08,-4.43,"32,950","2,646","37,354","1,855",-374,6.45,130,38.85
47,서진시스템,"21,950",상승,800,+3.78%,500,"107,087","2,354","21,950","12,346","1,087",24.94,"162,392","21,400","22,100","21,032",121.85,12.32,"22,350","3,914","12,276",839,7.36,4.63,"21,350","12,304","56,248","12,138",880,1.42,N/A,55.87
48,지아이이노베이션,"19,860",하락,890,-4.29%,500,"161,552","3,232","20,150","12,274",-483,-18.41,"1,349,512","20,250","20,250",458,9.46,-116.69,"20,400","5,454",167,-588,5.69,-92.49,"19,500","7,046","61,803",0,"-1,079",9.77,0,-99.54
49,HK이노엔,"42,500",하락,300,-0.70%,500,"14,048",599,"42,800","12,040",882,17.57,"90,711","42,900","42,850","18,896",33.82,5.02,"42,900","3,983","6,382",616,9.57,3.30,"42,450","1,915","28,330","8,971","2,419",0.96,350,8.23
50,엔켐,"56,600",상승,700,+1.25%,500,"23,003","1,292","56,100","11,996",-653,-5.51,"154,790","56,400","56,200","11,269","-2,244.05",-156.31,"57,000","1,826","6,601","-5,712",6.85,-57.41,"55,700","1,687","21,194","3,657","-10,265",2.29,N/A,-13.89
51,하이젠알앤엠,"38,450",보합,0,0.00%,500,"29,976","1,155","38,600","11,876",-4,-302.76,"194,699","38,900","38,650","1,202",-108.52,-1.92,"38,900","3,595",518,-11,1.29,-0.96,"38,200","3,152","30,888",759,-127,16.45,N/A,-1.76
52,카페24,"48,550",상승,200,+0.41%,500,"76,858","3,780","49,400","11,775",319,39.67,"191,701","49,300","49,450","3,423","1,978.14",13.40,"49,850","1,688","1,267",235,21.80,7.08,"48,500","9,362","24,253","3,025","1,224",5.36,N/A,11.58
53,메지온,"38,350",상승,300,+0.79%,500,"8,417",322,"38,200","11,508",-143,-50.20,"51,364","38,100","38,250",740,1.31,-36.23,"38,650","1,130",279,-195,22.22,-23.45,"37,900",231,"30,007",86,-764,26.60,N/A,17.62
54,위메이드,"33,850",하락,350,-1.02%,500,"33,067","1,120","33,850","11,492",71,5.18,"186,682","33,950","33,900","18,757",106.40,55.57,"34,150","4,521","10,438","1,816",7.79,11.03,"33,750","1,498","33,948","7,119","6,530",2.74,0,-72.85
55,하림지주,"10,210",상승,640,+6.69%,100,"535,913","5,422","10,000","11,436","7,655",11.94,"948,618","9,960","10,030","160,790",34.88,0.90,"10,360","6,590","101,370","1,748",10.08,1.19,"9,870","5,364","112,006","122,730",855,0.32,120,1.75
56,오스코텍,"29,000",상승,350,+1.22%,500,"12,882",374,"28,950","11,092",-27,"2,900.00","138,280","28,750","29,200","1,708",91.63,0.77,"29,300","1,546",384,-16,9.81,-1.05,"28,750","2,092","38,248",340,10,9.11,N/A,586.89
57,고영,"16,120",상승,70,+0.44%,100,"80,355","1,293","16,060","11,067",33,65.26,"601,402","16,090","16,070","3,779",-83.69,6.68,"16,160","5,581",548,210,15.34,5.64,"16,030","5,907","68,655","2,025",247,3.38,140,-10.24
58,대주전자재료,"71,000",하락,600,-0.84%,500,"37,740","2,678","71,300","10,991",294,28.96,"457,138","71,800","71,400","6,230",372.76,19.30,"72,000","3,621","3,927",364,17.87,7.02,"70,200","1,840","15,481","2,193","2,452",4.59,100,18.56
59,LS마린솔루션,"32,550",상승,"1,100",+3.50%,"1,000","139,503","4,578","32,400","10,634",124,73.81,"337,654","32,750","32,500","2,543",N/A,N/A,"33,400","11,834",461,132,2.13,N/A,"32,250","3,819","32,669","1,303",441,4.95,140,N/A
60,SOOP,"90,800",하락,400,-0.44%,500,"4,473",406,"90,800","10,437","1,135",10.10,"35,486","91,200","91,100","7,157",25.69,30.21,"91,200","1,020","3,333","1,024",35.71,15.83,"90,300",272,"11,495","4,132","8,990",2.48,"1,500",20.10
61,원텍,"11,080",하락,370,-3.23%,100,"193,862","2,156","11,210","9,969",348,28.19,"1,031,975","11,390","11,220","1,779",-24.43,25.76,"11,390","3,908",511,291,8.75,17.58,"11,000","1,375","89,969","1,153",393,7.37,50,-0.32
62,제이앤티씨,"17,200",하락,"1,240",-6.72%,500,"195,188","3,407","17,750","9,950",-461,-11.88,"1,741,979","17,830","17,790","6,397",-261.51,-9.65,"18,000","3,685","3,026",-334,1.81,-5.16,"17,100","2,083","57,848","2,732","-1,448",3.08,N/A,-15.52
63,로보티즈,"72,400",하락,600,-0.82%,500,"82,562","5,996","72,300","9,567",-30,"1,419.61","630,553","73,100","72,600","1,002",43.88,-3.31,"73,400","8,231",42,-30,5.92,-2.82,"72,000","4,981","13,214",300,51,9.43,0,3.13
64,유일로보틱스,"81,800",상승,600,+0.74%,500,"15,802","1,287","81,000","9,393",4,178.21,"195,817","81,400","81,100","1,174",106.14,-13.94,"82,400","1,252",224,-91,15.75,-8.91,"80,800","3,712","11,483",352,459,9.73,N/A,19.40
65,넥슨게임즈,"14,140",상승,240,+1.73%,500,"22,791",320,"14,000","9,313",387,29.71,"156,702","13,930","14,040","4,872",222.40,10.93,"14,150","2,940","1,745",314,4.63,7.36,"13,930","4,453","65,860","2,561",476,2.85,N/A,32.49
66,아난티,"10,480",상승,100,+0.96%,100,"207,264","2,175","10,500","9,288",8,-56.04,"2,497,101","10,470","10,510","16,224",-99.70,-4.56,"10,560","8,695","9,110",-324,5.56,-2.04,"10,400","21,931","88,629","2,852",-187,1.31,N/A,-68.22
67,덕산네오룩스,"36,600",상승,"1,050",+2.95%,200,"46,755","1,712","36,050","9,088",525,20.04,"94,173","35,550","36,100","4,523",59.39,12.17,"37,000","1,411",533,458,8.29,10.68,"35,400","3,694","24,831","2,123","1,826",2.21,N/A,29.66
68,국일제지,800,보합,0,0.00%,100,0,0,0,"9,019",-13,-88.89,0,0,0,"1,424",19.80,-9.98,0,0,194,-130,0.84,-7.09,0,0,"1,127,406",564,-9,7.32,N/A,6.08
69,코나아이,"61,600",상승,600,+0.98%,500,"21,261","1,301","60,700","8,971",334,26.91,"191,231","61,200","60,800","4,131",-0.80,16.19,"61,700","3,690","2,153",302,1.65,6.90,"60,600","1,513","14,563","2,363","2,289",4.54,680,-15.67
70,유진테크,"38,900",하락,200,-0.51%,500,"9,394",364,"38,650","8,914",612,13.74,"70,516","38,750","38,750","5,395",151.49,16.85,"39,000","1,472","1,038",654,31.76,13.40,"38,550",516,"22,916","3,381","2,831",2.12,230,22.25
71,솔브레인홀딩스,"41,700",상승,900,+2.21%,500,"11,556",477,"41,350","8,742",853,18.48,"77,874","41,250","41,400","19,966",-29.47,4.62,"41,800",556,"5,055",557,4.46,2.95,"40,700",715,"20,964","5,154","2,257",0.65,220,-22.10
72,에스앤에스텍,"40,100",하락,100,-0.25%,500,"9,391",378,"40,100","8,602",295,24.77,"140,288","40,050","40,300","2,970",17.73,13.07,"40,450","1,823",502,303,9.90,10.95,"39,950",914,"21,451","1,760","1,619",3.28,150,17.09
73,필옵틱스,"37,575",하락,225,-0.60%,500,"36,198","1,361","37,700","8,599",138,170.02,"215,023","37,950","37,800","3,827",34.40,3.51,"37,950","3,567","1,441",129,0.12,3.11,"37,350","4,434","22,886","4,109",221,5.60,0,36.96
74,에스에프에이,"23,600",상승,50,+0.21%,500,"2,040",48,"23,550","8,474",-484,-10.28,"63,894","23,400","23,650","24,796",-154.44,-7.49,"23,600","1,434","9,572",-321,9.09,-1.21,"23,400","4,717","35,909","20,454","-2,296",0.76,270,9.95
75,차바이오텍,"10,940",상승,180,+1.67%,500,"42,499",463,"10,900","8,361",-597,-48.84,"390,950","10,860","10,910","21,944",-523.82,-2.85,"10,970","5,509","14,755",-146,9.33,-0.74,"10,820","2,160","76,426","10,450",-224,2.41,0,9.55
76,우리기술,"5,050",상승,50,+1.00%,500,"5,314,199","27,110","5,090","8,359",6,-109.78,"38,135,999","5,170","5,110","2,655",-91.71,-3.33,"5,240","519,803","1,534",-44,7.92,-1.93,"5,000","184,160","165,531",713,-46,7.41,0,12.80
77,와이씨,"10,170",상승,140,+1.40%,100,"61,384",624,"10,130","8,344",106,97.79,"245,623","10,100","10,150","5,769",23.66,3.48,"10,260","2,915","1,586",129,0.87,2.45,"10,020","1,377","82,045","2,112",104,2.52,N/A,-17.22
78,태성,"26,850",하락,200,-0.74%,100,"34,542",925,"26,800","8,189",60,312.21,"410,185","26,900","26,900",796,980.50,16.61,"27,250","11,786",386,60,1.78,8.74,"26,600","11,979","30,501",592,86,6.33,0,77.61
79,하나마이크론,"12,220",상승,270,+2.26%,500,"102,319","1,242","12,090","8,098","1,068",-86.06,"544,159","12,000","12,110","19,446",84.43,-6.99,"12,270","2,905","13,388",-112,11.54,-0.61,"11,980","4,938","66,272","12,507",-142,2.21,70,29.21
80,성광벤드,"30,100",상승,250,+0.84%,500,"42,211","1,263","29,700","7,994",420,21.95,"330,754","29,850","29,750","5,631",-6.35,8.01,"30,300","3,881",443,410,23.94,7.36,"29,650","1,658","26,557","2,277","1,371",1.53,50,17.77
81,레이크머티리얼즈,"12,160",상승,70,+0.58%,100,"32,774",398,"12,130","7,993",222,43.27,"257,964","12,120","12,150","3,513",-24.93,17.38,"12,210","1,997","2,200",210,6.59,6.46,"12,060","1,611","65,731","1,387",281,6.21,200,-10.61
82,SAMG엔터,"89,900",하락,"2,000",-2.18%,500,"16,185","1,467","92,000","7,945",-61,-106.77,"111,907","91,900","92,300",974,35.14,-52.24,"92,700",880,666,-194,20.00,-19.62,"89,500","2,482","8,837","1,164",-842,20.48,0,22.41
83,동성화인텍,"26,450",상승,200,+0.76%,500,"32,086",844,"26,250","7,932",540,19.99,"324,121","26,400","26,300","4,555",35.13,21.07,"26,550","9,555","2,530",393,18.45,9.60,"26,100","1,174","29,989","5,974","1,323",3.71,350,11.92
84,동국제약,"17,480",상승,130,+0.75%,500,"42,129",737,"17,320","7,846",804,13.63,"186,439","17,340","17,370","9,532",20.26,10.66,"17,660","1,702","2,742",623,13.89,6.95,"17,220",854,"44,884","8,122","1,282",1.29,200,11.10
85,심텍,"24,200",상승,100,+0.41%,500,"58,692","1,420","24,300","7,709",-470,-15.20,"429,552","24,450","24,400","14,433",46.70,-6.63,"24,450","5,857","9,948",-310,5.32,-2.37,"23,850","12,777","31,854","12,314","-1,592",1.89,100,18.19
86,피에스케이홀딩스,"35,550",상승,300,+0.85%,500,"26,544",938,"35,100","7,665",885,8.29,"83,180","35,200","35,250","5,136",228.07,24.80,"35,700","5,257",821,958,3.82,20.94,"34,900","2,574","21,562","2,155","4,289",1.78,700,127.53
87,안랩,"68,700",상승,400,+0.59%,500,"3,169",217,"68,500","7,644",277,20.53,"40,062","68,600","68,600","4,647",4.77,10.40,"69,000","1,800",959,324,32.22,7.71,"68,300",802,"11,127","2,606","3,346",1.85,"1,300",8.93
88,코미코,"72,400",상승,100,+0.14%,500,"5,757",418,"72,700","7,574","1,125",13.20,"72,610","72,800","72,800","8,003",240.50,23.36,"72,900",677,"4,246",878,19.42,12.60,"72,300",309,"10,461","5,071","5,483",2.75,"1,000",65.05
89,LS머트리얼즈,"11,190",상승,190,+1.73%,500,"53,475",595,"11,100","7,570",62,243.26,"213,047","10,950","11,110","2,531",-54.33,3.11,"11,190","6,447",460,57,3.74,2.19,"10,930","3,355","67,653","1,421",46,4.12,N/A,3.79
90,펌텍코리아,"60,600",하락,900,-1.46%,500,"5,717",346,"60,000","7,514",484,21.09,"88,179","61,400","60,200","4,076",37.15,12.99,"61,500",811,869,383,15.82,10.04,"59,800",156,"12,400","3,375","2,873",2.78,420,18.63
91,인카금융서비스,"14,540",하락,90,-0.62%,100,"46,195",677,"14,570","7,471",863,11.48,"429,899","14,630","14,620","7,074",85.22,50.62,"14,760","1,214","5,602",620,5.49,10.30,"14,520","2,314","51,380","8,323","1,267",4.44,100,49.47
92,한글과컴퓨터,"30,750",상승,200,+0.65%,500,"39,678","1,223","30,900","7,435",404,47.82,"392,542","30,950","30,950","6,819",18.37,4.06,"31,050","9,516","1,963",140,7.56,2.13,"30,600","5,718","24,180","3,048",643,2.12,410,12.42
93,피엔티,"31,150",상승,200,+0.65%,500,"21,700",673,"31,000","7,396","1,632",6.76,"101,834","31,050","31,100","16,203",112.19,26.52,"31,250","3,150","9,957","1,422",4.02,8.83,"30,750","3,754","23,743","10,351","4,605",1.26,100,89.78
94,우리기술투자,"8,660",하락,130,-1.48%,500,"199,954","1,729","8,640","7,274","1,757",4.73,"1,402,892","8,750","8,670","8,038",14.13,24.89,"8,750","16,273","1,376","1,477",2.46,20.59,"12,400","116,378","58,419",582,602,7.41,20,36.86
95,비올,"12,410",보합,0,0.00%,100,"5,199",64,"12,400","7,250",361,20.61,"190,781","12,400","12,410",981,61.62,44.73,"12,410","1,677,030",92,326,1.36,40.31,"8,550","8,276","84,000","1,923","1,830",0.99,100,3.09
96,RFHIC,"27,300",상승,50,+0.18%,500,"62,441","1,702","27,200","7,230",15,95.79,"482,359","27,350","27,250","4,829",404.84,8.60,"27,550","1,686","1,250",197,12.25,3.97,"26,700","1,885","26,484","1,149",285,2.24,N/A,12.60
97,제룡전기,"44,800",상승,"1,200",+2.75%,500,"331,099","15,115","45,900","7,196",978,9.87,"419,026","45,750","45,950","2,418",39.48,49.72,"47,150","8,199",451,799,9.18,39.92,"44,800","4,414","16,062","2,627","4,539",3.68,"1,000",42.84
98,아이쓰리시스템,"100,200",상승,"2,100",+2.14%,500,"7,816",781,"100,000","7,121",148,44.59,"30,800","99,600","100,200","1,468",20.94,15.31,"100,900",721,411,150,5.30,10.77,"99,000",508,"7,107","1,207","2,247",6.24,400,-0.69
99,올릭스,"35,950",상승,"1,150",+3.30%,500,"53,305","1,894","35,300","7,118",-309,-13.89,"276,239","36,200","35,400",712,-70.02,-120.11,"36,200","3,713",528,-407,4.58,-46.71,"35,100","1,578","19,799",57,"-2,589",28.07,0,-66.73
100,다우데이타,"18,340",상승,"1,270",+7.44%,500,"171,311","3,071","17,510","7,024","12,059",4.85,"157,572","17,250","17,560","577,571",80.54,12.96,"18,440","1,069","512,862","8,659",11.68,1.55,"17,220","2,193","38,300","121,361","3,783",0.51,450,17.44
101,시노펙스,"7,960",상승,450,+5.99%,500,"1,054,890","8,345","7,880","6,983",212,26.98,"1,665,357","8,080","7,890","2,354",-12.19,18.58,"8,080","86,769",678,280,1.10,12.82,"7,790","9,314","87,720","2,383",295,4.03,0,-9.09
102,엘앤씨바이오,"27,750",보합,0,0.00%,500,"21,021",585,"27,700","6,832",25,4.53,"289,555","27,350","27,750","4,756",-68.73,65.41,"28,100","2,144","1,809","1,410",10.21,38.21,"27,350",967,"24,619",721,"6,131",2.22,50,9.35
103,현대힘스,"19,200",상승,660,+3.56%,500,"49,424",939,"18,870","6,802",215,38.10,"165,118","18,750","18,880","3,265",48.99,8.07,"19,200",989,930,166,0.48,5.74,"18,720","5,462","35,425","2,232",504,2.89,100,17.96
104,위메이드맥스,"8,080",상승,10,+0.12%,500,"25,112",202,"8,120","6,771",-81,-32.19,"251,700","8,020","8,130","5,976",-315.03,-3.29,"8,130","3,079",962,-157,10.90,-4.31,"7,900","1,983","83,803",750,-251,1.35,0,7.49
105,엠로,"53,200",상승,400,+0.76%,500,"19,719","1,041","52,900","6,562",86,32.90,"68,045","52,800","53,100","1,024",84.58,31.88,"53,200","6,937",134,186,2.36,19.17,"52,500","2,611","12,335",795,"1,617",7.24,0,25.77
106,태웅,"32,550",하락,100,-0.31%,500,"60,464","1,967","32,450","6,512",228,33.38,"992,158","31,800","32,550","8,126",-42.28,4.42,"33,100","2,290","2,081",247,7.17,3.17,"31,800",968,"20,007","3,863",975,1.07,N/A,-12.94
107,비츠로셀,"28,250",보합,0,0.00%,500,"4,428",125,"28,250","6,461",519,12.33,"50,136","28,250","28,300","3,179",37.73,19.92,"28,350","2,177",348,513,29.68,17.86,"28,150","1,442","22,872","2,108","2,292",2.22,460,19.61
108,파두,"13,030",하락,500,-3.70%,100,"70,280",915,"13,120","6,441",-950,-7.35,"307,099","13,500","13,130","1,344",-62.28,-64.47,"13,510","2,339",365,-915,6.13,-48.41,"12,870",627,"49,428",435,"-1,772",7.58,0,93.60
109,현대무벡스,"5,460",상승,200,+3.80%,100,"444,601","2,397","5,370","6,434",246,29.04,"582,979","5,260","5,380","2,989",493.03,16.17,"5,480","16,957","1,267",269,3.48,9.83,"5,200","45,036","117,846","3,414",188,4.02,50,27.46
110,코스메카코리아,"59,600",하락,400,-0.67%,500,"11,468",687,"59,800","6,365",604,15.29,"121,389","60,200","59,900","5,179",22.80,22.07,"60,400","2,102","2,103",537,12.35,11.30,"59,500",767,"10,680","5,243","3,897",2.95,100,11.39
111,휴메딕스,"56,400",하락,600,-1.05%,500,"10,872",616,"56,600","6,334",431,14.58,"91,859","57,200","56,700","2,498",15.63,18.41,"57,200",979,212,393,9.12,16.72,"56,300","1,597","11,230","1,619","3,868",2.44,630,6.30
112,큐리옥스바이오시스템즈,"38,850",상승,100,+0.26%,500,"7,472",291,"39,000","6,279",-134,-69.13,"104,689","39,100","39,150",706,-26.72,-15.94,"39,250","1,971",219,-81,15.21,-12.60,"38,550","1,705","16,163",46,-562,13.76,0,-32.42
113,에스피지,"27,700",상승,100,+0.36%,500,"22,407",622,"27,700","6,143",123,45.04,"169,834","28,000","27,800","3,975",-22.76,5.54,"28,000","2,234","1,434",131,3.16,3.52,"27,600","3,681","22,177","3,885",615,2.42,150,-1.35
114,나노신소재,"50,000",하락,100,-0.20%,500,"5,341",265,"49,650","6,099",30,-273.22,"91,811","49,700","49,750","4,422",-74.88,-0.77,"50,100","1,004","1,980",-19,8.39,-0.43,"49,350",735,"12,198",878,-183,2.44,250,5.53
115,서부T&D,"9,250",상승,430,+4.88%,500,"168,503","1,548","9,140","6,098",480,18.10,"253,189","9,040","9,160","28,945",28.91,3.70,"9,280","3,524","16,536",647,12.10,2.47,"8,990","12,051","65,927","1,875",511,0.60,100,10.83
116,아이티센글로벌,"25,800",상승,700,+2.79%,500,"172,544","4,536","25,900","5,987",586,50.99,"1,360,554","25,750","25,950","9,454",91.90,5.79,"27,150","2,853","6,229",361,3.97,4.19,"25,550","6,003","23,205","49,618",506,7.42,N/A,76.26
117,HLB생명과학,"4,895",하락,55,-1.11%,500,"55,309",272,"4,940","5,968",-248,-2.95,"468,480","4,950","4,965","5,390",-1.17,1.95,"4,970","2,957","1,402",62,9.78,1.29,"4,890","11,406","121,917","1,022","-1,657",1.75,0,4.34
118,지엔씨에너지,"36,100",상승,150,+0.42%,500,"60,557","2,200","36,800","5,938",317,12.35,"321,974","36,200","36,850","2,652",187.62,27.54,"36,900","4,946","1,038",389,6.15,17.18,"35,650","7,447","16,449","2,263","2,924",3.21,100,35.99
119,감성코퍼레이션,"6,270",하락,90,-1.42%,500,"63,966",402,"6,320","5,737",361,19.23,"1,017,069","6,360","6,330","1,543",11.82,30.74,"6,360","17,487",419,293,12.89,21.77,"6,250","3,087","91,500","2,204",326,4.92,0,23.85
120,HLB제약,"17,370",상승,160,+0.93%,500,"10,840",188,"17,400","5,696",15,106.56,"94,814","17,060","17,430","1,579",107.54,1.98,"17,500","1,518",415,20,0.57,1.35,"17,060","1,028","32,791","1,371",163,5.07,0,0.83
121,인투셀,"38,300",상승,600,+1.59%,500,"26,944","1,022","37,700","5,687",-98,-56.41,"225,154","37,750","37,800",237,43.70,-95.55,"38,400","6,384",162,-99,0.98,-39.93,"37,600","1,350","14,848",29,-679,130.07,0,79.72
122,솔트룩스,"46,850",상승,150,+0.32%,500,"41,115","1,918","46,500","5,683",-66,-108.45,"221,278","47,000","46,550",932,28.63,-6.63,"47,300","1,506",206,-59,2.34,-6.10,"46,250",864,"12,131",459,-432,8.61,N/A,49.03
123,피에스케이,"19,500",상승,130,+0.67%,500,"20,889",406,"19,430","5,648",839,7.20,"148,965","19,370","19,450","5,694",55.08,18.31,"19,560","1,737",976,791,26.56,14.88,"19,330","2,542","28,967","3,981","2,708",1.18,400,13.13
124,휴온스글로벌,"43,850",하락,600,-1.35%,500,"10,145",446,"44,000","5,541",970,21.27,"41,993","44,150","44,150","14,059",-14.88,5.05,"44,450","2,147","4,418",671,7.59,4.93,"43,550",463,"12,637","8,135","2,062",1.01,525,7.26
125,태광,"20,900",하락,200,-0.95%,500,"30,026",630,"20,900","5,538",399,14.23,"542,733","21,100","21,000","6,603",-30.93,8.20,"21,250","15,337",509,461,15.59,7.17,"20,800","2,268","26,500","2,668","1,469",0.95,250,-14.50
126,네오위즈,"25,300",상승,100,+0.40%,500,"6,929",174,"25,100","5,530",329,-67.83,"98,907","25,200","25,200","6,200",4.20,0.49,"25,300","3,294","1,011",-70,15.13,-1.08,"24,900","2,791","21,857","3,668",-373,1.02,N/A,0.33
127,이엔에프테크놀로지,"38,500",하락,200,-0.52%,500,"8,997",345,"38,500","5,501",593,13.70,"91,041","38,650","38,600","7,236",148.52,8.21,"38,650","1,075","3,222",297,7.32,4.30,"38,100","1,497","14,288","5,824","2,810",1.34,150,9.67
128,가온칩스,"47,100",상승,"1,000",+2.17%,500,"13,933",653,"46,550","5,462",35,235.50,"103,588","47,000","46,750","1,127",-19.00,11.46,"47,300","1,672",434,75,0.57,7.27,"46,400",188,"11,597",965,200,8.55,N/A,51.72
129,씨아이에스,"7,000",상승,60,+0.86%,100,"20,224",141,"6,960","5,416",593,8.93,"132,628","6,940","6,970","7,338",52.39,15.16,"7,010","12,107","2,551",562,8.30,8.44,"6,930","11,190","77,372","5,085",784,1.10,N/A,63.96
130,인텔리안테크,"50,200",상승,100,+0.20%,500,"5,676",284,"50,100","5,388",-194,-43.92,"32,485","49,650","50,200","4,407",-281.28,-1.12,"50,700","1,092","1,761",-30,12.56,-0.67,"49,500",758,"10,733","2,578","-1,143",2.09,100,-15.50
131,메가스터디교육,"49,750",하락,450,-0.90%,100,"2,926",146,"50,200","5,359","1,236",11.40,"16,326","50,000","50,400","8,783",-2.99,9.97,"50,400",379,"4,116",502,29.50,5.47,"49,600","3,308","10,771","9,422","4,363",1.18,"1,500",0.75
132,제주반도체,"15,500",상승,40,+0.26%,500,"156,530","2,419","15,400","5,339",96,32.29,"969,544","15,400","15,420","2,254",-46.29,11.44,"15,580","6,339",412,194,0.00,9.15,"15,300","2,817","34,443","1,623",480,2.73,N/A,11.28
133,넥스틴,"50,900",상승,200,+0.39%,500,"6,642",337,"50,700","5,333",470,19.92,"42,499","50,500","51,000","1,898",29.89,27.00,"51,200","4,305",322,384,12.30,23.10,"50,500","1,380","10,477","1,137","2,555",3.35,500,29.33
134,쎄트렉아이,"48,150",상승,650,+1.37%,500,"8,396",406,"48,300","5,273",-31,42.99,"53,036","48,250","48,350","4,470",29.44,3.49,"48,800","1,053","2,230",62,6.48,1.64,"48,000","1,390","10,951","1,713","1,120",2.24,190,36.55
135,컴투스,"41,300",하락,150,-0.36%,500,"3,605",149,"41,700","5,261",61,-4.71,"27,593","41,350","41,800","16,460",118.47,-10.37,"42,100",589,"5,961","-1,520",14.56,-9.04,"41,100",783,"12,738","6,939","-8,768",0.48,"1,300",-6.18
136,SFA반도체,"3,195",상승,45,+1.43%,500,"42,117",134,"3,170","5,254",0,-213.00,"301,561","3,150","3,180","6,235",99.77,4.51,"3,200","6,117","1,256",205,4.32,3.32,"3,150","3,530","164,460","4,005",-15,1.07,N/A,-3.90
137,데브시스터즈,"43,050",하락,450,-1.03%,500,"6,470",279,"43,250","5,253",272,18.10,"79,928","43,500","43,500","2,604",156.64,19.72,"43,500",970,"1,062",283,12.36,11.31,"42,800",807,"12,203","2,362","2,379",2.90,0,46.57
138,에코프로에이치엔,"24,900",상승,250,+1.01%,500,"6,765",168,"24,750","5,223",242,24.46,"35,271","24,600","24,800","4,667",-42.02,10.59,"24,950","3,666","1,704",215,8.98,6.22,"24,550","1,018","20,975","2,345","1,018",1.77,300,2.43
139,케이엠더블유,"13,090",상승,120,+0.93%,500,"10,582",138,"13,080","5,213",-455,-15.33,"118,971","12,990","13,180","2,690",27.65,-24.24,"13,190","1,510","1,254",-386,6.23,-14.17,"12,980","1,486","39,821",874,-854,3.78,N/A,-12.70
140,바이넥스,"15,900",하락,200,-1.24%,500,"55,117",888,"16,200","5,197",-308,-20.25,"270,193","16,150","16,230","2,794","-3,050.79",-19.34,"16,280","4,815",978,-352,5.13,-13.12,"15,870","11,005","32,684","1,301",-785,2.74,N/A,-16.00
141,하나머티리얼즈,"25,950",상승,300,+1.17%,500,"10,103",261,"25,650","5,132",434,15.82,"111,177","25,650","25,700","5,739",5.16,8.43,"26,050","1,916","2,201",318,20.46,5.10,"25,500",599,"19,778","2,516","1,640",1.39,250,7.74
142,두산테스나,"26,500",상승,300,+1.15%,500,"15,835",418,"26,400","5,122",379,37.86,"305,481","26,500","26,450","7,877",N/A,N/A,"26,600","2,959","3,500",368,3.72,N/A,"26,200","6,295","19,327","3,731",700,1.22,160,N/A
143,웹젠,"14,750",상승,50,+0.34%,500,"8,181",121,"14,770","5,104",546,13.70,"66,892","14,940","14,780","7,509",9.32,8.81,"14,940",964,783,568,30.04,7.81,"14,680","1,095","34,601","2,147","1,077",0.65,300,9.40
144,클로봇,"20,550",보합,0,0.00%,500,"221,615","4,598","20,750","5,066",-75,-65.65,"788,707","21,150","20,800",695,-29.94,-15.71,"21,200","32,696",95,-67,0.53,-12.93,"20,450","17,352","24,651",334,-313,8.82,N/A,37.97
145,테스,"25,450",상승,100,+0.39%,500,"7,117",181,"25,350","5,031",385,9.75,"86,934","25,300","25,500","3,812",756.34,13.55,"25,600","1,984",506,427,6.69,12.13,"25,250","2,169","19,768","2,401","2,611",1.33,600,63.39
146,아이센스,"17,680",하락,140,-0.79%,500,"5,276",94,"17,900","4,877",27,453.33,"93,308","17,660","17,980","5,909",-75.68,-0.59,"17,980",558,"2,479",-20,25.87,-0.36,"17,660",731,"27,587","2,911",39,1.51,100,9.81
147,글로벌텍스프리,"6,850",하락,70,-1.01%,500,"53,225",364,"6,840","4,814",218,40.53,"512,468","6,930","6,850","1,745",121.88,5.60,"6,930","15,425",462,63,17.58,3.66,"6,790","16,440","70,283","1,297",169,4.20,N/A,58.84
148,포스코엠텍,"11,550",상승,70,+0.61%,500,"17,040",196,"11,540","4,810",14,-275.00,"56,225","11,580","11,600","1,498",-68.30,0.50,"11,640","1,148",379,6,6.25,0.37,"11,200","1,115","41,643","3,466",-42,4.36,20,1.53
149,코난테크놀로지,"41,650",상승,"1,350",+3.35%,500,"37,698","1,557","41,300","4,776",-141,-41.36,"110,907","41,600","41,350",444,-28.30,-53.30,"42,000","4,483",248,-136,0.55,-29.42,"40,750",981,"11,467",263,"-1,007",30.13,N/A,7.74
150,티앤엘,"58,700",하락,800,-1.34%,500,"9,267",550,"59,700","4,771",570,8.65,"72,429","59,800","59,900","1,971",84.69,30.84,"60,100","2,413",256,464,11.71,27.36,"58,700","2,078","8,128","1,749","6,787",2.62,750,51.47
151,원익QnC,"18,100",상승,160,+0.89%,500,"16,974",306,"17,960","4,758",906,9.50,"121,095","17,950","18,040","15,347",9.19,11.67,"18,100","2,686","9,654",615,5.15,4.23,"17,920",590,"26,288","8,915","1,905",0.99,100,10.62
152,대명에너지,"26,550",상승,350,+1.34%,100,"13,907",372,"26,800","4,757",97,38.20,"107,937","26,800","26,850","3,699",-42.03,6.24,"27,100","3,867","2,412",78,0.46,2.18,"26,450","2,114","17,916",678,695,3.30,0,9.93
153,갤럭시아머니트리,"12,080",하락,20,-0.17%,500,"75,308",916,"12,220","4,739",132,223.70,"458,151","12,170","12,190","3,646",43.07,0.72,"12,260","2,495","2,525",6,2.74,0.15,"12,060","4,563","39,230","1,288",54,4.19,45,-2.73
154,케이아이엔엑스,"96,900",하락,"1,100",-1.12%,500,"4,634",450,"97,700","4,729",237,27.56,"30,300","99,000","97,800","3,368",-10.67,10.13,"99,000",214,"1,068",183,29.61,6.20,"96,000",183,"4,880","1,389","3,516",2.47,600,13.22
155,성우하이텍,"5,880",상승,110,+1.91%,500,"21,800",127,"5,820","4,704","2,059",3.17,"171,409","5,770","5,830","45,631",-19.81,9.86,"5,890","4,148","27,210","1,351",6.29,3.14,"5,770","5,243","80,000","42,451","1,855",0.30,150,-1.78
156,이녹스첨단소재,"22,800",상승,150,+0.66%,500,"13,972",319,"22,750","4,612",868,6.07,"74,207","22,700","22,800","8,260",105.88,16.27,"23,000","2,847","3,574",701,14.82,10.02,"22,650","2,729","20,228","4,228","3,759",0.90,350,9.25
157,아스테라시스,"12,480",상승,180,+1.46%,100,"21,220",264,"12,410","4,579",67,72.14,"209,226","12,450","12,460",247,328.57,40.61,"12,550","1,600",51,54,4.42,25.90,"12,380","1,554","36,695",288,173,12.73,32,64.78
158,미코,"13,680",상승,200,+1.48%,500,"22,891",312,"13,620","4,571",946,15.74,"118,663","13,610","13,640","13,927",216.51,20.43,"13,720","1,716","8,598",765,9.75,6.87,"13,550",817,"33,417","5,405",869,3.85,N/A,41.62
159,원익홀딩스,"5,910",상승,440,+8.04%,500,"1,451,425","8,457","5,720","4,565",306,-10.69,"2,523,516","5,750","5,730","18,901",-33.12,-7.41,"5,950","41,907","6,416",-611,3.71,-3.26,"5,680","43,023","77,238","6,455",-553,0.46,N/A,-13.88
160,바이오다인,"15,290",하락,260,-1.67%,500,"40,275",623,"15,610","4,551",-17,"-2,184.29","381,795","15,670","15,670",443,15.65,0.03,"15,920","3,938",11,0,4.27,0.02,"15,230",578,"29,764",53,-7,10.54,N/A,28.93
161,한국기업평가,"100,000",상승,"1,300",+1.32%,"5,000",307,30,"99,100","4,541",327,18.01,"1,281","98,500","99,400","1,753",26.48,21.69,"100,000",138,405,286,80.58,17.31,"98,500",134,"4,541","1,041","5,552",4.23,"3,954",8.85
162,유티아이,"25,250",상승,550,+2.23%,500,"15,322",383,"24,650","4,533",-322,-16.73,"134,408","24,550","24,700","1,606",-63.41,-49.58,"25,450","1,402",861,-227,13.10,-17.39,"24,500",907,"17,953",186,"-1,509",7.28,0,-4.14
163,메디포스트,"13,210",하락,290,-2.15%,500,"37,680",500,"13,110","4,520",-485,-6.96,"192,003","13,450","13,130","4,143",-93.17,-22.22,"13,450","1,631","1,617",-634,3.56,-14.68,"13,100","5,326","34,218",707,"-1,899",2.12,N/A,2.93
164,NHN KCP,"11,150",상승,180,+1.64%,500,"64,941",721,"11,040","4,478",438,10.55,"583,178","10,950","11,070","5,703",4.35,18.71,"11,200","3,498","3,051",453,10.71,8.29,"10,920","2,607","40,161","11,053","1,057",1.63,100,13.72
165,유바이오로직스,"12,200",상승,100,+0.83%,500,"7,503",91,"12,190","4,468",343,11.60,"138,097","12,220","12,210","2,021",345.78,15.61,"12,230","4,868",701,190,8.05,10.73,"12,150","3,921","36,624",960,"1,052",3.01,0,38.45
166,에스티큐브,"6,550",하락,150,-2.24%,500,"27,989",182,"6,540","4,453",-226,-18.09,"208,204","6,500","6,550","1,119",13.15,-33.09,"6,560","3,841",176,-214,3.84,-27.16,"6,480","3,250","67,983",113,-362,4.96,N/A,93.88
167,코오롱생명과학,"35,800",상승,600,+1.70%,500,"14,218",510,"35,150","4,448",-221,-5.59,"84,188","35,600","35,200","4,196",8.35,-64.87,"36,500",649,"2,702",-931,2.50,-25.54,"35,000","1,327","12,423","1,614","-6,402",1.48,N/A,29.48
168,쏠리드,"7,210",보합,0,0.00%,500,"27,404",198,"7,250","4,405",351,14.33,"353,095","7,240","7,260","4,968",-3.11,15.52,"7,280","9,400","1,740",462,9.61,9.69,"7,190","10,143","61,095","3,311",503,1.36,50,3.02
169,삼현,"13,870",하락,240,-1.70%,500,"65,795",918,"14,030","4,398",55,49.18,"161,539","14,110","14,040","1,403",N/A,N/A,"14,130","3,852",251,83,0.67,N/A,"13,740","2,101","31,708","1,004",282,3.79,50,N/A
170,에코아이,"14,840",보합,0,0.00%,500,"17,306",259,"14,960","4,397",2,-674.55,"261,145","15,050","15,100","1,498",-98.91,1.74,"15,180","2,171",213,23,3.01,1.50,"14,840",984,"29,631",258,-22,3.61,167,-60.25
171,티에스이,"39,500",보합,0,0.00%,500,"2,904",115,"39,500","4,369",399,9.48,"21,676","39,300","39,600","5,194","1,776.34",13.36,"39,800","1,750","1,197",450,6.59,9.36,"39,300",376,"11,061","3,481","4,165",1.25,400,39.70
172,큐로셀,"30,300",상승,100,+0.33%,500,"3,369",102,"30,450","4,340",-106,-12.06,"77,097","30,250","30,600",515,-138.14,55.22,"30,850","1,435",490,-77,0.87,-22.88,"30,200","1,329","14,324",0,"-2,512",18.90,0,"8,891.25"
173,유진로봇,"11,460",하락,240,-2.05%,500,"186,938","2,149","11,500","4,299",-42,-88.15,"1,151,454","11,900","11,510",547,20.92,-8.56,"11,900","7,013",190,-32,12.61,-5.62,"11,250","6,190","37,512",260,-130,12.88,N/A,35.12
174,동화기업,"8,500",상승,40,+0.47%,200,"4,436",38,"8,500","4,297",167,-19.41,"37,914","8,450","8,530","23,972",200.80,-1.40,"8,550","1,933","14,194",-162,50.58,-0.69,"8,450",961,"50,557","9,180",-438,0.46,N/A,-4.70
175,콜마비앤에이치,"14,550",상승,70,+0.48%,500,"5,341",78,"14,550","4,280",246,33.76,"83,473","14,580","14,560","6,909",-18.62,4.54,"14,600","1,328","2,956",172,2.35,2.48,"14,480","2,456","29,416","6,156",431,1.07,308,6.23
176,현대바이오,"8,870",상승,40,+0.45%,500,"20,584",183,"8,860","4,260",8,-26.80,"96,794","8,890","8,910",677,108.08,-16.36,"8,940","6,628",283,-69,8.13,-11.50,"8,820","3,574","48,022",151,-331,3.62,N/A,58.73
177,골프존,"67,500",상승,600,+0.90%,500,"1,103",74,"67,100","4,236",958,8.45,"12,386","66,600","67,200","6,655",-16.34,11.63,"67,500",279,"2,188",420,23.21,6.45,"66,600",366,"6,275","6,200","7,991",0.93,"4,000",-9.51
178,HLB테라퓨틱스,"4,960",상승,180,+3.77%,500,"327,307","1,621","4,930","4,185",-76,-15.17,"1,329,276","4,860","4,935","2,198",12.63,-14.34,"5,010","4,107",379,-235,4.63,-11.16,"4,830","17,795","84,371",549,-327,2.70,0,4.45
179,넵튠,"8,960",상승,20,+0.22%,500,"16,276",146,"8,910","4,184",96,-32.35,"554,423","9,000","8,950","4,075",345.59,0.53,"9,060","2,641",370,48,2.48,1.17,"8,900",817,"46,702","1,216",-277,1.07,0,21.91
180,바이오플러스,"6,890",상승,10,+0.15%,500,"18,504",128,"6,890","4,168",237,21.40,"265,866","6,910","6,910","2,643",-15.55,10.83,"6,920","10,292","1,166",175,8.62,8.01,"6,870","5,893","60,500",664,322,2.70,50,2.10
181,스피어,"10,580",하락,80,-0.75%,500,"15,829",168,"10,600","4,150",-64,-19.06,"402,819","10,690","10,640",446,29.77,-84.53,"10,690","6,153",134,-170,1.63,-53.40,"10,570","2,410","39,228",26,-555,6.72,0,54.88
182,성일하이텍,"33,900",상승,750,+2.26%,500,"4,066",137,"33,600","4,134",-714,-3.55,"15,669","33,400","33,700","6,795",-756.19,-42.96,"34,050","1,047","4,547","-1,125",2.67,-17.93,"33,200",471,"12,195","1,362","-9,553",2.21,0,-44.93
183,셀바스AI,"15,330",상승,30,+0.20%,500,"24,085",369,"15,370","4,126",8,-66.94,"203,015","15,340","15,380","3,121",-80.43,-4.61,"15,410","2,469",492,-10,3.57,-0.40,"15,290","2,822","26,915","1,125",-229,3.44,N/A,112.13
184,네오셈,"9,390",상승,100,+1.08%,100,"22,095",207,"9,360","4,119",165,23.65,"155,587","9,320","9,380","1,419",103.63,18.96,"9,410","3,794",260,192,0.00,15.47,"9,320","3,346","43,869","1,052",397,3.47,60,4.27
185,서희건설,"1,791",상승,75,+4.37%,500,"138,934",247,"1,751","4,116","2,357",3.74,"693,673","1,730","1,762","15,406",3.30,17.64,"1,800","15,767","5,668","1,593",5.06,10.35,"1,730","9,610","229,808","14,736",479,0.34,45,2.20
186,서울반도체,"7,050",상승,100,+1.44%,500,"23,519",165,"7,000","4,111",8,-15.23,"220,376","6,930","7,030","12,612",101.61,-0.74,"7,070","18,445","5,602",-19,9.21,-0.16,"6,930","2,973","58,305","10,905",-463,0.60,N/A,5.63
187,큐리언트,"11,800",하락,200,-1.67%,500,"17,641",209,"11,890","4,108",-275,-16.01,"183,368","11,900","11,950",656,-18.37,-45.23,"12,060","5,334",54,-245,2.81,-41.42,"11,730",420,"34,815",92,-737,7.78,0,1.64
188,에프에스티,"18,660",상승,90,+0.48%,500,"11,065",206,"18,570","4,097",23,48.47,"143,823","18,470","18,630","5,061",121.21,0.60,"18,710",398,"2,620",-16,5.45,-0.36,"18,410",593,"21,956","2,374",385,1.52,5,20.14
189,큐렉소,"9,910",상승,410,+4.32%,500,"126,039","1,251","9,850","4,072",-58,-55.67,"95,372","9,900","9,870","1,026",-612.71,-9.04,"10,090","7,492",92,-88,2.67,-8.34,"9,800","11,336","41,090",555,-178,4.31,N/A,-23.81
190,신라젠,"2,940",상승,10,+0.34%,500,"75,401",222,"2,940","4,061",-268,-14.48,"375,745","2,930","2,955","1,490",-25.40,-28.05,"2,980","15,364",172,-265,2.59,-23.50,"2,910","10,335","138,130",39,-203,3.19,0,-0.33
191,코미팜,"5,600",상승,120,+2.19%,100,"19,326",107,"5,560","4,059",62,32.00,"184,781","5,620","5,600","1,228",198.72,22.11,"5,620","8,964",572,147,4.72,12.17,"5,450","9,808","72,485",588,175,6.22,0,37.83
192,천보,"40,350",상승,350,+0.88%,500,"1,837",74,"40,150","4,035",-228,-141.08,"16,907","39,750","40,250","10,079",-182.81,-8.27,"40,500",505,"5,929",-323,4.06,-3.33,"39,750",237,"10,000","1,449",-286,1.09,N/A,-20.68
193,한텍,"36,100",상승,650,+1.83%,"5,000","43,865","1,586","36,100","4,015",168,12.11,"345,154","36,000","36,350","2,075",10.40,26.22,"36,550","2,667",958,263,0.31,13.00,"35,950","3,246","11,121","1,559","2,981",3.01,450,-12.73
194,제우스,"12,930",상승,100,+0.78%,500,"12,198",158,"12,870","4,010",492,10.13,"79,900","12,860","12,930","6,409",588.24,12.99,"12,960","3,901","2,586",431,3.73,6.83,"12,850","4,261","31,017","4,908","1,277",1.15,100,21.82
195,오름테라퓨틱,"18,990",상승,20,+0.11%,100,"12,709",242,"19,140","4,001",-83,-52.17,"256,058","19,150","19,200","1,538",-108.72,-17.50,"19,300","1,989",321,-57,1.89,-3.64,"18,930","1,098","21,069",209,-364,2.46,0,-84.56
196,다날,"5,790",상승,130,+2.30%,500,"509,097","2,960","5,780","3,992",14,65.06,"3,468,142","5,820","5,800","7,456",-60.17,2.46,"5,890","26,108","4,356",29,2.57,0.39,"5,730","40,069","68,949","2,609",89,1.31,N/A,-11.69
197,폰드그룹,"12,080",상승,30,+0.25%,500,"27,526",330,"11,930","3,907",413,14.86,"218,287","12,080","11,960","4,227","6,089.52",12.62,"12,210","3,930","1,850",272,0.61,7.13,"11,820","1,270","32,344","3,687",813,1.85,250,"13,154.52"
198,에스앤디,"133,000",하락,"4,200",-3.06%,500,"8,509","1,133","135,500","3,847",201,21.25,"25,571","139,000","135,700",930,56.19,21.74,"139,000",478,250,170,5.65,17.11,"131,000",653,"2,893","1,161","6,259",5.49,800,31.56
199,휴림로봇,"3,475",하락,20,-0.57%,500,"6,125,133","21,102","3,405","3,831",-49,-173.75,"61,288,719","3,495","3,420","3,349",-165.20,-5.59,"3,540","214,195","1,225",-94,3.43,-4.16,"3,385","49,766","110,238","1,331",-20,3.12,N/A,61.01
200,넥스트바이오메디컬,"46,900",상승,350,+0.75%,500,"5,161",244,"47,250","3,812",-36,121.50,"41,899","47,800","47,450",588,31.60,14.56,"47,800",877,137,29,7.19,6.46,"46,850",725,"8,127",95,386,8.37,0,95.46
201,미래에셋벤처투자,"7,160",상승,20,+0.28%,"1,000","46,847",335,"7,190","3,804",157,-61.20,"226,821","7,190","7,210","10,608",-50.81,2.47,"7,220","3,999","7,089",86,2.68,0.79,"7,050","4,042","53,125","2,339",-117,1.10,85,7.75
202,대아티아이,"5,340",상승,40,+0.75%,100,"95,175",509,"5,350","3,763",79,21.53,"1,195,172","5,330","5,360","2,920",122.05,11.52,"5,390","27,605","1,584",147,7.46,5.40,"5,320","13,272","70,473","1,491",248,2.72,N/A,32.77
203,바이오니아,"14,400",보합,0,0.00%,500,"7,601",110,"14,500","3,717",-134,-18.70,"112,224","14,380","14,540","3,322","-1,794.54",-9.40,"14,530","2,537","1,053",-190,7.10,-5.88,"14,360",758,"25,810","2,940",-770,1.74,N/A,11.68
204,킵스파마,"18,510",상승,110,+0.60%,500,"12,364",229,"18,350","3,716",62,-47.71,"153,293","18,400","18,430","1,652",103.14,2.07,"18,980","1,039","1,020",16,4.15,1.14,"18,100",554,"20,078","1,276",-388,6.39,0,38.48
205,한국정보통신,"9,900",상승,80,+0.81%,500,"15,349",152,"9,880","3,707",391,8.26,"140,833","9,830","9,890","4,629",9.66,15.09,"10,000","3,293","1,564",435,62.91,9.62,"9,830","6,299","37,444","7,910","1,199",1.13,N/A,9.08
206,하이록코리아,"30,050",하락,100,-0.33%,500,"4,468",135,"30,050","3,695",501,8.64,"56,368","30,150","30,100","4,727",-3.39,11.38,"30,350","1,415",367,480,27.35,10.49,"30,000",688,"12,295","1,905","3,480",0.86,"1,150",0.89
207,동운아나텍,"17,670",하락,40,-0.23%,500,"10,946",193,"17,670","3,695",175,27.23,"95,613","17,610","17,740",988,-30.43,37.49,"17,760",965,275,247,4.51,26.72,"17,610","1,530","20,910","1,383",649,5.47,109,24.02
208,노바렉스,"19,700",하락,20,-0.10%,500,"53,144","1,037","19,400","3,695",232,13.99,"478,058","19,720","19,450","2,896",-9.06,10.97,"19,780","1,012",693,238,6.91,8.60,"18,860",896,"18,755","2,977","1,408",1.57,200,-1.47
209,에코앤드림,"20,750",상승,150,+0.73%,500,"11,326",234,"20,650","3,691",5,23.45,"98,512","20,600","20,750","4,058",116.42,8.41,"20,850","3,321","1,841",135,1.58,4.83,"20,500","4,869","17,786","1,049",885,1.64,N/A,103.87
210,에이프릴바이오,"16,360",하락,180,-1.09%,"1,000","19,825",327,"16,650","3,686",169,15.99,"170,288","16,540","16,730",996,226.00,26.90,"16,740",713,86,200,4.71,22.32,"16,350","1,644","22,528",275,"1,023",3.98,0,N/A
211,엔젤로보틱스,"24,150",보합,0,0.00%,500,"5,262",127,"24,100","3,667",-108,-35.36,"51,633","24,400","24,150",439,-66.88,-40.84,"24,400","1,094",35,-100,2.79,-30.70,"24,100","2,591","15,183",42,-683,9.51,0,-18.17
212,파트론,"6,430",상승,60,+0.94%,500,"18,475",118,"6,390","3,665",617,8.11,"163,462","6,370","6,400","7,433",48.05,10.93,"6,430","19,652","1,878",559,15.28,8.02,"6,370","9,494","57,000","14,864",793,0.65,300,26.78
213,가비아,"27,075",상승,25,+0.09%,500,"6,721",181,"26,850","3,665",351,26.03,"52,449","27,050","26,900","6,345",-17.59,9.49,"27,200","2,254","2,878",286,37.67,5.21,"26,750","8,997","13,536","2,824","1,040",2.14,80,7.96
214,칩스앤미디어,"17,110",상승,200,+1.18%,500,"11,100",189,"17,000","3,620",53,41.83,"58,319","16,870","17,050",840,-32.06,13.46,"17,140","1,477",82,100,3.22,12.16,"16,850","1,150","21,157",271,409,4.59,100,-1.79
215,에이직랜드,"33,100",상승,350,+1.07%,500,"10,569",349,"33,050","3,599",-170,-14.82,"62,653","32,700","33,150","1,671",-539.61,-15.39,"33,350","1,998",828,-140,0.56,-8.57,"32,700","1,432","10,872",941,"-2,233",4.70,N/A,26.84
216,GST,"19,510",상승,90,+0.46%,500,"20,503",399,"19,440","3,596",591,8.03,"109,426","19,450","19,490","3,348",38.89,18.71,"19,580","2,366",665,459,10.52,14.92,"19,390",934,"18,430","3,462","2,430",1.33,300,24.00
217,월덱스,"21,550",하락,100,-0.46%,500,"6,160",133,"21,600","3,558",703,5.72,"104,946","22,000","21,700","3,918",8.45,23.78,"22,000","1,232",843,650,3.95,18.44,"21,500","1,853","16,511","3,068","3,768",1.12,60,6.49
218,JTC,"6,870",하락,20,-0.29%,0,"66,385",456,"6,920","3,555",476,4.58,"665,741","6,890","6,950","3,584",117.12,57.43,"7,000","3,463","1,752",772,10.16,24.80,"6,750","9,527","51,746","3,086","1,501",1.94,N/A,105.76
219,켐트로닉스,"23,000",하락,50,-0.22%,500,"19,554",449,"23,000","3,527",373,19.12,"81,838","23,100","23,050","6,417",95.24,10.70,"23,150","3,121","4,066",214,7.23,3.77,"22,850","4,239","15,334","5,752","1,203",1.75,200,6.08
220,한국비엔씨,"5,140",하락,20,-0.39%,100,"35,660",184,"5,160","3,515",107,22.25,"331,524","5,160","5,170","2,671",77.07,6.06,"5,200","9,020",306,133,4.30,5.27,"5,120","12,859","68,395",892,231,1.49,N/A,10.16
221,삼표시멘트,"3,240",상승,50,+1.57%,500,"30,766",99,"3,220","3,496","1,039",6.39,"80,103","3,180","3,230","14,851",22.70,9.04,"3,260","3,597","7,289",661,1.88,4.40,"3,180","5,209","107,916","7,908",507,0.47,110,-4.00
222,한국정보인증,"8,210",상승,80,+0.98%,500,"353,077","2,927","8,230","3,484",189,33.65,"8,955,718","8,210","8,250","4,053",35.02,6.14,"8,420","12,743","1,731",124,0.80,3.40,"8,200","5,382","42,441","1,219",244,1.71,150,32.18
223,인화정공,"35,950",하락,200,-0.55%,500,"7,407",268,"36,100","3,457",103,-22.22,"67,934","36,300","36,250","4,303",110.01,18.68,"37,100",515,"1,703",400,0.68,10.68,"35,650",654,"9,616",928,"-1,618",1.22,700,-10.74
224,이뮨온시아,"4,670",하락,5,-0.11%,500,"53,912",252,"4,660","3,451",-126,N/A,"490,553","4,630","4,670",262,-6.80,77.02,"4,700","8,296",68,-57,0.34,-18.96,"4,630","3,408","73,906",7,N/A,N/A,0,495.04
225,피아이이,"9,500",하락,130,-1.35%,100,"131,763","1,265","9,640","3,403",94,29.14,"1,196,685","9,800","9,660",980,136.17,22.56,"9,820","9,182",462,99,0.48,10.41,"9,460","3,066","35,826","1,240",326,5.06,N/A,44.51
226,선익시스템,"35,550",상승,850,+2.45%,500,"17,955",641,"35,300","3,390",79,-14.86,"32,436","35,150","35,400","3,029",294.87,-47.86,"36,250","1,207","2,565",-281,0.82,-12.83,"35,000","1,982","9,537","1,129","-2,393",7.19,N/A,80.93
227,다원시스,"8,880",상승,140,+1.60%,500,"17,404",154,"8,830","3,389",76,-17.45,"100,358","8,900","8,850","7,457",-60.32,4.81,"8,900","4,592","4,868",119,8.58,1.69,"8,790","1,350","38,163","3,015",-509,1.43,N/A,-15.74
228,노머스,"31,150",하락,150,-0.48%,500,"40,026","1,267","31,700","3,388",82,30.48,"209,602","31,400","31,800",988,"4,101.07",15.81,"32,150","3,082",127,99,8.59,13.63,"30,900","3,293","10,876",689,"1,022",3.70,0,62.92
229,토모큐브,"25,650",상승,50,+0.20%,500,"214,968","5,734","26,300","3,378",-88,-34.06,"113,595","26,950","26,400",436,-30.40,-27.82,"27,750","4,961",16,-83,4.19,-26.20,"25,500","1,952","13,171",59,-753,8.49,0,58.48
230,에이치브이엠,"28,350",하락,500,-1.73%,500,"17,135",487,"28,400","3,374",-68,-39.05,"146,309","28,600","28,450","1,196",-282.11,-17.39,"28,700","6,285",535,-84,4.35,-8.19,"28,300","1,689","11,902",451,-726,5.03,N/A,8.88
231,인벤티지랩,"31,500",하락,500,-1.56%,500,"38,270","1,207","31,550","3,366",-190,-11.11,"265,190","32,000","31,600",723,-18.81,-91.93,"32,100","3,189",397,-170,2.12,-28.95,"31,150",978,"10,684",18,"-2,835",9.30,0,170.90
232,씨앤씨인터내셔널,"33,600",상승,100,+0.30%,100,"5,933",199,"33,500","3,365",290,13.37,"54,942","33,550","33,650","2,951",-9.75,17.15,"33,900","1,551",893,324,4.52,11.78,"33,250",936,"10,014","2,829","2,514",1.68,"1,000",28.39
233,CJ프레시웨이,"28,200",상승,350,+1.26%,"1,000","8,747",244,"27,550","3,348",940,12.78,"137,121","27,950","27,700","15,644",-5.27,7.36,"28,400","1,945","11,490",274,14.15,1.87,"27,450",438,"11,872","32,248","2,207",0.81,450,4.90
234,우주일렉트로,"36,000",하락,450,-1.23%,500,"1,899",69,"36,300","3,327",201,15.87,"13,702","36,100","36,500","3,277",151.12,8.46,"36,600",397,814,198,8.75,6.34,"35,950",713,"9,240","1,762","2,268",1.16,300,10.18
235,퓨쳐켐,"15,050",하락,150,-0.99%,500,"10,496",159,"15,200","3,326",-95,-33.52,"75,329","15,400","15,290",744,-12.55,-15.94,"15,400","1,590",199,-94,5.04,-12.80,"15,040",755,"22,102",173,-449,6.49,N/A,23.81
236,휴온스,"27,750",보합,0,0.00%,500,"1,616",45,"27,750","3,324",397,10.43,"13,602","27,750","27,900","6,063",-29.12,8.77,"27,900","1,951","2,557",291,17.69,5.09,"27,650","1,804","11,980","5,902","2,661",0.92,630,6.93
237,비보존 제약,"6,620",상승,60,+0.91%,"2,500","19,014",125,"6,500","3,317",29,-25.36,"125,386","6,500","6,530","1,844",10.36,-9.48,"6,660","2,895",780,-100,0.60,-5.58,"6,480","3,435","50,105",876,-261,3.22,N/A,22.83
238,바디텍메드,"14,080",상승,190,+1.37%,"1,000","11,889",166,"13,990","3,307",262,11.86,"181,488","13,800","14,020","2,547",-8.17,13.75,"14,130","1,300",316,272,2.41,11.28,"13,800","1,748","23,487","1,382","1,187",1.42,150,2.94
239,예스티,"15,720",하락,850,-5.13%,500,"40,476",648,"16,000","3,300",113,31.13,"64,636","16,350","16,080","2,044","2,839.92",10.51,"16,440",467,786,112,2.49,5.42,"15,670","1,211","20,991","1,001",505,2.56,0,25.42
240,하림,"3,090",보합,0,0.00%,500,"119,940",371,"3,095","3,282",285,-162.63,"857,751","3,115","3,100","8,328",-29.51,-4.11,"3,115","44,089","5,437",-123,3.53,-1.47,"3,075","51,829","106,210","12,854",-19,1.13,N/A,-8.89
241,한양이엔지,"18,140",상승,140,+0.78%,500,"1,551",28,"18,150","3,265",862,5.21,"32,282","18,000","18,170","9,087",1.27,13.45,"18,180","1,272","3,067",764,14.14,8.80,"18,000",431,"18,000","11,863","3,481",0.50,650,15.60
242,에이스침대,"29,300",상승,300,+1.03%,"1,000",757,22,"29,100","3,249",662,5.28,"3,349","28,800","29,150","7,824",16.14,9.70,"29,300",572,757,659,1.17,8.79,"28,800",226,"11,090","3,260","5,551",0.44,"1,450",6.39
243,기가비스,"25,550",하락,150,-0.58%,200,"2,172",55,"25,500","3,239",-18,112.06,"20,020","25,600","25,550","2,297",-105.10,1.63,"25,750","1,378",240,34,1.60,1.50,"25,400","1,144","12,676",261,228,1.66,800,-71.42
244,삼목에스폼,"21,950",상승,650,+3.05%,500,"2,866",62,"21,550","3,227",753,6.83,"14,206","21,350","21,650","7,813",-39.33,12.04,"22,000","1,572","1,366",734,2.91,9.65,"21,300",505,"14,700","4,019","3,216",0.49,200,-8.53
245,제닉,"40,300",보합,0,0.00%,500,"13,015",527,"40,200","3,211",60,26.48,"83,531","41,100","40,300",382,249.72,44.90,"41,100","1,002",160,76,8.17,24.57,"39,900",810,"7,969",499,"1,522",12.28,N/A,77.80
246,인바디,"23,800",하락,50,-0.21%,500,"3,292",78,"23,850","3,208",367,10.38,"14,008","23,900","23,950","3,058",-4.20,12.71,"24,000","3,064",319,327,36.19,11.27,"23,600",588,"13,481","2,045","2,293",1.10,400,20.03
247,지씨셀,"20,300",상승,50,+0.25%,500,"4,145",84,"20,350","3,207",-200,-3.90,"17,239","20,250","20,450","5,783",-590.55,-14.90,"20,450","2,709","1,160",-757,5.10,-12.18,"20,200",359,"15,800","1,745","-5,205",0.69,N/A,-6.98
248,에이유브랜즈,"22,650",상승,900,+4.14%,100,"19,603",447,"22,750","3,207",124,28.07,"71,452","22,400","22,950",448,-23.35,38.45,"23,200",976,122,101,1.63,28.58,"21,750","3,113","14,160",446,807,5.42,0,6.48
249,티에프이,"28,050",하락,150,-0.53%,100,"3,134",88,"27,900","3,192",44,133.57,"121,593","28,250","28,050","1,267",-52.40,1.94,"28,250",482,483,15,1.54,1.33,"27,900","2,125","11,381",736,210,3.81,N/A,-8.34
250,바텍,"21,400",상승,100,+0.47%,500,"5,340",114,"21,400","3,179",540,6.26,"22,258","21,250","21,500","6,503",-15.74,12.94,"21,500","3,463","1,798",553,26.96,8.93,"21,250","1,791","14,854","3,852","3,418",0.68,100,0.07
251,제이브이엠,"26,100",상승,100,+0.38%,500,"5,593",146,"26,050","3,155",307,11.13,"87,070","26,000","26,100","2,848",3.04,15.11,"26,450","1,764",825,288,12.57,10.64,"25,900",971,"12,090","1,594","2,346",1.47,500,1.50
252,오픈엣지테크놀로지,"14,340",상승,40,+0.28%,100,"9,649",138,"14,280","3,155",-246,-12.87,"67,424","14,260","14,390",867,-55.15,-67.14,"14,440",212,260,-273,6.20,-41.54,"14,240",630,"22,003",153,"-1,114",6.93,0,-21.77
253,덕산테코피아,"15,370",상승,80,+0.52%,500,"13,588",209,"15,350","3,147",-302,-5.28,"111,867","15,290","15,410","6,630",-385.42,-28.30,"15,500",482,"4,572",-726,4.31,-12.33,"15,260",664,"20,477",997,"-2,911",1.67,N/A,5.97
254,아이패밀리에스씨,"18,100",하락,280,-1.52%,500,"12,045",218,"18,190","3,135",336,12.68,"86,630","18,380","18,250","1,223",40.16,35.26,"18,380",886,308,283,5.71,26.68,"17,970",408,"17,320","2,049","1,428",3.25,118,37.79
255,더즌,"4,365",상승,195,+4.68%,100,"1,354,424","5,818","4,265","3,117",100,27.11,"4,257,794","4,230","4,275","1,157",-6.08,28.06,"19,170","1,016",157,164,0.30,13.93,"18,810",699,"16,378","1,279",989,2.66,N/A,21.83
256,마녀공장,"18,960",하락,220,-1.15%,100,"16,543",314,"18,910","3,105",186,19.17,"441,837","19,170","18,930","1,295",16.99,15.53,"25,100","1,577",67,-89,5.06,-39.23,"24,600","2,070","12,591",81,-556,14.81,N/A,329.69
257,씨어스테크놀로지,"24,650",하락,150,-0.60%,500,"11,884",295,"24,600","3,104",-87,-44.33,"134,726","24,800","24,750",281,11.44,-60.13,"4,490","45,788",743,99,2.00,9.39,"4,190","25,055","71,413",627,161,4.65,0,48.96
258,지노믹트리,"12,640",상승,340,+2.76%,500,"15,925",200,"12,360","3,081",-153,-29.33,"131,972","12,300","12,490","1,307",11.50,-8.24,"12,650","2,617",64,-104,1.28,-7.89,"12,300",463,"24,377",24,-431,2.50,0,-30.89
259,폴라리스오피스,"6,100",상승,10,+0.16%,500,"51,373",313,"6,100","3,033",48,48.03,"584,913","6,110","6,120","5,198",-23.14,9.19,"6,120","14,139",857,186,0.57,4.45,"6,070","8,612","49,725","2,763",127,3.36,N/A,156.07
260,에스티아이,"19,150",상승,70,+0.37%,500,"21,783",417,"19,230","3,031",273,11.61,"189,245","19,160","19,240","3,688",13.95,10.89,"19,290","1,985","1,080",271,4.08,7.93,"19,090",364,"15,830","3,340","1,650",1.08,200,4.56
261,펨트론,"14,160",하락,70,-0.49%,500,"24,895",351,"14,140","3,014",-36,-94.40,"195,311","14,130","14,170",717,-144.94,-6.32,"14,290","2,020",436,-19,7.31,-2.61,"13,940","3,194","21,288",570,-150,11.69,N/A,-22.67
262,KG이니시스,"10,900",상승,90,+0.83%,500,"22,727",248,"10,900","3,003",610,8.23,"104,845","10,820","10,910","18,664",-42.61,8.63,"11,000","2,166","11,128",447,6.80,2.50,"10,780","1,780","27,554","13,543","1,324",0.60,500,0.71
263,상아프론테크,"18,760",상승,160,+0.86%,500,"6,235",118,"18,680","3,000",58,58.44,"57,225","18,920","18,770","3,622",-34.70,3.13,"19,050","1,971","1,612",62,3.77,1.73,"18,650",813,"15,989","1,718",321,1.47,200,-6.45
264,매일유업,"38,150",상승,650,+1.73%,500,907,34,"37,950","2,992",703,7.45,"4,349","37,500","38,050","10,263",-2.62,8.16,"38,150",194,"4,510",455,12.54,4.56,"37,500",64,"7,844","18,114","5,120",0.48,"1,250",1.60
265,브이엠,"12,340",하락,300,-2.37%,100,"3,165",39,"12,500","2,971",-86,300.98,"42,495","12,640","12,590","1,657",21.56,-2.80,"12,640",923,414,-35,3.88,-2.18,"12,310",789,"24,076",703,41,2.31,N/A,170.21
266,아주IB투자,"2,445",상승,20,+0.82%,500,"39,576",97,"2,445","2,957",84,76.41,"319,961","2,435","2,450","3,417",-52.70,3.20,"2,460","15,963",806,83,1.41,2.39,"2,425","18,165","120,945",656,32,1.13,50,-11.09
267,에스에이엠티,"2,955",상승,40,+1.37%,500,"57,445",169,"2,940","2,955",674,5.87,"219,316","2,915","2,945","8,330",25.83,13.46,"2,955","18,835","4,024",544,5.49,7.23,"2,915","37,043","99,995","28,895",503,0.68,200,34.70
268,클리오,"16,340",상승,120,+0.74%,500,"7,690",126,"16,310","2,953",246,14.45,"98,081","16,380","16,330","2,954",-27.23,12.43,"16,380","1,469",615,272,4.29,9.45,"16,170","1,677","18,071","3,514","1,131",1.24,400,6.29
269,뷰노,"21,050",하락,200,-0.94%,100,"6,512",137,"21,100","2,947",-125,-23.60,"62,847","21,200","21,150",502,20.58,-72.91,"21,300","2,330",195,-130,3.71,-35.80,"21,000",764,"14,002",259,-892,10.67,0,94.86
270,KG에코솔루션,"6,160",상승,160,+2.67%,500,"24,120",147,"6,060","2,932","2,265",4.55,"68,239","6,040","6,070","62,134",-26.87,6.74,"6,180","5,187","32,544","2,142",3.58,3.55,"6,000","3,231","47,603","72,849","1,353",0.19,120,0.38
271,바이오비쥬,"19,460",하락,90,-0.46%,500,"254,973","5,078","20,250","2,928",92,N/A,"1,741,840","20,100","20,300",378,N/A,N/A,"20,550","11,456",68,72,1.29,N/A,"19,350","10,137","15,044",296,N/A,N/A,0,N/A
272,우진엔텍,"31,550",하락,850,-2.62%,500,"92,141","2,919","31,650","2,925",53,62.60,"64,453","4,970","5,070","2,222",278.57,2.70,"5,140","4,369",782,33,1.04,1.60,"4,970","7,711","58,388",533,65,1.97,N/A,72.35
273,듀켐바이오,"10,260",상승,20,+0.20%,500,"2,826",29,"10,240","2,920",51,34.78,"720,934","31,800","31,750",517,-9.74,13.35,"32,100","6,583",43,54,0.00,11.86,"31,350","4,586","9,271",440,504,6.36,200,8.05
274,샘씨엔에스,"4,995",상승,15,+0.30%,500,"23,006",117,"5,050","2,916",52,76.85,"35,485","10,320","10,310",652,N/A,N/A,"10,500","4,850",222,80,1.16,N/A,"10,240","1,015","28,455",356,295,6.70,N/A,N/A
275,슈어소프트테크,"5,520",상승,40,+0.73%,100,"31,531",174,"5,510","2,905",79,27.06,"218,738","5,550","5,520","1,624",-31.22,12.40,"5,560","22,002",563,101,0.90,6.29,"5,500","15,893","52,619",888,204,3.14,N/A,40.31
276,인탑스,"16,810",상승,340,+2.06%,500,"6,907",115,"16,550","2,891",38,22.50,"16,939","16,490","16,630","9,007",-79.33,3.34,"16,840","1,452","1,289",234,6.30,2.66,"16,470","1,623","17,200","6,147",747,0.40,200,6.46
277,나이벡,"25,450",보합,0,0.00%,500,"4,487",114,"25,400","2,877",-49,-24.28,"66,123","25,500","25,450",625,-120.87,-30.54,"25,900","3,661",302,-93,1.15,-14.43,"25,350","3,021","11,306",246,"-1,048",9.02,0,56.33
278,에코마케팅,"9,140",하락,70,-0.76%,100,"6,010",55,"9,110","2,876",470,10.41,"57,232","9,200","9,150","4,038",-14.75,12.87,"9,200","3,964","1,213",362,11.75,9.64,"9,100","1,190","31,468","3,572",878,1.19,500,1.92
279,로보스타,"29,400",상승,200,+0.68%,500,"31,604",929,"29,300","2,866",1,"-1,088.89","217,708","29,700","29,350","1,126",-86.92,2.44,"29,700","2,151",206,22,1.51,1.94,"29,250","2,082","9,750",891,-27,3.19,N/A,-13.19
280,씨메스,"24,400",상승,100,+0.41%,500,"7,055",172,"24,400","2,851",-143,-17.40,"60,208","24,700","24,450",810,-43.04,-28.80,"24,700","1,991",67,-135,1.87,-25.68,"24,300","2,979","11,685",69,"-1,402",4.08,0,-9.83
281,프레스티지바이오로직스,"3,660",상승,10,+0.27%,500,"47,568",172,"3,620","2,846",-334,-7.75,"1,306,576","3,650","3,630","2,894",24.39,-34.26,"3,695","3,570","2,177",-294,41.30,-9.87,"3,535","1,590","77,753",22,-472,2.12,0,-37.32
282,쿠콘,"27,750",상승,300,+1.09%,500,"6,141",170,"27,650","2,846",166,15.57,"122,675","27,500","27,700","2,629",0.02,11.48,"27,900","1,755","1,161",158,2.26,6.71,"27,450",603,"10,255",730,"1,782",1.90,150,6.84
283,CMG제약,"1,984",하락,2,-0.10%,500,"107,207",213,"1,990","2,838",10,-248.00,"927,742","1,986","1,995","3,034",-66.40,1.42,"2,005","25,891","1,139",27,4.24,0.99,"1,980","30,297","143,057",991,-8,1.47,0,5.53
284,유니슨,"1,653",상승,21,+1.29%,500,"772,608","1,281","1,623","2,818",-125,-14.76,"2,824,517","1,648","1,624","2,490",36.06,-36.03,"1,685","20,590","1,828",-225,2.88,-8.81,"1,622","5,950","170,506",257,-112,4.44,0,-76.12
285,LS증권,"5,080",상승,160,+3.25%,"5,000","106,810",542,"5,000","2,818",218,25.92,"104,518","4,960","5,020","87,797",-34.30,1.84,"5,130","5,025","79,083",166,1.25,0.20,"4,955","7,417","55,481","16,537",196,0.33,100,25.07
286,원익머트리얼즈,"22,150",상승,150,+0.68%,500,"6,804",151,"22,150","2,793",519,8.04,"51,490","22,000","22,250","5,833",110.29,6.84,"22,250","2,374","1,021",318,17.19,5.88,"22,000","5,102","12,608","3,107","2,755",0.57,350,-20.67
287,유진기업,"3,605",상승,90,+2.56%,500,"69,172",248,"3,540","2,787",550,-4.41,"169,027","3,505","3,560","23,749",-34.86,-6.18,"3,620","14,199","13,482","-1,007",4.64,-4.32,"3,505","21,802","77,311","13,933",-817,0.28,170,-5.44
288,아이티엠반도체,"12,210",상승,230,+1.92%,500,"3,029",37,"12,040","2,770",24,-51.74,"21,207","12,080","12,060","5,952",116.15,0.64,"12,250",437,"4,008",12,2.36,0.20,"12,050",932,"22,683","6,479",-236,1.40,N/A,11.61
289,오상헬스케어,"19,080",상승,20,+0.10%,500,916,17,"19,020","2,768",-248,-31.59,"14,844","19,300","19,210","2,950",-117.35,-3.93,"19,300","1,442",90,-114,1.21,-3.70,"18,980",819,"14,509",805,-604,0.93,500,-77.38
290,뉴로메카,"24,400",하락,50,-0.20%,500,"6,940",169,"24,350","2,766",-190,-14.14,"48,380","24,650","24,450",952,-28.26,-95.95,"24,700",702,844,-168,0.44,-17.55,"24,150","1,502","11,338",253,"-1,726",12.02,0,83.87
291,동원개발,"3,045",상승,145,+5.00%,500,"367,261","1,113","3,020","2,765",210,108.75,"629,039","2,940","3,030","13,783",-29.97,1.76,"3,095","20,054","3,320",183,3.10,1.30,"2,920","27,163","90,808","5,204",28,0.26,80,-29.35
292,필에너지,"12,910",상승,20,+0.16%,500,"3,296",43,"12,910","2,760",142,33.80,"71,395","12,840","12,930","2,121",-7.25,10.39,"13,000","1,579",691,134,1.74,5.79,"12,840",810,"21,378","2,854",382,2.01,67,45.08
293,신성에스티,"30,150",상승,300,+1.01%,500,"3,392",102,"30,000","2,725",88,39.83,"35,252","30,200","30,200","1,444",5.16,7.11,"30,450",962,419,71,2.04,5.06,"29,850",834,"9,040","1,270",757,2.57,200,1.89
294,프로텍,"24,750",상승,250,+1.02%,500,"2,684",66,"24,500","2,722",134,10.05,"18,113","24,300","24,600","3,768",-22.89,7.35,"25,300","1,116",540,127,2.80,3.45,"24,300",614,"11,000","1,703","2,462",0.73,400,9.11
295,대화제약,"14,540",상승,230,+1.61%,500,"29,463",424,"14,410","2,707",67,154.68,"37,269","14,320","14,450","2,059",241.83,0.73,"14,650","3,845","1,295",8,0.00,0.39,"14,320",890,"18,617","1,494",94,3.65,150,5.70
296,제이에스링크,"10,030",상승,150,+1.52%,500,"24,673",251,"9,910","2,706",-91,-13.97,"37,832","9,890","9,930",544,-109.85,-42.11,"10,310","5,285",294,-108,1.16,-23.19,"9,890","3,236","26,978",159,-718,8.01,0,-27.52
297,제이오,"8,380",상승,60,+0.72%,100,"9,668",80,"8,350","2,683",-55,-26.52,"42,537","8,270","8,360","2,226",-145.39,-5.67,"8,380","2,966",442,-89,2.26,-4.24,"8,270",976,"32,018",829,-316,1.40,N/A,-27.62
298,동방메디컬,"12,860",상승,240,+1.90%,500,"110,843","1,431","12,900","2,672",150,62.13,"559,198","12,860","12,930","1,504",-8.69,4.60,"13,090","4,585",696,31,2.84,2.34,"12,700","3,817","20,775","1,051",207,2.33,0,15.67
299,이스트소프트,"22,850",상승,250,+1.11%,500,"15,152",344,"22,850","2,663",-135,-27.20,"78,173","22,850","22,900","1,991",-51.08,-16.62,"23,000","4,612","1,106",-146,0.84,-7.52,"22,550","3,142","11,655","1,025",-840,3.62,0,10.79
300,네패스,"11,500",하락,60,-0.52%,500,"29,812",344,"11,530","2,652",34,-6.62,"59,749","11,620","11,580","7,101",-66.22,-48.21,"11,620","2,279","5,029",-794,5.81,-9.49,"11,490",752,"23,059","4,643","-1,736",2.43,N/A,-0.99
301,넥써쓰,"4,540",상승,85,+1.91%,500,"1,754,146","8,110","4,580","2,666",-89,-63.06,"3,888,340","4,535","4,595",338,44.70,-29.78,"4,900","21,190",80,-82,1.38,-22.40,"4,325","16,269","58,718",76,-72,8.29,N/A,-0.99
302,디오,"18,330",상승,340,+1.89%,500,"6,874",125,"18,180","2,635",-407,-6.19,"48,820","18,150","18,250","3,433",-294.94,-20.74,"18,340",547,"1,392",-413,13.94,-11.62,"18,150","1,593","14,375","1,196","-2,963",1.25,0,-23.21
303,셀비온,"20,550",하락,250,-1.20%,500,"27,523",569,"20,750","2,634",-71,-32.99,"178,245","21,000","20,850",344,-41.51,-39.20,"21,000","6,917",48,-73,6.18,-31.76,"20,350","5,349","12,816",23,-623,9.35,0,55.64
304,아이스크림미디어,"19,970",하락,130,-0.65%,500,"5,357",107,"20,000","2,631",461,8.01,"48,320","20,150","20,100","2,229",35.41,23.29,"20,200","1,307",396,311,8.26,18.42,"19,840","1,365","13,177","1,522","2,493",1.52,738,23.67
305,리파인,"15,180",하락,90,-0.59%,100,"53,069",799,"15,110","2,631",205,14.50,"286,782","15,140","15,180","1,816",-9.08,12.53,"15,440","3,734",112,206,3.79,11.63,"14,550","2,558","17,330",678,"1,047",1.30,N/A,2.05
306,HLB이노베이션,"1,819",상승,14,+0.78%,500,"20,299",37,"1,820","2,625",-119,-14.55,"161,874","1,800","1,826","2,680",N/A,N/A,"1,826","3,086",160,-124,2.06,N/A,"1,800","5,424","144,304",254,-125,1.12,N/A,N/A
307,에이비온,"9,160",상승,140,+1.55%,500,"1,996,233","18,619","9,390","2,623",-341,-5.07,"14,431,650","9,430","9,430",638,-9.00,-227.67,"9,840","7,242",357,-434,0.73,-80.00,"8,730","5,237","28,637",8,"-1,808",14.82,N/A,-40.39
308,한솔아이원스,"9,170",상승,10,+0.11%,500,"4,819",44,"9,170","2,622",231,8.00,"54,233","9,160","9,220","2,319",180.71,18.60,"9,220","5,774",497,311,5.61,13.72,"9,100",565,"28,593","1,571","1,146",1.31,0,26.79
309,석경에이티,"48,050",상승,50,+0.10%,500,600,29,"47,800","2,621",20,45.24,"12,414","47,900","48,100",492,-42.34,11.43,"48,350","1,002",94,43,0.75,9.70,"47,750","1,250","5,455",138,"1,062",6.27,N/A,13.28
310,AP시스템,"17,150",상승,150,+0.88%,500,"8,823",151,"17,030","2,621",472,5.71,"43,647","17,000","17,080","5,998",-21.51,15.74,"17,150","3,548","2,632",518,9.67,8.85,"16,970","2,458","15,281","5,167","3,002",0.75,530,-3.16
311,오리엔탈정공,"5,710",상승,30,+0.53%,500,"47,342",271,"5,700","2,602",249,9.01,"351,302","5,760","5,720","2,157",94.84,26.45,"5,800","5,655","1,056",261,7.23,12.60,"5,660","8,519","45,574","2,073",634,2.31,100,31.60
312,제일일렉트릭,"11,670",상승,"1,460",+14.30%,500,"1,831,229","22,035","12,090","2,593",89,24.99,"656,377","12,030","12,100","2,193",N/A,N/A,"12,490","18,936",648,104,1.89,N/A,"11,590","10,348","22,220","1,863",467,1.70,100,N/A
313,로킷헬스케어,"16,770",상승,760,+4.75%,500,"689,441","11,772","17,200","2,586",-56,-28.28,"2,803,166","16,700","17,220",113,24.48,9.83,"17,400","3,453",884,-77,0.22,-77.65,"16,610","8,540","15,418",131,-593,-2.71,0,5.59
314,이지홀딩스,"3,985",상승,25,+0.63%,500,"39,194",156,"3,990","2,571","1,234",18.89,"102,331","3,965","3,995","28,559",18.90,2.70,"4,010","7,336","16,493",351,4.72,1.30,"3,960","11,557","64,516","32,850",211,0.39,250,5.32
315,잉글우드랩,"12,930",하락,100,-0.77%,0,"244,702","3,206","13,040","2,569",188,15.81,"1,592,812","13,400","13,050","1,997",-34.86,15.17,"13,410","15,644",558,196,11.85,10.51,"12,910","4,901","19,868","1,822",818,1.77,103,-11.88
316,케이티알파,"5,230",상승,40,+0.77%,"1,000","13,975",73,"5,200","2,564",246,11.52,"134,142","5,180","5,210","4,621",156.07,7.78,"5,240","5,218","2,009",197,1.35,4.40,"5,130","14,361","49,019","3,882",454,0.94,N/A,-1.17
317,비덴트,"3,320",보합,0,0.00%,500,0,0,0,"2,563",-111,5.25,0,0,0,"7,408",-11.76,11.16,0,0,"1,026",672,1.43,9.67,0,0,"77,202",96,632,0.40,N/A,-3.82
318,해성산업,"7,870",상승,150,+1.94%,500,"13,599",106,"7,770","2,562",714,-163.96,"68,983","7,720","7,790","25,920",-32.81,0.79,"7,890",411,"12,440",-34,1.32,-0.13,"7,690","1,917","32,557","22,204",-48,0.33,225,-3.81
319,진성티이씨,"11,370",상승,160,+1.43%,500,"15,733",179,"11,300","2,556",244,11.32,"142,682","11,320","11,310","4,554",-38.26,8.48,"11,410","2,010","1,931",210,8.45,4.89,"11,280",884,"22,482","3,905","1,004",0.86,200,-19.50
320,큐브엔터,"17,030",상승,10,+0.06%,500,"10,057",171,"17,070","2,555",166,18.94,"47,110","17,100","17,150","2,700",7.42,13.61,"17,130",410,"1,117",166,5.32,7.85,"16,920","1,617","15,002","2,183",899,1.50,N/A,53.43
321,와이씨켐,"25,250",상승,150,+0.60%,"1,000","13,713",346,"25,000","2,553",-82,-17.10,"66,972","25,100","25,100","1,163",-4.30,-30.46,"25,450","3,065",718,-160,1.85,-13.56,"25,000","1,274","10,111",703,"-1,477",5.39,N/A,12.90
322,자람테크놀로지,"41,150",상승,500,+1.23%,500,"1,587",65,"40,850","2,550",4,-276.17,"22,677","41,100","41,050",784,117.07,5.09,"41,200",395,359,20,2.69,3.42,"40,700",496,"6,198",222,-149,6.24,N/A,90.74
323,인선이엔티,"5,470",상승,10,+0.18%,500,"10,929",60,"5,470","2,547",232,-10.90,"58,099","5,460","5,480","4,957",-10.18,-5.66,"5,500","5,841","1,731",-189,5.09,-3.62,"5,450","3,200","46,564","2,088",-502,0.76,N/A,-5.48
324,나우로보틱스,"20,250",하락,50,-0.25%,500,"28,367",574,"20,150","2,541",-29,-46.02,"253,376","20,450","20,200",163,47.80,-285.18,"20,450","5,850",105,-37,0.27,-26.63,"20,050","2,660","12,548",121,-440,34.99,0,15.89
325,에이디테크놀로지,"18,850",상승,"1,630",+9.47%,500,"291,949","5,472","18,220","2,534",-170,-15.18,"151,005","17,500","18,230","2,449",2.61,-10.24,"19,230","4,254","1,133",-152,2.22,-5.68,"17,390","2,712","13,441","1,065","-1,242",1.89,N/A,6.36
326,에스바이오메딕스,"21,250",상승,600,+2.91%,500,"7,121",150,"21,050","2,520",-54,-34.84,"58,892","21,200","21,100",446,9.06,-70.89,"21,300","1,820",263,-58,1.86,-15.21,"20,950","1,399","11,860",137,-610,24.09,0,4.77
327,인트로메딕,"5,850",보합,0,0.00%,100,0,0,0,"2,515",-15,-42.39,0,0,0,105,58.32,-101.85,0,0,48,-70,0.76,-49.54,0,0,"42,998",104,-138,41.17,0,4.09
328,KH바텍,"10,585",상승,85,+0.81%,500,"7,298",77,"10,600","2,506",219,10.93,"36,368","10,500","10,620","3,871",-34.96,8.33,"10,650","1,293","1,248",213,8.22,5.84,"10,500","2,739","23,677","3,110",968,0.89,330,-14.46
329,시너지이노베이션,"2,840",하락,15,-0.53%,500,"44,004",125,"2,835","2,502",161,61.74,"244,575","2,830","2,850","3,141",7.51,5.75,"2,855","19,198",790,181,12.62,6.05,"2,830","35,953","88,103",906,46,1.28,0,8.88
330,툴젠,"29,150",하락,100,-0.34%,500,641,19,"29,450","2,502",-218,35.38,"9,302","29,300","29,650",755,-27.57,14.08,"29,650",492,170,62,1.01,7.38,"29,100",926,"8,583",9,824,4.62,0,-19.25
331,더블유씨피,"7,380",상승,120,+1.65%,500,"31,077",228,"7,320","2,498",-709,-2.29,"196,819","7,340","7,330","18,102",-252.91,-7.33,"7,400","3,794","8,415",-722,4.13,-4.56,"7,280","4,440","33,843","3,221","-3,229",0.26,N/A,5.60
332,비츠로테크,"9,530",상승,150,+1.60%,500,"220,842","2,108","9,470","2,497",511,30.54,"2,012,356","9,420","9,480","5,905",77.36,3.72,"9,650","9,953","1,679",415,2.63,7.56,"9,390","7,840","26,200","4,283",312,1.08,50,21.38
333,토비스,"15,500",상승,50,+0.32%,500,"15,486",238,"15,380","2,490",584,4.56,"184,030","15,450","15,400","5,281",127.52,26.76,"15,520","2,890","2,636",613,12.26,12.06,"15,290",535,"16,067","6,238","3,400",0.96,300,39.43
334,미래나노텍,"8,000",상승,50,+0.63%,500,"9,626",77,"7,950","2,481",249,8.11,"85,925","7,920","7,990","5,976",81.41,8.51,"8,020","2,347","2,802",258,5.12,4.22,"7,920","2,184","31,010","6,223",987,0.79,50,-10.33
335,골프존홀딩스,"5,790",상승,190,+3.39%,500,"85,584",492,"5,700","2,480",394,5.08,"88,108","5,610","5,710","10,503",-26.50,6.02,"5,820","6,149","3,037",436,3.19,4.18,"5,610","16,652","42,837","3,862","1,139",0.31,250,-8.94
336,엣지파운드리,"3,165",하락,75,-2.31%,500,"53,452",170,"3,180","2,478",-51,-150.71,"513,275","3,180","3,190","1,316",-4.87,-27.09,"3,280","8,698",547,-180,0.26,-15.27,"3,147","5,522","78,307",373,-21,2.12,0,0.70
337,매커스,"15,310",하락,520,-3.28%,500,"19,185",298,"15,790","2,475",269,10.70,"55,737","15,740","15,810","4,092",2.04,18.59,"15,890",343,"2,958",202,17.86,5.76,"15,300",270,"16,163","1,996","1,431",1.21,200,13.78
338,슈프리마,"34,050",하락,50,-0.15%,500,388,13,"34,200","2,471",233,7.17,"27,922","34,050","34,250","2,601",39.76,14.74,"34,400","1,237",235,325,19.84,13.58,"34,000",451,"7,257","1,082","4,747",0.96,0,14.37
339,GRT,"3,055",상승,100,+3.38%,0,"101,411",311,"3,060","2,470","1,470",3.14,"290,053","3,085","3,070","16,913",86.68,12.05,"3,130","14,682","7,628","1,105",79.23,6.96,"3,025","13,477","80,850","8,424",974,0.27,2,9.73
340,나인테크,"4,625",상승,70,+1.54%,100,"339,931","1,564","4,585","2,470",46,-24.21,"2,569,642","4,565","4,595","1,860",249.45,-7.26,"4,650","36,334","1,019",-54,4.60,-2.41,"4,545","33,136","53,398","1,972",-191,2.90,0,60.28
341,비트맥스,"6,620",상승,30,+0.46%,500,"672,647","4,626","6,710","2,465",-185,-6.87,"954,948","6,710","6,760",285,-12.23,-134.66,"7,160","18,503",143,-270,2.33,-67.28,"6,550","7,007","37,231",372,-963,13.82,N/A,"2,005.36"
342,엠아이텍,"7,610",하락,10,-0.13%,500,"2,659",20,"7,610","2,463",176,13.33,"30,178","7,630","7,630","1,185",24.96,18.13,"7,630","2,910",97,183,6.47,16.83,"7,580","1,603","32,366",538,571,2.21,100,15.88
343,에치에프알,"18,480",하락,130,-0.70%,500,"6,063",113,"18,740","2,460",-202,-22.90,"68,748","18,800","18,850","2,711",-140.39,-11.34,"19,000",783,"1,123",-185,6.31,-6.86,"18,420",983,"13,309","1,571",-807,1.55,N/A,-4.32
344,이트론,271,보합,0,0.00%,200,0,0,0,"2,456",-56,24.64,0,0,0,"1,195",0.61,-2.85,0,0,235,-23,3.53,-1.90,0,0,"906,131",163,11,2.53,0,-45.05
345,제테마,"6,840",상승,10,+0.15%,500,"18,406",125,"6,730","2,453",41,-100.59,"354,359","6,830","6,760","2,227",56.09,-0.26,"6,870","3,200","1,513",-26,0.89,-1.13,"6,730","1,527","35,859",685,-68,3.56,0,16.70
346,파인엠텍,"6,590",상승,20,+0.30%,500,"68,381",457,"6,690","2,438",-79,-11.02,"334,353","6,600","6,710","3,333",-138.90,-11.87,"6,750","10,548","1,691",-158,2.61,-5.06,"6,590","7,731","36,988","3,822",-598,1.68,N/A,0.56
347,미래반도체,"16,860",상승,60,+0.36%,100,"35,380",594,"16,730","2,434",102,30.00,"256,256","16,800","16,760","1,333",8.79,7.29,"16,930","2,279",474,60,0.56,4.28,"16,690","2,150","14,438","4,876",562,2.70,N/A,28.15
348,티엑스알로보틱스,"15,730",상승,20,+0.13%,500,"7,971",125,"15,690","2,430",53,48.40,"119,475","15,710","15,700",732,46.50,14.93,"15,850","1,461",433,38,1.00,5.84,"15,650",547,"15,451",572,325,3.51,N/A,118.19
349,디아이티,"12,730",상승,470,+3.83%,100,"19,442",243,"12,310","2,406",241,7.95,"171,997","12,270","12,370","2,409",178.68,14.50,"12,780","3,463",280,289,5.40,12.78,"12,270",717,"18,900","1,167","1,601",1.11,380,8.96
350,원일티엔아이,"28,650",하락,"1,000",-3.37%,500,"37,774","1,084","28,600","2,401",64,N/A,"229,043","29,050","28,700",730,122.86,24.45,"29,050","8,547",369,79,0.76,11.67,"28,450","6,204","8,381",422,N/A,N/A,0,0.74
351,아톤,"9,640",하락,90,-0.92%,100,"250,533","2,466","9,930","2,391",144,16.91,"2,167,500","9,820","9,940","1,389",26.50,12.78,"8,440","5,263",227,40,0.58,6.83,"8,370","3,070","28,543",432,101,5.49,N/A,0.92
352,엑스게이트,"8,370",상승,70,+0.84%,100,"14,863",125,"8,420","2,389",35,82.87,"195,137","8,380","8,440",671,-15.05,9.43,"13,500","6,708",71,-120,3.35,-36.84,"13,240","1,272","17,682",49,-808,8.55,N/A,20.29
353,에스오에스랩,"13,500",상승,60,+0.45%,100,"42,847",570,"13,270","2,387",-128,-16.71,"206,257","13,400","13,300",391,-54.09,-46.12,"10,060","6,665",490,110,5.50,7.78,"9,560","7,038","24,799",654,570,2.29,50,18.89
354,네오위즈홀딩스,"27,400",상승,600,+2.24%,500,"3,245",88,"27,050","2,355",204,-14.36,"18,179","26,750","27,300","8,225",17.46,-3.65,"27,750",575,"1,467",-196,3.31,-2.28,"26,750","2,625","8,594","3,681","-1,908",0.55,313,0.40
355,오가노이드사이언스,"35,950",하락,"1,500",-4.01%,500,"121,063","4,368","36,000","2,353",-122,-16.85,"2,861,668","36,700","36,150",259,-24.91,36.26,"36,900","7,542",106,-115,1.41,-39.34,"35,550","2,518","6,546",20,"-2,134",12.34,0,22.77
356,유니테스트,"11,100",상승,100,+0.91%,500,"10,404",115,"11,070","2,346",-234,-9.87,"230,521","16,830","16,850","1,259",N/A,N/A,"17,300","2,549",236,72,0.72,N/A,"16,830","2,869","13,636",742,576,2.14,100,N/A
357,웹케시,"17,190",상승,360,+2.14%,500,"15,730",268,"16,840","2,344",139,29.84,"46,568","10,950","11,180","1,850",-428.15,-19.88,"11,180","2,174",680,-273,7.33,-14.28,"10,910","1,501","21,134",924,"-1,125",1.98,N/A,-44.90
358,쓰리빌리언,"7,380",하락,70,-0.94%,100,"52,542",390,"7,440","2,341",-74,-32.09,"543,268","7,450","7,450",302,11.17,-32.81,"7,500","15,474",19,-66,7.02,-24.76,"7,380","1,481","31,722",58,-230,8.77,N/A,111.41
359,온코닉테라퓨틱스,"21,250",상승,250,+1.19%,500,"16,714",352,"21,050","2,338",-48,-24.40,"114,802","21,050","21,100",609,-315.06,-44.55,"21,300","10,773",49,-81,0.53,-16.44,"20,900","4,011","11,002",148,-871,3.96,0,-29.53
360,파멥신,"2,915",보합,0,0.00%,500,0,0,0,"2,338",-77,-44.85,0,0,0,543,36.27,-15.32,0,0,66,-49,0.00,-12.16,0,0,"80,201",39,-65,4.90,N/A,"5,083.24"
361,사피엔반도체,"28,400",하락,350,-1.22%,100,"19,470",552,"28,150","2,333",-34,-94.67,"247,723","28,600","28,200",312,50.22,-125.23,"28,700","2,095",148,-171,3.07,-64.70,"28,000","1,301","8,213",80,-300,15.15,0,148.96
362,티로보틱스,"12,390",상승,250,+2.06%,500,"27,355",338,"12,280","2,327",-70,-70.40,"245,871","12,240","12,310","1,070",14.71,-1.78,"12,450","2,760",755,-8,0.43,-0.66,"12,240","2,211","18,782",607,-176,6.65,0,-9.01
363,모두투어,"12,300",보합,0,0.00%,500,"13,410",165,"12,290","2,325",47,23.25,"70,083","12,340","12,320","2,349",-59.75,15.33,"12,420","2,945","1,638",108,13.09,4.06,"12,200","1,297","18,900","2,516",529,2.89,250,40.86
364,한국캐피탈,735,상승,8,+1.10%,500,"61,196",45,726,"2,320",969,2.87,"280,848",733,729,"44,603",17.93,12.62,735,"16,231","37,866",811,0.34,1.94,724,"19,997","315,610","4,626",256,0.34,30,21.08
365,한중엔시에스,"25,450",하락,200,-0.78%,500,"7,105",182,"25,500","2,305",96,12.50,"66,610","25,900","25,600","1,668",175.55,36.13,"25,900","1,084",864,154,4.19,10.61,"25,250",855,"9,058","1,773","2,036",2.82,N/A,45.83
366,네오팜,"14,350",상승,30,+0.21%,500,"13,158",188,"14,240","2,300",247,9.55,"77,582","14,300","14,310","1,924",-2.58,13.69,"14,400","3,155",156,231,14.69,12.47,"14,220","2,709","16,028","1,190","1,503",1.29,600,22.56
367,피에이치에이,"10,930",상승,30,+0.28%,500,"1,085",12,"10,850","2,295",515,3.99,"36,340","10,950","10,920","10,696",6.60,8.14,"10,960",919,"2,694",619,12.30,6.03,"10,820",398,"21,000","11,529","2,739",0.26,350,1.61
368,대양전기공업,"23,900",상승,50,+0.21%,500,"11,844",283,"23,600","2,287",157,10.56,"54,635","24,000","23,700","3,086",320.05,8.32,"24,150","2,636",633,196,5.67,6.46,"23,500",466,"9,567","1,963","2,263",0.88,100,27.17
369,소룩스,"4,690",하락,5,-0.11%,500,"59,912",280,"4,675","2,286",-66,-4.48,"195,777","4,680","4,695","1,173","-1,383.71",-58.22,"4,745","10,368",390,-410,0.15,-29.53,"4,630","3,527","48,740",507,"-1,046",2.56,0,-15.28
370,티엘비,"23,200",상승,"1,100",+4.98%,500,"60,887","1,405","22,900","2,281",34,53.09,"186,473","23,050","22,950","1,884",10.28,3.25,"23,300","4,882",763,36,4.24,1.99,"22,800","4,795","9,833","1,800",437,2.03,200,5.08
371,윤성에프앤씨,"28,300",상승,50,+0.18%,100,"2,178",62,"28,250","2,258",319,9.14,"13,449","28,600","28,400","3,009",20.55,20.70,"28,600",891,"1,036",371,2.11,11.47,"28,150",570,"7,979","2,713","3,097",1.15,200,-13.28
372,박셀바이오,"9,680",상승,80,+0.83%,500,"23,732",232,"9,700","2,251",-150,-20.64,"102,258","9,970","9,740",769,-30.68,-13.67,"9,990",701,49,-106,5.46,-13.12,"9,650","2,690","23,257",19,-469,3.13,0,"13,737.28"
373,애니플러스,"4,590",상승,45,+0.99%,100,"103,166",476,"4,570","2,248",251,11.59,"418,823",573,570,"5,620",82.42,-10.50,573,"119,735","2,659",-171,1.28,-3.32,565,"64,257","395,158","1,714",29,0.72,0,1.72
374,아스트,569,하락,1,-0.18%,500,"67,362",38,567,"2,248",-64,19.62,"475,860","4,505","4,595","2,556",9.96,15.20,"4,680","8,645","1,317",180,8.67,7.92,"4,505","3,706","48,986","1,310",396,1.75,0,17.63
375,아이씨티케이,"16,630",상승,260,+1.59%,500,"29,420",488,"16,620","2,232",-67,-33.33,"300,139","16,650","16,630",458,N/A,N/A,"16,680","3,359",28,-58,0.87,N/A,"16,590","1,002","13,421",67,-499,5.39,0,N/A
376,모트렉스,"8,970",상승,80,+0.90%,500,"2,303",21,"8,920","2,230",436,13.08,"46,876","8,870","8,970","9,318",-18.01,8.22,"9,010","1,673","6,600",193,2.98,2.64,"8,870","2,983","24,862","5,869",686,0.92,162,10.52
377,대원산업,"11,100",상승,280,+2.59%,500,"4,398",48,"10,950","2,224",750,2.51,"92,613","10,820","11,020","7,117",58.72,15.16,"11,140","1,902","1,993",726,12.99,11.38,"10,820","1,201","20,038","9,315","4,430",0.42,200,19.78
378,디앤씨미디어,"17,740",상승,240,+1.37%,500,"3,905",70,"17,830","2,222",103,20.44,"40,852","17,560","17,960","1,153",194.82,13.25,"8,550","7,861",232,-294,0.55,-34.57,"8,120","1,332","26,881",34,"-1,115",4.30,N/A,937.76
379,압타바이오,"8,240",하락,410,-4.74%,500,"155,867","1,291","8,320","2,215",-189,-7.39,"1,845,515","8,540","8,340",774,-15.15,-50.84,"17,980",873,272,108,1.83,10.09,"17,560","1,862","12,524",835,868,2.45,N/A,38.33
380,나이스정보통신,"22,150",상승,500,+2.31%,500,"2,701",60,"21,900","2,215",399,6.22,"19,432","21,550","22,000","11,226",8.55,11.22,"23,700","7,868","3,002",90,2.25,2.17,"23,300","14,970","9,453","1,593","1,002",1.35,350,4.07
381,헥토파이낸셜,"23,350",상승,100,+0.43%,500,"68,350","1,605","23,450","2,207",133,23.30,"453,801","23,600","23,500","4,516",5.75,6.90,"22,350",506,"7,367",377,23.55,3.23,"21,550",665,"10,000","9,751","3,562",0.55,810,9.37
382,뉴파워프라즈마,"5,050",보합,0,0.00%,100,"4,218",21,"5,030","2,206",325,11.10,"70,129","5,050","5,040","9,415",102.30,7.43,"5,080","9,973","5,465",232,4.14,2.87,"5,030","1,961","43,693","5,198",455,0.74,50,48.24
383,안트로젠,"21,950",상승,50,+0.23%,500,"3,409",75,"21,900","2,196",-37,-88.51,"47,827","22,150","21,950","1,161",26.09,-1.91,"22,300",735,59,-23,3.85,-1.73,"21,600",913,"10,006",69,-248,2.33,N/A,6.66
384,하이비젼시스템,"14,670",상승,20,+0.14%,500,"8,317",121,"14,610","2,192",310,6.78,"50,432","14,500","14,650","3,657",-47.30,15.91,"14,700","1,227",761,404,13.57,11.14,"14,500","1,148","14,942","3,120","2,163",0.69,400,-10.41
385,아나패스,"18,050",상승,240,+1.35%,500,"4,693",85,"18,000","2,188",200,11.35,"15,943","18,050","18,040","1,176",348.44,29.88,"18,210","1,947",449,189,4.26,16.47,"17,990",636,"12,123","1,822","1,590",2.86,N/A,154.96
386,세경하이테크,"6,100",상승,10,+0.16%,500,"14,152",86,"6,100","2,187",315,7.51,"386,326","6,080","6,120","3,450",-12.96,18.47,"6,140","19,168",962,413,4.83,12.72,"6,070","3,445","35,860","3,203",812,1.20,100,5.21
387,앱트뉴로사이언스,"1,130",하락,3,-0.26%,100,"139,545",157,"1,123","2,187",-128,-20.55,"1,260,414","1,106","1,128","2,064",-94.80,-27.51,"1,138","28,565","1,255",-192,2.53,-12.57,"1,106","18,724","193,582",184,-55,1.98,0,-9.98
388,인터로조,"16,510",상승,20,+0.12%,500,"2,250",37,"16,550","2,182",58,-101.29,"27,173","16,550","16,620","2,344",12.02,0.11,"16,620",807,645,2,8.48,0.07,"16,510",705,"13,216","1,158",-163,1.23,300,-2.90
389,제넥신,"4,790",상승,55,+1.16%,500,"1,857",9,"4,780","2,181",-372,-2.93,"39,720","4,735","4,785","3,450",9.69,-22.82,"4,815",928,834,-637,4.00,-17.66,"4,735","1,846","45,540",29,"-1,633",0.90,N/A,-33.75
390,풍원정밀,"10,330",상승,10,+0.10%,500,"4,676",48,"10,330","2,173",-182,-7.19,"14,536","10,370","10,380",963,16.80,-70.74,"10,390","1,260",689,-301,0.35,-30.26,"9,800","1,022","21,040",493,"-1,436",10.11,0,14.42
391,티씨머티리얼즈,"6,330",상승,490,+8.39%,500,"1,362,531","8,701","6,330","2,167",109,34.03,"759,551","6,350","6,340",762,25.76,12.51,"6,500","17,510",193,63,0.68,8.58,"6,220","29,796","34,228","3,039",186,3.68,0,20.57
392,푸른소나무,"8,790",보합,0,0.00%,500,0,0,0,"2,161",-15,-32.20,0,0,0,116,85.36,-417.81,0,0,89,-77,0.00,-72.26,0,0,"24,580",37,-273,64.24,0,80.83
393,지씨지놈,"9,070",상승,20,+0.22%,500,"29,543",268,"9,070","2,145",-12,-131.45,"625,971","9,050","9,080",406,-870.57,-4.33,"9,130","13,294",75,-13,0.46,-3.01,"9,040","5,025","23,651",259,-69,5.31,0,-5.15
394,어보브반도체,"12,060",상승,170,+1.43%,500,"32,049",385,"11,940","2,144",-51,31.00,"113,173","12,090","12,000","2,930",65.17,2.44,"12,090","1,148","1,385",-181,2.78,-6.23,"11,920","2,724","17,781","2,321",389,1.72,150,-0.14
395,텔레칩스,"14,150",상승,400,+2.91%,500,"20,332",284,"13,780","2,143",49,-5.97,"45,889","13,950","13,810","3,779",-70.95,-17.22,"14,190","1,602","1,761",-386,1.78,-10.25,"13,750","1,814","15,144","1,866","-2,369",1.06,60,-2.34
396,한국알콜,"9,830",상승,80,+0.82%,500,"11,300",111,"9,780","2,124",274,7.95,"42,347","9,760","9,800","6,549",25.38,4.96,"2,240","31,729","1,461",-362,1.82,-17.22,"2,140","70,003","98,670","1,189",-249,1.98,0,46.98
397,SG,"2,145",하락,75,-3.38%,100,"533,570","1,159","2,215","2,116",-61,-8.61,"388,393","2,220","2,220","2,328",54.95,-50.91,"9,840","1,509",930,304,2.99,4.64,"9,740","2,499","21,606","4,210","1,237",0.39,110,-3.94
398,뷰웍스,"21,700",하락,150,-0.69%,500,628,14,"21,850","2,116",223,13.92,"12,485","21,950","21,900","3,229",19.19,9.41,"22,000",837,861,211,32.75,6.85,"21,650","2,417","9,750","2,229","1,559",0.85,600,1.20
399,LB세미콘,"3,630",상승,45,+1.26%,500,"14,355",52,"3,590","2,108",-188,-7.01,"107,082","3,590","3,615","8,060",-48.16,-9.19,"3,640","3,246","4,598",-230,29.16,-2.88,"3,585","12,841","58,083","4,509",-518,0.63,N/A,8.16
400,퀄리타스반도체,"14,980",상승,280,+1.90%,500,"13,971",208,"14,760","2,103",-227,-10.71,"87,785","14,850","14,810",640,-102.87,-48.62,"15,000","3,949",134,-191,0.00,-36.39,"14,740",949,"14,037",61,"-1,399",4.57,0,-43.62
401,멀티캠퍼스,"35,450",상승,100,+0.28%,500,255,9,"35,250","2,101",389,7.13,"3,180","35,200","35,450","3,207",-3.37,15.16,"35,450","1,649",997,315,7.63,9.97,"35,200",281,"5,927","3,527","4,970",1.01,"2,100",-1.63
402,중앙첨단소재,"2,060",하락,15,-0.72%,500,"577,301","1,171","2,030","2,097",-78,-2.99,"862,357","2,020","2,035","1,245","-13,814.06",-95.94,"2,080","46,555",278,-768,5.03,-60.25,"1,990","74,489","101,802",187,-688,2.19,0,-28.92
403,에브리봇,"16,990",상승,100,+0.59%,500,"4,732",80,"16,910","2,087",-22,"2,123.75","53,773","17,020","16,930","1,177",N/A,N/A,"17,020",750,508,3,0.00,N/A,"3,780","3,367","54,244","7,903",-103,0.52,130,4.40
404,동국산업,"3,840",상승,40,+1.05%,"1,000","4,474",17,"3,795","2,083",120,-37.28,"76,139","3,840","3,825","9,428",144.20,-1.63,"3,840","6,416","4,545",-296,5.43,-3.23,"16,900","1,310","12,284",298,8,3.19,0,N/A
405,KG모빌리언스,"5,470",상승,30,+0.55%,500,"63,987",351,"5,460","2,079",74,30.73,"397,491","5,450","5,490","5,385",-77.48,2.84,"5,540","4,394","1,915",82,4.68,1.54,"5,430","4,992","38,011","2,661",178,0.58,220,-4.82
406,와이즈넛,"15,810",상승,80,+0.51%,500,"14,143",225,"15,980","2,071",17,158.10,"339,623","15,980","16,030",580,-50.74,6.10,"16,060",626,66,31,0.00,5.38,"15,550",682,"13,097",349,100,3.33,71,-0.72
407,파이버프로,"6,270",상승,120,+1.95%,100,"9,163",57,"6,260","2,060",72,28.24,"106,845","6,190","6,290",499,175.42,20.26,"6,300","2,067",113,72,2.34,15.80,"6,190","3,068","32,854",329,222,5.42,66,69.93
408,디지털대성,"7,430",하락,10,-0.13%,500,"1,825",14,"7,440","2,056",237,12.74,"25,237","7,420","7,460","3,380",-5.28,10.45,"7,470","1,610","1,769",161,2.88,5.49,"7,410",485,"27,675","2,177",583,1.60,500,2.92
409,DSC인베스트먼트,"7,610",상승,210,+2.84%,500,"98,889",757,"7,650","2,055",150,28.40,"618,978","7,670","7,660","1,578",-14.77,9.98,"7,720","11,509",435,106,1.75,7.09,"7,580","7,060","27,000",386,268,1.79,40,15.08
410,와이지-원,"6,110",상승,40,+0.66%,500,"22,347",136,"6,060","2,051",558,16.93,"91,046","6,080","6,080","10,762",2.07,4.47,"6,120","1,855","6,726",170,19.18,1.67,"6,050","2,633","33,574","5,750",361,0.57,160,3.94
411,엑세스바이오,"5,410",상승,20,+0.37%,0,"9,317",50,"5,390","2,041",-42,-20.89,"99,666","5,390","5,400","7,409",-119.59,-0.06,"5,430","7,657",884,-11,4.68,-0.15,"5,380","3,939","37,728","1,125",-259,0.32,N/A,-67.74
412,금화피에스시,"34,000",상승,450,+1.34%,500,"7,258",246,"33,150","2,040",362,5.65,"35,014","33,050","33,300","4,618",-16.71,11.59,"34,200","2,686","1,009",400,19.43,8.98,"33,050","1,875","6,000","3,402","6,021",0.56,"1,400",0.78
413,이니텍,"10,260",하락,290,-2.75%,500,"23,742",245,"10,420","2,031",2,83.41,"111,346","10,550","10,530","1,184",106.51,2.10,"2,815","24,410",203,11,0.68,1.05,"2,775","40,451","72,696",531,52,2.08,0,-10.71
414,폴라리스AI,"2,790",보합,0,0.00%,500,"134,546",376,"2,800","2,028",-13,53.65,"314,903","2,800","2,805","1,160",-189.87,1.32,"10,550","6,641",73,23,1.43,1.97,"10,170","7,589","19,791",389,123,1.54,0,-14.83
415,유비케어,"3,880",하락,5,-0.13%,500,"17,364",67,"3,890","2,025",52,176.36,"67,638","3,880","3,915","1,601",47.12,-1.55,"3,910","1,987",523,-16,2.23,-0.99,"3,860","1,810","52,197","1,906",22,1.96,30,23.73
416,아미코젠,"3,675",상승,75,+2.08%,500,"58,485",214,"3,645","2,022",-71,-3.82,"231,907","3,605","3,650","2,942",-442.93,-35.39,"3,690","10,377","1,711",-509,6.86,-13.37,"3,605","9,775","55,018","1,736",-963,1.72,N/A,8.57
417,지니언스,"22,200",하락,300,-1.33%,500,"6,591",147,"22,200","2,016",98,18.09,"86,780","22,900","22,300",693,52.16,20.33,"23,000",357,125,109,26.59,16.41,"22,050",748,"9,080",496,"1,227",3.49,250,15.65
418,나무가,"13,710",상승,30,+0.22%,500,"13,536",184,"13,750","2,013",209,8.55,"16,717","13,510","13,760","2,644",-7.82,16.64,"13,770",373,975,261,2.76,11.11,"13,510","1,105","14,685","4,504","1,604",1.21,650,23.18
419,씨에스베어링,"7,380",상승,160,+2.22%,500,"25,647",190,"7,370","2,013",21,34.81,"147,300","7,480","7,380","1,480","3,596.39",2.80,"7,480","2,835",542,25,1.19,1.68,"7,310","4,488","27,270","1,054",212,2.13,N/A,37.60
420,이수앱지스,"5,440",보합,0,0.00%,500,"719,804","3,919","5,460","2,012",134,8.73,"107,094","5,570","5,480","1,602",244.86,16.53,"5,570","10,475",594,147,2.83,8.02,"5,420","6,231","36,989",603,623,2.06,0,10.96
421,삼양엔씨켐,"18,480",하락,40,-0.22%,500,"4,942",91,"18,560","2,008",107,19.98,"68,331","18,750","18,630","1,283",45.87,11.32,"18,750","1,668",446,90,3.96,6.91,"18,420",526,"10,866","1,105",925,1.87,N/A,12.08
422,바이오솔루션,"8,270",상승,50,+0.61%,500,"7,409",62,"8,290","2,006",-51,-18.42,"113,160","8,370","8,310",675,1.42,-32.51,"8,370","2,083",362,-119,2.20,-14.93,"8,270",694,"24,251",129,-449,6.87,0,3.43
423,동신건설,"23,850",하락,50,-0.21%,500,"3,647",87,"23,900","2,003",6,134.75,"27,343","23,850","24,000","1,126",-90.76,3.07,"24,000","1,581",139,30,2.69,2.60,"23,800",697,"8,400",690,177,2.08,250,-16.65
424,서호전기,"38,750",하락,550,-1.40%,500,"10,303",397,"38,800","1,996",16,13.03,"47,660","39,300","39,100","1,020",-87.32,12.69,"39,800",76,126,115,5.58,11.15,"37,200",204,"5,150",465,"2,974",2.01,"2,500",-29.78
425,앱클론,"10,450",하락,160,-1.51%,500,"15,466",162,"10,380","1,995",-156,-11.15,"80,057","10,510","10,420",482,-33.87,-57.57,"10,610","2,396",188,-163,8.23,-34.83,"10,340","2,725","19,093",23,-937,8.09,0,-18.67
426,에이스테크,"2,630",상승,15,+0.57%,500,"13,265",35,"2,620","1,986",-311,-2.89,"125,587","2,615","2,630","3,049",49.99,-67.32,"2,635","4,067","2,093",-408,0.00,-14.44,"2,600","5,615","75,506","1,451",-909,2.03,0,3.59
427,케이프,"6,400",상승,80,+1.27%,500,"8,403",54,"6,370","1,978",390,21.84,"203,331","6,420","6,380","24,047",-4.79,7.47,"6,430","4,487","21,452",183,3.02,0.79,"6,350","1,866","30,902","5,165",293,0.86,300,-12.56
428,KT나스미디어,"17,060",상승,50,+0.29%,500,714,12,"17,030","1,974",199,-30.14,"19,713","17,020","17,150","4,927",-2.81,-3.13,"17,200",519,"2,533",-46,5.62,-0.92,"17,020","1,348","11,568","1,426",-566,0.99,700,-2.87
429,비나텍,"30,900",상승,200,+0.65%,500,"1,743",54,"30,900","1,969",-81,-15.50,"16,444","31,250","30,950","1,761",-365.73,-12.25,"31,250",651,922,-97,1.49,-6.32,"30,800","1,256","6,372",596,"-1,993",2.27,24,8.42
430,인터플렉스,"8,440",상승,100,+1.20%,500,"7,428",62,"8,340","1,969",344,3.94,"35,227","8,380","8,380","3,649",58.79,21.95,"8,440","3,893",831,551,2.90,16.55,"8,340","2,707","23,327","4,975","2,140",0.68,N/A,13.54
431,컴투스홀딩스,"29,850",상승,950,+3.29%,500,"7,760",230,"29,100","1,969",-506,-4.46,"39,463","29,250","29,150","5,420","-1,408.36",-13.72,"30,050","1,102","3,305",-425,3.58,-7.47,"28,900",957,"6,595","1,493","-6,695",0.82,N/A,-2.49
432,이화전기,899,보합,0,0.00%,200,0,0,0,"1,968",17,-40.86,0,0,0,"2,799",-51.38,-5.83,0,0,523,-137,0.87,-4.69,0,0,"218,949",645,-22,0.86,0,-1.07
433,레드캡투어,"11,750",상승,80,+0.69%,500,"7,623",89,"11,680","1,965",436,8.15,"35,972","11,690","11,750","6,972",12.37,9.64,"11,810","1,170","4,816",202,9.15,2.81,"11,450","1,161","16,721","3,589","1,442",1.02,"2,150",6.12
434,AP위성,"12,990",하락,10,-0.08%,500,"3,389",44,"12,980","1,959",73,31.76,"44,687","13,000","13,030","1,352",-27.51,10.41,"13,040","3,037",299,104,0.87,7.46,"12,300",269,"15,750","1,127",833,0.49,800,-18.74
435,KZ정밀,"12,420",상승,90,+0.73%,500,"1,347",17,"12,340","1,956",152,14.91,"20,855","12,330","12,380","6,044",-26.95,4.69,"12,480",348,"1,221",192,5.81,3.84,"12,950","3,384","15,082",586,409,1.75,N/A,18.61
436,탑머티리얼,"23,950",상승,50,+0.21%,500,"2,763",66,"23,850","1,950",-72,-17.70,"11,721","23,750","23,950","2,074",-152.29,-5.50,"24,100","4,253",663,-82,0.00,-3.97,"23,700",290,"8,144","1,061","-1,353",1.37,0,-13.19
437,그래디언트,"14,250",상승,30,+0.21%,"2,500",302,4,"14,150","1,949",-55,-4.27,"16,164","14,150","14,210","17,380",-289.46,-7.70,"14,250",521,"9,559",-260,3.38,-1.43,"14,150","1,620","13,677","33,179","-3,341",0.37,200,-3.10
438,이크레더블,"16,150",상승,200,+1.25%,500,"1,826",29,"15,880","1,945",150,14.91,"6,172","15,950","15,980",594,18.68,27.34,"18,020","2,584","1,845",463,58.05,14.11,"17,600",46,"10,910","5,094","4,392",0.72,850,22.86
439,에스텍,"17,820",상승,40,+0.22%,500,"5,757",103,"17,790","1,944",440,4.06,"29,855","17,600","17,870","3,880",79.12,25.76,"16,150","1,107",104,129,9.31,22.74,"15,890","1,017","12,044",451,"1,083",6.40,"1,590",9.70
440,아가방컴퍼니,"5,890",하락,30,-0.51%,500,"73,817",433,"5,850","1,937",152,17.90,"678,294","5,870","5,870","2,238",-8.27,6.64,"5,910","31,399",562,102,1.78,4.57,"5,830","22,967","32,888","1,827",329,0.97,N/A,-1.97
441,디에스케이,"7,530",상승,40,+0.53%,500,"11,642",87,"7,450","1,936",-197,-19.31,"41,913","7,600","7,530","1,664",-102.94,-6.21,"7,600","2,174",329,-114,1.40,-6.77,"7,420","1,840","25,710",226,-390,1.63,N/A,-68.34
442,동양이엔피,"24,550",상승,450,+1.87%,500,"5,556",136,"24,200","1,930",516,2.90,"15,296","24,100","24,300","4,885",20.16,19.25,"24,650","5,150",874,695,7.59,15.23,"24,100","1,445","7,860","5,484","8,455",0.46,600,2.14
443,성우,"12,790",상승,130,+1.03%,500,"5,173",66,"12,760","1,924",146,9.18,"25,152","12,660","12,850","2,549",-49.40,10.71,"12,880","1,839",321,182,1.70,8.71,"12,660","1,817","15,046","1,309","1,393",0.88,150,-10.74
444,드림시큐리티,"3,800",상승,40,+1.06%,100,"100,086",380,"3,785","1,923",256,16.17,"278,700","3,760","3,790","5,366",-22.94,11.91,"3,820","8,160","3,889",121,4.39,2.56,"3,760","19,212","50,606","2,688",235,1.59,N/A,15.51
445,지어소프트,"12,380",상승,440,+3.69%,500,"109,750","1,359","12,260","1,916",291,10.08,"445,148","12,130","12,270","3,048",91.31,12.90,"12,660","5,623",881,280,9.71,9.32,"12,060","4,213","15,474","5,472","1,228",1.22,N/A,7.52
446,로체시스템즈,"12,480",하락,20,-0.16%,500,"1,496",19,"12,500","1,909",198,13.58,"17,173","12,680","12,570","1,575",65.83,10.36,"12,680",818,352,121,43.26,8.23,"12,460","1,579","15,297","1,601",919,1.49,50,52.07
447,KX,"4,245",상승,75,+1.80%,500,"9,225",39,"4,245","1,903",597,2.35,"50,700","4,210","4,255","8,868",-3.73,27.09,"4,260","3,222","4,438",975,1.89,10.14,"4,175","2,776","44,820","4,038","1,804",0.53,190,0.18
448,노바텍,"17,980",상승,350,+1.99%,500,"5,544",98,"17,720","1,902",126,12.75,"32,013","17,580","17,820","1,834",-50.75,10.80,"17,980",847,125,172,1.79,9.78,"6,110","2,059","30,664","2,182",445,0.79,80,-6.01
449,유니셈,"6,200",상승,80,+1.31%,500,"17,482",108,"6,140","1,901",100,13.93,"66,831","6,120","6,150","2,631",-42.64,7.02,"6,200","11,986",348,155,7.15,6.12,"17,400","1,981","10,576",658,"1,410",1.15,"1,409",-28.79
450,하나기술,"23,700",하락,600,-2.47%,500,"11,407",271,"23,650","1,895",-264,-12.74,"47,346","24,300","23,750","2,400",-318.01,-14.73,"24,300","2,717","1,421",-155,1.62,-6.58,"23,500","1,785","7,995",942,"-1,861",1.97,0,-21.45
451,지투파워,"10,110",하락,80,-0.79%,500,"96,690",972,"10,080","1,892",37,56.48,"335,407","9,950","10,100",641,488.22,12.22,"10,150","3,272",274,42,0.00,7.03,"9,930","4,821","18,709",554,179,5.16,N/A,12.16
452,헥토이노베이션,"14,370",하락,10,-0.07%,500,"29,933",431,"14,390","1,886",489,6.63,"159,179","14,220","14,470","6,922",28.48,14.63,"14,640",323,"3,624",348,7.94,5.46,"14,220","1,594","13,125","3,195","2,169",0.93,490,10.74
453,오로스테크놀로지,"20,100",보합,0,0.00%,500,"3,169",64,"20,050","1,883",61,17.30,"33,148","19,970","20,100",944,156.71,9.05,"20,250","2,417",262,59,1.05,7.01,"19,970","1,042","9,367",614,"1,162",2.71,N/A,34.88
454,덕산하이메탈,"4,135",상승,40,+0.98%,200,"25,798",106,"4,100","1,879",186,15.09,"126,254","4,095","4,115","8,185",269.97,6.76,"4,140","5,926","3,636",313,2.00,3.99,"4,085","4,161","45,437","2,359",274,0.60,N/A,63.30
455,디와이피엔에프,"17,530",상승,10,+0.06%,500,"1,490",26,"17,510","1,878",246,7.49,"25,036","17,520","17,600","3,208",195.44,15.14,"17,610",217,"1,926",182,4.29,5.94,"17,500",220,"10,714","2,810","2,339",1.22,N/A,95.08
456,BGF에코머티리얼즈,"2,990",상승,50,+1.70%,500,"1,373",4,"2,965","1,877",140,13.41,"18,397","2,935","2,975","7,152",-18.51,4.00,"2,990","1,116","2,213",155,1.01,2.41,"2,935","1,217","62,767","3,643",223,0.46,50,27.54
457,현대사료,994,보합,0,0.00%,100,0,0,0,"1,873",27,4.38,0,0,0,"1,170",-56.45,340.50,0,0,281,284,2.38,25.24,0,0,"188,472","1,285",227,2.24,N/A,-20.01
458,삼지전자,"11,450",상승,280,+2.51%,500,"13,906",158,"11,280","1,868","1,156",2.86,"43,631","11,120","11,300","12,019",47.57,16.21,"11,480","3,416","5,617",941,5.38,8.49,"11,120",724,"16,319","33,597","4,004",0.42,450,32.99
459,바이오에프디엔씨,"21,400",하락,150,-0.70%,500,"11,162",238,"21,250","1,861",49,36.83,"53,055","21,550","21,400",673,-3.60,7.39,"21,600","1,632",42,45,11.53,6.92,"21,200","4,382","8,696",161,581,2.82,0,9.83
460,휴마시스,"1,429",하락,6,-0.42%,100,"130,542",186,"1,431","1,849",-106,-5.48,"913,492","1,432","1,435","3,319",79.83,-11.79,"12,330","7,701",140,6,0.00,0.67,"12,110","2,794","15,000","1,169",44,2.28,N/A,3.04
461,지에프씨생명과학,"35,350",상승,"2,800",+8.60%,500,"3,451,763","123,185","35,100","1,847",17,-24.95,"40,975,681","33,800","35,150",201,118.29,-56.97,"1,439","14,884",828,-356,5.74,-10.47,"1,421","7,414","129,375",254,-261,0.71,30,-7.77
462,흥구석유,"12,310",상승,10,+0.08%,100,"64,584",790,"12,250","1,846",-3,279.77,"394,742","12,300","12,290",929,-425.10,0.79,"37,650","23,563",92,-59,0.06,-30.33,"33,000","24,045","5,226",168,"-1,417",13.82,N/A,83.79
463,브릿지바이오테라퓨틱스,"3,520",상한가,810,+29.89%,500,"3,263,320","11,118","3,520","1,837",-190,-8.44,"34,427,295","3,290",0,335,52.89,-86.60,"3,520","1,314,051",59,-199,6.34,-58.87,"3,195",0,"52,193",0,-417,8.21,0,-97.82
464,쇼박스,"2,930",하락,5,-0.17%,500,"60,466",177,"2,925","1,835",245,31.17,"405,974","2,895","2,935","1,540",186.67,23.14,"2,945","17,138",219,274,2.45,19.17,"2,895","9,376","62,638",931,94,1.51,150,131.81
465,에스피소프트,"7,410",상승,30,+0.41%,100,"12,134",90,"7,460","1,833",38,47.20,"57,854","7,410","7,510",768,N/A,N/A,"7,520","3,269",142,3,1.83,N/A,"7,400",870,"24,741",451,157,2.82,0,N/A
466,경동제약,"5,955",하락,5,-0.08%,500,"1,222",7,"5,960","1,832",26,31.51,"20,255","5,970","5,970","3,029",110.51,2.44,"5,970","5,074",825,54,1.68,1.83,"5,940","9,189","30,769","1,939",189,0.75,300,19.22
467,마이크로컨텍솔,"21,950",상승,300,+1.39%,500,"15,510",338,"21,500","1,825",102,14.07,"121,882","21,750","21,650",769,37.36,17.78,"22,050","1,242",119,107,16.33,15.27,"21,500","1,595","8,313",697,"1,560",2.65,80,7.48
468,대한약품,"30,300",상승,300,+1.00%,500,"1,719",52,"30,250","1,818",381,5.49,"14,153","30,000","30,300","3,244",6.38,12.89,"30,400","1,092",484,338,16.50,10.91,"30,000",675,"6,000","2,042","5,523",0.64,900,4.23
469,더네이쳐홀딩스,"12,160",상승,110,+0.91%,500,"2,418",29,"12,060","1,806",301,9.28,"68,207","11,970","12,090","6,983",-55.05,4.91,"12,170",607,"2,987",190,8.94,2.84,"11,950",625,"14,848","5,169","1,311",0.49,500,-5.75
470,우양에이치씨,"12,370",하락,30,-0.24%,500,"3,052",38,"12,410","1,800",311,13.05,"73,822","12,360","12,480","2,609",23.02,17.19,"12,560","2,584",878,274,1.11,10.63,"12,360",898,"14,548","1,832",948,0.97,N/A,-8.40
471,랩지노믹스,"2,415",보합,0,0.00%,500,"146,847",354,"2,415","1,793",-185,-8.88,"490,616","2,415","2,420","2,957",-167.09,-10.72,"2,425","44,472",793,-239,1.72,-7.85,"2,400","31,308","74,240",859,-272,0.85,N/A,20.85
472,케이에스피,"4,460",상승,25,+0.56%,500,"25,604",114,"4,435","1,793",138,13.31,"197,615","4,475","4,450","1,055",16.66,25.99,"23,000","4,699",384,-28,1.13,-1.92,"22,400","2,700","7,943","1,247",-584,1.40,N/A,-5.46
473,그리드위즈,"22,550",상승,750,+3.44%,200,"17,919",407,"22,700","1,791",-43,-38.61,"48,207","22,400","22,750","1,688",-372.86,-2.90,"4,485","1,934",341,153,2.62,16.91,"4,410","3,436","40,191",853,335,2.46,15,4.46
474,위지윅스튜디오,"1,043",상승,9,+0.87%,500,"154,218",160,"1,038","1,784",-118,-3.34,"2,627,805","1,024","1,042","2,935",41.74,-28.05,"1,050","18,647","1,199",-603,3.90,-19.10,"1,024","5,402","171,049",804,-312,1.08,N/A,-45.41
475,일진파워,"11,820",보합,0,0.00%,500,0,0,0,"1,782",103,97.69,0,0,0,"2,705",-21.70,7.94,0,0,"1,333",99,1.40,4.27,0,0,"15,079","1,931",121,1.36,330,1.19
476,사람인,"15,220",하락,120,-0.78%,500,"1,085",17,"15,290","1,782",213,17.97,"5,796","15,450","15,450","2,097",-15.84,7.12,"15,460",101,297,123,22.46,5.94,"15,210",198,"11,709","1,284",847,0.93,500,-2.41
477,모다이노칩,"2,235",보합,0,0.00%,500,530,1,"2,230","1,782",386,23.04,"25,095","2,250","2,235","9,681",137.95,3.47,"2,250","1,678","5,865",127,0.13,1.30,"2,235","3,131","79,722","3,889",97,0.49,N/A,-0.28
478,HB테크놀러지,"1,916",상승,4,+0.21%,500,"94,113",180,"1,916","1,776",-165,-2.36,"380,257","1,920","1,922","3,488",25.16,-18.17,"1,925","10,344",921,-516,0.28,-13.70,"1,911","4,494","92,716","1,624",-811,0.67,20,45.43
479,아바코,"12,100",보합,0,0.00%,500,"10,145",123,"12,150","1,776",211,8.92,"62,698","12,040","12,180","3,907",378.73,13.70,"12,290","1,358","1,895",264,6.00,7.18,"12,040","1,314","14,677","3,055","1,356",0.89,500,63.51
480,와이솔,"6,410",상승,20,+0.31%,500,"2,154",14,"6,400","1,774",5,-57.23,"76,008","6,400","6,430","4,143",-96.58,3.12,"6,430","3,947",524,110,5.10,2.71,"3,520","4,953","49,966","1,365",29,1.76,10,11.86
481,국전약품,"3,545",상승,30,+0.85%,100,"8,682",31,"3,530","1,771",4,122.24,"51,783","3,520","3,540","2,123",-94.33,1.79,"3,560","5,969","1,148",5,0.60,0.25,"2,395","12,654","73,141","1,315",-544,0.80,30,36.77
482,HB솔루션,"2,420",상승,20,+0.83%,500,"35,498",86,"2,400","1,770",193,-4.45,"142,032","2,400","2,410","2,933",185.95,-9.21,"2,430","21,924",724,-208,3.00,-7.02,"6,390","3,505","27,672","3,750",-112,0.52,500,1.42
483,녹십자웰빙,"9,870",상승,140,+1.44%,500,"10,859",107,"9,770","1,752",130,16.02,"46,190","9,750","9,820","1,615",N/A,N/A,"9,980","1,433",566,71,3.77,N/A,"9,750","3,181","17,752","1,338",616,1.62,120,N/A
484,강원에너지,"6,690",보합,0,0.00%,500,"8,386",56,"6,660","1,748",68,69.69,"34,136","6,640","6,680","1,639",-2.25,2.60,"6,710","4,351",920,-6,1.49,-0.35,"6,630","3,078","26,123","2,244",96,4.28,N/A,61.21
485,젝시믹스,"5,840",보합,0,0.00%,500,"10,321",60,"5,830","1,745",249,9.12,"120,207","5,920","5,870","1,727",36.85,20.72,"5,920","2,279",582,209,3.48,13.69,"5,800","6,186","29,882","2,716",640,1.59,180,16.78
486,엔케이맥스,"2,020",보합,0,0.00%,500,0,0,0,"1,727",-51,-5.40,0,0,0,232,92.46,219.63,0,0,464,-355,4.73,-91.48,0,0,"85,519",88,-374,-7.32,0,-18.29
487,이엠텍,"10,080",상승,160,+1.61%,500,"10,584",106,"9,980","1,727",-305,-3.60,"54,432","9,940","10,010","3,462",-109.01,-19.74,"10,110","1,060","1,398",-447,6.27,-11.84,"9,930","1,341","17,133","1,676","-2,801",0.83,N/A,-36.39
488,유비쿼스홀딩스,"9,780",하락,40,-0.41%,500,154,2,"9,740","1,722",143,25.21,"3,741","9,750","9,840","3,877",-55.99,3.64,"9,850",442,311,214,3.45,5.50,"9,750",379,"17,605","1,256",388,0.65,130,-26.78
489,켄코아에어로스페이스,"13,030",상승,180,+1.40%,500,"15,621",203,"12,920","1,708",-54,-27.32,"105,065","12,980","12,960","2,531",-710.21,-6.38,"16,710","4,592","4,125",42,0.80,0.76,"14,900","14,401","10,763","2,757",717,0.99,180,18.55
490,보성파워텍,"3,475",상승,30,+0.87%,500,"213,808",742,"3,465","1,707",48,28.96,"521,626","3,425","3,470",972,44.06,6.80,"13,150","1,354",697,-77,4.38,-3.83,"12,910","1,806","13,105",862,-477,0.93,N/A,-5.47
491,오로라,"15,820",하락,"1,320",-7.70%,500,"936,535","14,523","15,120","1,703",310,22.06,"2,257,699","16,520","15,130","5,657",8.94,4.43,"3,500","17,539",69,60,0.76,6.14,"3,420","40,973","49,130",771,120,1.86,N/A,-1.83
492,엠케이전자,"7,710",상승,30,+0.39%,500,"1,268",10,"7,680","1,701",561,-8.09,"24,179","7,640","7,730","23,142",20.72,-7.45,"7,770","3,057","14,001",-377,4.70,-1.63,"7,620",581,"22,066","11,706",-953,0.47,100,4.80
493,엘오티베큠,"9,550",상승,70,+0.74%,500,"6,001",57,"9,490","1,701",-42,-23.46,"39,770","9,480","9,550","3,392",-106.21,0.65,"9,550","1,187",824,24,5.32,0.67,"9,460",842,"17,810","2,660",-407,0.62,N/A,-43.77
494,마이크로디지탈,"9,440",하락,210,-2.18%,500,"11,672",111,"9,650","1,701",3,-196.67,"73,658","9,750","9,680",542,-68.20,2.38,"9,750","1,095",251,4,1.31,1.07,"9,440",926,"18,015",115,-48,5.03,0,6.40
495,에스와이,"3,465",하락,5,-0.14%,500,"69,366",239,"3,455","1,695",219,-96.25,"224,893","3,440","3,470","4,334",61.79,2.02,"3,480","21,659","2,375",63,1.03,1.47,"3,430","7,409","48,907","5,610",-36,0.90,N/A,1.33
496,파워로직스,"4,610",보합,0,0.00%,500,"18,557",85,"4,615","1,688",24,38.42,"72,688","4,610","4,620","4,161",-84.46,5.32,"4,625","4,825","1,981",100,0.96,2.49,"4,575","2,990","36,611","7,334",120,0.80,N/A,-5.14
497,원익,"9,240",상승,"1,220",+15.21%,500,"4,832,160","42,887","8,150","1,681",93,6.03,"12,093,166","8,270","8,190","3,626",-25.37,8.10,"9,380","22,353",888,214,0.81,5.82,"8,110","13,384","18,193","1,387","1,533",0.61,N/A,6.82
498,동국S&C,"2,940",상승,60,+2.08%,500,"27,373",80,"2,920","1,680",-55,-5.20,"142,021","2,920","2,925","3,108",84.31,-19.37,"2,960","5,189","1,233",-398,2.17,-10.15,"2,890","7,208","57,143","1,658",-565,0.86,N/A,-7.17
499,큐알티,"13,630",하락,50,-0.37%,500,"7,796",107,"13,660","1,675",48,57.51,"27,461","13,780","13,700","1,363",533.80,3.00,"13,780",970,460,29,4.67,2.06,"13,620","2,482","12,289",653,237,1.87,480,22.52
500,제이엘케이,"6,560",상승,70,+1.08%,100,"12,479",82,"6,630","1,675",-127,-11.76,"94,565","6,620","6,670",746,-78.13,-44.08,"6,680","6,773",253,-134,2.44,-24.96,"6,520","2,532","25,529",14,-558,3.56,N/A,-42.65
