N,종목명,현재가,전일비변동,전일비,등락률,액면가,거래량,거래대금,매수호가,시가총액,영업이익,PER,전일거래량,시가,매도호가,자산총계,영업이익증가율,ROE,고가,매수총잔량,부채총계,당기순이익,외국인비율,ROA,저가,매도총잔량,상장주식수,매출액,주당순이익,PBR,보통주배당금,매출액증가율
1,알테오젠,"377,000",하락,"3,500",-0.92%,500,"23,525","8,866","390,000","201,563",254,161.32,"178,338","378,000","390,500","4,090",360.91,29.52,"380,500","3,683","1,349",607,14.59,18.25,"375,000",154,"53,465","1,029","2,337",55.00,0,6.56
2,에코프로비엠,"103,600",상승,"3,400",+3.39%,500,"60,925","6,254","100,200","101,322",-341,-109.17,"449,791","101,000","100,300","43,237",-121.86,-6.26,"103,600",552,"23,466",-585,12.03,-1.35,"100,900",63,"97,801","27,668",-949,5.98,N/A,-59.91
3,HLB,"47,650",하락,150,-0.31%,500,"44,042","2,103","48,050","62,627","-1,185",-33.16,"416,896","48,100","48,100","8,874",5.21,-16.33,"48,100",722,"2,353","-1,080",20.20,-13.22,"47,500",154,"131,430",681,"-1,437",12.16,0,58.80
4,에코프로,"45,750",상승,800,+1.78%,100,"79,977","3,651","44,700","62,118","-2,930",-35.41,"807,129","45,250","44,900","81,383",-198.28,-12.57,"46,000","1,151","42,998","-2,954",21.04,-3.76,"45,250",296,"135,776","31,279","-1,292",3.92,100,-56.92
5,레인보우로보틱스,"285,500",상승,"1,500",+0.53%,500,"11,702","3,359","285,500","55,387",-30,"6,963.41","152,445","288,000","287,000","1,399",93.32,1.62,"289,000",270,71,21,6.48,1.57,"285,000",130,"19,400",193,41,41.96,N/A,26.80
6,파마리서치,"487,000",상승,"1,500",+0.31%,500,"4,125","1,994","484,500","51,182","1,261",48.40,"79,272","487,000","485,000","8,557",36.63,18.93,"488,500",60,"2,863",889,15.25,12.79,"478,000",31,"10,510","3,501","10,061",9.96,"1,100",34.14
7,휴젤,"370,500",상승,"1,500",+0.41%,500,"1,570",581,"367,000","45,586","1,662",32.17,"24,955","372,500","370,000","9,394",41.13,17.51,"373,500",82,986,"1,431",55.60,15.32,"366,500",22,"12,304","3,730","11,517",4.75,0,16.69
8,펩트론,"188,400",하락,"16,600",-8.10%,500,"110,445","20,033","198,800","43,892",-165,-190.88,"81,021","198,800","199,000","1,689",-4.05,-23.46,"198,800",30,172,-220,6.35,-19.91,"160,000",114,"23,297",32,-987,29.22,N/A,-5.68
9,리가켐바이오,"114,600",하락,"2,400",-2.05%,500,"33,888","3,904","116,900","41,955",-209,168.53,"787,858","116,500","117,000","7,384",74.12,2.04,"116,500",132,"1,224",78,11.70,1.68,"114,400",75,"36,610","1,259",680,7.12,N/A,268.71
10,클래시스,"61,800",하락,200,-0.32%,100,"7,252",448,"61,700","40,482","1,224",39.39,"132,372","62,000","61,900","6,084",36.62,26.54,"62,100",374,"1,557",975,71.70,19.83,"61,600",240,"65,506","2,429","1,569",8.65,257,34.87
11,리노공업,"50,300",하락,400,-0.79%,100,"22,282","1,128","51,100","38,335","1,242",31.42,"364,685","51,000","51,200","6,574",8.59,19.21,"51,000",342,348,"1,133",34.48,18.27,"50,300","1,134","76,212","2,782","1,601",6.29,600,8.85
12,실리콘투,"58,100",상승,"2,300",+4.12%,500,"347,548","20,095","56,000","35,541","1,376",26.45,"710,121","56,300","56,100","4,578",187.76,60.90,"58,800",691,"1,962","1,207",8.20,35.88,"55,900",143,"61,172","6,915","2,197",11.64,N/A,101.69
13,삼천당제약,"150,500",하락,"1,700",-1.12%,500,"10,626","1,595","139,000","35,303",26,-304.66,"99,954","150,600","148,300","5,198",-72.36,-4.49,"151,600",300,"1,704",-51,2.04,-1.10,"149,200",107,"23,457","2,109",-494,13.36,200,9.48
14,에이비엘바이오,"67,600",상승,"2,100",+3.21%,500,"89,355","6,000","66,800","32,805",-594,-49.31,"546,380","66,800","66,900","2,320","-2,168.82",-46.01,"67,900","1,178",647,-555,13.82,-28.32,"66,300",255,"48,528",334,"-1,371",25.67,N/A,-49.04
15,코오롱티슈진,"39,950",하락,"1,550",-3.73%,0,"40,951","1,650","41,400","32,600",-220,-88.00,"324,937","41,000","41,450","2,223",-7.28,-25.91,"41,000",285,764,-338,3.81,-18.92,"39,800",487,"81,601",51,-454,17.73,0,36.90
16,에스엠,"142,000",상승,"4,500",+3.27%,500,"26,115","3,678","136,700","32,510",873,13.05,"189,327","137,500","137,100","14,191",-23.06,2.64,"142,800",43,"5,900",8,26.52,0.06,"137,500",12,"22,895","9,897","10,881",3.58,400,2.98
17,펄어비스,"42,400",상승,"1,150",+2.79%,100,"14,991",628,"41,250","27,241",-123,56.68,"134,704","41,650","41,300","11,428",24.82,7.88,"42,400",632,"3,368",603,7.37,5.12,"41,350",724,"64,248","3,424",748,3.22,N/A,2.67
18,JYP Ent.,"74,100",상승,400,+0.54%,500,"14,254","1,056","73,700","26,330","1,283",19.44,"211,075","73,900","73,800","6,788",-24.30,22.41,"74,400",193,"1,959",977,22.69,15.63,"73,700",237,"35,532","6,018","3,811",4.61,534,6.23
19,젬백스,"62,500",하락,"1,400",-2.19%,500,"17,883","1,123","63,800","25,879",-383,-40.61,"187,230","63,800","64,000","1,507",-387.24,-127.30,"63,800",30,"1,217",-872,6.43,-61.01,"62,000",741,"41,406",627,"-1,539",61.20,0,-13.18
20,HPSP,"27,750",하락,900,-3.14%,500,"49,271","1,382","28,200","23,171",939,28.79,"404,789","28,400","28,400","3,199",-1.32,31.09,"28,500",263,420,863,22.03,26.94,"27,650",137,"83,499","1,814",964,9.07,600,1.29
21,셀트리온제약,"49,600",상승,600,+1.22%,500,"3,822",189,"48,550","21,665",372,79.11,"86,745","49,150","48,900","6,695",3.19,5.68,"49,650",275,"2,725",220,4.49,3.35,"49,150",40,"43,679","4,778",627,5.36,24,22.90
22,보로노이,"113,900",하락,"1,700",-1.47%,500,"16,262","1,857","116,000","20,944",-179,-51.49,"247,199","116,600","116,500",640,-65.09,-96.66,"116,800",47,297,-199,4.49,-38.23,"112,700",83,"18,388",98,"-2,212",38.63,0,-33.93
23,이오테크닉스,"166,700",하락,"2,300",-1.36%,500,"6,666","1,118","169,000","20,537",312,44.04,"112,034","169,700","169,100","6,530",0.84,7.43,"169,800",128,500,427,19.90,6.75,"166,300",110,"12,320","3,209","3,785",3.33,500,1.46
24,파크시스템스,"285,500",상승,"3,000",+1.06%,500,427,122,"282,500","19,964",385,36.23,"23,533","285,000","284,000","2,743",39.80,25.83,"285,500",68,864,428,33.49,17.99,"283,000",47,"6,992","1,751","7,881",9.87,500,20.89
25,신성델타테크,"70,500",하락,"2,400",-3.29%,500,"21,950","1,558","66,700","19,376",272,"-1,532.61","125,374","71,500","66,800","7,741",-9.01,-0.48,"72,200","1,133","4,568",74,6.59,1.02,"70,100",131,"27,484","9,097",-46,9.14,120,9.12
26,네이처셀,"28,350",하락,900,-3.08%,500,"44,569","1,265","28,000","18,267",6,"-9,450.00","637,781","28,500","28,600",720,105.82,1.95,"28,700","2,579",74,12,7.00,1.75,"28,250",182,"64,435",323,-3,28.73,0,67.09
27,케어젠,"33,150",상승,550,+1.69%,100,"6,824",227,"32,600","17,807",342,57.06,"51,095","32,950","33,050","2,407",-15.18,14.35,"33,650",105,177,323,4.90,13.24,"32,850",193,"53,715",826,581,7.65,640,4.26
28,와이지엔터테인먼트,"92,800",상승,600,+0.65%,500,"9,082",842,"92,500","17,345",-206,74.30,"136,131","92,500","92,600","7,343",-123.65,3.90,"93,300",47,"1,311",200,15.49,2.71,"92,000",122,"18,691","3,649","1,249",3.56,250,-35.88
29,씨젠,"32,850",하락,150,-0.45%,500,"17,005",559,"32,850","17,156",-165,161.03,"256,029","32,900","32,900","12,053",45.17,-2.03,"33,200",43,"2,238",-203,16.61,-1.65,"32,500",722,"52,226","4,143",204,1.51,800,12.76
30,동진쎄미켐,"32,800",상승,150,+0.46%,500,"47,720","1,571","32,700","16,864","2,082",10.98,"391,647","32,950","32,900","20,170",18.19,17.17,"33,150","2,254","9,966","1,435",9.97,7.92,"32,700",266,"51,414","14,081","2,986",1.65,200,7.50
31,CJ ENM,"76,900",상승,"1,400",+1.85%,"5,000","6,110",472,"75,700","16,864","1,045",-3.06,"81,532","76,300","75,800","93,166",815.59,-16.69,"77,800",16,"56,386","-5,808",17.07,-6.03,"76,300",17,"21,929","52,314","-25,100",0.59,N/A,19.76
32,카카오게임즈,"19,260",하락,"1,040",-5.12%,100,"263,422","5,152","19,900","15,960",191,-11.99,"2,131,605","19,520","20,050","31,732",-74.60,-7.96,"20,100","2,608","16,949","-1,281",10.16,-3.86,"19,210",759,"82,866","6,272","-1,606",1.20,N/A,-13.58
33,스튜디오드래곤,"51,800",보합,0,0.00%,500,"6,745",351,"51,700","15,570",364,99.42,"82,859","52,000","51,800","9,255",-34.86,4.63,"52,400",790,"1,859",335,12.84,3.32,"51,700",152,"30,058","5,501",521,2.11,N/A,-26.96
34,에스티팜,"76,700",상승,200,+0.26%,500,"4,287",329,"76,900","15,457",277,51.51,"65,279","77,100","77,300","7,219",-17.36,7.82,"77,200",83,"2,189",325,5.93,4.65,"76,400",22,"20,153","2,738","1,489",3.12,500,-3.94
35,루닛,"52,000",하락,"1,000",-1.89%,500,"43,353","2,280","53,500","15,158",-677,-21.76,"521,739","53,700","53,600","4,350",-60.30,-41.21,"53,700",896,"2,702",-824,8.93,-23.45,"51,900",789,"29,150",542,"-2,390",8.80,0,116.03
36,주성엔지니어링,"31,650",하락,150,-0.47%,500,"23,763",755,"31,800","14,960",972,12.71,"344,822","31,850","31,850","9,868",235.88,19.76,"32,000",929,"4,202","1,068",17.48,11.92,"31,600",499,"47,268","4,094","2,491",2.49,287,43.78
37,디어유,"61,900",하락,300,-0.48%,500,"66,399","4,093","61,300","14,694",254,71.15,"1,645,635","61,200","61,400","2,203",N/A,N/A,"62,400",723,243,244,6.15,N/A,"60,700",322,"23,738",749,870,7.46,215,N/A
38,솔브레인,"179,600",상승,"1,600",+0.90%,500,557,100,"178,600","13,970","1,679",13.49,"14,178","179,700","180,000","11,682",25.82,12.47,"179,800",52,"1,309","1,196",31.66,11.06,"178,000",13,"7,779","8,634","13,317",1.33,"2,300",2.29
39,비에이치아이,"43,150",상승,"2,300",+5.63%,500,"152,591","6,510","42,000","13,352",219,59.93,"418,936","42,000","42,600","5,248",45.34,20.64,"43,450",704,"4,083",196,17.30,4.12,"41,700","4,155","30,944","4,047",720,10.73,N/A,10.16
40,지아이이노베이션,"21,200",하락,550,-2.53%,500,"24,690",527,"21,050","13,102",-483,-19.65,"492,488","21,450","21,100",458,9.46,-116.69,"21,750","2,480",167,-588,5.51,-92.49,"21,150",133,"61,803",0,"-1,079",10.43,0,-99.54
41,원익IPS,"26,600",상승,250,+0.95%,500,"7,983",212,"26,600","13,056",106,33.93,"195,218","26,650","26,650","11,241",158.88,2.37,"26,800",151,"2,367",207,25.10,1.88,"26,450",4,"49,084","7,482",784,1.47,50,8.38
42,디앤디파마텍,"118,600",하락,"4,100",-3.34%,500,"37,185","4,401","120,200","12,833",-250,-37.59,"197,286","120,100","121,000",975,-85.50,-49.03,"121,400",521,279,-295,6.19,-33.37,"117,000",199,"10,821",114,"-3,155",19.87,0,-38.77
43,브이티,"35,100",상승,850,+2.48%,500,"96,857","3,394","34,450","12,565","1,109",12.05,"633,874","34,650","34,500","3,596",143.48,56.07,"35,400",66,"1,189","1,040",9.77,33.75,"34,350",577,"35,798","4,317","2,914",5.06,N/A,46.09
44,ISC,"59,000",하락,400,-0.67%,500,"12,459",741,"59,500","12,506",448,27.37,"199,594","60,000","59,600","5,829",317.11,10.98,"60,200",530,597,549,17.99,9.76,"58,900",38,"21,197","1,745","2,156",2.35,810,24.43
45,테크윙,"32,900",상승,100,+0.30%,500,"38,163","1,261","33,100","12,289",234,-87.97,"548,108","33,300","33,150","5,062",640.74,-10.25,"33,300",849,"3,179",-220,9.07,-4.43,"32,800",135,"37,354","1,855",-374,6.41,130,38.85
46,티씨케이,"105,200",상승,"1,500",+1.45%,500,"1,903",201,"105,000","12,282",807,16.18,"34,668","105,900","105,900","5,635",21.06,14.78,"106,100",29,473,720,64.38,13.60,"104,300",16,"11,675","2,757","6,503",2.39,"1,410",21.65
47,HK이노엔,"42,900",상승,600,+1.42%,500,"19,327",824,"42,800","12,154",882,17.73,"112,950","42,650","42,900","18,896",33.82,5.02,"43,000",197,"6,382",616,9.57,3.30,"42,350",160,"28,330","8,971","2,419",0.97,350,8.23
48,메디톡스,"166,000",상승,"3,100",+1.90%,500,"2,650",439,"163,300","12,116",203,57.80,"23,862","164,400","163,500","6,152",17.47,3.62,"166,900",103,"1,444",161,12.28,2.62,"163,800",161,"7,298","2,286","2,872",2.52,"1,100",3.39
49,엔켐,"56,400",하락,600,-1.05%,500,"20,051","1,128","55,800","11,954",-653,-5.49,"131,802","56,000","55,900","11,269","-2,244.05",-156.31,"57,000",377,"6,601","-5,712",7.02,-57.41,"55,700",362,"21,194","3,657","-10,265",2.29,N/A,-13.89
50,서진시스템,"21,250",상승,100,+0.47%,500,"12,078",256,"20,800","11,953","1,087",24.15,"230,356","21,150","21,150","21,032",121.85,12.32,"21,350",882,"12,276",839,7.39,4.63,"21,150",193,"56,248","12,138",880,1.38,N/A,55.87
51,위메이드,"34,900",하락,400,-1.13%,500,"15,649",545,"34,350","11,848",71,5.34,"237,321","34,850","34,750","18,757",106.40,55.57,"35,250",218,"10,438","1,816",7.87,11.03,"34,650",177,"33,948","7,119","6,530",2.83,N/A,17.62
52,하이젠알앤엠,"38,250",상승,250,+0.66%,500,"30,759","1,188","38,000","11,815",-4,-301.18,"339,586","38,900","38,100","1,202",-108.52,-1.92,"39,150",395,518,-11,1.36,-0.96,"38,150",34,"30,888",759,-127,16.33,N/A,-1.76
53,카페24,"48,100",상승,50,+0.10%,500,"13,445",649,"47,200","11,666",319,39.30,"203,147","48,100","48,000","3,423","1,978.14",13.40,"48,450",421,"1,267",235,21.63,7.08,"48,100",61,"24,253","3,025","1,224",5.31,N/A,11.58
54,대주전자재료,"73,500",상승,"4,700",+6.83%,500,"94,182","6,958","73,400","11,378",294,29.98,"92,345","73,900","73,500","6,230",372.76,19.30,"75,000",796,"3,927",364,17.91,7.02,"72,600","1,782","15,481","2,193","2,452",4.75,100,18.56
55,메지온,"37,800",하락,350,-0.92%,500,"4,871",184,"38,150","11,343",-143,-49.48,"52,405","37,950","38,200",740,1.31,-36.23,"38,100",92,279,-195,22.21,-23.45,"37,700",511,"30,007",86,-764,26.15,0,-72.85
56,오스코텍,"29,400",하락,350,-1.18%,500,"10,123",299,"29,950","11,245",-27,"2,940.00","272,411","29,800","30,000","1,708",91.63,0.77,"29,800",130,384,-16,9.97,-1.05,"29,200","2,585","38,248",340,10,9.23,N/A,586.89
57,제이앤티씨,"19,380",상승,190,+0.99%,500,"32,615",639,"19,790","11,211",-461,-13.38,"207,320","19,790","19,800","6,397",-261.51,-9.65,"19,850",604,"3,026",-334,2.18,-5.16,"19,320",186,"57,848","2,732","-1,448",3.47,N/A,-15.52
58,고영,"16,150",하락,130,-0.80%,100,"62,393","1,014","16,010","11,088",33,65.38,"719,129","16,290","16,200","3,779",-83.69,6.68,"16,440","4,067",548,210,15.25,5.64,"16,140",418,"68,655","2,025",247,3.38,140,-10.24
59,SOOP,"91,500",상승,700,+0.77%,500,"4,381",398,"89,200","10,518","1,135",10.18,"40,903","90,000","89,900","7,157",25.69,30.21,"91,500",732,"3,333","1,024",35.67,15.83,"90,000",64,"11,495","4,132","8,990",2.50,"1,500",20.10
60,하림지주,"9,380",상승,380,+4.22%,100,"151,722","1,426","9,010","10,506","7,655",10.97,"562,937","9,050","9,080","160,790",34.88,0.90,"9,530","1,916","101,370","1,748",9.94,1.19,"9,050",76,"112,006","122,730",855,0.30,120,1.75
61,LS마린솔루션,"30,850",하락,700,-2.22%,"1,000","24,983",775,"31,150","10,078",124,69.95,"988,566","30,950","31,250","2,543",N/A,N/A,"31,450",301,461,132,2.22,N/A,"30,850","1,063","32,669","1,303",441,4.70,140,N/A
62,원텍,"11,170",상승,160,+1.45%,100,"60,954",682,"11,080","10,050",348,28.42,"690,689","11,080","11,200","1,779",-24.43,25.76,"11,310",121,511,291,8.55,17.58,"11,080",944,"89,969","1,153",393,7.43,50,-0.32
63,아난티,"10,890",상승,490,+4.71%,100,"804,419","8,820","11,000","9,652",8,-58.24,"1,613,108","10,960","11,620","16,224",-99.70,-4.56,"11,190",770,"9,110",-324,5.87,-2.04,"10,760",541,"88,629","2,852",-187,1.36,N/A,-68.22
64,유일로보틱스,"82,200",하락,300,-0.36%,500,"47,115","3,940","83,800","9,439",4,179.08,"582,977","84,800","84,000","1,174",106.14,-13.94,"85,000","1,451",224,-91,16.57,-8.91,"82,200",10,"11,483",352,459,9.78,N/A,19.40
65,넥슨게임즈,"14,010",상승,10,+0.07%,500,"27,480",385,"13,650","9,227",387,29.43,"243,136","13,950","13,940","4,872",222.40,10.93,"14,115",917,"1,745",314,4.50,7.36,"13,940",179,"65,860","2,561",476,2.82,N/A,32.49
66,로보티즈,"69,400",하락,"1,600",-2.25%,500,"84,862","5,980","71,900","9,170",-30,"1,360.78","745,597","72,100","72,000","1,002",43.88,-3.31,"72,200",278,42,-30,5.95,-2.82,"69,000",75,"13,214",300,51,9.03,0,3.13
67,코나아이,"62,300",하락,500,-0.80%,500,"20,369","1,283","63,500","9,073",334,27.22,"184,786","63,800","63,900","4,131",-0.80,16.19,"63,800",470,"2,153",302,1.36,6.90,"62,200",943,"14,563","2,363","2,289",4.59,680,-15.67
68,국일제지,800,보합,0,0.00%,100,0,0,0,"9,019",-13,-88.89,0,0,0,"1,424",19.80,-9.98,0,0,194,-130,0.84,-7.09,0,0,"1,127,406",564,-9,7.32,N/A,6.08
69,유진테크,"38,800",하락,300,-0.77%,500,"2,857",111,"39,050","8,891",612,13.71,"119,564","39,550","39,100","5,395",151.49,16.85,"39,600",11,"1,038",654,31.71,13.40,"38,600",59,"22,916","3,381","2,831",2.11,230,22.25
70,덕산네오룩스,"35,400",상승,500,+1.43%,200,"5,971",211,"35,100","8,790",525,19.39,"98,775","35,250","35,350","4,523",59.39,12.17,"35,600",314,533,458,8.50,10.68,"34,950",200,"24,831","2,123","1,826",2.14,N/A,29.66
71,필옵틱스,"37,650",하락,500,-1.31%,500,"30,974","1,178","38,950","8,616",138,170.36,"243,543","38,000","39,000","3,827",34.40,3.51,"38,450","5,143","1,441",129,0.00,3.11,"37,650",170,"22,886","4,109",221,5.61,0,36.96
72,에스에프에이,"23,750",상승,150,+0.64%,500,"2,741",65,"23,600","8,528",-484,-10.34,"143,050","23,650","23,650","24,796",-154.44,-7.49,"23,750",24,"9,572",-321,9.08,-1.21,"23,500",158,"35,909","20,454","-2,296",0.76,270,9.95
73,솔브레인홀딩스,"40,550",상승,400,+1.00%,500,"6,320",254,"40,150","8,501",853,17.97,"47,016","40,600","40,600","19,966",-29.47,4.62,"40,600",37,"5,055",557,4.56,2.95,"39,950",640,"20,964","5,154","2,257",0.63,220,-22.10
74,우리기술,"5,100",상승,675,+15.25%,500,"7,650,328","36,460","4,660","8,442",6,-110.87,"19,432,261","4,705","4,665","2,655",-91.71,-3.33,"5,100","43,919","1,534",-44,6.50,-1.93,"4,550","6,301","165,531",713,-46,7.48,0,12.80
75,에스앤에스텍,"39,300",하락,200,-0.51%,500,"5,092",200,"39,300","8,430",295,24.27,"90,389","39,400","39,500","2,970",17.73,13.07,"39,600",353,502,303,9.88,10.95,"39,250",417,"21,451","1,760","1,619",3.22,150,17.09
76,차바이오텍,"10,910",하락,180,-1.62%,500,"38,204",420,"10,950","8,338",-597,-48.71,"392,843","11,060","11,040","21,944",-523.82,-2.85,"11,090","1,770","14,755",-146,9.44,-0.74,"10,900","1,793","76,426","10,450",-224,2.40,0,9.55
77,와이씨,"10,110",하락,70,-0.69%,100,"24,672",250,"10,160","8,295",106,97.21,"475,876","10,230","10,180","5,769",23.66,3.48,"10,230",440,"1,586",129,1.03,2.45,"10,100",4,"82,045","2,112",104,2.51,N/A,-17.22
78,레이크머티리얼즈,"12,450",하락,50,-0.40%,100,"23,703",295,"12,480","8,183",222,44.31,"530,121","12,490","12,500","3,513",-24.93,17.38,"12,570",92,"2,200",210,6.70,6.46,"12,360",534,"65,731","1,387",281,6.35,50,17.77
79,하나마이크론,"12,220",하락,60,-0.49%,500,"45,900",564,"12,290","8,098","1,068",-86.06,"629,625","12,360","12,300","19,446",84.43,-6.99,"12,400","1,122","13,388",-112,11.51,-0.61,"12,210",4,"66,272","12,507",-142,2.21,70,29.21
80,성광벤드,"30,200",상승,"1,100",+3.78%,500,"34,476","1,031","29,450","8,020",420,22.03,"200,445","29,700","29,500","5,631",-6.35,8.01,"30,250",288,443,410,24.12,7.36,"29,500",209,"26,557","2,277","1,371",1.53,200,-10.61
81,SAMG엔터,"88,600",하락,"1,600",-1.77%,500,"11,088",981,"90,300","7,830",-61,-105.23,"146,986","90,100","90,400",974,35.14,-52.24,"90,100",340,666,-194,20.17,-19.62,"87,000",647,"8,837","1,164",-842,20.18,0,22.41
82,동성화인텍,"26,000",상승,550,+2.16%,500,"19,009",492,"25,500","7,797",540,19.65,"218,594","25,700","25,600","4,555",35.13,21.07,"26,000",584,"2,530",393,18.31,9.60,"25,550",34,"29,989","5,974","1,323",3.64,350,11.92
83,태성,"25,550",하락,250,-0.97%,100,"11,271",287,"25,350","7,793",60,297.09,"381,341","25,650","25,800",796,980.50,16.61,"25,650",278,386,60,2.04,8.74,"25,400",619,"30,501",592,86,6.02,0,77.61
84,동국제약,"17,070",상승,90,+0.53%,500,"5,157",88,"16,950","7,662",804,13.32,"104,698","16,980","16,980","9,532",20.26,10.66,"17,110",394,"2,742",623,13.98,6.95,"16,980","1,005","44,884","8,122","1,282",1.25,200,11.10
85,코미코,"73,000",하락,"1,200",-1.62%,500,"8,864",646,"73,100","7,636","1,125",13.31,"98,178","74,200","74,000","8,003",240.50,23.36,"74,200",59,"4,246",878,19.42,12.60,"72,200",67,"10,461","5,071","5,483",2.76,"1,000",65.05
86,심텍,"23,800",상승,550,+2.37%,500,"29,924",708,"23,350","7,581",-470,-14.95,"185,497","23,550","23,400","14,433",46.70,-6.63,"23,800","1,153","9,948",-310,5.26,-2.37,"23,450",103,"31,854","12,314","-1,592",1.86,100,18.19
87,안랩,"67,700",하락,600,-0.88%,500,"3,783",257,"67,700","7,533",277,20.23,"39,286","68,000","69,000","4,647",4.77,10.40,"68,400",295,959,324,32.19,7.71,"67,300",83,"11,127","2,606","3,346",1.82,"1,300",8.93
88,피엔티,"31,600",상승,450,+1.44%,500,"18,808",591,"31,150","7,503","1,632",6.86,"135,638","31,250","31,200","16,203",112.19,26.52,"31,700",763,"9,957","1,422",4.03,8.83,"31,150",55,"23,743","10,351","4,605",1.28,100,89.78
89,LS머트리얼즈,"11,080",하락,140,-1.25%,500,"17,198",192,"11,000","7,496",62,240.87,"191,345","11,140","11,150","2,531",-54.33,3.11,"11,270",434,460,57,3.83,2.19,"11,060",488,"67,653","1,421",46,4.08,N/A,3.79
90,피에스케이홀딩스,"34,700",하락,250,-0.72%,500,"7,955",277,"34,950","7,482",885,8.09,"129,467","35,100","35,100","5,136",228.07,24.80,"35,250",180,821,958,3.76,20.94,"34,650",289,"21,562","2,155","4,289",1.73,700,127.53
91,한글과컴퓨터,"30,800",상승,350,+1.15%,500,"43,218","1,327","29,650","7,447",404,47.90,"384,741","30,400","30,200","6,819",18.37,4.06,"31,100","2,215","1,963",140,7.16,2.13,"30,400",176,"24,180","3,048",643,2.13,410,12.42
92,인카금융서비스,"14,490",상승,110,+0.76%,100,"21,325",307,"14,370","7,445",863,11.44,"543,440","14,330","14,380","7,074",85.22,50.62,"14,630",35,"5,602",620,5.20,10.30,"14,250","1,844","51,380","8,323","1,267",4.43,100,49.47
93,비올,"12,420",보합,0,0.00%,100,"31,160",387,"12,400","7,256",361,20.63,"410,712","12,400","12,410",981,61.62,44.73,"12,430","1,478,410",92,326,1.26,40.31,"12,400","107,361","58,419",582,602,7.42,20,36.86
94,펌텍코리아,"58,400",상승,900,+1.57%,500,"2,213",129,"57,600","7,242",484,20.33,"30,358","57,700","58,200","4,076",37.15,12.99,"59,000",34,869,383,15.58,10.04,"57,200",21,"12,400","3,375","2,873",2.67,420,18.63
95,우리기술투자,"8,620",하락,150,-1.71%,500,"116,117","1,003","8,690","7,241","1,757",4.71,"1,386,619","8,700","8,700","8,038",14.13,24.89,"8,750",596,"1,376","1,477",2.28,20.59,"8,550","1,035","84,000","1,923","1,830",0.99,N/A,12.60
96,태웅,"35,800",상승,"1,250",+3.62%,500,"91,335","3,246","34,800","7,163",228,36.72,"1,158,639","35,000","35,100","8,126",-42.28,4.42,"36,250",309,"2,081",247,7.60,3.17,"34,800",197,"20,007","3,863",975,1.18,N/A,-12.94
97,아이쓰리시스템,"99,300",하락,500,-0.50%,500,"5,598",550,"95,900","7,057",148,44.19,"58,132","96,500","96,000","1,468",20.94,15.31,"100,500",7,411,150,5.37,10.77,"95,100",69,"7,107","1,207","2,247",6.19,400,-0.69
98,RFHIC,"26,300",하락,"1,350",-4.88%,500,"74,929","2,008","27,650","6,965",15,92.28,"733,851","27,150","27,700","4,829",404.84,8.60,"27,350","1,923","1,250",197,12.00,3.97,"26,300",76,"26,484","1,149",285,2.16,100,3.09
99,올릭스,"35,100",하락,"1,300",-3.57%,500,"39,649","1,401","36,000","6,950",-309,-13.56,"296,432","36,400","36,400",712,-70.02,-120.11,"36,400",34,528,-407,4.19,-46.71,"34,900",274,"19,799",57,"-2,589",27.41,0,-66.73
100,위메이드맥스,"8,070",하락,200,-2.42%,500,"18,031",146,"8,090","6,763",-81,-32.15,"1,497,986","8,140","8,110","5,976",-315.03,-3.29,"8,170",102,962,-157,10.88,-4.31,"8,040",628,"83,803",750,-251,1.35,0,7.49
101,엘앤씨바이오,"27,350",하락,500,-1.80%,500,"11,704",321,"27,600","6,733",25,4.46,"231,000","27,850","27,850","4,756",-68.73,65.41,"27,850",121,"1,809","1,410",10.01,38.21,"27,300","2,409","24,619",721,"6,131",2.19,50,9.35
102,제룡전기,"41,550",상승,650,+1.59%,500,"38,565","1,614","41,600","6,674",978,9.15,"221,445","41,800","41,700","2,418",39.48,49.72,"42,450",253,451,799,8.85,39.92,"41,450",431,"16,062","2,627","4,539",3.42,"1,000",42.84
103,엠로,"54,000",상승,200,+0.37%,500,"2,390",129,"54,000","6,661",86,33.40,"58,217","54,300","54,900","1,024",84.58,31.88,"54,400",121,134,186,2.34,19.17,"53,800",10,"12,335",795,"1,617",7.35,0,25.77
104,현대힘스,"18,690",상승,170,+0.92%,500,"22,446",416,"17,890","6,621",215,37.08,"127,122","18,430","18,340","3,265",48.99,8.07,"18,720",420,930,166,0.46,5.74,"18,430","3,903","35,425","2,232",504,2.81,100,17.96
105,다우데이타,"17,010",하락,130,-0.76%,500,"20,310",347,"16,850","6,515","12,059",4.50,"166,523","17,100","17,100","577,571",80.54,12.96,"17,200",701,"512,862","8,659",11.62,1.55,"17,000","1,106","38,300","121,361","3,783",0.47,450,17.44
106,파두,"13,180",상승,540,+4.27%,100,"50,063",672,"13,490","6,515",-950,-7.44,"339,725","13,520","13,600","1,344",-62.28,-64.47,"13,640",940,365,-915,6.21,-48.41,"13,120",922,"49,428",435,"-1,772",7.67,0,93.60
107,시노펙스,"7,390",상승,160,+2.21%,500,"186,778","1,390","7,370","6,483",212,25.05,"582,534","7,310","7,390","2,354",-12.19,18.58,"7,550","6,308",678,280,0.90,12.82,"7,310","2,864","87,720","2,383",295,3.74,0,-9.09
108,비츠로셀,"28,250",상승,200,+0.71%,500,"1,139",32,"28,200","6,461",519,12.33,"73,416","28,200","28,300","3,179",37.73,19.92,"28,300",38,348,513,29.64,17.86,"28,100",29,"22,872","2,108","2,292",2.22,460,19.61
109,코스메카코리아,"59,400",상승,"1,400",+2.41%,500,"9,707",579,"58,500","6,344",604,15.24,"102,504","58,900","58,600","5,179",22.80,22.07,"60,300",226,"2,103",537,12.27,11.30,"58,900",63,"10,680","5,243","3,897",2.94,100,11.39
110,현대무벡스,"5,350",상승,150,+2.88%,100,"130,421",693,"5,230","6,305",246,28.46,"758,513","5,270","5,240","2,989",493.03,16.17,"5,370","2,936","1,267",269,3.50,9.83,"5,250",800,"117,846","3,414",188,3.92,50,27.46
111,휴메딕스,"55,500",상승,200,+0.36%,500,"3,215",178,"54,500","6,233",431,14.35,"88,470","55,400","55,300","2,498",15.63,18.41,"55,900",619,212,393,9.21,16.72,"55,100",32,"11,230","1,619","3,868",2.40,630,6.30
112,에스피지,"27,850",상승,300,+1.09%,500,"21,207",596,"28,050","6,176",123,45.28,"234,130","28,200","28,100","3,975",-22.76,5.54,"28,400",209,"1,434",131,3.33,3.52,"27,800","1,236","22,177","3,885",615,2.43,150,-1.35
113,나노신소재,"50,100",상승,"1,000",+2.04%,500,"3,725",186,"49,050","6,111",30,-273.77,"59,089","49,750","49,100","4,422",-74.88,-0.77,"50,450",9,"1,980",-19,8.61,-0.43,"49,250",58,"12,198",878,-183,2.44,250,5.53
114,HLB생명과학,"4,830",하락,105,-2.13%,500,"35,962",175,"4,900","5,889",-248,-2.91,"345,590","4,935","4,935","5,390",-1.17,1.95,"4,935",350,"1,402",62,9.75,1.29,"4,825",752,"121,917","1,022","-1,657",1.73,0,4.34
115,서부T&D,"8,890",상승,110,+1.25%,500,"20,635",183,"8,750","5,861",480,17.40,"411,387","8,930","8,780","28,945",28.91,3.70,"8,950","2,793","16,536",647,12.07,2.47,"8,820",73,"65,927","1,875",511,0.58,100,10.83
116,감성코퍼레이션,"6,370",상승,120,+1.92%,500,"79,872",503,"6,130","5,829",361,19.54,"1,001,590","6,160","6,170","1,543",11.82,30.74,"6,400",110,419,293,12.96,21.77,"6,140","1,002","91,500","2,204",326,4.99,0,23.85
117,큐리옥스바이오시스템즈,"36,050",하락,"2,900",-7.45%,500,"8,569",326,"38,850","5,827",-134,-64.15,"113,176","38,950","38,950",706,-26.72,-15.94,"38,950",108,219,-81,15.05,-12.60,"36,050",314,"16,163",46,-562,12.76,0,-32.42
118,휴온스글로벌,"45,050",하락,150,-0.33%,500,"3,421",153,"44,950","5,693",970,21.85,"34,035","44,950","45,100","14,059",-14.88,5.05,"45,200",354,"4,418",671,7.63,4.93,"44,500",91,"12,637","8,135","2,062",1.04,525,7.26
119,인투셀,"38,200",하락,900,-2.30%,500,"41,519","1,578","38,950","5,672",-98,-56.26,"557,204","38,500","39,000",237,43.70,-95.55,"38,500",119,162,-99,1.04,-39.93,"37,500","1,438","14,848",29,-679,129.73,0,79.72
120,아이티센글로벌,"24,000",하락,500,-2.04%,500,"292,361","7,046","23,100","5,569",586,47.43,"1,574,769","23,150","23,800","9,454",91.90,5.79,"25,000","1,957","6,229",361,3.37,4.19,"23,100","9,180","23,205","49,618",506,6.90,N/A,76.26
121,솔트룩스,"45,900",하락,700,-1.50%,500,"29,169","1,348","45,900","5,568",-66,-106.25,"299,361","45,900","45,950",932,28.63,-6.63,"19,590",24,976,791,26.60,14.88,"19,210",572,"28,967","3,981","2,708",1.16,400,13.13
122,피에스케이,"19,210",하락,220,-1.13%,500,"13,622",264,"19,500","5,564",839,7.09,"152,129","19,590","19,590","5,694",55.08,18.31,"46,850",274,206,-59,2.41,-6.10,"45,700",833,"12,131",459,-432,8.41,N/A,49.03
123,HLB제약,"16,880",상승,20,+0.12%,500,"5,236",89,"17,000","5,535",15,103.56,"104,652","17,000","17,100","1,579",107.54,1.98,"17,000",910,415,20,0.62,1.35,"16,870","1,060","32,791","1,371",163,4.92,0,0.83
124,지엔씨에너지,"33,600",상승,100,+0.30%,500,"13,602",461,"33,700","5,527",317,11.49,"213,676","33,900","33,900","2,652",187.62,27.54,"34,400",39,"1,038",389,6.21,17.18,"33,300",106,"16,449","2,263","2,924",2.99,100,35.99
125,두산테스나,"28,500",상승,250,+0.88%,500,"9,991",285,"28,400","5,508",379,40.71,"110,499","28,550","28,500","7,877",N/A,N/A,"28,750",421,"3,500",368,3.87,N/A,"28,400",286,"19,327","3,731",700,1.31,160,N/A
126,네오위즈,"25,150",상승,200,+0.80%,500,"5,103",128,"25,000","5,497",329,-67.43,"80,800","25,100","25,050","6,200",4.20,0.49,"25,300",359,"1,011",-70,14.94,-1.08,"24,950",524,"21,857","3,668",-373,1.01,N/A,0.33
127,이엔에프테크놀로지,"38,300",하락,100,-0.26%,500,"8,566",330,"38,400","5,472",593,13.63,"177,690","38,500","38,450","7,236",148.52,8.21,"38,850",32,"3,222",297,7.40,4.30,"38,150",228,"14,288","5,824","2,810",1.33,150,9.67
128,메가스터디교육,"50,500",하락,400,-0.79%,100,894,45,"50,500","5,439","1,236",11.57,"282,424","6,970","6,990","7,338",52.39,15.16,"7,050","2,090","2,551",562,8.35,8.44,"6,960",262,"77,372","5,085",784,1.10,N/A,63.96
129,씨아이에스,"7,010",상승,70,+1.01%,100,"14,795",104,"6,970","5,424",593,8.94,"22,904","50,500","50,700","8,783",-2.99,9.97,"50,800",42,"4,116",502,29.52,5.47,"50,200",38,"10,771","9,422","4,363",1.19,"1,500",0.75
130,태광,"20,350",상승,880,+4.52%,500,"38,900",780,"18,500","5,393",399,13.85,"114,330","19,560","19,500","6,603",-30.93,8.20,"20,500",770,509,461,15.00,7.17,"19,560",11,"26,500","2,668","1,469",0.92,250,-14.50
131,제주반도체,"15,650",하락,330,-2.07%,500,"143,319","2,256","15,620","5,390",96,32.60,"1,781,368","15,900","15,800","2,254",-46.29,11.44,"15,970","1,635",412,194,0.00,9.15,"15,550",286,"34,443","1,623",480,2.76,N/A,11.28
132,인텔리안테크,"50,000",하락,300,-0.60%,500,"2,096",105,"50,600","5,367",-194,-43.74,"59,581","50,500","50,700","4,407",-281.28,-1.12,"50,500",41,"1,761",-30,12.50,-0.67,"49,800",222,"10,733","2,578","-1,143",2.08,100,-15.50
133,가온칩스,"46,100",상승,750,+1.65%,500,"10,530",489,"46,700","5,346",35,230.50,"74,526","46,700","46,750","1,127",-19.00,11.46,"46,900",176,434,75,0.62,7.27,"46,050",69,"11,597",965,200,8.37,N/A,51.72
134,넥스틴,"50,800",상승,200,+0.40%,500,"3,811",193,"50,500","5,322",470,19.88,"71,808","50,900","50,600","1,898",29.89,27.00,"50,900",239,322,384,12.35,23.10,"50,600",209,"10,477","1,137","2,555",3.35,500,29.33
135,컴투스,"41,500",상승,350,+0.85%,500,"2,281",95,"41,000","5,286",61,-4.73,"41,755","41,500","41,150","16,460",118.47,-10.37,"41,850",8,"5,961","-1,520",14.55,-9.04,"41,250",9,"12,738","6,939","-8,768",0.49,"1,300",-6.18
136,SFA반도체,"3,210",하락,10,-0.31%,500,"34,044",110,"3,220","5,279",0,-214.00,"431,036","3,235","3,225","6,235",99.77,4.51,"3,245",306,"1,256",205,4.37,3.32,"3,200",242,"164,460","4,005",-15,1.07,N/A,-3.90
137,에코프로에이치엔,"25,100",상승,450,+1.83%,500,"4,339",108,"24,700","5,265",242,24.66,"58,262","24,800","24,800","4,667",-42.02,10.59,"25,100",478,"1,704",215,9.06,6.22,"24,650",80,"20,975","2,345","1,018",1.79,300,2.43
138,바이넥스,"16,100",상승,620,+4.01%,500,"63,178","1,021","16,120","5,262",-308,-20.51,"195,660","16,150","16,130","2,794","-3,050.79",-19.34,"16,330",252,978,-352,4.97,-13.12,"15,910",694,"32,684","1,301",-785,2.78,N/A,-16.00
139,쎄트렉아이,"47,700",하락,250,-0.52%,500,"4,180",200,"47,950","5,224",-31,42.59,"53,332","48,000","48,000","4,470",29.44,3.49,"48,200",41,"2,230",62,6.38,1.64,"47,400","1,676","10,951","1,713","1,120",2.22,190,36.55
140,하나머티리얼즈,"25,950",하락,200,-0.76%,500,"20,764",545,"26,500","5,132",434,15.82,"102,214","26,550","26,550","5,739",5.16,8.43,"26,650",422,"2,201",318,20.74,5.10,"25,950",27,"19,778","2,516","1,640",1.39,250,7.74
141,클로봇,"20,700",상승,600,+2.99%,500,"258,567","5,415","20,650","5,103",-75,-66.13,"1,584,158","20,900","20,700",695,-29.94,-15.71,"21,400","3,717",95,-67,0.56,-12.93,"20,600",423,"24,651",334,-313,8.88,N/A,37.97
142,케이엠더블유,"12,760",상승,180,+1.43%,500,"19,496",245,"12,010","5,081",-455,-14.94,"521,761","12,380","12,540","2,690",27.65,-24.24,"12,800",180,"1,254",-386,6.04,-14.17,"12,370",361,"39,821",874,-854,3.68,N/A,-12.70
143,데브시스터즈,"41,400",하락,150,-0.36%,500,"2,613",109,"40,600","5,052",272,17.40,"32,083","41,600","41,600","2,604",156.64,19.72,"42,350",587,"1,062",283,12.29,11.31,"41,000",16,"12,203","2,362","2,379",2.79,0,46.57
144,테스,"25,550",하락,100,-0.39%,500,"6,541",167,"23,800","5,051",385,9.79,"81,046","25,600","25,650","3,812",756.34,13.55,"25,700",235,506,427,6.57,12.13,"25,450",568,"19,768","2,401","2,611",1.33,600,63.39
145,웹젠,"14,490",하락,30,-0.21%,500,"3,255",47,"14,450","5,014",546,13.45,"46,794","14,660","14,500","7,509",9.32,8.81,"14,660",26,783,568,30.01,7.81,"14,480",25,"34,601","2,147","1,077",0.64,300,9.40
146,케이아이엔엑스,"100,400",상승,"2,000",+2.03%,500,"7,266",731,"99,000","4,900",237,28.56,"44,612","99,500","99,500","3,368",-10.67,10.13,"102,000",332,"1,068",183,29.53,6.20,"99,400",395,"4,880","1,389","3,516",2.56,600,13.22
147,아이센스,"17,660",하락,260,-1.45%,500,"12,646",227,"18,130","4,872",27,452.82,"83,091","18,200","18,150","5,909",-75.68,-0.59,"18,200","1,626","2,479",-20,25.97,-0.36,"17,660",157,"27,587","2,911",39,1.51,100,9.81
148,포스코엠텍,"11,590",상승,130,+1.13%,500,"7,520",87,"11,460","4,826",14,-275.95,"85,846","11,480","11,470","1,498",-68.30,0.50,"11,780",922,379,6,6.26,0.37,"11,460",91,"41,643","3,466",-42,4.38,20,1.53
149,갤럭시아머니트리,"12,170",하락,190,-1.54%,500,"60,210",736,"12,010","4,774",132,225.37,"787,138","12,300","12,020","3,646",43.07,0.72,"12,340","1,501","2,525",6,2.56,0.15,"12,150",370,"39,230","1,288",54,4.22,45,-2.73
150,원익QnC,"18,080",하락,70,-0.39%,500,"13,331",241,"18,160","4,753",906,9.49,"128,552","18,150","18,170","15,347",9.19,11.67,"18,210",25,"9,654",615,5.28,4.23,"18,040",17,"26,288","8,915","1,905",0.99,100,10.62
151,글로벌텍스프리,"6,750",하락,10,-0.15%,500,"20,015",135,"6,710","4,744",218,39.94,"527,284","6,710","6,760","1,745",121.88,5.60,"6,850","2,014",462,63,17.33,3.66,"6,710",212,"70,283","1,297",169,4.14,N/A,58.84
152,티앤엘,"58,000",상승,200,+0.35%,500,"1,827",106,"58,200","4,714",570,8.55,"76,629","58,100","58,400","1,971",84.69,30.84,"58,200",111,256,464,11.90,27.36,"57,500",407,"8,128","1,749","6,787",2.57,750,51.47
153,성우하이텍,"5,840",상승,30,+0.52%,500,"13,740",80,"5,820","4,672","2,059",3.15,"244,940","5,820","5,830","45,631",-19.81,9.86,"5,860","1,095","27,210","1,351",6.36,3.14,"5,810","1,270","80,000","42,451","1,855",0.30,150,-1.78
154,바이오다인,"15,530",상승,530,+3.53%,500,"71,281","1,101","14,500","4,622",-17,"-2,218.57","213,416","15,100","15,000",443,15.65,0.03,"15,980","2,205",11,0,3.98,0.02,"15,010",412,"29,764",53,-7,10.70,N/A,28.93
155,이녹스첨단소재,"22,850",하락,50,-0.22%,500,"4,498",103,"22,900","4,622",868,6.08,"92,940","22,950","23,150","8,260",105.88,16.27,"23,000",179,"3,574",701,14.91,10.02,"22,800",190,"20,228","4,228","3,759",0.90,350,9.25
156,에스티큐브,"6,760",하락,60,-0.88%,500,"8,987",61,"6,820","4,596",-226,-18.67,"114,240","6,840","6,840","1,119",13.15,-33.09,"6,850",502,176,-214,3.86,-27.16,"6,700",494,"67,983",113,-362,5.12,N/A,93.88
157,대명에너지,"25,650",하락,"1,050",-3.93%,100,"15,732",406,"26,200","4,596",97,36.91,"72,272","26,100","26,300","3,699",-42.03,6.24,"26,300",350,"2,412",78,0.25,2.18,"25,550",303,"17,916",678,695,3.19,0,9.93
158,메디포스트,"13,280",하락,170,-1.26%,500,"38,618",518,"13,470","4,544",-485,-6.99,"493,449","13,640","13,480","4,143",-93.17,-22.22,"13,800","10,234","1,617",-634,3.64,-14.68,"13,180",329,"34,218",707,"-1,899",2.14,N/A,2.93
159,삼현,"14,300",상승,240,+1.71%,500,"34,931",501,"14,200","4,534",55,50.71,"184,983","14,180","14,210","1,403",N/A,N/A,"14,550",553,251,83,0.68,N/A,"14,110","1,408","31,708","1,004",282,3.90,50,N/A
160,미코,"13,540",상승,40,+0.30%,500,"18,362",248,"13,490","4,525",946,15.58,"144,485","12,300","12,360","2,021",345.78,15.61,"12,360",507,701,190,8.00,10.73,"12,270",15,"36,624",960,"1,052",3.05,0,38.45
161,유바이오로직스,"12,330",상승,80,+0.65%,500,"4,784",59,"12,300","4,516",343,11.72,"249,253","39,150","39,700",444,-28.30,-53.30,"13,650",646,"8,598",765,9.92,6.87,"13,470",539,"33,417","5,405",869,3.80,N/A,41.62
162,코난테크놀로지,"39,350",하락,550,-1.38%,500,"19,590",775,"39,100","4,512",-141,-39.08,"248,620","13,500","13,500","13,927",216.51,20.43,"100,000",22,405,286,80.58,17.31,"98,700",107,"4,541","1,041","5,552",4.18,"3,954",8.85
163,한국기업평가,"98,800",상승,300,+0.30%,"5,000",130,13,"98,500","4,486",327,17.80,"2,725","99,400","100,500","1,753",26.48,21.69,"12,350",895,51,54,4.34,25.90,"12,070",222,"36,695",288,173,12.44,32,64.78
164,아스테라시스,"12,210",상승,30,+0.25%,100,"17,016",207,"12,180","4,480",67,70.58,"295,159","12,200","12,200",247,328.57,40.61,"40,450",709,248,-136,0.58,-29.42,"39,050",32,"11,467",263,"-1,007",28.25,N/A,7.74
165,큐로셀,"31,050",하락,150,-0.48%,500,"3,594",113,"31,200","4,447",-106,-12.36,"58,006","31,650","31,700",515,-138.14,55.22,"31,650","1,318",490,-77,0.72,-22.88,"31,050",44,"14,324",0,"-2,512",19.37,0,"8,891.25"
166,쏠리드,"7,260",하락,50,-0.68%,500,"44,912",325,"7,320","4,436",351,14.43,"697,895","7,250","7,330","4,968",-3.11,15.52,"7,260","1,241","1,740",462,9.52,9.69,"7,220","2,999","61,095","3,311",503,1.37,50,3.02
167,에코아이,"14,950",상승,450,+3.10%,500,"21,242",313,"14,650","4,430",2,-679.55,"272,814","14,750","14,740","1,498",-98.91,1.74,"14,950",372,213,23,2.85,1.50,"14,560",88,"29,631",258,-22,3.64,167,-60.25
168,티에스이,"39,850",상승,50,+0.13%,500,859,34,"39,250","4,408",399,9.57,"40,972","40,150","39,800","5,194","1,776.34",13.36,"40,300",819,"1,197",450,6.62,9.36,"39,800",28,"11,061","3,481","4,165",1.26,400,39.70
169,유진로봇,"11,740",상승,240,+2.09%,500,"397,046","4,749","11,980","4,404",-42,-90.31,"806,106","10,900","11,160","5,703",4.35,18.71,"11,060",500,"3,051",453,10.30,8.29,"10,820",552,"40,161","11,053","1,057",1.60,100,13.72
170,NHN KCP,"10,950",하락,200,-1.79%,500,"68,155",743,"11,150","4,398",438,10.36,"2,358,372","12,000","12,000",547,20.92,-8.56,"12,240","2,817",190,-32,12.84,-5.62,"11,680","5,776","37,512",260,-130,13.14,N/A,35.12
171,현대바이오,"9,000",상승,180,+2.04%,500,"17,238",154,"8,910","4,322",8,-27.19,"115,951","8,900","9,120",677,108.08,-16.36,"9,010",94,283,-69,8.19,-11.50,"8,870","1,158","48,022",151,-331,3.68,N/A,58.73
172,동화기업,"8,510",상승,50,+0.59%,200,"3,901",33,"8,420","4,302",167,-19.43,"79,455","8,470","8,460","23,972",200.80,-1.40,"8,580",355,"14,194",-162,50.60,-0.69,"8,460",15,"50,557","9,180",-438,0.46,N/A,-4.70
173,유티아이,"23,800",상승,550,+2.37%,500,"5,247",123,"22,800","4,273",-322,-15.77,"45,529","23,500","23,200","1,606",-63.41,-49.58,"23,800",502,861,-227,12.99,-17.39,"23,150",238,"17,953",186,"-1,509",6.86,0,-4.14
174,넵튠,"9,140",상승,560,+6.53%,500,"135,552","1,231","8,930","4,269",96,-33.00,"585,612","9,050","8,940","4,075",345.59,0.53,"9,310",429,370,48,2.53,1.17,"8,730",483,"46,702","1,216",-277,1.09,0,21.91
175,콜마비앤에이치,"14,500",상승,100,+0.69%,500,"5,602",81,"14,500","4,265",246,33.64,"248,538","14,490","14,600","6,909",-18.62,4.54,"14,520",299,"2,956",172,2.34,2.48,"14,320",121,"29,416","6,156",431,1.06,308,6.23
176,골프존,"67,100",상승,100,+0.15%,500,387,26,"66,800","4,211",958,8.40,"9,564","67,100","67,000","6,655",-16.34,11.63,"67,200",12,"2,188",420,23.19,6.45,"66,500",81,"6,275","6,200","7,991",0.92,"4,000",-9.51
177,원익홀딩스,"5,450",상승,60,+1.11%,500,"251,242","1,371","5,400","4,209",306,-9.86,"3,169,016","5,480","5,410","18,901",-33.12,-7.41,"5,520","21,693","6,416",-611,3.81,-3.26,"5,410","2,698","77,238","6,455",-553,0.43,N/A,-13.88
178,큐리언트,"12,050",하락,30,-0.25%,500,"25,594",312,"12,080","4,195",-275,-16.35,"176,612","12,110","12,200",656,-18.37,-45.23,"12,340",536,54,-245,2.76,-41.42,"12,040",36,"34,815",92,-737,7.95,0,1.64
179,코오롱생명과학,"33,700",하락,800,-2.32%,500,"7,597",257,"34,500","4,187",-221,-5.26,"138,220","34,500","34,600","4,196",8.35,-64.87,"34,600",67,"2,702",-931,2.55,-25.54,"33,150",172,"12,423","1,614","-6,402",1.39,N/A,29.48
180,바이오플러스,"6,920",상승,30,+0.44%,500,"12,381",86,"6,880","4,187",237,21.49,"312,447","6,900","6,890","2,643",-15.55,10.83,"10,920",183,134,-170,1.95,-53.40,"10,560","4,534","39,204",26,-555,6.78,0,54.88
181,스피어,"10,660",하락,480,-4.31%,500,"39,202",421,"11,120","4,179",-64,-19.21,"1,163,525","10,910","11,140",446,29.77,-84.53,"6,950",169,"1,166",175,8.67,8.01,"6,890",256,"60,500",664,322,2.71,50,2.10
182,서울반도체,"7,120",상승,10,+0.14%,500,"19,607",139,"6,960","4,151",8,-15.38,"257,358","7,090","7,020","12,612",101.61,-0.74,"7,160",504,"5,602",-19,9.32,-0.16,"7,090",663,"58,305","10,905",-463,0.61,N/A,5.63
183,셀바스AI,"15,400",하락,60,-0.39%,500,"46,023",712,"10,930","4,145",8,-67.25,"213,365","15,410","15,000","3,121",-80.43,-4.61,"15,770","9,189",492,-10,3.61,-0.40,"15,400",186,"26,915","1,125",-229,3.45,N/A,112.13
184,네오셈,"9,340",하락,100,-1.06%,100,"16,878",158,"9,220","4,097",165,23.53,"275,692","9,370","9,380","1,419",103.63,18.96,"9,430","4,924",260,192,0.00,15.47,"9,330",440,"43,869","1,052",397,3.45,60,4.27
185,에프에스티,"18,610",상승,410,+2.25%,500,"57,555","1,084","18,500","4,086",23,48.34,"49,620","18,740","18,510","5,061",121.21,0.60,"19,090",589,"2,620",-16,5.47,-0.36,"18,610",156,"21,956","2,374",385,1.51,5,20.14
186,성일하이텍,"33,450",상승,450,+1.36%,500,"1,353",45,"32,950","4,079",-714,-3.50,"23,420","33,000","33,000","6,795",-756.19,-42.96,"33,600",27,"4,547","-1,125",2.72,-17.93,"33,000",271,"12,195","1,362","-9,553",2.18,0,-44.93
187,신라젠,"2,950",하락,20,-0.67%,500,"44,370",132,"2,980","4,075",-268,-14.53,"352,598","2,990","3,020","1,490",-25.40,-28.05,"3,000","4,103",172,-265,2.50,-23.50,"2,930",651,"138,130",39,-203,3.20,0,-0.33
188,천보,"40,650",상승,"1,450",+3.70%,500,"4,532",182,"39,400","4,065",-228,-142.13,"28,414","39,550","39,950","10,079",-182.81,-8.27,"40,650",33,"5,929",-323,4.09,-3.33,"39,400",101,"10,000","1,449",-286,1.10,N/A,-20.68
189,제우스,"12,920",하락,120,-0.92%,500,"10,226",132,"12,960","4,007",492,10.12,"105,229","13,010","13,040","6,409",588.24,12.99,"13,110",473,"2,586",431,3.83,6.83,"12,900","1,256","31,017","4,908","1,277",1.15,100,21.82
190,큐렉소,"9,660",상승,40,+0.42%,500,"11,045",108,"9,750","3,969",-58,-54.27,"186,147","9,750","9,790","1,026",-612.71,-9.04,"9,800",593,92,-88,2.69,-8.34,"9,630",106,"41,090",555,-178,4.20,N/A,-23.81
191,다날,"5,730",하락,470,-7.58%,500,"803,088","4,625","5,980","3,951",14,64.38,"21,915,916","5,910","5,990","7,456",-60.17,2.46,"5,950","1,424","4,356",29,2.91,0.39,"5,610","1,336","68,949","2,609",89,1.29,N/A,-11.69
192,HLB테라퓨틱스,"4,640",하락,135,-2.83%,500,"165,258",772,"4,650","3,915",-76,-14.19,"1,233,513","4,710","4,710","2,198",12.63,-14.34,"4,725","4,461",379,-235,4.66,-11.16,"4,635","3,222","84,371",549,-327,2.53,0,4.45
193,휴림로봇,"3,545",상승,415,+13.26%,500,"19,456,312","67,529","3,295","3,908",-49,-177.25,"267,235","5,370","5,390","1,228",198.72,22.11,"5,470","3,097",572,147,4.70,12.17,"5,360","1,553","72,485",588,175,5.98,0,37.83
194,코미팜,"5,390",상승,40,+0.75%,100,"18,464",100,"5,360","3,907",62,30.80,"346,441","18,880","18,980","1,538",-108.72,-17.50,"18,900",424,321,-57,1.86,-3.64,"18,460",37,"21,069",209,-364,2.40,0,-84.56
195,오름테라퓨틱,"18,520",하락,360,-1.91%,100,"38,151",710,"18,880","3,902",-83,-50.88,"38,892","134,700","135,000",930,56.19,21.74,"136,000",199,250,170,5.69,17.11,"131,000",10,"2,893","1,161","6,259",5.53,800,31.56
196,에스앤디,"134,000",하락,700,-0.52%,500,"2,014",270,"134,900","3,876",201,21.41,"629,618","1,696","1,696","15,406",3.30,17.64,"1,703",133,"5,668","1,593",5.06,10.35,"1,684","1,800","229,808","14,736",479,0.32,45,2.20
197,서희건설,"1,685",하락,11,-0.65%,500,"74,594",126,"1,695","3,872","2,357",3.52,"120,500,447","3,290","3,300","3,349",-165.20,-5.59,"3,610","42,858","1,225",-94,3.48,-4.16,"3,230","71,125","110,238","1,331",-20,3.13,N/A,61.01
198,대아티아이,"5,440",상승,150,+2.84%,100,"221,266","1,217","5,460","3,834",79,21.94,"636,039","5,450","5,480","2,920",122.05,11.52,"5,570",417,"1,584",147,7.65,5.40,"5,420","3,633","70,473","1,491",248,2.77,N/A,32.77
199,한텍,"34,300",상승,150,+0.44%,"5,000","25,999",898,"34,500","3,815",168,11.51,"522,598","34,600","34,650","2,075",10.40,26.22,"34,750","4,903",958,263,0.17,13.00,"34,100",118,"11,121","1,559","2,981",2.86,450,-12.73
200,바이오니아,"14,680",하락,20,-0.14%,500,"3,248",48,"14,600","3,789",-134,-19.06,"67,443","14,620","14,680","3,322","-1,794.54",-9.40,"14,790",751,"1,053",-190,7.21,-5.88,"14,620",263,"25,810","2,940",-770,1.77,N/A,11.68
201,넥스트바이오메디컬,"46,250",하락,"1,150",-2.43%,500,"5,330",248,"47,050","3,759",-36,119.82,"98,053","47,050","47,250",588,31.60,14.56,"47,050",128,137,29,7.21,6.46,"46,100",58,"8,127",95,386,8.26,0,95.46
202,에이프릴바이오,"16,630",하락,350,-2.06%,"1,000","30,441",510,"16,810","3,746",169,16.26,"134,174","17,000","17,010",996,226.00,26.90,"17,000",395,86,200,4.70,22.32,"16,610",181,"22,528",275,"1,023",4.05,0,N/A
203,에코앤드림,"21,050",상승,700,+3.44%,500,"21,482",450,"20,550","3,744",5,23.79,"99,467","20,650","20,650","4,058",116.42,8.41,"21,150","1,409","1,841",135,1.55,4.83,"20,650",75,"17,786","1,049",885,1.66,N/A,103.87
204,동운아나텍,"17,900",하락,50,-0.28%,500,"6,204",112,"18,000","3,743",175,27.58,"98,979","18,030","18,030",988,-30.43,37.49,"18,080",27,275,247,4.52,26.72,"17,900","1,079","20,910","1,383",649,5.54,109,24.02
205,엔젤로보틱스,"24,550",상승,50,+0.20%,500,"10,989",272,"24,800","3,727",-108,-35.94,"92,287","24,800","24,900",439,-66.88,-40.84,"24,900","3,046",35,-100,2.85,-30.70,"24,550",11,"15,183",42,-683,9.66,0,-18.17
206,인화정공,"38,550",상승,750,+1.98%,500,"1,651",63,"37,750","3,707",103,-23.83,"8,946","37,800","38,300","4,303",110.01,18.68,"38,550",107,"1,703",400,0.71,10.68,"37,750",75,"9,616",928,"-1,618",1.30,700,-10.74
207,폰드그룹,"11,460",하락,170,-1.46%,500,"18,233",209,"11,580","3,707",413,14.10,"91,862","11,520","11,590","4,227","6,089.52",12.62,"11,580",23,"1,850",272,0.65,7.13,"11,350",133,"32,344","3,687",813,1.75,250,"13,154.52"
208,하이록코리아,"30,050",상승,550,+1.86%,500,"4,482",134,"29,450","3,695",501,8.64,"65,766","29,500","29,500","4,727",-3.39,11.38,"30,050",19,367,480,27.31,10.49,"29,450",6,"12,295","1,905","3,480",0.86,"1,150",0.89
209,미래에셋벤처투자,"6,940",보합,0,0.00%,"1,000","12,741",89,"7,070","3,687",157,-59.32,"503,552","7,070","7,080","10,608",-50.81,2.47,"7,070",916,"7,089",86,2.77,0.79,"6,900",406,"53,125","2,339",-117,1.07,85,7.75
210,킵스파마,"18,280",하락,110,-0.60%,500,"23,076",421,"18,370","3,670",62,-47.11,"201,835","18,310","18,390","1,652",103.14,2.07,"18,400","1,509","1,020",16,3.98,1.14,"18,000",131,"20,078","1,276",-388,6.31,0,38.48
211,한국정보통신,"9,780",하락,350,-3.46%,500,"12,765",126,"10,160","3,662",391,8.16,"232,897","10,050","10,240","4,629",9.66,15.09,"10,050",163,"1,564",435,62.93,9.62,"9,780",484,"37,444","7,910","1,199",1.12,N/A,9.08
212,파트론,"6,410",하락,10,-0.16%,500,"4,383",28,"6,380","3,654",617,8.08,"196,163","6,460","6,420","7,433",48.05,10.93,"6,460","1,842","1,878",559,15.38,8.02,"6,400",407,"57,000","14,864",793,0.65,300,26.78
213,칩스앤미디어,"17,100",보합,0,0.00%,500,"3,444",59,"17,090","3,618",53,41.81,"79,015","17,110","17,100",840,-32.06,13.46,"17,210",105,82,100,3.29,12.16,"17,050",39,"21,157",271,409,4.58,100,-1.79
214,에이직랜드,"33,100",상승,500,+1.53%,500,"9,168",305,"33,400","3,599",-170,-14.82,"106,261","33,400","33,500","1,671",-539.61,-15.39,"33,450",49,828,-140,0.61,-8.57,"33,000",156,"10,872",941,"-2,233",4.70,N/A,26.84
215,GST,"19,510",보합,0,0.00%,500,"8,608",168,"19,810","3,596",591,8.03,"161,143","19,650","19,980","3,348",38.89,18.71,"19,660",165,665,459,10.74,14.92,"19,420",990,"18,430","3,462","2,430",1.33,300,24.00
216,이뮨온시아,"4,860",상승,5,+0.10%,500,"36,340",177,"4,835","3,592",-126,N/A,"397,654","4,860","4,870",262,-6.80,77.02,"4,890","6,893",68,-57,0.16,-18.96,"26,100",53,"13,536","2,824","1,040",2.09,80,7.96
217,가비아,"26,450",상승,150,+0.57%,500,"5,635",149,"26,400","3,580",351,25.43,"38,940","26,450","26,450","6,345",-17.59,9.49,"26,600",106,"2,878",286,37.56,5.21,"4,835",296,"73,906",7,N/A,N/A,0,495.04
218,켐트로닉스,"23,300",상승,50,+0.22%,500,"6,831",159,"23,500","3,573",373,19.37,"153,091","23,500","23,550","6,417",95.24,10.70,"23,550",745,"4,066",214,7.20,3.77,"23,150",770,"15,334","5,752","1,203",1.77,200,6.08
219,노바렉스,"18,870",상승,540,+2.95%,500,"30,992",582,"18,270","3,539",232,13.40,"102,947","18,380","18,330","2,896",-9.06,10.97,"18,980",225,693,238,6.70,8.60,"18,380",39,"18,755","2,977","1,408",1.50,200,-1.47
220,월덱스,"21,400",하락,250,-1.15%,500,"2,202",47,"21,500","3,533",703,5.68,"113,893","21,550","21,550","3,918",8.45,23.78,"21,550",161,843,650,4.01,18.44,"21,350","2,107","16,511","3,068","3,768",1.11,60,6.49
221,한국비엔씨,"5,150",하락,10,-0.19%,100,"33,409",171,"5,030","3,522",107,22.29,"319,655","5,100","5,100","2,671",77.07,6.06,"5,160","9,133",306,133,4.30,5.27,"16,640",77,"20,991","1,001",505,2.71,0,25.42
222,예스티,"16,660",상승,240,+1.46%,500,"4,817",80,"16,430","3,497",113,32.99,"19,253","16,640","16,630","2,044","2,839.92",10.51,"16,900",691,786,112,2.45,5.42,"5,100","1,214","68,395",892,231,1.48,N/A,10.16
223,에이치브이엠,"29,250",하락,650,-2.17%,500,"26,604",775,"29,400","3,481",-68,-40.29,"566,147","29,150","29,500","1,196",-282.11,-17.39,"29,450",300,535,-84,4.26,-8.19,"28,750","1,517","11,902",451,-726,5.19,N/A,8.88
224,삼표시멘트,"3,190",상승,30,+0.95%,500,"4,741",15,"3,180","3,443","1,039",6.29,"90,983","3,190","3,190","14,851",22.70,9.04,"3,210",208,"7,289",661,1.89,4.40,"3,180",394,"107,916","7,908",507,0.46,110,-4.00
225,인벤티지랩,"32,050",하락,"1,700",-5.04%,500,"48,622","1,558","33,350","3,424",-190,-11.31,"190,222","33,000","33,500",723,-18.81,-91.93,"33,050",84,397,-170,1.40,-28.95,"31,500",136,"10,684",18,"-2,835",9.42,0,170.90
226,우주일렉트로,"36,800",하락,400,-1.08%,500,"1,424",53,"37,200","3,400",201,16.23,"30,259","37,200","37,300","3,277",151.12,8.46,"37,400",272,814,198,8.80,6.34,"36,600",13,"9,240","1,762","2,268",1.19,300,10.18
227,피아이이,"9,430",상승,10,+0.11%,100,"175,265","1,657","9,720","3,378",94,28.93,"1,975,708","9,420","9,740",980,136.17,22.56,"9,560","3,742",462,99,0.28,10.41,"9,300","1,744","35,826","1,240",326,5.02,N/A,44.51
228,다원시스,"8,850",하락,50,-0.56%,500,"10,001",89,"8,940","3,377",76,-17.39,"198,111","8,950","9,090","7,457",-60.32,4.81,"8,980",331,"4,868",119,8.65,1.69,"8,810",451,"38,163","3,015",-509,1.42,N/A,-15.74
229,퓨쳐켐,"15,280",상승,80,+0.53%,500,"18,411",280,"14,240","3,377",-95,-34.03,"86,329","15,130","14,750",744,-12.55,-15.94,"15,360","1,114",199,-94,4.89,-12.80,"15,010",325,"22,102",173,-449,6.58,N/A,23.81
230,한국정보인증,"7,950",하락,270,-3.28%,500,"434,440","3,449","8,050","3,374",189,32.58,"2,304,163","8,010","8,060","4,053",35.02,6.14,"8,110","2,105","1,731",124,0.22,3.40,"7,810","1,464","42,441","1,219",244,1.66,150,32.18
231,JTC,"6,460",하락,20,-0.31%,0,"43,295",281,"6,480","3,343",476,4.30,"1,050,316","6,500","6,500","3,584",117.12,57.43,"6,600",909,"1,752",772,10.25,24.80,"6,300",4,"51,746","3,086","1,501",1.82,N/A,105.76
232,에이비온,"11,580",하락,"1,260",-9.81%,500,"2,619,333","32,549","16,670","3,316",-341,-6.40,"6,750,088","12,700","16,690",638,-9.00,-227.67,"13,100",283,357,-434,0.43,-80.00,"11,500","142,354","28,637",8,"-1,808",18.74,N/A,-40.39
233,씨앤씨인터내셔널,"33,100",상승,600,+1.85%,100,"5,414",180,"32,700","3,315",290,13.17,"23,380","32,900","33,000","2,951",-9.75,17.15,"33,700",104,893,324,4.37,11.78,"32,900",313,"10,014","2,829","2,514",1.66,"1,000",28.39
234,기가비스,"26,100",보합,0,0.00%,200,"1,136",30,"26,100","3,308",-18,114.47,"25,411","26,100","26,150","2,297",-105.10,1.63,"26,450",986,240,34,1.64,1.50,"26,100",23,"12,676",261,228,1.69,800,-71.42
235,토모큐브,"25,000",하락,300,-1.19%,500,"17,952",449,"25,000","3,293",-88,-33.20,"133,735","25,000","25,100",436,-30.40,-27.82,"25,300",545,16,-83,4.06,-26.20,"24,900",162,"13,171",59,-753,8.27,0,58.48
236,바디텍메드,"14,010",하락,70,-0.50%,"1,000","4,241",60,"14,080","3,290",262,11.80,"182,666","14,160","14,190","2,547",-8.17,13.75,"27,500",218,"2,557",291,17.66,5.09,"27,350",847,"11,980","5,902","2,661",0.91,630,6.93
237,휴온스,"27,450",상승,50,+0.18%,500,774,21,"27,400","3,288",397,10.32,"18,732","27,400","27,900","6,063",-29.12,8.77,"14,160",510,316,272,2.40,11.28,"13,980",331,"23,487","1,382","1,187",1.41,150,2.94
238,노머스,"30,150",하락,50,-0.17%,500,"4,555",137,"30,200","3,279",82,29.50,"143,377","30,200","30,300",988,"4,101.07",15.81,"30,550",59,127,99,7.88,13.63,"29,700",601,"10,876",689,"1,022",3.58,0,62.92
239,덕산테코피아,"15,870",상승,250,+1.60%,500,"10,847",170,"15,570","3,250",-302,-5.45,"108,415","15,600","15,600","6,630",-385.42,-28.30,"15,880",14,"4,572",-726,4.40,-12.33,"15,560",212,"20,477",997,"-2,911",1.73,N/A,5.97
240,지씨셀,"20,550",하락,50,-0.24%,500,793,16,"20,200","3,247",-200,-3.95,"28,346","20,750","20,750","5,783",-590.55,-14.90,"20,750",66,"1,160",-757,5.15,-12.18,"20,500",29,"15,800","1,745","-5,205",0.70,N/A,-6.98
241,비보존 제약,"6,480",하락,20,-0.31%,"2,500","9,000",59,"6,560","3,247",29,-24.83,"127,832","6,560","6,670","1,844",10.36,-9.48,"6,640",355,780,-100,0.57,-5.58,"6,440","1,018","50,105",876,-261,3.15,N/A,22.83
242,하림,"3,050",상승,30,+0.99%,500,"126,333",385,"3,020","3,239",285,-160.53,"483,294","3,020","3,025","8,328",-29.51,-4.11,"3,070","3,886","5,437",-123,3.49,-1.47,"3,020","26,304","106,210","12,854",-19,1.11,N/A,-8.89
243,에이스침대,"29,050",하락,350,-1.19%,"1,000",131,4,"29,250","3,222",662,5.23,"6,396","29,400","29,400","7,824",16.14,9.70,"29,400",8,757,659,1.17,8.79,"28,650",227,"11,090","3,260","5,551",0.44,"1,450",6.39
244,바텍,"21,650",하락,150,-0.69%,500,"1,839",40,"21,550","3,216",540,6.33,"15,360","21,600","21,700","6,503",-15.74,12.94,"21,750",621,"1,798",553,26.92,8.93,"21,600",6,"14,854","3,852","3,418",0.68,100,0.07
245,인바디,"23,800",하락,100,-0.42%,500,820,19,"23,850","3,208",367,10.38,"25,297","17,900","17,890","9,087",1.27,13.45,"17,900",78,"3,067",764,14.16,8.80,"17,770",5,"18,000","11,863","3,481",0.49,650,15.60
246,한양이엔지,"17,820",하락,70,-0.39%,500,918,16,"17,760","3,208",862,5.12,"32,039","23,900","23,900","3,058",-4.20,12.71,"23,900",203,319,327,36.20,11.27,"23,700",125,"13,481","2,045","2,293",1.10,400,20.03
247,우진엔텍,"34,450",하락,600,-1.71%,500,"129,484","4,561","35,850","3,194",53,68.35,"1,775,625","36,200","35,900",517,-9.74,13.35,"36,200",612,43,54,0.23,11.86,"34,350",142,"9,271",440,504,6.94,200,8.05
248,선익시스템,"33,450",하락,300,-0.89%,500,"1,129",38,"33,300","3,190",79,-13.98,"28,357","33,500","33,750","3,029",294.87,-47.86,"33,700",130,"2,565",-281,0.80,-12.83,"33,400",16,"9,537","1,129","-2,393",6.76,N/A,80.93
249,CJ프레시웨이,"26,850",상승,500,+1.90%,"1,000","6,668",179,"26,400","3,188",940,12.17,"35,696","26,900","26,950","15,644",-5.27,7.36,"27,100",611,"11,490",274,14.31,1.87,"26,500",177,"11,872","32,248","2,207",0.78,450,4.90
250,제닉,"40,000",상승,"1,350",+3.49%,500,"13,464",538,"40,000","3,187",60,26.28,"82,371","40,000","40,050",382,249.72,44.90,"40,400",308,160,76,8.18,24.57,"39,250",25,"7,969",499,"1,522",12.16,N/A,77.80
251,삼목에스폼,"21,650",보합,0,0.00%,500,569,12,"21,550","3,183",753,6.73,"10,518","21,600","21,700","7,813",-39.33,12.04,"27,200",378,825,288,12.51,10.64,"25,900",58,"12,090","1,594","2,346",1.49,500,1.50
252,오픈엣지테크놀로지,"14,460",상승,50,+0.35%,100,"9,022",131,"14,410","3,182",-246,-12.98,"103,131","14,550","14,500",867,-55.15,-67.14,"21,900",71,"1,366",734,2.93,9.65,"21,600",15,"14,700","4,019","3,216",0.48,200,-8.53
253,제이브이엠,"26,250",상승,600,+2.34%,500,"11,451",302,"25,900","3,174",307,11.19,"42,211","26,000","26,100","2,848",3.04,15.11,"14,640",356,260,-273,6.22,-41.54,"14,430",48,"22,003",153,"-1,114",6.99,0,-21.77
254,아이패밀리에스씨,"18,090",상승,320,+1.80%,500,"3,215",58,"17,980","3,133",336,12.67,"72,035","17,980","18,000","1,223",40.16,35.26,"18,220",558,308,283,5.60,26.68,"17,980",98,"17,320","2,049","1,428",3.25,118,37.79
255,티에프이,"27,300",하락,850,-3.02%,100,"6,478",179,"28,150","3,107",44,130.00,"60,326","28,150","28,200","1,267",-52.40,1.94,"28,300",363,483,15,1.59,1.33,"27,200",13,"11,381",736,210,3.71,N/A,-8.34
256,에스티아이,"19,580",하락,10,-0.05%,500,"9,682",191,"19,590","3,100",273,11.87,"202,422","19,670","19,800","3,688",13.95,10.89,"19,800",123,"1,080",271,4.37,7.93,"19,580",314,"15,830","3,340","1,650",1.11,200,4.56
257,마녀공장,"18,850",상승,380,+2.06%,100,"29,293",552,"18,470","3,087",186,19.06,"61,152","18,540","18,670","1,295",16.99,15.53,"18,930",918,157,164,0.36,13.93,"18,540",17,"16,378","1,279",989,2.65,N/A,21.83
258,펨트론,"14,390",하락,110,-0.76%,500,"11,451",165,"14,610","3,063",-36,-95.93,"221,493","14,600","14,650",717,-144.94,-6.32,"14,610","5,351",436,-19,7.35,-2.61,"14,320","1,035","21,288",570,-150,11.84,N/A,-22.67
259,폴라리스오피스,"6,150",하락,230,-3.61%,500,"198,035","1,221","6,240","3,058",48,48.43,"4,932,328","6,230","6,250","5,198",-23.14,9.19,"6,240","2,760",857,186,0.71,4.45,"6,120","1,215","49,725","2,763",127,3.38,N/A,156.07
260,에이유브랜즈,"21,300",상승,750,+3.65%,100,"19,859",435,"20,900","3,016",124,26.39,"65,338","20,650","20,950",448,-23.35,38.45,"22,600",635,122,101,1.63,28.58,"20,650",430,"14,160",446,807,5.10,0,6.48
261,더즌,"4,215",하락,305,-6.75%,100,"984,495","4,174","4,495","3,010",100,26.18,"7,322,345","4,350","4,500","1,157",-6.08,28.06,"4,380",705,743,99,1.97,9.39,"4,090",389,"71,413",627,161,4.51,0,48.96
262,브이엠,"12,490",하락,160,-1.26%,100,"1,247",16,"12,790","3,007",-86,304.63,"63,360","12,780","12,890","1,657",21.56,-2.80,"12,780",23,414,-35,3.88,-2.18,"12,480",216,"24,076",703,41,2.34,N/A,170.21
263,상아프론테크,"18,800",상승,80,+0.43%,500,"2,160",40,"18,720","3,006",58,58.57,"55,197","18,740","18,750","3,622",-34.70,3.13,"18,870",122,"1,612",62,3.75,1.73,"18,650",9,"15,989","1,718",321,1.48,200,-6.45
264,매일유업,"37,950",하락,50,-0.13%,500,188,7,"38,000","2,977",703,7.41,"7,760","38,350","38,800","10,263",-2.62,8.16,"38,350",9,"4,510",455,12.55,4.56,"37,850",160,"7,844","18,114","5,120",0.48,"1,250",1.60
265,아주IB투자,"2,455",하락,20,-0.81%,500,"39,935",98,"2,470","2,969",84,76.72,"650,986","2,475","2,480","3,417",-52.70,3.20,"2,475",504,806,83,1.42,2.39,"2,440",109,"120,945",656,32,1.14,50,-11.09
266,지노믹트리,"12,080",상승,50,+0.42%,500,"3,870",47,"11,260","2,945",-153,-28.03,"282,723","11,960","12,030","1,307",11.50,-8.24,"12,210","2,281",64,-104,1.07,-7.89,"23,350",95,"12,591",81,-556,14.03,N/A,329.69
267,씨어스테크놀로지,"23,350",하락,450,-1.89%,500,"5,943",140,"23,650","2,940",-87,-42.00,"76,525","23,650","23,800",281,11.44,-60.13,"23,850",981,67,-89,4.82,-39.23,"3,435",271,"77,753",22,-472,2.19,0,-37.32
268,프레스티지바이오로직스,"3,775",상승,375,+11.03%,500,"182,796",664,"3,410","2,935",-334,-8.00,"172,984","3,435","3,435","2,894",24.39,-34.26,"3,775","1,848","2,177",-294,41.22,-9.87,"2,930",410,"99,995","28,895",503,0.68,200,34.70
269,에스에이엠티,"2,935",하락,15,-0.51%,500,"10,952",32,"2,945","2,935",674,5.83,"272,121","2,950","2,950","8,330",25.83,13.46,"2,975","1,111","4,024",544,5.55,7.23,"20,900",9,"14,002",259,-892,10.62,0,94.86
270,뷰노,"20,950",하락,150,-0.71%,100,"4,661",98,"21,300","2,933",-125,-23.49,"62,500","21,250","21,350",502,20.58,-72.91,"21,300",167,195,-130,3.83,-35.80,"11,960",608,"24,377",24,-431,2.38,0,-30.89
271,샘씨엔에스,"5,020",하락,40,-0.79%,500,"11,942",60,"5,010","2,931",52,77.23,"155,611","5,030","5,060","2,222",278.57,2.70,"5,070",474,782,33,1.07,1.60,"5,000",148,"58,388",533,65,1.97,N/A,72.35
272,슈어소프트테크,"5,570",상승,40,+0.72%,100,"24,346",136,"5,580","2,931",79,27.30,"568,240","5,580","5,590","1,624",-31.22,12.40,"5,610","2,666",563,101,0.99,6.29,"5,560","1,033","52,619",888,204,3.17,N/A,40.31
273,클리오,"16,210",상승,90,+0.56%,500,"4,753",77,"16,150","2,929",246,14.33,"106,574","16,130","16,200","2,954",-27.23,12.43,"16,320",77,615,272,4.06,9.45,"16,130",211,"18,071","3,514","1,131",1.23,400,6.29
274,KG이니시스,"10,630",하락,190,-1.76%,500,"11,880",127,"10,820","2,929",610,8.03,"321,644","10,730","10,840","18,664",-42.61,8.63,"10,760",848,"11,128",447,6.34,2.50,"10,620",172,"27,554","13,543","1,324",0.59,500,0.71
275,듀켐바이오,"10,190",하락,90,-0.88%,500,"2,960",30,"9,950","2,900",51,34.54,"17,031","10,150","9,980",652,N/A,N/A,"10,770",161,222,80,1.17,N/A,"10,150",300,"28,455",356,295,6.65,N/A,N/A
276,KG에코솔루션,"6,080",상승,80,+1.33%,500,"3,873",23,"5,980","2,894","2,265",4.49,"80,040","5,980","6,000","62,134",-26.87,6.74,"6,080",797,"32,544","2,142",3.60,3.55,"5,980","1,070","47,603","72,849","1,353",0.18,120,0.38
277,로보스타,"29,550",하락,200,-0.67%,500,"56,163","1,677","30,000","2,881",1,"-1,094.44","707,579","30,150","30,050","1,126",-86.92,2.44,"30,450",759,206,22,1.62,1.94,"29,450",409,"9,750",891,-27,3.21,N/A,-13.19
278,씨메스,"24,550",하락,150,-0.61%,500,"7,638",190,"24,700","2,869",-143,-17.51,"85,607","25,000","25,250",810,-43.04,-28.80,"25,300",771,67,-135,1.97,-25.68,"24,550",236,"11,685",69,"-1,402",4.11,0,-9.83
279,CMG제약,"2,005",상승,13,+0.65%,500,"91,214",183,"2,000","2,868",10,-250.62,"2,627,484","1,995","2,020","3,034",-66.40,1.42,"2,020","1,500","1,139",27,4.15,0.99,"1,993","8,587","143,057",991,-8,1.48,0,5.53
280,인탑스,"16,630",상승,80,+0.48%,500,"1,957",33,"16,550","2,860",38,22.26,"36,070","16,710","16,560","9,007",-79.33,3.34,"16,820",95,"1,289",234,6.35,2.66,"16,630",43,"17,200","6,147",747,0.40,200,6.46
281,나이벡,"25,200",하락,250,-0.98%,500,"13,556",345,"24,850","2,849",-49,-24.05,"62,587","25,450","25,900",625,-120.87,-30.54,"25,950","1,492",302,-93,0.97,-14.43,"25,100",191,"11,306",246,"-1,048",8.93,0,56.33
282,에코마케팅,"9,030",상승,80,+0.89%,100,"1,413",13,"8,950","2,842",470,10.28,"55,908","8,950","8,960","4,038",-14.75,12.87,"9,030","1,110","1,213",362,11.76,9.64,"8,950",19,"31,468","3,572",878,1.18,500,1.92
283,바이오비쥬,"18,760",상승,610,+3.36%,500,"133,738","2,480","18,210","2,822",92,N/A,"867,822","18,360","18,220",378,N/A,N/A,"18,780",432,68,72,0.12,N/A,"18,285",58,"15,044",296,N/A,N/A,0,N/A
284,필에너지,"13,060",상승,50,+0.38%,500,"5,991",78,"13,010","2,792",142,34.19,"122,129","13,020","13,190","2,121",-7.25,10.39,"13,110",117,691,134,1.81,5.79,"12,990",165,"21,378","2,854",382,2.04,67,45.08
285,아이티엠반도체,"12,270",하락,50,-0.41%,500,"2,194",27,"11,840","2,783",24,-51.99,"26,525","12,230","12,280","5,952",116.15,0.64,"12,360",100,"4,008",12,2.38,0.20,"12,230",604,"22,683","6,479",-236,1.40,N/A,11.61
286,원익머트리얼즈,"22,000",하락,150,-0.68%,500,"3,027",67,"22,000","2,774",519,7.99,"59,515","22,050","22,050","5,833",110.29,6.84,"22,200",276,"1,021",318,17.23,5.88,"21,900",45,"12,608","3,107","2,755",0.57,350,-20.67
287,쿠콘,"27,000",상승,650,+2.47%,500,"25,178",677,"26,350","2,769",166,15.15,"119,523","26,700","26,400","2,629",0.02,11.48,"27,250","1,292","1,161",158,2.36,6.71,"26,500",66,"10,255",730,"1,782",1.85,150,6.84
288,뉴로메카,"24,400",하락,300,-1.21%,500,"6,198",153,"24,550","2,766",-190,-14.14,"53,787","24,800","24,700",952,-28.26,-95.95,"4,995",662,"79,083",166,1.23,0.20,"4,925",58,"55,481","16,537",196,0.32,100,25.07
289,신성에스티,"30,550",하락,300,-0.97%,500,"1,179",36,"30,800","2,762",88,40.36,"29,396","30,800","31,000","1,444",5.16,7.11,"25,000",257,844,-168,0.33,-17.55,"24,400",64,"11,338",253,"-1,726",12.02,0,83.87
290,LS증권,"4,955",상승,30,+0.61%,"5,000","5,116",25,"4,925","2,749",218,25.28,"104,115","4,925","4,955","87,797",-34.30,1.84,"31,050",115,419,71,1.99,5.06,"30,550",145,"9,040","1,270",757,2.61,200,1.89
291,유진기업,"3,545",상승,15,+0.42%,500,"8,897",31,"3,530","2,741",550,-4.34,"298,573","3,540","3,535","23,749",-34.86,-6.18,"3,595","4,861","13,482","-1,007",4.70,-4.32,"3,510",5,"77,311","13,933",-817,0.27,170,-5.44
292,오상헬스케어,"18,710",하락,310,-1.63%,500,"2,011",38,"19,020","2,715",-248,-30.98,"39,242","19,500","19,580","2,950",-117.35,-3.93,"19,500",262,90,-114,1.20,-3.70,"18,700",402,"14,509",805,-604,0.91,500,-77.38
293,유니슨,"1,587",하락,83,-4.97%,500,"783,957","1,264","1,670","2,706",-125,-14.17,"12,082,991","1,670","1,671","2,490",36.06,-36.03,"1,671","19,278","1,828",-225,3.02,-8.81,"1,581","2,567","170,506",257,-112,4.27,0,-76.12
294,리파인,"15,600",하락,900,-5.45%,100,"21,503",341,"16,330","2,703",205,14.90,"455,144","16,000","16,500","1,816",-9.08,12.53,"16,070",277,112,206,3.71,11.63,"15,600",847,"17,330",678,"1,047",1.33,N/A,2.05
295,프로텍,"24,400",보합,0,0.00%,500,"1,291",32,"24,400","2,684",134,9.91,"12,088","24,750","24,600","3,768",-22.89,7.35,"24,750",397,540,127,2.79,3.45,"24,350",4,"11,000","1,703","2,462",0.72,400,9.11
296,대화제약,"14,390",상승,90,+0.63%,500,"2,794",40,"14,190","2,679",67,153.09,"59,084","14,300","14,250","2,059",241.83,0.73,"14,450",227,"1,295",8,0.00,0.39,"14,300",256,"18,617","1,494",94,3.61,150,5.70
297,제이오,"8,360",상승,120,+1.46%,100,"2,797",23,"8,250","2,677",-55,-26.46,"95,463","8,290","8,260","2,226",-145.39,-5.67,"8,400",525,442,-89,2.26,-4.24,"8,290",20,"32,018",829,-316,1.39,N/A,-27.62
298,석경에이티,"48,900",하락,50,-0.10%,500,222,11,"48,900","2,667",20,46.05,"7,443","48,950","48,950",492,-42.34,11.43,"48,950",101,94,43,0.79,9.70,"48,700",19,"5,455",138,"1,062",6.38,N/A,13.28
299,제이에스링크,"9,860",하락,130,-1.30%,500,"2,494",25,"9,980","2,660",-91,-13.73,"92,515","9,960","9,990",544,-109.85,-42.11,"9,960",18,294,-108,1.17,-23.19,"9,860",173,"26,978",159,-718,7.87,0,-27.52
300,네패스,"11,500",하락,180,-1.54%,500,"8,761",102,"11,830","2,652",34,-6.62,"158,874","11,810","11,960","7,101",-66.22,-48.21,"11,810","2,250","5,029",-794,5.85,-9.49,"11,480","1,722","23,059","4,643","-1,736",2.43,N/A,-0.99
301,디오,"18,430",하락,120,-0.65%,500,"1,788",33,"18,550","2,649",-407,-6.22,"31,188","18,570","18,700","3,433",-294.94,-20.74,"18,570","1,880","1,392",-413,14.03,-11.62,"18,330",312,"14,375","1,196","-2,963",1.26,0,-23.21
302,이스트소프트,"22,700",하락,300,-1.30%,500,"12,584",288,"23,050","2,646",-135,-27.02,"163,415","23,100","23,200","1,991",-51.08,-16.62,"23,150",546,"1,106",-146,0.79,-7.52,"22,700",346,"11,655","1,025",-840,3.59,0,10.79
303,한솔아이원스,"9,200",하락,70,-0.76%,500,"3,612",33,"9,230","2,631",231,8.03,"88,218","9,350","9,370","2,319",180.71,18.60,"9,350",172,497,311,5.62,13.72,"9,190",89,"28,593","1,571","1,146",1.32,0,26.79
304,아이스크림미디어,"19,950",하락,150,-0.75%,500,"5,479",109,"19,930","2,629",461,8.00,"16,015","19,950","20,100","2,229",35.41,23.29,"20,200",609,396,311,8.33,18.42,"19,890",698,"13,177","1,522","2,493",1.52,738,23.67
305,비츠로테크,"10,010",상승,410,+4.27%,500,"552,292","5,603","10,200","2,623",511,32.08,"7,408,512","10,300","10,210","5,905",77.36,3.72,"10,330","9,421","1,679",415,4.34,7.56,"9,980",469,"26,200","4,283",312,1.14,50,21.38
306,AP시스템,"17,160",하락,50,-0.29%,500,"3,281",56,"17,210","2,622",472,5.72,"50,782","17,210","17,350","5,998",-21.51,15.74,"17,390",71,"2,632",518,9.81,8.85,"16,900",30,"15,281","5,167","3,002",0.75,530,-3.16
307,HLB이노베이션,"1,809",상승,7,+0.39%,500,"24,459",44,"1,791","2,610",-119,-14.47,"159,020","1,798","1,801","2,680",N/A,N/A,"1,830","12,127",160,-124,2.06,N/A,"1,798",55,"144,304",254,-125,1.11,N/A,N/A
308,나우로보틱스,"20,650",하락,350,-1.67%,500,"51,336","1,071","21,000","2,591",-29,-46.93,"851,082","21,000","21,100",163,47.80,-285.18,"21,250","1,730",105,-37,0.52,-26.63,"20,600",221,"12,548",121,-440,35.68,0,15.89
309,엣지파운드리,"3,285",하락,55,-1.65%,500,"38,966",128,"3,345","2,572",-51,-156.43,"1,064,864","3,360","3,400","1,316",-4.87,-27.09,"3,380","1,035",547,-180,0.37,-15.27,"3,260","6,056","78,307",373,-21,2.20,0,0.70
310,인선이엔티,"5,520",상승,50,+0.91%,500,"5,047",28,"5,470","2,570",232,-11.00,"141,942","5,470","5,530","4,957",-10.18,-5.66,"5,540",916,"1,731",-189,5.14,-3.62,"5,470","1,560","46,564","2,088",-502,0.76,N/A,-5.48
311,자람테크놀로지,"41,450",하락,600,-1.43%,500,"2,379",99,"41,750","2,569",4,-278.19,"29,353","41,850","42,050",784,117.07,5.09,"42,000",178,359,20,2.78,3.42,"41,400",187,"6,198",222,-149,6.28,N/A,53.43
312,큐브엔터,"17,090",상승,160,+0.95%,500,"4,813",82,"16,930","2,564",166,19.01,"50,870","17,020","17,120","2,700",7.42,13.61,"17,190",286,"1,117",166,5.32,7.85,"17,020",94,"15,002","2,183",899,1.50,N/A,-3.82
313,비덴트,"3,320",보합,0,0.00%,500,0,0,0,"2,563",-111,5.25,0,0,0,"7,408",-11.76,11.16,0,0,"1,026",672,1.43,9.67,0,0,"77,202",96,632,0.40,N/A,12.90
314,와이씨켐,"25,350",하락,350,-1.36%,"1,000","7,737",198,"26,100","2,563",-82,-17.16,"53,318","25,850","26,150","1,163",-4.30,-30.46,"26,000","1,979",718,-160,1.64,-13.56,"25,250",171,"10,111",703,"-1,477",5.41,N/A,90.74
315,해성산업,"7,870",상승,40,+0.51%,500,403,3,"7,810","2,562",714,-163.96,"24,547","7,830","7,830","25,920",-32.81,0.79,"7,870",754,"12,440",-34,1.35,-0.13,"7,830",199,"32,557","22,204",-48,0.33,225,-3.81
316,파인엠텍,"6,900",상승,130,+1.92%,500,"23,533",161,"6,700","2,552",-79,-11.54,"236,649","6,770","6,710","3,333",-138.90,-11.87,"6,920","2,684","1,691",-158,2.81,-5.06,"6,770","1,962","36,988","3,822",-598,1.76,N/A,0.56
317,매커스,"15,740",상승,40,+0.25%,500,"4,196",66,"15,700","2,544",269,11.00,"88,726","15,700","15,900","4,092",2.04,18.59,"15,930",14,"2,958",202,17.84,5.76,"15,500",75,"16,163","1,996","1,431",1.25,200,13.78
318,이지홀딩스,"3,930",상승,10,+0.26%,500,"5,994",23,"3,900","2,535","1,234",18.63,"128,177","3,920","3,920","28,559",18.90,2.70,"3,940",8,"16,493",351,4.72,1.30,"3,905",759,"64,516","32,850",211,0.38,250,5.32
319,더블유씨피,"7,480",상승,140,+1.91%,500,"27,696",206,"7,350","2,531",-709,-2.32,"305,473","7,360","7,370","18,102",-252.91,-7.33,"7,500","2,926","8,415",-722,4.30,-4.56,"7,360",95,"33,843","3,221","-3,229",0.26,N/A,5.60
320,케이티알파,"5,160",상승,70,+1.38%,"1,000","56,112",291,"5,080","2,529",246,11.37,"49,442","5,090","5,090","4,621",156.07,7.78,"5,250",6,"2,009",197,1.32,4.40,"5,090",218,"49,019","3,882",454,0.93,N/A,-1.17
321,오리엔탈정공,"5,550",상승,40,+0.73%,500,"12,190",68,"5,530","2,529",249,8.75,"176,437","5,520","5,580","2,157",94.84,26.45,"5,570",301,"1,056",261,7.06,12.60,"5,520","1,067","45,574","2,073",634,2.25,100,31.60
322,동방메디컬,"12,140",하락,110,-0.90%,500,"34,174",418,"12,280","2,522",150,58.65,"344,141","12,360","12,290","1,504",-8.69,4.60,"12,370",452,696,31,3.21,2.34,"12,110",14,"20,775","1,051",207,2.20,0,15.67
323,인트로메딕,"5,850",보합,0,0.00%,100,0,0,0,"2,515",-15,-42.39,0,0,0,105,58.32,-101.85,0,0,48,-70,0.76,-49.54,0,0,"42,998",104,-138,41.17,0,4.09
324,원일티엔아이,"30,000",하락,750,-2.44%,500,"68,678","2,060","30,000","2,514",64,N/A,"1,088,107","30,100","30,100",730,122.86,24.45,"30,600","1,426",369,79,0.48,11.67,"29,750",481,"8,381",422,N/A,N/A,0,0.74
325,KH바텍,"10,590",상승,60,+0.57%,500,"2,971",31,"10,540","2,507",219,10.94,"73,813","10,560","10,600","3,871",-34.96,8.33,"10,630",131,"1,248",213,8.25,5.84,"10,550",67,"23,677","3,110",968,0.89,0,4.77
326,에스바이오메딕스,"21,100",상승,250,+1.20%,500,"7,049",149,"20,800","2,502",-54,-34.59,"53,971","20,850","20,850",446,9.06,-70.89,"21,400",13,263,-58,1.80,-15.21,"20,850",799,"11,860",137,-610,23.92,330,-14.46
327,슈프리마,"34,400",상승,150,+0.44%,500,"2,074",71,"34,000","2,496",233,7.25,"24,804","34,600","34,600","2,601",39.76,14.74,"34,600",70,235,325,19.73,13.58,"29,000",248,"8,583",9,824,4.61,0,-19.25
328,진성티이씨,"11,090",상승,150,+1.37%,500,"7,504",83,"11,080","2,493",244,11.05,"138,343","11,090","11,090","4,554",-38.26,8.48,"11,120",581,"1,931",210,8.35,4.89,"34,050",555,"7,257","1,082","4,747",0.97,0,14.37
329,미래나노텍,"8,040",상승,10,+0.12%,500,"25,048",201,"7,670","2,493",249,8.15,"107,889","7,980","8,030","5,976",81.41,8.51,"8,100",266,"2,802",258,5.11,4.22,"11,010",55,"22,482","3,905","1,004",0.84,200,-19.50
330,툴젠,"29,000",하락,700,-2.36%,500,"1,700",49,"29,500","2,489",-218,35.19,"14,186","29,500","30,000",755,-27.57,14.08,"29,500",21,170,62,1.01,7.38,"7,900","4,906","31,010","6,223",987,0.79,50,-10.33
331,동원개발,"2,740",상승,25,+0.92%,500,"7,464",20,"2,715","2,488",210,97.86,"77,233","2,720","2,720","13,783",-29.97,1.76,"2,755","6,223","3,320",183,3.03,1.30,"2,720",37,"90,808","5,204",28,0.24,80,-29.35
332,미래반도체,"17,160",하락,900,-4.98%,100,"68,416","1,183","17,470","2,478",102,30.53,"702,371","17,300","17,490","1,333",8.79,7.29,"17,650",227,474,60,0.33,4.28,"17,000",434,"14,438","4,876",562,2.75,N/A,28.15
333,시너지이노베이션,"2,805",하락,25,-0.88%,500,"12,408",35,"2,825","2,471",161,60.98,"164,874","2,820","2,830","3,141",7.51,5.75,"2,820",55,790,181,12.55,6.05,"2,800",252,"88,103",906,46,1.27,0,8.88
334,셀비온,"19,280",상승,210,+1.10%,500,"7,016",135,"19,310","2,471",-71,-30.95,"68,364","19,310","19,400",344,-41.51,-39.20,"19,600","1,135",48,-73,5.65,-31.76,"19,100",33,"12,816",23,-623,8.77,0,55.64
335,엠아이텍,"7,610",하락,20,-0.26%,500,"2,692",21,"7,630","2,463",176,13.33,"64,982","7,630","7,650","1,185",24.96,18.13,"7,680",822,97,183,6.52,16.83,"7,610",621,"32,366",538,571,2.21,100,15.88
336,에치에프알,"18,460",하락,460,-2.43%,500,"14,599",270,"18,880","2,457",-202,-22.87,"189,538","18,850","18,890","2,711",-140.39,-11.34,"18,850",210,"1,123",-185,6.33,-6.86,"18,250",359,"13,309","1,571",-807,1.55,0,-45.05
337,이트론,271,보합,0,0.00%,200,0,0,0,"2,456",-56,24.64,0,0,0,"1,195",0.61,-2.85,0,0,235,-23,3.53,-1.90,0,0,"906,131",163,11,2.53,N/A,-4.32
338,디아이티,"12,930",상승,100,+0.78%,100,"17,095",222,"12,820","2,444",241,8.08,"808,117","12,910","12,830","2,409",178.68,14.50,"13,230",260,280,289,5.60,12.78,"12,840","1,596","18,900","1,167","1,601",1.13,380,8.96
339,티엑스알로보틱스,"15,800",하락,140,-0.88%,500,"26,319",419,"15,950","2,441",53,48.62,"134,606","16,090","16,110",732,46.50,14.93,"16,220","1,091",433,38,1.12,5.84,"15,780",38,"15,451",572,325,3.52,N/A,118.19
340,나인테크,"4,560",하락,15,-0.33%,100,"657,352","3,007","4,590","2,435",46,-23.87,"4,096,680","4,685","4,595","1,860",249.45,-7.26,"4,690","4,555","1,019",-54,5.32,-2.41,"4,425",334,"53,398","1,972",-191,2.85,0,60.28
341,토비스,"15,120",하락,100,-0.66%,500,"3,167",48,"15,230","2,429",584,4.45,"156,292","15,270","15,300","5,281",127.52,26.76,"15,340",259,"2,636",613,12.35,12.06,"15,100",100,"16,067","6,238","3,400",0.94,300,39.43
342,넥써쓰,"4,110",하락,135,-3.18%,500,"373,703","1,521","4,240","2,413",-89,-57.08,"3,108,382","4,240","4,245",338,44.70,-29.78,"4,240","4,041",80,-82,1.28,-22.40,"3,945","2,884","58,718",76,-72,7.50,0,38.29
343,비트맥스,"6,480",하락,150,-2.26%,500,"172,549","1,127","6,640","2,413",-185,-6.73,"1,567,405","6,650","6,650",285,-12.23,-134.66,"6,770","6,637",143,-270,2.34,-67.28,"6,420","2,408","37,231",372,-963,13.52,N/A,"2,005.36"
344,엑스게이트,"8,400",하락,120,-1.41%,100,"44,741",375,"7,350","2,398",35,83.17,"217,906","8,350","8,480",671,-15.05,9.43,"8,490",245,227,40,0.56,6.83,"8,350",170,"28,543",432,101,5.51,N/A,0.92
345,GRT,"2,950",하락,70,-2.32%,0,"45,223",135,"3,020","2,385","1,470",3.03,"539,571","3,035","3,040","16,913",86.68,12.05,"3,035","2,482","7,628","1,105",79.27,6.96,"2,950","4,927","80,850","8,424",974,0.27,2,9.73
346,골프존홀딩스,"5,560",보합,0,0.00%,500,631,4,"5,560","2,382",394,4.88,"85,094","5,580","5,580","10,503",-26.50,6.02,"5,580",18,"3,037",436,3.18,4.18,"5,550",97,"42,837","3,862","1,139",0.30,250,-8.94
347,오가노이드사이언스,"36,350",상승,450,+1.25%,500,"144,910","5,248","35,900","2,380",-122,-17.03,"2,330,694","35,950","35,950",259,-24.91,36.26,"36,950",907,106,-115,0.69,-39.34,"35,050",205,"6,546",20,"-2,134",12.51,0,22.77
348,로킷헬스케어,"15,430",하락,170,-1.09%,500,"124,164","1,929","15,900","2,379",-56,-26.02,"1,365,940","15,750","15,990",113,24.48,9.83,"15,770","1,464",884,-77,0.07,-77.65,"15,410",688,"15,418",131,-593,-2.50,0,5.59
349,에스오에스랩,"13,440",하락,280,-2.04%,100,"26,831",365,"13,710","2,376",-128,-16.63,"399,983","13,750","13,720",391,-54.09,-46.12,"13,850",602,71,-120,3.46,-36.84,"13,440",337,"17,682",49,-808,8.51,N/A,20.29
350,에이디테크놀로지,"17,680",상승,690,+4.06%,500,"40,728",727,"17,210","2,376",-170,-14.24,"43,727","17,790","17,220","2,449",2.61,-10.24,"18,200",44,"1,133",-152,2.09,-5.68,"17,610",17,"13,441","1,065","-1,242",1.77,N/A,6.36
351,웹케시,"17,260",상승,40,+0.23%,500,"42,168",728,"17,220","2,354",139,29.97,"227,332","17,260","17,230","1,259",N/A,N/A,"17,400","1,559",236,72,0.82,N/A,"17,120",3,"13,636",742,576,2.14,100,N/A
352,유니테스트,"11,110",하락,70,-0.63%,500,"3,077",34,"11,000","2,348",-234,-9.88,"57,056","11,180","11,160","1,850",-428.15,-19.88,"11,240","1,899",680,-273,7.40,-14.28,"11,050",145,"21,134",924,"-1,125",1.98,N/A,-44.90
353,온코닉테라퓨틱스,"21,300",상승,50,+0.24%,500,"14,114",302,"21,450","2,343",-48,-24.45,"121,675","21,550","21,500",609,-315.06,-44.55,"21,600",425,49,-81,0.70,-16.44,"21,200",249,"11,002",148,-871,3.97,0,-29.53
354,잉글우드랩,"11,770",상승,310,+2.71%,0,"43,135",506,"11,510","2,338",188,14.39,"93,308","11,600","11,550","1,997",-34.86,15.17,"11,840",83,558,196,10.64,10.51,"11,510",66,"19,868","1,822",818,1.61,103,-11.88
355,파멥신,"2,915",보합,0,0.00%,500,0,0,0,"2,338",-77,-44.85,0,0,0,543,36.27,-15.32,0,0,66,-49,0.00,-12.16,0,0,"80,201",39,-65,4.90,N/A,"5,083.24"
356,모두투어,"12,330",상승,210,+1.73%,500,"7,613",93,"12,140","2,330",47,23.31,"70,577","12,140","12,150","2,349",-59.75,15.33,"12,360",117,"1,638",108,13.05,4.06,"12,140",112,"18,900","2,516",529,2.90,250,40.86
357,네오위즈홀딩스,"27,000",하락,600,-2.17%,500,"2,361",65,"27,600","2,320",204,-14.15,"16,132","27,900","27,950","8,225",17.46,-3.65,"27,900",15,"1,467",-196,3.32,-2.28,"27,000","1,218","8,594","3,681","-1,908",0.54,313,0.40
358,티로보틱스,"12,310",하락,30,-0.24%,500,"65,354",811,"12,350","2,312",-70,-69.94,"669,147","12,450","12,400","1,070",14.71,-1.78,"12,600","8,641",755,-8,0.75,-0.66,"12,310",144,"18,782",607,-176,6.60,0,-9.01
359,소룩스,"4,725",하락,35,-0.74%,500,"23,103",110,"4,820","2,303",-66,-4.52,"398,956","4,790","4,840","1,173","-1,383.71",-58.22,"4,800",17,390,-410,0.13,-29.53,"4,720",584,"48,740",507,"-1,046",2.58,0,-15.28
360,한국캐피탈,726,상승,5,+0.69%,500,"72,659",53,715,"2,291",969,2.84,"471,107",716,720,"44,603",17.93,12.62,731,"6,719","37,866",811,0.35,1.94,716,78,"315,610","4,626",256,0.33,30,21.08
361,윤성에프앤씨,"28,700",상승,450,+1.59%,100,"1,341",38,"28,150","2,290",319,9.27,"19,231","28,200","28,200","3,009",20.55,20.70,"28,750",25,"1,036",371,2.11,11.47,"28,200",293,"7,979","2,713","3,097",1.17,200,-13.28
362,박셀바이오,"9,790",하락,60,-0.61%,500,"12,448",123,"9,860","2,277",-150,-20.87,"88,212","9,880","9,890",769,-30.68,-13.67,"9,940",632,49,-106,5.47,-13.12,"9,750","1,103","23,257",19,-469,3.17,N/A,45.83
363,한중엔시에스,"25,100",보합,0,0.00%,500,"3,710",93,"25,100","2,274",96,12.33,"58,923","25,100","25,250","1,668",175.55,36.13,"25,300",205,864,154,3.96,10.61,"24,950",276,"9,058","1,773","2,036",2.78,0,"13,737.28"
364,아스트,575,상승,1,+0.17%,500,"50,028",29,574,"2,272",-64,19.83,"513,991",573,575,"5,620",82.42,-10.50,581,"3,384","2,659",-171,1.31,-3.32,573,489,"395,158","1,714",29,0.72,0,1.72
365,피에이치에이,"10,810",하락,110,-1.01%,500,"1,053",11,"10,920","2,270",515,3.95,"26,546","10,850","10,930","10,696",6.60,8.14,"10,910",50,"2,694",619,12.37,6.03,"10,790",60,"21,000","11,529","2,739",0.26,350,1.61
366,쓰리빌리언,"7,150",하락,20,-0.28%,100,"36,449",262,"7,160","2,268",-74,-31.09,"373,429","7,210","7,170",302,11.17,-32.81,"7,270","2,047",19,-66,7.14,-24.76,"7,150",973,"31,722",58,-230,8.50,N/A,111.41
367,대양전기공업,"23,650",상승,450,+1.94%,500,"7,241",170,"22,700","2,263",157,10.45,"212,826","23,200","22,950","3,086",320.05,8.32,"23,800",183,633,196,5.78,6.46,"23,000",364,"9,567","1,963","2,263",0.87,100,27.17
368,압타바이오,"8,400",상승,820,+10.82%,500,"332,686","2,953","9,690","2,258",-189,-7.53,"38,044","9,330","9,700",774,-15.15,-50.84,"9,330",44,232,-294,1.32,-34.57,"8,400","85,201","26,881",34,"-1,115",4.36,N/A,937.76
369,제테마,"6,290",상승,90,+1.45%,500,"23,058",146,"6,200","2,256",41,-92.50,"88,548","6,200","6,290","2,227",56.09,-0.26,"6,500","1,085","1,513",-26,0.73,-1.13,"6,200",120,"35,859",685,-68,3.28,0,16.70
370,앱트뉴로사이언스,"1,164",상승,48,+4.30%,100,"363,117",419,"1,190","2,253",-128,-21.16,"761,744","1,117","1,191","2,064",-94.80,-27.51,"1,164","16,072","1,255",-192,2.60,-12.57,"1,117","5,191","193,582",184,-55,2.04,0,-9.98
371,세경하이테크,"6,280",상승,100,+1.62%,500,"59,873",375,"6,190","2,252",315,7.73,"348,992","6,210","6,210","3,450",-12.96,18.47,"6,360","1,264",962,413,5.16,12.72,"6,190","13,451","35,860","3,203",812,1.23,100,5.21
372,아톤,"9,080",하락,"1,110",-10.89%,100,"563,956","5,200","9,770","2,252",144,15.93,"2,247,351","9,610","9,790","1,389",26.50,12.78,"9,610",676,490,110,5.15,7.78,"8,970","3,267","24,799",654,570,2.17,50,18.89
373,네오팜,"14,020",상승,80,+0.57%,500,"2,584",36,"13,930","2,247",247,9.33,"50,539","13,940","13,940","1,924",-2.58,13.69,"14,080",21,156,231,14.53,12.47,"13,920",350,"16,028","1,190","1,503",1.26,600,22.56
374,풍원정밀,"10,600",하락,80,-0.75%,500,557,6,"10,680","2,230",-182,-7.38,"12,459","10,680","11,100",963,16.80,-70.74,"10,880",97,689,-301,0.40,-30.26,"10,570",60,"21,040",493,"-1,436",10.37,0,14.42
375,모트렉스,"8,970",상승,40,+0.45%,500,"3,771",34,"8,930","2,230",436,13.08,"53,849","8,930","9,080","9,318",-18.01,8.22,"9,030",130,"6,600",193,3.09,2.64,"8,930",105,"24,862","5,869",686,0.92,162,10.52
376,제일일렉트릭,"10,010",상승,200,+2.04%,500,"87,279",884,"10,080","2,224",89,21.43,"264,157","10,100","10,100","2,193",N/A,N/A,"10,370",496,648,104,1.66,N/A,"9,950",322,"22,220","1,863",467,1.46,100,N/A
377,아이씨티케이,"16,570",하락,120,-0.72%,500,"49,824",833,"17,020","2,224",-67,-33.21,"482,709","16,900","17,050",458,N/A,N/A,"16,900",526,28,-58,1.23,N/A,"16,550",252,"13,421",67,-499,5.37,0,N/A
378,하이비젼시스템,"14,840",하락,40,-0.27%,500,"1,857",28,"14,800","2,217",310,6.86,"58,655","14,860","14,880","3,657",-47.30,15.91,"14,890",153,761,404,13.62,11.14,"14,790",144,"14,942","3,120","2,163",0.70,400,-10.41
379,사피엔반도체,"26,950",하락,550,-2.00%,100,"16,694",455,"27,500","2,213",-34,-89.83,"175,606","27,650","27,750",312,50.22,-125.23,"27,700",393,148,-171,3.33,-64.70,"26,850",7,"8,213",80,-300,14.37,0,148.96
380,SG,"2,230",하락,40,-1.76%,100,"50,101",112,"2,255","2,200",-61,-8.96,"433,324","2,250","2,265","2,328",54.95,-50.91,"2,250","4,977","1,461",-362,1.88,-17.22,"2,210","10,135","98,670","1,189",-249,2.05,0,46.98
381,애니플러스,"4,490",하락,45,-0.99%,100,"42,900",193,"4,530","2,199",251,11.34,"556,470","4,535","4,535","2,556",9.96,15.20,"4,545","1,091","1,317",180,8.76,7.92,"4,480",473,"48,986","1,310",396,1.71,0,17.63
382,헥토파이낸셜,"23,250",하락,"1,150",-4.71%,500,"114,888","2,682","23,550","2,198",133,23.20,"533,575","23,500","23,900","4,516",5.75,6.90,"23,950","5,098","3,002",90,1.77,2.17,"23,050","1,288","9,453","1,593","1,002",1.34,350,4.07
383,뉴파워프라즈마,"5,030",보합,0,0.00%,100,"2,032",10,"5,030","2,198",325,11.05,"158,378","5,030","5,050","9,415",102.30,7.43,"5,050",532,"5,465",232,4.13,2.87,"5,020",761,"43,693","5,198",455,0.74,50,48.24
384,지씨지놈,"9,290",하락,10,-0.11%,500,"68,876",643,"9,450","2,197",-12,-134.64,"740,732","9,390","9,490",406,-870.57,-4.33,"9,420",3,75,-13,0.51,-3.01,"9,260","7,376","23,651",259,-69,5.44,N/A,154.96
385,아나패스,"18,070",상승,70,+0.39%,500,"5,171",93,"18,000","2,191",200,11.36,"40,468","18,000","18,200","1,176",348.44,29.88,"18,150",116,449,189,4.27,16.47,"17,750",26,"12,123","1,822","1,590",2.87,0,-5.15
386,제넥신,"4,805",하락,40,-0.83%,500,"3,008",14,"4,830","2,188",-372,-2.94,"43,066","4,850","4,900","3,450",9.69,-22.82,"4,880",535,834,-637,4.04,-17.66,"4,790",126,"45,540",29,"-1,633",0.90,N/A,-33.75
387,대원산업,"10,900",상승,160,+1.49%,500,"2,981",32,"10,750","2,184",750,2.46,"37,693","10,750","10,790","7,117",58.72,15.16,"10,900","1,213","1,993",726,12.93,11.38,"10,750",311,"20,038","9,315","4,430",0.41,200,19.78
388,디앤씨미디어,"17,430",하락,20,-0.11%,500,"2,820",50,"17,410","2,183",103,20.08,"22,600","17,420","17,630","1,153",194.82,13.25,"18,000",19,272,108,1.78,10.09,"17,420",46,"12,524",835,868,2.40,N/A,38.33
389,인터로조,"16,380",하락,150,-0.91%,500,"2,481",41,"16,440","2,165",58,-100.49,"43,765","16,440","16,530","2,344",12.02,0.11,"16,600",141,645,2,8.55,0.07,"16,320",88,"13,216","1,158",-163,1.22,300,-2.90
390,푸른소나무,"8,790",보합,0,0.00%,500,0,0,0,"2,161",-15,-32.20,0,0,0,116,85.36,-417.81,0,0,89,-77,0.00,-72.26,0,0,"24,580",37,-273,64.24,0,80.83
391,티엘비,"21,850",하락,200,-0.91%,500,"22,241",487,"22,000","2,148",34,50.00,"149,834","21,950","22,050","1,884",10.28,3.25,"22,050",309,763,36,4.23,1.99,"21,650",333,"9,833","1,800",437,1.92,200,5.08
392,나이스정보통신,"21,450",보합,0,0.00%,500,774,17,"21,400","2,145",399,6.02,"17,514","21,450","21,450","11,226",8.55,11.22,"21,800",44,"7,367",377,23.48,3.23,"21,450",213,"10,000","9,751","3,562",0.53,810,9.37
393,와이즈넛,"16,360",상승,440,+2.76%,500,"163,688","2,743","16,680","2,143",17,163.60,"145,675","16,950","16,700",580,-50.74,6.10,"17,430",100,66,31,0.00,5.38,"2,070","2,754","101,802",187,-688,2.24,0,-28.92
394,중앙첨단소재,"2,100",하락,30,-1.41%,500,"120,496",252,"2,050","2,138",-78,-3.05,"1,625,719","2,100","2,070","1,245","-13,814.06",-95.94,"2,120","9,409",278,-768,5.03,-60.25,"16,250",228,"13,097",349,100,3.42,71,-0.72
395,텔레칩스,"14,030",상승,100,+0.72%,500,"1,912",27,"14,040","2,125",49,-5.92,"36,937","14,050","14,050","3,779",-70.95,-17.22,"14,110",5,"1,761",-386,1.85,-10.25,"13,990",129,"15,144","1,866","-2,369",1.05,60,-2.34
396,LB세미콘,"3,645",하락,10,-0.27%,500,"3,579",13,"3,600","2,117",-188,-7.04,"88,144","3,650","3,655","8,060",-48.16,-9.19,"3,655",472,"4,598",-230,29.23,-2.88,"3,630",332,"58,083","4,509",-518,0.64,N/A,8.16
397,뷰웍스,"21,700",보합,0,0.00%,500,205,4,"21,700","2,116",223,13.92,"20,269","21,800","21,800","3,229",19.19,9.41,"21,800",172,861,211,32.75,6.85,"21,550",15,"9,750","2,229","1,559",0.85,600,1.20
398,한국알콜,"9,790",보합,0,0.00%,500,611,6,"9,750","2,115",274,7.91,"52,404","9,790","9,790","6,549",25.38,4.96,"9,800",3,930,304,2.97,4.64,"9,750",181,"21,606","4,210","1,237",0.39,110,-3.94
399,어보브반도체,"11,870",하락,240,-1.98%,500,"20,824",249,"12,000","2,111",-51,30.51,"166,994","12,080","12,100","2,930",65.17,2.44,"12,110","2,603","1,385",-181,2.76,-6.23,"11,870",74,"17,781","2,321",389,1.69,150,-0.14
400,에브리봇,"17,180",상승,30,+0.17%,500,"11,714",203,"17,470","2,110",-22,"2,147.50","105,208","17,470","17,500","1,177",N/A,N/A,"17,500",295,508,3,0.00,N/A,"16,910",269,"12,284",298,8,3.23,0,N/A
401,이니텍,"10,560",하락,130,-1.22%,500,"8,044",85,"10,600","2,090",2,85.85,"163,120","10,600","10,610","1,184",106.51,2.10,"10,650",443,73,23,1.45,1.97,"3,800","12,672","54,244","7,903",-103,0.52,130,4.40
402,동국산업,"3,845",상승,20,+0.52%,"1,000","25,348",97,"3,815","2,086",120,-37.33,"144,617","3,825","3,825","9,428",144.20,-1.63,"3,847","2,638","4,545",-296,5.42,-3.23,"10,480",122,"19,791",389,123,1.59,0,-14.83
403,안트로젠,"20,750",하락,600,-2.81%,500,"1,479",31,"21,100","2,076",-37,-83.67,"40,484","21,350","21,350","1,161",26.09,-1.91,"21,350",80,59,-23,3.96,-1.73,"20,750",352,"10,006",69,-248,2.20,N/A,6.66
404,멀티캠퍼스,"35,000",보합,0,0.00%,500,380,13,"35,000","2,074",389,7.04,"6,189","34,800","35,100","3,207",-3.37,15.16,"35,000",579,997,315,7.63,9.97,"34,800",29,"5,927","3,527","4,970",1.00,"2,100",-1.63
405,퀄리타스반도체,"14,670",하락,250,-1.68%,500,"16,566",244,"14,950","2,059",-227,-10.49,"168,605","14,920","14,980",640,-102.87,-48.62,"15,000",174,134,-191,0.00,-36.39,"14,600",58,"14,037",61,"-1,399",4.47,0,-43.62
406,디지털대성,"7,410",하락,50,-0.67%,500,898,7,"7,470","2,051",237,12.71,"29,299","7,410","7,480","3,380",-5.28,10.45,"7,470",102,"1,769",161,2.88,5.49,"7,370",80,"27,675","2,177",583,1.60,500,2.92
407,파이버프로,"6,230",하락,40,-0.64%,100,"4,394",27,"6,320","2,047",72,28.06,"113,151","6,310","6,480",499,175.42,20.26,"6,310",99,113,72,2.28,15.80,"6,220","1,382","32,854",329,222,5.39,66,69.93
408,지니언스,"22,500",상승,650,+2.97%,500,"13,672",306,"21,800","2,043",98,18.34,"191,185","21,850","21,850",693,52.16,20.33,"22,700",330,125,109,26.59,16.41,"21,850",115,"9,080",496,"1,227",3.54,250,15.65
409,폴라리스AI,"2,810",하락,40,-1.40%,500,"58,056",163,"2,810","2,043",-13,54.04,"623,193","2,820","2,820","1,160",-189.87,1.32,"2,830","2,478",203,11,0.76,1.05,"2,805","2,838","72,696",531,52,2.09,0,-10.71
410,유비케어,"3,910",보합,0,0.00%,500,"8,628",34,"3,900","2,041",52,177.73,"148,983","3,910","3,910","1,601",47.12,-1.55,"3,920",591,523,-16,2.23,-0.99,"3,905","2,651","52,197","1,906",22,1.98,30,23.73
411,아미코젠,"3,695",상승,15,+0.41%,500,"16,070",60,"3,680","2,033",-71,-3.84,"165,350","3,685","3,770","2,942",-442.93,-35.39,"3,755",962,"1,711",-509,6.87,-13.37,"3,685","1,199","55,018","1,736",-963,1.73,N/A,8.57
412,와이지-원,"6,050",상승,20,+0.33%,500,"11,251",68,"6,030","2,031",558,16.76,"111,117","6,030","6,050","10,762",2.07,4.47,"6,080",642,"6,726",170,19.21,1.67,"6,030",11,"33,574","5,750",361,0.56,160,3.94
413,서호전기,"39,300",하락,800,-2.00%,500,"3,083",123,"39,900","2,024",16,13.21,"20,972","39,950","39,950","1,020",-87.32,12.69,"40,150",23,126,115,5.44,11.15,"39,300",11,"5,150",465,"2,974",2.04,"2,500",-29.78
414,엑세스바이오,"5,350",하락,10,-0.19%,0,"20,487",110,"5,300","2,018",-42,-20.66,"92,377","5,340","5,360","7,409",-119.59,-0.06,"5,410","12,237",884,-11,4.60,-0.15,"5,340",26,"37,728","1,125",-259,0.31,N/A,-67.74
415,금화피에스시,"33,600",상승,650,+1.97%,500,"5,347",179,"32,950","2,016",362,5.58,"32,350","33,650","33,350","4,618",-16.71,11.59,"33,650",403,"1,009",400,19.46,8.98,"33,200",13,"6,000","3,402","6,021",0.56,"1,400",0.78
416,동신건설,"23,900",하락,200,-0.83%,500,"2,648",64,"23,950","2,008",6,135.03,"28,169","24,300","24,300","1,126",-90.76,3.07,"24,300",511,139,30,2.68,2.60,"23,900",334,"8,400",690,177,2.09,250,-16.65
417,나무가,"13,660",하락,50,-0.36%,500,824,11,"13,740","2,006",209,8.52,"35,166","13,850","13,850","2,644",-7.82,16.64,"13,850",86,975,261,2.80,11.11,"13,580",699,"14,685","4,504","1,604",1.20,650,23.18
418,케이프,"6,470",상승,120,+1.89%,500,"6,925",44,"6,410","1,999",390,22.08,"85,168","6,510","6,540","24,047",-4.79,7.47,"6,530",3,"21,452",183,2.99,0.79,"6,380",271,"30,902","5,165",293,0.87,300,-12.56
419,에이스테크,"2,645",하락,95,-3.47%,500,"38,786",103,"2,740","1,997",-311,-2.91,"234,890","2,740","2,775","3,049",49.99,-67.32,"2,785","1,011","2,093",-408,0.00,-14.44,"2,635",21,"75,506","1,451",-909,2.04,0,3.59
420,KG모빌리언스,"5,250",하락,150,-2.78%,500,"99,603",528,"5,320","1,996",74,29.49,"564,154","5,330","5,330","5,385",-77.48,2.84,"5,390","2,254","1,915",82,4.49,1.54,"5,200","7,271","38,011","2,661",178,0.56,220,-4.82
421,티씨머티리얼즈,"5,830",하락,130,-2.18%,500,"199,294","1,182","5,970","1,995",109,31.34,"1,901,258","5,980","5,980",762,25.76,12.51,"6,030","10,913",193,63,0.67,8.58,"5,830","2,630","34,228","3,039",186,3.39,0,20.57
422,KZ정밀,"12,660",상승,210,+1.69%,500,"6,759",86,"12,480","1,994",152,15.20,"43,883","12,490","12,560","6,044",-26.95,4.69,"12,830",146,"1,221",192,5.87,3.84,"12,490",50,"15,750","1,127",833,0.50,800,-18.74
423,앱클론,"10,430",상승,130,+1.26%,500,"5,208",54,"10,310","1,991",-156,-11.13,"69,104","10,340","10,450",482,-33.87,-57.57,"10,500",620,188,-163,8.27,-34.83,"10,340",153,"19,093",23,-937,8.08,0,-18.67
424,탑머티리얼,"24,400",상승,200,+0.83%,500,157,4,"23,950","1,987",-72,-18.03,"15,568","24,200","24,350","2,074",-152.29,-5.50,"24,600",41,663,-82,0.00,-3.97,"24,200",36,"8,144","1,061","-1,353",1.40,0,-13.19
425,지투파워,"10,610",상승,150,+1.43%,500,"50,929",543,"10,410","1,985",37,59.27,"586,006","10,590","10,420",641,488.22,12.22,"10,750","4,811",274,42,0.00,7.03,"10,500",138,"18,709",554,179,5.41,N/A,12.16
426,바이오솔루션,"8,180",상승,140,+1.74%,500,"10,554",86,"7,410","1,984",-51,-18.22,"146,024","8,040","8,190",675,1.42,-32.51,"8,500","3,178",362,-119,2.20,-14.93,"8,020",320,"24,251",129,-449,6.80,0,3.43
427,KT나스미디어,"17,140",하락,30,-0.17%,500,437,8,"17,170","1,983",199,-30.28,"26,744","17,170","17,210","4,927",-2.81,-3.13,"17,280",85,"2,533",-46,5.68,-0.92,"17,010",6,"11,568","1,426",-566,1.00,700,-2.87
428,삼양엔씨켐,"18,240",하락,210,-1.14%,500,"7,971",146,"18,420","1,982",107,19.72,"182,168","18,450","18,450","1,283",45.87,11.32,"18,460",377,446,90,3.97,6.91,"18,240","1,178","10,866","1,105",925,1.84,N/A,12.08
429,비나텍,"31,100",상승,100,+0.32%,500,"1,045",33,"31,000","1,982",-81,-15.60,"36,537","31,000","31,500","1,761",-365.73,-12.25,"31,550",40,922,-97,1.55,-6.32,"30,900",111,"6,372",596,"-1,993",2.29,24,8.42
430,씨에스베어링,"7,230",하락,190,-2.56%,500,"31,733",231,"7,420","1,972",21,34.10,"610,360","7,390","7,440","1,480","3,596.39",2.80,"7,390",512,542,25,1.17,1.68,"7,210",172,"27,270","1,054",212,2.09,N/A,37.60
431,이화전기,899,보합,0,0.00%,200,0,0,0,"1,968",17,-40.86,0,0,0,"2,799",-51.38,-5.83,0,0,523,-137,0.87,-4.69,0,0,"218,949",645,-22,0.86,0,-1.07
432,DSC인베스트먼트,"7,290",하락,70,-0.95%,500,"128,319",932,"7,340","1,968",150,27.20,"877,285","7,300","7,350","1,578",-14.77,9.98,"7,360",583,435,106,1.88,7.09,"7,180","4,019","27,000",386,268,1.72,40,15.08
433,이수앱지스,"5,320",하락,30,-0.56%,500,"3,125",17,"5,270","1,968",134,8.54,"51,890","5,290","5,310","1,602",244.86,16.53,"5,360",225,594,147,2.81,8.02,"5,290",15,"36,989",603,623,2.02,0,10.96
434,레드캡투어,"11,710",하락,110,-0.93%,500,"3,034",36,"11,810","1,958",436,8.12,"31,325","11,820","11,820","6,972",12.37,9.64,"11,830",71,"4,816",202,9.15,2.81,"11,710","1,041","16,721","3,589","1,442",1.02,"2,150",6.12
435,AP위성,"12,980",하락,30,-0.23%,500,"3,110",41,"13,000","1,958",73,31.74,"66,453","13,030","13,010","1,352",-27.51,10.41,"13,130","1,013",299,104,0.93,7.46,"12,980",356,"15,082",586,409,1.75,N/A,18.61
436,인터플렉스,"8,350",상승,50,+0.60%,500,"5,706",47,"8,170","1,948",344,3.90,"47,010","8,270","8,360","3,649",58.79,21.95,"8,370","2,041",831,551,2.84,16.55,"8,270",109,"23,327","4,975","2,140",0.67,N/A,13.54
437,그래디언트,"14,160",상승,20,+0.14%,"2,500",67,1,"14,020","1,937",-55,-4.24,"25,791","14,100","14,150","17,380",-289.46,-7.70,"14,180",446,"9,559",-260,3.42,-1.43,"14,100",154,"13,677","33,179","-3,341",0.37,200,-3.10
438,로체시스템즈,"12,600",하락,90,-0.71%,500,"1,274",16,"12,650","1,927",198,13.71,"24,640","12,600","12,690","1,575",65.83,10.36,"12,670",103,352,121,43.28,8.23,"12,590",37,"15,297","1,601",919,1.50,50,52.07
439,성우,"12,800",상승,160,+1.27%,500,"6,158",78,"12,560","1,926",146,9.19,"46,053","12,600","12,640","2,549",-49.40,10.71,"12,870",61,321,182,1.64,8.71,"12,600",163,"15,046","1,309","1,393",0.88,150,-10.74
440,드림시큐리티,"3,795",하락,15,-0.39%,100,"46,918",178,"3,760","1,920",256,16.15,"339,884","3,790","3,810","5,366",-22.94,11.91,"3,825","2,985","3,889",121,4.35,2.56,"3,785",990,"50,606","2,688",235,1.59,N/A,15.51
441,아가방컴퍼니,"5,820",하락,30,-0.51%,500,"65,785",383,"5,850","1,914",152,17.69,"1,632,255","5,810","5,860","2,238",-8.27,6.64,"5,870","1,781",562,102,1.46,4.57,"5,770",418,"32,888","1,827",329,0.96,N/A,-1.97
442,하나기술,"23,900",상승,500,+2.14%,500,"3,644",87,"23,600","1,911",-264,-12.84,"58,193","23,950","23,650","2,400",-318.01,-14.73,"24,050",159,"1,421",-155,1.74,-6.58,"23,500",3,"7,995",942,"-1,861",1.99,0,-21.45
443,이크레더블,"15,820",하락,10,-0.06%,500,128,2,"15,800","1,905",150,14.61,"13,403","15,830","15,830",594,18.68,27.34,"15,830",38,104,129,9.34,22.74,"15,810",109,"12,044",451,"1,083",6.27,"1,590",9.70
444,컴투스홀딩스,"28,850",하락,650,-2.20%,500,"7,166",207,"29,600","1,903",-506,-4.31,"69,727","29,050","31,000","5,420","-1,408.36",-13.72,"29,600",48,"3,305",-425,3.02,-7.47,"28,550","1,252","6,595","1,493","-6,695",0.79,80,-6.01
445,유니셈,"6,180",상승,20,+0.32%,500,"3,810",23,"6,120","1,895",100,13.89,"110,006","6,160","6,160","2,631",-42.64,7.02,"6,210",719,348,155,7.17,6.12,"6,150",280,"30,664","2,182",445,0.79,600,2.14
446,동양이엔피,"24,100",상승,150,+0.63%,500,"1,423",34,"24,000","1,894",516,2.85,"17,769","24,000","24,150","4,885",20.16,19.25,"24,250",499,874,695,7.58,15.23,"24,000",33,"7,860","5,484","8,455",0.45,N/A,-2.49
447,디에스케이,"7,350",상승,40,+0.55%,500,"2,501",18,"7,210","1,890",-197,-18.85,"54,877","7,310","7,310","1,664",-102.94,-6.21,"7,450","1,021",329,-114,1.36,-6.77,"7,230",326,"25,710",226,-390,1.59,N/A,-68.34
448,디와이피엔에프,"17,580",상승,90,+0.51%,500,755,13,"17,490","1,883",246,7.52,"32,862","17,500","17,500","3,208",195.44,15.14,"17,700",151,"1,926",182,4.23,5.94,"17,490",5,"10,714","2,810","2,339",1.23,N/A,95.08
449,헥토이노베이션,"14,350",하락,120,-0.83%,500,"16,794",241,"14,200","1,883",489,6.62,"233,360","14,270","14,400","6,922",28.48,14.63,"14,470",449,"3,624",348,7.63,5.46,"14,270",20,"13,125","3,195","2,169",0.93,490,10.74
450,덕산하이메탈,"4,140",하락,15,-0.36%,200,"3,402",14,"4,155","1,881",186,15.11,"133,158","4,200","4,160","8,185",269.97,6.76,"4,200",220,"3,636",313,2.04,3.99,"4,130",11,"45,437","2,359",274,0.60,N/A,63.30
451,노바텍,"17,750",상승,120,+0.68%,500,"6,451",115,"17,620","1,877",126,12.59,"78,715","17,640","17,630","1,834",-50.75,10.80,"17,970",63,125,172,1.56,9.78,"17,640","1,767","10,576",658,"1,410",1.14,"1,409",-28.79
452,현대사료,994,보합,0,0.00%,100,0,0,0,"1,873",27,4.38,0,0,0,"1,170",-56.45,340.50,0,0,281,284,2.38,25.24,0,0,"188,472","1,285",227,2.24,N/A,-20.01
453,BGF에코머티리얼즈,"2,970",상승,20,+0.68%,500,"1,341",4,"2,945","1,864",140,13.32,"44,557","2,950","2,950","7,152",-18.51,4.00,"2,970",94,"2,213",155,1.02,2.41,"2,950",244,"62,767","3,643",223,0.46,50,27.54
454,오로스테크놀로지,"19,870",상승,10,+0.05%,500,"3,180",63,"19,950","1,861",61,17.10,"23,169","19,900","20,100",944,156.71,9.05,"20,000",31,262,59,1.15,7.01,"19,800",680,"9,367",614,"1,162",2.68,N/A,34.88
455,바이오에프디엔씨,"21,400",보합,0,0.00%,500,"5,534",118,"21,400","1,861",49,36.83,"100,135","21,400","21,450",673,-3.60,7.39,"21,600",238,42,45,11.32,6.92,"20,900",33,"8,696",161,581,2.82,N/A,3.04
456,에스텍,"17,040",하락,10,-0.06%,500,"1,486",25,"16,960","1,859",440,3.88,"59,421","17,050","17,050","3,880",79.12,25.76,"17,090",238,"1,845",463,58.04,14.11,"16,930",143,"10,910","5,094","4,392",0.69,850,22.86
457,KX,"4,140",보합,0,0.00%,500,"2,192",9,"4,100","1,856",597,2.29,"64,497","4,140","4,140","8,868",-3.73,27.09,"4,170","4,314","4,438",975,1.90,10.14,"4,140","6,777","44,820","4,038","1,804",0.52,190,0.18
458,에스피소프트,"7,440",상승,50,+0.68%,100,"8,709",65,"7,580","1,841",38,47.39,"81,016","7,540","7,590",768,N/A,N/A,"7,600",15,142,3,1.84,N/A,"7,410",743,"24,741",451,157,2.83,0,N/A
459,경동제약,"5,970",하락,20,-0.33%,500,"2,866",17,"5,910","1,837",26,31.59,"25,357","5,950","5,950","3,029",110.51,2.44,"5,980","3,054",825,54,1.64,1.83,"5,950","3,041","30,769","1,939",189,0.75,300,19.22
460,삼지전자,"11,240",상승,20,+0.18%,500,"4,719",53,"11,220","1,834","1,156",2.81,"84,775","11,220","11,240","12,019",47.57,16.21,"11,260",227,"5,617",941,5.41,8.49,"11,150",166,"16,319","33,597","4,004",0.41,450,32.99
461,모다이노칩,"2,300",하락,20,-0.86%,500,350,1,"2,315","1,834",386,23.71,"5,966","2,325","2,330","9,681",137.95,3.47,"2,325",75,"5,865",127,0.13,1.30,"2,290","2,162","79,722","3,889",97,0.50,N/A,-0.28
462,휴마시스,"1,415",상승,2,+0.14%,100,"105,387",149,"1,390","1,831",-106,-5.42,"922,421","1,401","1,413","3,319",79.83,-11.79,"1,426",609,828,-356,5.60,-10.47,"1,401","1,218","129,375",254,-261,0.70,N/A,83.79
463,흥구석유,"12,190",하락,700,-5.43%,100,"116,157","1,422","12,610","1,828",-3,277.05,"520,104","12,370","12,690",929,-425.10,0.79,"12,410",149,140,6,0.00,0.67,"12,140",921,"15,000","1,169",44,2.25,30,-7.77
464,쇼박스,"2,905",하락,260,-8.21%,500,"129,308",380,"2,990","1,820",245,30.90,"518,286","2,985","3,000","1,540",186.67,23.14,"2,985",35,219,274,2.34,19.17,"2,885",253,"62,638",931,94,1.50,150,131.81
465,아바코,"12,380",상승,30,+0.24%,500,"2,147",26,"12,310","1,817",211,9.13,"101,825","12,340","12,350","3,907",378.73,13.70,"12,400",138,"1,895",264,6.09,7.18,"12,280",22,"14,677","3,055","1,356",0.91,500,63.51
466,대한약품,"30,050",보합,0,0.00%,500,"1,140",34,"29,500","1,803",381,5.44,"15,857","29,850","30,000","3,244",6.38,12.89,"30,050",250,484,338,16.45,10.91,"29,850",62,"6,000","2,042","5,523",0.63,900,4.23
467,더네이쳐홀딩스,"12,140",하락,50,-0.41%,500,"10,570",128,"12,180","1,803",301,9.26,"50,616","12,070","12,190","6,983",-55.05,4.91,"12,150",106,"2,987",190,8.86,2.84,"12,060",13,"14,848","5,169","1,311",0.49,500,-5.75
468,사람인,"15,350",상승,40,+0.26%,500,129,2,"15,310","1,797",213,18.12,"14,816","15,310","15,330","2,097",-15.84,7.12,"15,350",296,297,123,22.47,5.94,"15,310",20,"11,709","1,284",847,0.93,500,-2.41
469,HB테크놀러지,"1,925",하락,3,-0.16%,500,"34,596",67,"1,931","1,785",-165,-2.37,"668,694","1,939","1,948","3,488",25.16,-18.17,"1,950",644,921,-516,0.42,-13.70,"1,925",483,"92,716","1,624",-811,0.67,20,45.43
470,일진파워,"11,820",보합,0,0.00%,500,0,0,0,"1,782",103,97.69,0,0,0,"2,705",-21.70,7.94,0,0,"1,333",99,1.40,4.27,0,0,"15,079","1,931",121,1.36,330,1.19
471,마이크로디지탈,"9,880",하락,100,-1.00%,500,"6,553",65,"10,020","1,780",3,-205.83,"85,174","10,070","10,100",542,-68.20,2.38,"10,080",167,251,4,1.44,1.07,"9,850",479,"18,015",115,-48,5.26,0,6.40
472,강원에너지,"6,810",상승,140,+2.10%,500,"8,092",55,"6,710","1,779",68,70.94,"61,123","6,710","6,720","1,639",-2.25,2.60,"6,860",457,920,-6,1.50,-0.35,"6,690","4,413","26,123","2,244",96,4.35,N/A,61.21
473,랩지노믹스,"2,395",상승,15,+0.63%,500,"93,544",225,"2,380","1,778",-185,-8.81,"981,399","2,390","2,380","2,957",-167.09,-10.72,"2,440","15,067",793,-239,1.64,-7.85,"2,385","2,443","74,240",859,-272,0.84,N/A,20.85
474,HB솔루션,"2,430",하락,15,-0.61%,500,"9,770",24,"2,440","1,777",193,-4.47,"147,473","2,445","2,445","2,933",185.95,-9.21,"2,455",95,724,-208,3.06,-7.02,"2,420",352,"73,141","1,315",-544,0.80,30,36.77
475,와이솔,"6,420",상승,120,+1.90%,500,"20,778",132,"6,300","1,777",5,-57.32,"143,167","6,300","6,330","4,143",-96.58,3.12,"6,420","2,320",524,110,5.13,2.71,"6,290",359,"27,672","3,750",-112,0.52,500,1.42
476,국전약품,"3,545",하락,15,-0.42%,100,"3,572",13,"3,620","1,771",4,122.24,"43,271","3,600","3,625","2,123",-94.33,1.79,"3,600",464,"1,148",5,0.56,0.25,"3,545","1,363","49,966","1,365",29,1.76,10,11.86
477,마이크로컨텍솔,"21,300",하락,900,-4.05%,500,"22,386",485,"22,200","1,771",102,13.65,"203,239","22,200","22,300",769,37.36,17.78,"22,200",584,119,107,16.24,15.27,"21,250",763,"8,313",697,"1,560",2.57,80,7.48
478,케이에스피,"4,390",상승,70,+1.62%,500,"38,997",170,"4,280","1,764",138,13.10,"135,864","4,320","4,320","1,055",16.66,25.99,"4,480","1,226",341,153,2.52,16.91,"4,280",314,"40,191",853,335,2.42,15,4.46
479,위지윅스튜디오,"1,031",하락,59,-5.41%,500,"684,681",699,"1,074","1,764",-118,-3.30,"1,466,268","1,041","1,085","2,935",41.74,-28.05,"1,069","4,269","1,199",-603,3.85,-19.10,985,"3,253","171,049",804,-312,1.07,N/A,-45.41
480,그리드위즈,"22,200",상승,600,+2.78%,200,"6,990",155,"21,600","1,763",-43,-38.01,"97,628","21,900","22,000","1,688",-372.86,-2.90,"22,350",238,384,-28,1.27,-1.92,"21,900",228,"7,943","1,247",-584,1.38,N/A,-5.46
481,지어소프트,"11,330",상승,380,+3.47%,500,"35,238",399,"11,300","1,753",291,9.23,"68,918","11,390","11,400","3,048",91.31,12.90,"11,550",192,881,280,9.47,9.32,"11,120",162,"15,474","5,472","1,228",1.12,N/A,7.52
482,녹십자웰빙,"9,850",보합,0,0.00%,500,"4,099",40,"9,520","1,749",130,15.99,"73,847","9,800","9,860","1,615",N/A,N/A,"9,910","1,465",566,71,3.76,N/A,"9,800",58,"17,752","1,338",616,1.62,120,N/A
483,젝시믹스,"5,850",상승,50,+0.86%,500,"6,737",39,"5,830","1,748",249,9.14,"71,302","5,830","5,950","1,727",36.85,20.72,"5,870",204,582,209,3.36,13.69,"5,800",944,"29,882","2,716",640,1.59,180,16.78
484,우양에이치씨,"12,010",하락,70,-0.58%,500,"4,327",52,"12,080","1,747",311,12.67,"102,339","12,080","12,200","2,609",23.02,17.19,"12,110",366,878,274,1.02,10.63,"11,930",374,"14,548","1,832",948,0.94,N/A,-8.40
485,마음AI,"24,500",상승,300,+1.24%,500,"19,789",486,"24,650","1,735",-71,-13.99,"267,075","24,600","24,700",497,-84.58,-51.91,"24,750",225,364,-87,0.11,-16.49,"24,350",353,"7,080",78,"-1,751",8.04,0,-23.96
486,유비쿼스홀딩스,"9,850",상승,50,+0.51%,500,47,0,"9,700","1,734",143,25.39,"5,399","9,880","9,900","3,877",-55.99,3.64,"9,880",146,311,214,3.45,5.50,"9,720",25,"17,605","1,256",388,0.65,130,-26.78
487,엔케이맥스,"2,020",보합,0,0.00%,500,0,0,0,"1,727",-51,-5.40,0,0,0,232,92.46,219.63,0,0,464,-355,4.73,-91.48,0,0,"85,519",88,-374,-7.32,0,-18.29
488,보성파워텍,"3,495",상승,80,+2.34%,500,"94,711",331,"3,425","1,717",48,29.12,"674,845","3,480","3,450",972,44.06,6.80,"3,520","5,352",69,60,0.84,6.14,"3,470","1,986","49,130",771,120,1.87,N/A,-1.83
489,이엠텍,"10,010",상승,10,+0.10%,500,"2,404",24,"10,020","1,715",-305,-3.57,"122,389","10,020","10,060","3,462",-109.01,-19.74,"10,110",249,"1,398",-447,6.26,-11.84,"10,000",359,"17,133","1,676","-2,801",0.82,N/A,-36.39
490,엘오티베큠,"9,560",보합,0,0.00%,500,"2,442",23,"9,570","1,703",-42,-23.49,"58,271","9,600","9,660","3,392",-106.21,0.65,"9,660",588,824,24,5.36,0.67,"9,560",137,"17,810","2,660",-407,0.62,N/A,-43.77
491,에스와이,"3,480",하락,120,-3.33%,500,"56,865",197,"3,495","1,702",219,-96.67,"198,437","3,485","3,500","4,334",61.79,2.02,"3,485",365,"2,375",63,1.11,1.47,"3,445","3,918","48,907","5,610",-36,0.90,N/A,1.33
492,엠케이전자,"7,710",하락,20,-0.26%,500,"4,263",33,"7,740","1,701",561,-8.09,"51,961","7,800","7,800","23,142",20.72,-7.45,"7,800",484,"14,001",-377,4.54,-1.63,"7,500",989,"22,066","11,706",-953,0.47,100,4.80
493,네패스아크,"13,930",하락,190,-1.35%,500,"9,496",134,"14,120","1,697",-26,-5.73,"174,004","14,240","14,150","3,122",-485.15,-14.67,"14,250",138,"1,469",-287,0.88,-8.10,"13,930",4,"12,184","1,193","-2,429",1.03,N/A,-2.99
494,파워로직스,"4,615",하락,45,-0.97%,500,"11,705",54,"4,655","1,690",24,38.46,"77,574","4,670","4,660","4,161",-84.46,5.32,"4,685",107,"1,981",100,1.00,2.49,"4,615",263,"36,611","7,334",120,0.80,N/A,-5.14
495,큐알티,"13,720",하락,160,-1.15%,500,"3,316",46,"13,780","1,686",48,57.89,"47,084","13,880","13,790","1,363",533.80,3.00,"14,030",335,460,29,4.71,2.06,"13,700",18,"12,289",653,237,1.88,480,22.52
496,알서포트,"3,160",하락,10,-0.32%,100,"7,360",23,"3,160","1,683",37,81.03,"178,819","3,170","3,170","1,205",-53.60,3.23,"3,205",531,246,31,19.70,2.75,"3,150",166,"53,267",475,39,1.72,10,-5.72
497,켄코아에어로스페이스,"12,800",상승,10,+0.08%,500,"13,132",169,"12,800","1,677",-54,-26.83,"221,951","12,820","12,850","2,531",-710.21,-6.38,"12,950","1,102",697,-77,4.31,-3.83,"12,790",102,"13,105",862,-477,0.91,N/A,-5.47
498,오로라,"15,560",상승,"2,370",+17.97%,500,"1,124,065","17,653","14,000","1,675",310,21.70,"4,571,239","14,000","14,010","5,657",8.94,4.43,"17,140","1,265","4,125",42,0.97,0.76,"13,900","1,558","10,763","2,757",717,0.97,180,18.55
499,제이엘케이,"6,550",하락,100,-1.50%,100,"9,516",63,"6,620","1,672",-127,-11.74,"140,331","6,650","6,650",746,-78.13,-44.08,"6,650","2,022",253,-134,2.44,-24.96,"6,530",899,"25,529",14,-558,3.55,N/A,-42.65
500,자이언트스텝,"7,480",상승,80,+1.08%,500,"5,215",39,"7,400","1,669",-173,-6.19,"74,523","7,430","7,410",917,33.64,-33.10,"7,640",318,216,-283,2.57,-25.85,"7,430",224,"22,312",501,"-1,209",2.55,N/A,18.39
