N,종목명,현재가,전일비변동,전일비,등락률,액면가,거래량,거래대금,매수호가,시가총액,영업이익,PER,전일거래량,시가,매도호가,자산총계,영업이익증가율,ROE,고가,매수총잔량,부채총계,당기순이익,외국인비율,ROA,저가,매도총잔량,상장주식수,매출액,주당순이익,PBR,보통주배당금,매출액증가율
1,알테오젠,"387,000",보합,0,0.00%,500,"43,420","16,823","390,000","206,909",254,165.60,"273,679","390,000","390,500","4,090",360.91,29.52,"391,000","2,725","1,349",607,14.57,18.25,"384,500","10,313","53,465","1,029","2,337",56.45,0,6.56
2,에코프로비엠,"94,000",상승,"3,100",+3.41%,500,"218,554","20,499","93,800","91,933",-341,-99.05,"431,652","91,300","93,900","43,237",-121.86,-6.26,"95,700","1,188","23,466",-585,11.72,-1.35,"89,800","7,943","97,801","27,668",-949,5.43,N/A,-59.91
3,HLB,"52,500",하락,700,-1.32%,500,"142,038","7,479","53,200","68,998","-1,185",-36.53,"2,038,522","52,300","53,300","8,874",5.21,-16.33,"53,400","5,752","2,353","-1,080",20.30,-13.22,"51,700","11,511","131,425",681,"-1,437",13.40,0,58.80
4,에코프로,"41,800",상승,500,+1.21%,100,"188,778","7,897","41,800","56,754","-2,930",-32.35,"515,442","41,400","41,850","81,383",-198.28,-12.57,"42,350","4,203","42,998","-2,954",20.90,-3.76,"41,000","12,665","135,776","31,279","-1,292",3.56,100,-56.92
5,레인보우로보틱스,"286,000",상승,"13,000",+4.76%,500,"184,159","52,305","284,000","55,484",-30,"6,975.61","142,451","273,000","284,500","1,399",93.32,1.62,"289,500","2,896",71,21,7.27,1.57,"273,000","13,368","19,400",193,41,42.26,N/A,26.80
6,파마리서치,"464,500",상승,"12,500",+2.77%,500,"27,113","12,539","465,000","48,817","1,261",46.17,"192,303","458,000","465,500","8,557",36.63,18.93,"468,000",603,"2,863",889,16.31,12.79,"456,000","2,644","10,510","3,501","10,061",9.48,"1,100",34.14
7,휴젤,"374,500",상승,"2,500",+0.67%,500,"5,199","1,946","377,500","46,079","1,662",32.52,"42,068","372,500","378,500","9,394",41.13,17.51,"378,500",378,986,"1,431",55.55,15.32,"371,000",552,"12,304","3,730","11,517",4.80,0,16.69
8,펩트론,"196,800",하락,"2,900",-1.45%,500,"50,206","9,914","197,300","45,849",-165,-199.39,"408,989","202,000","197,700","1,689",-4.05,-23.46,"202,000","1,690",172,-220,6.40,-19.91,"194,700",330,"23,297",32,-987,30.88,N/A,-5.68
9,클래시스,"62,200",상승,300,+0.48%,100,"87,652","5,497","62,600","40,745","1,224",39.64,"359,101","61,900","62,700","6,084",36.62,26.54,"63,600","5,278","1,557",975,71.84,19.83,"61,300","6,141","65,506","2,429","1,569",8.70,257,34.87
10,리가켐바이오,"107,400",상승,300,+0.28%,500,"33,968","3,634","107,500","39,320",-209,157.94,"262,340","108,000","107,600","7,384",74.12,2.04,"108,000",935,"1,224",78,10.91,1.68,"105,800","1,271","36,610","1,259",680,6.67,N/A,268.71
11,삼천당제약,"166,800",상승,"5,600",+3.47%,500,"77,332","12,892","168,300","39,127",26,-337.65,"86,561","162,800","168,400","5,198",-72.36,-4.49,"169,100","1,903","1,704",-51,2.25,-1.10,"161,600","3,120","23,457","2,109",-494,14.80,200,9.48
12,리노공업,"50,400",하락,200,-0.40%,100,"54,416","2,733","50,400","38,411","1,242",31.48,"442,132","50,400","50,500","6,574",8.59,19.21,"50,800","8,032",348,"1,133",34.80,18.27,"49,800","9,054","76,212","2,782","1,601",6.31,600,8.85
13,코오롱티슈진,"46,150",상승,50,+0.11%,0,"440,514","20,515","47,450","37,659",-220,-101.65,"4,030,482","45,250","47,700","2,223",-7.28,-25.91,"47,900","4,930",764,-338,3.81,-18.92,"44,550","1,424","81,601",51,-454,20.48,0,36.90
14,실리콘투,"57,600",상승,"2,000",+3.60%,500,"891,525","51,851","58,800","35,235","1,376",26.22,"784,471","56,900","58,900","4,578",187.76,60.90,"59,200","19,949","1,962","1,207",7.28,35.88,"56,500","31,475","61,172","6,915","2,197",11.54,N/A,101.69
15,에이비엘바이오,"71,000",보합,0,0.00%,500,"117,607","8,375","71,100","34,455",-594,-51.79,"467,298","72,700","71,200","2,320","-2,168.82",-46.01,"72,700","7,376",647,-555,14.70,-28.32,"70,200","4,254","48,528",334,"-1,371",26.96,N/A,-49.04
16,에스엠,"135,300",상승,300,+0.22%,500,"18,930","2,545","134,900","30,977",873,12.43,"161,661","135,600","135,000","14,191",-23.06,2.64,"136,300","1,514","5,900",8,25.80,0.06,"133,200",405,"22,895","9,897","10,881",3.41,400,2.98
17,젬백스,"69,700",상승,300,+0.43%,500,"31,532","2,221","70,900","28,860",-383,-45.29,"121,378","69,600","71,000","1,507",-387.24,-127.30,"71,600","1,404","1,217",-872,6.34,-61.01,"69,100","5,025","41,406",627,"-1,539",68.25,0,-13.18
18,펄어비스,"42,350",하락,450,-1.05%,100,"31,967","1,353","42,200","27,209",-123,56.62,"262,019","42,800","42,250","11,428",24.82,7.88,"43,000","2,275","3,368",603,7.60,5.12,"42,100","2,721","64,248","3,424",748,3.22,N/A,2.67
19,JYP Ent.,"75,200",하락,400,-0.53%,500,"55,796","4,202","75,600","26,720","1,283",19.73,"301,041","75,700","75,700","6,788",-24.30,22.41,"76,100","10,009","1,959",977,22.60,15.63,"74,700","6,748","35,532","6,018","3,811",4.68,534,6.23
20,HPSP,"28,100",하락,100,-0.35%,500,"65,675","1,856","28,400","23,463",939,29.15,"415,271","28,500","28,450","3,199",-1.32,31.09,"28,550","9,674",420,863,21.90,26.94,"28,000","6,716","83,499","1,814",964,9.19,600,1.29
21,셀트리온제약,"50,600",상승,"1,000",+2.02%,500,"50,868","2,586","50,900","22,101",372,80.70,"53,821","49,700","51,000","6,695",3.19,5.68,"51,500","3,805","2,725",220,4.62,3.35,"49,700","9,061","43,679","4,778",627,5.47,24,22.90
22,신성델타테크,"72,100",하락,"1,100",-1.50%,500,"69,677","5,127","73,600","19,816",272,"-1,567.39","251,213","73,700","73,800","7,741",-9.01,-0.48,"75,400","3,109","4,568",74,6.76,1.02,"71,700","2,522","27,484","9,097",-46,9.35,120,9.12
23,파크시스템스,"281,500",보합,0,0.00%,500,"2,807",792,"282,000","19,677",385,35.72,"25,425","283,500","282,500","2,743",39.80,25.83,"284,500",473,864,428,33.23,17.99,"279,500",436,"6,990","1,751","7,881",9.73,500,20.89
24,이오테크닉스,"155,000",상승,"1,400",+0.91%,500,"22,721","3,519","154,600","19,095",312,40.95,"85,814","154,400","154,700","6,530",0.84,7.43,"156,400",426,500,427,20.48,6.75,"152,600",708,"12,320","3,209","3,785",3.09,500,1.46
25,보로노이,"99,100",상승,"4,400",+4.65%,500,"45,093","4,365","96,100","18,223",-179,-44.80,"133,955","94,900","96,300",640,-65.09,-96.66,"99,800",245,297,-199,4.25,-38.23,"92,700","1,083","18,388",98,"-2,212",33.61,0,-33.93
26,씨젠,"33,900",상승,100,+0.30%,500,"44,166","1,499","34,150","17,705",-165,166.18,"292,278","33,850","34,200","12,053",45.17,-2.03,"34,300","4,117","2,238",-203,16.53,-1.65,"33,600","10,021","52,226","4,143",204,1.56,800,12.76
27,네이처셀,"27,300",상승,300,+1.11%,500,"111,955","3,076","27,250","17,591",6,"-9,100.00","330,668","27,000","27,300",720,105.82,1.95,"28,000","5,327",74,12,7.41,1.75,"26,800","5,070","64,435",323,-3,27.66,0,67.09
28,CJ ENM,"78,400",하락,"1,400",-1.75%,"5,000","23,413","1,869","79,600","17,192","1,045",-3.12,"167,153","81,900","79,900","93,166",815.59,-16.69,"81,900","1,757","56,386","-5,808",17.07,-6.03,"78,400","1,411","21,929","52,314","-25,100",0.60,N/A,19.76
29,와이지엔터테인먼트,"89,500",보합,0,0.00%,500,"20,350","1,816","89,500","16,728",-206,71.66,"342,746","89,300","89,600","7,343",-123.65,3.90,"90,200","1,660","1,311",200,15.44,2.71,"88,500","1,389","18,691","3,649","1,249",3.42,250,-35.88
30,케어젠,"30,700",상승,450,+1.49%,100,"9,495",290,"30,600","16,490",342,52.84,"78,038","30,300","30,750","2,407",-15.18,14.35,"30,800","2,395",177,323,5.05,13.24,"29,900",721,"53,715",826,581,7.08,640,4.26
31,스튜디오드래곤,"54,200",하락,500,-0.91%,500,"28,996","1,580","54,200","16,292",364,104.03,"227,115","55,500","54,300","9,255",-34.86,4.63,"56,000","1,747","1,859",335,12.84,3.32,"53,900","1,117","30,058","5,501",521,2.21,N/A,-26.96
32,에스티팜,"80,200",상승,"2,900",+3.75%,500,"58,373","4,676","79,800","16,163",277,53.86,"55,054","78,600","79,900","7,219",-17.36,7.82,"81,800","1,533","2,189",325,5.94,4.65,"78,500","3,481","20,153","2,738","1,489",3.27,500,-3.94
33,동진쎄미켐,"30,850",하락,50,-0.16%,500,"36,113","1,115","30,900","15,861","2,082",10.33,"353,889","30,950","30,950","20,170",18.19,17.17,"31,100","8,733","9,966","1,435",9.81,7.92,"30,650","11,882","51,414","14,081","2,986",1.55,200,7.50
34,디앤디파마텍,"142,200",하락,300,-0.21%,500,"92,087","13,235","144,800","15,283",-250,-45.07,"459,689","146,900","145,100",975,-85.50,-49.03,"147,800",452,279,-295,4.43,-33.37,"140,000",524,"10,747",114,"-3,155",23.82,0,-38.77
35,주성엔지니어링,"31,550",하락,100,-0.32%,500,"48,569","1,543","31,900","14,913",972,12.67,"262,929","31,900","32,000","9,868",235.88,19.76,"32,150","6,287","4,202","1,068",17.32,11.92,"31,450","12,134","47,268","4,094","2,491",2.48,287,43.78
36,지아이이노베이션,"24,200",상승,500,+2.11%,500,"143,621","3,494","24,500","14,911",-483,-22.43,"998,060","24,500","24,550",458,9.46,-116.69,"24,900","12,590",167,-588,4.98,-92.49,"23,750","21,146","61,614",0,"-1,079",11.90,0,-99.54
37,카카오게임즈,"17,710",상승,150,+0.85%,100,"229,228","4,154","17,960","14,676",191,-11.03,"439,913","18,470","18,000","31,732",-74.60,-7.96,"18,480","2,343","16,949","-1,281",11.05,-3.86,"17,710","1,664","82,866","6,272","-1,606",1.10,N/A,-13.58
38,브이티,"39,450",상승,"1,000",+2.60%,500,"377,825","14,895","39,300","14,122","1,109",13.54,"647,893","39,100","39,350","3,596",143.48,56.07,"39,950","11,732","1,189","1,040",10.50,33.75,"38,800","20,908","35,798","4,317","2,914",5.69,N/A,46.09
39,루닛,"46,950",하락,100,-0.21%,500,"223,370","10,620","48,600","13,686",-677,-19.64,"593,243","46,950","48,650","4,350",-60.30,-41.21,"48,850","8,289","2,702",-824,8.81,-23.45,"45,500","4,465","29,150",542,"-2,390",7.92,0,116.03
40,비에이치아이,"43,600",하락,"2,200",-4.80%,500,"261,570","11,504","44,100","13,492",219,60.56,"547,414","45,350","44,200","5,248",45.34,20.64,"45,350","11,795","4,083",196,16.80,4.12,"42,675","3,882","30,944","4,047",720,10.85,N/A,10.16
41,디어유,"56,700",상승,300,+0.53%,500,"29,129","1,637","56,600","13,460",254,65.17,"339,024","56,800","56,700","2,203",N/A,N/A,"56,900","4,651",243,244,6.05,N/A,"55,700","1,171","23,738",749,870,6.83,215,N/A
42,솔브레인,"168,800",하락,500,-0.30%,500,"2,324",393,"169,500","13,130","1,679",12.68,"11,811","169,300","170,200","11,682",25.82,12.47,"170,500",122,"1,309","1,196",31.61,11.06,"168,000",156,"7,779","8,634","13,317",1.25,"2,300",2.29
43,테크윙,"34,050",상승,250,+0.74%,500,"103,252","3,530","34,500","12,719",234,-91.04,"421,963","33,950","34,550","5,062",640.74,-10.25,"34,650","5,808","3,179",-220,10.58,-4.43,"33,650","13,359","37,354","1,855",-374,6.63,130,38.85
44,원익IPS,"25,850",상승,150,+0.58%,500,"21,063",545,"25,900","12,688",106,32.97,"119,571","25,750","25,950","11,241",158.88,2.37,"26,050","6,298","2,367",207,25.15,1.88,"25,500","4,007","49,084","7,482",784,1.43,50,8.38
45,메지온,"41,700",상승,600,+1.46%,500,"45,435","1,901","41,750","12,513",-143,-54.58,"107,341","40,750","41,850",740,1.31,-36.23,"42,450",896,279,-195,21.83,-23.45,"40,750","2,557","30,007",86,-764,28.93,0,-72.85
46,카페24,"50,900",하락,"2,000",-3.78%,500,"124,023","6,366","51,900","12,345",319,41.58,"1,689,090","52,000","52,100","3,423","1,978.14",13.40,"52,300","7,885","1,267",235,22.22,7.08,"50,500","7,544","24,253","3,025","1,224",5.62,N/A,11.58
47,HK이노엔,"42,500",상승,100,+0.24%,500,"33,030","1,411","42,800","12,040",882,17.57,"162,002","42,650","42,850","18,896",33.82,5.02,"43,100","2,763","6,382",616,10.28,3.30,"42,400","5,150","28,330","8,971","2,419",0.96,350,8.23
48,메디톡스,"163,900",상승,900,+0.55%,500,"4,787",785,"164,100","11,962",203,57.07,"20,242","163,500","164,300","6,152",17.47,3.62,"165,500",220,"1,444",161,12.23,2.62,"162,700",581,"7,298","2,286","2,872",2.49,"1,100",3.39
49,엔켐,"55,800",하락,500,-0.89%,500,"61,187","3,436","56,300","11,826",-653,-5.44,"405,443","56,800","56,400","11,269","-2,244.05",-156.31,"57,000","2,019","6,601","-5,712",6.29,-57.41,"55,200","3,217","21,194","3,657","-10,265",2.26,N/A,-13.89
50,티씨케이,"99,700",하락,500,-0.50%,500,"2,667",267,"100,100","11,640",807,15.33,"17,340","99,900","100,700","5,635",21.06,14.78,"101,700",828,473,720,64.53,13.60,"98,600",323,"11,675","2,757","6,503",2.28,"1,410",21.65
51,서진시스템,"20,100",하락,250,-1.23%,500,"65,826","1,327","20,250","11,306","1,087",22.84,"168,762","20,350","20,300","21,032",121.85,12.32,"20,350","17,040","12,276",839,7.63,4.63,"20,000","36,142","56,248","12,138",880,1.30,N/A,55.87
52,ISC,"53,000",하락,500,-0.93%,500,"17,078",914,"53,900","11,234",448,24.58,"100,180","53,800","54,000","5,829",317.11,10.98,"54,100","2,846",597,549,18.38,9.76,"53,000","4,205","21,197","1,745","2,156",2.12,810,24.43
53,위메이드,"32,950",하락,"1,450",-4.22%,500,"69,523","2,315","33,300","11,186",71,5.05,"547,110","34,150","33,350","18,757",106.40,55.57,"34,200","4,918","10,438","1,816",8.43,11.03,"32,750","1,475","33,948","7,119","6,530",2.67,N/A,17.62
54,제이앤티씨,"19,170",하락,400,-2.04%,500,"73,859","1,420","19,330","11,090",-461,-13.24,"423,622","19,570","19,320","6,397",-261.51,-9.65,"19,650","2,230","3,026",-334,2.36,-5.16,"19,000","3,742","57,848","2,732","-1,448",3.43,N/A,-15.52
55,오스코텍,"28,250",상승,"1,000",+3.67%,500,"67,911","1,920","28,300","10,805",-27,"2,825.00","139,738","27,300","28,550","1,708",91.63,0.77,"35,500","1,717",518,-11,2.91,-0.96,"33,700","5,554","30,888",759,-127,15.00,N/A,-1.76
56,하이젠알앤엠,"34,950",상승,"1,100",+3.25%,500,"83,603","2,927","35,000","10,795",-4,-275.20,"102,953","33,700","35,100","1,202",-108.52,-1.92,"28,550","2,087",384,-16,10.07,-1.05,"27,300","5,115","38,248",340,10,8.87,N/A,586.89
57,고영,"15,400",상승,120,+0.79%,100,"248,475","3,836","15,430","10,573",33,62.35,"1,452,590","15,210","15,440","3,779",-83.69,6.68,"15,600","3,928",548,210,15.39,5.64,"15,160","11,464","68,655","2,025",247,3.23,140,-10.24
58,SOOP,"91,800",하락,"2,500",-2.65%,500,"14,497","1,339","92,300","10,552","1,135",10.21,"91,962","94,000","92,400","7,157",25.69,30.21,"94,000","1,697","3,333","1,024",35.87,15.83,"91,500",676,"11,495","4,132","8,990",2.50,"1,500",20.10
59,대주전자재료,"67,500",상승,400,+0.60%,500,"19,324","1,309","67,900","10,449",294,27.53,"95,429","67,200","68,000","6,230",372.76,19.30,"68,200","1,889","3,927",364,18.22,7.02,"66,900","2,171","15,481","2,193","2,452",4.36,100,18.56
60,코나아이,"70,900",하락,"10,100",-12.47%,500,"865,984","62,495","72,700","10,325",334,30.97,"822,598","71,300","72,800","4,131",-0.80,16.19,"76,200","18,147","2,153",302,2.67,6.90,"67,600","5,073","14,563","2,363","2,289",5.23,680,-15.67
61,LS마린솔루션,"31,400",상승,900,+2.95%,"1,000","1,268,849","41,717","34,850","10,258",124,62.43,"678,841","31,800","34,900","2,543",N/A,N/A,"34,950",683,461,132,3.76,N/A,"30,775","20,082","32,669","1,303",503,4.78,160,N/A
62,하림지주,"9,140",하락,70,-0.76%,100,"69,425",637,"9,160","10,237","7,655",10.69,"406,466","9,310","9,180","160,790",34.88,0.90,"9,350","7,300","101,370","1,748",9.50,1.19,"9,090","1,940","112,006","122,730",855,0.29,120,1.75
63,원텍,"10,880",하락,190,-1.72%,100,"86,630",948,"11,020","9,731",348,27.68,"676,664","11,040","11,050","1,779",-24.43,25.76,"11,060","3,414",511,291,7.97,17.58,"10,870","3,543","89,439","1,153",393,7.24,50,-0.32
64,넥슨게임즈,"14,340",하락,150,-1.04%,500,"128,561","1,849","14,490","9,444",387,30.13,"571,111","14,510","14,500","4,872",222.40,10.93,"14,540","5,313","1,745",314,4.57,7.36,"14,240","25,909","65,860","2,561",476,2.88,N/A,32.49
65,아난티,"10,620",하락,100,-0.93%,100,"404,253","4,296","10,610","9,412",8,-56.79,"4,314,630","10,620","10,640","16,224",-99.70,-4.56,"10,740","33,100","9,110",-324,6.42,-2.04,"10,540","16,132","88,629","2,852",-187,1.33,N/A,-68.22
66,필옵틱스,"40,700",하락,"1,300",-3.10%,500,"180,913","7,415","41,200","9,314",138,184.16,"626,895","41,950","41,300","3,827",34.40,3.51,"42,000","11,346","1,441",129,0.00,3.11,"40,400","1,672","22,886","4,109",221,6.07,0,36.96
67,덕산네오룩스,"36,600",상승,250,+0.69%,200,"33,631","1,226","36,300","9,088",525,20.04,"149,262","36,200","36,350","4,523",59.39,12.17,"37,050","1,803",533,458,8.76,10.68,"35,950","1,833","24,831","2,123","1,826",2.21,N/A,29.66
68,국일제지,800,보합,0,0.00%,100,0,0,0,"9,019",-13,-88.89,0,0,0,"1,424",19.80,-9.98,0,0,194,-130,0.84,-7.09,0,0,"1,127,406",564,-9,7.32,N/A,6.08
69,태성,"29,400",하락,250,-0.84%,100,"34,825","1,028","29,350","8,967",60,341.86,"304,470","29,800","29,400",796,980.50,16.61,"29,900","5,720",386,60,1.72,8.74,"29,200","5,211","30,501",592,86,6.93,0,77.61
70,유진테크,"38,100",상승,700,+1.87%,500,"38,934","1,483","38,300","8,731",612,13.46,"98,194","37,750","38,400","5,395",151.49,16.85,"38,600","1,608","1,038",654,31.29,13.40,"37,550","2,887","22,916","3,381","2,831",2.07,230,22.25
71,성광벤드,"32,400",하락,"1,150",-3.43%,500,"101,041","3,297","32,650","8,605",420,23.63,"314,016","33,200","32,850","5,631",-6.35,8.01,"33,200","5,106",443,410,23.36,7.36,"32,200","1,424","26,557","2,277","1,371",1.65,200,-10.61
72,유일로보틱스,"74,600",상승,"1,500",+2.05%,500,"48,113","3,612","75,500","8,566",4,162.53,"55,432","73,000","75,600","1,174",106.14,-13.94,"76,300","1,420",224,-91,15.82,-8.91,"72,800","1,871","11,483",352,459,8.88,N/A,19.40
73,로보티즈,"64,000",상승,"7,200",+12.68%,500,"897,546","55,749","61,500","8,456",-30,"1,254.90","706,141","57,200","61,300","1,002",43.88,-3.31,"64,900","11,688",42,-30,6.65,-2.82,"57,200","12,294","13,213",300,51,8.33,0,3.13
74,에스앤에스텍,"38,800",하락,250,-0.64%,500,"13,165",511,"38,950","8,323",295,23.97,"60,513","39,050","39,150","2,970",17.73,13.07,"39,150","1,915",502,303,9.72,10.95,"38,550","1,338","21,451","1,760","1,619",3.18,150,17.09
75,와이씨,"10,130",하락,90,-0.88%,100,"71,921",733,"10,250","8,311",106,97.40,"383,210","10,260","10,240","5,769",23.66,3.48,"10,310","8,856","1,586",129,0.93,2.45,"10,120","5,428","82,045","2,112",104,2.51,N/A,-17.22
76,솔브레인홀딩스,"39,450",하락,600,-1.50%,500,"13,886",559,"40,300","8,270",853,17.48,"109,265","40,400","40,450","19,966",-29.47,4.62,"40,950","1,095","5,055",557,4.95,2.95,"39,450",925,"20,964","5,154","2,257",0.62,220,-22.10
77,HLB테라퓨틱스,"9,710",상승,210,+2.21%,500,"162,367","1,576","9,870","8,192",-76,-29.69,"925,558","9,500","9,910","2,198",12.63,-14.34,"9,900","8,292",379,-235,5.68,-11.16,"9,400","5,078","84,371",549,-327,5.29,0,4.45
78,올릭스,"41,050",상승,50,+0.12%,500,"67,536","2,773","41,400","8,118",-309,-15.86,"569,515","41,700","41,450",712,-70.02,-120.11,"41,950","6,046",528,-407,3.25,-46.71,"40,100","2,283","19,775",57,"-2,589",32.05,0,-66.73
79,동성화인텍,"26,700",하락,500,-1.84%,500,"57,774","1,551","27,000","8,007",540,20.18,"322,911","27,100","27,050","4,555",35.13,21.07,"27,500","11,127","2,530",393,17.82,9.60,"26,500","3,807","29,989","5,974","1,323",3.74,350,11.92
80,에스에프에이,"22,200",하락,300,-1.33%,500,"21,437",480,"22,400","7,972",-484,-9.67,"121,217","22,550","22,450","24,796",-154.44,-7.49,"22,700","3,814","9,572",-321,9.12,-1.21,"22,150","4,182","35,909","20,454","-2,296",0.71,270,9.95
81,하나마이크론,"11,870",하락,30,-0.25%,500,"94,592","1,130","11,960","7,866","1,068",-83.59,"897,160","12,000","11,980","19,446",84.43,-6.99,"12,100","3,333","13,388",-112,10.83,-0.61,"11,830","10,604","66,272","12,507",-142,2.15,70,29.21
82,동국제약,"17,140",상승,110,+0.65%,500,"12,742",218,"17,120","7,693",804,13.37,"128,275","17,110","17,160","9,532",20.26,10.66,"17,190","1,687","2,742",623,14.08,6.95,"17,000","1,378","44,884","8,122","1,282",1.26,200,11.10
83,LS머트리얼즈,"11,370",하락,30,-0.26%,500,"66,839",763,"11,550","7,692",62,247.17,"200,737","11,370","11,570","2,531",-54.33,3.11,"11,570","2,964",460,57,4.17,2.19,"11,220","5,406","67,653","1,421",46,4.19,N/A,3.79
84,레이크머티리얼즈,"11,550",하락,20,-0.17%,100,"41,439",480,"11,670","7,592",222,41.10,"332,951","11,640","11,710","3,513",-24.93,17.38,"11,710","1,501","2,200",210,6.55,6.46,"11,440","4,683","65,731","1,387",281,5.89,50,17.77
85,안랩,"68,100",하락,600,-0.87%,500,"22,139","1,528","69,500","7,577",277,20.35,"205,198","69,200","69,600","4,647",4.77,10.40,"69,700","1,822",959,324,32.49,7.71,"68,100","2,274","11,127","2,606","3,346",1.83,"1,300",8.93
86,피에스케이홀딩스,"34,900",하락,600,-1.69%,500,"30,130","1,061","35,500","7,525",885,8.14,"151,257","35,550","35,650","5,136",228.07,24.80,"35,800","3,756",821,958,4.03,20.94,"34,700","3,462","21,562","2,155","4,289",1.74,700,127.53
87,한글과컴퓨터,"31,050",하락,"2,050",-6.19%,500,"307,512","9,739","31,800","7,508",404,48.29,"1,191,030","32,600","31,900","6,819",18.37,4.06,"32,650","11,652","1,963",140,6.55,2.13,"31,050","7,507","24,180","3,048",643,2.14,410,12.42
88,심텍,"23,350",상승,50,+0.21%,500,"72,619","1,710","23,600","7,438",-470,-14.67,"439,668","23,450","23,700","14,433",46.70,-6.63,"23,950","4,288","9,948",-310,5.52,-2.37,"23,100","14,093","31,854","12,314","-1,592",1.82,100,18.19
89,펌텍코리아,"58,800",상승,"2,200",+3.89%,500,"28,329","1,663","58,500","7,291",484,20.47,"48,677","57,400","58,700","4,076",37.15,12.99,"59,600",485,869,383,15.48,10.04,"57,000","1,326","12,400","3,375","2,873",2.69,420,18.63
90,피엔티,"30,600",상승,50,+0.16%,500,"33,868","1,045","30,900","7,265","1,632",6.64,"132,836","30,600","30,950","16,203",112.19,26.52,"31,050","3,240","9,957","1,422",4.01,8.83,"30,350","4,481","23,743","10,351","4,605",1.24,100,89.78
91,비올,"12,385",상승,15,+0.12%,100,"494,638","6,124","12,380","7,235",361,20.57,"3,114,818","12,370","12,390",981,61.62,44.73,"12,400","2,198,272",92,326,2.35,40.31,"12,370","365,357","58,419",582,602,7.40,20,36.86
92,SAMG엔터,"82,400",상승,"2,500",+3.13%,500,"102,958","8,611","83,400","7,227",-61,-97.86,"175,271","80,400","83,500",974,35.14,-52.24,"85,800","1,459",666,-194,18.84,-19.62,"80,400","3,139","8,771","1,164",-842,18.77,N/A,22.41
93,코미코,"68,600",하락,500,-0.72%,500,"10,086",697,"69,200","7,176","1,125",12.51,"83,579","69,600","69,300","8,003",240.50,23.36,"70,000","2,733","4,246",878,19.15,12.60,"68,400",385,"10,461","5,071","5,483",2.60,"1,000",65.05
94,우리기술투자,"8,450",하락,210,-2.42%,500,"491,636","4,207","8,650","7,098","1,757",4.62,"2,816,478","8,600","8,660","8,038",14.13,24.89,"8,800","19,118","1,376","1,477",2.43,20.59,"8,410","24,469","84,000","1,923","1,830",0.97,N/A,12.60
95,엘앤씨바이오,"28,450",상승,350,+1.25%,500,"34,086",966,"28,400","7,004",25,4.64,"449,636","28,150","28,450","4,756",-68.73,65.41,"28,650","4,211","1,809","1,410",9.41,38.21,"28,000","4,670","24,619",721,"6,131",2.28,50,9.35
96,현대힘스,"19,650",하락,400,-2.00%,500,"75,898","1,501","19,810","6,961",215,38.99,"215,442","20,150","19,850","3,265",48.99,8.07,"20,150","9,479",930,166,0.52,5.74,"19,600","1,202","35,425","2,232",504,2.95,100,17.96
97,HLB생명과학,"5,660",하락,90,-1.57%,500,"59,863",341,"5,730","6,900",-248,-3.42,"1,104,883","5,750","5,760","5,390",-1.17,1.95,"5,760","5,351","1,402",62,9.52,1.29,"5,620","11,781","121,917","1,022","-1,657",2.02,0,4.34
98,우리기술,"4,145",하락,250,-5.69%,500,"23,185,853","102,502","4,470","6,861",6,-90.11,"426,707","44,450","43,900","2,418",39.48,49.72,"44,500","8,947",451,799,9.15,39.92,"42,350","13,007","16,062","2,627","4,539",3.52,"1,000",42.84
99,제룡전기,"42,700",하락,300,-0.70%,500,"184,863","8,032","43,850","6,859",978,9.41,"107,772","60,400","60,200","2,498",15.63,18.41,"61,000","4,131",212,393,9.01,16.72,"59,600",380,"11,230","1,619","3,868",2.63,630,6.30
100,휴메딕스,"61,000",상승,"1,400",+2.35%,500,"14,476",871,"60,100","6,850",431,15.77,"135,827,480","4,500","4,475","2,655",-91.71,-3.33,"4,760","263,446","1,534",-44,6.58,-1.93,"4,030","126,030","165,531",713,-46,6.04,0,12.80
101,아이티센글로벌,"29,350",하락,650,-2.17%,500,"267,243","7,800","29,450","6,811",586,58.00,"1,605,659","29,700","29,550","9,454",91.90,5.79,"30,700","14,467","6,229",361,1.99,4.19,"28,450","3,437","23,205","49,618",506,8.44,N/A,76.26
102,코스메카코리아,"62,500",상승,"3,300",+5.57%,500,"76,351","4,804","62,700","6,675",604,16.04,"138,804","61,000","62,800","5,179",22.80,22.07,"29,850","1,604",348,513,29.27,17.86,"29,100","1,033","22,872","2,108","2,292",2.30,460,19.61
103,비츠로셀,"29,100",하락,650,-2.18%,500,"12,121",357,"29,450","6,656",519,12.70,"134,055","29,800","29,500","3,179",37.73,19.92,"64,100","2,230","2,103",537,11.08,11.30,"60,500","2,073","10,680","5,243","3,897",3.09,100,11.39
104,다우데이타,"17,010",하락,310,-1.79%,500,"56,102",960,"17,100","6,515","12,059",4.50,"281,161","17,240","17,120","577,571",80.54,12.96,"17,320","2,987","512,862","8,659",10.90,1.55,"16,960",309,"38,300","121,361","3,783",0.47,450,17.44
105,엠로,"52,400",하락,"1,600",-2.96%,500,"27,388","1,450","53,500","6,464",86,32.41,"110,516","54,000","53,700","1,024",84.58,31.88,"54,000","6,671",134,186,2.82,19.17,"52,200","3,560","12,335",795,"1,617",7.13,0,25.77
106,위메이드맥스,"7,620",하락,250,-3.18%,500,"22,614",173,"7,670","6,386",-81,-30.36,"99,071","7,830","7,680","5,976",-315.03,-3.29,"7,830","2,031",962,-157,11.25,-4.31,"7,600","1,485","83,803",750,-251,1.28,0,7.49
107,시노펙스,"7,040",상승,190,+2.77%,500,"421,973","2,965","6,950","6,176",212,23.86,"498,566","6,990","6,960","2,354",-12.19,18.58,"7,150","24,547",678,280,1.41,12.82,"6,910","17,520","87,720","2,383",295,3.56,0,-9.09
108,태웅,"30,850",하락,"1,550",-4.78%,500,"275,632","8,565","30,800","6,172",228,31.64,"1,327,514","32,500","30,850","8,126",-42.28,4.42,"32,900","19,251","2,081",247,8.18,3.17,"29,550","8,286","20,007","3,863",975,1.02,N/A,-12.94
109,HLB제약,"18,760",하락,390,-2.04%,500,"47,698",899,"19,120","6,152",15,115.09,"680,835","18,860","19,130","1,579",107.54,1.98,"19,120",774,415,20,0.47,1.35,"18,710","1,117","32,791","1,371",163,5.47,0,0.83
110,RFHIC,"22,700",상승,500,+2.25%,500,"46,472","1,050","22,600","6,012",15,79.65,"269,934","22,300","22,650","4,829",404.84,8.60,"22,900","3,967","1,250",197,12.01,3.97,"22,200","8,051","26,484","1,149",285,1.87,100,3.09
111,휴온스글로벌,"47,250",상승,250,+0.53%,500,"8,145",387,"47,850","5,971",970,22.91,"86,318","47,250","47,950","14,059",-14.88,5.05,"48,250",270,"4,418",671,7.97,4.93,"46,800","2,646","12,637","8,135","2,062",1.09,525,7.26
112,아이쓰리시스템,"83,400",하락,"2,100",-2.46%,500,"3,893",328,"84,100","5,927",148,37.12,"68,097","85,400","84,200","1,468",20.94,15.31,"85,700","1,185",411,150,4.99,10.77,"83,200",486,"7,107","1,207","2,247",5.20,400,-0.69
113,나노신소재,"48,500",상승,50,+0.10%,500,"8,242",401,"48,800","5,916",30,-265.03,"37,130","48,350","48,900","4,422",-74.88,-0.77,"49,150",353,"1,980",-19,8.80,-0.43,"47,650",569,"12,198",878,-183,2.36,250,5.53
114,인카금융서비스,"11,470",하락,60,-0.52%,100,"31,567",364,"11,490","5,893",863,9.05,"259,778","11,500","11,540","7,074",85.22,50.62,"11,780","4,077","5,602",620,5.65,10.30,"25,850","28,947","22,177","3,885",615,2.32,150,-1.35
115,에스피지,"26,550",상승,500,+1.92%,500,"83,224","2,202","26,500","5,888",123,43.17,"135,679","26,000","26,600","3,975",-22.76,5.54,"26,700","6,024","1,434",131,4.65,3.52,"11,380","12,720","51,380","8,323","1,267",3.50,100,49.47
116,솔트룩스,"48,250",하락,900,-1.83%,500,"136,970","6,694","49,700","5,853",-66,-111.69,"672,211","49,150","49,750",932,28.63,-6.63,"49,900","2,634",206,-59,4.00,-6.10,"48,050","13,513","12,131",459,-432,8.86,N/A,49.03
117,차바이오텍,"10,260",상승,80,+0.79%,500,"56,931",585,"10,290","5,778",-597,-45.80,"195,211","10,300","10,300","21,944",-523.82,-2.85,"10,360","4,516","14,755",-146,7.43,-0.74,"10,160","8,601","56,314","10,450",-224,2.26,0,9.55
118,서부T&D,"8,730",하락,60,-0.68%,500,"104,234",905,"8,710","5,755",480,17.08,"537,081","8,800","8,740","28,945",28.91,3.70,"8,800","23,586","16,536",647,12.27,2.47,"8,610","8,603","65,927","1,875",511,0.56,100,10.83
119,파두,"11,560",하락,70,-0.60%,100,"32,088",373,"11,610","5,714",-950,-6.52,"781,244","11,850","11,630","1,344",-62.28,-64.47,"11,850","3,516",365,-915,6.27,-48.41,"11,340",772,"49,428",435,"-1,772",6.72,0,93.60
120,지엔씨에너지,"34,700",하락,300,-0.86%,500,"57,856","2,034","34,550","5,708",317,11.87,"551,879","36,000","34,600","2,652",187.62,27.54,"36,150","2,903","1,038",389,6.92,17.18,"33,900","1,100","16,449","2,263","2,924",3.09,100,35.99
121,피에스케이,"19,620",상승,110,+0.56%,500,"53,439","1,053","19,820","5,683",839,7.25,"199,533","19,700","19,830","5,694",55.08,18.31,"19,880","2,655",976,791,26.13,14.88,"19,500","4,293","28,967","3,981","2,708",1.19,400,13.13
122,인투셀,"38,100",상승,100,+0.26%,500,"81,646","3,123","38,500","5,657",-98,-50.40,"298,517","38,500","38,550",237,43.70,-95.55,"39,000","1,336",162,-99,0.77,-39.93,"37,200","4,289","14,848",29,-756,67.29,0,79.72
123,태광,"21,300",하락,350,-1.62%,500,"37,063",786,"21,200","5,644",399,14.50,"185,025","21,550","21,250","6,603",-30.93,8.20,"21,600","8,154",509,461,15.12,7.17,"21,000","1,450","26,500","2,668","1,469",0.97,250,-14.50
124,현대무벡스,"4,715",하락,110,-2.28%,100,"237,419","1,124","4,735","5,556",246,25.08,"5,746,042","4,750","4,745","2,989",493.03,16.17,"4,785","22,759","1,267",269,3.51,9.83,"4,705","3,915","117,846","3,414",188,3.46,50,27.46
125,큐리옥스바이오시스템즈,"34,300",하락,100,-0.29%,500,"40,452","1,378","34,300","5,539",-134,-61.03,"215,543","34,150","34,400",706,-26.72,-15.94,"34,700","1,433",219,-81,15.97,-12.60,"33,600","1,921","16,149",46,-562,12.14,0,-32.42
126,쎄트렉아이,"50,200",하락,"1,100",-2.14%,500,"9,232",467,"50,900","5,498",-31,44.82,"49,011","50,700","51,000","4,470",29.44,3.49,"51,100","2,579","2,230",62,6.52,1.64,"50,000",952,"10,951","1,713","1,120",2.33,190,36.55
127,바이넥스,"16,720",상승,700,+4.37%,500,"285,252","4,759","16,850","5,465",-308,-21.30,"316,683","16,430","16,860","2,794","-3,050.79",-19.34,"16,980","3,060",978,-352,5.52,-13.12,"16,400","6,751","32,684","1,301",-785,2.89,N/A,-16.00
128,두산테스나,"28,100",하락,300,-1.06%,500,"18,179",513,"28,300","5,431",379,40.14,"100,255","28,600","28,350","7,877",N/A,N/A,"28,600","5,301","3,500",368,4.11,N/A,"28,050","3,674","19,327","3,731",700,1.29,160,N/A
129,메가스터디교육,"50,200",하락,100,-0.20%,100,"1,767",89,"50,600","5,407","1,236",11.51,"15,808","50,000","50,700","8,783",-2.99,9.97,"50,800",678,"4,116",502,29.57,5.47,"50,000","1,854","10,771","9,422","4,363",1.19,"1,500",0.75
130,갤럭시아머니트리,"13,720",하락,550,-3.85%,500,"437,892","6,090","14,010","5,382",132,254.07,"1,858,390","13,800","14,040","3,646",43.07,0.72,"14,290","6,476","2,525",6,1.43,0.15,"13,660","2,559","39,230","1,288",54,4.76,45,-2.73
131,씨아이에스,"6,940",상승,30,+0.43%,100,"51,366",357,"6,960","5,370",593,8.85,"198,793","6,910","6,980","7,338",52.39,15.16,"7,000","4,939","2,551",562,8.30,8.44,"6,860","12,287","77,372","5,085",784,1.09,N/A,63.96
132,인텔리안테크,"49,800",하락,200,-0.40%,500,"8,627",430,"50,100","5,345",-194,-43.57,"63,511","50,100","50,200","4,407",-281.28,-1.12,"50,600","1,253","1,761",-30,11.96,-0.67,"49,350","1,445","10,733","2,578","-1,143",2.07,100,-15.50
133,넥스틴,"51,000",하락,800,-1.54%,500,"17,461",896,"51,400","5,343",470,19.96,"54,847","51,900","51,500","1,898",29.89,27.00,"51,900","3,005",322,384,12.09,23.10,"50,900","1,775","10,477","1,137","2,555",3.36,500,29.33
134,컴투스,"41,550",하락,500,-1.19%,500,"7,394",311,"42,000","5,293",61,-4.74,"68,211","42,400","42,150","16,460",118.47,-10.37,"42,450",766,"5,961","-1,520",14.56,-9.04,"41,550",378,"12,738","6,939","-8,768",0.49,"1,300",-6.18
135,감성코퍼레이션,"5,740",하락,330,-5.44%,500,"330,610","1,929","5,850","5,252",361,17.61,"740,893","6,000","5,870","1,543",11.82,30.74,"6,030","24,990",419,293,12.64,21.77,"5,730","4,537","91,500","2,204",326,4.50,0,23.85
136,SFA반도체,"3,170",하락,30,-0.94%,500,"61,816",197,"3,195","5,213",0,-211.33,"388,556","3,205","3,210","6,235",99.77,4.51,"3,235","19,216","1,256",205,4.38,3.32,"3,165","15,481","164,460","4,005",-15,1.06,N/A,-3.90
137,데브시스터즈,"42,350",하락,"1,400",-3.20%,500,"10,970",473,"43,050","5,168",272,17.80,"56,967","44,500","43,250","2,604",156.64,19.72,"44,750",415,"1,062",283,12.03,11.31,"42,350","1,465","12,203","2,362","2,379",2.85,0,46.57
138,테스,"26,100",상승,300,+1.16%,500,"36,815",959,"26,000","5,160",385,10.00,"206,120","25,700","26,100","3,812",756.34,13.55,"26,350","2,968",506,427,6.74,12.13,"25,400","5,036","19,768","2,401","2,611",1.36,600,63.39
139,네오위즈,"23,500",하락,300,-1.26%,500,"19,624",465,"23,600","5,136",329,-63.00,"53,724","24,100","23,650","6,200",4.20,0.49,"24,100","3,678","1,011",-70,14.32,-1.08,"23,400","4,696","21,857","3,668",-373,0.94,N/A,0.33
140,가온칩스,"43,950",하락,550,-1.24%,500,"13,624",605,"44,600","5,097",35,219.75,"40,294","44,750","44,800","1,127",-19.00,11.46,"45,050",961,434,75,0.95,7.27,"43,850",710,"11,597",965,200,7.98,N/A,51.72
141,에코프로에이치엔,"24,300",상승,150,+0.62%,500,"11,091",271,"24,500","5,097",242,23.87,"41,861","24,300","24,550","4,667",-42.02,10.59,"24,650","1,322","1,704",215,9.02,6.22,"23,950","2,581","20,975","2,345","1,018",1.73,300,2.43
142,미코,"15,180",상승,450,+3.05%,500,"245,888","3,770","15,270","5,073",946,17.47,"454,596","14,900","15,280","13,927",216.51,20.43,"15,640","2,517","8,598",765,9.52,6.87,"14,760","1,794","33,417","5,405",869,4.28,N/A,41.62
143,웹젠,"14,590",하락,190,-1.29%,500,"7,814",115,"14,740","5,048",546,13.55,"44,550","14,790","14,750","7,509",9.32,8.81,"14,790","1,430",783,568,30.08,7.81,"14,560",544,"34,601","2,147","1,077",0.65,300,9.40
144,케이엠더블유,"12,660",상승,510,+4.20%,500,"132,056","1,671","12,500","5,041",-455,-14.82,"140,585","12,900","12,530","2,690",27.65,-24.24,"12,900","3,026","1,254",-386,6.73,-14.17,"12,390","2,241","39,821",874,-854,3.65,N/A,-12.70
145,티앤엘,"61,900",상승,"1,200",+1.98%,500,"9,471",585,"61,700","5,031",570,9.12,"104,380","61,500","61,900","1,971",84.69,30.84,"62,300","1,009",256,464,12.44,27.36,"61,100","1,369","8,128","1,749","6,787",2.76,750,51.47
146,하나머티리얼즈,"25,400",하락,100,-0.39%,500,"17,128",438,"25,700","5,024",434,15.49,"85,145","25,400","25,800","5,739",5.16,8.43,"25,850","3,221","2,201",318,20.74,5.10,"25,150","7,371","19,778","2,516","1,640",1.36,250,7.74
147,글로벌텍스프리,"6,930",하락,10,-0.14%,500,"138,391",963,"6,890","4,871",218,41.01,"728,288","7,100","6,910","1,745",121.88,5.60,"7,100","40,176",462,63,17.71,3.66,"6,850","3,833","70,283","1,297",169,4.26,N/A,58.84
148,바이오다인,"16,360",하락,140,-0.85%,500,"6,825",111,"16,390","4,869",-17,"-2,337.14","48,660","16,500","16,450",443,15.65,0.03,"16,500","1,096",11,0,4.53,0.02,"16,160","1,952","29,764",53,-7,11.28,N/A,28.93
149,포스코엠텍,"11,410",상승,10,+0.09%,500,"23,881",273,"11,500","4,751",14,-271.67,"117,751","11,350","11,510","1,498",-68.30,0.50,"11,560",768,379,6,6.14,0.37,"11,350","3,319","41,643","3,466",-42,4.31,20,1.53
150,아스테라시스,"12,900",상승,60,+0.47%,100,"212,308","2,759","13,160","4,728",67,74.57,"1,746,278","12,850","13,200",247,328.57,40.61,"13,290","6,652",51,54,4.25,25.90,"12,710","5,892","36,655",288,173,13.14,32,64.78
151,제주반도체,"13,620",상승,20,+0.15%,500,"93,991","1,284","13,670","4,691",96,28.38,"413,446","13,610","13,680","2,254",-46.29,11.44,"13,850","3,890",412,194,0.00,9.15,"13,510","2,522","34,443","1,623",480,2.40,N/A,11.28
152,원익QnC,"17,770",하락,20,-0.11%,500,"19,086",340,"17,860","4,671",906,9.33,"142,716","17,890","17,920","15,347",9.19,11.67,"17,990",733,"9,654",615,5.41,4.23,"17,680","1,234","26,288","8,915","1,905",0.97,100,10.62
153,이녹스첨단소재,"22,950",하락,100,-0.43%,500,"15,750",362,"23,050","4,642",868,6.11,"73,518","22,900","23,100","8,260",105.88,16.27,"23,150","8,088","3,574",701,15.05,10.02,"22,800","3,421","20,228","4,228","3,759",0.91,350,9.25
154,성우하이텍,"5,795",하락,15,-0.26%,500,"40,923",238,"5,820","4,636","2,059",3.12,"166,577","5,850","5,850","45,631",-19.81,9.86,"32,600","1,608","3,222",297,6.76,4.30,"32,200","2,756","14,288","5,824","2,810",1.13,150,9.67
155,한국정보통신,"12,370",상승,"1,660",+15.50%,500,"865,459","11,179","12,660","4,632",391,10.32,"617,816","12,720","12,690","4,629",9.66,15.09,"5,860","15,203","27,210","1,351",6.54,3.14,"5,790","11,513","80,000","42,451","1,855",0.30,150,-1.78
156,이엔에프테크놀로지,"32,400",상승,250,+0.78%,500,"4,907",159,"32,400","4,629",593,11.53,"60,818","32,250","32,450","7,236",148.52,8.21,"13,610","3,173","1,564",435,63.07,9.62,"12,040","3,595","37,444","7,910","1,199",1.41,N/A,9.08
157,에스티큐브,"6,800",하락,10,-0.15%,500,"14,071",96,"6,830","4,623",-226,-18.78,"132,591","6,810","6,860","1,119",13.15,-33.09,"6,920","5,137",176,-214,3.90,-27.16,"6,750","1,490","67,983",113,-362,5.15,N/A,93.88
158,대명에너지,"27,000",하락,900,-3.23%,100,"22,938",627,"27,600","4,604",97,38.85,"271,421","27,650","27,700","3,699",-42.03,6.24,"27,900","2,122","2,412",78,0.24,2.18,"26,800","1,332","17,050",678,695,3.36,0,9.93
159,유바이오로직스,"12,550",하락,80,-0.63%,500,"26,757",338,"12,730","4,596",343,11.93,"152,514","12,730","12,780","2,021",345.78,15.61,"12,780",39,701,190,8.26,10.73,"12,550","1,385","36,624",960,"1,052",3.10,0,38.45
160,한국기업평가,"99,700",하락,100,-0.10%,"5,000",154,15,"99,800","4,527",327,17.96,"2,794","99,000","99,900","1,753",26.48,21.69,"100,000",143,405,286,80.77,17.31,"99,000",86,"4,541","1,041","5,552",4.22,"3,954",8.85
161,코난테크놀로지,"39,300",하락,"1,350",-3.32%,500,"67,232","2,681","40,650","4,507",-141,-39.03,"419,133","40,650","40,700",444,-28.30,-53.30,"40,750","1,024",248,-136,1.27,-29.42,"15,060",714,"29,416","6,156",431,1.12,308,6.23
162,콜마비앤에이치,"15,320",상승,170,+1.12%,500,"37,948",581,"15,220","4,506",246,35.55,"440,085","15,080","15,250","6,909",-18.62,4.54,"15,450","2,979","2,956",172,2.41,2.48,"16,190",357,"27,587","2,911",39,1.39,100,9.81
163,아이센스,"16,330",하락,10,-0.06%,500,"7,924",129,"16,210","4,505",27,418.72,"52,819","16,270","16,400","5,909",-75.68,-0.59,"16,460",910,"2,479",-20,26.18,-0.36,"39,150","5,931","11,467",263,"-1,007",28.35,N/A,7.74
164,인벤티지랩,"41,850",하락,950,-2.22%,500,"45,933","1,950","42,100","4,471",-190,-14.76,"462,766","43,900","42,150",723,-18.81,-91.93,"43,900","4,770",397,-170,1.08,-28.95,"41,650",483,"10,684",18,"-2,835",12.36,0,170.90
165,신라젠,"3,225",상승,40,+1.26%,500,"124,931",397,"3,210","4,455",-268,-15.89,"423,970","3,175","3,215","1,490",-25.40,-28.05,"3,225","6,516",172,-265,2.64,-23.50,"3,140","30,033","138,130",39,-203,3.49,0,-0.33
166,큐로셀,"31,100",상승,150,+0.48%,500,"10,889",343,"31,700","4,455",-106,-12.38,"36,719","31,500","31,800",515,-138.14,55.22,"32,000",644,490,-77,1.01,-22.88,"30,900","1,919","14,324",0,"-2,512",19.40,0,"8,891.25"
167,바이오플러스,"7,350",상승,40,+0.55%,500,"41,241",301,"7,340","4,447",237,22.83,"359,174","7,320","7,350","2,643",-15.55,10.83,"7,360","7,711","1,166",175,9.21,8.01,"7,220","6,489","60,500",664,322,2.88,50,2.10
168,NHN KCP,"11,050",하락,650,-5.56%,500,"458,203","5,129","11,250","4,438",438,10.45,"5,723,567","11,280","11,270","5,703",4.35,18.71,"11,360","14,759","3,051",453,10.59,8.29,"10,970","3,909","40,161","11,053","1,057",1.62,100,13.72
169,케이아이엔엑스,"90,700",하락,"1,600",-1.73%,500,"9,055",832,"92,300","4,426",237,25.80,"47,935","92,300","92,400","3,368",-10.67,10.13,"93,700",627,"1,068",183,29.06,6.20,"90,500",502,"4,880","1,389","3,516",2.31,600,13.22
170,쏠리드,"7,230",하락,10,-0.14%,500,"117,775",850,"7,230","4,417",351,14.37,"361,932","7,310","7,250","4,968",-3.11,15.52,"7,310","31,767","1,740",462,9.80,9.69,"7,150","21,235","61,095","3,311",503,1.36,50,3.02
171,클로봇,"17,890",상승,540,+3.11%,500,"324,366","5,756","17,730","4,410",-75,-57.16,"489,226","17,290","17,740",695,-29.94,-15.71,"18,000","1,492",95,-67,0.17,-12.93,"17,290","11,079","24,651",334,-313,7.68,N/A,37.97
172,삼현,"13,840",상승,330,+2.44%,500,"148,055","2,054","13,940","4,388",55,49.08,"124,113","13,370","13,950","1,403",N/A,N/A,"14,150","4,042",251,83,0.65,N/A,"13,370","4,191","31,708","1,004",282,3.78,50,N/A
173,한텍,"39,150",하락,350,-0.89%,"5,000","1,111,434","44,475","39,200","4,354",168,13.13,"648,544","38,100","39,250","2,075",10.40,26.22,"41,600","14,561",958,263,0.54,13.00,"38,100","3,153","11,121","1,559","2,981",3.26,450,-12.73
174,티에스이,"39,150",보합,0,0.00%,500,"4,751",186,"39,300","4,331",399,9.40,"41,466","39,200","39,400","5,194","1,776.34",13.36,"39,550","2,306","1,197",450,6.40,9.36,"39,000","1,047","11,061","3,481","4,165",1.24,400,39.70
175,현대바이오,"8,980",하락,80,-0.88%,500,"162,986","1,446","9,060","4,312",8,-27.13,"894,708","8,650","9,070",677,108.08,-16.36,"9,165","5,468",283,-69,8.24,-11.50,"8,650","6,496","48,022",151,-331,3.66,N/A,58.73
176,동화기업,"8,350",상승,40,+0.48%,200,"7,097",59,"8,330","4,222",167,-19.06,"67,179","8,370","8,400","23,972",200.80,-1.40,"8,400","5,752","14,194",-162,50.47,-0.69,"8,270",954,"50,557","9,180",-438,0.45,N/A,-4.70
177,셀바스AI,"15,510",하락,290,-1.84%,500,"80,653","1,266","15,840","4,174",8,-67.73,"540,710","15,810","15,900","3,121",-80.43,-4.61,"15,920","2,768",492,-10,3.74,-0.40,"15,480","4,544","26,915","1,125",-229,3.48,N/A,112.13
178,골프존,"66,300",하락,200,-0.30%,500,"1,585",105,"66,500","4,161",958,8.30,"21,983","66,500","66,600","6,655",-16.34,11.63,"66,600",671,"2,188",420,23.02,6.45,"66,000",285,"6,275","6,200","7,991",0.91,"4,000",-9.51
179,네오셈,"9,410",하락,60,-0.63%,100,"39,895",377,"9,490","4,128",165,23.70,"139,128","9,490","9,510","1,419",103.63,18.96,"9,570","6,663",260,192,0.00,15.47,"9,390","5,354","43,869","1,052",397,3.48,60,4.27
180,에이프릴바이오,"18,310",상승,500,+2.81%,"1,000","76,281","1,395","18,600","4,125",169,17.90,"177,795","17,910","18,640",996,226.00,26.90,"18,630","2,717",86,200,5.13,22.32,"17,800","4,603","22,528",275,"1,023",4.46,0,N/A
181,원익홀딩스,"5,310",상승,120,+2.31%,500,"864,815","4,580","5,290","4,101",306,-9.60,"1,809,304","5,180","5,300","18,901",-33.12,-7.41,"5,360","46,499","6,416",-611,4.35,-3.26,"5,150","45,674","77,238","6,455",-553,0.42,N/A,-13.88
182,미래에셋벤처투자,"7,710",하락,180,-2.28%,"1,000","201,987","1,589","7,850","4,096",157,-65.90,"2,924,436","8,000","7,860","10,608",-50.81,2.47,"8,020","14,846","7,089",86,2.81,0.79,"7,700","4,789","53,125","2,339",-117,1.18,85,7.75
183,다날,"5,900",하락,170,-2.80%,500,"856,052","5,110","5,970","4,068",14,66.29,"8,273,261","6,080","5,980","7,456",-60.17,2.46,"6,130","83,428","4,356",29,3.66,0.39,"5,850","41,348","68,949","2,609",89,1.33,N/A,-11.69
184,성일하이텍,"33,350",상승,100,+0.30%,500,"3,932",131,"33,450","4,061",-714,-3.49,"24,077","33,550","33,550","6,795",-756.19,-42.96,"33,750",490,"4,547","-1,125",2.85,-17.93,"32,900",241,"12,176","1,362","-9,553",2.17,0,-44.93
185,유티아이,"22,500",하락,250,-1.10%,500,"3,247",74,"22,750","4,039",-322,-14.91,"36,398","23,100","22,850","1,606",-63.41,-49.58,"23,100","1,819",861,-227,13.15,-17.39,"22,500",862,"17,953",186,"-1,509",6.49,0,-4.14
186,큐리언트,"11,600",하락,200,-1.69%,500,"118,851","1,381","11,760","4,038",-275,-15.74,"1,287,474","11,990","11,780",656,-18.37,-45.23,"11,990","8,679",54,-245,2.42,-41.42,"11,450","2,642","34,815",92,-737,7.63,0,1.64
187,넵튠,"8,610",하락,110,-1.26%,500,"50,941",439,"8,610","4,021",96,-31.08,"197,533","8,790","8,670","4,075",345.59,0.53,"33,400","1,985","2,702",-931,2.36,-25.54,"32,100","1,375","12,423","1,614","-6,402",1.34,N/A,29.48
188,메디포스트,"11,730",하락,80,-0.68%,500,"22,877",267,"11,660","4,014",-485,-6.18,"261,098","11,870","11,730","4,143",-93.17,-22.22,"8,790","8,858",370,48,2.59,1.17,"8,550","5,762","46,702","1,216",-277,1.03,0,21.91
189,코오롱생명과학,"32,200",하락,350,-1.08%,500,"31,566","1,034","32,900","4,000",-221,-5.03,"820,930","32,600","33,150","4,196",8.35,-64.87,"11,870","15,346","1,617",-634,4.25,-14.68,"11,510","5,885","34,218",707,"-1,899",1.89,N/A,2.93
190,제우스,"12,840",하락,60,-0.47%,500,"25,846",333,"12,910","3,983",492,10.05,"224,781","12,950","12,930","6,409",588.24,12.99,"12,990","3,871","2,586",431,3.72,6.83,"12,820","1,144","31,017","4,908","1,277",1.14,100,21.82
191,에코아이,"13,270",하락,100,-0.75%,500,"41,794",552,"13,250","3,932",2,-603.18,"417,627","1,749","1,726","15,406",3.30,17.64,"1,749","11,768","5,668","1,593",5.21,10.35,"1,706","30,511","229,808","14,736",479,0.32,45,2.20
192,서희건설,"1,710",하락,28,-1.61%,500,"55,408",95,"1,725","3,930","2,357",3.57,"638,475","13,300","13,290","1,498",-98.91,1.74,"13,410","6,662",213,23,2.63,1.50,"13,070",995,"29,631",258,-22,3.23,167,-60.25
193,천보,"39,200",상승,50,+0.13%,500,"5,610",220,"39,450","3,920",-228,-137.06,"20,293","39,350","39,500","10,079",-182.81,-8.27,"39,750",915,"5,929",-323,4.10,-3.33,"38,650",267,"10,000","1,449",-286,1.06,N/A,-20.68
194,에스앤디,"134,900",하락,100,-0.07%,500,"7,982","1,084","136,000","3,902",201,21.55,"36,311","135,000","136,400",930,56.19,21.74,"137,200",799,250,170,6.78,17.11,"134,300",585,"2,893","1,161","6,259",5.56,800,31.56
195,서울반도체,"6,690",상승,20,+0.30%,500,"23,816",159,"6,700","3,901",8,-14.45,"97,809","6,670","6,710","12,612",101.61,-0.74,"6,740","13,254","5,602",-19,9.37,-0.16,"6,640","5,213","58,305","10,905",-463,0.57,N/A,5.63
196,대아티아이,"5,520",하락,20,-0.36%,100,"261,481","1,448","5,530","3,890",79,22.26,"1,401,041","5,620","5,540","2,920",122.05,11.52,"5,620","40,818","1,584",147,7.97,5.40,"5,450","22,287","70,473","1,491",248,2.81,N/A,32.77
197,큐렉소,"9,450",상승,130,+1.39%,500,"53,071",504,"9,510","3,883",-58,-53.09,"228,993","9,250","9,580","1,026",-612.71,-9.04,"9,640",983,92,-88,2.77,-8.34,"9,220","4,754","41,090",555,-178,4.11,N/A,-23.81
198,바이오니아,"15,040",하락,110,-0.73%,500,"13,198",199,"15,160","3,882",-134,-19.53,"64,188","15,100","15,170","3,322","-1,794.54",-9.40,"15,200",392,"1,053",-190,7.21,-5.88,"14,990","6,685","25,810","2,940",-770,1.82,N/A,11.68
199,스피어,"9,860",상승,150,+1.54%,500,"78,078",758,"9,540","3,866",-64,-17.77,"703,874","9,710","9,560",446,29.77,-84.53,"9,930","4,391",134,-170,1.57,-53.40,"9,490","10,315","39,204",26,-555,6.28,0,54.88
200,동운아나텍,"18,420",하락,360,-1.92%,500,"26,422",488,"18,560","3,852",175,28.38,"80,695","18,720","18,600",988,-30.43,37.49,"18,790","2,091",275,247,5.19,26.72,"18,340","1,802","20,910","1,383",649,5.70,109,24.02
201,유진로봇,"10,190",상승,280,+2.83%,500,"246,811","2,497","10,150","3,822",-42,-78.38,"354,365","9,880","10,160",547,20.92,-8.56,"10,250","1,918",190,-32,13.44,-5.62,"9,850","17,974","37,512",260,-130,11.45,N/A,35.12
202,킵스파마,"19,780",하락,320,-1.59%,500,"118,457","2,380","20,100","3,773",62,-50.98,"437,003","19,900","20,200","1,652",103.14,2.07,"20,850","7,472","1,020",16,4.49,1.14,"19,600","3,581","19,076","1,276",-388,6.83,0,38.48
203,오름테라퓨틱,"17,840",하락,230,-1.27%,100,"28,618",511,"18,050","3,759",-83,-49.01,"133,738","18,000","18,070","1,538",-108.72,-17.50,"18,060",801,321,-57,2.26,-3.64,"17,660",610,"21,069",209,-364,2.31,0,-84.56
204,하이록코리아,"30,350",하락,500,-1.62%,500,"9,632",293,"30,400","3,732",501,8.72,"50,565","30,850","30,450","4,727",-3.39,11.38,"30,950","1,927",367,480,27.29,10.49,"30,150",669,"12,295","1,905","3,480",0.87,"1,150",0.89
205,칩스앤미디어,"17,570",하락,50,-0.28%,500,"34,626",615,"17,910","3,717",53,42.96,"69,115","17,630","17,980",840,-32.06,13.46,"18,000","2,333",82,100,3.05,12.16,"17,460","2,931","21,157",271,409,4.72,100,-1.79
206,토모큐브,"28,150",상승,550,+1.99%,500,"41,096","1,157","28,300","3,708",-88,-37.38,"165,336","28,000","28,350",436,-30.40,-27.82,"28,600","3,511",16,-83,4.84,-26.20,"27,650","4,251","13,171",59,-753,9.31,0,58.48
207,파트론,"6,500",하락,20,-0.31%,500,"25,611",167,"6,510","3,705",617,8.20,"148,987","6,520","6,520","7,433",48.05,10.93,"6,540","16,781","1,878",559,15.81,8.02,"6,480","6,450","57,000","14,864",793,0.66,300,26.78
208,코미팜,"5,100",상승,40,+0.79%,100,"10,768",55,"5,100","3,697",62,29.14,"112,550","5,110","5,130","1,228",198.72,22.11,"5,130","7,925",572,147,4.89,12.17,"5,030","4,401","72,485",588,175,5.66,0,37.83
209,한국비엔씨,"5,390",하락,10,-0.19%,100,"82,815",444,"5,400","3,686",107,23.33,"438,838","5,410","5,430","2,671",77.07,6.06,"17,010",612,"2,620",-16,5.23,-0.36,"16,680","2,745","21,956","2,374",385,1.36,5,20.14
210,에프에스티,"16,770",하락,60,-0.36%,500,"16,860",284,"16,930","3,682",23,43.56,"99,822","16,910","16,950","5,061",121.21,0.60,"5,440","20,272",306,133,3.96,5.27,"5,300","24,333","68,395",892,231,1.56,N/A,10.16
211,피아이이,"10,260",하락,220,-2.10%,100,"1,112,217","11,484","10,320","3,676",94,31.47,"19,903,424","10,480","10,330",980,136.17,22.56,"10,530","48,598",462,99,1.40,10.41,"10,160","6,911","35,826","1,240",326,5.47,N/A,44.51
212,켐트로닉스,"23,850",하락,300,-1.24%,500,"42,448","1,019","24,150","3,657",373,19.83,"156,438","24,350","24,200","6,417",95.24,10.70,"24,400","7,553","4,066",214,7.50,3.77,"23,600","10,905","15,334","5,752","1,203",1.81,200,6.08
213,폰드그룹,"11,300",하락,250,-2.16%,500,"22,348",253,"11,340","3,655",413,13.90,"242,940","11,540","11,350","4,227","6,089.52",12.62,"11,550","1,774","1,850",272,0.77,7.13,"10,920",385,"32,344","3,687",813,1.73,250,"13,154.52"
214,넥스트바이오메디컬,"44,750",하락,900,-1.97%,500,"13,479",605,"45,000","3,637",-36,115.93,"54,300","45,950","45,150",588,31.60,14.56,"45,950","1,402",137,29,6.97,6.46,"44,500",121,"8,127",95,386,7.99,0,95.46
215,엔젤로보틱스,"23,950",상승,450,+1.91%,500,"48,106","1,153","24,000","3,636",-108,-35.07,"69,022","23,500","24,050",439,-66.88,-40.84,"24,400","2,856",35,-100,2.64,-30.70,"23,250","4,573","15,183",42,-683,9.43,0,-18.17
216,이뮨온시아,"4,890",하락,100,-2.00%,500,"266,611","1,301","4,915","3,614",-126,N/A,"980,158","4,915","4,920",262,-6.80,77.02,"4,925","14,636",68,-57,0.20,-18.96,"4,835","8,767","73,906",7,N/A,N/A,0,495.04
217,인화정공,"37,450",하락,850,-2.22%,500,"1,863",70,"37,750","3,601",103,-23.15,"25,548","38,600","38,000","4,303",110.01,18.68,"38,600",695,"1,703",400,0.88,10.68,"37,350",474,"9,616",928,"-1,618",1.27,700,-10.74
218,한국정보인증,"8,450",하락,570,-6.32%,500,"2,388,548","21,047","8,640","3,586",189,34.63,"24,538,223","8,900","8,650","4,053",35.02,6.14,"9,230","82,871","1,731",124,0.56,3.40,"8,430","14,215","42,441","1,219",244,1.76,150,32.18
219,예스티,"17,080",하락,410,-2.34%,500,"14,427",247,"17,080","3,579",113,33.82,"92,493","17,350","17,090","2,044","2,839.92",10.51,"17,360","1,861",786,112,2.77,5.42,"17,020","3,252","20,956","1,001",505,2.78,0,25.42
220,바디텍메드,"15,160",상승,60,+0.40%,"1,000","3,180",48,"15,180","3,561",262,12.77,"49,020","15,180","15,190","2,547",-8.17,13.75,"15,230","1,085",316,272,2.54,11.28,"15,050",201,"23,487","1,382","1,187",1.53,150,2.94
221,기가비스,"27,950",보합,0,0.00%,200,"4,797",135,"28,350","3,543",-18,122.59,"14,454","27,950","28,450","2,297",-105.10,1.63,"28,475","2,041",240,34,1.69,1.50,"27,750","1,891","12,676",261,228,1.81,800,-71.42
222,퓨쳐켐,"16,010",상승,40,+0.25%,500,"28,307",453,"16,000","3,539",-95,-35.66,"167,692","15,920","16,030",744,-12.55,-15.94,"16,190",929,199,-94,4.66,-12.80,"15,860","4,613","22,102",173,-449,6.90,N/A,23.81
223,에코앤드림,"19,740",상승,50,+0.25%,500,"30,863",611,"19,860","3,511",5,22.31,"214,626","19,650","19,910","4,058",116.42,8.41,"20,100",814,"1,841",135,1.08,4.83,"19,390","1,773","17,786","1,049",885,1.56,N/A,103.87
224,GST,"18,910",보합,0,0.00%,500,"21,182",400,"18,960","3,485",591,7.78,"87,266","18,970","18,980","3,348",38.89,18.71,"19,070","1,257",665,459,10.13,14.92,"18,710","1,353","18,430","3,462","2,430",1.29,300,24.00
225,다원시스,"9,110",하락,40,-0.44%,500,"57,782",531,"9,160","3,477",76,-17.90,"271,328","9,430","9,170","7,457",-60.32,4.81,"9,430","1,437","4,868",119,8.67,1.69,"9,010","1,442","38,163","3,015",-509,1.46,N/A,-15.74
226,월덱스,"20,950",하락,400,-1.87%,500,"11,875",250,"21,100","3,459",703,5.56,"120,545","21,200","21,150","3,918",8.45,23.78,"21,250","4,378",843,650,4.66,18.44,"20,800","2,591","16,511","3,068","3,768",1.09,60,6.49
227,제닉,"43,375",상승,775,+1.82%,500,"20,109",874,"43,400","3,456",60,28.50,"117,117","43,200","43,500",382,249.72,44.90,"37,500","1,162",814,198,8.54,6.34,"36,950","3,011","9,240","1,762","2,268",1.20,300,10.18
228,우주일렉트로,"37,250",보합,0,0.00%,500,"1,358",51,"37,150","3,442",201,16.42,"22,521","37,250","37,400","3,277",151.12,8.46,"34,950","1,562",893,324,4.48,11.78,"33,100","2,274","10,014","2,829","2,514",1.72,"1,000",28.39
229,씨앤씨인터내셔널,"34,350",상승,"1,400",+4.25%,100,"90,274","3,089","33,950","3,440",290,13.66,"72,386","33,200","34,000","2,951",-9.75,17.15,"44,100",939,160,76,7.49,24.57,"42,100","1,219","7,969",499,"1,522",13.15,N/A,77.80
230,아이패밀리에스씨,"19,840",상승,300,+1.54%,500,"57,215","1,142","19,870","3,436",336,13.89,"143,709","19,690","19,920","1,223",40.16,35.26,"20,300","1,140",308,283,6.39,26.68,"19,590","2,777","17,320","2,049","1,428",3.57,118,37.79
231,삼표시멘트,"3,165",하락,5,-0.16%,500,"5,820",18,"3,165","3,416","1,039",6.24,"98,208","3,175","3,170","14,851",22.70,9.04,"3,190","15,540","7,289",661,1.94,4.40,"3,150","5,625","107,916","7,908",507,0.46,110,-4.00
232,에이직랜드,"31,250",하락,350,-1.11%,500,"10,097",318,"31,600","3,397",-170,-13.99,"54,790","31,700","31,700","1,671",-539.61,-15.39,"31,850",637,828,-140,1.38,-8.57,"31,150","1,799","10,872",941,"-2,233",4.43,0,6.48
233,에이유브랜즈,"23,900",하락,300,-1.24%,100,"31,638",764,"24,000","3,384",124,29.62,"109,679","24,350","24,100",448,-23.35,38.45,"24,950","2,157",122,101,1.58,28.58,"23,300","1,784","14,160",446,807,5.72,N/A,26.84
234,휴온스,"28,100",하락,250,-0.88%,500,"2,873",81,"28,450","3,366",397,10.56,"16,801","28,500","28,550","6,063",-29.12,8.77,"28,550","1,260","2,557",291,17.85,5.09,"28,100","18,536","11,980","5,902","2,661",0.93,630,6.93
235,CJ프레시웨이,"28,300",상승,100,+0.35%,"1,000","1,956",55,"28,350","3,360",940,12.82,"27,633","28,300","28,400","15,644",-5.27,7.36,"28,500","1,214","11,490",274,13.64,1.87,"28,050","1,094","11,872","32,248","2,207",0.82,450,4.90
236,노바렉스,"17,870",상승,110,+0.62%,500,"24,798",447,"18,030","3,351",232,12.69,"108,568","18,000","18,040","2,896",-9.06,10.97,"18,350",557,693,238,6.57,8.60,"17,770",548,"18,755","2,977","1,408",1.42,200,-1.47
237,더즌,"4,665",하락,260,-5.28%,100,"2,181,758","10,372","4,735","3,331",100,28.98,"16,029,985","4,900","4,740","1,157",-6.08,28.06,"4,955","42,844",743,99,1.56,9.39,"4,640","18,010","71,413",627,161,5.00,0,48.96
238,삼목에스폼,"22,550",상승,50,+0.22%,500,"1,078",24,"22,500","3,315",753,7.01,"12,284","22,700","22,650","7,813",-39.33,12.04,"22,700","3,362","1,366",734,3.05,9.65,"22,350","1,102","14,700","4,019","3,216",0.50,200,-8.53
239,노머스,"30,450",보합,0,0.00%,500,"25,171",772,"30,550","3,312",82,29.79,"437,102","30,250","30,700",988,"4,101.07",15.81,"31,450","3,553",127,99,7.56,13.63,"30,050","1,321","10,876",689,"1,022",3.62,0,62.92
240,인바디,"24,550",보합,0,0.00%,500,"5,355",131,"24,650","3,310",367,10.71,"22,150","24,600","24,700","3,058",-4.20,12.71,"24,650","1,257",319,327,36.39,11.27,"24,400",123,"13,481","2,045","2,293",1.13,400,20.03
241,하림,"3,100",상승,25,+0.81%,500,"170,297",527,"3,100","3,292",285,-163.16,"937,046","3,075","3,105","8,328",-29.51,-4.11,"3,110","96,257","5,437",-123,4.16,-1.47,"3,075","52,152","106,210","12,854",-19,1.13,N/A,-8.89
242,아주IB투자,"2,715",하락,30,-1.09%,500,"385,517","1,047","2,725","3,284",84,84.84,"12,184","22,400","22,200","6,503",-15.74,12.94,"22,400","1,709","1,798",553,26.98,8.93,"22,000","1,670","14,854","3,852","3,418",0.70,100,0.07
243,바텍,"22,100",보합,0,0.00%,500,"1,921",42,"22,100","3,283",540,6.47,"203,076","16,150","16,210","6,630",-385.42,-28.30,"16,270",456,"4,572",-726,4.13,-12.33,"15,990",798,"20,477",997,"-2,911",1.74,N/A,5.97
244,덕산테코피아,"16,020",하락,100,-0.62%,500,"16,341",263,"16,150","3,280",-302,-5.50,"5,024,416","2,745","2,730","3,417",-52.70,3.20,"2,745","68,453",806,83,1.33,2.39,"2,680","18,499","120,945",656,32,1.25,50,-11.09
245,선익시스템,"34,250",하락,200,-0.58%,500,"5,680",195,"34,500","3,266",79,-14.31,"72,683","34,450","34,550","3,029",294.87,-47.86,"34,750","2,331","2,565",-281,1.00,-12.83,"34,000",606,"9,537","1,129","-2,393",6.93,N/A,80.93
246,마녀공장,"19,890",상승,"1,570",+8.57%,100,"907,791","17,942","18,770","3,258",186,20.11,"79,069","18,500","18,830","1,295",16.99,15.53,"20,850","3,186",157,164,0.68,13.93,"18,440","1,289","16,378","1,279",989,2.79,N/A,21.83
247,지씨셀,"20,600",상승,450,+2.23%,500,"8,537",176,"20,400","3,255",-200,-3.96,"18,311","20,100","20,450","5,783",-590.55,-14.90,"20,800","3,578","1,160",-757,4.97,-12.18,"20,100",700,"15,800","1,745","-5,205",0.71,N/A,-6.98
248,가비아,"24,000",하락,300,-1.23%,500,"8,139",195,"24,000","3,249",351,23.08,"38,199","24,300","24,050","6,345",-17.59,9.49,"24,400","2,063","2,878",286,37.17,5.21,"23,850","5,685","13,536","2,824","1,040",1.90,80,7.96
249,한양이엔지,"17,990",하락,100,-0.55%,500,"5,159",93,"17,970","3,238",862,5.17,"49,807","18,090","18,040","9,087",1.27,13.45,"18,090","3,417","3,067",764,14.23,8.80,"17,920",627,"18,000","11,863","3,481",0.50,650,15.60
250,오상헬스케어,"22,050",하락,600,-2.65%,500,"7,963",177,"22,400","3,199",-248,-36.51,"46,468","22,650","22,450","2,950",-117.35,-3.93,"22,650","4,033",90,-114,0.91,-3.70,"21,850","2,103","14,509",805,-604,1.07,500,-77.38
251,오픈엣지테크놀로지,"14,420",상승,10,+0.07%,100,"33,487",489,"14,700","3,173",-246,-12.94,"169,130","14,600","14,720",867,-55.15,-67.14,"14,740","1,146",260,-273,6.41,-41.54,"14,320",631,"22,003",153,"-1,114",6.97,0,-21.77
252,비보존 제약,"6,330",하락,280,-4.24%,"2,500","60,597",384,"6,350","3,172",29,-24.25,"271,127","6,400","6,360","1,844",10.36,-9.48,"6,470","6,749",780,-100,0.55,-5.58,"6,250","3,121","50,105",876,-261,3.08,N/A,22.83
253,에스티아이,"19,980",하락,120,-0.60%,500,"33,916",681,"20,150","3,163",273,12.11,"121,511","20,250","20,200","3,688",13.95,10.89,"20,450","9,949","1,080",271,4.19,7.93,"19,930","6,983","15,830","3,340","1,650",1.13,200,4.56
254,에이스침대,"28,400",하락,300,-1.05%,"1,000","1,110",32,"28,400","3,150",662,5.12,"11,719","28,700","28,650","7,824",16.14,9.70,"29,000","1,088",757,659,1.18,8.79,"28,300",230,"11,090","3,260","5,551",0.43,"1,450",6.39
255,나이벡,"27,350",하락,450,-1.62%,500,"21,469",593,"27,650","3,092",-49,-26.10,"112,336","28,050","27,700",625,-120.87,-30.54,"28,100","4,014",302,-93,0.44,-14.43,"27,300","2,490","11,306",246,"-1,048",9.70,0,56.33
256,듀켐바이오,"10,820",상승,30,+0.28%,500,"6,093",66,"10,770","3,079",51,36.68,"43,277","10,840","10,790",652,N/A,N/A,"10,840","3,270",222,80,1.30,N/A,"10,680","1,102","28,455",356,295,7.06,N/A,N/A
257,상아프론테크,"19,250",보합,0,0.00%,500,"151,657","2,998","19,890","3,078",58,59.97,"233,597","19,400","19,960","3,622",-34.70,3.13,"20,200","3,448","1,612",62,4.08,1.73,"19,250","7,215","15,989","1,718",321,1.51,200,-6.45
258,클리오,"16,980",상승,740,+4.56%,500,"182,846","3,078","16,730","3,069",246,15.01,"128,621","16,270","16,750","2,954",-27.23,12.43,"17,140","2,918",615,272,4.69,9.45,"16,270","1,958","18,071","3,514","1,131",1.29,400,6.29
259,에이치브이엠,"25,750",하락,800,-3.01%,500,"17,961",468,"26,100","3,065",-68,-35.47,"86,550","26,550","26,250","1,196",-282.11,-17.39,"26,600","1,875",535,-84,2.74,-8.19,"25,650","1,050","11,902",451,-726,4.57,N/A,8.88
260,KG이니시스,"11,120",하락,90,-0.80%,500,"151,074","1,706","11,280","3,064",610,8.40,"871,607","11,440","11,300","18,664",-42.61,8.63,"11,600","6,021","11,128",447,6.79,2.50,"11,030","3,717","27,554","13,543","1,324",0.61,500,0.71
261,제이브이엠,"24,900",하락,50,-0.20%,500,"15,223",378,"24,950","3,010",307,10.61,"117,497","24,600","25,100","2,848",3.04,15.11,"25,200","3,028",825,288,12.56,10.64,"37,000",185,"7,844","18,114","5,120",0.48,"1,250",1.60
262,매일유업,"38,350",상승,50,+0.13%,500,"2,994",115,"38,200","3,008",703,7.49,"2,820","38,250","38,400","10,263",-2.62,8.16,"39,900",382,"4,510",455,12.65,4.56,"12,200","2,840","24,377",24,-431,2.44,500,1.50
263,지노믹트리,"12,330",하락,20,-0.16%,500,"9,594",118,"12,430","3,006",-153,-28.61,"83,465","12,350","12,470","1,307",11.50,-8.24,"12,540","1,942",64,-104,1.07,-7.89,"24,600","1,390","12,090","1,594","2,346",1.40,N/A,156.07
264,폴라리스오피스,"6,040",하락,130,-2.11%,500,"220,166","1,337","6,090","3,003",48,47.56,"1,767,645","6,130","6,110","5,198",-23.14,9.19,"6,150","61,229",857,186,1.08,4.45,"6,000","17,630","49,725","2,763",127,3.33,0,-30.89
265,CMG제약,"2,085",하락,15,-0.71%,500,"195,537",410,"2,105","2,983",10,-260.62,"1,171,764","2,110","2,110","3,034",-66.40,1.42,"2,120","106,871","1,139",27,4.14,0.99,"2,085","48,811","143,057",991,-8,1.54,0,5.53
266,동방메디컬,"14,270",상승,570,+4.16%,500,"455,601","6,445","14,110","2,965",150,68.94,"472,936","13,760","14,100","1,504",-8.69,4.60,"14,450","4,486",696,31,3.94,2.34,"13,660","3,542","20,775","1,051",207,2.58,0,15.67
267,KG에코솔루션,"6,200",상승,20,+0.32%,500,"32,127",199,"6,200","2,951","2,265",4.58,"104,574","6,130","6,230","62,134",-26.87,6.74,"6,260","14,220","32,544","2,142",3.64,3.55,"6,130","5,036","47,603","72,849","1,353",0.19,120,0.38
268,슈어소프트테크,"5,590",하락,90,-1.58%,100,"484,767","2,759","5,650","2,941",79,27.40,"1,112,657","5,830","5,670","1,624",-31.22,12.40,"5,840","51,554",563,101,1.40,6.29,"5,550","13,432","52,619",888,204,3.18,N/A,40.31
269,쿠콘,"28,600",하락,"3,900",-12.00%,500,"185,674","5,395","29,050","2,933",166,16.05,"214,063","29,000","29,050","2,629",0.02,11.48,"30,300","7,411","1,161",158,2.82,6.71,"28,000","4,635","10,255",730,"1,782",1.96,150,6.84
270,브이엠,"12,180",상승,180,+1.50%,100,"7,798",95,"12,210","2,932",-86,297.07,"423,013","12,270","12,290","1,657",21.56,-2.80,"12,300","2,085",414,-35,3.77,-2.18,"12,080","2,694","24,076",703,41,2.28,N/A,170.21
271,에스에이엠티,"2,910",하락,5,-0.17%,500,"25,192",74,"2,920","2,910",674,5.79,"182,019","2,915","2,925","8,330",25.83,13.46,"2,935","46,015","4,024",544,5.38,7.23,"2,905","25,142","99,995","28,895",503,0.67,200,34.70
272,인탑스,"16,910",하락,40,-0.24%,500,"6,203",105,"16,990","2,909",38,22.64,"78,706","16,900","17,060","9,007",-79.33,3.34,"17,080",609,"1,289",234,6.42,2.66,"16,790","5,278","17,200","6,147",747,0.41,200,6.46
273,신성에스티,"31,900",하락,250,-0.78%,500,"13,039",420,"32,550","2,884",88,42.14,"35,651","32,200","32,600","1,444",5.16,7.11,"33,000",827,419,71,1.70,5.06,"31,750","1,013","9,040","1,270",757,2.72,200,1.89
274,티에프이,"25,150",하락,100,-0.40%,100,"2,294",58,"25,250","2,862",44,119.76,"11,066","25,200","25,300","1,267",-52.40,1.94,"25,450","1,384",483,15,1.89,1.33,"24,800","3,356","11,381",736,210,3.41,N/A,-8.34
275,유진기업,"3,675",하락,25,-0.68%,500,"44,284",163,"3,685","2,841",550,-4.50,"238,875","3,700","3,695","23,749",-34.86,-6.18,"3,730","30,514","13,482","-1,007",4.87,-4.32,"3,650","13,673","77,311","13,933",-817,0.28,170,-5.44
276,씨메스,"24,150",상승,"1,050",+4.55%,500,"66,092","1,580","23,950","2,822",-143,-17.23,"79,553","23,100","24,050",810,-43.04,-28.80,"24,350",824,67,-135,2.52,-25.68,"23,100","5,257","11,685",69,"-1,402",4.04,0,-9.83
277,인선이엔티,"6,050",보합,0,0.00%,500,"75,347",457,"6,080","2,817",232,-12.05,"224,599","6,100","6,100","4,957",-10.18,-5.66,"6,190","13,873","1,731",-189,5.47,-3.62,"6,020","11,440","46,564","2,088",-502,0.84,N/A,-5.48
278,HLB이노베이션,"1,947",하락,16,-0.82%,500,"61,131",119,"1,949","2,810",-119,-15.58,"513,887","1,960","1,963","2,680",N/A,N/A,"1,963","19,764",160,-124,2.01,N/A,"1,917","9,598","144,304",254,-125,1.20,N/A,N/A
279,대화제약,"15,070",하락,220,-1.44%,500,"25,744",388,"15,130","2,806",67,160.32,"233,514","15,250","15,150","2,059",241.83,0.73,"15,270","2,611","1,295",8,0.00,0.39,"14,960","2,666","18,617","1,494",94,3.78,150,5.70
280,원익머트리얼즈,"22,150",상승,150,+0.68%,500,"11,671",258,"22,100","2,793",519,8.04,"46,557","22,100","22,150","5,833",110.29,6.84,"22,400","4,501","1,021",318,17.39,5.88,"13,070","1,063","21,288",570,-150,10.83,N/A,-22.67
281,필에너지,"13,060",상승,60,+0.46%,500,"12,279",161,"13,070","2,792",142,34.19,"43,800","13,000","13,130","2,121",-7.25,10.39,"13,200","1,230",691,134,1.72,5.79,"21,900","1,123","12,608","3,107","2,755",0.57,350,-20.67
282,펨트론,"13,100",하락,640,-4.66%,500,"67,216",889,"13,160","2,789",-36,-87.33,"281,788","13,620","13,190",717,-144.94,-6.32,"13,650",669,436,-19,7.59,-2.61,"12,940","2,081","21,378","2,854",382,2.04,67,45.08
283,뷰노,"19,900",하락,200,-1.00%,100,"15,236",305,"20,250","2,786",-125,-22.31,"71,951","20,200","20,300",502,20.58,-72.91,"20,400","1,516",195,-130,3.86,-35.80,"19,520","4,647","14,002",259,-892,10.09,0,94.86
284,우진엔텍,"30,050",상승,450,+1.52%,500,"1,028,008","31,464","30,100","2,786",53,59.62,"2,617,801","31,400","29,900",517,-9.74,13.35,"32,150","26,257",43,54,0.00,11.86,"29,150","8,446","9,271",440,504,6.06,200,8.05
285,샘씨엔에스,"4,770",하락,10,-0.21%,500,"20,120",96,"4,780","2,785",52,73.38,"64,525","4,780","4,800","2,222",278.57,2.70,"4,815","5,511",782,33,1.13,1.60,"4,735","1,800","58,388",533,65,1.87,N/A,72.35
286,에코마케팅,"8,850",하락,30,-0.34%,100,"9,397",83,"8,870","2,785",470,10.08,"225,248","8,880","8,890","4,038",-14.75,12.87,"8,910","6,725","1,213",362,11.66,9.64,"8,790","1,824","31,468","3,572",878,1.16,500,1.92
287,나우로보틱스,"22,000",상승,350,+1.62%,500,"372,554","8,229","22,300","2,760",-29,-50.00,"627,167","21,950","22,250",163,47.80,-285.18,"22,500","13,150",105,-37,0.42,-26.63,"12,020",184,"22,683","6,479",-236,1.39,N/A,11.61
288,프레스티지바이오로직스,"3,540",하락,80,-2.21%,500,"24,358",87,"3,555","2,752",-334,-7.50,"167,115","3,630","3,560","2,894",24.39,-34.26,"3,630","4,712","2,177",-294,41.28,-9.87,"21,450","24,450","12,548",121,-440,38.01,0,15.89
289,아이티엠반도체,"12,130",상승,40,+0.33%,500,"2,897",35,"12,170","2,751",24,-51.40,"14,395","12,250","12,190","5,952",116.15,0.64,"12,250",492,"4,008",12,2.37,0.20,"3,535","1,698","77,753",22,-472,2.05,0,-37.32
290,이스트소프트,"23,600",하락,950,-3.87%,500,"143,244","3,400","23,900","2,749",-135,-28.10,"590,016","24,200","24,000","1,991",-51.08,-16.62,"24,300","8,835","1,106",-146,1.64,-7.52,"23,400","4,309","11,647","1,025",-840,3.73,0,10.79
291,자람테크놀로지,"43,950",하락,750,-1.68%,500,"5,232",232,"44,400","2,724",4,-294.97,"78,265","44,700","44,500",784,117.07,5.09,"44,900",932,359,20,2.72,3.42,"43,900",636,"6,198",222,-149,6.66,N/A,90.74
292,리파인,"15,690",상승,710,+4.74%,100,"91,793","1,435","15,610","2,719",205,14.99,"91,409","15,490","15,660","1,816",-9.08,12.53,"15,900","2,705",112,206,3.71,11.63,"15,160","4,039","17,330",678,"1,047",1.34,N/A,2.05
293,디오,"18,810",상승,110,+0.59%,500,"19,825",372,"18,910","2,704",-407,-6.35,"66,743","18,600","18,980","3,433",-294.94,-20.74,"19,000","1,092","1,392",-413,14.28,-11.62,"18,540","3,147","14,375","1,196","-2,963",1.29,0,-23.21
294,아이스크림미디어,"20,500",하락,300,-1.44%,500,"17,291",353,"20,400","2,701",461,8.22,"76,145","20,700","20,500","2,229",35.41,23.29,"20,750","3,130",396,311,7.78,18.42,"19,500","3,787","13,177","1,522","2,493",1.56,738,23.67
295,셀비온,"21,050",상승,350,+1.69%,500,"31,729",663,"20,700","2,698",-71,-33.79,"151,359","20,800","20,800",344,-41.51,-39.20,"21,500","3,347",48,-73,6.30,-31.76,"20,450","2,787","12,816",23,-623,9.57,0,55.64
296,와이씨켐,"26,650",하락,300,-1.11%,"1,000","33,944",919,"27,400","2,694",-82,-18.04,"186,377","27,450","27,500","1,163",-4.30,-30.46,"27,650","6,710",718,-160,1.48,-13.56,"26,500","5,683","10,111",703,"-1,477",5.69,N/A,12.90
297,제이오,"8,380",하락,10,-0.12%,100,"15,135",127,"8,420","2,683",-55,-26.52,"68,343","8,460","8,500","2,226",-145.39,-5.67,"8,510","1,269",442,-89,2.36,-4.24,"8,300","3,632","32,018",829,-316,1.40,N/A,-27.62
298,큐브엔터,"17,850",하락,50,-0.28%,500,"16,171",288,"17,830","2,678",166,19.86,"229,781","17,950","17,840","2,700",7.42,13.61,"18,080","1,120","1,117",166,6.19,7.85,"4,800","4,810","55,481","16,537",196,0.31,100,25.07
299,LS증권,"4,825",하락,65,-1.33%,"5,000","33,706",163,"4,830","2,677",218,24.62,"132,212","4,870","4,835","87,797",-34.30,1.84,"4,875","20,025","79,083",166,1.39,0.20,"17,660",496,"15,002","2,183",899,1.57,N/A,53.43
300,프로텍,"24,300",하락,200,-0.82%,500,"1,996",49,"24,600","2,673",134,9.87,"40,032","24,200","24,700","3,768",-22.89,7.35,"24,800","1,044",540,127,2.78,3.45,"24,200",817,"11,000","1,703","2,462",0.72,400,9.11
301,바이오비쥬,"17,630",상승,680,+4.01%,500,"500,227","8,613","17,000","2,652",92,N/A,"586,825","17,000","17,010",378,N/A,N/A,"17,730","13,034",68,72,0.12,N/A,"16,820","3,584","15,044",296,N/A,N/A,0,N/A
302,씨어스테크놀로지,"21,000",상승,550,+2.69%,500,"15,632",325,"20,700","2,644",-87,-37.77,"64,349","20,750","20,800",281,11.44,-60.13,"21,100","1,853",67,-89,4.32,-39.23,"20,400","2,850","12,591",81,-556,12.62,N/A,329.69
303,석경에이티,"48,300",하락,300,-0.62%,500,558,27,"48,400","2,635",20,45.48,"7,999","48,600","48,450",492,-42.34,11.43,"49,050",298,94,43,0.96,9.70,"48,200",587,"5,455",138,"1,062",6.31,N/A,13.28
304,한솔아이원스,"9,200",하락,110,-1.18%,500,"26,716",247,"9,300","2,631",231,8.03,"85,046","9,290","9,310","2,319",180.71,18.60,"9,370",918,497,311,5.49,13.72,"9,170","4,864","28,593","1,571","1,146",1.32,0,4.77
305,에스바이오메딕스,"22,150",하락,300,-1.34%,500,"20,608",460,"22,500","2,627",-54,-36.31,"241,763","22,450","22,600",446,9.06,-70.89,"22,600","6,620",263,-58,2.29,-15.21,"22,100","2,557","11,860",137,-610,25.11,0,26.79
306,뉴로메카,"23,000",상승,500,+2.22%,500,"15,247",348,"23,000","2,608",-190,-13.33,"41,408","22,350","23,050",952,-28.26,-95.95,"23,100",598,844,-168,0.75,-17.55,"22,300","4,152","11,338",253,"-1,726",11.33,0,83.87
307,AP시스템,"17,050",하락,30,-0.18%,500,"4,076",69,"17,070","2,605",472,5.68,"57,521","17,060","17,080","5,998",-21.51,15.74,"17,120",313,"2,632",518,9.89,8.85,"16,910",548,"15,281","5,167","3,002",0.75,530,-3.16
308,온코닉테라퓨틱스,"23,600",하락,50,-0.21%,500,"57,996","1,373","23,800","2,597",-48,-27.10,"192,743","23,950","23,850",609,-315.06,-44.55,"24,000","13,449",49,-81,2.33,-16.44,"23,300","7,188","11,002",148,-871,4.40,0,-29.53
309,오리엔탈정공,"5,660",하락,120,-2.08%,500,"87,514",497,"5,680","2,579",249,8.93,"319,237","5,780","5,690","2,157",94.84,26.45,"5,780","17,219","1,056",261,6.90,12.60,"5,610","1,793","45,574","2,073",634,2.29,100,31.60
310,아톤,"10,400",상승,90,+0.87%,100,"117,506","1,225","10,570","2,579",144,18.25,"1,580,596","10,500","10,580","1,389",26.50,12.78,"10,500","3,706",490,110,4.16,7.78,"10,400","3,920","24,799",654,570,2.49,50,18.89
311,웹케시,"18,900",하락,"2,500",-11.68%,500,"742,630","14,301","19,270","2,577",139,32.81,"2,042,854","19,130","19,280","1,259",N/A,N/A,"19,900","4,576",236,72,1.45,N/A,"18,450","2,782","13,636",742,576,2.35,100,N/A
312,휴림로봇,"2,335",상승,180,+8.35%,500,"9,870,396","22,691","2,305","2,574",-49,-116.75,"2,755,182","2,180","2,310","3,349",-165.20,-5.59,"2,365","155,204","1,225",-94,2.02,-4.16,"2,170","595,435","110,238","1,331",-20,2.10,N/A,61.01
313,이지홀딩스,"3,980",하락,50,-1.24%,500,"123,057",491,"4,010","2,568","1,234",18.86,"309,120","4,060","4,015","28,559",18.90,2.70,"4,060","19,418","16,493",351,4.76,1.30,"25,500","6,279","9,750",891,-27,2.87,N/A,-13.19
314,비덴트,"3,320",보합,0,0.00%,500,0,0,0,"2,563",-111,5.25,0,0,0,"7,408",-11.76,11.16,0,0,"1,026",672,1.43,9.67,"3,960","12,750","64,516","32,850",211,0.39,250,5.32
315,로보스타,"26,200",상승,650,+2.54%,500,"94,291","2,471","26,400","2,554",1,-970.37,"109,747","25,600","26,450","1,126",-86.92,2.44,"26,650","2,890",206,22,2.78,1.94,0,0,"77,202",96,632,0.40,N/A,-3.82
316,슈프리마,"35,100",하락,800,-2.23%,500,"10,178",359,"35,350","2,547",233,7.39,"23,970","35,900","35,400","2,601",39.76,14.74,"35,900","1,557",235,325,20.02,13.58,"34,900","1,388","7,257","1,082","4,747",0.99,0,14.37
317,JTC,"4,920",하락,75,-1.50%,0,"24,887",123,"4,940","2,546",476,3.28,"177,172","5,000","4,985","3,584",117.12,57.43,"5,000","10,111","1,752",772,10.06,24.80,"4,910","2,052","51,746","3,086","1,501",1.39,N/A,105.76
318,매커스,"15,750",상승,610,+4.03%,500,"107,962","1,706","15,780","2,546",269,11.01,"114,278","15,320","15,810","4,092",2.04,18.59,"16,370","2,335","2,958",202,18.13,5.76,"15,300","1,440","16,163","1,996","1,431",1.25,200,13.78
319,엠아이텍,"7,850",상승,50,+0.64%,500,"6,021",47,"7,820","2,541",176,13.75,"44,646","7,820","7,870","1,185",24.96,18.13,"7,860","3,872",97,183,7.04,16.83,"7,790","1,420","32,366",538,571,2.28,100,15.88
320,KH바텍,"10,700",상승,70,+0.66%,500,"49,047",529,"10,790","2,533",219,11.05,"86,392","10,800","10,800","3,871",-34.96,8.33,"10,900","3,761","1,248",213,8.27,5.84,"10,650","1,037","23,677","3,110",968,0.90,330,-14.46
321,툴젠,"29,400",하락,300,-1.01%,500,"2,196",64,"29,400","2,523",-218,35.68,"11,620","29,500","29,600",755,-27.57,14.08,"29,650","1,238",170,62,1.09,7.38,"29,150",398,"8,583",9,824,4.66,0,-19.25
322,해성산업,"7,750",하락,140,-1.77%,500,"8,915",69,"7,790","2,523",714,-161.46,"30,286","7,890","7,820","25,920",-32.81,0.79,"7,890","4,895","12,440",-34,1.38,-0.13,"7,710","2,543","32,557","22,204",-48,0.32,225,-3.81
323,인트로메딕,"5,850",보합,0,0.00%,100,0,0,0,"2,515",-15,-42.39,0,0,0,105,58.32,-101.85,0,0,48,-70,0.76,-49.54,0,0,"42,998",104,-138,41.17,0,4.09
324,시너지이노베이션,"2,855",보합,0,0.00%,500,"19,635",56,"2,860","2,515",161,62.07,"140,065","2,845","2,870","3,141",7.51,5.75,"2,870","10,323",790,181,12.69,6.05,"2,840","18,896","88,103",906,46,1.29,0,8.88
325,진성티이씨,"11,170",하락,280,-2.45%,500,"105,210","1,194","11,300","2,511",244,11.13,"254,215","11,670","11,310","4,554",-38.26,8.48,"11,670","10,829","1,931",210,8.08,4.89,"11,090","2,148","22,482","3,905","1,004",0.84,200,-19.50
326,미래나노텍,"8,080",보합,0,0.00%,500,"10,092",82,"8,120","2,506",249,8.19,"87,089","8,150","8,140","5,976",81.41,8.51,"8,190","2,020","2,802",258,4.93,4.22,"8,010","8,429","31,010","6,223",987,0.80,50,-10.33
327,에치에프알,"18,790",하락,90,-0.48%,500,"5,911",111,"18,830","2,501",-202,-23.28,"50,891","18,890","18,950","2,711",-140.39,-11.34,"19,060","1,366","1,123",-185,6.29,-6.86,"18,500",526,"13,309","1,571",-807,1.58,N/A,-4.32
328,네패스,"10,830",상승,30,+0.28%,500,"30,452",336,"11,060","2,497",34,-6.24,"270,453","11,170","11,070","7,101",-66.22,-48.21,"11,180","3,052","5,029",-794,6.59,-9.49,"10,830","2,237","23,059","4,643","-1,736",2.29,N/A,-0.99
329,디아이티,"13,210",보합,0,0.00%,100,"5,759",77,"13,360","2,497",241,8.25,"58,046","13,200","13,410","2,409",178.68,14.50,"13,410",744,280,289,5.27,12.78,"13,100",973,"18,900","1,167","1,601",1.15,313,0.40
330,네오위즈홀딩스,"29,050",하락,"1,400",-4.60%,500,"14,909",440,"29,600","2,497",204,-15.23,"91,747","30,450","29,650","8,225",17.46,-3.65,"30,450","1,896","1,467",-196,3.49,-2.28,"29,000","1,151","8,594","3,681","-1,908",0.58,N/A,20.29
331,에스오에스랩,"14,110",상승,90,+0.64%,100,"331,016","4,651","13,960","2,495",-128,-17.46,"1,684,636","14,400","13,970",391,-54.09,-46.12,"14,470","2,832",71,-120,5.91,-36.84,"13,750","4,208","17,682",49,-808,8.94,380,8.96
332,티엑스알로보틱스,"16,140",상승,90,+0.56%,500,"57,200",922,"16,030","2,494",53,49.66,"136,731","15,730","16,060",732,46.50,14.93,"16,400","2,718",433,38,0.93,5.84,"15,730",477,"15,451",572,325,3.60,N/A,118.19
333,엑스게이트,"8,720",하락,120,-1.36%,100,"167,277","1,478","8,820","2,489",35,86.34,"459,383","9,000","8,830",671,-15.05,9.43,"9,010","8,777",227,40,0.73,6.83,"8,690",776,"28,543",432,101,5.72,N/A,0.92
334,엣지파운드리,"3,175",하락,5,-0.16%,500,"81,617",259,"3,190","2,486",-51,-151.19,"665,036","3,180","3,205","1,316",-4.87,-27.09,"3,220","23,238",547,-180,0.31,-15.27,"3,155","8,902","78,307",373,-21,2.13,0,0.70
335,제이에스링크,"9,210",하락,50,-0.54%,500,"7,288",67,"9,220","2,485",-91,-12.83,"101,342","9,260","9,310",544,-109.85,-42.11,"9,310","3,024",294,-108,1.07,-23.19,"9,130","3,244","26,978",159,-718,7.36,0,-27.52
336,이트론,271,보합,0,0.00%,200,0,0,0,"2,456",-56,24.64,0,0,0,"1,195",0.61,-2.85,0,0,235,-23,3.54,-1.90,0,0,"906,131",163,11,2.53,0,-45.05
337,흥구석유,"16,320",하락,"1,590",-8.88%,100,"703,385","11,652","16,370","2,448",-3,370.91,"5,198,805","16,830","16,380",929,-425.10,0.79,"16,960","39,795",140,6,0.00,0.67,"16,300","10,459","15,000","1,169",44,3.02,30,-7.77
338,쓰리빌리언,"7,675",하락,195,-2.48%,100,"104,463",807,"7,770","2,435",-74,-33.37,"945,379","7,800","7,780",302,11.17,-32.81,"7,830","10,377",19,-66,7.03,-24.76,"7,640","4,329","31,722",58,-230,9.12,N/A,111.41
339,비트맥스,"6,530",상승,430,+7.05%,500,"870,726","5,652","6,600","2,431",-185,-6.78,"1,490,206","6,090","6,610",285,-12.23,-134.66,"6,690","13,598",143,-270,2.38,-67.28,"5,970","34,471","37,231",372,-963,13.63,N/A,"2,005.36"
340,더블유씨피,"7,140",상승,90,+1.28%,500,"57,024",409,"7,190","2,416",-709,-2.21,"189,360","7,170","7,200","18,102",-252.91,-7.33,"7,270","5,290","8,415",-722,4.09,-4.56,"7,070","7,645","33,843","3,221","-3,229",0.25,N/A,5.60
341,모두투어,"12,770",상승,450,+3.65%,500,"240,752","3,011","12,260","2,414",47,24.14,"2,070,687","12,320","12,270","2,349",-59.75,15.33,"12,850","2,989","1,638",108,13.01,4.06,"12,130","19,749","18,900","2,516",529,3.00,250,40.86
342,네오팜,"15,050",상승,290,+1.96%,500,"69,722","1,051","14,900","2,412",247,10.01,"57,553","14,760","14,960","1,924",-2.58,13.69,"15,230","2,188",156,231,14.60,12.47,"14,760","16,992","16,028","1,190","1,503",1.35,600,22.56
343,동원개발,"2,655",하락,20,-0.75%,500,"27,468",73,"2,685","2,411",210,94.82,"101,094","2,695","2,695","13,783",-29.97,1.76,"2,700","15,435","3,320",183,3.04,1.30,"2,650","5,954","90,808","5,204",28,0.23,80,-29.35
344,골프존홀딩스,"5,610",하락,210,-3.61%,500,"145,434",824,"5,640","2,403",394,4.93,"142,803","5,760","5,650","10,503",-26.50,6.02,"5,800","32,162","3,037",436,3.42,4.18,"9,040","6,204","26,200","4,283",312,1.04,50,21.38
345,비츠로테크,"9,100",하락,190,-2.05%,500,"754,584","7,179","9,320","2,384",511,29.17,"926,052","9,800","9,340","5,905",77.36,3.72,"9,980","13,468","1,679",415,5.07,7.56,"5,590","4,796","42,837","3,862","1,139",0.31,250,-8.94
346,잉글우드랩,"11,970",상승,500,+4.36%,0,"368,951","4,440","11,800","2,378",188,14.63,"364,226","11,520","11,810","1,997",-34.86,15.17,"12,340","4,114",558,196,10.56,10.51,"11,490","4,353","19,868","1,822",818,1.64,103,-11.88
347,유니테스트,"11,220",상승,20,+0.18%,500,"12,195",137,"11,290","2,371",-234,-9.97,"67,032","11,200","11,320","1,850",-428.15,-19.88,"11,310","1,229",680,-273,6.87,-14.28,"11,130","1,979","21,134",924,"-1,125",2.00,N/A,-44.90
348,소룩스,"4,865",보합,0,0.00%,500,"78,602",387,"4,925","2,371",-66,-4.65,"662,769","4,940","4,955","1,173","-1,383.71",-58.22,"5,020","5,825",390,-410,0.27,-29.53,"4,845","7,309","48,740",507,"-1,046",2.65,0,"13,737.28"
349,박셀바이오,"10,190",상승,570,+5.93%,500,"241,907","2,480","10,110","2,370",-150,-21.73,"56,907","9,910","10,150",769,-30.68,-13.67,"10,550","2,836",49,-106,4.49,-13.12,"9,730","9,578","23,257",19,-469,3.30,0,-15.28
350,토비스,"14,670",하락,60,-0.41%,500,"9,557",141,"14,710","2,357",584,4.31,"103,296","14,850","14,720","5,281",127.52,26.76,"14,850","1,094","2,636",613,12.03,12.06,"14,600","2,200","16,067","6,238","3,400",0.91,300,39.43
351,중앙첨단소재,"2,315",하락,35,-1.49%,500,"188,863",442,"2,330","2,357",-78,-3.36,"1,224,704","2,385","2,335","1,245","-13,814.06",-95.94,"2,390","18,342",278,-768,6.81,-60.25,"2,300","10,135","101,802",187,-688,2.47,0,-28.92
352,유니슨,"1,381",하락,412,-22.98%,500,"7,701,071","11,117","1,460","2,355",-125,-12.33,"5,702,508","1,431","1,463","2,490",36.06,-36.03,"1,547","80,555","1,828",-225,2.64,-8.81,"1,361","58,272","170,506",257,-112,3.71,0,-76.12
353,케이티알파,"4,780",하락,30,-0.62%,"1,000","7,283",35,"4,805","2,343",246,10.53,"48,105","4,810","4,825","4,621",156.07,7.78,"4,845","3,553","2,009",197,1.31,4.40,"4,770","3,593","49,019","3,882",454,0.86,N/A,-1.17
354,파멥신,"2,915",보합,0,0.00%,500,0,0,0,"2,338",-77,-44.85,0,0,0,543,36.27,-15.32,0,0,66,-49,0.00,-12.16,0,0,"80,201",39,-65,4.90,N/A,"5,083.24"
355,에이디테크놀로지,"17,380",하락,110,-0.63%,500,"12,909",226,"17,470","2,336",-170,-13.99,"65,322","17,600","17,540","2,449",2.61,-10.24,"17,850",666,"1,133",-152,1.80,-5.68,"17,250","1,535","13,441","1,065","-1,242",1.74,N/A,6.36
356,피에이치에이,"11,090",하락,10,-0.09%,500,"2,887",32,"11,090","2,329",515,4.05,"26,060","11,100","11,110","10,696",6.60,8.14,"11,140","1,389","2,694",619,12.44,6.03,"10,900","1,025","21,000","11,529","2,739",0.27,350,1.61
357,헥토파이낸셜,"24,600",하락,"1,700",-6.46%,500,"147,603","3,654","24,550","2,325",133,24.55,"1,182,785","25,300","24,600","4,516",5.75,6.90,"25,550","13,922","3,002",90,1.52,2.17,"24,300","4,686","9,453","1,593","1,002",1.42,350,4.07
358,원일티엔아이,"27,700",하락,300,-1.07%,500,"106,515","3,009","27,950","2,322",64,N/A,"133,762","28,700","28,050",730,122.86,24.45,"29,000","3,986",369,79,0.67,11.67,"27,350","1,783","8,381",422,N/A,N/A,0,0.74
359,제테마,"6,460",상승,10,+0.16%,500,"8,353",54,"6,470","2,316",41,-95.00,"80,380","6,450","6,480","2,227",56.09,-0.26,"6,490","4,275","1,513",-26,0.92,-1.13,"6,400","3,202","35,859",685,-68,3.36,0,16.70
360,한국캐피탈,732,하락,14,-1.88%,500,"68,664",51,739,"2,310",969,2.86,"736,180",746,740,"44,603",17.93,12.62,746,"5,023","37,866",811,0.38,1.94,732,"25,256","315,610","4,626",256,0.33,30,21.08
361,애니플러스,"4,670",하락,30,-0.64%,100,"94,947",443,"4,670","2,288",251,11.79,"804,518","4,700","4,675","2,556",9.96,15.20,"4,725","22,017","1,317",180,8.84,7.92,"4,640","2,034","48,986","1,310",396,1.78,0,17.63
362,SG,"2,315",상승,20,+0.87%,100,"126,591",292,"2,305","2,284",-61,-9.30,"478,833","2,300","2,310","2,328",54.95,-50.91,"2,335","16,965","1,461",-362,1.60,-17.22,"2,280","24,875","98,670","1,189",-249,2.12,0,46.98
363,GRT,"2,825",하락,40,-1.40%,0,"39,560",112,"2,825","2,284","1,470",2.90,"378,733","2,875","2,830","16,913",86.68,12.05,"2,890","19,903","7,628","1,105",79.86,6.96,"2,810","13,485","80,850","8,424",974,0.25,2,9.73
364,뉴파워프라즈마,"5,220",하락,70,-1.32%,100,"29,772",156,"5,240","2,281",325,11.47,"134,140","5,290","5,260","9,415",102.30,7.43,"5,300","10,891","5,465",232,4.33,2.87,"5,200","1,373","43,693","5,198",455,0.77,50,48.24
365,나이스정보통신,"22,600",하락,350,-1.53%,500,"9,004",205,"22,600","2,260",399,6.34,"103,509","23,150","22,700","11,226",8.55,11.22,"23,150","3,035","7,367",377,23.59,3.23,"22,550","1,633","10,000","9,751","3,562",0.56,810,9.37
366,와이즈넛,"17,190",하락,"1,060",-5.81%,500,"172,520","3,016","17,610","2,251",17,171.90,"841,449","18,200","17,620",580,-50.74,6.10,"18,200","2,530",66,31,0.00,5.38,"17,150","1,833","13,097",349,100,3.62,71,-0.72
367,디앤씨미디어,"17,940",하락,160,-0.88%,500,"8,750",157,"17,980","2,247",103,20.67,"237,357","18,100","18,090","1,153",194.82,13.25,"18,200","1,460",272,108,1.79,10.09,"17,590",558,"12,524",835,868,2.47,N/A,38.33
368,하이비젼시스템,"15,010",하락,120,-0.79%,500,"7,284",110,"15,080","2,243",310,6.94,"84,635","15,130","15,150","3,657",-47.30,15.91,"15,270","1,041",761,404,13.83,11.14,"14,970","2,507","14,942","3,120","2,163",0.71,400,-10.41
369,티로보틱스,"11,940",상승,290,+2.49%,500,"193,228","2,293","11,910","2,243",-70,-67.84,"220,349","11,650","11,920","1,070",14.71,-1.78,"12,030","4,977",755,-8,0.99,-0.66,"11,600","12,003","18,782",607,-176,6.40,0,-9.01
370,한중엔시에스,"24,750",하락,550,-2.17%,500,"26,565",663,"24,950","2,242",96,12.16,"192,830","25,100","25,150","1,668",175.55,36.13,"25,450","6,790",864,154,3.05,10.61,"24,650","3,516","9,058","1,773","2,036",2.74,N/A,45.83
371,아이씨티케이,"16,700",상승,70,+0.42%,500,"88,046","1,479","16,750","2,241",-67,-33.47,"427,839","16,780","16,760",458,N/A,N/A,"16,940","4,305",28,-58,0.86,N/A,"16,630","1,096","13,421",67,-499,5.41,0,N/A
372,모트렉스,"9,000",하락,20,-0.22%,500,"8,203",74,"9,050","2,238",436,13.12,"38,745","9,020","9,090","9,318",-18.01,8.22,"9,110","3,748","6,600",193,3.38,2.64,"8,960","2,741","24,862","5,869",686,0.92,162,10.52
373,세경하이테크,"6,210",상승,10,+0.16%,500,"52,891",331,"6,260","2,227",315,7.65,"475,832","6,290","6,290","3,450",-12.96,18.47,"6,300","11,872",962,413,7.03,12.72,"6,190","19,924","35,860","3,203",812,1.22,100,5.21
374,제넥신,"4,870",상승,50,+1.04%,500,"6,725",33,"4,870","2,218",-372,-2.98,"30,661","4,870","4,885","3,450",9.69,-22.82,"4,900","1,329",834,-637,3.91,-17.66,"4,805","1,123","45,540",29,"-1,633",0.91,N/A,-33.75
375,아스트,561,하락,3,-0.53%,500,"181,745",102,562,"2,217",-64,19.34,"390,565",561,563,"5,620",82.42,-10.50,565,"161,599","2,659",-171,1.28,-3.32,557,"86,915","395,158","1,714",29,0.71,0,1.72
376,풍원정밀,"10,530",상승,30,+0.29%,500,497,5,"10,550","2,216",-182,-7.33,"12,502","10,550","10,650",963,16.80,-70.74,"10,700",305,689,-301,0.33,-30.26,"10,510",307,"21,040",493,"-1,436",10.31,0,14.42
377,제일일렉트릭,"9,950",하락,80,-0.80%,500,"96,955",972,"10,040","2,211",89,21.31,"150,659","10,220","10,060","2,193",N/A,N/A,"10,220","7,206",648,104,1.74,N/A,"9,850","1,242","22,220","1,863",467,1.45,100,N/A
378,파이버프로,"6,720",하락,70,-1.03%,100,"34,354",231,"6,710","2,208",72,30.27,"170,153","6,750","6,740",499,175.42,20.26,"6,760","9,264",113,72,2.12,15.80,"6,660","3,677","32,854",329,222,5.81,66,69.93
379,우양에이치씨,"15,160",하락,330,-2.13%,500,"3,061",47,"15,170","2,205",311,15.99,"56,925","15,490","15,200","2,609",23.02,17.19,"15,490","1,409",878,274,0.61,10.63,"14,950",147,"14,548","1,832",948,1.19,N/A,-8.40
380,로킷헬스케어,"14,290",상승,300,+2.14%,500,"308,283","4,379","14,120","2,203",-56,-24.10,"1,018,687","13,960","14,130",113,24.48,9.83,"14,360","6,165",884,-77,0.00,-77.65,"13,910","3,521","15,418",131,-593,-2.31,0,5.59
381,인터로조,"16,610",하락,140,-0.84%,500,"1,272",21,"16,640","2,195",58,-101.90,"50,299","16,750","16,700","2,344",12.02,0.11,"16,790","2,318",645,2,8.76,0.07,"16,610","1,144","13,216","1,158",-163,1.24,300,-2.90
382,대양전기공업,"22,900",하락,150,-0.65%,500,"7,412",169,"22,650","2,191",157,10.12,"49,595","23,200","22,750","3,086",320.05,8.32,"23,600","1,285",633,196,5.68,6.46,"22,400",371,"9,567","1,963","2,263",0.85,100,27.17
383,바이오솔루션,"9,030",하락,270,-2.90%,500,"70,699",641,"9,250","2,190",-51,-20.11,"502,535","9,270","9,260",675,1.42,-32.51,"9,310","1,650",362,-119,1.84,-14.93,"8,800","2,179","24,251",129,-449,7.50,0,3.43
384,아나패스,"18,060",상승,210,+1.18%,500,"2,634",47,"17,930","2,189",200,11.36,"36,984","18,050","18,040","1,176",348.44,29.88,"18,120",850,449,189,4.30,16.47,"17,910",569,"12,123","1,822","1,590",2.87,N/A,154.96
385,위지윅스튜디오,"1,278",상승,2,+0.16%,500,"359,366",461,"1,285","2,186",-118,-4.10,"5,170,785","1,317","1,289","2,935",41.74,-28.05,"1,320","28,047","1,199",-603,4.63,-19.10,"1,261","6,322","171,049",804,-312,1.33,N/A,-45.41
386,KG모빌리언스,"5,750",상승,50,+0.88%,500,"362,714","2,126","5,840","2,186",74,32.30,"1,204,911","5,780","5,850","5,385",-77.48,2.84,"5,990","27,619","1,915",82,4.07,1.54,"5,720","21,132","38,011","2,661",178,0.61,220,-4.82
387,지씨지놈,"9,240",하락,120,-1.28%,500,"201,939","1,869","9,230","2,185",-12,N/A,"4,544,627","9,320","9,240",406,-870.57,-4.33,"9,390","36,208",75,-13,0.06,-3.01,"9,150","2,971","23,651",259,N/A,N/A,0,-5.15
388,서호전기,"42,350",하락,150,-0.35%,500,"4,214",178,"42,000","2,181",16,14.24,"26,641","42,500","42,100","1,020",-87.32,12.69,"43,000","1,244",126,115,5.42,11.15,"41,750",216,"5,150",465,"2,974",2.19,"2,500",-29.78
389,티엘비,"22,100",상승,200,+0.91%,500,"74,950","1,675","22,150","2,173",34,50.57,"298,939","22,450","22,250","1,884",10.28,3.25,"22,850","5,219",763,36,3.19,1.99,"22,000","4,063","9,833","1,800",437,1.94,200,5.08
390,LB세미콘,"3,725",상승,35,+0.95%,500,"13,673",51,"3,725","2,164",-188,-7.19,"89,658","3,710","3,740","8,060",-48.16,-9.19,"3,765","6,262","4,598",-230,29.18,-2.88,"3,685","5,291","58,083","4,509",-518,0.65,N/A,8.16
391,푸른소나무,"8,790",보합,0,0.00%,500,0,0,0,"2,161",-15,-32.20,0,0,0,116,85.36,-417.81,0,0,89,-77,0.00,-72.26,0,0,"24,580",37,-273,64.24,N/A,80.83
392,텔레칩스,"14,240",하락,90,-0.63%,500,"5,220",75,"14,400","2,157",49,-6.01,"43,540","14,340","14,430","3,779",-70.95,-17.22,"14,500",735,"1,761",-386,1.85,-10.25,"14,150","3,571","15,144","1,866","-2,369",1.07,60,-2.34
393,엑세스바이오,"5,700",상승,10,+0.18%,0,"27,709",158,"5,700","2,150",-42,-22.01,"202,333","5,630","5,710","7,409",-119.59,-0.06,"5,740","9,995",884,-11,4.40,-0.15,"5,610","4,064","37,728","1,125",-259,0.33,N/A,-67.74
394,압타바이오,"7,990",보합,0,0.00%,500,"8,258",66,"7,980","2,148",-189,-7.17,"164,767","7,990","8,030",774,-15.15,-50.84,"8,100","4,827",232,-294,1.28,-34.57,"7,850","2,489","26,881",34,"-1,115",4.15,N/A,937.76
395,에브리봇,"17,470",상승,320,+1.87%,500,"75,206","1,314","17,560","2,146",-22,"2,183.75","189,326","17,200","17,570","1,177",N/A,N/A,"17,650","2,194",508,3,0.00,N/A,"17,120","2,189","12,284",298,8,3.28,0,N/A
396,삼양엔씨켐,"19,640",하락,510,-2.53%,500,"62,382","1,242","20,050","2,134",107,21.23,"300,082","20,150","20,150","1,283",45.87,11.32,"20,350","2,628",446,90,4.28,6.91,"19,510","4,861","10,866","1,105",925,1.99,N/A,12.08
397,어보브반도체,"11,980",하락,10,-0.08%,500,"31,806",381,"12,030","2,130",-51,30.80,"240,977","12,020","12,040","2,930",65.17,2.44,"12,140","2,275","1,385",-181,4.47,-6.23,"11,860","3,338","17,781","2,321",389,1.71,150,-0.14
398,유비케어,"4,075",하락,55,-1.33%,500,"46,674",190,"4,115","2,127",52,185.23,"110,768","4,120","4,140","1,601",47.12,-1.55,"4,140","7,858",523,-16,2.43,-0.99,"21,650","2,428","9,750","2,229","1,559",0.86,600,1.20
399,뷰웍스,"21,800",하락,100,-0.46%,500,"2,299",50,"21,750","2,126",223,13.98,"19,881","21,900","21,900","3,229",19.19,9.41,"21,900","5,259",861,211,32.82,6.85,"4,050","6,446","52,197","1,906",22,2.06,30,23.73
400,와이지-원,"6,310",하락,70,-1.10%,500,"38,023",241,"6,350","2,118",558,17.48,"178,958","6,400","6,370","10,762",2.07,4.47,"6,400","13,199","6,726",170,19.09,1.67,"6,300","2,578","33,574","5,750",361,0.58,160,3.94
401,지투파워,"11,350",하락,570,-4.78%,500,"469,337","5,370","11,390","2,124",37,63.41,"3,192,090","11,720","11,400",641,488.22,12.22,"9,880","3,840",930,304,3.01,4.64,"6,300","2,311","33,574","5,750",361,0.59,160,3.94
402,한국알콜,"9,820",하락,20,-0.20%,500,"15,962",157,"9,840","2,122",274,7.94,"77,882","9,840","9,860","6,549",25.38,4.96,"6,400","13,199","6,726",170,19.09,1.67,"9,710","4,426","21,606","4,210","1,237",0.39,110,-3.94
403,윤성에프앤씨,"26,500",상승,200,+0.76%,100,"4,856",129,"26,700","2,114",319,8.56,"13,051","26,350","26,800","3,009",20.55,20.70,"26,850",673,"1,036",371,1.83,11.47,"26,150",723,"7,979","2,713","3,097",1.08,200,-13.28
404,이니텍,"10,680",상승,100,+0.95%,500,"31,175",336,"10,800","2,114",2,86.83,"423,281","10,660","10,840","1,184",106.51,2.10,"11,000","5,656",73,23,1.40,1.97,"10,620","11,313","19,791",389,123,1.60,0,-14.83
405,DSC인베스트먼트,"7,820",하락,90,-1.14%,500,"616,879","4,902","7,920","2,111",150,29.18,"2,708,251","8,020","7,930","1,578",-14.77,9.98,"8,140","33,732",435,106,0.79,7.09,"7,720","6,226","27,000",386,268,1.84,40,15.08
406,쇼박스,"3,355",상승,10,+0.30%,500,"173,750",590,"3,395","2,102",245,35.69,"213,717","3,435","3,400","1,540",186.67,23.14,"3,440","23,121",219,274,2.99,19.17,"3,340","12,923","62,638",931,94,1.73,150,131.81
407,대원산업,"10,440",하락,30,-0.29%,500,"10,517",110,"10,410","2,092",750,2.36,"94,545","10,470","10,460","7,117",58.72,15.16,"10,540","2,626","1,993",726,13.13,11.38,"10,320",304,"20,038","9,315","4,430",0.39,200,19.78
408,케이프,"6,760",하락,130,-1.89%,500,"62,197",418,"6,810","2,089",390,23.07,"135,670","6,840","6,820","24,047",-4.79,7.47,"6,890","10,959","21,452",183,2.94,0.79,"6,550",867,"30,902","5,165",293,0.91,300,-12.56
409,디지털대성,"7,540",상승,40,+0.53%,500,"3,336",25,"7,520","2,087",237,12.93,"15,167","7,500","7,540","3,380",-5.28,10.45,"7,540","4,498","1,769",161,2.90,5.49,"7,500","7,991","27,675","2,177",583,1.63,500,2.92
410,동신건설,"24,800",하락,100,-0.40%,500,"6,498",160,"24,650","2,083",6,140.11,"38,061","24,700","24,750","1,126",-90.76,3.07,"25,200","2,142",139,30,2.00,2.60,"24,500","1,433","8,400",690,177,2.17,250,-16.65
411,에스텍,"19,080",상승,30,+0.16%,500,"22,256",422,"18,890","2,082",440,4.34,"152,204","19,050","18,930","3,880",79.12,25.76,"19,130",999,"1,845",463,57.90,14.11,"18,810","1,145","10,910","5,094","4,392",0.78,850,22.86
412,폴라리스AI,"2,840",하락,85,-2.91%,500,"332,753",952,"2,870","2,065",-13,54.62,"1,843,622","2,920","2,880","1,160",-189.87,1.32,"2,920","41,951",203,11,0.95,1.05,"2,730","23,447","72,696",531,52,2.11,0,-10.71
413,나인테크,"3,850",상승,170,+4.62%,100,"1,840,025","7,067","3,795","2,056",46,-20.16,"2,319,290","3,720","3,800","1,860",249.45,-7.26,"3,935","77,073","1,019",-54,2.46,-2.41,"3,685","33,353","53,398","1,972",-191,2.41,0,60.28
414,앱클론,"10,710",상승,60,+0.56%,500,"6,778",73,"10,730","2,045",-156,-11.43,"116,940","10,860","10,830",482,-33.87,-57.57,"10,860",668,188,-163,8.78,-34.83,"10,580","1,213","19,093",23,-937,8.30,0,-18.67
415,미래반도체,"14,140",하락,70,-0.49%,100,"7,352",104,"14,160","2,042",102,25.16,"39,456","14,160","14,200","1,333",8.79,7.29,"14,330",268,474,60,0.86,4.28,"14,030",862,"14,438","4,876",562,2.26,N/A,28.15
416,멀티캠퍼스,"34,350",하락,100,-0.29%,500,"1,891",65,"34,500","2,036",389,6.91,"5,261","34,600","34,550","3,207",-3.37,15.16,"34,650","1,035",997,315,7.55,9.97,"34,150",995,"5,927","3,527","4,970",0.98,"2,100",-1.63
417,디에스케이,"7,870",상승,50,+0.64%,500,"25,484",197,"7,750","2,023",-197,-20.18,"118,577","7,990","7,780","1,664",-102.94,-6.21,"7,990","4,087",329,-114,1.50,-6.77,"7,520",970,"25,710",226,-390,1.70,N/A,-68.34
418,동국산업,"3,725",하락,30,-0.80%,"1,000","13,189",49,"3,735","2,021",120,-36.17,"84,694","3,755","3,760","9,428",144.20,-1.63,"3,755","9,361","4,545",-296,5.33,-3.23,"3,705","3,104","54,244","7,903",-103,0.50,130,4.40
419,비나텍,"31,700",상승,250,+0.79%,500,"68,055","2,250","33,500","2,020",-81,-15.91,"25,388","32,000","33,600","1,761",-365.73,-12.25,"34,200","2,433",922,-97,1.93,-6.32,"31,600","1,471","6,372",596,"-1,993",2.33,24,8.42
420,안트로젠,"20,150",하락,250,-1.23%,500,"1,433",29,"20,200","2,016",-37,-81.25,"17,717","20,400","20,400","1,161",26.09,-1.91,"20,400",967,59,-23,4.40,-1.73,"19,990",793,"10,006",69,-248,2.14,N/A,6.66
421,그래디언트,"14,710",하락,60,-0.41%,"2,500","2,970",44,"14,670","2,012",-55,-4.40,"13,445","14,710","14,680","17,380",-289.46,-7.70,"14,760","1,422","9,559",-260,3.90,-1.43,"7,250","8,306","27,270","1,054",212,2.13,N/A,37.60
422,씨에스베어링,"7,370",상승,30,+0.41%,500,"33,882",249,"7,410","2,010",21,34.76,"119,700","7,420","7,420","1,480","3,596.39",2.80,"7,470","5,008",542,25,1.12,1.68,"11,720",923,"16,721","3,589","1,442",1.05,"2,150",6.12
423,레드캡투어,"11,990",상승,130,+1.10%,500,"11,803",140,"11,840","2,005",436,8.31,"209,531","11,890","11,870","6,972",12.37,9.64,"12,020",794,"4,816",202,9.30,2.81,"14,630","1,783","13,677","33,179","-3,341",0.38,200,-3.10
424,탑머티리얼,"24,550",상승,450,+1.87%,500,"9,915",244,"24,700","1,999",-72,-18.14,"17,038","24,300","24,800","2,074",-152.29,-5.50,"24,900","2,952",663,-82,0.00,-3.97,"24,150","2,029","8,144","1,061","-1,353",1.41,N/A,-2.49
425,드림시큐리티,"3,945",하락,45,-1.13%,100,"1,416,238","5,831","4,070","1,996",256,16.79,"798,694","4,305","4,080","5,366",-22.94,11.91,"4,305","41,478","3,889",121,5.11,2.56,"3,935","10,067","50,606","2,688",235,1.66,0,-13.19
426,티씨머티리얼즈,"5,830",하락,70,-1.19%,500,"290,562","1,689","5,880","1,995",109,31.34,"2,160,797","5,900","5,890",762,25.76,12.51,"5,930","27,212",193,63,0.78,8.58,"5,700","23,096","34,228","3,039",186,3.39,N/A,15.51
427,아미코젠,"3,625",상승,10,+0.28%,500,"55,923",204,"3,670","1,994",-71,-3.76,"216,349","3,620","3,675","2,942",-442.93,-35.39,"3,730","4,883","1,711",-509,7.08,-13.37,"3,585","3,379","55,018","1,736",-963,1.70,0,20.57
428,AP위성,"13,210",하락,190,-1.42%,500,"16,584",220,"13,340","1,992",73,32.30,"88,986","13,410","13,350","1,352",-27.51,10.41,"13,430","3,769",299,104,1.03,7.46,"13,130",506,"15,082",586,409,1.78,N/A,8.57
429,컴투스홀딩스,"30,150",하락,"1,600",-5.04%,500,"23,369",714,"31,050","1,988",-506,-4.50,"169,862","31,750","31,200","5,420","-1,408.36",-13.72,"31,750","1,684","3,305",-425,4.04,-7.47,"29,800",498,"6,595","1,493","-6,695",0.83,N/A,18.61
430,나무가,"13,530",하락,160,-1.17%,500,"5,227",71,"13,620","1,987",209,8.44,"23,934","13,670","13,670","2,644",-7.82,16.64,"13,730",366,975,261,2.96,11.11,"13,500",833,"14,685","4,504","1,604",1.19,650,23.18
431,KX,"4,430",하락,10,-0.23%,500,"13,133",58,"4,440","1,986",597,2.46,"152,367","4,440","4,455","8,868",-3.73,27.09,"4,475","3,007","4,438",975,1.95,10.14,"4,405","1,488","44,820","4,038","1,804",0.56,190,0.18
432,로체시스템즈,"12,960",하락,160,-1.22%,500,"7,336",96,"13,090","1,982",198,14.10,"54,854","13,360","13,110","1,575",65.83,10.36,"13,360","1,534",352,121,43.04,8.23,"12,950",305,"15,297","1,601",919,1.54,50,52.07
433,성우,"13,160",하락,100,-0.75%,500,"13,698",181,"13,220","1,980",146,9.45,"128,356","13,320","13,290","2,549",-49.40,10.71,"13,350","1,854",321,182,1.40,8.71,"13,060","1,635","15,046","1,309","1,393",0.90,150,-10.74
434,퀄리타스반도체,"14,130",하락,20,-0.14%,500,"21,645",308,"14,250","1,980",-227,-10.10,"79,844","14,150","14,260",640,-102.87,-48.62,"14,500",988,134,-191,0.00,-36.39,"14,090",616,"14,011",61,"-1,399",4.31,N/A,-43.62
435,휴마시스,"1,529",하락,3,-0.20%,100,"329,553",504,"1,539","1,978",-106,-5.86,"1,992,132","1,535","1,542","3,319",79.83,-11.79,"1,544","13,639",828,-356,5.44,-10.47,"1,515","43,218","129,375",254,-261,0.76,N/A,83.79
436,에이스테크,"2,615",하락,25,-0.95%,500,"68,349",179,"2,620","1,974",-311,-2.88,"340,608","2,700","2,635","3,049",49.99,-67.32,"2,700","15,544","2,093",-408,0.00,-14.44,"2,585","3,804","75,506","1,451",-909,2.02,0,3.59
437,오가노이드사이언스,"30,100",상승,"1,250",+4.33%,500,"127,293","3,792","29,400","1,970",-122,-14.10,"262,922","29,000","29,450",259,-24.91,36.26,"30,450","3,481",106,-115,0.52,-39.34,"28,800","3,977","6,546",20,"-2,134",10.36,0,22.77
438,이화전기,899,보합,0,0.00%,200,0,0,0,"1,968",17,-40.86,0,0,0,"2,799",-51.38,-5.83,0,0,523,-137,0.87,-4.69,0,0,"218,949",645,-22,0.86,0,-1.07
439,랩지노믹스,"2,650",하락,70,-2.57%,500,"657,969","1,759","2,685","1,967",-185,-9.74,"2,509,308","2,690","2,695","2,957",-167.09,-10.72,"2,725","93,654",793,-239,2.18,-7.85,"2,640","22,831","74,240",859,-272,0.93,N/A,20.85
440,인터플렉스,"8,400",상승,10,+0.12%,500,"5,834",49,"8,400","1,960",344,3.93,"39,904","8,390","8,420","3,649",58.79,21.95,"8,440","2,473",831,551,3.01,16.55,"8,340","1,857","23,327","4,975","2,140",0.68,N/A,13.54
441,덱스터,"7,710",보합,0,0.00%,500,"29,918",231,"7,710","1,959",-89,-16.20,"132,009","7,780","7,740","1,036","-21,406.94",-22.64,"7,790","5,840",547,-107,3.03,-11.33,"7,650","4,046","25,412",537,-476,4.90,"1,590",9.70
442,이크레더블,"16,260",하락,160,-0.97%,500,"4,134",67,"16,270","1,958",150,15.01,"16,799","16,420","16,300",594,18.68,27.34,"16,420",665,104,129,9.25,22.74,"16,240","1,155","12,044",451,"1,083",6.44,N/A,-20.72
443,파인엠텍,"5,290",하락,150,-2.76%,500,"18,251",97,"5,400","1,957",-79,-8.85,"140,870","5,440","5,430","3,333",-138.90,-11.87,"5,490","4,449","1,691",-158,2.48,-5.06,"5,260","6,843","36,988","3,822",-598,1.35,N/A,0.56
444,헥토이노베이션,"14,890",하락,750,-4.80%,500,"136,989","2,059","14,850","1,954",489,6.86,"370,964","15,600","14,890","6,922",28.48,14.63,"15,640","3,003","3,624",348,8.34,5.46,"14,730","5,167","13,125","3,195","2,169",0.97,490,10.74
445,금화피에스시,"32,550",하락,"1,050",-3.12%,500,"8,625",283,"32,650","1,953",362,5.41,"36,968","33,750","32,750","4,618",-16.71,11.59,"33,750","1,566","1,009",400,19.72,8.98,"32,500",802,"6,000","3,402","6,021",0.54,"1,400",0.78
446,에스피소프트,"7,870",하락,240,-2.96%,100,"92,170",733,"7,960","1,947",38,50.13,"1,099,275","7,950","7,970",768,N/A,N/A,"8,090","12,519",142,3,1.82,N/A,"7,830","8,024","24,741",451,157,2.99,0,N/A
447,오로스테크놀로지,"20,750",하락,900,-4.16%,500,"22,480",474,"21,150","1,944",61,17.86,"36,452","21,650","21,200",944,156.71,9.05,"21,650","2,834",262,59,1.45,7.01,"20,700","1,236","9,367",614,"1,162",2.80,N/A,34.88
448,이수앱지스,"5,250",상승,40,+0.77%,500,"7,740",40,"5,170","1,942",134,8.43,"172,011","5,210","5,210","1,602",244.86,16.53,"5,260","15,492",594,147,3.10,8.02,"5,150","2,369","36,988",603,623,1.99,0,10.96
449,디와이피엔에프,"18,110",하락,340,-1.84%,500,"9,536",174,"18,190","1,940",246,7.74,"73,530","18,630","18,250","3,208",195.44,15.14,"18,630",848,"1,926",182,4.45,5.94,"17,970","1,984","10,714","2,810","2,339",1.26,N/A,95.08
450,노바텍,"18,250",하락,100,-0.54%,500,"11,746",215,"18,340","1,930",126,12.94,"59,022","18,530","18,510","1,834",-50.75,10.80,"18,550",624,125,172,1.76,9.78,"18,200","1,091","10,576",658,"1,410",1.17,"1,409",-28.79
451,덕산하이메탈,"4,235",상승,25,+0.59%,200,"16,517",70,"4,230","1,924",186,15.46,"96,005","4,220","4,260","8,185",269.97,6.76,"4,275","6,905","3,636",313,2.29,3.99,"4,195","6,921","45,437","2,359",274,0.62,N/A,63.30
452,포바이포,"17,140",하락,640,-3.60%,500,"159,708","2,766","17,510","1,914",-139,-18.94,"644,239","17,780","17,520",590,14.56,-32.55,"17,860","4,330",285,-123,0.14,-19.52,"17,060",901,"11,170",333,-905,7.03,0,-1.41
453,사피엔반도체,"23,300",보합,0,0.00%,100,"27,274",637,"23,400","1,914",-34,-77.67,"71,219","23,050","23,450",312,50.22,-125.23,"23,800","2,492",148,-171,4.34,-64.70,"22,850","3,833","8,213",80,-300,12.43,0,148.96
454,동양이엔피,"24,200",하락,250,-1.02%,500,"4,995",121,"24,350","1,902",516,2.86,"15,243","24,450","24,450","4,885",20.16,19.25,"24,600","3,787",874,695,7.49,15.23,"24,100","3,746","7,860","5,484","8,455",0.45,600,2.14
455,아바코,"12,920",하락,80,-0.62%,500,"10,743",139,"12,980","1,896",211,9.53,"58,687","13,000","12,990","3,907",378.73,13.70,"13,070","6,490","1,895",264,6.50,7.18,"12,910","1,376","14,677","3,055","1,356",0.95,500,63.51
456,KZ정밀,"12,030",하락,60,-0.50%,500,"1,400",17,"12,010","1,895",152,14.44,"4,200","12,090","12,040","6,044",-26.95,4.69,"12,090",938,"1,221",192,5.74,3.84,"11,980","2,051","15,750","1,127",833,0.47,800,-18.74
457,BGF에코머티리얼즈,"3,010",상승,65,+2.21%,500,"55,983",170,"3,065","1,889",140,13.50,"55,707","2,950","3,070","7,152",-18.51,4.00,"3,075","11,647","2,213",155,1.13,2.41,"2,925","12,800","62,767","3,643",223,0.46,50,27.54
458,유니셈,"6,160",하락,30,-0.48%,500,"21,290",131,"6,190","1,889",100,13.84,"127,521","6,200","6,220","2,631",-42.64,7.02,"6,260","8,792",348,155,7.53,6.12,"6,120","2,433","30,664","2,182",445,0.79,80,-6.01
459,국전약품,"3,780",하락,10,-0.26%,100,"16,075",61,"3,805","1,889",4,130.34,"206,142","3,845","3,810","2,123",-94.33,1.79,"3,845","2,608","1,148",5,0.58,0.25,"3,770","3,198","49,966","1,365",29,1.87,10,11.86
460,아가방컴퍼니,"5,740",상승,40,+0.70%,500,"89,723",513,"5,740","1,888",152,17.45,"243,038","5,670","5,750","2,238",-8.27,6.64,"5,780","12,973",562,102,2.64,4.57,"5,670","13,603","32,888","1,827",329,0.95,N/A,-1.97
461,케이에스피,"4,695",하락,85,-1.78%,500,"69,400",328,"4,725","1,887",138,14.01,"209,166","4,855","4,745","1,055",16.66,25.99,"4,940","12,263",341,153,2.50,16.91,"4,650","6,162","40,191",853,335,2.59,15,4.46
462,아티스트컴퍼니,"12,060",하락,260,-2.11%,500,"18,842",229,"12,240","1,880",-31,-21.27,"78,304","12,370","12,300",526,3.95,-30.27,"12,370","3,625",293,-78,1.97,-13.73,"12,060",672,"15,591",213,-567,3.47,N/A,-0.03
463,현대사료,994,보합,0,0.00%,100,0,0,0,"1,873",27,4.38,0,0,0,"1,170",-56.45,340.50,0,0,281,284,2.38,25.24,0,0,"188,472","1,285",227,2.24,N/A,-20.01
464,삼지전자,"11,460",상승,460,+4.18%,500,"53,184",598,"11,060","1,870","1,156",2.86,"52,205","11,020","11,090","12,019",47.57,16.21,"11,480","3,802","5,617",941,5.70,8.49,"10,940","3,123","16,319","33,597","4,004",0.42,450,32.99
465,지니언스,"20,550",하락,350,-1.67%,500,"17,669",368,"20,600","1,866",98,16.75,"102,041","21,700","20,650",693,52.16,20.33,"21,700","1,524",125,109,26.96,16.41,"20,400","1,111","9,080",496,"1,227",3.23,250,15.65
466,앱트뉴로사이언스,"1,171",상승,10,+0.86%,100,"189,816",219,"1,152","1,859",-128,-21.29,"1,548,100","1,151","1,153","2,064",-94.80,-27.51,"1,171","28,700","1,255",-192,3.61,-12.57,"1,145","10,928","158,791",184,-55,2.06,0,-9.98
467,KT나스미디어,"16,000",하락,160,-0.99%,500,"4,474",72,"15,980","1,851",199,-28.27,"26,615","16,160","15,990","4,927",-2.81,-3.13,"16,240","1,121","2,533",-46,6.06,-0.92,"15,960",171,"11,568","1,426",-566,0.93,700,-2.87
468,바이오에프디엔씨,"21,250",하락,200,-0.93%,500,"69,245","1,457","20,900","1,848",49,36.57,"410,013","21,650","21,100",673,-3.60,7.39,"21,850","6,370",42,45,11.11,6.92,"20,450","2,146","8,696",161,581,2.80,N/A,3.04
469,경동제약,"5,980",상승,10,+0.17%,500,"1,693",10,"5,970","1,840",26,31.64,"13,771","5,970","5,980","3,029",110.51,2.44,"6,000","7,317",825,54,1.66,1.83,"5,940","1,452","30,769","1,939",189,0.75,300,19.22
470,모다이노칩,"2,300",하락,25,-1.08%,500,"1,716",4,"2,330","1,834",386,23.71,"16,558","2,355","2,350","9,681",137.95,3.47,"2,355","10,994","5,865",127,0.15,1.30,"2,300","13,010","79,722","3,889",97,0.50,N/A,-0.28
471,HB테크놀러지,"1,976",상승,16,+0.82%,500,"133,139",261,"1,973","1,832",-165,-2.44,"1,223,493","1,955","1,979","3,488",25.16,-18.17,"1,982","10,182",921,-516,0.12,-13.70,"1,944","8,672","92,716","1,624",-811,0.69,20,45.43
472,사람인,"15,630",하락,120,-0.76%,500,"1,456",23,"15,670","1,830",213,18.45,"20,825","15,660","15,680","2,097",-15.84,7.12,"15,760",556,297,123,22.54,5.94,"15,580",263,"11,709","1,284",847,0.95,500,-2.41
473,강원에너지,"6,990",하락,10,-0.14%,500,"6,566",46,"7,030","1,826",68,72.81,"45,481","7,090","7,040","1,639",-2.25,2.60,"7,090","2,112",920,-6,1.71,-0.35,"6,960","2,612","26,123","2,244",96,4.46,N/A,61.21
474,젝시믹스,"6,090",상승,110,+1.84%,500,"29,976",182,"6,060","1,820",249,9.52,"74,376","6,000","6,070","1,727",36.85,20.72,"6,120",844,582,209,3.49,13.69,"5,960","6,742","29,882","2,716",640,1.66,180,16.78
475,와이솔,"6,525",하락,15,-0.23%,500,"6,591",43,"6,530","1,806",5,-58.26,"77,251","6,540","6,570","4,143",-96.58,3.12,"6,570","10,744",524,110,5.78,2.71,"6,510","11,825","27,672","3,750",-112,0.53,0,38.29
476,에스와이스틸텍,"5,890",상승,220,+3.88%,500,"210,409","1,237","5,840","1,803",81,38.75,"255,911","5,850","5,850",800,-44.49,12.65,"5,970","38,298",299,61,2.70,7.62,"5,810","4,061","30,610","1,170",152,3.66,500,1.42
477,넥써쓰,"3,070",하락,105,-3.31%,500,"109,202",336,"3,095","1,803",-89,-42.64,"979,779","3,175","3,105",338,44.70,-29.78,"3,175","19,254",80,-82,1.14,-22.40,"3,040","18,408","58,718",76,-72,5.60,50,-2.32
478,더네이쳐홀딩스,"12,090",하락,80,-0.66%,500,"2,467",30,"12,090","1,795",301,9.22,"47,821","12,050","12,140","6,983",-55.05,4.91,"12,150","2,629","2,987",190,8.53,2.84,"12,010",351,"14,848","5,169","1,311",0.49,500,-5.75
479,대한약품,"29,850",상승,50,+0.17%,500,"2,917",87,"29,700","1,791",381,5.40,"8,497","29,800","29,800","3,244",6.38,12.89,"29,900","1,828",484,338,16.72,10.91,"29,650",426,"6,000","2,042","5,523",0.63,900,4.23
480,아티스트스튜디오,"17,860",하락,590,-3.20%,500,"55,946","1,015","18,230","1,785",-73,-11.98,"262,696","18,630","18,240",593,5.99,-31.73,"18,630",852,51,-150,0.96,-27.16,"17,820",507,"9,996",273,"-1,491",3.32,N/A,-34.77
481,에스와이,"3,650",상승,45,+1.25%,500,"58,739",213,"3,625","1,785",219,-101.39,"141,516","3,640","3,630","4,334",61.79,2.02,"3,650","17,512","2,375",63,1.09,1.47,"3,620","4,744","48,907","5,610",-36,0.95,N/A,1.33
482,일진파워,"11,820",보합,0,0.00%,500,0,0,0,"1,782",103,97.69,0,0,0,"2,705",-21.70,7.94,0,0,"1,333",99,1.43,4.27,0,0,"15,079","1,931",121,1.36,330,1.19
483,보성파워텍,"3,620",하락,230,-5.97%,500,"1,330,999","4,829","3,610","1,778",48,30.17,"10,319,720","3,735","3,615",972,44.06,6.80,"3,755","50,658",69,60,2.18,6.14,"3,520","16,182","49,130",771,120,1.94,N/A,-1.83
484,HB솔루션,"2,425",하락,25,-1.02%,500,"49,784",121,"2,425","1,774",193,-4.46,"184,458","2,435","2,445","2,933",185.95,-9.21,"2,475","15,042",724,-208,3.16,-7.02,"2,410","6,162","73,141","1,315",-544,0.80,30,36.77
485,알서포트,"3,315",하락,35,-1.04%,100,"41,101",137,"3,335","1,766",37,85.00,"168,869","3,365","3,345","1,205",-53.60,3.23,"3,365","6,626",246,31,20.04,2.75,"3,310","6,895","53,267",475,39,1.80,10,-5.72
486,마이크로디지탈,"9,800",상승,30,+0.31%,500,"16,846",165,"9,700","1,765",3,-204.17,"50,903","9,700","9,750",542,-68.20,2.38,"9,980","1,131",251,4,1.43,1.07,"9,610","1,960","18,015",115,-48,5.22,0,6.40
487,자이언트스텝,"7,890",하락,50,-0.63%,500,"18,492",147,"7,950","1,760",-173,-6.53,"120,439","7,940","8,000",917,33.64,-33.10,"8,050","1,932",216,-283,2.74,-25.85,"7,870","1,815","22,312",501,"-1,209",2.69,N/A,18.39
488,하나기술,"22,000",하락,300,-1.35%,500,"6,368",141,"22,200","1,759",-264,-11.82,"27,394","22,200","22,350","2,400",-318.01,-14.73,"22,600",900,"1,421",-155,1.84,-6.58,"21,950",511,"7,995",942,"-1,861",1.83,0,-21.45
489,슈피겐코리아,"28,200",상승,200,+0.71%,500,240,7,"27,850","1,753",217,6.21,"1,563","28,000","28,000","5,690",-38.42,5.89,"28,200",448,509,279,8.68,5.14,"7,900","1,768","22,066","11,706",-953,0.48,100,4.80
490,지어소프트,"11,310",상승,30,+0.27%,500,"29,214",333,"11,480","1,750",291,9.21,"74,535","11,300","11,490","3,048",91.31,12.90,"11,550","3,692",881,280,9.97,9.32,"27,750",344,"6,216","4,653","4,540",0.33,462,4.00
491,엠케이전자,"7,930",하락,50,-0.63%,500,"3,876",31,"7,970","1,750",561,-8.32,"32,525","7,930","8,000","23,142",20.72,-7.45,"8,010","4,833","14,001",-377,4.30,-1.63,"11,220","5,924","15,474","5,472","1,228",1.12,N/A,7.52
492,유비쿼스홀딩스,"9,920",하락,30,-0.30%,500,140,1,"9,900","1,746",143,25.57,"4,266","9,980","9,920","3,877",-55.99,3.64,"9,980","1,001",311,214,3.55,5.50,"9,890",962,"17,605","1,256",388,0.66,130,-26.78
493,이엠텍,"10,180",하락,100,-0.97%,500,"21,872",223,"10,260","1,744",-305,-3.63,"69,637","10,150","10,310","3,462",-109.01,-19.74,"10,320","1,704","1,398",-447,6.00,-11.84,"10,150","1,080","17,133","1,676","-2,801",0.83,N/A,-36.39
494,마음AI,"24,600",하락,600,-2.38%,500,"80,605","2,021","25,250","1,742",-71,-14.05,"451,572","25,250","25,300",497,-84.58,-51.91,"25,700","10,311",364,-87,2.05,-16.49,"24,550","7,621","7,080",78,"-1,751",8.07,0,-23.96
495,녹십자웰빙,"9,760",보합,0,0.00%,500,"20,743",204,"9,860","1,733",130,15.84,"45,192","9,850","9,870","1,615",N/A,N/A,"9,900","2,718",566,71,4.18,N/A,"9,740","2,674","17,752","1,338",616,1.60,120,N/A
496,한국파마,"15,850",하락,40,-0.25%,500,"17,670",283,"16,100","1,729",61,57.85,"44,139","16,040","16,110","1,124",-2.92,5.42,"16,190","1,882",409,38,0.77,3.25,"15,850","2,758","10,907",813,274,2.42,50,-2.36
497,엔케이맥스,"2,020",보합,0,0.00%,500,0,0,0,"1,727",-51,-5.40,0,0,0,232,92.46,219.63,0,0,464,-355,4.73,-91.48,0,0,"85,519",88,-374,-7.32,N/A,-18.29
498,파워로직스,"4,700",하락,10,-0.21%,500,"11,867",56,"4,725","1,721",24,39.17,"107,266","4,710","4,740","4,161",-84.46,5.32,"4,780","2,263","1,981",100,0.86,2.49,"4,680","7,135","36,611","7,334",120,0.81,N/A,-5.14
499,인피니트헬스케어,"7,020",하락,40,-0.57%,500,"32,697",229,"7,080","1,713",139,5.16,"107,836","7,120","7,090","2,324",109.54,28.16,"7,130","4,639",516,446,3.95,21.92,"6,930","3,466","24,396","1,016","1,361",0.97,N/A,14.80
500,이지바이오,"5,150",상승,10,+0.19%,100,"23,255",119,"5,140","1,704",324,8.60,"222,191","5,140","5,160","3,600",57.00,26.72,"5,170","12,807","2,712",199,4.96,7.48,"5,100","18,549","33,082","3,843",599,2.05,200,132.39
