N,종목명,현재가,전일비변동,전일비,등락률,액면가,거래량,거래대금,매수호가,시가총액,영업이익,PER,액면가,전일거래량,시가,매도호가,자산총계,영업이익증가율,액면가,고가,매수총잔량,부채총계,당기순이익,외국인비율,액면가,저가,매도총잔량,상장주식수,매출액,주당순이익,액면가,보통주배당금
1,알테오젠,"381,000",상승,"31,000",+8.86%,500,"783,527","299,368","381,000","203,702",254,163.03,500,"426,366","374,000","381,500","4,090",360.91,500,"388,000","12,622","1,349",607,14.40,500,"370,500","22,585","53,465","1,029","2,337",500,0
2,에코프로비엠,"91,700",상승,"2,700",+3.03%,500,"445,175","41,069","91,600","89,684",-341,-96.63,500,"294,820","90,700","91,700","43,237",-121.86,500,"94,200","5,114","23,466",-585,11.39,500,"90,100","16,921","97,801","27,668",-949,500,N/A
3,HLB,"51,400",하락,"1,500",-2.84%,500,"635,815","33,126","51,400","67,552","-1,185",-35.77,500,"361,878","51,100","51,500","8,874",5.21,500,"53,650","50,640","2,353","-1,080",20.75,500,"51,000","20,463","131,425",681,"-1,437",500,0
4,에코프로,"43,700",상승,"1,600",+3.80%,100,"1,327,121","58,557","43,650","59,334","-2,930",-33.82,100,"882,100","43,050","43,700","81,383",-198.28,100,"45,100","17,949","42,998","-2,954",20.79,100,"43,050","32,316","135,776","31,279","-1,292",100,100
5,레인보우로보틱스,"286,000",상승,"17,000",+6.32%,500,"283,708","80,470","285,500","55,484",-30,"6,975.61",500,"78,970","272,500","286,000","1,399",93.32,500,"290,000","8,349",71,21,7.49,500,"272,000","16,413","19,400",193,41,500,N/A
6,파마리서치,"480,000",상승,"6,500",+1.37%,500,"93,024","45,368","480,000","50,446","1,261",47.71,500,"90,541","486,500","480,500","8,557",36.63,500,"499,000",851,"2,863",889,17.47,500,"479,000",618,"10,510","3,501","10,061",500,"1,100"
7,휴젤,"334,000",하락,"2,500",-0.74%,500,"60,281","20,408","334,000","41,095","1,662",29.00,500,"37,834","340,000","334,500","9,394",41.13,500,"344,500","1,908",986,"1,431",54.42,500,"331,500","3,024","12,304","3,730","11,517",500,0
8,리가켐바이오,"111,600",하락,"3,100",-2.70%,500,"380,828","42,494","111,600","40,857",-209,164.12,500,"132,737","114,800","111,700","7,384",74.12,500,"115,700","4,969","1,224",78,10.69,500,"109,100","7,417","36,610","1,259",680,500,N/A
9,클래시스,"59,000",상승,"1,000",+1.72%,100,"259,736","15,277","58,900","38,648","1,224",37.60,100,"231,133","58,900","59,000","6,084",36.62,100,"59,300","16,675","1,557",975,72.29,100,"58,000","12,419","65,506","2,429","1,569",100,257
10,펩트론,"161,000",하한가,"69,000",-30.00%,500,"1,402,421","226,993",0,"37,509",-165,-163.12,500,"134,873","161,000","161,000","1,689",-4.05,500,"167,400",0,172,-220,7.92,500,"161,000","348,256","23,297",32,-987,500,N/A
11,에이비엘바이오,"76,400",하락,"4,300",-5.33%,500,"1,223,510","93,872","76,400","37,075",-594,-55.73,500,"642,796","79,400","76,500","2,320","-2,168.82",500,"79,600","26,890",647,-555,14.82,500,"74,300","16,676","48,528",334,"-1,371",500,N/A
12,삼천당제약,"145,200",하락,800,-0.55%,500,"112,248","16,425","145,100","34,060",26,-293.93,500,"84,379","147,700","145,200","5,198",-72.36,500,"150,100","3,050","1,704",-51,3.16,500,"144,200","1,627","23,457","2,109",-494,500,200
13,리노공업,"43,600",상승,"3,000",+7.39%,100,"1,013,920","44,215","43,600","33,228","1,242",27.23,100,"354,996","42,100","43,650","6,574",8.59,100,"44,250","6,875",348,"1,133",35.38,100,"42,100","23,978","76,212","2,782","1,601",100,600
14,코오롱티슈진,"39,700",상승,300,+0.76%,0,"253,808","9,962","39,650","32,396",-220,-87.44,0,"264,167","39,000","39,700","2,223",-7.28,0,"40,350","3,268",764,-338,3.48,0,"38,400","1,091","81,601",51,-454,0,0
15,실리콘투,"51,800",하락,100,-0.19%,500,"1,008,976","51,860","51,700","31,687","1,376",23.58,500,"3,161,332","51,100","51,800","4,578",187.76,500,"52,300","35,309","1,962","1,207",6.41,500,"50,500","37,079","61,172","6,915","2,197",500,N/A
16,에스엠,"128,100",하락,"1,800",-1.39%,500,"187,778","24,224","128,000","29,328",873,11.77,500,"168,142","131,800","128,100","14,191",-23.06,500,"131,800","6,874","5,900",8,24.57,500,"127,600","4,492","22,895","9,897","10,881",500,400
17,JYP Ent.,"76,800",하락,200,-0.26%,500,"397,084","30,637","76,700","27,289","1,283",20.15,500,"382,514","78,300","76,800","6,788",-24.30,500,"78,400","18,595","1,959",977,22.44,500,"76,400","19,090","35,532","6,018","3,811",500,534
18,펄어비스,"38,500",상승,100,+0.26%,100,"153,618","5,895","38,500","24,735",-123,51.47,100,"102,122","38,700","38,550","11,428",24.82,100,"38,700","7,936","3,368",603,7.50,100,"38,025","14,291","64,248","3,424",748,100,N/A
19,셀트리온제약,"49,250",상승,250,+0.51%,500,"77,088","3,803","49,200","21,512",372,78.55,500,"41,006","49,600","49,250","6,695",3.19,500,"49,900","2,126","2,725",220,4.58,500,"48,950","6,516","43,679","4,778",627,500,24
20,젬백스,"49,950",하락,"1,350",-2.63%,500,"271,197","13,889","49,900","20,682",-383,-32.46,500,"273,106","52,500","49,950","1,507",-387.24,500,"54,000","6,521","1,217",-872,6.12,500,"49,500","8,484","41,406",627,"-1,539",500,0
21,보로노이,"102,700",하락,"1,000",-0.96%,500,"111,038","11,356","102,600","18,885",-179,-46.43,500,"103,394","102,900","102,700",640,-65.09,500,"105,400","2,246",297,-199,3.96,500,"99,500","2,156","18,388",98,"-2,212",500,0
22,케어젠,"34,700",상승,"2,500",+7.76%,100,"182,555","6,367","34,650","18,639",342,59.72,100,"44,626","33,000","34,700","2,407",-15.18,100,"36,250","2,983",177,323,5.00,100,"32,500","20,480","53,715",826,581,100,640
23,HPSP,"22,250",상승,250,+1.14%,500,"349,922","7,850","22,250","18,578",939,23.08,500,"224,420","22,400","22,300","3,199",-1.32,500,"22,800","29,043",420,863,20.52,500,"22,250","16,691","83,499","1,814",964,500,600
24,이오테크닉스,"147,800",상승,"2,800",+1.93%,500,"96,470","14,396","147,500","18,208",312,39.05,500,"46,920","148,800","147,800","6,530",0.84,500,"152,300","1,080",500,427,21.19,500,"146,700",778,"12,320","3,209","3,785",500,500
25,파크시스템스,"257,500",상승,500,+0.19%,500,"23,897","6,220","257,500","17,999",385,32.67,500,"32,822","262,500","258,000","2,743",39.80,500,"265,500","2,052",864,428,32.81,500,"257,000","1,000","6,990","1,751","7,881",500,500
26,네이처셀,"26,850",상승,450,+1.70%,500,"365,869","9,816","26,850","17,301",6,"-8,950.00",500,"448,198","26,100","26,900",720,105.82,500,"27,300","20,078",74,12,7.17,500,"26,000","20,244","64,435",323,-3,500,0
27,씨젠,"32,850",보합,0,0.00%,500,"270,834","8,925","32,800","17,156",-165,161.03,500,"369,112","33,200","32,850","12,053",45.17,500,"33,550","17,848","2,238",-203,15.49,500,"32,600","11,378","52,226","4,143",204,500,800
28,신성델타테크,"61,000",상승,"3,800",+6.64%,500,"298,114","18,078","61,000","16,765",272,"-1,326.09",500,"82,060","58,000","61,100","7,741",-9.01,500,"63,600","2,739","4,568",74,7.82,500,"57,000","3,858","27,484","9,097",-46,500,120
29,와이지엔터테인먼트,"86,000",보합,0,0.00%,500,"231,628","19,900","86,000","16,074",-206,68.86,500,"349,111","87,500","86,100","7,343",-123.65,500,"87,800","4,753","1,311",200,14.96,500,"84,800","8,150","18,691","3,649","1,249",500,250
30,브이티,"44,100",하락,300,-0.68%,500,"542,292","23,914","44,100","15,787","1,109",15.13,500,"1,224,433","44,750","44,150","3,596",143.48,500,"44,800","9,321","1,189","1,040",10.82,500,"43,300","12,775","35,798","4,317","2,914",500,N/A
31,에스티팜,"78,200",하락,"1,300",-1.64%,500,"117,125","9,166","78,100","15,760",277,52.52,500,"102,632","81,000","78,200","7,219",-17.36,500,"81,100","7,591","2,189",325,6.09,500,"77,300","2,788","20,153","2,738","1,489",500,500
32,스튜디오드래곤,"49,700",상승,"1,500",+3.11%,500,"212,649","10,600","49,650","14,939",364,95.39,500,"119,289","49,950","49,700","9,255",-34.86,500,"50,400","1,428","1,859",335,11.84,500,"49,100","6,583","30,058","5,501",521,500,N/A
33,주성엔지니어링,"31,600",상승,200,+0.64%,500,"415,743","13,310","31,550","14,937",972,12.69,500,"190,538","32,100","31,600","9,868",235.88,500,"32,600","19,009","4,202","1,068",17.85,500,"31,450","8,828","47,268","4,094","2,491",500,287
34,동진쎄미켐,"28,200",상승,250,+0.89%,500,"293,808","8,382","28,200","14,499","2,082",9.44,500,"349,615","28,600","28,250","20,170",18.19,500,"28,900","20,166","9,966","1,435",9.69,500,"28,100","14,659","51,414","14,081","2,986",500,200
35,엔켐,"67,500",상승,800,+1.20%,500,"247,734","17,174","67,500","14,306",-653,-6.58,500,"227,982","68,200","67,700","11,269","-2,244.05",500,"71,700","8,614","6,601","-5,712",6.88,500,"66,900","1,711","21,194","3,657","-10,265",500,N/A
36,CJ ENM,"64,900",상승,"4,500",+7.45%,"5,000","203,082","13,102","64,800","14,232","1,045",-2.59,"5,000","45,804","61,300","64,900","93,166",815.59,"5,000","66,000","1,709","56,386","-5,808",16.97,"5,000","61,000","7,953","21,929","52,314","-25,100","5,000",N/A
37,루닛,"48,350",상승,"1,350",+2.87%,500,"257,771","12,500","48,350","14,094",-677,-20.23,500,"159,444","48,000","48,400","4,350",-60.30,500,"49,000","7,123","2,702",-824,9.87,500,"47,950","3,056","29,150",542,"-2,390",500,0
38,카카오게임즈,"16,350",하락,330,-1.98%,100,"428,987","7,141","16,340","13,549",191,-10.18,100,"401,743","17,080","16,350","31,732",-74.60,100,"17,140","8,760","16,949","-1,281",10.96,100,"16,330","3,049","82,866","6,272","-1,606",100,N/A
39,테크윙,"34,250",상승,750,+2.24%,500,"510,181","17,794","34,250","12,794",234,-91.58,500,"429,037","34,450","34,300","5,062",640.74,500,"35,600","18,482","3,179",-220,10.63,500,"34,150","10,155","37,354","1,855",-374,500,130
40,솔브레인,"164,000",상승,"2,800",+1.74%,500,"19,442","3,204","164,000","12,757","1,679",12.32,500,"20,533","164,300","164,200","11,682",25.82,500,"165,800",699,"1,309","1,196",31.52,500,"163,000",337,"7,779","8,634","13,317",500,"2,300"
41,디어유,"53,500",상승,800,+1.52%,500,"267,927","14,213","53,500","12,700",254,61.49,500,"300,566","53,800","53,600","2,203",N/A,500,"54,500","4,471",243,244,5.99,500,"51,900","8,268","23,738",749,870,500,215
42,서진시스템,"22,550",상승,"1,050",+4.88%,500,"327,462","7,352","22,500","12,684","1,087",25.62,500,"379,167","22,100","22,550","21,032",121.85,500,"22,800","30,866","12,276",839,7.05,500,"22,000","23,230","56,248","12,138",880,500,N/A
43,메디톡스,"172,700",상승,"4,300",+2.55%,500,"55,597","9,638","172,700","12,604",203,60.13,500,"62,520","170,200","173,400","6,152",17.47,500,"175,700",720,"1,444",161,11.69,500,"168,700","1,122","7,298","2,286","2,872",500,"1,100"
44,메지온,"39,650",상승,150,+0.38%,500,"126,571","5,041","39,600","11,898",-143,-51.90,500,"68,034","39,250","39,650",740,1.31,500,"41,300","1,973",279,-195,21.07,500,"38,050","2,649","30,007",86,-764,500,0
45,하이젠알앤엠,"38,450",상승,350,+0.92%,500,"300,804","11,390","38,450","11,876",-4,-302.76,500,"211,135","38,500","38,500","1,202",-108.52,500,"38,750","6,631",518,-11,4.34,500,"36,300","10,199","30,888",759,-127,500,N/A
46,HK이노엔,"41,250",하락,350,-0.84%,500,"119,466","4,934","41,250","11,686",882,17.05,500,"112,510","42,000","41,300","18,896",33.82,500,"42,000","11,647","6,382",616,8.92,500,"40,900","5,487","28,330","8,971","2,419",500,350
47,원익IPS,"23,250",상승,400,+1.75%,500,"207,538","4,835","23,200","11,412",106,29.66,500,"145,554","23,350","23,250","11,241",158.88,500,"23,750","12,900","2,367",207,24.60,500,"23,100","7,529","49,084","7,482",784,500,50
48,대주전자재료,"73,700",상승,400,+0.55%,500,"97,934","7,286","73,700","11,409",294,30.06,500,"68,497","74,400","73,800","6,230",372.76,500,"76,100","5,994","3,927",364,18.74,500,"73,400","2,248","15,481","2,193","2,452",500,100
49,비에이치아이,"36,800",상승,900,+2.51%,500,"878,943","31,509","36,750","11,388",219,51.11,500,"1,032,187","35,300","36,800","5,248",45.34,500,"37,100","6,835","4,083",196,18.59,500,"34,850","18,072","30,944","4,047",720,500,N/A
50,지아이이노베이션,"18,080",하락,"1,200",-6.22%,500,"1,277,217","23,294","18,070","11,140",-483,-16.76,500,"1,328,386","19,000","18,080",458,9.46,500,"19,030","11,862",167,-588,4.97,500,"17,760","8,255","61,614",0,"-1,079",500,0
51,티씨케이,"94,500",상승,"5,300",+5.94%,500,"60,316","5,606","94,500","11,033",807,14.53,500,"19,450","91,000","94,600","5,635",21.06,500,"95,100",460,473,720,65.52,500,"90,400","2,650","11,675","2,757","6,503",500,"1,410"
52,고영,"15,970",상승,470,+3.03%,100,"1,377,302","21,848","15,960","10,964",33,64.66,100,"1,282,570","15,650","15,970","3,779",-83.69,100,"16,090","23,486",548,210,14.89,100,"15,300","20,888","68,655","2,025",247,100,140
53,ISC,"51,600",상승,"1,650",+3.30%,500,"142,646","7,433","51,600","10,938",448,23.93,500,"74,618","51,300","51,700","5,829",317.11,500,"52,900","5,104",597,549,18.45,500,"51,000","3,293","21,197","1,745","2,156",500,810
54,카페24,"44,900",상승,250,+0.56%,500,"167,300","7,532","44,850","10,890",319,36.68,500,"159,977","45,100","44,900","3,423","1,978.14",500,"45,650","6,384","1,267",235,22.08,500,"44,350","7,206","24,253","3,025","1,224",500,N/A
55,오스코텍,"28,150",하락,650,-2.26%,500,"169,624","4,806","28,100","10,767",-27,"2,815.00",500,"95,704","29,300","28,150","1,708",91.63,500,"29,650","7,079",384,-16,9.88,500,"27,950","1,496","38,248",340,10,500,N/A
56,하림지주,"9,320",상승,790,+9.26%,100,"1,655,897","15,326","9,320","10,439","7,655",10.90,100,"477,301","8,820","9,330","160,790",34.88,100,"9,450","16,841","101,370","1,748",8.05,100,"8,740","35,617","112,006","122,730",855,100,120
57,올릭스,"51,700",하락,"4,900",-8.66%,500,"884,349","46,313","51,700","10,224",-309,-19.97,500,"765,917","54,500","51,800",712,-70.02,500,"54,800","27,525",528,-407,4.80,500,"49,100","38,691","19,775",57,"-2,589",500,0
58,SOOP,"86,400",상승,600,+0.70%,500,"77,286","6,726","86,200","9,931","1,135",9.61,500,"46,222","87,200","86,400","7,157",25.69,500,"88,000","2,661","3,333","1,024",35.42,500,"85,500","1,185","11,495","4,132","8,990",500,"1,500"
59,제이앤티씨,"16,940",상승,240,+1.44%,500,"134,565","2,281","16,940","9,800",-461,-11.70,500,"223,986","17,050","16,960","6,397",-261.51,500,"17,170","16,690","3,026",-334,1.96,500,"16,830","9,975","57,848","2,732","-1,448",500,N/A
60,위메이드,"27,000",상승,"1,150",+4.45%,500,"159,011","4,312","26,950","9,166",71,4.13,500,"135,955","26,450","27,000","18,757",106.40,500,"28,000","7,712","10,438","1,816",8.37,500,"26,400","4,463","33,948","7,119","6,530",500,N/A
61,유일로보틱스,"79,600",상승,"4,800",+6.42%,500,"222,138","17,503","79,600","9,140",4,173.42,500,"107,393","75,700","79,700","1,174",106.14,500,"80,400","1,675",224,-91,15.04,500,"75,700","15,051","11,483",352,459,500,N/A
62,넥슨게임즈,"13,730",상승,290,+2.16%,500,"352,095","4,854","13,720","9,043",387,28.84,500,"388,813","13,620","13,730","4,872",222.40,500,"14,000","54,695","1,745",314,4.70,500,"13,620","6,780","65,860","2,561",476,500,N/A
63,국일제지,800,보합,0,0.00%,100,0,0,0,"9,019",-13,-88.89,100,0,0,0,"1,424",19.80,100,0,0,194,-130,0.82,100,0,0,"1,127,406",564,-9,100,N/A
64,로보티즈,"68,100",상승,"5,500",+8.79%,500,"1,185,713","79,138","68,000","8,998",-30,"1,335.29",500,"903,098","63,800","68,100","1,002",43.88,500,"69,500","7,109",42,-30,10.23,500,"63,500","16,503","13,213",300,51,500,0
65,원텍,"9,970",하락,300,-2.92%,100,"992,272","10,010","9,960","8,917",348,25.37,100,"3,736,046","10,160","9,970","1,779",-24.43,100,"10,370","53,980",511,291,6.80,100,"9,910","9,998","89,439","1,153",393,100,50
66,디앤디파마텍,"82,100",하락,"3,500",-4.09%,500,"332,798","27,265","82,000","8,824",-250,-26.02,500,"132,888","81,700","82,100",975,-85.50,500,"84,700","2,469",279,-295,3.10,500,"78,800","1,288","10,747",114,"-3,155",500,0
67,덕산네오룩스,"35,450",하락,"1,850",-4.96%,200,"458,487","16,997","35,450","8,803",525,19.41,200,"150,370","38,100","35,500","4,523",59.39,200,"39,050","6,202",533,458,7.31,200,"34,950","6,665","24,831","2,123","1,826",200,N/A
68,코나아이,"59,000",상한가,"13,550",+29.81%,500,"4,489,986","253,566","59,000","8,592",334,25.78,500,"1,200,911","55,500",0,"4,131",-0.80,500,"59,000","92,945","2,153",302,0.78,500,"50,200",0,"14,563","2,363","2,289",500,680
69,레이크머티리얼즈,"12,550",상승,470,+3.89%,100,"318,138","4,007","12,550","8,249",222,44.66,100,"207,116","12,250","12,560","3,513",-24.93,100,"12,870","2,050","2,200",210,6.99,100,"12,250","2,376","65,731","1,387",281,100,50
70,필옵틱스,"35,600",상승,"1,300",+3.79%,500,"422,034","14,884","35,550","8,147",138,161.09,500,"275,822","34,950","35,600","3,827",34.40,500,"35,650","10,599","1,441",129,2.26,500,"34,800","26,198","22,886","4,109",221,500,0
71,와이씨,"9,930",상승,280,+2.90%,100,"372,881","3,712","9,930","8,147",106,95.48,100,"193,502","9,810","9,940","5,769",23.66,100,"10,060","12,432","1,586",129,0.72,100,"9,810","14,239","82,045","2,112",104,100,N/A
72,에스에프에이,"21,800",상승,750,+3.56%,500,"77,106","1,677","21,800","7,828",-484,-9.49,500,"31,006","21,550","21,850","24,796",-154.44,500,"22,100","56,855","9,572",-321,9.06,500,"21,400","3,510","35,909","20,454","-2,296",500,270
73,동성화인텍,"26,050",상승,250,+0.97%,500,"311,126","8,042","26,000","7,812",540,19.69,500,"287,175","25,800","26,050","4,555",35.13,500,"26,200","4,109","2,530",393,16.14,500,"25,250","35,517","29,989","5,974","1,323",500,350
74,동국제약,"17,040",하락,20,-0.12%,500,"156,247","2,666","17,040","7,648",804,13.29,500,"125,158","17,290","17,050","9,532",20.26,500,"17,300","2,187","2,742",623,14.54,500,"16,920","1,385","44,884","8,122","1,282",500,200
75,피엔티,"32,150",상승,500,+1.58%,500,"177,114","5,747","32,150","7,633","1,632",6.98,500,"154,362","32,000","32,200","16,203",112.19,500,"33,150","13,864","9,957","1,422",4.12,500,"32,000","15,154","23,743","10,351","4,605",500,100
76,성광벤드,"27,100",상승,200,+0.74%,500,"234,627","6,309","27,100","7,569",420,19.77,500,"276,082","26,850","27,150","5,631",-6.35,500,"27,200","17,100",443,410,22.61,500,"26,200","21,490","27,929","2,277","1,371",500,200
77,유진테크,"32,950",상승,300,+0.92%,500,"130,734","4,352","32,950","7,551",612,11.64,500,"70,716","33,350","33,000","5,395",151.49,500,"33,800","3,264","1,038",654,30.73,500,"32,750","1,824","22,916","3,381","2,831",500,230
78,솔브레인홀딩스,"35,950",상승,"6,400",+21.66%,500,"262,868","9,185","35,900","7,537",853,15.93,500,"17,786","30,950","35,950","19,966",-29.47,500,"36,900","1,460","5,055",557,4.94,500,"30,750","5,723","20,964","5,154","2,257",500,220
79,에스앤에스텍,"34,400",상승,450,+1.33%,500,"114,526","3,945","34,350","7,379",295,21.25,500,"133,980","34,650","34,400","2,970",17.73,500,"34,700","5,141",502,303,9.09,500,"34,150","5,878","21,451","1,760","1,619",500,150
80,하나마이크론,"10,850",상승,420,+4.03%,500,"851,744","9,287","10,840","7,190","1,068",-76.41,500,"614,318","10,580","10,850","19,446",84.43,500,"11,050","20,316","13,388",-112,9.98,500,"10,580","8,995","66,272","12,507",-142,500,70
81,LS머트리얼즈,"10,530",상승,440,+4.36%,500,"242,491","2,546","10,520","7,124",62,228.91,500,"116,288","10,210","10,530","2,531",-54.33,500,"10,630","2,629",460,57,3.94,500,"10,200","15,476","67,653","1,421",46,500,N/A
82,HLB생명과학,"5,830",하락,170,-2.83%,500,"466,991","2,749","5,830","7,108",-248,-3.52,500,"154,400","5,800","5,840","5,390",-1.17,500,"6,020","70,394","1,402",62,9.79,500,"5,800","7,494","121,917","1,022","-1,657",500,0
83,현대힘스,"19,940",하락,860,-4.13%,500,"917,633","18,165","19,940","7,064",215,39.56,500,"347,601","20,600","19,950","3,265",48.99,500,"20,650","4,254",930,166,1.76,500,"19,380","36,707","35,425","2,232",504,500,100
84,안랩,"63,100",상승,500,+0.80%,500,"52,207","3,267","63,100","7,021",277,18.86,500,"32,861","62,300","63,200","4,647",4.77,500,"63,400","2,129",959,324,31.96,500,"61,800","8,503","11,127","2,606","3,346",500,"1,300"
85,펌텍코리아,"56,200",하락,300,-0.53%,500,"54,538","3,060","56,200","6,969",484,19.56,500,"60,164","57,400","56,300","4,076",37.15,500,"57,700","1,819",869,383,15.21,500,"55,600","1,757","12,400","3,375","2,873",500,420
86,SAMG엔터,"78,800",상승,800,+1.03%,500,"122,364","9,675","78,800","6,911",-61,-93.59,500,"165,226","80,300","78,900",974,35.14,500,"80,700","18,360",666,-194,18.40,500,"77,900","2,288","8,771","1,164",-842,500,N/A
87,태성,"22,600",상승,"1,450",+6.86%,100,"235,878","5,223","22,550","6,893",60,262.79,100,"119,297","21,400","22,600",796,980.50,100,"22,600","10,197",386,60,3.44,100,"21,300","13,036","30,501",592,86,100,0
88,피에스케이홀딩스,"31,800",상승,700,+2.25%,500,"143,673","4,592","31,800","6,857",885,7.41,500,"70,516","31,950","31,850","5,136",228.07,500,"32,450","7,150",821,958,3.89,500,"31,550","5,682","21,562","2,155","4,289",500,700
89,아난티,"7,610",상승,150,+2.01%,100,"2,450,667","18,715","7,610","6,745",8,-40.70,100,"986,834","7,830","7,620","16,224",-99.70,100,"8,020","38,420","9,110",-324,7.50,100,"7,350","32,598","88,629","2,852",-187,100,N/A
90,비츠로셀,"28,950",상승,300,+1.05%,500,"70,864","2,041","28,900","6,622",519,12.63,500,"56,641","28,850","28,950","3,179",37.73,500,"29,050","5,707",348,513,29.34,500,"28,425","4,229","22,872","2,108","2,292",500,460
91,LS마린솔루션,"20,100",상승,"1,750",+9.54%,"1,000","542,774","10,712","20,050","6,566",124,39.96,"1,000","183,175","19,290","20,100","2,543",N/A,"1,000","20,450","3,350",461,132,3.21,"1,000","19,110","25,013","32,669","1,303",503,"1,000",160
92,다우데이타,"17,140",상승,350,+2.08%,500,"418,792","7,180","17,130","6,565","12,059",4.53,500,"359,766","17,050","17,140","577,571",80.54,500,"17,500","3,737","512,862","8,659",10.51,500,"16,800","5,197","38,300","121,361","3,783",500,450
93,엘앤씨바이오,"28,000",상승,300,+1.08%,500,"268,531","7,628","27,900","6,490",25,4.57,500,"360,228","28,000","28,000","4,756",-68.73,500,"29,300","6,154","1,809","1,410",8.08,500,"27,650","4,056","23,179",721,"6,131",500,50
94,HLB테라퓨틱스,"7,690",하락,90,-1.16%,500,"356,359","2,753","7,670","6,488",-76,-23.52,500,"305,890","7,510","7,690","2,198",12.63,500,"7,950","12,011",379,-235,6.03,500,"7,490","2,034","84,371",549,-327,500,0
95,코미코,"60,800",상승,"4,100",+7.23%,500,"173,171","10,384","60,800","6,360","1,125",11.09,500,"64,834","57,900","60,900","8,003",240.50,500,"61,100","1,479","4,246",878,20.02,500,"57,700","9,424","10,461","5,071","5,483",500,"1,000"
96,휴온스글로벌,"49,000",상승,"1,500",+3.16%,500,"52,264","2,574","48,900","6,192",970,23.76,500,"28,255","48,350","49,000","14,059",-14.88,500,"50,600",445,"4,418",671,7.81,500,"47,700","1,118","12,637","8,135","2,062",500,525
97,한글과컴퓨터,"25,500",상승,850,+3.45%,500,"1,250,812","31,800","25,450","6,166",404,39.66,500,"1,319,246","26,100","25,500","6,819",18.37,500,"26,250","38,492","1,963",140,7.43,500,"24,600","29,564","24,180","3,048",643,500,410
98,HLB제약,"18,790",하락,250,-1.31%,500,"145,082","2,723","18,780","6,161",15,115.28,500,"79,761","18,220","18,790","1,579",107.54,500,"19,220","1,370",415,20,0.79,500,"18,200","1,440","32,791","1,371",163,500,0
99,위메이드맥스,"7,390",상승,430,+6.18%,500,"146,623","1,063","7,380","6,129",-81,-29.44,500,"180,449","7,020","7,390","5,976",-315.03,500,"7,400","1,210",962,-157,11.54,500,"6,970","2,749","82,936",750,-251,500,0
100,나노신소재,"50,200",상승,"1,200",+2.45%,500,"53,010","2,681","50,100","6,123",30,-274.32,500,"42,811","49,900","50,200","4,422",-74.88,500,"51,500","1,154","1,980",-19,8.22,500,"49,800","4,309","12,198",878,-183,500,250
101,인카금융서비스,"11,880",상승,580,+5.13%,100,"509,290","6,085","11,880","6,104",863,9.38,100,"318,051","11,560","11,890","7,074",85.22,100,"12,280","2,557","5,602",620,4.79,100,"11,220","5,143","51,380","8,323","1,267",100,100
102,엠로,"48,950",상승,500,+1.03%,500,"93,024","4,584","48,900","6,038",86,30.27,500,"38,822","49,750","48,950","1,024",84.58,500,"50,200","2,524",134,186,4.39,500,"48,700","2,639","12,335",795,"1,617",500,0
103,휴메딕스,"53,600",상승,100,+0.19%,500,"75,164","4,048","53,600","6,019",431,13.86,500,"76,531","53,200","53,800","2,498",15.63,500,"54,800","1,681",212,393,9.74,500,"53,100","6,330","11,230","1,619","3,868",500,630
104,우리기술투자,"7,160",상승,290,+4.22%,500,"475,614","3,378","7,150","6,014","1,757",4.07,500,"262,436","6,950","7,160","8,038",14.13,500,"7,160","9,894","1,376","1,477",2.05,500,"6,950","33,782","84,000","1,923","1,759",500,N/A
105,비올,"10,150",하락,550,-5.14%,100,"1,434,134","14,499","10,150","5,930",361,16.86,100,"640,566","10,720","10,160",981,61.62,100,"10,780","12,979",92,326,7.01,100,"9,770","15,296","58,419",582,602,100,20
106,아이쓰리시스템,"82,900",하락,100,-0.12%,500,"42,486","3,499","82,800","5,892",148,36.89,500,"148,709","83,100","82,900","1,468",20.94,500,"84,100","1,240",411,150,4.65,500,"81,300","2,930","7,107","1,207","2,247",500,400
107,에스피지,"26,450",상승,"1,450",+5.80%,500,"358,399","9,359","26,400","5,866",123,43.01,500,"195,505","25,500","26,450","3,975",-22.76,500,"26,550","13,009","1,434",131,4.56,500,"25,350","24,165","22,177","3,885",615,500,150
108,인투셀,"39,100",하락,"3,750",-8.75%,500,"772,909","30,845","39,100","5,798",-98,-51.72,500,"579,421","41,550","39,150",237,43.70,500,"41,800","7,607",162,-99,0.15,500,"38,800","5,597","14,829",29,-756,500,0
109,RFHIC,"21,800",상승,900,+4.31%,500,"519,783","11,386","21,800","5,774",15,76.49,500,"970,898","21,550","21,850","4,829",404.84,500,"22,450","14,107","1,250",197,10.08,500,"21,550","11,968","26,484","1,149",285,500,100
110,시노펙스,"6,570",상승,60,+0.92%,500,"427,112","2,809","6,560","5,763",212,22.27,500,"254,217","6,540","6,570","2,354",-12.19,500,"6,610","24,111",678,280,2.31,500,"6,530","93,481","87,720","2,383",295,500,0
111,심텍,"18,070",상승,180,+1.01%,500,"225,588","4,140","18,060","5,756",-470,-11.35,500,"186,455","18,360","18,070","14,433",46.70,500,"18,530","6,862","9,948",-310,5.05,500,"18,040","12,688","31,854","12,314","-1,592",500,100
112,네오위즈,"26,300",상승,700,+2.73%,500,"105,812","2,753","26,250","5,748",329,-70.51,500,"84,979","25,800","26,300","6,200",4.20,500,"26,300","20,935","1,011",-70,12.28,500,"25,700","18,733","21,857","3,668",-373,500,N/A
113,바이넥스,"17,570",하락,450,-2.50%,500,"486,786","8,590","17,570","5,743",-308,-22.38,500,"848,756","18,340","17,580","2,794","-3,050.79",500,"18,340","7,713",978,-352,6.53,500,"17,350","2,155","32,684","1,301",-785,500,N/A
114,메가스터디교육,"52,800",하락,200,-0.38%,100,"24,669","1,306","52,500","5,687","1,236",12.10,100,"14,813","54,000","52,800","8,783",-2.99,100,"54,000",487,"4,116",502,29.04,100,"52,000","2,140","10,771","9,422","4,363",100,"1,500"
115,씨아이에스,"7,290",상승,120,+1.67%,100,"274,556","1,998","7,280","5,640",593,9.30,100,"235,741","7,250","7,290","7,338",52.39,100,"7,370","11,463","2,551",562,8.22,100,"7,200","27,592","77,372","5,085",784,100,N/A
116,차바이오텍,"10,010",상승,140,+1.42%,500,"247,312","2,488","10,010","5,637",-597,-44.69,500,"1,000,099","10,010","10,020","21,944",-523.82,500,"10,150","9,963","14,755",-146,6.14,500,"9,950","8,088","56,314","10,450",-224,500,0
117,코스메카코리아,"52,200",하락,700,-1.32%,500,"107,547","5,661","52,200","5,575",604,13.39,500,"213,731","53,400","52,300","5,179",22.80,500,"53,500","4,425","2,103",537,13.60,500,"51,800","3,949","10,680","5,243","3,897",500,100
118,넥스틴,"52,900",하락,200,-0.38%,500,"117,176","6,274","52,900","5,542",470,20.70,500,"36,115","54,000","53,000","1,898",29.89,500,"55,300","8,687",322,384,12.95,500,"52,500","1,651","10,477","1,137","2,555",500,500
119,제룡전기,"34,500",상승,"1,200",+3.60%,500,"160,948","5,525","34,450","5,542",978,7.60,500,"174,195","33,850","34,500","2,418",39.48,500,"34,600","6,845",451,799,13.29,500,"33,850","17,941","16,062","2,627","4,539",500,"1,000"
120,서부T&D,"8,350",상승,130,+1.58%,500,"690,814","5,824","8,340","5,505",480,16.34,500,"856,071","8,320","8,350","28,945",28.91,500,"8,550","16,861","16,536",647,11.59,500,"8,300","9,488","65,927","1,875",511,500,100
121,피에스케이,"18,960",상승,570,+3.10%,500,"206,776","3,935","18,930","5,492",839,7.00,500,"104,808","18,740","18,960","5,694",55.08,500,"19,250","1,916",976,791,25.36,500,"18,710","2,270","28,967","3,981","2,708",500,400
122,태웅,"27,400",하락,100,-0.36%,500,"711,967","18,837","27,350","5,482",228,28.10,500,"12,252,677","26,900","27,400","8,126",-42.28,500,"27,400","23,846","2,081",247,8.09,500,"25,850","27,014","20,007","3,863",975,500,N/A
123,두산테스나,"27,750",보합,0,0.00%,500,"274,375","7,612","27,750","5,363",379,39.64,500,"493,364","27,750","27,850","7,877",N/A,500,"28,200","19,267","3,500",368,4.58,500,"27,100","9,941","19,327","3,731",700,500,160
124,쎄트렉아이,"48,600",상승,"1,150",+2.42%,500,"41,034","1,977","48,550","5,322",-31,43.39,500,"39,051","47,900","48,600","4,470",29.44,500,"48,800","5,742","2,230",62,6.36,500,"46,500","2,029","10,951","1,713","1,120",500,190
125,현대바이오,"11,010",상승,180,+1.66%,500,"189,206","2,080","11,010","5,287",8,-33.26,500,"225,503","10,980","11,020",677,108.08,500,"11,070","5,522",283,-69,9.80,500,"10,830","7,606","48,022",151,-331,500,N/A
126,파두,"10,480",상승,380,+3.76%,100,"139,845","1,477","10,480","5,180",-950,-5.91,100,"79,776","10,280","10,540","1,344",-62.28,100,"10,730","3,545",365,-915,6.16,100,"10,200","2,521","49,428",435,"-1,772",100,0
127,솔트룩스,"42,500",상승,"7,650",+21.95%,500,"4,273,367","173,537","42,450","5,155",-66,-98.38,500,"1,028,340","39,950","42,500",932,28.63,500,"43,150","25,333",206,-59,2.03,500,"36,300","20,024","12,131",459,-432,500,N/A
128,데브시스터즈,"42,150",하락,650,-1.52%,500,"67,666","2,874","42,150","5,144",272,17.72,500,"102,682","43,650","42,200","2,604",156.64,500,"43,700","1,334","1,062",283,10.17,500,"42,050","1,752","12,203","2,362","2,379",500,0
129,티앤엘,"62,900",보합,0,0.00%,500,"61,383","3,866","62,900","5,113",570,9.27,500,"41,704","64,000","63,000","1,971",84.69,500,"64,000","3,677",256,464,14.95,500,"62,200","4,521","8,128","1,749","6,787",500,750
130,에코프로에이치엔,"24,300",상승,400,+1.67%,500,"103,648","2,549","24,300","5,097",242,23.87,500,"49,713","24,300","24,350","4,667",-42.02,500,"25,000","4,674","1,704",215,9.94,500,"24,200","3,370","20,975","2,345","1,018",500,300
131,SFA반도체,"3,095",상승,70,+2.31%,500,"336,707","1,048","3,095","5,090",0,-206.33,500,"370,463","3,085","3,100","6,235",99.77,500,"3,140","21,118","1,256",205,3.90,500,"3,065","42,671","164,460","4,005",-15,500,N/A
132,태광,"19,050",상승,170,+0.90%,500,"211,649","3,990","19,040","5,048",399,12.97,500,"130,739","19,020","19,050","6,603",-30.93,500,"19,150","2,153",509,461,13.56,500,"18,400","4,148","26,500","2,668","1,469",500,250
133,하나머티리얼즈,"25,350",하락,50,-0.20%,500,"173,006","4,436","25,350","5,014",434,15.46,500,"52,054","26,000","25,400","5,739",5.16,500,"26,300","4,890","2,201",318,20.04,500,"25,050","3,666","19,778","2,516","1,640",500,250
134,컴투스,"38,950",상승,950,+2.50%,500,"59,453","2,314","38,950","4,961",61,-4.44,500,"46,346","38,450","39,000","16,460",118.47,500,"39,250","1,781","5,961","-1,520",13.25,500,"38,400","4,122","12,738","6,939","-8,768",500,"1,300"
135,감성코퍼레이션,"5,330",상승,10,+0.19%,500,"967,559","5,161","5,330","4,877",361,16.35,500,"1,529,552","5,320","5,340","1,543",11.82,500,"5,440","32,299",419,293,12.82,500,"5,250","14,953","91,500","2,204",326,500,0
136,지엔씨에너지,"29,600",상승,"2,600",+9.63%,500,"712,749","20,785","29,550","4,869",317,10.12,500,"234,581","28,850","29,600","2,652",187.62,500,"29,850","7,924","1,038",389,7.36,500,"27,800","24,790","16,449","2,263","2,924",500,100
137,인텔리안테크,"45,250",하락,250,-0.55%,500,"96,422","4,395","45,250","4,857",-194,-39.59,500,"89,869","45,900","45,350","4,407",-281.28,500,"46,400","2,650","1,761",-30,11.81,500,"44,750","1,380","10,733","2,578","-1,143",500,100
138,큐리옥스바이오시스템즈,"30,000",하락,"1,700",-5.36%,500,"127,486","3,871","29,950","4,845",-134,-53.38,500,"170,728","30,900","30,000",706,-26.72,500,"31,300","6,800",219,-81,14.55,500,"29,850","4,012","16,149",46,-562,500,N/A
139,현대무벡스,"4,090",상승,235,+6.10%,100,"606,109","2,479","4,085","4,820",246,21.76,100,"141,893","3,940","4,090","2,989",493.03,100,"4,185","35,458","1,267",269,2.84,100,"3,935","11,127","117,846","3,414",188,100,50
140,웹젠,"13,890",하락,60,-0.43%,500,"102,268","1,444","13,890","4,806",546,12.90,500,"61,873","14,230","13,900","7,509",9.32,500,"14,390","3,210",783,568,29.91,500,"13,820","1,219","34,601","2,147","1,077",500,300
141,유바이오로직스,"13,090",상승,300,+2.35%,500,"247,463","3,229","13,080","4,794",343,12.44,500,"267,722","13,000","13,090","2,021",345.78,500,"13,260","1,544",701,190,7.81,500,"12,820","5,237","36,624",960,"1,052",500,0
142,원익홀딩스,"6,130",상승,800,+15.01%,500,"30,954,491","186,093","6,130","4,735",306,-11.08,500,"3,204,369","5,420","6,140","18,901",-33.12,500,"6,250","149,624","6,416",-611,3.82,500,"5,390","274,315","77,238","6,455",-553,500,N/A
143,바이오다인,"15,890",하락,400,-2.46%,500,"99,472","1,576","15,870","4,730",-17,"-2,270.00",500,"85,038","16,150","15,890",443,15.65,500,"16,250","3,433",11,0,3.81,500,"15,500","1,022","29,764",53,-7,500,N/A
144,가온칩스,"40,700",상승,"1,600",+4.09%,500,"46,087","1,866","40,650","4,720",35,203.50,500,"21,111","40,250","40,700","1,127",-19.00,500,"40,750","1,442",434,75,0.96,500,"40,000","3,586","11,597",965,200,500,N/A
145,아스테라시스,"12,700",상승,310,+2.50%,100,"323,655","4,092","12,680","4,655",67,73.41,100,"392,114","12,430","12,700",247,328.57,100,"12,810","1,955",51,54,3.38,100,"12,300","17,315","36,655",288,173,100,32
146,포스코엠텍,"11,140",상승,140,+1.27%,500,"101,582","1,136","11,140","4,639",14,-265.24,500,"83,075","11,040","11,160","1,498",-68.30,500,"11,290","2,019",379,6,6.18,500,"10,560","5,629","41,643","3,466",-42,500,20
147,미코,"13,850",상승,820,+6.29%,500,"629,585","8,557","13,840","4,628",946,15.94,500,"401,456","13,400","13,850","13,927",216.51,500,"13,940","7,846","8,598",765,11.74,500,"13,080","5,169","33,417","5,405",869,500,N/A
148,제주반도체,"13,410",상승,370,+2.84%,500,"380,596","5,102","13,400","4,619",96,27.94,500,"172,334","13,250","13,410","2,254",-46.29,500,"13,550","5,328",412,194,0.00,500,"13,250","15,030","34,443","1,623",480,500,N/A
149,신라젠,"3,330",상승,45,+1.37%,500,"492,420","1,626","3,325","4,600",-268,-16.40,500,"542,525","3,250","3,330","1,490",-25.40,500,"3,345","22,027",172,-265,2.39,500,"3,250","42,770","138,130",39,-203,500,0
150,에스티큐브,"6,740",상승,140,+2.12%,500,"171,492","1,135","6,700","4,582",-226,-18.62,500,"103,458","6,650","6,740","1,119",13.15,500,"6,860","5,711",176,-214,3.82,500,"6,450","21,173","67,983",113,-362,500,N/A
151,콜마비앤에이치,"15,440",상승,170,+1.11%,500,"103,225","1,586","15,430","4,542",246,35.82,500,"152,948","15,490","15,440","6,909",-18.62,500,"15,600","2,361","2,956",172,2.83,500,"15,180","1,687","29,416","6,156",431,500,308
152,아이센스,"16,380",상승,560,+3.54%,500,"108,709","1,763","16,360","4,540",27,420.00,500,"47,298","16,270","16,380","5,909",-75.68,500,"16,470","1,715","2,479",-20,25.91,500,"15,850","5,677","27,715","2,911",39,500,100
153,케이엠더블유,"11,330",상승,270,+2.44%,500,"536,084","5,961","11,320","4,512",-455,-13.27,500,"895,947","10,990","11,330","2,690",27.65,500,"11,380","5,423","1,254",-386,5.97,500,"10,820","10,822","39,821",874,-854,500,N/A
154,성우하이텍,"5,630",상승,150,+2.74%,500,"284,445","1,584","5,620","4,504","2,059",3.04,500,"264,976","5,550","5,630","45,631",-19.81,500,"5,630","24,127","27,210","1,351",6.07,500,"5,520","11,317","80,000","42,451","1,855",500,150
155,이녹스첨단소재,"22,250",상승,600,+2.77%,500,"90,288","2,015","22,200","4,501",868,5.92,500,"146,886","22,100","22,250","8,260",105.88,500,"22,550","4,154","3,574",701,14.57,500,"22,000","8,639","20,228","4,228","3,759",500,350
156,테스,"22,700",상승,350,+1.57%,500,"104,560","2,403","22,700","4,487",385,8.69,500,"91,513","22,700","22,750","3,812",756.34,500,"23,350","3,497",506,427,6.85,500,"22,600","3,622","19,768","2,401","2,611",500,600
157,클로봇,"18,180",상승,650,+3.71%,500,"520,671","9,440","18,170","4,482",-75,-58.08,500,"247,929","18,110","18,180",695,-29.94,500,"18,320","7,268",95,-67,0.34,500,"17,920","10,814","24,651",334,-313,500,N/A
158,원익QnC,"16,970",상승,460,+2.79%,500,"160,105","2,722","16,970","4,461",906,8.91,500,"139,291","16,790","16,990","15,347",9.19,500,"17,140","2,121","9,654",615,4.95,500,"16,750","5,516","26,288","8,915","1,905",500,100
159,이뮨온시아,"6,100",하락,280,-4.39%,500,"1,863,133","11,570","6,090","4,453",-126,N/A,500,"3,256,571","6,470","6,100",262,-6.80,500,"6,490","82,076",68,-57,0.25,500,"6,060","29,796","73,004",7,N/A,500,0
160,티에스이,"39,950",상승,150,+0.38%,500,"46,650","1,877","39,900","4,419",399,9.59,500,"14,147","40,500","39,950","5,194","1,776.34",500,"40,950","3,695","1,197",450,5.87,500,"39,700","5,082","11,061","3,481","4,165",500,400
161,한텍,"39,650",하락,750,-1.86%,"5,000","336,909","13,583","39,650","4,410",168,13.30,"5,000","375,463","40,300","39,700","2,075",10.40,"5,000","41,400","13,632",958,263,3.98,"5,000","39,500","3,804","11,121","1,559","2,981","5,000",450
162,한국기업평가,"96,400",상승,400,+0.42%,"5,000","3,303",317,"96,000","4,377",327,17.36,"5,000","4,368","95,800","96,400","1,753",26.48,"5,000","96,500",491,405,286,80.78,"5,000","95,400",705,"4,541","1,041","5,552","5,000","3,954"
163,삼현,"13,760",상승,430,+3.23%,500,"152,409","2,079","13,750","4,363",55,48.79,500,"103,796","13,470","13,760","1,403",N/A,500,"13,770","3,703",251,83,0.73,500,"13,380","11,087","31,708","1,004",282,500,50
164,코엔텍,"8,940",보합,0,0.00%,500,0,0,0,"4,343",305,16.93,500,0,0,0,"2,335",-11.33,500,0,0,514,263,7.64,500,0,0,"48,581",805,528,500,0
165,동화기업,"8,550",상승,150,+1.79%,200,"137,243","1,181","8,550","4,323",167,-19.52,200,"106,018","8,440","8,560","23,972",200.80,200,"8,760","2,701","14,194",-162,50.36,200,"8,440","2,374","50,557","9,180",-438,200,N/A
166,이엔에프테크놀로지,"29,950",상승,"1,150",+3.99%,500,"138,360","4,152","29,900","4,279",593,10.66,500,"81,065","29,500","29,950","7,236",148.52,500,"30,400","4,010","3,222",297,6.50,500,"29,450","7,892","14,288","5,824","2,810",500,150
167,글로벌텍스프리,"6,080",보합,0,0.00%,500,"736,437","4,459","6,080","4,273",218,35.98,500,"848,519","6,150","6,090","1,745",121.88,500,"6,210","33,492",462,63,15.82,500,"5,960","24,133","70,283","1,297",169,500,N/A
168,바이오플러스,"6,990",하락,20,-0.29%,500,"446,870","3,112","6,990","4,229",237,21.71,500,"482,215","7,020","7,000","2,643",-15.55,500,"7,060","34,552","1,166",175,8.60,500,"6,840","8,532","60,500",664,322,500,50
169,쏠리드,"6,910",상승,260,+3.91%,500,"910,635","6,282","6,910","4,222",351,13.74,500,"763,028","6,730","6,920","4,968",-3.11,500,"6,960","46,260","1,740",462,9.25,500,"6,720","62,459","61,095","3,311",503,500,50
170,유진로봇,"11,250",상승,450,+4.17%,500,"1,709,172","19,465","11,240","4,220",-42,-86.54,500,"658,244","11,900","11,250",547,20.92,500,"11,900","18,008",190,-32,13.38,500,"11,070","9,387","37,512",260,-130,500,N/A
171,유티아이,"23,300",상승,800,+3.56%,500,"60,552","1,398","23,150","4,183",-322,-15.44,500,"41,896","23,000","23,300","1,606",-63.41,500,"23,400","11,120",861,-227,13.09,500,"22,600","6,924","17,953",186,"-1,509",500,N/A
172,큐로셀,"29,200",하락,800,-2.67%,500,"37,282","1,102","29,150","4,182",-106,-11.62,500,"25,289","30,450","29,200",515,-138.14,500,"30,600","9,626",490,-77,1.03,500,"29,150","3,403","14,324",0,"-2,512",500,0
173,인벤티지랩,"39,000",하락,"3,950",-9.20%,500,"643,970","25,308","39,000","4,167",-190,-21.49,500,"613,435","38,950","39,050",723,-18.81,500,"41,100","5,752",397,-170,1.56,500,"37,850","3,312","10,684",18,"-1,815",500,0
174,골프존,"66,200",상승,800,+1.22%,500,"16,185","1,071","65,800","4,154",958,8.28,500,"7,473","65,800","66,200","6,655",-16.34,500,"66,600",643,"2,188",420,22.47,500,"65,500","2,419","6,275","6,200","7,991",500,"4,000"
175,서희건설,"1,806",상승,27,+1.52%,500,"630,668","1,137","1,805","4,150","2,357",3.77,500,"390,438","1,780","1,806","15,406",3.30,500,"1,822","3,522","5,668","1,593",5.32,500,"1,774","18,886","229,808","14,736",479,500,45
176,네오셈,"9,460",상승,160,+1.72%,100,"194,987","1,856","9,460","4,150",165,23.83,100,"133,852","9,480","9,480","1,419",103.63,100,"9,610","13,729",260,192,0.00,100,"9,430","7,060","43,869","1,052",397,100,60
177,에코앤드림,"23,300",상승,700,+3.10%,500,"123,119","2,888","23,250","4,144",5,26.33,500,"67,153","23,100","23,300","4,058",116.42,500,"23,900","3,935","1,841",135,0.95,500,"23,000","4,554","17,786","1,049",885,500,N/A
178,바이오니아,"15,980",하락,40,-0.25%,500,"110,692","1,785","15,970","4,124",-134,-20.75,500,"129,330","16,260","15,980","3,322","-1,794.54",500,"16,340","12,533","1,053",-190,7.42,500,"15,970","3,784","25,810","2,940",-770,500,N/A
179,대명에너지,"24,050",상승,250,+1.05%,100,"441,907","10,585","24,000","4,101",97,34.60,100,"470,424","25,500","24,050","3,699",-42.03,100,"25,700","9,127","2,412",78,0.63,100,"22,900","9,436","17,050",678,695,100,N/A
180,큐렉소,"9,930",상승,540,+5.75%,500,"338,710","3,328","9,920","4,080",-58,-55.79,500,"91,440","9,540","9,930","1,026",-612.71,500,"10,060","5,790",92,-88,2.50,500,"9,400","29,793","41,090",555,-178,500,N/A
181,제우스,"13,140",상승,250,+1.94%,500,"167,374","2,197","13,140","4,076",492,10.29,500,"141,675","13,010","13,150","6,409",588.24,500,"13,190","11,614","2,586",431,4.00,500,"13,010","6,431","31,017","4,908","1,277",500,100
182,동운아나텍,"19,490",상승,400,+2.10%,500,"62,634","1,216","19,490","4,075",175,30.03,500,"79,471","19,170","19,500",988,-30.43,500,"19,560","2,282",275,247,5.37,500,"19,170","6,467","20,910","1,383",649,500,109
183,성일하이텍,"32,750",상승,500,+1.55%,500,"36,885","1,224","32,700","3,988",-714,-3.43,500,"22,325","33,000","32,750","6,795",-756.19,500,"33,800","1,258","4,547","-1,125",2.39,500,"32,700","1,930","12,176","1,362","-9,553",500,0
184,셀바스AI,"14,750",상승,"1,130",+8.30%,500,"1,545,182","22,542","14,750","3,970",8,-64.41,500,"288,873","14,430","14,760","3,121",-80.43,500,"14,950","14,576",492,-10,2.09,500,"14,000","8,936","26,915","1,125",-229,500,N/A
185,케이아이엔엑스,"80,400",상승,"1,400",+1.77%,500,"16,447","1,320","80,300","3,924",237,22.87,500,"14,383","80,000","80,400","3,368",-10.67,500,"81,200",645,"1,068",183,28.70,500,"79,300","2,179","4,880","1,389","3,516",500,600
186,서울반도체,"6,710",상승,140,+2.13%,500,"143,150",961,"6,710","3,912",8,-14.49,500,"47,446","6,610","6,720","12,612",101.61,500,"6,810","12,803","5,602",-19,9.17,500,"6,610","10,972","58,305","10,905",-463,500,N/A
187,코미팜,"5,360",상승,110,+2.10%,100,"79,485",425,"5,360","3,883",62,30.63,100,"104,405","5,260","5,380","1,228",198.72,100,"5,410","22,993",572,147,4.90,100,"5,260","10,324","72,440",588,175,100,0
188,코난테크놀로지,"33,650",상한가,"7,750",+29.92%,500,"1,201,778","38,387","33,650","3,859",-141,-33.42,500,"99,751","29,350",0,444,-28.30,500,"33,650","11,566",248,-136,0.38,500,"27,650",0,"11,467",263,"-1,007",500,N/A
189,에프에스티,"17,510",상승,350,+2.04%,500,"65,572","1,161","17,500","3,845",23,45.48,500,"51,321","17,640","17,510","5,061",121.21,500,"18,020","2,461","2,620",-16,4.92,500,"17,430",888,"21,956","2,374",385,500,5
190,에이프릴바이오,"16,840",하락,240,-1.41%,"1,000","206,265","3,465","16,840","3,794",169,16.46,"1,000","127,225","16,950","16,940",996,226.00,"1,000","17,200","5,053",86,200,5.56,"1,000","16,410","1,200","22,528",275,"1,023","1,000",0
191,퓨쳐켐,"17,080",보합,0,0.00%,500,"107,741","1,837","17,080","3,775",-95,-38.04,500,"150,712","17,070","17,170",744,-12.55,500,"17,280","2,847",199,-94,3.32,500,"16,850","1,389","22,102",173,-449,500,N/A
192,파트론,"6,620",보합,0,0.00%,500,"196,776","1,301","6,610","3,773",617,8.35,500,"63,674","6,640","6,620","7,433",48.05,500,"6,650","58,039","1,878",559,16.30,500,"6,580","10,344","57,000","14,864",793,500,300
193,바디텍메드,"15,890",하락,80,-0.50%,"1,000","107,843","1,714","15,890","3,732",262,13.39,"1,000","96,632","16,120","15,940","2,547",-8.17,"1,000","16,120","4,111",316,272,2.90,"1,000","15,610","2,620","23,487","1,382","1,187","1,000",150
194,한국비엔씨,"5,440",하락,450,-7.64%,100,"2,618,511","14,506","5,430","3,721",107,23.55,100,"15,537,078","5,760","5,440","2,671",77.07,100,"5,760","76,841",306,133,4.36,100,"5,410","57,850","68,395",892,231,100,N/A
195,넥스트바이오메디컬,"45,550",하락,200,-0.44%,500,"82,236","3,755","45,550","3,702",-36,118.01,500,"444,062","45,150","45,600",588,31.60,500,"46,750","5,797",137,29,6.93,500,"44,950","1,462","8,127",95,386,500,0
196,덕산테코피아,"18,070",상승,300,+1.69%,500,"110,330","2,021","18,060","3,700",-302,-6.21,500,"76,978","18,000","18,070","6,630",-385.42,500,"18,730","2,743","4,572",-726,4.39,500,"17,950",316,"20,477",997,"-2,911",500,N/A
197,인화정공,"38,150",상승,350,+0.93%,500,"25,290",961,"38,150","3,668",103,-23.58,500,"20,983","38,000","38,350","4,303",110.01,500,"38,450",712,"1,703",400,1.06,500,"37,200","1,607","9,616",928,"-1,618",500,700
198,천보,"36,650",상승,850,+2.37%,500,"24,391",904,"36,600","3,665",-228,-128.15,500,"20,914","36,900","36,650","10,079",-182.81,500,"37,800",830,"5,929",-323,3.88,500,"36,400","1,187","10,000","1,449",-286,500,N/A
199,스피어,"9,500",상승,280,+3.04%,500,"347,645","3,238","9,470","3,658",-64,-17.12,500,"159,928","9,220","9,500",446,29.77,500,"9,640","3,442",134,-170,0.95,500,"8,790","2,744","38,501",26,-555,500,0
200,씨앤씨인터내셔널,"36,350",상승,600,+1.68%,100,"83,057","3,028","36,300","3,640",290,14.46,100,"80,197","36,100","36,350","2,951",-9.75,100,"37,300","4,396",893,324,5.23,100,"35,650","2,245","10,014","2,829","2,514",100,"1,000"
201,우리기술,"2,190",보합,0,0.00%,500,"6,858,442","14,884","2,190","3,606",6,-47.61,500,"6,856,873","2,185","2,195","2,655",-91.71,500,"2,230","355,886","1,534",-44,2.13,500,"2,120","238,162","164,677",713,-46,500,N/A
202,오름테라퓨틱,"17,100",하락,290,-1.67%,100,"555,512","9,440","17,090","3,603",-83,-46.98,100,"767,318","17,390","17,100","1,538",-108.72,100,"18,240","4,926",321,-57,2.38,100,"16,510",615,"21,069",209,-364,100,0
203,코오롱생명과학,"29,000",상승,400,+1.40%,500,"37,302","1,063","28,950","3,603",-221,-4.53,500,"34,178","28,200","29,000","4,196",8.35,500,"29,050","2,996","2,702",-931,2.65,500,"27,700","2,881","12,423","1,614","-6,402",500,N/A
204,나우로보틱스,"28,700",상승,"1,350",+4.94%,500,"2,845,857","83,662","28,650","3,601",-29,-65.23,500,"795,179","27,850","28,700",163,47.80,500,"30,900","18,157",105,-37,0.30,500,"27,450","13,573","12,548",121,-440,500,0
205,엔젤로보틱스,"23,700",상승,800,+3.49%,500,"48,715","1,147","23,650","3,598",-108,-34.70,500,"30,409","23,300","23,700",439,-66.88,500,"23,850","4,895",35,-100,2.13,500,"23,150","6,084","15,183",42,-683,500,0
206,선익시스템,"37,700",상승,400,+1.07%,500,"63,526","2,406","37,700","3,595",79,-15.75,500,"40,428","37,900","37,750","3,029",294.87,500,"38,300","4,709","2,565",-281,1.75,500,"37,500","2,282","9,537","1,129","-2,393",500,N/A
207,갤럭시아머니트리,"9,010",상승,370,+4.28%,500,"1,975,421","17,598","9,010","3,535",132,166.85,500,"1,115,157","9,010","9,020","3,646",43.07,500,"9,100","24,084","2,525",6,1.62,500,"8,510","40,520","39,230","1,288",54,500,45
208,켐트로닉스,"23,050",상승,"1,000",+4.54%,500,"147,067","3,362","23,050","3,535",373,19.16,500,"96,887","22,450","23,100","6,417",95.24,500,"23,100","11,669","4,066",214,7.58,500,"22,400","26,772","15,334","5,752","1,203",500,200
209,지씨셀,"22,350",상승,300,+1.36%,500,"44,918",996,"22,250","3,531",-200,-4.29,500,"207,722","21,750","22,350","5,783",-590.55,500,"22,500","3,507","1,160",-757,4.58,500,"21,750","7,769","15,800","1,745","-5,205",500,N/A
210,큐리언트,"10,400",하락,600,-5.45%,500,"259,741","2,757","10,400","3,507",-275,-14.11,500,"174,044","11,010","10,420",656,-18.37,500,"11,400","2,304",54,-245,3.12,500,"10,170","4,978","33,726",92,-737,500,0
211,킵스파마,"18,330",상승,"1,940",+11.84%,500,"879,946","15,156","18,330","3,497",62,-47.24,500,"586,863","16,320","18,340","1,652",103.14,500,"18,690","6,410","1,020",16,2.99,500,"15,510","23,043","19,076","1,276",-388,500,0
212,GST,"18,940",상승,820,+4.53%,500,"179,132","3,372","18,930","3,491",591,7.79,500,"158,748","18,400","18,940","3,348",38.89,500,"18,980","3,336",665,459,8.70,500,"18,400","10,853","18,430","3,462","2,430",500,300
213,하이록코리아,"28,350",상승,200,+0.71%,500,"48,151","1,353","28,250","3,486",501,8.15,500,"45,228","28,100","28,350","4,727",-3.39,500,"28,350","10,688",367,480,26.75,500,"27,750","3,481","12,295","1,905","3,480",500,"1,150"
214,삼표시멘트,"3,230",상승,110,+3.53%,500,"166,075",532,"3,225","3,486","1,039",6.37,500,"70,333","3,155","3,230","14,851",22.70,500,"3,230","8,053","7,289",661,1.85,500,"3,145","11,885","107,916","7,908",507,500,110
215,노머스,"31,950",상승,100,+0.31%,500,"119,916","3,837","31,850","3,475",82,31.26,500,"199,744","32,600","31,950",988,"4,101.07",500,"32,600","6,708",127,99,7.51,500,"31,525","5,687","10,876",689,"1,022",500,0
216,삼목에스폼,"23,500",상승,"2,200",+10.33%,500,"88,746","2,038","23,450","3,454",753,7.31,500,"17,488","21,400","23,500","7,813",-39.33,500,"23,750","4,030","1,366",734,2.85,500,"21,350","4,933","14,700","4,019","3,216",500,200
217,휴온스,"28,600",상승,400,+1.42%,500,"14,554",415,"28,550","3,426",397,10.75,500,"15,045","28,200","28,600","6,063",-29.12,500,"28,800","4,761","2,557",291,17.68,500,"28,200","2,945","11,980","5,902","2,661",500,630
218,기가비스,"26,800",상승,850,+3.28%,200,"18,835",507,"26,800","3,397",-18,117.54,200,"8,381","26,500","26,950","2,297",-105.10,200,"27,250","1,984",240,34,1.71,200,"26,450","3,786","12,676",261,228,200,800
219,칩스앤미디어,"15,940",상승,460,+2.97%,500,"107,249","1,705","15,940","3,372",53,38.97,500,"52,267","16,280","15,950",840,-32.06,500,"16,280","4,937",82,100,2.68,500,"15,660","1,522","21,157",271,409,500,100
220,하림,"3,170",상승,40,+1.28%,500,"1,136,761","3,576","3,165","3,367",285,-166.84,500,"892,959","3,115","3,170","8,328",-29.51,500,"3,170","150,601","5,437",-123,3.66,500,"3,115","79,707","106,210","12,854",-19,500,N/A
221,나이벡,"30,500",하락,"3,800",-11.08%,500,"595,922","18,609","30,500","3,365",-49,-29.10,500,"525,189","32,400","30,550",625,-120.87,500,"32,650","12,516",302,-93,1.62,500,"30,200","6,181","11,032",246,"-1,048",500,0
222,메디포스트,"9,800",상승,110,+1.14%,500,"39,955",390,"9,790","3,353",-485,-5.16,500,"87,621","9,800","9,800","4,143",-93.17,500,"9,890","6,442","1,617",-634,4.76,500,"9,610","3,110","34,218",707,"-1,899",500,N/A
223,노바렉스,"17,700",상승,10,+0.06%,500,"233,014","4,105","17,690","3,320",232,12.57,500,"1,506,782","17,490","17,700","2,896",-9.06,500,"17,920","13,297",693,238,5.69,500,"17,240","6,151","18,755","2,977","1,408",500,200
224,인바디,"24,550",하락,450,-1.80%,500,"33,481",824,"24,500","3,310",367,10.71,500,"39,280","25,000","24,550","3,058",-4.20,500,"25,200","6,326",319,327,36.65,500,"24,500","2,550","13,481","2,045","2,293",500,400
225,아이패밀리에스씨,"19,050",상승,80,+0.42%,500,"139,943","2,673","19,010","3,299",336,13.34,500,"143,785","19,150","19,050","1,223",40.16,500,"19,390",919,308,283,6.71,500,"18,900","3,947","17,320","2,049","1,428",500,118
226,에이직랜드,"30,000",상승,"1,450",+5.08%,500,"57,449","1,704","30,000","3,261",-170,-13.43,500,"25,202","28,850","30,050","1,671",-539.61,500,"30,050","2,444",828,-140,0.99,500,"28,850","3,453","10,872",941,"-2,233",500,N/A
227,미래에셋벤처투자,"6,100",상승,"1,050",+20.79%,"1,000","2,405,868","13,996","6,100","3,241",157,38.12,"1,000","280,402","5,120","6,110","10,608",-50.81,"1,000","6,160","8,116","7,089",86,1.63,"1,000","5,120","36,666","53,125","2,339",160,"1,000",85
228,대아티아이,"4,570",보합,0,0.00%,100,"1,639,076","7,507","4,570","3,221",79,18.43,100,"875,187","4,845","4,575","2,920",122.05,100,"4,870","30,132","1,584",147,9.77,100,"4,390","27,603","70,473","1,491",248,100,N/A
229,CJ프레시웨이,"27,100",상승,"1,000",+3.83%,"1,000","54,382","1,462","27,100","3,217",940,12.28,"1,000","16,615","26,500","27,200","15,644",-5.27,"1,000","27,300",334,"11,490",274,13.82,"1,000","26,100","5,257","11,872","32,248","2,207","1,000",450
230,에스티아이,"20,300",상승,470,+2.37%,500,"155,467","3,163","20,300","3,213",273,12.30,500,"107,801","20,200","20,350","3,688",13.95,500,"20,700","19,926","1,080",271,3.91,500,"20,100","8,244","15,830","3,340","1,650",500,200
231,에코아이,"10,840",상승,660,+6.48%,500,"711,548","7,611","10,830","3,212",2,-492.73,500,"1,964,973","10,450","10,840","1,498",-98.91,500,"11,020","13,038",213,23,1.18,500,"10,310","11,479","29,631",258,-22,500,167
232,지노믹트리,"13,150",하락,140,-1.05%,500,"68,527",909,"13,150","3,206",-153,-30.51,500,"124,132","13,350","13,210","1,307",11.50,500,"13,470","11,372",64,-104,1.12,500,"13,150","7,714","24,377",24,-431,500,0
233,넵튠,"6,850",상승,10,+0.15%,500,"98,283",676,"6,850","3,199",96,-24.73,500,"198,415","6,850","6,860","4,075",345.59,500,"6,960","10,989",370,48,1.54,500,"6,800","4,397","46,702","1,216",-277,500,0
234,토모큐브,"24,100",하락,350,-1.43%,500,"221,716","5,378","24,100","3,174",-88,-32.01,500,"262,265","24,800","24,150",436,-30.40,500,"24,850","17,361",16,-83,7.41,500,"24,000","2,813","13,171",59,-753,500,0
235,중앙첨단소재,"3,110",상승,40,+1.30%,500,"862,547","2,713","3,105","3,166",-78,-4.52,500,"688,320","3,115","3,110","1,245","-13,814.06",500,"3,195","29,142",278,-768,5.72,500,"3,090","5,720","101,802",187,-688,500,0
236,월덱스,"18,910",상승,240,+1.29%,500,"48,437",919,"18,910","3,122",703,5.02,500,"55,767","18,830","18,920","3,918",8.45,500,"19,200",803,843,650,4.48,500,"18,810",999,"16,511","3,068","3,768",500,60
237,KG에코솔루션,"6,540",상승,450,+7.39%,500,"467,901","2,995","6,530","3,113","2,265",4.83,500,"199,653","6,240","6,540","62,134",-26.87,500,"6,620","5,988","32,544","2,142",3.90,500,"6,100","14,061","47,603","72,849","1,353",500,120
238,듀켐바이오,"10,940",상승,320,+3.01%,500,"29,676",323,"10,920","3,113",51,37.08,500,"41,241","10,810","10,940",652,N/A,500,"11,030",369,222,80,1.17,500,"10,620","2,722","28,455",356,295,500,N/A
239,다원시스,"8,120",상승,180,+2.27%,500,"114,031",927,"8,110","3,099",76,-15.95,500,"147,146","8,230","8,120","7,457",-60.32,500,"8,240","3,999","4,868",119,7.93,500,"8,010","4,900","38,163","3,015",-509,500,N/A
240,가비아,"22,750",상승,550,+2.48%,500,"51,819","1,162","22,700","3,079",351,21.88,500,"34,210","22,350","22,750","6,345",-17.59,500,"22,750","4,351","2,878",286,36.65,500,"21,800","9,883","13,536","2,824","1,040",500,80
241,NHN KCP,"7,660",상승,150,+2.00%,500,"88,944",679,"7,650","3,076",438,7.25,500,"36,990","7,660","7,660","5,703",4.35,500,"7,700","4,351","3,051",453,15.18,500,"7,570","14,574","40,161","11,053","1,057",500,100
242,CMG제약,"2,145",상승,5,+0.23%,500,"714,577","1,534","2,145","3,069",10,-268.12,500,"845,830","2,145","2,150","3,034",-66.40,500,"2,165","171,513","1,139",27,4.07,500,"2,135","272,438","143,057",991,-8,500,0
243,바텍,"20,650",상승,300,+1.47%,500,"10,087",206,"20,500","3,067",540,6.04,500,"5,075","20,400","20,650","6,503",-15.74,500,"20,650","1,990","1,798",553,26.60,500,"20,350","5,420","14,854","3,852","3,418",500,100
244,피아이이,"8,550",상승,50,+0.59%,100,"1,001,396","8,623","8,540","3,063",94,26.23,100,"1,904,703","8,550","8,550",980,136.17,100,"8,750","37,571",462,99,1.99,100,"8,470","22,724","35,826","1,240",326,100,N/A
245,예스티,"14,610",상승,110,+0.76%,500,"48,005",701,"14,610","3,060",113,28.93,500,"44,428","14,520","14,650","2,044","2,839.92",500,"14,930","4,857",786,112,1.96,500,"14,400","1,161","20,945","1,001",505,500,0
246,제이브이엠,"25,250",보합,0,0.00%,500,"29,054",733,"25,200","3,053",307,10.76,500,"35,623","25,300","25,300","2,848",3.04,500,"25,500","6,411",825,288,11.99,500,"24,800","1,225","12,090","1,594","2,346",500,500
247,에이스침대,"27,500",상승,200,+0.73%,"1,000","5,553",152,"27,500","3,050",662,4.95,"1,000","4,177","27,550","27,550","7,824",16.14,"1,000","27,550","2,445",757,659,1.14,"1,000","27,100","1,653","11,090","3,260","5,551","1,000","1,450"
248,매일유업,"38,700",상승,"1,650",+4.45%,500,"21,865",840,"38,650","3,035",703,7.56,500,"4,097","37,900","38,700","10,263",-2.62,500,"38,800",295,"4,510",455,12.45,500,"37,350","5,075","7,844","18,114","5,120",500,"1,250"
249,대화제약,"16,200",상승,40,+0.25%,500,"194,245","3,171","16,200","3,016",67,172.34,500,"1,571,312","16,590","16,220","2,059",241.83,500,"16,790","6,022","1,295",8,0.00,500,"16,160","4,479","18,617","1,494",94,500,150
250,브이엠,"12,500",상승,260,+2.12%,100,"71,705",915,"12,480","3,009",-86,304.88,100,"41,285","12,730","12,500","1,657",21.56,100,"12,920","3,286",414,-35,3.31,100,"12,460","1,654","24,076",703,41,100,N/A
251,에이치브이엠,"25,250",상승,150,+0.60%,500,"90,124","2,284","25,200","3,005",-68,-34.78,500,"92,966","25,050","25,250","1,196",-282.11,500,"25,750","5,980",535,-84,1.29,500,"25,000","5,032","11,902",451,-726,500,N/A
252,아주IB투자,"2,480",상승,170,+7.36%,500,"2,166,704","5,299","2,480","2,999",84,35.94,500,"371,456","2,315","2,485","3,417",-52.70,500,"2,510","49,573",806,83,0.62,500,"2,300","79,918","120,945",656,69,500,50
253,프레스티지바이오로직스,"3,870",상승,5,+0.13%,500,"51,592",198,"3,860","2,996",-334,-8.20,500,"100,751","3,875","3,870","2,894",24.39,500,"3,890","15,206","2,177",-294,41.61,500,"3,815","6,470","77,418",22,-472,500,0
254,한양이엔지,"16,540",상승,260,+1.60%,500,"52,312",855,"16,520","2,977",862,4.75,500,"18,456","16,210","16,540","9,087",1.27,500,"16,540","2,231","3,067",764,14.10,500,"16,190","1,344","18,000","11,863","3,481",500,650
255,비보존 제약,"5,930",상승,150,+2.60%,"2,500","113,517",671,"5,930","2,971",29,-22.72,"2,500","115,043","5,800","5,940","1,844",10.36,"2,500","6,020","21,795",780,-100,1.08,"2,500","5,780","4,368","50,105",876,-261,"2,500",N/A
256,마녀공장,"18,030",상승,120,+0.67%,100,"91,783","1,652","18,020","2,953",186,18.23,100,"82,715","18,140","18,030","1,295",16.99,100,"18,150","2,636",157,164,0.75,100,"17,890","3,421","16,378","1,279",989,100,N/A
257,제이오,"9,180",상승,260,+2.91%,100,"110,604","1,013","9,150","2,939",-55,-29.05,100,"154,991","9,000","9,180","2,226",-145.39,100,"9,270","4,069",442,-89,1.56,100,"8,990","2,655","32,018",829,-316,100,N/A
258,제닉,"36,800",하락,700,-1.87%,500,"222,655","8,014","36,800","2,932",60,24.18,500,"224,024","36,750","36,850",382,249.72,500,"36,950","1,992",160,76,3.97,500,"34,050","1,818","7,969",499,"1,522",500,N/A
259,클리오,"16,200",상승,250,+1.57%,500,"122,004","1,969","16,200","2,928",246,14.32,500,"96,535","16,060","16,210","2,954",-27.23,500,"16,240","3,427",615,272,4.27,500,"15,990","7,867","18,071","3,514","1,131",500,400
260,신성에스티,"32,350",상승,"1,650",+5.37%,500,"34,477","1,100","32,350","2,924",88,42.73,500,"75,160","31,200","32,400","1,444",5.16,500,"32,500","1,128",419,71,1.71,500,"30,900","2,353","9,040","1,270",757,500,200
261,에이유브랜즈,"20,650",상승,550,+2.74%,100,"178,036","3,650","20,650","2,924",124,25.59,100,"173,179","20,100","20,700",448,-23.35,100,"21,250","4,747",122,101,1.93,100,"19,410","6,230","14,160",446,807,100,0
262,폰드그룹,"9,010",하락,130,-1.42%,500,"369,887","3,307","9,000","2,914",413,11.08,500,"432,402","9,140","9,010","4,227","6,089.52",500,"9,350","2,249","1,850",272,0.62,500,"8,630","6,209","32,344","3,687",813,500,250
263,바이오비쥬,"19,350",하락,140,-0.72%,500,"2,676,652","51,260","19,350","2,911",92,N/A,500,"12,946,147","19,250","19,360",378,N/A,500,"19,790","12,283",68,72,0.63,500,"18,450","14,216","15,044",296,N/A,500,0
264,오픈엣지테크놀로지,"13,210",상승,"1,540",+13.20%,100,"318,567","4,061","13,200","2,907",-246,-11.86,100,"45,179","11,900","13,210",867,-55.15,100,"13,440","2,323",260,-273,6.07,100,"11,840","2,412","22,003",153,"-1,114",100,0
265,폴라리스오피스,"5,820",상승,180,+3.19%,500,"671,511","3,890","5,820","2,894",48,45.83,500,"579,461","5,800","5,830","5,198",-23.14,500,"5,880","40,614",857,186,0.91,500,"5,680","47,951","49,725","2,763",127,500,N/A
266,티에프이,"25,400",상승,450,+1.80%,100,"62,412","1,577","25,350","2,891",44,120.95,100,"75,854","25,000","25,400","1,267",-52.40,100,"25,600","1,192",483,15,1.89,100,"24,550","4,162","11,381",736,210,100,N/A
267,우주일렉트로,"31,250",상승,250,+0.81%,500,"19,501",608,"31,200","2,888",201,13.78,500,"18,782","31,100","31,250","3,277",151.12,500,"31,500","2,146",814,198,7.06,500,"30,800","7,963","9,240","1,762","2,268",500,300
268,한국정보통신,"7,710",상승,20,+0.26%,500,"9,614",74,"7,700","2,887",391,6.43,500,"10,967","7,720","7,710","4,629",9.66,500,"7,730","9,304","1,564",435,62.86,500,"7,630","2,833","37,444","7,910","1,199",500,N/A
269,필에너지,"13,400",상승,160,+1.21%,500,"34,025",458,"13,400","2,865",142,35.08,500,"60,736","13,420","13,410","2,121",-7.25,500,"13,570","2,131",691,134,1.70,500,"13,380","1,973","21,378","2,854",382,500,67
270,JTC,"5,500",하락,260,-4.51%,0,"500,270","2,768","5,480","2,846",219,8.73,0,"301,251","5,770","5,500","2,635",246.06,0,"5,790","23,992","1,818",205,10.00,0,"5,400","15,279","51,746","1,500",630,0,0
271,석경에이티,"51,900",상승,"1,700",+3.39%,500,"12,111",625,"51,800","2,831",20,48.87,500,"7,044","51,000","51,900",492,-42.34,500,"52,100",849,94,43,0.96,500,"50,500","2,323","5,455",138,"1,062",500,N/A
272,에스앤디,"97,500",상승,"6,300",+6.91%,500,"112,204","10,727","97,200","2,820",201,15.58,500,"44,595","91,400","97,500",930,56.19,500,"97,700",420,250,170,3.63,500,"91,400","5,024","2,893","1,161","6,259",500,800
273,쿠콘,"27,500",상승,"5,400",+24.43%,500,"2,620,222","68,873","27,500","2,820",166,15.43,500,"387,779","24,500","27,550","2,629",0.02,500,"28,650","7,178","1,161",158,2.52,500,"22,450","15,349","10,255",730,"1,782",500,150
274,에스에이엠티,"2,815",상승,30,+1.08%,500,"259,251",730,"2,815","2,815",674,5.60,500,"125,903","2,780","2,820","8,330",25.83,500,"2,830","79,996","4,024",544,5.48,500,"2,780","68,722","99,995","28,895",503,500,200
275,오상헬스케어,"19,360",상승,350,+1.84%,500,"238,068","4,426","19,360","2,809",-248,-32.05,500,"138,408","19,010","19,500","2,950",-117.35,500,"19,690","2,651",90,-114,1.18,500,"17,110","2,035","14,509",805,-604,500,500
276,웹케시,"20,550",상승,"2,390",+13.16%,500,"16,023,141","326,805","20,550","2,802",139,35.68,500,"9,249,230","21,000","20,600","1,259",N/A,500,"22,050","74,395",236,72,0.92,500,"17,130","17,985","13,636",742,576,500,100
277,HLB이노베이션,"1,937",하락,50,-2.52%,500,"345,962",676,"1,937","2,795",-119,-15.50,500,"184,029","1,980","1,938","2,680",N/A,500,"1,998","36,057",160,-124,2.11,500,"1,930","1,448","144,304",254,-125,500,N/A
278,아이티센글로벌,"12,030",상승,"1,000",+9.07%,500,"1,230,875","14,875","12,030","2,792",586,23.77,500,"755,090","11,300","12,050","9,454",91.90,500,"12,420","8,690","6,229",361,2.91,500,"11,230","13,251","23,205","49,618",506,500,N/A
279,씨메스,"23,950",상승,950,+4.13%,500,"73,500","1,751","23,900","2,780",-143,-17.08,500,"42,500","23,750","23,950",810,-43.04,500,"24,150","5,503",67,-135,2.37,500,"23,350","4,146","11,608",69,"-1,402",500,N/A
280,샘씨엔에스,"4,735",상승,200,+4.41%,500,"90,727",427,"4,730","2,765",52,72.85,500,"67,582","4,605","4,735","2,222",278.57,500,"4,765","4,343",782,33,0.87,500,"4,595","7,387","58,388",533,65,500,N/A
281,슈어소프트테크,"5,250",상승,40,+0.77%,100,"214,045","1,117","5,250","2,762",79,25.74,100,"186,068","5,240","5,270","1,624",-31.22,100,"5,280","17,822",563,101,1.63,100,"5,150","18,114","52,619",888,204,100,N/A
282,유진기업,"3,550",상승,115,+3.35%,500,"623,283","2,203","3,550","2,745",550,-4.35,500,"102,856","3,450","3,555","23,749",-34.86,500,"3,575","21,398","13,482","-1,007",4.09,500,"3,450","132,192","77,311","13,933",-817,500,170
283,디오,"18,280",상승,60,+0.33%,500,"81,249","1,460","18,260","2,739",-407,-6.17,500,"26,311","18,290","18,280","3,433",-294.94,500,"18,340",748,"1,392",-413,13.37,500,"17,670","3,316","14,982","1,196","-2,963",500,0
284,오리엔탈정공,"5,950",하락,80,-1.33%,500,"600,328","3,553","5,950","2,712",249,9.38,500,"481,039","6,150","5,960","2,157",94.84,500,"6,160","33,724","1,056",261,7.25,500,"5,770","22,778","45,574","2,073",634,500,100
285,뉴로메카,"23,800",상승,700,+3.03%,500,"43,773","1,041","23,800","2,698",-190,-13.79,500,"40,616","23,450","23,850",952,-28.26,500,"24,050","3,908",844,-168,0.69,500,"23,300","3,352","11,338",253,"-1,726",500,0
286,아이티엠반도체,"11,890",상승,490,+4.30%,500,"26,204",311,"11,890","2,697",24,-50.38,500,"16,828","11,400","11,900","5,952",116.15,500,"11,960",370,"4,008",12,2.30,500,"11,400",868,"22,683","6,479",-236,500,N/A
287,상아프론테크,"16,850",상승,460,+2.81%,500,"85,957","1,433","16,840","2,694",58,52.49,500,"77,413","16,550","16,850","3,622",-34.70,500,"16,890",940,"1,612",62,3.47,500,"16,390","2,270","15,989","1,718",321,500,200
288,인탑스,"15,600",상승,400,+2.63%,500,"83,539","1,305","15,590","2,683",38,20.88,500,"31,492","15,280","15,600","9,007",-79.33,500,"15,800",887,"1,289",234,6.11,500,"15,280","11,880","17,200","6,147",747,500,200
289,LS증권,"4,810",상승,335,+7.49%,"5,000","1,398,091","6,760","4,805","2,669",218,19.79,"5,000","150,738","4,520","4,810","87,797",-34.30,"5,000","5,090","3,365","79,083",166,1.53,"5,000","4,520","8,439","55,481","16,537",243,"5,000",100
290,슈프리마,"36,750",상승,100,+0.27%,500,"39,520","1,455","36,750","2,667",233,7.74,500,"67,883","36,900","36,800","2,601",39.76,500,"37,200","1,837",235,325,19.24,500,"36,350","2,864","7,257","1,082","4,747",500,0
291,툴젠,"31,050",상승,50,+0.16%,500,"8,777",270,"31,000","2,665",-218,37.68,500,"18,716","31,050","31,050",755,-27.57,500,"31,500",845,170,62,1.11,500,"30,300","1,250","8,583",9,824,500,0
292,원익머트리얼즈,"21,100",상승,750,+3.69%,500,"57,240","1,203","21,000","2,660",519,7.66,500,"28,979","20,600","21,100","5,833",110.29,500,"21,400","3,173","1,021",318,16.81,500,"20,600","5,472","12,608","3,107","2,755",500,350
293,에코마케팅,"8,450",상승,160,+1.93%,100,"60,811",514,"8,450","2,659",470,9.62,100,"27,420","8,330","8,460","4,038",-14.75,100,"8,510","12,789","1,213",362,11.23,100,"8,300","17,483","31,468","3,572",878,100,500
294,더블유씨피,"7,850",상승,100,+1.29%,500,"307,804","2,440","7,850","2,657",-709,-2.43,500,"398,556","7,840","7,860","18,102",-252.91,500,"8,100","16,022","8,415",-722,3.82,500,"7,810","5,202","33,843","3,221","-3,229",500,N/A
295,한국정보인증,"6,230",상승,270,+4.53%,500,"4,926,660","30,288","6,230","2,644",189,25.53,500,"3,516,025","6,100","6,240","4,053",35.02,500,"6,420","40,488","1,731",124,1.54,500,"5,820","91,077","42,441","1,219",244,500,150
296,인선이엔티,"5,580",상승,110,+2.01%,500,"72,710",402,"5,570","2,598",232,-11.12,500,"63,914","5,470","5,580","4,957",-10.18,500,"5,580","5,970","1,731",-189,5.54,500,"5,440","18,977","46,564","2,088",-502,500,N/A
297,큐브엔터,"17,300",상승,120,+0.70%,500,"120,906","2,081","17,290","2,595",166,19.24,500,"108,301","17,410","17,300","2,700",7.42,500,"17,550","2,951","1,117",166,5.69,500,"17,000","3,163","15,002","2,183",899,500,N/A
298,AP시스템,"16,940",상승,430,+2.60%,500,"47,701",804,"16,920","2,589",472,5.64,500,"27,352","16,730","16,940","5,998",-21.51,500,"16,940","1,861","2,632",518,9.86,500,"16,600","3,113","15,281","5,167","3,002",500,530
299,프로텍,"23,500",상승,800,+3.52%,500,"25,349",596,"23,450","2,585",134,9.55,500,"11,513","23,500","23,500","3,768",-22.89,500,"23,700",806,540,127,2.44,500,"23,200","2,500","11,000","1,703","2,462",500,400
300,KG이니시스,"9,370",상승,390,+4.34%,500,"120,895","1,118","9,360","2,582",610,7.08,500,"35,348","9,070","9,370","18,664",-42.61,500,"9,410","1,228","11,128",447,6.15,500,"9,070","9,357","27,554","13,543","1,324",500,500
301,뷰노,"18,330",상승,"1,130",+6.57%,100,"104,785","1,894","18,320","2,567",-125,-20.55,100,"46,306","17,650","18,330",502,20.58,100,"18,600","4,152",195,-130,2.42,100,"17,500","2,464","14,002",259,-892,100,0
302,로보스타,"26,300",상승,"1,500",+6.05%,500,"179,395","4,640","26,300","2,564",1,-974.07,500,"54,533","25,000","26,350","1,126",-86.92,500,"26,400","6,014",206,22,2.21,500,"24,950","8,463","9,750",891,-27,500,N/A
303,비덴트,"3,320",보합,0,0.00%,500,0,0,0,"2,563",-111,5.25,500,0,0,0,"7,408",-11.76,500,0,0,"1,026",672,1.42,500,0,0,"77,202",96,632,500,N/A
304,에치에프알,"19,160",하락,780,-3.91%,500,"95,591","1,868","19,160","2,550",-202,-23.74,500,"91,897","19,940","19,170","2,711",-140.39,500,"20,400","6,580","1,123",-185,6.17,500,"19,120","2,071","13,309","1,571",-807,500,N/A
305,이지홀딩스,"3,945",상승,210,+5.62%,500,"406,022","1,591","3,940","2,545","1,234",18.70,500,"154,402","3,780","3,945","28,559",18.90,500,"3,985","40,921","16,493",351,4.48,500,"3,775","26,737","64,516","32,850",211,500,250
306,엠아이텍,"7,850",보합,0,0.00%,500,"67,634",531,"7,840","2,541",176,13.75,500,"180,002","7,860","7,850","1,185",24.96,500,"7,910","6,259",97,183,7.13,500,"7,800","7,720","32,366",538,571,500,100
307,티엑스알로보틱스,"16,440",상승,730,+4.65%,500,"636,061","10,603","16,440","2,540",53,50.58,500,"96,737","15,980","16,450",732,46.50,500,"17,300","5,878",433,38,0.61,500,"15,970","1,486","15,451",572,325,500,N/A
308,아미코젠,"4,595",상승,195,+4.43%,500,"648,627","2,940","4,585","2,528",-71,-4.77,500,"945,047","4,365","4,595","2,942",-442.93,500,"4,635","6,217","1,711",-509,6.43,500,"4,365","89,929","55,018","1,736",-963,500,N/A
309,한솔아이원스,"8,820",상승,100,+1.15%,500,"95,491",841,"8,810","2,522",231,7.70,500,"169,032","8,800","8,820","2,319",180.71,500,"8,960","5,289",497,311,5.53,500,"8,700","6,444","28,593","1,571","1,146",500,0
310,자람테크놀로지,"40,650",상승,"1,500",+3.83%,500,"43,814","1,772","40,650","2,519",4,-272.82,500,"49,361","39,800","40,700",784,117.07,500,"41,050","1,329",359,20,1.57,500,"39,350","3,758","6,198",222,-149,500,N/A
311,인트로메딕,"5,850",보합,0,0.00%,100,0,0,0,"2,515",-15,-42.39,100,0,0,0,105,58.32,100,0,0,48,-70,0.76,100,0,0,"42,998",104,-138,100,0
312,이스트소프트,"21,450",상승,800,+3.87%,500,"362,644","7,682","21,400","2,498",-135,-25.54,500,"298,987","21,500","21,450","1,991",-51.08,500,"21,550","10,182","1,106",-146,2.01,500,"20,500","45,934","11,647","1,025",-840,500,0
313,진성티이씨,"11,110",하락,10,-0.09%,500,"409,257","4,454","11,110","2,498",244,11.07,500,"349,143","11,130","11,120","4,554",-38.26,500,"11,160","8,703","1,931",210,8.22,500,"10,550","8,078","22,482","3,905","1,004",500,200
314,GRT,"3,085",상승,40,+1.31%,0,"399,787","1,246","3,080","2,494","1,470",3.17,0,"276,631","3,090","3,085","16,913",86.68,0,"3,195","23,306","7,628","1,105",80.41,0,"3,040","28,977","80,850","8,424",974,0,2
315,유니슨,"1,457",하락,93,-6.00%,500,"4,900,030","7,537","1,457","2,484",-125,-13.01,500,"2,719,699","1,633","1,458","2,490",36.06,500,"1,697","124,141","1,828",-225,2.43,500,"1,454","23,351","170,462",257,-112,500,0
316,아이씨티케이,"18,400",하락,530,-2.80%,500,"654,271","12,102","18,390","2,469",-67,-36.87,500,"476,509","19,060","18,400",458,N/A,500,"19,110","15,221",28,-58,1.27,500,"18,200","6,318","13,421",67,-499,500,0
317,엣지파운드리,"3,150",상승,25,+0.80%,500,"847,990","2,600","3,150","2,467",-51,-150.00,500,"648,742","3,125","3,160","1,316",-4.87,500,"3,255","13,531",547,-180,0.51,500,"2,990","3,945","78,307",373,-21,500,0
318,동신건설,"29,350",하락,"6,950",-19.15%,500,"555,686","17,278","29,350","2,465",6,165.82,500,"151,259","37,900","29,400","1,126",-90.76,500,"38,500","5,391",139,30,0.88,500,"28,250","2,291","8,400",690,177,500,250
319,제테마,"6,870",상승,60,+0.88%,500,"64,862",444,"6,860","2,463",41,-101.03,500,"95,435","6,870","6,870","2,227",56.09,500,"6,960","34,108","1,513",-26,0.90,500,"6,800","8,198","35,859",685,-68,500,0
320,골프존홀딩스,"5,740",상승,370,+6.89%,500,"299,349","1,685","5,730","2,459",394,5.04,500,"203,354","5,380","5,740","10,503",-26.50,500,"5,760","46,745","3,037",436,3.01,500,"5,380","28,025","42,837","3,862","1,139",500,250
321,이트론,271,보합,0,0.00%,200,0,0,0,"2,456",-56,24.64,200,0,0,0,"1,195",0.61,200,0,0,235,-23,3.54,200,0,0,"906,131",163,11,200,0
322,한중엔시에스,"27,100",상승,900,+3.44%,500,"89,818","2,423","27,050","2,455",96,13.31,500,"137,354","26,700","27,100","1,668",175.55,500,"27,350","2,895",864,154,0.61,500,"26,450","6,561","9,058","1,773","2,036",500,N/A
323,앱클론,"12,820",하락,350,-2.66%,500,"263,853","3,353","12,800","2,448",-156,-13.68,500,"151,045","13,000","12,820",482,-33.87,500,"13,170","3,061",188,-163,7.68,500,"12,270","3,740","19,093",23,-937,500,0
324,미래나노텍,"7,850",상승,220,+2.88%,500,"116,314",913,"7,840","2,434",249,7.95,500,"73,387","7,740","7,850","5,976",81.41,500,"7,910","5,458","2,802",258,3.68,500,"7,680","17,214","31,010","6,223",987,500,50
325,제이에스링크,"9,010",하락,270,-2.91%,500,"84,798",760,"9,000","2,431",-91,-12.55,500,"164,647","9,280","9,010",544,-109.85,500,"9,360","10,046",294,-108,0.76,500,"8,780","5,131","26,978",159,-718,500,0
326,해성산업,"7,420",상승,150,+2.06%,500,"126,317",945,"7,410","2,416",714,-154.58,500,"17,591","7,280","7,420","25,920",-32.81,500,"7,600","3,462","12,440",-34,1.15,500,"7,270","6,106","32,557","22,204",-48,500,225
327,에스오에스랩,"13,650",하락,150,-1.09%,100,"705,841","9,533","13,640","2,414",-128,-16.89,100,"1,420,434","13,660","13,650",391,-54.09,100,"13,900","6,292",71,-120,3.22,100,"13,110","4,025","17,682",49,-808,100,N/A
328,KH바텍,"10,180",상승,40,+0.39%,500,"45,324",462,"10,180","2,410",219,10.52,500,"49,535","10,140","10,190","3,871",-34.96,500,"10,330","4,313","1,248",213,7.87,500,"10,130","1,162","23,677","3,110",968,500,330
329,동원개발,"2,650",상승,100,+3.92%,500,"194,106",511,"2,645","2,406",210,94.64,500,"133,032","2,560","2,650","13,783",-29.97,500,"2,655","14,174","3,320",183,2.93,500,"2,560","41,631","90,808","5,204",28,500,80
330,시너지이노베이션,"2,730",상승,50,+1.87%,500,"143,749",389,"2,725","2,405",161,59.35,500,"263,734","2,690","2,730","3,141",7.51,500,"2,730","21,310",790,181,12.20,500,"2,680","24,760","88,100",906,46,500,0
331,아이스크림미디어,"18,190",상승,"1,160",+6.81%,500,"122,390","2,203","18,180","2,397",461,7.30,500,"342,280","17,670","18,190","2,229",35.41,500,"18,520","1,081",396,311,7.38,500,"17,400",933,"13,177","1,522","2,493",500,738
332,다날,"3,455",상승,100,+2.98%,500,"505,205","1,732","3,450","2,382",14,38.82,500,"355,427","3,425","3,455","7,456",-60.17,500,"3,460","22,210","4,356",29,5.24,500,"3,390","31,052","68,949","2,609",89,500,N/A
333,토비스,"14,810",하락,40,-0.27%,500,"144,209","2,141","14,810","2,380",584,4.36,500,"110,272","15,010","14,830","5,281",127.52,500,"15,060","5,847","2,636",613,12.49,500,"14,740","6,228","16,067","6,238","3,400",500,300
334,디아이티,"12,580",상승,320,+2.61%,100,"54,202",685,"12,530","2,378",241,7.86,100,"45,203","12,450","12,580","2,409",178.68,100,"12,840","1,234",280,289,4.34,100,"12,410","3,346","18,900","1,167","1,601",100,380
335,씨어스테크놀로지,"18,810",하락,740,-3.79%,500,"98,571","1,852","18,810","2,368",-87,-33.83,500,"87,295","19,600","18,820",281,11.44,500,"19,850","1,382",67,-89,3.34,500,"18,300",705,"12,591",81,-556,500,N/A
336,네오팜,"14,770",하락,170,-1.14%,500,"73,368","1,080","14,770","2,367",247,9.83,500,"152,865","14,940","14,780","1,924",-2.58,500,"14,950","1,495",156,231,13.65,500,"14,610","2,975","16,028","1,190","1,503",500,600
337,티로보틱스,"12,570",상승,"1,160",+10.17%,500,"1,055,397","13,011","12,570","2,361",-70,-71.42,500,"132,603","11,630","12,580","1,070",14.71,500,"12,710","12,655",755,-8,0.83,500,"11,600","10,607","18,782",607,-176,500,0
338,셀비온,"18,330",상승,"1,070",+6.20%,500,"135,650","2,453","18,330","2,349",-71,-29.42,500,"84,079","17,850","18,340",344,-41.51,500,"18,480",848,48,-73,4.66,500,"17,630","2,249","12,816",23,-623,500,0
339,휴림로봇,"2,130",상승,85,+4.16%,500,"3,927,224","8,284","2,130","2,348",-49,-106.50,500,"1,115,879","2,060","2,135","3,349",-165.20,500,"2,145","252,904","1,225",-94,1.63,500,"2,060","279,111","110,238","1,331",-20,500,N/A
340,동방메디컬,"11,280",상승,110,+0.98%,500,"866,207","9,767","11,280","2,343",150,54.49,500,"751,758","11,250","11,290","1,504",-8.69,500,"11,540","5,122",696,31,2.42,500,"11,130","19,349","20,775","1,051",207,500,0
341,모두투어,"12,370",상승,20,+0.16%,500,"111,838","1,390","12,370","2,338",47,23.38,500,"207,032","12,720","12,380","2,349",-59.75,500,"12,720","4,801","1,638",108,13.24,500,"12,200","2,759","18,900","2,516",529,500,250
342,파멥신,"2,915",보합,0,0.00%,500,0,0,0,"2,338",-77,-44.85,500,0,0,0,543,36.27,500,0,0,66,-49,0.00,500,0,0,"80,201",39,-65,500,N/A
343,온코닉테라퓨틱스,"21,100",하락,800,-3.65%,500,"196,918","4,140","21,100","2,321",-48,-24.23,500,"146,839","21,850","21,150",609,-315.06,500,"21,850","20,060",49,-81,0.91,500,"20,600","8,188","11,002",148,-871,500,0
344,에스바이오메딕스,"19,540",상승,490,+2.57%,500,"65,565","1,265","19,530","2,317",-54,-32.03,500,"84,878","19,060","19,540",446,9.06,500,"19,560","1,862",263,-58,0.49,500,"18,890","3,530","11,860",137,-610,500,0
345,와이씨켐,"22,900",상승,400,+1.78%,"1,000","74,954","1,730","22,900","2,315",-82,-15.50,"1,000","51,042","23,150","22,950","1,163",-4.30,"1,000","23,400","6,917",718,-160,1.04,"1,000","22,700","9,377","10,111",703,"-1,477","1,000",N/A
346,모트렉스,"9,300",상승,70,+0.76%,500,"56,492",527,"9,290","2,312",436,13.56,500,"51,332","9,240","9,300","9,318",-18.01,500,"9,390","5,185","6,600",193,2.78,500,"9,230","6,002","24,862","5,869",686,500,162
347,엑스게이트,"8,100",보합,0,0.00%,100,"239,092","1,931","8,090","2,312",35,80.20,100,"143,698","8,130","8,100",671,-15.05,100,"8,210","23,787",227,40,0.29,100,"8,000","9,795","28,543",432,101,100,N/A
348,티씨머티리얼즈,"6,750",상승,30,+0.45%,500,"4,967,725","33,861","6,750","2,310",109,36.29,500,"7,737,494","6,800","6,760",762,25.76,500,"7,090","30,745",193,63,0.95,500,"6,450","12,087","34,228","3,039",186,500,0
349,아스트,583,하락,3,-0.51%,500,"855,197",500,583,"2,304",-64,20.10,500,"451,452",585,584,"5,620",82.42,500,595,"57,305","2,659",-171,1.29,500,575,"69,745","395,158","1,714",29,500,0
350,위지윅스튜디오,"1,340",상승,48,+3.72%,500,"468,122",623,"1,340","2,292",-118,-4.29,500,"1,047,618","1,295","1,341","2,935",41.74,500,"1,345","14,231","1,199",-603,5.04,500,"1,295","32,710","171,049",804,-312,500,N/A
351,세경하이테크,"6,370",상승,250,+4.08%,500,"251,184","1,597","6,320","2,284",315,7.84,500,"236,050","6,200","6,370","3,450",-12.96,500,"6,450","73,600",962,413,9.17,500,"6,200","11,016","35,860","3,203",812,500,100
352,유니테스트,"10,790",상승,340,+3.25%,500,"64,969",698,"10,780","2,280",-234,-9.59,500,"62,103","10,730","10,790","1,850",-428.15,500,"10,920","4,803",680,-273,8.68,500,"10,610","3,486","21,134",924,"-1,125",500,N/A
353,박셀바이오,"9,790",상승,50,+0.51%,500,"97,389",956,"9,780","2,277",-150,-20.87,500,"90,515","10,000","9,790",769,-30.68,500,"10,000","3,435",49,-106,3.94,500,"9,600","4,017","23,257",19,-469,500,0
354,인터로조,"17,210",하락,350,-1.99%,500,"118,557","2,067","17,180","2,275",58,-105.58,500,"158,971","17,560","17,210","2,344",12.02,500,"17,710","3,970",645,2,8.89,500,"17,150","1,832","13,216","1,158",-163,500,300
355,윤성에프앤씨,"28,500",상승,850,+3.07%,100,"20,494",585,"28,500","2,274",319,9.20,100,"14,857","28,350","28,550","3,009",20.55,100,"28,900","2,807","1,036",371,1.43,100,"28,050","4,467","7,979","2,713","3,097",100,200
356,안트로젠,"22,600",보합,0,0.00%,500,"21,027",481,"22,550","2,261",-37,-91.13,500,"11,966","22,600","22,600","1,161",26.09,500,"23,300","2,056",59,-23,4.62,500,"22,200","2,589","10,006",69,-248,500,N/A
357,풍원정밀,"10,740",상승,160,+1.51%,500,"18,308",199,"10,740","2,260",-182,-7.48,500,"16,295","10,900","10,800",963,16.80,500,"11,070","1,672",689,-301,0.45,500,"10,740","4,551","21,040",493,"-1,436",500,0
358,매커스,"13,970",상승,770,+5.83%,500,"663,816","9,424","13,970","2,258",269,9.76,500,"165,518","13,520","13,980","4,092",2.04,500,"15,000","2,545","2,958",202,15.79,500,"13,340","1,303","16,163","1,996","1,431",500,200
359,원일티엔아이,"26,850",하락,150,-0.56%,500,"130,374","3,499","26,800","2,250",64,N/A,500,"149,987","27,450","26,850",730,122.86,500,"27,450","4,543",369,79,0.32,500,"26,150","3,322","8,381",422,N/A,500,0
360,파이버프로,"6,830",상승,180,+2.71%,100,"112,907",762,"6,830","2,244",72,30.77,100,"85,905","6,670","6,840",499,175.42,100,"6,850","7,010",113,72,1.93,100,"6,610","8,396","32,854",329,222,100,66
361,SG,"2,275",하락,65,-2.78%,100,"563,265","1,279","2,270","2,242",-61,-9.14,100,"520,741","2,310","2,275","2,328",54.95,100,"2,315","112,801","1,461",-362,0.91,100,"2,235","35,468","98,553","1,189",-249,100,0
362,제넥신,"4,910",하락,50,-1.01%,500,"69,404",341,"4,905","2,236",-372,-3.01,500,"56,656","4,975","4,910","3,450",9.69,500,"4,975","16,460",834,-637,3.80,500,"4,890","5,841","45,540",29,"-1,633",500,N/A
363,피에이치에이,"10,560",상승,440,+4.35%,500,"39,266",408,"10,550","2,218",515,3.86,500,"31,996","10,100","10,560","10,696",6.60,500,"10,570","1,103","2,694",619,12.42,500,"10,100","1,640","21,000","11,529","2,739",500,350
364,펨트론,"10,380",상승,370,+3.70%,500,"96,957","1,003","10,320","2,210",-36,-69.20,500,"94,038","10,210","10,380",717,-144.94,500,"10,500","7,198",436,-19,6.43,500,"10,210","6,560","21,288",570,-150,500,N/A
365,우양에이치씨,"15,160",하락,10,-0.07%,500,"24,792",376,"15,160","2,205",311,15.99,500,"63,286","15,170","15,180","2,609",23.02,500,"15,300","2,785",878,274,0.71,500,"14,910","11,098","14,548","1,832",948,500,N/A
366,엑세스바이오,"5,820",하락,200,-3.32%,0,"437,967","2,563","5,820","2,196",-42,-22.47,0,"393,818","5,930","5,830","7,409",-119.59,0,"6,060","22,538",884,-11,4.34,0,"5,700","3,317","37,728","1,125",-259,0,N/A
367,케이티알파,"4,475",상승,65,+1.47%,"1,000","125,593",563,"4,470","2,194",246,9.86,"1,000","74,400","4,400","4,475","4,621",156.07,"1,000","4,540","10,612","2,009",197,1.13,"1,000","4,400","13,825","49,019","3,882",454,"1,000",N/A
368,포바이포,"19,640",상승,20,+0.10%,500,"4,408,618","90,671","19,630","2,183",-139,-21.70,500,"2,996,703","22,200","19,640",590,14.56,500,"23,200","14,963",285,-123,1.54,500,"19,020","3,718","11,113",333,-905,500,N/A
369,하이비젼시스템,"14,500",상승,60,+0.42%,500,"52,324",763,"14,500","2,167",310,6.70,500,"57,699","14,510","14,530","3,657",-47.30,500,"14,720","2,429",761,404,13.62,500,"14,490","2,509","14,942","3,120","2,163",500,400
370,푸른소나무,"8,790",보합,0,0.00%,500,0,0,0,"2,161",-15,-32.20,500,0,0,0,116,85.36,500,0,0,89,-77,0.00,500,0,0,"24,580",37,-273,500,N/A
371,쓰리빌리언,"6,770",상승,200,+3.04%,100,"252,834","1,690","6,760","2,148",-74,-29.43,100,"213,350","6,650","6,770",302,11.17,100,"6,780","7,787",19,-66,5.45,100,"6,590","21,649","31,722",58,-230,100,N/A
372,압타바이오,"7,980",하락,130,-1.60%,500,"56,306",451,"7,980","2,145",-189,-7.16,500,"104,936","8,240","8,030",774,-15.15,500,"8,240","12,938",232,-294,1.68,500,"7,940","4,367","26,881",34,"-1,115",500,N/A
373,로체시스템즈,"14,000",하락,140,-0.99%,500,"39,806",561,"14,000","2,142",198,15.23,500,"22,306","14,130","14,030","1,575",65.83,500,"14,410","3,366",352,121,42.89,500,"13,960","1,519","15,297","1,601",919,500,50
374,뉴파워프라즈마,"4,900",상승,40,+0.82%,100,"80,196",391,"4,900","2,141",325,10.77,100,"76,861","4,920","4,905","9,415",102.30,100,"4,930","5,722","5,465",232,4.07,100,"4,850","7,179","43,693","5,198",455,100,50
375,잉글우드랩,"10,750",상승,70,+0.66%,0,"220,743","2,368","10,740","2,136",188,13.14,0,"207,321","10,700","10,750","1,997",-34.86,0,"10,870","14,295",558,196,10.63,0,"10,620","4,012","19,868","1,822",818,0,103
376,폴라리스AI,"2,935",상승,85,+2.98%,500,"3,088,796","9,102","2,935","2,134",-13,56.44,500,"1,289,130","2,980","2,940","1,160",-189.87,500,"2,990","148,302",203,11,1.43,500,"2,900","134,855","72,696",531,52,500,0
377,제일일렉트릭,"9,600",상승,120,+1.27%,500,"287,013","2,764","9,590","2,133",89,20.69,500,"150,759","9,530","9,600","2,193",N/A,500,"9,800","21,014",648,104,1.48,500,"9,520","6,846","22,220","1,863",464,500,100
378,디앤씨미디어,"17,030",상승,830,+5.12%,500,"98,454","1,677","17,030","2,133",103,19.62,500,"168,536","17,320","17,040","1,153",194.82,500,"17,330","1,998",272,108,1.27,500,"16,750","1,585","12,524",835,868,500,N/A
379,오가노이드사이언스,"32,600",하락,"1,400",-4.12%,500,"342,822","11,425","32,600","2,132",-122,-15.28,500,"492,594","33,400","32,650",259,-24.91,500,"34,300","8,640",106,-115,0.81,500,"32,350","6,045","6,541",20,"-2,134",500,0
380,나이스정보통신,"21,250",상승,"1,050",+5.20%,500,"21,002",445,"21,150","2,125",399,5.97,500,"4,405","20,350","21,250","11,226",8.55,500,"21,550",782,"7,367",377,23.34,500,"20,150","6,239","10,000","9,751","3,562",500,810
381,아나패스,"17,500",하락,350,-1.96%,500,"42,863",755,"17,500","2,122",200,11.01,500,"71,140","17,940","17,510","1,176",348.44,500,"18,020","5,297",449,189,4.49,500,"17,470","1,277","12,123","1,822","1,590",500,N/A
382,에브리봇,"17,220",상승,400,+2.38%,500,"169,790","2,911","17,200","2,111",-22,"2,152.50",500,"141,201","16,990","17,220","1,177",N/A,500,"17,350","3,502",508,3,0.00,500,"16,950","3,596","12,262",298,8,500,N/A
383,탑머티리얼,"25,850",하락,800,-3.00%,500,"46,356","1,217","25,850","2,105",-72,-19.11,500,"20,880","26,800","25,900","2,074",-152.29,500,"27,200","5,101",663,-82,0.00,500,"25,400",633,"8,144","1,061","-1,353",500,0
384,디지털대성,"7,600",하락,110,-1.43%,500,"21,524",163,"7,550","2,103",237,13.04,500,"7,269","7,650","7,600","3,380",-5.28,500,"7,650","2,327","1,769",161,3.15,500,"7,510","2,705","27,675","2,177",583,500,500
385,한국캐피탈,666,상승,19,+2.94%,500,"473,610",314,665,"2,102",969,2.60,500,"574,349",648,666,"44,603",17.93,500,668,"67,907","37,866",811,0.26,500,648,"62,120","315,610","4,626",256,500,30
386,미래반도체,"14,530",상승,270,+1.89%,100,"66,601",969,"14,530","2,098",102,25.85,100,"38,516","14,450","14,540","1,333",8.79,100,"14,730","5,532",474,60,0.57,100,"14,430","3,154","14,438","4,876",562,100,N/A
387,씨에스베어링,"7,660",하락,10,-0.13%,500,"456,090","3,527","7,660","2,089",21,36.13,500,"313,551","7,840","7,670","1,480","3,596.39",500,"7,990","8,914",542,25,1.55,500,"7,500","3,692","27,270","1,054",212,500,N/A
388,휴마시스,"1,614",하락,66,-3.93%,100,"2,945,155","4,790","1,614","2,088",-106,-6.18,100,"3,470,103","1,682","1,615","3,319",79.83,100,"1,686","134,031",828,-356,6.12,100,"1,602","13,492","129,375",254,-261,100,N/A
389,레드캡투어,"12,390",상승,490,+4.12%,500,"64,360",789,"12,370","2,072",436,8.59,500,"26,961","12,000","12,390","6,972",12.37,500,"12,400","4,012","4,816",202,9.30,500,"11,920","3,996","16,721","3,589","1,442",500,"2,150"
390,한국알콜,"9,570",상승,290,+3.13%,500,"112,868","1,067","9,560","2,068",274,7.74,500,"49,824","9,290","9,570","6,549",25.38,500,"9,600","2,356",930,304,2.62,500,"9,280","11,588","21,606","4,210","1,237",500,110
391,뷰웍스,"21,200",하락,300,-1.40%,500,"42,723",914,"21,200","2,067",223,13.60,500,"29,378","21,500","21,350","3,229",19.19,500,"21,750","6,788",861,211,33.31,500,"21,050","3,056","9,750","2,229","1,559",500,600
392,에이디테크놀로지,"15,370",상승,680,+4.63%,500,"81,288","1,246","15,330","2,066",-170,-12.38,500,"29,874","15,000","15,370","2,449",2.61,500,"15,610","1,337","1,133",-152,1.73,500,"15,000","1,582","13,441","1,065","-1,242",500,N/A
393,서호전기,"40,100",하락,900,-2.20%,500,"59,237","2,368","40,100","2,065",16,13.48,500,"87,885","40,500","40,150","1,020",-87.32,500,"41,350",880,126,115,3.80,500,"39,250",181,"5,150",465,"2,974",500,"2,500"
394,대양전기공업,"21,550",상승,700,+3.36%,500,"70,517","1,492","21,550","2,062",157,9.52,500,"92,377","20,850","21,600","3,086",320.05,500,"21,750","8,544",633,196,5.87,500,"20,500","6,124","9,567","1,963","2,263",500,100
395,네오위즈홀딩스,"23,850",상승,900,+3.92%,500,"17,187",401,"23,800","2,050",204,-12.50,500,"8,866","23,500","23,850","8,225",17.46,500,"23,850","3,194","1,467",-196,3.21,500,"23,000","2,394","8,594","3,681","-1,908",500,313
396,국전약품,"4,100",하락,335,-7.55%,100,"677,736","2,832","4,100","2,049",4,141.38,100,"1,101,605","4,315","4,105","2,123",-94.33,100,"4,340","21,690","1,148",5,0.42,100,"4,055","7,278","49,966","1,365",29,100,10
397,그래디언트,"14,950",상승,180,+1.22%,"2,500","22,915",342,"14,930","2,045",-55,-4.47,"2,500","22,368","14,780","14,950","17,380",-289.46,"2,500","15,030","4,635","9,559",-260,4.08,"2,500","14,770","3,256","13,677","33,179","-3,341","2,500",200
398,동국산업,"3,765",상승,55,+1.48%,"1,000","36,515",138,"3,765","2,042",120,-36.55,"1,000","36,079","3,710","3,770","9,428",144.20,"1,000","3,805","11,633","4,545",-296,5.29,"1,000","3,710","13,723","54,244","7,903",-103,"1,000",130
399,텔레칩스,"13,450",상승,310,+2.36%,500,"57,251",765,"13,430","2,037",49,-5.68,500,"27,970","13,330","13,450","3,779",-70.95,500,"13,460","1,467","1,761",-386,1.42,500,"13,270","3,339","15,144","1,866","-2,369",500,60
400,와이지-원,"6,060",상승,130,+2.19%,500,"197,335","1,189","6,050","2,035",558,16.79,500,"86,975","5,950","6,060","10,762",2.07,500,"6,070","14,393","6,726",170,19.13,500,"5,930","41,126","33,574","5,750",361,500,160
401,와이즈넛,"15,490",상승,"2,050",+15.25%,500,"3,551,564","55,491","15,480","2,029",17,154.90,500,"199,927","14,120","15,490",580,-50.74,500,"16,600","9,502",66,31,0.00,500,"14,120","22,171","13,097",349,100,500,71
402,비츠로테크,"7,720",상승,60,+0.78%,500,"86,690",667,"7,720","2,023",511,24.74,500,"61,749","7,660","7,730","5,905",77.36,500,"7,750","11,393","1,679",415,4.94,500,"7,600","13,973","26,200","4,283",312,500,50
403,유비케어,"3,865",상승,60,+1.58%,500,"132,833",509,"3,860","2,017",52,175.68,500,"103,929","3,820","3,865","1,601",47.12,500,"3,870","10,834",523,-16,2.12,500,"3,790","23,400","52,197","1,906",22,500,30
404,쇼박스,"3,210",상승,50,+1.58%,500,"150,802",483,"3,205","2,011",245,34.15,500,"259,588","3,175","3,210","1,540",186.67,500,"3,220","27,510",219,274,2.77,500,"3,160","62,680","62,638",931,94,500,150
405,퀄리타스반도체,"14,350",상승,530,+3.84%,500,"90,836","1,295","14,350","2,011",-227,-10.26,500,"51,625","14,190","14,360",640,-102.87,500,"14,390","1,060",134,-191,0.00,500,"14,120","2,423","14,011",61,"-1,399",500,N/A
406,멀티캠퍼스,"33,700",상승,700,+2.12%,500,"8,279",277,"33,600","1,997",389,6.78,500,"4,275","33,100","33,700","3,207",-3.37,500,"33,850",932,997,315,7.32,500,"32,900","4,501","5,927","3,527","4,970",500,"2,100"
407,아티스트컴퍼니,"12,810",하락,190,-1.46%,500,"117,156","1,492","12,810","1,997",-31,-22.59,500,"350,013","12,870","12,830",526,3.95,500,"13,020","2,576",293,-78,1.93,500,"12,510","2,444","15,591",213,-567,500,N/A
408,랩지노믹스,"2,675",하락,75,-2.73%,500,"2,235,748","6,001","2,670","1,986",-185,-9.83,500,"4,586,161","2,715","2,675","2,957",-167.09,500,"2,740","198,612",793,-239,2.25,500,"2,640","37,770","74,240",859,-272,500,N/A
409,소룩스,"4,085",하락,285,-6.52%,500,"489,687","2,039","4,080","1,981",-66,-3.91,500,"884,222","4,345","4,085","1,173","-1,383.71",500,"4,345","27,615",390,-410,0.97,500,"4,070","25,344","48,499",507,"-1,046",500,0
410,이화전기,899,보합,0,0.00%,200,0,0,0,"1,968",17,-40.86,200,0,0,0,"2,799",-51.38,200,0,0,523,-137,0.88,200,0,0,"218,949",645,-22,200,0
411,DSC인베스트먼트,"7,290",상승,300,+4.29%,500,"6,617,836","47,800","7,290","1,968",150,18.69,500,"9,477,233","7,450","7,300","1,578",-14.77,500,"7,550","71,109",435,106,2.49,500,"6,900","37,567","27,000",386,390,500,40
412,나인테크,"3,685",상승,65,+1.80%,100,"4,481,428","16,547","3,680","1,968",46,-19.29,100,"9,095,877","3,625","3,685","1,860",249.45,100,"3,800","86,085","1,019",-54,1.17,100,"3,570","72,522","53,398","1,972",-191,100,0
413,아바코,"13,190",상승,160,+1.23%,500,"47,889",631,"13,180","1,967",211,9.73,500,"96,594","13,110","13,190","3,907",378.73,500,"13,290","3,032","1,895",264,6.92,500,"13,110","5,932","14,913","3,055","1,356",500,500
414,오로스테크놀로지,"21,000",상승,300,+1.45%,500,"23,784",504,"20,950","1,967",61,18.07,500,"21,276","21,000","21,000",944,156.71,500,"21,650","1,343",262,59,0.73,500,"20,900","1,037","9,367",614,"1,162",500,N/A
415,LB세미콘,"3,380",상승,80,+2.42%,500,"67,071",227,"3,380","1,963",-188,-6.53,500,"51,049","3,330","3,390","8,060",-48.16,500,"3,405","14,816","4,598",-230,28.94,500,"3,310","4,121","58,083","4,509",-518,500,N/A
416,어보브반도체,"11,010",상승,590,+5.66%,500,"236,319","2,588","11,010","1,958",-51,28.30,500,"80,261","10,800","11,020","2,930",65.17,500,"11,100","4,473","1,385",-181,3.68,500,"10,760","11,461","17,781","2,321",389,500,150
417,이엠텍,"11,420",상승,520,+4.77%,500,"102,884","1,162","11,420","1,957",-305,-4.08,500,"63,694","10,900","11,450","3,462",-109.01,500,"11,560","12,162","1,398",-447,6.26,500,"10,900","2,108","17,133","1,676","-2,801",500,N/A
418,리파인,"11,290",상승,300,+2.73%,100,"24,898",280,"11,270","1,957",205,10.78,100,"17,947","10,910","11,290","1,816",-9.08,100,"11,350","1,978",112,206,2.79,100,"10,910","1,880","17,330",678,"1,047",100,N/A
419,AP위성,"12,960",상승,210,+1.65%,500,"90,599","1,171","12,950","1,955",73,31.69,500,"100,870","12,950","12,960","1,352",-27.51,500,"13,000","3,497",299,104,0.00,500,"12,810","3,728","15,082",586,409,500,N/A
420,파인엠텍,"5,250",상승,40,+0.77%,500,"135,777",711,"5,250","1,942",-79,-8.78,500,"110,152","5,190","5,260","3,333",-138.90,500,"5,320","44,558","1,691",-158,2.15,500,"5,160","22,433","36,988","3,822",-598,500,N/A
421,인터플렉스,"8,300",상승,180,+2.22%,500,"24,816",205,"8,290","1,936",344,3.88,500,"24,719","8,240","8,300","3,649",58.79,500,"8,330","8,800",831,551,2.87,500,"8,190","4,150","23,327","4,975","2,140",500,N/A
422,대원산업,"9,640",상승,80,+0.84%,500,"39,135",377,"9,640","1,932",750,2.18,500,"55,680","9,760","9,680","7,117",58.72,500,"9,800",963,"1,993",726,12.87,500,"9,500","3,480","20,038","9,315","4,430",500,200
423,케이프,"6,220",상승,170,+2.81%,500,"134,595",824,"6,190","1,922",390,21.23,500,"212,665","6,050","6,220","24,047",-4.79,500,"6,240","6,214","21,452",183,2.20,500,"5,990","9,280","30,902","5,165",293,500,300
424,앱트뉴로사이언스,"1,210",상승,35,+2.98%,100,"917,591","1,094","1,210","1,921",-128,-22.00,100,"786,422","1,178","1,211","2,064",-94.80,100,"1,210","27,204","1,255",-192,3.83,100,"1,169","28,698","158,791",184,-55,100,0
425,BGF에코머티리얼즈,"3,025",상승,35,+1.17%,500,"24,882",75,"3,025","1,899",140,13.57,500,"29,949","2,965","3,030","7,152",-18.51,500,"3,040","4,580","2,213",155,1.01,500,"2,965","8,457","62,767","3,643",223,500,50
426,나무가,"12,920",상승,150,+1.17%,500,"19,289",249,"12,900","1,897",209,8.05,500,"7,085","12,830","12,920","2,644",-7.82,500,"12,970","2,385",975,261,2.36,500,"12,830","2,062","14,685","4,504","1,604",500,650
427,이크레더블,"15,700",상승,40,+0.26%,500,"7,628",120,"15,700","1,891",150,14.50,500,"18,522","15,680","15,730",594,18.68,500,"15,820","1,457",104,129,8.91,500,"15,350","1,151","12,044",451,"1,083",500,"1,590"
428,이수앱지스,"5,090",상승,20,+0.39%,500,"64,825",330,"5,080","1,880",134,8.17,500,"132,726","5,110","5,090","1,602",244.86,500,"5,140","33,787",594,147,3.14,500,"5,050","13,463","36,937",603,623,500,0
429,KZ정밀,"11,930",상승,120,+1.02%,500,"6,518",78,"11,930","1,879",152,14.32,500,"7,026","11,850","11,980","6,044",-26.95,500,"12,070","1,003","1,221",192,5.87,500,"11,780","3,018","15,750","1,127",833,500,800
430,네패스,"8,140",상승,380,+4.90%,500,"85,913",696,"8,130","1,877",34,-4.69,500,"39,019","8,000","8,140","7,101",-66.22,500,"8,150","2,784","5,029",-794,6.42,500,"7,950","9,396","23,059","4,643","-1,736",500,N/A
431,하나기술,"23,450",상승,150,+0.64%,500,"43,505","1,029","23,450","1,875",-264,-12.60,500,"67,264","23,450","23,500","2,400",-318.01,500,"24,350","5,285","1,421",-155,1.36,500,"23,300","1,711","7,995",942,"-1,861",500,0
432,현대사료,994,보합,0,0.00%,100,0,0,0,"1,873",27,4.38,100,0,0,0,"1,170",-56.45,100,0,0,281,284,2.38,100,0,0,"188,472","1,285",227,100,N/A
433,노바텍,"17,680",보합,0,0.00%,500,"120,221","2,070","17,680","1,870",126,12.54,500,"209,504","17,680","17,690","1,834",-50.75,500,"17,730","1,425",125,172,0.86,500,"16,660","2,591","10,576",658,"1,410",500,"1,409"
434,덱스터,"7,350",상승,100,+1.38%,500,"50,513",372,"7,350","1,868",-89,-15.44,500,"135,561","7,260","7,370","1,036","-21,406.94",500,"7,440","8,078",547,-107,2.69,500,"7,260","6,009","25,412",537,-476,500,N/A
435,비나텍,"29,200",상승,750,+2.64%,500,"30,279",874,"29,050","1,861",-81,-14.65,500,"30,599","28,600","29,200","1,761",-365.73,500,"29,300","1,126",922,-97,1.39,500,"28,450","3,852","6,372",596,"-1,993",500,24
436,삼양엔씨켐,"17,100",상승,500,+3.01%,500,"81,591","1,396","17,090","1,858",107,18.49,500,"52,474","16,660","17,100","1,283",45.87,500,"17,340","1,487",446,90,0.86,500,"16,660","4,610","10,866","1,105",925,500,N/A
437,모다이노칩,"2,320",상승,30,+1.31%,500,"14,264",32,"2,315","1,850",386,23.92,500,"5,246","2,285","2,320","9,681",137.95,500,"2,355","1,398","5,865",127,0.14,500,"2,260","5,664","79,722","3,889",97,500,N/A
438,덕산하이메탈,"4,070",상승,90,+2.26%,200,"69,432",282,"4,070","1,849",186,14.85,200,"85,676","3,995","4,080","8,185",269.97,200,"4,110","5,098","3,636",313,2.02,200,"3,995","12,003","45,437","2,359",274,200,N/A
439,아티스트스튜디오,"18,450",하락,110,-0.59%,500,"207,378","3,731","18,410","1,844",-73,-12.37,500,"319,524","18,390","18,450",593,5.99,500,"18,590",698,51,-150,1.36,500,"16,980","1,621","9,996",273,"-1,491",500,N/A
440,유니셈,"6,010",상승,140,+2.39%,500,"79,405",476,"6,010","1,843",100,13.51,500,"50,209","5,940","6,020","2,631",-42.64,500,"6,030","13,352",348,155,6.84,500,"5,940","13,596","30,664","2,182",445,500,80
441,경동제약,"5,980",상승,90,+1.53%,500,"18,159",108,"5,950","1,840",26,31.64,500,"16,432","5,890","5,980","3,029",110.51,500,"5,980","10,295",825,54,1.65,500,"5,890","9,956","30,769","1,939",189,500,300
442,에이스테크,"2,435",보합,0,0.00%,500,"946,606","2,393","2,435","1,839",-311,-2.68,500,"2,587,706","2,495","2,440","3,049",49.99,500,"2,710","62,954","2,093",-408,0.00,500,"2,425","18,612","75,506","1,451",-909,500,0
443,KX,"4,025",상승,140,+3.60%,500,"276,472","1,124","4,025","1,825",597,2.23,500,"44,708","3,950","4,045","8,868",-3.73,500,"4,130","3,813","4,438",975,1.18,500,"3,915","10,547","45,336","4,038","1,804",500,190
444,디와이피엔에프,"17,000",하락,180,-1.05%,500,"35,443",600,"16,990","1,821",246,7.27,500,"60,248","17,200","17,000","3,208",195.44,500,"17,320","4,338","1,926",182,4.45,500,"16,800","3,017","10,714","2,810","2,339",500,N/A
445,와이솔,"6,560",상승,120,+1.86%,500,"83,033",543,"6,550","1,815",5,-58.57,500,"58,232","6,460","6,560","4,143",-96.58,500,"6,570","6,700",524,110,5.94,500,"6,460","10,448","27,672","3,750",-112,500,500
446,우진엔텍,"19,530",하락,70,-0.36%,500,"202,649","3,907","19,530","1,811",53,38.75,500,"185,788","19,330","19,540",517,-9.74,500,"19,690","1,866",43,54,0.62,500,"18,750","1,653","9,271",440,504,500,200
447,더즌,"2,535",상승,75,+3.05%,100,"901,469","2,255","2,530","1,810",100,15.75,100,"715,312","2,485","2,535","1,157",-6.08,100,"2,535","29,449",743,99,0.48,100,"2,450","104,340","71,413",627,161,100,0
448,애니플러스,"3,700",상승,75,+2.07%,100,"371,150","1,366","3,700","1,810",251,9.34,100,"200,475","3,670","3,710","2,556",9.96,100,"3,745","11,613","1,317",180,2.69,100,"3,620","38,960","48,911","1,310",396,100,0
449,드림시큐리티,"3,570",상승,70,+2.00%,100,"171,616",607,"3,565","1,807",256,15.19,100,"159,285","3,475","3,570","5,366",-22.94,100,"3,575","11,508","3,889",121,3.14,100,"3,475","16,190","50,606","2,688",235,100,N/A
450,유비쿼스홀딩스,"9,950",상승,50,+0.51%,500,"12,423",123,"9,930","1,806",143,25.64,500,"4,232","9,810","9,950","3,877",-55.99,500,"10,050",679,311,214,3.42,500,"9,810","2,249","18,151","1,256",388,500,130
451,동양이엔피,"22,950",상승,600,+2.68%,500,"51,730","1,188","22,950","1,804",516,2.71,500,"23,493","22,500","23,000","4,885",20.16,500,"23,150","5,255",874,695,7.13,500,"22,400","11,504","7,860","5,484","8,455",500,600
452,KT나스미디어,"15,590",하락,80,-0.51%,500,"20,218",316,"15,560","1,803",199,-27.54,500,"33,814","15,750","15,590","4,927",-2.81,500,"15,890",843,"2,533",-46,5.56,500,"15,450",665,"11,568","1,426",-566,500,700
453,알서포트,"3,385",상승,25,+0.74%,100,"403,263","1,359","3,380","1,803",37,86.79,100,"279,602","3,405","3,385","1,205",-53.60,100,"3,405","39,725",246,31,19.22,100,"3,325","34,474","53,267",475,39,100,10
454,아가방컴퍼니,"5,470",상승,110,+2.05%,500,"567,643","3,072","5,460","1,799",152,16.63,500,"386,605","5,500","5,470","2,238",-8.27,500,"5,500","24,173",562,102,3.20,500,"5,260","40,367","32,888","1,827",329,500,N/A
455,케이에스피,"4,475",상승,60,+1.36%,500,"270,678","1,179","4,470","1,799",138,13.36,500,"212,858","4,415","4,475","1,055",16.66,500,"4,490","9,545",341,153,2.48,500,"4,285","6,884","40,191",853,335,500,15
456,사피엔반도체,"21,750",상승,150,+0.69%,100,"77,172","1,695","21,700","1,786",-34,-72.50,100,"103,266","21,700","21,750",312,50.22,100,"22,400","13,298",148,-171,3.84,100,"21,450","3,965","8,213",80,-300,100,0
457,에스피소프트,"7,200",상승,400,+5.88%,100,"193,698","1,383","7,190","1,781",38,45.86,100,"61,056","6,990","7,200",768,N/A,100,"7,290","5,991",142,3,1.12,100,"6,900","17,871","24,741",451,157,100,0
458,성우,"11,820",상승,20,+0.17%,500,"55,565",662,"11,820","1,778",146,8.49,500,"38,600","11,900","11,890","2,549",-49.40,500,"12,150","4,311",321,182,1.88,500,"11,800","1,286","15,046","1,309","1,393",500,150
459,HB테크놀러지,"1,915",상승,32,+1.70%,500,"395,252",759,"1,915","1,776",-165,-2.36,500,"294,117","1,894","1,917","3,488",25.16,500,"1,930","20,930",921,-516,0.00,500,"1,894","16,708","92,716","1,624",-811,500,20
460,녹십자웰빙,"10,000",하락,120,-1.19%,500,"332,492","3,384","10,000","1,775",130,16.23,500,"492,022","10,400","10,020","1,615",N/A,500,"10,500","7,034",566,71,3.50,500,"9,900","3,357","17,752","1,338",616,500,120
461,에스와이,"3,615",상승,5,+0.14%,500,"136,365",493,"3,615","1,768",219,-100.42,500,"92,230","3,610","3,620","4,334",61.79,500,"3,645","24,164","2,375",63,1.23,500,"3,585","6,723","48,907","5,610",-36,500,N/A
462,젝시믹스,"5,900",상승,70,+1.20%,500,"80,259",473,"5,890","1,763",249,9.22,500,"75,788","5,850","5,900","1,727",36.85,500,"5,940","14,965",582,209,3.39,500,"5,810","13,182","29,882","2,716",640,500,180
463,HB솔루션,"2,405",상승,25,+1.05%,500,"155,152",376,"2,405","1,759",193,-4.42,500,"104,429","2,405","2,420","2,933",185.95,500,"2,450","15,156",724,-208,2.77,500,"2,390","29,242","73,141","1,315",-544,500,30
464,헥토이노베이션,"13,400",상승,220,+1.67%,500,"70,153",933,"13,390","1,759",489,6.18,500,"48,377","13,200","13,400","6,922",28.48,500,"13,430","4,388","3,624",348,9.76,500,"13,180","21,875","13,125","3,195","2,169",500,490
465,마음AI,"25,200",상승,"2,950",+13.26%,500,"2,851,161","70,803","25,150","1,757",-71,-14.39,500,"325,251","23,850","25,200",497,-84.58,500,"26,000","12,040",364,-87,0.00,500,"22,750","22,212","6,971",78,"-1,751",500,0
466,이지바이오,"5,310",상승,150,+2.91%,100,"158,199",828,"5,300","1,757",324,8.86,100,"149,139","5,190","5,310","3,600",57.00,100,"5,320","14,062","2,712",199,4.17,100,"5,110","18,873","33,082","3,843",599,100,200
467,엠케이전자,"7,940",상승,260,+3.39%,500,"33,949",267,"7,930","1,752",561,-8.33,500,"19,729","7,720","7,940","23,142",20.72,500,"8,000","11,486","14,001",-377,4.19,500,"7,700","9,650","22,066","11,706",-953,500,100
468,금화피에스시,"29,200",상승,150,+0.52%,500,"25,240",731,"29,150","1,752",362,4.85,500,"21,963","28,700","29,200","4,618",-16.71,500,"29,350","2,800","1,009",400,19.98,500,"28,500","1,617","6,000","3,402","6,021",500,"1,400"
469,선진뷰티사이언스,"14,280",상승,110,+0.78%,500,"131,692","1,864","14,280","1,743",106,20.06,500,"288,442","14,150","14,300","1,541",17.65,500,"14,380","7,292",713,104,2.19,500,"13,880","7,755","12,203",794,712,500,60
470,에스와이스틸텍,"5,690",하락,210,-3.56%,500,"301,514","1,713","5,680","1,742",81,37.43,500,"268,629","5,720","5,690",800,-44.49,500,"5,740","32,797",299,61,1.54,500,"5,600","24,710","30,610","1,170",152,500,50
471,사람인,"14,840",상승,450,+3.13%,500,"35,426",519,"14,780","1,738",213,17.52,500,"11,608","14,710","14,840","2,097",-15.84,500,"14,860","1,210",297,123,22.11,500,"14,490","1,854","11,709","1,284",847,500,500
472,오리엔트정공,"5,470",하락,740,-11.92%,500,"11,047,958","62,056","5,460","1,736",12,-237.83,500,"4,551,722","6,580","5,470",994,-38.20,500,"6,650","40,227",614,0,2.68,500,"5,240","46,606","31,743","1,734",-23,500,N/A
473,대한약품,"28,900",상승,400,+1.40%,500,"27,015",779,"28,850","1,734",381,5.23,500,"8,275","28,650","28,900","3,244",6.38,500,"29,000","2,584",484,338,16.60,500,"28,000","7,682","6,000","2,042","5,523",500,900
474,에어레인,"21,200",상승,500,+2.42%,100,"432,440","9,064","21,150","1,733",19,77.94,100,"378,665","21,000","21,200",824,679.39,100,"21,300","14,167",184,20,1.19,100,"20,600","31,397","8,175",245,272,100,N/A
475,티엘비,"17,590",상승,360,+2.09%,500,"52,972",931,"17,580","1,730",34,40.25,500,"38,375","17,550","17,590","1,884",10.28,500,"17,660","5,581",763,36,1.89,500,"17,470","3,235","9,833","1,800",437,500,200
476,엔케이맥스,"2,020",보합,0,0.00%,500,0,0,0,"1,727",-51,-5.40,500,0,0,0,232,92.46,500,0,0,464,-355,4.73,500,0,0,"85,519",88,-374,500,N/A
477,강원에너지,"6,600",상승,200,+3.13%,500,"63,699",419,"6,600","1,724",68,68.75,500,"41,377","6,400","6,610","1,639",-2.25,500,"6,650","5,062",920,-6,1.94,500,"6,400","6,963","26,123","2,244",96,500,N/A
478,이니텍,"8,700",상승,240,+2.84%,500,"70,841",622,"8,690","1,722",2,70.73,500,"326,539","8,680","8,700","1,184",106.51,500,"8,910","2,625",73,23,1.47,500,"8,500","23,038","19,791",389,123,500,0
479,블루엠텍,"5,130",하락,40,-0.77%,100,"692,120","3,561","5,120","1,719",-69,-37.17,100,"699,374","5,150","5,130","1,157",N/A,100,"5,240","69,091",685,-48,1.25,100,"5,010","40,185","33,511","1,333",-138,100,0
480,삼지전자,"10,530",상승,390,+3.85%,500,"59,537",621,"10,520","1,718","1,156",2.63,500,"34,632","10,200","10,530","12,019",47.57,500,"10,540","2,371","5,617",941,5.58,500,"10,160","6,204","16,319","33,597","4,004",500,450
481,더네이쳐홀딩스,"11,530",상승,240,+2.13%,500,"53,802",619,"11,520","1,712",301,8.79,500,"48,063","11,310","11,530","6,983",-55.05,500,"11,660",953,"2,987",190,8.21,500,"11,280","5,309","14,848","5,169","1,311",500,500
482,KG모빌리언스,"4,495",상승,130,+2.98%,500,"70,909",316,"4,490","1,709",74,25.25,500,"26,470","4,420","4,495","5,385",-77.48,500,"4,505","4,596","1,915",82,4.07,500,"4,370","4,980","38,011","2,661",178,500,220
483,마크로젠,"15,740",하락,30,-0.19%,500,"8,124",128,"15,730","1,706",-65,-22.23,500,"9,793","15,750","15,740","3,297","-1,427.80",500,"15,880",618,"1,522",-78,2.00,500,"15,650","1,597","10,841","1,358",-708,500,300
484,와이엠티,"10,450",상승,"1,310",+14.33%,500,"336,510","3,400","10,420","1,705",36,-59.71,500,"19,118","9,500","10,450","3,506",213.39,500,"10,500","3,528","1,540",-23,1.35,500,"9,410","6,745","16,314","1,372",-175,500,N/A
485,이노스페이스,"18,140",상승,340,+1.91%,"1,000","32,216",581,"18,130","1,701",-329,-4.02,"1,000","17,161","17,900","18,140",559,-106.57,"1,000","18,210","1,855",117,-333,1.27,"1,000","17,700","2,292","9,376",0,"-4,511","1,000",N/A
486,지투파워,"9,080",상승,320,+3.65%,500,"904,079","8,226","9,080","1,699",37,50.73,500,"513,678","9,130","9,090",641,488.22,500,"9,550","23,759",274,42,0.00,500,"8,920","21,766","18,709",554,179,500,N/A
487,켄코아에어로스페이스,"12,940",상승,340,+2.70%,500,"105,547","1,358","12,930","1,696",-54,-27.13,500,"60,671","12,770","12,940","2,531",-710.21,500,"12,980","2,533",697,-77,3.12,500,"12,620","4,997","13,105",862,-477,500,N/A
488,대보마그네틱,"21,550",하락,800,-3.58%,500,"489,569","10,686","21,500","1,693",-98,-9.80,500,"3,430,801","22,450","21,550",821,"-7,827.50",500,"22,700","21,363",293,-158,1.45,500,"21,300","17,395","7,858",284,"-2,200",500,N/A
489,티움바이오,"6,330",하락,60,-0.94%,500,"194,381","1,239","6,330","1,692",-187,-8.65,500,"179,916","6,480","6,340","1,073",32.81,500,"6,600","13,277",565,-235,1.15,500,"6,110","5,697","26,731",68,-732,500,0
490,일진파워,"11,120",상승,20,+0.18%,500,"202,559","2,211","11,100","1,677",103,91.90,500,"188,260","10,930","11,120","2,705",-21.70,500,"11,210","7,641","1,333",99,1.82,500,"10,750","3,093","15,079","1,931",121,500,330
491,NICE인프라,"4,910",상승,80,+1.66%,500,"45,317",221,"4,910","1,677",187,83.22,500,"26,775","4,830","4,915","5,478",-32.60,500,"4,925","5,833","3,673",24,1.41,500,"4,815","5,118","34,148","3,387",59,500,125
492,씨티씨바이오,"6,920",상승,20,+0.29%,500,"26,447",181,"6,870","1,673",-40,-38.88,500,"24,256","6,890","6,920","1,537",13.65,500,"7,010","2,075",841,-52,1.65,500,"6,710","4,159","24,181","1,444",-178,500,N/A
493,대동기어,"18,550",하락,520,-2.73%,500,"208,059","3,850","18,550","1,667",45,-66.97,500,"110,536","18,810","18,560","2,494",-44.81,500,"18,850","4,710","1,639",12,0.55,500,"18,120","2,461","8,988","2,571",-277,500,40
494,비트맥스,"4,470",상승,225,+5.30%,500,"1,846,162","8,094","4,465","1,664",-185,-4.64,500,"4,533,568","4,310","4,470",285,-12.23,500,"4,500","29,031",143,-270,2.59,500,"4,125","47,785","37,231",372,-963,500,N/A
495,동구바이오제약,"5,830",보합,0,0.00%,500,"43,690",253,"5,820","1,660",127,-54.49,500,"82,738","5,840","5,830","2,441",-13.17,500,"5,840","13,701","1,386",20,2.52,500,"5,770","6,068","28,465","2,493",-107,500,120
496,흥구석유,"11,060",상승,50,+0.45%,100,"96,856","1,073","11,060","1,659",-3,251.36,100,"61,219","11,090","11,070",929,-425.10,100,"11,170","11,227",140,6,0.00,100,"11,030","7,794","15,000","1,169",44,100,30
497,엘오티베큠,"9,310",상승,460,+5.20%,500,"78,872",726,"9,310","1,658",-42,-22.87,500,"40,601","8,850","9,330","3,392",-106.21,500,"9,370",852,824,24,5.49,500,"8,850","3,316","17,810","2,660",-407,500,N/A
498,메타바이오메드,"6,080",상승,120,+2.01%,500,"839,492","4,988","6,070","1,657",172,6.47,500,"1,688,338","5,960","6,080","1,773",60.24,500,"6,080","16,407",812,223,7.66,500,"5,810","48,746","27,260",940,939,500,30
499,지니언스,"18,170",상승,550,+3.12%,500,"71,928","1,272","18,160","1,650",98,14.81,500,"36,515","17,620","18,170",693,52.16,500,"18,240","2,254",125,109,26.07,500,"17,440",893,"9,080",496,"1,227",500,250
500,파워로직스,"4,505",상승,110,+2.50%,500,"54,138",242,"4,505","1,649",24,37.54,500,"68,384","4,485","4,510","4,161",-84.46,500,"4,540","1,453","1,981",100,1.53,500,"4,370","4,417","36,611","7,334",120,500,N/A
